theory,variant,comparison_scope,direction,benchmark,full_status,variant_status,full_runtime_seconds,variant_runtime_seconds
QF_LRA,no_bicp,complete-full-list,full-only,/LassoRanker/Ultimate/bound-scaled400.bpl_Iteration1_Loop_7-phaseTemplate.smt2,sat,timeout,914.2263276576996,1200.0008163452148
QF_LRA,no_bicp,complete-full-list,full-only,/miplib/danoint-66.smt2,sat,timeout,92.29420113563538,1200.0013890266418
QF_LRA,no_bicp,complete-full-list,full-only,/tropical-matrix/constraint-413064.smt2,sat,timeout,513.4535684585571,1200.0007224082947
QF_LRA,no_clause_reduction,complete-full-list,full-only,/LassoRanker/Ultimate/bound-scaled200.bpl_Iteration1_Loop_7-phaseTemplate.smt2,sat,timeout,779.3257956504822,1200.0008397102356
QF_LRA,no_clause_reduction,complete-full-list,full-only,/LassoRanker/Ultimate/bound-scaled400.bpl_Iteration1_Loop_7-phaseTemplate.smt2,sat,timeout,914.2263276576996,1200.0007424354553
QF_LRA,no_clause_reduction,complete-full-list,ablated-only,/LassoRanker/Ultimate/bound-scaled600.bpl_Iteration1_Loop_7-phaseTemplate.smt2,timeout,sat,1200.0007271766663,317.7291793823242
QF_LIA,no_bicp,complete-full-list,full-only,/20180326-Bromberger/more_slacked/CAV_2009_benchmarks/coef-size/smt/size-100/c100_problem__002.smt2.slack.smt2,sat,timeout,60.83682870864868,1200.018081665039
QF_LIA,no_bicp,complete-full-list,full-only,/20180326-Bromberger/more_slacked/CAV_2009_benchmarks/coef-size/smt/size-100/c100_problem__004.smt2.slack.smt2,sat,timeout,884.4314339160919,1200.005689382553
QF_LIA,no_bicp,complete-full-list,full-only,/20180326-Bromberger/more_slacked/CAV_2009_benchmarks/coef-size/smt/size-30/c30_problem__002.smt2.slack.smt2,sat,timeout,1181.0068681240082,1200.0036907196045
QF_LIA,no_bicp,complete-full-list,full-only,/20180326-Bromberger/more_slacked/CAV_2009_benchmarks/coef-size/smt/size-50/c50_problem__003.smt2.slack.smt2,sat,timeout,2.662034273147583,1200.0162274837494
QF_LIA,no_bicp,complete-full-list,full-only,/20180326-Bromberger/more_slacked/CAV_2009_benchmarks/coef-size/smt/size-60/c60_problem__003.smt2.slack.smt2,sat,timeout,72.09614515304565,1200.0045342445374
QF_LIA,no_bicp,complete-full-list,full-only,/20180326-Bromberger/more_slacked/CAV_2009_benchmarks/coef-size/smt/size-70/c70_problem__002.smt2.slack.smt2,sat,timeout,275.2035641670227,1200.01700091362
QF_LIA,no_bicp,complete-full-list,full-only,/20180326-Bromberger/more_slacked/CAV_2009_benchmarks/coef-size/smt/size-70/c70_problem__003.smt2.slack.smt2,sat,timeout,1000.7713949680328,1200.0091977119446
QF_LIA,no_bicp,complete-full-list,full-only,/20180326-Bromberger/more_slacked/CAV_2009_benchmarks/coef-size/smt/size-80/c80_problem__004.smt2.slack.smt2,sat,timeout,322.97906589508057,1200.026807308197
QF_LIA,no_bicp,complete-full-list,full-only,/20180326-Bromberger/more_slacked/CAV_2009_benchmarks/smt/25-vars/v25_problem_2__020.smt2.slack.smt2,sat,timeout,0.1882174015045166,1200.0081326961517
QF_LIA,no_bicp,complete-full-list,full-only,/20180326-Bromberger/more_slacked/CAV_2009_benchmarks/smt/30-vars/v30_problem_2__020.smt2.slack.smt2,sat,timeout,152.07039260864258,1200.0081877708435
QF_LIA,no_bicp,complete-full-list,full-only,/20180326-Bromberger/more_slacked/CAV_2009_benchmarks/smt/30-vars/v30_problem_2__023.smt2.slack.smt2,sat,timeout,271.84071707725525,1200.0086407661438
QF_LIA,no_bicp,complete-full-list,full-only,/20180326-Bromberger/more_slacked/CAV_2009_benchmarks/smt/30-vars/v30_problem_2__033.smt2.slack.smt2,sat,timeout,476.74347829818726,1200.031646490097
QF_LIA,no_bicp,complete-full-list,full-only,/20180326-Bromberger/more_slacked/CAV_2009_benchmarks/smt/30-vars/v30_problem_2__034.smt2.slack.smt2,sat,timeout,850.563225030899,1200.0102384090424
QF_LIA,no_bicp,complete-full-list,full-only,/20180326-Bromberger/more_slacked/CAV_2009_benchmarks/smt/30-vars/v30_problem_2__035.smt2.slack.smt2,sat,timeout,883.7782714366913,1200.0157918930054
QF_LIA,no_bicp,complete-full-list,full-only,/20180326-Bromberger/more_slacked/CAV_2009_benchmarks/smt/30-vars/v30_problem__019.smt2.slack.smt2,sat,timeout,369.89500308036804,1200.0006668567657
QF_LIA,no_bicp,complete-full-list,full-only,/20180326-Bromberger/more_slacked/CAV_2009_benchmarks/smt/30-vars/v30_problem__027.smt2.slack.smt2,sat,timeout,980.7863459587097,1200.018786430359
QF_LIA,no_bicp,complete-full-list,full-only,/20180326-Bromberger/more_slacked/CAV_2009_benchmarks/smt/30-vars/v30_problem__031.smt2.slack.smt2,sat,timeout,247.98148798942566,1200.0015361309052
QF_LIA,no_bicp,complete-full-list,full-only,/20180326-Bromberger/more_slacked/CAV_2009_benchmarks/smt/30-vars/v30_problem__035.smt2.slack.smt2,sat,timeout,621.1598649024963,1200.0132830142975
QF_LIA,no_bicp,complete-full-list,full-only,/20180326-Bromberger/more_slacked/CAV_2009_benchmarks/smt/35-vars/v35_problem_2__016.smt2.slack.smt2,sat,timeout,928.806033372879,1200.005066871643
QF_LIA,no_bicp,complete-full-list,full-only,/20180326-Bromberger/more_slacked/CAV_2009_benchmarks/smt/35-vars/v35_problem_2__017.smt2.slack.smt2,sat,timeout,173.90335702896118,1200.0309760570526
QF_LIA,no_bicp,complete-full-list,full-only,/20180326-Bromberger/more_slacked/CAV_2009_benchmarks/smt/35-vars/v35_problem_2__018.smt2.slack.smt2,sat,timeout,246.78103065490723,1200.0204157829285
QF_LIA,no_bicp,complete-full-list,full-only,/20180326-Bromberger/more_slacked/CAV_2009_benchmarks/smt/35-vars/v35_problem_2__020.smt2.slack.smt2,sat,timeout,741.176992893219,1200.019816160202
QF_LIA,no_bicp,complete-full-list,full-only,/20180326-Bromberger/more_slacked/CAV_2009_benchmarks/smt/35-vars/v35_problem_2__022.smt2.slack.smt2,sat,timeout,508.9043061733246,1200.0122029781342
QF_LIA,no_bicp,complete-full-list,full-only,/20180326-Bromberger/more_slacked/CAV_2009_benchmarks/smt/35-vars/v35_problem_2__023.smt2.slack.smt2,sat,timeout,934.5098369121552,1200.01433467865
QF_LIA,no_bicp,complete-full-list,full-only,/20180326-Bromberger/more_slacked/CAV_2009_benchmarks/smt/35-vars/v35_problem_2__024.smt2.slack.smt2,sat,timeout,626.6817593574524,1200.0161442756653
QF_LIA,no_bicp,complete-full-list,full-only,/20180326-Bromberger/more_slacked/CAV_2009_benchmarks/smt/35-vars/v35_problem_2__025.smt2.slack.smt2,sat,timeout,831.9417953491211,1200.0191490650177
QF_LIA,no_bicp,complete-full-list,full-only,/20180326-Bromberger/more_slacked/CAV_2009_benchmarks/smt/35-vars/v35_problem_2__026.smt2.slack.smt2,sat,timeout,645.2166335582733,1200.0007297992706
QF_LIA,no_bicp,complete-full-list,full-only,/20180326-Bromberger/more_slacked/CAV_2009_benchmarks/smt/35-vars/v35_problem_2__027.smt2.slack.smt2,sat,timeout,865.5467789173126,1200.0221107006073
QF_LIA,no_bicp,complete-full-list,full-only,/20180326-Bromberger/more_slacked/CAV_2009_benchmarks/smt/35-vars/v35_problem_2__030.smt2.slack.smt2,sat,timeout,898.2291159629822,1200.0139029026031
QF_LIA,no_bicp,complete-full-list,full-only,/20180326-Bromberger/more_slacked/CAV_2009_benchmarks/smt/35-vars/v35_problem__014.smt2.slack.smt2,sat,timeout,831.5486531257629,1200.0063123703003
QF_LIA,no_bicp,complete-full-list,full-only,/20180326-Bromberger/more_slacked/CAV_2009_benchmarks/smt/35-vars/v35_problem__017.smt2.slack.smt2,sat,timeout,397.0218725204468,1200.0006878376007
QF_LIA,no_bicp,complete-full-list,full-only,/20180326-Bromberger/more_slacked/CAV_2009_benchmarks/smt/35-vars/v35_problem__018.smt2.slack.smt2,sat,timeout,1020.1284418106079,1200.0077006816864
QF_LIA,no_bicp,complete-full-list,full-only,/20180326-Bromberger/more_slacked/CAV_2009_benchmarks/smt/35-vars/v35_problem__021.smt2.slack.smt2,sat,timeout,283.705393075943,1200.0237147808075
QF_LIA,no_bicp,complete-full-list,full-only,/20180326-Bromberger/more_slacked/CAV_2009_benchmarks/smt/35-vars/v35_problem__024.smt2.slack.smt2,sat,timeout,1159.1336734294891,1200.0240333080292
QF_LIA,no_bicp,complete-full-list,full-only,/20180326-Bromberger/more_slacked/CAV_2009_benchmarks/smt/35-vars/v35_problem__025.smt2.slack.smt2,sat,timeout,220.08909583091736,1200.0080063343048
QF_LIA,no_bicp,complete-full-list,full-only,/20180326-Bromberger/more_slacked/CAV_2009_benchmarks/smt/35-vars/v35_problem__026.smt2.slack.smt2,sat,timeout,961.1815845966339,1200.0007145404816
QF_LIA,no_bicp,complete-full-list,full-only,/20180326-Bromberger/more_slacked/CAV_2009_benchmarks/smt/40-vars/v40_problem_2__006.smt2.slack.smt2,sat,timeout,746.9676835536957,1200.007523059845
QF_LIA,no_bicp,complete-full-list,full-only,/20180326-Bromberger/more_slacked/CAV_2009_benchmarks/smt/40-vars/v40_problem_2__012.smt2.slack.smt2,sat,timeout,236.88394570350647,1200.0156898498535
QF_LIA,no_bicp,complete-full-list,full-only,/20180326-Bromberger/more_slacked/CAV_2009_benchmarks/smt/40-vars/v40_problem_2__014.smt2.slack.smt2,sat,timeout,380.55859375,1200.0216691493988
QF_LIA,no_bicp,complete-full-list,full-only,/20180326-Bromberger/more_slacked/CAV_2009_benchmarks/smt/40-vars/v40_problem_2__018.smt2.slack.smt2,sat,timeout,735.6513974666595,1200.0063724517822
QF_LIA,no_bicp,complete-full-list,full-only,/20180326-Bromberger/more_slacked/CAV_2009_benchmarks/smt/40-vars/v40_problem_2__020.smt2.slack.smt2,sat,timeout,640.0603485107422,1200.0155313014984
QF_LIA,no_bicp,complete-full-list,full-only,/20180326-Bromberger/more_slacked/CAV_2009_benchmarks/smt/40-vars/v40_problem__011.smt2.slack.smt2,sat,timeout,1074.7528457641602,1200.01371717453
QF_LIA,no_bicp,complete-full-list,full-only,/20180326-Bromberger/more_slacked/CAV_2009_benchmarks/smt/40-vars/v40_problem__012.smt2.slack.smt2,sat,timeout,727.1935613155365,1200.0206365585327
QF_LIA,no_bicp,complete-full-list,full-only,/20180326-Bromberger/more_slacked/CAV_2009_benchmarks/smt/40-vars/v40_problem__015.smt2.slack.smt2,sat,timeout,834.616174697876,1200.0218741893768
QF_LIA,no_bicp,complete-full-list,full-only,/20180326-Bromberger/more_slacked/CAV_2009_benchmarks/smt/40-vars/v40_problem__020.smt2.slack.smt2,sat,timeout,748.886129617691,1200.0230848789215
QF_LIA,no_bicp,complete-full-list,full-only,/20180326-Bromberger/more_slacked/CAV_2009_benchmarks/smt/45-vars/v45_problem_2__010.smt2.slack.smt2,sat,timeout,1049.593569278717,1200.0014252662659
QF_LIA,no_bicp,complete-full-list,full-only,/20180326-Bromberger/more_slacked/CAV_2009_benchmarks/smt/45-vars/v45_problem_2__014.smt2.slack.smt2,sat,timeout,0.24958157539367676,1200.0229976177216
QF_LIA,no_bicp,complete-full-list,full-only,/20180326-Bromberger/more_slacked/CAV_2009_benchmarks/smt/45-vars/v45_problem_2__017.smt2.slack.smt2,sat,timeout,216.52544021606445,1200.0007333755493
QF_LIA,no_bicp,complete-full-list,full-only,/20180326-Bromberger/more_slacked/CAV_2009_benchmarks/smt/45-vars/v45_problem__007.smt2.slack.smt2,sat,timeout,361.3271133899689,1200.0139083862305
QF_LIA,no_bicp,complete-full-list,full-only,/20180326-Bromberger/more_slacked/CAV_2009_benchmarks/smt/45-vars/v45_problem__014.smt2.slack.smt2,sat,timeout,1067.0425724983215,1200.0145287513733
QF_LIA,no_bicp,complete-full-list,full-only,/20180326-Bromberger/more_slacked/CAV_2009_benchmarks/smt/45-vars/v45_problem__015.smt2.slack.smt2,sat,timeout,0.16688203811645508,1200.0125851631165
QF_LIA,no_bicp,complete-full-list,full-only,/20180326-Bromberger/unbd-sage/unbd050v55c/unbd-sage12.smt2,sat,timeout,915.0144293308258,1200.0069966316223
QF_LIA,no_bicp,complete-full-list,full-only,/20180326-Bromberger/unbd-sage/unbd050v55c/unbd-sage15.smt2,sat,timeout,244.33376669883728,1200.0005593299866
QF_LIA,no_bicp,complete-full-list,full-only,/20180326-Bromberger/unbd-sage/unbd050v55c/unbd-sage2.smt2,sat,timeout,689.908627986908,1200.01549243927
QF_LIA,no_bicp,complete-full-list,full-only,/20180326-Bromberger/unbd-sage/unbd050v55c/unbd-sage22.smt2,sat,timeout,391.88641595840454,1200.017086982727
QF_LIA,no_bicp,complete-full-list,full-only,/20180326-Bromberger/unbd-sage/unbd050v55c/unbd-sage23.smt2,sat,timeout,758.2871751785278,1200.021077632904
QF_LIA,no_bicp,complete-full-list,ablated-only,/20180326-Bromberger/unbd-sage/unbd050v55c/unbd-sage3.smt2,timeout,sat,1200.0013365745544,777.2514822483063
QF_LIA,no_bicp,complete-full-list,full-only,/2019-cmodelsdiff/labyrinth/0159-labyrinth-20-0.smt2,sat,timeout,110.8872320652008,1200.0008671283722
QF_LIA,no_bicp,complete-full-list,full-only,/2019-cmodelsdiff/labyrinth/0206-labyrinth-20-0.smt2,sat,timeout,176.98896074295044,1200.0008835792542
QF_LIA,no_bicp,complete-full-list,full-only,/2019-ezsmt/Labyrinth/SCC/0084-labyrinth-17-0.smt2,sat,timeout,67.44714307785034,1200.0009260177612
QF_LIA,no_bicp,complete-full-list,full-only,/2019-ezsmt/Labyrinth/SCC/0206-labyrinth-20-0.smt2,sat,timeout,460.7513062953949,1200.0008890628815
QF_LIA,no_bicp,complete-full-list,full-only,/20210219-Dartagnan/ConcurrencySafety-Main/25_stack-O0.smt2,unsat,timeout,737.7293655872345,1200.0007934570312
QF_LIA,no_bicp,complete-full-list,full-only,/20210219-Dartagnan/ConcurrencySafety-Main/26_stack_cas-O0.smt2,unsat,timeout,467.82684087753296,1200.0008895397186
QF_LIA,no_bicp,complete-full-list,full-only,/20210219-Dartagnan/ConcurrencySafety-Main/fib_bench_longest-1-O0.smt2,unsat,timeout,745.6808161735535,1200.0118839740753
QF_LIA,no_bicp,complete-full-list,full-only,/20210219-Dartagnan/ConcurrencySafety-Main/fib_bench_longest-2-O0.smt2,unsat,timeout,673.5499186515808,1200.0007801055908
QF_LIA,no_bicp,complete-full-list,full-only,/20210219-Dartagnan/ConcurrencySafety-Main/stack_longest-1-O0.smt2,sat,timeout,774.0635597705841,1200.0111739635468
QF_LIA,no_bicp,complete-full-list,full-only,/20220307-SMPT/SharedMemory-PT-000100/RF-06.smt2,unsat,timeout,2.3080053329467773,1200.0340447425842
QF_LIA,no_bicp,complete-full-list,full-only,/20220307-SMPT/SharedMemory-PT-000200/RC-04.smt2,unsat,timeout,581.7996594905853,1200.0009047985077
QF_LIA,no_bicp,complete-full-list,full-only,/20220307-SMPT/SharedMemory-PT-000200/RC-08.smt2,sat,timeout,10.017060279846191,1200.0008964538574
QF_LIA,no_bicp,complete-full-list,full-only,/20220307-SMPT/SharedMemory-PT-000200/RC-10.smt2,sat,timeout,10.118584394454956,1200.000930070877
QF_LIA,no_bicp,complete-full-list,full-only,/20220307-SMPT/SharedMemory-PT-000200/RC-11.smt2,sat,timeout,11.19458532333374,1200.000878572464
QF_LIA,no_bicp,complete-full-list,full-only,/20220307-SMPT/SharedMemory-PT-000200/RC-13.smt2,sat,timeout,10.892274141311646,1200.0009136199951
QF_LIA,no_bicp,complete-full-list,full-only,/20220307-SMPT/SharedMemory-PT-000200/RC-14.smt2,unsat,timeout,2.1292331218719482,1200.000961780548
QF_LIA,no_bicp,complete-full-list,full-only,/20220307-SMPT/SharedMemory-PT-000200/RC-15.smt2,sat,timeout,10.301164388656616,1200.0008597373962
QF_LIA,no_bicp,complete-full-list,full-only,/20220307-SMPT/SharedMemory-PT-000200/RF-08.smt2,unsat,timeout,1.7304012775421143,1200.000863790512
QF_LIA,no_bicp,complete-full-list,full-only,/20220307-SMPT/SharedMemory-PT-000200/RF-09.smt2,unsat,timeout,1.737337589263916,1200.0009379386902
QF_LIA,no_bicp,complete-full-list,full-only,/20220307-SMPT/SharedMemory-PT-000200/RF-10.smt2,sat,timeout,11.075299263000488,1200.0009121894836
QF_LIA,no_bicp,complete-full-list,full-only,/20220307-SMPT/SharedMemory-PT-000200/RF-11.smt2,unsat,timeout,1.7317068576812744,1200.0008370876312
QF_LIA,no_bicp,complete-full-list,full-only,/20220307-SMPT/SharedMemory-PT-000200/RF-12.smt2,sat,timeout,9.793281078338623,1200.000867843628
QF_LIA,no_bicp,complete-full-list,full-only,/20220307-SMPT/SharedMemory-PT-000200/RF-13.smt2,sat,timeout,11.171720266342163,1200.001033782959
QF_LIA,no_bicp,complete-full-list,full-only,/20220307-SMPT/SharedMemory-PT-000200/RF-14.smt2,unsat,timeout,2.210416555404663,1200.0008375644684
QF_LIA,no_bicp,complete-full-list,full-only,/20220307-SMPT/SharedMemory-PT-000200/RF-15.smt2,unsat,timeout,1.8383674621582031,1200.0009231567383
QF_LIA,no_bicp,complete-full-list,full-only,/CIRC/multiplier/MULTIPLIER_11.msat.smt2,unsat,timeout,699.870218038559,1200.01580452919
QF_LIA,no_bicp,complete-full-list,full-only,/CIRC/simplebitadder/SIMPLEBITADDER_COMPOSE_11.msat.smt2,unsat,timeout,668.3930583000183,1200.006488084793
QF_LIA,no_bicp,complete-full-list,full-only,/arctic-matrix/constraint-1686226.smt2,sat,timeout,221.64916586875916,1200.0156683921814
QF_LIA,no_bicp,complete-full-list,full-only,/arctic-matrix/constraint-2094073.smt2,sat,timeout,472.7011022567749,1200.0047912597656
QF_LIA,no_bicp,complete-full-list,full-only,/arctic-matrix/constraint-3187060.smt2,sat,timeout,959.5711188316345,1200.00089097023
QF_LIA,no_bicp,complete-full-list,full-only,/arctic-matrix/constraint-533042.smt2,sat,timeout,171.19680523872375,1200.021496772766
QF_LIA,no_bicp,complete-full-list,full-only,/arctic-matrix/constraint-968440.smt2,sat,timeout,62.70981478691101,1200.0141468048096
QF_LIA,no_bicp,complete-full-list,full-only,/arctic-matrix/constraint-985918.smt2,sat,timeout,500.1039321422577,1200.0099351406097
QF_LIA,no_bicp,complete-full-list,ablated-only,/arctic-matrix/constraint-993227.smt2,timeout,sat,1200.001678943634,312.82220244407654
QF_LIA,no_bicp,complete-full-list,full-only,/convert/convert-jpg2gif-query-1617.smt2,sat,timeout,3.674919843673706,1200.025377035141
QF_LIA,no_bicp,complete-full-list,full-only,/nec-smt/large/checkpass_pwd/prp-13-50.smt2,sat,timeout,607.2483479976654,1200.018257856369
QF_LIA,no_bicp,complete-full-list,full-only,/nec-smt/large/checkpass_pwd/prp-14-48.smt2,sat,timeout,738.943915605545,1200.0159142017365
QF_LIA,no_bicp,complete-full-list,full-only,/nec-smt/large/checkpass_pwd/prp-14-49.smt2,sat,timeout,1165.2673568725586,1200.0084793567657
QF_LIA,no_bicp,complete-full-list,full-only,/nec-smt/large/checkpass_pwd/prp-14-50.smt2,sat,timeout,833.6801223754883,1200.0217418670654
QF_LIA,no_bicp,complete-full-list,full-only,/nec-smt/large/checkpass_pwd/prp-16-47.smt2,sat,timeout,688.3255376815796,1200.0196142196655
QF_LIA,no_bicp,complete-full-list,full-only,/nec-smt/large/checkpass_pwd/prp-16-49.smt2,sat,timeout,706.1403152942657,1200.0110943317413
QF_LIA,no_bicp,complete-full-list,full-only,/nec-smt/large/checkpass_pwd/prp-16-50.smt2,sat,timeout,810.0457081794739,1200.0094075202942
QF_LIA,no_bicp,complete-full-list,full-only,/nec-smt/large/checkpass_pwd/prp-17-47.smt2,sat,timeout,629.1409718990326,1200.0150051116943
QF_LIA,no_bicp,complete-full-list,full-only,/nec-smt/large/checkpass_pwd/prp-18-49.smt2,sat,timeout,642.674488067627,1200.001062631607
QF_LIA,no_bicp,complete-full-list,full-only,/nec-smt/large/checkpass_pwd/prp-18-50.smt2,sat,timeout,569.9306244850159,1200.0021567344666
QF_LIA,no_bicp,complete-full-list,full-only,/nec-smt/large/checkpass_pwd/prp-19-50.smt2,sat,timeout,748.5111944675446,1200.0008506774902
QF_LIA,no_bicp,complete-full-list,full-only,/nec-smt/large/checkpass_pwd/prp-20-49.smt2,sat,timeout,920.422523021698,1200.00483751297
QF_LIA,no_bicp,complete-full-list,full-only,/nec-smt/large/checkpass_pwd/prp-20-50.smt2,sat,timeout,957.7929449081421,1200.0009717941284
QF_LIA,no_bicp,complete-full-list,full-only,/nec-smt/large/checkpass_pwd/prp-22-50.smt2,sat,timeout,732.2697968482971,1200.0158760547638
QF_LIA,no_bicp,complete-full-list,full-only,/nec-smt/large/checkpass_pwd/prp-24-48.smt2,sat,timeout,751.1954162120819,1200.0050268173218
QF_LIA,no_bicp,complete-full-list,full-only,/nec-smt/large/checkpass_pwd/prp-24-49.smt2,sat,timeout,766.4639213085175,1200.0065867900848
QF_LIA,no_bicp,complete-full-list,full-only,/nec-smt/large/checkpass_pwd/prp-24-50.smt2,sat,timeout,829.4806261062622,1200.0130715370178
QF_LIA,no_bicp,complete-full-list,full-only,/nec-smt/large/checkpass_pwd/prp-25-46.smt2,sat,timeout,395.4581370353699,1200.0071852207184
QF_LIA,no_bicp,complete-full-list,full-only,/nec-smt/large/checkpass_pwd/prp-25-49.smt2,sat,timeout,588.4272873401642,1200.0152325630188
QF_LIA,no_bicp,complete-full-list,full-only,/nec-smt/large/checkpass_pwd/prp-27-48.smt2,sat,timeout,811.0586812496185,1200.0007364749908
QF_LIA,no_bicp,complete-full-list,full-only,/nec-smt/large/checkpass_pwd/prp-27-49.smt2,sat,timeout,1046.5742931365967,1200.0114300251007
QF_LIA,no_bicp,complete-full-list,full-only,/nec-smt/large/checkpass_pwd/prp-27-50.smt2,sat,timeout,824.184680223465,1200.013617515564
QF_LIA,no_bicp,complete-full-list,full-only,/nec-smt/large/checkpass_pwd/prp-28-47.smt2,sat,timeout,741.3896596431732,1200.0116128921509
QF_LIA,no_bicp,complete-full-list,full-only,/nec-smt/large/checkpass_pwd/prp-28-48.smt2,sat,timeout,1087.3507866859436,1200.007066488266
QF_LIA,no_bicp,complete-full-list,full-only,/nec-smt/large/checkpass_pwd/prp-28-49.smt2,sat,timeout,638.2931318283081,1200.0210828781128
QF_LIA,no_bicp,complete-full-list,full-only,/nec-smt/large/checkpass_pwd/prp-28-50.smt2,sat,timeout,1025.5966112613678,1200.0115048885345
QF_LIA,no_bicp,complete-full-list,full-only,/nec-smt/large/checkpass_pwd/prp-29-47.smt2,sat,timeout,516.8920803070068,1200.0147066116333
QF_LIA,no_bicp,complete-full-list,full-only,/nec-smt/large/checkpass_pwd/prp-29-49.smt2,sat,timeout,600.280410528183,1200.016053199768
QF_LIA,no_bicp,complete-full-list,full-only,/nec-smt/large/checkpass_pwd/prp-29-50.smt2,sat,timeout,1101.846347808838,1200.0241355895996
QF_LIA,no_bicp,complete-full-list,full-only,/nec-smt/large/checkpass_pwd/prp-30-50.smt2,sat,timeout,697.3441407680511,1200.0171039104462
QF_LIA,no_bicp,complete-full-list,full-only,/nec-smt/large/checkpass_pwd/prp-32-46.smt2,sat,timeout,660.7707643508911,1200.0146629810333
QF_LIA,no_bicp,complete-full-list,full-only,/nec-smt/large/checkpass_pwd/prp-32-47.smt2,sat,timeout,662.1567323207855,1200.0130712985992
QF_LIA,no_bicp,complete-full-list,full-only,/nec-smt/large/checkpass_pwd/prp-32-48.smt2,sat,timeout,660.9930446147919,1200.0128214359283
QF_LIA,no_bicp,complete-full-list,full-only,/nec-smt/large/checkpass_pwd/prp-32-49.smt2,sat,timeout,905.0826737880707,1200.0269858837128
QF_LIA,no_bicp,complete-full-list,full-only,/nec-smt/large/checkpass_pwd/prp-32-50.smt2,sat,timeout,1037.4896783828735,1200.0050694942474
QF_LIA,no_bicp,complete-full-list,full-only,/nec-smt/large/checkpass_pwd/prp-33-48.smt2,sat,timeout,925.7039499282837,1200.0280766487122
QF_LIA,no_bicp,complete-full-list,full-only,/nec-smt/large/checkpass_pwd/prp-33-50.smt2,sat,timeout,607.0179426670074,1200.0135970115662
QF_LIA,no_bicp,complete-full-list,full-only,/nec-smt/large/checkpass_pwd/prp-34-46.smt2,sat,timeout,565.1854040622711,1200.0156662464142
QF_LIA,no_bicp,complete-full-list,full-only,/nec-smt/large/checkpass_pwd/prp-34-47.smt2,sat,timeout,845.481098651886,1200.0271291732788
QF_LIA,no_bicp,complete-full-list,full-only,/nec-smt/large/checkpass_pwd/prp-34-49.smt2,sat,timeout,778.2897834777832,1200.0226385593414
QF_LIA,no_bicp,complete-full-list,full-only,/nec-smt/large/checkpass_pwd/prp-34-50.smt2,sat,timeout,1054.698975801468,1200.0061438083649
QF_LIA,no_bicp,complete-full-list,full-only,/nec-smt/large/checkpass_pwd/prp-35-46.smt2,unsat,timeout,1030.9614555835724,1200.0121924877167
QF_LIA,no_bicp,complete-full-list,full-only,/nec-smt/large/checkpass_pwd/prp-36-45.smt2,sat,timeout,554.5817160606384,1200.023417711258
QF_LIA,no_bicp,complete-full-list,full-only,/nec-smt/large/checkpass_pwd/prp-36-47.smt2,sat,timeout,1108.770503282547,1200.023201227188
QF_LIA,no_bicp,complete-full-list,full-only,/nec-smt/large/checkpass_pwd/prp-36-48.smt2,sat,timeout,847.4248135089874,1200.0053870677948
QF_LIA,no_bicp,complete-full-list,full-only,/nec-smt/large/checkpass_pwd/prp-36-49.smt2,sat,timeout,906.1914119720459,1200.0267050266266
QF_LIA,no_bicp,complete-full-list,full-only,/nec-smt/large/checkpass_pwd/prp-36-50.smt2,sat,timeout,853.7642512321472,1200.011159658432
QF_LIA,no_bicp,complete-full-list,full-only,/nec-smt/large/checkpass_pwd/prp-37-47.smt2,unsat,timeout,936.4639456272125,1200.012285232544
QF_LIA,no_bicp,complete-full-list,full-only,/nec-smt/large/checkpass_pwd/prp-38-45.smt2,sat,timeout,652.0823714733124,1200.0273759365082
QF_LIA,no_bicp,complete-full-list,full-only,/nec-smt/large/checkpass_pwd/prp-38-48.smt2,sat,timeout,1039.781082868576,1200.0227303504944
QF_LIA,no_bicp,complete-full-list,full-only,/nec-smt/large/checkpass_pwd/prp-38-49.smt2,sat,timeout,765.988080739975,1200.0170743465424
QF_LIA,no_bicp,complete-full-list,full-only,/nec-smt/large/checkpass_pwd/prp-39-47.smt2,sat,timeout,929.431578874588,1200.000911474228
QF_LIA,no_bicp,complete-full-list,full-only,/nec-smt/large/checkpass_pwd/prp-39-48.smt2,sat,timeout,906.6777715682983,1200.0140626430511
QF_LIA,no_bicp,complete-full-list,full-only,/nec-smt/large/checkpass_pwd/prp-39-49.smt2,sat,timeout,1154.9247767925262,1200.0076072216034
QF_LIA,no_bicp,complete-full-list,full-only,/nec-smt/large/checkpass_pwd/prp-4-49.smt2,sat,timeout,832.1716644763947,1200.015640258789
QF_LIA,no_bicp,complete-full-list,full-only,/nec-smt/large/checkpass_pwd/prp-4-50.smt2,sat,timeout,915.1604740619659,1200.007868528366
QF_LIA,no_bicp,complete-full-list,full-only,/nec-smt/large/checkpass_pwd/prp-40-46.smt2,sat,timeout,1049.3568794727325,1200.0239794254303
QF_LIA,no_bicp,complete-full-list,full-only,/nec-smt/large/checkpass_pwd/prp-40-47.smt2,sat,timeout,823.1182715892792,1200.0075557231903
QF_LIA,no_bicp,complete-full-list,full-only,/nec-smt/large/checkpass_pwd/prp-40-48.smt2,sat,timeout,791.1143417358398,1200.0276370048523
QF_LIA,no_bicp,complete-full-list,full-only,/nec-smt/large/checkpass_pwd/prp-40-49.smt2,sat,timeout,1047.0571568012238,1200.0161528587341
QF_LIA,no_bicp,complete-full-list,full-only,/nec-smt/large/checkpass_pwd/prp-40-50.smt2,sat,timeout,919.0175914764404,1200.016545534134
QF_LIA,no_bicp,complete-full-list,full-only,/nec-smt/large/checkpass_pwd/prp-41-47.smt2,sat,timeout,1093.8158388137817,1200.011393070221
QF_LIA,no_bicp,complete-full-list,full-only,/nec-smt/large/checkpass_pwd/prp-41-48.smt2,sat,timeout,1078.9350686073303,1200.02232503891
QF_LIA,no_bicp,complete-full-list,full-only,/nec-smt/large/checkpass_pwd/prp-42-44.smt2,unsat,timeout,498.4319648742676,1200.011757850647
QF_LIA,no_bicp,complete-full-list,full-only,/nec-smt/large/checkpass_pwd/prp-42-45.smt2,sat,timeout,658.0185010433197,1200.0136210918427
QF_LIA,no_bicp,complete-full-list,full-only,/nec-smt/large/checkpass_pwd/prp-42-47.smt2,sat,timeout,1094.2947413921356,1200.025197982788
QF_LIA,no_bicp,complete-full-list,full-only,/nec-smt/large/checkpass_pwd/prp-42-49.smt2,sat,timeout,1125.8843371868134,1200.0008194446564
QF_LIA,no_bicp,complete-full-list,full-only,/nec-smt/large/checkpass_pwd/prp-42-50.smt2,sat,timeout,1153.2500026226044,1200.0028085708618
QF_LIA,no_bicp,complete-full-list,full-only,/nec-smt/large/checkpass_pwd/prp-43-43.smt2,sat,timeout,561.1343054771423,1200.000833272934
QF_LIA,no_bicp,complete-full-list,full-only,/nec-smt/large/checkpass_pwd/prp-43-45.smt2,sat,timeout,586.7535400390625,1200.006736278534
QF_LIA,no_bicp,complete-full-list,full-only,/nec-smt/large/checkpass_pwd/prp-43-46.smt2,sat,timeout,790.9893412590027,1200.0073614120483
QF_LIA,no_bicp,complete-full-list,full-only,/nec-smt/large/checkpass_pwd/prp-43-47.smt2,sat,timeout,639.2063398361206,1200.0121297836304
QF_LIA,no_bicp,complete-full-list,full-only,/nec-smt/large/checkpass_pwd/prp-43-48.smt2,sat,timeout,718.8798282146454,1200.0323872566223
QF_LIA,no_bicp,complete-full-list,full-only,/nec-smt/large/checkpass_pwd/prp-43-49.smt2,sat,timeout,1025.2651932239532,1200.0079627037048
QF_LIA,no_bicp,complete-full-list,full-only,/nec-smt/large/checkpass_pwd/prp-44-45.smt2,sat,timeout,585.7660479545593,1200.018000125885
QF_LIA,no_bicp,complete-full-list,full-only,/nec-smt/large/checkpass_pwd/prp-44-46.smt2,unsat,timeout,543.9121358394623,1200.0161702632904
QF_LIA,no_bicp,complete-full-list,full-only,/nec-smt/large/checkpass_pwd/prp-44-48.smt2,sat,timeout,796.1411461830139,1200.0141949653625
QF_LIA,no_bicp,complete-full-list,full-only,/nec-smt/large/checkpass_pwd/prp-44-50.smt2,sat,timeout,946.7867374420166,1200.0072746276855
QF_LIA,no_bicp,complete-full-list,full-only,/nec-smt/large/checkpass_pwd/prp-45-47.smt2,sat,timeout,1056.8771283626556,1200.0229847431183
QF_LIA,no_bicp,complete-full-list,full-only,/nec-smt/large/checkpass_pwd/prp-45-48.smt2,sat,timeout,1018.9180116653442,1200.0094401836395
QF_LIA,no_bicp,complete-full-list,full-only,/nec-smt/large/checkpass_pwd/prp-45-49.smt2,sat,timeout,1188.3485918045044,1200.0019919872284
QF_LIA,no_bicp,complete-full-list,full-only,/nec-smt/large/checkpass_pwd/prp-46-46.smt2,sat,timeout,704.791836977005,1200.0067369937897
QF_LIA,no_bicp,complete-full-list,full-only,/nec-smt/large/checkpass_pwd/prp-46-48.smt2,sat,timeout,784.881462097168,1200.0098724365234
QF_LIA,no_bicp,complete-full-list,full-only,/nec-smt/large/checkpass_pwd/prp-46-49.smt2,sat,timeout,1055.1029181480408,1200.0126519203186
QF_LIA,no_bicp,complete-full-list,full-only,/nec-smt/large/checkpass_pwd/prp-47-45.smt2,sat,timeout,682.3240423202515,1200.0162296295166
QF_LIA,no_bicp,complete-full-list,full-only,/nec-smt/large/checkpass_pwd/prp-47-47.smt2,sat,timeout,1006.4028599262238,1200.0179722309113
QF_LIA,no_bicp,complete-full-list,full-only,/nec-smt/large/checkpass_pwd/prp-47-48.smt2,sat,timeout,972.0372178554535,1200.0154614448547
QF_LIA,no_bicp,complete-full-list,full-only,/nec-smt/large/checkpass_pwd/prp-47-49.smt2,sat,timeout,849.9085776805878,1200.0145235061646
QF_LIA,no_bicp,complete-full-list,full-only,/nec-smt/large/checkpass_pwd/prp-48-47.smt2,sat,timeout,906.7214872837067,1203.9370324611664
QF_LIA,no_bicp,complete-full-list,full-only,/nec-smt/large/checkpass_pwd/prp-48-48.smt2,unsat,timeout,1139.3438379764557,1200.0008223056793
QF_LIA,no_bicp,complete-full-list,full-only,/nec-smt/large/checkpass_pwd/prp-48-49.smt2,sat,timeout,853.3548316955566,1200.011902332306
QF_LIA,no_bicp,complete-full-list,full-only,/nec-smt/large/checkpass_pwd/prp-49-47.smt2,sat,timeout,1112.793152332306,1200.032800912857
QF_LIA,no_bicp,complete-full-list,full-only,/nec-smt/large/checkpass_pwd/prp-49-48.smt2,unsat,timeout,1131.5031752586365,1200.0074832439423
QF_LIA,no_bicp,complete-full-list,full-only,/nec-smt/large/checkpass_pwd/prp-5-48.smt2,sat,timeout,772.096204996109,1200.0139555931091
QF_LIA,no_bicp,complete-full-list,full-only,/nec-smt/large/checkpass_pwd/prp-5-49.smt2,sat,timeout,690.2797892093658,1200.010794878006
QF_LIA,no_bicp,complete-full-list,full-only,/nec-smt/large/checkpass_pwd/prp-5-50.smt2,sat,timeout,1114.5424666404724,1200.013691186905
QF_LIA,no_bicp,complete-full-list,full-only,/nec-smt/large/checkpass_pwd/prp-50-47.smt2,sat,timeout,620.1022388935089,1200.0086948871613
QF_LIA,no_bicp,complete-full-list,full-only,/nec-smt/large/checkpass_pwd/prp-50-49.smt2,sat,timeout,1146.0239419937134,1200.0121037960052
QF_LIA,no_bicp,complete-full-list,full-only,/nec-smt/large/checkpass_pwd/prp-51-47.smt2,unsat,timeout,712.8639669418335,1200.0164902210236
QF_LIA,no_bicp,complete-full-list,full-only,/nec-smt/large/checkpass_pwd/prp-51-48.smt2,unsat,timeout,874.4071755409241,1200.03031873703
QF_LIA,no_bicp,complete-full-list,full-only,/nec-smt/large/checkpass_pwd/prp-51-49.smt2,sat,timeout,1068.768767118454,1200.002767086029
QF_LIA,no_bicp,complete-full-list,full-only,/nec-smt/large/checkpass_pwd/prp-52-47.smt2,unsat,timeout,684.9260263442993,1200.0078847408295
QF_LIA,no_bicp,complete-full-list,full-only,/nec-smt/large/checkpass_pwd/prp-52-48.smt2,unsat,timeout,833.3041570186615,1200.0146651268005
QF_LIA,no_bicp,complete-full-list,full-only,/nec-smt/large/checkpass_pwd/prp-52-50.smt2,unsat,timeout,970.0586109161377,1200.0219745635986
QF_LIA,no_bicp,complete-full-list,full-only,/nec-smt/large/checkpass_pwd/prp-53-48.smt2,unsat,timeout,1121.580046415329,1200.0073132514954
QF_LIA,no_bicp,complete-full-list,full-only,/nec-smt/large/checkpass_pwd/prp-53-49.smt2,unsat,timeout,1074.5910332202911,1200.0079247951508
QF_LIA,no_bicp,complete-full-list,full-only,/nec-smt/large/checkpass_pwd/prp-53-50.smt2,unsat,timeout,952.6745173931122,1200.0215451717377
QF_LIA,no_bicp,complete-full-list,full-only,/nec-smt/large/checkpass_pwd/prp-54-47.smt2,unsat,timeout,636.58611536026,1200.0138351917267
QF_LIA,no_bicp,complete-full-list,full-only,/nec-smt/large/checkpass_pwd/prp-54-48.smt2,sat,timeout,749.7263076305389,1200.0120990276337
QF_LIA,no_bicp,complete-full-list,full-only,/nec-smt/large/checkpass_pwd/prp-55-47.smt2,unsat,timeout,904.0944776535034,1200.0080177783966
QF_LIA,no_bicp,complete-full-list,full-only,/nec-smt/large/checkpass_pwd/prp-55-48.smt2,unsat,timeout,991.3404221534729,1200.026803970337
QF_LIA,no_bicp,complete-full-list,full-only,/nec-smt/large/checkpass_pwd/prp-55-49.smt2,unsat,timeout,763.3667371273041,1200.0067174434662
QF_LIA,no_bicp,complete-full-list,full-only,/nec-smt/large/checkpass_pwd/prp-55-50.smt2,unsat,timeout,924.3389155864716,1200.0162093639374
QF_LIA,no_bicp,complete-full-list,full-only,/nec-smt/large/checkpass_pwd/prp-56-48.smt2,unsat,timeout,731.3925311565399,1200.0141525268555
QF_LIA,no_bicp,complete-full-list,full-only,/nec-smt/large/checkpass_pwd/prp-56-50.smt2,sat,timeout,1151.8646397590637,1200.0139644145966
QF_LIA,no_bicp,complete-full-list,full-only,/nec-smt/large/checkpass_pwd/prp-57-47.smt2,unsat,timeout,826.2936000823975,1200.0063099861145
QF_LIA,no_bicp,complete-full-list,full-only,/nec-smt/large/checkpass_pwd/prp-57-48.smt2,unsat,timeout,607.2715022563934,1200.0094203948975
QF_LIA,no_bicp,complete-full-list,full-only,/nec-smt/large/checkpass_pwd/prp-57-50.smt2,unsat,timeout,873.3541717529297,1200.0151348114014
QF_LIA,no_bicp,complete-full-list,full-only,/nec-smt/large/checkpass_pwd/prp-58-47.smt2,unsat,timeout,743.6620585918427,1200.0015301704407
QF_LIA,no_bicp,complete-full-list,full-only,/nec-smt/large/checkpass_pwd/prp-59-49.smt2,unsat,timeout,820.4771153926849,1200.0008268356323
QF_LIA,no_bicp,complete-full-list,full-only,/nec-smt/large/checkpass_pwd/prp-60-48.smt2,unsat,timeout,749.1412036418915,1200.0071141719818
QF_LIA,no_bicp,complete-full-list,full-only,/nec-smt/large/checkpass_pwd/prp-60-49.smt2,unsat,timeout,915.155410528183,1200.016620874405
QF_LIA,no_bicp,complete-full-list,full-only,/nec-smt/large/checkpass_pwd/prp-60-50.smt2,unsat,timeout,797.622477054596,1200.0049531459808
QF_LIA,no_bicp,complete-full-list,full-only,/nec-smt/large/checkpass_pwd/prp-61-50.smt2,unsat,timeout,1021.9229571819305,1200.0169637203217
QF_LIA,no_bicp,complete-full-list,full-only,/nec-smt/large/checkpass_pwd/prp-62-50.smt2,unsat,timeout,936.4279716014862,1200.024908065796
QF_LIA,no_bicp,complete-full-list,full-only,/nec-smt/large/checkpass_pwd/prp-7-48.smt2,sat,timeout,919.651698589325,1200.0071086883545
QF_LIA,no_bicp,complete-full-list,full-only,/nec-smt/large/checkpass_pwd/prp-7-49.smt2,sat,timeout,804.5945823192596,1200.0235166549683
QF_LIA,no_bicp,complete-full-list,full-only,/nec-smt/large/checkpass_pwd/prp-7-50.smt2,sat,timeout,1027.9766070842743,1200.0070021152496
QF_LIA,no_bicp,complete-full-list,full-only,/nec-smt/large/checkpass_pwd/prp-8-44.smt2,sat,timeout,509.1661615371704,1200.0235707759857
QF_LIA,no_bicp,complete-full-list,full-only,/nec-smt/large/checkpass_pwd/prp-8-48.smt2,sat,timeout,727.2548449039459,1200.0090713500977
QF_LIA,no_bicp,complete-full-list,full-only,/nec-smt/large/checkpass_pwd/prp-8-49.smt2,sat,timeout,1048.5637068748474,1200.0177273750305
QF_LIA,no_bicp,complete-full-list,full-only,/nec-smt/large/checkpass_pwd/prp-8-50.smt2,sat,timeout,1125.1258392333984,1200.0078537464142
QF_LIA,no_bicp,complete-full-list,full-only,/nec-smt/large/getoption_directories/prp-12-47.smt2,unsat,timeout,667.2169215679169,1200.0037159919739
QF_LIA,no_bicp,complete-full-list,full-only,/nec-smt/large/getoption_directories/prp-12-50.smt2,unsat,timeout,305.86682057380676,1200.0075104236603
QF_LIA,no_bicp,complete-full-list,full-only,/nec-smt/large/getoption_directories/prp-5-47.smt2,unsat,timeout,648.5266394615173,1200.0179328918457
QF_LIA,no_bicp,complete-full-list,full-only,/nec-smt/large/getoption_directories/prp-6-50.smt2,unsat,timeout,360.58508682250977,1200.0262248516083
QF_LIA,no_bicp,complete-full-list,full-only,/nec-smt/large/getoption_directories/prp-7-50.smt2,unsat,timeout,349.75756883621216,1227.13197183609
QF_LIA,no_bicp,complete-full-list,full-only,/nec-smt/large/getoption_user/prp-0-47.smt2,sat,timeout,428.75487899780273,1213.7573688030243
QF_LIA,no_bicp,complete-full-list,full-only,/nec-smt/large/getoption_user/prp-0-48.smt2,sat,timeout,539.0052127838135,1200.0517580509186
QF_LIA,no_bicp,complete-full-list,full-only,/nec-smt/large/getoption_user/prp-0-50.smt2,sat,timeout,712.3871994018555,1200.0182650089264
QF_LIA,no_bicp,complete-full-list,full-only,/nec-smt/large/getoption_user/prp-1-47.smt2,sat,timeout,411.18696308135986,1268.9880492687225
QF_LIA,no_bicp,complete-full-list,full-only,/nec-smt/large/getoption_user/prp-1-48.smt2,sat,timeout,731.7243325710297,1222.2590024471283
QF_LIA,no_bicp,complete-full-list,full-only,/nec-smt/large/getoption_user/prp-1-50.smt2,sat,timeout,598.4879925251007,1200.005407333374
QF_LIA,no_bicp,complete-full-list,full-only,/nec-smt/large/getoption_user/prp-11-50.smt2,unsat,timeout,296.9848802089691,1200.001064300537
QF_LIA,no_bicp,complete-full-list,full-only,/nec-smt/large/getoption_user/prp-12-47.smt2,sat,timeout,448.56819248199463,1200.0417022705078
QF_LIA,no_bicp,complete-full-list,full-only,/nec-smt/large/getoption_user/prp-12-48.smt2,sat,timeout,375.14245653152466,1204.0016791820526
QF_LIA,no_bicp,complete-full-list,full-only,/nec-smt/large/getoption_user/prp-12-49.smt2,sat,timeout,479.2008304595947,1246.1100096702576
QF_LIA,no_bicp,complete-full-list,full-only,/nec-smt/large/getoption_user/prp-12-50.smt2,sat,timeout,588.4317457675934,1200.3188924789429
QF_LIA,no_bicp,complete-full-list,full-only,/nec-smt/large/getoption_user/prp-13-49.smt2,unsat,timeout,326.66647148132324,1200.0414152145386
QF_LIA,no_bicp,complete-full-list,full-only,/nec-smt/large/getoption_user/prp-14-49.smt2,sat,timeout,558.6038944721222,1200.0165476799011
QF_LIA,no_bicp,complete-full-list,full-only,/nec-smt/large/getoption_user/prp-14-50.smt2,sat,timeout,369.0356676578522,1200.0113170146942
QF_LIA,no_bicp,complete-full-list,full-only,/nec-smt/large/getoption_user/prp-15-46.smt2,sat,timeout,265.9680995941162,1200.0126070976257
QF_LIA,no_bicp,complete-full-list,full-only,/nec-smt/large/getoption_user/prp-15-48.smt2,sat,timeout,279.2258517742157,1200.0094509124756
QF_LIA,no_bicp,complete-full-list,full-only,/nec-smt/large/getoption_user/prp-15-49.smt2,sat,wrapper-timeout,517.069269657135,1200
QF_LIA,no_bicp,complete-full-list,full-only,/nec-smt/large/getoption_user/prp-15-50.smt2,sat,timeout,422.95945835113525,1200.0081326961517
QF_LIA,no_bicp,complete-full-list,full-only,/nec-smt/large/getoption_user/prp-18-48.smt2,sat,timeout,429.640611410141,1202.8017375469208
QF_LIA,no_bicp,complete-full-list,full-only,/nec-smt/large/getoption_user/prp-18-49.smt2,sat,timeout,389.8906760215759,1200.0033140182495
QF_LIA,no_bicp,complete-full-list,full-only,/nec-smt/large/getoption_user/prp-18-50.smt2,sat,timeout,508.6243431568146,1245.3464443683624
QF_LIA,no_bicp,complete-full-list,full-only,/nec-smt/large/getoption_user/prp-19-50.smt2,unsat,timeout,473.6042811870575,1200.047842502594
QF_LIA,no_bicp,complete-full-list,full-only,/nec-smt/large/getoption_user/prp-2-49.smt2,unsat,timeout,334.0987584590912,1200.0155737400055
QF_LIA,no_bicp,complete-full-list,full-only,/nec-smt/large/getoption_user/prp-2-50.smt2,unsat,wrapper-timeout,267.4936492443085,1200
QF_LIA,no_bicp,complete-full-list,full-only,/nec-smt/large/getoption_user/prp-20-50.smt2,sat,timeout,642.2044632434845,1200.0051107406616
QF_LIA,no_bicp,complete-full-list,full-only,/nec-smt/large/getoption_user/prp-21-47.smt2,sat,timeout,264.40861558914185,1203.502865076065
QF_LIA,no_bicp,complete-full-list,full-only,/nec-smt/large/getoption_user/prp-21-48.smt2,sat,timeout,467.4407684803009,1200.0154621601105
QF_LIA,no_bicp,complete-full-list,full-only,/nec-smt/large/getoption_user/prp-21-49.smt2,sat,timeout,415.4807233810425,1200.0010879039764
QF_LIA,no_bicp,complete-full-list,full-only,/nec-smt/large/getoption_user/prp-21-50.smt2,sat,timeout,603.7405910491943,1200.1298973560333
QF_LIA,no_bicp,complete-full-list,full-only,/nec-smt/large/getoption_user/prp-22-49.smt2,unsat,timeout,293.07183361053467,1200.021577835083
QF_LIA,no_bicp,complete-full-list,full-only,/nec-smt/large/getoption_user/prp-23-49.smt2,unsat,timeout,326.2945864200592,1203.5568981170654
QF_LIA,no_bicp,complete-full-list,full-only,/nec-smt/large/getoption_user/prp-24-48.smt2,sat,timeout,368.84731125831604,1200.0099530220032
QF_LIA,no_bicp,complete-full-list,full-only,/nec-smt/large/getoption_user/prp-24-50.smt2,sat,timeout,642.0429685115814,1203.1434125900269
QF_LIA,no_bicp,complete-full-list,full-only,/nec-smt/large/getoption_user/prp-25-50.smt2,unsat,timeout,253.7842607498169,1200.0330760478973
QF_LIA,no_bicp,complete-full-list,full-only,/nec-smt/large/getoption_user/prp-26-48.smt2,sat,timeout,303.8676509857178,1200.0448982715607
QF_LIA,no_bicp,complete-full-list,full-only,/nec-smt/large/getoption_user/prp-26-49.smt2,sat,timeout,587.4587225914001,1207.4764618873596
QF_LIA,no_bicp,complete-full-list,full-only,/nec-smt/large/getoption_user/prp-26-50.smt2,sat,timeout,488.3202660083771,1200.021818637848
QF_LIA,no_bicp,complete-full-list,full-only,/nec-smt/large/getoption_user/prp-27-46.smt2,sat,timeout,395.9864823818207,1200.0167818069458
QF_LIA,no_bicp,complete-full-list,full-only,/nec-smt/large/getoption_user/prp-27-48.smt2,sat,timeout,406.6871385574341,1200.013632774353
QF_LIA,no_bicp,complete-full-list,full-only,/nec-smt/large/getoption_user/prp-27-50.smt2,sat,timeout,496.2817807197571,1200.0185940265656
QF_LIA,no_bicp,complete-full-list,full-only,/nec-smt/large/getoption_user/prp-28-48.smt2,unsat,timeout,285.2553040981293,1200.0116930007935
QF_LIA,no_bicp,complete-full-list,full-only,/nec-smt/large/getoption_user/prp-29-48.smt2,unsat,timeout,258.53328704833984,1200.0078628063202
QF_LIA,no_bicp,complete-full-list,full-only,/nec-smt/large/getoption_user/prp-29-50.smt2,unsat,wrapper-timeout,358.2114405632019,1200
QF_LIA,no_bicp,complete-full-list,full-only,/nec-smt/large/getoption_user/prp-30-48.smt2,unsat,timeout,269.77627968788147,1200.0212240219116
QF_LIA,no_bicp,complete-full-list,full-only,/nec-smt/large/getoption_user/prp-30-49.smt2,unsat,timeout,341.09766840934753,1414.251634836197
QF_LIA,no_bicp,complete-full-list,full-only,/nec-smt/large/getoption_user/prp-30-50.smt2,unsat,timeout,392.36549043655396,1200.0143654346466
QF_LIA,no_bicp,complete-full-list,full-only,/nec-smt/large/getoption_user/prp-31-46.smt2,sat,timeout,269.72957253456116,1200.1041851043701
QF_LIA,no_bicp,complete-full-list,full-only,/nec-smt/large/getoption_user/prp-31-47.smt2,sat,timeout,252.68675231933594,1202.6527163982391
QF_LIA,no_bicp,complete-full-list,full-only,/nec-smt/large/getoption_user/prp-31-49.smt2,sat,timeout,491.2870030403137,1229.7488079071045
QF_LIA,no_bicp,complete-full-list,full-only,/nec-smt/large/getoption_user/prp-31-50.smt2,sat,timeout,567.9279148578644,1200.0151040554047
QF_LIA,no_bicp,complete-full-list,full-only,/nec-smt/large/getoption_user/prp-32-50.smt2,unsat,timeout,315.1947093009949,1200.0010778903961
QF_LIA,no_bicp,complete-full-list,full-only,/nec-smt/large/getoption_user/prp-33-50.smt2,unsat,timeout,479.7188546657562,1200.0126428604126
QF_LIA,no_bicp,complete-full-list,full-only,/nec-smt/large/getoption_user/prp-34-47.smt2,unsat,timeout,182.14256238937378,1200.026359319687
QF_LIA,no_bicp,complete-full-list,full-only,/nec-smt/large/getoption_user/prp-34-50.smt2,unsat,timeout,338.4180123806,1201.218462228775
QF_LIA,no_bicp,complete-full-list,full-only,/nec-smt/large/getoption_user/prp-35-49.smt2,sat,wrapper-timeout,402.63993215560913,1200
QF_LIA,no_bicp,complete-full-list,full-only,/nec-smt/large/getoption_user/prp-35-50.smt2,sat,timeout,589.5080699920654,1200.0251016616821
QF_LIA,no_bicp,complete-full-list,full-only,/nec-smt/large/getoption_user/prp-36-49.smt2,sat,timeout,445.811066865921,1200.0153739452362
QF_LIA,no_bicp,complete-full-list,full-only,/nec-smt/large/getoption_user/prp-39-47.smt2,sat,timeout,291.9830460548401,1200.0295839309692
QF_LIA,no_bicp,complete-full-list,full-only,/nec-smt/large/getoption_user/prp-39-48.smt2,unsat,timeout,196.58953619003296,1200.0017395019531
QF_LIA,no_bicp,complete-full-list,full-only,/nec-smt/large/getoption_user/prp-39-49.smt2,unsat,timeout,254.68726325035095,1200.422952413559
QF_LIA,no_bicp,complete-full-list,full-only,/nec-smt/large/getoption_user/prp-39-50.smt2,sat,timeout,351.8378713130951,1200.0150220394135
QF_LIA,no_bicp,complete-full-list,full-only,/nec-smt/large/getoption_user/prp-4-46.smt2,sat,wrapper-timeout,409.97587752342224,1200
QF_LIA,no_bicp,complete-full-list,full-only,/nec-smt/large/getoption_user/prp-4-48.smt2,sat,timeout,418.7617747783661,1344.352347612381
QF_LIA,no_bicp,complete-full-list,full-only,/nec-smt/large/getoption_user/prp-4-49.smt2,sat,timeout,486.4180097579956,1200.0304007530212
QF_LIA,no_bicp,complete-full-list,full-only,/nec-smt/large/getoption_user/prp-4-50.smt2,sat,timeout,600.0803983211517,1200.026819229126
QF_LIA,no_bicp,complete-full-list,full-only,/nec-smt/large/getoption_user/prp-40-49.smt2,unsat,timeout,371.8995428085327,1200.0446918010712
QF_LIA,no_bicp,complete-full-list,full-only,/nec-smt/large/getoption_user/prp-40-50.smt2,unsat,timeout,277.7583532333374,1200.0026643276215
QF_LIA,no_bicp,complete-full-list,full-only,/nec-smt/large/getoption_user/prp-41-48.smt2,unsat,timeout,295.8690330982208,1200.0012965202332
QF_LIA,no_bicp,complete-full-list,full-only,/nec-smt/large/getoption_user/prp-41-49.smt2,unsat,timeout,244.25873446464539,1200.1937782764435
QF_LIA,no_bicp,complete-full-list,full-only,/nec-smt/large/getoption_user/prp-41-50.smt2,unsat,timeout,288.12103056907654,1200.0121340751648
QF_LIA,no_bicp,complete-full-list,full-only,/nec-smt/large/getoption_user/prp-42-50.smt2,unsat,timeout,298.24934124946594,1262.1191391944885
QF_LIA,no_bicp,complete-full-list,full-only,/nec-smt/large/getoption_user/prp-44-50.smt2,unsat,timeout,341.98033261299133,1200.0136170387268
QF_LIA,no_bicp,complete-full-list,full-only,/nec-smt/large/getoption_user/prp-45-50.smt2,unsat,timeout,369.500990152359,1250.714436531067
QF_LIA,no_bicp,complete-full-list,full-only,/nec-smt/large/getoption_user/prp-46-47.smt2,unsat,timeout,132.14005303382874,1204.8072865009308
QF_LIA,no_bicp,complete-full-list,full-only,/nec-smt/large/getoption_user/prp-47-50.smt2,unsat,timeout,327.3192489147186,1205.2713901996613
QF_LIA,no_bicp,complete-full-list,full-only,/nec-smt/large/getoption_user/prp-48-50.smt2,unsat,wrapper-timeout,354.89197516441345,1200
QF_LIA,no_bicp,complete-full-list,full-only,/nec-smt/large/getoption_user/prp-5-47.smt2,sat,timeout,302.30482625961304,1200.0124022960663
QF_LIA,no_bicp,complete-full-list,full-only,/nec-smt/large/getoption_user/prp-5-49.smt2,sat,timeout,820.1787831783295,1200.9595341682434
QF_LIA,no_bicp,complete-full-list,full-only,/nec-smt/large/getoption_user/prp-5-50.smt2,sat,timeout,675.5203306674957,1200.0250935554504
QF_LIA,no_bicp,complete-full-list,full-only,/nec-smt/large/getoption_user/prp-50-46.smt2,sat,timeout,213.90758609771729,1200.011475801468
QF_LIA,no_bicp,complete-full-list,full-only,/nec-smt/large/getoption_user/prp-50-48.smt2,sat,timeout,320.52255749702454,1200.3584661483765
QF_LIA,no_bicp,complete-full-list,full-only,/nec-smt/large/getoption_user/prp-50-49.smt2,unsat,timeout,233.10712122917175,1200.01562166214
QF_LIA,no_bicp,complete-full-list,full-only,/nec-smt/large/getoption_user/prp-50-50.smt2,sat,timeout,468.8893930912018,1200.0274732112885
QF_LIA,no_bicp,complete-full-list,full-only,/nec-smt/large/getoption_user/prp-6-46.smt2,sat,timeout,419.8563277721405,1200.0271422863007
QF_LIA,no_bicp,complete-full-list,full-only,/nec-smt/large/getoption_user/prp-6-50.smt2,sat,timeout,537.9926631450653,1200.0263366699219
QF_LIA,no_bicp,complete-full-list,full-only,/nec-smt/large/getoption_user/prp-7-50.smt2,sat,timeout,694.2943339347839,1200.1139225959778
QF_LIA,no_bicp,complete-full-list,full-only,/nec-smt/large/getoption_user/prp-9-48.smt2,unsat,wrapper-timeout,226.92350816726685,1200
QF_LIA,no_bicp,complete-full-list,full-only,/nec-smt/large/getoption_user/prp-9-50.smt2,unsat,timeout,377.45301485061646,1200.0507111549377
QF_LIA,no_bicp,complete-full-list,full-only,/nec-smt/large/user_is_in_group/prp-0-48.smt2,sat,timeout,512.8994514942169,1200.014232635498
QF_LIA,no_bicp,complete-full-list,full-only,/nec-smt/large/user_is_in_group/prp-10-48.smt2,sat,timeout,959.3912708759308,1200.008470773697
QF_LIA,no_bicp,complete-full-list,full-only,/nec-smt/large/user_is_in_group/prp-11-46.smt2,sat,timeout,941.2187752723694,1200.0134615898132
QF_LIA,no_bicp,complete-full-list,full-only,/nec-smt/large/user_is_in_group/prp-11-48.smt2,sat,timeout,816.2817676067352,1200.019884109497
QF_LIA,no_bicp,complete-full-list,full-only,/nec-smt/large/user_is_in_group/prp-11-49.smt2,sat,timeout,1086.7960648536682,1200.0133702754974
QF_LIA,no_bicp,complete-full-list,full-only,/nec-smt/large/user_is_in_group/prp-11-50.smt2,sat,timeout,1196.885187625885,1200.02024269104
QF_LIA,no_bicp,complete-full-list,full-only,/nec-smt/large/user_is_in_group/prp-12-50.smt2,sat,timeout,780.149587392807,1200.0007619857788
QF_LIA,no_bicp,complete-full-list,full-only,/nec-smt/large/user_is_in_group/prp-13-47.smt2,sat,timeout,577.4038863182068,1200.0015668869019
QF_LIA,no_bicp,complete-full-list,full-only,/nec-smt/large/user_is_in_group/prp-13-49.smt2,sat,timeout,585.4437212944031,1200.014511346817
QF_LIA,no_bicp,complete-full-list,full-only,/nec-smt/large/user_is_in_group/prp-13-50.smt2,sat,timeout,1136.0934937000275,1200.003182888031
QF_LIA,no_bicp,complete-full-list,full-only,/nec-smt/large/user_is_in_group/prp-14-47.smt2,sat,timeout,704.3866143226624,1200.0120742321014
QF_LIA,no_bicp,complete-full-list,full-only,/nec-smt/large/user_is_in_group/prp-14-48.smt2,sat,timeout,1013.0684580802917,1200.007452249527
QF_LIA,no_bicp,complete-full-list,full-only,/nec-smt/large/user_is_in_group/prp-15-46.smt2,sat,timeout,674.0543284416199,1200.0155987739563
QF_LIA,no_bicp,complete-full-list,full-only,/nec-smt/large/user_is_in_group/prp-15-48.smt2,sat,timeout,857.0394668579102,1200.0086498260498
QF_LIA,no_bicp,complete-full-list,full-only,/nec-smt/large/user_is_in_group/prp-15-49.smt2,sat,timeout,474.50465750694275,1200.0154068470001
QF_LIA,no_bicp,complete-full-list,full-only,/nec-smt/large/user_is_in_group/prp-16-49.smt2,sat,timeout,901.0969111919403,1200.0159876346588
QF_LIA,no_bicp,complete-full-list,full-only,/nec-smt/large/user_is_in_group/prp-17-47.smt2,sat,timeout,758.6115117073059,1200.0048859119415
QF_LIA,no_bicp,complete-full-list,full-only,/nec-smt/large/user_is_in_group/prp-17-49.smt2,sat,timeout,827.9135506153107,1200.0151963233948
QF_LIA,no_bicp,complete-full-list,full-only,/nec-smt/large/user_is_in_group/prp-19-46.smt2,sat,timeout,866.8353531360626,1200.0127680301666
QF_LIA,no_bicp,complete-full-list,full-only,/nec-smt/large/user_is_in_group/prp-19-48.smt2,sat,timeout,733.7301895618439,1200.0088789463043
QF_LIA,no_bicp,complete-full-list,full-only,/nec-smt/large/user_is_in_group/prp-19-50.smt2,sat,timeout,843.4015679359436,1200.0191042423248
QF_LIA,no_bicp,complete-full-list,full-only,/nec-smt/large/user_is_in_group/prp-2-50.smt2,sat,timeout,1051.4144291877747,1200.0008835792542
QF_LIA,no_bicp,complete-full-list,full-only,/nec-smt/large/user_is_in_group/prp-20-46.smt2,sat,timeout,861.4327964782715,1200.0067636966705
QF_LIA,no_bicp,complete-full-list,full-only,/nec-smt/large/user_is_in_group/prp-20-47.smt2,sat,timeout,1193.102705001831,1200.000923871994
QF_LIA,no_bicp,complete-full-list,full-only,/nec-smt/large/user_is_in_group/prp-20-49.smt2,sat,timeout,930.2627596855164,1200.0275626182556
QF_LIA,no_bicp,complete-full-list,full-only,/nec-smt/large/user_is_in_group/prp-21-46.smt2,sat,timeout,630.9273846149445,1200.0090851783752
QF_LIA,no_bicp,complete-full-list,full-only,/nec-smt/large/user_is_in_group/prp-21-49.smt2,sat,timeout,981.5051147937775,1200.0120725631714
QF_LIA,no_bicp,complete-full-list,full-only,/nec-smt/large/user_is_in_group/prp-23-49.smt2,sat,timeout,717.474805355072,1200.013291835785
QF_LIA,no_bicp,complete-full-list,full-only,/nec-smt/large/user_is_in_group/prp-23-50.smt2,sat,timeout,1136.8769686222076,1200.0049078464508
QF_LIA,no_bicp,complete-full-list,full-only,/nec-smt/large/user_is_in_group/prp-24-49.smt2,sat,timeout,916.9811022281647,1200.006240606308
QF_LIA,no_bicp,complete-full-list,full-only,/nec-smt/large/user_is_in_group/prp-24-50.smt2,sat,timeout,915.1205101013184,1200.0137939453125
QF_LIA,no_bicp,complete-full-list,full-only,/nec-smt/large/user_is_in_group/prp-4-46.smt2,sat,timeout,742.934454202652,1200.0019297599792
QF_LIA,no_bicp,complete-full-list,full-only,/nec-smt/large/user_is_in_group/prp-4-48.smt2,sat,timeout,1084.9801104068756,1200.0040018558502
QF_LIA,no_bicp,complete-full-list,full-only,/nec-smt/large/user_is_in_group/prp-5-49.smt2,sat,timeout,868.6756942272186,1200.0204384326935
QF_LIA,no_bicp,complete-full-list,full-only,/nec-smt/large/user_is_in_group/prp-5-50.smt2,sat,timeout,763.467559337616,1200.0073864459991
QF_LIA,no_bicp,complete-full-list,full-only,/nec-smt/large/user_is_in_group/prp-6-48.smt2,sat,timeout,1094.6412024497986,1200.0158007144928
QF_LIA,no_bicp,complete-full-list,full-only,/nec-smt/large/user_is_in_group/prp-6-50.smt2,sat,timeout,963.4855878353119,1200.0010097026825
QF_LIA,no_bicp,complete-full-list,full-only,/nec-smt/large/user_is_in_group/prp-7-50.smt2,sat,timeout,852.0858030319214,1200.0155982971191
QF_LIA,no_bicp,complete-full-list,full-only,/nec-smt/large/user_is_in_group/prp-9-48.smt2,sat,timeout,737.0637848377228,1200.0139105319977
QF_LIA,no_bicp,complete-full-list,full-only,/nec-smt/large/user_is_in_group/prp-9-49.smt2,sat,timeout,871.9245185852051,1200.0104355812073
QF_LIA,no_bicp,complete-full-list,full-only,/nec-smt/large/user_is_in_group/prp-9-50.smt2,sat,timeout,916.4582643508911,1200.0197870731354
QF_LIA,no_bicp,complete-full-list,full-only,/pb2010/normalized-j12010_10-sat.smt2,sat,timeout,49.308663845062256,1200.0144531726837
QF_LIA,no_bicp,complete-full-list,full-only,/pb2010/normalized-j3037_5-sat.smt2,sat,timeout,29.81731367111206,1200.0011146068573
QF_LIA,no_bicp,complete-full-list,full-only,/pb2010/normalized-j3046_4-unsat.smt2,unsat,timeout,3.901561975479126,1200.0015842914581
QF_LIA,no_bicp,complete-full-list,full-only,/rings/ring_2exp4_9vars_8ite_unsat.smt2,unsat,timeout,600.2695417404175,1200.010368347168
QF_LIA,no_bicp,complete-full-list,full-only,/rings_preprocessed/ring_2exp16_8vars_7ite_unsat.smt2,unsat,timeout,1109.0536997318268,1200.0006620883942
QF_LIA,no_bicp,complete-full-list,full-only,/rings_preprocessed/ring_2exp8_7vars_6ite_unsat.smt2,unsat,timeout,357.6940267086029,1200.0007195472717
QF_LIA,no_bicp,complete-full-list,full-only,/slacks/25-25.slack.smt2,sat,timeout,93.5172610282898,1200.0177164077759
QF_LIA,no_bicp,complete-full-list,full-only,/slacks/30-16.slack.smt2,sat,timeout,114.32990002632141,1200.0014336109161
QF_LIA,no_bicp,complete-full-list,full-only,/slacks/30-20.slack.smt2,sat,timeout,182.1458797454834,1200.0168225765228
QF_LIA,no_bicp,complete-full-list,full-only,/slacks/30-22.slack.smt2,sat,timeout,169.4441967010498,1200.0005967617035
QF_LIA,no_bicp,complete-full-list,full-only,/slacks/30-23.slack.smt2,sat,timeout,406.45513558387756,1200.0116457939148
QF_LIA,no_bicp,complete-full-list,full-only,/slacks/30-27.slack.smt2,sat,timeout,976.5070550441742,1200.0006816387177
QF_LIA,no_bicp,complete-full-list,full-only,/slacks/30-33.slack.smt2,sat,timeout,365.94211649894714,1200.004718542099
QF_LIA,no_bicp,complete-full-list,full-only,/slacks/30-34.slack.smt2,sat,timeout,416.8824875354767,1200.04501080513
QF_LIA,no_bicp,complete-full-list,full-only,/slacks/35-15.slack.smt2,sat,timeout,579.5560255050659,1200.0117609500885
QF_LIA,no_bicp,complete-full-list,full-only,/slacks/35-16.slack.smt2,sat,timeout,657.9015243053436,1200.0006773471832
QF_LIA,no_bicp,complete-full-list,full-only,/slacks/35-19.slack.smt2,sat,timeout,289.78200364112854,1200.0151782035828
QF_LIA,no_bicp,complete-full-list,full-only,/slacks/35-22.slack.smt2,sat,timeout,969.4575092792511,1200.0007076263428
QF_LIA,no_bicp,complete-full-list,full-only,/slacks/35-23.slack.smt2,sat,timeout,757.2615253925323,1200.0078704357147
QF_LIA,no_bicp,complete-full-list,full-only,/slacks/35-28.slack.smt2,sat,timeout,681.0894174575806,1200.0663616657257
QF_LIA,no_bicp,complete-full-list,full-only,/slacks/35-29.slack.smt2,sat,timeout,394.5326657295227,1200.0182440280914
QF_LIA,no_bicp,complete-full-list,full-only,/slacks/35-30.slack.smt2,sat,timeout,534.8189861774445,1200.0080864429474
QF_LIA,no_bicp,complete-full-list,full-only,/slacks/35-34.slack.smt2,sat,timeout,918.7054715156555,1200.0039548873901
QF_LIA,no_bicp,complete-full-list,full-only,/slacks/40-11.slack.smt2,sat,timeout,673.1897790431976,1200.0156145095825
QF_LIA,no_bicp,complete-full-list,full-only,/slacks/40-15.slack.smt2,sat,timeout,541.1569669246674,1200.0157370567322
QF_LIA,no_bicp,complete-full-list,full-only,/slacks/40-17.slack.smt2,sat,timeout,761.2506704330444,1200.0078921318054
QF_LIA,no_bicp,complete-full-list,full-only,/slacks/40-18.slack.smt2,sat,timeout,0.2343904972076416,1200.0115633010864
QF_LIA,no_bicp,complete-full-list,full-only,/slacks/40-32.slack.smt2,sat,timeout,853.4262878894806,1200.01944565773
QF_LIA,no_bicp,complete-full-list,full-only,/slacks/40-8.slack.smt2,sat,timeout,112.7223768234253,1200.00235080719
QF_LIA,no_bicp,complete-full-list,full-only,/slacks/45-13.slack.smt2,sat,timeout,0.25584888458251953,1200.0194518566132
QF_LIA,no_bicp,complete-full-list,full-only,/slacks/45-15.slack.smt2,sat,timeout,0.2706902027130127,1200.0070612430573
QF_LIA,no_bicp,complete-full-list,full-only,/slacks/45-17.slack.smt2,sat,timeout,131.33870887756348,1200.0052812099457
QF_LIA,no_bicp,complete-full-list,full-only,/slacks/45-19.slack.smt2,sat,timeout,0.16680669784545898,1200.0091650485992
QF_LIA,no_bicp,complete-full-list,full-only,/tropical-matrix/constraint-1285151.smt2,sat,timeout,882.7942359447479,1200.0166630744934
QF_LIA,no_bicp,complete-full-list,full-only,/tropical-matrix/constraint-3956027.smt2,sat,timeout,955.3368811607361,1200.007853269577
QF_LIA,no_bicp,complete-full-list,full-only,/tropical-matrix/constraint-556171.smt2,sat,timeout,26.68366026878357,1200.015334367752
QF_LIA,no_bicp,complete-full-list,full-only,/tropical-matrix/constraint-603294.smt2,sat,timeout,128.11891841888428,1200.023558139801
QF_LIA,no_bicp,complete-full-list,full-only,/tropical-matrix/constraint-696340.smt2,sat,timeout,178.75258564949036,1200.011955499649
QF_LIA,no_bicp,complete-full-list,full-only,/tropical-matrix/constraint-715402.smt2,sat,timeout,157.90759801864624,1200.0234475135803
QF_LIA,no_bicp,complete-full-list,full-only,/tropical-matrix/constraint-735583.smt2,sat,timeout,1198.7466566562653,1200.0201256275177
QF_LIA,no_bicp,complete-full-list,full-only,/tropical-matrix/constraint-797738.smt2,sat,timeout,207.61640810966492,1200.0258045196533
QF_LIA,no_bicp,complete-full-list,full-only,/tropical-matrix/constraint-851594.smt2,sat,timeout,512.716739654541,1200.0172128677368
QF_LIA,no_bicp,complete-full-list,full-only,/tropical-matrix/constraint-861420.smt2,sat,timeout,127.40779447555542,1200.0174496173859
QF_LIA,no_bicp,complete-full-list,full-only,/tropical-matrix/constraint-989891.smt2,sat,timeout,128.84266018867493,1200.001476764679
QF_LIA,no_clause_reduction,complete-full-list,full-only,/20180326-Bromberger/more_slacked/CAV_2009_benchmarks/coef-size/smt/size-100/c100_problem__004.smt2.slack.smt2,sat,timeout,884.4314339160919,1200.016940832138
QF_LIA,no_clause_reduction,complete-full-list,full-only,/20180326-Bromberger/more_slacked/CAV_2009_benchmarks/coef-size/smt/size-30/c30_problem__002.smt2.slack.smt2,sat,timeout,1181.0068681240082,1200.0056567192078
QF_LIA,no_clause_reduction,complete-full-list,full-only,/20180326-Bromberger/more_slacked/CAV_2009_benchmarks/coef-size/smt/size-70/c70_problem__003.smt2.slack.smt2,sat,timeout,1000.7713949680328,1200.0109889507294
QF_LIA,no_clause_reduction,complete-full-list,full-only,/20180326-Bromberger/more_slacked/CAV_2009_benchmarks/smt/30-vars/v30_problem_2__034.smt2.slack.smt2,sat,timeout,850.563225030899,1200.0080926418304
QF_LIA,no_clause_reduction,complete-full-list,full-only,/20180326-Bromberger/more_slacked/CAV_2009_benchmarks/smt/30-vars/v30_problem_2__035.smt2.slack.smt2,sat,timeout,883.7782714366913,1200.015461921692
QF_LIA,no_clause_reduction,complete-full-list,full-only,/20180326-Bromberger/more_slacked/CAV_2009_benchmarks/smt/30-vars/v30_problem__027.smt2.slack.smt2,sat,timeout,980.7863459587097,1200.0007197856903
QF_LIA,no_clause_reduction,complete-full-list,full-only,/20180326-Bromberger/more_slacked/CAV_2009_benchmarks/smt/35-vars/v35_problem_2__016.smt2.slack.smt2,sat,timeout,928.806033372879,1200.0006849765778
QF_LIA,no_clause_reduction,complete-full-list,full-only,/20180326-Bromberger/more_slacked/CAV_2009_benchmarks/smt/35-vars/v35_problem_2__023.smt2.slack.smt2,sat,timeout,934.5098369121552,1200.011890888214
QF_LIA,no_clause_reduction,complete-full-list,full-only,/20180326-Bromberger/more_slacked/CAV_2009_benchmarks/smt/35-vars/v35_problem_2__025.smt2.slack.smt2,sat,timeout,831.9417953491211,1200.0230178833008
QF_LIA,no_clause_reduction,complete-full-list,full-only,/20180326-Bromberger/more_slacked/CAV_2009_benchmarks/smt/35-vars/v35_problem_2__027.smt2.slack.smt2,sat,timeout,865.5467789173126,1200.009821176529
QF_LIA,no_clause_reduction,complete-full-list,full-only,/20180326-Bromberger/more_slacked/CAV_2009_benchmarks/smt/35-vars/v35_problem_2__029.smt2.slack.smt2,sat,timeout,788.0958478450775,1200.0125315189362
QF_LIA,no_clause_reduction,complete-full-list,full-only,/20180326-Bromberger/more_slacked/CAV_2009_benchmarks/smt/35-vars/v35_problem_2__030.smt2.slack.smt2,sat,timeout,898.2291159629822,1200.0161762237549
QF_LIA,no_clause_reduction,complete-full-list,full-only,/20180326-Bromberger/more_slacked/CAV_2009_benchmarks/smt/35-vars/v35_problem__014.smt2.slack.smt2,sat,timeout,831.5486531257629,1200.001378774643
QF_LIA,no_clause_reduction,complete-full-list,full-only,/20180326-Bromberger/more_slacked/CAV_2009_benchmarks/smt/35-vars/v35_problem__018.smt2.slack.smt2,sat,timeout,1020.1284418106079,1200.001449584961
QF_LIA,no_clause_reduction,complete-full-list,full-only,/20180326-Bromberger/more_slacked/CAV_2009_benchmarks/smt/35-vars/v35_problem__024.smt2.slack.smt2,sat,timeout,1159.1336734294891,1200.00102353096
QF_LIA,no_clause_reduction,complete-full-list,full-only,/20180326-Bromberger/more_slacked/CAV_2009_benchmarks/smt/35-vars/v35_problem__026.smt2.slack.smt2,sat,timeout,961.1815845966339,1200.001387834549
QF_LIA,no_clause_reduction,complete-full-list,full-only,/20180326-Bromberger/more_slacked/CAV_2009_benchmarks/smt/40-vars/v40_problem_2__006.smt2.slack.smt2,sat,timeout,746.9676835536957,1200.0168070793152
QF_LIA,no_clause_reduction,complete-full-list,full-only,/20180326-Bromberger/more_slacked/CAV_2009_benchmarks/smt/40-vars/v40_problem_2__019.smt2.slack.smt2,sat,timeout,792.9589667320251,1200.0094084739685
QF_LIA,no_clause_reduction,complete-full-list,full-only,/20180326-Bromberger/more_slacked/CAV_2009_benchmarks/smt/40-vars/v40_problem__011.smt2.slack.smt2,sat,timeout,1074.7528457641602,1200.0241281986237
QF_LIA,no_clause_reduction,complete-full-list,full-only,/20180326-Bromberger/more_slacked/CAV_2009_benchmarks/smt/40-vars/v40_problem__015.smt2.slack.smt2,sat,timeout,834.616174697876,1200.0020503997803
QF_LIA,no_clause_reduction,complete-full-list,full-only,/20180326-Bromberger/more_slacked/CAV_2009_benchmarks/smt/40-vars/v40_problem__020.smt2.slack.smt2,sat,timeout,748.886129617691,1200.0150780677795
QF_LIA,no_clause_reduction,complete-full-list,full-only,/20180326-Bromberger/more_slacked/CAV_2009_benchmarks/smt/45-vars/v45_problem_2__010.smt2.slack.smt2,sat,timeout,1049.593569278717,1200.0135910511017
QF_LIA,no_clause_reduction,complete-full-list,full-only,/20180326-Bromberger/more_slacked/CAV_2009_benchmarks/smt/45-vars/v45_problem__014.smt2.slack.smt2,sat,timeout,1067.0425724983215,1200.0170340538025
QF_LIA,no_clause_reduction,complete-full-list,full-only,/20180326-Bromberger/unbd-sage/unbd050v55c/unbd-sage12.smt2,sat,timeout,915.0144293308258,1200.0128698349
QF_LIA,no_clause_reduction,complete-full-list,full-only,/20180326-Bromberger/unbd-sage/unbd050v55c/unbd-sage13.smt2,sat,timeout,726.0759434700012,1200.0018513202667
QF_LIA,no_clause_reduction,complete-full-list,full-only,/20180326-Bromberger/unbd-sage/unbd050v55c/unbd-sage23.smt2,sat,timeout,758.2871751785278,1200.0006878376007
QF_LIA,no_clause_reduction,complete-full-list,full-only,/20180326-Bromberger/unbd-sage/unbd050v55c/unbd-sage9.smt2,sat,timeout,737.4743583202362,1200.003954410553
QF_LIA,no_clause_reduction,complete-full-list,full-only,/2019-cmodelsdiff/labyrinth/0125-labyrinth-23-0.smt2,sat,timeout,958.1717445850372,1200.000854253769
QF_LIA,no_clause_reduction,complete-full-list,full-only,/20210219-Dartagnan/ConcurrencySafety-Main/fib_bench_longest-1-O0.smt2,unsat,timeout,745.6808161735535,1200.0049076080322
QF_LIA,no_clause_reduction,complete-full-list,full-only,/20210219-Dartagnan/ConcurrencySafety-Main/fib_bench_longest-2-O0.smt2,unsat,timeout,673.5499186515808,1200.0175354480743
QF_LIA,no_clause_reduction,complete-full-list,ablated-only,/RWS/Example_10.txt.smt2,timeout,sat,1200.0014300346375,778.8437492847443
QF_LIA,no_clause_reduction,complete-full-list,full-only,/arctic-matrix/constraint-3187060.smt2,sat,timeout,959.5711188316345,1200.00692653656
QF_LIA,no_clause_reduction,complete-full-list,full-only,/arctic-matrix/constraint-551279.smt2,sat,timeout,626.0976152420044,1200.0161950588226
QF_LIA,no_clause_reduction,complete-full-list,full-only,/convert/convert-jpg2gif-query-1599.smt2,sat,timeout,1.165031909942627,1200.0150983333588
QF_LIA,no_clause_reduction,complete-full-list,full-only,/nec-smt/large/checkpass/prp-15-50.smt2,unsat,timeout,381.9456470012665,1200.0055758953094
QF_LIA,no_clause_reduction,complete-full-list,full-only,/nec-smt/large/checkpass_pwd/prp-13-50.smt2,sat,timeout,607.2483479976654,1200.0138719081879
QF_LIA,no_clause_reduction,complete-full-list,full-only,/nec-smt/large/checkpass_pwd/prp-14-48.smt2,sat,timeout,738.943915605545,1200.0177218914032
QF_LIA,no_clause_reduction,complete-full-list,full-only,/nec-smt/large/checkpass_pwd/prp-14-49.smt2,sat,timeout,1165.2673568725586,1200.0162613391876
QF_LIA,no_clause_reduction,complete-full-list,full-only,/nec-smt/large/checkpass_pwd/prp-14-50.smt2,sat,timeout,833.6801223754883,1200.000804901123
QF_LIA,no_clause_reduction,complete-full-list,full-only,/nec-smt/large/checkpass_pwd/prp-16-44.smt2,sat,timeout,464.1765122413635,1200.0075731277466
QF_LIA,no_clause_reduction,complete-full-list,full-only,/nec-smt/large/checkpass_pwd/prp-16-46.smt2,sat,timeout,560.5931074619293,1200.0153715610504
QF_LIA,no_clause_reduction,complete-full-list,full-only,/nec-smt/large/checkpass_pwd/prp-16-48.smt2,sat,timeout,613.1619777679443,1200.0141866207123
QF_LIA,no_clause_reduction,complete-full-list,full-only,/nec-smt/large/checkpass_pwd/prp-16-49.smt2,sat,timeout,706.1403152942657,1200.0082471370697
QF_LIA,no_clause_reduction,complete-full-list,full-only,/nec-smt/large/checkpass_pwd/prp-16-50.smt2,sat,timeout,810.0457081794739,1200.0165498256683
QF_LIA,no_clause_reduction,complete-full-list,full-only,/nec-smt/large/checkpass_pwd/prp-17-47.smt2,sat,timeout,629.1409718990326,1200.0024673938751
QF_LIA,no_clause_reduction,complete-full-list,full-only,/nec-smt/large/checkpass_pwd/prp-18-49.smt2,sat,timeout,642.674488067627,1200.0156779289246
QF_LIA,no_clause_reduction,complete-full-list,full-only,/nec-smt/large/checkpass_pwd/prp-18-50.smt2,sat,timeout,569.9306244850159,1200.0317635536194
QF_LIA,no_clause_reduction,complete-full-list,full-only,/nec-smt/large/checkpass_pwd/prp-19-49.smt2,sat,timeout,578.7032544612885,1200.0272343158722
QF_LIA,no_clause_reduction,complete-full-list,full-only,/nec-smt/large/checkpass_pwd/prp-19-50.smt2,sat,timeout,748.5111944675446,1200.0162715911865
QF_LIA,no_clause_reduction,complete-full-list,full-only,/nec-smt/large/checkpass_pwd/prp-20-50.smt2,sat,timeout,957.7929449081421,1200.0156881809235
QF_LIA,no_clause_reduction,complete-full-list,full-only,/nec-smt/large/checkpass_pwd/prp-22-50.smt2,sat,timeout,732.2697968482971,1200.0117111206055
QF_LIA,no_clause_reduction,complete-full-list,full-only,/nec-smt/large/checkpass_pwd/prp-24-48.smt2,sat,timeout,751.1954162120819,1200.015252828598
QF_LIA,no_clause_reduction,complete-full-list,full-only,/nec-smt/large/checkpass_pwd/prp-24-50.smt2,sat,timeout,829.4806261062622,1200.0081725120544
QF_LIA,no_clause_reduction,complete-full-list,full-only,/nec-smt/large/checkpass_pwd/prp-25-46.smt2,sat,timeout,395.4581370353699,1200.0137009620667
QF_LIA,no_clause_reduction,complete-full-list,full-only,/nec-smt/large/checkpass_pwd/prp-25-49.smt2,sat,timeout,588.4272873401642,1200.0054094791412
QF_LIA,no_clause_reduction,complete-full-list,full-only,/nec-smt/large/checkpass_pwd/prp-25-50.smt2,sat,timeout,612.2312474250793,1200.0099408626556
QF_LIA,no_clause_reduction,complete-full-list,full-only,/nec-smt/large/checkpass_pwd/prp-27-48.smt2,sat,timeout,811.0586812496185,1200.022756576538
QF_LIA,no_clause_reduction,complete-full-list,full-only,/nec-smt/large/checkpass_pwd/prp-27-49.smt2,sat,timeout,1046.5742931365967,1200.0014491081238
QF_LIA,no_clause_reduction,complete-full-list,full-only,/nec-smt/large/checkpass_pwd/prp-27-50.smt2,sat,timeout,824.184680223465,1200.0031678676605
QF_LIA,no_clause_reduction,complete-full-list,full-only,/nec-smt/large/checkpass_pwd/prp-28-48.smt2,sat,timeout,1087.3507866859436,1200.0008573532104
QF_LIA,no_clause_reduction,complete-full-list,full-only,/nec-smt/large/checkpass_pwd/prp-28-49.smt2,sat,timeout,638.2931318283081,1200.0009124279022
QF_LIA,no_clause_reduction,complete-full-list,full-only,/nec-smt/large/checkpass_pwd/prp-28-50.smt2,sat,timeout,1025.5966112613678,1200.001492023468
QF_LIA,no_clause_reduction,complete-full-list,full-only,/nec-smt/large/checkpass_pwd/prp-29-44.smt2,sat,timeout,510.1981363296509,1200.0008425712585
QF_LIA,no_clause_reduction,complete-full-list,full-only,/nec-smt/large/checkpass_pwd/prp-29-50.smt2,sat,timeout,1101.846347808838,1200.0157322883606
QF_LIA,no_clause_reduction,complete-full-list,full-only,/nec-smt/large/checkpass_pwd/prp-30-49.smt2,sat,timeout,562.2242674827576,1200.0154304504395
QF_LIA,no_clause_reduction,complete-full-list,full-only,/nec-smt/large/checkpass_pwd/prp-30-50.smt2,sat,timeout,697.3441407680511,1200.015188217163
QF_LIA,no_clause_reduction,complete-full-list,full-only,/nec-smt/large/checkpass_pwd/prp-32-46.smt2,sat,timeout,660.7707643508911,1200.003651857376
QF_LIA,no_clause_reduction,complete-full-list,full-only,/nec-smt/large/checkpass_pwd/prp-32-47.smt2,sat,timeout,662.1567323207855,1200.0124101638794
QF_LIA,no_clause_reduction,complete-full-list,full-only,/nec-smt/large/checkpass_pwd/prp-32-48.smt2,sat,timeout,660.9930446147919,1200.015208721161
QF_LIA,no_clause_reduction,complete-full-list,full-only,/nec-smt/large/checkpass_pwd/prp-32-49.smt2,sat,timeout,905.0826737880707,1200.015062570572
QF_LIA,no_clause_reduction,complete-full-list,full-only,/nec-smt/large/checkpass_pwd/prp-32-50.smt2,sat,timeout,1037.4896783828735,1200.014317035675
QF_LIA,no_clause_reduction,complete-full-list,full-only,/nec-smt/large/checkpass_pwd/prp-33-48.smt2,sat,timeout,925.7039499282837,1200.0138564109802
QF_LIA,no_clause_reduction,complete-full-list,full-only,/nec-smt/large/checkpass_pwd/prp-33-49.smt2,sat,timeout,738.9748890399933,1200.0008068084717
QF_LIA,no_clause_reduction,complete-full-list,full-only,/nec-smt/large/checkpass_pwd/prp-33-50.smt2,sat,timeout,607.0179426670074,1200.014971256256
QF_LIA,no_clause_reduction,complete-full-list,full-only,/nec-smt/large/checkpass_pwd/prp-34-47.smt2,sat,timeout,845.481098651886,1200.0104658603668
QF_LIA,no_clause_reduction,complete-full-list,full-only,/nec-smt/large/checkpass_pwd/prp-34-49.smt2,sat,timeout,778.2897834777832,1200.0161712169647
QF_LIA,no_clause_reduction,complete-full-list,full-only,/nec-smt/large/checkpass_pwd/prp-34-50.smt2,sat,timeout,1054.698975801468,1200.012663602829
QF_LIA,no_clause_reduction,complete-full-list,full-only,/nec-smt/large/checkpass_pwd/prp-35-46.smt2,unsat,timeout,1030.9614555835724,1200.0046195983887
QF_LIA,no_clause_reduction,complete-full-list,full-only,/nec-smt/large/checkpass_pwd/prp-36-45.smt2,sat,timeout,554.5817160606384,1200.0159893035889
QF_LIA,no_clause_reduction,complete-full-list,full-only,/nec-smt/large/checkpass_pwd/prp-36-47.smt2,sat,timeout,1108.770503282547,1200.013653755188
QF_LIA,no_clause_reduction,complete-full-list,full-only,/nec-smt/large/checkpass_pwd/prp-36-49.smt2,sat,timeout,906.1914119720459,1200.003344297409
QF_LIA,no_clause_reduction,complete-full-list,full-only,/nec-smt/large/checkpass_pwd/prp-36-50.smt2,sat,timeout,853.7642512321472,1200.0070095062256
QF_LIA,no_clause_reduction,complete-full-list,full-only,/nec-smt/large/checkpass_pwd/prp-37-47.smt2,unsat,timeout,936.4639456272125,1200.000947713852
QF_LIA,no_clause_reduction,complete-full-list,full-only,/nec-smt/large/checkpass_pwd/prp-38-47.smt2,sat,timeout,644.6610376834869,1200.0139982700348
QF_LIA,no_clause_reduction,complete-full-list,full-only,/nec-smt/large/checkpass_pwd/prp-38-48.smt2,sat,timeout,1039.781082868576,1200.0079202651978
QF_LIA,no_clause_reduction,complete-full-list,full-only,/nec-smt/large/checkpass_pwd/prp-38-49.smt2,sat,timeout,765.988080739975,1200.0130624771118
QF_LIA,no_clause_reduction,complete-full-list,full-only,/nec-smt/large/checkpass_pwd/prp-39-45.smt2,sat,timeout,560.2842557430267,1200.010945558548
QF_LIA,no_clause_reduction,complete-full-list,full-only,/nec-smt/large/checkpass_pwd/prp-39-46.smt2,sat,timeout,732.8604438304901,1200.0176033973694
QF_LIA,no_clause_reduction,complete-full-list,full-only,/nec-smt/large/checkpass_pwd/prp-39-47.smt2,sat,timeout,929.431578874588,1200.0189399719238
QF_LIA,no_clause_reduction,complete-full-list,full-only,/nec-smt/large/checkpass_pwd/prp-39-48.smt2,sat,timeout,906.6777715682983,1200.017838716507
QF_LIA,no_clause_reduction,complete-full-list,full-only,/nec-smt/large/checkpass_pwd/prp-39-49.smt2,sat,timeout,1154.9247767925262,1200.0289027690887
QF_LIA,no_clause_reduction,complete-full-list,full-only,/nec-smt/large/checkpass_pwd/prp-4-49.smt2,sat,timeout,832.1716644763947,1200.0154547691345
QF_LIA,no_clause_reduction,complete-full-list,full-only,/nec-smt/large/checkpass_pwd/prp-40-47.smt2,sat,timeout,823.1182715892792,1200.0046346187592
QF_LIA,no_clause_reduction,complete-full-list,full-only,/nec-smt/large/checkpass_pwd/prp-40-48.smt2,sat,timeout,791.1143417358398,1200.0103557109833
QF_LIA,no_clause_reduction,complete-full-list,full-only,/nec-smt/large/checkpass_pwd/prp-40-49.smt2,sat,timeout,1047.0571568012238,1200.021698474884
QF_LIA,no_clause_reduction,complete-full-list,full-only,/nec-smt/large/checkpass_pwd/prp-40-50.smt2,sat,timeout,919.0175914764404,1200.0008475780487
QF_LIA,no_clause_reduction,complete-full-list,full-only,/nec-smt/large/checkpass_pwd/prp-41-45.smt2,sat,timeout,613.0113823413849,1200.029978275299
QF_LIA,no_clause_reduction,complete-full-list,full-only,/nec-smt/large/checkpass_pwd/prp-41-47.smt2,sat,timeout,1093.8158388137817,1200.0153169631958
QF_LIA,no_clause_reduction,complete-full-list,full-only,/nec-smt/large/checkpass_pwd/prp-41-48.smt2,sat,timeout,1078.9350686073303,1200.01122879982
QF_LIA,no_clause_reduction,complete-full-list,full-only,/nec-smt/large/checkpass_pwd/prp-42-45.smt2,sat,timeout,658.0185010433197,1200.0119650363922
QF_LIA,no_clause_reduction,complete-full-list,full-only,/nec-smt/large/checkpass_pwd/prp-42-47.smt2,sat,timeout,1094.2947413921356,1200.0061209201813
QF_LIA,no_clause_reduction,complete-full-list,full-only,/nec-smt/large/checkpass_pwd/prp-42-49.smt2,sat,timeout,1125.8843371868134,1200.0040035247803
QF_LIA,no_clause_reduction,complete-full-list,full-only,/nec-smt/large/checkpass_pwd/prp-42-50.smt2,sat,timeout,1153.2500026226044,1200.0162587165833
QF_LIA,no_clause_reduction,complete-full-list,full-only,/nec-smt/large/checkpass_pwd/prp-43-46.smt2,sat,timeout,790.9893412590027,1200.0032227039337
QF_LIA,no_clause_reduction,complete-full-list,full-only,/nec-smt/large/checkpass_pwd/prp-43-47.smt2,sat,timeout,639.2063398361206,1200.0097832679749
QF_LIA,no_clause_reduction,complete-full-list,full-only,/nec-smt/large/checkpass_pwd/prp-43-48.smt2,sat,timeout,718.8798282146454,1200.0166475772858
QF_LIA,no_clause_reduction,complete-full-list,full-only,/nec-smt/large/checkpass_pwd/prp-43-49.smt2,sat,timeout,1025.2651932239532,1200.0048804283142
QF_LIA,no_clause_reduction,complete-full-list,full-only,/nec-smt/large/checkpass_pwd/prp-44-44.smt2,unsat,timeout,654.5423390865326,1200.000877380371
QF_LIA,no_clause_reduction,complete-full-list,full-only,/nec-smt/large/checkpass_pwd/prp-44-48.smt2,sat,timeout,796.1411461830139,1200.0007994174957
QF_LIA,no_clause_reduction,complete-full-list,full-only,/nec-smt/large/checkpass_pwd/prp-44-50.smt2,sat,timeout,946.7867374420166,1200.0159850120544
QF_LIA,no_clause_reduction,complete-full-list,full-only,/nec-smt/large/checkpass_pwd/prp-45-44.smt2,unsat,timeout,508.08951020240784,1200.007975578308
QF_LIA,no_clause_reduction,complete-full-list,full-only,/nec-smt/large/checkpass_pwd/prp-45-46.smt2,sat,timeout,644.6624045372009,1200.0308978557587
QF_LIA,no_clause_reduction,complete-full-list,full-only,/nec-smt/large/checkpass_pwd/prp-45-47.smt2,sat,timeout,1056.8771283626556,1200.0156581401825
QF_LIA,no_clause_reduction,complete-full-list,full-only,/nec-smt/large/checkpass_pwd/prp-45-48.smt2,sat,timeout,1018.9180116653442,1200.0278325080872
QF_LIA,no_clause_reduction,complete-full-list,full-only,/nec-smt/large/checkpass_pwd/prp-45-49.smt2,sat,timeout,1188.3485918045044,1200.0128238201141
QF_LIA,no_clause_reduction,complete-full-list,full-only,/nec-smt/large/checkpass_pwd/prp-46-48.smt2,sat,timeout,784.881462097168,1200.0206689834595
QF_LIA,no_clause_reduction,complete-full-list,full-only,/nec-smt/large/checkpass_pwd/prp-46-49.smt2,sat,timeout,1055.1029181480408,1200.010171175003
QF_LIA,no_clause_reduction,complete-full-list,full-only,/nec-smt/large/checkpass_pwd/prp-47-45.smt2,sat,timeout,682.3240423202515,1200.0079474449158
QF_LIA,no_clause_reduction,complete-full-list,full-only,/nec-smt/large/checkpass_pwd/prp-47-47.smt2,sat,timeout,1006.4028599262238,1200.0018141269684
QF_LIA,no_clause_reduction,complete-full-list,full-only,/nec-smt/large/checkpass_pwd/prp-47-48.smt2,sat,timeout,972.0372178554535,1200.0126218795776
QF_LIA,no_clause_reduction,complete-full-list,full-only,/nec-smt/large/checkpass_pwd/prp-47-49.smt2,sat,timeout,849.9085776805878,1200.0028564929962
QF_LIA,no_clause_reduction,complete-full-list,full-only,/nec-smt/large/checkpass_pwd/prp-48-47.smt2,sat,timeout,906.7214872837067,1212.0117683410645
QF_LIA,no_clause_reduction,complete-full-list,full-only,/nec-smt/large/checkpass_pwd/prp-48-48.smt2,unsat,timeout,1139.3438379764557,1200.0138623714447
QF_LIA,no_clause_reduction,complete-full-list,full-only,/nec-smt/large/checkpass_pwd/prp-48-49.smt2,sat,timeout,853.3548316955566,1200.015165090561
QF_LIA,no_clause_reduction,complete-full-list,full-only,/nec-smt/large/checkpass_pwd/prp-49-46.smt2,unsat,timeout,451.06528544425964,1200.0137014389038
QF_LIA,no_clause_reduction,complete-full-list,full-only,/nec-smt/large/checkpass_pwd/prp-49-47.smt2,sat,timeout,1112.793152332306,1200.0046498775482
QF_LIA,no_clause_reduction,complete-full-list,full-only,/nec-smt/large/checkpass_pwd/prp-49-48.smt2,unsat,timeout,1131.5031752586365,1200.0040829181671
QF_LIA,no_clause_reduction,complete-full-list,full-only,/nec-smt/large/checkpass_pwd/prp-5-48.smt2,sat,timeout,772.096204996109,1200.0269515514374
QF_LIA,no_clause_reduction,complete-full-list,full-only,/nec-smt/large/checkpass_pwd/prp-5-49.smt2,sat,timeout,690.2797892093658,1200.0258316993713
QF_LIA,no_clause_reduction,complete-full-list,full-only,/nec-smt/large/checkpass_pwd/prp-5-50.smt2,sat,timeout,1114.5424666404724,1200.0103933811188
QF_LIA,no_clause_reduction,complete-full-list,full-only,/nec-smt/large/checkpass_pwd/prp-50-45.smt2,unsat,timeout,578.6003987789154,1200.012324333191
QF_LIA,no_clause_reduction,complete-full-list,full-only,/nec-smt/large/checkpass_pwd/prp-50-47.smt2,sat,timeout,620.1022388935089,1200.0081763267517
QF_LIA,no_clause_reduction,complete-full-list,full-only,/nec-smt/large/checkpass_pwd/prp-50-49.smt2,sat,timeout,1146.0239419937134,1200.0008344650269
QF_LIA,no_clause_reduction,complete-full-list,full-only,/nec-smt/large/checkpass_pwd/prp-51-45.smt2,unsat,timeout,581.8232042789459,1200.0176076889038
QF_LIA,no_clause_reduction,complete-full-list,full-only,/nec-smt/large/checkpass_pwd/prp-51-48.smt2,unsat,timeout,874.4071755409241,1200.0222098827362
QF_LIA,no_clause_reduction,complete-full-list,full-only,/nec-smt/large/checkpass_pwd/prp-51-49.smt2,sat,timeout,1068.768767118454,1200.0064544677734
QF_LIA,no_clause_reduction,complete-full-list,full-only,/nec-smt/large/checkpass_pwd/prp-52-47.smt2,unsat,timeout,684.9260263442993,1200.0008594989777
QF_LIA,no_clause_reduction,complete-full-list,full-only,/nec-smt/large/checkpass_pwd/prp-52-48.smt2,unsat,timeout,833.3041570186615,1200.025162935257
QF_LIA,no_clause_reduction,complete-full-list,full-only,/nec-smt/large/checkpass_pwd/prp-52-50.smt2,unsat,timeout,970.0586109161377,1200.019478559494
QF_LIA,no_clause_reduction,complete-full-list,full-only,/nec-smt/large/checkpass_pwd/prp-53-48.smt2,unsat,timeout,1121.580046415329,1200.0008413791656
QF_LIA,no_clause_reduction,complete-full-list,full-only,/nec-smt/large/checkpass_pwd/prp-53-49.smt2,unsat,timeout,1074.5910332202911,1200.0041177272797
QF_LIA,no_clause_reduction,complete-full-list,full-only,/nec-smt/large/checkpass_pwd/prp-53-50.smt2,unsat,timeout,952.6745173931122,1200.0143265724182
QF_LIA,no_clause_reduction,complete-full-list,full-only,/nec-smt/large/checkpass_pwd/prp-54-47.smt2,unsat,timeout,636.58611536026,1200.0113878250122
QF_LIA,no_clause_reduction,complete-full-list,full-only,/nec-smt/large/checkpass_pwd/prp-54-48.smt2,sat,timeout,749.7263076305389,1200.0106494426727
QF_LIA,no_clause_reduction,complete-full-list,full-only,/nec-smt/large/checkpass_pwd/prp-55-47.smt2,unsat,timeout,904.0944776535034,1200.0204019546509
QF_LIA,no_clause_reduction,complete-full-list,full-only,/nec-smt/large/checkpass_pwd/prp-55-48.smt2,unsat,timeout,991.3404221534729,1200.0202486515045
QF_LIA,no_clause_reduction,complete-full-list,full-only,/nec-smt/large/checkpass_pwd/prp-55-49.smt2,unsat,timeout,763.3667371273041,1200.0231721401215
QF_LIA,no_clause_reduction,complete-full-list,full-only,/nec-smt/large/checkpass_pwd/prp-55-50.smt2,unsat,timeout,924.3389155864716,1200.0008597373962
QF_LIA,no_clause_reduction,complete-full-list,full-only,/nec-smt/large/checkpass_pwd/prp-56-48.smt2,unsat,timeout,731.3925311565399,1200.0149431228638
QF_LIA,no_clause_reduction,complete-full-list,full-only,/nec-smt/large/checkpass_pwd/prp-56-50.smt2,sat,timeout,1151.8646397590637,1200.0370128154755
QF_LIA,no_clause_reduction,complete-full-list,full-only,/nec-smt/large/checkpass_pwd/prp-57-47.smt2,unsat,timeout,826.2936000823975,1200.0078690052032
QF_LIA,no_clause_reduction,complete-full-list,full-only,/nec-smt/large/checkpass_pwd/prp-57-48.smt2,unsat,timeout,607.2715022563934,1200.004328250885
QF_LIA,no_clause_reduction,complete-full-list,full-only,/nec-smt/large/checkpass_pwd/prp-57-49.smt2,unsat,timeout,811.4394385814667,1200.0146026611328
QF_LIA,no_clause_reduction,complete-full-list,full-only,/nec-smt/large/checkpass_pwd/prp-57-50.smt2,unsat,timeout,873.3541717529297,1200.0126705169678
QF_LIA,no_clause_reduction,complete-full-list,full-only,/nec-smt/large/checkpass_pwd/prp-58-47.smt2,unsat,timeout,743.6620585918427,1200.012092590332
QF_LIA,no_clause_reduction,complete-full-list,full-only,/nec-smt/large/checkpass_pwd/prp-58-50.smt2,unsat,timeout,637.2641220092773,1200.0213694572449
QF_LIA,no_clause_reduction,complete-full-list,full-only,/nec-smt/large/checkpass_pwd/prp-59-49.smt2,unsat,timeout,820.4771153926849,1200.003962278366
QF_LIA,no_clause_reduction,complete-full-list,full-only,/nec-smt/large/checkpass_pwd/prp-60-49.smt2,unsat,timeout,915.155410528183,1200.007243156433
QF_LIA,no_clause_reduction,complete-full-list,full-only,/nec-smt/large/checkpass_pwd/prp-60-50.smt2,unsat,timeout,797.622477054596,1200.0008492469788
QF_LIA,no_clause_reduction,complete-full-list,full-only,/nec-smt/large/checkpass_pwd/prp-61-49.smt2,unsat,timeout,632.9946031570435,1200.0197219848633
QF_LIA,no_clause_reduction,complete-full-list,full-only,/nec-smt/large/checkpass_pwd/prp-61-50.smt2,unsat,timeout,1021.9229571819305,1200.0155098438263
QF_LIA,no_clause_reduction,complete-full-list,full-only,/nec-smt/large/checkpass_pwd/prp-62-50.smt2,unsat,timeout,936.4279716014862,1200.0013399124146
QF_LIA,no_clause_reduction,complete-full-list,full-only,/nec-smt/large/checkpass_pwd/prp-7-46.smt2,sat,timeout,428.7359082698822,1200.0204980373383
QF_LIA,no_clause_reduction,complete-full-list,full-only,/nec-smt/large/checkpass_pwd/prp-7-47.smt2,sat,timeout,722.7331519126892,1200.0158653259277
QF_LIA,no_clause_reduction,complete-full-list,full-only,/nec-smt/large/checkpass_pwd/prp-7-48.smt2,sat,timeout,919.651698589325,1200.0144698619843
QF_LIA,no_clause_reduction,complete-full-list,full-only,/nec-smt/large/checkpass_pwd/prp-7-49.smt2,sat,timeout,804.5945823192596,1200.0171570777893
QF_LIA,no_clause_reduction,complete-full-list,full-only,/nec-smt/large/checkpass_pwd/prp-7-50.smt2,sat,timeout,1027.9766070842743,1200.0092015266418
QF_LIA,no_clause_reduction,complete-full-list,full-only,/nec-smt/large/checkpass_pwd/prp-8-46.smt2,sat,timeout,553.0253384113312,1200.0089910030365
QF_LIA,no_clause_reduction,complete-full-list,full-only,/nec-smt/large/checkpass_pwd/prp-8-48.smt2,sat,timeout,727.2548449039459,1200.0092458724976
QF_LIA,no_clause_reduction,complete-full-list,full-only,/nec-smt/large/checkpass_pwd/prp-8-49.smt2,sat,timeout,1048.5637068748474,1200.0150711536407
QF_LIA,no_clause_reduction,complete-full-list,full-only,/nec-smt/large/checkpass_pwd/prp-8-50.smt2,sat,timeout,1125.1258392333984,1200.0068621635437
QF_LIA,no_clause_reduction,complete-full-list,full-only,/nec-smt/large/getoption_directories/prp-8-50.smt2,sat,timeout,256.99100160598755,1200.054223537445
QF_LIA,no_clause_reduction,complete-full-list,full-only,/nec-smt/large/getoption_user/prp-0-47.smt2,sat,timeout,428.75487899780273,1286.09445977211
QF_LIA,no_clause_reduction,complete-full-list,full-only,/nec-smt/large/getoption_user/prp-0-50.smt2,sat,wrapper-timeout,712.3871994018555,1200
QF_LIA,no_clause_reduction,complete-full-list,full-only,/nec-smt/large/getoption_user/prp-1-47.smt2,sat,timeout,411.18696308135986,1200.0039944648743
QF_LIA,no_clause_reduction,complete-full-list,full-only,/nec-smt/large/getoption_user/prp-1-48.smt2,sat,wrapper-timeout,731.7243325710297,1200
QF_LIA,no_clause_reduction,complete-full-list,full-only,/nec-smt/large/getoption_user/prp-1-50.smt2,sat,timeout,598.4879925251007,1200.0100371837616
QF_LIA,no_clause_reduction,complete-full-list,full-only,/nec-smt/large/getoption_user/prp-10-48.smt2,unsat,timeout,159.66161584854126,1200.0066301822662
QF_LIA,no_clause_reduction,complete-full-list,full-only,/nec-smt/large/getoption_user/prp-10-49.smt2,unsat,timeout,234.08556413650513,1200.4957373142242
QF_LIA,no_clause_reduction,complete-full-list,full-only,/nec-smt/large/getoption_user/prp-10-50.smt2,unsat,timeout,219.8114790916443,1200.016403913498
QF_LIA,no_clause_reduction,complete-full-list,full-only,/nec-smt/large/getoption_user/prp-11-50.smt2,unsat,wrapper-timeout,296.9848802089691,1200
QF_LIA,no_clause_reduction,complete-full-list,full-only,/nec-smt/large/getoption_user/prp-12-47.smt2,sat,timeout,448.56819248199463,1442.4721438884735
QF_LIA,no_clause_reduction,complete-full-list,full-only,/nec-smt/large/getoption_user/prp-12-48.smt2,sat,timeout,375.14245653152466,1270.9268774986267
QF_LIA,no_clause_reduction,complete-full-list,full-only,/nec-smt/large/getoption_user/prp-12-49.smt2,sat,timeout,479.2008304595947,1200.0116248130798
QF_LIA,no_clause_reduction,complete-full-list,full-only,/nec-smt/large/getoption_user/prp-12-50.smt2,sat,timeout,588.4317457675934,1429.5635361671448
QF_LIA,no_clause_reduction,complete-full-list,full-only,/nec-smt/large/getoption_user/prp-13-50.smt2,unsat,wrapper-timeout,267.30437088012695,1200
QF_LIA,no_clause_reduction,complete-full-list,full-only,/nec-smt/large/getoption_user/prp-14-46.smt2,sat,timeout,297.5541265010834,1299.8000664710999
QF_LIA,no_clause_reduction,complete-full-list,full-only,/nec-smt/large/getoption_user/prp-14-50.smt2,sat,timeout,369.0356676578522,1398.9564263820648
QF_LIA,no_clause_reduction,complete-full-list,full-only,/nec-smt/large/getoption_user/prp-15-46.smt2,sat,timeout,265.9680995941162,1489.268988609314
QF_LIA,no_clause_reduction,complete-full-list,full-only,/nec-smt/large/getoption_user/prp-15-48.smt2,sat,timeout,279.2258517742157,1351.2347269058228
QF_LIA,no_clause_reduction,complete-full-list,full-only,/nec-smt/large/getoption_user/prp-15-49.smt2,sat,timeout,517.069269657135,1200.0461723804474
QF_LIA,no_clause_reduction,complete-full-list,full-only,/nec-smt/large/getoption_user/prp-15-50.smt2,sat,timeout,422.95945835113525,1247.3856036663055
QF_LIA,no_clause_reduction,complete-full-list,full-only,/nec-smt/large/getoption_user/prp-17-50.smt2,unsat,wrapper-timeout,213.24360132217407,1200
QF_LIA,no_clause_reduction,complete-full-list,full-only,/nec-smt/large/getoption_user/prp-18-48.smt2,sat,timeout,429.640611410141,1249.8269970417023
QF_LIA,no_clause_reduction,complete-full-list,full-only,/nec-smt/large/getoption_user/prp-18-49.smt2,sat,timeout,389.8906760215759,1400.6230990886688
QF_LIA,no_clause_reduction,complete-full-list,full-only,/nec-smt/large/getoption_user/prp-18-50.smt2,sat,wrapper-timeout,508.6243431568146,1200
QF_LIA,no_clause_reduction,complete-full-list,full-only,/nec-smt/large/getoption_user/prp-2-47.smt2,unsat,timeout,337.07874393463135,1200.0140364170074
QF_LIA,no_clause_reduction,complete-full-list,full-only,/nec-smt/large/getoption_user/prp-2-49.smt2,unsat,timeout,334.0987584590912,1200.0090692043304
QF_LIA,no_clause_reduction,complete-full-list,full-only,/nec-smt/large/getoption_user/prp-20-46.smt2,sat,timeout,184.2038130760193,1418.965038061142
QF_LIA,no_clause_reduction,complete-full-list,full-only,/nec-smt/large/getoption_user/prp-20-48.smt2,sat,wrapper-timeout,218.48644042015076,1200
QF_LIA,no_clause_reduction,complete-full-list,full-only,/nec-smt/large/getoption_user/prp-20-49.smt2,sat,wrapper-timeout,267.6772756576538,1200
QF_LIA,no_clause_reduction,complete-full-list,full-only,/nec-smt/large/getoption_user/prp-20-50.smt2,sat,timeout,642.2044632434845,1200.0299232006073
QF_LIA,no_clause_reduction,complete-full-list,full-only,/nec-smt/large/getoption_user/prp-21-48.smt2,sat,timeout,467.4407684803009,1271.8089706897736
QF_LIA,no_clause_reduction,complete-full-list,full-only,/nec-smt/large/getoption_user/prp-21-49.smt2,sat,timeout,415.4807233810425,1200.0083224773407
QF_LIA,no_clause_reduction,complete-full-list,full-only,/nec-smt/large/getoption_user/prp-21-50.smt2,sat,wrapper-timeout,603.7405910491943,1200
QF_LIA,no_clause_reduction,complete-full-list,full-only,/nec-smt/large/getoption_user/prp-23-49.smt2,unsat,timeout,326.2945864200592,1200.0132491588593
QF_LIA,no_clause_reduction,complete-full-list,full-only,/nec-smt/large/getoption_user/prp-24-48.smt2,sat,timeout,368.84731125831604,1200.0287413597107
QF_LIA,no_clause_reduction,complete-full-list,full-only,/nec-smt/large/getoption_user/prp-24-49.smt2,sat,timeout,488.909707069397,1463.6701278686523
QF_LIA,no_clause_reduction,complete-full-list,full-only,/nec-smt/large/getoption_user/prp-24-50.smt2,sat,timeout,642.0429685115814,1250.1519131660461
QF_LIA,no_clause_reduction,complete-full-list,full-only,/nec-smt/large/getoption_user/prp-26-49.smt2,sat,timeout,587.4587225914001,1200.0376012325287
QF_LIA,no_clause_reduction,complete-full-list,full-only,/nec-smt/large/getoption_user/prp-26-50.smt2,sat,timeout,488.3202660083771,1276.6808733940125
QF_LIA,no_clause_reduction,complete-full-list,full-only,/nec-smt/large/getoption_user/prp-27-46.smt2,sat,timeout,395.9864823818207,1200.3689639568329
QF_LIA,no_clause_reduction,complete-full-list,full-only,/nec-smt/large/getoption_user/prp-27-50.smt2,sat,timeout,496.2817807197571,1390.152393579483
QF_LIA,no_clause_reduction,complete-full-list,full-only,/nec-smt/large/getoption_user/prp-28-48.smt2,unsat,timeout,285.2553040981293,1200.0008382797241
QF_LIA,no_clause_reduction,complete-full-list,full-only,/nec-smt/large/getoption_user/prp-28-49.smt2,unsat,timeout,294.91253113746643,1200.6374802589417
QF_LIA,no_clause_reduction,complete-full-list,full-only,/nec-smt/large/getoption_user/prp-29-48.smt2,unsat,wrapper-timeout,258.53328704833984,1200
QF_LIA,no_clause_reduction,complete-full-list,full-only,/nec-smt/large/getoption_user/prp-3-47.smt2,unsat,timeout,301.7203276157379,1200.0009505748749
QF_LIA,no_clause_reduction,complete-full-list,full-only,/nec-smt/large/getoption_user/prp-30-48.smt2,unsat,timeout,269.77627968788147,1200.0187215805054
QF_LIA,no_clause_reduction,complete-full-list,full-only,/nec-smt/large/getoption_user/prp-30-49.smt2,unsat,wrapper-timeout,341.09766840934753,1200
QF_LIA,no_clause_reduction,complete-full-list,full-only,/nec-smt/large/getoption_user/prp-30-50.smt2,unsat,wrapper-timeout,392.36549043655396,1200
QF_LIA,no_clause_reduction,complete-full-list,full-only,/nec-smt/large/getoption_user/prp-31-47.smt2,sat,timeout,252.68675231933594,1200.0032646656036
QF_LIA,no_clause_reduction,complete-full-list,full-only,/nec-smt/large/getoption_user/prp-31-49.smt2,sat,wrapper-timeout,491.2870030403137,1200
QF_LIA,no_clause_reduction,complete-full-list,full-only,/nec-smt/large/getoption_user/prp-31-50.smt2,sat,timeout,567.9279148578644,1411.8237888813019
QF_LIA,no_clause_reduction,complete-full-list,full-only,/nec-smt/large/getoption_user/prp-32-47.smt2,unsat,timeout,222.68080067634583,1407.5936155319214
QF_LIA,no_clause_reduction,complete-full-list,full-only,/nec-smt/large/getoption_user/prp-32-49.smt2,unsat,timeout,320.06018328666687,1200.015653848648
QF_LIA,no_clause_reduction,complete-full-list,full-only,/nec-smt/large/getoption_user/prp-32-50.smt2,unsat,timeout,315.1947093009949,1200.0016462802887
QF_LIA,no_clause_reduction,complete-full-list,full-only,/nec-smt/large/getoption_user/prp-33-50.smt2,unsat,wrapper-timeout,479.7188546657562,1200
QF_LIA,no_clause_reduction,complete-full-list,full-only,/nec-smt/large/getoption_user/prp-34-46.smt2,sat,timeout,226.47973799705505,1200.0245532989502
QF_LIA,no_clause_reduction,complete-full-list,full-only,/nec-smt/large/getoption_user/prp-34-50.smt2,unsat,timeout,338.4180123806,1255.5106408596039
QF_LIA,no_clause_reduction,complete-full-list,full-only,/nec-smt/large/getoption_user/prp-35-47.smt2,sat,timeout,306.12885546684265,1361.9121401309967
QF_LIA,no_clause_reduction,complete-full-list,full-only,/nec-smt/large/getoption_user/prp-35-48.smt2,sat,timeout,417.8972954750061,1211.3769054412842
QF_LIA,no_clause_reduction,complete-full-list,full-only,/nec-smt/large/getoption_user/prp-35-49.smt2,sat,timeout,402.63993215560913,1202.9497389793396
QF_LIA,no_clause_reduction,complete-full-list,full-only,/nec-smt/large/getoption_user/prp-35-50.smt2,sat,timeout,589.5080699920654,1200.0427424907684
QF_LIA,no_clause_reduction,complete-full-list,full-only,/nec-smt/large/getoption_user/prp-36-46.smt2,sat,timeout,265.0619397163391,1201.5006380081177
QF_LIA,no_clause_reduction,complete-full-list,full-only,/nec-smt/large/getoption_user/prp-36-49.smt2,sat,timeout,445.811066865921,1223.528740644455
QF_LIA,no_clause_reduction,complete-full-list,full-only,/nec-smt/large/getoption_user/prp-36-50.smt2,sat,wrapper-timeout,414.13504338264465,1200
QF_LIA,no_clause_reduction,complete-full-list,full-only,/nec-smt/large/getoption_user/prp-37-48.smt2,unsat,timeout,235.303462266922,1200.0123045444489
QF_LIA,no_clause_reduction,complete-full-list,full-only,/nec-smt/large/getoption_user/prp-38-49.smt2,unsat,wrapper-timeout,222.92203855514526,1200
QF_LIA,no_clause_reduction,complete-full-list,full-only,/nec-smt/large/getoption_user/prp-39-50.smt2,sat,wrapper-timeout,351.8378713130951,1200
QF_LIA,no_clause_reduction,complete-full-list,full-only,/nec-smt/large/getoption_user/prp-4-46.smt2,sat,timeout,409.97587752342224,1245.0537424087524
QF_LIA,no_clause_reduction,complete-full-list,full-only,/nec-smt/large/getoption_user/prp-4-48.smt2,sat,wrapper-timeout,418.7617747783661,1200
QF_LIA,no_clause_reduction,complete-full-list,full-only,/nec-smt/large/getoption_user/prp-4-49.smt2,sat,timeout,486.4180097579956,1295.7775597572327
QF_LIA,no_clause_reduction,complete-full-list,full-only,/nec-smt/large/getoption_user/prp-40-49.smt2,unsat,timeout,371.8995428085327,1374.86123919487
QF_LIA,no_clause_reduction,complete-full-list,full-only,/nec-smt/large/getoption_user/prp-40-50.smt2,unsat,timeout,277.7583532333374,1371.9838571548462
QF_LIA,no_clause_reduction,complete-full-list,full-only,/nec-smt/large/getoption_user/prp-42-50.smt2,unsat,timeout,298.24934124946594,1342.9716775417328
QF_LIA,no_clause_reduction,complete-full-list,full-only,/nec-smt/large/getoption_user/prp-44-50.smt2,unsat,timeout,341.98033261299133,1200.1476185321808
QF_LIA,no_clause_reduction,complete-full-list,full-only,/nec-smt/large/getoption_user/prp-45-50.smt2,unsat,timeout,369.500990152359,1435.7269361019135
QF_LIA,no_clause_reduction,complete-full-list,full-only,/nec-smt/large/getoption_user/prp-46-50.smt2,unsat,wrapper-timeout,251.59388494491577,1200
QF_LIA,no_clause_reduction,complete-full-list,full-only,/nec-smt/large/getoption_user/prp-47-49.smt2,unsat,timeout,201.9027454853058,1212.799067735672
QF_LIA,no_clause_reduction,complete-full-list,full-only,/nec-smt/large/getoption_user/prp-48-49.smt2,unsat,timeout,227.56974411010742,1224.932992696762
QF_LIA,no_clause_reduction,complete-full-list,full-only,/nec-smt/large/getoption_user/prp-48-50.smt2,unsat,timeout,354.89197516441345,1200.0788824558258
QF_LIA,no_clause_reduction,complete-full-list,full-only,/nec-smt/large/getoption_user/prp-49-49.smt2,unsat,timeout,297.22913932800293,1249.7412512302399
QF_LIA,no_clause_reduction,complete-full-list,full-only,/nec-smt/large/getoption_user/prp-5-47.smt2,sat,timeout,302.30482625961304,1200.0209157466888
QF_LIA,no_clause_reduction,complete-full-list,full-only,/nec-smt/large/getoption_user/prp-5-49.smt2,sat,timeout,820.1787831783295,1250.0767030715942
QF_LIA,no_clause_reduction,complete-full-list,full-only,/nec-smt/large/getoption_user/prp-5-50.smt2,sat,timeout,675.5203306674957,1200.0099008083344
QF_LIA,no_clause_reduction,complete-full-list,full-only,/nec-smt/large/getoption_user/prp-50-50.smt2,sat,timeout,468.8893930912018,1200.0107069015503
QF_LIA,no_clause_reduction,complete-full-list,full-only,/nec-smt/large/getoption_user/prp-51-50.smt2,unsat,timeout,223.25994205474854,1200.0161542892456
QF_LIA,no_clause_reduction,complete-full-list,full-only,/nec-smt/large/getoption_user/prp-6-47.smt2,sat,timeout,274.89156675338745,1277.9502246379852
QF_LIA,no_clause_reduction,complete-full-list,full-only,/nec-smt/large/getoption_user/prp-6-48.smt2,sat,timeout,298.72268295288086,1288.0848088264465
QF_LIA,no_clause_reduction,complete-full-list,full-only,/nec-smt/large/getoption_user/prp-6-49.smt2,sat,timeout,330.46501541137695,1200.0020282268524
QF_LIA,no_clause_reduction,complete-full-list,full-only,/nec-smt/large/getoption_user/prp-6-50.smt2,sat,timeout,537.9926631450653,1252.3087639808655
QF_LIA,no_clause_reduction,complete-full-list,full-only,/nec-smt/large/getoption_user/prp-7-47.smt2,sat,timeout,232.97321271896362,1225.987263917923
QF_LIA,no_clause_reduction,complete-full-list,full-only,/nec-smt/large/getoption_user/prp-7-49.smt2,sat,timeout,345.7026376724243,1251.0189549922943
QF_LIA,no_clause_reduction,complete-full-list,full-only,/nec-smt/large/getoption_user/prp-7-50.smt2,sat,timeout,694.2943339347839,1440.2235159873962
QF_LIA,no_clause_reduction,complete-full-list,full-only,/nec-smt/large/getoption_user/prp-8-50.smt2,unsat,timeout,318.74094104766846,1395.142150402069
QF_LIA,no_clause_reduction,complete-full-list,full-only,/nec-smt/large/user_is_in_group/prp-0-48.smt2,sat,timeout,512.8994514942169,1200.0197463035583
QF_LIA,no_clause_reduction,complete-full-list,full-only,/nec-smt/large/user_is_in_group/prp-1-47.smt2,sat,timeout,773.1086986064911,1200.015778541565
QF_LIA,no_clause_reduction,complete-full-list,full-only,/nec-smt/large/user_is_in_group/prp-1-48.smt2,sat,timeout,556.8084058761597,1200.000961780548
QF_LIA,no_clause_reduction,complete-full-list,full-only,/nec-smt/large/user_is_in_group/prp-1-50.smt2,sat,timeout,693.1817638874054,1200.0121512413025
QF_LIA,no_clause_reduction,complete-full-list,full-only,/nec-smt/large/user_is_in_group/prp-10-48.smt2,sat,timeout,959.3912708759308,1200.0144283771515
QF_LIA,no_clause_reduction,complete-full-list,full-only,/nec-smt/large/user_is_in_group/prp-11-46.smt2,sat,timeout,941.2187752723694,1200.011278629303
QF_LIA,no_clause_reduction,complete-full-list,full-only,/nec-smt/large/user_is_in_group/prp-11-47.smt2,sat,timeout,661.1942422389984,1200.01482629776
QF_LIA,no_clause_reduction,complete-full-list,full-only,/nec-smt/large/user_is_in_group/prp-11-48.smt2,sat,timeout,816.2817676067352,1200.014633178711
QF_LIA,no_clause_reduction,complete-full-list,full-only,/nec-smt/large/user_is_in_group/prp-11-49.smt2,sat,timeout,1086.7960648536682,1200.0064923763275
QF_LIA,no_clause_reduction,complete-full-list,full-only,/nec-smt/large/user_is_in_group/prp-11-50.smt2,sat,timeout,1196.885187625885,1200.0140898227692
QF_LIA,no_clause_reduction,complete-full-list,full-only,/nec-smt/large/user_is_in_group/prp-12-48.smt2,sat,timeout,788.0187106132507,1200.0042560100555
QF_LIA,no_clause_reduction,complete-full-list,full-only,/nec-smt/large/user_is_in_group/prp-12-50.smt2,sat,timeout,780.149587392807,1200.0128378868103
QF_LIA,no_clause_reduction,complete-full-list,full-only,/nec-smt/large/user_is_in_group/prp-13-47.smt2,sat,timeout,577.4038863182068,1200.0174713134766
QF_LIA,no_clause_reduction,complete-full-list,full-only,/nec-smt/large/user_is_in_group/prp-13-49.smt2,sat,timeout,585.4437212944031,1200.0173530578613
QF_LIA,no_clause_reduction,complete-full-list,full-only,/nec-smt/large/user_is_in_group/prp-13-50.smt2,sat,timeout,1136.0934937000275,1200.021500825882
QF_LIA,no_clause_reduction,complete-full-list,full-only,/nec-smt/large/user_is_in_group/prp-14-48.smt2,sat,timeout,1013.0684580802917,1200.0154893398285
QF_LIA,no_clause_reduction,complete-full-list,full-only,/nec-smt/large/user_is_in_group/prp-15-46.smt2,sat,timeout,674.0543284416199,1200.0239796638489
QF_LIA,no_clause_reduction,complete-full-list,full-only,/nec-smt/large/user_is_in_group/prp-15-48.smt2,sat,timeout,857.0394668579102,1200.0171110630035
QF_LIA,no_clause_reduction,complete-full-list,full-only,/nec-smt/large/user_is_in_group/prp-15-50.smt2,sat,timeout,656.9237477779388,1200.0032348632812
QF_LIA,no_clause_reduction,complete-full-list,full-only,/nec-smt/large/user_is_in_group/prp-16-49.smt2,sat,timeout,901.0969111919403,1200.0309102535248
QF_LIA,no_clause_reduction,complete-full-list,full-only,/nec-smt/large/user_is_in_group/prp-16-50.smt2,sat,timeout,772.5940773487091,1200.014545917511
QF_LIA,no_clause_reduction,complete-full-list,full-only,/nec-smt/large/user_is_in_group/prp-17-47.smt2,sat,timeout,758.6115117073059,1200.015127658844
QF_LIA,no_clause_reduction,complete-full-list,full-only,/nec-smt/large/user_is_in_group/prp-17-49.smt2,sat,timeout,827.9135506153107,1200.0136489868164
QF_LIA,no_clause_reduction,complete-full-list,full-only,/nec-smt/large/user_is_in_group/prp-19-46.smt2,sat,timeout,866.8353531360626,1200.0154309272766
QF_LIA,no_clause_reduction,complete-full-list,full-only,/nec-smt/large/user_is_in_group/prp-19-48.smt2,sat,timeout,733.7301895618439,1200.0239417552948
QF_LIA,no_clause_reduction,complete-full-list,full-only,/nec-smt/large/user_is_in_group/prp-19-49.smt2,sat,timeout,722.8523621559143,1200.0156536102295
QF_LIA,no_clause_reduction,complete-full-list,full-only,/nec-smt/large/user_is_in_group/prp-19-50.smt2,sat,timeout,843.4015679359436,1200.0188705921173
QF_LIA,no_clause_reduction,complete-full-list,full-only,/nec-smt/large/user_is_in_group/prp-2-50.smt2,sat,timeout,1051.4144291877747,1200.0056574344635
QF_LIA,no_clause_reduction,complete-full-list,full-only,/nec-smt/large/user_is_in_group/prp-20-46.smt2,sat,timeout,861.4327964782715,1200.0131833553314
QF_LIA,no_clause_reduction,complete-full-list,full-only,/nec-smt/large/user_is_in_group/prp-20-47.smt2,sat,timeout,1193.102705001831,1200.0281660556793
QF_LIA,no_clause_reduction,complete-full-list,full-only,/nec-smt/large/user_is_in_group/prp-20-49.smt2,sat,timeout,930.2627596855164,1200.01193857193
QF_LIA,no_clause_reduction,complete-full-list,full-only,/nec-smt/large/user_is_in_group/prp-21-48.smt2,sat,timeout,755.6786141395569,1200.010731458664
QF_LIA,no_clause_reduction,complete-full-list,full-only,/nec-smt/large/user_is_in_group/prp-21-49.smt2,sat,timeout,981.5051147937775,1200.013973236084
QF_LIA,no_clause_reduction,complete-full-list,full-only,/nec-smt/large/user_is_in_group/prp-22-48.smt2,sat,timeout,646.42325258255,1200.0232615470886
QF_LIA,no_clause_reduction,complete-full-list,full-only,/nec-smt/large/user_is_in_group/prp-22-49.smt2,sat,timeout,588.51580119133,1200.0166943073273
QF_LIA,no_clause_reduction,complete-full-list,full-only,/nec-smt/large/user_is_in_group/prp-23-50.smt2,sat,timeout,1136.8769686222076,1200.0011947154999
QF_LIA,no_clause_reduction,complete-full-list,full-only,/nec-smt/large/user_is_in_group/prp-24-49.smt2,sat,timeout,916.9811022281647,1200.015375137329
QF_LIA,no_clause_reduction,complete-full-list,full-only,/nec-smt/large/user_is_in_group/prp-24-50.smt2,sat,timeout,915.1205101013184,1200.0160772800446
QF_LIA,no_clause_reduction,complete-full-list,full-only,/nec-smt/large/user_is_in_group/prp-4-46.smt2,sat,timeout,742.934454202652,1200.0154852867126
QF_LIA,no_clause_reduction,complete-full-list,full-only,/nec-smt/large/user_is_in_group/prp-4-48.smt2,sat,timeout,1084.9801104068756,1200.0163021087646
QF_LIA,no_clause_reduction,complete-full-list,full-only,/nec-smt/large/user_is_in_group/prp-5-47.smt2,sat,timeout,669.2476317882538,1200.005063533783
QF_LIA,no_clause_reduction,complete-full-list,full-only,/nec-smt/large/user_is_in_group/prp-5-49.smt2,sat,timeout,868.6756942272186,1200.003752231598
QF_LIA,no_clause_reduction,complete-full-list,full-only,/nec-smt/large/user_is_in_group/prp-5-50.smt2,sat,timeout,763.467559337616,1200.0077612400055
QF_LIA,no_clause_reduction,complete-full-list,full-only,/nec-smt/large/user_is_in_group/prp-6-48.smt2,sat,timeout,1094.6412024497986,1200.0049045085907
QF_LIA,no_clause_reduction,complete-full-list,full-only,/nec-smt/large/user_is_in_group/prp-6-50.smt2,sat,timeout,963.4855878353119,1200.015277147293
QF_LIA,no_clause_reduction,complete-full-list,full-only,/nec-smt/large/user_is_in_group/prp-7-49.smt2,sat,timeout,602.4745860099792,1200.0129811763763
QF_LIA,no_clause_reduction,complete-full-list,full-only,/nec-smt/large/user_is_in_group/prp-7-50.smt2,sat,timeout,852.0858030319214,1200.0107669830322
QF_LIA,no_clause_reduction,complete-full-list,full-only,/nec-smt/large/user_is_in_group/prp-9-48.smt2,sat,timeout,737.0637848377228,1200.018684387207
QF_LIA,no_clause_reduction,complete-full-list,full-only,/nec-smt/large/user_is_in_group/prp-9-49.smt2,sat,timeout,871.9245185852051,1200.0152432918549
QF_LIA,no_clause_reduction,complete-full-list,full-only,/nec-smt/large/user_is_in_group/prp-9-50.smt2,sat,timeout,916.4582643508911,1200.0229797363281
QF_LIA,no_clause_reduction,complete-full-list,full-only,/rings/ring_2exp10_9vars_7ite_unsat.smt2,unsat,timeout,126.58291220664978,1200.0155174732208
QF_LIA,no_clause_reduction,complete-full-list,full-only,/rings/ring_2exp6_9vars_7ite_unsat.smt2,unsat,timeout,1078.5456511974335,1200.0008182525635
QF_LIA,no_clause_reduction,complete-full-list,full-only,/slacks/30-27.slack.smt2,sat,timeout,976.5070550441742,1200.0268676280975
QF_LIA,no_clause_reduction,complete-full-list,full-only,/slacks/35-16.slack.smt2,sat,timeout,657.9015243053436,1200.0130019187927
QF_LIA,no_clause_reduction,complete-full-list,full-only,/slacks/35-20.slack.smt2,sat,timeout,735.2745842933655,1200.012111902237
QF_LIA,no_clause_reduction,complete-full-list,full-only,/slacks/35-22.slack.smt2,sat,timeout,969.4575092792511,1200.0277223587036
QF_LIA,no_clause_reduction,complete-full-list,full-only,/slacks/35-23.slack.smt2,sat,timeout,757.2615253925323,1200.0225892066956
QF_LIA,no_clause_reduction,complete-full-list,full-only,/slacks/35-28.slack.smt2,sat,timeout,681.0894174575806,1200.0106949806213
QF_LIA,no_clause_reduction,complete-full-list,full-only,/slacks/35-34.slack.smt2,sat,timeout,918.7054715156555,1200.0012514591217
QF_LIA,no_clause_reduction,complete-full-list,full-only,/slacks/40-11.slack.smt2,sat,timeout,673.1897790431976,1200.00128698349
QF_LIA,no_clause_reduction,complete-full-list,full-only,/slacks/40-32.slack.smt2,sat,timeout,853.4262878894806,1200.0173523426056
QF_LIA,no_clause_reduction,complete-full-list,full-only,/tropical-matrix/constraint-1285151.smt2,sat,timeout,882.7942359447479,1200.0149638652802
QF_LIA,no_clause_reduction,complete-full-list,full-only,/tropical-matrix/constraint-3956027.smt2,sat,timeout,955.3368811607361,1200.0193464756012
QF_LIA,no_clause_reduction,complete-full-list,full-only,/tropical-matrix/constraint-735583.smt2,sat,timeout,1198.7466566562653,1200.001529932022
QF_NIA,no_bicp,complete-full-list,full-only,/20170427-VeryMax/CInteger/Stroeder_15__4NestedWith3Variables_true-termination.c__p20211_terminationG_0.smt2,sat,timeout,906.112913608551,1200.0222306251526
QF_NIA,no_bicp,complete-full-list,full-only,/20170427-VeryMax/CInteger/Stroeder_15__4NestedWith3Variables_true-termination.c__p20313_terminationG_0.smt2,sat,timeout,445.22346663475037,1200.0280442237854
QF_NIA,no_bicp,complete-full-list,full-only,/20170427-VeryMax/CInteger/Stroeder_15__AlternKonv.c__p20694_edge_closing_0.smt2,unsat,timeout,733.5324718952179,1200.0116651058197
QF_NIA,no_bicp,complete-full-list,full-only,/20170427-VeryMax/CInteger/Stroeder_15__ChenFlurMukhopadhyay-SAS2012-Ex2.06_false-termination.c__p21128_terminationG_0.smt2,sat,timeout,297.85487818717957,1200.0145857334137
QF_NIA,no_bicp,complete-full-list,full-only,/20170427-VeryMax/CInteger/Stroeder_15__ChenFlurMukhopadhyay-SAS2012-Ex2.06_false-termination.c__p21133_terminationG_0.smt2,sat,timeout,217.20898246765137,1200.0116157531738
QF_NIA,no_bicp,complete-full-list,full-only,/20170427-VeryMax/CInteger/Stroeder_15__ChenFlurMukhopadhyay-SAS2012-Ex2.11_false-termination.c__p21338_edge_closing_0.smt2,sat,timeout,1.4890687465667725,1200.0279514789581
QF_NIA,no_bicp,complete-full-list,full-only,/20170427-VeryMax/CInteger/Stroeder_15__ChenFlurMukhopadhyay-SAS2012-Ex2.12_false-termination.c__p21377_terminationG_0.smt2,sat,timeout,428.66061878204346,1200.011634349823
QF_NIA,no_bicp,complete-full-list,full-only,/20170427-VeryMax/CInteger/Stroeder_15__ChenFlurMukhopadhyay-SAS2012-Ex2.12_false-termination.c__p21401_edge_closing_0.smt2,sat,timeout,103.90223979949951,1200.0266346931458
QF_NIA,no_bicp,complete-full-list,full-only,/20170427-VeryMax/CInteger/Stroeder_15__ChenFlurMukhopadhyay-SAS2012-Ex3.06_false-termination.c__p21959_terminationG_0.smt2,sat,timeout,65.27231025695801,1200.00865316391
QF_NIA,no_bicp,complete-full-list,full-only,/20170427-VeryMax/CInteger/Stroeder_15__ChenFlurMukhopadhyay-SAS2012-Ex3.06_false-termination.c__p21964_terminationG_0.smt2,sat,timeout,39.976388931274414,1200.0195052623749
QF_NIA,no_bicp,complete-full-list,ablated-only,/20170427-VeryMax/CInteger/Stroeder_15__ChenFlurMukhopadhyay-SAS2012-Ex3.06_false-termination.c__p21969_terminationG_0.smt2,timeout,sat,1200.0023398399353,847.662184715271
QF_NIA,no_bicp,complete-full-list,full-only,/20170427-VeryMax/CInteger/Stroeder_15__ChenFlurMukhopadhyay-SAS2012-Ex3.06_false-termination.c__p21989_terminationG_0.smt2,sat,timeout,117.07815027236938,1200.0024955272675
QF_NIA,no_bicp,complete-full-list,full-only,/20170427-VeryMax/CInteger/Stroeder_15__ChenFlurMukhopadhyay-SAS2012-Ex3.06_false-termination.c__p21999_terminationG_0.smt2,sat,timeout,572.4482855796814,1200.0044429302216
QF_NIA,no_bicp,complete-full-list,full-only,/20170427-VeryMax/CInteger/Stroeder_15__ChenFlurMukhopadhyay-SAS2012-Ex3.06_false-termination.c__p22020_terminationG_0.smt2,sat,timeout,149.25077104568481,1200.010973930359
QF_NIA,no_bicp,complete-full-list,full-only,/20170427-VeryMax/CInteger/Stroeder_15__ChenFlurMukhopadhyay-SAS2012-Ex3.06_false-termination.c__p22029_edge_closing_0.smt2,sat,timeout,348.07224225997925,1200.0037586688995
QF_NIA,no_bicp,complete-full-list,ablated-only,/20170427-VeryMax/CInteger/Stroeder_15__Choose.c__p22179_terminationG_0.smt2,timeout,unsat,1200.001523733139,95.95868754386902
QF_NIA,no_bicp,complete-full-list,ablated-only,/20170427-VeryMax/CInteger/Stroeder_15__ChooseLife.c__p22200_terminationG_0.smt2,timeout,unsat,1200.0025215148926,589.295773267746
QF_NIA,no_bicp,complete-full-list,full-only,/20170427-VeryMax/CInteger/Stroeder_15__ComplxStruc.c__p22365_edge_closing_0.smt2,sat,timeout,17.111437797546387,1200.0111963748932
QF_NIA,no_bicp,complete-full-list,full-only,/20170427-VeryMax/CInteger/Stroeder_15__Cousot.c__p22446_terminationG_0.smt2,unsat,timeout,178.09183025360107,1200.026448249817
QF_NIA,no_bicp,complete-full-list,full-only,/20170427-VeryMax/CInteger/Stroeder_15__Cousot.c__p22456_terminationG_0.smt2,unsat,timeout,181.80452942848206,1200.023132801056
QF_NIA,no_bicp,complete-full-list,full-only,/20170427-VeryMax/CInteger/Stroeder_15__Et4.c__p22658_edge_closing_0.smt2,sat,timeout,3.4990670680999756,1200.01500248909
QF_NIA,no_bicp,complete-full-list,full-only,/20170427-VeryMax/CInteger/Stroeder_15__Et4.c__p22659_edge_closing_0.smt2,sat,timeout,580.7398962974548,1200.0150091648102
QF_NIA,no_bicp,complete-full-list,full-only,/20170427-VeryMax/CInteger/Stroeder_15__Gauss.c__p23061_terminationG_0.smt2,unsat,timeout,141.20420789718628,1200.0118343830109
QF_NIA,no_bicp,complete-full-list,full-only,/20170427-VeryMax/CInteger/Stroeder_15__Gauss.c__p23066_terminationG_0.smt2,unsat,timeout,448.9094269275665,1200.0136499404907
QF_NIA,no_bicp,complete-full-list,full-only,/20170427-VeryMax/CInteger/Stroeder_15__Gauss.c__p23071_terminationG_0.smt2,unsat,timeout,250.5332703590393,1200.003112077713
QF_NIA,no_bicp,complete-full-list,full-only,/20170427-VeryMax/CInteger/Stroeder_15__NO_10.c__p24676_terminationG_0.smt2,unsat,timeout,985.2616086006165,1200.0143613815308
QF_NIA,no_bicp,complete-full-list,full-only,/20170427-VeryMax/CInteger/Stroeder_15__NO_10.c__p24681_terminationG_0.smt2,unsat,timeout,798.6145222187042,1200.0101404190063
QF_NIA,no_bicp,complete-full-list,full-only,/20170427-VeryMax/CInteger/Stroeder_15__NO_10.c__p24686_terminationG_0.smt2,unsat,timeout,533.1030356884003,1200.0141818523407
QF_NIA,no_bicp,complete-full-list,full-only,/20170427-VeryMax/CInteger/Stroeder_15__NO_10.c__p24691_terminationG_0.smt2,unsat,timeout,462.776070356369,1200.0190570354462
QF_NIA,no_bicp,complete-full-list,full-only,/20170427-VeryMax/CInteger/Stroeder_15__NO_10.c__p24696_terminationG_0.smt2,unsat,timeout,824.2267127037048,1200.019767999649
QF_NIA,no_bicp,complete-full-list,full-only,/20170427-VeryMax/CInteger/Stroeder_15__NO_12.c__p24716_terminationG_0.smt2,unsat,timeout,1003.8572776317596,1200.0096917152405
QF_NIA,no_bicp,complete-full-list,full-only,/20170427-VeryMax/CInteger/Stroeder_15__NO_12.c__p24726_terminationG_0.smt2,unsat,timeout,1088.8477001190186,1200.010737657547
QF_NIA,no_bicp,complete-full-list,full-only,/20170427-VeryMax/CInteger/Stroeder_15__NonTermination2_false-termination.c__p24908_terminationG_0.smt2,sat,timeout,2.790724515914917,1200.009771823883
QF_NIA,no_bicp,complete-full-list,full-only,/20170427-VeryMax/CInteger/Stroeder_15__NonTermination2_false-termination.c__p24919_terminationG_0.smt2,sat,timeout,6.347575426101685,1200.0258395671844
QF_NIA,no_bicp,complete-full-list,full-only,/20170427-VeryMax/CInteger/Stroeder_15__NonTermination2_false-termination.c__p24939_edge_closing_0.smt2,unsat,timeout,2.750075578689575,1200.007375240326
QF_NIA,no_bicp,complete-full-list,full-only,/20170427-VeryMax/CInteger/Stroeder_15__NonTerminationSimple4_false-termination.c__p25062_terminationG_0.smt2,unsat,timeout,476.99929332733154,1200.0110359191895
QF_NIA,no_bicp,complete-full-list,full-only,/20170427-VeryMax/CInteger/Stroeder_15__NonTerminationSimple4_false-termination.c__p25067_terminationG_0.smt2,unsat,timeout,316.8584523200989,1200.0025413036346
QF_NIA,no_bicp,complete-full-list,full-only,/20170427-VeryMax/CInteger/Stroeder_15__NonTerminationSimple4_false-termination.c__p25072_terminationG_0.smt2,unsat,timeout,1047.624125957489,1200.016649723053
QF_NIA,no_bicp,complete-full-list,full-only,/20170427-VeryMax/CInteger/Stroeder_15__NonTerminationSimple4_false-termination.c__p25077_terminationG_0.smt2,unsat,timeout,423.3640480041504,1200.0393507480621
QF_NIA,no_bicp,complete-full-list,full-only,/20170427-VeryMax/CInteger/Stroeder_15__Sunset.c__p25623_terminationG_0.smt2,unsat,timeout,869.9530146121979,1200.0278162956238
QF_NIA,no_bicp,complete-full-list,full-only,/20170427-VeryMax/CInteger/Stroeder_15__Velroyen_false-termination.c__p26335_terminationG_0.smt2,unsat,timeout,288.4951272010803,1200.015623807907
QF_NIA,no_bicp,complete-full-list,full-only,/20170427-VeryMax/CInteger/Stroeder_15__svcomp_ex2.c__p25817_terminationG_0.smt2,sat,timeout,404.2275834083557,1200.0075805187225
QF_NIA,no_bicp,complete-full-list,full-only,/20170427-VeryMax/CInteger/Stroeder_15__svcomp_ex2.c__p25822_terminationG_0.smt2,sat,timeout,121.44355916976929,1200.02294921875
QF_NIA,no_bicp,complete-full-list,full-only,/20170427-VeryMax/CInteger/Stroeder_15__svcomp_ex2.c__p25826_terminationG_0.smt2,sat,timeout,218.95074486732483,1200.0110940933228
QF_NIA,no_bicp,complete-full-list,full-only,/20170427-VeryMax/CInteger/Stroeder_15__svcomp_ex2.c__p25827_terminationG_0.smt2,sat,timeout,5.798943758010864,1200.023084640503
QF_NIA,no_bicp,complete-full-list,full-only,/20170427-VeryMax/CInteger/Stroeder_15__svcomp_ex2.c__p25853_terminationG_0.smt2,sat,timeout,287.1876976490021,1200.0153224468231
QF_NIA,no_bicp,complete-full-list,full-only,/20170427-VeryMax/CInteger/Ton_Chanh_15__Bangalore_v3_false-termination.c__p26642_terminationG_0.smt2,unsat,timeout,930.4186954498291,1200.014033794403
QF_NIA,no_bicp,complete-full-list,full-only,/20170427-VeryMax/CInteger/Ton_Chanh_15__Copenhagen_disj_true-termination.c__p26807_terminationG_0.smt2,sat,timeout,523.150785446167,1200.0007565021515
QF_NIA,no_bicp,complete-full-list,full-only,/20170427-VeryMax/CInteger/Ton_Chanh_15__Copenhagen_disj_true-termination.c__p26830_terminationG_0.smt2,sat,timeout,502.9990658760071,1200.0218510627747
QF_NIA,no_bicp,complete-full-list,full-only,/20170427-VeryMax/CInteger/Ton_Chanh_15__Copenhagen_disj_true-termination.c__p26854_edge_closing_0.smt2,sat,timeout,15.123917579650879,1200.0248308181763
QF_NIA,no_bicp,complete-full-list,full-only,/20170427-VeryMax/CInteger/Ton_Chanh_15__Copenhagen_disj_true-termination.c__p26856_edge_closing_0.smt2,sat,timeout,150.8867404460907,1200.012216091156
QF_NIA,no_bicp,complete-full-list,full-only,/20170427-VeryMax/CInteger/Ton_Chanh_15__Copenhagen_disj_true-termination.c__p26860_edge_closing_0.smt2,sat,timeout,787.1090633869171,1200.0170476436615
QF_NIA,no_bicp,complete-full-list,full-only,/20170427-VeryMax/CInteger/Ton_Chanh_15__Hanoi_3vars_false-termination.c__p27012_terminationG_0.smt2,sat,timeout,204.7198405265808,1200.001750946045
QF_NIA,no_bicp,complete-full-list,full-only,/20170427-VeryMax/CInteger/Ton_Chanh_15__Hanoi_3vars_false-termination.c__p27022_terminationG_0.smt2,sat,timeout,15.032520294189453,1200.0014371871948
QF_NIA,no_bicp,complete-full-list,full-only,/20170427-VeryMax/CInteger/Ton_Chanh_15__Hanoi_3vars_false-termination.c__p27027_terminationG_0.smt2,sat,timeout,1.79067063331604,1200.0185630321503
QF_NIA,no_bicp,complete-full-list,full-only,/20170427-VeryMax/CInteger/Ton_Chanh_15__Hanoi_3vars_false-termination.c__p27032_terminationG_0.smt2,sat,timeout,30.41176748275757,1200.0231285095215
QF_NIA,no_bicp,complete-full-list,full-only,/20170427-VeryMax/CInteger/Ton_Chanh_15__Hanoi_plus_false-termination.c__p27146_terminationG_0.smt2,sat,timeout,415.9547710418701,1200.0100152492523
QF_NIA,no_bicp,complete-full-list,full-only,/20170427-VeryMax/CInteger/Ton_Chanh_15__Hanoi_plus_false-termination.c__p27151_terminationG_0.smt2,sat,timeout,735.1783108711243,1200.0015678405762
QF_NIA,no_bicp,complete-full-list,full-only,/20170427-VeryMax/CInteger/Ton_Chanh_15__Hanoi_plus_false-termination.c__p27166_terminationG_0.smt2,sat,timeout,231.5493335723877,1200.0184564590454
QF_NIA,no_bicp,complete-full-list,full-only,/20170427-VeryMax/CInteger/Ton_Chanh_15__Hanoi_plus_false-termination.c__p27171_terminationG_0.smt2,sat,timeout,1000.184415102005,1200.0090427398682
QF_NIA,no_bicp,complete-full-list,full-only,/20170427-VeryMax/CInteger/Ton_Chanh_15__Hanoi_plus_false-termination.c__p27176_terminationG_0.smt2,sat,timeout,751.8683359622955,1200.0315153598785
QF_NIA,no_bicp,complete-full-list,full-only,/20170427-VeryMax/CInteger/Ton_Chanh_15__Hanoi_plus_false-termination.c__p27181_terminationG_0.smt2,sat,timeout,901.3275148868561,1200.0311069488525
QF_NIA,no_bicp,complete-full-list,full-only,/20170427-VeryMax/CInteger/Ton_Chanh_15__Hanoi_plus_false-termination.c__p27186_terminationG_0.smt2,sat,timeout,230.10766577720642,1200.0202124118805
QF_NIA,no_bicp,complete-full-list,full-only,/20170427-VeryMax/CInteger/Ton_Chanh_15__Hanoi_plus_false-termination.c__p27201_terminationG_0.smt2,sat,timeout,1129.78320646286,1200.0196976661682
QF_NIA,no_bicp,complete-full-list,ablated-only,/20170427-VeryMax/CInteger/Ton_Chanh_15__Hanoi_plus_false-termination.c__p27217_terminationG_0.smt2,timeout,sat,1200.0014803409576,1105.2163047790527
QF_NIA,no_bicp,complete-full-list,full-only,/20170427-VeryMax/CInteger/Ton_Chanh_15__Hanoi_plus_false-termination.c__p27222_terminationG_0.smt2,sat,timeout,109.85361289978027,1200.0033762454987
QF_NIA,no_bicp,complete-full-list,full-only,/20170427-VeryMax/CInteger/Ton_Chanh_15__Hanoi_plus_false-termination.c__p27227_terminationG_0.smt2,sat,timeout,709.9654731750488,1200.0124323368073
QF_NIA,no_bicp,complete-full-list,full-only,/20170427-VeryMax/CInteger/Ton_Chanh_15__Hanoi_plus_false-termination.c__p27232_terminationG_0.smt2,sat,timeout,126.95974707603455,1200.0083920955658
QF_NIA,no_bicp,complete-full-list,full-only,/20170427-VeryMax/ITS/From_AProVE_2014__BMOG_CAV_12_MarkingGraphVisitor.jar-obl-11__p27759_safety_0.smt2,unsat,timeout,567.3085234165192,1200.013841867447
QF_NIA,no_bicp,complete-full-list,ablated-only,/20170427-VeryMax/ITS/From_AProVE_2014__Choose.jar-obl-8__p27804_terminationG_0.smt2,timeout,unsat,1200.001507282257,109.26565194129944
QF_NIA,no_bicp,complete-full-list,full-only,/20170427-VeryMax/ITS/From_AProVE_2014__DivMinus.jar-obl-11__p28551_edge_closing_0.smt2,sat,timeout,908.2216436862946,1200.0145342350006
QF_NIA,no_bicp,complete-full-list,full-only,/20170427-VeryMax/ITS/From_AProVE_2014__DivMinus.jar-obl-11__p28570_edge_closing_0.smt2,sat,timeout,456.68201971054077,1200.012223482132
QF_NIA,no_bicp,complete-full-list,full-only,/20170427-VeryMax/ITS/From_AProVE_2014__DivTernary.jar-obl-10__p28668_terminationG_0.smt2,sat,timeout,377.0623528957367,1200.0184800624847
QF_NIA,no_bicp,complete-full-list,full-only,/20170427-VeryMax/ITS/From_AProVE_2014__Et4-rec.jar-obl-8__p28997_terminationG_0.smt2,sat,timeout,104.54040837287903,1200.0117509365082
QF_NIA,no_bicp,complete-full-list,full-only,/20170427-VeryMax/ITS/From_AProVE_2014__Et4.jar-obl-8__p28924_terminationG_0.smt2,sat,timeout,180.12188529968262,1200.0041036605835
QF_NIA,no_bicp,complete-full-list,full-only,/20170427-VeryMax/ITS/From_AProVE_2014__Et4.jar-obl-8__p28931_terminationG_0.smt2,sat,timeout,1116.5673661231995,1200.0287535190582
QF_NIA,no_bicp,complete-full-list,full-only,/20170427-VeryMax/ITS/From_AProVE_2014__Et4.jar-obl-8__p28937_terminationG_0.smt2,sat,timeout,65.54450058937073,1200.0033707618713
QF_NIA,no_bicp,complete-full-list,full-only,/20170427-VeryMax/ITS/From_AProVE_2014__Et4.jar-obl-8__p28945_terminationG_0.smt2,sat,timeout,68.00448846817017,1200.0028257369995
QF_NIA,no_bicp,complete-full-list,ablated-only,/20170427-VeryMax/ITS/From_AProVE_2014__FlattenRTA.jar-obl-10__p29481_edge_closing_0.smt2,timeout,sat,1200.0047061443329,538.7417404651642
QF_NIA,no_bicp,complete-full-list,full-only,/20170427-VeryMax/ITS/From_AProVE_2014__FlattenRTA.jar-obl-10__p29485_edge_closing_0.smt2,unsat,timeout,708.1953949928284,1200.0199625492096
QF_NIA,no_bicp,complete-full-list,full-only,/20170427-VeryMax/ITS/From_AProVE_2014__FlattenTree.jar-obl-9__p29532_edge_closing_0.smt2,sat,timeout,205.10270166397095,1200.003340959549
QF_NIA,no_bicp,complete-full-list,full-only,/20170427-VeryMax/ITS/From_AProVE_2014__FlattenTree.jar-obl-9__p29536_edge_closing_0.smt2,unsat,timeout,505.0566177368164,1200.0182514190674
QF_NIA,no_bicp,complete-full-list,full-only,/20170427-VeryMax/ITS/From_AProVE_2014__Graph.jar-obl-17__p29769_edge_closing_0.smt2,sat,timeout,274.64821696281433,1200.0087921619415
QF_NIA,no_bicp,complete-full-list,full-only,/20170427-VeryMax/ITS/From_AProVE_2014__Graph.jar-obl-17__p29778_edge_closing_0.smt2,sat,timeout,466.79883003234863,1200.0119111537933
QF_NIA,no_bicp,complete-full-list,full-only,/20170427-VeryMax/ITS/From_AProVE_2014__Kernel93.jar-obl-9__p9886_terminationG_0.smt2,unsat,timeout,280.1218469142914,1200.0154430866241
QF_NIA,no_bicp,complete-full-list,full-only,/20170427-VeryMax/ITS/From_AProVE_2014__KnapsackDP.jar-obl-11__p9900_terminationG_0.smt2,sat,timeout,575.2104399204254,1200.0130047798157
QF_NIA,no_bicp,complete-full-list,full-only,/20170427-VeryMax/ITS/From_AProVE_2014__KnapsackDP.jar-obl-11__p9936_edge_closing_0.smt2,sat,timeout,122.8422520160675,1200.0305314064026
QF_NIA,no_bicp,complete-full-list,full-only,/20170427-VeryMax/ITS/From_AProVE_2014__KnapsackDP.jar-obl-11__p9942_edge_closing_0.smt2,unsat,timeout,196.0135042667389,1200.0038976669312
QF_NIA,no_bicp,complete-full-list,full-only,/20170427-VeryMax/ITS/From_AProVE_2014__LessLeaves.jar-obl-10__p10007_edge_closing_0.smt2,sat,timeout,805.3468873500824,1200.0095596313477
QF_NIA,no_bicp,complete-full-list,full-only,/20170427-VeryMax/ITS/From_AProVE_2014__LessLeaves.jar-obl-10__p10013_edge_closing_0.smt2,sat,timeout,1051.6622445583344,1200.01064991951
QF_NIA,no_bicp,complete-full-list,full-only,/20170427-VeryMax/ITS/From_AProVE_2014__ListContent.jar-obl-9__p10107_terminationG_0.smt2,unsat,timeout,692.7527928352356,1200.0096921920776
QF_NIA,no_bicp,complete-full-list,full-only,/20170427-VeryMax/ITS/From_AProVE_2014__ListInt.jar-obl-12__p10141_terminationG_0.smt2,unsat,timeout,955.1317501068115,1200.0161843299866
QF_NIA,no_bicp,complete-full-list,full-only,/20170427-VeryMax/ITS/From_AProVE_2014__Main.jar-obl-11__p10707_terminationG_0.smt2,sat,timeout,698.5825817584991,1200.0206260681152
QF_NIA,no_bicp,complete-full-list,full-only,/20170427-VeryMax/ITS/From_AProVE_2014__Main.jar-obl-11__p10713_terminationG_0.smt2,sat,timeout,678.2455899715424,1200.01526927948
QF_NIA,no_bicp,complete-full-list,full-only,/20170427-VeryMax/ITS/From_AProVE_2014__MainCopy.jar-obl-10__p10346_terminationG_0.smt2,unsat,timeout,888.3473134040833,1200.0134618282318
QF_NIA,no_bicp,complete-full-list,full-only,/20170427-VeryMax/ITS/From_AProVE_2014__MainFind.jar-obl-10__p10627_edge_closing_0.smt2,sat,timeout,14.286081075668335,1200.0196902751923
QF_NIA,no_bicp,complete-full-list,full-only,/20170427-VeryMax/ITS/From_AProVE_2014__MainGet.jar-obl-10__p10678_terminationG_0.smt2,unsat,timeout,275.6200864315033,1200.0104868412018
QF_NIA,no_bicp,complete-full-list,full-only,/20170427-VeryMax/ITS/From_AProVE_2014__MainGet.jar-obl-10__p10696_edge_closing_0.smt2,sat,timeout,103.80761814117432,1200.0144691467285
QF_NIA,no_bicp,complete-full-list,full-only,/20170427-VeryMax/ITS/From_AProVE_2014__Matrix.jar-obl-16__p10787_safety_0.smt2,sat,timeout,549.7940497398376,1200.023409128189
QF_NIA,no_bicp,complete-full-list,full-only,/20170427-VeryMax/ITS/From_AProVE_2014__Matrix.jar-obl-16__p10788_safety_0.smt2,sat,timeout,746.3109638690948,1200.018708705902
QF_NIA,no_bicp,complete-full-list,full-only,/20170427-VeryMax/ITS/From_AProVE_2014__Matrix.jar-obl-16__p10791_safety_0.smt2,sat,timeout,739.3798229694366,1200.0043458938599
QF_NIA,no_bicp,complete-full-list,full-only,/20170427-VeryMax/ITS/From_AProVE_2014__Matrix.jar-obl-16__p10811_safety_0.smt2,sat,timeout,504.9355962276459,1200.0049149990082
QF_NIA,no_bicp,complete-full-list,full-only,/20170427-VeryMax/ITS/From_AProVE_2014__Matrix.jar-obl-16__p10814_safety_0.smt2,sat,timeout,186.366135597229,1200.0157692432404
QF_NIA,no_bicp,complete-full-list,full-only,/20170427-VeryMax/ITS/From_AProVE_2014__Matrix.jar-obl-16__p10819_safety_0.smt2,sat,timeout,1115.0277848243713,1200.0188493728638
QF_NIA,no_bicp,complete-full-list,ablated-only,/20170427-VeryMax/ITS/From_AProVE_2014__Matrix.jar-obl-16__p10830_terminationG_0.smt2,timeout,sat,1200.000828742981,827.9727330207825
QF_NIA,no_bicp,complete-full-list,ablated-only,/20170427-VeryMax/ITS/From_AProVE_2014__Matrix.jar-obl-16__p10840_terminationG_0.smt2,timeout,sat,1200.0014102458954,375.53601598739624
QF_NIA,no_bicp,complete-full-list,full-only,/20170427-VeryMax/ITS/From_AProVE_2014__Matrix.jar-obl-16__p10844_edge_closing_0.smt2,sat,timeout,256.6640102863312,1200.0058557987213
QF_NIA,no_bicp,complete-full-list,full-only,/20170427-VeryMax/ITS/From_AProVE_2014__Matrix.jar-obl-16__p10845_edge_closing_0.smt2,sat,timeout,1189.3500452041626,1200.002534866333
QF_NIA,no_bicp,complete-full-list,full-only,/20170427-VeryMax/ITS/From_AProVE_2014__Matrix.jar-obl-16__p10848_edge_closing_0.smt2,sat,timeout,405.4163942337036,1200.0025374889374
QF_NIA,no_bicp,complete-full-list,full-only,/20170427-VeryMax/ITS/From_AProVE_2014__Matrix.jar-obl-16__p10851_edge_closing_0.smt2,sat,timeout,1191.5810420513153,1200.0092890262604
QF_NIA,no_bicp,complete-full-list,full-only,/20170427-VeryMax/ITS/From_AProVE_2014__NO_10.jar-obl-8__p11283_terminationG_0.smt2,unsat,timeout,730.9012231826782,1200.0191559791565
QF_NIA,no_bicp,complete-full-list,full-only,/20170427-VeryMax/ITS/From_AProVE_2014__NO_10.jar-obl-8__p11288_terminationG_0.smt2,unsat,timeout,679.2006645202637,1200.0154192447662
QF_NIA,no_bicp,complete-full-list,full-only,/20170427-VeryMax/ITS/From_AProVE_2014__NO_10.jar-obl-8__p11298_terminationG_0.smt2,unsat,timeout,196.34178233146667,1200.0117163658142
QF_NIA,no_bicp,complete-full-list,full-only,/20170427-VeryMax/ITS/From_AProVE_2014__NO_11.jar-obl-8__p11339_terminationG_0.smt2,unsat,timeout,782.4245445728302,1200.0087852478027
QF_NIA,no_bicp,complete-full-list,full-only,/20170427-VeryMax/ITS/From_AProVE_2014__NO_11.jar-obl-8__p11349_terminationG_0.smt2,unsat,timeout,915.0482110977173,1200.010395526886
QF_NIA,no_bicp,complete-full-list,full-only,/20170427-VeryMax/ITS/From_AProVE_2014__NO_12.jar-obl-8__p11376_terminationG_0.smt2,unsat,timeout,1002.4588551521301,1200.034732580185
QF_NIA,no_bicp,complete-full-list,full-only,/20170427-VeryMax/ITS/From_AProVE_2014__NO_12.jar-obl-8__terminationQ_4_0.smt2,unsat,timeout,1123.5968680381775,1200.0197732448578
QF_NIA,no_bicp,complete-full-list,full-only,/20170427-VeryMax/ITS/From_AProVE_2014__NO_13.jar-obl-8__p11404_terminationG_0.smt2,unsat,timeout,1063.3830864429474,1200.0237267017365
QF_NIA,no_bicp,complete-full-list,full-only,/20170427-VeryMax/ITS/From_AProVE_2014__NO_13.jar-obl-8__p11458_terminationG_0.smt2,unsat,timeout,472.98206210136414,1200.007700920105
QF_NIA,no_bicp,complete-full-list,full-only,/20170427-VeryMax/ITS/From_AProVE_2014__NO_13.jar-obl-8__terminationQ_1_0.smt2,unsat,timeout,484.20706725120544,1200.0147755146027
QF_NIA,no_bicp,complete-full-list,full-only,/20170427-VeryMax/ITS/From_AProVE_2014__NO_23.jar-obl-8__p11499_terminationG_0.smt2,unsat,timeout,1164.843113899231,1200.0223004817963
QF_NIA,no_bicp,complete-full-list,full-only,/20170427-VeryMax/ITS/From_AProVE_2014__Norm.jar-obl-9__p11587_terminationG_0.smt2,unsat,timeout,365.4811747074127,1200.0109848976135
QF_NIA,no_bicp,complete-full-list,full-only,/20170427-VeryMax/ITS/From_AProVE_2014__SortCount.jar-obl-10__p12096_terminationG_0.smt2,sat,timeout,287.3813359737396,1200.032006263733
QF_NIA,no_bicp,complete-full-list,full-only,/20170427-VeryMax/ITS/From_AProVE_2014__SortCount.jar-obl-10__p12101_terminationG_0.smt2,sat,timeout,915.3463649749756,1200.027361869812
QF_NIA,no_bicp,complete-full-list,full-only,/20170427-VeryMax/ITS/From_AProVE_2014__SortCount.jar-obl-10__p12121_terminationG_0.smt2,sat,timeout,802.4294636249542,1200.004064798355
QF_NIA,no_bicp,complete-full-list,full-only,/20170427-VeryMax/ITS/From_AProVE_2014__SortCount.jar-obl-10__p12127_terminationG_0.smt2,sat,timeout,586.4138720035553,1200.0106732845306
QF_NIA,no_bicp,complete-full-list,full-only,/20170427-VeryMax/ITS/From_AProVE_2014__SortCount.jar-obl-10__p12137_terminationG_0.smt2,sat,timeout,1080.9642782211304,1200.0191540718079
QF_NIA,no_bicp,complete-full-list,full-only,/20170427-VeryMax/ITS/From_AProVE_2014__SortCount.jar-obl-10__p12138_terminationG_0.smt2,sat,timeout,855.708747625351,1200.0008563995361
QF_NIA,no_bicp,complete-full-list,full-only,/20170427-VeryMax/ITS/From_AProVE_2014__SortCount.jar-obl-10__p12143_terminationG_0.smt2,sat,timeout,560.4253706932068,1200.011557340622
QF_NIA,no_bicp,complete-full-list,full-only,/20170427-VeryMax/ITS/From_AProVE_2014__SortCount.jar-obl-10__p12163_terminationG_0.smt2,sat,timeout,342.7756350040436,1200.015555858612
QF_NIA,no_bicp,complete-full-list,full-only,/20170427-VeryMax/ITS/From_AProVE_2014__SortCount.jar-obl-10__p12170_terminationG_0.smt2,sat,timeout,610.6909067630768,1200.0222327709198
QF_NIA,no_bicp,complete-full-list,full-only,/20170427-VeryMax/ITS/From_AProVE_2014__SortCount.jar-obl-10__p12188_terminationG_0.smt2,sat,timeout,382.7286672592163,1200.0022053718567
QF_NIA,no_bicp,complete-full-list,full-only,/20170427-VeryMax/ITS/From_AProVE_2014__SortCount.jar-obl-10__p12209_terminationG_0.smt2,sat,timeout,71.24109435081482,1200.0107591152191
QF_NIA,no_bicp,complete-full-list,full-only,/20170427-VeryMax/ITS/From_AProVE_2014__Test6.jar-obl-13__p12868_terminationG_0.smt2,sat,timeout,784.6897501945496,1200.0243828296661
QF_NIA,no_bicp,complete-full-list,full-only,/20170427-VeryMax/ITS/From_AProVE_2014__Test7.jar-obl-11__p12939_edge_closing_0.smt2,sat,timeout,773.3615934848785,1200.015599489212
QF_NIA,no_bicp,complete-full-list,full-only,/20170427-VeryMax/ITS/From_AProVE_2014__Test7.jar-obl-11__p12943_edge_closing_0.smt2,unsat,timeout,448.10354256629944,1200.0268614292145
QF_NIA,no_bicp,complete-full-list,full-only,/20170427-VeryMax/ITS/From_AProVE_2014__Velroyen08-alternKonv.jar-obl-8__p13299_edge_closing_0.smt2,unsat,timeout,667.3684356212616,1200.0142765045166
QF_NIA,no_bicp,complete-full-list,full-only,/20170427-VeryMax/ITS/From_AProVE_2014__Velroyen08-cousot.jar-obl-8__p13483_terminationG_0.smt2,unsat,timeout,887.8530976772308,1200.00089097023
QF_NIA,no_bicp,complete-full-list,full-only,/20170427-VeryMax/ITS/From_AProVE_2014__Velroyen08-cousot.jar-obl-8__p13488_terminationG_0.smt2,unsat,timeout,690.5303661823273,1200.012437582016
QF_NIA,no_bicp,complete-full-list,full-only,/20170427-VeryMax/ITS/From_AProVE_2014__Velroyen08-cousot.jar-obl-8__p13498_terminationG_0.smt2,unsat,timeout,403.19854974746704,1200.00404214859
QF_NIA,no_bicp,complete-full-list,full-only,/20170427-VeryMax/ITS/From_AProVE_2014__Velroyen08-cousot.jar-obl-8__p13503_terminationG_0.smt2,unsat,timeout,764.0300402641296,1200.0191934108734
QF_NIA,no_bicp,complete-full-list,full-only,/20170427-VeryMax/ITS/From_AProVE_2014__Velroyen08-cousot.jar-obl-8__p13508_terminationG_0.smt2,unsat,timeout,1167.6033062934875,1200.0013556480408
QF_NIA,no_bicp,complete-full-list,full-only,/20170427-VeryMax/ITS/From_AProVE_2014__Velroyen08-ex09half.jar-obl-8__p13773_terminationG_0.smt2,unsat,timeout,949.0718402862549,1200.002563238144
QF_NIA,no_bicp,complete-full-list,full-only,/20170427-VeryMax/ITS/From_AProVE_2014__Velroyen08-fib.jar-obl-8__p13919_edge_closing_0.smt2,sat,timeout,108.37083101272583,1200.0149059295654
QF_NIA,no_bicp,complete-full-list,full-only,/20170427-VeryMax/ITS/From_AProVE_2014__Velroyen08-narrowKonv.jar-obl-8__p14464_edge_closing_0.smt2,unsat,timeout,185.82414197921753,1200.0040304660797
QF_NIA,no_bicp,complete-full-list,ablated-only,/20170427-VeryMax/ITS/From_AProVE_2014__Velroyen08-whileSingle.jar-obl-8__p14840_terminationG_0.smt2,timeout,unsat,1200.002465248108,573.078498840332
QF_NIA,no_bicp,complete-full-list,full-only,/20170427-VeryMax/ITS/From_AProVE_2014__ex04_rec.jar-obl-8__p29182_terminationG_0.smt2,unsat,timeout,656.5757284164429,1200.022171497345
QF_NIA,no_bicp,complete-full-list,full-only,/20170427-VeryMax/ITS/From_AProVE_2014__ex04_rec.jar-obl-8__p29189_terminationG_0.smt2,unsat,timeout,408.9836480617523,1200.0081408023834
QF_NIA,no_bicp,complete-full-list,full-only,/20170427-VeryMax/ITS/From_AProVE_2014__ex04_rec.jar-obl-8__p29194_terminationG_0.smt2,unsat,timeout,9.656612396240234,1200.0171031951904
QF_NIA,no_bicp,complete-full-list,ablated-only,/20170427-VeryMax/ITS/From_AProVE_2014__juHashMapCreate.jar-obl-10__p4836_safety_0.smt2,timeout,sat,1200.0014278888702,1138.5183427333832
QF_NIA,no_bicp,complete-full-list,full-only,/20170427-VeryMax/ITS/From_AProVE_2014__juHashMapCreateClear.jar-obl-11__p30486_safety_0.smt2,sat,timeout,258.450154542923,1200.0047750473022
QF_NIA,no_bicp,complete-full-list,full-only,/20170427-VeryMax/ITS/From_AProVE_2014__juHashMapCreateClear.jar-obl-11__p30824_terminationG_0.smt2,unsat,timeout,681.041041135788,1200.0024058818817
QF_NIA,no_bicp,complete-full-list,full-only,/20170427-VeryMax/ITS/From_AProVE_2014__juHashMapCreateIsEmpty.jar-obl-10__p1806_safety_0.smt2,sat,timeout,17.325424909591675,1200.020133972168
QF_NIA,no_bicp,complete-full-list,full-only,/20170427-VeryMax/ITS/From_AProVE_2014__juHashMapCreateIsEmpty.jar-obl-10__p1810_safety_0.smt2,sat,timeout,149.91936469078064,1200.0076954364777
QF_NIA,no_bicp,complete-full-list,full-only,/20170427-VeryMax/ITS/From_AProVE_2014__juHashMapCreateIsEmpty.jar-obl-10__p1900_safety_0.smt2,sat,timeout,47.745824337005615,1200.0103356838226
QF_NIA,no_bicp,complete-full-list,full-only,/20170427-VeryMax/ITS/From_AProVE_2014__juHashMapCreateIsEmpty.jar-obl-10__p1906_safety_0.smt2,sat,timeout,25.733752012252808,1200.017104625702
QF_NIA,no_bicp,complete-full-list,full-only,/20170427-VeryMax/ITS/From_AProVE_2014__juHashMapCreateIsEmpty.jar-obl-10__p2426_safety_0.smt2,sat,timeout,94.342200756073,1200.0251276493073
QF_NIA,no_bicp,complete-full-list,full-only,/20170427-VeryMax/ITS/From_AProVE_2014__juHashMapCreateIsEmpty.jar-obl-10__p2572_safety_0.smt2,sat,timeout,587.4089784622192,1200.0084846019745
QF_NIA,no_bicp,complete-full-list,full-only,/20170427-VeryMax/ITS/From_AProVE_2014__juHashMapCreateIsEmpty.jar-obl-10__p2597_safety_0.smt2,sat,timeout,93.53055620193481,1200.0161559581757
QF_NIA,no_bicp,complete-full-list,full-only,/20170427-VeryMax/ITS/From_AProVE_2014__juHashMapCreateIteratorEntryLoop.jar-obl-12__p3132_safety_0.smt2,sat,timeout,890.5501415729523,1200.0167779922485
QF_NIA,no_bicp,complete-full-list,full-only,/20170427-VeryMax/ITS/From_AProVE_2014__juHashMapCreateIteratorEntryLoop.jar-obl-12__p3159_safety_0.smt2,sat,timeout,2.968393087387085,1200.0123114585876
QF_NIA,no_bicp,complete-full-list,full-only,/20170427-VeryMax/ITS/From_AProVE_2014__juHashMapCreateIteratorEntryLoop.jar-obl-12__p3163_safety_0.smt2,sat,timeout,408.1443374156952,1200.013070344925
QF_NIA,no_bicp,complete-full-list,full-only,/20170427-VeryMax/ITS/From_AProVE_2014__juHashMapCreateIteratorEntryLoop.jar-obl-12__p3362_edge_closing_0.smt2,sat,timeout,1146.2395913600922,1200.0171506404877
QF_NIA,no_bicp,complete-full-list,full-only,/20170427-VeryMax/ITS/From_AProVE_2014__juHashMapCreatePut.jar-obl-10__p6496_terminationG_0.smt2,unsat,timeout,619.2255885601044,1200.0141913890839
QF_NIA,no_bicp,complete-full-list,full-only,/20170427-VeryMax/ITS/From_AProVE_2014__juHashMapCreateRemove.jar-obl-11__p7022_edge_closing_0.smt2,sat,timeout,1157.20698428154,1200.0189771652222
QF_NIA,no_bicp,complete-full-list,full-only,/20170427-VeryMax/ITS/From_AProVE_2014__juHashMapCreateSize.jar-obl-10__p7607_terminationG_0.smt2,unsat,timeout,731.9620277881622,1200.0175116062164
QF_NIA,no_bicp,complete-full-list,full-only,/20170427-VeryMax/ITS/From_AProVE_2014__juHashMapCreateSize.jar-obl-10__p7614_edge_closing_0.smt2,sat,timeout,983.4363377094269,1200.0050740242004
QF_NIA,no_bicp,complete-full-list,full-only,/20170427-VeryMax/ITS/From_AProVE_2014__juLinkedListCreateAddAll.jar-obl-11__p9437_terminationG_0.smt2,sat,timeout,432.865927696228,1200.0169372558594
QF_NIA,no_bicp,complete-full-list,full-only,/20170427-VeryMax/ITS/From_AProVE_2014__juLinkedListCreateAddAll.jar-obl-11__p9458_terminationG_0.smt2,sat,timeout,744.2722828388214,1200.0156016349792
QF_NIA,no_bicp,complete-full-list,full-only,/20170427-VeryMax/ITS/From_AProVE_2014__juLinkedListCreateAddAll.jar-obl-11__p9521_terminationG_0.smt2,sat,timeout,785.5370607376099,1200.0275344848633
QF_NIA,no_bicp,complete-full-list,full-only,/20170427-VeryMax/ITS/From_AProVE_2014__juLinkedListCreateAddAll.jar-obl-11__p9536_terminationG_0.smt2,sat,timeout,60.78133225440979,1200.0112073421478
QF_NIA,no_bicp,complete-full-list,ablated-only,/20170427-VeryMax/ITS/From_AProVE_2014__juLinkedListCreateAddAll.jar-obl-11__p9628_terminationG_0.smt2,timeout,sat,1200.001609325409,734.1527721881866
QF_NIA,no_bicp,complete-full-list,full-only,/20170427-VeryMax/ITS/From_AProVE_2014__juLinkedListCreateRemoveAll.jar-obl-11__p9810_terminationG_0.smt2,sat,timeout,849.121992111206,1200.0055861473083
QF_NIA,no_bicp,complete-full-list,full-only,/20170427-VeryMax/ITS/From_AProVE_2014__juLinkedListCreateRemoveAll.jar-obl-11__terminationS_0_0.smt2,unsat,timeout,1147.2253904342651,1200.0014946460724
QF_NIA,no_bicp,complete-full-list,full-only,/20170427-VeryMax/ITS/From_AProVE_2014__juLinkedListCreateRemoveAll.jar-obl-11__terminationS_11_0.smt2,unsat,timeout,1080.4801437854767,1200.020038843155
QF_NIA,no_bicp,complete-full-list,full-only,/20170427-VeryMax/ITS/From_AProVE_2014__juLinkedListCreateRemoveAll.jar-obl-11__terminationS_12_0.smt2,unsat,timeout,1138.2656605243683,1200.0163860321045
QF_NIA,no_bicp,complete-full-list,full-only,/20170427-VeryMax/ITS/From_AProVE_2014__juLinkedListCreateRemoveAll.jar-obl-11__terminationS_14_0.smt2,unsat,timeout,1143.2028577327728,1200.0075044631958
QF_NIA,no_bicp,complete-full-list,full-only,/20170427-VeryMax/ITS/From_AProVE_2014__juLinkedListCreateRemoveAll.jar-obl-11__terminationS_15_0.smt2,unsat,timeout,1098.7013881206512,1200.030211687088
QF_NIA,no_bicp,complete-full-list,full-only,/20170427-VeryMax/ITS/From_AProVE_2014__juLinkedListCreateRemoveAll.jar-obl-11__terminationS_16_0.smt2,unsat,timeout,1029.7023935317993,1200.0234372615814
QF_NIA,no_bicp,complete-full-list,full-only,/20170427-VeryMax/ITS/From_AProVE_2014__juLinkedListCreateRemoveAll.jar-obl-11__terminationS_18_0.smt2,unsat,timeout,1114.708678483963,1200.0029802322388
QF_NIA,no_bicp,complete-full-list,full-only,/20170427-VeryMax/ITS/From_AProVE_2014__juLinkedListCreateRemoveAll.jar-obl-11__terminationS_19_0.smt2,unsat,timeout,1054.2389769554138,1200.0024383068085
QF_NIA,no_bicp,complete-full-list,full-only,/20170427-VeryMax/ITS/From_AProVE_2014__juLinkedListCreateRemoveAll.jar-obl-11__terminationS_22_0.smt2,unsat,timeout,989.1888875961304,1200.0366740226746
QF_NIA,no_bicp,complete-full-list,full-only,/20170427-VeryMax/ITS/From_AProVE_2014__juLinkedListCreateRemoveAll.jar-obl-11__terminationS_23_0.smt2,unsat,timeout,1032.0411553382874,1200.0093221664429
QF_NIA,no_bicp,complete-full-list,full-only,/20170427-VeryMax/ITS/From_AProVE_2014__juLinkedListCreateRemoveAll.jar-obl-11__terminationS_24_0.smt2,unsat,timeout,818.2506875991821,1200.0318546295166
QF_NIA,no_bicp,complete-full-list,full-only,/20170427-VeryMax/ITS/From_AProVE_2014__juLinkedListCreateRemoveAll.jar-obl-11__terminationS_25_0.smt2,unsat,timeout,830.0671527385712,1200.0159542560577
QF_NIA,no_bicp,complete-full-list,full-only,/20170427-VeryMax/ITS/From_AProVE_2014__juLinkedListCreateRemoveAll.jar-obl-11__terminationS_26_0.smt2,unsat,timeout,1026.8363862037659,1200.0111706256866
QF_NIA,no_bicp,complete-full-list,full-only,/20170427-VeryMax/ITS/From_AProVE_2014__juLinkedListCreateRemoveAll.jar-obl-11__terminationS_27_0.smt2,unsat,timeout,1102.450043439865,1200.0048112869263
QF_NIA,no_bicp,complete-full-list,full-only,/20170427-VeryMax/ITS/From_AProVE_2014__juLinkedListCreateRemoveAll.jar-obl-11__terminationS_28_0.smt2,unsat,timeout,1162.545077085495,1200.0101463794708
QF_NIA,no_bicp,complete-full-list,full-only,/20170427-VeryMax/ITS/From_AProVE_2014__juLinkedListCreateRemoveAll.jar-obl-11__terminationS_29_0.smt2,unsat,timeout,1017.851972579956,1200.0116174221039
QF_NIA,no_bicp,complete-full-list,full-only,/20170427-VeryMax/ITS/From_AProVE_2014__juLinkedListCreateRemoveAll.jar-obl-11__terminationS_2_0.smt2,unsat,timeout,1130.325054883957,1200.011334180832
QF_NIA,no_bicp,complete-full-list,full-only,/20170427-VeryMax/ITS/From_AProVE_2014__juLinkedListCreateRemoveAll.jar-obl-11__terminationS_3_0.smt2,unsat,timeout,1051.1693408489227,1200.005954027176
QF_NIA,no_bicp,complete-full-list,full-only,/20170427-VeryMax/ITS/From_AProVE_2014__juLinkedListCreateRemoveAll.jar-obl-11__terminationS_6_0.smt2,unsat,timeout,1180.3727431297302,1200.020091533661
QF_NIA,no_bicp,complete-full-list,full-only,/20170427-VeryMax/ITS/From_AProVE_2014__juLinkedListCreateRemoveAll.jar-obl-11__terminationS_8_0.smt2,unsat,timeout,1031.2223601341248,1200.0213220119476
QF_NIA,no_bicp,complete-full-list,full-only,/20170427-VeryMax/ITS/From_AProVE_2014__juLinkedListCreateRemoveAll.jar-obl-11__terminationS_9_0.smt2,unsat,timeout,1102.5500922203064,1200.014464378357
QF_NIA,no_bicp,complete-full-list,full-only,/20170427-VeryMax/ITS/From_AProVE_2014__sunset_rec.jar-obl-8__p12411_terminationG_0.smt2,unsat,timeout,1108.1961176395416,1200.0205898284912
QF_NIA,no_bicp,complete-full-list,full-only,/20170427-VeryMax/ITS/From_AProVE_2014__upAndDown_rec.jar-obl-8__p13167_edge_closing_0.smt2,sat,timeout,392.70231676101685,1200.003909111023
QF_NIA,no_bicp,complete-full-list,ablated-only,/20170427-VeryMax/ITS/From_AProVE_2014__whileSingle_rec.jar-obl-8__p15018_terminationG_0.smt2,timeout,unsat,1200.0008354187012,632.4676163196564
QF_NIA,no_bicp,complete-full-list,full-only,/20170427-VeryMax/ITS/From_T2__afagp-fail.t2__p15465_terminationG_0.smt2,unsat,timeout,825.3829913139343,1200.0121791362762
QF_NIA,no_bicp,complete-full-list,full-only,/20170427-VeryMax/ITS/From_T2__afagp-fail.t2_fixed__p15429_terminationG_0.smt2,unsat,timeout,833.1809813976288,1200.0110876560211
QF_NIA,no_bicp,complete-full-list,full-only,/20170427-VeryMax/ITS/From_T2__agafp.t2__terminationS_0_0.smt2,unsat,timeout,267.70418787002563,1200.0062820911407
QF_NIA,no_bicp,complete-full-list,full-only,/20170427-VeryMax/ITS/From_T2__agafp.t2_fixed__p15528_terminationG_0.smt2,sat,timeout,100.25996780395508,1200.0112059116364
QF_NIA,no_bicp,complete-full-list,full-only,/20170427-VeryMax/ITS/From_T2__apchild-accepted-fail.t2__p15947_terminationG_0.smt2,sat,timeout,4.039595365524292,1200.0157878398895
QF_NIA,no_bicp,complete-full-list,full-only,/20170427-VeryMax/ITS/From_T2__apchild-accepted-fail.t2_fixed__p15787_terminationG_0.smt2,sat,timeout,5.912015676498413,1200.008316040039
QF_NIA,no_bicp,complete-full-list,full-only,/20170427-VeryMax/ITS/From_T2__apchild-accepted-fail.t2_fixed__p15805_terminationG_0.smt2,sat,timeout,7.201132535934448,1200.0153336524963
QF_NIA,no_bicp,complete-full-list,full-only,/20170427-VeryMax/ITS/From_T2__apchild-accepted-fail.t2_fixed__p15845_terminationG_0.smt2,sat,timeout,7.282590389251709,1200.0138216018677
QF_NIA,no_bicp,complete-full-list,full-only,/20170427-VeryMax/ITS/From_T2__apchild-accepted-fail.t2_fixed__p15854_terminationG_0.smt2,sat,timeout,1053.6849262714386,1200.0038454532623
QF_NIA,no_bicp,complete-full-list,full-only,/20170427-VeryMax/ITS/From_T2__apchild-accepted-fail.t2_fixed__p15888_terminationG_0.smt2,sat,timeout,5.604389667510986,1200.000850200653
QF_NIA,no_bicp,complete-full-list,full-only,/20170427-VeryMax/ITS/From_T2__apchild-accepted.t2_fixed__p16100_terminationG_0.smt2,sat,timeout,6.433318376541138,1200.0136740207672
QF_NIA,no_bicp,complete-full-list,full-only,/20170427-VeryMax/ITS/From_T2__apchild-accepted.t2_fixed__p16110_terminationG_0.smt2,sat,timeout,6.011867523193359,1200.0024914741516
QF_NIA,no_bicp,complete-full-list,full-only,/20170427-VeryMax/ITS/From_T2__apchild-live.t2__p16680_terminationG_0.smt2,sat,timeout,5.585017681121826,1200.0156888961792
QF_NIA,no_bicp,complete-full-list,full-only,/20170427-VeryMax/ITS/From_T2__apchild-live.t2_fixed__p16470_terminationG_0.smt2,sat,timeout,5.271451950073242,1200.0159890651703
QF_NIA,no_bicp,complete-full-list,full-only,/20170427-VeryMax/ITS/From_T2__apchild-live.t2_fixed__p16480_terminationG_0.smt2,sat,timeout,5.086403131484985,1200.0029036998749
QF_NIA,no_bicp,complete-full-list,full-only,/20170427-VeryMax/ITS/From_T2__apchild-live.t2_fixed__p16543_terminationG_0.smt2,sat,timeout,5.703959226608276,1200.017070531845
QF_NIA,no_bicp,complete-full-list,full-only,/20170427-VeryMax/ITS/From_T2__apchild-live.t2_fixed__p16609_edge_closing_0.smt2,sat,timeout,6.039530277252197,1200.0321128368378
QF_NIA,no_bicp,complete-full-list,full-only,/20170427-VeryMax/ITS/From_T2__apchildlive-succeed.t2__p16420_terminationG_0.smt2,sat,timeout,3.733795166015625,1200.0317616462708
QF_NIA,no_bicp,complete-full-list,full-only,/20170427-VeryMax/ITS/From_T2__apchildlive-succeed.t2__p16436_terminationG_0.smt2,sat,timeout,5.626460075378418,1200.0234375
QF_NIA,no_bicp,complete-full-list,full-only,/20170427-VeryMax/ITS/From_T2__apchildlive-succeed.t2__p16437_terminationG_0.smt2,sat,timeout,5.646580934524536,1200.015626192093
QF_NIA,no_bicp,complete-full-list,full-only,/20170427-VeryMax/ITS/From_T2__apchildlive-succeed.t2_fixed__p16387_terminationG_0.smt2,sat,timeout,4.983881235122681,1200.016736984253
QF_NIA,no_bicp,complete-full-list,full-only,/20170427-VeryMax/ITS/From_T2__brp_withassume.t2__p17432_edge_closing_0.smt2,sat,timeout,734.7007119655609,1200.019344329834
QF_NIA,no_bicp,complete-full-list,full-only,/20170427-VeryMax/ITS/From_T2__brp_withassume.t2__p17436_edge_closing_0.smt2,sat,timeout,562.7166221141815,1200.0227239131927
QF_NIA,no_bicp,complete-full-list,full-only,/20170427-VeryMax/ITS/From_T2__byron-4.t2__p17563_terminationG_0.smt2,unsat,timeout,10.388229131698608,1200.0148992538452
QF_NIA,no_bicp,complete-full-list,full-only,/20170427-VeryMax/ITS/From_T2__cfg.t2__p17715_terminationG_0.smt2,unsat,timeout,860.060417175293,1200.020337343216
QF_NIA,no_bicp,complete-full-list,full-only,/20170427-VeryMax/ITS/From_T2__compress.t2_fixed__p17788_safety_0.smt2,unsat,timeout,454.0855040550232,1200.0166895389557
QF_NIA,no_bicp,complete-full-list,full-only,/20170427-VeryMax/ITS/From_T2__consts4nt.t2_fixed__p18261_terminationG_0.smt2,unsat,timeout,1142.797162771225,1200.0107972621918
QF_NIA,no_bicp,complete-full-list,full-only,/20170427-VeryMax/ITS/From_T2__cover.t2_fixed__term_unfeasibility_7_0.smt2,sat,timeout,64.1473479270935,1200.0264625549316
QF_NIA,no_bicp,complete-full-list,full-only,/20170427-VeryMax/ITS/From_T2__db3.t2__terminationQ_0_0.smt2,unsat,timeout,473.8800938129425,1200.0157737731934
QF_NIA,no_bicp,complete-full-list,full-only,/20170427-VeryMax/ITS/From_T2__destroy_seg_leak.t2_fixed__p18857_edge_closing_0.smt2,sat,timeout,3.5278160572052,1200.024974822998
QF_NIA,no_bicp,complete-full-list,full-only,/20170427-VeryMax/ITS/From_T2__disj_nightmare.t2__p18939_edge_closing_0.smt2,sat,timeout,1032.7619709968567,1200.0177252292633
QF_NIA,no_bicp,complete-full-list,full-only,/20170427-VeryMax/ITS/From_T2__disj_nightmare.t2__p18945_edge_closing_0.smt2,sat,timeout,1078.7469494342804,1200.0149443149567
QF_NIA,no_bicp,complete-full-list,full-only,/20170427-VeryMax/ITS/From_T2__edn.t2__p19867_safety_0.smt2,unsat,timeout,866.9591374397278,1200.0113830566406
QF_NIA,no_bicp,complete-full-list,ablated-only,/20170427-VeryMax/ITS/From_T2__edn.t2__p20182_safety_0.smt2,timeout,unsat,1200.0009894371033,1111.4909818172455
QF_NIA,no_bicp,complete-full-list,full-only,/20170427-VeryMax/ITS/From_T2__edn.t2__p20228_safety_0.smt2,unsat,timeout,715.0694420337677,1200.026575088501
QF_NIA,no_bicp,complete-full-list,full-only,/20170427-VeryMax/ITS/From_T2__edn.t2__p20361_safety_0.smt2,unsat,timeout,971.4471027851105,1200.0159170627594
QF_NIA,no_bicp,complete-full-list,full-only,/20170427-VeryMax/ITS/From_T2__edn.t2__p20914_safety_0.smt2,unsat,timeout,806.5583171844482,1200.0185134410858
QF_NIA,no_bicp,complete-full-list,full-only,/20170427-VeryMax/ITS/From_T2__edn.t2__p21814_safety_0.smt2,unsat,timeout,677.244060754776,1200.0179045200348
QF_NIA,no_bicp,complete-full-list,full-only,/20170427-VeryMax/ITS/From_T2__ex1.t2__p22362_terminationG_0.smt2,unsat,timeout,221.83727526664734,1200.022548675537
QF_NIA,no_bicp,complete-full-list,full-only,/20170427-VeryMax/ITS/From_T2__ex1.t2__p22367_terminationG_0.smt2,unsat,timeout,1053.9764773845673,1200.003339767456
QF_NIA,no_bicp,complete-full-list,full-only,/20170427-VeryMax/ITS/From_T2__ex1.t2__p22377_terminationG_0.smt2,unsat,timeout,1182.800287246704,1200.0116703510284
QF_NIA,no_bicp,complete-full-list,full-only,/20170427-VeryMax/ITS/From_T2__ex16.t2_fixed__p22161_terminationG_0.smt2,unsat,timeout,176.80531215667725,1200.026418685913
QF_NIA,no_bicp,complete-full-list,full-only,/20170427-VeryMax/ITS/From_T2__ex16.t2_fixed__p22176_terminationG_0.smt2,unsat,timeout,321.8032612800598,1200.0071449279785
QF_NIA,no_bicp,complete-full-list,full-only,/20170427-VeryMax/ITS/From_T2__ex16.t2_fixed__p22186_terminationG_0.smt2,unsat,timeout,808.2833392620087,1200.0127277374268
QF_NIA,no_bicp,complete-full-list,full-only,/20170427-VeryMax/ITS/From_T2__ex16.t2_fixed__p22191_terminationG_0.smt2,unsat,timeout,946.7317552566528,1200.0150759220123
QF_NIA,no_bicp,complete-full-list,full-only,/20170427-VeryMax/ITS/From_T2__ex16.t2_fixed__p22202_terminationG_0.smt2,unsat,timeout,968.2133021354675,1200.0271697044373
QF_NIA,no_bicp,complete-full-list,full-only,/20170427-VeryMax/ITS/From_T2__ex16.t2_fixed__p22207_terminationG_0.smt2,unsat,timeout,1092.9050455093384,1200.0192008018494
QF_NIA,no_bicp,complete-full-list,full-only,/20170427-VeryMax/ITS/From_T2__ex36.t2__p31853_safety_0.smt2,unsat,timeout,1138.816882610321,1200.0085780620575
QF_NIA,no_bicp,complete-full-list,full-only,/20170427-VeryMax/ITS/From_T2__foo.t2__term_unfeasibility_0_0.smt2,unsat,timeout,636.582968711853,1200.0161249637604
QF_NIA,no_bicp,complete-full-list,full-only,/20170427-VeryMax/ITS/From_T2__foo.t2__terminationS_15_0.smt2,unsat,timeout,982.2100982666016,1200.0101544857025
QF_NIA,no_bicp,complete-full-list,full-only,/20170427-VeryMax/ITS/From_T2__foo.t2__terminationS_19_0.smt2,unsat,timeout,937.5340859889984,1200.0160121917725
QF_NIA,no_bicp,complete-full-list,full-only,/20170427-VeryMax/ITS/From_T2__foo.t2__terminationS_23_0.smt2,sat,timeout,680.0119616985321,1200.0218408107758
QF_NIA,no_bicp,complete-full-list,full-only,/20170427-VeryMax/ITS/From_T2__foo.t2__terminationS_26_0.smt2,unsat,timeout,1120.613475561142,1200.005185842514
QF_NIA,no_bicp,complete-full-list,full-only,/20170427-VeryMax/ITS/From_T2__foo.t2__terminationS_4_0.smt2,unsat,timeout,771.0550663471222,1200.0318903923035
QF_NIA,no_bicp,complete-full-list,full-only,/20170427-VeryMax/ITS/From_T2__foo.t2__terminationS_8_0.smt2,unsat,timeout,952.7671749591827,1200.029640674591
QF_NIA,no_bicp,complete-full-list,ablated-only,/20170427-VeryMax/ITS/From_T2__fourn.t2__p32712_terminationG_0.smt2,timeout,sat,1200.0103831291199,1141.5609469413757
QF_NIA,no_bicp,complete-full-list,full-only,/20170427-VeryMax/ITS/From_T2__fun1.t2__p805_terminationG_0.smt2,sat,timeout,889.7359976768494,1200.0257577896118
QF_NIA,no_bicp,complete-full-list,full-only,/20170427-VeryMax/ITS/From_T2__fun1.t2__p810_terminationG_0.smt2,sat,timeout,325.9853262901306,1200.0277121067047
QF_NIA,no_bicp,complete-full-list,full-only,/20170427-VeryMax/ITS/From_T2__fun1.t2__p824_terminationG_0.smt2,sat,timeout,324.06459641456604,1200.0106217861176
QF_NIA,no_bicp,complete-full-list,full-only,/20170427-VeryMax/ITS/From_T2__fun1.t2__p840_terminationG_0.smt2,sat,timeout,602.5862736701965,1200.0024328231812
QF_NIA,no_bicp,complete-full-list,full-only,/20170427-VeryMax/ITS/From_T2__fun1.t2__p848_terminationG_0.smt2,sat,timeout,522.0846636295319,1200.0230116844177
QF_NIA,no_bicp,complete-full-list,full-only,/20170427-VeryMax/ITS/From_T2__fun1.t2_fixed__p705_terminationG_0.smt2,sat,timeout,1000.6480939388275,1200.0160164833069
QF_NIA,no_bicp,complete-full-list,full-only,/20170427-VeryMax/ITS/From_T2__fun1.t2_fixed__p737_terminationG_0.smt2,sat,timeout,455.8041441440582,1200.0159962177277
QF_NIA,no_bicp,complete-full-list,full-only,/20170427-VeryMax/ITS/From_T2__fun10b.t2__p345_edge_closing_0.smt2,sat,timeout,136.84734082221985,1200.0124127864838
QF_NIA,no_bicp,complete-full-list,full-only,/20170427-VeryMax/ITS/From_T2__fun1b.t2__p597_terminationG_0.smt2,sat,timeout,658.1226267814636,1200.0150554180145
QF_NIA,no_bicp,complete-full-list,full-only,/20170427-VeryMax/ITS/From_T2__fun1b.t2__p611_terminationG_0.smt2,sat,timeout,752.5122809410095,1200.030663728714
QF_NIA,no_bicp,complete-full-list,full-only,/20170427-VeryMax/ITS/From_T2__fun1b.t2__p630_terminationG_0.smt2,sat,timeout,245.5295135974884,1200.0055272579193
QF_NIA,no_bicp,complete-full-list,ablated-only,/20170427-VeryMax/ITS/From_T2__fun1b.t2__p638_terminationG_0.smt2,timeout,sat,1200.0015227794647,880.1935698986053
QF_NIA,no_bicp,complete-full-list,full-only,/20170427-VeryMax/ITS/From_T2__fun1b.t2__p644_terminationG_0.smt2,sat,timeout,1069.1352677345276,1200.002542257309
QF_NIA,no_bicp,complete-full-list,full-only,/20170427-VeryMax/ITS/From_T2__fun1b.t2__p654_terminationG_0.smt2,sat,timeout,1039.8525772094727,1200.004938364029
QF_NIA,no_bicp,complete-full-list,full-only,/20170427-VeryMax/ITS/From_T2__fun1b.t2__p672_terminationG_0.smt2,sat,timeout,939.6483299732208,1200.024736404419
QF_NIA,no_bicp,complete-full-list,full-only,/20170427-VeryMax/ITS/From_T2__fun1b.t2__p685_terminationG_0.smt2,sat,timeout,1004.4935863018036,1200.015323638916
QF_NIA,no_bicp,complete-full-list,full-only,/20170427-VeryMax/ITS/From_T2__fun1b.t2_fixed__p496_terminationG_0.smt2,sat,timeout,932.9190413951874,1200.018441438675
QF_NIA,no_bicp,complete-full-list,full-only,/20170427-VeryMax/ITS/From_T2__fun1b.t2_fixed__p504_terminationG_0.smt2,sat,timeout,978.0278105735779,1200.0119404792786
QF_NIA,no_bicp,complete-full-list,full-only,/20170427-VeryMax/ITS/From_T2__fun1b.t2_fixed__p528_terminationG_0.smt2,sat,timeout,952.9642317295074,1200.0135116577148
QF_NIA,no_bicp,complete-full-list,full-only,/20170427-VeryMax/ITS/From_T2__fun1b.t2_fixed__p535_terminationG_0.smt2,sat,timeout,490.76368403434753,1200.0116019248962
QF_NIA,no_bicp,complete-full-list,full-only,/20170427-VeryMax/ITS/From_T2__fun1b.t2_fixed__p543_terminationG_0.smt2,sat,timeout,674.3164694309235,1200.0160303115845
QF_NIA,no_bicp,complete-full-list,full-only,/20170427-VeryMax/ITS/From_T2__fun1b.t2_fixed__p551_terminationG_0.smt2,sat,timeout,876.6298203468323,1200.0092685222626
QF_NIA,no_bicp,complete-full-list,full-only,/20170427-VeryMax/ITS/From_T2__fun1b.t2_fixed__p562_terminationG_0.smt2,sat,timeout,553.4678666591644,1200.0074512958527
QF_NIA,no_bicp,complete-full-list,full-only,/20170427-VeryMax/ITS/From_T2__fun6.t2_fixed__p1046_terminationG_0.smt2,sat,timeout,977.6172070503235,1200.0097842216492
QF_NIA,no_bicp,complete-full-list,full-only,/20170427-VeryMax/ITS/From_T2__fun9.t2__p1196_terminationG_0.smt2,sat,timeout,1089.1077733039856,1200.015573978424
QF_NIA,no_bicp,complete-full-list,full-only,/20170427-VeryMax/ITS/From_T2__fun9.t2__p1279_edge_closing_0.smt2,sat,timeout,327.2013499736786,1200.015617609024
QF_NIA,no_bicp,complete-full-list,full-only,/20170427-VeryMax/ITS/From_T2__fun9.t2__p1464_edge_closing_0.smt2,sat,timeout,1119.6726169586182,1200.0078678131104
QF_NIA,no_bicp,complete-full-list,full-only,/20170427-VeryMax/ITS/From_T2__hqr.c.i.hqr.pl.t2.fixed.t2_fixed__p1607_terminationG_0.smt2,sat,timeout,717.0818936824799,1200.0208888053894
QF_NIA,no_bicp,complete-full-list,full-only,/20170427-VeryMax/ITS/From_T2__hqr.c.i.hqr.pl.t2.fixed.t2_fixed__p1613_terminationG_0.smt2,sat,timeout,738.9013123512268,1200.0107707977295
QF_NIA,no_bicp,complete-full-list,full-only,/20170427-VeryMax/ITS/From_T2__hqr.c.i.hqr.pl.t2.fixed.t2_fixed__p1618_terminationG_0.smt2,sat,timeout,894.0942552089691,1200.0239872932434
QF_NIA,no_bicp,complete-full-list,full-only,/20170427-VeryMax/ITS/From_T2__hqr.c.i.hqr.pl.t2.nor.t2.rlgfixed.t2__p1697_terminationG_0.smt2,sat,timeout,1109.1585357189178,1200.0320031642914
QF_NIA,no_bicp,complete-full-list,full-only,/20170427-VeryMax/ITS/From_T2__hqr.c.i.hqr.pl.t2.nor.t2.rlgfixed.t2_fixed__p1663_terminationG_0.smt2,sat,timeout,794.2670345306396,1200.0151360034943
QF_NIA,no_bicp,complete-full-list,full-only,/20170427-VeryMax/ITS/From_T2__hqr.t2__p1763_terminationG_0.smt2,sat,timeout,946.1342678070068,1200.0173456668854
QF_NIA,no_bicp,complete-full-list,full-only,/20170427-VeryMax/ITS/From_T2__hqr.t2__p1768_terminationG_0.smt2,sat,timeout,994.4166877269745,1200.01517868042
QF_NIA,no_bicp,complete-full-list,full-only,/20170427-VeryMax/ITS/From_T2__hqr.t2_fixed__p1730_terminationG_0.smt2,sat,timeout,766.1125702857971,1200.0236377716064
QF_NIA,no_bicp,complete-full-list,full-only,/20170427-VeryMax/ITS/From_T2__hqr.t2_fixed__p1740_terminationG_0.smt2,sat,timeout,764.5519313812256,1200.0070514678955
QF_NIA,no_bicp,complete-full-list,full-only,/20170427-VeryMax/ITS/From_T2__janne_complex.t2__p2026_terminationG_0.smt2,sat,timeout,508.96511816978455,1200.0305616855621
QF_NIA,no_bicp,complete-full-list,full-only,/20170427-VeryMax/ITS/From_T2__janne_complex.t2__p2096_terminationG_0.smt2,sat,timeout,349.86248803138733,1200.0026528835297
QF_NIA,no_bicp,complete-full-list,full-only,/20170427-VeryMax/ITS/From_T2__janne_complex.t2__p2144_terminationG_0.smt2,sat,timeout,514.3364353179932,1200.0173168182373
QF_NIA,no_bicp,complete-full-list,ablated-only,/20170427-VeryMax/ITS/From_T2__janne_complex.t2__p2157_terminationG_0.smt2,timeout,sat,1200.0009052753448,1081.1375005245209
QF_NIA,no_bicp,complete-full-list,full-only,/20170427-VeryMax/ITS/From_T2__janne_complex.t2__p2165_terminationG_0.smt2,sat,timeout,164.8190279006958,1200.0109012126923
QF_NIA,no_bicp,complete-full-list,full-only,/20170427-VeryMax/ITS/From_T2__janne_complex.t2__p2166_terminationG_0.smt2,sat,timeout,888.726077079773,1200.0160326957703
QF_NIA,no_bicp,complete-full-list,full-only,/20170427-VeryMax/ITS/From_T2__janne_complex.t2__p2181_terminationG_0.smt2,sat,timeout,69.63968920707703,1200.0025672912598
QF_NIA,no_bicp,complete-full-list,full-only,/20170427-VeryMax/ITS/From_T2__janne_complex.t2__p2182_terminationG_0.smt2,sat,timeout,722.7682433128357,1200.0084822177887
QF_NIA,no_bicp,complete-full-list,full-only,/20170427-VeryMax/ITS/From_T2__janne_complex.t2__p2193_terminationG_0.smt2,sat,timeout,322.7754416465759,1200.0329942703247
QF_NIA,no_bicp,complete-full-list,full-only,/20170427-VeryMax/ITS/From_T2__janne_complex.t2__p2194_terminationG_0.smt2,sat,timeout,1133.0681221485138,1200.0114650726318
QF_NIA,no_bicp,complete-full-list,full-only,/20170427-VeryMax/ITS/From_T2__janne_complex.t2__p2199_terminationG_0.smt2,sat,timeout,111.62426137924194,1200.03125
QF_NIA,no_bicp,complete-full-list,ablated-only,/20170427-VeryMax/ITS/From_T2__janne_complex.t2__p2200_terminationG_0.smt2,timeout,sat,1200.0027978420258,156.14426636695862
QF_NIA,no_bicp,complete-full-list,full-only,/20170427-VeryMax/ITS/From_T2__janne_complex.t2__p2220_terminationG_0.smt2,sat,timeout,10.900390863418579,1200.0291867256165
QF_NIA,no_bicp,complete-full-list,full-only,/20170427-VeryMax/ITS/From_T2__janne_complex.t2__p2226_terminationG_0.smt2,sat,timeout,92.09992957115173,1200.017124414444
QF_NIA,no_bicp,complete-full-list,full-only,/20170427-VeryMax/ITS/From_T2__janne_complex.t2__p2231_terminationG_0.smt2,sat,timeout,407.9641807079315,1200.0136177539825
QF_NIA,no_bicp,complete-full-list,full-only,/20170427-VeryMax/ITS/From_T2__janne_complex.t2__p2235_terminationG_0.smt2,sat,timeout,991.8141605854034,1200.014402627945
QF_NIA,no_bicp,complete-full-list,ablated-only,/20170427-VeryMax/ITS/From_T2__janne_complex.t2__p2236_terminationG_0.smt2,timeout,sat,1200.0008602142334,434.84225392341614
QF_NIA,no_bicp,complete-full-list,full-only,/20170427-VeryMax/ITS/From_T2__janne_complex.t2__p2241_terminationG_0.smt2,sat,timeout,122.41320705413818,1200.0114505290985
QF_NIA,no_bicp,complete-full-list,ablated-only,/20170427-VeryMax/ITS/From_T2__janne_complex.t2__p2254_terminationG_0.smt2,timeout,sat,1200.0015861988068,875.5171415805817
QF_NIA,no_bicp,complete-full-list,full-only,/20170427-VeryMax/ITS/From_T2__janne_complex.t2__p2263_terminationG_0.smt2,sat,timeout,11.58154845237732,1200.0144934654236
QF_NIA,no_bicp,complete-full-list,full-only,/20170427-VeryMax/ITS/From_T2__janne_complex.t2__p2265_terminationG_0.smt2,sat,timeout,1026.4185621738434,1200.004774093628
QF_NIA,no_bicp,complete-full-list,full-only,/20170427-VeryMax/ITS/From_T2__janne_complex.t2__p2272_terminationG_0.smt2,sat,timeout,94.23682475090027,1200.0235590934753
QF_NIA,no_bicp,complete-full-list,full-only,/20170427-VeryMax/ITS/From_T2__janne_complex.t2__p2273_terminationG_0.smt2,sat,timeout,516.9210886955261,1200.0238449573517
QF_NIA,no_bicp,complete-full-list,full-only,/20170427-VeryMax/ITS/From_T2__janne_complex.t2__p2277_terminationG_0.smt2,sat,timeout,884.787919998169,1200.0155432224274
QF_NIA,no_bicp,complete-full-list,full-only,/20170427-VeryMax/ITS/From_T2__janne_complex.t2__p2278_terminationG_0.smt2,sat,timeout,65.90630984306335,1200.0085101127625
QF_NIA,no_bicp,complete-full-list,full-only,/20170427-VeryMax/ITS/From_T2__janne_complex.t2_fixed__p2009_edge_closing_0.smt2,sat,timeout,593.694235086441,1200.0043110847473
QF_NIA,no_bicp,complete-full-list,full-only,/20170427-VeryMax/ITS/From_T2__mc91test.t2__p3008_terminationG_0.smt2,sat,timeout,404.5159969329834,1200.0228197574615
QF_NIA,no_bicp,complete-full-list,full-only,/20170427-VeryMax/ITS/From_T2__mc91test.t2__p3027_terminationG_0.smt2,sat,timeout,866.9292387962341,1200.0088288784027
QF_NIA,no_bicp,complete-full-list,full-only,/20170427-VeryMax/ITS/From_T2__mc91test.t2__p3032_terminationG_0.smt2,sat,timeout,503.8426778316498,1200.0086443424225
QF_NIA,no_bicp,complete-full-list,full-only,/20170427-VeryMax/ITS/From_T2__mc91test.t2__p3059_terminationG_0.smt2,sat,timeout,245.3865671157837,1200.018670797348
QF_NIA,no_bicp,complete-full-list,full-only,/20170427-VeryMax/ITS/From_T2__mc91test.t2__p3090_terminationG_0.smt2,sat,timeout,451.92303800582886,1200.0039246082306
QF_NIA,no_bicp,complete-full-list,full-only,/20170427-VeryMax/ITS/From_T2__mc91test.t2__p3095_terminationG_0.smt2,sat,timeout,307.01313853263855,1200.0190329551697
QF_NIA,no_bicp,complete-full-list,full-only,/20170427-VeryMax/ITS/From_T2__mc91test.t2__p3096_terminationG_0.smt2,sat,timeout,1075.588891506195,1200.0133833885193
QF_NIA,no_bicp,complete-full-list,full-only,/20170427-VeryMax/ITS/From_T2__mc91test.t2__p3111_terminationG_0.smt2,sat,timeout,801.9338569641113,1200.0227150917053
QF_NIA,no_bicp,complete-full-list,full-only,/20170427-VeryMax/ITS/From_T2__mc91test.t2__p3116_terminationG_0.smt2,sat,timeout,437.37887144088745,1200.0157852172852
QF_NIA,no_bicp,complete-full-list,full-only,/20170427-VeryMax/ITS/From_T2__mc91test.t2__p3121_terminationG_0.smt2,sat,timeout,193.63217902183533,1200.014910697937
QF_NIA,no_bicp,complete-full-list,full-only,/20170427-VeryMax/ITS/From_T2__mc91test.t2__p3137_terminationG_0.smt2,sat,timeout,507.3572313785553,1200.0115208625793
QF_NIA,no_bicp,complete-full-list,full-only,/20170427-VeryMax/ITS/From_T2__mc91test.t2__p3147_terminationG_0.smt2,sat,timeout,273.83990573883057,1200.0103232860565
QF_NIA,no_bicp,complete-full-list,full-only,/20170427-VeryMax/ITS/From_T2__mc91test.t2__p3163_terminationG_0.smt2,sat,timeout,809.1128077507019,1200.0122361183167
QF_NIA,no_bicp,complete-full-list,full-only,/20170427-VeryMax/ITS/From_T2__mc91test.t2__p3189_terminationG_0.smt2,sat,timeout,1181.5942471027374,1200.0015079975128
QF_NIA,no_bicp,complete-full-list,full-only,/20170427-VeryMax/ITS/From_T2__mc91test.t2__p3194_terminationG_0.smt2,sat,timeout,653.3001420497894,1200.0278351306915
QF_NIA,no_bicp,complete-full-list,full-only,/20170427-VeryMax/ITS/From_T2__mc91test.t2__p3220_terminationG_0.smt2,sat,timeout,290.06143951416016,1200.0160582065582
QF_NIA,no_bicp,complete-full-list,full-only,/20170427-VeryMax/ITS/From_T2__mc91test.t2__p3225_terminationG_0.smt2,sat,timeout,194.96348595619202,1200.02352309227
QF_NIA,no_bicp,complete-full-list,full-only,/20170427-VeryMax/ITS/From_T2__mc91test.t2__p3241_terminationG_0.smt2,sat,timeout,656.0627782344818,1200.013767004013
QF_NIA,no_bicp,complete-full-list,full-only,/20170427-VeryMax/ITS/From_T2__mc91test.t2__p3247_terminationG_0.smt2,sat,timeout,508.8369858264923,1200.006890296936
QF_NIA,no_bicp,complete-full-list,full-only,/20170427-VeryMax/ITS/From_T2__mc91test.t2__p3273_terminationG_0.smt2,sat,timeout,453.54496002197266,1200.03466463089
QF_NIA,no_bicp,complete-full-list,full-only,/20170427-VeryMax/ITS/From_T2__mc91test.t2__p3278_terminationG_0.smt2,sat,timeout,632.0703823566437,1200.0102200508118
QF_NIA,no_bicp,complete-full-list,ablated-only,/20170427-VeryMax/ITS/From_T2__mc91test.t2__p3289_terminationG_0.smt2,timeout,sat,1200.015929698944,1103.8099827766418
QF_NIA,no_bicp,complete-full-list,full-only,/20170427-VeryMax/ITS/From_T2__mc91test.t2__p3300_terminationG_0.smt2,sat,timeout,299.8884153366089,1200.0208444595337
QF_NIA,no_bicp,complete-full-list,full-only,/20170427-VeryMax/ITS/From_T2__mc91test.t2__p3327_terminationG_0.smt2,sat,timeout,233.42440485954285,1200.0169093608856
QF_NIA,no_bicp,complete-full-list,full-only,/20170427-VeryMax/ITS/From_T2__mc91test.t2__p3332_terminationG_0.smt2,sat,timeout,373.5669276714325,1200.0156745910645
QF_NIA,no_bicp,complete-full-list,full-only,/20170427-VeryMax/ITS/From_T2__mc91test.t2__p3353_terminationG_0.smt2,sat,timeout,502.0766336917877,1200.0086739063263
QF_NIA,no_bicp,complete-full-list,full-only,/20170427-VeryMax/ITS/From_T2__mc91test.t2__p3358_terminationG_0.smt2,sat,timeout,634.0359873771667,1200.010038614273
QF_NIA,no_bicp,complete-full-list,full-only,/20170427-VeryMax/ITS/From_T2__mc91test.t2__p3383_edge_closing_0.smt2,sat,timeout,787.8438572883606,1200.0196788311005
QF_NIA,no_bicp,complete-full-list,full-only,/20170427-VeryMax/ITS/From_T2__n-1.t2__p3816_terminationG_0.smt2,unsat,timeout,53.85644507408142,1200.035300731659
QF_NIA,no_bicp,complete-full-list,full-only,/20170427-VeryMax/ITS/From_T2__n-12.t2__p3472_edge_closing_0.smt2,unsat,timeout,39.983264684677124,1200.0114102363586
QF_NIA,no_bicp,complete-full-list,full-only,/20170427-VeryMax/ITS/From_T2__n-21.t2__p3905_terminationG_0.smt2,unsat,timeout,189.57437014579773,1200.0151076316833
QF_NIA,no_bicp,complete-full-list,full-only,/20170427-VeryMax/ITS/From_T2__n-21.t2__p3910_terminationG_0.smt2,unsat,timeout,915.0917503833771,1200.0250959396362
QF_NIA,no_bicp,complete-full-list,full-only,/20170427-VeryMax/ITS/From_T2__n-21.t2__p3915_terminationG_0.smt2,unsat,timeout,148.44329118728638,1200.0180575847626
QF_NIA,no_bicp,complete-full-list,full-only,/20170427-VeryMax/ITS/From_T2__n-46.t2__p4386_terminationG_0.smt2,unsat,timeout,243.48880815505981,1200.0216109752655
QF_NIA,no_bicp,complete-full-list,full-only,/20170427-VeryMax/ITS/From_T2__n-46.t2__p4391_terminationG_0.smt2,unsat,timeout,197.67792081832886,1200.0125198364258
QF_NIA,no_bicp,complete-full-list,full-only,/20170427-VeryMax/ITS/From_T2__n-46.t2__p4397_terminationG_0.smt2,unsat,timeout,312.6914119720459,1200.0197932720184
QF_NIA,no_bicp,complete-full-list,full-only,/20170427-VeryMax/ITS/From_T2__n-46.t2__p4402_terminationG_0.smt2,unsat,timeout,564.7976939678192,1200.0197024345398
QF_NIA,no_bicp,complete-full-list,full-only,/20170427-VeryMax/ITS/From_T2__n-46.t2__p4417_terminationG_0.smt2,unsat,timeout,598.2357287406921,1200.016018152237
QF_NIA,no_bicp,complete-full-list,full-only,/20170427-VeryMax/ITS/From_T2__n-48.t2__p4491_terminationG_0.smt2,unsat,timeout,700.4458510875702,1200.0113098621368
QF_NIA,no_bicp,complete-full-list,full-only,/20170427-VeryMax/ITS/From_T2__n-5.t2__p4709_edge_closing_0.smt2,sat,timeout,921.7771990299225,1200.0205600261688
QF_NIA,no_bicp,complete-full-list,full-only,/20170427-VeryMax/ITS/From_T2__n-5.t2_fixed__p4609_edge_closing_0.smt2,sat,timeout,1180.9873976707458,1200.0141727924347
QF_NIA,no_bicp,complete-full-list,full-only,/20170427-VeryMax/ITS/From_T2__n-5.t2_fixed__p4622_edge_closing_0.smt2,sat,timeout,886.2445456981659,1200.006019115448
QF_NIA,no_bicp,complete-full-list,full-only,/20170427-VeryMax/ITS/From_T2__n-6.t2__p4844_terminationG_0.smt2,unsat,timeout,216.75334477424622,1200.0125827789307
QF_NIA,no_bicp,complete-full-list,full-only,/20170427-VeryMax/ITS/From_T2__n-7.t2__p5050_terminationG_0.smt2,unsat,timeout,239.25693321228027,1200.0161530971527
QF_NIA,no_bicp,complete-full-list,full-only,/20170427-VeryMax/ITS/From_T2__n-7.t2__p5055_terminationG_0.smt2,unsat,timeout,378.51678252220154,1200.006842136383
QF_NIA,no_bicp,complete-full-list,full-only,/20170427-VeryMax/ITS/From_T2__n-7.t2_fixed__p4927_terminationG_0.smt2,unsat,timeout,976.6525776386261,1200.0037837028503
QF_NIA,no_bicp,complete-full-list,full-only,/20170427-VeryMax/ITS/From_T2__n_firewire_instrumented-PP.t2__p6206_terminationG_0.smt2,unsat,timeout,242.7448718547821,1200.0174715518951
QF_NIA,no_bicp,complete-full-list,full-only,/20170427-VeryMax/ITS/From_T2__nakata.t2__p5296_terminationG_0.smt2,sat,timeout,651.2051231861115,1200.0393869876862
QF_NIA,no_bicp,complete-full-list,full-only,/20170427-VeryMax/ITS/From_T2__nakata.t2__p5301_terminationG_0.smt2,sat,timeout,919.621621131897,1200.0117163658142
QF_NIA,no_bicp,complete-full-list,full-only,/20170427-VeryMax/ITS/From_T2__nakata.t2__p5306_terminationG_0.smt2,sat,timeout,1099.4635961055756,1200.0158655643463
QF_NIA,no_bicp,complete-full-list,full-only,/20170427-VeryMax/ITS/From_T2__nakata.t2__p5334_terminationG_0.smt2,unsat,timeout,328.42697978019714,1200.0110473632812
QF_NIA,no_bicp,complete-full-list,full-only,/20170427-VeryMax/ITS/From_T2__non_term.t2__p6236_terminationG_0.smt2,unsat,timeout,992.8176391124725,1200.0035479068756
QF_NIA,no_bicp,complete-full-list,full-only,/20170427-VeryMax/ITS/From_T2__p-46.t2_fixed__p6665_terminationG_0.smt2,unsat,timeout,31.09387755393982,1200.0225324630737
QF_NIA,no_bicp,complete-full-list,full-only,/20170427-VeryMax/ITS/From_T2__p_armc.t2__p6946_terminationG_0.smt2,sat,timeout,71.84245705604553,1200.0096583366394
QF_NIA,no_bicp,complete-full-list,full-only,/20170427-VeryMax/ITS/From_T2__pgarch.t2__p7284_terminationG_0.smt2,sat,timeout,666.7564804553986,1200.019766330719
QF_NIA,no_bicp,complete-full-list,full-only,/20170427-VeryMax/ITS/From_T2__polling.t2_fixed__p7336_terminationG_0.smt2,sat,timeout,4.8979926109313965,1200.0184559822083
QF_NIA,no_bicp,complete-full-list,full-only,/20170427-VeryMax/ITS/From_T2__queens.t2__p8374_terminationG_0.smt2,sat,timeout,188.09161376953125,1200.0157387256622
QF_NIA,no_bicp,complete-full-list,full-only,/20170427-VeryMax/ITS/From_T2__queens.t2_fixed__p8359_terminationG_0.smt2,sat,timeout,741.108283996582,1200.0138442516327
QF_NIA,no_bicp,complete-full-list,full-only,/20170427-VeryMax/ITS/From_T2__ruslan-benchmarks_misc_n-38.t2__p9254_edge_closing_0.smt2,sat,timeout,642.5933673381805,1200.0183370113373
QF_NIA,no_bicp,complete-full-list,full-only,/20170427-VeryMax/ITS/From_T2__ruslan-benchmarks_misc_n-38.t2__p9255_edge_closing_0.smt2,unsat,timeout,573.7050280570984,1200.0037343502045
QF_NIA,no_bicp,complete-full-list,ablated-only,/20170427-VeryMax/ITS/From_T2__ruslan-benchmarks_misc_n-38.t2__p9262_edge_closing_0.smt2,timeout,sat,1200.0013537406921,911.9603459835052
QF_NIA,no_bicp,complete-full-list,full-only,/20170427-VeryMax/ITS/From_T2__s1-striped.t2__p12020_terminationG_0.smt2,sat,timeout,833.5571429729462,1200.0037605762482
QF_NIA,no_bicp,complete-full-list,full-only,/20170427-VeryMax/ITS/From_T2__s1-striped.t2__p13882_safety_0.smt2,unsat,timeout,659.296126127243,1200.0081179141998
QF_NIA,no_bicp,complete-full-list,full-only,/20170427-VeryMax/ITS/From_T2__s1-striped.t2_fixed__p12007_edge_closing_0.smt2,sat,timeout,888.7559676170349,1200.0163447856903
QF_NIA,no_bicp,complete-full-list,full-only,/20170427-VeryMax/ITS/From_T2__s1-striped.t2_fixed__p9287_terminationG_0.smt2,sat,timeout,1199.4472935199738,1200.0233459472656
QF_NIA,no_bicp,complete-full-list,full-only,/20170427-VeryMax/ITS/From_T2__s1-striped.t2_fixed__p9309_terminationG_0.smt2,sat,timeout,437.135954618454,1200.0233809947968
QF_NIA,no_bicp,complete-full-list,full-only,/20170427-VeryMax/ITS/From_T2__s1-striped.t2_fixed__p9316_terminationG_0.smt2,sat,timeout,930.5246510505676,1200.0057954788208
QF_NIA,no_bicp,complete-full-list,full-only,/20170427-VeryMax/ITS/From_T2__s1-striped.t2_fixed__p9326_terminationG_0.smt2,sat,timeout,249.4581298828125,1200.0089433193207
QF_NIA,no_bicp,complete-full-list,full-only,/20170427-VeryMax/ITS/From_T2__s1.t2__p19700_safety_0.smt2,unsat,timeout,442.50246238708496,1200.027480840683
QF_NIA,no_bicp,complete-full-list,full-only,/20170427-VeryMax/ITS/From_T2__s1.t2_fixed__p15170_terminationG_0.smt2,sat,timeout,930.7015888690948,1200.0014538764954
QF_NIA,no_bicp,complete-full-list,full-only,/20170427-VeryMax/ITS/From_T2__s1.t2_fixed__p15185_terminationG_0.smt2,sat,timeout,823.4284670352936,1200.0298125743866
QF_NIA,no_bicp,complete-full-list,full-only,/20170427-VeryMax/ITS/From_T2__s1.t2_fixed__p15190_terminationG_0.smt2,sat,timeout,4.719222784042358,1200.0151088237762
QF_NIA,no_bicp,complete-full-list,full-only,/20170427-VeryMax/ITS/From_T2__s1.t2_fixed__p17911_edge_closing_0.smt2,sat,timeout,313.6956675052643,1200.0012016296387
QF_NIA,no_bicp,complete-full-list,full-only,/20170427-VeryMax/ITS/From_T2__slayer-3-filtered.t2__p21508_terminationG_0.smt2,sat,timeout,497.47020196914673,1200.018268585205
QF_NIA,no_bicp,complete-full-list,ablated-only,/20170427-VeryMax/ITS/From_T2__slayer-3-filtered.t2__p21681_safety_0.smt2,timeout,unsat,1200.001036643982,753.1942763328552
QF_NIA,no_bicp,complete-full-list,full-only,/20170427-VeryMax/ITS/From_T2__slayer-3-new.t2__p21878_terminationG_0.smt2,sat,timeout,745.7578482627869,1200.0124373435974
QF_NIA,no_bicp,complete-full-list,full-only,/20170427-VeryMax/ITS/From_T2__slayer-3-new.t2__p22118_edge_closing_0.smt2,sat,timeout,43.818687200546265,1200.015605211258
QF_NIA,no_bicp,complete-full-list,full-only,/20170427-VeryMax/ITS/From_T2__slayer-3.t2__p22184_terminationG_0.smt2,sat,timeout,1164.986330986023,1200.0236186981201
QF_NIA,no_bicp,complete-full-list,full-only,/20170427-VeryMax/ITS/From_T2__slayer-4-filtered.t2__p22434_terminationG_0.smt2,sat,timeout,927.6080536842346,1200.0120024681091
QF_NIA,no_bicp,complete-full-list,full-only,/20170427-VeryMax/ITS/From_T2__slayer-4-filtered.t2__p22480_terminationG_0.smt2,sat,timeout,998.8808617591858,1200.0194156169891
QF_NIA,no_bicp,complete-full-list,full-only,/20170427-VeryMax/ITS/From_T2__slayer-4-filtered.t2__p22485_terminationG_0.smt2,sat,timeout,313.49445033073425,1200.0008506774902
QF_NIA,no_bicp,complete-full-list,full-only,/20170427-VeryMax/ITS/From_T2__slayer-4-filtered.t2__p22531_terminationG_0.smt2,sat,timeout,895.5735549926758,1200.0090341567993
QF_NIA,no_bicp,complete-full-list,full-only,/20170427-VeryMax/ITS/From_T2__slayer-4-filtered.t2__p22582_terminationG_0.smt2,sat,timeout,1096.4871366024017,1200.0251998901367
QF_NIA,no_bicp,complete-full-list,full-only,/20170427-VeryMax/ITS/From_T2__slayer-4-filtered.t2__p22587_terminationG_0.smt2,sat,timeout,506.1004948616028,1200.003099679947
QF_NIA,no_bicp,complete-full-list,full-only,/20170427-VeryMax/ITS/From_T2__slayer-4-filtered.t2__p22635_terminationG_0.smt2,sat,timeout,909.3872787952423,1200.0265226364136
QF_NIA,no_bicp,complete-full-list,full-only,/20170427-VeryMax/ITS/From_T2__slayer-4-filtered.t2__p22639_terminationG_0.smt2,sat,timeout,239.19895958900452,1200.0163519382477
QF_NIA,no_bicp,complete-full-list,full-only,/20170427-VeryMax/ITS/From_T2__slayer-4-filtered.t2__p22683_terminationG_0.smt2,sat,timeout,957.4066071510315,1200.0184061527252
QF_NIA,no_bicp,complete-full-list,full-only,/20170427-VeryMax/ITS/From_T2__slayer-4-filtered.t2__p22687_terminationG_0.smt2,sat,timeout,534.8276474475861,1200.0167236328125
QF_NIA,no_bicp,complete-full-list,full-only,/20170427-VeryMax/ITS/From_T2__slayer-n1.t2_fixed__p23125_terminationG_0.smt2,unsat,timeout,668.5837371349335,1200.0115087032318
QF_NIA,no_bicp,complete-full-list,full-only,/20170427-VeryMax/ITS/From_T2__slayer-n2-filtered.t2__p23184_terminationG_0.smt2,unsat,timeout,1032.924860715866,1200.0032649040222
QF_NIA,no_bicp,complete-full-list,full-only,/20170427-VeryMax/ITS/From_T2__small01.t2__p23469_terminationG_0.smt2,unsat,timeout,238.28964281082153,1200.014645576477
QF_NIA,no_bicp,complete-full-list,full-only,/20170427-VeryMax/ITS/From_T2__small01.t2__p23479_terminationG_0.smt2,unsat,timeout,163.83394527435303,1200.0116477012634
QF_NIA,no_bicp,complete-full-list,full-only,/20170427-VeryMax/ITS/From_T2__small35.t2__p24045_terminationG_0.smt2,unsat,timeout,133.13344168663025,1200.0111012458801
QF_NIA,no_bicp,complete-full-list,full-only,/20170427-VeryMax/ITS/From_T2__small35.t2__p24055_terminationG_0.smt2,unsat,timeout,236.1988594532013,1200.0216417312622
QF_NIA,no_bicp,complete-full-list,full-only,/20170427-VeryMax/ITS/From_T2__spiral.t2__p24122_terminationG_0.smt2,sat,timeout,922.8262219429016,1200.009952545166
QF_NIA,no_bicp,complete-full-list,full-only,/20170427-VeryMax/ITS/From_T2__st88.t2_fixed__p24206_terminationG_0.smt2,unsat,timeout,617.6191689968109,1200.0025703907013
QF_NIA,no_bicp,complete-full-list,full-only,/20170427-VeryMax/ITS/From_T2__streamserver-succeed.t2__p24601_terminationG_0.smt2,sat,timeout,606.8150715827942,1200.0160765647888
QF_NIA,no_bicp,complete-full-list,full-only,/20170427-VeryMax/ITS/From_T2__streamserver-succeed.t2__p24606_terminationG_0.smt2,sat,timeout,460.4787907600403,1200.004107952118
QF_NIA,no_bicp,complete-full-list,full-only,/20170427-VeryMax/ITS/From_T2__streamserver-succeed.t2__p24620_terminationG_0.smt2,sat,timeout,858.3496136665344,1200.0185866355896
QF_NIA,no_bicp,complete-full-list,full-only,/20170427-VeryMax/ITS/From_T2__streamserver-succeed.t2__p24634_terminationG_0.smt2,sat,timeout,968.2320141792297,1200.027504682541
QF_NIA,no_bicp,complete-full-list,full-only,/20170427-VeryMax/ITS/From_T2__streamserver-succeed.t2__p24662_terminationG_0.smt2,sat,timeout,858.4543452262878,1200.0105166435242
QF_NIA,no_bicp,complete-full-list,ablated-only,/20170427-VeryMax/ITS/From_T2__streamserver-succeed.t2_fixed__p24586_edge_closing_0.smt2,timeout,sat,1200.0008499622345,1007.0962316989899
QF_NIA,no_bicp,complete-full-list,full-only,/20170427-VeryMax/ITS/From_T2__streamserver.bug.t2__p24572_terminationG_0.smt2,sat,timeout,5.556993722915649,1200.0105390548706
QF_NIA,no_bicp,complete-full-list,full-only,/20170427-VeryMax/ITS/From_T2__svdcmp.c.i.svdcmp.pl.t2.fixed.t2__p24884_terminationG_0.smt2,sat,timeout,487.4949324131012,1200.011990070343
QF_NIA,no_bicp,complete-full-list,full-only,/20170427-VeryMax/ITS/From_T2__tqli.c.i.tqli.pl.t2.fixed.t2__p25012_terminationG_0.smt2,sat,timeout,998.9214792251587,1200.020215511322
QF_NIA,no_bicp,complete-full-list,full-only,/20170427-VeryMax/ITS/From_T2__tqli.c.i.tqli.pl.t2.fixed.t2__p25041_edge_closing_0.smt2,sat,timeout,648.4980552196503,1200.0081038475037
QF_NIA,no_bicp,complete-full-list,full-only,/20170427-VeryMax/ITS/From_T2__tqli.c.i.tqli.pl.t2.nor.t2.rlgfixed.t2__p25093_edge_closing_0.smt2,sat,timeout,343.75027298927307,1200.0160913467407
QF_NIA,no_bicp,complete-full-list,full-only,/20170427-VeryMax/ITS/From_T2__tqli.t2__p25267_edge_closing_0.smt2,sat,timeout,430.3047790527344,1200.0100169181824
QF_NIA,no_bicp,complete-full-list,full-only,/20170427-VeryMax/ITS/From_T2__w2_nt.t2__p25384_safety_0.smt2,unsat,timeout,1190.5505764484406,1200.0008347034454
QF_NIA,no_bicp,complete-full-list,full-only,/20170427-VeryMax/ITS/From_T2__walk.t2__p25579_terminationG_0.smt2,unsat,timeout,266.9350275993347,1200.0098645687103
QF_NIA,no_bicp,complete-full-list,full-only,/20170427-VeryMax/ITS/From_T2__walk.t2__p25584_terminationG_0.smt2,unsat,timeout,224.00040888786316,1200.0156633853912
QF_NIA,no_bicp,complete-full-list,full-only,/20170427-VeryMax/ITS/From_T2__walk.t2__p25589_terminationG_0.smt2,unsat,timeout,320.4766614437103,1200.0278856754303
QF_NIA,no_bicp,complete-full-list,full-only,/20170427-VeryMax/ITS/From_T2__walk.t2__p25594_terminationG_0.smt2,unsat,timeout,743.1705567836761,1200.015413761139
QF_NIA,no_bicp,complete-full-list,full-only,/20170427-VeryMax/ITS/From_T2__walk.t2__p25599_terminationG_0.smt2,unsat,timeout,582.9530589580536,1200.0080456733704
QF_NIA,no_bicp,complete-full-list,full-only,/20170427-VeryMax/ITS/From_T2__weakness.t2__p25659_terminationG_0.smt2,unsat,timeout,450.20110511779785,1200.011393070221
QF_NIA,no_bicp,complete-full-list,full-only,/20170427-VeryMax/ITS/From_T2__zlib-adler32.c.t2__p26075_safety_0.smt2,unsat,timeout,671.2695050239563,1200.0062816143036
QF_NIA,no_bicp,complete-full-list,full-only,/20170427-VeryMax/ITS/From_T2__zlib-adler32.c.t2__p26089_safety_0.smt2,unsat,timeout,1040.1372802257538,1200.019460439682
QF_NIA,no_bicp,complete-full-list,ablated-only,/20170427-VeryMax/ITS/From_T2__zlib-adler32.c.t2__p26157_safety_0.smt2,timeout,unsat,1200.0022723674774,867.0344295501709
QF_NIA,no_bicp,complete-full-list,full-only,/20170427-VeryMax/ITS/From_T2__zlib-adler32.c.t2__p26225_safety_0.smt2,unsat,timeout,1058.0367302894592,1200.0268845558167
QF_NIA,no_bicp,complete-full-list,full-only,/20170427-VeryMax/ITS/From_T2__zlib-adler32.c.t2_fixed__p25841_terminationG_0.smt2,sat,timeout,189.67272853851318,1200.0178554058075
QF_NIA,no_bicp,complete-full-list,full-only,/20170427-VeryMax/ITS/From_T2__zlib-crc32-BYFOUR.c.t2__p26562_edge_closing_0.smt2,sat,timeout,1077.8642899990082,1200.0086498260498
QF_NIA,no_bicp,complete-full-list,full-only,/AProVE/aproveSMT2305872787415906654.smt2,unsat,timeout,150.61685991287231,1200.0311119556427
QF_NIA,no_bicp,complete-full-list,full-only,/AProVE/aproveSMT3497219735411737375.smt2,sat,timeout,309.4063115119934,1200.003070116043
QF_NIA,no_bicp,complete-full-list,full-only,/AProVE/aproveSMT4709971078612194434.smt2,unsat,timeout,2.25374436378479,1200.0046627521515
QF_NIA,no_bicp,complete-full-list,full-only,/AProVE/aproveSMT4802930628021030112.smt2,unsat,timeout,0.960984468460083,1200.0191342830658
QF_NIA,no_bicp,complete-full-list,full-only,/AProVE/aproveSMT5012629543273716739.smt2,sat,timeout,312.2875785827637,1200.0192136764526
QF_NIA,no_bicp,complete-full-list,full-only,/AProVE/aproveSMT578728211229400351.smt2,unsat,timeout,107.96289587020874,1200.0061974525452
QF_NIA,no_bicp,complete-full-list,full-only,/AProVE/aproveSMT6030602863271290399.smt2,unsat,timeout,137.85517287254333,1200.0269067287445
QF_NIA,no_bicp,complete-full-list,full-only,/AProVE/aproveSMT7786226412605780769.smt2,unsat,timeout,139.92776799201965,1200.0129771232605
QF_NIA,no_bicp,complete-full-list,full-only,/leipzig/term-Wvoafx.smt2,sat,timeout,98.79619145393372,1200.006774187088
QF_NIA,no_bicp,complete-full-list,full-only,/leipzig/term-XbWQfu.smt2,sat,timeout,227.8545618057251,1200.0196344852448
QF_NIA,no_bicp,complete-full-list,full-only,/leipzig/term-l6cqQI.smt2,sat,timeout,200.948344707489,1200.0363326072693
QF_NIA,no_bicp,complete-full-list,full-only,/leipzig/term-unsat-02.smt2,unsat,timeout,1169.559555530548,1200.013026714325
QF_NIA,no_bicp,complete-full-list,full-only,/mcm/07.smt2,sat,timeout,257.7235689163208,1200.006022453308
QF_NIA,no_bicp,complete-full-list,full-only,/mcm/101.smt2,unsat,timeout,1067.652203798294,1200.0114884376526
QF_NIA,no_bicp,complete-full-list,full-only,/mcm/14.smt2,sat,timeout,402.21553921699524,1200.0038406848907
QF_NIA,no_bicp,complete-full-list,full-only,/mcm/42.smt2,unsat,timeout,901.2432701587677,1200.0106256008148
QF_NIA,no_bicp,complete-full-list,full-only,/mcm/51.smt2,unsat,timeout,1049.3161449432373,1200.0170907974243
QF_NIA,no_clause_reduction,complete-full-list,full-only,/20170427-VeryMax/CInteger/Stroeder_15__4NestedWith3Variables_true-termination.c__p20313_terminationG_0.smt2,sat,timeout,445.22346663475037,1200.0083611011505
QF_NIA,no_clause_reduction,complete-full-list,full-only,/20170427-VeryMax/CInteger/Stroeder_15__AlternKonv.c__p20694_edge_closing_0.smt2,unsat,timeout,733.5324718952179,1200.0068821907043
QF_NIA,no_clause_reduction,complete-full-list,full-only,/20170427-VeryMax/CInteger/Stroeder_15__ChenFlurMukhopadhyay-SAS2012-Ex2.06_false-termination.c__p21128_terminationG_0.smt2,sat,timeout,297.85487818717957,1200.004813194275
QF_NIA,no_clause_reduction,complete-full-list,full-only,/20170427-VeryMax/CInteger/Stroeder_15__ChenFlurMukhopadhyay-SAS2012-Ex2.06_false-termination.c__p21133_terminationG_0.smt2,sat,timeout,217.20898246765137,1200.0008533000946
QF_NIA,no_clause_reduction,complete-full-list,ablated-only,/20170427-VeryMax/CInteger/Stroeder_15__ChenFlurMukhopadhyay-SAS2012-Ex2.06_false-termination.c__p21141_edge_closing_0.smt2,timeout,sat,1200.0008182525635,7.470493793487549
QF_NIA,no_clause_reduction,complete-full-list,ablated-only,/20170427-VeryMax/CInteger/Stroeder_15__ChenFlurMukhopadhyay-SAS2012-Ex3.06_false-termination.c__p21979_terminationG_0.smt2,timeout,sat,1200.0013916492462,819.9397184848785
QF_NIA,no_clause_reduction,complete-full-list,ablated-only,/20170427-VeryMax/CInteger/Stroeder_15__ChenFlurMukhopadhyay-SAS2012-Ex3.06_false-termination.c__p21994_terminationG_0.smt2,timeout,sat,1200.0015125274658,1130.6921136379242
QF_NIA,no_clause_reduction,complete-full-list,full-only,/20170427-VeryMax/CInteger/Stroeder_15__ChenFlurMukhopadhyay-SAS2012-Ex3.06_false-termination.c__p22010_terminationG_0.smt2,sat,timeout,290.2473089694977,1200.0141718387604
QF_NIA,no_clause_reduction,complete-full-list,full-only,/20170427-VeryMax/CInteger/Stroeder_15__Choose.c__p22184_terminationG_0.smt2,unsat,timeout,3.8403143882751465,1200.0168912410736
QF_NIA,no_clause_reduction,complete-full-list,full-only,/20170427-VeryMax/CInteger/Stroeder_15__NO_10.c__p24676_terminationG_0.smt2,unsat,timeout,985.2616086006165,1200.027923822403
QF_NIA,no_clause_reduction,complete-full-list,full-only,/20170427-VeryMax/CInteger/Stroeder_15__NO_10.c__p24681_terminationG_0.smt2,unsat,timeout,798.6145222187042,1200.011488199234
QF_NIA,no_clause_reduction,complete-full-list,full-only,/20170427-VeryMax/CInteger/Stroeder_15__NO_12.c__p24716_terminationG_0.smt2,unsat,timeout,1003.8572776317596,1200.0101118087769
QF_NIA,no_clause_reduction,complete-full-list,full-only,/20170427-VeryMax/CInteger/Stroeder_15__NO_12.c__p24726_terminationG_0.smt2,unsat,timeout,1088.8477001190186,1200.0142464637756
QF_NIA,no_clause_reduction,complete-full-list,full-only,/20170427-VeryMax/CInteger/Stroeder_15__Sunset.c__p25623_terminationG_0.smt2,unsat,timeout,869.9530146121979,1200.0016627311707
QF_NIA,no_clause_reduction,complete-full-list,full-only,/20170427-VeryMax/CInteger/Stroeder_15__svcomp_ex2.c__p25827_terminationG_0.smt2,sat,timeout,5.798943758010864,1200.0246798992157
QF_NIA,no_clause_reduction,complete-full-list,full-only,/20170427-VeryMax/CInteger/Ton_Chanh_15__Copenhagen_disj_true-termination.c__p26807_terminationG_0.smt2,sat,timeout,523.150785446167,1200.014615535736
QF_NIA,no_clause_reduction,complete-full-list,full-only,/20170427-VeryMax/CInteger/Ton_Chanh_15__Copenhagen_disj_true-termination.c__p26819_terminationG_0.smt2,sat,timeout,749.8596851825714,1200.0112509727478
QF_NIA,no_clause_reduction,complete-full-list,full-only,/20170427-VeryMax/CInteger/Ton_Chanh_15__Copenhagen_disj_true-termination.c__p26860_edge_closing_0.smt2,sat,timeout,787.1090633869171,1200.0008370876312
QF_NIA,no_clause_reduction,complete-full-list,full-only,/20170427-VeryMax/CInteger/Ton_Chanh_15__Hanoi_3vars_false-termination.c__p27012_terminationG_0.smt2,sat,timeout,204.7198405265808,1200.0104632377625
QF_NIA,no_clause_reduction,complete-full-list,full-only,/20170427-VeryMax/CInteger/Ton_Chanh_15__Hanoi_plus_false-termination.c__p27161_terminationG_0.smt2,sat,timeout,217.61005806922913,1200.0171961784363
QF_NIA,no_clause_reduction,complete-full-list,full-only,/20170427-VeryMax/CInteger/Ton_Chanh_15__Hanoi_plus_false-termination.c__p27166_terminationG_0.smt2,sat,timeout,231.5493335723877,1200.0217258930206
QF_NIA,no_clause_reduction,complete-full-list,full-only,/20170427-VeryMax/CInteger/Ton_Chanh_15__Hanoi_plus_false-termination.c__p27171_terminationG_0.smt2,sat,timeout,1000.184415102005,1200.0081419944763
QF_NIA,no_clause_reduction,complete-full-list,full-only,/20170427-VeryMax/CInteger/Ton_Chanh_15__Hanoi_plus_false-termination.c__p27186_terminationG_0.smt2,sat,timeout,230.10766577720642,1200.0151062011719
QF_NIA,no_clause_reduction,complete-full-list,ablated-only,/20170427-VeryMax/CInteger/Ton_Chanh_15__Hanoi_plus_false-termination.c__p27217_terminationG_0.smt2,timeout,sat,1200.0014803409576,842.3426837921143
QF_NIA,no_clause_reduction,complete-full-list,full-only,/20170427-VeryMax/CInteger/Ton_Chanh_15__Hanoi_plus_false-termination.c__p27222_terminationG_0.smt2,sat,timeout,109.85361289978027,1200.0075960159302
QF_NIA,no_clause_reduction,complete-full-list,full-only,/20170427-VeryMax/CInteger/Ton_Chanh_15__Hanoi_plus_false-termination.c__p27232_terminationG_0.smt2,sat,timeout,126.95974707603455,1200.0039629936218
QF_NIA,no_clause_reduction,complete-full-list,full-only,/20170427-VeryMax/ITS/From_AProVE_2014__DivMinus.jar-obl-11__p28551_edge_closing_0.smt2,sat,timeout,908.2216436862946,1200.0197124481201
QF_NIA,no_clause_reduction,complete-full-list,full-only,/20170427-VeryMax/ITS/From_AProVE_2014__DivTernary2.jar-obl-9__p28647_edge_closing_0.smt2,sat,timeout,390.5291006565094,1200.008932352066
QF_NIA,no_clause_reduction,complete-full-list,full-only,/20170427-VeryMax/ITS/From_AProVE_2014__Et4.jar-obl-8__p28945_terminationG_0.smt2,sat,timeout,68.00448846817017,1200.0013873577118
QF_NIA,no_clause_reduction,complete-full-list,ablated-only,/20170427-VeryMax/ITS/From_AProVE_2014__FlattenRTA.jar-obl-10__p29481_edge_closing_0.smt2,timeout,sat,1200.0047061443329,931.6828899383545
QF_NIA,no_clause_reduction,complete-full-list,full-only,/20170427-VeryMax/ITS/From_AProVE_2014__FlattenTree.jar-obl-9__p29532_edge_closing_0.smt2,sat,timeout,205.10270166397095,1200.0062267780304
QF_NIA,no_clause_reduction,complete-full-list,full-only,/20170427-VeryMax/ITS/From_AProVE_2014__Graph.jar-obl-17__p29769_edge_closing_0.smt2,sat,timeout,274.64821696281433,1200.0077352523804
QF_NIA,no_clause_reduction,complete-full-list,full-only,/20170427-VeryMax/ITS/From_AProVE_2014__Graph.jar-obl-17__p29775_edge_closing_0.smt2,sat,timeout,445.6635489463806,1200.0159361362457
QF_NIA,no_clause_reduction,complete-full-list,full-only,/20170427-VeryMax/ITS/From_AProVE_2014__Graph.jar-obl-17__p29778_edge_closing_0.smt2,sat,timeout,466.79883003234863,1200.0222108364105
QF_NIA,no_clause_reduction,complete-full-list,full-only,/20170427-VeryMax/ITS/From_AProVE_2014__KnapsackDP.jar-obl-11__p9932_edge_closing_0.smt2,sat,timeout,66.6874577999115,1200.0157389640808
QF_NIA,no_clause_reduction,complete-full-list,full-only,/20170427-VeryMax/ITS/From_AProVE_2014__KnapsackDP.jar-obl-11__p9942_edge_closing_0.smt2,unsat,timeout,196.0135042667389,1200.0157511234283
QF_NIA,no_clause_reduction,complete-full-list,full-only,/20170427-VeryMax/ITS/From_AProVE_2014__LessLeaves.jar-obl-10__p10007_edge_closing_0.smt2,sat,timeout,805.3468873500824,1200.0038049221039
QF_NIA,no_clause_reduction,complete-full-list,full-only,/20170427-VeryMax/ITS/From_AProVE_2014__LessLeaves.jar-obl-10__p10013_edge_closing_0.smt2,sat,timeout,1051.6622445583344,1200.0143806934357
QF_NIA,no_clause_reduction,complete-full-list,full-only,/20170427-VeryMax/ITS/From_AProVE_2014__ListInt.jar-obl-12__p10141_terminationG_0.smt2,unsat,timeout,955.1317501068115,1200.0162966251373
QF_NIA,no_clause_reduction,complete-full-list,full-only,/20170427-VeryMax/ITS/From_AProVE_2014__Main.jar-obl-11__p10707_terminationG_0.smt2,sat,timeout,698.5825817584991,1200.0263855457306
QF_NIA,no_clause_reduction,complete-full-list,full-only,/20170427-VeryMax/ITS/From_AProVE_2014__MainCopy.jar-obl-10__p10346_terminationG_0.smt2,unsat,timeout,888.3473134040833,1200.0225722789764
QF_NIA,no_clause_reduction,complete-full-list,ablated-only,/20170427-VeryMax/ITS/From_AProVE_2014__MainCopy.jar-obl-10__p10364_edge_closing_0.smt2,timeout,sat,1200.0014743804932,467.7016065120697
QF_NIA,no_clause_reduction,complete-full-list,full-only,/20170427-VeryMax/ITS/From_AProVE_2014__MainFind.jar-obl-10__p10627_edge_closing_0.smt2,sat,timeout,14.286081075668335,1200.011782169342
QF_NIA,no_clause_reduction,complete-full-list,full-only,/20170427-VeryMax/ITS/From_AProVE_2014__MainGet.jar-obl-10__p10696_edge_closing_0.smt2,sat,timeout,103.80761814117432,1200.0098674297333
QF_NIA,no_clause_reduction,complete-full-list,full-only,/20170427-VeryMax/ITS/From_AProVE_2014__Matrix.jar-obl-16__p10775_terminationG_0.smt2,sat,timeout,24.605708599090576,1200.0124208927155
QF_NIA,no_clause_reduction,complete-full-list,full-only,/20170427-VeryMax/ITS/From_AProVE_2014__Matrix.jar-obl-16__p10788_safety_0.smt2,sat,timeout,746.3109638690948,1200.0066547393799
QF_NIA,no_clause_reduction,complete-full-list,full-only,/20170427-VeryMax/ITS/From_AProVE_2014__Matrix.jar-obl-16__p10791_safety_0.smt2,sat,timeout,739.3798229694366,1200.015881538391
QF_NIA,no_clause_reduction,complete-full-list,ablated-only,/20170427-VeryMax/ITS/From_AProVE_2014__Matrix.jar-obl-16__p10817_safety_0.smt2,timeout,sat,1200.0016176700592,1109.4146058559418
QF_NIA,no_clause_reduction,complete-full-list,full-only,/20170427-VeryMax/ITS/From_AProVE_2014__Matrix.jar-obl-16__p10845_edge_closing_0.smt2,sat,timeout,1189.3500452041626,1200.018224954605
QF_NIA,no_clause_reduction,complete-full-list,full-only,/20170427-VeryMax/ITS/From_AProVE_2014__Matrix.jar-obl-16__p10848_edge_closing_0.smt2,sat,timeout,405.4163942337036,1200.019573688507
QF_NIA,no_clause_reduction,complete-full-list,full-only,/20170427-VeryMax/ITS/From_AProVE_2014__Matrix.jar-obl-16__p10851_edge_closing_0.smt2,sat,timeout,1191.5810420513153,1200.015748500824
QF_NIA,no_clause_reduction,complete-full-list,full-only,/20170427-VeryMax/ITS/From_AProVE_2014__NO_10.jar-obl-8__p11283_terminationG_0.smt2,unsat,timeout,730.9012231826782,1200.0026535987854
QF_NIA,no_clause_reduction,complete-full-list,full-only,/20170427-VeryMax/ITS/From_AProVE_2014__NO_10.jar-obl-8__p11288_terminationG_0.smt2,unsat,timeout,679.2006645202637,1200.0224206447601
QF_NIA,no_clause_reduction,complete-full-list,full-only,/20170427-VeryMax/ITS/From_AProVE_2014__NO_10.jar-obl-8__p11309_terminationG_0.smt2,unsat,timeout,320.60908579826355,1200.0197763442993
QF_NIA,no_clause_reduction,complete-full-list,full-only,/20170427-VeryMax/ITS/From_AProVE_2014__NO_11.jar-obl-8__p11339_terminationG_0.smt2,unsat,timeout,782.4245445728302,1200.0278856754303
QF_NIA,no_clause_reduction,complete-full-list,full-only,/20170427-VeryMax/ITS/From_AProVE_2014__NO_11.jar-obl-8__p11349_terminationG_0.smt2,unsat,timeout,915.0482110977173,1200.0057830810547
QF_NIA,no_clause_reduction,complete-full-list,full-only,/20170427-VeryMax/ITS/From_AProVE_2014__NO_12.jar-obl-8__p11376_terminationG_0.smt2,unsat,timeout,1002.4588551521301,1200.0016021728516
QF_NIA,no_clause_reduction,complete-full-list,full-only,/20170427-VeryMax/ITS/From_AProVE_2014__NO_12.jar-obl-8__terminationQ_4_0.smt2,unsat,timeout,1123.5968680381775,1200.0165202617645
QF_NIA,no_clause_reduction,complete-full-list,full-only,/20170427-VeryMax/ITS/From_AProVE_2014__NO_13.jar-obl-8__p11404_terminationG_0.smt2,unsat,timeout,1063.3830864429474,1200.0033452510834
QF_NIA,no_clause_reduction,complete-full-list,full-only,/20170427-VeryMax/ITS/From_AProVE_2014__NO_23.jar-obl-8__p11499_terminationG_0.smt2,unsat,timeout,1164.843113899231,1200.0167818069458
QF_NIA,no_clause_reduction,complete-full-list,full-only,/20170427-VeryMax/ITS/From_AProVE_2014__Norm.jar-obl-9__p11587_terminationG_0.smt2,unsat,timeout,365.4811747074127,1200.0008389949799
QF_NIA,no_clause_reduction,complete-full-list,full-only,/20170427-VeryMax/ITS/From_AProVE_2014__SortCount.jar-obl-10__p12101_terminationG_0.smt2,sat,timeout,915.3463649749756,1200.0150034427643
QF_NIA,no_clause_reduction,complete-full-list,full-only,/20170427-VeryMax/ITS/From_AProVE_2014__SortCount.jar-obl-10__p12121_terminationG_0.smt2,sat,timeout,802.4294636249542,1200.0076532363892
QF_NIA,no_clause_reduction,complete-full-list,full-only,/20170427-VeryMax/ITS/From_AProVE_2014__SortCount.jar-obl-10__p12127_terminationG_0.smt2,sat,timeout,586.4138720035553,1200.0018298625946
QF_NIA,no_clause_reduction,complete-full-list,full-only,/20170427-VeryMax/ITS/From_AProVE_2014__SortCount.jar-obl-10__p12137_terminationG_0.smt2,sat,timeout,1080.9642782211304,1200.0318567752838
QF_NIA,no_clause_reduction,complete-full-list,full-only,/20170427-VeryMax/ITS/From_AProVE_2014__SortCount.jar-obl-10__p12138_terminationG_0.smt2,sat,timeout,855.708747625351,1200.0098593235016
QF_NIA,no_clause_reduction,complete-full-list,full-only,/20170427-VeryMax/ITS/From_AProVE_2014__SortCount.jar-obl-10__p12143_terminationG_0.smt2,sat,timeout,560.4253706932068,1200.014398097992
QF_NIA,no_clause_reduction,complete-full-list,full-only,/20170427-VeryMax/ITS/From_AProVE_2014__SortCount.jar-obl-10__p12163_terminationG_0.smt2,sat,timeout,342.7756350040436,1200.0018153190613
QF_NIA,no_clause_reduction,complete-full-list,full-only,/20170427-VeryMax/ITS/From_AProVE_2014__SortCount.jar-obl-10__p12170_terminationG_0.smt2,sat,timeout,610.6909067630768,1200.0142312049866
QF_NIA,no_clause_reduction,complete-full-list,full-only,/20170427-VeryMax/ITS/From_AProVE_2014__SortCount.jar-obl-10__p12188_terminationG_0.smt2,sat,timeout,382.7286672592163,1200.0177676677704
QF_NIA,no_clause_reduction,complete-full-list,full-only,/20170427-VeryMax/ITS/From_AProVE_2014__SortCount.jar-obl-10__p12209_terminationG_0.smt2,sat,timeout,71.24109435081482,1200.0225007534027
QF_NIA,no_clause_reduction,complete-full-list,full-only,/20170427-VeryMax/ITS/From_AProVE_2014__Test6.jar-obl-13__p12868_terminationG_0.smt2,sat,timeout,784.6897501945496,1200.0035893917084
QF_NIA,no_clause_reduction,complete-full-list,full-only,/20170427-VeryMax/ITS/From_AProVE_2014__Velroyen08-alternKonv.jar-obl-8__p13299_edge_closing_0.smt2,unsat,timeout,667.3684356212616,1200.0246269702911
QF_NIA,no_clause_reduction,complete-full-list,full-only,/20170427-VeryMax/ITS/From_AProVE_2014__Velroyen08-cousot.jar-obl-8__p13488_terminationG_0.smt2,unsat,timeout,690.5303661823273,1200.0059702396393
QF_NIA,no_clause_reduction,complete-full-list,full-only,/20170427-VeryMax/ITS/From_AProVE_2014__Velroyen08-cousot.jar-obl-8__p13503_terminationG_0.smt2,unsat,timeout,764.0300402641296,1200.0015742778778
QF_NIA,no_clause_reduction,complete-full-list,full-only,/20170427-VeryMax/ITS/From_AProVE_2014__Velroyen08-cousot.jar-obl-8__p13508_terminationG_0.smt2,unsat,timeout,1167.6033062934875,1200.0122346878052
QF_NIA,no_clause_reduction,complete-full-list,ablated-only,/20170427-VeryMax/ITS/From_AProVE_2014__Velroyen08-fib.jar-obl-8__p13933_edge_closing_0.smt2,timeout,sat,1200.0017411708832,226.90961289405823
QF_NIA,no_clause_reduction,complete-full-list,full-only,/20170427-VeryMax/ITS/From_AProVE_2014__ex04_rec.jar-obl-8__p29182_terminationG_0.smt2,unsat,timeout,656.5757284164429,1200.024185180664
QF_NIA,no_clause_reduction,complete-full-list,full-only,/20170427-VeryMax/ITS/From_AProVE_2014__ex04_rec.jar-obl-8__p29189_terminationG_0.smt2,unsat,timeout,408.9836480617523,1200.003897190094
QF_NIA,no_clause_reduction,complete-full-list,full-only,/20170427-VeryMax/ITS/From_AProVE_2014__ex04_rec.jar-obl-8__p29194_terminationG_0.smt2,unsat,timeout,9.656612396240234,1200.007554769516
QF_NIA,no_clause_reduction,complete-full-list,ablated-only,/20170427-VeryMax/ITS/From_AProVE_2014__juHashMapCreate.jar-obl-10__p4788_safety_0.smt2,timeout,sat,1200.0026240348816,498.1761260032654
QF_NIA,no_clause_reduction,complete-full-list,full-only,/20170427-VeryMax/ITS/From_AProVE_2014__juHashMapCreate.jar-obl-10__p4791_safety_0.smt2,sat,timeout,229.06826210021973,1200.0034584999084
QF_NIA,no_clause_reduction,complete-full-list,ablated-only,/20170427-VeryMax/ITS/From_AProVE_2014__juHashMapCreate.jar-obl-10__p4836_safety_0.smt2,timeout,sat,1200.0014278888702,117.84544682502747
QF_NIA,no_clause_reduction,complete-full-list,full-only,/20170427-VeryMax/ITS/From_AProVE_2014__juHashMapCreateClear.jar-obl-11__p30824_terminationG_0.smt2,unsat,timeout,681.041041135788,1200.0248684883118
QF_NIA,no_clause_reduction,complete-full-list,full-only,/20170427-VeryMax/ITS/From_AProVE_2014__juHashMapCreateIsEmpty.jar-obl-10__p2426_safety_0.smt2,sat,timeout,94.342200756073,1200.0066268444061
QF_NIA,no_clause_reduction,complete-full-list,full-only,/20170427-VeryMax/ITS/From_AProVE_2014__juHashMapCreateIteratorEntryLoop.jar-obl-12__p3362_edge_closing_0.smt2,sat,timeout,1146.2395913600922,1200.001600265503
QF_NIA,no_clause_reduction,complete-full-list,full-only,/20170427-VeryMax/ITS/From_AProVE_2014__juHashMapCreatePut.jar-obl-10__p6135_terminationG_0.smt2,sat,timeout,459.5008680820465,1200.0014653205872
QF_NIA,no_clause_reduction,complete-full-list,full-only,/20170427-VeryMax/ITS/From_AProVE_2014__juHashMapCreatePut.jar-obl-10__p6496_terminationG_0.smt2,unsat,timeout,619.2255885601044,1200.011461019516
QF_NIA,no_clause_reduction,complete-full-list,full-only,/20170427-VeryMax/ITS/From_AProVE_2014__juHashMapCreateRemove.jar-obl-11__p7022_edge_closing_0.smt2,sat,timeout,1157.20698428154,1200.0015783309937
QF_NIA,no_clause_reduction,complete-full-list,full-only,/20170427-VeryMax/ITS/From_AProVE_2014__juHashMapCreateSize.jar-obl-10__p7607_terminationG_0.smt2,unsat,timeout,731.9620277881622,1200.0017788410187
QF_NIA,no_clause_reduction,complete-full-list,full-only,/20170427-VeryMax/ITS/From_AProVE_2014__juLinkedListCreateAddAll.jar-obl-11__p9437_terminationG_0.smt2,sat,timeout,432.865927696228,1200.0070180892944
QF_NIA,no_clause_reduction,complete-full-list,full-only,/20170427-VeryMax/ITS/From_AProVE_2014__juLinkedListCreateAddAll.jar-obl-11__p9478_terminationG_0.smt2,sat,timeout,186.5667598247528,1200.001388311386
QF_NIA,no_clause_reduction,complete-full-list,full-only,/20170427-VeryMax/ITS/From_AProVE_2014__juLinkedListCreateAddAll.jar-obl-11__p9521_terminationG_0.smt2,sat,timeout,785.5370607376099,1200.0176672935486
QF_NIA,no_clause_reduction,complete-full-list,full-only,/20170427-VeryMax/ITS/From_AProVE_2014__juLinkedListCreateAddAll.jar-obl-11__p9536_terminationG_0.smt2,sat,timeout,60.78133225440979,1200.0192992687225
QF_NIA,no_clause_reduction,complete-full-list,ablated-only,/20170427-VeryMax/ITS/From_AProVE_2014__juLinkedListCreateAddAll.jar-obl-11__p9558_terminationG_0.smt2,timeout,sat,1200.0131287574768,229.71746563911438
QF_NIA,no_clause_reduction,complete-full-list,ablated-only,/20170427-VeryMax/ITS/From_AProVE_2014__juLinkedListCreateAddAll.jar-obl-11__p9572_terminationG_0.smt2,timeout,sat,1200.000864982605,426.8165063858032
QF_NIA,no_clause_reduction,complete-full-list,full-only,/20170427-VeryMax/ITS/From_AProVE_2014__juLinkedListCreateRemoveAll.jar-obl-11__p9810_terminationG_0.smt2,sat,timeout,849.121992111206,1200.0021388530731
QF_NIA,no_clause_reduction,complete-full-list,full-only,/20170427-VeryMax/ITS/From_AProVE_2014__juLinkedListCreateRemoveAll.jar-obl-11__terminationS_0_0.smt2,unsat,timeout,1147.2253904342651,1200.0238616466522
QF_NIA,no_clause_reduction,complete-full-list,full-only,/20170427-VeryMax/ITS/From_AProVE_2014__juLinkedListCreateRemoveAll.jar-obl-11__terminationS_11_0.smt2,unsat,timeout,1080.4801437854767,1200.02255153656
QF_NIA,no_clause_reduction,complete-full-list,full-only,/20170427-VeryMax/ITS/From_AProVE_2014__juLinkedListCreateRemoveAll.jar-obl-11__terminationS_12_0.smt2,unsat,timeout,1138.2656605243683,1200.0212609767914
QF_NIA,no_clause_reduction,complete-full-list,full-only,/20170427-VeryMax/ITS/From_AProVE_2014__juLinkedListCreateRemoveAll.jar-obl-11__terminationS_14_0.smt2,unsat,timeout,1143.2028577327728,1200.0223817825317
QF_NIA,no_clause_reduction,complete-full-list,full-only,/20170427-VeryMax/ITS/From_AProVE_2014__juLinkedListCreateRemoveAll.jar-obl-11__terminationS_15_0.smt2,unsat,timeout,1098.7013881206512,1200.0155401229858
QF_NIA,no_clause_reduction,complete-full-list,full-only,/20170427-VeryMax/ITS/From_AProVE_2014__juLinkedListCreateRemoveAll.jar-obl-11__terminationS_16_0.smt2,unsat,timeout,1029.7023935317993,1200.0151462554932
QF_NIA,no_clause_reduction,complete-full-list,full-only,/20170427-VeryMax/ITS/From_AProVE_2014__juLinkedListCreateRemoveAll.jar-obl-11__terminationS_19_0.smt2,unsat,timeout,1054.2389769554138,1200.0171287059784
QF_NIA,no_clause_reduction,complete-full-list,full-only,/20170427-VeryMax/ITS/From_AProVE_2014__juLinkedListCreateRemoveAll.jar-obl-11__terminationS_20_0.smt2,unsat,timeout,423.3216857910156,1200.003749370575
QF_NIA,no_clause_reduction,complete-full-list,full-only,/20170427-VeryMax/ITS/From_AProVE_2014__juLinkedListCreateRemoveAll.jar-obl-11__terminationS_22_0.smt2,unsat,timeout,989.1888875961304,1200.0113906860352
QF_NIA,no_clause_reduction,complete-full-list,full-only,/20170427-VeryMax/ITS/From_AProVE_2014__juLinkedListCreateRemoveAll.jar-obl-11__terminationS_23_0.smt2,unsat,timeout,1032.0411553382874,1200.0061440467834
QF_NIA,no_clause_reduction,complete-full-list,full-only,/20170427-VeryMax/ITS/From_AProVE_2014__juLinkedListCreateRemoveAll.jar-obl-11__terminationS_24_0.smt2,unsat,timeout,818.2506875991821,1200.0023546218872
QF_NIA,no_clause_reduction,complete-full-list,full-only,/20170427-VeryMax/ITS/From_AProVE_2014__juLinkedListCreateRemoveAll.jar-obl-11__terminationS_25_0.smt2,unsat,timeout,830.0671527385712,1200.0197579860687
QF_NIA,no_clause_reduction,complete-full-list,full-only,/20170427-VeryMax/ITS/From_AProVE_2014__juLinkedListCreateRemoveAll.jar-obl-11__terminationS_26_0.smt2,unsat,timeout,1026.8363862037659,1200.0072538852692
QF_NIA,no_clause_reduction,complete-full-list,full-only,/20170427-VeryMax/ITS/From_AProVE_2014__juLinkedListCreateRemoveAll.jar-obl-11__terminationS_27_0.smt2,unsat,timeout,1102.450043439865,1200.0172617435455
QF_NIA,no_clause_reduction,complete-full-list,full-only,/20170427-VeryMax/ITS/From_AProVE_2014__juLinkedListCreateRemoveAll.jar-obl-11__terminationS_28_0.smt2,unsat,timeout,1162.545077085495,1200.0185582637787
QF_NIA,no_clause_reduction,complete-full-list,full-only,/20170427-VeryMax/ITS/From_AProVE_2014__juLinkedListCreateRemoveAll.jar-obl-11__terminationS_29_0.smt2,unsat,timeout,1017.851972579956,1200.0136601924896
QF_NIA,no_clause_reduction,complete-full-list,full-only,/20170427-VeryMax/ITS/From_AProVE_2014__juLinkedListCreateRemoveAll.jar-obl-11__terminationS_2_0.smt2,unsat,timeout,1130.325054883957,1200.0265243053436
QF_NIA,no_clause_reduction,complete-full-list,full-only,/20170427-VeryMax/ITS/From_AProVE_2014__juLinkedListCreateRemoveAll.jar-obl-11__terminationS_3_0.smt2,unsat,timeout,1051.1693408489227,1200.0263841152191
QF_NIA,no_clause_reduction,complete-full-list,full-only,/20170427-VeryMax/ITS/From_AProVE_2014__juLinkedListCreateRemoveAll.jar-obl-11__terminationS_5_0.smt2,unsat,timeout,956.0944993495941,1200.0167152881622
QF_NIA,no_clause_reduction,complete-full-list,full-only,/20170427-VeryMax/ITS/From_AProVE_2014__juLinkedListCreateRemoveAll.jar-obl-11__terminationS_6_0.smt2,unsat,timeout,1180.3727431297302,1200.0144755840302
QF_NIA,no_clause_reduction,complete-full-list,full-only,/20170427-VeryMax/ITS/From_AProVE_2014__juLinkedListCreateRemoveAll.jar-obl-11__terminationS_8_0.smt2,unsat,timeout,1031.2223601341248,1200.0028162002563
QF_NIA,no_clause_reduction,complete-full-list,full-only,/20170427-VeryMax/ITS/From_AProVE_2014__juLinkedListCreateRemoveAll.jar-obl-11__terminationS_9_0.smt2,unsat,timeout,1102.5500922203064,1200.0123965740204
QF_NIA,no_clause_reduction,complete-full-list,full-only,/20170427-VeryMax/ITS/From_AProVE_2014__sunset_rec.jar-obl-8__p12411_terminationG_0.smt2,unsat,timeout,1108.1961176395416,1200.0007598400116
QF_NIA,no_clause_reduction,complete-full-list,full-only,/20170427-VeryMax/ITS/From_AProVE_2014__upAndDown_rec.jar-obl-8__p13167_edge_closing_0.smt2,sat,timeout,392.70231676101685,1200.0156755447388
QF_NIA,no_clause_reduction,complete-full-list,full-only,/20170427-VeryMax/ITS/From_T2__Prim_4.t2__p8085_edge_closing_0.smt2,sat,timeout,528.6896259784698,1200.0149793624878
QF_NIA,no_clause_reduction,complete-full-list,full-only,/20170427-VeryMax/ITS/From_T2__afagp-fail.t2__p15460_terminationG_0.smt2,unsat,timeout,813.6215109825134,1200.010892868042
QF_NIA,no_clause_reduction,complete-full-list,full-only,/20170427-VeryMax/ITS/From_T2__afagp-fail.t2__p15465_terminationG_0.smt2,unsat,timeout,825.3829913139343,1200.0146842002869
QF_NIA,no_clause_reduction,complete-full-list,full-only,/20170427-VeryMax/ITS/From_T2__agafp.t2__p15582_terminationG_0.smt2,sat,timeout,33.85769963264465,1200.0116505622864
QF_NIA,no_clause_reduction,complete-full-list,full-only,/20170427-VeryMax/ITS/From_T2__apchild-accepted-fail.t2_fixed__p15787_terminationG_0.smt2,sat,timeout,5.912015676498413,1200.0048351287842
QF_NIA,no_clause_reduction,complete-full-list,full-only,/20170427-VeryMax/ITS/From_T2__apchild-accepted-fail.t2_fixed__p15798_terminationG_0.smt2,sat,timeout,5.797159433364868,1200.0135865211487
QF_NIA,no_clause_reduction,complete-full-list,full-only,/20170427-VeryMax/ITS/From_T2__apchild-accepted-fail.t2_fixed__p15805_terminationG_0.smt2,sat,timeout,7.201132535934448,1200.0110716819763
QF_NIA,no_clause_reduction,complete-full-list,full-only,/20170427-VeryMax/ITS/From_T2__apchild-accepted-fail.t2_fixed__p15845_terminationG_0.smt2,sat,timeout,7.282590389251709,1200.0154945850372
QF_NIA,no_clause_reduction,complete-full-list,full-only,/20170427-VeryMax/ITS/From_T2__apchild-accepted-fail.t2_fixed__p15854_terminationG_0.smt2,sat,timeout,1053.6849262714386,1200.0314960479736
QF_NIA,no_clause_reduction,complete-full-list,full-only,/20170427-VeryMax/ITS/From_T2__apchild-accepted-fail.t2_fixed__p15888_terminationG_0.smt2,sat,timeout,5.604389667510986,1200.002098083496
QF_NIA,no_clause_reduction,complete-full-list,full-only,/20170427-VeryMax/ITS/From_T2__apchild-accepted.t2_fixed__p16100_terminationG_0.smt2,sat,timeout,6.433318376541138,1200.0116295814514
QF_NIA,no_clause_reduction,complete-full-list,full-only,/20170427-VeryMax/ITS/From_T2__apchild-accepted.t2_fixed__p16110_terminationG_0.smt2,sat,timeout,6.011867523193359,1200.0158007144928
QF_NIA,no_clause_reduction,complete-full-list,full-only,/20170427-VeryMax/ITS/From_T2__apchild-live.t2__p16634_terminationG_0.smt2,sat,timeout,4.787902116775513,1200.0157477855682
QF_NIA,no_clause_reduction,complete-full-list,full-only,/20170427-VeryMax/ITS/From_T2__apchild-live.t2__p16639_terminationG_0.smt2,sat,timeout,5.434162616729736,1200.0036573410034
QF_NIA,no_clause_reduction,complete-full-list,full-only,/20170427-VeryMax/ITS/From_T2__apchild-live.t2__p16680_terminationG_0.smt2,sat,timeout,5.585017681121826,1200.0208525657654
QF_NIA,no_clause_reduction,complete-full-list,full-only,/20170427-VeryMax/ITS/From_T2__apchild-live.t2_fixed__p16470_terminationG_0.smt2,sat,timeout,5.271451950073242,1200.0220329761505
QF_NIA,no_clause_reduction,complete-full-list,full-only,/20170427-VeryMax/ITS/From_T2__apchild-live.t2_fixed__p16609_edge_closing_0.smt2,sat,timeout,6.039530277252197,1200.0232498645782
QF_NIA,no_clause_reduction,complete-full-list,full-only,/20170427-VeryMax/ITS/From_T2__apchildlive-succeed.t2__p16420_terminationG_0.smt2,sat,timeout,3.733795166015625,1200.007075548172
QF_NIA,no_clause_reduction,complete-full-list,full-only,/20170427-VeryMax/ITS/From_T2__apchildlive-succeed.t2__p16425_terminationG_0.smt2,sat,timeout,4.644881963729858,1200.0156726837158
QF_NIA,no_clause_reduction,complete-full-list,full-only,/20170427-VeryMax/ITS/From_T2__apchildlive-succeed.t2__p16436_terminationG_0.smt2,sat,timeout,5.626460075378418,1200.0236291885376
QF_NIA,no_clause_reduction,complete-full-list,full-only,/20170427-VeryMax/ITS/From_T2__apchildlive-succeed.t2__p16437_terminationG_0.smt2,sat,timeout,5.646580934524536,1200.0072929859161
QF_NIA,no_clause_reduction,complete-full-list,full-only,/20170427-VeryMax/ITS/From_T2__apchildlive-succeed.t2__p16446_terminationG_0.smt2,sat,timeout,4.307970762252808,1200.0324699878693
QF_NIA,no_clause_reduction,complete-full-list,full-only,/20170427-VeryMax/ITS/From_T2__apchildlive-succeed.t2_fixed__p16387_terminationG_0.smt2,sat,timeout,4.983881235122681,1200.0144617557526
QF_NIA,no_clause_reduction,complete-full-list,full-only,/20170427-VeryMax/ITS/From_T2__cfg.t2__p17715_terminationG_0.smt2,unsat,timeout,860.060417175293,1200.0200369358063
QF_NIA,no_clause_reduction,complete-full-list,full-only,/20170427-VeryMax/ITS/From_T2__consts1.t2__p17966_terminationG_0.smt2,unsat,timeout,616.3500025272369,1200.0103480815887
QF_NIA,no_clause_reduction,complete-full-list,full-only,/20170427-VeryMax/ITS/From_T2__consts2nt.t2_fixed__p18012_terminationG_0.smt2,unsat,timeout,731.5161881446838,1200.021152496338
QF_NIA,no_clause_reduction,complete-full-list,full-only,/20170427-VeryMax/ITS/From_T2__consts4nt.t2_fixed__p18261_terminationG_0.smt2,unsat,timeout,1142.797162771225,1200.0129494667053
QF_NIA,no_clause_reduction,complete-full-list,full-only,/20170427-VeryMax/ITS/From_T2__db2.t2__terminationQ_0_0.smt2,unsat,timeout,510.24897480010986,1200.0040810108185
QF_NIA,no_clause_reduction,complete-full-list,full-only,/20170427-VeryMax/ITS/From_T2__disj_nightmare.t2__p18939_edge_closing_0.smt2,sat,timeout,1032.7619709968567,1200.022786140442
QF_NIA,no_clause_reduction,complete-full-list,full-only,/20170427-VeryMax/ITS/From_T2__edn.t2__p19867_safety_0.smt2,unsat,timeout,866.9591374397278,1200.0069425106049
QF_NIA,no_clause_reduction,complete-full-list,full-only,/20170427-VeryMax/ITS/From_T2__edn.t2__p19957_safety_0.smt2,unsat,timeout,627.700140953064,1200.0145647525787
QF_NIA,no_clause_reduction,complete-full-list,full-only,/20170427-VeryMax/ITS/From_T2__edn.t2__p20228_safety_0.smt2,unsat,timeout,715.0694420337677,1200.0233137607574
QF_NIA,no_clause_reduction,complete-full-list,full-only,/20170427-VeryMax/ITS/From_T2__edn.t2__p20361_safety_0.smt2,unsat,timeout,971.4471027851105,1200.000776052475
QF_NIA,no_clause_reduction,complete-full-list,full-only,/20170427-VeryMax/ITS/From_T2__edn.t2__p21814_safety_0.smt2,unsat,timeout,677.244060754776,1200.013373374939
QF_NIA,no_clause_reduction,complete-full-list,full-only,/20170427-VeryMax/ITS/From_T2__ex1.t2__p22367_terminationG_0.smt2,unsat,timeout,1053.9764773845673,1200.0152254104614
QF_NIA,no_clause_reduction,complete-full-list,full-only,/20170427-VeryMax/ITS/From_T2__ex1.t2__p22372_terminationG_0.smt2,unsat,timeout,935.9062874317169,1200.0156817436218
QF_NIA,no_clause_reduction,complete-full-list,full-only,/20170427-VeryMax/ITS/From_T2__ex1.t2__p22377_terminationG_0.smt2,unsat,timeout,1182.800287246704,1200.0073244571686
QF_NIA,no_clause_reduction,complete-full-list,full-only,/20170427-VeryMax/ITS/From_T2__ex16.t2_fixed__p22161_terminationG_0.smt2,unsat,timeout,176.80531215667725,1200.0141577720642
QF_NIA,no_clause_reduction,complete-full-list,ablated-only,/20170427-VeryMax/ITS/From_T2__ex16.t2_fixed__p22171_terminationG_0.smt2,timeout,unsat,1200.001254081726,1001.7911121845245
QF_NIA,no_clause_reduction,complete-full-list,full-only,/20170427-VeryMax/ITS/From_T2__ex16.t2_fixed__p22176_terminationG_0.smt2,unsat,timeout,321.8032612800598,1200.0341851711273
QF_NIA,no_clause_reduction,complete-full-list,full-only,/20170427-VeryMax/ITS/From_T2__ex16.t2_fixed__p22202_terminationG_0.smt2,unsat,timeout,968.2133021354675,1200.0014510154724
QF_NIA,no_clause_reduction,complete-full-list,full-only,/20170427-VeryMax/ITS/From_T2__ex16.t2_fixed__p22207_terminationG_0.smt2,unsat,timeout,1092.9050455093384,1200.0214641094208
QF_NIA,no_clause_reduction,complete-full-list,full-only,/20170427-VeryMax/ITS/From_T2__ex36.t2__p28765_safety_0.smt2,unsat,timeout,240.8154013156891,1200.0209035873413
QF_NIA,no_clause_reduction,complete-full-list,full-only,/20170427-VeryMax/ITS/From_T2__ex36.t2__p28827_safety_0.smt2,unsat,timeout,851.225020647049,1200.002123117447
QF_NIA,no_clause_reduction,complete-full-list,full-only,/20170427-VeryMax/ITS/From_T2__ex36.t2__p31853_safety_0.smt2,unsat,timeout,1138.816882610321,1200.0077176094055
QF_NIA,no_clause_reduction,complete-full-list,full-only,/20170427-VeryMax/ITS/From_T2__ex36.t2__p31967_safety_0.smt2,unsat,timeout,834.449432849884,1200.027981042862
QF_NIA,no_clause_reduction,complete-full-list,full-only,/20170427-VeryMax/ITS/From_T2__foo.t2__terminationS_15_0.smt2,unsat,timeout,982.2100982666016,1200.0244896411896
QF_NIA,no_clause_reduction,complete-full-list,full-only,/20170427-VeryMax/ITS/From_T2__foo.t2__terminationS_19_0.smt2,unsat,timeout,937.5340859889984,1200.0097391605377
QF_NIA,no_clause_reduction,complete-full-list,full-only,/20170427-VeryMax/ITS/From_T2__foo.t2__terminationS_26_0.smt2,unsat,timeout,1120.613475561142,1200.0158808231354
QF_NIA,no_clause_reduction,complete-full-list,full-only,/20170427-VeryMax/ITS/From_T2__fun1.t2__p805_terminationG_0.smt2,sat,timeout,889.7359976768494,1200.004356622696
QF_NIA,no_clause_reduction,complete-full-list,full-only,/20170427-VeryMax/ITS/From_T2__fun1.t2__p810_terminationG_0.smt2,sat,timeout,325.9853262901306,1200.016399860382
QF_NIA,no_clause_reduction,complete-full-list,full-only,/20170427-VeryMax/ITS/From_T2__fun1.t2__p819_terminationG_0.smt2,sat,timeout,608.8692772388458,1200.0240960121155
QF_NIA,no_clause_reduction,complete-full-list,full-only,/20170427-VeryMax/ITS/From_T2__fun1.t2__p848_terminationG_0.smt2,sat,timeout,522.0846636295319,1200.0077414512634
QF_NIA,no_clause_reduction,complete-full-list,full-only,/20170427-VeryMax/ITS/From_T2__fun1.t2_fixed__p705_terminationG_0.smt2,sat,timeout,1000.6480939388275,1200.016993522644
QF_NIA,no_clause_reduction,complete-full-list,full-only,/20170427-VeryMax/ITS/From_T2__fun1.t2_fixed__p737_terminationG_0.smt2,sat,timeout,455.8041441440582,1200.014342546463
QF_NIA,no_clause_reduction,complete-full-list,full-only,/20170427-VeryMax/ITS/From_T2__fun1b.t2__p597_terminationG_0.smt2,sat,timeout,658.1226267814636,1200.0118181705475
QF_NIA,no_clause_reduction,complete-full-list,full-only,/20170427-VeryMax/ITS/From_T2__fun1b.t2__p611_terminationG_0.smt2,sat,timeout,752.5122809410095,1200.0144062042236
QF_NIA,no_clause_reduction,complete-full-list,full-only,/20170427-VeryMax/ITS/From_T2__fun1b.t2__p644_terminationG_0.smt2,sat,timeout,1069.1352677345276,1200.0162980556488
QF_NIA,no_clause_reduction,complete-full-list,full-only,/20170427-VeryMax/ITS/From_T2__fun1b.t2__p654_terminationG_0.smt2,sat,timeout,1039.8525772094727,1200.0115797519684
QF_NIA,no_clause_reduction,complete-full-list,full-only,/20170427-VeryMax/ITS/From_T2__fun1b.t2__p672_terminationG_0.smt2,sat,timeout,939.6483299732208,1200.020235300064
QF_NIA,no_clause_reduction,complete-full-list,full-only,/20170427-VeryMax/ITS/From_T2__fun1b.t2__p685_terminationG_0.smt2,sat,timeout,1004.4935863018036,1200.018488407135
QF_NIA,no_clause_reduction,complete-full-list,full-only,/20170427-VeryMax/ITS/From_T2__fun1b.t2_fixed__p496_terminationG_0.smt2,sat,timeout,932.9190413951874,1200.0251750946045
QF_NIA,no_clause_reduction,complete-full-list,full-only,/20170427-VeryMax/ITS/From_T2__fun1b.t2_fixed__p504_terminationG_0.smt2,sat,timeout,978.0278105735779,1200.0165283679962
QF_NIA,no_clause_reduction,complete-full-list,full-only,/20170427-VeryMax/ITS/From_T2__fun1b.t2_fixed__p528_terminationG_0.smt2,sat,timeout,952.9642317295074,1200.0157270431519
QF_NIA,no_clause_reduction,complete-full-list,full-only,/20170427-VeryMax/ITS/From_T2__fun1b.t2_fixed__p551_terminationG_0.smt2,sat,timeout,876.6298203468323,1200.02205824852
QF_NIA,no_clause_reduction,complete-full-list,full-only,/20170427-VeryMax/ITS/From_T2__fun1b.t2_fixed__p562_terminationG_0.smt2,sat,timeout,553.4678666591644,1200.0259895324707
QF_NIA,no_clause_reduction,complete-full-list,full-only,/20170427-VeryMax/ITS/From_T2__fun6.t2_fixed__p1046_terminationG_0.smt2,sat,timeout,977.6172070503235,1200.02654337883
QF_NIA,no_clause_reduction,complete-full-list,full-only,/20170427-VeryMax/ITS/From_T2__fun9.t2__p1196_terminationG_0.smt2,sat,timeout,1089.1077733039856,1200.0008239746094
QF_NIA,no_clause_reduction,complete-full-list,full-only,/20170427-VeryMax/ITS/From_T2__fun9.t2__p1333_edge_closing_0.smt2,sat,timeout,619.9502458572388,1200.0189921855927
QF_NIA,no_clause_reduction,complete-full-list,full-only,/20170427-VeryMax/ITS/From_T2__fun9.t2__p1464_edge_closing_0.smt2,sat,timeout,1119.6726169586182,1200.0136001110077
QF_NIA,no_clause_reduction,complete-full-list,full-only,/20170427-VeryMax/ITS/From_T2__hqr.c.i.hqr.pl.t2.fixed.t2_fixed__p1607_terminationG_0.smt2,sat,timeout,717.0818936824799,1200.0156562328339
QF_NIA,no_clause_reduction,complete-full-list,full-only,/20170427-VeryMax/ITS/From_T2__hqr.c.i.hqr.pl.t2.fixed.t2_fixed__p1613_terminationG_0.smt2,sat,timeout,738.9013123512268,1200.01096534729
QF_NIA,no_clause_reduction,complete-full-list,full-only,/20170427-VeryMax/ITS/From_T2__hqr.c.i.hqr.pl.t2.nor.t2.rlgfixed.t2__p1697_terminationG_0.smt2,sat,timeout,1109.1585357189178,1200.0165836811066
QF_NIA,no_clause_reduction,complete-full-list,full-only,/20170427-VeryMax/ITS/From_T2__hqr.c.i.hqr.pl.t2.nor.t2.rlgfixed.t2_fixed__p1663_terminationG_0.smt2,sat,timeout,794.2670345306396,1200.025304555893
QF_NIA,no_clause_reduction,complete-full-list,full-only,/20170427-VeryMax/ITS/From_T2__hqr.c.i.hqr.pl.t2.nor.t2.rlgfixed.t2_fixed__p1668_terminationG_0.smt2,sat,timeout,742.7269008159637,1200.001389503479
QF_NIA,no_clause_reduction,complete-full-list,full-only,/20170427-VeryMax/ITS/From_T2__hqr.t2__p1763_terminationG_0.smt2,sat,timeout,946.1342678070068,1200.0158154964447
QF_NIA,no_clause_reduction,complete-full-list,full-only,/20170427-VeryMax/ITS/From_T2__hqr.t2__p1768_terminationG_0.smt2,sat,timeout,994.4166877269745,1200.0119910240173
QF_NIA,no_clause_reduction,complete-full-list,full-only,/20170427-VeryMax/ITS/From_T2__hqr.t2_fixed__p1730_terminationG_0.smt2,sat,timeout,766.1125702857971,1200.030690908432
QF_NIA,no_clause_reduction,complete-full-list,full-only,/20170427-VeryMax/ITS/From_T2__hqr.t2_fixed__p1735_terminationG_0.smt2,sat,timeout,739.3628540039062,1200.00532746315
QF_NIA,no_clause_reduction,complete-full-list,full-only,/20170427-VeryMax/ITS/From_T2__hqr.t2_fixed__p1740_terminationG_0.smt2,sat,timeout,764.5519313812256,1200.0215857028961
QF_NIA,no_clause_reduction,complete-full-list,ablated-only,/20170427-VeryMax/ITS/From_T2__janne_complex.t2__p2157_terminationG_0.smt2,timeout,sat,1200.0009052753448,521.5558345317841
QF_NIA,no_clause_reduction,complete-full-list,ablated-only,/20170427-VeryMax/ITS/From_T2__janne_complex.t2__p2158_terminationG_0.smt2,timeout,sat,1200.0023827552795,635.9556813240051
QF_NIA,no_clause_reduction,complete-full-list,full-only,/20170427-VeryMax/ITS/From_T2__janne_complex.t2__p2166_terminationG_0.smt2,sat,timeout,888.726077079773,1200.001548051834
QF_NIA,no_clause_reduction,complete-full-list,ablated-only,/20170427-VeryMax/ITS/From_T2__janne_complex.t2__p2176_terminationG_0.smt2,timeout,sat,1200.004186630249,282.417368888855
QF_NIA,no_clause_reduction,complete-full-list,full-only,/20170427-VeryMax/ITS/From_T2__janne_complex.t2__p2181_terminationG_0.smt2,sat,timeout,69.63968920707703,1200.0277898311615
QF_NIA,no_clause_reduction,complete-full-list,full-only,/20170427-VeryMax/ITS/From_T2__janne_complex.t2__p2194_terminationG_0.smt2,sat,timeout,1133.0681221485138,1200.01797747612
QF_NIA,no_clause_reduction,complete-full-list,full-only,/20170427-VeryMax/ITS/From_T2__janne_complex.t2__p2220_terminationG_0.smt2,sat,timeout,10.900390863418579,1200.0117492675781
QF_NIA,no_clause_reduction,complete-full-list,full-only,/20170427-VeryMax/ITS/From_T2__janne_complex.t2__p2226_terminationG_0.smt2,sat,timeout,92.09992957115173,1200.0198419094086
QF_NIA,no_clause_reduction,complete-full-list,full-only,/20170427-VeryMax/ITS/From_T2__janne_complex.t2__p2231_terminationG_0.smt2,sat,timeout,407.9641807079315,1200.0127053260803
QF_NIA,no_clause_reduction,complete-full-list,full-only,/20170427-VeryMax/ITS/From_T2__janne_complex.t2__p2235_terminationG_0.smt2,sat,timeout,991.8141605854034,1200.0115365982056
QF_NIA,no_clause_reduction,complete-full-list,ablated-only,/20170427-VeryMax/ITS/From_T2__janne_complex.t2__p2259_terminationG_0.smt2,timeout,sat,1200.0008611679077,1043.5917580127716
QF_NIA,no_clause_reduction,complete-full-list,full-only,/20170427-VeryMax/ITS/From_T2__janne_complex.t2__p2265_terminationG_0.smt2,sat,timeout,1026.4185621738434,1200.0169801712036
QF_NIA,no_clause_reduction,complete-full-list,full-only,/20170427-VeryMax/ITS/From_T2__janne_complex.t2__p2277_terminationG_0.smt2,sat,timeout,884.787919998169,1200.0014765262604
QF_NIA,no_clause_reduction,complete-full-list,full-only,/20170427-VeryMax/ITS/From_T2__janne_complex.t2__p2278_terminationG_0.smt2,sat,timeout,65.90630984306335,1200.0119698047638
QF_NIA,no_clause_reduction,complete-full-list,full-only,/20170427-VeryMax/ITS/From_T2__mc91test.t2__p3008_terminationG_0.smt2,sat,timeout,404.5159969329834,1200.02667760849
QF_NIA,no_clause_reduction,complete-full-list,full-only,/20170427-VeryMax/ITS/From_T2__mc91test.t2__p3059_terminationG_0.smt2,sat,timeout,245.3865671157837,1200.0073006153107
QF_NIA,no_clause_reduction,complete-full-list,full-only,/20170427-VeryMax/ITS/From_T2__mc91test.t2__p3064_terminationG_0.smt2,sat,timeout,433.1909816265106,1200.0198092460632
QF_NIA,no_clause_reduction,complete-full-list,full-only,/20170427-VeryMax/ITS/From_T2__mc91test.t2__p3069_terminationG_0.smt2,sat,timeout,242.01056504249573,1200.0026807785034
QF_NIA,no_clause_reduction,complete-full-list,full-only,/20170427-VeryMax/ITS/From_T2__mc91test.t2__p3095_terminationG_0.smt2,sat,timeout,307.01313853263855,1200.0009498596191
QF_NIA,no_clause_reduction,complete-full-list,full-only,/20170427-VeryMax/ITS/From_T2__mc91test.t2__p3096_terminationG_0.smt2,sat,timeout,1075.588891506195,1200.013002872467
QF_NIA,no_clause_reduction,complete-full-list,full-only,/20170427-VeryMax/ITS/From_T2__mc91test.t2__p3116_terminationG_0.smt2,sat,timeout,437.37887144088745,1200.0117270946503
QF_NIA,no_clause_reduction,complete-full-list,full-only,/20170427-VeryMax/ITS/From_T2__mc91test.t2__p3220_terminationG_0.smt2,sat,timeout,290.06143951416016,1200.023689508438
QF_NIA,no_clause_reduction,complete-full-list,full-only,/20170427-VeryMax/ITS/From_T2__mc91test.t2__p3241_terminationG_0.smt2,sat,timeout,656.0627782344818,1200.0032575130463
QF_NIA,no_clause_reduction,complete-full-list,full-only,/20170427-VeryMax/ITS/From_T2__mc91test.t2__p3273_terminationG_0.smt2,sat,timeout,453.54496002197266,1200.02135014534
QF_NIA,no_clause_reduction,complete-full-list,full-only,/20170427-VeryMax/ITS/From_T2__mc91test.t2__p3283_terminationG_0.smt2,sat,timeout,363.52830362319946,1200.0105385780334
QF_NIA,no_clause_reduction,complete-full-list,ablated-only,/20170427-VeryMax/ITS/From_T2__mc91test.t2__p3284_terminationG_0.smt2,timeout,sat,1200.0008993148804,1142.9613156318665
QF_NIA,no_clause_reduction,complete-full-list,full-only,/20170427-VeryMax/ITS/From_T2__mc91test.t2__p3300_terminationG_0.smt2,sat,timeout,299.8884153366089,1200.0050172805786
QF_NIA,no_clause_reduction,complete-full-list,full-only,/20170427-VeryMax/ITS/From_T2__mc91test.t2__p3327_terminationG_0.smt2,sat,timeout,233.42440485954285,1200.0213582515717
QF_NIA,no_clause_reduction,complete-full-list,full-only,/20170427-VeryMax/ITS/From_T2__mc91test.t2__p3332_terminationG_0.smt2,sat,timeout,373.5669276714325,1200.0121800899506
QF_NIA,no_clause_reduction,complete-full-list,full-only,/20170427-VeryMax/ITS/From_T2__mc91test.t2__p3342_terminationG_0.smt2,sat,timeout,824.3047199249268,1200.0106675624847
QF_NIA,no_clause_reduction,complete-full-list,full-only,/20170427-VeryMax/ITS/From_T2__mc91test.t2__p3353_terminationG_0.smt2,sat,timeout,502.0766336917877,1200.0142951011658
QF_NIA,no_clause_reduction,complete-full-list,full-only,/20170427-VeryMax/ITS/From_T2__mc91test.t2__p3383_edge_closing_0.smt2,sat,timeout,787.8438572883606,1200.0101425647736
QF_NIA,no_clause_reduction,complete-full-list,full-only,/20170427-VeryMax/ITS/From_T2__n-21.t2__p3910_terminationG_0.smt2,unsat,timeout,915.0917503833771,1200.0168795585632
QF_NIA,no_clause_reduction,complete-full-list,full-only,/20170427-VeryMax/ITS/From_T2__n-21.t2__p3915_terminationG_0.smt2,unsat,timeout,148.44329118728638,1200.0221915245056
QF_NIA,no_clause_reduction,complete-full-list,full-only,/20170427-VeryMax/ITS/From_T2__n-46.t2__p4402_terminationG_0.smt2,unsat,timeout,564.7976939678192,1200.0071346759796
QF_NIA,no_clause_reduction,complete-full-list,full-only,/20170427-VeryMax/ITS/From_T2__n-46.t2__p4417_terminationG_0.smt2,unsat,timeout,598.2357287406921,1200.0246810913086
QF_NIA,no_clause_reduction,complete-full-list,full-only,/20170427-VeryMax/ITS/From_T2__n-48.t2__p4491_terminationG_0.smt2,unsat,timeout,700.4458510875702,1200.0118007659912
QF_NIA,no_clause_reduction,complete-full-list,full-only,/20170427-VeryMax/ITS/From_T2__n-5.t2__p4709_edge_closing_0.smt2,sat,timeout,921.7771990299225,1200.016518831253
QF_NIA,no_clause_reduction,complete-full-list,full-only,/20170427-VeryMax/ITS/From_T2__n-5.t2_fixed__p4609_edge_closing_0.smt2,sat,timeout,1180.9873976707458,1200.003009557724
QF_NIA,no_clause_reduction,complete-full-list,full-only,/20170427-VeryMax/ITS/From_T2__n-5.t2_fixed__p4622_edge_closing_0.smt2,sat,timeout,886.2445456981659,1200.0146129131317
QF_NIA,no_clause_reduction,complete-full-list,ablated-only,/20170427-VeryMax/ITS/From_T2__n-5.t2_fixed__p4628_edge_closing_0.smt2,timeout,sat,1200.0015878677368,652.7756736278534
QF_NIA,no_clause_reduction,complete-full-list,full-only,/20170427-VeryMax/ITS/From_T2__n-6.t2__p4849_terminationG_0.smt2,unsat,timeout,29.04710865020752,1200.013787984848
QF_NIA,no_clause_reduction,complete-full-list,full-only,/20170427-VeryMax/ITS/From_T2__n-7.t2__p5055_terminationG_0.smt2,unsat,timeout,378.51678252220154,1200.0190415382385
QF_NIA,no_clause_reduction,complete-full-list,full-only,/20170427-VeryMax/ITS/From_T2__n-7.t2_fixed__p4927_terminationG_0.smt2,unsat,timeout,976.6525776386261,1200.020213842392
QF_NIA,no_clause_reduction,complete-full-list,full-only,/20170427-VeryMax/ITS/From_T2__nakata.t2__p5296_terminationG_0.smt2,sat,timeout,651.2051231861115,1200.001694202423
QF_NIA,no_clause_reduction,complete-full-list,full-only,/20170427-VeryMax/ITS/From_T2__nakata.t2__p5301_terminationG_0.smt2,sat,timeout,919.621621131897,1200.001472711563
QF_NIA,no_clause_reduction,complete-full-list,full-only,/20170427-VeryMax/ITS/From_T2__nakata.t2__p5306_terminationG_0.smt2,sat,timeout,1099.4635961055756,1200.0202329158783
QF_NIA,no_clause_reduction,complete-full-list,full-only,/20170427-VeryMax/ITS/From_T2__non_term.t2__p6236_terminationG_0.smt2,unsat,timeout,992.8176391124725,1200.0277526378632
QF_NIA,no_clause_reduction,complete-full-list,full-only,/20170427-VeryMax/ITS/From_T2__p-43-terminate.t2__p6643_terminationG_0.smt2,sat,timeout,396.6997730731964,1200.010181903839
QF_NIA,no_clause_reduction,complete-full-list,full-only,/20170427-VeryMax/ITS/From_T2__p_armc.t2__p6946_terminationG_0.smt2,sat,timeout,71.84245705604553,1200.003478050232
QF_NIA,no_clause_reduction,complete-full-list,full-only,/20170427-VeryMax/ITS/From_T2__pgarch.t2__p7296_terminationG_0.smt2,sat,timeout,376.55665612220764,1200.0101311206818
QF_NIA,no_clause_reduction,complete-full-list,full-only,/20170427-VeryMax/ITS/From_T2__polling.t2_fixed__p7336_terminationG_0.smt2,sat,timeout,4.8979926109313965,1200.0163984298706
QF_NIA,no_clause_reduction,complete-full-list,full-only,/20170427-VeryMax/ITS/From_T2__queens.t2_fixed__p8359_terminationG_0.smt2,sat,timeout,741.108283996582,1200.0008525848389
QF_NIA,no_clause_reduction,complete-full-list,full-only,/20170427-VeryMax/ITS/From_T2__ruslan-benchmarks_misc_n-38.t2__p9254_edge_closing_0.smt2,sat,timeout,642.5933673381805,1200.0036945343018
QF_NIA,no_clause_reduction,complete-full-list,full-only,/20170427-VeryMax/ITS/From_T2__ruslan-benchmarks_misc_n-38.t2__p9265_edge_closing_0.smt2,sat,timeout,666.4913394451141,1200.0081305503845
QF_NIA,no_clause_reduction,complete-full-list,full-only,/20170427-VeryMax/ITS/From_T2__s1-striped.t2__p12020_terminationG_0.smt2,sat,timeout,833.5571429729462,1200.0213568210602
QF_NIA,no_clause_reduction,complete-full-list,full-only,/20170427-VeryMax/ITS/From_T2__s1-striped.t2__p13131_safety_0.smt2,unsat,timeout,959.4326269626617,1200.0017025470734
QF_NIA,no_clause_reduction,complete-full-list,full-only,/20170427-VeryMax/ITS/From_T2__s1-striped.t2__p13336_safety_0.smt2,unsat,timeout,699.8307647705078,1200.004789352417
QF_NIA,no_clause_reduction,complete-full-list,full-only,/20170427-VeryMax/ITS/From_T2__s1-striped.t2__p13882_safety_0.smt2,unsat,timeout,659.296126127243,1200.0015439987183
QF_NIA,no_clause_reduction,complete-full-list,full-only,/20170427-VeryMax/ITS/From_T2__s1-striped.t2_fixed__p9287_terminationG_0.smt2,sat,timeout,1199.4472935199738,1200.0274460315704
QF_NIA,no_clause_reduction,complete-full-list,full-only,/20170427-VeryMax/ITS/From_T2__s1-striped.t2_fixed__p9316_terminationG_0.smt2,sat,timeout,930.5246510505676,1200.0176005363464
QF_NIA,no_clause_reduction,complete-full-list,full-only,/20170427-VeryMax/ITS/From_T2__s1-striped.t2_fixed__p9326_terminationG_0.smt2,sat,timeout,249.4581298828125,1200.0146498680115
QF_NIA,no_clause_reduction,complete-full-list,full-only,/20170427-VeryMax/ITS/From_T2__s1.t2__p18976_safety_0.smt2,unsat,timeout,907.3394441604614,1200.0051591396332
QF_NIA,no_clause_reduction,complete-full-list,full-only,/20170427-VeryMax/ITS/From_T2__s1.t2__p19200_safety_0.smt2,unsat,timeout,753.1754744052887,1200.019897699356
QF_NIA,no_clause_reduction,complete-full-list,full-only,/20170427-VeryMax/ITS/From_T2__s1.t2__p19700_safety_0.smt2,unsat,timeout,442.50246238708496,1200.0051214694977
QF_NIA,no_clause_reduction,complete-full-list,full-only,/20170427-VeryMax/ITS/From_T2__s1.t2_fixed__p15170_terminationG_0.smt2,sat,timeout,930.7015888690948,1200.0152478218079
QF_NIA,no_clause_reduction,complete-full-list,full-only,/20170427-VeryMax/ITS/From_T2__s1.t2_fixed__p15185_terminationG_0.smt2,sat,timeout,823.4284670352936,1200.0190455913544
QF_NIA,no_clause_reduction,complete-full-list,full-only,/20170427-VeryMax/ITS/From_T2__s1.t2_fixed__p15190_terminationG_0.smt2,sat,timeout,4.719222784042358,1200.0171341896057
QF_NIA,no_clause_reduction,complete-full-list,full-only,/20170427-VeryMax/ITS/From_T2__s1.t2_fixed__p17911_edge_closing_0.smt2,sat,timeout,313.6956675052643,1200.0248353481293
QF_NIA,no_clause_reduction,complete-full-list,ablated-only,/20170427-VeryMax/ITS/From_T2__slayer-3-filtered.t2__p21681_safety_0.smt2,timeout,unsat,1200.001036643982,1014.2504622936249
QF_NIA,no_clause_reduction,complete-full-list,full-only,/20170427-VeryMax/ITS/From_T2__slayer-3-new.t2__p21878_terminationG_0.smt2,sat,timeout,745.7578482627869,1200.0308771133423
QF_NIA,no_clause_reduction,complete-full-list,full-only,/20170427-VeryMax/ITS/From_T2__slayer-3-new.t2__p22118_edge_closing_0.smt2,sat,timeout,43.818687200546265,1200.0007526874542
QF_NIA,no_clause_reduction,complete-full-list,full-only,/20170427-VeryMax/ITS/From_T2__slayer-3.t2__p22184_terminationG_0.smt2,sat,timeout,1164.986330986023,1200.0248985290527
QF_NIA,no_clause_reduction,complete-full-list,full-only,/20170427-VeryMax/ITS/From_T2__slayer-4-filtered.t2__p22434_terminationG_0.smt2,sat,timeout,927.6080536842346,1200.0013608932495
QF_NIA,no_clause_reduction,complete-full-list,full-only,/20170427-VeryMax/ITS/From_T2__slayer-4-filtered.t2__p22480_terminationG_0.smt2,sat,timeout,998.8808617591858,1200.0115356445312
QF_NIA,no_clause_reduction,complete-full-list,full-only,/20170427-VeryMax/ITS/From_T2__slayer-4-filtered.t2__p22485_terminationG_0.smt2,sat,timeout,313.49445033073425,1200.0239045619965
QF_NIA,no_clause_reduction,complete-full-list,full-only,/20170427-VeryMax/ITS/From_T2__slayer-4-filtered.t2__p22531_terminationG_0.smt2,sat,timeout,895.5735549926758,1200.0117938518524
QF_NIA,no_clause_reduction,complete-full-list,full-only,/20170427-VeryMax/ITS/From_T2__slayer-4-filtered.t2__p22582_terminationG_0.smt2,sat,timeout,1096.4871366024017,1200.014535665512
QF_NIA,no_clause_reduction,complete-full-list,full-only,/20170427-VeryMax/ITS/From_T2__slayer-4-filtered.t2__p22587_terminationG_0.smt2,sat,timeout,506.1004948616028,1200.0119683742523
QF_NIA,no_clause_reduction,complete-full-list,full-only,/20170427-VeryMax/ITS/From_T2__slayer-4-filtered.t2__p22635_terminationG_0.smt2,sat,timeout,909.3872787952423,1200.0030279159546
QF_NIA,no_clause_reduction,complete-full-list,full-only,/20170427-VeryMax/ITS/From_T2__slayer-4-filtered.t2__p22683_terminationG_0.smt2,sat,timeout,957.4066071510315,1200.0262186527252
QF_NIA,no_clause_reduction,complete-full-list,full-only,/20170427-VeryMax/ITS/From_T2__slayer-n2-filtered.t2__p23184_terminationG_0.smt2,unsat,timeout,1032.924860715866,1200.0116083621979
QF_NIA,no_clause_reduction,complete-full-list,full-only,/20170427-VeryMax/ITS/From_T2__small01.t2__p23469_terminationG_0.smt2,unsat,timeout,238.28964281082153,1200.0015652179718
QF_NIA,no_clause_reduction,complete-full-list,full-only,/20170427-VeryMax/ITS/From_T2__small01.t2__p23479_terminationG_0.smt2,unsat,timeout,163.83394527435303,1200.0182492733002
QF_NIA,no_clause_reduction,complete-full-list,full-only,/20170427-VeryMax/ITS/From_T2__spiral.t2__p24122_terminationG_0.smt2,sat,timeout,922.8262219429016,1200.0164427757263
QF_NIA,no_clause_reduction,complete-full-list,full-only,/20170427-VeryMax/ITS/From_T2__streamserver-succeed.t2__p24601_terminationG_0.smt2,sat,timeout,606.8150715827942,1200.0104546546936
QF_NIA,no_clause_reduction,complete-full-list,full-only,/20170427-VeryMax/ITS/From_T2__streamserver-succeed.t2__p24620_terminationG_0.smt2,sat,timeout,858.3496136665344,1200.010457277298
QF_NIA,no_clause_reduction,complete-full-list,full-only,/20170427-VeryMax/ITS/From_T2__streamserver-succeed.t2__p24634_terminationG_0.smt2,sat,timeout,968.2320141792297,1200.0030689239502
QF_NIA,no_clause_reduction,complete-full-list,full-only,/20170427-VeryMax/ITS/From_T2__streamserver-succeed.t2__p24662_terminationG_0.smt2,sat,timeout,858.4543452262878,1200.01611328125
QF_NIA,no_clause_reduction,complete-full-list,full-only,/20170427-VeryMax/ITS/From_T2__streamserver.bug.t2__p24572_terminationG_0.smt2,sat,timeout,5.556993722915649,1200.0114407539368
QF_NIA,no_clause_reduction,complete-full-list,full-only,/20170427-VeryMax/ITS/From_T2__streamserver.bug.t2_fixed__p24563_terminationG_0.smt2,sat,timeout,531.2185907363892,1200.016964673996
QF_NIA,no_clause_reduction,complete-full-list,full-only,/20170427-VeryMax/ITS/From_T2__sudoku.t2__p24866_terminationG_0.smt2,sat,timeout,386.6447992324829,1200.0039274692535
QF_NIA,no_clause_reduction,complete-full-list,full-only,/20170427-VeryMax/ITS/From_T2__tqli.c.i.tqli.pl.t2.fixed.t2__p25012_terminationG_0.smt2,sat,timeout,998.9214792251587,1200.0153033733368
QF_NIA,no_clause_reduction,complete-full-list,full-only,/20170427-VeryMax/ITS/From_T2__tqli.c.i.tqli.pl.t2.fixed.t2__p25041_edge_closing_0.smt2,sat,timeout,648.4980552196503,1200.0179665088654
QF_NIA,no_clause_reduction,complete-full-list,full-only,/20170427-VeryMax/ITS/From_T2__tqli.c.i.tqli.pl.t2.nor.t2.rlgfixed.t2__p25093_edge_closing_0.smt2,sat,timeout,343.75027298927307,1200.0272150039673
QF_NIA,no_clause_reduction,complete-full-list,full-only,/20170427-VeryMax/ITS/From_T2__w2_nt.t2__p25384_safety_0.smt2,unsat,timeout,1190.5505764484406,1200.013324022293
QF_NIA,no_clause_reduction,complete-full-list,full-only,/20170427-VeryMax/ITS/From_T2__walk.t2__p25594_terminationG_0.smt2,unsat,timeout,743.1705567836761,1200.0147151947021
QF_NIA,no_clause_reduction,complete-full-list,full-only,/20170427-VeryMax/ITS/From_T2__walk.t2__p25599_terminationG_0.smt2,unsat,timeout,582.9530589580536,1200.0045421123505
QF_NIA,no_clause_reduction,complete-full-list,full-only,/20170427-VeryMax/ITS/From_T2__zlib-adler32.c.t2__p26075_safety_0.smt2,unsat,timeout,671.2695050239563,1200.0157170295715
QF_NIA,no_clause_reduction,complete-full-list,full-only,/20170427-VeryMax/ITS/From_T2__zlib-adler32.c.t2__p26089_safety_0.smt2,unsat,timeout,1040.1372802257538,1200.0036730766296
QF_NIA,no_clause_reduction,complete-full-list,ablated-only,/20170427-VeryMax/ITS/From_T2__zlib-adler32.c.t2__p26157_safety_0.smt2,timeout,unsat,1200.0022723674774,420.9299547672272
QF_NIA,no_clause_reduction,complete-full-list,full-only,/20170427-VeryMax/ITS/From_T2__zlib-adler32.c.t2__p26225_safety_0.smt2,unsat,timeout,1058.0367302894592,1200.0227992534637
QF_NIA,no_clause_reduction,complete-full-list,full-only,/20170427-VeryMax/ITS/From_T2__zlib-crc32-BYFOUR.c.t2__p26562_edge_closing_0.smt2,sat,timeout,1077.8642899990082,1200.003504037857
QF_NIA,no_clause_reduction,complete-full-list,full-only,/AProVE/aproveSMT5012629543273716739.smt2,sat,timeout,312.2875785827637,1200.0108020305634
QF_NIA,no_clause_reduction,complete-full-list,full-only,/leipzig/term-unsat-02.smt2,unsat,timeout,1169.559555530548,1200.0037941932678
QF_NIA,no_clause_reduction,complete-full-list,full-only,/mcm/101.smt2,unsat,timeout,1067.652203798294,1200.0156095027924
QF_NIA,no_clause_reduction,complete-full-list,full-only,/mcm/42.smt2,unsat,timeout,901.2432701587677,1200.0120294094086
QF_NIA,no_clause_reduction,complete-full-list,full-only,/mcm/51.smt2,unsat,timeout,1049.3161449432373,1200.0202062129974
QF_NRA,no_bicp,complete-full-list,full-only,/20161105-Sturm-MGC/mgc_09.smt2,sat,timeout,0.4333782196044922,1200.00079870224
QF_NRA,no_bicp,complete-full-list,full-only,/20161105-Sturm-MGC/mgc_10.smt2,sat,timeout,0.4479641914367676,1200.0007395744324
QF_NRA,no_bicp,complete-full-list,full-only,/20170501-Heizmann-UltimateInvariantSynthesis/down.i_4_5_5.bpl_3.smt2,sat,timeout,76.42957305908203,1200.0017874240875
QF_NRA,no_bicp,complete-full-list,full-only,/20170501-Heizmann-UltimateInvariantSynthesis/fragtest_simple.i_4_5_4.bpl_3.smt2,sat,timeout,14.646056413650513,1200.000883102417
QF_NRA,no_bicp,complete-full-list,ablated-only,/20170501-Heizmann-UltimateInvariantSynthesis/nested.i_4_5_3.bpl_3.smt2,timeout,sat,1200.001327753067,13.338080644607544
QF_NRA,no_bicp,complete-full-list,ablated-only,/20180501-Economics-Mulligan/MulliganEconomicsModel0056a.smt2,timeout,sat,1200.0013394355774,0.23030495643615723
QF_NRA,no_bicp,complete-full-list,full-only,/2019-ezsmt/reverseFolding/39-reverse_folding-0-0.smt2,sat,timeout,123.61281204223633,1200.0009279251099
QF_NRA,no_bicp,complete-full-list,full-only,/2019-ezsmt/reverseFolding/40-reverse_folding-0-0.smt2,sat,timeout,487.8957281112671,1200.0007770061493
QF_NRA,no_bicp,complete-full-list,full-only,/2019-ezsmt/reverseFolding/41-reverse_folding-0-0.smt2,sat,timeout,295.4985213279724,1200.0007898807526
QF_NRA,no_bicp,complete-full-list,full-only,/2019-ezsmt/reverseFolding/42-reverse_folding-0-0.smt2,sat,timeout,96.62530183792114,1200.0010089874268
QF_NRA,no_bicp,complete-full-list,full-only,/2019-ezsmt/reverseFolding/43-reverse_folding-0-0.smt2,sat,timeout,65.04555320739746,1200.0006830692291
QF_NRA,no_bicp,complete-full-list,full-only,/2019-ezsmt/reverseFolding/44-reverse_folding-0-0.smt2,sat,timeout,352.2859396934509,1200.000768661499
QF_NRA,no_bicp,complete-full-list,full-only,/2019-ezsmt/reverseFolding/45-reverse_folding-0-0.smt2,sat,timeout,407.7870762348175,1200.0008220672607
QF_NRA,no_bicp,complete-full-list,full-only,/2019-ezsmt/reverseFolding/46-reverse_folding-0-0.smt2,sat,timeout,440.7593333721161,1200.0006914138794
QF_NRA,no_bicp,complete-full-list,full-only,/20200911-Pine/1599121901261336000.smt2,sat,timeout,0.35733985900878906,1200.0008339881897
QF_NRA,no_bicp,complete-full-list,full-only,/20200911-Pine/1599121903168735000.smt2,sat,timeout,0.23021864891052246,1200.000756263733
QF_NRA,no_bicp,complete-full-list,full-only,/20200911-Pine/1599121903663628000.smt2,sat,timeout,79.75872468948364,1200.0007865428925
QF_NRA,no_bicp,complete-full-list,full-only,/20200911-Pine/1599121903843386000.smt2,sat,timeout,894.2676260471344,1200.0008001327515
QF_NRA,no_bicp,complete-full-list,full-only,/20200911-Pine/1599121904148342000.smt2,sat,timeout,788.1429831981659,1200.001683473587
QF_NRA,no_bicp,complete-full-list,full-only,/20200911-Pine/1599121904850228000.smt2,sat,timeout,1199.4966366291046,1200.000827550888
QF_NRA,no_bicp,complete-full-list,full-only,/20200911-Pine/1599121906174154000.smt2,sat,timeout,492.51975774765015,1200.0007519721985
QF_NRA,no_bicp,complete-full-list,full-only,/20200911-Pine/1599121906331969000.smt2,unsat,timeout,201.6517791748047,1200.000804424286
QF_NRA,no_bicp,complete-full-list,full-only,/20211101-Geogebra/Triangle-Bottema1_15.smt2,sat,timeout,0.24001789093017578,1200.000791311264
QF_NRA,no_bicp,complete-full-list,full-only,/20211101-Geogebra/Triangle-Bottema1_23.smt2,sat,timeout,0.24110937118530273,1200.0008504390717
QF_NRA,no_bicp,complete-full-list,full-only,/20220314-Uncu/Polynomial_Proof_Calls/ProveIneq_ISSAC05_SignPattern_1p_4m_1w_1p_p.smt2,unsat,timeout,0.24621868133544922,1200.0008041858673
QF_NRA,no_bicp,complete-full-list,full-only,/20220314-Uncu/Polynomial_Proof_Calls/ProveIneq_ISSAC05_SignPattern_Lemma4c.smt2,unsat,timeout,24.43709635734558,1200.0008766651154
QF_NRA,no_bicp,complete-full-list,full-only,/20220314-Uncu/Polynomial_Proof_Calls/ProveIneq_ISSAC05_SignPattern_Lemma4e.smt2,unsat,timeout,122.7376823425293,1200.0042328834534
QF_NRA,no_bicp,complete-full-list,full-only,/20220314-Uncu/Polynomial_Proof_Calls/ProveIneq_ISSAC05_SignPattern_Lemma4f.smt2,unsat,timeout,3.4349818229675293,1200.0024359226227
QF_NRA,no_bicp,complete-full-list,full-only,/20220314-Uncu/Rational_Function_Proof_Calls_With_Basic_Denominator_Simplifications/BDC_ProveIneq_JSC_SUMCracker_15.smt2,unsat,timeout,751.7503728866577,1200.0018231868744
QF_NRA,no_bicp,complete-full-list,ablated-only,/20220314-Uncu/Rational_Function_Proof_Calls_With_Disjunctive_Denominator_Simplifications/DDC_ProveIneq_JSC_SUMCracker_14d.smt2,timeout,sat,1200.001564502716,600.4139089584351
QF_NRA,no_bicp,complete-full-list,ablated-only,/20220314-Uncu/Rational_Function_Proof_Calls_With_Disjunctive_Denominator_Simplifications/DDC_ProveIneq_JSC_SUMCracker_14e.smt2,timeout,sat,1200.0008437633514,300.44253063201904
QF_NRA,no_bicp,complete-full-list,ablated-only,/20220314-Uncu/Rational_Function_Proof_Calls_With_Disjunctive_Denominator_Simplifications/DDC_ProveIneq_JSC_SUMCracker_15.smt2,timeout,unsat,1200.001497745514,1.8396129608154297
QF_NRA,no_bicp,complete-full-list,ablated-only,/LassoRanker/CooperatingT2/brp_withassume.t2.c_Iteration8_Loop_3-pieceTemplate.smt2,timeout,sat,1200.0008993148804,1059.851280927658
QF_NRA,no_bicp,complete-full-list,ablated-only,/LassoRanker/SV-COMP/CookSeeZuleger-2013TACAS-Fig7b_true-termination.c_Iteration1_Loop_3-nestedTemplate.smt2,timeout,unsat,1200.000807762146,1081.729369878769
QF_NRA,no_bicp,complete-full-list,ablated-only,/LassoRanker/SV-COMP/KroeningSharyginaTsitovichWintersteiger-2010CAV-Fig1_true-termination.c_Iteration1_Lasso_3-pieceTemplate.smt2,timeout,unsat,1200.0008721351624,827.6199095249176
QF_NRA,no_bicp,complete-full-list,ablated-only,/LassoRanker/SV-COMP/LeeJonesBen-Amram-2001POPL-Ex5_true-termination.c_Iteration2_Lasso_7-phaseTemplate.smt2,timeout,unsat,1200.000824213028,484.08185839653015
QF_NRA,no_bicp,complete-full-list,ablated-only,/LassoRanker/SV-COMP/TelAviv-Amir-Minimum_true-termination.c_Iteration1_Loop_3-pieceTemplate.smt2,timeout,sat,1200.001024723053,1099.1022336483002
QF_NRA,no_bicp,complete-full-list,ablated-only,/UltimateAutomizer/InVarSynth_BugIsInductiveReturnGlobalVarRenaming.bpl_Iteration1_0.smt2,timeout,sat,1200.0007603168488,0.7502231597900391
QF_NRA,no_bicp,complete-full-list,ablated-only,/UltimateAutomizer/InVarSynth_EuclideanIntegerDivision.bpl_Iteration4_0.smt2,timeout,sat,1200.000670671463,9.400354623794556
QF_NRA,no_bicp,complete-full-list,full-only,/UltimateAutomizer/InVarSynth_agroce_minmax.c_Iteration2_0.smt2,sat,timeout,20.069175481796265,1200.0016787052155
QF_NRA,no_bicp,complete-full-list,full-only,/UltimateAutomizer/InVarSynth_agroce_minmax.c_Iteration2_1.smt2,sat,timeout,9.703538179397583,1200.0008368492126
QF_NRA,no_bicp,complete-full-list,full-only,/hycomp/ball_count_1d_plain.02.redlog_global_12.smt2,sat,timeout,1.6587700843811035,1200.0014824867249
QF_NRA,no_bicp,complete-full-list,full-only,/hycomp/ball_count_1d_plain.02.seq_lazy_linear_enc_global_12.smt2,sat,timeout,3.461928606033325,1200.0017330646515
QF_NRA,no_bicp,complete-full-list,full-only,/hycomp/ball_count_1d_plain.03.qfree_global_8.smt2,sat,timeout,92.35106205940247,1200.000874042511
QF_NRA,no_bicp,complete-full-list,full-only,/hycomp/ball_count_1d_plain.03.redlog_global_10.smt2,sat,timeout,700.2645363807678,1200.000831604004
QF_NRA,no_bicp,complete-full-list,full-only,/hycomp/ball_count_1d_plain.03.redlog_global_14.smt2,sat,timeout,637.9020042419434,1200.0007750988007
QF_NRA,no_bicp,complete-full-list,full-only,/hycomp/ball_count_1d_plain.03.seq_lazy_linear_enc_global_8.smt2,unsat,timeout,0.3391125202178955,1200.00075507164
QF_NRA,no_bicp,complete-full-list,full-only,/hycomp/ball_count_1d_plain.04.seq_lazy_global_12.smt2,unsat,timeout,2.902228593826294,1200.0015773773193
QF_NRA,no_bicp,complete-full-list,full-only,/hycomp/ball_count_1d_plain.04.seq_lazy_lemmas_global_12.smt2,unsat,timeout,27.89249038696289,1200.0007936954498
QF_NRA,no_bicp,complete-full-list,full-only,/hycomp/ball_count_1d_plain.04.seq_lazy_linear_enc_global_12.smt2,unsat,timeout,2.8916244506835938,1200.0008835792542
QF_NRA,no_bicp,complete-full-list,full-only,/hycomp/ball_count_1d_plain.05.seq_lazy_global_14.smt2,unsat,timeout,9.173275232315063,1200.0016341209412
QF_NRA,no_bicp,complete-full-list,full-only,/hycomp/ball_count_1d_plain.05.seq_lazy_lemmas_global_14.smt2,unsat,timeout,9.879469156265259,1200.0007681846619
QF_NRA,no_bicp,complete-full-list,full-only,/hycomp/ball_count_2d_hill.01.redlog_global_14.smt2,sat,timeout,1.1414220333099365,1200.0008344650269
QF_NRA,no_bicp,complete-full-list,full-only,/hycomp/ball_count_2d_hill.01.seq_lazy_global_10.smt2,sat,timeout,0.35341405868530273,1200.0016593933105
QF_NRA,no_bicp,complete-full-list,full-only,/hycomp/ball_count_2d_hill.01.seq_lazy_global_4.smt2,sat,timeout,0.2632575035095215,1200.0008795261383
QF_NRA,no_bicp,complete-full-list,full-only,/hycomp/ball_count_2d_hill.01.seq_lazy_linear_enc_global_10.smt2,sat,timeout,0.37355613708496094,1200.0007231235504
QF_NRA,no_bicp,complete-full-list,full-only,/hycomp/ball_count_2d_hill_simple.01.redlog_global_14.smt2,sat,timeout,0.959343433380127,1200.0007643699646
QF_NRA,no_bicp,complete-full-list,full-only,/hycomp/ball_count_2d_hill_simple.02.redlog_global_6.smt2,sat,timeout,0.348041296005249,1200.0008969306946
QF_NRA,no_bicp,complete-full-list,ablated-only,/hycomp/ball_count_2d_hill_simple.02.seq_lazy_lemmas_global_10.smt2,timeout,sat,1200.007915019989,2.173875093460083
QF_NRA,no_bicp,complete-full-list,ablated-only,/hycomp/ball_count_2d_hill_simple.03.qfree_global_10.smt2,timeout,sat,1200.0013346672058,0.7620925903320312
QF_NRA,no_bicp,complete-full-list,ablated-only,/hycomp/ball_count_2d_hill_simple.03.qfree_global_8.smt2,timeout,sat,1200.0013253688812,1.2411937713623047
QF_NRA,no_bicp,complete-full-list,full-only,/hycomp/ball_count_2d_hill_simple.03.redlog_global_14.smt2,sat,timeout,19.864931344985962,1200.001992225647
QF_NRA,no_bicp,complete-full-list,full-only,/hycomp/ball_count_2d_hill_simple.03.redlog_global_6.smt2,sat,timeout,0.4621243476867676,1200.0008418560028
QF_NRA,no_bicp,complete-full-list,full-only,/hycomp/ball_count_2d_hill_simple.03.redlog_global_8.smt2,sat,timeout,239.88819766044617,1200.0007591247559
QF_NRA,no_bicp,complete-full-list,ablated-only,/hycomp/ball_count_2d_hill_simple.03.seq_lazy_global_10.smt2,timeout,sat,1200.0013482570648,403.1155586242676
QF_NRA,no_bicp,complete-full-list,ablated-only,/hycomp/ball_count_2d_hill_simple.03.seq_lazy_global_12.smt2,timeout,sat,1200.0006670951843,30.44153332710266
QF_NRA,no_bicp,complete-full-list,ablated-only,/hycomp/ball_count_2d_hill_simple.03.seq_lazy_lemmas_global_10.smt2,timeout,sat,1200.0013735294342,427.40367341041565
QF_NRA,no_bicp,complete-full-list,ablated-only,/hycomp/ball_count_2d_hill_simple.03.seq_lazy_linear_enc_global_14.smt2,timeout,sat,1200.0007445812225,3.67515230178833
QF_NRA,no_bicp,complete-full-list,ablated-only,/hycomp/ball_count_2d_hill_simple.03.seq_lazy_linear_enc_lemmas_global_10.smt2,timeout,sat,1200.0013060569763,5.908050775527954
QF_NRA,no_bicp,complete-full-list,ablated-only,/hycomp/ball_count_2d_hill_simple.03.seq_lazy_linear_enc_lemmas_global_12.smt2,timeout,sat,1200.0006844997406,24.615968465805054
QF_NRA,no_bicp,complete-full-list,ablated-only,/hycomp/ball_count_2d_hill_simple.04.qfree_global_10.smt2,timeout,sat,1200.0018866062164,114.06652235984802
QF_NRA,no_bicp,complete-full-list,full-only,/hycomp/ball_count_2d_hill_simple.04.redlog_global_14.smt2,sat,timeout,6.886322259902954,1200.0008053779602
QF_NRA,no_bicp,complete-full-list,full-only,/hycomp/ball_count_2d_hill_simple.04.redlog_global_8.smt2,sat,timeout,604.7323920726776,1200.0007848739624
QF_NRA,no_bicp,complete-full-list,full-only,/hycomp/ball_count_2d_plain.02.redlog_global_12.smt2,sat,timeout,86.68829488754272,1200.0008499622345
QF_NRA,no_bicp,complete-full-list,ablated-only,/hycomp/ball_count_2d_plain.03.seq_lazy_global_12.smt2,timeout,sat,1200.002165555954,21.109290599822998
QF_NRA,no_bicp,complete-full-list,full-only,/hycomp/ball_count_2d_plain.03.seq_lazy_lemmas_global_10.smt2,sat,timeout,8.347490549087524,1200.0008900165558
QF_NRA,no_bicp,complete-full-list,full-only,/hycomp/ball_count_2d_plain.03.seq_lazy_lemmas_global_12.smt2,sat,timeout,4.153901100158691,1200.000766992569
QF_NRA,no_bicp,complete-full-list,full-only,/hycomp/ball_count_2d_plain.03.seq_lazy_linear_enc_lemmas_global_12.smt2,sat,timeout,56.55125665664673,1200.0008265972137
QF_NRA,no_bicp,complete-full-list,ablated-only,/hycomp/ball_count_2d_plain.04.seq_lazy_linear_enc_global_12.smt2,timeout,unsat,1200.0012786388397,420.5943863391876
QF_NRA,no_bicp,complete-full-list,ablated-only,/hycomp/ball_count_2d_plain.05.seq_lazy_global_14.smt2,timeout,unsat,1200.0007197856903,540.6025755405426
QF_NRA,no_bicp,complete-full-list,ablated-only,/hycomp/ball_count_2d_plain.05.seq_lazy_lemmas_global_14.smt2,timeout,unsat,1200.000732421875,171.71654272079468
QF_NRA,no_bicp,complete-full-list,full-only,/hycomp/ball_count_2d_slope.01.seq_lazy_linear_enc_global_10.smt2,unsat,timeout,42.178699254989624,1200.0008051395416
QF_NRA,no_bicp,complete-full-list,full-only,/hycomp/ball_count_2d_slope.01.seq_lazy_linear_enc_global_12.smt2,unsat,timeout,35.150245904922485,1200.0008010864258
QF_NRA,no_bicp,complete-full-list,full-only,/hycomp/ball_count_2d_slope.01.seq_lazy_linear_enc_global_14.smt2,unsat,timeout,29.014591217041016,1200.000689983368
QF_NRA,no_bicp,complete-full-list,full-only,/hycomp/ball_count_2d_slope.01.seq_lazy_linear_enc_global_8.smt2,unsat,timeout,27.04791784286499,1200.0008590221405
QF_NRA,no_bicp,complete-full-list,full-only,/hycomp/ball_count_2d_slope.02.seq_lazy_global_6.smt2,unsat,timeout,8.990503787994385,1200.0019056797028
QF_NRA,no_bicp,complete-full-list,full-only,/hycomp/ball_count_2d_slope.02.seq_lazy_global_8.smt2,unsat,timeout,169.56980443000793,1200.002149105072
QF_NRA,no_bicp,complete-full-list,full-only,/hycomp/ball_count_2d_slope.02.seq_lazy_lemmas_global_6.smt2,unsat,timeout,2.9240238666534424,1200.0008325576782
QF_NRA,no_bicp,complete-full-list,full-only,/hycomp/ball_count_2d_slope.02.seq_lazy_lemmas_global_8.smt2,unsat,timeout,217.32194089889526,1200.0009138584137
QF_NRA,no_bicp,complete-full-list,full-only,/hycomp/ball_count_2d_slope.03.seq_lazy_global_10.smt2,unsat,timeout,520.8360319137573,1200.00080037117
QF_NRA,no_bicp,complete-full-list,full-only,/hycomp/ball_count_2d_slope.03.seq_lazy_global_8.smt2,unsat,timeout,6.338910341262817,1200.000816822052
QF_NRA,no_bicp,complete-full-list,full-only,/hycomp/ball_count_2d_slope.03.seq_lazy_lemmas_global_8.smt2,unsat,timeout,17.588332176208496,1200.0016386508942
QF_NRA,no_bicp,complete-full-list,full-only,/hycomp/ball_count_2d_slope.03.seq_lazy_linear_enc_global_8.smt2,unsat,timeout,352.89136004447937,1200.0007183551788
QF_NRA,no_bicp,complete-full-list,full-only,/hycomp/ball_count_2d_slope.04.seq_lazy_global_10.smt2,unsat,timeout,28.351135730743408,1200.0008401870728
QF_NRA,no_bicp,complete-full-list,full-only,/hycomp/ball_count_2d_slope.05.seq_lazy_global_10.smt2,unsat,timeout,0.2501029968261719,1200.0007712841034
QF_NRA,no_bicp,complete-full-list,full-only,/hycomp/ball_count_2d_slope.05.seq_lazy_global_12.smt2,unsat,timeout,63.25889730453491,1200.0007872581482
QF_NRA,no_bicp,complete-full-list,full-only,/hycomp/ball_count_2d_slope.05.seq_lazy_lemmas_global_12.smt2,unsat,timeout,338.05334305763245,1200.0008008480072
QF_NRA,no_bicp,complete-full-list,full-only,/hycomp/ball_count_2d_slope.05.seq_lazy_lemmas_global_14.smt2,unsat,timeout,1130.4646842479706,1200.0007560253143
QF_NRA,no_bicp,complete-full-list,full-only,/hycomp/ball_count_2d_slope.05.seq_lazy_linear_enc_global_10.smt2,unsat,timeout,873.3562572002411,1200.000761270523
QF_NRA,no_bicp,complete-full-list,full-only,/hycomp/etcs_braking_2.01.qfree_global_9.smt2,unsat,timeout,156.22560286521912,1200.0008461475372
QF_NRA,no_bicp,complete-full-list,full-only,/hycomp/etcs_braking_2.01.seq_lazy_global_9.smt2,unsat,timeout,613.2526938915253,1200.0007412433624
QF_NRA,no_bicp,complete-full-list,full-only,/hycomp/etcs_braking_2.01.seq_lazy_lemmas_global_9.smt2,unsat,timeout,125.73640775680542,1200.0008087158203
QF_NRA,no_bicp,complete-full-list,full-only,/hycomp/etcs_braking_2.01.seq_lazy_linear_enc_global_9.smt2,unsat,timeout,129.39955353736877,1200.0008203983307
QF_NRA,no_bicp,complete-full-list,full-only,/kissing/kissing_3_7.smt2,sat,timeout,1.4389548301696777,1200.0018591880798
QF_NRA,no_bicp,complete-full-list,full-only,/meti-tarski/asin/8/vars4/asin-8-vars4-chunk-0051.smt2,sat,timeout,0.24006104469299316,1200.0008709430695
QF_NRA,no_bicp,complete-full-list,full-only,/meti-tarski/atan/problem/2/weak/atan-problem-2-weak-chunk-0139.smt2,sat,timeout,0.24025654792785645,1200.000726699829
QF_NRA,no_bicp,complete-full-list,full-only,/meti-tarski/atan/vega/3/weak/atan-vega-3-weak-chunk-0323.smt2,sat,timeout,0.2316141128540039,1200.0006935596466
QF_NRA,no_bicp,complete-full-list,full-only,/meti-tarski/atan/vega/3/weak/atan-vega-3-weak-chunk-0329.smt2,sat,timeout,0.24176931381225586,1200.0015184879303
QF_NRA,no_bicp,complete-full-list,full-only,/meti-tarski/atan/vega/3/weak/atan-vega-3-weak-chunk-0515.smt2,sat,timeout,0.24291467666625977,1200.0005972385406
QF_NRA,no_bicp,complete-full-list,full-only,/meti-tarski/sin/344/3/sin-344-3-weak-chunk-0027.smt2,unsat,timeout,218.05077362060547,1200.00075674057
QF_NRA,no_bicp,complete-full-list,full-only,/meti-tarski/sin/cos/sin-cos-346-b-chunk-0376.smt2,unsat,timeout,0.2499852180480957,1200.0008537769318
QF_NRA,no_bicp,complete-full-list,full-only,/meti-tarski/sin/cos/sin-cos-346-b-chunk-0452.smt2,unsat,timeout,0.24115228652954102,1200.0008935928345
QF_NRA,no_bicp,complete-full-list,full-only,/meti-tarski/sin/cos/sin-cos-346-b-chunk-0509.smt2,unsat,timeout,0.07671046257019043,1200.0017788410187
QF_NRA,no_bicp,complete-full-list,full-only,/meti-tarski/sin/cos/sin-cos-346-b-chunk-0519.smt2,unsat,timeout,0.2687954902648926,1200.0018091201782
QF_NRA,no_bicp,complete-full-list,full-only,/meti-tarski/sin/cos/sin-cos-346-b-chunk-0522.smt2,unsat,timeout,0.1963357925415039,1200.0008020401
QF_NRA,no_bicp,complete-full-list,full-only,/meti-tarski/sin/cos/sin-cos-346-b-chunk-0607.smt2,unsat,timeout,0.23574185371398926,1200.0008454322815
QF_NRA,no_bicp,complete-full-list,full-only,/meti-tarski/sin/problem/7/sin-problem-7-chunk-0297.smt2,unsat,timeout,0.2674541473388672,1200.000833272934
QF_NRA,no_bicp,complete-full-list,full-only,/meti-tarski/sin/problem/7/sin-problem-7-chunk-0308.smt2,sat,timeout,0.25133562088012695,1200.0008549690247
QF_NRA,no_bicp,complete-full-list,full-only,/meti-tarski/sin/problem/7/weak/sin-problem-7-weak-chunk-0151.smt2,sat,timeout,52.05988073348999,1200.000723361969
QF_NRA,no_bicp,complete-full-list,ablated-only,/meti-tarski/sin/problem/7/weak/sin-problem-7-weak-chunk-0157.smt2,timeout,unsat,1200.0012955665588,1060.8402094841003
QF_NRA,no_bicp,complete-full-list,full-only,/meti-tarski/sin/problem/7/weak/sin-problem-7-weak-chunk-0159.smt2,sat,timeout,53.89944100379944,1200.0007152557373
QF_NRA,no_bicp,complete-full-list,full-only,/meti-tarski/sin/problem/7/weak/sin-problem-7-weak-chunk-0161.smt2,sat,timeout,53.21198344230652,1200.0007054805756
QF_NRA,no_bicp,complete-full-list,full-only,/meti-tarski/sin/problem/7/weak/sin-problem-7-weak-chunk-0162.smt2,sat,timeout,53.498655796051025,1200.0016376972198
QF_NRA,no_bicp,complete-full-list,full-only,/meti-tarski/sin/problem/7/weak/sin-problem-7-weak-chunk-0164.smt2,sat,timeout,53.58418917655945,1200.0008323192596
QF_NRA,no_bicp,complete-full-list,full-only,/meti-tarski/sin/problem/7/weak/sin-problem-7-weak-chunk-0166.smt2,sat,timeout,8.114632368087769,1200.0016345977783
QF_NRA,no_bicp,complete-full-list,full-only,/meti-tarski/sin/problem/7/weak/sin-problem-7-weak-chunk-0167.smt2,sat,timeout,8.071261167526245,1200.0015878677368
QF_NRA,no_bicp,complete-full-list,full-only,/meti-tarski/sin/problem/7/weak/sin-problem-7-weak-chunk-0170.smt2,sat,timeout,8.012338161468506,1200.0007770061493
QF_NRA,no_bicp,complete-full-list,full-only,/meti-tarski/sin/problem/7/weak/sin-problem-7-weak-chunk-0171.smt2,sat,timeout,8.01005744934082,1200.000787973404
QF_NRA,no_bicp,complete-full-list,full-only,/meti-tarski/sin/problem/7/weak/sin-problem-7-weak-chunk-0174.smt2,sat,timeout,10.580383062362671,1200.0007503032684
QF_NRA,no_bicp,complete-full-list,full-only,/meti-tarski/sin/problem/7/weak/sin-problem-7-weak-chunk-0175.smt2,sat,timeout,10.544413805007935,1200.0005974769592
QF_NRA,no_bicp,complete-full-list,full-only,/meti-tarski/sin/problem/7/weak/sin-problem-7-weak-chunk-0177.smt2,sat,timeout,10.758343935012817,1200.0016014575958
QF_NRA,no_bicp,complete-full-list,full-only,/meti-tarski/sin/problem/7/weak/sin-problem-7-weak-chunk-0178.smt2,sat,timeout,10.658618688583374,1200.0007519721985
QF_NRA,no_bicp,complete-full-list,full-only,/meti-tarski/sin/problem/7/weak/sin-problem-7-weak-chunk-0180.smt2,sat,timeout,0.2417459487915039,1200.0008382797241
QF_NRA,no_bicp,complete-full-list,full-only,/meti-tarski/sin/problem/7/weak/sin-problem-7-weak-chunk-0181.smt2,sat,timeout,0.16616296768188477,1200.001583814621
QF_NRA,no_bicp,complete-full-list,full-only,/meti-tarski/sin/problem/7/weak/sin-problem-7-weak-chunk-0183.smt2,sat,timeout,0.24389052391052246,1200.0008001327515
QF_NRA,no_bicp,complete-full-list,full-only,/meti-tarski/sin/problem/7/weak/sin-problem-7-weak-chunk-0186.smt2,sat,timeout,0.1769852638244629,1200.0017294883728
QF_NRA,no_bicp,complete-full-list,ablated-only,/meti-tarski/sin/problem/7/weak2/sin-problem-7-weak2-chunk-0116.smt2,timeout,unsat,1200.0012533664703,1098.4511575698853
QF_NRA,no_bicp,complete-full-list,full-only,/meti-tarski/sin/problem/7/weak2/sin-problem-7-weak2-chunk-0117.smt2,unsat,timeout,42.61748933792114,1200.0007739067078
QF_NRA,no_bicp,complete-full-list,full-only,/meti-tarski/sin/problem/7/weak2/sin-problem-7-weak2-chunk-0118.smt2,sat,timeout,0.23750877380371094,1200.0008401870728
QF_NRA,no_bicp,complete-full-list,full-only,/meti-tarski/sin/problem/7/weak2/sin-problem-7-weak2-chunk-0119.smt2,sat,timeout,0.23569011688232422,1200.0007083415985
QF_NRA,no_bicp,complete-full-list,full-only,/meti-tarski/sin/problem/7/weak2/sin-problem-7-weak2-chunk-0121.smt2,sat,timeout,0.23805451393127441,1200.000726699829
QF_NRA,no_bicp,complete-full-list,full-only,/meti-tarski/sin/problem/7/weak2/sin-problem-7-weak2-chunk-0122.smt2,sat,timeout,0.24041342735290527,1200.0008463859558
QF_NRA,no_bicp,complete-full-list,full-only,/meti-tarski/sin/problem/7/weak2/sin-problem-7-weak2-chunk-0124.smt2,sat,timeout,0.24371933937072754,1200.000828742981
QF_NRA,no_bicp,complete-full-list,full-only,/meti-tarski/sin/problem/7/weak2/sin-problem-7-weak2-chunk-0125.smt2,sat,timeout,0.2451612949371338,1200.0008399486542
QF_NRA,no_bicp,complete-full-list,full-only,/meti-tarski/sin/problem/7/weak2/sin-problem-7-weak2-chunk-0127.smt2,sat,timeout,0.16803741455078125,1200.001554965973
QF_NRA,no_bicp,complete-full-list,full-only,/meti-tarski/sin/problem/7/weak2/sin-problem-7-weak2-chunk-0130.smt2,sat,timeout,0.23287391662597656,1200.0006093978882
QF_NRA,no_bicp,complete-full-list,full-only,/meti-tarski/sin/problem/7/weak2/sin-problem-7-weak2-chunk-0131.smt2,sat,timeout,0.18034625053405762,1200.002366065979
QF_NRA,no_bicp,complete-full-list,full-only,/zankl/matrix-1-all-21.smt2,sat,timeout,0.24429798126220703,1200.0008325576782
QF_NRA,no_bicp,complete-full-list,full-only,/zankl/matrix-3-all-2.smt2,sat,timeout,789.0544748306274,1200.0008132457733
QF_NRA,no_bicp,complete-full-list,full-only,/zankl/matrix-3-all-5.smt2,sat,timeout,0.9513530731201172,1200.0008034706116
QF_NRA,no_bicp,complete-full-list,ablated-only,/zankl/matrix-3-all-7.smt2,timeout,sat,1200.0021092891693,137.67776918411255
QF_NRA,no_bicp,complete-full-list,full-only,/zankl/matrix-4-all-17.smt2,sat,timeout,230.3697497844696,1200.0008759498596
QF_NRA,no_bicp,complete-full-list,ablated-only,/zankl/matrix-5-all-01.smt2,timeout,sat,1200.0022134780884,221.19106149673462
QF_NRA,no_clause_reduction,complete-full-list,full-only,/20200911-Pine/1599121904850228000.smt2,sat,timeout,1199.4966366291046,1200.001401424408
QF_NRA,no_clause_reduction,complete-full-list,ablated-only,/LassoRanker/CooperatingT2/brp_withassume.t2.c_Iteration8_Loop_3-pieceTemplate.smt2,timeout,sat,1200.0008993148804,1184.2499310970306
QF_NRA,no_clause_reduction,complete-full-list,full-only,/hycomp/ball_count_1d_plain.03.qfree_global_10.smt2,sat,timeout,366.7964098453522,1200.0021171569824
QF_NRA,no_clause_reduction,complete-full-list,full-only,/hycomp/ball_count_1d_plain.03.redlog_global_14.smt2,sat,timeout,637.9020042419434,1200.0015914440155
QF_NRA,no_clause_reduction,complete-full-list,ablated-only,/hycomp/ball_count_1d_plain.05.seq_lazy_linear_enc_lemmas_global_14.smt2,timeout,unsat,1200.0021216869354,3.775158643722534
QF_NRA,no_clause_reduction,complete-full-list,ablated-only,/hycomp/ball_count_2d_hill_simple.02.seq_lazy_lemmas_global_10.smt2,timeout,sat,1200.007915019989,0.4786241054534912
QF_NRA,no_clause_reduction,complete-full-list,full-only,/hycomp/ball_count_2d_hill_simple.02.seq_lazy_linear_enc_lemmas_global_14.smt2,sat,timeout,1.6569042205810547,1200.0013692378998
QF_NRA,no_clause_reduction,complete-full-list,full-only,/hycomp/ball_count_2d_hill_simple.03.qfree_global_12.smt2,sat,timeout,10.60928225517273,1200.0012714862823
QF_NRA,no_clause_reduction,complete-full-list,ablated-only,/hycomp/ball_count_2d_hill_simple.03.qfree_global_8.smt2,timeout,sat,1200.0013253688812,3.3856091499328613
QF_NRA,no_clause_reduction,complete-full-list,ablated-only,/hycomp/ball_count_2d_hill_simple.03.redlog_global_10.smt2,timeout,sat,1200.0007741451263,5.200145721435547
QF_NRA,no_clause_reduction,complete-full-list,full-only,/hycomp/ball_count_2d_hill_simple.03.redlog_global_6.smt2,sat,timeout,0.4621243476867676,1200.0015201568604
QF_NRA,no_clause_reduction,complete-full-list,full-only,/hycomp/ball_count_2d_hill_simple.03.redlog_global_8.smt2,sat,timeout,239.88819766044617,1200.0007545948029
QF_NRA,no_clause_reduction,complete-full-list,ablated-only,/hycomp/ball_count_2d_hill_simple.03.seq_lazy_global_10.smt2,timeout,sat,1200.0013482570648,1.0793144702911377
QF_NRA,no_clause_reduction,complete-full-list,ablated-only,/hycomp/ball_count_2d_hill_simple.03.seq_lazy_lemmas_global_10.smt2,timeout,sat,1200.0013735294342,0.8782200813293457
QF_NRA,no_clause_reduction,complete-full-list,ablated-only,/hycomp/ball_count_2d_hill_simple.03.seq_lazy_linear_enc_global_14.smt2,timeout,sat,1200.0007445812225,21.280534267425537
QF_NRA,no_clause_reduction,complete-full-list,ablated-only,/hycomp/ball_count_2d_hill_simple.03.seq_lazy_linear_enc_lemmas_global_12.smt2,timeout,sat,1200.0006844997406,1.4866912364959717
QF_NRA,no_clause_reduction,complete-full-list,full-only,/hycomp/ball_count_2d_hill_simple.03.seq_lazy_linear_enc_lemmas_global_14.smt2,sat,timeout,1.7592811584472656,1200.0007500648499
QF_NRA,no_clause_reduction,complete-full-list,full-only,/hycomp/ball_count_2d_hill_simple.04.redlog_global_14.smt2,sat,timeout,6.886322259902954,1200.0023963451385
QF_NRA,no_clause_reduction,complete-full-list,full-only,/hycomp/ball_count_2d_hill_simple.04.redlog_global_8.smt2,sat,timeout,604.7323920726776,1200.0012984275818
QF_NRA,no_clause_reduction,complete-full-list,ablated-only,/hycomp/ball_count_2d_plain.02.redlog_global_10.smt2,timeout,sat,1200.001279592514,218.8575370311737
QF_NRA,no_clause_reduction,complete-full-list,full-only,/hycomp/ball_count_2d_plain.03.seq_lazy_global_10.smt2,sat,timeout,27.531831741333008,1200.001366853714
QF_NRA,no_clause_reduction,complete-full-list,ablated-only,/hycomp/ball_count_2d_plain.03.seq_lazy_global_14.smt2,timeout,sat,1200.016410112381,11.20566725730896
QF_NRA,no_clause_reduction,complete-full-list,full-only,/hycomp/ball_count_2d_plain.03.seq_lazy_lemmas_global_10.smt2,sat,timeout,8.347490549087524,1200.000787973404
QF_NRA,no_clause_reduction,complete-full-list,full-only,/hycomp/ball_count_2d_plain.03.seq_lazy_lemmas_global_12.smt2,sat,timeout,4.153901100158691,1200.0015001296997
QF_NRA,no_clause_reduction,complete-full-list,ablated-only,/hycomp/ball_count_2d_plain.03.seq_lazy_linear_enc_global_14.smt2,timeout,sat,1200.0007610321045,11.427724599838257
QF_NRA,no_clause_reduction,complete-full-list,full-only,/hycomp/ball_count_2d_plain.03.seq_lazy_linear_enc_lemmas_global_12.smt2,sat,timeout,56.55125665664673,1200.0020942687988
QF_NRA,no_clause_reduction,complete-full-list,full-only,/hycomp/ball_count_2d_slope.03.seq_lazy_linear_enc_global_8.smt2,unsat,timeout,352.89136004447937,1200.0011842250824
QF_NRA,no_clause_reduction,complete-full-list,ablated-only,/hycomp/ball_count_2d_slope.04.seq_lazy_lemmas_global_12.smt2,timeout,unsat,1200.001298904419,330.5935580730438
QF_NRA,no_clause_reduction,complete-full-list,full-only,/hycomp/ball_count_2d_slope.05.seq_lazy_global_12.smt2,unsat,timeout,63.25889730453491,1200.0007853507996
QF_NRA,no_clause_reduction,complete-full-list,full-only,/hycomp/ball_count_2d_slope.05.seq_lazy_lemmas_global_14.smt2,unsat,timeout,1130.4646842479706,1200.0006823539734
QF_NRA,no_clause_reduction,complete-full-list,full-only,/hycomp/etcs_braking_2.01.qfree_global_9.smt2,unsat,timeout,156.22560286521912,1200.0013318061829
QF_NRA,no_clause_reduction,complete-full-list,full-only,/hycomp/etcs_braking_2.01.seq_lazy_global_9.smt2,unsat,timeout,613.2526938915253,1200.0020153522491
QF_NRA,no_clause_reduction,complete-full-list,full-only,/hycomp/etcs_braking_2.01.seq_lazy_lemmas_global_9.smt2,unsat,timeout,125.73640775680542,1200.001405954361
QF_NRA,no_clause_reduction,complete-full-list,full-only,/hycomp/etcs_braking_2.01.seq_lazy_linear_enc_global_9.smt2,unsat,timeout,129.39955353736877,1200.0007333755493
