/wisa/wisa2.smt2,unsat,0.07490277290344238
/wisa/wisa4.smt2,sat,0.06793332099914551
/wisa/wisa1.smt2,sat,0.051081180572509766
/wisa/wisa3.smt2,sat,0.0759437084197998
/wisa/wisa5.smt2,unsat,1.392042636871338
/tropical-matrix/constraint-704423.smt2,sat,20.442
/tropical-matrix/constraint-1361831.smt2,sat,135.942444562912
/tropical-matrix/constraint-705295.smt2,sat,19.2028968334198
/tropical-matrix/constraint-729964.smt2,sat,181.15996384620667
/tropical-matrix/constraint-651478.smt2,sat,19.574031352996826
/tropical-matrix/constraint-247831.smt2,sat,515.5630519390106
/tropical-matrix/constraint-526870.smt2,sat,23.40005397796631
/tropical-matrix/constraint-495763.smt2,sat,3.6888082027435303
/tropical-matrix/constraint-1265513.smt2,sat,344.6073582172394
/tropical-matrix/constraint-1192684.smt2,sat,108.998
/tropical-matrix/constraint-649834.smt2,sat,3.769788980484009
/tropical-matrix/constraint-496502.smt2,sat,1.4116053581237793
/tropical-matrix/constraint-794687.smt2,sat,252.92921209335327
/tropical-matrix/constraint-497601.smt2,sat,0.9425835609436035
/tropical-matrix/constraint-1495125.smt2,sat,3.314690113067627
/tropical-matrix/constraint-369883.smt2,sat,360.8065085411072
/tropical-matrix/constraint-861420.smt2,failed,1200.0
/tropical-matrix/constraint-1206577.smt2,sat,46.80456900596619
/tropical-matrix/constraint-255468.smt2,sat,626.0361044406891
/tropical-matrix/constraint-579281.smt2,sat,846.7246351242065
/tropical-matrix/constraint-321761.smt2,sat,591.3436470031738
/tropical-matrix/constraint-505409.smt2,sat,187.77444863319397
/tropical-matrix/constraint-373262.smt2,failed,1200.0
/tropical-matrix/constraint-2783581.smt2,failed,1200.0
/tropical-matrix/constraint-479884.smt2,sat,484.3953356742859
/tropical-matrix/constraint-413904.smt2,sat,297.375
/tropical-matrix/constraint-703279.smt2,sat,12.336
/tropical-matrix/constraint-1333327.smt2,sat,12.419
/tropical-matrix/constraint-2121292.smt2,sat,445.0452871322632
/tropical-matrix/constraint-496324.smt2,sat,578.9078407287598
/tropical-matrix/constraint-329386.smt2,sat,30.764549493789673
/tropical-matrix/constraint-917322.smt2,sat,6.462596416473389
/tropical-matrix/constraint-2085483.smt2,sat,517.0580565929413
/tropical-matrix/constraint-221609.smt2,sat,169.69317770004272
/tropical-matrix/constraint-916807.smt2,sat,7.059487819671631
/tropical-matrix/constraint-523123.smt2,sat,2.17130970954895
/tropical-matrix/constraint-3956027.smt2,failed,1200.0
/tropical-matrix/constraint-299856.smt2,sat,129.37531924247742
/tropical-matrix/constraint-1072007.smt2,failed,1200.0
/tropical-matrix/constraint-390915.smt2,sat,101.632
/tropical-matrix/constraint-1317230.smt2,sat,76.71955680847168
/tropical-matrix/constraint-687179.smt2,sat,212.95411705970764
/tropical-matrix/constraint-1262176.smt2,sat,125.68679738044739
/tropical-matrix/constraint-735583.smt2,failed,1200.0
/tropical-matrix/constraint-658040.smt2,sat,873.3683795928955
/tropical-matrix/constraint-495717.smt2,sat,444.04506731033325
/tropical-matrix/constraint-3427750.smt2,sat,249.01582789421082
/tropical-matrix/constraint-343499.smt2,sat,11.521687984466553
/tropical-matrix/constraint-3055292.smt2,failed,1200.0
/tropical-matrix/constraint-851594.smt2,failed,1200.0
/tropical-matrix/constraint-2876125.smt2,sat,16.213
/tropical-matrix/constraint-1915015.smt2,sat,473.36134099960327
/tropical-matrix/constraint-645855.smt2,sat,793.2577002048492
/tropical-matrix/constraint-740637.smt2,failed,1200.0
/tropical-matrix/constraint-517804.smt2,sat,13.303
/tropical-matrix/constraint-394532.smt2,sat,607.7438066005707
/tropical-matrix/constraint-797738.smt2,failed,1200.0
/tropical-matrix/constraint-603294.smt2,failed,1200.0
/tropical-matrix/constraint-463860.smt2,sat,17.036
/tropical-matrix/constraint-178902.smt2,sat,156.22398471832275
/tropical-matrix/constraint-645054.smt2,sat,42.8242974281311
/tropical-matrix/constraint-556171.smt2,failed,1200.0
/tropical-matrix/constraint-515686.smt2,sat,45.527
/tropical-matrix/constraint-737829.smt2,failed,1200.0
/tropical-matrix/constraint-696340.smt2,failed,1200.0
/tropical-matrix/constraint-1345233.smt2,sat,133.832
/tropical-matrix/constraint-2465898.smt2,sat,939.8995881080627
/tropical-matrix/constraint-2306960.smt2,sat,14.764
/tropical-matrix/constraint-2186643.smt2,failed,1200.0
/tropical-matrix/constraint-4033959.smt2,failed,1200.0
/tropical-matrix/constraint-244431.smt2,sat,289.8926131725311
/tropical-matrix/constraint-762853.smt2,sat,286.05787444114685
/tropical-matrix/constraint-901996.smt2,sat,24.61163902282715
/tropical-matrix/constraint-206132.smt2,sat,17.585789442062378
/tropical-matrix/constraint-187292.smt2,sat,16.789228677749634
/tropical-matrix/constraint-758897.smt2,sat,347.041
/tropical-matrix/constraint-269353.smt2,sat,264.13459062576294
/tropical-matrix/constraint-2061672.smt2,failed,1200.0
/tropical-matrix/constraint-679470.smt2,sat,13.732114315032959
/tropical-matrix/constraint-1285151.smt2,failed,1200.0
/tropical-matrix/constraint-1330141.smt2,failed,1200.0
/tropical-matrix/constraint-1290859.smt2,sat,36.717421531677246
/tropical-matrix/constraint-1452366.smt2,sat,247.30954694747925
/tropical-matrix/constraint-1015084.smt2,sat,164.676
/tropical-matrix/constraint-170961.smt2,sat,1.3872110843658447
/tropical-matrix/constraint-1791895.smt2,sat,403.72109150886536
/tropical-matrix/constraint-416752.smt2,sat,245.94598937034607
/tropical-matrix/constraint-1635444.smt2,sat,57.87054896354675
/tropical-matrix/constraint-527358.smt2,sat,18.754254817962646
/tropical-matrix/constraint-319990.smt2,sat,456.55376839637756
/tropical-matrix/constraint-989891.smt2,failed,1200.0
/tropical-matrix/constraint-283008.smt2,sat,178.91126370429993
/tropical-matrix/constraint-1138192.smt2,sat,638.5800852775574
/tropical-matrix/constraint-278378.smt2,sat,211.17179822921753
/tropical-matrix/constraint-285271.smt2,sat,877.9291462898254
/tropical-matrix/constraint-715402.smt2,failed,1200.0
/tropical-matrix/constraint-906586.smt2,sat,590.391
/tropical-matrix/constraint-983194.smt2,failed,1200.0
/tropical-matrix/constraint-642278.smt2,sat,116.613
/tropical-matrix/constraint-396616.smt2,sat,126.663
/tropical-matrix/constraint-1270998.smt2,sat,104.80464482307434
/tropical-matrix/constraint-570196.smt2,sat,23.372225761413574
/tropical-matrix/constraint-1682901.smt2,sat,159.48190069198608
/tropical-matrix/constraint-368069.smt2,sat,68.4844160079956
/tropical-matrix/constraint-1908553.smt2,sat,10.546
/tropical-matrix/constraint-1270163.smt2,sat,74.32883071899414
/tropical-matrix/constraint-1268455.smt2,sat,3.0996758937835693
/tropical-matrix/constraint-614657.smt2,sat,18.134067058563232
/arctic-matrix/constraint-1633815.smt2,failed,1200.0
/arctic-matrix/constraint-906218.smt2,sat,568.876
/arctic-matrix/constraint-985918.smt2,failed,1200.0
/arctic-matrix/constraint-644686.smt2,sat,26.111988067626953
/arctic-matrix/constraint-551279.smt2,failed,1200.0
/arctic-matrix/constraint-449698.smt2,sat,12.829161405563354
/arctic-matrix/constraint-655888.smt2,failed,1200.0
/arctic-matrix/constraint-1008025.smt2,sat,58.075929403305054
/arctic-matrix/constraint-863289.smt2,sat,645.531
/arctic-matrix/constraint-1107622.smt2,sat,321.7331483364105
/arctic-matrix/constraint-1148089.smt2,sat,36.97767472267151
/arctic-matrix/constraint-518109.smt2,sat,148.34322929382324
/arctic-matrix/constraint-987361.smt2,failed,1200.0
/arctic-matrix/constraint-618384.smt2,sat,1137.5171015262604
/arctic-matrix/constraint-764693.smt2,sat,2.2167422771453857
/arctic-matrix/constraint-928134.smt2,sat,173.163
/arctic-matrix/constraint-1060546.smt2,failed,1200.0
/arctic-matrix/constraint-1576874.smt2,failed,1200.0
/arctic-matrix/constraint-1686226.smt2,failed,1200.0
/arctic-matrix/constraint-1365816.smt2,sat,280.1772336959839
/arctic-matrix/constraint-1491754.smt2,failed,1200.0
/arctic-matrix/constraint-993227.smt2,failed,1200.0
/arctic-matrix/constraint-1096871.smt2,sat,679.83762383461
/arctic-matrix/constraint-478122.smt2,sat,893.6856780052185
/arctic-matrix/constraint-394240.smt2,sat,2.4248504638671875
/arctic-matrix/constraint-777746.smt2,failed,1200.0
/arctic-matrix/constraint-392137.smt2,sat,33.81123924255371
/arctic-matrix/constraint-415996.smt2,sat,331.1515157222748
/arctic-matrix/constraint-644402.smt2,failed,1200.0
/arctic-matrix/constraint-267105.smt2,sat,118.34361553192139
/arctic-matrix/constraint-864173.smt2,sat,5.886446714401245
/arctic-matrix/constraint-873799.smt2,failed,1200.0
/arctic-matrix/constraint-687518.smt2,failed,1200.0
/arctic-matrix/constraint-1648145.smt2,sat,50.258419036865234
/arctic-matrix/constraint-1185949.smt2,sat,496.943
/arctic-matrix/constraint-1634698.smt2,failed,1200.0
/arctic-matrix/constraint-772500.smt2,sat,342.478
/arctic-matrix/constraint-533042.smt2,failed,1200.0
/arctic-matrix/constraint-1400961.smt2,failed,1200.0
/arctic-matrix/constraint-1145584.smt2,sat,345.72640800476074
/arctic-matrix/constraint-2407640.smt2,failed,1200.0
/arctic-matrix/constraint-1729671.smt2,failed,1200.0
/arctic-matrix/constraint-1007795.smt2,sat,345.846
/arctic-matrix/constraint-506600.smt2,failed,1200.0
/arctic-matrix/constraint-1275621.smt2,sat,860.967
/arctic-matrix/constraint-2580015.smt2,sat,13.305126428604126
/arctic-matrix/constraint-882710.smt2,sat,6.956873655319214
/arctic-matrix/constraint-1205831.smt2,sat,11.111215353012085
/arctic-matrix/constraint-689472.smt2,sat,297.66
/arctic-matrix/constraint-1546761.smt2,sat,974.701544046402
/arctic-matrix/constraint-654327.smt2,failed,1200.0
/arctic-matrix/constraint-1360077.smt2,sat,17.53183913230896
/arctic-matrix/constraint-649088.smt2,sat,54.79
/arctic-matrix/constraint-808692.smt2,sat,25.561118364334106
/arctic-matrix/constraint-902192.smt2,failed,1200.0
/arctic-matrix/constraint-487307.smt2,failed,1200.0
/arctic-matrix/constraint-928960.smt2,failed,1200.0
/arctic-matrix/constraint-1228327.smt2,failed,1200.0
/arctic-matrix/constraint-363570.smt2,sat,15.005
/arctic-matrix/constraint-365451.smt2,failed,1200.0
/arctic-matrix/constraint-1765766.smt2,sat,15.081517696380615
/arctic-matrix/constraint-706002.smt2,sat,126.437
/arctic-matrix/constraint-1389427.smt2,sat,1199.6251246929169
/arctic-matrix/constraint-1564491.smt2,failed,1200.0
/arctic-matrix/constraint-472438.smt2,sat,2.330902099609375
/arctic-matrix/constraint-1317511.smt2,sat,190.17232084274292
/arctic-matrix/constraint-1065256.smt2,failed,1200.0
/arctic-matrix/constraint-481231.smt2,sat,90.34301996231079
/arctic-matrix/constraint-943653.smt2,failed,1200.0
/arctic-matrix/constraint-916576.smt2,sat,355.897
/arctic-matrix/constraint-394244.smt2,sat,3.6628472805023193
/arctic-matrix/constraint-804609.smt2,failed,1200.0
/arctic-matrix/constraint-2050620.smt2,failed,1200.0
/arctic-matrix/constraint-336780.smt2,sat,0.7586822509765625
/arctic-matrix/constraint-1000539.smt2,sat,288.1426639556885
/arctic-matrix/constraint-440125.smt2,sat,105.227
/arctic-matrix/constraint-3784100.smt2,sat,16.6240017414093
/arctic-matrix/constraint-2069156.smt2,sat,44.89057397842407
/arctic-matrix/constraint-605010.smt2,sat,152.39925265312195
/arctic-matrix/constraint-391798.smt2,sat,120.18406534194946
/arctic-matrix/constraint-765743.smt2,failed,1200.0
/arctic-matrix/constraint-1727138.smt2,sat,681.9033961296082
/arctic-matrix/constraint-526410.smt2,sat,23.087770462036133
/arctic-matrix/constraint-2094073.smt2,failed,1200.0
/arctic-matrix/constraint-3187060.smt2,failed,1200.0
/arctic-matrix/constraint-569261.smt2,failed,1200.0
/arctic-matrix/constraint-1551672.smt2,sat,644.0023725032806
/arctic-matrix/constraint-379665.smt2,sat,1062.923
/arctic-matrix/constraint-985518.smt2,failed,1200.0
/arctic-matrix/constraint-904583.smt2,failed,1200.0
/arctic-matrix/constraint-1121941.smt2,sat,113.097
/arctic-matrix/constraint-1545063.smt2,failed,1200.0
/arctic-matrix/constraint-1657774.smt2,failed,1200.0
/arctic-matrix/constraint-968440.smt2,failed,1200.0
/arctic-matrix/constraint-357303.smt2,sat,154.3232159614563
/arctic-matrix/constraint-901628.smt2,sat,220.20201635360718
/arctic-matrix/constraint-408585.smt2,sat,39.62214493751526
/arctic-matrix/constraint-1122096.smt2,sat,13.595924139022827
/arctic-matrix/constraint-1199432.smt2,failed,1200.0
/arctic-matrix/constraint-1472027.smt2,sat,569.4122018814087
/nec-smt/med/getoption_group/prp-25-41.smt2,sat,243.665
/nec-smt/med/getoption_group/prp-26-41.smt2,sat,243.485
/nec-smt/med/config_read_line/prp-0-49.smt2,unsat,6.056376934051514
/nec-smt/med/config_read_line/prp-0-48.smt2,unsat,5.310530185699463
/nec-smt/med/config_read_line/prp-2-46.smt2,unsat,3.2443788051605225
/nec-smt/med/config_read_line/prp-4-48.smt2,unsat,4.0560925006866455
/nec-smt/med/config_read_line/prp-1-48.smt2,sat,13.373
/nec-smt/med/config_read_line/prp-0-50.smt2,unsat,14.613
/nec-smt/med/config_read_line/prp-1-35.smt2,sat,2.0905020236968994
/nec-smt/med/config_read_line/prp-5-46.smt2,unsat,11.472
/nec-smt/med/config_read_line/prp-0-47.smt2,unsat,10.504
/nec-smt/med/config_read_line/prp-3-49.smt2,sat,14.715
/nec-smt/med/config_read_line/prp-1-44.smt2,sat,13.386
/nec-smt/med/config_read_line/prp-2-47.smt2,unsat,16.567
/nec-smt/med/config_read_line/prp-4-49.smt2,unsat,3.7105400562286377
/nec-smt/med/config_read_line/prp-3-46.smt2,sat,19.731
/nec-smt/med/config_read_line/prp-4-46.smt2,unsat,3.272110939025879
/nec-smt/med/config_read_line/prp-2-50.smt2,unsat,2.6965627670288086
/nec-smt/med/config_read_line/prp-3-37.smt2,sat,3.246476411819458
/nec-smt/med/config_read_line/prp-5-49.smt2,unsat,16.877
/nec-smt/med/config_read_line/prp-2-49.smt2,unsat,1.9720547199249268
/nec-smt/med/config_read_line/prp-5-47.smt2,unsat,14.872
/nec-smt/med/config_read_line/prp-4-47.smt2,unsat,10.077
/nec-smt/med/config_read_line/prp-0-46.smt2,unsat,10.05
/nec-smt/med/config_read_line/prp-2-48.smt2,unsat,2.1862845420837402
/nec-smt/med/config_read_line/prp-3-45.smt2,sat,13.329
/nec-smt/med/config_read_line/prp-3-50.smt2,sat,10.119047403335571
/nec-smt/med/config_read_line/prp-5-50.smt2,unsat,14.566
/nec-smt/med/config_read_line/prp-5-48.smt2,unsat,11.996
/nec-smt/med/config_read_line/prp-4-50.smt2,unsat,5.333138704299927
/nec-smt/med/int_from_list/prp-23-35.smt2,unsat,49.830228328704834
/nec-smt/med/int_from_list/prp-29-30.smt2,unsat,11.774
/nec-smt/med/int_from_list/prp-38-32.smt2,unsat,48.303
/nec-smt/med/int_from_list/prp-9-28.smt2,unsat,2.0117757320404053
/nec-smt/med/int_from_list/prp-32-36.smt2,sat,216.956
/nec-smt/med/int_from_list/prp-33-37.smt2,unsat,113.559
/nec-smt/med/int_from_list/prp-6-26.smt2,unsat,1.0719969272613525
/nec-smt/med/int_from_list/prp-22-29.smt2,unsat,12.953
/nec-smt/med/int_from_list/prp-14-32.smt2,sat,15.973285436630249
/nec-smt/med/int_from_list/prp-27-39.smt2,unsat,15.658970594406128
/nec-smt/med/int_from_list/prp-42-39.smt2,unsat,183.07531690597534
/nec-smt/med/int_from_list/prp-10-31.smt2,unsat,20.385
/nec-smt/med/int_from_list/prp-16-25.smt2,unsat,1.7785944938659668
/nec-smt/med/int_from_list/prp-27-38.smt2,unsat,149.743
/nec-smt/med/int_from_list/prp-10-27.smt2,unsat,4.870091676712036
/nec-smt/med/int_from_list/prp-24-39.smt2,unsat,123.65
/nec-smt/med/int_from_list/prp-41-37.smt2,unsat,125.976
/nec-smt/med/int_from_list/prp-14-33.smt2,unsat,31.161749839782715
/nec-smt/med/int_from_list/prp-29-28.smt2,unsat,7.378268241882324
/nec-smt/med/int_from_list/prp-30-31.smt2,unsat,15.072
/nec-smt/med/int_from_list/prp-10-28.smt2,sat,26.342
/nec-smt/med/int_from_list/prp-18-24.smt2,unsat,1.9654648303985596
/nec-smt/med/int_from_list/prp-9-25.smt2,unsat,1.0856919288635254
/nec-smt/med/int_from_list/prp-24-40.smt2,unsat,113.466
/nec-smt/med/int_from_list/prp-13-30.smt2,unsat,18.249
/nec-smt/med/int_from_list/prp-39-35.smt2,unsat,118.438
/nec-smt/med/int_from_list/prp-18-26.smt2,unsat,1.6943504810333252
/nec-smt/med/int_from_list/prp-9-26.smt2,unsat,1.3402831554412842
/nec-smt/med/int_from_list/prp-32-38.smt2,unsat,109.91487884521484
/nec-smt/med/int_from_list/prp-15-36.smt2,unsat,109.974
/nec-smt/med/int_from_list/prp-33-40.smt2,unsat,203.245
/nec-smt/med/int_from_list/prp-9-24.smt2,unsat,0.8074932098388672
/nec-smt/med/int_from_list/prp-39-36.smt2,sat,149.089
/nec-smt/med/int_from_list/prp-27-40.smt2,unsat,167.54727339744568
/nec-smt/med/int_from_list/prp-38-33.smt2,unsat,19.335700273513794
/nec-smt/med/int_from_list/prp-23-34.smt2,unsat,46.820847511291504
/nec-smt/med/int_from_list/prp-6-25.smt2,unsat,1.5977447032928467
/nec-smt/med/int_from_list/prp-19-29.smt2,unsat,11.697298526763916
/nec-smt/med/int_from_list/prp-33-39.smt2,unsat,185.43515706062317
/nec-smt/med/int_from_list/prp-10-29.smt2,unsat,15.6
/nec-smt/med/int_from_list/prp-6-24.smt2,sat,1.251983404159546
/nec-smt/med/int_from_list/prp-19-28.smt2,sat,14.001
/nec-smt/med/int_from_list/prp-31-34.smt2,unsat,11.06
/nec-smt/med/int_from_list/prp-15-35.smt2,unsat,32.536978006362915
/nec-smt/med/int_from_list/prp-13-31.smt2,unsat,22.962
/nec-smt/med/int_from_list/prp-25-36.smt2,unsat,102.145
/nec-smt/med/int_from_list/prp-38-35.smt2,unsat,13.33858346939087
/nec-smt/med/int_from_list/prp-30-32.smt2,sat,10.979452848434448
/nec-smt/med/int_from_list/prp-19-26.smt2,unsat,4.161304950714111
/nec-smt/med/int_from_list/prp-21-37.smt2,unsat,140.991
/nec-smt/med/int_from_list/prp-13-29.smt2,unsat,1.8728559017181396
/nec-smt/med/int_from_list/prp-23-33.smt2,unsat,39.123148918151855
/nec-smt/med/int_from_list/prp-31-33.smt2,unsat,3.8797290325164795
/nec-smt/med/int_from_list/prp-41-40.smt2,unsat,116.037362575531
/nec-smt/med/int_from_list/prp-28-29.smt2,unsat,12.602
/nec-smt/med/int_from_list/prp-29-31.smt2,unsat,8.880632877349854
/nec-smt/med/int_from_list/prp-39-37.smt2,unsat,133.352
/nec-smt/med/int_from_list/prp-14-36.smt2,unsat,188.993
/nec-smt/med/int_from_list/prp-26-39.smt2,unsat,218.12819838523865
/nec-smt/med/int_from_list/prp-9-27.smt2,unsat,1.9483022689819336
/nec-smt/med/int_from_list/prp-31-35.smt2,unsat,4.557783842086792
/nec-smt/med/int_from_list/prp-30-34.smt2,unsat,16.86435604095459
/nec-smt/med/int_from_list/prp-21-39.smt2,unsat,240.193
/nec-smt/med/int_from_list/prp-23-31.smt2,unsat,20.933330297470093
/nec-smt/med/int_from_list/prp-41-39.smt2,unsat,140.917
/nec-smt/med/int_from_list/prp-22-30.smt2,unsat,17.895
/nec-smt/med/int_from_list/prp-25-35.smt2,unsat,32.281261920928955
/nec-smt/med/int_from_list/prp-25-37.smt2,unsat,164.053
/nec-smt/med/int_from_list/prp-22-28.smt2,unsat,13.448
/nec-smt/med/int_from_list/prp-15-37.smt2,unsat,34.66859006881714
/nec-smt/med/int_from_list/prp-19-30.smt2,unsat,22.222
/nec-smt/med/int_from_list/prp-26-40.smt2,unsat,361.509
/nec-smt/med/int_from_list/prp-30-33.smt2,unsat,23.483
/nec-smt/med/int_from_list/prp-26-36.smt2,sat,44.80369830131531
/nec-smt/med/int_from_list/prp-18-25.smt2,unsat,1.4291086196899414
/nec-smt/med/int_from_list/prp-32-35.smt2,unsat,132.074
/nec-smt/med/int_from_list/prp-33-38.smt2,unsat,158.015
/nec-smt/med/int_from_list/prp-39-34.smt2,unsat,154.29797077178955
/nec-smt/med/int_from_list/prp-15-34.smt2,unsat,18.918655157089233
/nec-smt/med/int_from_list/prp-21-38.smt2,unsat,127.08879566192627
/nec-smt/med/int_from_list/prp-31-36.smt2,unsat,31.696
/nec-smt/med/int_from_list/prp-26-38.smt2,unsat,206.71546530723572
/nec-smt/med/int_from_list/prp-14-34.smt2,unsat,118.473
/nec-smt/med/int_from_list/prp-25-34.smt2,unsat,25.091100215911865
/nec-smt/med/int_from_list/prp-41-38.smt2,unsat,45.99191474914551
/nec-smt/med/int_from_list/prp-15-38.smt2,unsat,216.19
/nec-smt/med/int_from_list/prp-31-32.smt2,unsat,11.61888599395752
/nec-smt/med/int_from_list/prp-18-27.smt2,unsat,2.394890308380127
/nec-smt/med/int_from_list/prp-28-27.smt2,unsat,8.015651226043701
/nec-smt/med/int_from_list/prp-42-40.smt2,sat,135.9853754043579
/nec-smt/med/int_from_list/prp-19-27.smt2,unsat,10.673
/nec-smt/med/int_from_list/prp-41-36.smt2,unsat,22.85162115097046
/nec-smt/med/int_from_list/prp-22-32.smt2,unsat,17.21
/nec-smt/med/int_from_list/prp-38-34.smt2,unsat,12.900805473327637
/nec-smt/med/int_from_list/prp-30-30.smt2,unsat,21.436538457870483
/nec-smt/med/int_from_list/prp-32-39.smt2,unsat,208.45058703422546
/nec-smt/med/int_from_list/prp-22-31.smt2,unsat,16.479
/nec-smt/med/int_from_list/prp-10-30.smt2,unsat,7.60391640663147
/nec-smt/med/int_from_list/prp-36-31.smt2,unsat,31.761
/nec-smt/med/int_from_list/prp-32-37.smt2,unsat,134.582
/nec-smt/med/int_from_list/prp-39-38.smt2,unsat,156.936
/nec-smt/med/int_from_list/prp-14-35.smt2,unsat,41.66396403312683
/nec-smt/med/int_from_list/prp-36-33.smt2,unsat,36.393
/nec-smt/med/int_from_list/prp-21-40.smt2,unsat,133.047
/nec-smt/med/int_from_list/prp-23-32.smt2,sat,24.55840539932251
/nec-smt/med/int_from_list/prp-13-32.smt2,unsat,4.935852766036987
/nec-smt/med/int_from_list/prp-25-33.smt2,unsat,6.2602880001068115
/nec-smt/med/int_from_list/prp-34-40.smt2,sat,281.617
/nec-smt/med/int_from_list/prp-13-33.smt2,unsat,20.606
/nec-smt/med/int_from_list/prp-26-37.smt2,unsat,89.726
/nec-smt/med/int_from_list/prp-29-29.smt2,unsat,18.403
/nec-smt/med/mygetpwnam/prp-0-45.smt2,sat,70.09
/nec-smt/med/mygetpwnam/prp-1-46.smt2,sat,343.821
/nec-smt/med/checkpass_pwd/prp-17-30.smt2,sat,112.941
/nec-smt/med/checkpass_pwd/prp-20-33.smt2,sat,252.363
/nec-smt/med/checkpass_pwd/prp-3-26.smt2,sat,32.621
/nec-smt/med/checkpass_pwd/prp-7-28.smt2,sat,51.55168867111206
/nec-smt/med/checkpass_pwd/prp-14-27.smt2,unsat,37.602
/nec-smt/med/checkpass_pwd/prp-10-22.smt2,sat,7.162307024002075
/nec-smt/med/checkpass_pwd/prp-32-33.smt2,unsat,316.332
/nec-smt/med/checkpass_pwd/prp-4-20.smt2,sat,1.912076473236084
/nec-smt/med/checkpass_pwd/prp-17-31.smt2,sat,112.102
/nec-smt/med/checkpass_pwd/prp-4-23.smt2,sat,13.787
/nec-smt/med/checkpass_pwd/prp-21-28.smt2,sat,171.494
/nec-smt/med/checkpass_pwd/prp-7-24.smt2,sat,14.913
/nec-smt/med/checkpass_pwd/prp-8-19.smt2,sat,1.1129677295684814
/nec-smt/med/checkpass_pwd/prp-25-31.smt2,sat,160.947
/nec-smt/med/checkpass_pwd/prp-28-30.smt2,unsat,123.305
/nec-smt/med/checkpass_pwd/prp-2-27.smt2,sat,26.74
/nec-smt/med/checkpass_pwd/prp-28-31.smt2,unsat,159.738
/nec-smt/med/checkpass_pwd/prp-5-19.smt2,sat,0.6659715175628662
/nec-smt/med/checkpass_pwd/prp-8-30.smt2,sat,106.94309616088867
/nec-smt/med/checkpass_pwd/prp-4-27.smt2,sat,21.818714141845703
/nec-smt/med/checkpass_pwd/prp-8-27.smt2,sat,35.628124952316284
/nec-smt/med/checkpass_pwd/prp-22-29.smt2,unsat,114.75421380996704
/nec-smt/med/checkpass_pwd/prp-11-25.smt2,sat,18.60958433151245
/nec-smt/med/checkpass_pwd/prp-15-33.smt2,sat,339.75
/nec-smt/med/checkpass_pwd/prp-9-20.smt2,sat,1.7115061283111572
/nec-smt/med/checkpass_pwd/prp-14-32.smt2,sat,253.966
/nec-smt/med/checkpass_pwd/prp-25-30.smt2,sat,118.791
/nec-smt/med/checkpass_pwd/prp-0-19.smt2,sat,0.992781400680542
/nec-smt/med/checkpass_pwd/prp-6-28.smt2,sat,37.14223670959473
/nec-smt/med/checkpass_pwd/prp-10-31.smt2,sat,128.096
/nec-smt/med/checkpass_pwd/prp-8-29.smt2,sat,56.647
/nec-smt/med/checkpass_pwd/prp-20-29.smt2,unsat,45.459
/nec-smt/med/checkpass_pwd/prp-3-27.smt2,unsat,36.6149468421936
/nec-smt/med/checkpass_pwd/prp-15-28.smt2,sat,110.67
/nec-smt/med/checkpass_pwd/prp-9-30.smt2,unsat,75.792
/nec-smt/med/checkpass_pwd/prp-0-25.smt2,unsat,17.05110454559326
/nec-smt/med/checkpass_pwd/prp-5-33.smt2,sat,319.726224899292
/nec-smt/med/checkpass_pwd/prp-11-30.smt2,sat,124.704
/nec-smt/med/checkpass_pwd/prp-14-33.smt2,sat,251.622
/nec-smt/med/checkpass_pwd/prp-8-32.smt2,sat,236.228
/nec-smt/med/checkpass_pwd/prp-8-31.smt2,sat,127.83064699172974
/nec-smt/med/checkpass_pwd/prp-33-33.smt2,sat,317.904
/nec-smt/med/checkpass_pwd/prp-27-32.smt2,unsat,173.73
/nec-smt/med/checkpass_pwd/prp-29-32.smt2,unsat,343.107
/nec-smt/med/checkpass_pwd/prp-21-30.smt2,sat,112.37561821937561
/nec-smt/med/checkpass_pwd/prp-4-33.smt2,sat,153.53560423851013
/nec-smt/med/checkpass_pwd/prp-20-31.smt2,sat,162.257
/nec-smt/med/checkpass_pwd/prp-8-20.smt2,unsat,1.773714542388916
/nec-smt/med/checkpass_pwd/prp-30-31.smt2,unsat,193.841
/nec-smt/med/checkpass_pwd/prp-2-28.smt2,unsat,30.142
/nec-smt/med/checkpass_pwd/prp-26-32.smt2,sat,165.2845118045807
/nec-smt/med/checkpass_pwd/prp-12-24.smt2,sat,15.047
/nec-smt/med/checkpass_pwd/prp-27-33.smt2,sat,230.828
/nec-smt/med/checkpass_pwd/prp-24-31.smt2,sat,201.235
/nec-smt/med/checkpass_pwd/prp-5-21.smt2,sat,2.113764762878418
/nec-smt/med/checkpass_pwd/prp-8-21.smt2,sat,2.9007070064544678
/nec-smt/med/checkpass_pwd/prp-0-26.smt2,sat,11.746618270874023
/nec-smt/med/checkpass_pwd/prp-10-26.smt2,sat,27.658822298049927
/nec-smt/med/checkpass_pwd/prp-17-28.smt2,sat,53.643797159194946
/nec-smt/med/checkpass_pwd/prp-5-27.smt2,sat,29.941309452056885
/nec-smt/med/checkpass_pwd/prp-13-26.smt2,sat,23.9562931060791
/nec-smt/med/checkpass_pwd/prp-13-30.smt2,sat,100.674
/nec-smt/med/checkpass_pwd/prp-3-29.smt2,unsat,86.42339253425598
/nec-smt/med/checkpass_pwd/prp-9-22.smt2,sat,4.426376104354858
/nec-smt/med/checkpass_pwd/prp-6-32.smt2,sat,130.935
/nec-smt/med/checkpass_pwd/prp-28-32.smt2,unsat,172.847
/nec-smt/med/checkpass_pwd/prp-33-32.smt2,unsat,201.976
/nec-smt/med/checkpass_pwd/prp-34-33.smt2,unsat,318.374
/nec-smt/med/checkpass_pwd/prp-5-22.smt2,sat,3.5435166358947754
/nec-smt/med/checkpass_pwd/prp-7-25.smt2,sat,19.926
/nec-smt/med/checkpass_pwd/prp-19-32.smt2,sat,168.75
/nec-smt/med/checkpass_pwd/prp-21-32.smt2,sat,197.93027544021606
/nec-smt/med/checkpass_pwd/prp-4-19.smt2,sat,0.9184436798095703
/nec-smt/med/checkpass_pwd/prp-4-29.smt2,sat,47.86
/nec-smt/med/checkpass_pwd/prp-18-29.smt2,sat,57.102
/nec-smt/med/checkpass_pwd/prp-4-32.smt2,sat,136.97
/nec-smt/med/checkpass_pwd/prp-2-25.smt2,sat,15.683
/nec-smt/med/checkpass_pwd/prp-16-29.smt2,sat,50.60770630836487
/nec-smt/med/checkpass_pwd/prp-27-30.smt2,unsat,171.492
/nec-smt/med/checkpass_pwd/prp-3-24.smt2,sat,19.669879913330078
/nec-smt/med/checkpass_pwd/prp-24-32.smt2,unsat,112.5784752368927
/nec-smt/med/checkpass_pwd/prp-22-33.smt2,sat,328.709
/nec-smt/med/checkpass_pwd/prp-7-33.smt2,sat,160.058
/nec-smt/med/checkpass_pwd/prp-8-25.smt2,sat,13.683
/nec-smt/med/checkpass_pwd/prp-19-31.smt2,sat,103.088
/nec-smt/med/checkpass_pwd/prp-7-19.smt2,sat,1.0954689979553223
/nec-smt/med/checkpass_pwd/prp-24-29.smt2,unsat,101.81
/nec-smt/med/checkpass_pwd/prp-6-25.smt2,sat,17.772
/nec-smt/med/checkpass_pwd/prp-2-20.smt2,sat,2.5108110904693604
/nec-smt/med/checkpass_pwd/prp-4-22.smt2,sat,3.5487611293792725
/nec-smt/med/checkpass_pwd/prp-19-29.smt2,unsat,56.16537547111511
/nec-smt/med/checkpass_pwd/prp-26-30.smt2,sat,180.85
/nec-smt/med/checkpass_pwd/prp-16-30.smt2,sat,67.18928456306458
/nec-smt/med/checkpass_pwd/prp-10-29.smt2,sat,101.39773297309875
/nec-smt/med/checkpass_pwd/prp-23-29.smt2,sat,138.295
/nec-smt/med/checkpass_pwd/prp-19-28.smt2,sat,42.587
/nec-smt/med/checkpass_pwd/prp-18-30.smt2,sat,104.16091775894165
/nec-smt/med/checkpass_pwd/prp-1-24.smt2,unsat,13.274484395980835
/nec-smt/med/checkpass_pwd/prp-8-24.smt2,sat,12.797741651535034
/nec-smt/med/checkpass_pwd/prp-14-31.smt2,sat,141.007
/nec-smt/med/checkpass_pwd/prp-27-31.smt2,unsat,196.087
/nec-smt/med/checkpass_pwd/prp-10-32.smt2,unsat,160.907
/nec-smt/med/checkpass_pwd/prp-7-27.smt2,unsat,28.818
/nec-smt/med/checkpass_pwd/prp-10-24.smt2,sat,14.404
/nec-smt/med/checkpass_pwd/prp-13-31.smt2,sat,120.609
/nec-smt/med/checkpass_pwd/prp-11-32.smt2,sat,104.46
/nec-smt/med/checkpass_pwd/prp-30-32.smt2,sat,141.619
/nec-smt/med/checkpass_pwd/prp-20-28.smt2,sat,113.658
/nec-smt/med/checkpass_pwd/prp-8-26.smt2,sat,25.74343180656433
/nec-smt/med/checkpass_pwd/prp-13-29.smt2,sat,124.378
/nec-smt/med/checkpass_pwd/prp-16-32.smt2,sat,190.925
/nec-smt/med/checkpass_pwd/prp-10-33.smt2,sat,217.937
/nec-smt/med/checkpass_pwd/prp-23-33.smt2,sat,307.977
/nec-smt/med/checkpass_pwd/prp-3-19.smt2,sat,1.9279828071594238
/nec-smt/med/checkpass_pwd/prp-2-26.smt2,unsat,19.211
/nec-smt/med/checkpass_pwd/prp-32-32.smt2,unsat,374.49750566482544
/nec-smt/med/checkpass_pwd/prp-29-31.smt2,unsat,248.30029582977295
/nec-smt/med/checkpass_pwd/prp-1-25.smt2,sat,15.155
/nec-smt/med/checkpass_pwd/prp-14-29.smt2,unsat,85.583
/nec-smt/med/checkpass_pwd/prp-5-28.smt2,sat,41.59395790100098
/nec-smt/med/checkpass_pwd/prp-18-33.smt2,sat,191.844
/nec-smt/med/checkpass_pwd/prp-29-33.smt2,sat,260.222
/nec-smt/med/checkpass_pwd/prp-16-33.smt2,sat,242.785
/nec-smt/med/checkpass_pwd/prp-6-29.smt2,sat,32.129477739334106
/nec-smt/med/checkpass_pwd/prp-6-20.smt2,sat,1.3405981063842773
/nec-smt/med/checkpass_pwd/prp-9-27.smt2,sat,17.02151608467102
/nec-smt/med/checkpass_pwd/prp-14-25.smt2,unsat,12.969781160354614
/nec-smt/med/checkpass_pwd/prp-20-30.smt2,sat,116.5328905582428
/nec-smt/med/checkpass_pwd/prp-7-32.smt2,sat,210.506
/nec-smt/med/checkpass_pwd/prp-20-32.smt2,sat,251.206
/nec-smt/med/checkpass_pwd/prp-6-21.smt2,sat,1.683556318283081
/nec-smt/med/checkpass_pwd/prp-2-29.smt2,sat,78.463
/nec-smt/med/checkpass_pwd/prp-0-22.smt2,sat,3.1641860008239746
/nec-smt/med/checkpass_pwd/prp-5-29.smt2,sat,64.96415829658508
/nec-smt/med/checkpass_pwd/prp-9-31.smt2,sat,120.286
/nec-smt/med/checkpass_pwd/prp-15-26.smt2,sat,14.739248037338257
/nec-smt/med/checkpass_pwd/prp-23-31.smt2,sat,133.01
/nec-smt/med/checkpass_pwd/prp-8-22.smt2,sat,5.696589469909668
/nec-smt/med/checkpass_pwd/prp-13-24.smt2,unsat,20.149
/nec-smt/med/checkpass_pwd/prp-22-30.smt2,unsat,102.672
/nec-smt/med/checkpass_pwd/prp-14-26.smt2,unsat,36.46433877944946
/nec-smt/med/checkpass_pwd/prp-18-28.smt2,sat,44.01989436149597
/nec-smt/med/checkpass_pwd/prp-22-28.smt2,unsat,82.808
/nec-smt/med/checkpass_pwd/prp-19-30.smt2,sat,127.168
/nec-smt/med/checkpass_pwd/prp-5-31.smt2,sat,203.248
/nec-smt/med/checkpass_pwd/prp-30-33.smt2,sat,254.218
/nec-smt/med/checkpass_pwd/prp-24-30.smt2,unsat,81.323
/nec-smt/med/checkpass_pwd/prp-7-30.smt2,sat,50.75008773803711
/nec-smt/med/checkpass_pwd/prp-4-28.smt2,sat,33.636470794677734
/nec-smt/med/checkpass_pwd/prp-12-31.smt2,sat,119.151
/nec-smt/med/checkpass_pwd/prp-2-23.smt2,sat,10.03
/nec-smt/med/checkpass_pwd/prp-17-26.smt2,sat,47.333378076553345
/nec-smt/med/checkpass_pwd/prp-1-21.smt2,sat,1.6136784553527832
/nec-smt/med/checkpass_pwd/prp-8-23.smt2,sat,16.747
/nec-smt/med/checkpass_pwd/prp-8-33.smt2,sat,294.531
/nec-smt/med/checkpass_pwd/prp-5-30.smt2,sat,70.25107717514038
/nec-smt/med/checkpass_pwd/prp-26-33.smt2,sat,236.864
/nec-smt/med/checkpass_pwd/prp-17-33.smt2,sat,225.403
/nec-smt/med/checkpass_pwd/prp-13-27.smt2,sat,36.16120481491089
/nec-smt/med/checkpass_pwd/prp-11-33.smt2,unsat,149.818
/nec-smt/med/checkpass_pwd/prp-5-24.smt2,sat,11.374086618423462
/nec-smt/med/checkpass_pwd/prp-14-30.smt2,sat,112.769
/nec-smt/med/checkpass_pwd/prp-31-32.smt2,sat,171.30385565757751
/nec-smt/med/checkpass_pwd/prp-12-29.smt2,sat,43.014
/nec-smt/med/checkpass_pwd/prp-18-27.smt2,unsat,59.362
/nec-smt/med/checkpass_pwd/prp-3-28.smt2,sat,34.85560846328735
/nec-smt/med/checkpass_pwd/prp-3-21.smt2,sat,3.574735164642334
/nec-smt/med/checkpass_pwd/prp-24-33.smt2,sat,232.111
/nec-smt/med/checkpass_pwd/prp-4-31.smt2,sat,119.368
/nec-smt/med/checkpass_pwd/prp-12-27.smt2,sat,15.596346616744995
/nec-smt/med/checkpass_pwd/prp-19-27.smt2,unsat,65.901
/nec-smt/med/checkpass_pwd/prp-8-28.smt2,sat,42.22158908843994
/nec-smt/med/checkpass_pwd/prp-0-23.smt2,sat,4.470858812332153
/nec-smt/med/checkpass_pwd/prp-22-32.smt2,unsat,189.618
/nec-smt/med/checkpass_pwd/prp-7-26.smt2,sat,20.387564420700073
/nec-smt/med/checkpass_pwd/prp-18-31.smt2,sat,183.18851685523987
/nec-smt/med/checkpass_pwd/prp-12-26.smt2,sat,20.865495920181274
/nec-smt/med/checkpass_pwd/prp-5-25.smt2,sat,14.72900938987732
/nec-smt/med/checkpass_pwd/prp-7-21.smt2,sat,2.4942991733551025
/nec-smt/med/checkpass_pwd/prp-22-31.smt2,sat,112.22
/nec-smt/med/checkpass_pwd/prp-18-32.smt2,sat,167.678
/nec-smt/med/checkpass_pwd/prp-13-28.smt2,sat,37.10484266281128
/nec-smt/med/checkpass_pwd/prp-5-26.smt2,sat,24.198440313339233
/nec-smt/med/checkpass_pwd/prp-11-23.smt2,sat,14.574178218841553
/nec-smt/med/checkpass_pwd/prp-13-25.smt2,sat,21.173
/nec-smt/med/checkpass_pwd/prp-16-31.smt2,sat,128.195
/nec-smt/med/checkpass_pwd/prp-7-23.smt2,sat,12.287
/nec-smt/med/checkpass_pwd/prp-7-29.smt2,sat,61.232
/nec-smt/med/checkpass_pwd/prp-4-26.smt2,sat,15.322265863418579
/nec-smt/med/checkpass_pwd/prp-6-31.smt2,unsat,169.39
/nec-smt/med/checkpass_pwd/prp-20-27.smt2,unsat,58.386
/nec-smt/med/checkpass_pwd/prp-16-26.smt2,sat,29.757
/nec-smt/med/checkpass_pwd/prp-3-30.smt2,sat,139.357
/nec-smt/med/checkpass_pwd/prp-5-20.smt2,sat,1.8367321491241455
/nec-smt/med/checkpass_pwd/prp-7-31.smt2,sat,151.611
/nec-smt/med/checkpass_pwd/prp-5-32.smt2,sat,153.35649609565735
/nec-smt/med/checkpass_pwd/prp-14-28.smt2,sat,50.172
/nec-smt/med/checkpass_pwd/prp-19-33.smt2,sat,329.758731842041
/nec-smt/med/checkpass_pwd/prp-28-33.smt2,sat,193.513
/nec-smt/med/checkpass_pwd/prp-4-21.smt2,sat,1.9098753929138184
/nec-smt/med/checkpass_pwd/prp-13-32.smt2,sat,186.4054982662201
/nec-smt/med/checkpass_pwd/prp-25-32.smt2,sat,205.881
/nec-smt/med/checkpass_pwd/prp-25-33.smt2,sat,233.39
/nec-smt/med/checkpass_pwd/prp-11-27.smt2,sat,47.44847536087036
/nec-smt/med/checkpass_pwd/prp-6-23.smt2,sat,14.135
/nec-smt/med/checkpass_pwd/prp-17-32.smt2,sat,163.875
/nec-smt/med/checkpass_pwd/prp-13-33.smt2,sat,214.392
/nec-smt/med/checkpass_pwd/prp-16-28.smt2,sat,42.13594675064087
/nec-smt/med/checkpass_pwd/prp-4-30.smt2,sat,102.482
/nec-smt/med/checkpass_pwd/prp-17-29.smt2,sat,114.30460667610168
/nec-smt/med/checkpass_pwd/prp-4-24.smt2,sat,6.038
/nec-smt/med/checkpass_pwd/prp-7-22.smt2,sat,4.510361194610596
/nec-smt/med/checkpass_pwd/prp-7-20.smt2,unsat,2.298288106918335
/nec-smt/med/checkpass_pwd/prp-5-23.smt2,sat,14.586
/nec-smt/med/checkpass_pwd/prp-25-29.smt2,unsat,104.039
/nec-smt/med/print_file/prp-0-49.smt2,sat,0.9108426570892334
/nec-smt/med/print_file/prp-1-49.smt2,sat,1.0494613647460938
/nec-smt/med/print_file/prp-0-48.smt2,sat,0.6440303325653076
/nec-smt/med/print_file/prp-1-48.smt2,sat,0.8414425849914551
/nec-smt/med/print_file/prp-0-50.smt2,sat,1.1795101165771484
/nec-smt/med/print_file/prp-1-50.smt2,sat,0.8744518756866455
/nec-smt/small/config_read_line/prp-1-22.smt2,sat,0.1948385238647461
/nec-smt/small/config_read_line/prp-1-31.smt2,sat,1.2255520820617676
/nec-smt/small/int_from_list/prp-3-18.smt2,unsat,0.05650973320007324
/nec-smt/small/int_from_list/prp-5-21.smt2,unsat,0.32184743881225586
/nec-smt/small/int_from_list/prp-16-23.smt2,unsat,1.0885250568389893
/nec-smt/small/int_from_list/prp-2-19.smt2,unsat,0.08406925201416016
/nec-smt/small/int_from_list/prp-5-22.smt2,unsat,0.37981176376342773
/nec-smt/small/int_from_list/prp-4-19.smt2,unsat,0.13314533233642578
/nec-smt/small/int_from_list/prp-2-17.smt2,unsat,0.04409289360046387
/nec-smt/small/int_from_list/prp-6-22.smt2,unsat,0.5347890853881836
/nec-smt/small/int_from_list/prp-3-19.smt2,unsat,0.07739520072937012
/nec-smt/small/int_from_list/prp-3-20.smt2,unsat,0.07376289367675781
/nec-smt/small/int_from_list/prp-3-21.smt2,unsat,0.1806042194366455
/nec-smt/small/int_from_list/prp-5-20.smt2,unsat,0.20484614372253418
/nec-smt/small/int_from_list/prp-4-21.smt2,unsat,0.3304917812347412
/nec-smt/small/int_from_list/prp-6-23.smt2,unsat,0.86602783203125
/nec-smt/small/int_from_list/prp-5-23.smt2,unsat,0.46658945083618164
/nec-smt/small/checkpass_pwd/prp-1-16.smt2,sat,0.40453600883483887
/nec-smt/small/checkpass_pwd/prp-6-18.smt2,sat,0.6605758666992188
/nec-smt/small/checkpass_pwd/prp-4-17.smt2,sat,0.2498321533203125
/nec-smt/small/checkpass_pwd/prp-0-12.smt2,sat,0.11377882957458496
/nec-smt/small/checkpass_pwd/prp-2-18.smt2,sat,0.8734073638916016
/nec-smt/small/checkpass_pwd/prp-3-17.smt2,sat,0.9794237613677979
/nec-smt/small/checkpass_pwd/prp-0-14.smt2,sat,0.19336342811584473
/nec-smt/small/checkpass_pwd/prp-0-15.smt2,sat,0.1831200122833252
/nec-smt/small/checkpass_pwd/prp-1-14.smt2,sat,0.2846040725708008
/nec-smt/small/checkpass_pwd/prp-7-18.smt2,unsat,0.7628879547119141
/nec-smt/small/checkpass_pwd/prp-8-18.smt2,unsat,0.7853138446807861
/nec-smt/small/checkpass_pwd/prp-2-16.smt2,sat,0.4314749240875244
/nec-smt/small/checkpass_pwd/prp-5-17.smt2,sat,0.2819981575012207
/nec-smt/small/checkpass_pwd/prp-0-17.smt2,sat,0.4878101348876953
/nec-smt/small/print_file/prp-0-47.smt2,sat,0.66339111328125
/nec-smt/small/print_file/prp-1-46.smt2,sat,0.8478653430938721
/nec-smt/small/print_file/prp-0-46.smt2,sat,0.7614641189575195
/nec-smt/small/print_file/prp-1-47.smt2,sat,0.8503761291503906
/nec-smt/large/getoption_directories/prp-11-48.smt2,failed,1200.0
/nec-smt/large/getoption_directories/prp-13-47.smt2,unsat,323.145
/nec-smt/large/getoption_directories/prp-10-46.smt2,unsat,1121.0
/nec-smt/large/getoption_directories/prp-1-110.smt2,failed,1200.0
/nec-smt/large/getoption_directories/prp-7-50.smt2,failed,1200.0
/nec-smt/large/getoption_directories/prp-13-48.smt2,unsat,648.737
/nec-smt/large/getoption_directories/prp-9-47.smt2,failed,1200.0
/nec-smt/large/getoption_directories/prp-12-46.smt2,unsat,822.333
/nec-smt/large/getoption_directories/prp-9-49.smt2,failed,1200.0
/nec-smt/large/getoption_directories/prp-6-49.smt2,failed,1200.0
/nec-smt/large/getoption_directories/prp-4-111.smt2,failed,1200.0
/nec-smt/large/getoption_directories/prp-13-50.smt2,unsat,1183.909
/nec-smt/large/getoption_directories/prp-11-46.smt2,unsat,1065.0661053657532
/nec-smt/large/getoption_directories/prp-4-110.smt2,failed,1200.0
/nec-smt/large/getoption_directories/prp-1-109.smt2,failed,1200.0
/nec-smt/large/getoption_directories/prp-11-50.smt2,failed,1200.0
/nec-smt/large/getoption_directories/prp-2-111.smt2,failed,1200.0
/nec-smt/large/getoption_directories/prp-5-46.smt2,failed,1200.0
/nec-smt/large/getoption_directories/prp-0-113.smt2,failed,1200.0
/nec-smt/large/getoption_directories/prp-8-47.smt2,failed,1200.0
/nec-smt/large/getoption_directories/prp-13-49.smt2,unsat,722.058
/nec-smt/large/getoption_directories/prp-6-50.smt2,failed,1200.0
/nec-smt/large/getoption_directories/prp-3-113.smt2,failed,1200.0
/nec-smt/large/getoption_directories/prp-13-46.smt2,unsat,910.551
/nec-smt/large/getoption_directories/prp-8-50.smt2,failed,1200.0
/nec-smt/large/getoption_directories/prp-6-48.smt2,failed,1200.0
/nec-smt/large/getoption_directories/prp-9-46.smt2,failed,1200.0
/nec-smt/large/getoption_directories/prp-7-48.smt2,failed,1200.0
/nec-smt/large/getoption_directories/prp-7-49.smt2,failed,1200.0
/nec-smt/large/getoption_directories/prp-1-112.smt2,failed,1200.0
/nec-smt/large/getoption_directories/prp-9-48.smt2,failed,1200.0
/nec-smt/large/getoption_directories/prp-0-110.smt2,failed,1200.0
/nec-smt/large/getoption_directories/prp-11-47.smt2,failed,1200.0
/nec-smt/large/getoption_directories/prp-2-110.smt2,failed,1200.0
/nec-smt/large/getoption_directories/prp-3-112.smt2,failed,1200.0
/nec-smt/large/getoption_directories/prp-12-47.smt2,failed,1200.0
/nec-smt/large/getoption_directories/prp-5-49.smt2,failed,1200.0
/nec-smt/large/getoption_directories/prp-12-48.smt2,unsat,1154.456
/nec-smt/large/getoption_directories/prp-7-47.smt2,failed,1200.0
/nec-smt/large/getoption_directories/prp-5-47.smt2,failed,1200.0
/nec-smt/large/getoption_directories/prp-10-48.smt2,failed,1200.0
/nec-smt/large/getoption_directories/prp-8-48.smt2,failed,1200.0
/nec-smt/large/getoption_directories/prp-2-112.smt2,failed,1200.0
/nec-smt/large/getoption_directories/prp-4-112.smt2,failed,1200.0
/nec-smt/large/getoption_directories/prp-0-111.smt2,failed,1200.0
/nec-smt/large/getoption_directories/prp-3-111.smt2,failed,1200.0
/nec-smt/large/getoption_directories/prp-12-50.smt2,failed,1200.0
/nec-smt/large/getoption_directories/prp-8-46.smt2,failed,1200.0
/nec-smt/large/getoption_directories/prp-10-47.smt2,unsat,1190.932
/nec-smt/large/getoption_directories/prp-6-47.smt2,failed,1200.0
/nec-smt/large/getoption_directories/prp-10-50.smt2,failed,1200.0
/nec-smt/large/getoption_directories/prp-4-113.smt2,failed,1200.0
/nec-smt/large/getoption_directories/prp-7-46.smt2,unsat,1028.3818626403809
/nec-smt/large/getoption_directories/prp-10-49.smt2,failed,1200.0
/nec-smt/large/getoption_directories/prp-12-49.smt2,failed,1200.0
/nec-smt/large/getoption_directories/prp-2-113.smt2,failed,1200.0
/nec-smt/large/getoption_directories/prp-9-50.smt2,failed,1200.0
/nec-smt/large/getoption_directories/prp-6-46.smt2,unsat,1025.313
/nec-smt/large/getoption_directories/prp-11-49.smt2,failed,1200.0
/nec-smt/large/getoption_directories/prp-5-50.smt2,failed,1200.0
/nec-smt/large/getoption_directories/prp-3-110.smt2,failed,1200.0
/nec-smt/large/getoption_directories/prp-1-111.smt2,failed,1200.0
/nec-smt/large/getoption_directories/prp-5-48.smt2,failed,1200.0
/nec-smt/large/getoption_directories/prp-0-112.smt2,failed,1200.0
/nec-smt/large/getoption_directories/prp-8-49.smt2,failed,1200.0
/nec-smt/large/handler_sigchld/prp-3-48.smt2,unsat,144.723
/nec-smt/large/handler_sigchld/prp-16-50.smt2,unsat,356.513375043869
/nec-smt/large/handler_sigchld/prp-11-48.smt2,unsat,122.75431776046753
/nec-smt/large/handler_sigchld/prp-0-49.smt2,unsat,274.8177046775818
/nec-smt/large/handler_sigchld/prp-1-49.smt2,unsat,132.08816599845886
/nec-smt/large/handler_sigchld/prp-13-47.smt2,unsat,312.382
/nec-smt/large/handler_sigchld/prp-10-46.smt2,unsat,106.87880325317383
/nec-smt/large/handler_sigchld/prp-25-48.smt2,unsat,157.79950547218323
/nec-smt/large/handler_sigchld/prp-7-50.smt2,unsat,506.439
/nec-smt/large/handler_sigchld/prp-0-48.smt2,unsat,461.772
/nec-smt/large/handler_sigchld/prp-13-48.smt2,unsat,125.33048439025879
/nec-smt/large/handler_sigchld/prp-25-49.smt2,unsat,111.45356035232544
/nec-smt/large/handler_sigchld/prp-25-46.smt2,unsat,377.731
/nec-smt/large/handler_sigchld/prp-22-50.smt2,unsat,114.7544355392456
/nec-smt/large/handler_sigchld/prp-9-47.smt2,sat,179.8927984237671
/nec-smt/large/handler_sigchld/prp-15-49.smt2,unsat,585.203
/nec-smt/large/handler_sigchld/prp-12-46.smt2,sat,219.626
/nec-smt/large/handler_sigchld/prp-9-49.smt2,unsat,219.666
/nec-smt/large/handler_sigchld/prp-6-49.smt2,unsat,405.204
/nec-smt/large/handler_sigchld/prp-20-48.smt2,unsat,520.058
/nec-smt/large/handler_sigchld/prp-2-46.smt2,sat,484.052
/nec-smt/large/handler_sigchld/prp-4-48.smt2,unsat,177.81465244293213
/nec-smt/large/handler_sigchld/prp-18-50.smt2,unsat,651.7389121055603
/nec-smt/large/handler_sigchld/prp-1-48.smt2,unsat,447.001
/nec-smt/large/handler_sigchld/prp-23-47.smt2,unsat,101.88406348228455
/nec-smt/large/handler_sigchld/prp-17-50.smt2,unsat,206.15599060058594
/nec-smt/large/handler_sigchld/prp-23-48.smt2,unsat,122.06319212913513
/nec-smt/large/handler_sigchld/prp-0-50.smt2,unsat,258.4280700683594
/nec-smt/large/handler_sigchld/prp-15-46.smt2,unsat,322.441
/nec-smt/large/handler_sigchld/prp-13-50.smt2,unsat,300.68611907958984
/nec-smt/large/handler_sigchld/prp-20-49.smt2,unsat,225.32713651657104
/nec-smt/large/handler_sigchld/prp-11-46.smt2,unsat,117.48
/nec-smt/large/handler_sigchld/prp-20-46.smt2,unsat,169.9
/nec-smt/large/handler_sigchld/prp-18-49.smt2,unsat,101.03260803222656
/nec-smt/large/handler_sigchld/prp-11-50.smt2,unsat,314.28
/nec-smt/large/handler_sigchld/prp-19-47.smt2,unsat,265.76
/nec-smt/large/handler_sigchld/prp-15-48.smt2,unsat,107.89472246170044
/nec-smt/large/handler_sigchld/prp-5-46.smt2,unsat,155.922
/nec-smt/large/handler_sigchld/prp-16-47.smt2,unsat,232.014
/nec-smt/large/handler_sigchld/prp-8-47.smt2,sat,101.67295289039612
/nec-smt/large/handler_sigchld/prp-0-47.smt2,unsat,124.32696056365967
/nec-smt/large/handler_sigchld/prp-13-49.smt2,unsat,143.67474460601807
/nec-smt/large/handler_sigchld/prp-6-50.smt2,unsat,700.804
/nec-smt/large/handler_sigchld/prp-13-46.smt2,unsat,236.986
/nec-smt/large/handler_sigchld/prp-22-46.smt2,unsat,148.972
/nec-smt/large/handler_sigchld/prp-18-48.smt2,unsat,103.42187929153442
/nec-smt/large/handler_sigchld/prp-18-47.smt2,unsat,339.726
/nec-smt/large/handler_sigchld/prp-19-46.smt2,unsat,25.74170207977295
/nec-smt/large/handler_sigchld/prp-15-50.smt2,unsat,311.6893413066864
/nec-smt/large/handler_sigchld/prp-23-50.smt2,unsat,182.64130306243896
/nec-smt/large/handler_sigchld/prp-3-49.smt2,unsat,205.676
/nec-smt/large/handler_sigchld/prp-8-50.smt2,sat,299.1687731742859
/nec-smt/large/handler_sigchld/prp-14-46.smt2,unsat,28.221907377243042
/nec-smt/large/handler_sigchld/prp-21-48.smt2,unsat,459.975
/nec-smt/large/handler_sigchld/prp-6-48.smt2,unsat,433.66
/nec-smt/large/handler_sigchld/prp-2-47.smt2,sat,462.783
/nec-smt/large/handler_sigchld/prp-9-46.smt2,sat,266.154
/nec-smt/large/handler_sigchld/prp-4-49.smt2,unsat,264.3737289905548
/nec-smt/large/handler_sigchld/prp-3-46.smt2,unsat,136.706
/nec-smt/large/handler_sigchld/prp-7-48.smt2,unsat,535.099
/nec-smt/large/handler_sigchld/prp-7-49.smt2,unsat,463.86
/nec-smt/large/handler_sigchld/prp-4-46.smt2,unsat,218.295
/nec-smt/large/handler_sigchld/prp-2-50.smt2,sat,313.54332995414734
/nec-smt/large/handler_sigchld/prp-9-48.smt2,sat,101.6616542339325
/nec-smt/large/handler_sigchld/prp-21-50.smt2,unsat,652.559
/nec-smt/large/handler_sigchld/prp-11-47.smt2,unsat,262.627
/nec-smt/large/handler_sigchld/prp-24-47.smt2,unsat,141.089
/nec-smt/large/handler_sigchld/prp-19-49.smt2,unsat,371.493
/nec-smt/large/handler_sigchld/prp-16-49.smt2,unsat,159.61016154289246
/nec-smt/large/handler_sigchld/prp-14-50.smt2,unsat,454.025
/nec-smt/large/handler_sigchld/prp-12-47.smt2,sat,541.849
/nec-smt/large/handler_sigchld/prp-20-47.smt2,unsat,280.647
/nec-smt/large/handler_sigchld/prp-24-50.smt2,unsat,191.3471918106079
/nec-smt/large/handler_sigchld/prp-5-49.smt2,unsat,39.17023062705994
/nec-smt/large/handler_sigchld/prp-12-48.smt2,unsat,160.0410087108612
/nec-smt/large/handler_sigchld/prp-7-47.smt2,unsat,242.339
/nec-smt/large/handler_sigchld/prp-23-49.smt2,unsat,164.3261365890503
/nec-smt/large/handler_sigchld/prp-23-46.smt2,unsat,250.191
/nec-smt/large/handler_sigchld/prp-2-49.smt2,unsat,177.5188503265381
/nec-smt/large/handler_sigchld/prp-24-48.smt2,unsat,426.343
/nec-smt/large/handler_sigchld/prp-5-47.smt2,unsat,226.278
/nec-smt/large/handler_sigchld/prp-1-50.smt2,unsat,263.25636315345764
/nec-smt/large/handler_sigchld/prp-10-48.smt2,unsat,198.69245719909668
/nec-smt/large/handler_sigchld/prp-25-47.smt2,unsat,441.192
/nec-smt/large/handler_sigchld/prp-21-49.smt2,unsat,143.70825695991516
/nec-smt/large/handler_sigchld/prp-16-46.smt2,unsat,365.741
/nec-smt/large/handler_sigchld/prp-8-48.smt2,unsat,198.41974091529846
/nec-smt/large/handler_sigchld/prp-19-50.smt2,unsat,111.24941372871399
/nec-smt/large/handler_sigchld/prp-1-46.smt2,unsat,315.675
/nec-smt/large/handler_sigchld/prp-21-47.smt2,unsat,288.267
/nec-smt/large/handler_sigchld/prp-19-48.smt2,unsat,541.598
/nec-smt/large/handler_sigchld/prp-16-48.smt2,unsat,171.89465069770813
/nec-smt/large/handler_sigchld/prp-18-46.smt2,unsat,179.905
/nec-smt/large/handler_sigchld/prp-4-47.smt2,unsat,450.522
/nec-smt/large/handler_sigchld/prp-0-46.smt2,unsat,274.23
/nec-smt/large/handler_sigchld/prp-24-49.smt2,unsat,124.49872517585754
/nec-smt/large/handler_sigchld/prp-24-46.smt2,unsat,168.183
/nec-smt/large/handler_sigchld/prp-14-47.smt2,unsat,347.021
/nec-smt/large/handler_sigchld/prp-12-50.smt2,unsat,221.5031852722168
/nec-smt/large/handler_sigchld/prp-2-48.smt2,unsat,103.12402701377869
/nec-smt/large/handler_sigchld/prp-17-47.smt2,unsat,394.719
/nec-smt/large/handler_sigchld/prp-8-46.smt2,sat,103.71673226356506
/nec-smt/large/handler_sigchld/prp-10-47.smt2,unsat,103.2424066066742
/nec-smt/large/handler_sigchld/prp-22-48.smt2,unsat,284.133
/nec-smt/large/handler_sigchld/prp-6-47.smt2,unsat,374.716
/nec-smt/large/handler_sigchld/prp-22-47.smt2,unsat,135.61
/nec-smt/large/handler_sigchld/prp-17-46.smt2,unsat,182.457
/nec-smt/large/handler_sigchld/prp-10-50.smt2,sat,229.116436958313
/nec-smt/large/handler_sigchld/prp-3-47.smt2,unsat,32.66884708404541
/nec-smt/large/handler_sigchld/prp-7-46.smt2,unsat,239.014
/nec-smt/large/handler_sigchld/prp-14-48.smt2,unsat,620.126
/nec-smt/large/handler_sigchld/prp-17-48.smt2,unsat,464.688
/nec-smt/large/handler_sigchld/prp-10-49.smt2,sat,101.48538112640381
/nec-smt/large/handler_sigchld/prp-1-47.smt2,unsat,200.989
/nec-smt/large/handler_sigchld/prp-12-49.smt2,unsat,140.12388467788696
/nec-smt/large/handler_sigchld/prp-17-49.smt2,unsat,587.963
/nec-smt/large/handler_sigchld/prp-15-47.smt2,unsat,306.93
/nec-smt/large/handler_sigchld/prp-21-46.smt2,unsat,337.958
/nec-smt/large/handler_sigchld/prp-9-50.smt2,sat,328.3405318260193
/nec-smt/large/handler_sigchld/prp-6-46.smt2,unsat,240.323
/nec-smt/large/handler_sigchld/prp-25-50.smt2,unsat,173.19723200798035
/nec-smt/large/handler_sigchld/prp-11-49.smt2,unsat,491.555
/nec-smt/large/handler_sigchld/prp-3-50.smt2,unsat,101.923
/nec-smt/large/handler_sigchld/prp-14-49.smt2,unsat,461.753
/nec-smt/large/handler_sigchld/prp-22-49.smt2,unsat,391.122
/nec-smt/large/handler_sigchld/prp-5-50.smt2,unsat,296.039
/nec-smt/large/handler_sigchld/prp-20-50.smt2,unsat,305.5761561393738
/nec-smt/large/handler_sigchld/prp-5-48.smt2,unsat,284.55
/nec-smt/large/handler_sigchld/prp-4-50.smt2,unsat,269.5558087825775
/nec-smt/large/handler_sigchld/prp-8-49.smt2,sat,226.68274068832397
/nec-smt/large/getoption_group/prp-58-48.smt2,failed,1200.0
/nec-smt/large/getoption_group/prp-61-49.smt2,failed,1200.0
/nec-smt/large/getoption_group/prp-3-48.smt2,failed,1200.0
/nec-smt/large/getoption_group/prp-16-50.smt2,failed,1200.0
/nec-smt/large/getoption_group/prp-58-50.smt2,failed,1200.0
/nec-smt/large/getoption_group/prp-11-48.smt2,failed,1200.0
/nec-smt/large/getoption_group/prp-0-49.smt2,unsat,859.849
/nec-smt/large/getoption_group/prp-1-49.smt2,failed,1200.0
/nec-smt/large/getoption_group/prp-61-46.smt2,unsat,1199.255
/nec-smt/large/getoption_group/prp-13-47.smt2,failed,1200.0
/nec-smt/large/getoption_group/prp-33-47.smt2,failed,1200.0
/nec-smt/large/getoption_group/prp-10-46.smt2,sat,1124.213
/nec-smt/large/getoption_group/prp-33-46.smt2,failed,1200.0
/nec-smt/large/getoption_group/prp-25-48.smt2,failed,1200.0
/nec-smt/large/getoption_group/prp-7-50.smt2,failed,1200.0
/nec-smt/large/getoption_group/prp-81-49.smt2,failed,1200.0
/nec-smt/large/getoption_group/prp-28-50.smt2,failed,1200.0
/nec-smt/large/getoption_group/prp-0-48.smt2,failed,1200.0
/nec-smt/large/getoption_group/prp-56-50.smt2,failed,1200.0
/nec-smt/large/getoption_group/prp-34-49.smt2,failed,1200.0
/nec-smt/large/getoption_group/prp-13-48.smt2,failed,1200.0
/nec-smt/large/getoption_group/prp-51-46.smt2,failed,1200.0
/nec-smt/large/getoption_group/prp-47-48.smt2,failed,1200.0
/nec-smt/large/getoption_group/prp-25-49.smt2,failed,1200.0
/nec-smt/large/getoption_group/prp-22-50.smt2,failed,1200.0
/nec-smt/large/getoption_group/prp-63-48.smt2,failed,1200.0
/nec-smt/large/getoption_group/prp-9-47.smt2,failed,1200.0
/nec-smt/large/getoption_group/prp-66-48.smt2,failed,1200.0
/nec-smt/large/getoption_group/prp-67-50.smt2,failed,1200.0
/nec-smt/large/getoption_group/prp-35-48.smt2,failed,1200.0
/nec-smt/large/getoption_group/prp-49-46.smt2,unsat,702.589
/nec-smt/large/getoption_group/prp-54-49.smt2,failed,1200.0
/nec-smt/large/getoption_group/prp-43-47.smt2,failed,1200.0
/nec-smt/large/getoption_group/prp-28-49.smt2,failed,1200.0
/nec-smt/large/getoption_group/prp-65-49.smt2,failed,1200.0
/nec-smt/large/getoption_group/prp-72-50.smt2,failed,1200.0
/nec-smt/large/getoption_group/prp-15-49.smt2,failed,1200.0
/nec-smt/large/getoption_group/prp-12-46.smt2,sat,764.407
/nec-smt/large/getoption_group/prp-9-49.smt2,failed,1200.0
/nec-smt/large/getoption_group/prp-74-48.smt2,failed,1200.0
/nec-smt/large/getoption_group/prp-6-49.smt2,failed,1200.0
/nec-smt/large/getoption_group/prp-33-48.smt2,failed,1200.0
/nec-smt/large/getoption_group/prp-60-47.smt2,failed,1200.0
/nec-smt/large/getoption_group/prp-60-49.smt2,failed,1200.0
/nec-smt/large/getoption_group/prp-46-50.smt2,failed,1200.0
/nec-smt/large/getoption_group/prp-59-47.smt2,failed,1200.0
/nec-smt/large/getoption_group/prp-71-50.smt2,failed,1200.0
/nec-smt/large/getoption_group/prp-20-48.smt2,failed,1200.0
/nec-smt/large/getoption_group/prp-30-49.smt2,failed,1200.0
/nec-smt/large/getoption_group/prp-2-46.smt2,failed,1200.0
/nec-smt/large/getoption_group/prp-62-48.smt2,failed,1200.0
/nec-smt/large/getoption_group/prp-4-48.smt2,failed,1200.0
/nec-smt/large/getoption_group/prp-70-49.smt2,failed,1200.0
/nec-smt/large/getoption_group/prp-36-48.smt2,failed,1200.0
/nec-smt/large/getoption_group/prp-42-49.smt2,failed,1200.0
/nec-smt/large/getoption_group/prp-56-46.smt2,failed,1200.0
/nec-smt/large/getoption_group/prp-59-50.smt2,failed,1200.0
/nec-smt/large/getoption_group/prp-78-50.smt2,failed,1200.0
/nec-smt/large/getoption_group/prp-34-45.smt2,failed,1200.0
/nec-smt/large/getoption_group/prp-49-47.smt2,failed,1200.0
/nec-smt/large/getoption_group/prp-18-50.smt2,failed,1200.0
/nec-smt/large/getoption_group/prp-31-49.smt2,failed,1200.0
/nec-smt/large/getoption_group/prp-1-48.smt2,failed,1200.0
/nec-smt/large/getoption_group/prp-23-47.smt2,failed,1200.0
/nec-smt/large/getoption_group/prp-63-50.smt2,failed,1200.0
/nec-smt/large/getoption_group/prp-17-50.smt2,failed,1200.0
/nec-smt/large/getoption_group/prp-38-49.smt2,failed,1200.0
/nec-smt/large/getoption_group/prp-39-50.smt2,failed,1200.0
/nec-smt/large/getoption_group/prp-23-48.smt2,failed,1200.0
/nec-smt/large/getoption_group/prp-52-47.smt2,unsat,921.722
/nec-smt/large/getoption_group/prp-29-48.smt2,failed,1200.0
/nec-smt/large/getoption_group/prp-61-47.smt2,failed,1200.0
/nec-smt/large/getoption_group/prp-0-50.smt2,failed,1200.0
/nec-smt/large/getoption_group/prp-15-46.smt2,failed,1200.0
/nec-smt/large/getoption_group/prp-30-50.smt2,failed,1200.0
/nec-smt/large/getoption_group/prp-13-50.smt2,failed,1200.0
/nec-smt/large/getoption_group/prp-20-49.smt2,failed,1200.0
/nec-smt/large/getoption_group/prp-11-46.smt2,failed,1200.0
/nec-smt/large/getoption_group/prp-20-46.smt2,failed,1200.0
/nec-smt/large/getoption_group/prp-31-50.smt2,failed,1200.0
/nec-smt/large/getoption_group/prp-18-49.smt2,failed,1200.0
/nec-smt/large/getoption_group/prp-60-46.smt2,failed,1200.0
/nec-smt/large/getoption_group/prp-11-50.smt2,failed,1200.0
/nec-smt/large/getoption_group/prp-28-43.smt2,sat,411.847
/nec-smt/large/getoption_group/prp-19-47.smt2,failed,1200.0
/nec-smt/large/getoption_group/prp-40-50.smt2,failed,1200.0
/nec-smt/large/getoption_group/prp-15-48.smt2,failed,1200.0
/nec-smt/large/getoption_group/prp-42-50.smt2,failed,1200.0
/nec-smt/large/getoption_group/prp-70-50.smt2,failed,1200.0
/nec-smt/large/getoption_group/prp-5-46.smt2,failed,1200.0
/nec-smt/large/getoption_group/prp-81-50.smt2,failed,1200.0
/nec-smt/large/getoption_group/prp-72-49.smt2,failed,1200.0
/nec-smt/large/getoption_group/prp-16-47.smt2,failed,1200.0
/nec-smt/large/getoption_group/prp-8-47.smt2,sat,1061.713
/nec-smt/large/getoption_group/prp-0-47.smt2,unsat,139.519
/nec-smt/large/getoption_group/prp-36-45.smt2,sat,780.217
/nec-smt/large/getoption_group/prp-43-46.smt2,failed,1200.0
/nec-smt/large/getoption_group/prp-74-49.smt2,failed,1200.0
/nec-smt/large/getoption_group/prp-79-50.smt2,failed,1200.0
/nec-smt/large/getoption_group/prp-13-49.smt2,failed,1200.0
/nec-smt/large/getoption_group/prp-6-50.smt2,failed,1200.0
/nec-smt/large/getoption_group/prp-46-46.smt2,failed,1200.0
/nec-smt/large/getoption_group/prp-46-49.smt2,failed,1200.0
/nec-smt/large/getoption_group/prp-50-48.smt2,failed,1200.0
/nec-smt/large/getoption_group/prp-52-50.smt2,failed,1200.0
/nec-smt/large/getoption_group/prp-55-50.smt2,failed,1200.0
/nec-smt/large/getoption_group/prp-13-46.smt2,failed,1200.0
/nec-smt/large/getoption_group/prp-55-48.smt2,failed,1200.0
/nec-smt/large/getoption_group/prp-22-46.smt2,failed,1200.0
/nec-smt/large/getoption_group/prp-43-48.smt2,failed,1200.0
/nec-smt/large/getoption_group/prp-67-47.smt2,failed,1200.0
/nec-smt/large/getoption_group/prp-48-48.smt2,failed,1200.0
/nec-smt/large/getoption_group/prp-80-50.smt2,failed,1200.0
/nec-smt/large/getoption_group/prp-18-48.smt2,failed,1200.0
/nec-smt/large/getoption_group/prp-66-50.smt2,failed,1200.0
/nec-smt/large/getoption_group/prp-18-47.smt2,failed,1200.0
/nec-smt/large/getoption_group/prp-44-47.smt2,failed,1200.0
/nec-smt/large/getoption_group/prp-62-50.smt2,failed,1200.0
/nec-smt/large/getoption_group/prp-19-46.smt2,failed,1200.0
/nec-smt/large/getoption_group/prp-40-47.smt2,failed,1200.0
/nec-smt/large/getoption_group/prp-15-50.smt2,failed,1200.0
/nec-smt/large/getoption_group/prp-23-50.smt2,failed,1200.0
/nec-smt/large/getoption_group/prp-39-48.smt2,failed,1200.0
/nec-smt/large/getoption_group/prp-3-49.smt2,failed,1200.0
/nec-smt/large/getoption_group/prp-54-46.smt2,failed,1200.0
/nec-smt/large/getoption_group/prp-53-48.smt2,failed,1200.0
/nec-smt/large/getoption_group/prp-8-50.smt2,failed,1200.0
/nec-smt/large/getoption_group/prp-14-46.smt2,failed,1200.0
/nec-smt/large/getoption_group/prp-59-49.smt2,failed,1200.0
/nec-smt/large/getoption_group/prp-21-48.smt2,failed,1200.0
/nec-smt/large/getoption_group/prp-26-50.smt2,failed,1200.0
/nec-smt/large/getoption_group/prp-52-46.smt2,failed,1200.0
/nec-smt/large/getoption_group/prp-65-50.smt2,failed,1200.0
/nec-smt/large/getoption_group/prp-29-43.smt2,sat,494.316
/nec-smt/large/getoption_group/prp-6-48.smt2,failed,1200.0
/nec-smt/large/getoption_group/prp-36-49.smt2,failed,1200.0
/nec-smt/large/getoption_group/prp-32-46.smt2,unsat,1040.995
/nec-smt/large/getoption_group/prp-40-46.smt2,failed,1200.0
/nec-smt/large/getoption_group/prp-37-48.smt2,failed,1200.0
/nec-smt/large/getoption_group/prp-2-47.smt2,failed,1200.0
/nec-smt/large/getoption_group/prp-9-46.smt2,failed,1200.0
/nec-smt/large/getoption_group/prp-51-47.smt2,failed,1200.0
/nec-smt/large/getoption_group/prp-56-47.smt2,unsat,1186.3188683986664
/nec-smt/large/getoption_group/prp-28-48.smt2,failed,1200.0
/nec-smt/large/getoption_group/prp-4-49.smt2,failed,1200.0
/nec-smt/large/getoption_group/prp-3-46.smt2,failed,1200.0
/nec-smt/large/getoption_group/prp-43-50.smt2,failed,1200.0
/nec-smt/large/getoption_group/prp-7-48.smt2,failed,1200.0
/nec-smt/large/getoption_group/prp-7-49.smt2,failed,1200.0
/nec-smt/large/getoption_group/prp-29-50.smt2,failed,1200.0
/nec-smt/large/getoption_group/prp-4-46.smt2,sat,758.537
/nec-smt/large/getoption_group/prp-37-50.smt2,failed,1200.0
/nec-smt/large/getoption_group/prp-38-50.smt2,failed,1200.0
/nec-smt/large/getoption_group/prp-54-50.smt2,failed,1200.0
/nec-smt/large/getoption_group/prp-36-47.smt2,failed,1200.0
/nec-smt/large/getoption_group/prp-2-50.smt2,failed,1200.0
/nec-smt/large/getoption_group/prp-71-49.smt2,failed,1200.0
/nec-smt/large/getoption_group/prp-9-48.smt2,failed,1200.0
/nec-smt/large/getoption_group/prp-44-46.smt2,failed,1200.0
/nec-smt/large/getoption_group/prp-35-49.smt2,failed,1200.0
/nec-smt/large/getoption_group/prp-48-50.smt2,failed,1200.0
/nec-smt/large/getoption_group/prp-30-46.smt2,failed,1200.0
/nec-smt/large/getoption_group/prp-53-46.smt2,failed,1200.0
/nec-smt/large/getoption_group/prp-42-47.smt2,failed,1200.0
/nec-smt/large/getoption_group/prp-26-49.smt2,failed,1200.0
/nec-smt/large/getoption_group/prp-68-49.smt2,failed,1200.0
/nec-smt/large/getoption_group/prp-64-47.smt2,failed,1200.0
/nec-smt/large/getoption_group/prp-41-46.smt2,unsat,1134.178
/nec-smt/large/getoption_group/prp-46-47.smt2,failed,1200.0
/nec-smt/large/getoption_group/prp-62-47.smt2,failed,1200.0
/nec-smt/large/getoption_group/prp-21-50.smt2,failed,1200.0
/nec-smt/large/getoption_group/prp-41-50.smt2,failed,1200.0
/nec-smt/large/getoption_group/prp-58-47.smt2,failed,1200.0
/nec-smt/large/getoption_group/prp-52-48.smt2,failed,1200.0
/nec-smt/large/getoption_group/prp-11-47.smt2,failed,1200.0
/nec-smt/large/getoption_group/prp-55-46.smt2,unsat,587.641
/nec-smt/large/getoption_group/prp-27-48.smt2,failed,1200.0
/nec-smt/large/getoption_group/prp-33-50.smt2,failed,1200.0
/nec-smt/large/getoption_group/prp-55-47.smt2,unsat,789.183
/nec-smt/large/getoption_group/prp-49-48.smt2,failed,1200.0
/nec-smt/large/getoption_group/prp-51-49.smt2,failed,1200.0
/nec-smt/large/getoption_group/prp-24-47.smt2,failed,1200.0
/nec-smt/large/getoption_group/prp-50-49.smt2,failed,1200.0
/nec-smt/large/getoption_group/prp-38-48.smt2,failed,1200.0
/nec-smt/large/getoption_group/prp-19-49.smt2,failed,1200.0
/nec-smt/large/getoption_group/prp-45-49.smt2,failed,1200.0
/nec-smt/large/getoption_group/prp-16-49.smt2,failed,1200.0
/nec-smt/large/getoption_group/prp-14-50.smt2,failed,1200.0
/nec-smt/large/getoption_group/prp-53-49.smt2,failed,1200.0
/nec-smt/large/getoption_group/prp-39-46.smt2,failed,1200.0
/nec-smt/large/getoption_group/prp-75-49.smt2,failed,1200.0
/nec-smt/large/getoption_group/prp-27-50.smt2,failed,1200.0
/nec-smt/large/getoption_group/prp-56-49.smt2,failed,1200.0
/nec-smt/large/getoption_group/prp-60-50.smt2,failed,1200.0
/nec-smt/large/getoption_group/prp-40-49.smt2,failed,1200.0
/nec-smt/large/getoption_group/prp-35-47.smt2,failed,1200.0
/nec-smt/large/getoption_group/prp-64-49.smt2,failed,1200.0
/nec-smt/large/getoption_group/prp-73-50.smt2,failed,1200.0
/nec-smt/large/getoption_group/prp-12-47.smt2,failed,1200.0
/nec-smt/large/getoption_group/prp-66-49.smt2,failed,1200.0
/nec-smt/large/getoption_group/prp-20-47.smt2,failed,1200.0
/nec-smt/large/getoption_group/prp-75-50.smt2,failed,1200.0
/nec-smt/large/getoption_group/prp-37-46.smt2,failed,1200.0
/nec-smt/large/getoption_group/prp-56-48.smt2,failed,1200.0
/nec-smt/large/getoption_group/prp-24-50.smt2,failed,1200.0
/nec-smt/large/getoption_group/prp-5-49.smt2,failed,1200.0
/nec-smt/large/getoption_group/prp-12-48.smt2,failed,1200.0
/nec-smt/large/getoption_group/prp-7-47.smt2,sat,831.12
/nec-smt/large/getoption_group/prp-31-47.smt2,failed,1200.0
/nec-smt/large/getoption_group/prp-23-49.smt2,failed,1200.0
/nec-smt/large/getoption_group/prp-63-49.smt2,failed,1200.0
/nec-smt/large/getoption_group/prp-42-46.smt2,failed,1200.0
/nec-smt/large/getoption_group/prp-34-46.smt2,failed,1200.0
/nec-smt/large/getoption_group/prp-30-48.smt2,failed,1200.0
/nec-smt/large/getoption_group/prp-46-48.smt2,failed,1200.0
/nec-smt/large/getoption_group/prp-23-46.smt2,failed,1200.0
/nec-smt/large/getoption_group/prp-51-50.smt2,failed,1200.0
/nec-smt/large/getoption_group/prp-27-46.smt2,failed,1200.0
/nec-smt/large/getoption_group/prp-50-46.smt2,failed,1200.0
/nec-smt/large/getoption_group/prp-2-49.smt2,failed,1200.0
/nec-smt/large/getoption_group/prp-24-48.smt2,failed,1200.0
/nec-smt/large/getoption_group/prp-5-47.smt2,failed,1200.0
/nec-smt/large/getoption_group/prp-75-48.smt2,failed,1200.0
/nec-smt/large/getoption_group/prp-1-50.smt2,failed,1200.0
/nec-smt/large/getoption_group/prp-55-49.smt2,failed,1200.0
/nec-smt/large/getoption_group/prp-68-50.smt2,failed,1200.0
/nec-smt/large/getoption_group/prp-10-48.smt2,failed,1200.0
/nec-smt/large/getoption_group/prp-25-47.smt2,failed,1200.0
/nec-smt/large/getoption_group/prp-21-49.smt2,failed,1200.0
/nec-smt/large/getoption_group/prp-32-50.smt2,failed,1200.0
/nec-smt/large/getoption_group/prp-67-48.smt2,failed,1200.0
/nec-smt/large/getoption_group/prp-16-46.smt2,failed,1200.0
/nec-smt/large/getoption_group/prp-8-48.smt2,failed,1200.0
/nec-smt/large/getoption_group/prp-57-47.smt2,failed,1200.0
/nec-smt/large/getoption_group/prp-19-50.smt2,failed,1200.0
/nec-smt/large/getoption_group/prp-1-46.smt2,failed,1200.0
/nec-smt/large/getoption_group/prp-21-47.smt2,failed,1200.0
/nec-smt/large/getoption_group/prp-47-50.smt2,failed,1200.0
/nec-smt/large/getoption_group/prp-69-50.smt2,failed,1200.0
/nec-smt/large/getoption_group/prp-19-48.smt2,failed,1200.0
/nec-smt/large/getoption_group/prp-41-48.smt2,failed,1200.0
/nec-smt/large/getoption_group/prp-38-47.smt2,failed,1200.0
/nec-smt/large/getoption_group/prp-63-47.smt2,failed,1200.0
/nec-smt/large/getoption_group/prp-26-48.smt2,failed,1200.0
/nec-smt/large/getoption_group/prp-37-47.smt2,failed,1200.0
/nec-smt/large/getoption_group/prp-39-49.smt2,failed,1200.0
/nec-smt/large/getoption_group/prp-16-48.smt2,failed,1200.0
/nec-smt/large/getoption_group/prp-64-50.smt2,failed,1200.0
/nec-smt/large/getoption_group/prp-47-46.smt2,failed,1200.0
/nec-smt/large/getoption_group/prp-37-49.smt2,failed,1200.0
/nec-smt/large/getoption_group/prp-35-46.smt2,failed,1200.0
/nec-smt/large/getoption_group/prp-18-46.smt2,failed,1200.0
/nec-smt/large/getoption_group/prp-76-50.smt2,failed,1200.0
/nec-smt/large/getoption_group/prp-4-47.smt2,sat,1080.638088464737
/nec-smt/large/getoption_group/prp-0-46.smt2,unsat,140.26
/nec-smt/large/getoption_group/prp-24-49.smt2,failed,1200.0
/nec-smt/large/getoption_group/prp-45-50.smt2,failed,1200.0
/nec-smt/large/getoption_group/prp-24-46.smt2,failed,1200.0
/nec-smt/large/getoption_group/prp-61-48.smt2,failed,1200.0
/nec-smt/large/getoption_group/prp-14-47.smt2,failed,1200.0
/nec-smt/large/getoption_group/prp-33-49.smt2,failed,1200.0
/nec-smt/large/getoption_group/prp-12-50.smt2,failed,1200.0
/nec-smt/large/getoption_group/prp-48-46.smt2,failed,1200.0
/nec-smt/large/getoption_group/prp-2-48.smt2,failed,1200.0
/nec-smt/large/getoption_group/prp-50-47.smt2,failed,1200.0
/nec-smt/large/getoption_group/prp-27-47.smt2,failed,1200.0
/nec-smt/large/getoption_group/prp-17-47.smt2,failed,1200.0
/nec-smt/large/getoption_group/prp-8-46.smt2,unsat,574.333
/nec-smt/large/getoption_group/prp-10-47.smt2,sat,1068.3531608581543
/nec-smt/large/getoption_group/prp-22-48.smt2,failed,1200.0
/nec-smt/large/getoption_group/prp-6-47.smt2,failed,1200.0
/nec-smt/large/getoption_group/prp-57-49.smt2,failed,1200.0
/nec-smt/large/getoption_group/prp-32-47.smt2,failed,1200.0
/nec-smt/large/getoption_group/prp-22-47.smt2,failed,1200.0
/nec-smt/large/getoption_group/prp-61-50.smt2,failed,1200.0
/nec-smt/large/getoption_group/prp-48-49.smt2,failed,1200.0
/nec-smt/large/getoption_group/prp-47-47.smt2,failed,1200.0
/nec-smt/large/getoption_group/prp-47-49.smt2,failed,1200.0
/nec-smt/large/getoption_group/prp-32-49.smt2,failed,1200.0
/nec-smt/large/getoption_group/prp-58-49.smt2,failed,1200.0
/nec-smt/large/getoption_group/prp-17-46.smt2,failed,1200.0
/nec-smt/large/getoption_group/prp-10-50.smt2,failed,1200.0
/nec-smt/large/getoption_group/prp-28-42.smt2,sat,280.139
/nec-smt/large/getoption_group/prp-58-46.smt2,unsat,565.151
/nec-smt/large/getoption_group/prp-41-47.smt2,failed,1200.0
/nec-smt/large/getoption_group/prp-65-48.smt2,failed,1200.0
/nec-smt/large/getoption_group/prp-49-49.smt2,failed,1200.0
/nec-smt/large/getoption_group/prp-3-47.smt2,failed,1200.0
/nec-smt/large/getoption_group/prp-7-46.smt2,sat,831.7078440189362
/nec-smt/large/getoption_group/prp-14-48.smt2,failed,1200.0
/nec-smt/large/getoption_group/prp-45-46.smt2,failed,1200.0
/nec-smt/large/getoption_group/prp-32-48.smt2,failed,1200.0
/nec-smt/large/getoption_group/prp-31-46.smt2,sat,657.66
/nec-smt/large/getoption_group/prp-54-47.smt2,failed,1200.0
/nec-smt/large/getoption_group/prp-17-48.smt2,failed,1200.0
/nec-smt/large/getoption_group/prp-36-46.smt2,failed,1200.0
/nec-smt/large/getoption_group/prp-45-48.smt2,failed,1200.0
/nec-smt/large/getoption_group/prp-52-49.smt2,failed,1200.0
/nec-smt/large/getoption_group/prp-10-49.smt2,failed,1200.0
/nec-smt/large/getoption_group/prp-1-47.smt2,unsat,1115.913
/nec-smt/large/getoption_group/prp-12-49.smt2,failed,1200.0
/nec-smt/large/getoption_group/prp-57-46.smt2,failed,1200.0
/nec-smt/large/getoption_group/prp-51-48.smt2,failed,1200.0
/nec-smt/large/getoption_group/prp-50-50.smt2,failed,1200.0
/nec-smt/large/getoption_group/prp-74-50.smt2,failed,1200.0
/nec-smt/large/getoption_group/prp-77-50.smt2,failed,1200.0
/nec-smt/large/getoption_group/prp-35-50.smt2,failed,1200.0
/nec-smt/large/getoption_group/prp-17-49.smt2,failed,1200.0
/nec-smt/large/getoption_group/prp-41-49.smt2,failed,1200.0
/nec-smt/large/getoption_group/prp-44-50.smt2,failed,1200.0
/nec-smt/large/getoption_group/prp-34-47.smt2,failed,1200.0
/nec-smt/large/getoption_group/prp-62-49.smt2,failed,1200.0
/nec-smt/large/getoption_group/prp-42-48.smt2,failed,1200.0
/nec-smt/large/getoption_group/prp-15-47.smt2,failed,1200.0
/nec-smt/large/getoption_group/prp-53-50.smt2,failed,1200.0
/nec-smt/large/getoption_group/prp-38-46.smt2,unsat,1125.676
/nec-smt/large/getoption_group/prp-21-46.smt2,failed,1200.0
/nec-smt/large/getoption_group/prp-9-50.smt2,failed,1200.0
/nec-smt/large/getoption_group/prp-53-47.smt2,failed,1200.0
/nec-smt/large/getoption_group/prp-6-46.smt2,sat,1007.674
/nec-smt/large/getoption_group/prp-25-50.smt2,failed,1200.0
/nec-smt/large/getoption_group/prp-11-49.smt2,failed,1200.0
/nec-smt/large/getoption_group/prp-39-47.smt2,failed,1200.0
/nec-smt/large/getoption_group/prp-67-49.smt2,failed,1200.0
/nec-smt/large/getoption_group/prp-59-46.smt2,failed,1200.0
/nec-smt/large/getoption_group/prp-3-50.smt2,failed,1200.0
/nec-smt/large/getoption_group/prp-14-49.smt2,failed,1200.0
/nec-smt/large/getoption_group/prp-73-49.smt2,failed,1200.0
/nec-smt/large/getoption_group/prp-45-47.smt2,failed,1200.0
/nec-smt/large/getoption_group/prp-54-48.smt2,failed,1200.0
/nec-smt/large/getoption_group/prp-22-49.smt2,failed,1200.0
/nec-smt/large/getoption_group/prp-60-48.smt2,failed,1200.0
/nec-smt/large/getoption_group/prp-64-48.smt2,failed,1200.0
/nec-smt/large/getoption_group/prp-64-46.smt2,failed,1200.0
/nec-smt/large/getoption_group/prp-26-47.smt2,failed,1200.0
/nec-smt/large/getoption_group/prp-57-48.smt2,failed,1200.0
/nec-smt/large/getoption_group/prp-44-48.smt2,failed,1200.0
/nec-smt/large/getoption_group/prp-5-50.smt2,failed,1200.0
/nec-smt/large/getoption_group/prp-49-50.smt2,failed,1200.0
/nec-smt/large/getoption_group/prp-31-48.smt2,failed,1200.0
/nec-smt/large/getoption_group/prp-44-49.smt2,failed,1200.0
/nec-smt/large/getoption_group/prp-20-50.smt2,failed,1200.0
/nec-smt/large/getoption_group/prp-5-48.smt2,failed,1200.0
/nec-smt/large/getoption_group/prp-27-49.smt2,failed,1200.0
/nec-smt/large/getoption_group/prp-4-50.smt2,failed,1200.0
/nec-smt/large/getoption_group/prp-40-48.smt2,failed,1200.0
/nec-smt/large/getoption_group/prp-69-49.smt2,failed,1200.0
/nec-smt/large/getoption_group/prp-29-49.smt2,failed,1200.0
/nec-smt/large/getoption_group/prp-59-48.smt2,failed,1200.0
/nec-smt/large/getoption_group/prp-57-50.smt2,failed,1200.0
/nec-smt/large/getoption_group/prp-43-49.smt2,failed,1200.0
/nec-smt/large/getoption_group/prp-8-49.smt2,failed,1200.0
/nec-smt/large/getoption_group/prp-34-48.smt2,failed,1200.0
/nec-smt/large/getoption_group/prp-29-42.smt2,sat,333.717
/nec-smt/large/getoption_group/prp-30-47.smt2,failed,1200.0
/nec-smt/large/getoption_group/prp-48-47.smt2,failed,1200.0
/nec-smt/large/checkpass/prp-28-44.smt2,failed,1200.0
/nec-smt/large/checkpass/prp-3-48.smt2,failed,1200.0
/nec-smt/large/checkpass/prp-16-50.smt2,failed,1200.0
/nec-smt/large/checkpass/prp-58-50.smt2,failed,1200.0
/nec-smt/large/checkpass/prp-11-48.smt2,failed,1200.0
/nec-smt/large/checkpass/prp-1-49.smt2,failed,1200.0
/nec-smt/large/checkpass/prp-13-47.smt2,failed,1200.0
/nec-smt/large/checkpass/prp-33-47.smt2,failed,1200.0
/nec-smt/large/checkpass/prp-10-46.smt2,failed,1200.0
/nec-smt/large/checkpass/prp-33-46.smt2,failed,1200.0
/nec-smt/large/checkpass/prp-25-48.smt2,failed,1200.0
/nec-smt/large/checkpass/prp-7-50.smt2,failed,1200.0
/nec-smt/large/checkpass/prp-56-50.smt2,failed,1200.0
/nec-smt/large/checkpass/prp-34-49.smt2,failed,1200.0
/nec-smt/large/checkpass/prp-13-48.smt2,failed,1200.0
/nec-smt/large/checkpass/prp-25-49.smt2,failed,1200.0
/nec-smt/large/checkpass/prp-25-46.smt2,failed,1200.0
/nec-smt/large/checkpass/prp-22-50.smt2,failed,1200.0
/nec-smt/large/checkpass/prp-9-47.smt2,failed,1200.0
/nec-smt/large/checkpass/prp-35-48.smt2,failed,1200.0
/nec-smt/large/checkpass/prp-43-47.smt2,failed,1200.0
/nec-smt/large/checkpass/prp-28-49.smt2,failed,1200.0
/nec-smt/large/checkpass/prp-15-49.smt2,failed,1200.0
/nec-smt/large/checkpass/prp-12-46.smt2,failed,1200.0
/nec-smt/large/checkpass/prp-9-49.smt2,failed,1200.0
/nec-smt/large/checkpass/prp-6-49.smt2,failed,1200.0
/nec-smt/large/checkpass/prp-33-48.smt2,failed,1200.0
/nec-smt/large/checkpass/prp-46-50.smt2,failed,1200.0
/nec-smt/large/checkpass/prp-20-48.smt2,failed,1200.0
/nec-smt/large/checkpass/prp-30-49.smt2,failed,1200.0
/nec-smt/large/checkpass/prp-2-46.smt2,failed,1200.0
/nec-smt/large/checkpass/prp-4-48.smt2,failed,1200.0
/nec-smt/large/checkpass/prp-42-49.smt2,failed,1200.0
/nec-smt/large/checkpass/prp-18-50.smt2,failed,1200.0
/nec-smt/large/checkpass/prp-31-49.smt2,failed,1200.0
/nec-smt/large/checkpass/prp-1-48.smt2,failed,1200.0
/nec-smt/large/checkpass/prp-23-47.smt2,failed,1200.0
/nec-smt/large/checkpass/prp-63-50.smt2,failed,1200.0
/nec-smt/large/checkpass/prp-17-50.smt2,failed,1200.0
/nec-smt/large/checkpass/prp-38-49.smt2,failed,1200.0
/nec-smt/large/checkpass/prp-39-50.smt2,failed,1200.0
/nec-smt/large/checkpass/prp-23-48.smt2,failed,1200.0
/nec-smt/large/checkpass/prp-29-48.smt2,failed,1200.0
/nec-smt/large/checkpass/prp-15-46.smt2,failed,1200.0
/nec-smt/large/checkpass/prp-30-50.smt2,failed,1200.0
/nec-smt/large/checkpass/prp-13-50.smt2,failed,1200.0
/nec-smt/large/checkpass/prp-20-49.smt2,failed,1200.0
/nec-smt/large/checkpass/prp-11-46.smt2,failed,1200.0
/nec-smt/large/checkpass/prp-20-46.smt2,failed,1200.0
/nec-smt/large/checkpass/prp-31-50.smt2,failed,1200.0
/nec-smt/large/checkpass/prp-18-49.smt2,failed,1200.0
/nec-smt/large/checkpass/prp-11-50.smt2,failed,1200.0
/nec-smt/large/checkpass/prp-19-47.smt2,failed,1200.0
/nec-smt/large/checkpass/prp-40-50.smt2,failed,1200.0
/nec-smt/large/checkpass/prp-15-48.smt2,failed,1200.0
/nec-smt/large/checkpass/prp-42-50.smt2,failed,1200.0
/nec-smt/large/checkpass/prp-5-46.smt2,failed,1200.0
/nec-smt/large/checkpass/prp-16-47.smt2,failed,1200.0
/nec-smt/large/checkpass/prp-8-47.smt2,failed,1200.0
/nec-smt/large/checkpass/prp-36-45.smt2,unsat,1088.88
/nec-smt/large/checkpass/prp-29-46.smt2,failed,1200.0
/nec-smt/large/checkpass/prp-43-46.smt2,failed,1200.0
/nec-smt/large/checkpass/prp-13-49.smt2,failed,1200.0
/nec-smt/large/checkpass/prp-6-50.smt2,failed,1200.0
/nec-smt/large/checkpass/prp-46-49.smt2,failed,1200.0
/nec-smt/large/checkpass/prp-52-50.smt2,failed,1200.0
/nec-smt/large/checkpass/prp-55-50.smt2,failed,1200.0
/nec-smt/large/checkpass/prp-13-46.smt2,failed,1200.0
/nec-smt/large/checkpass/prp-22-46.smt2,failed,1200.0
/nec-smt/large/checkpass/prp-43-48.smt2,failed,1200.0
/nec-smt/large/checkpass/prp-18-48.smt2,failed,1200.0
/nec-smt/large/checkpass/prp-18-47.smt2,failed,1200.0
/nec-smt/large/checkpass/prp-44-47.smt2,failed,1200.0
/nec-smt/large/checkpass/prp-19-46.smt2,failed,1200.0
/nec-smt/large/checkpass/prp-40-47.smt2,failed,1200.0
/nec-smt/large/checkpass/prp-26-45.smt2,failed,1200.0
/nec-smt/large/checkpass/prp-15-50.smt2,failed,1200.0
/nec-smt/large/checkpass/prp-23-50.smt2,failed,1200.0
/nec-smt/large/checkpass/prp-39-48.smt2,failed,1200.0
/nec-smt/large/checkpass/prp-3-49.smt2,failed,1200.0
/nec-smt/large/checkpass/prp-8-50.smt2,failed,1200.0
/nec-smt/large/checkpass/prp-14-46.smt2,failed,1200.0
/nec-smt/large/checkpass/prp-21-48.smt2,failed,1200.0
/nec-smt/large/checkpass/prp-26-50.smt2,failed,1200.0
/nec-smt/large/checkpass/prp-6-48.smt2,failed,1200.0
/nec-smt/large/checkpass/prp-32-46.smt2,failed,1200.0
/nec-smt/large/checkpass/prp-33-45.smt2,failed,1200.0
/nec-smt/large/checkpass/prp-40-46.smt2,failed,1200.0
/nec-smt/large/checkpass/prp-37-48.smt2,failed,1200.0
/nec-smt/large/checkpass/prp-2-47.smt2,failed,1200.0
/nec-smt/large/checkpass/prp-9-46.smt2,failed,1200.0
/nec-smt/large/checkpass/prp-28-48.smt2,failed,1200.0
/nec-smt/large/checkpass/prp-4-49.smt2,failed,1200.0
/nec-smt/large/checkpass/prp-3-46.smt2,failed,1200.0
/nec-smt/large/checkpass/prp-43-50.smt2,failed,1200.0
/nec-smt/large/checkpass/prp-7-48.smt2,failed,1200.0
/nec-smt/large/checkpass/prp-7-49.smt2,failed,1200.0
/nec-smt/large/checkpass/prp-29-50.smt2,failed,1200.0
/nec-smt/large/checkpass/prp-4-46.smt2,failed,1200.0
/nec-smt/large/checkpass/prp-37-50.smt2,failed,1200.0
/nec-smt/large/checkpass/prp-38-50.smt2,failed,1200.0
/nec-smt/large/checkpass/prp-54-50.smt2,failed,1200.0
/nec-smt/large/checkpass/prp-36-47.smt2,failed,1200.0
/nec-smt/large/checkpass/prp-2-50.smt2,failed,1200.0
/nec-smt/large/checkpass/prp-9-48.smt2,failed,1200.0
/nec-smt/large/checkpass/prp-44-46.smt2,failed,1200.0
/nec-smt/large/checkpass/prp-35-49.smt2,failed,1200.0
/nec-smt/large/checkpass/prp-48-50.smt2,failed,1200.0
/nec-smt/large/checkpass/prp-30-46.smt2,failed,1200.0
/nec-smt/large/checkpass/prp-42-47.smt2,failed,1200.0
/nec-smt/large/checkpass/prp-41-46.smt2,failed,1200.0
/nec-smt/large/checkpass/prp-21-50.smt2,failed,1200.0
/nec-smt/large/checkpass/prp-11-47.smt2,failed,1200.0
/nec-smt/large/checkpass/prp-27-48.smt2,failed,1200.0
/nec-smt/large/checkpass/prp-33-50.smt2,failed,1200.0
/nec-smt/large/checkpass/prp-24-47.smt2,failed,1200.0
/nec-smt/large/checkpass/prp-50-49.smt2,failed,1200.0
/nec-smt/large/checkpass/prp-38-48.smt2,failed,1200.0
/nec-smt/large/checkpass/prp-19-49.smt2,failed,1200.0
/nec-smt/large/checkpass/prp-45-49.smt2,failed,1200.0
/nec-smt/large/checkpass/prp-16-49.smt2,failed,1200.0
/nec-smt/large/checkpass/prp-14-50.smt2,failed,1200.0
/nec-smt/large/checkpass/prp-39-46.smt2,failed,1200.0
/nec-smt/large/checkpass/prp-27-50.smt2,failed,1200.0
/nec-smt/large/checkpass/prp-40-49.smt2,failed,1200.0
/nec-smt/large/checkpass/prp-35-47.smt2,failed,1200.0
/nec-smt/large/checkpass/prp-12-47.smt2,failed,1200.0
/nec-smt/large/checkpass/prp-20-47.smt2,failed,1200.0
/nec-smt/large/checkpass/prp-37-46.smt2,failed,1200.0
/nec-smt/large/checkpass/prp-34-50.smt2,failed,1200.0
/nec-smt/large/checkpass/prp-24-50.smt2,failed,1200.0
/nec-smt/large/checkpass/prp-5-49.smt2,failed,1200.0
/nec-smt/large/checkpass/prp-12-48.smt2,failed,1200.0
/nec-smt/large/checkpass/prp-7-47.smt2,failed,1200.0
/nec-smt/large/checkpass/prp-31-47.smt2,failed,1200.0
/nec-smt/large/checkpass/prp-23-49.smt2,failed,1200.0
/nec-smt/large/checkpass/prp-42-46.smt2,failed,1200.0
/nec-smt/large/checkpass/prp-34-46.smt2,unsat,977.436
/nec-smt/large/checkpass/prp-30-48.smt2,failed,1200.0
/nec-smt/large/checkpass/prp-46-48.smt2,failed,1200.0
/nec-smt/large/checkpass/prp-23-46.smt2,failed,1200.0
/nec-smt/large/checkpass/prp-51-50.smt2,failed,1200.0
/nec-smt/large/checkpass/prp-27-46.smt2,failed,1200.0
/nec-smt/large/checkpass/prp-2-49.smt2,failed,1200.0
/nec-smt/large/checkpass/prp-24-48.smt2,failed,1200.0
/nec-smt/large/checkpass/prp-5-47.smt2,failed,1200.0
/nec-smt/large/checkpass/prp-26-43.smt2,sat,883.1
/nec-smt/large/checkpass/prp-1-50.smt2,failed,1200.0
/nec-smt/large/checkpass/prp-25-43.smt2,unsat,864.723
/nec-smt/large/checkpass/prp-10-48.smt2,failed,1200.0
/nec-smt/large/checkpass/prp-21-49.smt2,failed,1200.0
/nec-smt/large/checkpass/prp-32-50.smt2,failed,1200.0
/nec-smt/large/checkpass/prp-16-46.smt2,failed,1200.0
/nec-smt/large/checkpass/prp-8-48.smt2,failed,1200.0
/nec-smt/large/checkpass/prp-19-50.smt2,failed,1200.0
/nec-smt/large/checkpass/prp-1-46.smt2,unsat,1069.396490097046
/nec-smt/large/checkpass/prp-21-47.smt2,failed,1200.0
/nec-smt/large/checkpass/prp-19-48.smt2,failed,1200.0
/nec-smt/large/checkpass/prp-41-48.smt2,failed,1200.0
/nec-smt/large/checkpass/prp-38-47.smt2,failed,1200.0
/nec-smt/large/checkpass/prp-26-48.smt2,failed,1200.0
/nec-smt/large/checkpass/prp-37-47.smt2,failed,1200.0
/nec-smt/large/checkpass/prp-39-49.smt2,failed,1200.0
/nec-smt/large/checkpass/prp-16-48.smt2,failed,1200.0
/nec-smt/large/checkpass/prp-37-49.smt2,failed,1200.0
/nec-smt/large/checkpass/prp-35-46.smt2,failed,1200.0
/nec-smt/large/checkpass/prp-18-46.smt2,failed,1200.0
/nec-smt/large/checkpass/prp-29-47.smt2,failed,1200.0
/nec-smt/large/checkpass/prp-4-47.smt2,failed,1200.0
/nec-smt/large/checkpass/prp-24-49.smt2,failed,1200.0
/nec-smt/large/checkpass/prp-24-46.smt2,failed,1200.0
/nec-smt/large/checkpass/prp-14-47.smt2,failed,1200.0
/nec-smt/large/checkpass/prp-12-50.smt2,failed,1200.0
/nec-smt/large/checkpass/prp-2-48.smt2,failed,1200.0
/nec-smt/large/checkpass/prp-27-47.smt2,failed,1200.0
/nec-smt/large/checkpass/prp-17-47.smt2,failed,1200.0
/nec-smt/large/checkpass/prp-8-46.smt2,failed,1200.0
/nec-smt/large/checkpass/prp-10-47.smt2,failed,1200.0
/nec-smt/large/checkpass/prp-28-46.smt2,failed,1200.0
/nec-smt/large/checkpass/prp-22-48.smt2,failed,1200.0
/nec-smt/large/checkpass/prp-6-47.smt2,failed,1200.0
/nec-smt/large/checkpass/prp-57-49.smt2,failed,1200.0
/nec-smt/large/checkpass/prp-32-47.smt2,failed,1200.0
/nec-smt/large/checkpass/prp-22-47.smt2,failed,1200.0
/nec-smt/large/checkpass/prp-48-49.smt2,failed,1200.0
/nec-smt/large/checkpass/prp-47-47.smt2,failed,1200.0
/nec-smt/large/checkpass/prp-47-49.smt2,failed,1200.0
/nec-smt/large/checkpass/prp-32-49.smt2,failed,1200.0
/nec-smt/large/checkpass/prp-58-49.smt2,failed,1200.0
/nec-smt/large/checkpass/prp-17-46.smt2,failed,1200.0
/nec-smt/large/checkpass/prp-10-50.smt2,failed,1200.0
/nec-smt/large/checkpass/prp-28-42.smt2,sat,1021.950117111206
/nec-smt/large/checkpass/prp-41-47.smt2,failed,1200.0
/nec-smt/large/checkpass/prp-49-49.smt2,failed,1200.0
/nec-smt/large/checkpass/prp-3-47.smt2,failed,1200.0
/nec-smt/large/checkpass/prp-45-45.smt2,failed,1200.0
/nec-smt/large/checkpass/prp-7-46.smt2,failed,1200.0
/nec-smt/large/checkpass/prp-14-48.smt2,failed,1200.0
/nec-smt/large/checkpass/prp-32-48.smt2,failed,1200.0
/nec-smt/large/checkpass/prp-31-46.smt2,failed,1200.0
/nec-smt/large/checkpass/prp-17-48.smt2,failed,1200.0
/nec-smt/large/checkpass/prp-36-46.smt2,failed,1200.0
/nec-smt/large/checkpass/prp-10-49.smt2,failed,1200.0
/nec-smt/large/checkpass/prp-1-47.smt2,failed,1200.0
/nec-smt/large/checkpass/prp-12-49.smt2,failed,1200.0
/nec-smt/large/checkpass/prp-51-48.smt2,failed,1200.0
/nec-smt/large/checkpass/prp-50-50.smt2,failed,1200.0
/nec-smt/large/checkpass/prp-35-50.smt2,failed,1200.0
/nec-smt/large/checkpass/prp-17-49.smt2,failed,1200.0
/nec-smt/large/checkpass/prp-41-49.smt2,failed,1200.0
/nec-smt/large/checkpass/prp-44-50.smt2,failed,1200.0
/nec-smt/large/checkpass/prp-34-47.smt2,unsat,1131.413806438446
/nec-smt/large/checkpass/prp-42-48.smt2,failed,1200.0
/nec-smt/large/checkpass/prp-15-47.smt2,failed,1200.0
/nec-smt/large/checkpass/prp-53-50.smt2,failed,1200.0
/nec-smt/large/checkpass/prp-38-46.smt2,failed,1200.0
/nec-smt/large/checkpass/prp-21-46.smt2,failed,1200.0
/nec-smt/large/checkpass/prp-9-50.smt2,failed,1200.0
/nec-smt/large/checkpass/prp-6-46.smt2,failed,1200.0
/nec-smt/large/checkpass/prp-25-50.smt2,failed,1200.0
/nec-smt/large/checkpass/prp-11-49.smt2,failed,1200.0
/nec-smt/large/checkpass/prp-39-47.smt2,failed,1200.0
/nec-smt/large/checkpass/prp-3-50.smt2,failed,1200.0
/nec-smt/large/checkpass/prp-14-49.smt2,failed,1200.0
/nec-smt/large/checkpass/prp-45-47.smt2,failed,1200.0
/nec-smt/large/checkpass/prp-22-49.smt2,failed,1200.0
/nec-smt/large/checkpass/prp-26-47.smt2,failed,1200.0
/nec-smt/large/checkpass/prp-44-48.smt2,failed,1200.0
/nec-smt/large/checkpass/prp-5-50.smt2,failed,1200.0
/nec-smt/large/checkpass/prp-49-50.smt2,failed,1200.0
/nec-smt/large/checkpass/prp-31-48.smt2,failed,1200.0
/nec-smt/large/checkpass/prp-44-49.smt2,failed,1200.0
/nec-smt/large/checkpass/prp-20-50.smt2,failed,1200.0
/nec-smt/large/checkpass/prp-5-48.smt2,failed,1200.0
/nec-smt/large/checkpass/prp-27-49.smt2,failed,1200.0
/nec-smt/large/checkpass/prp-4-50.smt2,failed,1200.0
/nec-smt/large/checkpass/prp-40-48.smt2,failed,1200.0
/nec-smt/large/checkpass/prp-29-49.smt2,failed,1200.0
/nec-smt/large/checkpass/prp-43-49.smt2,failed,1200.0
/nec-smt/large/checkpass/prp-8-49.smt2,failed,1200.0
/nec-smt/large/checkpass/prp-34-48.smt2,failed,1200.0
/nec-smt/large/checkpass/prp-30-47.smt2,failed,1200.0
/nec-smt/large/bftpd_login/prp-58-48.smt2,failed,1200.0
/nec-smt/large/bftpd_login/prp-61-49.smt2,failed,1200.0
/nec-smt/large/bftpd_login/prp-3-48.smt2,failed,1200.0
/nec-smt/large/bftpd_login/prp-55-45.smt2,failed,1200.0
/nec-smt/large/bftpd_login/prp-16-50.smt2,failed,1200.0
/nec-smt/large/bftpd_login/prp-58-50.smt2,failed,1200.0
/nec-smt/large/bftpd_login/prp-11-48.smt2,failed,1200.0
/nec-smt/large/bftpd_login/prp-0-49.smt2,failed,1200.0
/nec-smt/large/bftpd_login/prp-61-46.smt2,failed,1200.0
/nec-smt/large/bftpd_login/prp-13-47.smt2,failed,1200.0
/nec-smt/large/bftpd_login/prp-26-46.smt2,failed,1200.0
/nec-smt/large/bftpd_login/prp-33-47.smt2,failed,1200.0
/nec-smt/large/bftpd_login/prp-10-46.smt2,failed,1200.0
/nec-smt/large/bftpd_login/prp-33-46.smt2,failed,1200.0
/nec-smt/large/bftpd_login/prp-25-48.smt2,failed,1200.0
/nec-smt/large/bftpd_login/prp-7-50.smt2,failed,1200.0
/nec-smt/large/bftpd_login/prp-28-50.smt2,failed,1200.0
/nec-smt/large/bftpd_login/prp-0-48.smt2,failed,1200.0
/nec-smt/large/bftpd_login/prp-56-50.smt2,failed,1200.0
/nec-smt/large/bftpd_login/prp-34-49.smt2,failed,1200.0
/nec-smt/large/bftpd_login/prp-13-48.smt2,failed,1200.0
/nec-smt/large/bftpd_login/prp-38-45.smt2,failed,1200.0
/nec-smt/large/bftpd_login/prp-51-46.smt2,failed,1200.0
/nec-smt/large/bftpd_login/prp-53-45.smt2,failed,1200.0
/nec-smt/large/bftpd_login/prp-41-45.smt2,unsat,1047.793
/nec-smt/large/bftpd_login/prp-37-41.smt2,unsat,746.647
/nec-smt/large/bftpd_login/prp-47-48.smt2,failed,1200.0
/nec-smt/large/bftpd_login/prp-25-49.smt2,failed,1200.0
/nec-smt/large/bftpd_login/prp-25-46.smt2,failed,1200.0
/nec-smt/large/bftpd_login/prp-22-50.smt2,failed,1200.0
/nec-smt/large/bftpd_login/prp-63-48.smt2,failed,1200.0
/nec-smt/large/bftpd_login/prp-9-47.smt2,failed,1200.0
/nec-smt/large/bftpd_login/prp-66-48.smt2,failed,1200.0
/nec-smt/large/bftpd_login/prp-67-50.smt2,failed,1200.0
/nec-smt/large/bftpd_login/prp-49-46.smt2,failed,1200.0
/nec-smt/large/bftpd_login/prp-54-49.smt2,failed,1200.0
/nec-smt/large/bftpd_login/prp-28-49.smt2,failed,1200.0
/nec-smt/large/bftpd_login/prp-65-49.smt2,failed,1200.0
/nec-smt/large/bftpd_login/prp-72-50.smt2,failed,1200.0
/nec-smt/large/bftpd_login/prp-15-49.smt2,failed,1200.0
/nec-smt/large/bftpd_login/prp-12-46.smt2,failed,1200.0
/nec-smt/large/bftpd_login/prp-9-49.smt2,failed,1200.0
/nec-smt/large/bftpd_login/prp-74-48.smt2,failed,1200.0
/nec-smt/large/bftpd_login/prp-6-49.smt2,failed,1200.0
/nec-smt/large/bftpd_login/prp-33-48.smt2,failed,1200.0
/nec-smt/large/bftpd_login/prp-60-47.smt2,failed,1200.0
/nec-smt/large/bftpd_login/prp-60-49.smt2,failed,1200.0
/nec-smt/large/bftpd_login/prp-59-47.smt2,failed,1200.0
/nec-smt/large/bftpd_login/prp-71-50.smt2,failed,1200.0
/nec-smt/large/bftpd_login/prp-20-48.smt2,failed,1200.0
/nec-smt/large/bftpd_login/prp-30-49.smt2,failed,1200.0
/nec-smt/large/bftpd_login/prp-2-46.smt2,failed,1200.0
/nec-smt/large/bftpd_login/prp-62-48.smt2,failed,1200.0
/nec-smt/large/bftpd_login/prp-4-48.smt2,failed,1200.0
/nec-smt/large/bftpd_login/prp-70-49.smt2,failed,1200.0
/nec-smt/large/bftpd_login/prp-36-48.smt2,failed,1200.0
/nec-smt/large/bftpd_login/prp-42-49.smt2,failed,1200.0
/nec-smt/large/bftpd_login/prp-56-46.smt2,failed,1200.0
/nec-smt/large/bftpd_login/prp-59-50.smt2,failed,1200.0
/nec-smt/large/bftpd_login/prp-78-50.smt2,failed,1200.0
/nec-smt/large/bftpd_login/prp-49-47.smt2,failed,1200.0
/nec-smt/large/bftpd_login/prp-18-50.smt2,failed,1200.0
/nec-smt/large/bftpd_login/prp-31-49.smt2,failed,1200.0
/nec-smt/large/bftpd_login/prp-23-47.smt2,failed,1200.0
/nec-smt/large/bftpd_login/prp-83-50.smt2,failed,1200.0
/nec-smt/large/bftpd_login/prp-17-50.smt2,failed,1200.0
/nec-smt/large/bftpd_login/prp-71-47.smt2,failed,1200.0
/nec-smt/large/bftpd_login/prp-23-48.smt2,failed,1200.0
/nec-smt/large/bftpd_login/prp-52-47.smt2,failed,1200.0
/nec-smt/large/bftpd_login/prp-29-48.smt2,failed,1200.0
/nec-smt/large/bftpd_login/prp-61-47.smt2,failed,1200.0
/nec-smt/large/bftpd_login/prp-0-50.smt2,failed,1200.0
/nec-smt/large/bftpd_login/prp-15-46.smt2,failed,1200.0
/nec-smt/large/bftpd_login/prp-30-50.smt2,failed,1200.0
/nec-smt/large/bftpd_login/prp-13-50.smt2,failed,1200.0
/nec-smt/large/bftpd_login/prp-20-49.smt2,failed,1200.0
/nec-smt/large/bftpd_login/prp-11-46.smt2,failed,1200.0
/nec-smt/large/bftpd_login/prp-20-46.smt2,failed,1200.0
/nec-smt/large/bftpd_login/prp-31-50.smt2,failed,1200.0
/nec-smt/large/bftpd_login/prp-18-49.smt2,failed,1200.0
/nec-smt/large/bftpd_login/prp-60-46.smt2,failed,1200.0
/nec-smt/large/bftpd_login/prp-11-50.smt2,failed,1200.0
/nec-smt/large/bftpd_login/prp-19-47.smt2,failed,1200.0
/nec-smt/large/bftpd_login/prp-15-48.smt2,failed,1200.0
/nec-smt/large/bftpd_login/prp-42-50.smt2,failed,1200.0
/nec-smt/large/bftpd_login/prp-70-50.smt2,failed,1200.0
/nec-smt/large/bftpd_login/prp-5-46.smt2,failed,1200.0
/nec-smt/large/bftpd_login/prp-81-50.smt2,failed,1200.0
/nec-smt/large/bftpd_login/prp-63-46.smt2,failed,1200.0
/nec-smt/large/bftpd_login/prp-72-49.smt2,failed,1200.0
/nec-smt/large/bftpd_login/prp-16-47.smt2,failed,1200.0
/nec-smt/large/bftpd_login/prp-8-47.smt2,failed,1200.0
/nec-smt/large/bftpd_login/prp-0-47.smt2,failed,1200.0
/nec-smt/large/bftpd_login/prp-36-45.smt2,failed,1200.0
/nec-smt/large/bftpd_login/prp-29-46.smt2,failed,1200.0
/nec-smt/large/bftpd_login/prp-74-49.smt2,failed,1200.0
/nec-smt/large/bftpd_login/prp-79-50.smt2,failed,1200.0
/nec-smt/large/bftpd_login/prp-13-49.smt2,failed,1200.0
/nec-smt/large/bftpd_login/prp-6-50.smt2,failed,1200.0
/nec-smt/large/bftpd_login/prp-46-46.smt2,unsat,1146.028
/nec-smt/large/bftpd_login/prp-50-48.smt2,failed,1200.0
/nec-smt/large/bftpd_login/prp-13-46.smt2,failed,1200.0
/nec-smt/large/bftpd_login/prp-22-46.smt2,failed,1200.0
/nec-smt/large/bftpd_login/prp-67-47.smt2,failed,1200.0
/nec-smt/large/bftpd_login/prp-48-48.smt2,failed,1200.0
/nec-smt/large/bftpd_login/prp-80-50.smt2,failed,1200.0
/nec-smt/large/bftpd_login/prp-18-48.smt2,failed,1200.0
/nec-smt/large/bftpd_login/prp-18-47.smt2,failed,1200.0
/nec-smt/large/bftpd_login/prp-44-47.smt2,failed,1200.0
/nec-smt/large/bftpd_login/prp-62-50.smt2,failed,1200.0
/nec-smt/large/bftpd_login/prp-19-46.smt2,failed,1200.0
/nec-smt/large/bftpd_login/prp-79-49.smt2,failed,1200.0
/nec-smt/large/bftpd_login/prp-40-47.smt2,failed,1200.0
/nec-smt/large/bftpd_login/prp-28-47.smt2,failed,1200.0
/nec-smt/large/bftpd_login/prp-15-50.smt2,failed,1200.0
/nec-smt/large/bftpd_login/prp-23-50.smt2,failed,1200.0
/nec-smt/large/bftpd_login/prp-3-49.smt2,failed,1200.0
/nec-smt/large/bftpd_login/prp-53-48.smt2,failed,1200.0
/nec-smt/large/bftpd_login/prp-8-50.smt2,failed,1200.0
/nec-smt/large/bftpd_login/prp-14-46.smt2,failed,1200.0
/nec-smt/large/bftpd_login/prp-59-49.smt2,failed,1200.0
/nec-smt/large/bftpd_login/prp-21-48.smt2,failed,1200.0
/nec-smt/large/bftpd_login/prp-26-50.smt2,failed,1200.0
/nec-smt/large/bftpd_login/prp-65-50.smt2,failed,1200.0
/nec-smt/large/bftpd_login/prp-6-48.smt2,failed,1200.0
/nec-smt/large/bftpd_login/prp-36-49.smt2,failed,1200.0
/nec-smt/large/bftpd_login/prp-32-46.smt2,failed,1200.0
/nec-smt/large/bftpd_login/prp-40-46.smt2,failed,1200.0
/nec-smt/large/bftpd_login/prp-2-47.smt2,failed,1200.0
/nec-smt/large/bftpd_login/prp-9-46.smt2,failed,1200.0
/nec-smt/large/bftpd_login/prp-51-47.smt2,failed,1200.0
/nec-smt/large/bftpd_login/prp-56-47.smt2,failed,1200.0
/nec-smt/large/bftpd_login/prp-28-48.smt2,failed,1200.0
/nec-smt/large/bftpd_login/prp-4-49.smt2,failed,1200.0
/nec-smt/large/bftpd_login/prp-3-46.smt2,failed,1200.0
/nec-smt/large/bftpd_login/prp-7-48.smt2,failed,1200.0
/nec-smt/large/bftpd_login/prp-7-49.smt2,failed,1200.0
/nec-smt/large/bftpd_login/prp-29-50.smt2,failed,1200.0
/nec-smt/large/bftpd_login/prp-77-49.smt2,failed,1200.0
/nec-smt/large/bftpd_login/prp-38-42.smt2,unsat,600.479
/nec-smt/large/bftpd_login/prp-4-46.smt2,failed,1200.0
/nec-smt/large/bftpd_login/prp-37-50.smt2,failed,1200.0
/nec-smt/large/bftpd_login/prp-38-50.smt2,failed,1200.0
/nec-smt/large/bftpd_login/prp-54-50.smt2,failed,1200.0
/nec-smt/large/bftpd_login/prp-36-47.smt2,failed,1200.0
/nec-smt/large/bftpd_login/prp-2-50.smt2,failed,1200.0
/nec-smt/large/bftpd_login/prp-71-49.smt2,failed,1200.0
/nec-smt/large/bftpd_login/prp-9-48.smt2,failed,1200.0
/nec-smt/large/bftpd_login/prp-44-46.smt2,failed,1200.0
/nec-smt/large/bftpd_login/prp-35-49.smt2,failed,1200.0
/nec-smt/large/bftpd_login/prp-71-48.smt2,failed,1200.0
/nec-smt/large/bftpd_login/prp-48-50.smt2,failed,1200.0
/nec-smt/large/bftpd_login/prp-30-46.smt2,unsat,1021.237
/nec-smt/large/bftpd_login/prp-42-47.smt2,failed,1200.0
/nec-smt/large/bftpd_login/prp-62-46.smt2,failed,1200.0
/nec-smt/large/bftpd_login/prp-26-49.smt2,failed,1200.0
/nec-smt/large/bftpd_login/prp-68-48.smt2,failed,1200.0
/nec-smt/large/bftpd_login/prp-68-49.smt2,failed,1200.0
/nec-smt/large/bftpd_login/prp-64-47.smt2,failed,1200.0
/nec-smt/large/bftpd_login/prp-62-47.smt2,failed,1200.0
/nec-smt/large/bftpd_login/prp-21-50.smt2,failed,1200.0
/nec-smt/large/bftpd_login/prp-41-50.smt2,failed,1200.0
/nec-smt/large/bftpd_login/prp-58-47.smt2,failed,1200.0
/nec-smt/large/bftpd_login/prp-11-47.smt2,failed,1200.0
/nec-smt/large/bftpd_login/prp-55-46.smt2,failed,1200.0
/nec-smt/large/bftpd_login/prp-70-47.smt2,failed,1200.0
/nec-smt/large/bftpd_login/prp-27-48.smt2,failed,1200.0
/nec-smt/large/bftpd_login/prp-33-50.smt2,failed,1200.0
/nec-smt/large/bftpd_login/prp-73-48.smt2,failed,1200.0
/nec-smt/large/bftpd_login/prp-55-47.smt2,failed,1200.0
/nec-smt/large/bftpd_login/prp-49-48.smt2,failed,1200.0
/nec-smt/large/bftpd_login/prp-51-49.smt2,failed,1200.0
/nec-smt/large/bftpd_login/prp-24-47.smt2,failed,1200.0
/nec-smt/large/bftpd_login/prp-50-49.smt2,failed,1200.0
/nec-smt/large/bftpd_login/prp-68-46.smt2,failed,1200.0
/nec-smt/large/bftpd_login/prp-35-39.smt2,unsat,293.408
/nec-smt/large/bftpd_login/prp-19-49.smt2,failed,1200.0
/nec-smt/large/bftpd_login/prp-16-49.smt2,failed,1200.0
/nec-smt/large/bftpd_login/prp-14-50.smt2,failed,1200.0
/nec-smt/large/bftpd_login/prp-53-49.smt2,failed,1200.0
/nec-smt/large/bftpd_login/prp-68-47.smt2,unsat,1056.728
/nec-smt/large/bftpd_login/prp-39-43.smt2,unsat,376.656
/nec-smt/large/bftpd_login/prp-39-41.smt2,unsat,1139.232
/nec-smt/large/bftpd_login/prp-75-49.smt2,failed,1200.0
/nec-smt/large/bftpd_login/prp-27-50.smt2,failed,1200.0
/nec-smt/large/bftpd_login/prp-56-49.smt2,failed,1200.0
/nec-smt/large/bftpd_login/prp-60-50.smt2,failed,1200.0
/nec-smt/large/bftpd_login/prp-40-49.smt2,failed,1200.0
/nec-smt/large/bftpd_login/prp-64-49.smt2,failed,1200.0
/nec-smt/large/bftpd_login/prp-73-50.smt2,failed,1200.0
/nec-smt/large/bftpd_login/prp-12-47.smt2,failed,1200.0
/nec-smt/large/bftpd_login/prp-66-49.smt2,failed,1200.0
/nec-smt/large/bftpd_login/prp-20-47.smt2,failed,1200.0
/nec-smt/large/bftpd_login/prp-75-50.smt2,failed,1200.0
/nec-smt/large/bftpd_login/prp-56-48.smt2,failed,1200.0
/nec-smt/large/bftpd_login/prp-34-50.smt2,failed,1200.0
/nec-smt/large/bftpd_login/prp-24-50.smt2,failed,1200.0
/nec-smt/large/bftpd_login/prp-5-49.smt2,failed,1200.0
/nec-smt/large/bftpd_login/prp-12-48.smt2,failed,1200.0
/nec-smt/large/bftpd_login/prp-7-47.smt2,failed,1200.0
/nec-smt/large/bftpd_login/prp-31-47.smt2,failed,1200.0
/nec-smt/large/bftpd_login/prp-23-49.smt2,failed,1200.0
/nec-smt/large/bftpd_login/prp-63-49.smt2,failed,1200.0
/nec-smt/large/bftpd_login/prp-42-46.smt2,failed,1200.0
/nec-smt/large/bftpd_login/prp-34-46.smt2,failed,1200.0
/nec-smt/large/bftpd_login/prp-30-48.smt2,failed,1200.0
/nec-smt/large/bftpd_login/prp-46-44.smt2,failed,1200.0
/nec-smt/large/bftpd_login/prp-46-48.smt2,failed,1200.0
/nec-smt/large/bftpd_login/prp-69-48.smt2,failed,1200.0
/nec-smt/large/bftpd_login/prp-23-46.smt2,failed,1200.0
/nec-smt/large/bftpd_login/prp-51-50.smt2,failed,1200.0
/nec-smt/large/bftpd_login/prp-27-46.smt2,unsat,902.038
/nec-smt/large/bftpd_login/prp-50-46.smt2,failed,1200.0
/nec-smt/large/bftpd_login/prp-2-49.smt2,failed,1200.0
/nec-smt/large/bftpd_login/prp-24-48.smt2,failed,1200.0
/nec-smt/large/bftpd_login/prp-5-47.smt2,failed,1200.0
/nec-smt/large/bftpd_login/prp-41-43.smt2,failed,1200.0
/nec-smt/large/bftpd_login/prp-76-49.smt2,failed,1200.0
/nec-smt/large/bftpd_login/prp-67-46.smt2,failed,1200.0
/nec-smt/large/bftpd_login/prp-68-50.smt2,failed,1200.0
/nec-smt/large/bftpd_login/prp-10-48.smt2,failed,1200.0
/nec-smt/large/bftpd_login/prp-37-40.smt2,unsat,174.293
/nec-smt/large/bftpd_login/prp-21-49.smt2,failed,1200.0
/nec-smt/large/bftpd_login/prp-32-50.smt2,failed,1200.0
/nec-smt/large/bftpd_login/prp-67-48.smt2,failed,1200.0
/nec-smt/large/bftpd_login/prp-16-46.smt2,failed,1200.0
/nec-smt/large/bftpd_login/prp-8-48.smt2,failed,1200.0
/nec-smt/large/bftpd_login/prp-35-40.smt2,unsat,405.8
/nec-smt/large/bftpd_login/prp-57-47.smt2,failed,1200.0
/nec-smt/large/bftpd_login/prp-19-50.smt2,failed,1200.0
/nec-smt/large/bftpd_login/prp-43-42.smt2,unsat,416.796
/nec-smt/large/bftpd_login/prp-21-47.smt2,failed,1200.0
/nec-smt/large/bftpd_login/prp-47-50.smt2,failed,1200.0
/nec-smt/large/bftpd_login/prp-69-50.smt2,failed,1200.0
/nec-smt/large/bftpd_login/prp-19-48.smt2,failed,1200.0
/nec-smt/large/bftpd_login/prp-38-47.smt2,failed,1200.0
/nec-smt/large/bftpd_login/prp-26-48.smt2,failed,1200.0
/nec-smt/large/bftpd_login/prp-43-44.smt2,failed,1200.0
/nec-smt/large/bftpd_login/prp-39-49.smt2,failed,1200.0
/nec-smt/large/bftpd_login/prp-16-48.smt2,failed,1200.0
/nec-smt/large/bftpd_login/prp-70-48.smt2,failed,1200.0
/nec-smt/large/bftpd_login/prp-64-50.smt2,failed,1200.0
/nec-smt/large/bftpd_login/prp-47-46.smt2,failed,1200.0
/nec-smt/large/bftpd_login/prp-18-46.smt2,failed,1200.0
/nec-smt/large/bftpd_login/prp-66-47.smt2,failed,1200.0
/nec-smt/large/bftpd_login/prp-76-50.smt2,failed,1200.0
/nec-smt/large/bftpd_login/prp-29-47.smt2,failed,1200.0
/nec-smt/large/bftpd_login/prp-36-50.smt2,failed,1200.0
/nec-smt/large/bftpd_login/prp-4-47.smt2,failed,1200.0
/nec-smt/large/bftpd_login/prp-82-50.smt2,failed,1200.0
/nec-smt/large/bftpd_login/prp-24-49.smt2,failed,1200.0
/nec-smt/large/bftpd_login/prp-72-48.smt2,failed,1200.0
/nec-smt/large/bftpd_login/prp-24-46.smt2,failed,1200.0
/nec-smt/large/bftpd_login/prp-14-47.smt2,failed,1200.0
/nec-smt/large/bftpd_login/prp-33-49.smt2,failed,1200.0
/nec-smt/large/bftpd_login/prp-12-50.smt2,failed,1200.0
/nec-smt/large/bftpd_login/prp-78-49.smt2,failed,1200.0
/nec-smt/large/bftpd_login/prp-48-46.smt2,failed,1200.0
/nec-smt/large/bftpd_login/prp-45-44.smt2,unsat,1078.309
/nec-smt/large/bftpd_login/prp-54-45.smt2,failed,1200.0
/nec-smt/large/bftpd_login/prp-2-48.smt2,failed,1200.0
/nec-smt/large/bftpd_login/prp-50-47.smt2,failed,1200.0
/nec-smt/large/bftpd_login/prp-27-47.smt2,failed,1200.0
/nec-smt/large/bftpd_login/prp-17-47.smt2,failed,1200.0
/nec-smt/large/bftpd_login/prp-8-46.smt2,failed,1200.0
/nec-smt/large/bftpd_login/prp-66-46.smt2,unsat,1039.49
/nec-smt/large/bftpd_login/prp-10-47.smt2,failed,1200.0
/nec-smt/large/bftpd_login/prp-28-46.smt2,unsat,1150.614
/nec-smt/large/bftpd_login/prp-22-48.smt2,failed,1200.0
/nec-smt/large/bftpd_login/prp-6-47.smt2,failed,1200.0
/nec-smt/large/bftpd_login/prp-57-49.smt2,failed,1200.0
/nec-smt/large/bftpd_login/prp-32-47.smt2,failed,1200.0
/nec-smt/large/bftpd_login/prp-22-47.smt2,failed,1200.0
/nec-smt/large/bftpd_login/prp-61-50.smt2,failed,1200.0
/nec-smt/large/bftpd_login/prp-48-49.smt2,failed,1200.0
/nec-smt/large/bftpd_login/prp-47-47.smt2,failed,1200.0
/nec-smt/large/bftpd_login/prp-47-49.smt2,failed,1200.0
/nec-smt/large/bftpd_login/prp-32-49.smt2,failed,1200.0
/nec-smt/large/bftpd_login/prp-58-49.smt2,failed,1200.0
/nec-smt/large/bftpd_login/prp-17-46.smt2,failed,1200.0
/nec-smt/large/bftpd_login/prp-10-50.smt2,failed,1200.0
/nec-smt/large/bftpd_login/prp-41-44.smt2,unsat,845.814
/nec-smt/large/bftpd_login/prp-58-46.smt2,failed,1200.0
/nec-smt/large/bftpd_login/prp-65-48.smt2,failed,1200.0
/nec-smt/large/bftpd_login/prp-49-49.smt2,failed,1200.0
/nec-smt/large/bftpd_login/prp-3-47.smt2,failed,1200.0
/nec-smt/large/bftpd_login/prp-45-45.smt2,failed,1200.0
/nec-smt/large/bftpd_login/prp-7-46.smt2,failed,1200.0
/nec-smt/large/bftpd_login/prp-14-48.smt2,failed,1200.0
/nec-smt/large/bftpd_login/prp-45-46.smt2,failed,1200.0
/nec-smt/large/bftpd_login/prp-32-48.smt2,failed,1200.0
/nec-smt/large/bftpd_login/prp-31-46.smt2,failed,1200.0
/nec-smt/large/bftpd_login/prp-54-47.smt2,failed,1200.0
/nec-smt/large/bftpd_login/prp-17-48.smt2,failed,1200.0
/nec-smt/large/bftpd_login/prp-45-48.smt2,failed,1200.0
/nec-smt/large/bftpd_login/prp-52-49.smt2,failed,1200.0
/nec-smt/large/bftpd_login/prp-10-49.smt2,failed,1200.0
/nec-smt/large/bftpd_login/prp-12-49.smt2,failed,1200.0
/nec-smt/large/bftpd_login/prp-57-46.smt2,failed,1200.0
/nec-smt/large/bftpd_login/prp-51-48.smt2,failed,1200.0
/nec-smt/large/bftpd_login/prp-50-50.smt2,failed,1200.0
/nec-smt/large/bftpd_login/prp-74-50.smt2,failed,1200.0
/nec-smt/large/bftpd_login/prp-77-50.smt2,failed,1200.0
/nec-smt/large/bftpd_login/prp-35-50.smt2,failed,1200.0
/nec-smt/large/bftpd_login/prp-17-49.smt2,failed,1200.0
/nec-smt/large/bftpd_login/prp-44-50.smt2,failed,1200.0
/nec-smt/large/bftpd_login/prp-34-47.smt2,failed,1200.0
/nec-smt/large/bftpd_login/prp-40-45.smt2,failed,1200.0
/nec-smt/large/bftpd_login/prp-62-49.smt2,failed,1200.0
/nec-smt/large/bftpd_login/prp-42-48.smt2,failed,1200.0
/nec-smt/large/bftpd_login/prp-15-47.smt2,failed,1200.0
/nec-smt/large/bftpd_login/prp-53-50.smt2,failed,1200.0
/nec-smt/large/bftpd_login/prp-21-46.smt2,failed,1200.0
/nec-smt/large/bftpd_login/prp-9-50.smt2,failed,1200.0
/nec-smt/large/bftpd_login/prp-53-47.smt2,failed,1200.0
/nec-smt/large/bftpd_login/prp-52-45.smt2,failed,1200.0
/nec-smt/large/bftpd_login/prp-6-46.smt2,failed,1200.0
/nec-smt/large/bftpd_login/prp-25-50.smt2,failed,1200.0
/nec-smt/large/bftpd_login/prp-11-49.smt2,failed,1200.0
/nec-smt/large/bftpd_login/prp-65-46.smt2,failed,1200.0
/nec-smt/large/bftpd_login/prp-38-43.smt2,failed,1200.0
/nec-smt/large/bftpd_login/prp-85-50.smt2,failed,1200.0
/nec-smt/large/bftpd_login/prp-67-49.smt2,failed,1200.0
/nec-smt/large/bftpd_login/prp-59-46.smt2,failed,1200.0
/nec-smt/large/bftpd_login/prp-3-50.smt2,failed,1200.0
/nec-smt/large/bftpd_login/prp-37-42.smt2,unsat,723.963
/nec-smt/large/bftpd_login/prp-14-49.smt2,failed,1200.0
/nec-smt/large/bftpd_login/prp-45-47.smt2,failed,1200.0
/nec-smt/large/bftpd_login/prp-54-48.smt2,failed,1200.0
/nec-smt/large/bftpd_login/prp-22-49.smt2,failed,1200.0
/nec-smt/large/bftpd_login/prp-60-48.smt2,failed,1200.0
/nec-smt/large/bftpd_login/prp-64-48.smt2,failed,1200.0
/nec-smt/large/bftpd_login/prp-64-46.smt2,failed,1200.0
/nec-smt/large/bftpd_login/prp-69-46.smt2,failed,1200.0
/nec-smt/large/bftpd_login/prp-26-47.smt2,failed,1200.0
/nec-smt/large/bftpd_login/prp-57-48.smt2,failed,1200.0
/nec-smt/large/bftpd_login/prp-69-47.smt2,failed,1200.0
/nec-smt/large/bftpd_login/prp-44-48.smt2,failed,1200.0
/nec-smt/large/bftpd_login/prp-5-50.smt2,failed,1200.0
/nec-smt/large/bftpd_login/prp-49-50.smt2,failed,1200.0
/nec-smt/large/bftpd_login/prp-65-47.smt2,failed,1200.0
/nec-smt/large/bftpd_login/prp-31-48.smt2,failed,1200.0
/nec-smt/large/bftpd_login/prp-84-50.smt2,failed,1200.0
/nec-smt/large/bftpd_login/prp-44-49.smt2,failed,1200.0
/nec-smt/large/bftpd_login/prp-20-50.smt2,failed,1200.0
/nec-smt/large/bftpd_login/prp-5-48.smt2,failed,1200.0
/nec-smt/large/bftpd_login/prp-41-42.smt2,unsat,616.529
/nec-smt/large/bftpd_login/prp-27-49.smt2,failed,1200.0
/nec-smt/large/bftpd_login/prp-4-50.smt2,failed,1200.0
/nec-smt/large/bftpd_login/prp-40-48.smt2,failed,1200.0
/nec-smt/large/bftpd_login/prp-69-49.smt2,failed,1200.0
/nec-smt/large/bftpd_login/prp-29-49.smt2,failed,1200.0
/nec-smt/large/bftpd_login/prp-59-48.smt2,failed,1200.0
/nec-smt/large/bftpd_login/prp-57-50.smt2,failed,1200.0
/nec-smt/large/bftpd_login/prp-87-50.smt2,failed,1200.0
/nec-smt/large/bftpd_login/prp-86-50.smt2,failed,1200.0
/nec-smt/large/bftpd_login/prp-43-49.smt2,failed,1200.0
/nec-smt/large/bftpd_login/prp-8-49.smt2,failed,1200.0
/nec-smt/large/bftpd_login/prp-34-48.smt2,failed,1200.0
/nec-smt/large/bftpd_login/prp-30-47.smt2,failed,1200.0
/nec-smt/large/bftpd_login/prp-48-47.smt2,failed,1200.0
/nec-smt/large/int_from_list/prp-58-48.smt2,unsat,539.5273051261902
/nec-smt/large/int_from_list/prp-61-49.smt2,unsat,30.6
/nec-smt/large/int_from_list/prp-58-50.smt2,unsat,473.724107503891
/nec-smt/large/int_from_list/prp-11-48.smt2,unsat,32.298
/nec-smt/large/int_from_list/prp-0-49.smt2,sat,1053.773830652237
/nec-smt/large/int_from_list/prp-1-49.smt2,sat,639.47
/nec-smt/large/int_from_list/prp-61-46.smt2,unsat,24.911
/nec-smt/large/int_from_list/prp-44-43.smt2,unsat,230.96676802635193
/nec-smt/large/int_from_list/prp-7-50.smt2,unsat,853.194
/nec-smt/large/int_from_list/prp-0-48.smt2,sat,1018.7721982002258
/nec-smt/large/int_from_list/prp-56-50.smt2,unsat,208.9
/nec-smt/large/int_from_list/prp-51-46.smt2,sat,455.862
/nec-smt/large/int_from_list/prp-47-48.smt2,unsat,506.949
/nec-smt/large/int_from_list/prp-63-48.smt2,unsat,502.811
/nec-smt/large/int_from_list/prp-27-42.smt2,unsat,19.548077821731567
/nec-smt/large/int_from_list/prp-49-46.smt2,sat,700.892
/nec-smt/large/int_from_list/prp-54-49.smt2,unsat,23.76010513305664
/nec-smt/large/int_from_list/prp-43-47.smt2,sat,460.10895681381226
/nec-smt/large/int_from_list/prp-12-46.smt2,sat,366.934
/nec-smt/large/int_from_list/prp-60-47.smt2,unsat,16.252
/nec-smt/large/int_from_list/prp-60-49.smt2,unsat,38.25007963180542
/nec-smt/large/int_from_list/prp-46-50.smt2,sat,461.727
/nec-smt/large/int_from_list/prp-59-47.smt2,unsat,194.97481513023376
/nec-smt/large/int_from_list/prp-20-48.smt2,unsat,103.82288074493408
/nec-smt/large/int_from_list/prp-62-48.smt2,unsat,393.067
/nec-smt/large/int_from_list/prp-24-43.smt2,unsat,688.937
/nec-smt/large/int_from_list/prp-34-44.smt2,unsat,38.433
/nec-smt/large/int_from_list/prp-42-43.smt2,unsat,327.809
/nec-smt/large/int_from_list/prp-56-46.smt2,unsat,152.7640724182129
/nec-smt/large/int_from_list/prp-59-50.smt2,unsat,21.063313245773315
/nec-smt/large/int_from_list/prp-49-47.smt2,sat,540.6718647480011
/nec-smt/large/int_from_list/prp-35-43.smt2,unsat,234.05496525764465
/nec-smt/large/int_from_list/prp-1-48.smt2,sat,870.7072806358337
/nec-smt/large/int_from_list/prp-63-50.smt2,unsat,125.00337839126587
/nec-smt/large/int_from_list/prp-17-50.smt2,unsat,561.936
/nec-smt/large/int_from_list/prp-52-47.smt2,unsat,619.7756175994873
/nec-smt/large/int_from_list/prp-61-47.smt2,unsat,20.432039976119995
/nec-smt/large/int_from_list/prp-0-50.smt2,sat,1153.784985780716
/nec-smt/large/int_from_list/prp-20-49.smt2,unsat,166.42105507850647
/nec-smt/large/int_from_list/prp-11-46.smt2,unsat,33.99483036994934
/nec-smt/large/int_from_list/prp-20-46.smt2,unsat,423.85
/nec-smt/large/int_from_list/prp-42-42.smt2,unsat,377.098
/nec-smt/large/int_from_list/prp-60-46.smt2,unsat,145.649
/nec-smt/large/int_from_list/prp-11-50.smt2,unsat,86.732
/nec-smt/large/int_from_list/prp-40-50.smt2,sat,574.4814078807831
/nec-smt/large/int_from_list/prp-34-43.smt2,unsat,350.30517959594727
/nec-smt/large/int_from_list/prp-8-47.smt2,sat,483.9650630950928
/nec-smt/large/int_from_list/prp-0-47.smt2,sat,588.481
/nec-smt/large/int_from_list/prp-43-46.smt2,sat,808.613
/nec-smt/large/int_from_list/prp-46-46.smt2,sat,436.547
/nec-smt/large/int_from_list/prp-46-49.smt2,sat,737.283
/nec-smt/large/int_from_list/prp-50-48.smt2,unsat,26.684906482696533
/nec-smt/large/int_from_list/prp-35-42.smt2,unsat,125.593
/nec-smt/large/int_from_list/prp-52-50.smt2,unsat,621.984
/nec-smt/large/int_from_list/prp-55-50.smt2,unsat,5.573327541351318
/nec-smt/large/int_from_list/prp-55-48.smt2,unsat,311.63
/nec-smt/large/int_from_list/prp-43-48.smt2,sat,787.6205303668976
/nec-smt/large/int_from_list/prp-48-48.smt2,unsat,415.27964448928833
/nec-smt/large/int_from_list/prp-62-50.smt2,unsat,116.13226127624512
/nec-smt/large/int_from_list/prp-40-47.smt2,sat,595.209
/nec-smt/large/int_from_list/prp-54-46.smt2,unsat,384.7026491165161
/nec-smt/large/int_from_list/prp-53-48.smt2,unsat,394.922
/nec-smt/large/int_from_list/prp-8-50.smt2,sat,700.632
/nec-smt/large/int_from_list/prp-59-49.smt2,unsat,336.47694087028503
/nec-smt/large/int_from_list/prp-52-46.smt2,unsat,437.102
/nec-smt/large/int_from_list/prp-40-46.smt2,sat,509.553
/nec-smt/large/int_from_list/prp-37-48.smt2,sat,531.3117928504944
/nec-smt/large/int_from_list/prp-33-41.smt2,unsat,243.665
/nec-smt/large/int_from_list/prp-51-47.smt2,sat,609.8789410591125
/nec-smt/large/int_from_list/prp-56-47.smt2,unsat,419.973
/nec-smt/large/int_from_list/prp-43-50.smt2,sat,625.9966912269592
/nec-smt/large/int_from_list/prp-7-48.smt2,unsat,418.522
/nec-smt/large/int_from_list/prp-7-49.smt2,unsat,553.9819135665894
/nec-smt/large/int_from_list/prp-37-50.smt2,sat,378.549
/nec-smt/large/int_from_list/prp-54-50.smt2,unsat,655.181
/nec-smt/large/int_from_list/prp-48-50.smt2,unsat,672.25
/nec-smt/large/int_from_list/prp-53-46.smt2,unsat,579.49
/nec-smt/large/int_from_list/prp-62-46.smt2,unsat,588.424
/nec-smt/large/int_from_list/prp-46-47.smt2,unsat,516.14493060112
/nec-smt/large/int_from_list/prp-62-47.smt2,unsat,483.9602835178375
/nec-smt/large/int_from_list/prp-58-47.smt2,unsat,431.87255787849426
/nec-smt/large/int_from_list/prp-52-48.smt2,unsat,225.696
/nec-smt/large/int_from_list/prp-11-47.smt2,unsat,40.748
/nec-smt/large/int_from_list/prp-55-46.smt2,unsat,3.0978682041168213
/nec-smt/large/int_from_list/prp-55-47.smt2,unsat,46.725
/nec-smt/large/int_from_list/prp-42-41.smt2,unsat,259.183
/nec-smt/large/int_from_list/prp-49-48.smt2,sat,716.033
/nec-smt/large/int_from_list/prp-51-49.smt2,sat,659.5332534313202
/nec-smt/large/int_from_list/prp-50-49.smt2,unsat,28.05979037284851
/nec-smt/large/int_from_list/prp-53-49.smt2,unsat,733.800633430481
/nec-smt/large/int_from_list/prp-56-49.smt2,unsat,376.56881523132324
/nec-smt/large/int_from_list/prp-60-50.smt2,unsat,199.8749713897705
/nec-smt/large/int_from_list/prp-40-49.smt2,sat,668.052
/nec-smt/large/int_from_list/prp-12-47.smt2,sat,155.0346279144287
/nec-smt/large/int_from_list/prp-24-42.smt2,unsat,175.566
/nec-smt/large/int_from_list/prp-20-47.smt2,unsat,55.66239857673645
/nec-smt/large/int_from_list/prp-37-46.smt2,sat,387.897572517395
/nec-smt/large/int_from_list/prp-56-48.smt2,unsat,115.7
/nec-smt/large/int_from_list/prp-12-48.smt2,sat,537.857
/nec-smt/large/int_from_list/prp-7-47.smt2,unsat,126.44679307937622
/nec-smt/large/int_from_list/prp-63-49.smt2,unsat,13.1378755569458
/nec-smt/large/int_from_list/prp-46-48.smt2,sat,513.961386680603
/nec-smt/large/int_from_list/prp-35-45.smt2,unsat,164.167076587677
/nec-smt/large/int_from_list/prp-51-50.smt2,sat,787.95
/nec-smt/large/int_from_list/prp-50-46.smt2,unsat,360.262
/nec-smt/large/int_from_list/prp-1-50.smt2,sat,824.5998816490173
/nec-smt/large/int_from_list/prp-55-49.smt2,unsat,24.104535341262817
/nec-smt/large/int_from_list/prp-21-41.smt2,unsat,114.346
/nec-smt/large/int_from_list/prp-8-48.smt2,sat,416.809
/nec-smt/large/int_from_list/prp-34-41.smt2,unsat,202.521
/nec-smt/large/int_from_list/prp-57-47.smt2,unsat,301.863
/nec-smt/large/int_from_list/prp-1-46.smt2,sat,708.913
/nec-smt/large/int_from_list/prp-34-42.smt2,unsat,373.959
/nec-smt/large/int_from_list/prp-47-50.smt2,unsat,85.04958319664001
/nec-smt/large/int_from_list/prp-63-47.smt2,unsat,619.57
/nec-smt/large/int_from_list/prp-35-44.smt2,unsat,263.448
/nec-smt/large/int_from_list/prp-37-47.smt2,unsat,417.068
/nec-smt/large/int_from_list/prp-47-46.smt2,unsat,426.09390330314636
/nec-smt/large/int_from_list/prp-37-49.smt2,sat,757.026
/nec-smt/large/int_from_list/prp-35-46.smt2,unsat,297.875
/nec-smt/large/int_from_list/prp-0-46.smt2,sat,671.64
/nec-smt/large/int_from_list/prp-44-44.smt2,unsat,70.088
/nec-smt/large/int_from_list/prp-27-41.smt2,unsat,15.860311269760132
/nec-smt/large/int_from_list/prp-61-48.smt2,unsat,12.35
/nec-smt/large/int_from_list/prp-12-50.smt2,sat,1027.706
/nec-smt/large/int_from_list/prp-48-46.smt2,unsat,164.3430061340332
/nec-smt/large/int_from_list/prp-45-44.smt2,sat,375.714
/nec-smt/large/int_from_list/prp-50-47.smt2,unsat,325.676
/nec-smt/large/int_from_list/prp-17-47.smt2,unsat,336.975
/nec-smt/large/int_from_list/prp-8-46.smt2,sat,360.701
/nec-smt/large/int_from_list/prp-57-49.smt2,unsat,11.55334210395813
/nec-smt/large/int_from_list/prp-61-50.smt2,unsat,15.912
/nec-smt/large/int_from_list/prp-48-49.smt2,unsat,725.464
/nec-smt/large/int_from_list/prp-47-47.smt2,unsat,502.231
/nec-smt/large/int_from_list/prp-47-49.smt2,unsat,219.065
/nec-smt/large/int_from_list/prp-58-49.smt2,unsat,302.01
/nec-smt/large/int_from_list/prp-17-46.smt2,unsat,293.446
/nec-smt/large/int_from_list/prp-58-46.smt2,unsat,30.673604011535645
/nec-smt/large/int_from_list/prp-49-49.smt2,sat,733.616
/nec-smt/large/int_from_list/prp-45-45.smt2,unsat,592.1081471443176
/nec-smt/large/int_from_list/prp-24-41.smt2,unsat,140.579
/nec-smt/large/int_from_list/prp-7-46.smt2,unsat,294.211
/nec-smt/large/int_from_list/prp-45-46.smt2,unsat,533.215
/nec-smt/large/int_from_list/prp-54-47.smt2,unsat,26.655938863754272
/nec-smt/large/int_from_list/prp-17-48.smt2,unsat,235.201
/nec-smt/large/int_from_list/prp-45-48.smt2,unsat,560.708
/nec-smt/large/int_from_list/prp-44-41.smt2,unsat,254.283
/nec-smt/large/int_from_list/prp-52-49.smt2,unsat,316.88
/nec-smt/large/int_from_list/prp-1-47.smt2,sat,644.698
/nec-smt/large/int_from_list/prp-12-49.smt2,sat,694.658
/nec-smt/large/int_from_list/prp-57-46.smt2,unsat,151.465
/nec-smt/large/int_from_list/prp-51-48.smt2,sat,630.9806652069092
/nec-smt/large/int_from_list/prp-50-50.smt2,unsat,17.944491863250732
/nec-smt/large/int_from_list/prp-17-49.smt2,unsat,333.33
/nec-smt/large/int_from_list/prp-44-42.smt2,unsat,254.777
/nec-smt/large/int_from_list/prp-62-49.smt2,unsat,241.02357697486877
/nec-smt/large/int_from_list/prp-53-50.smt2,unsat,114.051
/nec-smt/large/int_from_list/prp-53-47.smt2,unsat,463.609
/nec-smt/large/int_from_list/prp-11-49.smt2,unsat,10.587
/nec-smt/large/int_from_list/prp-59-46.smt2,unsat,127.39906048774719
/nec-smt/large/int_from_list/prp-45-47.smt2,unsat,509.22699785232544
/nec-smt/large/int_from_list/prp-54-48.smt2,unsat,134.09321284294128
/nec-smt/large/int_from_list/prp-60-48.smt2,unsat,567.847
/nec-smt/large/int_from_list/prp-57-48.smt2,unsat,19.249049186706543
/nec-smt/large/int_from_list/prp-49-50.smt2,sat,689.912
/nec-smt/large/int_from_list/prp-20-50.smt2,unsat,37.45411205291748
/nec-smt/large/int_from_list/prp-40-48.smt2,sat,693.287
/nec-smt/large/int_from_list/prp-59-48.smt2,unsat,192.78666806221008
/nec-smt/large/int_from_list/prp-57-50.smt2,unsat,29.407
/nec-smt/large/int_from_list/prp-44-45.smt2,unsat,25.81976294517517
/nec-smt/large/int_from_list/prp-43-49.smt2,sat,895.43
/nec-smt/large/int_from_list/prp-8-49.smt2,sat,655.419
/nec-smt/large/int_from_list/prp-48-47.smt2,unsat,427.01576590538025
/nec-smt/large/mygetpwnam/prp-0-49.smt2,sat,192.3127794265747
/nec-smt/large/mygetpwnam/prp-1-49.smt2,sat,159.31662273406982
/nec-smt/large/mygetpwnam/prp-0-48.smt2,sat,110.08365774154663
/nec-smt/large/mygetpwnam/prp-1-48.smt2,sat,114.00938272476196
/nec-smt/large/mygetpwnam/prp-0-50.smt2,sat,173.88241052627563
/nec-smt/large/mygetpwnam/prp-0-47.smt2,sat,187.622
/nec-smt/large/mygetpwnam/prp-1-50.smt2,sat,306.58957076072693
/nec-smt/large/mygetpwnam/prp-1-47.smt2,unsat,10.173026084899902
/nec-smt/large/checkpass_pwd/prp-28-44.smt2,failed,1200.0
/nec-smt/large/checkpass_pwd/prp-14-45.smt2,failed,1200.0
/nec-smt/large/checkpass_pwd/prp-38-41.smt2,failed,1200.0
/nec-smt/large/checkpass_pwd/prp-16-41.smt2,failed,1200.0
/nec-smt/large/checkpass_pwd/prp-58-48.smt2,failed,1200.0
/nec-smt/large/checkpass_pwd/prp-25-41.smt2,failed,1200.0
/nec-smt/large/checkpass_pwd/prp-8-45.smt2,failed,1200.0
/nec-smt/large/checkpass_pwd/prp-32-34.smt2,unsat,228.746
/nec-smt/large/checkpass_pwd/prp-61-49.smt2,failed,1200.0
/nec-smt/large/checkpass_pwd/prp-40-37.smt2,unsat,1093.112
/nec-smt/large/checkpass_pwd/prp-13-37.smt2,sat,852.189864397049
/nec-smt/large/checkpass_pwd/prp-16-50.smt2,failed,1200.0
/nec-smt/large/checkpass_pwd/prp-58-50.smt2,failed,1200.0
/nec-smt/large/checkpass_pwd/prp-44-39.smt2,failed,1200.0
/nec-smt/large/checkpass_pwd/prp-52-44.smt2,failed,1200.0
/nec-smt/large/checkpass_pwd/prp-27-35.smt2,sat,430.1767466068268
/nec-smt/large/checkpass_pwd/prp-13-47.smt2,failed,1200.0
/nec-smt/large/checkpass_pwd/prp-29-35.smt2,sat,392.557
/nec-smt/large/checkpass_pwd/prp-8-40.smt2,failed,1200.0
/nec-smt/large/checkpass_pwd/prp-33-47.smt2,failed,1200.0
/nec-smt/large/checkpass_pwd/prp-44-43.smt2,failed,1200.0
/nec-smt/large/checkpass_pwd/prp-33-46.smt2,failed,1200.0
/nec-smt/large/checkpass_pwd/prp-51-45.smt2,failed,1200.0
/nec-smt/large/checkpass_pwd/prp-25-48.smt2,failed,1200.0
/nec-smt/large/checkpass_pwd/prp-7-50.smt2,failed,1200.0
/nec-smt/large/checkpass_pwd/prp-4-43.smt2,failed,1200.0
/nec-smt/large/checkpass_pwd/prp-29-38.smt2,sat,772.1400294303894
/nec-smt/large/checkpass_pwd/prp-20-42.smt2,failed,1200.0
/nec-smt/large/checkpass_pwd/prp-32-40.smt2,failed,1200.0
/nec-smt/large/checkpass_pwd/prp-28-50.smt2,failed,1200.0
/nec-smt/large/checkpass_pwd/prp-4-38.smt2,sat,812.174
/nec-smt/large/checkpass_pwd/prp-56-50.smt2,failed,1200.0
/nec-smt/large/checkpass_pwd/prp-34-49.smt2,failed,1200.0
/nec-smt/large/checkpass_pwd/prp-25-38.smt2,sat,976.7066519260406
/nec-smt/large/checkpass_pwd/prp-13-48.smt2,failed,1200.0
/nec-smt/large/checkpass_pwd/prp-19-40.smt2,sat,1152.354
/nec-smt/large/checkpass_pwd/prp-38-45.smt2,failed,1200.0
/nec-smt/large/checkpass_pwd/prp-7-39.smt2,sat,1032.422
/nec-smt/large/checkpass_pwd/prp-51-46.smt2,failed,1200.0
/nec-smt/large/checkpass_pwd/prp-53-45.smt2,failed,1200.0
/nec-smt/large/checkpass_pwd/prp-11-36.smt2,sat,451.644
/nec-smt/large/checkpass_pwd/prp-41-45.smt2,failed,1200.0
/nec-smt/large/checkpass_pwd/prp-47-48.smt2,failed,1200.0
/nec-smt/large/checkpass_pwd/prp-37-37.smt2,sat,644.874
/nec-smt/large/checkpass_pwd/prp-11-35.smt2,unsat,346.381
/nec-smt/large/checkpass_pwd/prp-25-49.smt2,failed,1200.0
/nec-smt/large/checkpass_pwd/prp-25-46.smt2,failed,1200.0
/nec-smt/large/checkpass_pwd/prp-22-50.smt2,failed,1200.0
/nec-smt/large/checkpass_pwd/prp-14-43.smt2,failed,1200.0
/nec-smt/large/checkpass_pwd/prp-27-42.smt2,failed,1200.0
/nec-smt/large/checkpass_pwd/prp-34-37.smt2,sat,613.768
/nec-smt/large/checkpass_pwd/prp-32-36.smt2,unsat,638.663
/nec-smt/large/checkpass_pwd/prp-37-35.smt2,sat,686.289
/nec-smt/large/checkpass_pwd/prp-40-39.smt2,unsat,1002.8385212421417
/nec-smt/large/checkpass_pwd/prp-33-37.smt2,sat,548.7343502044678
/nec-smt/large/checkpass_pwd/prp-24-35.smt2,sat,396.002
/nec-smt/large/checkpass_pwd/prp-4-35.smt2,sat,420.78896975517273
/nec-smt/large/checkpass_pwd/prp-49-46.smt2,failed,1200.0
/nec-smt/large/checkpass_pwd/prp-54-49.smt2,failed,1200.0
/nec-smt/large/checkpass_pwd/prp-25-45.smt2,failed,1200.0
/nec-smt/large/checkpass_pwd/prp-43-47.smt2,failed,1200.0
/nec-smt/large/checkpass_pwd/prp-32-41.smt2,failed,1200.0
/nec-smt/large/checkpass_pwd/prp-38-38.smt2,unsat,1104.3075342178345
/nec-smt/large/checkpass_pwd/prp-28-49.smt2,failed,1200.0
/nec-smt/large/checkpass_pwd/prp-45-42.smt2,failed,1200.0
/nec-smt/large/checkpass_pwd/prp-22-45.smt2,failed,1200.0
/nec-smt/large/checkpass_pwd/prp-20-35.smt2,sat,530.335
/nec-smt/large/checkpass_pwd/prp-4-34.smt2,sat,251.799
/nec-smt/large/checkpass_pwd/prp-45-41.smt2,failed,1200.0
/nec-smt/large/checkpass_pwd/prp-19-42.smt2,failed,1200.0
/nec-smt/large/checkpass_pwd/prp-8-44.smt2,failed,1200.0
/nec-smt/large/checkpass_pwd/prp-33-48.smt2,failed,1200.0
/nec-smt/large/checkpass_pwd/prp-27-39.smt2,sat,786.0750057697296
/nec-smt/large/checkpass_pwd/prp-60-49.smt2,failed,1200.0
/nec-smt/large/checkpass_pwd/prp-46-50.smt2,failed,1200.0
/nec-smt/large/checkpass_pwd/prp-5-42.smt2,failed,1200.0
/nec-smt/large/checkpass_pwd/prp-42-39.smt2,failed,1200.0
/nec-smt/large/checkpass_pwd/prp-20-48.smt2,failed,1200.0
/nec-smt/large/checkpass_pwd/prp-30-49.smt2,failed,1200.0
/nec-smt/large/checkpass_pwd/prp-12-38.smt2,sat,635.85
/nec-smt/large/checkpass_pwd/prp-20-38.smt2,sat,1032.8531069755554
/nec-smt/large/checkpass_pwd/prp-4-48.smt2,failed,1200.0
/nec-smt/large/checkpass_pwd/prp-24-43.smt2,failed,1200.0
/nec-smt/large/checkpass_pwd/prp-36-48.smt2,failed,1200.0
/nec-smt/large/checkpass_pwd/prp-5-38.smt2,sat,1001.671
/nec-smt/large/checkpass_pwd/prp-14-39.smt2,sat,1165.359
/nec-smt/large/checkpass_pwd/prp-28-40.smt2,sat,1133.725
/nec-smt/large/checkpass_pwd/prp-42-49.smt2,failed,1200.0
/nec-smt/large/checkpass_pwd/prp-34-44.smt2,failed,1200.0
/nec-smt/large/checkpass_pwd/prp-42-43.smt2,failed,1200.0
/nec-smt/large/checkpass_pwd/prp-56-46.smt2,failed,1200.0
/nec-smt/large/checkpass_pwd/prp-59-50.smt2,failed,1200.0
/nec-smt/large/checkpass_pwd/prp-7-43.smt2,failed,1200.0
/nec-smt/large/checkpass_pwd/prp-27-38.smt2,sat,699.469
/nec-smt/large/checkpass_pwd/prp-23-38.smt2,sat,861.5624024868011
/nec-smt/large/checkpass_pwd/prp-36-44.smt2,failed,1200.0
/nec-smt/large/checkpass_pwd/prp-34-45.smt2,failed,1200.0
/nec-smt/large/checkpass_pwd/prp-49-47.smt2,failed,1200.0
/nec-smt/large/checkpass_pwd/prp-18-50.smt2,failed,1200.0
/nec-smt/large/checkpass_pwd/prp-35-43.smt2,failed,1200.0
/nec-smt/large/checkpass_pwd/prp-22-43.smt2,failed,1200.0
/nec-smt/large/checkpass_pwd/prp-24-39.smt2,sat,1096.5354976654053
/nec-smt/large/checkpass_pwd/prp-19-34.smt2,sat,169.34
/nec-smt/large/checkpass_pwd/prp-19-43.smt2,failed,1200.0
/nec-smt/large/checkpass_pwd/prp-24-36.smt2,sat,356.603
/nec-smt/large/checkpass_pwd/prp-45-40.smt2,unsat,1133.917
/nec-smt/large/checkpass_pwd/prp-8-42.smt2,failed,1200.0
/nec-smt/large/checkpass_pwd/prp-20-37.smt2,sat,867.369
/nec-smt/large/checkpass_pwd/prp-63-50.smt2,failed,1200.0
/nec-smt/large/checkpass_pwd/prp-44-40.smt2,failed,1200.0
/nec-smt/large/checkpass_pwd/prp-17-50.smt2,failed,1200.0
/nec-smt/large/checkpass_pwd/prp-38-49.smt2,failed,1200.0
/nec-smt/large/checkpass_pwd/prp-34-38.smt2,sat,716.797
/nec-smt/large/checkpass_pwd/prp-39-50.smt2,failed,1200.0
/nec-smt/large/checkpass_pwd/prp-52-47.smt2,failed,1200.0
/nec-smt/large/checkpass_pwd/prp-29-48.smt2,failed,1200.0
/nec-smt/large/checkpass_pwd/prp-25-40.smt2,sat,1147.938
/nec-smt/large/checkpass_pwd/prp-28-41.smt2,failed,1200.0
/nec-smt/large/checkpass_pwd/prp-28-45.smt2,failed,1200.0
/nec-smt/large/checkpass_pwd/prp-18-35.smt2,sat,258.238
/nec-smt/large/checkpass_pwd/prp-7-36.smt2,sat,477.59
/nec-smt/large/checkpass_pwd/prp-48-45.smt2,failed,1200.0
/nec-smt/large/checkpass_pwd/prp-30-50.smt2,failed,1200.0
/nec-smt/large/checkpass_pwd/prp-13-50.smt2,failed,1200.0
/nec-smt/large/checkpass_pwd/prp-43-43.smt2,failed,1200.0
/nec-smt/large/checkpass_pwd/prp-20-49.smt2,failed,1200.0
/nec-smt/large/checkpass_pwd/prp-37-45.smt2,failed,1200.0
/nec-smt/large/checkpass_pwd/prp-18-38.smt2,sat,1066.23
/nec-smt/large/checkpass_pwd/prp-27-37.smt2,sat,706.776
/nec-smt/large/checkpass_pwd/prp-33-36.smt2,sat,776.407
/nec-smt/large/checkpass_pwd/prp-30-39.smt2,failed,1200.0
/nec-smt/large/checkpass_pwd/prp-28-38.smt2,sat,632.672
/nec-smt/large/checkpass_pwd/prp-34-34.smt2,unsat,422.709
/nec-smt/large/checkpass_pwd/prp-48-41.smt2,failed,1200.0
/nec-smt/large/checkpass_pwd/prp-24-37.smt2,sat,497.911
/nec-smt/large/checkpass_pwd/prp-20-46.smt2,failed,1200.0
/nec-smt/large/checkpass_pwd/prp-18-49.smt2,failed,1200.0
/nec-smt/large/checkpass_pwd/prp-13-45.smt2,failed,1200.0
/nec-smt/large/checkpass_pwd/prp-42-42.smt2,failed,1200.0
/nec-smt/large/checkpass_pwd/prp-28-43.smt2,failed,1200.0
/nec-smt/large/checkpass_pwd/prp-19-47.smt2,failed,1200.0
/nec-smt/large/checkpass_pwd/prp-40-50.smt2,failed,1200.0
/nec-smt/large/checkpass_pwd/prp-42-50.smt2,failed,1200.0
/nec-smt/large/checkpass_pwd/prp-33-43.smt2,failed,1200.0
/nec-smt/large/checkpass_pwd/prp-43-45.smt2,failed,1200.0
/nec-smt/large/checkpass_pwd/prp-5-46.smt2,failed,1200.0
/nec-smt/large/checkpass_pwd/prp-28-34.smt2,unsat,433.002
/nec-smt/large/checkpass_pwd/prp-34-43.smt2,failed,1200.0
/nec-smt/large/checkpass_pwd/prp-17-37.smt2,sat,642.22
/nec-smt/large/checkpass_pwd/prp-16-47.smt2,failed,1200.0
/nec-smt/large/checkpass_pwd/prp-7-44.smt2,failed,1200.0
/nec-smt/large/checkpass_pwd/prp-28-39.smt2,sat,923.539
/nec-smt/large/checkpass_pwd/prp-47-41.smt2,failed,1200.0
/nec-smt/large/checkpass_pwd/prp-10-34.smt2,unsat,139.686
/nec-smt/large/checkpass_pwd/prp-36-35.smt2,unsat,301.222
/nec-smt/large/checkpass_pwd/prp-26-35.smt2,sat,457.595
/nec-smt/large/checkpass_pwd/prp-8-47.smt2,failed,1200.0
/nec-smt/large/checkpass_pwd/prp-36-45.smt2,failed,1200.0
/nec-smt/large/checkpass_pwd/prp-29-46.smt2,failed,1200.0
/nec-smt/large/checkpass_pwd/prp-43-46.smt2,failed,1200.0
/nec-smt/large/checkpass_pwd/prp-13-49.smt2,failed,1200.0
/nec-smt/large/checkpass_pwd/prp-5-44.smt2,failed,1200.0
/nec-smt/large/checkpass_pwd/prp-46-46.smt2,failed,1200.0
/nec-smt/large/checkpass_pwd/prp-42-38.smt2,failed,1200.0
/nec-smt/large/checkpass_pwd/prp-46-49.smt2,failed,1200.0
/nec-smt/large/checkpass_pwd/prp-43-39.smt2,unsat,1070.726
/nec-smt/large/checkpass_pwd/prp-29-45.smt2,failed,1200.0
/nec-smt/large/checkpass_pwd/prp-50-48.smt2,failed,1200.0
/nec-smt/large/checkpass_pwd/prp-19-39.smt2,sat,553.323
/nec-smt/large/checkpass_pwd/prp-52-50.smt2,failed,1200.0
/nec-smt/large/checkpass_pwd/prp-4-41.smt2,failed,1200.0
/nec-smt/large/checkpass_pwd/prp-55-50.smt2,failed,1200.0
/nec-smt/large/checkpass_pwd/prp-22-44.smt2,failed,1200.0
/nec-smt/large/checkpass_pwd/prp-39-44.smt2,failed,1200.0
/nec-smt/large/checkpass_pwd/prp-24-40.smt2,sat,783.608
/nec-smt/large/checkpass_pwd/prp-7-35.smt2,sat,306.37754917144775
/nec-smt/large/checkpass_pwd/prp-13-46.smt2,failed,1200.0
/nec-smt/large/checkpass_pwd/prp-16-40.smt2,sat,706.738
/nec-smt/large/checkpass_pwd/prp-18-39.smt2,sat,822.395
/nec-smt/large/checkpass_pwd/prp-55-48.smt2,failed,1200.0
/nec-smt/large/checkpass_pwd/prp-22-46.smt2,failed,1200.0
/nec-smt/large/checkpass_pwd/prp-43-48.smt2,failed,1200.0
/nec-smt/large/checkpass_pwd/prp-13-44.smt2,failed,1200.0
/nec-smt/large/checkpass_pwd/prp-48-48.smt2,failed,1200.0
/nec-smt/large/checkpass_pwd/prp-18-48.smt2,failed,1200.0
/nec-smt/large/checkpass_pwd/prp-18-47.smt2,failed,1200.0
/nec-smt/large/checkpass_pwd/prp-44-47.smt2,failed,1200.0
/nec-smt/large/checkpass_pwd/prp-29-39.smt2,sat,755.021
/nec-smt/large/checkpass_pwd/prp-38-37.smt2,unsat,1010.939
/nec-smt/large/checkpass_pwd/prp-40-38.smt2,unsat,662.57
/nec-smt/large/checkpass_pwd/prp-62-50.smt2,failed,1200.0
/nec-smt/large/checkpass_pwd/prp-19-46.smt2,failed,1200.0
/nec-smt/large/checkpass_pwd/prp-43-40.smt2,sat,1107.1145844459534
/nec-smt/large/checkpass_pwd/prp-40-47.smt2,failed,1200.0
/nec-smt/large/checkpass_pwd/prp-32-38.smt2,sat,1125.314
/nec-smt/large/checkpass_pwd/prp-37-39.smt2,sat,1069.6637954711914
/nec-smt/large/checkpass_pwd/prp-28-47.smt2,failed,1200.0
/nec-smt/large/checkpass_pwd/prp-15-36.smt2,unsat,593.022
/nec-smt/large/checkpass_pwd/prp-36-43.smt2,failed,1200.0
/nec-smt/large/checkpass_pwd/prp-39-48.smt2,failed,1200.0
/nec-smt/large/checkpass_pwd/prp-54-46.smt2,failed,1200.0
/nec-smt/large/checkpass_pwd/prp-53-48.smt2,failed,1200.0
/nec-smt/large/checkpass_pwd/prp-20-34.smt2,sat,313.964
/nec-smt/large/checkpass_pwd/prp-8-50.smt2,failed,1200.0
/nec-smt/large/checkpass_pwd/prp-14-46.smt2,failed,1200.0
/nec-smt/large/checkpass_pwd/prp-33-40.smt2,failed,1200.0
/nec-smt/large/checkpass_pwd/prp-46-41.smt2,sat,1089.2588613033295
/nec-smt/large/checkpass_pwd/prp-59-49.smt2,failed,1200.0
/nec-smt/large/checkpass_pwd/prp-30-36.smt2,sat,400.75312662124634
/nec-smt/large/checkpass_pwd/prp-52-46.smt2,failed,1200.0
/nec-smt/large/checkpass_pwd/prp-29-43.smt2,failed,1200.0
/nec-smt/large/checkpass_pwd/prp-23-41.smt2,failed,1200.0
/nec-smt/large/checkpass_pwd/prp-5-39.smt2,sat,920.159
/nec-smt/large/checkpass_pwd/prp-14-41.smt2,failed,1200.0
/nec-smt/large/checkpass_pwd/prp-36-49.smt2,failed,1200.0
/nec-smt/large/checkpass_pwd/prp-32-46.smt2,failed,1200.0
/nec-smt/large/checkpass_pwd/prp-20-41.smt2,failed,1200.0
/nec-smt/large/checkpass_pwd/prp-33-45.smt2,failed,1200.0
/nec-smt/large/checkpass_pwd/prp-40-46.smt2,failed,1200.0
/nec-smt/large/checkpass_pwd/prp-37-48.smt2,failed,1200.0
/nec-smt/large/checkpass_pwd/prp-50-45.smt2,failed,1200.0
/nec-smt/large/checkpass_pwd/prp-28-35.smt2,sat,676.5250754356384
/nec-smt/large/checkpass_pwd/prp-33-41.smt2,failed,1200.0
/nec-smt/large/checkpass_pwd/prp-16-34.smt2,sat,328.93368792533875
/nec-smt/large/checkpass_pwd/prp-39-36.smt2,unsat,1153.149
/nec-smt/large/checkpass_pwd/prp-51-47.smt2,failed,1200.0
/nec-smt/large/checkpass_pwd/prp-56-47.smt2,failed,1200.0
/nec-smt/large/checkpass_pwd/prp-8-36.smt2,sat,544.707
/nec-smt/large/checkpass_pwd/prp-28-48.smt2,failed,1200.0
/nec-smt/large/checkpass_pwd/prp-4-37.smt2,sat,634.413
/nec-smt/large/checkpass_pwd/prp-4-49.smt2,failed,1200.0
/nec-smt/large/checkpass_pwd/prp-27-40.smt2,failed,1200.0
/nec-smt/large/checkpass_pwd/prp-43-50.smt2,failed,1200.0
/nec-smt/large/checkpass_pwd/prp-7-48.smt2,failed,1200.0
/nec-smt/large/checkpass_pwd/prp-7-49.smt2,failed,1200.0
/nec-smt/large/checkpass_pwd/prp-8-39.smt2,sat,1082.1058032512665
/nec-smt/large/checkpass_pwd/prp-29-50.smt2,failed,1200.0
/nec-smt/large/checkpass_pwd/prp-38-42.smt2,failed,1200.0
/nec-smt/large/checkpass_pwd/prp-41-41.smt2,failed,1200.0
/nec-smt/large/checkpass_pwd/prp-4-46.smt2,failed,1200.0
/nec-smt/large/checkpass_pwd/prp-35-34.smt2,sat,630.567
/nec-smt/large/checkpass_pwd/prp-38-50.smt2,failed,1200.0
/nec-smt/large/checkpass_pwd/prp-54-50.smt2,failed,1200.0
/nec-smt/large/checkpass_pwd/prp-36-47.smt2,failed,1200.0
/nec-smt/large/checkpass_pwd/prp-17-41.smt2,failed,1200.0
/nec-smt/large/checkpass_pwd/prp-44-46.smt2,failed,1200.0
/nec-smt/large/checkpass_pwd/prp-40-43.smt2,failed,1200.0
/nec-smt/large/checkpass_pwd/prp-48-50.smt2,failed,1200.0
/nec-smt/large/checkpass_pwd/prp-30-46.smt2,failed,1200.0
/nec-smt/large/checkpass_pwd/prp-5-34.smt2,sat,260.8266246318817
/nec-smt/large/checkpass_pwd/prp-53-46.smt2,failed,1200.0
/nec-smt/large/checkpass_pwd/prp-42-47.smt2,failed,1200.0
/nec-smt/large/checkpass_pwd/prp-7-37.smt2,sat,471.445
/nec-smt/large/checkpass_pwd/prp-33-34.smt2,sat,427.382
/nec-smt/large/checkpass_pwd/prp-13-34.smt2,sat,385.0143508911133
/nec-smt/large/checkpass_pwd/prp-48-44.smt2,failed,1200.0
/nec-smt/large/checkpass_pwd/prp-24-44.smt2,failed,1200.0
/nec-smt/large/checkpass_pwd/prp-11-34.smt2,sat,200.754
/nec-smt/large/checkpass_pwd/prp-41-46.smt2,failed,1200.0
/nec-smt/large/checkpass_pwd/prp-16-37.smt2,sat,307.5771565437317
/nec-smt/large/checkpass_pwd/prp-22-36.smt2,sat,604.777
/nec-smt/large/checkpass_pwd/prp-8-38.smt2,sat,755.193
/nec-smt/large/checkpass_pwd/prp-46-47.smt2,failed,1200.0
/nec-smt/large/checkpass_pwd/prp-8-35.smt2,sat,620.6555213928223
/nec-smt/large/checkpass_pwd/prp-29-37.smt2,sat,561.406
/nec-smt/large/checkpass_pwd/prp-17-38.smt2,sat,730.369
/nec-smt/large/checkpass_pwd/prp-41-50.smt2,failed,1200.0
/nec-smt/large/checkpass_pwd/prp-58-47.smt2,failed,1200.0
/nec-smt/large/checkpass_pwd/prp-52-48.smt2,failed,1200.0
/nec-smt/large/checkpass_pwd/prp-33-39.smt2,sat,815.024
/nec-smt/large/checkpass_pwd/prp-29-34.smt2,unsat,280.134
/nec-smt/large/checkpass_pwd/prp-55-46.smt2,failed,1200.0
/nec-smt/large/checkpass_pwd/prp-34-35.smt2,sat,394.911
/nec-smt/large/checkpass_pwd/prp-49-44.smt2,failed,1200.0
/nec-smt/large/checkpass_pwd/prp-46-40.smt2,unsat,665.391
/nec-smt/large/checkpass_pwd/prp-27-48.smt2,failed,1200.0
/nec-smt/large/checkpass_pwd/prp-5-45.smt2,failed,1200.0
/nec-smt/large/checkpass_pwd/prp-33-50.smt2,failed,1200.0
/nec-smt/large/checkpass_pwd/prp-19-38.smt2,sat,575.83
/nec-smt/large/checkpass_pwd/prp-55-47.smt2,failed,1200.0
/nec-smt/large/checkpass_pwd/prp-42-41.smt2,failed,1200.0
/nec-smt/large/checkpass_pwd/prp-39-45.smt2,failed,1200.0
/nec-smt/large/checkpass_pwd/prp-49-48.smt2,failed,1200.0
/nec-smt/large/checkpass_pwd/prp-45-43.smt2,failed,1200.0
/nec-smt/large/checkpass_pwd/prp-51-49.smt2,failed,1200.0
/nec-smt/large/checkpass_pwd/prp-24-47.smt2,failed,1200.0
/nec-smt/large/checkpass_pwd/prp-50-49.smt2,failed,1200.0
/nec-smt/large/checkpass_pwd/prp-24-34.smt2,sat,254.712
/nec-smt/large/checkpass_pwd/prp-38-48.smt2,failed,1200.0
/nec-smt/large/checkpass_pwd/prp-30-42.smt2,failed,1200.0
/nec-smt/large/checkpass_pwd/prp-34-39.smt2,sat,608.419
/nec-smt/large/checkpass_pwd/prp-5-35.smt2,sat,413.36240911483765
/nec-smt/large/checkpass_pwd/prp-19-49.smt2,failed,1200.0
/nec-smt/large/checkpass_pwd/prp-16-39.smt2,sat,898.757
/nec-smt/large/checkpass_pwd/prp-45-49.smt2,failed,1200.0
/nec-smt/large/checkpass_pwd/prp-31-42.smt2,failed,1200.0
/nec-smt/large/checkpass_pwd/prp-16-49.smt2,failed,1200.0
/nec-smt/large/checkpass_pwd/prp-49-41.smt2,failed,1200.0
/nec-smt/large/checkpass_pwd/prp-14-50.smt2,failed,1200.0
/nec-smt/large/checkpass_pwd/prp-53-49.smt2,failed,1200.0
/nec-smt/large/checkpass_pwd/prp-31-34.smt2,sat,372.936
/nec-smt/large/checkpass_pwd/prp-17-35.smt2,sat,366.269
/nec-smt/large/checkpass_pwd/prp-30-41.smt2,failed,1200.0
/nec-smt/large/checkpass_pwd/prp-39-43.smt2,failed,1200.0
/nec-smt/large/checkpass_pwd/prp-27-34.smt2,unsat,294.041
/nec-smt/large/checkpass_pwd/prp-25-42.smt2,failed,1200.0
/nec-smt/large/checkpass_pwd/prp-39-46.smt2,failed,1200.0
/nec-smt/large/checkpass_pwd/prp-39-41.smt2,failed,1200.0
/nec-smt/large/checkpass_pwd/prp-36-41.smt2,failed,1200.0
/nec-smt/large/checkpass_pwd/prp-27-50.smt2,failed,1200.0
/nec-smt/large/checkpass_pwd/prp-56-49.smt2,failed,1200.0
/nec-smt/large/checkpass_pwd/prp-25-36.smt2,sat,588.906
/nec-smt/large/checkpass_pwd/prp-60-50.smt2,failed,1200.0
/nec-smt/large/checkpass_pwd/prp-27-45.smt2,failed,1200.0
/nec-smt/large/checkpass_pwd/prp-38-35.smt2,unsat,1113.753
/nec-smt/large/checkpass_pwd/prp-40-49.smt2,failed,1200.0
/nec-smt/large/checkpass_pwd/prp-35-47.smt2,failed,1200.0
/nec-smt/large/checkpass_pwd/prp-22-40.smt2,failed,1200.0
/nec-smt/large/checkpass_pwd/prp-21-37.smt2,sat,688.673
/nec-smt/large/checkpass_pwd/prp-18-43.smt2,failed,1200.0
/nec-smt/large/checkpass_pwd/prp-48-40.smt2,failed,1200.0
/nec-smt/large/checkpass_pwd/prp-20-45.smt2,failed,1200.0
/nec-smt/large/checkpass_pwd/prp-24-42.smt2,failed,1200.0
/nec-smt/large/checkpass_pwd/prp-20-47.smt2,failed,1200.0
/nec-smt/large/checkpass_pwd/prp-43-41.smt2,failed,1200.0
/nec-smt/large/checkpass_pwd/prp-37-46.smt2,failed,1200.0
/nec-smt/large/checkpass_pwd/prp-56-48.smt2,failed,1200.0
/nec-smt/large/checkpass_pwd/prp-4-39.smt2,sat,1187.523
/nec-smt/large/checkpass_pwd/prp-4-45.smt2,failed,1200.0
/nec-smt/large/checkpass_pwd/prp-34-50.smt2,failed,1200.0
/nec-smt/large/checkpass_pwd/prp-24-50.smt2,failed,1200.0
/nec-smt/large/checkpass_pwd/prp-5-49.smt2,failed,1200.0
/nec-smt/large/checkpass_pwd/prp-5-41.smt2,failed,1200.0
/nec-smt/large/checkpass_pwd/prp-13-43.smt2,failed,1200.0
/nec-smt/large/checkpass_pwd/prp-7-47.smt2,failed,1200.0
/nec-smt/large/checkpass_pwd/prp-16-35.smt2,sat,393.147
/nec-smt/large/checkpass_pwd/prp-39-39.smt2,failed,1200.0
/nec-smt/large/checkpass_pwd/prp-12-37.smt2,unsat,550.087
/nec-smt/large/checkpass_pwd/prp-8-37.smt2,sat,551.412
/nec-smt/large/checkpass_pwd/prp-42-46.smt2,failed,1200.0
/nec-smt/large/checkpass_pwd/prp-34-46.smt2,failed,1200.0
/nec-smt/large/checkpass_pwd/prp-28-36.smt2,sat,363.522
/nec-smt/large/checkpass_pwd/prp-36-42.smt2,failed,1200.0
/nec-smt/large/checkpass_pwd/prp-46-42.smt2,sat,840.387
/nec-smt/large/checkpass_pwd/prp-30-48.smt2,failed,1200.0
/nec-smt/large/checkpass_pwd/prp-46-44.smt2,failed,1200.0
/nec-smt/large/checkpass_pwd/prp-49-45.smt2,failed,1200.0
/nec-smt/large/checkpass_pwd/prp-49-43.smt2,failed,1200.0
/nec-smt/large/checkpass_pwd/prp-46-48.smt2,failed,1200.0
/nec-smt/large/checkpass_pwd/prp-35-45.smt2,failed,1200.0
/nec-smt/large/checkpass_pwd/prp-41-40.smt2,failed,1200.0
/nec-smt/large/checkpass_pwd/prp-51-50.smt2,failed,1200.0
/nec-smt/large/checkpass_pwd/prp-14-40.smt2,failed,1200.0
/nec-smt/large/checkpass_pwd/prp-27-46.smt2,failed,1200.0
/nec-smt/large/checkpass_pwd/prp-42-44.smt2,failed,1200.0
/nec-smt/large/checkpass_pwd/prp-31-43.smt2,failed,1200.0
/nec-smt/large/checkpass_pwd/prp-50-46.smt2,failed,1200.0
/nec-smt/large/checkpass_pwd/prp-29-36.smt2,sat,546.6326794624329
/nec-smt/large/checkpass_pwd/prp-42-45.smt2,failed,1200.0
/nec-smt/large/checkpass_pwd/prp-18-34.smt2,sat,211.348
/nec-smt/large/checkpass_pwd/prp-24-48.smt2,failed,1200.0
/nec-smt/large/checkpass_pwd/prp-20-43.smt2,failed,1200.0
/nec-smt/large/checkpass_pwd/prp-39-37.smt2,unsat,1039.58
/nec-smt/large/checkpass_pwd/prp-5-47.smt2,failed,1200.0
/nec-smt/large/checkpass_pwd/prp-26-43.smt2,failed,1200.0
/nec-smt/large/checkpass_pwd/prp-40-44.smt2,failed,1200.0
/nec-smt/large/checkpass_pwd/prp-30-38.smt2,sat,1110.834879398346
/nec-smt/large/checkpass_pwd/prp-14-36.smt2,sat,488.059
/nec-smt/large/checkpass_pwd/prp-46-45.smt2,failed,1200.0
/nec-smt/large/checkpass_pwd/prp-38-44.smt2,failed,1200.0
/nec-smt/large/checkpass_pwd/prp-35-38.smt2,sat,876.779
/nec-smt/large/checkpass_pwd/prp-38-36.smt2,unsat,1165.225
/nec-smt/large/checkpass_pwd/prp-26-44.smt2,failed,1200.0
/nec-smt/large/checkpass_pwd/prp-41-43.smt2,failed,1200.0
/nec-smt/large/checkpass_pwd/prp-22-34.smt2,sat,359.819
/nec-smt/large/checkpass_pwd/prp-51-44.smt2,failed,1200.0
/nec-smt/large/checkpass_pwd/prp-32-44.smt2,failed,1200.0
/nec-smt/large/checkpass_pwd/prp-50-44.smt2,failed,1200.0
/nec-smt/large/checkpass_pwd/prp-29-40.smt2,failed,1200.0
/nec-smt/large/checkpass_pwd/prp-25-43.smt2,failed,1200.0
/nec-smt/large/checkpass_pwd/prp-38-39.smt2,failed,1200.0
/nec-smt/large/checkpass_pwd/prp-55-49.smt2,failed,1200.0
/nec-smt/large/checkpass_pwd/prp-19-41.smt2,sat,1113.67
/nec-smt/large/checkpass_pwd/prp-33-42.smt2,failed,1200.0
/nec-smt/large/checkpass_pwd/prp-25-47.smt2,failed,1200.0
/nec-smt/large/checkpass_pwd/prp-17-40.smt2,failed,1200.0
/nec-smt/large/checkpass_pwd/prp-7-45.smt2,failed,1200.0
/nec-smt/large/checkpass_pwd/prp-32-50.smt2,failed,1200.0
/nec-smt/large/checkpass_pwd/prp-22-39.smt2,sat,898.879
/nec-smt/large/checkpass_pwd/prp-16-38.smt2,sat,729.244
/nec-smt/large/checkpass_pwd/prp-16-46.smt2,failed,1200.0
/nec-smt/large/checkpass_pwd/prp-21-35.smt2,sat,731.965
/nec-smt/large/checkpass_pwd/prp-14-44.smt2,failed,1200.0
/nec-smt/large/checkpass_pwd/prp-36-39.smt2,sat,795.137
/nec-smt/large/checkpass_pwd/prp-30-34.smt2,sat,287.665
/nec-smt/large/checkpass_pwd/prp-21-41.smt2,sat,1087.83
/nec-smt/large/checkpass_pwd/prp-8-48.smt2,failed,1200.0
/nec-smt/large/checkpass_pwd/prp-16-43.smt2,failed,1200.0
/nec-smt/large/checkpass_pwd/prp-40-40.smt2,unsat,1075.889
/nec-smt/large/checkpass_pwd/prp-48-42.smt2,failed,1200.0
/nec-smt/large/checkpass_pwd/prp-27-44.smt2,failed,1200.0
/nec-smt/large/checkpass_pwd/prp-13-41.smt2,failed,1200.0
/nec-smt/large/checkpass_pwd/prp-22-37.smt2,sat,802.324
/nec-smt/large/checkpass_pwd/prp-34-41.smt2,failed,1200.0
/nec-smt/large/checkpass_pwd/prp-18-42.smt2,failed,1200.0
/nec-smt/large/checkpass_pwd/prp-21-39.smt2,sat,808.723
/nec-smt/large/checkpass_pwd/prp-57-47.smt2,failed,1200.0
/nec-smt/large/checkpass_pwd/prp-19-50.smt2,failed,1200.0
/nec-smt/large/checkpass_pwd/prp-43-42.smt2,failed,1200.0
/nec-smt/large/checkpass_pwd/prp-4-36.smt2,sat,610.855
/nec-smt/large/checkpass_pwd/prp-34-42.smt2,failed,1200.0
/nec-smt/large/checkpass_pwd/prp-41-39.smt2,failed,1200.0
/nec-smt/large/checkpass_pwd/prp-47-50.smt2,failed,1200.0
/nec-smt/large/checkpass_pwd/prp-19-48.smt2,failed,1200.0
/nec-smt/large/checkpass_pwd/prp-16-36.smt2,sat,374.353
/nec-smt/large/checkpass_pwd/prp-41-48.smt2,failed,1200.0
/nec-smt/large/checkpass_pwd/prp-38-40.smt2,failed,1200.0
/nec-smt/large/checkpass_pwd/prp-38-47.smt2,failed,1200.0
/nec-smt/large/checkpass_pwd/prp-26-41.smt2,failed,1200.0
/nec-smt/large/checkpass_pwd/prp-17-34.smt2,sat,293.185
/nec-smt/large/checkpass_pwd/prp-25-35.smt2,sat,399.763
/nec-smt/large/checkpass_pwd/prp-35-44.smt2,failed,1200.0
/nec-smt/large/checkpass_pwd/prp-20-40.smt2,failed,1200.0
/nec-smt/large/checkpass_pwd/prp-16-44.smt2,failed,1200.0
/nec-smt/large/checkpass_pwd/prp-43-44.smt2,failed,1200.0
/nec-smt/large/checkpass_pwd/prp-37-47.smt2,failed,1200.0
/nec-smt/large/checkpass_pwd/prp-5-37.smt2,sat,648.6905953884125
/nec-smt/large/checkpass_pwd/prp-39-49.smt2,failed,1200.0
/nec-smt/large/checkpass_pwd/prp-14-42.smt2,failed,1200.0
/nec-smt/large/checkpass_pwd/prp-16-48.smt2,failed,1200.0
/nec-smt/large/checkpass_pwd/prp-25-37.smt2,sat,699.013
/nec-smt/large/checkpass_pwd/prp-30-44.smt2,failed,1200.0
/nec-smt/large/checkpass_pwd/prp-49-42.smt2,failed,1200.0
/nec-smt/large/checkpass_pwd/prp-15-37.smt2,sat,663.429
/nec-smt/large/checkpass_pwd/prp-43-38.smt2,failed,1200.0
/nec-smt/large/checkpass_pwd/prp-32-42.smt2,failed,1200.0
/nec-smt/large/checkpass_pwd/prp-26-40.smt2,sat,1196.668
/nec-smt/large/checkpass_pwd/prp-47-46.smt2,failed,1200.0
/nec-smt/large/checkpass_pwd/prp-40-42.smt2,failed,1200.0
/nec-smt/large/checkpass_pwd/prp-30-37.smt2,sat,548.918
/nec-smt/large/checkpass_pwd/prp-35-46.smt2,failed,1200.0
/nec-smt/large/checkpass_pwd/prp-18-46.smt2,failed,1200.0
/nec-smt/large/checkpass_pwd/prp-35-41.smt2,failed,1200.0
/nec-smt/large/checkpass_pwd/prp-19-37.smt2,sat,767.2001860141754
/nec-smt/large/checkpass_pwd/prp-14-37.smt2,sat,1044.761
/nec-smt/large/checkpass_pwd/prp-22-42.smt2,failed,1200.0
/nec-smt/large/checkpass_pwd/prp-19-35.smt2,sat,326.1078715324402
/nec-smt/large/checkpass_pwd/prp-29-47.smt2,failed,1200.0
/nec-smt/large/checkpass_pwd/prp-36-50.smt2,failed,1200.0
/nec-smt/large/checkpass_pwd/prp-4-47.smt2,failed,1200.0
/nec-smt/large/checkpass_pwd/prp-47-45.smt2,failed,1200.0
/nec-smt/large/checkpass_pwd/prp-32-35.smt2,sat,217.306
/nec-smt/large/checkpass_pwd/prp-44-44.smt2,failed,1200.0
/nec-smt/large/checkpass_pwd/prp-50-43.smt2,failed,1200.0
/nec-smt/large/checkpass_pwd/prp-7-38.smt2,sat,914.309
/nec-smt/large/checkpass_pwd/prp-29-44.smt2,failed,1200.0
/nec-smt/large/checkpass_pwd/prp-33-38.smt2,sat,1000.859959602356
/nec-smt/large/checkpass_pwd/prp-24-49.smt2,failed,1200.0
/nec-smt/large/checkpass_pwd/prp-5-36.smt2,sat,515.728
/nec-smt/large/checkpass_pwd/prp-45-50.smt2,failed,1200.0
/nec-smt/large/checkpass_pwd/prp-27-41.smt2,failed,1200.0
/nec-smt/large/checkpass_pwd/prp-4-42.smt2,failed,1200.0
/nec-smt/large/checkpass_pwd/prp-7-41.smt2,sat,1078.447169303894
/nec-smt/large/checkpass_pwd/prp-34-36.smt2,unsat,452.572
/nec-smt/large/checkpass_pwd/prp-21-38.smt2,unsat,792.465
/nec-smt/large/checkpass_pwd/prp-18-40.smt2,failed,1200.0
/nec-smt/large/checkpass_pwd/prp-23-36.smt2,sat,443.4934284687042
/nec-smt/large/checkpass_pwd/prp-24-46.smt2,failed,1200.0
/nec-smt/large/checkpass_pwd/prp-14-47.smt2,failed,1200.0
/nec-smt/large/checkpass_pwd/prp-33-49.smt2,failed,1200.0
/nec-smt/large/checkpass_pwd/prp-48-46.smt2,failed,1200.0
/nec-smt/large/checkpass_pwd/prp-14-34.smt2,sat,472.904
/nec-smt/large/checkpass_pwd/prp-45-44.smt2,failed,1200.0
/nec-smt/large/checkpass_pwd/prp-35-36.smt2,sat,486.877
/nec-smt/large/checkpass_pwd/prp-37-44.smt2,failed,1200.0
/nec-smt/large/checkpass_pwd/prp-8-34.smt2,sat,362.488
/nec-smt/large/checkpass_pwd/prp-54-45.smt2,failed,1200.0
/nec-smt/large/checkpass_pwd/prp-25-34.smt2,sat,280.293
/nec-smt/large/checkpass_pwd/prp-22-35.smt2,sat,359.682
/nec-smt/large/checkpass_pwd/prp-36-40.smt2,failed,1200.0
/nec-smt/large/checkpass_pwd/prp-13-38.smt2,sat,1087.5886986255646
/nec-smt/large/checkpass_pwd/prp-50-47.smt2,failed,1200.0
/nec-smt/large/checkpass_pwd/prp-7-40.smt2,failed,1200.0
/nec-smt/large/checkpass_pwd/prp-41-38.smt2,unsat,1044.821
/nec-smt/large/checkpass_pwd/prp-27-47.smt2,failed,1200.0
/nec-smt/large/checkpass_pwd/prp-17-47.smt2,failed,1200.0
/nec-smt/large/checkpass_pwd/prp-39-42.smt2,failed,1200.0
/nec-smt/large/checkpass_pwd/prp-17-45.smt2,failed,1200.0
/nec-smt/large/checkpass_pwd/prp-8-46.smt2,failed,1200.0
/nec-smt/large/checkpass_pwd/prp-28-46.smt2,failed,1200.0
/nec-smt/large/checkpass_pwd/prp-22-48.smt2,failed,1200.0
/nec-smt/large/checkpass_pwd/prp-17-44.smt2,failed,1200.0
/nec-smt/large/checkpass_pwd/prp-57-49.smt2,failed,1200.0
/nec-smt/large/checkpass_pwd/prp-13-42.smt2,failed,1200.0
/nec-smt/large/checkpass_pwd/prp-12-35.smt2,sat,231.907
/nec-smt/large/checkpass_pwd/prp-32-47.smt2,failed,1200.0
/nec-smt/large/checkpass_pwd/prp-5-40.smt2,failed,1200.0
/nec-smt/large/checkpass_pwd/prp-22-47.smt2,failed,1200.0
/nec-smt/large/checkpass_pwd/prp-61-50.smt2,failed,1200.0
/nec-smt/large/checkpass_pwd/prp-23-42.smt2,failed,1200.0
/nec-smt/large/checkpass_pwd/prp-48-49.smt2,failed,1200.0
/nec-smt/large/checkpass_pwd/prp-4-40.smt2,failed,1200.0
/nec-smt/large/checkpass_pwd/prp-5-43.smt2,failed,1200.0
/nec-smt/large/checkpass_pwd/prp-47-47.smt2,failed,1200.0
/nec-smt/large/checkpass_pwd/prp-47-49.smt2,failed,1200.0
/nec-smt/large/checkpass_pwd/prp-47-42.smt2,failed,1200.0
/nec-smt/large/checkpass_pwd/prp-32-49.smt2,failed,1200.0
/nec-smt/large/checkpass_pwd/prp-58-49.smt2,failed,1200.0
/nec-smt/large/checkpass_pwd/prp-45-39.smt2,failed,1200.0
/nec-smt/large/checkpass_pwd/prp-17-46.smt2,failed,1200.0
/nec-smt/large/checkpass_pwd/prp-33-44.smt2,failed,1200.0
/nec-smt/large/checkpass_pwd/prp-8-43.smt2,failed,1200.0
/nec-smt/large/checkpass_pwd/prp-41-44.smt2,failed,1200.0
/nec-smt/large/checkpass_pwd/prp-50-42.smt2,failed,1200.0
/nec-smt/large/checkpass_pwd/prp-28-42.smt2,failed,1200.0
/nec-smt/large/checkpass_pwd/prp-46-43.smt2,failed,1200.0
/nec-smt/large/checkpass_pwd/prp-48-43.smt2,failed,1200.0
/nec-smt/large/checkpass_pwd/prp-42-40.smt2,failed,1200.0
/nec-smt/large/checkpass_pwd/prp-22-38.smt2,sat,694.413
/nec-smt/large/checkpass_pwd/prp-41-47.smt2,failed,1200.0
/nec-smt/large/checkpass_pwd/prp-49-49.smt2,failed,1200.0
/nec-smt/large/checkpass_pwd/prp-30-35.smt2,sat,481.027
/nec-smt/large/checkpass_pwd/prp-45-45.smt2,failed,1200.0
/nec-smt/large/checkpass_pwd/prp-14-38.smt2,sat,631.7
/nec-smt/large/checkpass_pwd/prp-24-41.smt2,failed,1200.0
/nec-smt/large/checkpass_pwd/prp-32-45.smt2,failed,1200.0
/nec-smt/large/checkpass_pwd/prp-30-43.smt2,failed,1200.0
/nec-smt/large/checkpass_pwd/prp-7-46.smt2,failed,1200.0
/nec-smt/large/checkpass_pwd/prp-40-41.smt2,failed,1200.0
/nec-smt/large/checkpass_pwd/prp-14-48.smt2,failed,1200.0
/nec-smt/large/checkpass_pwd/prp-45-46.smt2,failed,1200.0
/nec-smt/large/checkpass_pwd/prp-32-48.smt2,failed,1200.0
/nec-smt/large/checkpass_pwd/prp-13-39.smt2,failed,1200.0
/nec-smt/large/checkpass_pwd/prp-54-47.smt2,failed,1200.0
/nec-smt/large/checkpass_pwd/prp-17-48.smt2,failed,1200.0
/nec-smt/large/checkpass_pwd/prp-36-46.smt2,failed,1200.0
/nec-smt/large/checkpass_pwd/prp-45-48.smt2,failed,1200.0
/nec-smt/large/checkpass_pwd/prp-44-41.smt2,failed,1200.0
/nec-smt/large/checkpass_pwd/prp-52-49.smt2,failed,1200.0
/nec-smt/large/checkpass_pwd/prp-32-39.smt2,sat,1069.665
/nec-smt/large/checkpass_pwd/prp-22-41.smt2,failed,1200.0
/nec-smt/large/checkpass_pwd/prp-36-34.smt2,unsat,313.235
/nec-smt/large/checkpass_pwd/prp-51-48.smt2,failed,1200.0
/nec-smt/large/checkpass_pwd/prp-50-50.smt2,failed,1200.0
/nec-smt/large/checkpass_pwd/prp-16-45.smt2,failed,1200.0
/nec-smt/large/checkpass_pwd/prp-17-42.smt2,failed,1200.0
/nec-smt/large/checkpass_pwd/prp-39-40.smt2,failed,1200.0
/nec-smt/large/checkpass_pwd/prp-17-39.smt2,failed,1200.0
/nec-smt/large/checkpass_pwd/prp-30-45.smt2,failed,1200.0
/nec-smt/large/checkpass_pwd/prp-36-36.smt2,unsat,508.613
/nec-smt/large/checkpass_pwd/prp-20-39.smt2,sat,820.842
/nec-smt/large/checkpass_pwd/prp-24-45.smt2,failed,1200.0
/nec-smt/large/checkpass_pwd/prp-13-36.smt2,sat,720.988
/nec-smt/large/checkpass_pwd/prp-17-49.smt2,failed,1200.0
/nec-smt/large/checkpass_pwd/prp-41-49.smt2,failed,1200.0
/nec-smt/large/checkpass_pwd/prp-32-43.smt2,failed,1200.0
/nec-smt/large/checkpass_pwd/prp-51-43.smt2,failed,1200.0
/nec-smt/large/checkpass_pwd/prp-44-42.smt2,failed,1200.0
/nec-smt/large/checkpass_pwd/prp-44-50.smt2,failed,1200.0
/nec-smt/large/checkpass_pwd/prp-34-47.smt2,failed,1200.0
/nec-smt/large/checkpass_pwd/prp-40-45.smt2,failed,1200.0
/nec-smt/large/checkpass_pwd/prp-29-41.smt2,failed,1200.0
/nec-smt/large/checkpass_pwd/prp-23-40.smt2,sat,905.895
/nec-smt/large/checkpass_pwd/prp-4-44.smt2,failed,1200.0
/nec-smt/large/checkpass_pwd/prp-36-38.smt2,unsat,1123.9982421398163
/nec-smt/large/checkpass_pwd/prp-62-49.smt2,failed,1200.0
/nec-smt/large/checkpass_pwd/prp-24-38.smt2,sat,1187.547
/nec-smt/large/checkpass_pwd/prp-42-48.smt2,failed,1200.0
/nec-smt/large/checkpass_pwd/prp-25-39.smt2,sat,926.218
/nec-smt/large/checkpass_pwd/prp-18-44.smt2,failed,1200.0
/nec-smt/large/checkpass_pwd/prp-7-42.smt2,sat,1189.701271533966
/nec-smt/large/checkpass_pwd/prp-53-50.smt2,failed,1200.0
/nec-smt/large/checkpass_pwd/prp-18-41.smt2,sat,1151.0864551067352
/nec-smt/large/checkpass_pwd/prp-38-46.smt2,failed,1200.0
/nec-smt/large/checkpass_pwd/prp-32-37.smt2,sat,732.981
/nec-smt/large/checkpass_pwd/prp-17-36.smt2,sat,629.686
/nec-smt/large/checkpass_pwd/prp-33-35.smt2,sat,367.474
/nec-smt/large/checkpass_pwd/prp-18-37.smt2,sat,613.182
/nec-smt/large/checkpass_pwd/prp-18-36.smt2,sat,594.136
/nec-smt/large/checkpass_pwd/prp-53-47.smt2,failed,1200.0
/nec-smt/large/checkpass_pwd/prp-52-45.smt2,failed,1200.0
/nec-smt/large/checkpass_pwd/prp-27-36.smt2,sat,511.331
/nec-smt/large/checkpass_pwd/prp-39-38.smt2,failed,1200.0
/nec-smt/large/checkpass_pwd/prp-14-35.smt2,sat,429.748
/nec-smt/large/checkpass_pwd/prp-25-50.smt2,failed,1200.0
/nec-smt/large/checkpass_pwd/prp-47-40.smt2,failed,1200.0
/nec-smt/large/checkpass_pwd/prp-39-47.smt2,failed,1200.0
/nec-smt/large/checkpass_pwd/prp-38-43.smt2,failed,1200.0
/nec-smt/large/checkpass_pwd/prp-46-39.smt2,unsat,922.102
/nec-smt/large/checkpass_pwd/prp-37-42.smt2,failed,1200.0
/nec-smt/large/checkpass_pwd/prp-31-39.smt2,sat,1086.63
/nec-smt/large/checkpass_pwd/prp-14-49.smt2,failed,1200.0
/nec-smt/large/checkpass_pwd/prp-25-44.smt2,failed,1200.0
/nec-smt/large/checkpass_pwd/prp-21-40.smt2,unsat,1099.307
/nec-smt/large/checkpass_pwd/prp-45-47.smt2,failed,1200.0
/nec-smt/large/checkpass_pwd/prp-28-37.smt2,sat,857.1015393733978
/nec-smt/large/checkpass_pwd/prp-54-48.smt2,failed,1200.0
/nec-smt/large/checkpass_pwd/prp-12-34.smt2,sat,248.59
/nec-smt/large/checkpass_pwd/prp-22-49.smt2,failed,1200.0
/nec-smt/large/checkpass_pwd/prp-30-40.smt2,failed,1200.0
/nec-smt/large/checkpass_pwd/prp-60-48.smt2,failed,1200.0
/nec-smt/large/checkpass_pwd/prp-20-36.smt2,sat,398.9299304485321
/nec-smt/large/checkpass_pwd/prp-18-45.smt2,failed,1200.0
/nec-smt/large/checkpass_pwd/prp-47-43.smt2,failed,1200.0
/nec-smt/large/checkpass_pwd/prp-19-44.smt2,failed,1200.0
/nec-smt/large/checkpass_pwd/prp-57-48.smt2,failed,1200.0
/nec-smt/large/checkpass_pwd/prp-44-48.smt2,failed,1200.0
/nec-smt/large/checkpass_pwd/prp-5-50.smt2,failed,1200.0
/nec-smt/large/checkpass_pwd/prp-49-50.smt2,failed,1200.0
/nec-smt/large/checkpass_pwd/prp-20-44.smt2,failed,1200.0
/nec-smt/large/checkpass_pwd/prp-13-40.smt2,failed,1200.0
/nec-smt/large/checkpass_pwd/prp-44-49.smt2,failed,1200.0
/nec-smt/large/checkpass_pwd/prp-47-44.smt2,failed,1200.0
/nec-smt/large/checkpass_pwd/prp-20-50.smt2,failed,1200.0
/nec-smt/large/checkpass_pwd/prp-34-40.smt2,failed,1200.0
/nec-smt/large/checkpass_pwd/prp-27-43.smt2,failed,1200.0
/nec-smt/large/checkpass_pwd/prp-7-34.smt2,sat,293.30976819992065
/nec-smt/large/checkpass_pwd/prp-5-48.smt2,failed,1200.0
/nec-smt/large/checkpass_pwd/prp-41-42.smt2,failed,1200.0
/nec-smt/large/checkpass_pwd/prp-23-39.smt2,unsat,1123.6533691883087
/nec-smt/large/checkpass_pwd/prp-27-49.smt2,failed,1200.0
/nec-smt/large/checkpass_pwd/prp-26-37.smt2,sat,443.105
/nec-smt/large/checkpass_pwd/prp-4-50.smt2,failed,1200.0
/nec-smt/large/checkpass_pwd/prp-8-41.smt2,failed,1200.0
/nec-smt/large/checkpass_pwd/prp-19-36.smt2,sat,425.044
/nec-smt/large/checkpass_pwd/prp-36-37.smt2,sat,702.7168920040131
/nec-smt/large/checkpass_pwd/prp-40-48.smt2,failed,1200.0
/nec-smt/large/checkpass_pwd/prp-17-43.smt2,failed,1200.0
/nec-smt/large/checkpass_pwd/prp-29-49.smt2,failed,1200.0
/nec-smt/large/checkpass_pwd/prp-59-48.smt2,failed,1200.0
/nec-smt/large/checkpass_pwd/prp-57-50.smt2,failed,1200.0
/nec-smt/large/checkpass_pwd/prp-44-45.smt2,failed,1200.0
/nec-smt/large/checkpass_pwd/prp-13-35.smt2,sat,470.246
/nec-smt/large/checkpass_pwd/prp-43-49.smt2,failed,1200.0
/nec-smt/large/checkpass_pwd/prp-19-45.smt2,failed,1200.0
/nec-smt/large/checkpass_pwd/prp-8-49.smt2,failed,1200.0
/nec-smt/large/checkpass_pwd/prp-10-35.smt2,sat,472.587
/nec-smt/large/checkpass_pwd/prp-34-48.smt2,failed,1200.0
/nec-smt/large/checkpass_pwd/prp-29-42.smt2,failed,1200.0
/nec-smt/large/checkpass_pwd/prp-16-42.smt2,failed,1200.0
/nec-smt/large/checkpass_pwd/prp-30-47.smt2,failed,1200.0
/nec-smt/large/checkpass_pwd/prp-48-47.smt2,failed,1200.0
/nec-smt/large/getoption_user/prp-3-48.smt2,failed,1200.0
/nec-smt/large/getoption_user/prp-16-50.smt2,failed,1200.0
/nec-smt/large/getoption_user/prp-11-48.smt2,failed,1200.0
/nec-smt/large/getoption_user/prp-0-49.smt2,failed,1200.0
/nec-smt/large/getoption_user/prp-1-49.smt2,failed,1200.0
/nec-smt/large/getoption_user/prp-13-47.smt2,failed,1200.0
/nec-smt/large/getoption_user/prp-26-46.smt2,failed,1200.0
/nec-smt/large/getoption_user/prp-33-47.smt2,failed,1200.0
/nec-smt/large/getoption_user/prp-10-46.smt2,failed,1200.0
/nec-smt/large/getoption_user/prp-33-46.smt2,failed,1200.0
/nec-smt/large/getoption_user/prp-25-48.smt2,failed,1200.0
/nec-smt/large/getoption_user/prp-7-50.smt2,failed,1200.0
/nec-smt/large/getoption_user/prp-28-50.smt2,failed,1200.0
/nec-smt/large/getoption_user/prp-0-48.smt2,failed,1200.0
/nec-smt/large/getoption_user/prp-34-49.smt2,failed,1200.0
/nec-smt/large/getoption_user/prp-13-48.smt2,failed,1200.0
/nec-smt/large/getoption_user/prp-47-48.smt2,failed,1200.0
/nec-smt/large/getoption_user/prp-25-49.smt2,failed,1200.0
/nec-smt/large/getoption_user/prp-25-46.smt2,failed,1200.0
/nec-smt/large/getoption_user/prp-22-50.smt2,failed,1200.0
/nec-smt/large/getoption_user/prp-9-47.smt2,failed,1200.0
/nec-smt/large/getoption_user/prp-35-48.smt2,failed,1200.0
/nec-smt/large/getoption_user/prp-49-46.smt2,failed,1200.0
/nec-smt/large/getoption_user/prp-43-47.smt2,failed,1200.0
/nec-smt/large/getoption_user/prp-28-49.smt2,failed,1200.0
/nec-smt/large/getoption_user/prp-15-49.smt2,failed,1200.0
/nec-smt/large/getoption_user/prp-12-46.smt2,failed,1200.0
/nec-smt/large/getoption_user/prp-9-49.smt2,failed,1200.0
/nec-smt/large/getoption_user/prp-6-49.smt2,failed,1200.0
/nec-smt/large/getoption_user/prp-33-48.smt2,failed,1200.0
/nec-smt/large/getoption_user/prp-46-50.smt2,failed,1200.0
/nec-smt/large/getoption_user/prp-20-48.smt2,failed,1200.0
/nec-smt/large/getoption_user/prp-30-49.smt2,failed,1200.0
/nec-smt/large/getoption_user/prp-2-46.smt2,failed,1200.0
/nec-smt/large/getoption_user/prp-4-48.smt2,failed,1200.0
/nec-smt/large/getoption_user/prp-36-48.smt2,failed,1200.0
/nec-smt/large/getoption_user/prp-42-49.smt2,failed,1200.0
/nec-smt/large/getoption_user/prp-49-47.smt2,failed,1200.0
/nec-smt/large/getoption_user/prp-18-50.smt2,failed,1200.0
/nec-smt/large/getoption_user/prp-31-49.smt2,failed,1200.0
/nec-smt/large/getoption_user/prp-1-48.smt2,failed,1200.0
/nec-smt/large/getoption_user/prp-23-47.smt2,failed,1200.0
/nec-smt/large/getoption_user/prp-17-50.smt2,failed,1200.0
/nec-smt/large/getoption_user/prp-38-49.smt2,failed,1200.0
/nec-smt/large/getoption_user/prp-39-50.smt2,failed,1200.0
/nec-smt/large/getoption_user/prp-23-48.smt2,failed,1200.0
/nec-smt/large/getoption_user/prp-29-48.smt2,failed,1200.0
/nec-smt/large/getoption_user/prp-0-50.smt2,failed,1200.0
/nec-smt/large/getoption_user/prp-15-46.smt2,failed,1200.0
/nec-smt/large/getoption_user/prp-30-50.smt2,failed,1200.0
/nec-smt/large/getoption_user/prp-13-50.smt2,failed,1200.0
/nec-smt/large/getoption_user/prp-20-49.smt2,failed,1200.0
/nec-smt/large/getoption_user/prp-11-46.smt2,failed,1200.0
/nec-smt/large/getoption_user/prp-20-46.smt2,failed,1200.0
/nec-smt/large/getoption_user/prp-31-50.smt2,failed,1200.0
/nec-smt/large/getoption_user/prp-18-49.smt2,failed,1200.0
/nec-smt/large/getoption_user/prp-11-50.smt2,failed,1200.0
/nec-smt/large/getoption_user/prp-19-47.smt2,failed,1200.0
/nec-smt/large/getoption_user/prp-40-50.smt2,failed,1200.0
/nec-smt/large/getoption_user/prp-15-48.smt2,failed,1200.0
/nec-smt/large/getoption_user/prp-42-50.smt2,failed,1200.0
/nec-smt/large/getoption_user/prp-5-46.smt2,failed,1200.0
/nec-smt/large/getoption_user/prp-16-47.smt2,failed,1200.0
/nec-smt/large/getoption_user/prp-8-47.smt2,failed,1200.0
/nec-smt/large/getoption_user/prp-0-47.smt2,failed,1200.0
/nec-smt/large/getoption_user/prp-29-46.smt2,failed,1200.0
/nec-smt/large/getoption_user/prp-43-46.smt2,failed,1200.0
/nec-smt/large/getoption_user/prp-13-49.smt2,failed,1200.0
/nec-smt/large/getoption_user/prp-6-50.smt2,failed,1200.0
/nec-smt/large/getoption_user/prp-46-46.smt2,failed,1200.0
/nec-smt/large/getoption_user/prp-46-49.smt2,failed,1200.0
/nec-smt/large/getoption_user/prp-50-48.smt2,failed,1200.0
/nec-smt/large/getoption_user/prp-13-46.smt2,failed,1200.0
/nec-smt/large/getoption_user/prp-22-46.smt2,failed,1200.0
/nec-smt/large/getoption_user/prp-43-48.smt2,failed,1200.0
/nec-smt/large/getoption_user/prp-48-48.smt2,failed,1200.0
/nec-smt/large/getoption_user/prp-18-48.smt2,failed,1200.0
/nec-smt/large/getoption_user/prp-18-47.smt2,failed,1200.0
/nec-smt/large/getoption_user/prp-44-47.smt2,failed,1200.0
/nec-smt/large/getoption_user/prp-19-46.smt2,failed,1200.0
/nec-smt/large/getoption_user/prp-40-47.smt2,failed,1200.0
/nec-smt/large/getoption_user/prp-28-47.smt2,failed,1200.0
/nec-smt/large/getoption_user/prp-15-50.smt2,failed,1200.0
/nec-smt/large/getoption_user/prp-23-50.smt2,failed,1200.0
/nec-smt/large/getoption_user/prp-39-48.smt2,failed,1200.0
/nec-smt/large/getoption_user/prp-3-49.smt2,failed,1200.0
/nec-smt/large/getoption_user/prp-8-50.smt2,failed,1200.0
/nec-smt/large/getoption_user/prp-14-46.smt2,failed,1200.0
/nec-smt/large/getoption_user/prp-21-48.smt2,failed,1200.0
/nec-smt/large/getoption_user/prp-26-50.smt2,failed,1200.0
/nec-smt/large/getoption_user/prp-6-48.smt2,failed,1200.0
/nec-smt/large/getoption_user/prp-36-49.smt2,failed,1200.0
/nec-smt/large/getoption_user/prp-32-46.smt2,failed,1200.0
/nec-smt/large/getoption_user/prp-40-46.smt2,failed,1200.0
/nec-smt/large/getoption_user/prp-37-48.smt2,failed,1200.0
/nec-smt/large/getoption_user/prp-2-47.smt2,failed,1200.0
/nec-smt/large/getoption_user/prp-9-46.smt2,failed,1200.0
/nec-smt/large/getoption_user/prp-51-47.smt2,failed,1200.0
/nec-smt/large/getoption_user/prp-28-48.smt2,failed,1200.0
/nec-smt/large/getoption_user/prp-4-49.smt2,failed,1200.0
/nec-smt/large/getoption_user/prp-3-46.smt2,failed,1200.0
/nec-smt/large/getoption_user/prp-43-50.smt2,failed,1200.0
/nec-smt/large/getoption_user/prp-7-48.smt2,failed,1200.0
/nec-smt/large/getoption_user/prp-7-49.smt2,failed,1200.0
/nec-smt/large/getoption_user/prp-29-50.smt2,failed,1200.0
/nec-smt/large/getoption_user/prp-4-46.smt2,failed,1200.0
/nec-smt/large/getoption_user/prp-37-50.smt2,failed,1200.0
/nec-smt/large/getoption_user/prp-38-50.smt2,failed,1200.0
/nec-smt/large/getoption_user/prp-36-47.smt2,failed,1200.0
/nec-smt/large/getoption_user/prp-2-50.smt2,failed,1200.0
/nec-smt/large/getoption_user/prp-9-48.smt2,failed,1200.0
/nec-smt/large/getoption_user/prp-44-46.smt2,failed,1200.0
/nec-smt/large/getoption_user/prp-35-49.smt2,failed,1200.0
/nec-smt/large/getoption_user/prp-48-50.smt2,failed,1200.0
/nec-smt/large/getoption_user/prp-30-46.smt2,failed,1200.0
/nec-smt/large/getoption_user/prp-42-47.smt2,failed,1200.0
/nec-smt/large/getoption_user/prp-26-49.smt2,failed,1200.0
/nec-smt/large/getoption_user/prp-41-46.smt2,failed,1200.0
/nec-smt/large/getoption_user/prp-46-47.smt2,failed,1200.0
/nec-smt/large/getoption_user/prp-21-50.smt2,failed,1200.0
/nec-smt/large/getoption_user/prp-41-50.smt2,failed,1200.0
/nec-smt/large/getoption_user/prp-11-47.smt2,failed,1200.0
/nec-smt/large/getoption_user/prp-27-48.smt2,failed,1200.0
/nec-smt/large/getoption_user/prp-33-50.smt2,failed,1200.0
/nec-smt/large/getoption_user/prp-49-48.smt2,failed,1200.0
/nec-smt/large/getoption_user/prp-51-49.smt2,failed,1200.0
/nec-smt/large/getoption_user/prp-24-47.smt2,failed,1200.0
/nec-smt/large/getoption_user/prp-50-49.smt2,failed,1200.0
/nec-smt/large/getoption_user/prp-38-48.smt2,failed,1200.0
/nec-smt/large/getoption_user/prp-19-49.smt2,failed,1200.0
/nec-smt/large/getoption_user/prp-45-49.smt2,failed,1200.0
/nec-smt/large/getoption_user/prp-16-49.smt2,failed,1200.0
/nec-smt/large/getoption_user/prp-14-50.smt2,failed,1200.0
/nec-smt/large/getoption_user/prp-39-46.smt2,failed,1200.0
/nec-smt/large/getoption_user/prp-27-50.smt2,failed,1200.0
/nec-smt/large/getoption_user/prp-40-49.smt2,failed,1200.0
/nec-smt/large/getoption_user/prp-35-47.smt2,failed,1200.0
/nec-smt/large/getoption_user/prp-12-47.smt2,failed,1200.0
/nec-smt/large/getoption_user/prp-20-47.smt2,failed,1200.0
/nec-smt/large/getoption_user/prp-37-46.smt2,failed,1200.0
/nec-smt/large/getoption_user/prp-34-50.smt2,failed,1200.0
/nec-smt/large/getoption_user/prp-24-50.smt2,failed,1200.0
/nec-smt/large/getoption_user/prp-5-49.smt2,failed,1200.0
/nec-smt/large/getoption_user/prp-12-48.smt2,failed,1200.0
/nec-smt/large/getoption_user/prp-7-47.smt2,failed,1200.0
/nec-smt/large/getoption_user/prp-31-47.smt2,failed,1200.0
/nec-smt/large/getoption_user/prp-23-49.smt2,failed,1200.0
/nec-smt/large/getoption_user/prp-42-46.smt2,failed,1200.0
/nec-smt/large/getoption_user/prp-34-46.smt2,failed,1200.0
/nec-smt/large/getoption_user/prp-30-48.smt2,failed,1200.0
/nec-smt/large/getoption_user/prp-46-48.smt2,failed,1200.0
/nec-smt/large/getoption_user/prp-23-46.smt2,failed,1200.0
/nec-smt/large/getoption_user/prp-51-50.smt2,failed,1200.0
/nec-smt/large/getoption_user/prp-27-46.smt2,failed,1200.0
/nec-smt/large/getoption_user/prp-50-46.smt2,failed,1200.0
/nec-smt/large/getoption_user/prp-2-49.smt2,failed,1200.0
/nec-smt/large/getoption_user/prp-24-48.smt2,failed,1200.0
/nec-smt/large/getoption_user/prp-5-47.smt2,failed,1200.0
/nec-smt/large/getoption_user/prp-1-50.smt2,failed,1200.0
/nec-smt/large/getoption_user/prp-10-48.smt2,failed,1200.0
/nec-smt/large/getoption_user/prp-25-47.smt2,failed,1200.0
/nec-smt/large/getoption_user/prp-21-49.smt2,failed,1200.0
/nec-smt/large/getoption_user/prp-32-50.smt2,failed,1200.0
/nec-smt/large/getoption_user/prp-16-46.smt2,failed,1200.0
/nec-smt/large/getoption_user/prp-8-48.smt2,failed,1200.0
/nec-smt/large/getoption_user/prp-19-50.smt2,failed,1200.0
/nec-smt/large/getoption_user/prp-1-46.smt2,failed,1200.0
/nec-smt/large/getoption_user/prp-21-47.smt2,failed,1200.0
/nec-smt/large/getoption_user/prp-47-50.smt2,failed,1200.0
/nec-smt/large/getoption_user/prp-19-48.smt2,failed,1200.0
/nec-smt/large/getoption_user/prp-41-48.smt2,failed,1200.0
/nec-smt/large/getoption_user/prp-38-47.smt2,failed,1200.0
/nec-smt/large/getoption_user/prp-26-48.smt2,failed,1200.0
/nec-smt/large/getoption_user/prp-37-47.smt2,failed,1200.0
/nec-smt/large/getoption_user/prp-39-49.smt2,failed,1200.0
/nec-smt/large/getoption_user/prp-16-48.smt2,failed,1200.0
/nec-smt/large/getoption_user/prp-47-46.smt2,failed,1200.0
/nec-smt/large/getoption_user/prp-37-49.smt2,failed,1200.0
/nec-smt/large/getoption_user/prp-35-46.smt2,failed,1200.0
/nec-smt/large/getoption_user/prp-18-46.smt2,failed,1200.0
/nec-smt/large/getoption_user/prp-29-47.smt2,failed,1200.0
/nec-smt/large/getoption_user/prp-36-50.smt2,failed,1200.0
/nec-smt/large/getoption_user/prp-4-47.smt2,failed,1200.0
/nec-smt/large/getoption_user/prp-0-46.smt2,failed,1200.0
/nec-smt/large/getoption_user/prp-24-49.smt2,failed,1200.0
/nec-smt/large/getoption_user/prp-45-50.smt2,failed,1200.0
/nec-smt/large/getoption_user/prp-24-46.smt2,failed,1200.0
/nec-smt/large/getoption_user/prp-14-47.smt2,failed,1200.0
/nec-smt/large/getoption_user/prp-33-49.smt2,failed,1200.0
/nec-smt/large/getoption_user/prp-12-50.smt2,failed,1200.0
/nec-smt/large/getoption_user/prp-48-46.smt2,failed,1200.0
/nec-smt/large/getoption_user/prp-2-48.smt2,failed,1200.0
/nec-smt/large/getoption_user/prp-50-47.smt2,failed,1200.0
/nec-smt/large/getoption_user/prp-27-47.smt2,failed,1200.0
/nec-smt/large/getoption_user/prp-17-47.smt2,failed,1200.0
/nec-smt/large/getoption_user/prp-8-46.smt2,failed,1200.0
/nec-smt/large/getoption_user/prp-10-47.smt2,failed,1200.0
/nec-smt/large/getoption_user/prp-28-46.smt2,failed,1200.0
/nec-smt/large/getoption_user/prp-22-48.smt2,failed,1200.0
/nec-smt/large/getoption_user/prp-6-47.smt2,failed,1200.0
/nec-smt/large/getoption_user/prp-32-47.smt2,failed,1200.0
/nec-smt/large/getoption_user/prp-22-47.smt2,failed,1200.0
/nec-smt/large/getoption_user/prp-48-49.smt2,failed,1200.0
/nec-smt/large/getoption_user/prp-47-47.smt2,failed,1200.0
/nec-smt/large/getoption_user/prp-47-49.smt2,failed,1200.0
/nec-smt/large/getoption_user/prp-32-49.smt2,failed,1200.0
/nec-smt/large/getoption_user/prp-17-46.smt2,failed,1200.0
/nec-smt/large/getoption_user/prp-10-50.smt2,failed,1200.0
/nec-smt/large/getoption_user/prp-41-47.smt2,failed,1200.0
/nec-smt/large/getoption_user/prp-49-49.smt2,failed,1200.0
/nec-smt/large/getoption_user/prp-3-47.smt2,failed,1200.0
/nec-smt/large/getoption_user/prp-7-46.smt2,failed,1200.0
/nec-smt/large/getoption_user/prp-14-48.smt2,failed,1200.0
/nec-smt/large/getoption_user/prp-45-46.smt2,failed,1200.0
/nec-smt/large/getoption_user/prp-32-48.smt2,failed,1200.0
/nec-smt/large/getoption_user/prp-31-46.smt2,failed,1200.0
/nec-smt/large/getoption_user/prp-17-48.smt2,unsat,1036.167
/nec-smt/large/getoption_user/prp-36-46.smt2,failed,1200.0
/nec-smt/large/getoption_user/prp-45-48.smt2,failed,1200.0
/nec-smt/large/getoption_user/prp-10-49.smt2,failed,1200.0
/nec-smt/large/getoption_user/prp-1-47.smt2,failed,1200.0
/nec-smt/large/getoption_user/prp-12-49.smt2,failed,1200.0
/nec-smt/large/getoption_user/prp-51-48.smt2,failed,1200.0
/nec-smt/large/getoption_user/prp-50-50.smt2,failed,1200.0
/nec-smt/large/getoption_user/prp-35-50.smt2,failed,1200.0
/nec-smt/large/getoption_user/prp-17-49.smt2,failed,1200.0
/nec-smt/large/getoption_user/prp-41-49.smt2,failed,1200.0
/nec-smt/large/getoption_user/prp-44-50.smt2,failed,1200.0
/nec-smt/large/getoption_user/prp-34-47.smt2,failed,1200.0
/nec-smt/large/getoption_user/prp-42-48.smt2,failed,1200.0
/nec-smt/large/getoption_user/prp-15-47.smt2,failed,1200.0
/nec-smt/large/getoption_user/prp-38-46.smt2,failed,1200.0
/nec-smt/large/getoption_user/prp-21-46.smt2,failed,1200.0
/nec-smt/large/getoption_user/prp-9-50.smt2,failed,1200.0
/nec-smt/large/getoption_user/prp-6-46.smt2,failed,1200.0
/nec-smt/large/getoption_user/prp-25-50.smt2,failed,1200.0
/nec-smt/large/getoption_user/prp-11-49.smt2,failed,1200.0
/nec-smt/large/getoption_user/prp-39-47.smt2,failed,1200.0
/nec-smt/large/getoption_user/prp-3-50.smt2,failed,1200.0
/nec-smt/large/getoption_user/prp-14-49.smt2,failed,1200.0
/nec-smt/large/getoption_user/prp-45-47.smt2,failed,1200.0
/nec-smt/large/getoption_user/prp-22-49.smt2,failed,1200.0
/nec-smt/large/getoption_user/prp-26-47.smt2,failed,1200.0
/nec-smt/large/getoption_user/prp-44-48.smt2,failed,1200.0
/nec-smt/large/getoption_user/prp-5-50.smt2,failed,1200.0
/nec-smt/large/getoption_user/prp-49-50.smt2,failed,1200.0
/nec-smt/large/getoption_user/prp-31-48.smt2,failed,1200.0
/nec-smt/large/getoption_user/prp-44-49.smt2,failed,1200.0
/nec-smt/large/getoption_user/prp-20-50.smt2,failed,1200.0
/nec-smt/large/getoption_user/prp-5-48.smt2,failed,1200.0
/nec-smt/large/getoption_user/prp-27-49.smt2,failed,1200.0
/nec-smt/large/getoption_user/prp-4-50.smt2,failed,1200.0
/nec-smt/large/getoption_user/prp-40-48.smt2,failed,1200.0
/nec-smt/large/getoption_user/prp-29-49.smt2,failed,1200.0
/nec-smt/large/getoption_user/prp-43-49.smt2,failed,1200.0
/nec-smt/large/getoption_user/prp-8-49.smt2,failed,1200.0
/nec-smt/large/getoption_user/prp-34-48.smt2,failed,1200.0
/nec-smt/large/getoption_user/prp-30-47.smt2,failed,1200.0
/nec-smt/large/getoption_user/prp-48-47.smt2,failed,1200.0
/nec-smt/large/getoption/prp-1-198.smt2,unsat,3.8492929935455322
/nec-smt/large/getoption/prp-2-196.smt2,sat,231.24390864372253
/nec-smt/large/getoption/prp-3-200.smt2,unsat,161.97015500068665
/nec-smt/large/getoption/prp-0-200.smt2,sat,188.34375047683716
/nec-smt/large/getoption/prp-1-199.smt2,unsat,4.794742822647095
/nec-smt/large/getoption/prp-2-200.smt2,sat,158.57610368728638
/nec-smt/large/getoption/prp-3-198.smt2,sat,124.37618207931519
/nec-smt/large/getoption/prp-0-196.smt2,sat,259.384934425354
/nec-smt/large/getoption/prp-0-198.smt2,sat,166.74800753593445
/nec-smt/large/getoption/prp-2-198.smt2,sat,226.75912427902222
/nec-smt/large/getoption/prp-0-197.smt2,sat,157.65998601913452
/nec-smt/large/getoption/prp-0-199.smt2,sat,370.69312858581543
/nec-smt/large/getoption/prp-1-196.smt2,unsat,121.774
/nec-smt/large/getoption/prp-1-200.smt2,unsat,13.821
/nec-smt/large/getoption/prp-2-197.smt2,sat,206.51789236068726
/nec-smt/large/getoption/prp-3-197.smt2,sat,104.72525429725647
/nec-smt/large/getoption/prp-3-199.smt2,sat,191.53246927261353
/nec-smt/large/getoption/prp-1-197.smt2,unsat,4.1569201946258545
/nec-smt/large/getoption/prp-2-199.smt2,sat,167.10480260849
/nec-smt/large/getoption/prp-3-196.smt2,unsat,152.40654039382935
/nec-smt/large/user_is_in_group/prp-3-48.smt2,failed,1200.0
/nec-smt/large/user_is_in_group/prp-16-50.smt2,failed,1200.0
/nec-smt/large/user_is_in_group/prp-11-48.smt2,failed,1200.0
/nec-smt/large/user_is_in_group/prp-0-49.smt2,failed,1200.0
/nec-smt/large/user_is_in_group/prp-1-49.smt2,failed,1200.0
/nec-smt/large/user_is_in_group/prp-13-47.smt2,failed,1200.0
/nec-smt/large/user_is_in_group/prp-10-46.smt2,failed,1200.0
/nec-smt/large/user_is_in_group/prp-7-50.smt2,failed,1200.0
/nec-smt/large/user_is_in_group/prp-0-48.smt2,failed,1200.0
/nec-smt/large/user_is_in_group/prp-13-48.smt2,failed,1200.0
/nec-smt/large/user_is_in_group/prp-22-50.smt2,failed,1200.0
/nec-smt/large/user_is_in_group/prp-9-47.smt2,failed,1200.0
/nec-smt/large/user_is_in_group/prp-15-49.smt2,failed,1200.0
/nec-smt/large/user_is_in_group/prp-12-46.smt2,failed,1200.0
/nec-smt/large/user_is_in_group/prp-9-49.smt2,failed,1200.0
/nec-smt/large/user_is_in_group/prp-6-49.smt2,failed,1200.0
/nec-smt/large/user_is_in_group/prp-20-48.smt2,failed,1200.0
/nec-smt/large/user_is_in_group/prp-2-46.smt2,failed,1200.0
/nec-smt/large/user_is_in_group/prp-4-48.smt2,failed,1200.0
/nec-smt/large/user_is_in_group/prp-18-50.smt2,failed,1200.0
/nec-smt/large/user_is_in_group/prp-1-48.smt2,failed,1200.0
/nec-smt/large/user_is_in_group/prp-23-47.smt2,failed,1200.0
/nec-smt/large/user_is_in_group/prp-17-50.smt2,failed,1200.0
/nec-smt/large/user_is_in_group/prp-23-48.smt2,failed,1200.0
/nec-smt/large/user_is_in_group/prp-0-50.smt2,failed,1200.0
/nec-smt/large/user_is_in_group/prp-15-46.smt2,failed,1200.0
/nec-smt/large/user_is_in_group/prp-13-50.smt2,failed,1200.0
/nec-smt/large/user_is_in_group/prp-20-49.smt2,failed,1200.0
/nec-smt/large/user_is_in_group/prp-11-46.smt2,failed,1200.0
/nec-smt/large/user_is_in_group/prp-20-46.smt2,failed,1200.0
/nec-smt/large/user_is_in_group/prp-18-49.smt2,failed,1200.0
/nec-smt/large/user_is_in_group/prp-11-50.smt2,failed,1200.0
/nec-smt/large/user_is_in_group/prp-19-47.smt2,failed,1200.0
/nec-smt/large/user_is_in_group/prp-15-48.smt2,failed,1200.0
/nec-smt/large/user_is_in_group/prp-5-46.smt2,failed,1200.0
/nec-smt/large/user_is_in_group/prp-16-47.smt2,failed,1200.0
/nec-smt/large/user_is_in_group/prp-8-47.smt2,failed,1200.0
/nec-smt/large/user_is_in_group/prp-0-47.smt2,failed,1200.0
/nec-smt/large/user_is_in_group/prp-13-49.smt2,failed,1200.0
/nec-smt/large/user_is_in_group/prp-6-50.smt2,failed,1200.0
/nec-smt/large/user_is_in_group/prp-13-46.smt2,failed,1200.0
/nec-smt/large/user_is_in_group/prp-22-46.smt2,failed,1200.0
/nec-smt/large/user_is_in_group/prp-18-48.smt2,failed,1200.0
/nec-smt/large/user_is_in_group/prp-18-47.smt2,failed,1200.0
/nec-smt/large/user_is_in_group/prp-19-46.smt2,failed,1200.0
/nec-smt/large/user_is_in_group/prp-15-50.smt2,failed,1200.0
/nec-smt/large/user_is_in_group/prp-23-50.smt2,failed,1200.0
/nec-smt/large/user_is_in_group/prp-3-49.smt2,failed,1200.0
/nec-smt/large/user_is_in_group/prp-8-50.smt2,failed,1200.0
/nec-smt/large/user_is_in_group/prp-14-46.smt2,failed,1200.0
/nec-smt/large/user_is_in_group/prp-21-48.smt2,failed,1200.0
/nec-smt/large/user_is_in_group/prp-6-48.smt2,failed,1200.0
/nec-smt/large/user_is_in_group/prp-2-47.smt2,failed,1200.0
/nec-smt/large/user_is_in_group/prp-9-46.smt2,failed,1200.0
/nec-smt/large/user_is_in_group/prp-4-49.smt2,failed,1200.0
/nec-smt/large/user_is_in_group/prp-3-46.smt2,failed,1200.0
/nec-smt/large/user_is_in_group/prp-7-48.smt2,failed,1200.0
/nec-smt/large/user_is_in_group/prp-7-49.smt2,failed,1200.0
/nec-smt/large/user_is_in_group/prp-4-46.smt2,failed,1200.0
/nec-smt/large/user_is_in_group/prp-2-50.smt2,failed,1200.0
/nec-smt/large/user_is_in_group/prp-9-48.smt2,failed,1200.0
/nec-smt/large/user_is_in_group/prp-21-50.smt2,failed,1200.0
/nec-smt/large/user_is_in_group/prp-11-47.smt2,failed,1200.0
/nec-smt/large/user_is_in_group/prp-24-47.smt2,failed,1200.0
/nec-smt/large/user_is_in_group/prp-19-49.smt2,failed,1200.0
/nec-smt/large/user_is_in_group/prp-16-49.smt2,failed,1200.0
/nec-smt/large/user_is_in_group/prp-14-50.smt2,failed,1200.0
/nec-smt/large/user_is_in_group/prp-12-47.smt2,failed,1200.0
/nec-smt/large/user_is_in_group/prp-20-47.smt2,failed,1200.0
/nec-smt/large/user_is_in_group/prp-24-50.smt2,failed,1200.0
/nec-smt/large/user_is_in_group/prp-5-49.smt2,failed,1200.0
/nec-smt/large/user_is_in_group/prp-12-48.smt2,failed,1200.0
/nec-smt/large/user_is_in_group/prp-7-47.smt2,failed,1200.0
/nec-smt/large/user_is_in_group/prp-23-49.smt2,failed,1200.0
/nec-smt/large/user_is_in_group/prp-23-46.smt2,failed,1200.0
/nec-smt/large/user_is_in_group/prp-2-49.smt2,failed,1200.0
/nec-smt/large/user_is_in_group/prp-24-48.smt2,failed,1200.0
/nec-smt/large/user_is_in_group/prp-5-47.smt2,failed,1200.0
/nec-smt/large/user_is_in_group/prp-1-50.smt2,failed,1200.0
/nec-smt/large/user_is_in_group/prp-10-48.smt2,failed,1200.0
/nec-smt/large/user_is_in_group/prp-21-49.smt2,failed,1200.0
/nec-smt/large/user_is_in_group/prp-16-46.smt2,failed,1200.0
/nec-smt/large/user_is_in_group/prp-8-48.smt2,failed,1200.0
/nec-smt/large/user_is_in_group/prp-19-50.smt2,failed,1200.0
/nec-smt/large/user_is_in_group/prp-1-46.smt2,failed,1200.0
/nec-smt/large/user_is_in_group/prp-21-47.smt2,failed,1200.0
/nec-smt/large/user_is_in_group/prp-19-48.smt2,failed,1200.0
/nec-smt/large/user_is_in_group/prp-16-48.smt2,failed,1200.0
/nec-smt/large/user_is_in_group/prp-18-46.smt2,failed,1200.0
/nec-smt/large/user_is_in_group/prp-4-47.smt2,failed,1200.0
/nec-smt/large/user_is_in_group/prp-0-46.smt2,failed,1200.0
/nec-smt/large/user_is_in_group/prp-24-49.smt2,failed,1200.0
/nec-smt/large/user_is_in_group/prp-24-46.smt2,failed,1200.0
/nec-smt/large/user_is_in_group/prp-14-47.smt2,failed,1200.0
/nec-smt/large/user_is_in_group/prp-12-50.smt2,failed,1200.0
/nec-smt/large/user_is_in_group/prp-2-48.smt2,failed,1200.0
/nec-smt/large/user_is_in_group/prp-17-47.smt2,failed,1200.0
/nec-smt/large/user_is_in_group/prp-8-46.smt2,failed,1200.0
/nec-smt/large/user_is_in_group/prp-10-47.smt2,failed,1200.0
/nec-smt/large/user_is_in_group/prp-22-48.smt2,failed,1200.0
/nec-smt/large/user_is_in_group/prp-6-47.smt2,failed,1200.0
/nec-smt/large/user_is_in_group/prp-22-47.smt2,failed,1200.0
/nec-smt/large/user_is_in_group/prp-17-46.smt2,failed,1200.0
/nec-smt/large/user_is_in_group/prp-10-50.smt2,failed,1200.0
/nec-smt/large/user_is_in_group/prp-3-47.smt2,failed,1200.0
/nec-smt/large/user_is_in_group/prp-7-46.smt2,failed,1200.0
/nec-smt/large/user_is_in_group/prp-14-48.smt2,failed,1200.0
/nec-smt/large/user_is_in_group/prp-17-48.smt2,failed,1200.0
/nec-smt/large/user_is_in_group/prp-10-49.smt2,failed,1200.0
/nec-smt/large/user_is_in_group/prp-1-47.smt2,failed,1200.0
/nec-smt/large/user_is_in_group/prp-12-49.smt2,failed,1200.0
/nec-smt/large/user_is_in_group/prp-17-49.smt2,failed,1200.0
/nec-smt/large/user_is_in_group/prp-15-47.smt2,failed,1200.0
/nec-smt/large/user_is_in_group/prp-21-46.smt2,failed,1200.0
/nec-smt/large/user_is_in_group/prp-9-50.smt2,failed,1200.0
/nec-smt/large/user_is_in_group/prp-6-46.smt2,failed,1200.0
/nec-smt/large/user_is_in_group/prp-11-49.smt2,failed,1200.0
/nec-smt/large/user_is_in_group/prp-3-50.smt2,failed,1200.0
/nec-smt/large/user_is_in_group/prp-14-49.smt2,failed,1200.0
/nec-smt/large/user_is_in_group/prp-22-49.smt2,failed,1200.0
/nec-smt/large/user_is_in_group/prp-5-50.smt2,failed,1200.0
/nec-smt/large/user_is_in_group/prp-20-50.smt2,failed,1200.0
/nec-smt/large/user_is_in_group/prp-5-48.smt2,failed,1200.0
/nec-smt/large/user_is_in_group/prp-4-50.smt2,failed,1200.0
/nec-smt/large/user_is_in_group/prp-8-49.smt2,failed,1200.0
/20230321-UltimateAutomizerSvcomp2023/jain_5-2.c_1.smt2,sat,0.005
/20230321-UltimateAutomizerSvcomp2023/jain_5-2.c_7.smt2,sat,0.005
/pidgeons/pigeon-hole-15.smt2,unsat,0.03697323799133301
/pidgeons/pigeon-hole-10.smt2,unsat,0.017574787139892578
/pidgeons/pigeon-hole-18.smt2,unsat,0.046801090240478516
/pidgeons/pigeon-hole-12.smt2,unsat,0.020903587341308594
/pidgeons/pigeon-hole-4.smt2,unsat,0.006699562072753906
/pidgeons/pigeon-hole-2.smt2,unsat,0.004
/pidgeons/pigeon-hole-13.smt2,unsat,0.026268482208251953
/pidgeons/pigeon-hole-14.smt2,unsat,0.027570486068725586
/pidgeons/pigeon-hole-7.smt2,unsat,0.011057853698730469
/pidgeons/pigeon-hole-16.smt2,unsat,0.03477048873901367
/pidgeons/pigeon-hole-20.smt2,unsat,0.060312509536743164
/pidgeons/pigeon-hole-9.smt2,unsat,0.01260232925415039
/pidgeons/pigeon-hole-11.smt2,unsat,0.018651485443115234
/pidgeons/pigeon-hole-6.smt2,unsat,0.009972810745239258
/pidgeons/pigeon-hole-19.smt2,unsat,0.05636405944824219
/pidgeons/pigeon-hole-8.smt2,unsat,0.010677337646484375
/pidgeons/pigeon-hole-5.smt2,unsat,0.007506370544433594
/pidgeons/pigeon-hole-3.smt2,unsat,0.005
/pidgeons/pigeon-hole-17.smt2,unsat,0.04056692123413086
/2019-cmodelsdiff/wireRouting/p15.smt2,failed,1200.0
/2019-cmodelsdiff/wireRouting/wire.12.x.12.b.5.a.20_unsat.data.smt2,unsat,10.491259574890137
/2019-cmodelsdiff/wireRouting/fig9.smt2,unsat,0.2141122817993164
/2019-cmodelsdiff/wireRouting/wire.10.x.10.b.5.a.25_sat.data.smt2,sat,3.007852792739868
/2019-cmodelsdiff/wireRouting/wire.12.x.12.b.5.a.15_unsat.data.smt2,unsat,32.75484299659729
/2019-cmodelsdiff/wireRouting/p7.smt2,unsat,0.5159618854522705
/2019-cmodelsdiff/wireRouting/wire.10.x.10.b.5.a.20_unsat.data.smt2,unsat,2.136242628097534
/2019-cmodelsdiff/wireRouting/wire.10.x.10.b.5.a.35_sat.data.smt2,sat,2.9492721557617188
/2019-cmodelsdiff/wireRouting/p25.smt2,failed,1200.0
/2019-cmodelsdiff/wireRouting/p20.smt2,failed,1200.0
/2019-cmodelsdiff/labyrinth/0143-labyrinth-14-0.smt2,failed,1200.0
/2019-cmodelsdiff/labyrinth/0051-labyrinth-12-0.smt2,failed,1200.0
/2019-cmodelsdiff/labyrinth/0084-labyrinth-17-0.smt2,failed,1200.0
/2019-cmodelsdiff/labyrinth/0003-labyrinth-11-0.smt2,failed,1200.0
/2019-cmodelsdiff/labyrinth/0092-labyrinth-17-0.smt2,failed,1200.0
/2019-cmodelsdiff/labyrinth/0110-labyrinth-16-0.smt2,failed,1200.0
/2019-cmodelsdiff/labyrinth/0125-labyrinth-23-0.smt2,failed,1200.0
/2019-cmodelsdiff/labyrinth/0198-labyrinth-19-0.smt2,failed,1200.0
/2019-cmodelsdiff/labyrinth/0075-labyrinth-13-0.smt2,failed,1200.0
/2019-cmodelsdiff/labyrinth/0181-labyrinth-17-0.smt2,failed,1200.0
/2019-cmodelsdiff/labyrinth/0036-labyrinth-17-0.smt2,failed,1200.0
/2019-cmodelsdiff/labyrinth/0043-labyrinth-13-0.smt2,failed,1200.0
/2019-cmodelsdiff/labyrinth/0117-labyrinth-23-0.smt2,failed,1200.0
/2019-cmodelsdiff/labyrinth/0100-labyrinth-17-0.smt2,failed,1200.0
/2019-cmodelsdiff/labyrinth/0233-labyrinth-22-0.smt2,failed,1200.0
/2019-cmodelsdiff/labyrinth/0018-labyrinth-11-0.smt2,failed,1200.0
/2019-cmodelsdiff/labyrinth/0206-labyrinth-20-0.smt2,failed,1200.0
/2019-cmodelsdiff/labyrinth/0150-labyrinth-16-0.smt2,failed,1200.0
/2019-cmodelsdiff/labyrinth/0159-labyrinth-20-0.smt2,failed,1200.0
/2019-cmodelsdiff/labyrinth/0190-labyrinth-18-0.smt2,failed,1200.0
/2019-cmodelsdiff/labyrinth/0225-labyrinth-21-0.smt2,failed,1200.0
/2019-cmodelsdiff/labyrinth/0165-labyrinth-13-0.smt2,failed,1200.0
/2019-cmodelsdiff/labyrinth/0238-labyrinth-22-0.smt2,failed,1200.0
/2019-cmodelsdiff/labyrinth/0011-labyrinth-12-0.smt2,failed,1200.0
/2019-cmodelsdiff/labyrinth/0216-labyrinth-21-0.smt2,failed,1200.0
/2019-cmodelsdiff/labyrinth/0067-labyrinth-18-0.smt2,failed,1200.0
/2019-cmodelsdiff/labyrinth/0059-labyrinth-13-0.smt2,failed,1200.0
/2019-cmodelsdiff/labyrinth/0028-labyrinth-12-0.smt2,failed,1200.0
/2019-cmodelsdiff/labyrinth/0132-labyrinth-12-0.smt2,failed,1200.0
/2019-cmodelsdiff/labyrinth/0175-labyrinth-15-0.smt2,failed,1200.0
/2019-cmodelsdiff/hamiltonianCircuit/14.lp.smt2,sat,0.0966806411743164
/2019-cmodelsdiff/hamiltonianCircuit/24.lp.smt2,sat,0.0886383056640625
/2019-cmodelsdiff/hamiltonianCircuit/21.lp.smt2,sat,0.08529877662658691
/2019-cmodelsdiff/hamiltonianCircuit/37.lp.smt2,sat,0.09941315650939941
/2019-cmodelsdiff/hamiltonianCircuit/38.lp.smt2,sat,0.10640454292297363
/2019-cmodelsdiff/hamiltonianCircuit/41.lp.smt2,sat,0.08904576301574707
/2019-cmodelsdiff/hamiltonianCircuit/39.lp.smt2,sat,0.10343599319458008
/2019-cmodelsdiff/hamiltonianCircuit/22.lp.smt2,sat,0.07783746719360352
/2019-cmodelsdiff/hamiltonianCircuit/5.lp.smt2,sat,0.09956145286560059
/2019-cmodelsdiff/hamiltonianCircuit/26.lp.smt2,sat,0.08647871017456055
/2019-cmodelsdiff/hamiltonianCircuit/43.lp.smt2,sat,0.10379981994628906
/2019-cmodelsdiff/hamiltonianCircuit/28.lp.smt2,sat,0.09494733810424805
/2019-cmodelsdiff/hamiltonianCircuit/18.lp.smt2,sat,0.10229086875915527
/2019-cmodelsdiff/hamiltonianCircuit/4.lp.smt2,sat,0.08820629119873047
/2019-cmodelsdiff/hamiltonianCircuit/32.lp.smt2,sat,0.1034092903137207
/2019-cmodelsdiff/hamiltonianCircuit/1.lp.smt2,sat,0.10021376609802246
/2019-cmodelsdiff/hamiltonianCircuit/25.lp.smt2,sat,0.09777998924255371
/2019-cmodelsdiff/hamiltonianCircuit/19.lp.smt2,sat,0.11070013046264648
/2019-cmodelsdiff/hamiltonianCircuit/12.lp.smt2,sat,0.08554267883300781
/2019-cmodelsdiff/hamiltonianCircuit/40.lp.smt2,sat,0.1011497974395752
/2019-cmodelsdiff/hamiltonianCircuit/29.lp.smt2,sat,0.08969330787658691
/2019-cmodelsdiff/hamiltonianCircuit/7.lp.smt2,sat,0.08594274520874023
/2019-cmodelsdiff/hamiltonianCircuit/44.lp.smt2,sat,0.08574247360229492
/2019-cmodelsdiff/hamiltonianCircuit/0.lp.smt2,sat,0.10220170021057129
/2019-cmodelsdiff/hamiltonianCircuit/11.lp.smt2,sat,0.09878849983215332
/2019-cmodelsdiff/hamiltonianCircuit/35.lp.smt2,sat,0.10951471328735352
/2019-cmodelsdiff/hamiltonianCircuit/23.lp.smt2,sat,0.09963369369506836
/2019-cmodelsdiff/hamiltonianCircuit/36.lp.smt2,sat,0.10732889175415039
/2019-cmodelsdiff/hamiltonianCircuit/30.lp.smt2,sat,0.08323025703430176
/2019-cmodelsdiff/hamiltonianCircuit/8.lp.smt2,sat,0.0862126350402832
/2019-cmodelsdiff/hamiltonianCircuit/13.lp.smt2,sat,0.09574723243713379
/2019-cmodelsdiff/hamiltonianCircuit/33.lp.smt2,sat,0.09368014335632324
/2019-cmodelsdiff/hamiltonianCircuit/47.lp.smt2,sat,0.10307788848876953
/2019-cmodelsdiff/hamiltonianCircuit/6.lp.smt2,sat,0.09923028945922852
/2019-cmodelsdiff/hamiltonianCircuit/9.lp.smt2,sat,0.10973191261291504
/2019-cmodelsdiff/hamiltonianCircuit/48.lp.smt2,sat,0.10098505020141602
/2019-cmodelsdiff/hamiltonianCircuit/20.lp.smt2,sat,0.09812164306640625
/2019-cmodelsdiff/hamiltonianCircuit/3.lp.smt2,sat,0.09900784492492676
/2019-cmodelsdiff/hamiltonianCircuit/34.lp.smt2,sat,0.10020780563354492
/2019-cmodelsdiff/hamiltonianCircuit/31.lp.smt2,sat,0.08228945732116699
/2019-cmodelsdiff/hamiltonianCircuit/49.lp.smt2,sat,0.1045691967010498
/2019-cmodelsdiff/hamiltonianCircuit/46.lp.smt2,sat,0.10148739814758301
/2019-cmodelsdiff/hamiltonianCircuit/45.lp.smt2,sat,0.10311317443847656
/2019-cmodelsdiff/hamiltonianCircuit/42.lp.smt2,sat,0.08286833763122559
/2019-cmodelsdiff/hamiltonianCircuit/15.lp.smt2,sat,0.10046887397766113
/2019-cmodelsdiff/hamiltonianCircuit/17.lp.smt2,sat,0.09661746025085449
/2019-cmodelsdiff/hamiltonianCircuit/16.lp.smt2,sat,0.10390710830688477
/2019-cmodelsdiff/hamiltonianCircuit/27.lp.smt2,sat,0.09563589096069336
/2019-cmodelsdiff/hamiltonianCircuit/10.lp.smt2,sat,0.10495567321777344
/2019-cmodelsdiff/hamiltonianCircuit/2.lp.smt2,sat,0.11357522010803223
/2019-cmodelsdiff/randomNontight/n40-sat-b4.lp.smt2,sat,0.24518585205078125
/2019-cmodelsdiff/randomNontight/n40-sat-b17.lp.smt2,sat,0.19993114471435547
/2019-cmodelsdiff/randomNontight/n40-sat-b3.lp.smt2,sat,0.40398287773132324
/2019-cmodelsdiff/randomNontight/n40-sat-b6.lp.smt2,sat,0.6286962032318115
/2019-cmodelsdiff/randomNontight/n40-sat-b14.lp.smt2,sat,0.43254899978637695
/2019-cmodelsdiff/randomNontight/n40-sat-b7.lp.smt2,sat,0.528130054473877
/2019-cmodelsdiff/randomNontight/n40-sat-b2.lp.smt2,sat,0.4142875671386719
/2019-cmodelsdiff/randomNontight/n40-sat-b1.lp.smt2,sat,0.3220329284667969
/2019-cmodelsdiff/randomNontight/n40-sat-b20.lp.smt2,sat,0.6774375438690186
/2019-cmodelsdiff/randomNontight/n40-sat-b13.lp.smt2,sat,0.5332934856414795
/2019-cmodelsdiff/randomNontight/n40-sat-b19.lp.smt2,sat,0.4716804027557373
/2019-cmodelsdiff/randomNontight/n40-sat-b9.lp.smt2,sat,0.4057183265686035
/2019-cmodelsdiff/randomNontight/n40-sat-b5.lp.smt2,sat,0.4616081714630127
/2019-cmodelsdiff/randomNontight/n40-sat-b12.lp.smt2,sat,0.3601257801055908
/2019-cmodelsdiff/randomNontight/n40-sat-b11.lp.smt2,sat,0.5232970714569092
/2019-cmodelsdiff/randomNontight/n40-sat-b16.lp.smt2,sat,0.28002095222473145
/2019-cmodelsdiff/randomNontight/n40-sat-b10.lp.smt2,sat,0.42293715476989746
/2019-cmodelsdiff/randomNontight/n40-sat-b18.lp.smt2,sat,0.17505478858947754
/2019-cmodelsdiff/randomNontight/n40-sat-b15.lp.smt2,sat,0.37294626235961914
/2019-cmodelsdiff/randomNontight/n40-sat-b8.lp.smt2,sat,0.3162841796875
/2019-cmodelsdiff/stillLive/0001-still_live-6-1.smt2,sat,0.23372101783752441
/2019-cmodelsdiff/stillLive/0025-still_live-30-1.smt2,failed,1200.0
/2019-cmodelsdiff/stillLive/0009-still_live-14-1.smt2,sat,3.7814786434173584
/2019-cmodelsdiff/stillLive/0026-still_live-31-1.smt2,failed,1200.0
/2019-cmodelsdiff/stillLive/0019-still_live-24-1.smt2,failed,1200.0
/2019-cmodelsdiff/stillLive/0004-still_live-9-1.smt2,sat,1.054689645767212
/2019-cmodelsdiff/stillLive/0008-still_live-13-1.smt2,sat,3.1042160987854004
/2019-cmodelsdiff/stillLive/0012-still_live-17-1.smt2,failed,1200.0
/2019-cmodelsdiff/stillLive/0003-still_live-8-1.smt2,sat,0.7161471843719482
/2019-cmodelsdiff/stillLive/0020-still_live-25-1.smt2,failed,1200.0
/2019-cmodelsdiff/stillLive/0006-still_live-11-1.smt2,sat,1.6404142379760742
/2019-cmodelsdiff/stillLive/0017-still_live-22-1.smt2,failed,1200.0
/2019-cmodelsdiff/stillLive/0016-still_live-21-1.smt2,failed,1200.0
/2019-cmodelsdiff/stillLive/0011-still_live-16-1.smt2,failed,1200.0
/2019-cmodelsdiff/stillLive/0024-still_live-29-1.smt2,failed,1200.0
/2019-cmodelsdiff/stillLive/0013-still_live-18-1.smt2,failed,1200.0
/2019-cmodelsdiff/stillLive/0023-still_live-28-1.smt2,failed,1200.0
/2019-cmodelsdiff/stillLive/0021-still_live-26-1.smt2,failed,1200.0
/2019-cmodelsdiff/stillLive/0002-still_live-7-1.smt2,sat,0.3806321620941162
/2019-cmodelsdiff/stillLive/0010-still_live-15-1.smt2,sat,4.498441457748413
/2019-cmodelsdiff/stillLive/0018-still_live-23-1.smt2,failed,1200.0
/2019-cmodelsdiff/stillLive/0014-still_live-19-1.smt2,failed,1200.0
/2019-cmodelsdiff/stillLive/0007-still_live-12-1.smt2,sat,2.4789702892303467
/2019-cmodelsdiff/stillLive/0022-still_live-27-1.smt2,failed,1200.0
/2019-cmodelsdiff/stillLive/0005-still_live-10-1.smt2,sat,1.5527751445770264
/2019-cmodelsdiff/stillLive/0015-still_live-20-1.smt2,failed,1200.0
/2019-cmodelsdiff/mutualExclusion/mutex4.smt2,sat,1.6568975448608398
/2019-cmodelsdiff/mutualExclusion/mutex1.smt2,sat,0.10151100158691406
/2019-cmodelsdiff/mutualExclusion/mutex3.smt2,sat,0.0796196460723877
/2019-cmodelsdiff/mutualExclusion/mutex2.smt2,sat,0.011
/2019-cmodelsdiff/mutualExclusion/mutex0.smt2,sat,0.011863231658935547
/2019-cmodelsdiff/boundsmodels/dp_10.formula1-s-O2-b9.smo2.smt2,sat,0.17223405838012695
/2019-cmodelsdiff/boundsmodels/dp_8.formula1-s-O2-b8.smo2.smt2,sat,0.1000216007232666
/2019-cmodelsdiff/boundsmodels/dp_12.formula1-i-O2-b14.smo2.smt2,sat,0.4480304718017578
/2019-cmodelsdiff/boundsmodels/dp_10.formula1-i-O2-b12.smo2.smt2,sat,0.24872446060180664
/2019-cmodelsdiff/boundsmodels/dp_8.formula1-i-O2-b10.smo2.smt2,sat,0.17900300025939941
/2019-cmodelsdiff/boundsmodels/dp_6.formula1-s-O2-b7.smo2.smt2,sat,0.06386303901672363
/2019-cmodelsdiff/boundsmodels/dp_12.formula1-s-O2-b10.smo2.smt2,sat,0.22412848472595215
/2019-cmodelsdiff/boundsmodels/dp_6.formula1-i-O2-b8.smo2.smt2,sat,0.08493566513061523
/convert/convert-jpg2gif-query-1560.smt2,sat,41.97220158576965
/convert/convert-jpg2gif-query-1232.smt2,unsat,0.026171207427978516
/convert/convert-jpg2gif-query-1616.smt2,sat,110.19556856155396
/convert/convert-jpg2gif-query-1454.smt2,sat,10.757
/convert/convert-jpg2gif-query-1173.smt2,sat,0.45265674591064453
/convert/convert-jpg2gif-query-1535.smt2,sat,45.77849888801575
/convert/convert-jpg2gif-query-1575.smt2,sat,36.25741982460022
/convert/convert-jpg2gif-query-1619.smt2,sat,81.62969493865967
/convert/convert-jpg2gif-query-2132.smt2,unsat,0.02495265007019043
/convert/convert-jpg2gif-query-1194.smt2,sat,1.7507197856903076
/convert/convert-jpg2gif-query-1179.smt2,sat,1.5139119625091553
/convert/convert-jpg2gif-query-1538.smt2,sat,54.13880705833435
/convert/convert-jpg2gif-query-1359.smt2,sat,2.7787442207336426
/convert/convert-jpg2gif-query-1243.smt2,unsat,0.024958133697509766
/convert/convert-jpg2gif-query-2120.smt2,unsat,0.019300222396850586
/convert/convert-jpg2gif-query-1504.smt2,sat,26.45510506629944
/convert/convert-jpg2gif-query-1191.smt2,sat,1.8826661109924316
/convert/convert-jpg2gif-query-1551.smt2,sat,31.361411571502686
/convert/convert-jpg2gif-query-2133.smt2,unsat,0.023288488388061523
/convert/convert-jpg2gif-query-1498.smt2,failed,1200.0
/convert/convert-jpg2gif-query-1601.smt2,sat,33.07050538063049
/convert/convert-jpg2gif-query-1600.smt2,sat,524.226
/convert/convert-jpg2gif-query-1511.smt2,sat,24.876835584640503
/convert/convert-jpg2gif-query-2122.smt2,unsat,0.026944398880004883
/convert/convert-jpg2gif-query-1434.smt2,sat,12.753
/convert/convert-jpg2gif-query-1421.smt2,sat,14.487
/convert/convert-jpg2gif-query-1189.smt2,sat,1.490056037902832
/convert/convert-jpg2gif-query-1404.smt2,sat,5.751340866088867
/convert/convert-jpg2gif-query-1523.smt2,sat,35.09487199783325
/convert/convert-jpg2gif-query-1394.smt2,sat,10.325
/convert/convert-jpg2gif-query-1208.smt2,sat,1.952249526977539
/convert/convert-jpg2gif-query-1460.smt2,sat,14.515
/convert/convert-jpg2gif-query-1171.smt2,sat,0.42549657821655273
/convert/convert-jpg2gif-query-1502.smt2,sat,24.69198226928711
/convert/convert-jpg2gif-query-1406.smt2,sat,10.992
/convert/convert-jpg2gif-query-1610.smt2,sat,38.48584842681885
/convert/convert-jpg2gif-query-2136.smt2,unsat,0.01750469207763672
/convert/convert-jpg2gif-query-1419.smt2,sat,13.422
/convert/convert-jpg2gif-query-1595.smt2,sat,38.5326874256134
/convert/convert-jpg2gif-query-1223.smt2,unsat,0.025292634963989258
/convert/convert-jpg2gif-query-1418.smt2,sat,14.639
/convert/convert-jpg2gif-query-1379.smt2,sat,4.063406229019165
/convert/convert-jpg2gif-query-1370.smt2,sat,3.904938220977783
/convert/convert-jpg2gif-query-1408.smt2,sat,10.367
/convert/convert-jpg2gif-query-1553.smt2,sat,320.97780585289
/convert/convert-jpg2gif-query-1534.smt2,sat,31.56030297279358
/convert/convert-jpg2gif-query-1550.smt2,sat,37.843658208847046
/convert/convert-jpg2gif-query-1430.smt2,sat,10.498
/convert/convert-jpg2gif-query-1596.smt2,sat,175.412
/convert/convert-jpg2gif-query-1148.smt2,sat,0.38809800148010254
/convert/convert-jpg2gif-query-1525.smt2,sat,36.313589572906494
/convert/convert-jpg2gif-query-1474.smt2,sat,21.203936338424683
/convert/convert-jpg2gif-query-1609.smt2,sat,37.75500297546387
/convert/convert-jpg2gif-query-1192.smt2,sat,1.9262490272521973
/convert/convert-jpg2gif-query-1565.smt2,sat,118.121
/convert/convert-jpg2gif-query-1584.smt2,sat,33.3947069644928
/convert/convert-jpg2gif-query-1497.smt2,sat,24.483962774276733
/convert/convert-jpg2gif-query-1427.smt2,sat,12.711
/convert/convert-jpg2gif-query-1172.smt2,sat,0.4667325019836426
/convert/convert-jpg2gif-query-1160.smt2,sat,0.3966941833496094
/convert/convert-jpg2gif-query-2130.smt2,unsat,0.019968509674072266
/convert/convert-jpg2gif-query-2138.smt2,unsat,0.023758888244628906
/convert/convert-jpg2gif-query-1602.smt2,sat,47.768280029296875
/convert/convert-jpg2gif-query-1442.smt2,sat,14.552
/convert/convert-jpg2gif-query-1559.smt2,sat,31.19149088859558
/convert/convert-jpg2gif-query-1416.smt2,sat,10.183
/convert/convert-jpg2gif-query-1154.smt2,sat,0.48446011543273926
/convert/convert-jpg2gif-query-1413.smt2,sat,12.348
/convert/convert-jpg2gif-query-1347.smt2,sat,1.966710090637207
/convert/convert-jpg2gif-query-1182.smt2,sat,1.511218786239624
/convert/convert-jpg2gif-query-1569.smt2,sat,34.16129779815674
/convert/convert-jpg2gif-query-1486.smt2,sat,23.265285968780518
/convert/convert-jpg2gif-query-1453.smt2,sat,10.786
/convert/convert-jpg2gif-query-1533.smt2,failed,1200.0
/convert/convert-jpg2gif-query-1447.smt2,sat,10.804
/convert/convert-jpg2gif-query-1152.smt2,sat,0.4748404026031494
/convert/convert-jpg2gif-query-1212.smt2,unsat,0.023563623428344727
/convert/convert-jpg2gif-query-1441.smt2,sat,14.932
/convert/convert-jpg2gif-query-1512.smt2,sat,20.403014659881592
/convert/convert-jpg2gif-query-1439.smt2,sat,13.148
/convert/convert-jpg2gif-query-2139.smt2,unsat,0.02233290672302246
/convert/convert-jpg2gif-query-1144.smt2,sat,0.40817999839782715
/convert/convert-jpg2gif-query-1140.smt2,sat,0.46902966499328613
/convert/convert-jpg2gif-query-1614.smt2,sat,66.07575845718384
/convert/convert-jpg2gif-query-1405.smt2,sat,12.688
/convert/convert-jpg2gif-query-1607.smt2,sat,125.144
/convert/convert-jpg2gif-query-1386.smt2,sat,3.6534271240234375
/convert/convert-jpg2gif-query-1174.smt2,sat,0.39157915115356445
/convert/convert-jpg2gif-query-2121.smt2,unsat,0.02230548858642578
/convert/convert-jpg2gif-query-1518.smt2,sat,26.441861391067505
/convert/convert-jpg2gif-query-1198.smt2,sat,1.8684871196746826
/convert/convert-jpg2gif-query-1585.smt2,sat,36.61168098449707
/convert/convert-jpg2gif-query-1425.smt2,sat,12.351
/convert/convert-jpg2gif-query-1147.smt2,sat,0.4914865493774414
/convert/convert-jpg2gif-query-1388.smt2,sat,4.7935333251953125
/convert/convert-jpg2gif-query-1337.smt2,sat,2.054189920425415
/convert/convert-jpg2gif-query-1380.smt2,sat,4.3057615756988525
/convert/convert-jpg2gif-query-1417.smt2,sat,11.916
/convert/convert-jpg2gif-query-1583.smt2,sat,38.08921813964844
/convert/convert-jpg2gif-query-1516.smt2,sat,27.18206214904785
/convert/convert-jpg2gif-query-1431.smt2,sat,10.456
/convert/convert-jpg2gif-query-1193.smt2,sat,1.9479544162750244
/convert/convert-jpg2gif-query-1593.smt2,sat,159.089
/convert/convert-jpg2gif-query-1581.smt2,sat,33.23341679573059
/convert/convert-jpg2gif-query-1392.smt2,sat,11.275
/convert/convert-jpg2gif-query-1165.smt2,sat,0.5238521099090576
/convert/convert-jpg2gif-query-1348.smt2,sat,2.2616500854492188
/convert/convert-jpg2gif-query-1591.smt2,sat,37.45642328262329
/convert/convert-jpg2gif-query-1412.smt2,sat,12.361
/convert/convert-jpg2gif-query-1484.smt2,sat,21.06997060775757
/convert/convert-jpg2gif-query-1168.smt2,sat,0.399935245513916
/convert/convert-jpg2gif-query-1437.smt2,sat,10.787
/convert/convert-jpg2gif-query-1238.smt2,unsat,0.022736310958862305
/convert/convert-jpg2gif-query-1577.smt2,unsat,0.23346757888793945
/convert/convert-jpg2gif-query-1429.smt2,sat,10.653
/convert/convert-jpg2gif-query-1146.smt2,sat,0.43817710876464844
/convert/convert-jpg2gif-query-1496.smt2,sat,32.09363675117493
/convert/convert-jpg2gif-query-1351.smt2,sat,2.569812297821045
/convert/convert-jpg2gif-query-1451.smt2,sat,10.777
/convert/convert-jpg2gif-query-1594.smt2,sat,133.545
/convert/convert-jpg2gif-query-1178.smt2,sat,1.2087624073028564
/convert/convert-jpg2gif-query-2127.smt2,unsat,0.022736787796020508
/convert/convert-jpg2gif-query-1438.smt2,sat,12.379
/convert/convert-jpg2gif-query-1228.smt2,unsat,0.025341272354125977
/convert/convert-jpg2gif-query-1166.smt2,sat,0.4633502960205078
/convert/convert-jpg2gif-query-1539.smt2,sat,30.485792875289917
/convert/convert-jpg2gif-query-1608.smt2,sat,45.908647775650024
/convert/convert-jpg2gif-query-1464.smt2,sat,14.205
/convert/convert-jpg2gif-query-1181.smt2,sat,1.2018208503723145
/convert/convert-jpg2gif-query-1443.smt2,sat,13.266
/convert/convert-jpg2gif-query-1396.smt2,sat,11.791
/convert/convert-jpg2gif-query-2141.smt2,unsat,0.014681577682495117
/convert/convert-jpg2gif-query-1526.smt2,sat,28.966474056243896
/convert/convert-jpg2gif-query-1491.smt2,sat,18.57979679107666
/convert/convert-jpg2gif-query-1167.smt2,sat,0.39975976943969727
/convert/convert-jpg2gif-query-1476.smt2,sat,16.684035539627075
/convert/convert-jpg2gif-query-1445.smt2,sat,12.579
/convert/convert-jpg2gif-query-2140.smt2,unsat,0.01786637306213379
/convert/convert-jpg2gif-query-1617.smt2,sat,66.74300479888916
/convert/convert-jpg2gif-query-1557.smt2,sat,39.3625853061676
/convert/convert-jpg2gif-query-1503.smt2,sat,21.887960195541382
/convert/convert-jpg2gif-query-1195.smt2,sat,2.2274725437164307
/convert/convert-jpg2gif-query-1213.smt2,unsat,0.023263931274414062
/convert/convert-jpg2gif-query-1457.smt2,sat,14.486
/convert/convert-jpg2gif-query-1450.smt2,sat,12.936
/convert/convert-jpg2gif-query-1142.smt2,sat,0.4944913387298584
/convert/convert-jpg2gif-query-1556.smt2,sat,31.91553521156311
/convert/convert-jpg2gif-query-1428.smt2,sat,13.316
/convert/convert-jpg2gif-query-1483.smt2,sat,19.165982246398926
/convert/convert-jpg2gif-query-1597.smt2,sat,39.67389512062073
/convert/convert-jpg2gif-query-1415.smt2,sat,12.839
/convert/convert-jpg2gif-query-1477.smt2,sat,20.866660118103027
/convert/convert-jpg2gif-query-1242.smt2,unsat,0.026777267456054688
/convert/convert-jpg2gif-query-1224.smt2,unsat,0.02436041831970215
/convert/convert-jpg2gif-query-1463.smt2,sat,14.603
/convert/convert-tiff2jpg-query-1831.smt2,unsat,0.008863449096679688
/convert/convert-jpg2gif-query-1391.smt2,sat,11.272
/convert/convert-jpg2gif-query-1155.smt2,sat,0.406207799911499
/convert/convert-jpg2gif-query-1169.smt2,sat,0.44807863235473633
/convert/convert-jpg2gif-query-1371.smt2,sat,3.217998504638672
/convert/convert-jpg2gif-query-1422.smt2,sat,14.556
/convert/convert-jpg2gif-query-1163.smt2,sat,0.4756627082824707
/convert/convert-jpg2gif-query-1580.smt2,sat,107.123
/convert/convert-jpg2gif-query-1586.smt2,sat,33.46805739402771
/convert/convert-jpg2gif-query-1605.smt2,sat,34.428728342056274
/convert/convert-jpg2gif-query-1217.smt2,unsat,0.02426600456237793
/convert/convert-jpg2gif-query-1549.smt2,sat,1061.758
/convert/convert-jpg2gif-query-1480.smt2,sat,15.147777080535889
/convert/convert-jpg2gif-query-1423.smt2,sat,13.668
/convert/convert-jpg2gif-query-1611.smt2,sat,38.993486404418945
/convert/convert-jpg2gif-query-1209.smt2,unsat,0.02455425262451172
/convert/convert-jpg2gif-query-1207.smt2,sat,1.8057506084442139
/convert/convert-jpg2gif-query-1372.smt2,sat,3.962665557861328
/convert/convert-jpg2gif-query-1613.smt2,sat,60.920833349227905
/convert/convert-jpg2gif-query-1543.smt2,sat,194.695
/convert/convert-jpg2gif-query-1606.smt2,sat,36.38677716255188
/convert/convert-jpg2gif-query-2126.smt2,unsat,0.01970839500427246
/convert/convert-jpg2gif-query-1164.smt2,sat,0.48777222633361816
/convert/convert-jpg2gif-query-1468.smt2,sat,13.562
/convert/convert-jpg2gif-query-1150.smt2,sat,0.4226217269897461
/convert/convert-jpg2gif-query-1566.smt2,sat,34.15825843811035
/convert/convert-jpg2gif-query-1544.smt2,sat,40.58484148979187
/convert/convert-jpg2gif-query-1414.smt2,sat,12.471
/convert/convert-jpg2gif-query-1234.smt2,unsat,0.02681732177734375
/convert/convert-jpg2gif-query-1170.smt2,sat,0.4971926212310791
/convert/convert-jpg2gif-query-1452.smt2,sat,13.053
/convert/convert-jpg2gif-query-1466.smt2,sat,12.944
/convert/convert-jpg2gif-query-1141.smt2,unsat,1.075
/convert/convert-jpg2gif-query-1157.smt2,sat,0.47652697563171387
/convert/convert-jpg2gif-query-1411.smt2,sat,5.172755479812622
/convert/convert-jpg2gif-query-1229.smt2,unsat,0.023500680923461914
/convert/convert-jpg2gif-query-1546.smt2,sat,37.24851703643799
/convert/convert-jpg2gif-query-1395.smt2,sat,12.492
/convert/convert-jpg2gif-query-1407.smt2,sat,5.767398357391357
/convert/convert-jpg2gif-query-1426.smt2,sat,12.709
/convert/convert-jpg2gif-query-1204.smt2,sat,1.251305103302002
/convert/convert-jpg2gif-query-1343.smt2,sat,2.0448544025421143
/convert/convert-jpg2gif-query-901.smt2,sat,0.022625207901000977
/convert/convert-jpg2gif-query-1461.smt2,sat,14.475
/convert/convert-jpg2gif-query-1604.smt2,sat,40.765507221221924
/convert/convert-jpg2gif-query-1183.smt2,sat,1.7779695987701416
/convert/convert-jpg2gif-query-1462.smt2,sat,15.168
/convert/convert-jpg2gif-query-1587.smt2,sat,33.91623592376709
/convert/convert-jpg2gif-query-1576.smt2,sat,41.866530418395996
/convert/convert-jpg2gif-query-1222.smt2,unsat,0.02602386474609375
/convert/convert-jpg2gif-query-1492.smt2,sat,18.468026876449585
/convert/convert-jpg2gif-query-1558.smt2,sat,126.026
/convert/convert-jpg2gif-query-1180.smt2,sat,1.6244277954101562
/convert/convert-jpg2gif-query-1458.smt2,sat,14.934
/convert/convert-jpg2gif-query-1519.smt2,sat,27.892385482788086
/convert/convert-jpg2gif-query-1579.smt2,sat,57.885693311691284
/convert/convert-jpg2gif-query-1501.smt2,sat,19.391979217529297
/convert/convert-jpg2gif-query-1433.smt2,sat,13.231
/convert/convert-jpg2gif-query-1206.smt2,sat,1.779663324356079
/convert/convert-jpg2gif-query-1342.smt2,sat,2.173187255859375
/convert/convert-jpg2gif-query-1201.smt2,sat,1.8853495121002197
/convert/convert-jpg2gif-query-1373.smt2,sat,3.252068519592285
/convert/convert-jpg2gif-query-1571.smt2,sat,276.137
/convert/convert-jpg2gif-query-1365.smt2,sat,3.382776975631714
/convert/convert-jpg2gif-query-1202.smt2,sat,1.9572439193725586
/convert/convert-jpg2gif-query-1227.smt2,unsat,0.028661251068115234
/convert/convert-jpg2gif-query-1570.smt2,sat,42.10216474533081
/convert/convert-jpg2gif-query-1470.smt2,sat,20.028860807418823
/convert/convert-jpg2gif-query-1158.smt2,sat,0.4726581573486328
/convert/convert-jpg2gif-query-1588.smt2,sat,148.298
/convert/convert-jpg2gif-query-1540.smt2,sat,42.54772591590881
/convert/convert-jpg2gif-query-1402.smt2,sat,11.637
/convert/convert-jpg2gif-query-1444.smt2,sat,14.459
/convert/convert-jpg2gif-query-1352.smt2,sat,2.1940197944641113
/convert/convert-jpg2gif-query-1219.smt2,unsat,0.023694515228271484
/convert/convert-jpg2gif-query-1598.smt2,sat,40.14948010444641
/convert/convert-jpg2gif-query-1547.smt2,sat,50.36049818992615
/convert/convert-jpg2gif-query-1573.smt2,sat,38.06851124763489
/convert/convert-jpg2gif-query-1448.smt2,sat,10.813
/convert/convert-jpg2gif-query-1475.smt2,sat,21.543089866638184
/convert/convert-jpg2gif-query-1410.smt2,sat,10.949
/convert/convert-jpg2gif-query-1485.smt2,sat,18.97682809829712
/convert/convert-jpg2gif-query-1387.smt2,sat,4.617109060287476
/convert/convert-jpg2gif-query-1590.smt2,sat,36.85538291931152
/convert/convert-jpg2gif-query-1139.smt2,sat,0.4168674945831299
/convert/convert-jpg2gif-query-1446.smt2,sat,10.915
/convert/convert-jpg2gif-query-1618.smt2,sat,909.7407755851746
/convert/convert-jpg2gif-query-1545.smt2,sat,36.48715162277222
/convert/convert-jpg2gif-query-1603.smt2,sat,246.73
/convert/convert-jpg2gif-query-1353.smt2,sat,2.3977115154266357
/convert/convert-jpg2gif-query-1552.smt2,sat,54.03316378593445
/convert/convert-jpg2gif-query-1420.smt2,sat,13.683
/convert/convert-jpg2gif-query-1237.smt2,unsat,0.025684356689453125
/convert/convert-jpg2gif-query-1184.smt2,sat,1.7501130104064941
/convert/convert-jpg2gif-query-1471.smt2,sat,15.46980619430542
/convert/convert-jpg2gif-query-1188.smt2,sat,1.728520393371582
/convert/convert-jpg2gif-query-1177.smt2,sat,0.4111320972442627
/convert/convert-jpg2gif-query-1176.smt2,sat,0.4180490970611572
/convert/convert-jpg2gif-query-1572.smt2,sat,31.079456090927124
/convert/convert-jpg2gif-query-1582.smt2,sat,31.892986297607422
/convert/convert-jpg2gif-query-1612.smt2,sat,40.46410775184631
/convert/convert-jpg2gif-query-1432.smt2,sat,11.889
/convert/convert-jpg2gif-query-1554.smt2,sat,41.256651878356934
/convert/convert-jpg2gif-query-1481.smt2,sat,28.40819263458252
/convert/convert-jpg2gif-query-1472.smt2,sat,24.268893241882324
/convert/convert-jpg2gif-query-1162.smt2,sat,0.4860799312591553
/convert/convert-jpg2gif-query-1440.smt2,sat,14.719
/convert/convert-jpg2gif-query-1409.smt2,sat,10.047
/convert/convert-jpg2gif-query-1218.smt2,unsat,0.024690866470336914
/convert/convert-jpg2gif-query-1156.smt2,sat,0.4250502586364746
/convert/convert-jpg2gif-query-1562.smt2,sat,30.63174080848694
/convert/convert-jpg2gif-query-1469.smt2,sat,21.705
/convert/convert-jpg2gif-query-1190.smt2,sat,1.8202712535858154
/convert/convert-jpg2gif-query-1149.smt2,sat,0.4750847816467285
/convert/convert-jpg2gif-query-1197.smt2,sat,1.7932286262512207
/convert/convert-jpg2gif-query-1145.smt2,sat,0.392841100692749
/convert/convert-jpg2gif-query-1561.smt2,sat,37.19979286193848
/convert/convert-jpg2gif-query-1574.smt2,sat,38.366394996643066
/convert/convert-jpg2gif-query-1435.smt2,sat,13.416
/convert/convert-jpg2gif-query-1153.smt2,sat,0.4831998348236084
/convert/convert-jpg2gif-query-1239.smt2,unsat,0.02480149269104004
/convert/convert-jpg2gif-query-1175.smt2,sat,0.45456933975219727
/convert/convert-jpg2gif-query-1449.smt2,sat,12.971
/convert/convert-jpg2gif-query-1505.smt2,sat,21.738362789154053
/convert/convert-jpg2gif-query-1436.smt2,sat,14.237
/convert/convert-jpg2gif-query-1338.smt2,sat,2.136524200439453
/convert/convert-jpg2gif-query-1567.smt2,sat,122.399
/convert/convert-jpg2gif-query-1563.smt2,sat,35.30850839614868
/convert/convert-jpg2gif-query-1589.smt2,sat,39.29678726196289
/convert/convert-jpg2gif-query-1555.smt2,sat,60.159724712371826
/convert/convert-jpg2gif-query-1185.smt2,sat,3.3668265342712402
/convert/convert-jpg2gif-query-2134.smt2,unsat,0.02161860466003418
/convert/convert-jpg2gif-query-1564.smt2,sat,42.254887342453
/convert/convert-jpg2gif-query-1424.smt2,sat,13.541
/convert/convert-jpg2gif-query-1568.smt2,sat,41.60629081726074
/convert/convert-jpg2gif-query-1467.smt2,sat,13.134
/convert/convert-jpg2gif-query-1473.smt2,sat,26.183056354522705
/convert/convert-jpg2gif-query-1465.smt2,sat,14.045
/convert/convert-jpg2gif-query-1532.smt2,sat,39.3584201335907
/convert/convert-jpg2gif-query-1548.smt2,sat,39.59484577178955
/convert/convert-jpg2gif-query-1522.smt2,sat,25.20856547355652
/convert/convert-jpg2gif-query-1159.smt2,sat,0.41589927673339844
/convert/convert-jpg2gif-query-1385.smt2,sat,4.380107164382935
/convert/convert-jpg2gif-query-1456.smt2,sat,13.517
/convert/convert-jpg2gif-query-1233.smt2,unsat,0.024965524673461914
/convert/convert-jpg2gif-query-1200.smt2,sat,1.7433183193206787
/convert/convert-jpg2gif-query-1199.smt2,sat,1.7390294075012207
/convert/convert-jpg2gif-query-1541.smt2,sat,144.424
/convert/convert-jpg2gif-query-1203.smt2,sat,1.84712815284729
/convert/convert-jpg2gif-query-1578.smt2,sat,40.32794904708862
/convert/convert-jpg2gif-query-1214.smt2,unsat,0.02390742301940918
/convert/convert-jpg2gif-query-1143.smt2,sat,0.4335145950317383
/convert/convert-jpg2gif-query-1524.smt2,failed,1200.0
/convert/convert-jpg2gif-query-1363.smt2,sat,2.587430238723755
/convert/convert-jpg2gif-query-1615.smt2,sat,87.23422026634216
/convert/convert-jpg2gif-query-1151.smt2,sat,0.4213423728942871
/convert/convert-jpg2gif-query-1455.smt2,sat,10.769
/convert/convert-jpg2gif-query-1196.smt2,sat,1.7789924144744873
/convert/convert-jpg2gif-query-1358.smt2,sat,3.1077654361724854
/convert/convert-jpg2gif-query-1459.smt2,sat,14.376
/convert/convert-jpg2gif-query-1592.smt2,sat,31.25765872001648
/convert/convert-jpg2gif-query-1161.smt2,sat,0.49865031242370605
/convert/convert-jpg2gif-query-1599.smt2,sat,56.69462537765503
/convert/convert-jpg2gif-query-2124.smt2,unsat,0.025548696517944336
/fft/Sz32_455.smt2,unsat,0.3030848503112793
/fft/Sz256_6615.smt2,failed,1200.0
/fft/Sz128_2824.smt2,sat,0.22082304954528809
/fft/Sz256_6616.smt2,failed,1200.0
/fft/Sz64_1160.smt2,sat,0.020305395126342773
/fft/Sz128_2823.smt2,unsat,60.62135601043701
/fft/Sz32_456.smt2,sat,0.045958518981933594
/fft/Sz64_1159.smt2,unsat,0.07678842544555664
/fft/Sz256_6664.smt2,failed,1200.0
/dillig/15-17.smt2,sat,0.03247356414794922
/dillig/45-10.smt2,sat,0.2441103458404541
/dillig/20-28.smt2,sat,0.11673617362976074
/dillig/30-22.smt2,sat,0.26750874519348145
/dillig/25-35.smt2,sat,0.2933695316314697
/dillig/45-29.smt2,sat,0.7271621227264404
/dillig/25-29.smt2,sat,0.28537464141845703
/dillig/20-5.smt2,sat,0.026269197463989258
/dillig/30-24.smt2,sat,0.213
/dillig/45-20.smt2,sat,0.5488359928131104
/dillig/20-7.smt2,sat,0.062
/dillig/25-1.smt2,sat,0.009588003158569336
/dillig/25-27.smt2,sat,0.2781198024749756
/dillig/35-5.smt2,sat,0.11571931838989258
/dillig/40-21.smt2,sat,0.45363593101501465
/dillig/30-35.smt2,sat,0.3896782398223877
/dillig/40-24.smt2,sat,0.6292932033538818
/dillig/10-29.smt2,sat,0.008873462677001953
/dillig/35-10.smt2,sat,0.253
/dillig/10-28.smt2,sat,0.01
/dillig/45-32.smt2,sat,0.9362773895263672
/dillig/25-2.smt2,sat,0.010256052017211914
/dillig/35-23.smt2,sat,0.3624613285064697
/dillig/45-19.smt2,sat,0.49587559700012207
/dillig/25-31.smt2,unsat,0.246
/dillig/20-12.smt2,sat,0.06964302062988281
/dillig/35-24.smt2,sat,0.423281192779541
/dillig/25-14.smt2,sat,0.21908068656921387
/dillig/40-1.smt2,sat,0.2554450035095215
/dillig/10-4.smt2,sat,0.005
/dillig/35-14.smt2,sat,0.25960493087768555
/dillig/20-2.smt2,sat,0.008378267288208008
/dillig/30-21.smt2,sat,0.2849581241607666
/dillig/40-7.smt2,sat,0.2810235023498535
/dillig/40-13.smt2,sat,0.39053845405578613
/dillig/35-13.smt2,sat,0.269
/dillig/45-3.smt2,sat,0.012015342712402344
/dillig/20-11.smt2,sat,0.084
/dillig/40-8.smt2,sat,0.29712986946105957
/dillig/15-14.smt2,sat,0.042
/dillig/20-9.smt2,sat,0.065
/dillig/40-15.smt2,sat,0.3408327102661133
/dillig/45-21.smt2,sat,0.5943431854248047
/dillig/15-19.smt2,sat,0.031711578369140625
/dillig/25-15.smt2,sat,0.09813141822814941
/dillig/35-1.smt2,sat,0.010493993759155273
/dillig/40-27.smt2,sat,0.5000004768371582
/dillig/40-14.smt2,sat,0.3320934772491455
/dillig/40-11.smt2,sat,0.3870697021484375
/dillig/20-14.smt2,unsat,1.8375129699707031
/dillig/45-13.smt2,sat,0.49750566482543945
/dillig/15-8.smt2,sat,0.0072858333587646484
/dillig/20-3.smt2,sat,0.053484201431274414
/dillig/15-11.smt2,sat,0.03198719024658203
/dillig/30-30.smt2,sat,0.3354756832122803
/dillig/45-6.smt2,sat,0.2267594337463379
/dillig/15-3.smt2,sat,0.017653942108154297
/dillig/45-12.smt2,sat,0.0924375057220459
/dillig/30-2.smt2,sat,0.12147665023803711
/dillig/20-10.smt2,sat,0.022460222244262695
/dillig/45-16.smt2,sat,0.5673689842224121
/dillig/35-9.smt2,sat,0.241
/dillig/20-30.smt2,sat,0.19226741790771484
/dillig/20-20.smt2,sat,0.07410979270935059
/dillig/25-24.smt2,sat,0.23705720901489258
/dillig/30-26.smt2,sat,0.23238110542297363
/dillig/20-24.smt2,sat,0.21501684188842773
/dillig/20-21.smt2,sat,0.175
/dillig/25-23.smt2,sat,0.09785223007202148
/dillig/30-16.smt2,sat,0.16828322410583496
/dillig/35-18.smt2,sat,0.27366042137145996
/dillig/25-6.smt2,sat,0.121
/dillig/25-25.smt2,sat,0.2
/dillig/35-28.smt2,sat,0.3826334476470947
/dillig/20-22.smt2,sat,0.05975151062011719
/dillig/15-18.smt2,sat,0.027502059936523438
/dillig/25-13.smt2,sat,0.113
/dillig/40-22.smt2,sat,0.531916618347168
/dillig/30-18.smt2,sat,0.25
/dillig/45-11.smt2,sat,0.5139601230621338
/dillig/25-4.smt2,sat,0.05791735649108887
/dillig/30-1.smt2,sat,0.04571843147277832
/dillig/10-15.smt2,sat,0.005
/dillig/15-15.smt2,sat,0.02810835838317871
/dillig/25-21.smt2,sat,0.247
/dillig/45-7.smt2,sat,0.398348331451416
/dillig/30-27.smt2,sat,0.202
/dillig/25-26.smt2,sat,0.2619171142578125
/dillig/20-13.smt2,sat,0.045412302017211914
/dillig/15-6.smt2,sat,0.020505428314208984
/dillig/20-26.smt2,sat,0.108
/dillig/30-9.smt2,sat,0.21841168403625488
/dillig/30-5.smt2,sat,0.03969550132751465
/dillig/45-30.smt2,sat,0.7148017883300781
/dillig/20-6.smt2,sat,0.07
/dillig/10-3.smt2,sat,0.004
/dillig/25-5.smt2,sat,0.08521246910095215
/dillig/40-5.smt2,sat,0.010954856872558594
/dillig/40-35.smt2,sat,0.47310781478881836
/dillig/35-7.smt2,sat,0.183
/dillig/45-25.smt2,sat,0.6514542102813721
/dillig/30-33.smt2,sat,0.2972722053527832
/dillig/15-4.smt2,sat,0.016986608505249023
/dillig/25-20.smt2,sat,0.115
/dillig/40-23.smt2,sat,0.50118088722229
/dillig/35-11.smt2,sat,0.26705074310302734
/dillig/10-45.smt2,sat,0.00827479362487793
/dillig/45-15.smt2,sat,0.3188328742980957
/dillig/15-20.smt2,sat,0.035722970962524414
/dillig/30-11.smt2,sat,0.221
/dillig/10-31.smt2,sat,0.008192777633666992
/dillig/45-17.smt2,sat,0.6162822246551514
/dillig/45-9.smt2,sat,0.3820943832397461
/dillig/30-23.smt2,sat,0.23743081092834473
/dillig/10-35.smt2,sat,0.010854721069335938
/dillig/45-31.smt2,sat,0.9121766090393066
/dillig/45-34.smt2,sat,1.1835167407989502
/dillig/40-29.smt2,sat,0.5493206977844238
/dillig/40-18.smt2,sat,0.43689584732055664
/dillig/40-3.smt2,sat,0.01233673095703125
/dillig/35-33.smt2,sat,0.3708062171936035
/dillig/10-36.smt2,sat,0.006421327590942383
/dillig/20-8.smt2,sat,0.020539283752441406
/dillig/15-7.smt2,sat,0.02402043342590332
/dillig/30-4.smt2,sat,0.04500126838684082
/dillig/30-6.smt2,sat,0.02232503890991211
/dillig/10-30.smt2,sat,0.008
/dillig/40-33.smt2,sat,0.865947961807251
/dillig/25-18.smt2,sat,0.09600257873535156
/dillig/30-34.smt2,sat,0.3686525821685791
/dillig/30-17.smt2,sat,0.3254847526550293
/dillig/15-21.smt2,sat,0.028098583221435547
/dillig/45-22.smt2,sat,0.6796689033508301
/dillig/15-5.smt2,sat,0.007953405380249023
/dillig/40-28.smt2,sat,0.5308058261871338
/dillig/35-17.smt2,sat,0.3865199089050293
/dillig/30-10.smt2,sat,0.0370943546295166
/dillig/30-20.smt2,sat,0.27
/dillig/25-19.smt2,sat,0.10690855979919434
/dillig/25-8.smt2,sat,0.21184325218200684
/dillig/30-28.smt2,sat,0.5555205345153809
/dillig/45-8.smt2,sat,0.06685829162597656
/dillig/35-12.smt2,sat,0.291546106338501
/dillig/10-9.smt2,sat,0.004
/dillig/30-14.smt2,sat,0.2160634994506836
/dillig/35-35.smt2,sat,0.45619726181030273
/dillig/30-13.smt2,sat,0.190629243850708
/dillig/40-16.smt2,sat,0.39412689208984375
/dillig/45-14.smt2,sat,0.27813148498535156
/dillig/35-15.smt2,sat,0.30031919479370117
/dillig/35-8.smt2,sat,0.2272655963897705
/dillig/35-3.smt2,sat,0.17318344116210938
/dillig/35-19.smt2,sat,0.32698559761047363
/dillig/40-25.smt2,sat,0.5240786075592041
/dillig/20-19.smt2,sat,0.07988643646240234
/dillig/35-20.smt2,sat,0.325
/dillig/25-22.smt2,unsat,0.089
/dillig/10-40.smt2,sat,0.011225461959838867
/dillig/30-8.smt2,sat,0.18
/dillig/45-28.smt2,sat,0.7808921337127686
/dillig/20-4.smt2,sat,0.054323434829711914
/dillig/35-22.smt2,sat,0.39392924308776855
/dillig/40-30.smt2,sat,0.49074363708496094
/dillig/35-2.smt2,sat,0.025438308715820312
/dillig/30-15.smt2,sat,0.3172121047973633
/dillig/45-33.smt2,sat,0.7903914451599121
/dillig/40-4.smt2,sat,0.013916969299316406
/dillig/40-32.smt2,sat,0.75773024559021
/dillig/45-35.smt2,sat,0.7141141891479492
/dillig/30-25.smt2,sat,0.3013029098510742
/dillig/10-41.smt2,sat,0.01
/dillig/20-15.smt2,sat,0.05647444725036621
/dillig/35-6.smt2,sat,0.256
/dillig/25-17.smt2,sat,0.23428797721862793
/dillig/15-1.smt2,sat,0.007564544677734375
/dillig/40-17.smt2,sat,0.42493176460266113
/dillig/45-1.smt2,sat,0.30765676498413086
/dillig/15-13.smt2,sat,0.02638554573059082
/dillig/45-27.smt2,sat,0.7185955047607422
/dillig/25-28.smt2,sat,0.31159114837646484
/dillig/15-10.smt2,sat,0.0649557113647461
/dillig/30-12.smt2,sat,0.21
/dillig/15-2.smt2,sat,0.016644716262817383
/dillig/25-10.smt2,sat,0.127
/dillig/40-34.smt2,sat,0.6409568786621094
/dillig/30-29.smt2,sat,0.219
/dillig/30-31.smt2,sat,0.3110513687133789
/dillig/30-3.smt2,sat,0.13833403587341309
/dillig/25-11.smt2,sat,0.141
/dillig/15-12.smt2,sat,0.1717543601989746
/dillig/25-12.smt2,sat,0.15508270263671875
/dillig/35-34.smt2,sat,0.30817437171936035
/dillig/45-18.smt2,sat,0.5880825519561768
/dillig/25-30.smt2,sat,0.182
/dillig/10-34.smt2,sat,0.009868860244750977
/dillig/35-32.smt2,sat,0.4592924118041992
/dillig/35-25.smt2,sat,0.3395576477050781
/dillig/35-26.smt2,sat,0.40004920959472656
/dillig/25-33.smt2,sat,0.6912193298339844
/dillig/10-21.smt2,sat,0.005536317825317383
/dillig/35-21.smt2,sat,0.42461109161376953
/dillig/45-24.smt2,sat,0.6229419708251953
/dillig/35-4.smt2,sat,0.011995792388916016
/dillig/35-29.smt2,sat,0.3809366226196289
/dillig/25-9.smt2,sat,0.104
/dillig/35-31.smt2,sat,0.3744354248046875
/dillig/45-23.smt2,sat,0.7183103561401367
/dillig/25-7.smt2,sat,0.1775379180908203
/dillig/25-3.smt2,sat,0.024659156799316406
/dillig/40-20.smt2,sat,0.4343867301940918
/dillig/35-16.smt2,sat,0.26866865158081055
/dillig/20-17.smt2,sat,0.213
/dillig/40-2.smt2,sat,0.14518475532531738
/dillig/20-16.smt2,sat,0.08
/dillig/35-27.smt2,sat,0.4390895366668701
/dillig/40-31.smt2,sat,1.0651683807373047
/dillig/45-4.smt2,sat,0.026874542236328125
/dillig/15-9.smt2,sat,0.032898902893066406
/dillig/30-19.smt2,sat,0.233
/dillig/40-12.smt2,sat,0.3487672805786133
/dillig/45-2.smt2,sat,0.012387990951538086
/dillig/35-30.smt2,sat,0.44982099533081055
/dillig/45-5.smt2,sat,0.028002500534057617
/dillig/40-19.smt2,sat,0.452
/dillig/45-26.smt2,sat,0.8505606651306152
/dillig/25-16.smt2,sat,0.141
/dillig/40-9.smt2,sat,0.04798173904418945
/dillig/20-1.smt2,sat,0.04693460464477539
/dillig/40-10.smt2,sat,0.014952659606933594
/dillig/30-7.smt2,sat,0.055516719818115234
/dillig/40-26.smt2,sat,0.4823765754699707
/dillig/10-37.smt2,sat,0.013511180877685547
/dillig/40-6.smt2,sat,0.025454282760620117
/rings/ring_2exp8_6vars_2ite_unsat.smt2,failed,1200.0
/rings/ring_2exp14_9vars_8ite_unsat.smt2,failed,1200.0
/rings/ring_2exp8_6vars_4ite_unsat.smt2,failed,1200.0
/rings/ring_2exp12_3vars_0ite_unsat.smt2,unsat,0.008358478546142578
/rings/ring_2exp6_6vars_5ite_unsat.smt2,failed,1200.0
/rings/ring_2exp10_9vars_2ite_unsat.smt2,failed,1200.0
/rings/ring_2exp14_9vars_6ite_unsat.smt2,failed,1200.0
/rings/ring_2exp16_4vars_1ite_unsat.smt2,unsat,0.2056899070739746
/rings/ring_2exp10_7vars_1ite_unsat.smt2,failed,1200.0
/rings/ring_2exp10_3vars_1ite_unsat.smt2,unsat,0.044446468353271484
/rings/ring_2exp16_9vars_1ite_unsat.smt2,failed,1200.0
/rings/ring_2exp14_8vars_4ite_unsat.smt2,failed,1200.0
/rings/ring_2exp8_7vars_5ite_unsat.smt2,failed,1200.0
/rings/ring_2exp4_4vars_3ite_unsat.smt2,unsat,0.26755714416503906
/rings/ring_2exp14_6vars_0ite_unsat.smt2,unsat,0.015621662139892578
/rings/ring_2exp16_4vars_3ite_unsat.smt2,unsat,0.32097339630126953
/rings/ring_2exp4_6vars_5ite_unsat.smt2,unsat,55.75913405418396
/rings/ring_2exp12_7vars_4ite_unsat.smt2,failed,1200.0
/rings/ring_2exp4_8vars_1ite_unsat.smt2,failed,1200.0
/rings/ring_2exp4_9vars_8ite_unsat.smt2,failed,1200.0
/rings/ring_2exp12_5vars_3ite_unsat.smt2,unsat,10.544058799743652
/rings/ring_2exp14_5vars_2ite_unsat.smt2,unsat,8.452052116394043
/rings/ring_2exp8_6vars_5ite_unsat.smt2,failed,1200.0
/rings/ring_2exp16_9vars_3ite_unsat.smt2,failed,1200.0
/rings/ring_2exp4_9vars_0ite_unsat.smt2,unsat,0.02747368812561035
/rings/ring_2exp10_7vars_5ite_unsat.smt2,failed,1200.0
/rings/ring_2exp10_9vars_0ite_unsat.smt2,unsat,0.026593685150146484
/rings/ring_2exp10_7vars_6ite_unsat.smt2,failed,1200.0
/rings/ring_2exp8_4vars_1ite_unsat.smt2,unsat,0.23910832405090332
/rings/ring_2exp6_6vars_1ite_unsat.smt2,unsat,812.8048756122589
/rings/ring_2exp12_9vars_4ite_unsat.smt2,failed,1200.0
/rings/ring_2exp14_8vars_3ite_unsat.smt2,failed,1200.0
/rings/ring_2exp14_7vars_6ite_unsat.smt2,failed,1200.0
/rings/ring_2exp16_6vars_1ite_unsat.smt2,failed,1200.0
/rings/ring_2exp12_6vars_3ite_unsat.smt2,unsat,1137.3182229995728
/rings/ring_2exp6_5vars_2ite_unsat.smt2,unsat,8.398156881332397
/rings/ring_2exp8_5vars_0ite_unsat.smt2,unsat,0.013145923614501953
/rings/ring_2exp8_8vars_0ite_unsat.smt2,unsat,0.022154569625854492
/rings/ring_2exp8_5vars_1ite_unsat.smt2,unsat,3.4884800910949707
/rings/ring_2exp12_9vars_2ite_unsat.smt2,failed,1200.0
/rings/ring_2exp14_6vars_3ite_unsat.smt2,failed,1200.0
/rings/ring_2exp6_9vars_2ite_unsat.smt2,failed,1200.0
/rings/ring_2exp14_6vars_5ite_unsat.smt2,failed,1200.0
/rings/ring_2exp16_8vars_6ite_unsat.smt2,failed,1200.0
/rings/ring_2exp12_6vars_2ite_unsat.smt2,failed,1200.0
/rings/ring_2exp16_8vars_3ite_unsat.smt2,failed,1200.0
/rings/ring_2exp4_7vars_3ite_unsat.smt2,unsat,687.2700955867767
/rings/ring_2exp10_4vars_0ite_unsat.smt2,unsat,0.012003898620605469
/rings/ring_2exp14_4vars_0ite_unsat.smt2,unsat,0.012511491775512695
/rings/ring_2exp10_8vars_4ite_unsat.smt2,failed,1200.0
/rings/ring_2exp6_4vars_2ite_unsat.smt2,unsat,0.2673497200012207
/rings/ring_2exp10_5vars_1ite_unsat.smt2,unsat,3.697089672088623
/rings/ring_2exp16_6vars_2ite_unsat.smt2,failed,1200.0
/rings/ring_2exp6_9vars_6ite_unsat.smt2,failed,1200.0
/rings/ring_2exp6_9vars_0ite_unsat.smt2,unsat,0.025229930877685547
/rings/ring_2exp6_5vars_3ite_unsat.smt2,unsat,106.419
/rings/ring_2exp14_7vars_4ite_unsat.smt2,failed,1200.0
/rings/ring_2exp16_5vars_4ite_unsat.smt2,unsat,105.009
/rings/ring_2exp6_7vars_0ite_unsat.smt2,unsat,0.020952939987182617
/rings/ring_2exp12_7vars_3ite_unsat.smt2,failed,1200.0
/rings/ring_2exp16_9vars_6ite_unsat.smt2,failed,1200.0
/rings/ring_2exp10_6vars_5ite_unsat.smt2,failed,1200.0
/rings/ring_2exp10_4vars_2ite_unsat.smt2,unsat,0.20868444442749023
/rings/ring_2exp4_6vars_3ite_unsat.smt2,unsat,52.479902029037476
/rings/ring_2exp6_7vars_2ite_unsat.smt2,failed,1200.0
/rings/ring_2exp6_7vars_6ite_unsat.smt2,failed,1200.0
/rings/ring_2exp8_3vars_2ite_unsat.smt2,unsat,0.04327082633972168
/rings/ring_2exp4_9vars_4ite_unsat.smt2,failed,1200.0
/rings/ring_2exp6_9vars_8ite_unsat.smt2,failed,1200.0
/rings/ring_2exp4_7vars_4ite_unsat.smt2,unsat,741.5250432491302
/rings/ring_2exp12_9vars_6ite_unsat.smt2,failed,1200.0
/rings/ring_2exp8_8vars_3ite_unsat.smt2,failed,1200.0
/rings/ring_2exp4_7vars_5ite_unsat.smt2,unsat,1009.299690246582
/rings/ring_2exp14_5vars_3ite_unsat.smt2,unsat,10.94085144996643
/rings/ring_2exp12_8vars_5ite_unsat.smt2,failed,1200.0
/rings/ring_2exp8_7vars_6ite_unsat.smt2,failed,1200.0
/rings/ring_2exp4_8vars_7ite_unsat.smt2,unsat,390.7977361679077
/rings/ring_2exp8_9vars_2ite_unsat.smt2,failed,1200.0
/rings/ring_2exp12_9vars_8ite_unsat.smt2,failed,1200.0
/rings/ring_2exp6_3vars_0ite_unsat.smt2,unsat,0.010081052780151367
/rings/ring_2exp14_7vars_3ite_unsat.smt2,failed,1200.0
/rings/ring_2exp4_9vars_3ite_unsat.smt2,failed,1200.0
/rings/ring_2exp10_8vars_2ite_unsat.smt2,failed,1200.0
/rings/ring_2exp8_8vars_1ite_unsat.smt2,failed,1200.0
/rings/ring_2exp10_8vars_0ite_unsat.smt2,unsat,0.024206876754760742
/rings/ring_2exp10_9vars_8ite_unsat.smt2,failed,1200.0
/rings/ring_2exp16_8vars_7ite_unsat.smt2,failed,1200.0
/rings/ring_2exp10_8vars_6ite_unsat.smt2,failed,1200.0
/rings/ring_2exp16_9vars_8ite_unsat.smt2,failed,1200.0
/rings/ring_2exp8_7vars_4ite_unsat.smt2,failed,1200.0
/rings/ring_2exp16_8vars_1ite_unsat.smt2,failed,1200.0
/rings/ring_2exp6_5vars_4ite_unsat.smt2,unsat,11.215733528137207
/rings/ring_2exp4_8vars_4ite_unsat.smt2,failed,1200.0
/rings/ring_2exp14_8vars_7ite_unsat.smt2,failed,1200.0
/rings/ring_2exp12_3vars_2ite_unsat.smt2,unsat,0.03492856025695801
/rings/ring_2exp12_4vars_2ite_unsat.smt2,unsat,0.13999319076538086
/rings/ring_2exp8_6vars_0ite_unsat.smt2,unsat,0.017709732055664062
/rings/ring_2exp16_7vars_2ite_unsat.smt2,failed,1200.0
/rings/ring_2exp4_3vars_2ite_unsat.smt2,unsat,0.05
/rings/ring_2exp10_9vars_3ite_unsat.smt2,failed,1200.0
/rings/ring_2exp16_5vars_0ite_unsat.smt2,unsat,0.015543460845947266
/rings/ring_2exp14_7vars_0ite_unsat.smt2,unsat,0.018355131149291992
/rings/ring_2exp12_9vars_0ite_unsat.smt2,unsat,0.028133392333984375
/rings/ring_2exp14_3vars_2ite_unsat.smt2,unsat,0.04666566848754883
/rings/ring_2exp16_9vars_5ite_unsat.smt2,failed,1200.0
/rings/ring_2exp10_8vars_3ite_unsat.smt2,failed,1200.0
/rings/ring_2exp6_7vars_1ite_unsat.smt2,failed,1200.0
/rings/ring_2exp4_5vars_0ite_unsat.smt2,unsat,0.0162203311920166
/rings/ring_2exp8_9vars_3ite_unsat.smt2,failed,1200.0
/rings/ring_2exp10_9vars_6ite_unsat.smt2,failed,1200.0
/rings/ring_2exp16_4vars_2ite_unsat.smt2,unsat,0.16823410987854004
/rings/ring_2exp16_5vars_1ite_unsat.smt2,unsat,3.539865016937256
/rings/ring_2exp4_8vars_5ite_unsat.smt2,failed,1200.0
/rings/ring_2exp12_8vars_1ite_unsat.smt2,failed,1200.0
/rings/ring_2exp4_3vars_0ite_unsat.smt2,unsat,0.009692192077636719
/rings/ring_2exp14_5vars_0ite_unsat.smt2,unsat,0.015007734298706055
/rings/ring_2exp6_9vars_1ite_unsat.smt2,failed,1200.0
/rings/ring_2exp4_9vars_6ite_unsat.smt2,failed,1200.0
/rings/ring_2exp14_6vars_4ite_unsat.smt2,failed,1200.0
/rings/ring_2exp16_8vars_0ite_unsat.smt2,unsat,0.02202749252319336
/rings/ring_2exp16_8vars_5ite_unsat.smt2,failed,1200.0
/rings/ring_2exp12_7vars_0ite_unsat.smt2,unsat,0.020280122756958008
/rings/ring_2exp8_5vars_2ite_unsat.smt2,unsat,8.304198980331421
/rings/ring_2exp14_4vars_1ite_unsat.smt2,unsat,0.2635824680328369
/rings/ring_2exp4_8vars_6ite_unsat.smt2,failed,1200.0
/rings/ring_2exp4_6vars_4ite_unsat.smt2,unsat,48.892932415008545
/rings/ring_2exp8_5vars_4ite_unsat.smt2,unsat,11.761883974075317
/rings/ring_2exp12_7vars_2ite_unsat.smt2,failed,1200.0
/rings/ring_2exp12_9vars_5ite_unsat.smt2,failed,1200.0
/rings/ring_2exp4_8vars_2ite_unsat.smt2,failed,1200.0
/rings/ring_2exp4_6vars_2ite_unsat.smt2,unsat,34.618446588516235
/rings/ring_2exp4_9vars_2ite_unsat.smt2,failed,1200.0
/rings/ring_2exp12_8vars_4ite_unsat.smt2,failed,1200.0
/rings/ring_2exp10_7vars_4ite_unsat.smt2,failed,1200.0
/rings/ring_2exp12_8vars_3ite_unsat.smt2,failed,1200.0
/rings/ring_2exp10_5vars_2ite_unsat.smt2,unsat,8.741381406784058
/rings/ring_2exp14_8vars_2ite_unsat.smt2,failed,1200.0
/rings/ring_2exp6_7vars_3ite_unsat.smt2,failed,1200.0
/rings/ring_2exp6_8vars_4ite_unsat.smt2,failed,1200.0
/rings/ring_2exp8_9vars_6ite_unsat.smt2,failed,1200.0
/rings/ring_2exp8_8vars_7ite_unsat.smt2,failed,1200.0
/rings/ring_2exp4_7vars_0ite_unsat.smt2,unsat,0.019818782806396484
/rings/ring_2exp6_6vars_3ite_unsat.smt2,unsat,914.0379707813263
/rings/ring_2exp14_5vars_1ite_unsat.smt2,unsat,3.5706489086151123
/rings/ring_2exp4_4vars_1ite_unsat.smt2,unsat,0.13645386695861816
/rings/ring_2exp8_7vars_3ite_unsat.smt2,failed,1200.0
/rings/ring_2exp4_3vars_1ite_unsat.smt2,unsat,0.03944969177246094
/rings/ring_2exp10_9vars_7ite_unsat.smt2,failed,1200.0
/rings/ring_2exp6_5vars_0ite_unsat.smt2,unsat,0.015405416488647461
/rings/ring_2exp6_9vars_5ite_unsat.smt2,failed,1200.0
/rings/ring_2exp8_7vars_2ite_unsat.smt2,failed,1200.0
/rings/ring_2exp10_6vars_2ite_unsat.smt2,failed,1200.0
/rings/ring_2exp4_6vars_1ite_unsat.smt2,unsat,326.253
/rings/ring_2exp4_5vars_1ite_unsat.smt2,unsat,1.145585298538208
/rings/ring_2exp8_9vars_8ite_unsat.smt2,failed,1200.0
/rings/ring_2exp14_8vars_1ite_unsat.smt2,failed,1200.0
/rings/ring_2exp4_7vars_2ite_unsat.smt2,unsat,591.709389925003
/rings/ring_2exp10_8vars_7ite_unsat.smt2,failed,1200.0
/rings/ring_2exp14_4vars_3ite_unsat.smt2,unsat,0.24157953262329102
/rings/ring_2exp10_3vars_0ite_unsat.smt2,unsat,0.00925302505493164
/rings/ring_2exp10_8vars_1ite_unsat.smt2,failed,1200.0
/rings/ring_2exp10_9vars_4ite_unsat.smt2,failed,1200.0
/rings/ring_2exp6_7vars_5ite_unsat.smt2,failed,1200.0
/rings/ring_2exp6_4vars_0ite_unsat.smt2,unsat,0.011533021926879883
/rings/ring_2exp12_4vars_3ite_unsat.smt2,unsat,0.34073591232299805
/rings/ring_2exp8_3vars_1ite_unsat.smt2,unsat,0.0395815372467041
/rings/ring_2exp12_9vars_7ite_unsat.smt2,failed,1200.0
/rings/ring_2exp16_6vars_3ite_unsat.smt2,failed,1200.0
/rings/ring_2exp10_6vars_1ite_unsat.smt2,failed,1200.0
/rings/ring_2exp6_6vars_0ite_unsat.smt2,unsat,0.016961097717285156
/rings/ring_2exp16_5vars_3ite_unsat.smt2,unsat,10.092764139175415
/rings/ring_2exp16_8vars_4ite_unsat.smt2,failed,1200.0
/rings/ring_2exp10_3vars_2ite_unsat.smt2,unsat,0.0394895076751709
/rings/ring_2exp6_4vars_3ite_unsat.smt2,unsat,0.28488945960998535
/rings/ring_2exp12_8vars_2ite_unsat.smt2,failed,1200.0
/rings/ring_2exp16_6vars_5ite_unsat.smt2,failed,1200.0
/rings/ring_2exp8_8vars_4ite_unsat.smt2,failed,1200.0
/rings/ring_2exp8_4vars_0ite_unsat.smt2,unsat,0.010416269302368164
/rings/ring_2exp16_6vars_4ite_unsat.smt2,failed,1200.0
/rings/ring_2exp10_9vars_1ite_unsat.smt2,failed,1200.0
/rings/ring_2exp8_8vars_2ite_unsat.smt2,failed,1200.0
/rings/ring_2exp16_4vars_0ite_unsat.smt2,unsat,0.011515378952026367
/rings/ring_2exp12_7vars_5ite_unsat.smt2,failed,1200.0
/rings/ring_2exp14_3vars_1ite_unsat.smt2,unsat,0.04461503028869629
/rings/ring_2exp14_9vars_4ite_unsat.smt2,failed,1200.0
/rings/ring_2exp12_5vars_0ite_unsat.smt2,unsat,0.015268087387084961
/rings/ring_2exp10_7vars_3ite_unsat.smt2,failed,1200.0
/rings/ring_2exp14_9vars_1ite_unsat.smt2,failed,1200.0
/rings/ring_2exp8_9vars_5ite_unsat.smt2,failed,1200.0
/rings/ring_2exp12_7vars_6ite_unsat.smt2,failed,1200.0
/rings/ring_2exp14_4vars_2ite_unsat.smt2,unsat,0.19047880172729492
/rings/ring_2exp8_8vars_6ite_unsat.smt2,failed,1200.0
/rings/ring_2exp6_8vars_2ite_unsat.smt2,failed,1200.0
/rings/ring_2exp6_9vars_4ite_unsat.smt2,failed,1200.0
/rings/ring_2exp12_8vars_6ite_unsat.smt2,failed,1200.0
/rings/ring_2exp6_9vars_7ite_unsat.smt2,failed,1200.0
/rings/ring_2exp14_6vars_1ite_unsat.smt2,failed,1200.0
/rings/ring_2exp10_9vars_5ite_unsat.smt2,failed,1200.0
/rings/ring_2exp4_9vars_7ite_unsat.smt2,failed,1200.0
/rings/ring_2exp10_4vars_1ite_unsat.smt2,unsat,0.2993590831756592
/rings/ring_2exp8_9vars_1ite_unsat.smt2,failed,1200.0
/rings/ring_2exp14_8vars_5ite_unsat.smt2,failed,1200.0
/rings/ring_2exp10_5vars_0ite_unsat.smt2,unsat,0.014233827590942383
/rings/ring_2exp14_7vars_1ite_unsat.smt2,failed,1200.0
/rings/ring_2exp14_9vars_3ite_unsat.smt2,failed,1200.0
/rings/ring_2exp6_9vars_3ite_unsat.smt2,failed,1200.0
/rings/ring_2exp8_9vars_0ite_unsat.smt2,unsat,0.029296875
/rings/ring_2exp14_5vars_4ite_unsat.smt2,unsat,104.857
/rings/ring_2exp16_9vars_4ite_unsat.smt2,failed,1200.0
/rings/ring_2exp16_5vars_2ite_unsat.smt2,unsat,9.051394701004028
/rings/ring_2exp6_8vars_3ite_unsat.smt2,failed,1200.0
/rings/ring_2exp6_8vars_7ite_unsat.smt2,failed,1200.0
/rings/ring_2exp4_5vars_2ite_unsat.smt2,unsat,2.243269205093384
/rings/ring_2exp16_3vars_1ite_unsat.smt2,unsat,0.041315555572509766
/rings/ring_2exp16_7vars_1ite_unsat.smt2,failed,1200.0
/rings/ring_2exp6_7vars_4ite_unsat.smt2,failed,1200.0
/rings/ring_2exp14_9vars_7ite_unsat.smt2,failed,1200.0
/rings/ring_2exp12_5vars_1ite_unsat.smt2,unsat,3.721147298812866
/rings/ring_2exp16_3vars_2ite_unsat.smt2,unsat,0.037061214447021484
/rings/ring_2exp16_7vars_4ite_unsat.smt2,failed,1200.0
/rings/ring_2exp12_6vars_1ite_unsat.smt2,failed,1200.0
/rings/ring_2exp16_9vars_0ite_unsat.smt2,unsat,0.030473947525024414
/rings/ring_2exp4_7vars_1ite_unsat.smt2,unsat,531.5976583957672
/rings/ring_2exp14_9vars_2ite_unsat.smt2,failed,1200.0
/rings/ring_2exp12_9vars_3ite_unsat.smt2,failed,1200.0
/rings/ring_2exp12_9vars_1ite_unsat.smt2,failed,1200.0
/rings/ring_2exp8_3vars_0ite_unsat.smt2,unsat,0.008831977844238281
/rings/ring_2exp16_9vars_7ite_unsat.smt2,failed,1200.0
/rings/ring_2exp6_4vars_1ite_unsat.smt2,unsat,0.257798433303833
/rings/ring_2exp4_4vars_2ite_unsat.smt2,unsat,0.2724921703338623
/rings/ring_2exp14_9vars_0ite_unsat.smt2,unsat,0.02589249610900879
/rings/ring_2exp16_7vars_0ite_unsat.smt2,unsat,0.020876169204711914
/rings/ring_2exp4_9vars_5ite_unsat.smt2,failed,1200.0
/rings/ring_2exp6_8vars_1ite_unsat.smt2,failed,1200.0
/rings/ring_2exp16_9vars_2ite_unsat.smt2,failed,1200.0
/rings/ring_2exp16_7vars_3ite_unsat.smt2,failed,1200.0
/rings/ring_2exp8_8vars_5ite_unsat.smt2,failed,1200.0
/rings/ring_2exp4_6vars_0ite_unsat.smt2,unsat,0.01559758186340332
/rings/ring_2exp4_5vars_3ite_unsat.smt2,unsat,16.101
/rings/ring_2exp10_5vars_4ite_unsat.smt2,unsat,104.007
/rings/ring_2exp10_6vars_4ite_unsat.smt2,failed,1200.0
/rings/ring_2exp10_6vars_0ite_unsat.smt2,unsat,0.017829179763793945
/rings/ring_2exp12_6vars_4ite_unsat.smt2,failed,1200.0
/rings/ring_2exp14_9vars_5ite_unsat.smt2,failed,1200.0
/rings/ring_2exp12_3vars_1ite_unsat.smt2,unsat,0.04572415351867676
/rings/ring_2exp8_4vars_3ite_unsat.smt2,unsat,0.18362808227539062
/rings/ring_2exp8_7vars_1ite_unsat.smt2,failed,1200.0
/rings/ring_2exp8_6vars_1ite_unsat.smt2,failed,1200.0
/rings/ring_2exp10_7vars_2ite_unsat.smt2,failed,1200.0
/rings/ring_2exp8_9vars_7ite_unsat.smt2,failed,1200.0
/rings/ring_2exp12_5vars_2ite_unsat.smt2,unsat,8.692659378051758
/rings/ring_2exp14_6vars_2ite_unsat.smt2,failed,1200.0
/rings/ring_2exp8_9vars_4ite_unsat.smt2,failed,1200.0
/rings/ring_2exp6_3vars_2ite_unsat.smt2,unsat,0.049
/rings/ring_2exp4_4vars_0ite_unsat.smt2,unsat,0.012144804000854492
/rings/ring_2exp6_3vars_1ite_unsat.smt2,unsat,0.03710150718688965
/rings/ring_2exp10_7vars_0ite_unsat.smt2,unsat,0.019461870193481445
/rings/ring_2exp12_4vars_1ite_unsat.smt2,unsat,0.24156999588012695
/rings/ring_2exp6_8vars_6ite_unsat.smt2,failed,1200.0
/rings/ring_2exp4_8vars_3ite_unsat.smt2,failed,1200.0
/rings/ring_2exp12_8vars_7ite_unsat.smt2,failed,1200.0
/rings/ring_2exp8_7vars_0ite_unsat.smt2,unsat,0.02056407928466797
/rings/ring_2exp14_8vars_0ite_unsat.smt2,unsat,0.022929668426513672
/rings/ring_2exp12_8vars_0ite_unsat.smt2,unsat,0.02338433265686035
/rings/ring_2exp8_5vars_3ite_unsat.smt2,unsat,10.300058126449585
/rings/ring_2exp10_6vars_3ite_unsat.smt2,failed,1200.0
/rings/ring_2exp12_4vars_0ite_unsat.smt2,unsat,0.012383699417114258
/rings/ring_2exp12_6vars_0ite_unsat.smt2,unsat,0.017940044403076172
/rings/ring_2exp4_7vars_6ite_unsat.smt2,unsat,1007.9649128913879
/rings/ring_2exp14_8vars_6ite_unsat.smt2,failed,1200.0
/rings/ring_2exp6_8vars_0ite_unsat.smt2,unsat,0.021537303924560547
/rings/ring_2exp14_3vars_0ite_unsat.smt2,unsat,0.009489297866821289
/rings/ring_2exp12_5vars_4ite_unsat.smt2,unsat,105.406
/rings/ring_2exp12_6vars_5ite_unsat.smt2,failed,1200.0
/rings/ring_2exp10_4vars_3ite_unsat.smt2,unsat,0.2627878189086914
/rings/ring_2exp8_4vars_2ite_unsat.smt2,unsat,0.20092153549194336
/rings/ring_2exp16_7vars_5ite_unsat.smt2,failed,1200.0
/rings/ring_2exp6_6vars_2ite_unsat.smt2,unsat,977.0283362865448
/rings/ring_2exp14_7vars_2ite_unsat.smt2,failed,1200.0
/rings/ring_2exp16_3vars_0ite_unsat.smt2,unsat,0.010111570358276367
/rings/ring_2exp10_8vars_5ite_unsat.smt2,failed,1200.0
/rings/ring_2exp16_8vars_2ite_unsat.smt2,failed,1200.0
/rings/ring_2exp6_5vars_1ite_unsat.smt2,unsat,3.6591269969940186
/rings/ring_2exp12_7vars_1ite_unsat.smt2,failed,1200.0
/rings/ring_2exp14_7vars_5ite_unsat.smt2,failed,1200.0
/rings/ring_2exp10_5vars_3ite_unsat.smt2,unsat,10.065975666046143
/rings/ring_2exp4_9vars_1ite_unsat.smt2,failed,1200.0
/rings/ring_2exp8_6vars_3ite_unsat.smt2,unsat,1015.9019260406494
/rings/ring_2exp6_8vars_5ite_unsat.smt2,failed,1200.0
/rings/ring_2exp4_5vars_4ite_unsat.smt2,unsat,2.955463409423828
/rings/ring_2exp16_7vars_6ite_unsat.smt2,failed,1200.0
/rings/ring_2exp4_8vars_0ite_unsat.smt2,unsat,0.021387577056884766
/rings/ring_2exp16_6vars_0ite_unsat.smt2,unsat,0.015088558197021484
/rings/ring_2exp6_6vars_4ite_unsat.smt2,unsat,976.2509531974792
/tightrhombus/tightrhombus-273-245-5.smt2,unsat,617.2299571037292
/tightrhombus/tightrhombus-273-245-0.smt2,unsat,0.008
/tightrhombus/tightrhombus-283-245-4.smt2,unsat,24.974313259124756
/tightrhombus/tightrhombus-283-245-10.smt2,failed,1200.0
/tightrhombus/tightrhombus-283-245-1.smt2,unsat,0.03684830665588379
/tightrhombus/tightrhombus-283-245-3.smt2,unsat,1.949270248413086
/tightrhombus/tightrhombus-283-245-7.smt2,failed,1200.0
/tightrhombus/tightrhombus-273-245-6.smt2,failed,1200.0
/tightrhombus/tightrhombus-273-245-8.smt2,failed,1200.0
/tightrhombus/tightrhombus-283-245-8.smt2,failed,1200.0
/tightrhombus/tightrhombus-273-245-1.smt2,unsat,0.050232887268066406
/tightrhombus/tightrhombus-283-245-0.smt2,unsat,0.008
/tightrhombus/tightrhombus-273-245-7.smt2,failed,1200.0
/tightrhombus/tightrhombus-273-245-4.smt2,unsat,25.219297647476196
/tightrhombus/tightrhombus-273-245-10.smt2,failed,1200.0
/tightrhombus/tightrhombus-273-245-2.smt2,unsat,0.22422480583190918
/tightrhombus/tightrhombus-283-245-9.smt2,failed,1200.0
/tightrhombus/tightrhombus-283-245-5.smt2,unsat,683.4892115592957
/tightrhombus/tightrhombus-273-245-9.smt2,failed,1200.0
/tightrhombus/tightrhombus-283-245-2.smt2,unsat,0.23930978775024414
/tightrhombus/tightrhombus-273-245-3.smt2,unsat,2.0204317569732666
/tightrhombus/tightrhombus-283-245-6.smt2,failed,1200.0
/prime-cone/prime_cone_unsat_7.smt2,unsat,0.018387317657470703
/prime-cone/prime_cone_unsat_13.smt2,unsat,0.0753788948059082
/prime-cone/prime_cone_sat_2.smt2,sat,0.003
/prime-cone/prime_cone_unsat_19.smt2,unsat,0.11939001083374023
/prime-cone/prime_cone_sat_3.smt2,sat,0.005
/prime-cone/prime_cone_unsat_17.smt2,unsat,0.1491231918334961
/prime-cone/prime_cone_unsat_8.smt2,unsat,0.035
/prime-cone/prime_cone_unsat_10.smt2,unsat,0.024039268493652344
/prime-cone/prime_cone_sat_8.smt2,sat,0.016766071319580078
/prime-cone/prime_cone_unsat_4.smt2,unsat,0.010027885437011719
/prime-cone/prime_cone_sat_20.smt2,sat,0.026490211486816406
/prime-cone/prime_cone_sat_17.smt2,sat,0.03929448127746582
/prime-cone/prime_cone_sat_19.smt2,sat,0.06594467163085938
/prime-cone/prime_cone_sat_16.smt2,sat,0.05456662178039551
/prime-cone/prime_cone_sat_12.smt2,sat,0.034430742263793945
/prime-cone/prime_cone_unsat_12.smt2,unsat,0.04612374305725098
/prime-cone/prime_cone_sat_14.smt2,sat,0.05366921424865723
/prime-cone/prime_cone_sat_10.smt2,sat,0.013008356094360352
/prime-cone/prime_cone_sat_5.smt2,sat,0.013139724731445312
/prime-cone/prime_cone_unsat_11.smt2,unsat,0.040717363357543945
/prime-cone/prime_cone_unsat_5.smt2,unsat,0.015712261199951172
/prime-cone/prime_cone_unsat_3.smt2,unsat,0.007
/prime-cone/prime_cone_sat_18.smt2,sat,0.05754208564758301
/prime-cone/prime_cone_unsat_14.smt2,unsat,0.05707716941833496
/prime-cone/prime_cone_unsat_15.smt2,unsat,0.08992195129394531
/prime-cone/prime_cone_sat_13.smt2,sat,0.04004859924316406
/prime-cone/prime_cone_sat_4.smt2,sat,0.009
/prime-cone/prime_cone_unsat_6.smt2,unsat,0.023
/prime-cone/prime_cone_unsat_20.smt2,unsat,0.08866095542907715
/prime-cone/prime_cone_sat_6.smt2,sat,0.022
/prime-cone/prime_cone_sat_11.smt2,sat,0.03860354423522949
/prime-cone/prime_cone_unsat_9.smt2,unsat,0.035002708435058594
/prime-cone/prime_cone_sat_15.smt2,sat,0.05089426040649414
/prime-cone/prime_cone_sat_7.smt2,sat,0.0197751522064209
/prime-cone/prime_cone_unsat_18.smt2,unsat,0.07748675346374512
/prime-cone/prime_cone_sat_9.smt2,sat,0.03409767150878906
/prime-cone/prime_cone_unsat_16.smt2,unsat,0.06567144393920898
/miplib2003/seymour.sat.smt2,sat,0.6790914535522461
/miplib2003/p2756.sat.smt2,sat,616.3076021671295
/miplib2003/stp3d.sat.smt2,failed,1200.0
/miplib2003/mzzv42z.sat.smt2,sat,17.215
/miplib2003/harp2.sat.smt2,sat,0.35628700256347656
/miplib2003/manna81.sat.smt2,sat,0.75978684425354
/miplib2003/air04.sat.smt2,failed,1200.0
/miplib2003/disctom.sat.smt2,failed,1200.0
/miplib2003/mzzv11.sat.smt2,sat,15.217
/miplib2003/air05.sat.smt2,sat,325.3879976272583
/miplib2003/nw04.sat.smt2,sat,107.08
/miplib2003/ds.sat.smt2,sat,141.519
/miplib2003/cap6000.sat.smt2,sat,1.594118595123291
/miplib2003/protfold.sat.smt2,failed,1200.0
/miplib2003/fast0507.sat.smt2,sat,15.604166030883789
/miplib2003/sp97ar.sat.smt2,failed,1200.0
/20210219-Dartagnan/ConcurrencySafety-Main/04_incdec_cas-O0.smt2,failed,1200.0
/20210219-Dartagnan/ConcurrencySafety-Main/race-4_2-thread_local_vars-O0.smt2,sat,22.551
/20210219-Dartagnan/ConcurrencySafety-Main/race-4_1-thread_local_vars-O0.smt2,sat,21.554
/20210219-Dartagnan/ConcurrencySafety-Main/stack_longest-1-O0.smt2,sat,28.1800377368927
/20210219-Dartagnan/ConcurrencySafety-Main/race-1_1-join-O0.smt2,unsat,0.44535279273986816
/20210219-Dartagnan/ConcurrencySafety-Main/38_rand_cas_vs_concur-O0.smt2,failed,1200.0
/20210219-Dartagnan/ConcurrencySafety-Main/45_monabsex1_vs-O0.smt2,unsat,19.359
/20210219-Dartagnan/ConcurrencySafety-Main/fib_bench_longer-1-O0.smt2,failed,1200.0
/20210219-Dartagnan/ConcurrencySafety-Main/fib_bench-1-O0.smt2,failed,1200.0
/20210219-Dartagnan/ConcurrencySafety-Main/03_incdec-O0.smt2,failed,1200.0
/20210219-Dartagnan/ConcurrencySafety-Main/fib_bench_longest-2-O0.smt2,failed,1200.0
/20210219-Dartagnan/ConcurrencySafety-Main/fib_bench_longest-1-O0.smt2,failed,1200.0
/20210219-Dartagnan/ConcurrencySafety-Main/26_stack_cas-O0.smt2,failed,1200.0
/20210219-Dartagnan/ConcurrencySafety-Main/stack_longer-1-O0.smt2,sat,626.952
/20210219-Dartagnan/ConcurrencySafety-Main/44_Solaris_space_map_sliced-O0.smt2,unsat,32.440025806427
/20210219-Dartagnan/ConcurrencySafety-Main/stack-1-O0.smt2,unsat,50.365179777145386
/20210219-Dartagnan/ConcurrencySafety-Main/stack_longest-2-O0.smt2,unsat,29.205416917800903
/20210219-Dartagnan/ConcurrencySafety-Main/qrcu-2-O0.smt2,sat,11.476655960083008
/20210219-Dartagnan/ConcurrencySafety-Main/fib_bench_longer-2-O0.smt2,sat,395.237
/20210219-Dartagnan/ConcurrencySafety-Main/stack_longer-2-O0.smt2,unsat,11.126743078231812
/20210219-Dartagnan/ConcurrencySafety-Main/32_pthread5_vs-O0.smt2,failed,1200.0
/20210219-Dartagnan/ConcurrencySafety-Main/39_rand_lock_p0_vs-O0.smt2,failed,1200.0
/20210219-Dartagnan/ConcurrencySafety-Main/35_double_lock_p3_vs-O0.smt2,failed,1200.0
/20210219-Dartagnan/ConcurrencySafety-Main/30_Function_Pointer3_vs-O0.smt2,failed,1200.0
/20210219-Dartagnan/ConcurrencySafety-Main/29_conditionals_vs-O0.smt2,failed,1200.0
/20210219-Dartagnan/ConcurrencySafety-Main/race-1_2-join-O0.smt2,sat,0.8358523845672607
/20210219-Dartagnan/ConcurrencySafety-Main/42_FreeBSD_rdma_addr_sliced-O0.smt2,failed,1200.0
/20210219-Dartagnan/ConcurrencySafety-Main/fk2012-O0.smt2,failed,1200.0
/20210219-Dartagnan/ConcurrencySafety-Main/43_NetBSD_sysmon_power_sliced-O0.smt2,failed,1200.0
/20210219-Dartagnan/ConcurrencySafety-Main/fib_bench-2-O0.smt2,failed,1200.0
/20210219-Dartagnan/ConcurrencySafety-Main/race-1_3-join-O0.smt2,sat,0.9777319431304932
/20210219-Dartagnan/ConcurrencySafety-Main/25_stack-O0.smt2,failed,1200.0
/20210219-Dartagnan/ConcurrencySafety-Main/sync01-O0.smt2,unsat,11.897
/20210219-Dartagnan/ConcurrencySafety-Main/qrcu-1-O0.smt2,failed,1200.0
/20210219-Dartagnan/ConcurrencySafety-Main/stack-2-O0.smt2,sat,24.727
/20210219-Dartagnan/ReachSafety-Loops/MADWiFi-encode_ie_ok-O0.smt2,unsat,0.2542123794555664
/20210219-Dartagnan/ReachSafety-Loops/benchmark18_conjunctive-O0.smt2,unsat,0.2780017852783203
/20210219-Dartagnan/ReachSafety-Loops/mono-crafted_8-O0.smt2,unsat,0.10497689247131348
/20210219-Dartagnan/ReachSafety-Loops/jm2006.c.i.v+cfa-reducer-O0.smt2,unsat,1.5513954162597656
/20210219-Dartagnan/ReachSafety-Loops/bubble_sort-2-O0.smt2,failed,1200.0
/20210219-Dartagnan/ReachSafety-Loops/benchmark02_linear-O0.smt2,unsat,0.298919677734375
/20210219-Dartagnan/ReachSafety-Loops/in-de20-O0.smt2,unsat,1.0151615142822266
/20210219-Dartagnan/ReachSafety-Loops/apache-get-tag-O0.smt2,unsat,11.456
/20210219-Dartagnan/ReachSafety-Loops/in-de42-O0.smt2,unsat,0.9194526672363281
/20210219-Dartagnan/ReachSafety-Loops/up-O0.smt2,unsat,0.7185280323028564
/20210219-Dartagnan/ReachSafety-Loops/terminator_01-O0.smt2,sat,0.10856866836547852
/20210219-Dartagnan/ReachSafety-Loops/sum03-1-O0.smt2,unsat,0.15117263793945312
/20210219-Dartagnan/ReachSafety-Loops/trex01-2-O0.smt2,unsat,0.7646543979644775
/20210219-Dartagnan/ReachSafety-Loops/SpamAssassin-loop-O0.smt2,unsat,2.0660061836242676
/20210219-Dartagnan/ReachSafety-Loops/id_build-O0.smt2,unsat,1.3827629089355469
/20210219-Dartagnan/ReachSafety-Loops/cggmp2005-O0.smt2,unsat,0.03651905059814453
/20210219-Dartagnan/ReachSafety-Loops/jm2006-O0.smt2,unsat,0.41652917861938477
/20210219-Dartagnan/ReachSafety-Loops/down-O0.smt2,unsat,0.7901673316955566
/20210219-Dartagnan/ReachSafety-Loops/cggmp2005b-O0.smt2,unsat,0.05649232864379883
/20210219-Dartagnan/ReachSafety-Loops/SpamAssassin-loop.i.v+cfa-reducer-O0.smt2,unsat,0.5121800899505615
/20210219-Dartagnan/ReachSafety-Loops/css2003-O0.smt2,failed,1200.0
/20210219-Dartagnan/ReachSafety-Loops/sum01-2-O0.smt2,unsat,0.3421604633331299
/20210219-Dartagnan/ReachSafety-Loops/gsv2008.c.i.p+cfa-reducer-O0.smt2,unsat,0.2731161117553711
/20210219-Dartagnan/ReachSafety-Loops/NetBSD_loop-O0.smt2,unsat,0.6093463897705078
/20210219-Dartagnan/ReachSafety-Loops/underapprox_2-2-O0.smt2,unsat,0.03219437599182129
/20210219-Dartagnan/ReachSafety-Loops/benchmark37_conjunctive-O0.smt2,unsat,0.2626793384552002
/20210219-Dartagnan/ReachSafety-Loops/benchmark05_conjunctive-O0.smt2,unsat,1.266573190689087
/20210219-Dartagnan/ReachSafety-Loops/nested_delay_nd-O0.smt2,unsat,14.518
/20210219-Dartagnan/ReachSafety-Loops/Mono3_1-O0.smt2,unsat,0.8421809673309326
/20210219-Dartagnan/ReachSafety-Loops/simple_vardep_2-O0.smt2,unsat,0.13376927375793457
/20210219-Dartagnan/ReachSafety-Loops/in-de41-O0.smt2,unsat,0.9987282752990723
/20210219-Dartagnan/ReachSafety-Loops/benchmark20_conjunctive-O0.smt2,unsat,0.26240992546081543
/20210219-Dartagnan/ReachSafety-Loops/sum01_bug02_sum01_bug02_base.case-O0.smt2,sat,1.154186487197876
/20210219-Dartagnan/ReachSafety-Loops/mono-crafted_1-O0.smt2,unsat,0.10376095771789551
/20210219-Dartagnan/ReachSafety-Loops/in-de51-O0.smt2,unsat,1.1251044273376465
/20210219-Dartagnan/ReachSafety-Loops/sum_array-1-O0.smt2,unsat,296.609
/20210219-Dartagnan/ReachSafety-Loops/mono-crafted_3-O0.smt2,unsat,0.11921906471252441
/20210219-Dartagnan/ReachSafety-Loops/jm2006_variant-O0.smt2,unsat,0.9890894889831543
/20210219-Dartagnan/ReachSafety-Loops/gr2006-O0.smt2,unsat,0.34003758430480957
/20210219-Dartagnan/ReachSafety-Loops/benchmark17_conjunctive-O0.smt2,unsat,0.34667396545410156
/20210219-Dartagnan/ReachSafety-Loops/string_concat-noarr-O0.smt2,unsat,1.6666951179504395
/20210219-Dartagnan/ReachSafety-Loops/apache-escape-absolute.i.v+cfa-reducer-O0.smt2,unsat,0.945631742477417
/20210219-Dartagnan/ReachSafety-Loops/benchmark04_conjunctive-O0.smt2,unsat,0.27721309661865234
/20210219-Dartagnan/ReachSafety-Loops/insertion_sort-2-O0.smt2,unsat,1.4475305080413818
/20210219-Dartagnan/ReachSafety-Loops/sum01_bug02-O0.smt2,sat,1.1714317798614502
/20210219-Dartagnan/ReachSafety-Loops/benchmark25_linear-O0.smt2,unsat,0.10778188705444336
/20210219-Dartagnan/ReachSafety-Loops/trex04-O0.smt2,unsat,0.836705207824707
/20210219-Dartagnan/ReachSafety-Loops/apache-escape-absolute-O0.smt2,unsat,14.59
/20210219-Dartagnan/ReachSafety-Loops/gsv2008.c.i.v+cfa-reducer-O0.smt2,unsat,0.27901124954223633
/20210219-Dartagnan/ReachSafety-Loops/bhmr2007-O0.smt2,unsat,0.6605696678161621
/20210219-Dartagnan/ReachSafety-Loops/eq1-O0.smt2,unsat,0.653343915939331
/20210219-Dartagnan/ReachSafety-Loops/nested6-O0.smt2,unsat,0.6374328136444092
/20210219-Dartagnan/ReachSafety-Loops/terminator_03-2-O0.smt2,unsat,0.46144962310791016
/20210219-Dartagnan/ReachSafety-Loops/count_by_k-O0.smt2,unsat,0.34810519218444824
/20210219-Dartagnan/ReachSafety-Loops/gcnr2008-O0.smt2,sat,0.135054349899292
/20210219-Dartagnan/ReachSafety-Loops/afnp2014-O0.smt2,unsat,1.1200282573699951
/20210219-Dartagnan/ReachSafety-Loops/gsv2008-O0.smt2,unsat,0.4012918472290039
/20210219-Dartagnan/ReachSafety-Loops/underapprox_1-1-O0.smt2,sat,0.10841655731201172
/20210219-Dartagnan/ReachSafety-Loops/simple_vardep_1-O0.smt2,unsat,0.06983757019042969
/20210219-Dartagnan/ReachSafety-Loops/in-de31-O0.smt2,unsat,0.6704015731811523
/20210219-Dartagnan/ReachSafety-Loops/in-de52-O0.smt2,unsat,1.2146196365356445
/20210219-Dartagnan/ReachSafety-Loops/nested_delay_notd2-O0.smt2,unsat,15.793
/20210219-Dartagnan/ReachSafety-Loops/nested-1-O0.smt2,unsat,1.073103904724121
/20210219-Dartagnan/ReachSafety-Loops/terminator_02-1-O0.smt2,sat,0.11431765556335449
/20210219-Dartagnan/ReachSafety-Loops/large_const-O0.smt2,failed,1200.0
/20210219-Dartagnan/ReachSafety-Loops/hhk2008-O0.smt2,unsat,0.21238374710083008
/20210219-Dartagnan/ReachSafety-Loops/benchmark32_linear-O0.smt2,unsat,1.5334489345550537
/20210219-Dartagnan/ReachSafety-Loops/trex01-1-O0.smt2,sat,0.1517024040222168
/20210219-Dartagnan/ReachSafety-Loops/linear-inequality-inv-b-O0.smt2,unsat,0.7496190071105957
/20210219-Dartagnan/ReachSafety-Loops/for_bounded_loop1-O0.smt2,sat,0.30144166946411133
/20210219-Dartagnan/ReachSafety-Loops/sum01-1-O0.smt2,sat,3.1336781978607178
/20210219-Dartagnan/ReachSafety-Loops/benchmark35_linear-O0.smt2,unsat,16.218
/20210219-Dartagnan/ReachSafety-Loops/underapprox_2-1-O0.smt2,sat,0.11600828170776367
/20210219-Dartagnan/ReachSafety-Loops/benchmark10_conjunctive-O0.smt2,unsat,2.0343868732452393
/20210219-Dartagnan/ReachSafety-Loops/invert_string-3-O0.smt2,unsat,0.03098917007446289
/20210219-Dartagnan/ReachSafety-Loops/for_infinite_loop_1-O0.smt2,unsat,0.4062230587005615
/20210219-Dartagnan/ReachSafety-Loops/terminator_02-2-O0.smt2,unsat,10.058
/20210219-Dartagnan/ReachSafety-Loops/count_up_down-2-O0.smt2,sat,0.10990333557128906
/20210219-Dartagnan/ReachSafety-Loops/terminator_03-1-O0.smt2,sat,0.15264391899108887
/20210219-Dartagnan/ReachSafety-Loops/gj2007b-O0.smt2,unsat,10.695
/20210219-Dartagnan/ReachSafety-Loops/in-de32-O0.smt2,unsat,0.6014406681060791
/20210219-Dartagnan/ReachSafety-Loops/benchmark14_linear-O0.smt2,unsat,0.26697659492492676
/20210219-Dartagnan/ReachSafety-Loops/for_infinite_loop_2-O0.smt2,unsat,0.44121479988098145
/20210219-Dartagnan/ReachSafety-Loops/benchmark51_polynomial-O0.smt2,failed,1200.0
/20210219-Dartagnan/ReachSafety-Loops/id_build.i.v+lhb-reducer-O0.smt2,unsat,0.5713036060333252
/20210219-Dartagnan/ReachSafety-Loops/fragtest_simple-O0.smt2,unsat,1.3035635948181152
/20210219-Dartagnan/ReachSafety-Loops/benchmark19_conjunctive-O0.smt2,unsat,1.7298517227172852
/20210219-Dartagnan/ReachSafety-Loops/cggmp2005_variant-O0.smt2,unsat,0.4526028633117676
/20210219-Dartagnan/ReachSafety-Loops/trex02-2-O0.smt2,sat,0.1241903305053711
/20210219-Dartagnan/ReachSafety-Loops/sum03-2-O0.smt2,unsat,0.07319211959838867
/20210219-Dartagnan/ReachSafety-Loops/benchmark34_conjunctive-O0.smt2,unsat,1.815000295639038
/20210219-Dartagnan/ReachSafety-Loops/sum_array-2-O0.smt2,unsat,313.626
/20210219-Dartagnan/ReachSafety-Loops/nested_1b-O0.smt2,sat,0.17500972747802734
/20210219-Dartagnan/ReachSafety-Loops/count_by_nondet-O0.smt2,unsat,0.22581791877746582
/20210219-Dartagnan/ReachSafety-Loops/benchmark26_linear-O0.smt2,unsat,0.26894354820251465
/20210219-Dartagnan/ReachSafety-Loops/apache-get-tag.i.v+lhb-reducer-O0.smt2,unsat,0.72762131690979
/20210219-Dartagnan/ReachSafety-Loops/benchmark09_conjunctive-O0.smt2,failed,1200.0
/20210219-Dartagnan/ReachSafety-Loops/seq-3-O0.smt2,unsat,0.6871581077575684
/20210219-Dartagnan/ReachSafety-Loops/sendmail-close-angle-O0.smt2,unsat,0.8384439945220947
/20210219-Dartagnan/ReachSafety-Loops/apache-get-tag.i.v+nlh-reducer-O0.smt2,unsat,0.7567241191864014
/20210219-Dartagnan/ReachSafety-Loops/insertion_sort-1-O0.smt2,unsat,1.6222243309020996
/20210219-Dartagnan/ReachSafety-Loops/linear-inequality-inv-a-O0.smt2,unsat,0.6455178260803223
/20210219-Dartagnan/ReachSafety-Loops/gsv2008.c.i.v+lhb-reducer-O0.smt2,unsat,0.3419637680053711
/20210219-Dartagnan/ReachSafety-Loops/benchmark11_linear-O0.smt2,unsat,0.33152318000793457
/20210219-Dartagnan/ReachSafety-Loops/apache-get-tag.i.p+lhb-reducer-O0.smt2,unsat,15.713
/20210219-Dartagnan/ReachSafety-Loops/theatreSquare-O0.smt2,unsat,0.6989283561706543
/20210219-Dartagnan/ReachSafety-Loops/Mono5_1-O0.smt2,unsat,0.9065613746643066
/20210219-Dartagnan/ReachSafety-Loops/nested-3-O0.smt2,unsat,1.907487392425537
/20210219-Dartagnan/ReachSafety-Loops/benchmark23_conjunctive-O0.smt2,unsat,0.10194730758666992
/20210219-Dartagnan/ReachSafety-Loops/nested9-O0.smt2,unsat,0.3905787467956543
/20210219-Dartagnan/ReachSafety-Loops/nest-if3-O0.smt2,unsat,2.4574360847473145
/20210219-Dartagnan/ReachSafety-Loops/benchmark33_linear-O0.smt2,unsat,1.6764016151428223
/20210219-Dartagnan/ReachSafety-Loops/count_up_down-1-O0.smt2,unsat,0.12470245361328125
/20210219-Dartagnan/ReachSafety-Loops/in-de62-O0.smt2,unsat,1.4529266357421875
/20210219-Dartagnan/ReachSafety-Loops/in-de61-O0.smt2,unsat,1.682520866394043
/20210219-Dartagnan/ReachSafety-Loops/trex02-1-O0.smt2,unsat,4.762180805206299
/20210219-Dartagnan/ReachSafety-Loops/deep-nested-O0.smt2,unsat,0.021201610565185547
/20210219-Dartagnan/ReachSafety-Loops/benchmark43_conjunctive-O0.smt2,unsat,0.9944663047790527
/20180326-Bromberger/unbd-sage/unbd075v83c/unbd-sage16.smt2,failed,1200.0
/20180326-Bromberger/unbd-sage/unbd075v83c/unbd-sage20.smt2,failed,1200.0
/20180326-Bromberger/unbd-sage/unbd075v83c/unbd-sage0.smt2,failed,1200.0
/20180326-Bromberger/unbd-sage/unbd075v83c/unbd-sage3.smt2,failed,1200.0
/20180326-Bromberger/unbd-sage/unbd075v83c/unbd-sage9.smt2,failed,1200.0
/20180326-Bromberger/unbd-sage/unbd075v83c/unbd-sage5.smt2,failed,1200.0
/20180326-Bromberger/unbd-sage/unbd075v83c/unbd-sage18.smt2,failed,1200.0
/20180326-Bromberger/unbd-sage/unbd075v83c/unbd-sage8.smt2,failed,1200.0
/20180326-Bromberger/unbd-sage/unbd075v83c/unbd-sage6.smt2,failed,1200.0
/20180326-Bromberger/unbd-sage/unbd075v83c/unbd-sage19.smt2,failed,1200.0
/20180326-Bromberger/unbd-sage/unbd075v83c/unbd-sage2.smt2,failed,1200.0
/20180326-Bromberger/unbd-sage/unbd075v83c/unbd-sage15.smt2,failed,1200.0
/20180326-Bromberger/unbd-sage/unbd075v83c/unbd-sage7.smt2,failed,1200.0
/20180326-Bromberger/unbd-sage/unbd075v83c/unbd-sage12.smt2,failed,1200.0
/20180326-Bromberger/unbd-sage/unbd075v83c/unbd-sage17.smt2,failed,1200.0
/20180326-Bromberger/unbd-sage/unbd075v83c/unbd-sage10.smt2,failed,1200.0
/20180326-Bromberger/unbd-sage/unbd075v83c/unbd-sage13.smt2,failed,1200.0
/20180326-Bromberger/unbd-sage/unbd075v83c/unbd-sage11.smt2,failed,1200.0
/20180326-Bromberger/unbd-sage/unbd075v83c/unbd-sage1.smt2,failed,1200.0
/20180326-Bromberger/unbd-sage/unbd075v83c/unbd-sage24.smt2,failed,1200.0
/20180326-Bromberger/unbd-sage/unbd075v83c/unbd-sage21.smt2,failed,1200.0
/20180326-Bromberger/unbd-sage/unbd075v83c/unbd-sage23.smt2,failed,1200.0
/20180326-Bromberger/unbd-sage/unbd075v83c/unbd-sage4.smt2,failed,1200.0
/20180326-Bromberger/unbd-sage/unbd075v83c/unbd-sage22.smt2,failed,1200.0
/20180326-Bromberger/unbd-sage/unbd075v83c/unbd-sage14.smt2,failed,1200.0
/20180326-Bromberger/unbd-sage/unbd050v55c/unbd-sage16.smt2,failed,1200.0
/20180326-Bromberger/unbd-sage/unbd050v55c/unbd-sage20.smt2,failed,1200.0
/20180326-Bromberger/unbd-sage/unbd050v55c/unbd-sage0.smt2,failed,1200.0
/20180326-Bromberger/unbd-sage/unbd050v55c/unbd-sage3.smt2,failed,1200.0
/20180326-Bromberger/unbd-sage/unbd050v55c/unbd-sage9.smt2,failed,1200.0
/20180326-Bromberger/unbd-sage/unbd050v55c/unbd-sage5.smt2,failed,1200.0
/20180326-Bromberger/unbd-sage/unbd050v55c/unbd-sage18.smt2,failed,1200.0
/20180326-Bromberger/unbd-sage/unbd050v55c/unbd-sage8.smt2,failed,1200.0
/20180326-Bromberger/unbd-sage/unbd050v55c/unbd-sage6.smt2,failed,1200.0
/20180326-Bromberger/unbd-sage/unbd050v55c/unbd-sage19.smt2,failed,1200.0
/20180326-Bromberger/unbd-sage/unbd050v55c/unbd-sage2.smt2,failed,1200.0
/20180326-Bromberger/unbd-sage/unbd050v55c/unbd-sage15.smt2,failed,1200.0
/20180326-Bromberger/unbd-sage/unbd050v55c/unbd-sage7.smt2,failed,1200.0
/20180326-Bromberger/unbd-sage/unbd050v55c/unbd-sage12.smt2,failed,1200.0
/20180326-Bromberger/unbd-sage/unbd050v55c/unbd-sage17.smt2,failed,1200.0
/20180326-Bromberger/unbd-sage/unbd050v55c/unbd-sage10.smt2,failed,1200.0
/20180326-Bromberger/unbd-sage/unbd050v55c/unbd-sage13.smt2,sat,870.3458302021027
/20180326-Bromberger/unbd-sage/unbd050v55c/unbd-sage11.smt2,failed,1200.0
/20180326-Bromberger/unbd-sage/unbd050v55c/unbd-sage1.smt2,failed,1200.0
/20180326-Bromberger/unbd-sage/unbd050v55c/unbd-sage24.smt2,failed,1200.0
/20180326-Bromberger/unbd-sage/unbd050v55c/unbd-sage21.smt2,failed,1200.0
/20180326-Bromberger/unbd-sage/unbd050v55c/unbd-sage23.smt2,failed,1200.0
/20180326-Bromberger/unbd-sage/unbd050v55c/unbd-sage4.smt2,sat,608.618994474411
/20180326-Bromberger/unbd-sage/unbd050v55c/unbd-sage22.smt2,failed,1200.0
/20180326-Bromberger/unbd-sage/unbd050v55c/unbd-sage14.smt2,sat,31.8179669380188
/20180326-Bromberger/unbd-sage/unbd010v15c/unbd-sage16.smt2,sat,0.08098220825195312
/20180326-Bromberger/unbd-sage/unbd010v15c/unbd-sage20.smt2,sat,0.018790721893310547
/20180326-Bromberger/unbd-sage/unbd010v15c/unbd-sage0.smt2,sat,0.05697274208068848
/20180326-Bromberger/unbd-sage/unbd010v15c/unbd-sage3.smt2,sat,0.22452139854431152
/20180326-Bromberger/unbd-sage/unbd010v15c/unbd-sage9.smt2,sat,0.2406625747680664
/20180326-Bromberger/unbd-sage/unbd010v15c/unbd-sage5.smt2,sat,0.02801036834716797
/20180326-Bromberger/unbd-sage/unbd010v15c/unbd-sage18.smt2,sat,0.11716651916503906
/20180326-Bromberger/unbd-sage/unbd010v15c/unbd-sage8.smt2,sat,0.03520607948303223
/20180326-Bromberger/unbd-sage/unbd010v15c/unbd-sage6.smt2,sat,0.02334737777709961
/20180326-Bromberger/unbd-sage/unbd010v15c/unbd-sage19.smt2,sat,0.0744924545288086
/20180326-Bromberger/unbd-sage/unbd010v15c/unbd-sage2.smt2,sat,0.07890176773071289
/20180326-Bromberger/unbd-sage/unbd010v15c/unbd-sage15.smt2,sat,0.5204031467437744
/20180326-Bromberger/unbd-sage/unbd010v15c/unbd-sage7.smt2,sat,0.07364439964294434
/20180326-Bromberger/unbd-sage/unbd010v15c/unbd-sage12.smt2,sat,0.059201717376708984
/20180326-Bromberger/unbd-sage/unbd010v15c/unbd-sage17.smt2,sat,0.012757539749145508
/20180326-Bromberger/unbd-sage/unbd010v15c/unbd-sage10.smt2,sat,0.027942657470703125
/20180326-Bromberger/unbd-sage/unbd010v15c/unbd-sage13.smt2,sat,0.26031970977783203
/20180326-Bromberger/unbd-sage/unbd010v15c/unbd-sage11.smt2,sat,0.301851749420166
/20180326-Bromberger/unbd-sage/unbd010v15c/unbd-sage1.smt2,sat,0.1355288028717041
/20180326-Bromberger/unbd-sage/unbd010v15c/unbd-sage24.smt2,sat,0.1996920108795166
/20180326-Bromberger/unbd-sage/unbd010v15c/unbd-sage21.smt2,sat,0.06918525695800781
/20180326-Bromberger/unbd-sage/unbd010v15c/unbd-sage23.smt2,sat,0.0582432746887207
/20180326-Bromberger/unbd-sage/unbd010v15c/unbd-sage4.smt2,sat,0.03455948829650879
/20180326-Bromberger/unbd-sage/unbd010v15c/unbd-sage22.smt2,sat,0.03783845901489258
/20180326-Bromberger/unbd-sage/unbd010v15c/unbd-sage14.smt2,sat,0.23621058464050293
/20180326-Bromberger/unbd-sage/unbd025v30c/unbd-sage16.smt2,sat,8.266703605651855
/20180326-Bromberger/unbd-sage/unbd025v30c/unbd-sage20.smt2,sat,565.4321093559265
/20180326-Bromberger/unbd-sage/unbd025v30c/unbd-sage0.smt2,sat,1.3219473361968994
/20180326-Bromberger/unbd-sage/unbd025v30c/unbd-sage3.smt2,sat,1.584568738937378
/20180326-Bromberger/unbd-sage/unbd025v30c/unbd-sage9.smt2,sat,1.7343382835388184
/20180326-Bromberger/unbd-sage/unbd025v30c/unbd-sage5.smt2,sat,1.6172783374786377
/20180326-Bromberger/unbd-sage/unbd025v30c/unbd-sage18.smt2,sat,6.467600345611572
/20180326-Bromberger/unbd-sage/unbd025v30c/unbd-sage8.smt2,sat,12.715653896331787
/20180326-Bromberger/unbd-sage/unbd025v30c/unbd-sage6.smt2,sat,2.0159173011779785
/20180326-Bromberger/unbd-sage/unbd025v30c/unbd-sage19.smt2,sat,1.1223182678222656
/20180326-Bromberger/unbd-sage/unbd025v30c/unbd-sage2.smt2,sat,1.6959128379821777
/20180326-Bromberger/unbd-sage/unbd025v30c/unbd-sage15.smt2,sat,2.7972412109375
/20180326-Bromberger/unbd-sage/unbd025v30c/unbd-sage7.smt2,sat,1.7141623497009277
/20180326-Bromberger/unbd-sage/unbd025v30c/unbd-sage12.smt2,sat,342.03745460510254
/20180326-Bromberger/unbd-sage/unbd025v30c/unbd-sage17.smt2,sat,5.986190557479858
/20180326-Bromberger/unbd-sage/unbd025v30c/unbd-sage10.smt2,sat,1.1480474472045898
/20180326-Bromberger/unbd-sage/unbd025v30c/unbd-sage13.smt2,sat,6.5008158683776855
/20180326-Bromberger/unbd-sage/unbd025v30c/unbd-sage11.smt2,sat,194.5737829208374
/20180326-Bromberger/unbd-sage/unbd025v30c/unbd-sage1.smt2,sat,0.25815558433532715
/20180326-Bromberger/unbd-sage/unbd025v30c/unbd-sage24.smt2,sat,1.494603157043457
/20180326-Bromberger/unbd-sage/unbd025v30c/unbd-sage21.smt2,sat,9.027499914169312
/20180326-Bromberger/unbd-sage/unbd025v30c/unbd-sage23.smt2,sat,21.55617046356201
/20180326-Bromberger/unbd-sage/unbd025v30c/unbd-sage4.smt2,sat,2.0178306102752686
/20180326-Bromberger/unbd-sage/unbd025v30c/unbd-sage22.smt2,sat,0.8642313480377197
/20180326-Bromberger/unbd-sage/unbd025v30c/unbd-sage14.smt2,sat,22.261249780654907
/20180326-Bromberger/unbd-sage/unbd100v110c/unbd-sage16.smt2,failed,1200.0
/20180326-Bromberger/unbd-sage/unbd100v110c/unbd-sage20.smt2,failed,1200.0
/20180326-Bromberger/unbd-sage/unbd100v110c/unbd-sage0.smt2,failed,1200.0
/20180326-Bromberger/unbd-sage/unbd100v110c/unbd-sage3.smt2,failed,1200.0
/20180326-Bromberger/unbd-sage/unbd100v110c/unbd-sage9.smt2,failed,1200.0
/20180326-Bromberger/unbd-sage/unbd100v110c/unbd-sage5.smt2,failed,1200.0
/20180326-Bromberger/unbd-sage/unbd100v110c/unbd-sage18.smt2,failed,1200.0
/20180326-Bromberger/unbd-sage/unbd100v110c/unbd-sage8.smt2,failed,1200.0
/20180326-Bromberger/unbd-sage/unbd100v110c/unbd-sage6.smt2,failed,1200.0
/20180326-Bromberger/unbd-sage/unbd100v110c/unbd-sage19.smt2,failed,1200.0
/20180326-Bromberger/unbd-sage/unbd100v110c/unbd-sage2.smt2,failed,1200.0
/20180326-Bromberger/unbd-sage/unbd100v110c/unbd-sage15.smt2,failed,1200.0
/20180326-Bromberger/unbd-sage/unbd100v110c/unbd-sage7.smt2,failed,1200.0
/20180326-Bromberger/unbd-sage/unbd100v110c/unbd-sage12.smt2,failed,1200.0
/20180326-Bromberger/unbd-sage/unbd100v110c/unbd-sage17.smt2,failed,1200.0
/20180326-Bromberger/unbd-sage/unbd100v110c/unbd-sage10.smt2,failed,1200.0
/20180326-Bromberger/unbd-sage/unbd100v110c/unbd-sage13.smt2,failed,1200.0
/20180326-Bromberger/unbd-sage/unbd100v110c/unbd-sage11.smt2,failed,1200.0
/20180326-Bromberger/unbd-sage/unbd100v110c/unbd-sage1.smt2,failed,1200.0
/20180326-Bromberger/unbd-sage/unbd100v110c/unbd-sage24.smt2,failed,1200.0
/20180326-Bromberger/unbd-sage/unbd100v110c/unbd-sage21.smt2,failed,1200.0
/20180326-Bromberger/unbd-sage/unbd100v110c/unbd-sage23.smt2,failed,1200.0
/20180326-Bromberger/unbd-sage/unbd100v110c/unbd-sage4.smt2,failed,1200.0
/20180326-Bromberger/unbd-sage/unbd100v110c/unbd-sage22.smt2,failed,1200.0
/20180326-Bromberger/unbd-sage/unbd100v110c/unbd-sage14.smt2,failed,1200.0
/20180326-Bromberger/more_slacked/CAV_2009_benchmarks/smt/25-vars/v25_problem_2__033.smt2.slack.smt2,unsat,0.17
/20180326-Bromberger/more_slacked/CAV_2009_benchmarks/smt/25-vars/v25_problem__011.smt2.slack.smt2,sat,0.284137487411499
/20180326-Bromberger/more_slacked/CAV_2009_benchmarks/smt/25-vars/v25_problem_2__032.smt2.slack.smt2,sat,100.74442219734192
/20180326-Bromberger/more_slacked/CAV_2009_benchmarks/smt/25-vars/v25_problem_2__009.smt2.slack.smt2,sat,0.061905860900878906
/20180326-Bromberger/more_slacked/CAV_2009_benchmarks/smt/25-vars/v25_problem__013.smt2.slack.smt2,sat,0.2570984363555908
/20180326-Bromberger/more_slacked/CAV_2009_benchmarks/smt/25-vars/v25_problem__001.smt2.slack.smt2,sat,0.051553964614868164
/20180326-Bromberger/more_slacked/CAV_2009_benchmarks/smt/25-vars/v25_problem_2__034.smt2.slack.smt2,sat,0.7340757846832275
/20180326-Bromberger/more_slacked/CAV_2009_benchmarks/smt/25-vars/v25_problem__006.smt2.slack.smt2,sat,0.39801454544067383
/20180326-Bromberger/more_slacked/CAV_2009_benchmarks/smt/25-vars/v25_problem__027.smt2.slack.smt2,sat,3.0426101684570312
/20180326-Bromberger/more_slacked/CAV_2009_benchmarks/smt/25-vars/v25_problem_2__026.smt2.slack.smt2,sat,0.4243755340576172
/20180326-Bromberger/more_slacked/CAV_2009_benchmarks/smt/25-vars/v25_problem__002.smt2.slack.smt2,sat,0.0643761157989502
/20180326-Bromberger/more_slacked/CAV_2009_benchmarks/smt/25-vars/v25_problem__017.smt2.slack.smt2,sat,0.46268510818481445
/20180326-Bromberger/more_slacked/CAV_2009_benchmarks/smt/25-vars/v25_problem_2__012.smt2.slack.smt2,sat,0.37067341804504395
/20180326-Bromberger/more_slacked/CAV_2009_benchmarks/smt/25-vars/v25_problem_2__002.smt2.slack.smt2,sat,0.12499356269836426
/20180326-Bromberger/more_slacked/CAV_2009_benchmarks/smt/25-vars/v25_problem__028.smt2.slack.smt2,sat,34.30481815338135
/20180326-Bromberger/more_slacked/CAV_2009_benchmarks/smt/25-vars/v25_problem__025.smt2.slack.smt2,sat,0.6796133518218994
/20180326-Bromberger/more_slacked/CAV_2009_benchmarks/smt/25-vars/v25_problem_2__001.smt2.slack.smt2,sat,0.029177188873291016
/20180326-Bromberger/more_slacked/CAV_2009_benchmarks/smt/25-vars/v25_problem__033.smt2.slack.smt2,sat,2.8897721767425537
/20180326-Bromberger/more_slacked/CAV_2009_benchmarks/smt/25-vars/v25_problem__023.smt2.slack.smt2,sat,0.71919846534729
/20180326-Bromberger/more_slacked/CAV_2009_benchmarks/smt/25-vars/v25_problem_2__018.smt2.slack.smt2,sat,0.5550563335418701
/20180326-Bromberger/more_slacked/CAV_2009_benchmarks/smt/25-vars/v25_problem_2__022.smt2.slack.smt2,sat,0.5920343399047852
/20180326-Bromberger/more_slacked/CAV_2009_benchmarks/smt/25-vars/v25_problem__018.smt2.slack.smt2,sat,0.23923778533935547
/20180326-Bromberger/more_slacked/CAV_2009_benchmarks/smt/25-vars/v25_problem__016.smt2.slack.smt2,sat,0.6745359897613525
/20180326-Bromberger/more_slacked/CAV_2009_benchmarks/smt/25-vars/v25_problem__032.smt2.slack.smt2,unsat,0.1254103183746338
/20180326-Bromberger/more_slacked/CAV_2009_benchmarks/smt/25-vars/v25_problem_2__024.smt2.slack.smt2,sat,0.5636827945709229
/20180326-Bromberger/more_slacked/CAV_2009_benchmarks/smt/25-vars/v25_problem__005.smt2.slack.smt2,sat,0.016407251358032227
/20180326-Bromberger/more_slacked/CAV_2009_benchmarks/smt/25-vars/v25_problem_2__021.smt2.slack.smt2,sat,0.5900700092315674
/20180326-Bromberger/more_slacked/CAV_2009_benchmarks/smt/25-vars/v25_problem_2__019.smt2.slack.smt2,sat,0.5000772476196289
/20180326-Bromberger/more_slacked/CAV_2009_benchmarks/smt/25-vars/v25_problem_2__006.smt2.slack.smt2,sat,0.04584193229675293
/20180326-Bromberger/more_slacked/CAV_2009_benchmarks/smt/25-vars/v25_problem__019.smt2.slack.smt2,sat,0.5203530788421631
/20180326-Bromberger/more_slacked/CAV_2009_benchmarks/smt/25-vars/v25_problem__004.smt2.slack.smt2,sat,0.04497647285461426
/20180326-Bromberger/more_slacked/CAV_2009_benchmarks/smt/25-vars/v25_problem_2__016.smt2.slack.smt2,sat,0.46478939056396484
/20180326-Bromberger/more_slacked/CAV_2009_benchmarks/smt/25-vars/v25_problem__026.smt2.slack.smt2,sat,0.5727298259735107
/20180326-Bromberger/more_slacked/CAV_2009_benchmarks/smt/25-vars/v25_problem__012.smt2.slack.smt2,sat,0.5698604583740234
/20180326-Bromberger/more_slacked/CAV_2009_benchmarks/smt/25-vars/v25_problem_2__017.smt2.slack.smt2,sat,0.49316883087158203
/20180326-Bromberger/more_slacked/CAV_2009_benchmarks/smt/25-vars/v25_problem__007.smt2.slack.smt2,sat,0.1299448013305664
/20180326-Bromberger/more_slacked/CAV_2009_benchmarks/smt/25-vars/v25_problem_2__025.smt2.slack.smt2,sat,0.6592724323272705
/20180326-Bromberger/more_slacked/CAV_2009_benchmarks/smt/25-vars/v25_problem_2__014.smt2.slack.smt2,sat,0.203
/20180326-Bromberger/more_slacked/CAV_2009_benchmarks/smt/25-vars/v25_problem__020.smt2.slack.smt2,sat,0.5413916110992432
/20180326-Bromberger/more_slacked/CAV_2009_benchmarks/smt/25-vars/v25_problem_2__004.smt2.slack.smt2,sat,0.014958858489990234
/20180326-Bromberger/more_slacked/CAV_2009_benchmarks/smt/25-vars/v25_problem__030.smt2.slack.smt2,sat,3.8349201679229736
/20180326-Bromberger/more_slacked/CAV_2009_benchmarks/smt/25-vars/v25_problem_2__029.smt2.slack.smt2,unsat,0.0791938304901123
/20180326-Bromberger/more_slacked/CAV_2009_benchmarks/smt/25-vars/v25_problem__031.smt2.slack.smt2,failed,1200.0
/20180326-Bromberger/more_slacked/CAV_2009_benchmarks/smt/25-vars/v25_problem__010.smt2.slack.smt2,sat,0.3850266933441162
/20180326-Bromberger/more_slacked/CAV_2009_benchmarks/smt/25-vars/v25_problem_2__020.smt2.slack.smt2,sat,0.08746623992919922
/20180326-Bromberger/more_slacked/CAV_2009_benchmarks/smt/25-vars/v25_problem_2__035.smt2.slack.smt2,sat,0.825282096862793
/20180326-Bromberger/more_slacked/CAV_2009_benchmarks/smt/25-vars/v25_problem_2__003.smt2.slack.smt2,sat,0.015009164810180664
/20180326-Bromberger/more_slacked/CAV_2009_benchmarks/smt/25-vars/v25_problem_2__013.smt2.slack.smt2,sat,0.28499698638916016
/20180326-Bromberger/more_slacked/CAV_2009_benchmarks/smt/25-vars/v25_problem__008.smt2.slack.smt2,sat,0.16888952255249023
/20180326-Bromberger/more_slacked/CAV_2009_benchmarks/smt/25-vars/v25_problem__029.smt2.slack.smt2,sat,0.7104127407073975
/20180326-Bromberger/more_slacked/CAV_2009_benchmarks/smt/25-vars/v25_problem_2__030.smt2.slack.smt2,sat,0.6113545894622803
/20180326-Bromberger/more_slacked/CAV_2009_benchmarks/smt/25-vars/v25_problem_2__011.smt2.slack.smt2,sat,0.23762965202331543
/20180326-Bromberger/more_slacked/CAV_2009_benchmarks/smt/25-vars/v25_problem_2__015.smt2.slack.smt2,sat,0.32874321937561035
/20180326-Bromberger/more_slacked/CAV_2009_benchmarks/smt/25-vars/v25_problem_2__010.smt2.slack.smt2,sat,0.044301748275756836
/20180326-Bromberger/more_slacked/CAV_2009_benchmarks/smt/25-vars/v25_problem_2__027.smt2.slack.smt2,sat,1.4628870487213135
/20180326-Bromberger/more_slacked/CAV_2009_benchmarks/smt/25-vars/v25_problem__024.smt2.slack.smt2,sat,0.479
/20180326-Bromberger/more_slacked/CAV_2009_benchmarks/smt/25-vars/v25_problem_2__031.smt2.slack.smt2,unsat,0.196
/20180326-Bromberger/more_slacked/CAV_2009_benchmarks/smt/25-vars/v25_problem_2__023.smt2.slack.smt2,sat,0.5042369365692139
/20180326-Bromberger/more_slacked/CAV_2009_benchmarks/smt/25-vars/v25_problem__009.smt2.slack.smt2,sat,0.31217336654663086
/20180326-Bromberger/more_slacked/CAV_2009_benchmarks/smt/25-vars/v25_problem_2__028.smt2.slack.smt2,sat,1.3600211143493652
/20180326-Bromberger/more_slacked/CAV_2009_benchmarks/smt/25-vars/v25_problem__034.smt2.slack.smt2,unsat,0.09952712059020996
/20180326-Bromberger/more_slacked/CAV_2009_benchmarks/smt/25-vars/v25_problem_2__007.smt2.slack.smt2,sat,0.032585859298706055
/20180326-Bromberger/more_slacked/CAV_2009_benchmarks/smt/25-vars/v25_problem_2__005.smt2.slack.smt2,sat,0.02779078483581543
/20180326-Bromberger/more_slacked/CAV_2009_benchmarks/smt/25-vars/v25_problem__022.smt2.slack.smt2,failed,1200.0
/20180326-Bromberger/more_slacked/CAV_2009_benchmarks/smt/25-vars/v25_problem__021.smt2.slack.smt2,sat,0.6288647651672363
/20180326-Bromberger/more_slacked/CAV_2009_benchmarks/smt/25-vars/v25_problem__015.smt2.slack.smt2,sat,0.5527172088623047
/20180326-Bromberger/more_slacked/CAV_2009_benchmarks/smt/25-vars/v25_problem__003.smt2.slack.smt2,sat,0.0204470157623291
/20180326-Bromberger/more_slacked/CAV_2009_benchmarks/smt/25-vars/v25_problem__014.smt2.slack.smt2,sat,0.5966370105743408
/20180326-Bromberger/more_slacked/CAV_2009_benchmarks/smt/25-vars/v25_problem_2__008.smt2.slack.smt2,sat,0.042961835861206055
/20180326-Bromberger/more_slacked/CAV_2009_benchmarks/smt/25-vars/v25_problem__035.smt2.slack.smt2,sat,0.7930073738098145
/20180326-Bromberger/more_slacked/CAV_2009_benchmarks/smt/35-vars/v35_problem__012.smt2.slack.smt2,sat,0.08552193641662598
/20180326-Bromberger/more_slacked/CAV_2009_benchmarks/smt/35-vars/v35_problem__027.smt2.slack.smt2,sat,2.005155563354492
/20180326-Bromberger/more_slacked/CAV_2009_benchmarks/smt/35-vars/v35_problem_2__010.smt2.slack.smt2,sat,0.018801450729370117
/20180326-Bromberger/more_slacked/CAV_2009_benchmarks/smt/35-vars/v35_problem_2__002.smt2.slack.smt2,sat,0.05356550216674805
/20180326-Bromberger/more_slacked/CAV_2009_benchmarks/smt/35-vars/v35_problem__017.smt2.slack.smt2,sat,1.9661176204681396
/20180326-Bromberger/more_slacked/CAV_2009_benchmarks/smt/35-vars/v35_problem__015.smt2.slack.smt2,sat,0.041873931884765625
/20180326-Bromberger/more_slacked/CAV_2009_benchmarks/smt/35-vars/v35_problem_2__014.smt2.slack.smt2,sat,0.2704956531524658
/20180326-Bromberger/more_slacked/CAV_2009_benchmarks/smt/35-vars/v35_problem_2__023.smt2.slack.smt2,sat,1.5931997299194336
/20180326-Bromberger/more_slacked/CAV_2009_benchmarks/smt/35-vars/v35_problem_2__022.smt2.slack.smt2,sat,1.7872486114501953
/20180326-Bromberger/more_slacked/CAV_2009_benchmarks/smt/35-vars/v35_problem_2__003.smt2.slack.smt2,sat,0.0341489315032959
/20180326-Bromberger/more_slacked/CAV_2009_benchmarks/smt/35-vars/v35_problem__004.smt2.slack.smt2,sat,0.04235029220581055
/20180326-Bromberger/more_slacked/CAV_2009_benchmarks/smt/35-vars/v35_problem__005.smt2.slack.smt2,sat,0.039402008056640625
/20180326-Bromberger/more_slacked/CAV_2009_benchmarks/smt/35-vars/v35_problem_2__034.smt2.slack.smt2,sat,12.005
/20180326-Bromberger/more_slacked/CAV_2009_benchmarks/smt/35-vars/v35_problem_2__012.smt2.slack.smt2,sat,0.3610382080078125
/20180326-Bromberger/more_slacked/CAV_2009_benchmarks/smt/35-vars/v35_problem_2__008.smt2.slack.smt2,sat,0.145
/20180326-Bromberger/more_slacked/CAV_2009_benchmarks/smt/35-vars/v35_problem_2__029.smt2.slack.smt2,sat,10.719
/20180326-Bromberger/more_slacked/CAV_2009_benchmarks/smt/35-vars/v35_problem__008.smt2.slack.smt2,sat,0.046887874603271484
/20180326-Bromberger/more_slacked/CAV_2009_benchmarks/smt/35-vars/v35_problem_2__013.smt2.slack.smt2,sat,0.2782013416290283
/20180326-Bromberger/more_slacked/CAV_2009_benchmarks/smt/35-vars/v35_problem__018.smt2.slack.smt2,sat,0.42826318740844727
/20180326-Bromberger/more_slacked/CAV_2009_benchmarks/smt/35-vars/v35_problem__026.smt2.slack.smt2,sat,2.001007080078125
/20180326-Bromberger/more_slacked/CAV_2009_benchmarks/smt/35-vars/v35_problem_2__006.smt2.slack.smt2,sat,0.042418718338012695
/20180326-Bromberger/more_slacked/CAV_2009_benchmarks/smt/35-vars/v35_problem__006.smt2.slack.smt2,sat,0.23469066619873047
/20180326-Bromberger/more_slacked/CAV_2009_benchmarks/smt/35-vars/v35_problem_2__016.smt2.slack.smt2,sat,1.6013805866241455
/20180326-Bromberger/more_slacked/CAV_2009_benchmarks/smt/35-vars/v35_problem_2__019.smt2.slack.smt2,sat,1.8025245666503906
/20180326-Bromberger/more_slacked/CAV_2009_benchmarks/smt/35-vars/v35_problem_2__024.smt2.slack.smt2,sat,102.15778994560242
/20180326-Bromberger/more_slacked/CAV_2009_benchmarks/smt/35-vars/v35_problem_2__018.smt2.slack.smt2,sat,0.9948623180389404
/20180326-Bromberger/more_slacked/CAV_2009_benchmarks/smt/35-vars/v35_problem__023.smt2.slack.smt2,sat,4.153245687484741
/20180326-Bromberger/more_slacked/CAV_2009_benchmarks/smt/35-vars/v35_problem__022.smt2.slack.smt2,sat,1.5811724662780762
/20180326-Bromberger/more_slacked/CAV_2009_benchmarks/smt/35-vars/v35_problem__002.smt2.slack.smt2,sat,0.041983604431152344
/20180326-Bromberger/more_slacked/CAV_2009_benchmarks/smt/35-vars/v35_problem_2__025.smt2.slack.smt2,sat,2.327951431274414
/20180326-Bromberger/more_slacked/CAV_2009_benchmarks/smt/35-vars/v35_problem__013.smt2.slack.smt2,sat,0.6881392002105713
/20180326-Bromberger/more_slacked/CAV_2009_benchmarks/smt/35-vars/v35_problem__009.smt2.slack.smt2,sat,0.23267459869384766
/20180326-Bromberger/more_slacked/CAV_2009_benchmarks/smt/35-vars/v35_problem__024.smt2.slack.smt2,sat,2.0955779552459717
/20180326-Bromberger/more_slacked/CAV_2009_benchmarks/smt/35-vars/v35_problem_2__001.smt2.slack.smt2,sat,0.07430315017700195
/20180326-Bromberger/more_slacked/CAV_2009_benchmarks/smt/35-vars/v35_problem__029.smt2.slack.smt2,sat,1.9095797538757324
/20180326-Bromberger/more_slacked/CAV_2009_benchmarks/smt/35-vars/v35_problem_2__031.smt2.slack.smt2,sat,3.514766216278076
/20180326-Bromberger/more_slacked/CAV_2009_benchmarks/smt/35-vars/v35_problem__028.smt2.slack.smt2,sat,1.5859246253967285
/20180326-Bromberger/more_slacked/CAV_2009_benchmarks/smt/35-vars/v35_problem_2__020.smt2.slack.smt2,sat,0.24872946739196777
/20180326-Bromberger/more_slacked/CAV_2009_benchmarks/smt/35-vars/v35_problem__030.smt2.slack.smt2,sat,15.261
/20180326-Bromberger/more_slacked/CAV_2009_benchmarks/smt/35-vars/v35_problem_2__017.smt2.slack.smt2,sat,1.8626232147216797
/20180326-Bromberger/more_slacked/CAV_2009_benchmarks/smt/35-vars/v35_problem__014.smt2.slack.smt2,sat,1.10440993309021
/20180326-Bromberger/more_slacked/CAV_2009_benchmarks/smt/35-vars/v35_problem_2__007.smt2.slack.smt2,sat,0.06735062599182129
/20180326-Bromberger/more_slacked/CAV_2009_benchmarks/smt/35-vars/v35_problem_2__004.smt2.slack.smt2,sat,0.03997635841369629
/20180326-Bromberger/more_slacked/CAV_2009_benchmarks/smt/35-vars/v35_problem_2__028.smt2.slack.smt2,sat,11.592522144317627
/20180326-Bromberger/more_slacked/CAV_2009_benchmarks/smt/35-vars/v35_problem__032.smt2.slack.smt2,sat,7.74873685836792
/20180326-Bromberger/more_slacked/CAV_2009_benchmarks/smt/35-vars/v35_problem__010.smt2.slack.smt2,sat,0.0827946662902832
/20180326-Bromberger/more_slacked/CAV_2009_benchmarks/smt/35-vars/v35_problem__031.smt2.slack.smt2,sat,1.8160667419433594
/20180326-Bromberger/more_slacked/CAV_2009_benchmarks/smt/35-vars/v35_problem__035.smt2.slack.smt2,sat,2.0966129302978516
/20180326-Bromberger/more_slacked/CAV_2009_benchmarks/smt/35-vars/v35_problem__011.smt2.slack.smt2,sat,0.1810626983642578
/20180326-Bromberger/more_slacked/CAV_2009_benchmarks/smt/35-vars/v35_problem__003.smt2.slack.smt2,sat,0.03458452224731445
/20180326-Bromberger/more_slacked/CAV_2009_benchmarks/smt/35-vars/v35_problem_2__032.smt2.slack.smt2,sat,1.9302268028259277
/20180326-Bromberger/more_slacked/CAV_2009_benchmarks/smt/35-vars/v35_problem_2__021.smt2.slack.smt2,sat,3.978832483291626
/20180326-Bromberger/more_slacked/CAV_2009_benchmarks/smt/35-vars/v35_problem__020.smt2.slack.smt2,sat,1.8482120037078857
/20180326-Bromberger/more_slacked/CAV_2009_benchmarks/smt/35-vars/v35_problem_2__030.smt2.slack.smt2,sat,1.6566083431243896
/20180326-Bromberger/more_slacked/CAV_2009_benchmarks/smt/35-vars/v35_problem_2__009.smt2.slack.smt2,sat,0.06461739540100098
/20180326-Bromberger/more_slacked/CAV_2009_benchmarks/smt/35-vars/v35_problem__034.smt2.slack.smt2,sat,2.2491214275360107
/20180326-Bromberger/more_slacked/CAV_2009_benchmarks/smt/35-vars/v35_problem_2__011.smt2.slack.smt2,sat,1.537888765335083
/20180326-Bromberger/more_slacked/CAV_2009_benchmarks/smt/35-vars/v35_problem__033.smt2.slack.smt2,sat,1.999267816543579
/20180326-Bromberger/more_slacked/CAV_2009_benchmarks/smt/35-vars/v35_problem__025.smt2.slack.smt2,sat,1.8257849216461182
/20180326-Bromberger/more_slacked/CAV_2009_benchmarks/smt/35-vars/v35_problem__021.smt2.slack.smt2,sat,3.3660647869110107
/20180326-Bromberger/more_slacked/CAV_2009_benchmarks/smt/35-vars/v35_problem_2__026.smt2.slack.smt2,sat,2.375133752822876
/20180326-Bromberger/more_slacked/CAV_2009_benchmarks/smt/35-vars/v35_problem_2__005.smt2.slack.smt2,sat,0.03737282752990723
/20180326-Bromberger/more_slacked/CAV_2009_benchmarks/smt/35-vars/v35_problem_2__027.smt2.slack.smt2,sat,1.6086804866790771
/20180326-Bromberger/more_slacked/CAV_2009_benchmarks/smt/35-vars/v35_problem_2__035.smt2.slack.smt2,sat,1.9095182418823242
/20180326-Bromberger/more_slacked/CAV_2009_benchmarks/smt/35-vars/v35_problem__001.smt2.slack.smt2,sat,0.015270233154296875
/20180326-Bromberger/more_slacked/CAV_2009_benchmarks/smt/35-vars/v35_problem__016.smt2.slack.smt2,sat,1.7266960144042969
/20180326-Bromberger/more_slacked/CAV_2009_benchmarks/smt/35-vars/v35_problem_2__015.smt2.slack.smt2,sat,1.3848876953125
/20180326-Bromberger/more_slacked/CAV_2009_benchmarks/smt/35-vars/v35_problem__007.smt2.slack.smt2,sat,0.021082401275634766
/20180326-Bromberger/more_slacked/CAV_2009_benchmarks/smt/35-vars/v35_problem_2__033.smt2.slack.smt2,sat,1.8148114681243896
/20180326-Bromberger/more_slacked/CAV_2009_benchmarks/smt/35-vars/v35_problem__019.smt2.slack.smt2,sat,1.409722089767456
/20180326-Bromberger/more_slacked/CAV_2009_benchmarks/smt/20-vars/v20_problem__035.smt2.slack.smt2,unsat,0.05378389358520508
/20180326-Bromberger/more_slacked/CAV_2009_benchmarks/smt/20-vars/v20_problem__020.smt2.slack.smt2,sat,0.265735387802124
/20180326-Bromberger/more_slacked/CAV_2009_benchmarks/smt/20-vars/v20_problem_2__020.smt2.slack.smt2,sat,0.31188011169433594
/20180326-Bromberger/more_slacked/CAV_2009_benchmarks/smt/20-vars/v20_problem_2__031.smt2.slack.smt2,unsat,0.135
/20180326-Bromberger/more_slacked/CAV_2009_benchmarks/smt/20-vars/v20_problem__015.smt2.slack.smt2,sat,0.226
/20180326-Bromberger/more_slacked/CAV_2009_benchmarks/smt/20-vars/v20_problem_2__011.smt2.slack.smt2,sat,0.08002710342407227
/20180326-Bromberger/more_slacked/CAV_2009_benchmarks/smt/20-vars/v20_problem__028.smt2.slack.smt2,failed,1200.0
/20180326-Bromberger/more_slacked/CAV_2009_benchmarks/smt/20-vars/v20_problem_2__019.smt2.slack.smt2,sat,4.1202874183654785
/20180326-Bromberger/more_slacked/CAV_2009_benchmarks/smt/20-vars/v20_problem__032.smt2.slack.smt2,unsat,0.07098150253295898
/20180326-Bromberger/more_slacked/CAV_2009_benchmarks/smt/20-vars/v20_problem_2__034.smt2.slack.smt2,unsat,0.12558460235595703
/20180326-Bromberger/more_slacked/CAV_2009_benchmarks/smt/20-vars/v20_problem__024.smt2.slack.smt2,sat,0.334686279296875
/20180326-Bromberger/more_slacked/CAV_2009_benchmarks/smt/20-vars/v20_problem_2__003.smt2.slack.smt2,sat,0.014151811599731445
/20180326-Bromberger/more_slacked/CAV_2009_benchmarks/smt/20-vars/v20_problem_2__023.smt2.slack.smt2,failed,1200.0
/20180326-Bromberger/more_slacked/CAV_2009_benchmarks/smt/20-vars/v20_problem_2__009.smt2.slack.smt2,sat,0.12962841987609863
/20180326-Bromberger/more_slacked/CAV_2009_benchmarks/smt/20-vars/v20_problem__013.smt2.slack.smt2,sat,0.086273193359375
/20180326-Bromberger/more_slacked/CAV_2009_benchmarks/smt/20-vars/v20_problem_2__033.smt2.slack.smt2,unsat,0.148
/20180326-Bromberger/more_slacked/CAV_2009_benchmarks/smt/20-vars/v20_problem__003.smt2.slack.smt2,sat,0.01279759407043457
/20180326-Bromberger/more_slacked/CAV_2009_benchmarks/smt/20-vars/v20_problem_2__006.smt2.slack.smt2,sat,0.01973414421081543
/20180326-Bromberger/more_slacked/CAV_2009_benchmarks/smt/20-vars/v20_problem_2__015.smt2.slack.smt2,sat,0.11625266075134277
/20180326-Bromberger/more_slacked/CAV_2009_benchmarks/smt/20-vars/v20_problem_2__024.smt2.slack.smt2,sat,0.3094191551208496
/20180326-Bromberger/more_slacked/CAV_2009_benchmarks/smt/20-vars/v20_problem_2__001.smt2.slack.smt2,sat,0.011245489120483398
/20180326-Bromberger/more_slacked/CAV_2009_benchmarks/smt/20-vars/v20_problem_2__029.smt2.slack.smt2,sat,100.68846440315247
/20180326-Bromberger/more_slacked/CAV_2009_benchmarks/smt/20-vars/v20_problem__029.smt2.slack.smt2,unsat,0.09621238708496094
/20180326-Bromberger/more_slacked/CAV_2009_benchmarks/smt/20-vars/v20_problem__034.smt2.slack.smt2,unsat,0.148
/20180326-Bromberger/more_slacked/CAV_2009_benchmarks/smt/20-vars/v20_problem__030.smt2.slack.smt2,sat,0.2668004035949707
/20180326-Bromberger/more_slacked/CAV_2009_benchmarks/smt/20-vars/v20_problem__005.smt2.slack.smt2,sat,0.011231660842895508
/20180326-Bromberger/more_slacked/CAV_2009_benchmarks/smt/20-vars/v20_problem_2__012.smt2.slack.smt2,sat,0.014629125595092773
/20180326-Bromberger/more_slacked/CAV_2009_benchmarks/smt/20-vars/v20_problem__002.smt2.slack.smt2,sat,0.03521895408630371
/20180326-Bromberger/more_slacked/CAV_2009_benchmarks/smt/20-vars/v20_problem__001.smt2.slack.smt2,sat,0.03013443946838379
/20180326-Bromberger/more_slacked/CAV_2009_benchmarks/smt/20-vars/v20_problem_2__005.smt2.slack.smt2,sat,0.012482166290283203
/20180326-Bromberger/more_slacked/CAV_2009_benchmarks/smt/20-vars/v20_problem_2__008.smt2.slack.smt2,sat,0.12920022010803223
/20180326-Bromberger/more_slacked/CAV_2009_benchmarks/smt/20-vars/v20_problem_2__007.smt2.slack.smt2,sat,0.03451180458068848
/20180326-Bromberger/more_slacked/CAV_2009_benchmarks/smt/20-vars/v20_problem__010.smt2.slack.smt2,sat,0.018684864044189453
/20180326-Bromberger/more_slacked/CAV_2009_benchmarks/smt/20-vars/v20_problem__011.smt2.slack.smt2,sat,0.09157419204711914
/20180326-Bromberger/more_slacked/CAV_2009_benchmarks/smt/20-vars/v20_problem__026.smt2.slack.smt2,sat,3.560058355331421
/20180326-Bromberger/more_slacked/CAV_2009_benchmarks/smt/20-vars/v20_problem_2__022.smt2.slack.smt2,sat,0.3229045867919922
/20180326-Bromberger/more_slacked/CAV_2009_benchmarks/smt/20-vars/v20_problem_2__032.smt2.slack.smt2,unsat,0.0716702938079834
/20180326-Bromberger/more_slacked/CAV_2009_benchmarks/smt/20-vars/v20_problem__017.smt2.slack.smt2,sat,0.28542232513427734
/20180326-Bromberger/more_slacked/CAV_2009_benchmarks/smt/20-vars/v20_problem__007.smt2.slack.smt2,sat,0.04884696006774902
/20180326-Bromberger/more_slacked/CAV_2009_benchmarks/smt/20-vars/v20_problem_2__030.smt2.slack.smt2,unsat,0.034519195556640625
/20180326-Bromberger/more_slacked/CAV_2009_benchmarks/smt/20-vars/v20_problem_2__017.smt2.slack.smt2,sat,0.3722398281097412
/20180326-Bromberger/more_slacked/CAV_2009_benchmarks/smt/20-vars/v20_problem__022.smt2.slack.smt2,sat,0.225
/20180326-Bromberger/more_slacked/CAV_2009_benchmarks/smt/20-vars/v20_problem_2__014.smt2.slack.smt2,sat,0.228
/20180326-Bromberger/more_slacked/CAV_2009_benchmarks/smt/20-vars/v20_problem_2__021.smt2.slack.smt2,sat,0.43714165687561035
/20180326-Bromberger/more_slacked/CAV_2009_benchmarks/smt/20-vars/v20_problem_2__035.smt2.slack.smt2,sat,0.6811609268188477
/20180326-Bromberger/more_slacked/CAV_2009_benchmarks/smt/20-vars/v20_problem_2__010.smt2.slack.smt2,sat,0.04412031173706055
/20180326-Bromberger/more_slacked/CAV_2009_benchmarks/smt/20-vars/v20_problem__004.smt2.slack.smt2,sat,0.043473243713378906
/20180326-Bromberger/more_slacked/CAV_2009_benchmarks/smt/20-vars/v20_problem_2__004.smt2.slack.smt2,sat,0.017442703247070312
/20180326-Bromberger/more_slacked/CAV_2009_benchmarks/smt/20-vars/v20_problem__018.smt2.slack.smt2,unsat,0.03446841239929199
/20180326-Bromberger/more_slacked/CAV_2009_benchmarks/smt/20-vars/v20_problem__009.smt2.slack.smt2,sat,0.04700422286987305
/20180326-Bromberger/more_slacked/CAV_2009_benchmarks/smt/20-vars/v20_problem_2__028.smt2.slack.smt2,sat,0.2915332317352295
/20180326-Bromberger/more_slacked/CAV_2009_benchmarks/smt/20-vars/v20_problem__006.smt2.slack.smt2,sat,0.264
/20180326-Bromberger/more_slacked/CAV_2009_benchmarks/smt/20-vars/v20_problem_2__016.smt2.slack.smt2,sat,0.07076740264892578
/20180326-Bromberger/more_slacked/CAV_2009_benchmarks/smt/20-vars/v20_problem_2__013.smt2.slack.smt2,sat,0.01571941375732422
/20180326-Bromberger/more_slacked/CAV_2009_benchmarks/smt/20-vars/v20_problem__014.smt2.slack.smt2,failed,1200.0
/20180326-Bromberger/more_slacked/CAV_2009_benchmarks/smt/20-vars/v20_problem__025.smt2.slack.smt2,unsat,0.05883431434631348
/20180326-Bromberger/more_slacked/CAV_2009_benchmarks/smt/20-vars/v20_problem_2__027.smt2.slack.smt2,unsat,0.059754133224487305
/20180326-Bromberger/more_slacked/CAV_2009_benchmarks/smt/20-vars/v20_problem__023.smt2.slack.smt2,unsat,0.056937217712402344
/20180326-Bromberger/more_slacked/CAV_2009_benchmarks/smt/20-vars/v20_problem_2__018.smt2.slack.smt2,sat,0.27747058868408203
/20180326-Bromberger/more_slacked/CAV_2009_benchmarks/smt/20-vars/v20_problem__033.smt2.slack.smt2,unsat,0.07874894142150879
/20180326-Bromberger/more_slacked/CAV_2009_benchmarks/smt/20-vars/v20_problem__019.smt2.slack.smt2,sat,0.3191640377044678
/20180326-Bromberger/more_slacked/CAV_2009_benchmarks/smt/20-vars/v20_problem__027.smt2.slack.smt2,unsat,0.06805634498596191
/20180326-Bromberger/more_slacked/CAV_2009_benchmarks/smt/20-vars/v20_problem_2__025.smt2.slack.smt2,sat,6.195943832397461
/20180326-Bromberger/more_slacked/CAV_2009_benchmarks/smt/20-vars/v20_problem_2__002.smt2.slack.smt2,sat,0.011965513229370117
/20180326-Bromberger/more_slacked/CAV_2009_benchmarks/smt/20-vars/v20_problem__012.smt2.slack.smt2,sat,0.30132627487182617
/20180326-Bromberger/more_slacked/CAV_2009_benchmarks/smt/20-vars/v20_problem__031.smt2.slack.smt2,unsat,0.09734869003295898
/20180326-Bromberger/more_slacked/CAV_2009_benchmarks/smt/20-vars/v20_problem__016.smt2.slack.smt2,unsat,0.04193925857543945
/20180326-Bromberger/more_slacked/CAV_2009_benchmarks/smt/20-vars/v20_problem__008.smt2.slack.smt2,sat,0.012665748596191406
/20180326-Bromberger/more_slacked/CAV_2009_benchmarks/smt/20-vars/v20_problem_2__026.smt2.slack.smt2,unsat,0.08096194267272949
/20180326-Bromberger/more_slacked/CAV_2009_benchmarks/smt/20-vars/v20_problem__021.smt2.slack.smt2,sat,0.3521754741668701
/20180326-Bromberger/more_slacked/CAV_2009_benchmarks/smt/45-vars/v45_problem__016.smt2.slack.smt2,sat,0.8709027767181396
/20180326-Bromberger/more_slacked/CAV_2009_benchmarks/smt/45-vars/v45_problem__027.smt2.slack.smt2,sat,4.315698623657227
/20180326-Bromberger/more_slacked/CAV_2009_benchmarks/smt/45-vars/v45_problem__030.smt2.slack.smt2,sat,6.478635311126709
/20180326-Bromberger/more_slacked/CAV_2009_benchmarks/smt/45-vars/v45_problem__006.smt2.slack.smt2,sat,0.09380269050598145
/20180326-Bromberger/more_slacked/CAV_2009_benchmarks/smt/45-vars/v45_problem_2__029.smt2.slack.smt2,sat,7.426961421966553
/20180326-Bromberger/more_slacked/CAV_2009_benchmarks/smt/45-vars/v45_problem__014.smt2.slack.smt2,sat,0.25302743911743164
/20180326-Bromberger/more_slacked/CAV_2009_benchmarks/smt/45-vars/v45_problem__035.smt2.slack.smt2,sat,6.322312116622925
/20180326-Bromberger/more_slacked/CAV_2009_benchmarks/smt/45-vars/v45_problem_2__034.smt2.slack.smt2,sat,5.350406169891357
/20180326-Bromberger/more_slacked/CAV_2009_benchmarks/smt/45-vars/v45_problem_2__026.smt2.slack.smt2,sat,6.501790523529053
/20180326-Bromberger/more_slacked/CAV_2009_benchmarks/smt/45-vars/v45_problem_2__016.smt2.slack.smt2,sat,3.669541835784912
/20180326-Bromberger/more_slacked/CAV_2009_benchmarks/smt/45-vars/v45_problem_2__015.smt2.slack.smt2,sat,0.025150775909423828
/20180326-Bromberger/more_slacked/CAV_2009_benchmarks/smt/45-vars/v45_problem__007.smt2.slack.smt2,sat,0.32617831230163574
/20180326-Bromberger/more_slacked/CAV_2009_benchmarks/smt/45-vars/v45_problem_2__005.smt2.slack.smt2,sat,0.053343772888183594
/20180326-Bromberger/more_slacked/CAV_2009_benchmarks/smt/45-vars/v45_problem__012.smt2.slack.smt2,sat,0.05618119239807129
/20180326-Bromberger/more_slacked/CAV_2009_benchmarks/smt/45-vars/v45_problem_2__021.smt2.slack.smt2,sat,4.750985383987427
/20180326-Bromberger/more_slacked/CAV_2009_benchmarks/smt/45-vars/v45_problem_2__033.smt2.slack.smt2,sat,5.014337539672852
/20180326-Bromberger/more_slacked/CAV_2009_benchmarks/smt/45-vars/v45_problem__017.smt2.slack.smt2,sat,10.048
/20180326-Bromberger/more_slacked/CAV_2009_benchmarks/smt/45-vars/v45_problem__013.smt2.slack.smt2,sat,1.0327491760253906
/20180326-Bromberger/more_slacked/CAV_2009_benchmarks/smt/45-vars/v45_problem_2__019.smt2.slack.smt2,sat,4.45963191986084
/20180326-Bromberger/more_slacked/CAV_2009_benchmarks/smt/45-vars/v45_problem__026.smt2.slack.smt2,sat,5.416853904724121
/20180326-Bromberger/more_slacked/CAV_2009_benchmarks/smt/45-vars/v45_problem_2__014.smt2.slack.smt2,sat,0.2758357524871826
/20180326-Bromberger/more_slacked/CAV_2009_benchmarks/smt/45-vars/v45_problem__031.smt2.slack.smt2,sat,5.933119297027588
/20180326-Bromberger/more_slacked/CAV_2009_benchmarks/smt/45-vars/v45_problem_2__018.smt2.slack.smt2,sat,0.3859744071960449
/20180326-Bromberger/more_slacked/CAV_2009_benchmarks/smt/45-vars/v45_problem_2__032.smt2.slack.smt2,sat,5.218501329421997
/20180326-Bromberger/more_slacked/CAV_2009_benchmarks/smt/45-vars/v45_problem__010.smt2.slack.smt2,sat,0.1033334732055664
/20180326-Bromberger/more_slacked/CAV_2009_benchmarks/smt/45-vars/v45_problem__003.smt2.slack.smt2,sat,0.033113956451416016
/20180326-Bromberger/more_slacked/CAV_2009_benchmarks/smt/45-vars/v45_problem_2__012.smt2.slack.smt2,sat,0.23794174194335938
/20180326-Bromberger/more_slacked/CAV_2009_benchmarks/smt/45-vars/v45_problem__028.smt2.slack.smt2,sat,8.261351585388184
/20180326-Bromberger/more_slacked/CAV_2009_benchmarks/smt/45-vars/v45_problem__011.smt2.slack.smt2,sat,0.2973496913909912
/20180326-Bromberger/more_slacked/CAV_2009_benchmarks/smt/45-vars/v45_problem__029.smt2.slack.smt2,sat,6.014030933380127
/20180326-Bromberger/more_slacked/CAV_2009_benchmarks/smt/45-vars/v45_problem_2__027.smt2.slack.smt2,sat,5.014267921447754
/20180326-Bromberger/more_slacked/CAV_2009_benchmarks/smt/45-vars/v45_problem_2__030.smt2.slack.smt2,sat,6.894728899002075
/20180326-Bromberger/more_slacked/CAV_2009_benchmarks/smt/45-vars/v45_problem__024.smt2.slack.smt2,sat,6.591662883758545
/20180326-Bromberger/more_slacked/CAV_2009_benchmarks/smt/45-vars/v45_problem_2__022.smt2.slack.smt2,sat,4.31599497795105
/20180326-Bromberger/more_slacked/CAV_2009_benchmarks/smt/45-vars/v45_problem_2__004.smt2.slack.smt2,sat,0.30510830879211426
/20180326-Bromberger/more_slacked/CAV_2009_benchmarks/smt/45-vars/v45_problem__020.smt2.slack.smt2,sat,4.290665626525879
/20180326-Bromberger/more_slacked/CAV_2009_benchmarks/smt/45-vars/v45_problem_2__001.smt2.slack.smt2,sat,0.060976505279541016
/20180326-Bromberger/more_slacked/CAV_2009_benchmarks/smt/45-vars/v45_problem_2__031.smt2.slack.smt2,sat,26.074238777160645
/20180326-Bromberger/more_slacked/CAV_2009_benchmarks/smt/45-vars/v45_problem_2__007.smt2.slack.smt2,sat,0.05663776397705078
/20180326-Bromberger/more_slacked/CAV_2009_benchmarks/smt/45-vars/v45_problem__022.smt2.slack.smt2,sat,5.340990304946899
/20180326-Bromberger/more_slacked/CAV_2009_benchmarks/smt/45-vars/v45_problem__032.smt2.slack.smt2,sat,5.830180644989014
/20180326-Bromberger/more_slacked/CAV_2009_benchmarks/smt/45-vars/v45_problem_2__035.smt2.slack.smt2,sat,6.118385553359985
/20180326-Bromberger/more_slacked/CAV_2009_benchmarks/smt/45-vars/v45_problem_2__025.smt2.slack.smt2,sat,5.45728874206543
/20180326-Bromberger/more_slacked/CAV_2009_benchmarks/smt/45-vars/v45_problem__018.smt2.slack.smt2,sat,0.4023263454437256
/20180326-Bromberger/more_slacked/CAV_2009_benchmarks/smt/45-vars/v45_problem_2__013.smt2.slack.smt2,sat,0.10576105117797852
/20180326-Bromberger/more_slacked/CAV_2009_benchmarks/smt/45-vars/v45_problem__023.smt2.slack.smt2,sat,5.767814874649048
/20180326-Bromberger/more_slacked/CAV_2009_benchmarks/smt/45-vars/v45_problem__001.smt2.slack.smt2,sat,0.02241063117980957
/20180326-Bromberger/more_slacked/CAV_2009_benchmarks/smt/45-vars/v45_problem_2__008.smt2.slack.smt2,sat,0.05740237236022949
/20180326-Bromberger/more_slacked/CAV_2009_benchmarks/smt/45-vars/v45_problem__002.smt2.slack.smt2,sat,0.038335561752319336
/20180326-Bromberger/more_slacked/CAV_2009_benchmarks/smt/45-vars/v45_problem_2__023.smt2.slack.smt2,sat,5.41748833656311
/20180326-Bromberger/more_slacked/CAV_2009_benchmarks/smt/45-vars/v45_problem__019.smt2.slack.smt2,sat,0.08767437934875488
/20180326-Bromberger/more_slacked/CAV_2009_benchmarks/smt/45-vars/v45_problem__034.smt2.slack.smt2,sat,4.523037433624268
/20180326-Bromberger/more_slacked/CAV_2009_benchmarks/smt/45-vars/v45_problem__025.smt2.slack.smt2,sat,4.512964248657227
/20180326-Bromberger/more_slacked/CAV_2009_benchmarks/smt/45-vars/v45_problem_2__010.smt2.slack.smt2,sat,0.3416733741760254
/20180326-Bromberger/more_slacked/CAV_2009_benchmarks/smt/45-vars/v45_problem_2__009.smt2.slack.smt2,sat,0.05845069885253906
/20180326-Bromberger/more_slacked/CAV_2009_benchmarks/smt/45-vars/v45_problem__015.smt2.slack.smt2,sat,0.0586247444152832
/20180326-Bromberger/more_slacked/CAV_2009_benchmarks/smt/45-vars/v45_problem__033.smt2.slack.smt2,sat,6.388005971908569
/20180326-Bromberger/more_slacked/CAV_2009_benchmarks/smt/45-vars/v45_problem__008.smt2.slack.smt2,sat,0.04560518264770508
/20180326-Bromberger/more_slacked/CAV_2009_benchmarks/smt/45-vars/v45_problem_2__011.smt2.slack.smt2,sat,0.05184507369995117
/20180326-Bromberger/more_slacked/CAV_2009_benchmarks/smt/45-vars/v45_problem_2__006.smt2.slack.smt2,sat,0.11169862747192383
/20180326-Bromberger/more_slacked/CAV_2009_benchmarks/smt/45-vars/v45_problem_2__003.smt2.slack.smt2,sat,0.06300067901611328
/20180326-Bromberger/more_slacked/CAV_2009_benchmarks/smt/45-vars/v45_problem__004.smt2.slack.smt2,sat,0.051756858825683594
/20180326-Bromberger/more_slacked/CAV_2009_benchmarks/smt/45-vars/v45_problem_2__024.smt2.slack.smt2,sat,4.612996578216553
/20180326-Bromberger/more_slacked/CAV_2009_benchmarks/smt/45-vars/v45_problem__005.smt2.slack.smt2,sat,0.018479585647583008
/20180326-Bromberger/more_slacked/CAV_2009_benchmarks/smt/45-vars/v45_problem_2__028.smt2.slack.smt2,sat,4.271074295043945
/20180326-Bromberger/more_slacked/CAV_2009_benchmarks/smt/45-vars/v45_problem_2__002.smt2.slack.smt2,sat,0.03927755355834961
/20180326-Bromberger/more_slacked/CAV_2009_benchmarks/smt/45-vars/v45_problem__021.smt2.slack.smt2,sat,5.90744686126709
/20180326-Bromberger/more_slacked/CAV_2009_benchmarks/smt/45-vars/v45_problem__009.smt2.slack.smt2,sat,0.04173564910888672
/20180326-Bromberger/more_slacked/CAV_2009_benchmarks/smt/45-vars/v45_problem_2__020.smt2.slack.smt2,sat,2.1272459030151367
/20180326-Bromberger/more_slacked/CAV_2009_benchmarks/smt/45-vars/v45_problem_2__017.smt2.slack.smt2,sat,3.3917324542999268
/20180326-Bromberger/more_slacked/CAV_2009_benchmarks/smt/30-vars/v30_problem__021.smt2.slack.smt2,sat,1.3613040447235107
/20180326-Bromberger/more_slacked/CAV_2009_benchmarks/smt/30-vars/v30_problem_2__021.smt2.slack.smt2,sat,0.6566431522369385
/20180326-Bromberger/more_slacked/CAV_2009_benchmarks/smt/30-vars/v30_problem_2__013.smt2.slack.smt2,sat,1.162914752960205
/20180326-Bromberger/more_slacked/CAV_2009_benchmarks/smt/30-vars/v30_problem__024.smt2.slack.smt2,sat,0.9569108486175537
/20180326-Bromberger/more_slacked/CAV_2009_benchmarks/smt/30-vars/v30_problem__028.smt2.slack.smt2,sat,1.7573511600494385
/20180326-Bromberger/more_slacked/CAV_2009_benchmarks/smt/30-vars/v30_problem__017.smt2.slack.smt2,sat,0.8749134540557861
/20180326-Bromberger/more_slacked/CAV_2009_benchmarks/smt/30-vars/v30_problem_2__002.smt2.slack.smt2,sat,0.09051299095153809
/20180326-Bromberger/more_slacked/CAV_2009_benchmarks/smt/30-vars/v30_problem__018.smt2.slack.smt2,sat,0.9918117523193359
/20180326-Bromberger/more_slacked/CAV_2009_benchmarks/smt/30-vars/v30_problem_2__001.smt2.slack.smt2,sat,0.029597997665405273
/20180326-Bromberger/more_slacked/CAV_2009_benchmarks/smt/30-vars/v30_problem_2__014.smt2.slack.smt2,sat,0.15286540985107422
/20180326-Bromberger/more_slacked/CAV_2009_benchmarks/smt/30-vars/v30_problem_2__016.smt2.slack.smt2,sat,1.363525390625
/20180326-Bromberger/more_slacked/CAV_2009_benchmarks/smt/30-vars/v30_problem__019.smt2.slack.smt2,sat,1.192075490951538
/20180326-Bromberger/more_slacked/CAV_2009_benchmarks/smt/30-vars/v30_problem_2__009.smt2.slack.smt2,sat,0.23922157287597656
/20180326-Bromberger/more_slacked/CAV_2009_benchmarks/smt/30-vars/v30_problem_2__007.smt2.slack.smt2,sat,0.09330582618713379
/20180326-Bromberger/more_slacked/CAV_2009_benchmarks/smt/30-vars/v30_problem__020.smt2.slack.smt2,sat,0.853459358215332
/20180326-Bromberger/more_slacked/CAV_2009_benchmarks/smt/30-vars/v30_problem_2__022.smt2.slack.smt2,sat,0.847886323928833
/20180326-Bromberger/more_slacked/CAV_2009_benchmarks/smt/30-vars/v30_problem__010.smt2.slack.smt2,sat,0.1776134967803955
/20180326-Bromberger/more_slacked/CAV_2009_benchmarks/smt/30-vars/v30_problem_2__025.smt2.slack.smt2,sat,1.1736581325531006
/20180326-Bromberger/more_slacked/CAV_2009_benchmarks/smt/30-vars/v30_problem_2__008.smt2.slack.smt2,sat,0.2870967388153076
/20180326-Bromberger/more_slacked/CAV_2009_benchmarks/smt/30-vars/v30_problem__009.smt2.slack.smt2,sat,0.11332178115844727
/20180326-Bromberger/more_slacked/CAV_2009_benchmarks/smt/30-vars/v30_problem_2__003.smt2.slack.smt2,sat,0.025699377059936523
/20180326-Bromberger/more_slacked/CAV_2009_benchmarks/smt/30-vars/v30_problem__025.smt2.slack.smt2,sat,1.132943868637085
/20180326-Bromberger/more_slacked/CAV_2009_benchmarks/smt/30-vars/v30_problem_2__035.smt2.slack.smt2,sat,1.3933045864105225
/20180326-Bromberger/more_slacked/CAV_2009_benchmarks/smt/30-vars/v30_problem__031.smt2.slack.smt2,sat,1.9099042415618896
/20180326-Bromberger/more_slacked/CAV_2009_benchmarks/smt/30-vars/v30_problem_2__024.smt2.slack.smt2,sat,0.8757784366607666
/20180326-Bromberger/more_slacked/CAV_2009_benchmarks/smt/30-vars/v30_problem_2__004.smt2.slack.smt2,sat,0.014638662338256836
/20180326-Bromberger/more_slacked/CAV_2009_benchmarks/smt/30-vars/v30_problem_2__005.smt2.slack.smt2,sat,0.046663522720336914
/20180326-Bromberger/more_slacked/CAV_2009_benchmarks/smt/30-vars/v30_problem_2__029.smt2.slack.smt2,sat,25.29097318649292
/20180326-Bromberger/more_slacked/CAV_2009_benchmarks/smt/30-vars/v30_problem__006.smt2.slack.smt2,sat,0.0711820125579834
/20180326-Bromberger/more_slacked/CAV_2009_benchmarks/smt/30-vars/v30_problem__014.smt2.slack.smt2,sat,0.32213258743286133
/20180326-Bromberger/more_slacked/CAV_2009_benchmarks/smt/30-vars/v30_problem__033.smt2.slack.smt2,sat,1.2718403339385986
/20180326-Bromberger/more_slacked/CAV_2009_benchmarks/smt/30-vars/v30_problem_2__032.smt2.slack.smt2,sat,2.7376604080200195
/20180326-Bromberger/more_slacked/CAV_2009_benchmarks/smt/30-vars/v30_problem__002.smt2.slack.smt2,sat,0.03413748741149902
/20180326-Bromberger/more_slacked/CAV_2009_benchmarks/smt/30-vars/v30_problem__003.smt2.slack.smt2,sat,0.03440976142883301
/20180326-Bromberger/more_slacked/CAV_2009_benchmarks/smt/30-vars/v30_problem__007.smt2.slack.smt2,sat,0.03891158103942871
/20180326-Bromberger/more_slacked/CAV_2009_benchmarks/smt/30-vars/v30_problem__026.smt2.slack.smt2,sat,2.186689615249634
/20180326-Bromberger/more_slacked/CAV_2009_benchmarks/smt/30-vars/v30_problem__008.smt2.slack.smt2,sat,0.044599056243896484
/20180326-Bromberger/more_slacked/CAV_2009_benchmarks/smt/30-vars/v30_problem_2__034.smt2.slack.smt2,sat,1.2980046272277832
/20180326-Bromberger/more_slacked/CAV_2009_benchmarks/smt/30-vars/v30_problem_2__018.smt2.slack.smt2,sat,0.7918424606323242
/20180326-Bromberger/more_slacked/CAV_2009_benchmarks/smt/30-vars/v30_problem__029.smt2.slack.smt2,sat,1.062018871307373
/20180326-Bromberger/more_slacked/CAV_2009_benchmarks/smt/30-vars/v30_problem__027.smt2.slack.smt2,sat,1.0341334342956543
/20180326-Bromberger/more_slacked/CAV_2009_benchmarks/smt/30-vars/v30_problem__030.smt2.slack.smt2,sat,1.1631300449371338
/20180326-Bromberger/more_slacked/CAV_2009_benchmarks/smt/30-vars/v30_problem__016.smt2.slack.smt2,sat,1.8917148113250732
/20180326-Bromberger/more_slacked/CAV_2009_benchmarks/smt/30-vars/v30_problem_2__019.smt2.slack.smt2,sat,0.9211254119873047
/20180326-Bromberger/more_slacked/CAV_2009_benchmarks/smt/30-vars/v30_problem_2__033.smt2.slack.smt2,sat,104.25599980354309
/20180326-Bromberger/more_slacked/CAV_2009_benchmarks/smt/30-vars/v30_problem_2__030.smt2.slack.smt2,sat,3.9647018909454346
/20180326-Bromberger/more_slacked/CAV_2009_benchmarks/smt/30-vars/v30_problem__032.smt2.slack.smt2,unsat,0.183
/20180326-Bromberger/more_slacked/CAV_2009_benchmarks/smt/30-vars/v30_problem__001.smt2.slack.smt2,sat,0.01647186279296875
/20180326-Bromberger/more_slacked/CAV_2009_benchmarks/smt/30-vars/v30_problem_2__012.smt2.slack.smt2,sat,0.2852294445037842
/20180326-Bromberger/more_slacked/CAV_2009_benchmarks/smt/30-vars/v30_problem_2__015.smt2.slack.smt2,sat,1.1761062145233154
/20180326-Bromberger/more_slacked/CAV_2009_benchmarks/smt/30-vars/v30_problem_2__023.smt2.slack.smt2,sat,2.1541550159454346
/20180326-Bromberger/more_slacked/CAV_2009_benchmarks/smt/30-vars/v30_problem_2__026.smt2.slack.smt2,sat,101.05664587020874
/20180326-Bromberger/more_slacked/CAV_2009_benchmarks/smt/30-vars/v30_problem_2__011.smt2.slack.smt2,sat,0.04242300987243652
/20180326-Bromberger/more_slacked/CAV_2009_benchmarks/smt/30-vars/v30_problem__034.smt2.slack.smt2,sat,2.0182392597198486
/20180326-Bromberger/more_slacked/CAV_2009_benchmarks/smt/30-vars/v30_problem_2__010.smt2.slack.smt2,sat,0.043831825256347656
/20180326-Bromberger/more_slacked/CAV_2009_benchmarks/smt/30-vars/v30_problem_2__028.smt2.slack.smt2,sat,1.7669367790222168
/20180326-Bromberger/more_slacked/CAV_2009_benchmarks/smt/30-vars/v30_problem__022.smt2.slack.smt2,sat,1.6027755737304688
/20180326-Bromberger/more_slacked/CAV_2009_benchmarks/smt/30-vars/v30_problem_2__020.smt2.slack.smt2,sat,0.020908355712890625
/20180326-Bromberger/more_slacked/CAV_2009_benchmarks/smt/30-vars/v30_problem_2__027.smt2.slack.smt2,sat,11.533
/20180326-Bromberger/more_slacked/CAV_2009_benchmarks/smt/30-vars/v30_problem__023.smt2.slack.smt2,sat,1.0304138660430908
/20180326-Bromberger/more_slacked/CAV_2009_benchmarks/smt/30-vars/v30_problem_2__006.smt2.slack.smt2,sat,0.3721585273742676
/20180326-Bromberger/more_slacked/CAV_2009_benchmarks/smt/30-vars/v30_problem_2__017.smt2.slack.smt2,sat,1.0459611415863037
/20180326-Bromberger/more_slacked/CAV_2009_benchmarks/smt/30-vars/v30_problem_2__031.smt2.slack.smt2,sat,1.2859318256378174
/20180326-Bromberger/more_slacked/CAV_2009_benchmarks/smt/30-vars/v30_problem__015.smt2.slack.smt2,sat,0.7848832607269287
/20180326-Bromberger/more_slacked/CAV_2009_benchmarks/smt/30-vars/v30_problem__011.smt2.slack.smt2,sat,0.05943441390991211
/20180326-Bromberger/more_slacked/CAV_2009_benchmarks/smt/30-vars/v30_problem__004.smt2.slack.smt2,sat,0.05027413368225098
/20180326-Bromberger/more_slacked/CAV_2009_benchmarks/smt/30-vars/v30_problem__012.smt2.slack.smt2,sat,0.9252512454986572
/20180326-Bromberger/more_slacked/CAV_2009_benchmarks/smt/30-vars/v30_problem__035.smt2.slack.smt2,sat,0.9909136295318604
/20180326-Bromberger/more_slacked/CAV_2009_benchmarks/smt/30-vars/v30_problem__005.smt2.slack.smt2,sat,0.030638933181762695
/20180326-Bromberger/more_slacked/CAV_2009_benchmarks/smt/30-vars/v30_problem__013.smt2.slack.smt2,sat,1.1044323444366455
/20180326-Bromberger/more_slacked/CAV_2009_benchmarks/smt/40-vars/v40_problem__007.smt2.slack.smt2,sat,0.4640190601348877
/20180326-Bromberger/more_slacked/CAV_2009_benchmarks/smt/40-vars/v40_problem_2__026.smt2.slack.smt2,sat,4.352330684661865
/20180326-Bromberger/more_slacked/CAV_2009_benchmarks/smt/40-vars/v40_problem_2__034.smt2.slack.smt2,sat,103.91048526763916
/20180326-Bromberger/more_slacked/CAV_2009_benchmarks/smt/40-vars/v40_problem_2__021.smt2.slack.smt2,sat,0.8630049228668213
/20180326-Bromberger/more_slacked/CAV_2009_benchmarks/smt/40-vars/v40_problem_2__030.smt2.slack.smt2,sat,3.950741767883301
/20180326-Bromberger/more_slacked/CAV_2009_benchmarks/smt/40-vars/v40_problem__033.smt2.slack.smt2,sat,6.971710443496704
/20180326-Bromberger/more_slacked/CAV_2009_benchmarks/smt/40-vars/v40_problem__021.smt2.slack.smt2,sat,2.7791762351989746
/20180326-Bromberger/more_slacked/CAV_2009_benchmarks/smt/40-vars/v40_problem_2__014.smt2.slack.smt2,sat,0.26357293128967285
/20180326-Bromberger/more_slacked/CAV_2009_benchmarks/smt/40-vars/v40_problem__014.smt2.slack.smt2,sat,0.4884977340698242
/20180326-Bromberger/more_slacked/CAV_2009_benchmarks/smt/40-vars/v40_problem_2__027.smt2.slack.smt2,sat,2.708014488220215
/20180326-Bromberger/more_slacked/CAV_2009_benchmarks/smt/40-vars/v40_problem_2__024.smt2.slack.smt2,sat,2.791262149810791
/20180326-Bromberger/more_slacked/CAV_2009_benchmarks/smt/40-vars/v40_problem_2__031.smt2.slack.smt2,sat,10.005230188369751
/20180326-Bromberger/more_slacked/CAV_2009_benchmarks/smt/40-vars/v40_problem__005.smt2.slack.smt2,sat,0.03967547416687012
/20180326-Bromberger/more_slacked/CAV_2009_benchmarks/smt/40-vars/v40_problem__015.smt2.slack.smt2,sat,0.28130054473876953
/20180326-Bromberger/more_slacked/CAV_2009_benchmarks/smt/40-vars/v40_problem_2__003.smt2.slack.smt2,sat,0.04149603843688965
/20180326-Bromberger/more_slacked/CAV_2009_benchmarks/smt/40-vars/v40_problem__019.smt2.slack.smt2,sat,2.895364999771118
/20180326-Bromberger/more_slacked/CAV_2009_benchmarks/smt/40-vars/v40_problem_2__005.smt2.slack.smt2,sat,0.035790443420410156
/20180326-Bromberger/more_slacked/CAV_2009_benchmarks/smt/40-vars/v40_problem_2__023.smt2.slack.smt2,sat,3.012862205505371
/20180326-Bromberger/more_slacked/CAV_2009_benchmarks/smt/40-vars/v40_problem__013.smt2.slack.smt2,sat,0.3255910873413086
/20180326-Bromberger/more_slacked/CAV_2009_benchmarks/smt/40-vars/v40_problem_2__035.smt2.slack.smt2,sat,67.30635046958923
/20180326-Bromberger/more_slacked/CAV_2009_benchmarks/smt/40-vars/v40_problem__035.smt2.slack.smt2,sat,3.3802855014801025
/20180326-Bromberger/more_slacked/CAV_2009_benchmarks/smt/40-vars/v40_problem__026.smt2.slack.smt2,sat,116.969
/20180326-Bromberger/more_slacked/CAV_2009_benchmarks/smt/40-vars/v40_problem_2__006.smt2.slack.smt2,sat,0.05299091339111328
/20180326-Bromberger/more_slacked/CAV_2009_benchmarks/smt/40-vars/v40_problem_2__018.smt2.slack.smt2,sat,0.8557724952697754
/20180326-Bromberger/more_slacked/CAV_2009_benchmarks/smt/40-vars/v40_problem_2__015.smt2.slack.smt2,sat,0.262300968170166
/20180326-Bromberger/more_slacked/CAV_2009_benchmarks/smt/40-vars/v40_problem__020.smt2.slack.smt2,sat,2.8390719890594482
/20180326-Bromberger/more_slacked/CAV_2009_benchmarks/smt/40-vars/v40_problem_2__007.smt2.slack.smt2,sat,0.026399850845336914
/20180326-Bromberger/more_slacked/CAV_2009_benchmarks/smt/40-vars/v40_problem__034.smt2.slack.smt2,sat,3.4676403999328613
/20180326-Bromberger/more_slacked/CAV_2009_benchmarks/smt/40-vars/v40_problem_2__019.smt2.slack.smt2,sat,0.16637039184570312
/20180326-Bromberger/more_slacked/CAV_2009_benchmarks/smt/40-vars/v40_problem_2__022.smt2.slack.smt2,sat,0.24059033393859863
/20180326-Bromberger/more_slacked/CAV_2009_benchmarks/smt/40-vars/v40_problem__002.smt2.slack.smt2,sat,0.04542207717895508
/20180326-Bromberger/more_slacked/CAV_2009_benchmarks/smt/40-vars/v40_problem__022.smt2.slack.smt2,sat,3.2155425548553467
/20180326-Bromberger/more_slacked/CAV_2009_benchmarks/smt/40-vars/v40_problem_2__010.smt2.slack.smt2,sat,0.056791067123413086
/20180326-Bromberger/more_slacked/CAV_2009_benchmarks/smt/40-vars/v40_problem__030.smt2.slack.smt2,sat,5.300569534301758
/20180326-Bromberger/more_slacked/CAV_2009_benchmarks/smt/40-vars/v40_problem_2__017.smt2.slack.smt2,sat,3.3002469539642334
/20180326-Bromberger/more_slacked/CAV_2009_benchmarks/smt/40-vars/v40_problem__009.smt2.slack.smt2,sat,0.04057741165161133
/20180326-Bromberger/more_slacked/CAV_2009_benchmarks/smt/40-vars/v40_problem_2__004.smt2.slack.smt2,sat,0.030183076858520508
/20180326-Bromberger/more_slacked/CAV_2009_benchmarks/smt/40-vars/v40_problem_2__020.smt2.slack.smt2,sat,2.879560947418213
/20180326-Bromberger/more_slacked/CAV_2009_benchmarks/smt/40-vars/v40_problem__017.smt2.slack.smt2,sat,0.9405300617218018
/20180326-Bromberger/more_slacked/CAV_2009_benchmarks/smt/40-vars/v40_problem__001.smt2.slack.smt2,sat,0.044019222259521484
/20180326-Bromberger/more_slacked/CAV_2009_benchmarks/smt/40-vars/v40_problem_2__002.smt2.slack.smt2,sat,0.018010854721069336
/20180326-Bromberger/more_slacked/CAV_2009_benchmarks/smt/40-vars/v40_problem__031.smt2.slack.smt2,sat,3.629814386367798
/20180326-Bromberger/more_slacked/CAV_2009_benchmarks/smt/40-vars/v40_problem_2__025.smt2.slack.smt2,sat,2.766383171081543
/20180326-Bromberger/more_slacked/CAV_2009_benchmarks/smt/40-vars/v40_problem_2__016.smt2.slack.smt2,sat,2.3064708709716797
/20180326-Bromberger/more_slacked/CAV_2009_benchmarks/smt/40-vars/v40_problem_2__009.smt2.slack.smt2,sat,0.0770416259765625
/20180326-Bromberger/more_slacked/CAV_2009_benchmarks/smt/40-vars/v40_problem_2__012.smt2.slack.smt2,sat,0.871396541595459
/20180326-Bromberger/more_slacked/CAV_2009_benchmarks/smt/40-vars/v40_problem__023.smt2.slack.smt2,sat,3.1720595359802246
/20180326-Bromberger/more_slacked/CAV_2009_benchmarks/smt/40-vars/v40_problem_2__033.smt2.slack.smt2,sat,2.7072019577026367
/20180326-Bromberger/more_slacked/CAV_2009_benchmarks/smt/40-vars/v40_problem__024.smt2.slack.smt2,sat,9.650929689407349
/20180326-Bromberger/more_slacked/CAV_2009_benchmarks/smt/40-vars/v40_problem__016.smt2.slack.smt2,sat,2.6926324367523193
/20180326-Bromberger/more_slacked/CAV_2009_benchmarks/smt/40-vars/v40_problem_2__032.smt2.slack.smt2,sat,4.53764009475708
/20180326-Bromberger/more_slacked/CAV_2009_benchmarks/smt/40-vars/v40_problem__032.smt2.slack.smt2,sat,103.8651659488678
/20180326-Bromberger/more_slacked/CAV_2009_benchmarks/smt/40-vars/v40_problem__028.smt2.slack.smt2,sat,4.117231130599976
/20180326-Bromberger/more_slacked/CAV_2009_benchmarks/smt/40-vars/v40_problem__018.smt2.slack.smt2,sat,3.0887796878814697
/20180326-Bromberger/more_slacked/CAV_2009_benchmarks/smt/40-vars/v40_problem_2__011.smt2.slack.smt2,sat,0.05610513687133789
/20180326-Bromberger/more_slacked/CAV_2009_benchmarks/smt/40-vars/v40_problem__003.smt2.slack.smt2,sat,0.061577796936035156
/20180326-Bromberger/more_slacked/CAV_2009_benchmarks/smt/40-vars/v40_problem__025.smt2.slack.smt2,sat,2.7790229320526123
/20180326-Bromberger/more_slacked/CAV_2009_benchmarks/smt/40-vars/v40_problem__011.smt2.slack.smt2,sat,0.341564416885376
/20180326-Bromberger/more_slacked/CAV_2009_benchmarks/smt/40-vars/v40_problem__010.smt2.slack.smt2,sat,0.0613398551940918
/20180326-Bromberger/more_slacked/CAV_2009_benchmarks/smt/40-vars/v40_problem__029.smt2.slack.smt2,sat,13.905
/20180326-Bromberger/more_slacked/CAV_2009_benchmarks/smt/40-vars/v40_problem_2__013.smt2.slack.smt2,sat,0.47947263717651367
/20180326-Bromberger/more_slacked/CAV_2009_benchmarks/smt/40-vars/v40_problem__006.smt2.slack.smt2,sat,0.04572343826293945
/20180326-Bromberger/more_slacked/CAV_2009_benchmarks/smt/40-vars/v40_problem_2__028.smt2.slack.smt2,sat,10.647696018218994
/20180326-Bromberger/more_slacked/CAV_2009_benchmarks/smt/40-vars/v40_problem_2__001.smt2.slack.smt2,sat,0.04930377006530762
/20180326-Bromberger/more_slacked/CAV_2009_benchmarks/smt/40-vars/v40_problem_2__008.smt2.slack.smt2,sat,0.04125618934631348
/20180326-Bromberger/more_slacked/CAV_2009_benchmarks/smt/40-vars/v40_problem__012.smt2.slack.smt2,sat,2.2542996406555176
/20180326-Bromberger/more_slacked/CAV_2009_benchmarks/smt/40-vars/v40_problem_2__029.smt2.slack.smt2,sat,3.770571231842041
/20180326-Bromberger/more_slacked/CAV_2009_benchmarks/smt/40-vars/v40_problem__004.smt2.slack.smt2,sat,0.019051551818847656
/20180326-Bromberger/more_slacked/CAV_2009_benchmarks/smt/40-vars/v40_problem__027.smt2.slack.smt2,sat,2.9957332611083984
/20180326-Bromberger/more_slacked/CAV_2009_benchmarks/smt/40-vars/v40_problem__008.smt2.slack.smt2,sat,1.3403396606445312
/20180326-Bromberger/more_slacked/CAV_2009_benchmarks/smt/10-vars/v10_problem_2__008.smt2.slack.smt2,sat,0.00681757926940918
/20180326-Bromberger/more_slacked/CAV_2009_benchmarks/smt/10-vars/v10_problem_2__007.smt2.slack.smt2,sat,0.006477832794189453
/20180326-Bromberger/more_slacked/CAV_2009_benchmarks/smt/10-vars/v10_problem__020.smt2.slack.smt2,unsat,0.009550333023071289
/20180326-Bromberger/more_slacked/CAV_2009_benchmarks/smt/10-vars/v10_problem_2__015.smt2.slack.smt2,sat,0.013863563537597656
/20180326-Bromberger/more_slacked/CAV_2009_benchmarks/smt/10-vars/v10_problem__015.smt2.slack.smt2,sat,0.041
/20180326-Bromberger/more_slacked/CAV_2009_benchmarks/smt/10-vars/v10_problem_2__030.smt2.slack.smt2,unsat,0.012108325958251953
/20180326-Bromberger/more_slacked/CAV_2009_benchmarks/smt/10-vars/v10_problem_2__024.smt2.slack.smt2,unsat,0.009992122650146484
/20180326-Bromberger/more_slacked/CAV_2009_benchmarks/smt/10-vars/v10_problem_2__013.smt2.slack.smt2,sat,0.01010751724243164
/20180326-Bromberger/more_slacked/CAV_2009_benchmarks/smt/10-vars/v10_problem__012.smt2.slack.smt2,sat,0.015744924545288086
/20180326-Bromberger/more_slacked/CAV_2009_benchmarks/smt/10-vars/v10_problem_2__002.smt2.slack.smt2,sat,0.0057451725006103516
/20180326-Bromberger/more_slacked/CAV_2009_benchmarks/smt/10-vars/v10_problem__018.smt2.slack.smt2,sat,0.03304719924926758
/20180326-Bromberger/more_slacked/CAV_2009_benchmarks/smt/10-vars/v10_problem_2__033.smt2.slack.smt2,unsat,0.012018680572509766
/20180326-Bromberger/more_slacked/CAV_2009_benchmarks/smt/10-vars/v10_problem_2__014.smt2.slack.smt2,sat,0.008159160614013672
/20180326-Bromberger/more_slacked/CAV_2009_benchmarks/smt/10-vars/v10_problem_2__010.smt2.slack.smt2,sat,0.008327007293701172
/20180326-Bromberger/more_slacked/CAV_2009_benchmarks/smt/10-vars/v10_problem__029.smt2.slack.smt2,unsat,0.01144266128540039
/20180326-Bromberger/more_slacked/CAV_2009_benchmarks/smt/10-vars/v10_problem__007.smt2.slack.smt2,sat,0.008401632308959961
/20180326-Bromberger/more_slacked/CAV_2009_benchmarks/smt/10-vars/v10_problem_2__020.smt2.slack.smt2,sat,0.009630918502807617
/20180326-Bromberger/more_slacked/CAV_2009_benchmarks/smt/10-vars/v10_problem_2__009.smt2.slack.smt2,sat,0.008412599563598633
/20180326-Bromberger/more_slacked/CAV_2009_benchmarks/smt/10-vars/v10_problem__006.smt2.slack.smt2,sat,0.01
/20180326-Bromberger/more_slacked/CAV_2009_benchmarks/smt/10-vars/v10_problem__030.smt2.slack.smt2,unsat,0.014185428619384766
/20180326-Bromberger/more_slacked/CAV_2009_benchmarks/smt/10-vars/v10_problem_2__029.smt2.slack.smt2,unsat,0.01591968536376953
/20180326-Bromberger/more_slacked/CAV_2009_benchmarks/smt/10-vars/v10_problem__026.smt2.slack.smt2,unsat,0.011206626892089844
/20180326-Bromberger/more_slacked/CAV_2009_benchmarks/smt/10-vars/v10_problem__014.smt2.slack.smt2,sat,0.012097358703613281
/20180326-Bromberger/more_slacked/CAV_2009_benchmarks/smt/10-vars/v10_problem__016.smt2.slack.smt2,unsat,0.009314775466918945
/20180326-Bromberger/more_slacked/CAV_2009_benchmarks/smt/10-vars/v10_problem__032.smt2.slack.smt2,unsat,0.013235092163085938
/20180326-Bromberger/more_slacked/CAV_2009_benchmarks/smt/10-vars/v10_problem_2__035.smt2.slack.smt2,unsat,0.015094757080078125
/20180326-Bromberger/more_slacked/CAV_2009_benchmarks/smt/10-vars/v10_problem_2__012.smt2.slack.smt2,unsat,0.007827281951904297
/20180326-Bromberger/more_slacked/CAV_2009_benchmarks/smt/10-vars/v10_problem__031.smt2.slack.smt2,unsat,0.013324260711669922
/20180326-Bromberger/more_slacked/CAV_2009_benchmarks/smt/10-vars/v10_problem_2__004.smt2.slack.smt2,sat,0.006
/20180326-Bromberger/more_slacked/CAV_2009_benchmarks/smt/10-vars/v10_problem_2__019.smt2.slack.smt2,unsat,0.008630037307739258
/20180326-Bromberger/more_slacked/CAV_2009_benchmarks/smt/10-vars/v10_problem__009.smt2.slack.smt2,sat,0.0162353515625
/20180326-Bromberger/more_slacked/CAV_2009_benchmarks/smt/10-vars/v10_problem_2__017.smt2.slack.smt2,sat,0.009273529052734375
/20180326-Bromberger/more_slacked/CAV_2009_benchmarks/smt/10-vars/v10_problem__034.smt2.slack.smt2,unsat,0.011056184768676758
/20180326-Bromberger/more_slacked/CAV_2009_benchmarks/smt/10-vars/v10_problem__003.smt2.slack.smt2,sat,0.005953311920166016
/20180326-Bromberger/more_slacked/CAV_2009_benchmarks/smt/10-vars/v10_problem_2__003.smt2.slack.smt2,sat,0.005
/20180326-Bromberger/more_slacked/CAV_2009_benchmarks/smt/10-vars/v10_problem_2__031.smt2.slack.smt2,unsat,0.009925603866577148
/20180326-Bromberger/more_slacked/CAV_2009_benchmarks/smt/10-vars/v10_problem_2__025.smt2.slack.smt2,unsat,0.011002779006958008
/20180326-Bromberger/more_slacked/CAV_2009_benchmarks/smt/10-vars/v10_problem__002.smt2.slack.smt2,sat,0.006
/20180326-Bromberger/more_slacked/CAV_2009_benchmarks/smt/10-vars/v10_problem_2__026.smt2.slack.smt2,unsat,0.010944604873657227
/20180326-Bromberger/more_slacked/CAV_2009_benchmarks/smt/10-vars/v10_problem__027.smt2.slack.smt2,unsat,0.01416468620300293
/20180326-Bromberger/more_slacked/CAV_2009_benchmarks/smt/10-vars/v10_problem_2__018.smt2.slack.smt2,sat,0.00878286361694336
/20180326-Bromberger/more_slacked/CAV_2009_benchmarks/smt/10-vars/v10_problem_2__023.smt2.slack.smt2,sat,0.011501550674438477
/20180326-Bromberger/more_slacked/CAV_2009_benchmarks/smt/10-vars/v10_problem_2__001.smt2.slack.smt2,sat,0.005
/20180326-Bromberger/more_slacked/CAV_2009_benchmarks/smt/10-vars/v10_problem_2__034.smt2.slack.smt2,unsat,0.012360811233520508
/20180326-Bromberger/more_slacked/CAV_2009_benchmarks/smt/10-vars/v10_problem__019.smt2.slack.smt2,sat,0.010348796844482422
/20180326-Bromberger/more_slacked/CAV_2009_benchmarks/smt/10-vars/v10_problem__013.smt2.slack.smt2,sat,0.017
/20180326-Bromberger/more_slacked/CAV_2009_benchmarks/smt/10-vars/v10_problem_2__022.smt2.slack.smt2,sat,0.018311738967895508
/20180326-Bromberger/more_slacked/CAV_2009_benchmarks/smt/10-vars/v10_problem__017.smt2.slack.smt2,unsat,0.009365081787109375
/20180326-Bromberger/more_slacked/CAV_2009_benchmarks/smt/10-vars/v10_problem_2__021.smt2.slack.smt2,unsat,0.010338068008422852
/20180326-Bromberger/more_slacked/CAV_2009_benchmarks/smt/10-vars/v10_problem__035.smt2.slack.smt2,unsat,0.011464357376098633
/20180326-Bromberger/more_slacked/CAV_2009_benchmarks/smt/10-vars/v10_problem__010.smt2.slack.smt2,sat,0.006644010543823242
/20180326-Bromberger/more_slacked/CAV_2009_benchmarks/smt/10-vars/v10_problem_2__016.smt2.slack.smt2,unsat,0.008945465087890625
/20180326-Bromberger/more_slacked/CAV_2009_benchmarks/smt/10-vars/v10_problem__021.smt2.slack.smt2,unsat,0.011999845504760742
/20180326-Bromberger/more_slacked/CAV_2009_benchmarks/smt/10-vars/v10_problem_2__005.smt2.slack.smt2,sat,0.006663799285888672
/20180326-Bromberger/more_slacked/CAV_2009_benchmarks/smt/10-vars/v10_problem__023.smt2.slack.smt2,sat,0.012412548065185547
/20180326-Bromberger/more_slacked/CAV_2009_benchmarks/smt/10-vars/v10_problem_2__032.smt2.slack.smt2,unsat,0.011317253112792969
/20180326-Bromberger/more_slacked/CAV_2009_benchmarks/smt/10-vars/v10_problem__022.smt2.slack.smt2,unsat,0.011414289474487305
/20180326-Bromberger/more_slacked/CAV_2009_benchmarks/smt/10-vars/v10_problem_2__006.smt2.slack.smt2,sat,0.00734710693359375
/20180326-Bromberger/more_slacked/CAV_2009_benchmarks/smt/10-vars/v10_problem__005.smt2.slack.smt2,sat,0.006
/20180326-Bromberger/more_slacked/CAV_2009_benchmarks/smt/10-vars/v10_problem_2__028.smt2.slack.smt2,unsat,0.010016441345214844
/20180326-Bromberger/more_slacked/CAV_2009_benchmarks/smt/10-vars/v10_problem__008.smt2.slack.smt2,sat,0.008392333984375
/20180326-Bromberger/more_slacked/CAV_2009_benchmarks/smt/10-vars/v10_problem__024.smt2.slack.smt2,unsat,0.010312795639038086
/20180326-Bromberger/more_slacked/CAV_2009_benchmarks/smt/10-vars/v10_problem__001.smt2.slack.smt2,sat,0.005
/20180326-Bromberger/more_slacked/CAV_2009_benchmarks/smt/10-vars/v10_problem_2__027.smt2.slack.smt2,unsat,0.02851700782775879
/20180326-Bromberger/more_slacked/CAV_2009_benchmarks/smt/10-vars/v10_problem__025.smt2.slack.smt2,unsat,0.009780168533325195
/20180326-Bromberger/more_slacked/CAV_2009_benchmarks/smt/10-vars/v10_problem_2__011.smt2.slack.smt2,sat,0.01218724250793457
/20180326-Bromberger/more_slacked/CAV_2009_benchmarks/smt/10-vars/v10_problem__028.smt2.slack.smt2,unsat,0.012647390365600586
/20180326-Bromberger/more_slacked/CAV_2009_benchmarks/smt/15-vars/v15_problem_2__022.smt2.slack.smt2,unsat,0.023318767547607422
/20180326-Bromberger/more_slacked/CAV_2009_benchmarks/smt/15-vars/v15_problem_2__016.smt2.slack.smt2,sat,0.08501505851745605
/20180326-Bromberger/more_slacked/CAV_2009_benchmarks/smt/15-vars/v15_problem__003.smt2.slack.smt2,sat,0.019
/20180326-Bromberger/more_slacked/CAV_2009_benchmarks/smt/15-vars/v15_problem_2__025.smt2.slack.smt2,unsat,3.5448896884918213
/20180326-Bromberger/more_slacked/CAV_2009_benchmarks/smt/15-vars/v15_problem__012.smt2.slack.smt2,sat,0.07
/20180326-Bromberger/more_slacked/CAV_2009_benchmarks/smt/15-vars/v15_problem__002.smt2.slack.smt2,sat,0.026546001434326172
/20180326-Bromberger/more_slacked/CAV_2009_benchmarks/smt/15-vars/v15_problem_2__020.smt2.slack.smt2,unsat,0.018742799758911133
/20180326-Bromberger/more_slacked/CAV_2009_benchmarks/smt/15-vars/v15_problem_2__003.smt2.slack.smt2,sat,0.009284734725952148
/20180326-Bromberger/more_slacked/CAV_2009_benchmarks/smt/15-vars/v15_problem_2__015.smt2.slack.smt2,sat,0.102
/20180326-Bromberger/more_slacked/CAV_2009_benchmarks/smt/15-vars/v15_problem_2__017.smt2.slack.smt2,sat,0.024916887283325195
/20180326-Bromberger/more_slacked/CAV_2009_benchmarks/smt/15-vars/v15_problem_2__012.smt2.slack.smt2,sat,0.011874675750732422
/20180326-Bromberger/more_slacked/CAV_2009_benchmarks/smt/15-vars/v15_problem__025.smt2.slack.smt2,unsat,0.02661442756652832
/20180326-Bromberger/more_slacked/CAV_2009_benchmarks/smt/15-vars/v15_problem__016.smt2.slack.smt2,unsat,0.018186330795288086
/20180326-Bromberger/more_slacked/CAV_2009_benchmarks/smt/15-vars/v15_problem_2__007.smt2.slack.smt2,sat,0.02075362205505371
/20180326-Bromberger/more_slacked/CAV_2009_benchmarks/smt/15-vars/v15_problem_2__019.smt2.slack.smt2,unsat,0.03376173973083496
/20180326-Bromberger/more_slacked/CAV_2009_benchmarks/smt/15-vars/v15_problem_2__023.smt2.slack.smt2,sat,0.068
/20180326-Bromberger/more_slacked/CAV_2009_benchmarks/smt/15-vars/v15_problem__006.smt2.slack.smt2,sat,0.01577591896057129
/20180326-Bromberger/more_slacked/CAV_2009_benchmarks/smt/15-vars/v15_problem_2__018.smt2.slack.smt2,sat,0.11034941673278809
/20180326-Bromberger/more_slacked/CAV_2009_benchmarks/smt/15-vars/v15_problem__009.smt2.slack.smt2,sat,0.010114669799804688
/20180326-Bromberger/more_slacked/CAV_2009_benchmarks/smt/15-vars/v15_problem_2__014.smt2.slack.smt2,sat,0.096
/20180326-Bromberger/more_slacked/CAV_2009_benchmarks/smt/15-vars/v15_problem_2__024.smt2.slack.smt2,unsat,0.026295900344848633
/20180326-Bromberger/more_slacked/CAV_2009_benchmarks/smt/15-vars/v15_problem__010.smt2.slack.smt2,sat,0.023744583129882812
/20180326-Bromberger/more_slacked/CAV_2009_benchmarks/smt/15-vars/v15_problem_2__011.smt2.slack.smt2,unsat,0.01580643653869629
/20180326-Bromberger/more_slacked/CAV_2009_benchmarks/smt/15-vars/v15_problem__001.smt2.slack.smt2,sat,0.00969552993774414
/20180326-Bromberger/more_slacked/CAV_2009_benchmarks/smt/15-vars/v15_problem__013.smt2.slack.smt2,sat,0.179
/20180326-Bromberger/more_slacked/CAV_2009_benchmarks/smt/15-vars/v15_problem_2__001.smt2.slack.smt2,sat,0.010617733001708984
/20180326-Bromberger/more_slacked/CAV_2009_benchmarks/smt/15-vars/v15_problem_2__005.smt2.slack.smt2,sat,0.008507013320922852
/20180326-Bromberger/more_slacked/CAV_2009_benchmarks/smt/15-vars/v15_problem__011.smt2.slack.smt2,sat,0.157
/20180326-Bromberger/more_slacked/CAV_2009_benchmarks/smt/15-vars/v15_problem__004.smt2.slack.smt2,sat,0.011662721633911133
/20180326-Bromberger/more_slacked/CAV_2009_benchmarks/smt/15-vars/v15_problem_2__013.smt2.slack.smt2,sat,0.0305783748626709
/20180326-Bromberger/more_slacked/CAV_2009_benchmarks/smt/15-vars/v15_problem_2__021.smt2.slack.smt2,unsat,0.03068232536315918
/20180326-Bromberger/more_slacked/CAV_2009_benchmarks/smt/15-vars/v15_problem_2__002.smt2.slack.smt2,sat,0.01595759391784668
/20180326-Bromberger/more_slacked/CAV_2009_benchmarks/smt/15-vars/v15_problem__021.smt2.slack.smt2,sat,0.041704654693603516
/20180326-Bromberger/more_slacked/CAV_2009_benchmarks/smt/15-vars/v15_problem__018.smt2.slack.smt2,sat,0.055943965911865234
/20180326-Bromberger/more_slacked/CAV_2009_benchmarks/smt/15-vars/v15_problem__022.smt2.slack.smt2,unsat,0.01870417594909668
/20180326-Bromberger/more_slacked/CAV_2009_benchmarks/smt/15-vars/v15_problem__008.smt2.slack.smt2,sat,0.009405136108398438
/20180326-Bromberger/more_slacked/CAV_2009_benchmarks/smt/15-vars/v15_problem__015.smt2.slack.smt2,sat,0.06469392776489258
/20180326-Bromberger/more_slacked/CAV_2009_benchmarks/smt/15-vars/v15_problem__007.smt2.slack.smt2,sat,0.073
/20180326-Bromberger/more_slacked/CAV_2009_benchmarks/smt/15-vars/v15_problem_2__009.smt2.slack.smt2,sat,0.009696006774902344
/20180326-Bromberger/more_slacked/CAV_2009_benchmarks/smt/15-vars/v15_problem__014.smt2.slack.smt2,sat,0.056643009185791016
/20180326-Bromberger/more_slacked/CAV_2009_benchmarks/smt/15-vars/v15_problem__019.smt2.slack.smt2,sat,0.03973984718322754
/20180326-Bromberger/more_slacked/CAV_2009_benchmarks/smt/15-vars/v15_problem_2__004.smt2.slack.smt2,sat,0.010509729385375977
/20180326-Bromberger/more_slacked/CAV_2009_benchmarks/smt/15-vars/v15_problem_2__010.smt2.slack.smt2,sat,0.011202096939086914
/20180326-Bromberger/more_slacked/CAV_2009_benchmarks/smt/15-vars/v15_problem__017.smt2.slack.smt2,sat,0.07328033447265625
/20180326-Bromberger/more_slacked/CAV_2009_benchmarks/smt/15-vars/v15_problem__005.smt2.slack.smt2,sat,0.013277530670166016
/20180326-Bromberger/more_slacked/CAV_2009_benchmarks/smt/15-vars/v15_problem_2__008.smt2.slack.smt2,sat,0.010039806365966797
/20180326-Bromberger/more_slacked/CAV_2009_benchmarks/smt/15-vars/v15_problem__023.smt2.slack.smt2,unsat,0.017374277114868164
/20180326-Bromberger/more_slacked/CAV_2009_benchmarks/smt/15-vars/v15_problem_2__006.smt2.slack.smt2,sat,0.05034613609313965
/20180326-Bromberger/more_slacked/CAV_2009_benchmarks/smt/15-vars/v15_problem__020.smt2.slack.smt2,sat,0.04664206504821777
/20180326-Bromberger/more_slacked/CAV_2009_benchmarks/smt/15-vars/v15_problem__024.smt2.slack.smt2,unsat,0.01648998260498047
/20180326-Bromberger/more_slacked/CAV_2009_benchmarks/coef-size/smt/size-30/c30_problem__002.smt2.slack.smt2,sat,0.2721726894378662
/20180326-Bromberger/more_slacked/CAV_2009_benchmarks/coef-size/smt/size-30/c30_problem__003.smt2.slack.smt2,sat,0.23039698600769043
/20180326-Bromberger/more_slacked/CAV_2009_benchmarks/coef-size/smt/size-30/c30_problem__006.smt2.slack.smt2,unsat,0.016329526901245117
/20180326-Bromberger/more_slacked/CAV_2009_benchmarks/coef-size/smt/size-30/c30_problem__005.smt2.slack.smt2,sat,47.52715182304382
/20180326-Bromberger/more_slacked/CAV_2009_benchmarks/coef-size/smt/size-30/c30_problem__004.smt2.slack.smt2,sat,0.38250088691711426
/20180326-Bromberger/more_slacked/CAV_2009_benchmarks/coef-size/smt/size-100/c100_problem__005.smt2.slack.smt2,sat,0.30115723609924316
/20180326-Bromberger/more_slacked/CAV_2009_benchmarks/coef-size/smt/size-100/c100_problem__002.smt2.slack.smt2,sat,0.23226547241210938
/20180326-Bromberger/more_slacked/CAV_2009_benchmarks/coef-size/smt/size-100/c100_problem__004.smt2.slack.smt2,sat,0.07006311416625977
/20180326-Bromberger/more_slacked/CAV_2009_benchmarks/coef-size/smt/size-100/c100_problem__006.smt2.slack.smt2,unsat,0.01593756675720215
/20180326-Bromberger/more_slacked/CAV_2009_benchmarks/coef-size/smt/size-100/c100_problem__003.smt2.slack.smt2,sat,0.12691378593444824
/20180326-Bromberger/more_slacked/CAV_2009_benchmarks/coef-size/smt/size-10/c10_problem__005.smt2.slack.smt2,sat,0.2417609691619873
/20180326-Bromberger/more_slacked/CAV_2009_benchmarks/coef-size/smt/size-10/c10_problem__003.smt2.slack.smt2,unsat,43.944268226623535
/20180326-Bromberger/more_slacked/CAV_2009_benchmarks/coef-size/smt/size-10/c10_problem__002.smt2.slack.smt2,unsat,0.012963294982910156
/20180326-Bromberger/more_slacked/CAV_2009_benchmarks/coef-size/smt/size-10/c10_problem__004.smt2.slack.smt2,sat,0.06451725959777832
/20180326-Bromberger/more_slacked/CAV_2009_benchmarks/coef-size/smt/size-10/c10_problem__006.smt2.slack.smt2,sat,4.170830249786377
/20180326-Bromberger/more_slacked/CAV_2009_benchmarks/coef-size/smt/size-10/c10_problem__001.smt2.slack.smt2,sat,0.009
/20180326-Bromberger/more_slacked/CAV_2009_benchmarks/coef-size/smt/size-60/c60_problem__005.smt2.slack.smt2,sat,0.050795793533325195
/20180326-Bromberger/more_slacked/CAV_2009_benchmarks/coef-size/smt/size-60/c60_problem__002.smt2.slack.smt2,sat,0.07421016693115234
/20180326-Bromberger/more_slacked/CAV_2009_benchmarks/coef-size/smt/size-60/c60_problem__004.smt2.slack.smt2,failed,1200.0
/20180326-Bromberger/more_slacked/CAV_2009_benchmarks/coef-size/smt/size-60/c60_problem__003.smt2.slack.smt2,sat,0.29284071922302246
/20180326-Bromberger/more_slacked/CAV_2009_benchmarks/coef-size/smt/size-60/c60_problem__006.smt2.slack.smt2,sat,100.326180934906
/20180326-Bromberger/more_slacked/CAV_2009_benchmarks/coef-size/smt/size-50/c50_problem__006.smt2.slack.smt2,unsat,0.014911651611328125
/20180326-Bromberger/more_slacked/CAV_2009_benchmarks/coef-size/smt/size-50/c50_problem__003.smt2.slack.smt2,sat,0.06377077102661133
/20180326-Bromberger/more_slacked/CAV_2009_benchmarks/coef-size/smt/size-50/c50_problem__004.smt2.slack.smt2,sat,0.15837979316711426
/20180326-Bromberger/more_slacked/CAV_2009_benchmarks/coef-size/smt/size-50/c50_problem__005.smt2.slack.smt2,failed,1200.0
/20180326-Bromberger/more_slacked/CAV_2009_benchmarks/coef-size/smt/size-50/c50_problem__002.smt2.slack.smt2,unsat,0.016425371170043945
/20180326-Bromberger/more_slacked/CAV_2009_benchmarks/coef-size/smt/size-40/c40_problem__004.smt2.slack.smt2,sat,0.2598907947540283
/20180326-Bromberger/more_slacked/CAV_2009_benchmarks/coef-size/smt/size-40/c40_problem__002.smt2.slack.smt2,unsat,0.014629840850830078
/20180326-Bromberger/more_slacked/CAV_2009_benchmarks/coef-size/smt/size-40/c40_problem__005.smt2.slack.smt2,sat,0.102
/20180326-Bromberger/more_slacked/CAV_2009_benchmarks/coef-size/smt/size-40/c40_problem__006.smt2.slack.smt2,sat,0.26697278022766113
/20180326-Bromberger/more_slacked/CAV_2009_benchmarks/coef-size/smt/size-40/c40_problem__003.smt2.slack.smt2,sat,0.2696962356567383
/20180326-Bromberger/more_slacked/CAV_2009_benchmarks/coef-size/smt/size-80/c80_problem__006.smt2.slack.smt2,sat,0.2594730854034424
/20180326-Bromberger/more_slacked/CAV_2009_benchmarks/coef-size/smt/size-80/c80_problem__004.smt2.slack.smt2,sat,0.09074592590332031
/20180326-Bromberger/more_slacked/CAV_2009_benchmarks/coef-size/smt/size-80/c80_problem__005.smt2.slack.smt2,sat,100.23222017288208
/20180326-Bromberger/more_slacked/CAV_2009_benchmarks/coef-size/smt/size-80/c80_problem__003.smt2.slack.smt2,sat,0.21
/20180326-Bromberger/more_slacked/CAV_2009_benchmarks/coef-size/smt/size-80/c80_problem__002.smt2.slack.smt2,sat,0.07091212272644043
/20180326-Bromberger/more_slacked/CAV_2009_benchmarks/coef-size/smt/size-20/c20_problem__003.smt2.slack.smt2,sat,0.05771279335021973
/20180326-Bromberger/more_slacked/CAV_2009_benchmarks/coef-size/smt/size-20/c20_problem__004.smt2.slack.smt2,unsat,0.015771150588989258
/20180326-Bromberger/more_slacked/CAV_2009_benchmarks/coef-size/smt/size-20/c20_problem__002.smt2.slack.smt2,sat,0.28850817680358887
/20180326-Bromberger/more_slacked/CAV_2009_benchmarks/coef-size/smt/size-20/c20_problem__006.smt2.slack.smt2,sat,13.995583534240723
/20180326-Bromberger/more_slacked/CAV_2009_benchmarks/coef-size/smt/size-20/c20_problem__005.smt2.slack.smt2,sat,0.22
/20180326-Bromberger/more_slacked/CAV_2009_benchmarks/coef-size/smt/size-70/c70_problem__006.smt2.slack.smt2,sat,0.07326579093933105
/20180326-Bromberger/more_slacked/CAV_2009_benchmarks/coef-size/smt/size-70/c70_problem__005.smt2.slack.smt2,sat,100.37295293807983
/20180326-Bromberger/more_slacked/CAV_2009_benchmarks/coef-size/smt/size-70/c70_problem__004.smt2.slack.smt2,sat,0.30455875396728516
/20180326-Bromberger/more_slacked/CAV_2009_benchmarks/coef-size/smt/size-70/c70_problem__002.smt2.slack.smt2,sat,0.2734091281890869
/20180326-Bromberger/more_slacked/CAV_2009_benchmarks/coef-size/smt/size-70/c70_problem__003.smt2.slack.smt2,sat,0.2127056121826172
/20180326-Bromberger/more_slacked/CAV_2009_benchmarks/coef-size/smt/size-90/c90_problem__005.smt2.slack.smt2,unsat,0.018335342407226562
/20180326-Bromberger/more_slacked/CAV_2009_benchmarks/coef-size/smt/size-90/c90_problem__003.smt2.slack.smt2,sat,0.05965757369995117
/20180326-Bromberger/more_slacked/CAV_2009_benchmarks/coef-size/smt/size-90/c90_problem__004.smt2.slack.smt2,sat,0.33260178565979004
/20180326-Bromberger/more_slacked/CAV_2009_benchmarks/coef-size/smt/size-90/c90_problem__006.smt2.slack.smt2,sat,0.25881528854370117
/20180326-Bromberger/more_slacked/CAV_2009_benchmarks/coef-size/smt/size-90/c90_problem__002.smt2.slack.smt2,sat,0.049143314361572266
/20180326-Bromberger/more_slacked/cut_lemmas/20-vars/cut_lemma_02_009.smt2.slack.smt2,failed,1200.0
/20180326-Bromberger/more_slacked/cut_lemmas/20-vars/cut_lemma_03_020.smt2.slack.smt2,failed,1200.0
/20180326-Bromberger/more_slacked/cut_lemmas/20-vars/cut_lemma_03_005.smt2.slack.smt2,failed,1200.0
/20180326-Bromberger/more_slacked/cut_lemmas/20-vars/cut_lemma_02_001.smt2.slack.smt2,failed,1200.0
/20180326-Bromberger/more_slacked/cut_lemmas/20-vars/cut_lemma_03_016.smt2.slack.smt2,failed,1200.0
/20180326-Bromberger/more_slacked/cut_lemmas/20-vars/cut_lemma_01_008.smt2.slack.smt2,unsat,0.011768341064453125
/20180326-Bromberger/more_slacked/cut_lemmas/20-vars/cut_lemma_01_012.smt2.slack.smt2,unsat,0.5410711765289307
/20180326-Bromberger/more_slacked/cut_lemmas/20-vars/cut_lemma_03_009.smt2.slack.smt2,failed,1200.0
/20180326-Bromberger/more_slacked/cut_lemmas/20-vars/cut_lemma_02_016.smt2.slack.smt2,failed,1200.0
/20180326-Bromberger/more_slacked/cut_lemmas/20-vars/cut_lemma_01_015.smt2.slack.smt2,unsat,0.012855291366577148
/20180326-Bromberger/more_slacked/cut_lemmas/20-vars/cut_lemma_01_016.smt2.slack.smt2,failed,1200.0
/20180326-Bromberger/more_slacked/cut_lemmas/20-vars/cut_lemma_03_015.smt2.slack.smt2,failed,1200.0
/20180326-Bromberger/more_slacked/cut_lemmas/20-vars/cut_lemma_03_002.smt2.slack.smt2,failed,1200.0
/20180326-Bromberger/more_slacked/cut_lemmas/20-vars/cut_lemma_03_006.smt2.slack.smt2,unsat,0.017943620681762695
/20180326-Bromberger/more_slacked/cut_lemmas/20-vars/cut_lemma_03_014.smt2.slack.smt2,failed,1200.0
/20180326-Bromberger/more_slacked/cut_lemmas/20-vars/cut_lemma_01_004.smt2.slack.smt2,failed,1200.0
/20180326-Bromberger/more_slacked/cut_lemmas/20-vars/cut_lemma_03_018.smt2.slack.smt2,failed,1200.0
/20180326-Bromberger/more_slacked/cut_lemmas/20-vars/cut_lemma_02_002.smt2.slack.smt2,failed,1200.0
/20180326-Bromberger/more_slacked/cut_lemmas/20-vars/cut_lemma_03_008.smt2.slack.smt2,unsat,0.01640629768371582
/20180326-Bromberger/more_slacked/cut_lemmas/20-vars/cut_lemma_01_006.smt2.slack.smt2,failed,1200.0
/20180326-Bromberger/more_slacked/cut_lemmas/20-vars/cut_lemma_03_003.smt2.slack.smt2,failed,1200.0
/20180326-Bromberger/more_slacked/cut_lemmas/20-vars/cut_lemma_01_001.smt2.slack.smt2,failed,1200.0
/20180326-Bromberger/more_slacked/cut_lemmas/20-vars/cut_lemma_02_003.smt2.slack.smt2,failed,1200.0
/20180326-Bromberger/more_slacked/cut_lemmas/20-vars/cut_lemma_03_011.smt2.slack.smt2,failed,1200.0
/20180326-Bromberger/more_slacked/cut_lemmas/20-vars/cut_lemma_03_004.smt2.slack.smt2,failed,1200.0
/20180326-Bromberger/more_slacked/cut_lemmas/20-vars/cut_lemma_02_004.smt2.slack.smt2,failed,1200.0
/20180326-Bromberger/more_slacked/cut_lemmas/20-vars/cut_lemma_01_003.smt2.slack.smt2,failed,1200.0
/20180326-Bromberger/more_slacked/cut_lemmas/20-vars/cut_lemma_01_007.smt2.slack.smt2,failed,1200.0
/20180326-Bromberger/more_slacked/cut_lemmas/20-vars/cut_lemma_02_006.smt2.slack.smt2,failed,1200.0
/20180326-Bromberger/more_slacked/cut_lemmas/20-vars/cut_lemma_02_012.smt2.slack.smt2,failed,1200.0
/20180326-Bromberger/more_slacked/cut_lemmas/20-vars/cut_lemma_02_005.smt2.slack.smt2,failed,1200.0
/20180326-Bromberger/more_slacked/cut_lemmas/20-vars/cut_lemma_01_002.smt2.slack.smt2,failed,1200.0
/20180326-Bromberger/more_slacked/cut_lemmas/20-vars/cut_lemma_03_012.smt2.slack.smt2,failed,1200.0
/20180326-Bromberger/more_slacked/cut_lemmas/20-vars/cut_lemma_03_013.smt2.slack.smt2,failed,1200.0
/20180326-Bromberger/more_slacked/cut_lemmas/20-vars/cut_lemma_01_005.smt2.slack.smt2,failed,1200.0
/20180326-Bromberger/more_slacked/cut_lemmas/20-vars/cut_lemma_03_007.smt2.slack.smt2,failed,1200.0
/20180326-Bromberger/more_slacked/cut_lemmas/20-vars/cut_lemma_01_010.smt2.slack.smt2,failed,1200.0
/20180326-Bromberger/more_slacked/cut_lemmas/20-vars/cut_lemma_01_009.smt2.slack.smt2,failed,1200.0
/20180326-Bromberger/more_slacked/cut_lemmas/20-vars/cut_lemma_02_008.smt2.slack.smt2,failed,1200.0
/20180326-Bromberger/more_slacked/cut_lemmas/20-vars/cut_lemma_01_011.smt2.slack.smt2,failed,1200.0
/20180326-Bromberger/more_slacked/cut_lemmas/20-vars/cut_lemma_03_001.smt2.slack.smt2,failed,1200.0
/20180326-Bromberger/more_slacked/cut_lemmas/20-vars/cut_lemma_03_010.smt2.slack.smt2,failed,1200.0
/20180326-Bromberger/more_slacked/cut_lemmas/20-vars/cut_lemma_02_007.smt2.slack.smt2,failed,1200.0
/20180326-Bromberger/more_slacked/cut_lemmas/20-vars/cut_lemma_01_014.smt2.slack.smt2,failed,1200.0
/20180326-Bromberger/more_slacked/cut_lemmas/20-vars/cut_lemma_02_010.smt2.slack.smt2,failed,1200.0
/20180326-Bromberger/more_slacked/cut_lemmas/20-vars/cut_lemma_03_019.smt2.slack.smt2,failed,1200.0
/20180326-Bromberger/more_slacked/cut_lemmas/20-vars/cut_lemma_02_014.smt2.slack.smt2,failed,1200.0
/20180326-Bromberger/more_slacked/cut_lemmas/20-vars/cut_lemma_02_015.smt2.slack.smt2,failed,1200.0
/20180326-Bromberger/more_slacked/cut_lemmas/20-vars/cut_lemma_03_017.smt2.slack.smt2,failed,1200.0
/20180326-Bromberger/more_slacked/cut_lemmas/20-vars/cut_lemma_01_013.smt2.slack.smt2,failed,1200.0
/20180326-Bromberger/more_slacked/cut_lemmas/20-vars/cut_lemma_02_013.smt2.slack.smt2,failed,1200.0
/20180326-Bromberger/more_slacked/cut_lemmas/10-vars/cut_lemma_02_009.smt2.slack.smt2,unsat,0.008582115173339844
/20180326-Bromberger/more_slacked/cut_lemmas/10-vars/cut_lemma_02_001.smt2.slack.smt2,unsat,0.007739543914794922
/20180326-Bromberger/more_slacked/cut_lemmas/10-vars/cut_lemma_01_001.smt2.slack.smt2,unsat,0.004
/20180326-Bromberger/more_slacked/cut_lemmas/10-vars/cut_lemma_02_003.smt2.slack.smt2,unsat,0.0070874691009521484
/20180326-Bromberger/more_slacked/cut_lemmas/10-vars/cut_lemma_02_005.smt2.slack.smt2,unsat,0.008414506912231445
/20180326-Bromberger/more_slacked/cut_lemmas/10-vars/cut_lemma_02_008.smt2.slack.smt2,unsat,0.207
/20180326-Bromberger/more_slacked/cut_lemmas/10-vars/cut_lemma_02_010.smt2.slack.smt2,unsat,0.006634712219238281
/20180326-Bromberger/more_slacked/cut_lemmas/15-vars/cut_lemma_02_009.smt2.slack.smt2,unsat,1.7359685897827148
/20180326-Bromberger/more_slacked/cut_lemmas/15-vars/cut_lemma_03_005.smt2.slack.smt2,failed,1200.0
/20180326-Bromberger/more_slacked/cut_lemmas/15-vars/cut_lemma_02_001.smt2.slack.smt2,unsat,0.009231090545654297
/20180326-Bromberger/more_slacked/cut_lemmas/15-vars/cut_lemma_01_008.smt2.slack.smt2,failed,1200.0
/20180326-Bromberger/more_slacked/cut_lemmas/15-vars/cut_lemma_01_012.smt2.slack.smt2,unsat,0.010059356689453125
/20180326-Bromberger/more_slacked/cut_lemmas/15-vars/cut_lemma_03_002.smt2.slack.smt2,failed,1200.0
/20180326-Bromberger/more_slacked/cut_lemmas/15-vars/cut_lemma_03_006.smt2.slack.smt2,failed,1200.0
/20180326-Bromberger/more_slacked/cut_lemmas/15-vars/cut_lemma_03_014.smt2.slack.smt2,unsat,65.9399402141571
/20180326-Bromberger/more_slacked/cut_lemmas/15-vars/cut_lemma_01_004.smt2.slack.smt2,failed,1200.0
/20180326-Bromberger/more_slacked/cut_lemmas/15-vars/cut_lemma_02_002.smt2.slack.smt2,unsat,0.00709080696105957
/20180326-Bromberger/more_slacked/cut_lemmas/15-vars/cut_lemma_03_008.smt2.slack.smt2,unsat,0.010590791702270508
/20180326-Bromberger/more_slacked/cut_lemmas/15-vars/cut_lemma_01_006.smt2.slack.smt2,failed,1200.0
/20180326-Bromberger/more_slacked/cut_lemmas/15-vars/cut_lemma_03_003.smt2.slack.smt2,unsat,387.732
/20180326-Bromberger/more_slacked/cut_lemmas/15-vars/cut_lemma_01_001.smt2.slack.smt2,failed,1200.0
/20180326-Bromberger/more_slacked/cut_lemmas/15-vars/cut_lemma_02_003.smt2.slack.smt2,failed,1200.0
/20180326-Bromberger/more_slacked/cut_lemmas/15-vars/cut_lemma_03_011.smt2.slack.smt2,failed,1200.0
/20180326-Bromberger/more_slacked/cut_lemmas/15-vars/cut_lemma_03_004.smt2.slack.smt2,unsat,0.00924372673034668
/20180326-Bromberger/more_slacked/cut_lemmas/15-vars/cut_lemma_02_004.smt2.slack.smt2,unsat,0.014491081237792969
/20180326-Bromberger/more_slacked/cut_lemmas/15-vars/cut_lemma_01_003.smt2.slack.smt2,unsat,0.4374537467956543
/20180326-Bromberger/more_slacked/cut_lemmas/15-vars/cut_lemma_01_007.smt2.slack.smt2,failed,1200.0
/20180326-Bromberger/more_slacked/cut_lemmas/15-vars/cut_lemma_02_006.smt2.slack.smt2,failed,1200.0
/20180326-Bromberger/more_slacked/cut_lemmas/15-vars/cut_lemma_02_005.smt2.slack.smt2,unsat,0.008800506591796875
/20180326-Bromberger/more_slacked/cut_lemmas/15-vars/cut_lemma_01_002.smt2.slack.smt2,failed,1200.0
/20180326-Bromberger/more_slacked/cut_lemmas/15-vars/cut_lemma_03_012.smt2.slack.smt2,failed,1200.0
/20180326-Bromberger/more_slacked/cut_lemmas/15-vars/cut_lemma_03_013.smt2.slack.smt2,unsat,0.008436441421508789
/20180326-Bromberger/more_slacked/cut_lemmas/15-vars/cut_lemma_01_005.smt2.slack.smt2,failed,1200.0
/20180326-Bromberger/more_slacked/cut_lemmas/15-vars/cut_lemma_03_007.smt2.slack.smt2,unsat,78.77468848228455
/20180326-Bromberger/more_slacked/cut_lemmas/15-vars/cut_lemma_01_010.smt2.slack.smt2,failed,1200.0
/20180326-Bromberger/more_slacked/cut_lemmas/15-vars/cut_lemma_01_009.smt2.slack.smt2,failed,1200.0
/20180326-Bromberger/more_slacked/cut_lemmas/15-vars/cut_lemma_02_008.smt2.slack.smt2,failed,1200.0
/20180326-Bromberger/more_slacked/cut_lemmas/15-vars/cut_lemma_01_011.smt2.slack.smt2,failed,1200.0
/20180326-Bromberger/more_slacked/cut_lemmas/15-vars/cut_lemma_03_001.smt2.slack.smt2,unsat,0.010331392288208008
/20180326-Bromberger/more_slacked/cut_lemmas/15-vars/cut_lemma_03_010.smt2.slack.smt2,unsat,83.94797396659851
/20180326-Bromberger/more_slacked/cut_lemmas/15-vars/cut_lemma_01_014.smt2.slack.smt2,failed,1200.0
/20180326-Bromberger/more_slacked/cut_lemmas/15-vars/cut_lemma_01_013.smt2.slack.smt2,failed,1200.0
/2019-ezsmt/routingMax/SCC/p50.56.smt2,sat,110.616
/2019-ezsmt/routingMin/SCC/d40.5.smt2,sat,0.08632683753967285
/2019-ezsmt/routingMin/SCC/d80.3.smt2,sat,0.11327815055847168
/2019-ezsmt/routingMin/SCC/d90.7.smt2,sat,0.06952428817749023
/2019-ezsmt/routingMin/SCC/d70.3.smt2,sat,0.05946755409240723
/2019-ezsmt/routingMin/SCC/d130.1.smt2,sat,0.07119488716125488
/2019-ezsmt/routingMin/SCC/d60.2.smt2,sat,0.16068196296691895
/2019-ezsmt/routingMin/SCC/d120.7.smt2,sat,0.0753624439239502
/2019-ezsmt/routingMin/SCC/d50.9.smt2,sat,0.15643072128295898
/2019-ezsmt/routingMin/SCC/d100.1.smt2,sat,0.06558632850646973
/2019-ezsmt/routingMin/SCC/d110.6.smt2,sat,0.125319242477417
/2019-ezsmt/travellingSalesperson/SCC/tsp_rand_70_300_1155482584_5.lp.smt2,sat,21.8
/2019-ezsmt/travellingSalesperson/SCC/rand_70_300_1155482584_7.lp.smt2,sat,106.191
/2019-ezsmt/travellingSalesperson/SCC/dom_rand_70_300_1155482584_3.lp.smt2,sat,14.371
/2019-ezsmt/travellingSalesperson/SCC/rand_70_300_1155482584_12.lp.smt2,sat,4.0535736083984375
/2019-ezsmt/travellingSalesperson/SCC/rand_70_300_1155482584_3.lp.smt2,sat,5.075
/2019-ezsmt/travellingSalesperson/SCC/rand_80_340_1159656267_10.lp.smt2,sat,141.653
/2019-ezsmt/travellingSalesperson/SCC/rand_70_300_1155482584_5.lp.smt2,sat,16.650568962097168
/2019-ezsmt/travellingSalesperson/SCC/rand_80_340_1159656267_11.lp.smt2,sat,22.311
/2019-ezsmt/travellingSalesperson/SCC/tsp_rand_70_300_1155482584_12.lp.smt2,sat,7.0612404346466064
/2019-ezsmt/travellingSalesperson/SCC/rand_70_300_1155482584_4.lp.smt2,sat,5.3333024978637695
/2019-ezsmt/travellingSalesperson/SCC/rand_80_340_1159656267_16.lp.smt2,sat,89.17
/2019-ezsmt/travellingSalesperson/SCC/rand_80_340_1159656267_13.lp.smt2,sat,137.08
/2019-ezsmt/travellingSalesperson/SCC/tsp_rand_70_300_1155482584_0.lp.smt2,sat,3.8610284328460693
/2019-ezsmt/travellingSalesperson/SCC/rand_80_340_1159656267_6.lp.smt2,sat,306.067
/2019-ezsmt/travellingSalesperson/SCC/tsp_rand_70_300_1155482584_14.lp.smt2,sat,193.681
/2019-ezsmt/travellingSalesperson/SCC/rand_80_340_1159656267_15.lp.smt2,sat,169.146
/2019-ezsmt/travellingSalesperson/SCC/tsp_rand_70_300_1155482584_11.lp.smt2,sat,17.288734436035156
/2019-ezsmt/travellingSalesperson/SCC/rand_70_300_1155482584_14.lp.smt2,sat,24.11961317062378
/2019-ezsmt/travellingSalesperson/SCC/rand_70_300_1155482584_11.lp.smt2,sat,3.8624231815338135
/2019-ezsmt/travellingSalesperson/SCC/tsp_rand_70_300_1155482584_8.lp.smt2,sat,5.660190582275391
/2019-ezsmt/travellingSalesperson/SCC/tsp_rand_70_300_1155482584_7.lp.smt2,sat,46.756
/2019-ezsmt/travellingSalesperson/SCC/rand_70_300_1155482584_9.lp.smt2,sat,7.2772111892700195
/2019-ezsmt/travellingSalesperson/SCC/tsp_rand_70_300_1155482584_9.lp.smt2,sat,19.951
/2019-ezsmt/travellingSalesperson/SCC/rand_80_340_1159656267_17.lp.smt2,sat,27.439913988113403
/2019-ezsmt/travellingSalesperson/SCC/rand_70_300_1155482584_0.lp.smt2,sat,15.122
/2019-ezsmt/travellingSalesperson/SCC/rand_80_340_1159656267_0.lp.smt2,sat,16.63159990310669
/2019-ezsmt/travellingSalesperson/SCC/rand_70_300_1155482584_8.lp.smt2,sat,12.028815746307373
/2019-ezsmt/travellingSalesperson/SCC/rand_80_340_1159656267_4.lp.smt2,sat,148.037
/2019-ezsmt/travellingSalesperson/SCC/rand_80_340_1159656267_18.lp.smt2,sat,131.998
/2019-ezsmt/travellingSalesperson/SCC/tsp_rand_70_300_1155482584_4.lp.smt2,sat,186.316
/2019-ezsmt/incrementalScheduling/383-incremental_scheduling-75000-0.smt2,failed,1200.0
/2019-ezsmt/incrementalScheduling/141-incremental_scheduling-17280-0.smt2,sat,2.2975876331329346
/2019-ezsmt/incrementalScheduling/379-incremental_scheduling-78325-0.smt2,unsat,0.07126688957214355
/2019-ezsmt/incrementalScheduling/219-incremental_scheduling-28080-0.smt2,sat,1.2054622173309326
/2019-ezsmt/incrementalScheduling/115-incremental_scheduling-17280-0.smt2,sat,0.5043222904205322
/2019-ezsmt/incrementalScheduling/064-incremental_scheduling-15092-0.smt2,unsat,23.986
/2019-ezsmt/incrementalScheduling/102-incremental_scheduling-18468-0.smt2,unsat,0.25979113578796387
/2019-ezsmt/incrementalScheduling/214-incremental_scheduling-27000-0.smt2,sat,65.64875173568726
/2019-ezsmt/incrementalScheduling/090-incremental_scheduling-15444-0.smt2,unsat,0.07085704803466797
/2019-ezsmt/incrementalScheduling/105-incremental_scheduling-17280-0.smt2,sat,1.2507078647613525
/2019-ezsmt/incrementalScheduling/329-incremental_scheduling-50260-0.smt2,unsat,0.04863786697387695
/2019-ezsmt/incrementalScheduling/182-incremental_scheduling-17280-0.smt2,sat,16.719
/2019-ezsmt/incrementalScheduling/099-incremental_scheduling-15631-0.smt2,unsat,0.1237955093383789
/2019-ezsmt/incrementalScheduling/251-incremental_scheduling-40518-0.smt2,unsat,0.04140472412109375
/2019-ezsmt/incrementalScheduling/305-incremental_scheduling-50100-0.smt2,unsat,0.04957461357116699
/2019-ezsmt/incrementalScheduling/295-incremental_scheduling-40626-0.smt2,failed,1200.0
/2019-ezsmt/incrementalScheduling/165-incremental_scheduling-18180-0.smt2,unsat,0.44446349143981934
/2019-ezsmt/incrementalScheduling/170-incremental_scheduling-18108-0.smt2,unsat,0.10636281967163086
/2019-ezsmt/incrementalScheduling/241-incremental_scheduling-28320-0.smt2,unsat,0.18148088455200195
/2019-ezsmt/incrementalScheduling/298-incremental_scheduling-40824-0.smt2,unsat,0.044646501541137695
/2019-ezsmt/incrementalScheduling/359-incremental_scheduling-75000-0.smt2,failed,1200.0
/2019-ezsmt/incrementalScheduling/135-incremental_scheduling-17280-0.smt2,sat,0.7714354991912842
/2019-ezsmt/incrementalScheduling/153-incremental_scheduling-17280-0.smt2,sat,0.5051007270812988
/2019-ezsmt/incrementalScheduling/140-incremental_scheduling-18576-0.smt2,sat,688.896
/2019-ezsmt/incrementalScheduling/360-incremental_scheduling-75000-0.smt2,failed,1200.0
/2019-ezsmt/incrementalScheduling/264-incremental_scheduling-40968-0.smt2,unsat,0.0453951358795166
/2019-ezsmt/incrementalScheduling/332-incremental_scheduling-50480-0.smt2,unsat,0.0518946647644043
/2019-ezsmt/incrementalScheduling/138-incremental_scheduling-17280-0.smt2,sat,0.26538562774658203
/2019-ezsmt/incrementalScheduling/289-incremental_scheduling-38880-0.smt2,failed,1200.0
/2019-ezsmt/incrementalScheduling/258-incremental_scheduling-40698-0.smt2,unsat,26.59749746322632
/2019-ezsmt/weightedSequence/29-treeWeight-431-8leaves.smt2,sat,0.2267611026763916
/2019-ezsmt/weightedSequence/28-treeWeight-411-8leaves.smt2,sat,0.13685369491577148
/2019-ezsmt/weightedSequence/03-treeWeight-679-8leaves.smt2,sat,0.4114086627960205
/2019-ezsmt/weightedSequence/08-treeWeight-591-8leaves.smt2,sat,0.10370182991027832
/2019-ezsmt/weightedSequence/01-treeWeight-495-8leaves.smt2,sat,0.44631004333496094
/2019-ezsmt/weightedSequence/22-treeWeight-641-8leaves.smt2,sat,0.2913687229156494
/2019-ezsmt/weightedSequence/09-treeWeight-729-8leaves.smt2,sat,0.33507728576660156
/2019-ezsmt/weightedSequence/15-treeWeight-228-8leaves.smt2,sat,0.31742191314697266
/2019-ezsmt/weightedSequence/07-treeWeight-569-8leaves.smt2,sat,0.16623282432556152
/2019-ezsmt/weightedSequence/11-treeWeight-302-8leaves.smt2,sat,0.31670570373535156
/2019-ezsmt/weightedSequence/30-treeWeight-486-8leaves.smt2,sat,0.06553459167480469
/2019-ezsmt/weightedSequence/02-treeWeight-570-8leaves.smt2,sat,0.4070878028869629
/2019-ezsmt/weightedSequence/17-treeWeight-351-8leaves.smt2,sat,0.23309755325317383
/2019-ezsmt/weightedSequence/10-treeWeight-445-8leaves.smt2,sat,0.25887465476989746
/2019-ezsmt/weightedSequence/26-treeWeight-528-8leaves.smt2,sat,0.2759416103363037
/2019-ezsmt/weightedSequence/27-treeWeight-542-8leaves.smt2,sat,0.25453662872314453
/2019-ezsmt/weightedSequence/24-treeWeight-533-8leaves.smt2,sat,0.38675570487976074
/2019-ezsmt/weightedSequence/23-treeWeight-542-8leaves.smt2,sat,0.41672444343566895
/2019-ezsmt/weightedSequence/04-treeWeight-560-8leaves.smt2,sat,0.06432247161865234
/2019-ezsmt/weightedSequence/06-treeWeight-739-8leaves.smt2,sat,0.11383605003356934
/2019-ezsmt/weightedSequence/12-treeWeight-651-8leaves.smt2,sat,0.42331719398498535
/2019-ezsmt/weightedSequence/16-treeWeight-281-8leaves.smt2,sat,0.23598456382751465
/2019-ezsmt/weightedSequence/20-treeWeight-544-8leaves.smt2,sat,0.26593613624572754
/2019-ezsmt/weightedSequence/14-treeWeight-537-8leaves.smt2,sat,0.3803427219390869
/2019-ezsmt/weightedSequence/19-treeWeight-772-8leaves.smt2,sat,0.11747455596923828
/2019-ezsmt/weightedSequence/05-treeWeight-497-8leaves.smt2,sat,0.1138300895690918
/2019-ezsmt/weightedSequence/13-treeWeight-513-8leaves.smt2,sat,0.40839052200317383
/2019-ezsmt/weightedSequence/21-treeWeight-714-8leaves.smt2,sat,0.294269323348999
/2019-ezsmt/weightedSequence/25-treeWeight-539-8leaves.smt2,sat,0.19517850875854492
/2019-ezsmt/weightedSequence/18-treeWeight-375-8leaves.smt2,sat,0.3412189483642578
/2019-ezsmt/Labyrinth/SCC/0143-labyrinth-14-0.smt2,failed,1200.0
/2019-ezsmt/Labyrinth/SCC/0051-labyrinth-12-0.smt2,failed,1200.0
/2019-ezsmt/Labyrinth/SCC/0084-labyrinth-17-0.smt2,failed,1200.0
/2019-ezsmt/Labyrinth/SCC/0003-labyrinth-11-0.smt2,failed,1200.0
/2019-ezsmt/Labyrinth/SCC/0092-labyrinth-17-0.smt2,failed,1200.0
/2019-ezsmt/Labyrinth/SCC/0110-labyrinth-16-0.smt2,failed,1200.0
/2019-ezsmt/Labyrinth/SCC/0198-labyrinth-19-0.smt2,failed,1200.0
/2019-ezsmt/Labyrinth/SCC/0075-labyrinth-13-0.smt2,failed,1200.0
/2019-ezsmt/Labyrinth/SCC/0036-labyrinth-17-0.smt2,failed,1200.0
/2019-ezsmt/Labyrinth/SCC/0043-labyrinth-13-0.smt2,failed,1200.0
/2019-ezsmt/Labyrinth/SCC/0100-labyrinth-17-0.smt2,failed,1200.0
/2019-ezsmt/Labyrinth/SCC/0018-labyrinth-11-0.smt2,failed,1200.0
/2019-ezsmt/Labyrinth/SCC/0206-labyrinth-20-0.smt2,failed,1200.0
/2019-ezsmt/Labyrinth/SCC/0150-labyrinth-16-0.smt2,failed,1200.0
/2019-ezsmt/Labyrinth/SCC/0159-labyrinth-20-0.smt2,failed,1200.0
/2019-ezsmt/Labyrinth/SCC/0165-labyrinth-13-0.smt2,failed,1200.0
/2019-ezsmt/Labyrinth/SCC/0011-labyrinth-12-0.smt2,failed,1200.0
/2019-ezsmt/Labyrinth/SCC/0067-labyrinth-18-0.smt2,failed,1200.0
/2019-ezsmt/Labyrinth/SCC/0059-labyrinth-13-0.smt2,failed,1200.0
/2019-ezsmt/Labyrinth/SCC/0028-labyrinth-12-0.smt2,failed,1200.0
/2019-ezsmt/Labyrinth/SCC/0132-labyrinth-12-0.smt2,failed,1200.0
/2019-ezsmt/Labyrinth/SCC/0175-labyrinth-15-0.smt2,failed,1200.0
/pb2010/normalized-j6027_4-unsat.smt2,unsat,0.15402603149414062
/pb2010/normalized-j12016_4-sat.smt2,failed,1200.0
/pb2010/normalized-j906_2-sat.smt2,failed,1200.0
/pb2010/normalized-j3020_1-sat.smt2,sat,105.69
/pb2010/normalized-j12041_4-unsat.smt2,failed,1200.0
/pb2010/normalized-j12032_8-unsat.smt2,failed,1200.0
/pb2010/normalized-j12034_4-sat.smt2,failed,1200.0
/pb2010/normalized-j9028_2-unsat.smt2,unsat,0.32985401153564453
/pb2010/normalized-j1208_10-unsat.smt2,failed,1200.0
/pb2010/normalized-j12021_4-sat.smt2,failed,1200.0
/pb2010/normalized-j9048_1-unsat.smt2,unsat,0.3513815402984619
/pb2010/normalized-j12013_1-unsat.smt2,unsat,0.6693692207336426
/pb2010/normalized-j6013_2-unsat.smt2,failed,1200.0
/pb2010/normalized-j6041_4-sat.smt2,failed,1200.0
/pb2010/normalized-j6035_10-sat.smt2,sat,240.2108678817749
/pb2010/normalized-j12033_3-sat.smt2,failed,1200.0
/pb2010/normalized-j309_10-unsat.smt2,failed,1200.0
/pb2010/normalized-j6010_2-unsat.smt2,unsat,0.13671374320983887
/pb2010/normalized-j602_7-unsat.smt2,unsat,2.255124807357788
/pb2010/normalized-j12037_7-sat.smt2,failed,1200.0
/pb2010/normalized-j12056_10-unsat.smt2,failed,1200.0
/pb2010/normalized-j605_1-unsat.smt2,failed,1200.0
/pb2010/normalized-j12027_7-unsat.smt2,failed,1200.0
/pb2010/normalized-j301_4-unsat.smt2,unsat,1001.5
/pb2010/normalized-j9015_10-unsat.smt2,unsat,0.30599308013916016
/pb2010/normalized-j308_6-sat.smt2,sat,214.79
/pb2010/normalized-j12047_10-unsat.smt2,failed,1200.0
/pb2010/normalized-j3025_7-sat.smt2,failed,1200.0
/pb2010/normalized-j1205_1-unsat.smt2,unsat,0.5286366939544678
/pb2010/normalized-j1209_4-sat.smt2,failed,1200.0
/pb2010/normalized-1096.cudf.paranoid.smt2,sat,0.002
/pb2010/normalized-j6015_4-sat.smt2,failed,1200.0
/pb2010/normalized-j12015_3-unsat.smt2,unsat,0.48922038078308105
/pb2010/normalized-j3025_1-sat.smt2,failed,1200.0
/pb2010/normalized-j3029_6-sat.smt2,failed,1200.0
/pb2010/normalized-j6022_1-sat.smt2,failed,1200.0
/pb2010/normalized-j308_1-unsat.smt2,unsat,0.057279348373413086
/pb2010/normalized-j3027_8-sat.smt2,sat,424.46847915649414
/pb2010/normalized-j12038_8-unsat.smt2,failed,1200.0
/pb2010/normalized-j1203_2-sat.smt2,failed,1200.0
/pb2010/normalized-j9035_5-sat.smt2,failed,1200.0
/pb2010/normalized-j12023_3-unsat.smt2,unsat,0.5468935966491699
/pb2010/normalized-j6030_9-unsat.smt2,unsat,0.27417683601379395
/pb2010/normalized-j907_8-unsat.smt2,unsat,0.23973536491394043
/pb2010/normalized-j9027_5-sat.smt2,failed,1200.0
/pb2010/normalized-j12032_3-unsat.smt2,failed,1200.0
/pb2010/normalized-j605_7-sat.smt2,failed,1200.0
/pb2010/normalized-j9042_5-sat.smt2,failed,1200.0
/pb2010/normalized-j12026_5-unsat.smt2,failed,1200.0
/pb2010/normalized-j9043_2-sat.smt2,failed,1200.0
/pb2010/normalized-j12036_3-sat.smt2,failed,1200.0
/pb2010/normalized-j9014_1-unsat.smt2,unsat,0.32552480697631836
/pb2010/normalized-j605_10-unsat.smt2,failed,1200.0
/pb2010/normalized-j9010_8-sat.smt2,failed,1200.0
/pb2010/normalized-j9035_1-unsat.smt2,unsat,21.162
/pb2010/normalized-j6048_4-sat.smt2,sat,279.40028047561646
/pb2010/normalized-j309_9-sat.smt2,failed,1200.0
/pb2010/normalized-j3037_5-sat.smt2,failed,1200.0
/pb2010/normalized-j6040_1-sat.smt2,sat,11.916489124298096
/pb2010/normalized-j9010_6-unsat.smt2,unsat,0.3356821537017822
/pb2010/normalized-j3029_8-unsat.smt2,failed,1200.0
/pb2010/normalized-j903_10-unsat.smt2,unsat,0.2660102844238281
/pb2010/normalized-j12045_10-sat.smt2,failed,1200.0
/pb2010/normalized-j603_2-unsat.smt2,unsat,0.16463994979858398
/pb2010/normalized-j9012_2-unsat.smt2,unsat,0.2804543972015381
/pb2010/normalized-j12058_4-sat.smt2,failed,1200.0
/pb2010/normalized-j6033_2-unsat.smt2,unsat,0.2792928218841553
/pb2010/normalized-j9012_5-sat.smt2,sat,860.6135532855988
/pb2010/normalized-j3031_7-sat.smt2,sat,157.92004346847534
/pb2010/normalized-j9039_3-unsat.smt2,unsat,0.35751891136169434
/pb2010/normalized-j606_1-unsat.smt2,unsat,0.14294648170471191
/pb2010/normalized-j3046_4-unsat.smt2,unsat,519.486606836319
/pb2010/normalized-j12036_4-sat.smt2,failed,1200.0
/pb2010/normalized-j3024_4-sat.smt2,sat,20.42684316635132
/pb2010/normalized-j3041_4-unsat.smt2,failed,1200.0
/pb2010/normalized-j3048_8-sat.smt2,sat,1.0216856002807617
/pb2010/normalized-j12010_10-sat.smt2,failed,1200.0
/pb2010/normalized-j12022_9-sat.smt2,failed,1200.0
/pb2010/normalized-j12052_5-unsat.smt2,failed,1200.0
/pb2010/normalized-j6018_3-sat.smt2,failed,1200.0
/pb2010/normalized-j1201_5-sat.smt2,failed,1200.0
/RWS/Example_19.txt.smt2,failed,1200.0
/RWS/Example_14.txt.smt2,sat,0.9339075088500977
/RWS/Example_8.txt.smt2,sat,1.3547892570495605
/RWS/Example_10.txt.smt2,sat,43.14550471305847
/RWS/Example_16.txt.smt2,sat,6.759209156036377
/RWS/Example_12.txt.smt2,sat,12.929
/RWS/Example_2.txt.smt2,sat,0.19871211051940918
/RWS/Example_13.txt.smt2,sat,5.491053819656372
/RWS/Example_1.txt.smt2,sat,0.17715191841125488
/RWS/Example_7.txt.smt2,failed,1200.0
/RWS/Example_6.txt.smt2,sat,0.10152912139892578
/RWS/Example_5.txt.smt2,sat,0.17089366912841797
/RWS/Example_9.txt.smt2,failed,1200.0
/RWS/Example_11.txt.smt2,sat,1032.438
/RWS/Example_18.txt.smt2,failed,1200.0
/RWS/Example_3.txt.smt2,sat,2.0427114963531494
/RWS/Example_4.txt.smt2,sat,0.4417610168457031
/RWS/Example_17.txt.smt2,sat,5.553926706314087
/RWS/Example_20.txt.smt2,failed,1200.0
/RWS/Example_15.txt.smt2,failed,1200.0
/20220307-SMPT/MAPK-PT-00640/RC-02.smt2,sat,0.010201454162597656
/20220307-SMPT/MAPK-PT-00640/RF-12.smt2,sat,0.008639335632324219
/20220307-SMPT/MAPK-PT-00640/RC-03.smt2,sat,0.01002359390258789
/20220307-SMPT/MAPK-PT-00640/RF-02.smt2,sat,0.009589910507202148
/20220307-SMPT/MAPK-PT-00640/RC-11.smt2,unsat,0.010245561599731445
/20220307-SMPT/MAPK-PT-00640/RF-03.smt2,sat,0.008974552154541016
/20220307-SMPT/MAPK-PT-00640/RC-01.smt2,sat,0.009601593017578125
/20220307-SMPT/MAPK-PT-00640/RF-00.smt2,sat,0.008139848709106445
/20220307-SMPT/MAPK-PT-00640/RC-04.smt2,sat,0.009899616241455078
/20220307-SMPT/MAPK-PT-00640/RF-11.smt2,unsat,0.007016420364379883
/20220307-SMPT/MAPK-PT-00640/RC-13.smt2,sat,0.008359432220458984
/20220307-SMPT/MAPK-PT-00640/RC-06.smt2,sat,0.009341239929199219
/20220307-SMPT/MAPK-PT-00640/RC-14.smt2,sat,0.009902715682983398
/20220307-SMPT/MAPK-PT-00640/RC-10.smt2,sat,0.009771108627319336
/20220307-SMPT/MAPK-PT-00640/RF-04.smt2,sat,0.008256673812866211
/20220307-SMPT/MAPK-PT-00640/RF-01.smt2,sat,0.011039495468139648
/20220307-SMPT/MAPK-PT-00640/RF-13.smt2,sat,0.010076284408569336
/20220307-SMPT/MAPK-PT-00640/RC-05.smt2,unsat,0.006994962692260742
/20220307-SMPT/MAPK-PT-00640/RC-00.smt2,sat,0.009486198425292969
/20220307-SMPT/MAPK-PT-00640/RF-07.smt2,sat,0.0095977783203125
/20220307-SMPT/MAPK-PT-00640/RF-10.smt2,sat,0.008520126342773438
/20220307-SMPT/MAPK-PT-00640/RF-08.smt2,sat,0.010416269302368164
/20220307-SMPT/MAPK-PT-00640/RC-08.smt2,sat,0.008812904357910156
/20220307-SMPT/MAPK-PT-00640/RF-15.smt2,sat,0.01824212074279785
/20220307-SMPT/MAPK-PT-00640/RF-09.smt2,unsat,0.009196996688842773
/20220307-SMPT/MAPK-PT-00640/RC-07.smt2,sat,0.008694887161254883
/20220307-SMPT/MAPK-PT-00640/RF-06.smt2,sat,0.00990915298461914
/20220307-SMPT/MAPK-PT-00640/RC-09.smt2,sat,0.008634090423583984
/20220307-SMPT/MAPK-PT-00640/RC-15.smt2,sat,0.010422229766845703
/20220307-SMPT/MAPK-PT-00640/RC-12.smt2,sat,0.009588479995727539
/20220307-SMPT/MAPK-PT-00640/RF-14.smt2,sat,0.009207010269165039
/20220307-SMPT/HypertorusGrid-PT-d2k1p8b00/RC-02.smt2,sat,0.007419586181640625
/20220307-SMPT/HypertorusGrid-PT-d2k1p8b00/RF-12.smt2,unsat,0.006
/20220307-SMPT/HypertorusGrid-PT-d2k1p8b00/RC-03.smt2,sat,0.007852792739868164
/20220307-SMPT/HypertorusGrid-PT-d2k1p8b00/RF-02.smt2,unsat,0.005
/20220307-SMPT/HypertorusGrid-PT-d2k1p8b00/RC-11.smt2,unsat,0.006
/20220307-SMPT/HypertorusGrid-PT-d2k1p8b00/RF-03.smt2,unsat,0.007472515106201172
/20220307-SMPT/HypertorusGrid-PT-d2k1p8b00/RC-01.smt2,sat,0.00674748420715332
/20220307-SMPT/HypertorusGrid-PT-d2k1p8b00/RF-00.smt2,sat,0.012
/20220307-SMPT/HypertorusGrid-PT-d2k1p8b00/RC-04.smt2,sat,0.007236957550048828
/20220307-SMPT/HypertorusGrid-PT-d2k1p8b00/RF-11.smt2,unsat,0.005
/20220307-SMPT/HypertorusGrid-PT-d2k1p8b00/RC-13.smt2,unsat,0.008699178695678711
/20220307-SMPT/HypertorusGrid-PT-d2k1p8b00/RC-06.smt2,unsat,0.006457328796386719
/20220307-SMPT/HypertorusGrid-PT-d2k1p8b00/RC-14.smt2,sat,0.005749702453613281
/20220307-SMPT/HypertorusGrid-PT-d2k1p8b00/RC-10.smt2,sat,0.0075130462646484375
/20220307-SMPT/HypertorusGrid-PT-d2k1p8b00/RF-04.smt2,unsat,0.008234500885009766
/20220307-SMPT/HypertorusGrid-PT-d2k1p8b00/RF-01.smt2,unsat,0.008499383926391602
/20220307-SMPT/HypertorusGrid-PT-d2k1p8b00/RF-13.smt2,unsat,0.00474858283996582
/20220307-SMPT/HypertorusGrid-PT-d2k1p8b00/RC-05.smt2,sat,0.008075714111328125
/20220307-SMPT/HypertorusGrid-PT-d2k1p8b00/RC-00.smt2,sat,0.007664918899536133
/20220307-SMPT/HypertorusGrid-PT-d2k1p8b00/RF-05.smt2,unsat,0.005
/20220307-SMPT/HypertorusGrid-PT-d2k1p8b00/RF-07.smt2,unsat,0.005
/20220307-SMPT/HypertorusGrid-PT-d2k1p8b00/RF-10.smt2,unsat,0.005
/20220307-SMPT/HypertorusGrid-PT-d2k1p8b00/RF-08.smt2,unsat,0.006
/20220307-SMPT/HypertorusGrid-PT-d2k1p8b00/RC-08.smt2,unsat,0.005
/20220307-SMPT/HypertorusGrid-PT-d2k1p8b00/RF-15.smt2,unsat,0.005
/20220307-SMPT/HypertorusGrid-PT-d2k1p8b00/RF-09.smt2,unsat,0.005
/20220307-SMPT/HypertorusGrid-PT-d2k1p8b00/RC-07.smt2,unsat,0.008425712585449219
/20220307-SMPT/HypertorusGrid-PT-d2k1p8b00/RF-06.smt2,unsat,0.00842595100402832
/20220307-SMPT/HypertorusGrid-PT-d2k1p8b00/RC-09.smt2,sat,0.006847858428955078
/20220307-SMPT/HypertorusGrid-PT-d2k1p8b00/RC-15.smt2,sat,0.009627580642700195
/20220307-SMPT/HypertorusGrid-PT-d2k1p8b00/RC-12.smt2,sat,0.0077800750732421875
/20220307-SMPT/HypertorusGrid-PT-d2k1p8b00/RF-14.smt2,unsat,0.005
/20220307-SMPT/NeighborGrid-PT-d2n3m1t12/RC-02.smt2,unsat,0.004
/20220307-SMPT/NeighborGrid-PT-d2n3m1t12/RF-12.smt2,unsat,0.004
/20220307-SMPT/NeighborGrid-PT-d2n3m1t12/RC-03.smt2,unsat,0.004
/20220307-SMPT/NeighborGrid-PT-d2n3m1t12/RF-02.smt2,unsat,0.003
/20220307-SMPT/NeighborGrid-PT-d2n3m1t12/RC-11.smt2,unsat,0.004
/20220307-SMPT/NeighborGrid-PT-d2n3m1t12/RF-03.smt2,unsat,0.004
/20220307-SMPT/NeighborGrid-PT-d2n3m1t12/RC-01.smt2,unsat,0.005
/20220307-SMPT/NeighborGrid-PT-d2n3m1t12/RF-00.smt2,unsat,0.004
/20220307-SMPT/NeighborGrid-PT-d2n3m1t12/RC-04.smt2,sat,0.0069735050201416016
/20220307-SMPT/NeighborGrid-PT-d2n3m1t12/RF-11.smt2,unsat,0.004
/20220307-SMPT/NeighborGrid-PT-d2n3m1t12/RC-13.smt2,unsat,0.005
/20220307-SMPT/NeighborGrid-PT-d2n3m1t12/RC-06.smt2,unsat,0.003
/20220307-SMPT/NeighborGrid-PT-d2n3m1t12/RC-14.smt2,sat,0.007
/20220307-SMPT/NeighborGrid-PT-d2n3m1t12/RC-10.smt2,unsat,0.005
/20220307-SMPT/NeighborGrid-PT-d2n3m1t12/RF-04.smt2,unsat,0.003
/20220307-SMPT/NeighborGrid-PT-d2n3m1t12/RF-01.smt2,sat,0.007
/20220307-SMPT/NeighborGrid-PT-d2n3m1t12/RF-13.smt2,unsat,0.004
/20220307-SMPT/NeighborGrid-PT-d2n3m1t12/RC-05.smt2,unsat,0.0064084529876708984
/20220307-SMPT/NeighborGrid-PT-d2n3m1t12/RC-00.smt2,unsat,0.004
/20220307-SMPT/NeighborGrid-PT-d2n3m1t12/RF-05.smt2,sat,0.005283355712890625
/20220307-SMPT/NeighborGrid-PT-d2n3m1t12/RF-07.smt2,sat,0.006658792495727539
/20220307-SMPT/NeighborGrid-PT-d2n3m1t12/RF-10.smt2,unsat,0.004
/20220307-SMPT/NeighborGrid-PT-d2n3m1t12/RF-08.smt2,sat,0.005892038345336914
/20220307-SMPT/NeighborGrid-PT-d2n3m1t12/RC-08.smt2,unsat,0.005
/20220307-SMPT/NeighborGrid-PT-d2n3m1t12/RF-15.smt2,sat,0.006073951721191406
/20220307-SMPT/NeighborGrid-PT-d2n3m1t12/RF-09.smt2,unsat,0.004
/20220307-SMPT/NeighborGrid-PT-d2n3m1t12/RC-07.smt2,unsat,0.003
/20220307-SMPT/NeighborGrid-PT-d2n3m1t12/RF-06.smt2,unsat,0.003
/20220307-SMPT/NeighborGrid-PT-d2n3m1t12/RC-09.smt2,unsat,0.004
/20220307-SMPT/NeighborGrid-PT-d2n3m1t12/RC-15.smt2,sat,0.007351875305175781
/20220307-SMPT/NeighborGrid-PT-d2n3m1t12/RC-12.smt2,sat,0.006669282913208008
/20220307-SMPT/NeighborGrid-PT-d2n3m1t12/RF-14.smt2,sat,0.006090641021728516
/20220307-SMPT/HouseConstruction-PT-00010/RC-02.smt2,sat,0.010143280029296875
/20220307-SMPT/HouseConstruction-PT-00010/RF-12.smt2,sat,0.010062694549560547
/20220307-SMPT/HouseConstruction-PT-00010/RC-03.smt2,sat,0.00975179672241211
/20220307-SMPT/HouseConstruction-PT-00010/RF-02.smt2,unsat,0.006806612014770508
/20220307-SMPT/HouseConstruction-PT-00010/RC-11.smt2,sat,0.009958267211914062
/20220307-SMPT/HouseConstruction-PT-00010/RF-03.smt2,sat,0.009163141250610352
/20220307-SMPT/HouseConstruction-PT-00010/RC-01.smt2,sat,0.00937795639038086
/20220307-SMPT/HouseConstruction-PT-00010/RF-00.smt2,sat,0.009107112884521484
/20220307-SMPT/HouseConstruction-PT-00010/RC-04.smt2,sat,0.009932756423950195
/20220307-SMPT/HouseConstruction-PT-00010/RF-11.smt2,sat,0.009018659591674805
/20220307-SMPT/HouseConstruction-PT-00010/RC-13.smt2,sat,0.009242773056030273
/20220307-SMPT/HouseConstruction-PT-00010/RC-06.smt2,sat,0.011209487915039062
/20220307-SMPT/HouseConstruction-PT-00010/RC-14.smt2,sat,0.007754325866699219
/20220307-SMPT/HouseConstruction-PT-00010/RC-10.smt2,sat,0.011561870574951172
/20220307-SMPT/HouseConstruction-PT-00010/RF-04.smt2,sat,0.008670568466186523
/20220307-SMPT/HouseConstruction-PT-00010/RF-01.smt2,sat,0.017
/20220307-SMPT/HouseConstruction-PT-00010/RF-13.smt2,unsat,0.005934000015258789
/20220307-SMPT/HouseConstruction-PT-00010/RC-05.smt2,unsat,0.009741783142089844
/20220307-SMPT/HouseConstruction-PT-00010/RC-00.smt2,sat,0.010066747665405273
/20220307-SMPT/HouseConstruction-PT-00010/RF-05.smt2,sat,0.010404348373413086
/20220307-SMPT/HouseConstruction-PT-00010/RF-07.smt2,unsat,0.006145954132080078
/20220307-SMPT/HouseConstruction-PT-00010/RF-10.smt2,sat,0.009002685546875
/20220307-SMPT/HouseConstruction-PT-00010/RF-08.smt2,sat,0.010041475296020508
/20220307-SMPT/HouseConstruction-PT-00010/RC-08.smt2,sat,0.011233329772949219
/20220307-SMPT/HouseConstruction-PT-00010/RF-15.smt2,sat,0.009935617446899414
/20220307-SMPT/HouseConstruction-PT-00010/RF-09.smt2,unsat,0.005414009094238281
/20220307-SMPT/HouseConstruction-PT-00010/RC-07.smt2,sat,0.011132955551147461
/20220307-SMPT/HouseConstruction-PT-00010/RF-06.smt2,sat,0.009021759033203125
/20220307-SMPT/HouseConstruction-PT-00010/RC-09.smt2,sat,0.011312007904052734
/20220307-SMPT/HouseConstruction-PT-00010/RC-15.smt2,sat,0.009426355361938477
/20220307-SMPT/HouseConstruction-PT-00010/RC-12.smt2,sat,0.009372472763061523
/20220307-SMPT/HouseConstruction-PT-00010/RF-14.smt2,sat,0.014977216720581055
/20220307-SMPT/Eratosthenes-PT-010/RC-02.smt2,sat,0.004
/20220307-SMPT/Eratosthenes-PT-010/RF-12.smt2,sat,0.003
/20220307-SMPT/Eratosthenes-PT-010/RC-03.smt2,sat,0.004
/20220307-SMPT/Eratosthenes-PT-010/RF-02.smt2,sat,0.003
/20220307-SMPT/Eratosthenes-PT-010/RC-11.smt2,unsat,0.004
/20220307-SMPT/Eratosthenes-PT-010/RF-03.smt2,sat,0.004
/20220307-SMPT/Eratosthenes-PT-010/RC-01.smt2,unsat,0.003
/20220307-SMPT/Eratosthenes-PT-010/RF-00.smt2,sat,0.004
/20220307-SMPT/Eratosthenes-PT-010/RC-04.smt2,sat,0.004
/20220307-SMPT/Eratosthenes-PT-010/RF-11.smt2,sat,0.003
/20220307-SMPT/Eratosthenes-PT-010/RC-13.smt2,sat,0.004
/20220307-SMPT/Eratosthenes-PT-010/RC-06.smt2,unsat,0.004
/20220307-SMPT/Eratosthenes-PT-010/RC-14.smt2,unsat,0.002
/20220307-SMPT/Eratosthenes-PT-010/RC-10.smt2,sat,0.004
/20220307-SMPT/Eratosthenes-PT-010/RF-04.smt2,sat,0.004
/20220307-SMPT/Eratosthenes-PT-010/RF-01.smt2,sat,0.004
/20220307-SMPT/Eratosthenes-PT-010/RF-13.smt2,sat,0.003
/20220307-SMPT/Eratosthenes-PT-010/RC-05.smt2,unsat,0.004
/20220307-SMPT/Eratosthenes-PT-010/RC-00.smt2,sat,0.004
/20220307-SMPT/Eratosthenes-PT-010/RF-05.smt2,sat,0.003
/20220307-SMPT/Eratosthenes-PT-010/RF-07.smt2,sat,0.003
/20220307-SMPT/Eratosthenes-PT-010/RF-10.smt2,sat,0.003
/20220307-SMPT/Eratosthenes-PT-010/RF-08.smt2,sat,0.003
/20220307-SMPT/Eratosthenes-PT-010/RC-08.smt2,sat,0.003
/20220307-SMPT/Eratosthenes-PT-010/RF-15.smt2,sat,0.004
/20220307-SMPT/Eratosthenes-PT-010/RF-09.smt2,sat,0.003
/20220307-SMPT/Eratosthenes-PT-010/RC-07.smt2,unsat,0.003
/20220307-SMPT/Eratosthenes-PT-010/RF-06.smt2,sat,0.004
/20220307-SMPT/Eratosthenes-PT-010/RC-09.smt2,sat,0.004
/20220307-SMPT/Eratosthenes-PT-010/RC-15.smt2,sat,0.004
/20220307-SMPT/Eratosthenes-PT-010/RC-12.smt2,sat,0.003
/20220307-SMPT/Eratosthenes-PT-010/RF-14.smt2,sat,0.003
/20220307-SMPT/Referendum-PT-020/RC-02.smt2,unsat,0.008511066436767578
/20220307-SMPT/Referendum-PT-020/RF-12.smt2,sat,0.010786056518554688
/20220307-SMPT/Referendum-PT-020/RC-03.smt2,unsat,0.01703619956970215
/20220307-SMPT/Referendum-PT-020/RF-02.smt2,sat,0.012883186340332031
/20220307-SMPT/Referendum-PT-020/RC-11.smt2,unsat,0.0109405517578125
/20220307-SMPT/Referendum-PT-020/RF-03.smt2,unsat,0.00946664810180664
/20220307-SMPT/Referendum-PT-020/RC-01.smt2,unsat,0.013617992401123047
/20220307-SMPT/Referendum-PT-020/RF-00.smt2,unsat,0.006827831268310547
/20220307-SMPT/Referendum-PT-020/RC-04.smt2,sat,0.0209958553314209
/20220307-SMPT/Referendum-PT-020/RF-11.smt2,sat,0.010102510452270508
/20220307-SMPT/Referendum-PT-020/RC-13.smt2,unsat,0.011470317840576172
/20220307-SMPT/Referendum-PT-020/RC-06.smt2,unsat,0.007462501525878906
/20220307-SMPT/Referendum-PT-020/RC-14.smt2,unsat,0.012107610702514648
/20220307-SMPT/Referendum-PT-020/RC-10.smt2,unsat,0.010792732238769531
/20220307-SMPT/Referendum-PT-020/RF-04.smt2,unsat,0.0071566104888916016
/20220307-SMPT/Referendum-PT-020/RF-01.smt2,unsat,0.008402347564697266
/20220307-SMPT/Referendum-PT-020/RF-13.smt2,sat,0.010603904724121094
/20220307-SMPT/Referendum-PT-020/RC-05.smt2,unsat,0.009568214416503906
/20220307-SMPT/Referendum-PT-020/RC-00.smt2,unsat,0.008628606796264648
/20220307-SMPT/Referendum-PT-020/RF-05.smt2,unsat,0.008255481719970703
/20220307-SMPT/Referendum-PT-020/RF-07.smt2,unsat,0.006614208221435547
/20220307-SMPT/Referendum-PT-020/RF-10.smt2,unsat,0.010268211364746094
/20220307-SMPT/Referendum-PT-020/RF-08.smt2,sat,0.010618925094604492
/20220307-SMPT/Referendum-PT-020/RC-08.smt2,unsat,0.010218143463134766
/20220307-SMPT/Referendum-PT-020/RF-15.smt2,sat,0.01105189323425293
/20220307-SMPT/Referendum-PT-020/RF-09.smt2,sat,0.01231694221496582
/20220307-SMPT/Referendum-PT-020/RC-07.smt2,unsat,0.013883352279663086
/20220307-SMPT/Referendum-PT-020/RF-06.smt2,unsat,0.013794183731079102
/20220307-SMPT/Referendum-PT-020/RC-09.smt2,unsat,0.010043144226074219
/20220307-SMPT/Referendum-PT-020/RC-15.smt2,unsat,0.011551856994628906
/20220307-SMPT/Referendum-PT-020/RC-12.smt2,sat,0.01144266128540039
/20220307-SMPT/Referendum-PT-020/RF-14.smt2,sat,0.01078033447265625
/20220307-SMPT/BART-PT-050/RC-02.smt2,sat,1.0187487602233887
/20220307-SMPT/BART-PT-050/RF-12.smt2,sat,1.0488595962524414
/20220307-SMPT/BART-PT-050/RC-03.smt2,sat,1.1166584491729736
/20220307-SMPT/BART-PT-050/RF-02.smt2,sat,1.2050106525421143
/20220307-SMPT/BART-PT-050/RC-11.smt2,sat,1.0718672275543213
/20220307-SMPT/BART-PT-050/RF-03.smt2,sat,1.1299841403961182
/20220307-SMPT/BART-PT-050/RC-01.smt2,sat,1.0700063705444336
/20220307-SMPT/BART-PT-050/RF-00.smt2,sat,1.0805003643035889
/20220307-SMPT/BART-PT-050/RC-04.smt2,sat,1.1763134002685547
/20220307-SMPT/BART-PT-050/RF-11.smt2,sat,0.9909343719482422
/20220307-SMPT/BART-PT-050/RC-13.smt2,unsat,0.3576338291168213
/20220307-SMPT/BART-PT-050/RC-06.smt2,sat,1.1269183158874512
/20220307-SMPT/BART-PT-050/RC-14.smt2,sat,0.9790759086608887
/20220307-SMPT/BART-PT-050/RC-10.smt2,sat,1.3744070529937744
/20220307-SMPT/BART-PT-050/RF-04.smt2,sat,0.9485330581665039
/20220307-SMPT/BART-PT-050/RF-01.smt2,sat,1.1519758701324463
/20220307-SMPT/BART-PT-050/RF-13.smt2,sat,1.0627660751342773
/20220307-SMPT/BART-PT-050/RC-05.smt2,unsat,0.3231196403503418
/20220307-SMPT/BART-PT-050/RC-00.smt2,sat,1.3591866493225098
/20220307-SMPT/BART-PT-050/RF-05.smt2,sat,1.228529453277588
/20220307-SMPT/BART-PT-050/RF-07.smt2,sat,1.2315433025360107
/20220307-SMPT/BART-PT-050/RF-10.smt2,sat,1.285651445388794
/20220307-SMPT/BART-PT-050/RF-08.smt2,sat,1.2305986881256104
/20220307-SMPT/BART-PT-050/RC-08.smt2,sat,1.0735890865325928
/20220307-SMPT/BART-PT-050/RF-15.smt2,sat,1.2265584468841553
/20220307-SMPT/BART-PT-050/RF-09.smt2,sat,0.9045114517211914
/20220307-SMPT/BART-PT-050/RC-07.smt2,sat,1.2722008228302002
/20220307-SMPT/BART-PT-050/RF-06.smt2,sat,1.083796501159668
/20220307-SMPT/BART-PT-050/RC-09.smt2,unsat,0.308490514755249
/20220307-SMPT/BART-PT-050/RC-15.smt2,unsat,0.3015749454498291
/20220307-SMPT/BART-PT-050/RC-12.smt2,sat,1.2750515937805176
/20220307-SMPT/BART-PT-050/RF-14.smt2,sat,1.204211950302124
/20220307-SMPT/SmallOperatingSystem-PT-MT0064DC0016/RC-02.smt2,sat,0.006373882293701172
/20220307-SMPT/SmallOperatingSystem-PT-MT0064DC0016/RF-12.smt2,sat,0.006754875183105469
/20220307-SMPT/SmallOperatingSystem-PT-MT0064DC0016/RC-03.smt2,sat,0.007623195648193359
/20220307-SMPT/SmallOperatingSystem-PT-MT0064DC0016/RF-02.smt2,unsat,0.004
/20220307-SMPT/SmallOperatingSystem-PT-MT0064DC0016/RC-11.smt2,sat,0.0065882205963134766
/20220307-SMPT/SmallOperatingSystem-PT-MT0064DC0016/RF-03.smt2,unsat,0.005
/20220307-SMPT/SmallOperatingSystem-PT-MT0064DC0016/RC-01.smt2,sat,0.009
/20220307-SMPT/SmallOperatingSystem-PT-MT0064DC0016/RF-00.smt2,unsat,0.005
/20220307-SMPT/SmallOperatingSystem-PT-MT0064DC0016/RC-04.smt2,unsat,0.0053637027740478516
/20220307-SMPT/SmallOperatingSystem-PT-MT0064DC0016/RF-11.smt2,unsat,0.004901409149169922
/20220307-SMPT/SmallOperatingSystem-PT-MT0064DC0016/RC-13.smt2,sat,0.008002519607543945
/20220307-SMPT/SmallOperatingSystem-PT-MT0064DC0016/RC-06.smt2,unsat,0.006482362747192383
/20220307-SMPT/SmallOperatingSystem-PT-MT0064DC0016/RC-14.smt2,unsat,0.005912065505981445
/20220307-SMPT/SmallOperatingSystem-PT-MT0064DC0016/RC-10.smt2,sat,0.007
/20220307-SMPT/SmallOperatingSystem-PT-MT0064DC0016/RF-04.smt2,unsat,0.004
/20220307-SMPT/SmallOperatingSystem-PT-MT0064DC0016/RF-01.smt2,sat,0.008154153823852539
/20220307-SMPT/SmallOperatingSystem-PT-MT0064DC0016/RF-13.smt2,sat,0.006899118423461914
/20220307-SMPT/SmallOperatingSystem-PT-MT0064DC0016/RC-05.smt2,sat,0.007096052169799805
/20220307-SMPT/SmallOperatingSystem-PT-MT0064DC0016/RC-00.smt2,unsat,0.009
/20220307-SMPT/SmallOperatingSystem-PT-MT0064DC0016/RF-05.smt2,unsat,0.005
/20220307-SMPT/SmallOperatingSystem-PT-MT0064DC0016/RF-07.smt2,sat,0.007024288177490234
/20220307-SMPT/SmallOperatingSystem-PT-MT0064DC0016/RF-10.smt2,unsat,0.004
/20220307-SMPT/SmallOperatingSystem-PT-MT0064DC0016/RF-08.smt2,unsat,0.004
/20220307-SMPT/SmallOperatingSystem-PT-MT0064DC0016/RC-08.smt2,unsat,0.007976293563842773
/20220307-SMPT/SmallOperatingSystem-PT-MT0064DC0016/RF-15.smt2,unsat,0.004
/20220307-SMPT/SmallOperatingSystem-PT-MT0064DC0016/RF-09.smt2,unsat,0.004
/20220307-SMPT/SmallOperatingSystem-PT-MT0064DC0016/RC-07.smt2,sat,0.00772547721862793
/20220307-SMPT/SmallOperatingSystem-PT-MT0064DC0016/RF-06.smt2,unsat,0.004
/20220307-SMPT/SmallOperatingSystem-PT-MT0064DC0016/RC-09.smt2,unsat,0.004
/20220307-SMPT/SmallOperatingSystem-PT-MT0064DC0016/RC-15.smt2,sat,0.006609201431274414
/20220307-SMPT/SmallOperatingSystem-PT-MT0064DC0016/RC-12.smt2,unsat,0.007109642028808594
/20220307-SMPT/SmallOperatingSystem-PT-MT0064DC0016/RF-14.smt2,unsat,0.004
/20220307-SMPT/Diffusion2D-PT-D05N300/RC-02.smt2,sat,0.008057832717895508
/20220307-SMPT/Diffusion2D-PT-D05N300/RF-12.smt2,sat,0.008896827697753906
/20220307-SMPT/Diffusion2D-PT-D05N300/RC-03.smt2,sat,0.008454084396362305
/20220307-SMPT/Diffusion2D-PT-D05N300/RF-02.smt2,unsat,0.006787538528442383
/20220307-SMPT/Diffusion2D-PT-D05N300/RC-11.smt2,unsat,0.005801200866699219
/20220307-SMPT/Diffusion2D-PT-D05N300/RF-03.smt2,sat,0.007901906967163086
/20220307-SMPT/Diffusion2D-PT-D05N300/RC-01.smt2,unsat,0.0060482025146484375
/20220307-SMPT/Diffusion2D-PT-D05N300/RF-00.smt2,sat,0.008233785629272461
/20220307-SMPT/Diffusion2D-PT-D05N300/RC-04.smt2,sat,0.010553836822509766
/20220307-SMPT/Diffusion2D-PT-D05N300/RF-11.smt2,sat,0.008354425430297852
/20220307-SMPT/Diffusion2D-PT-D05N300/RC-13.smt2,sat,0.011154413223266602
/20220307-SMPT/Diffusion2D-PT-D05N300/RC-06.smt2,sat,0.008482933044433594
/20220307-SMPT/Diffusion2D-PT-D05N300/RC-14.smt2,sat,0.008505105972290039
/20220307-SMPT/Diffusion2D-PT-D05N300/RC-10.smt2,unsat,0.00681614875793457
/20220307-SMPT/Diffusion2D-PT-D05N300/RF-04.smt2,sat,0.00783991813659668
/20220307-SMPT/Diffusion2D-PT-D05N300/RF-01.smt2,sat,0.00937509536743164
/20220307-SMPT/Diffusion2D-PT-D05N300/RF-13.smt2,sat,0.008134126663208008
/20220307-SMPT/Diffusion2D-PT-D05N300/RC-05.smt2,unsat,0.007433176040649414
/20220307-SMPT/Diffusion2D-PT-D05N300/RC-00.smt2,sat,0.009280681610107422
/20220307-SMPT/Diffusion2D-PT-D05N300/RF-05.smt2,unsat,0.006777524948120117
/20220307-SMPT/Diffusion2D-PT-D05N300/RF-07.smt2,sat,0.009641885757446289
/20220307-SMPT/Diffusion2D-PT-D05N300/RF-10.smt2,sat,0.008737802505493164
/20220307-SMPT/Diffusion2D-PT-D05N300/RF-08.smt2,sat,0.007745027542114258
/20220307-SMPT/Diffusion2D-PT-D05N300/RC-08.smt2,sat,0.008725643157958984
/20220307-SMPT/Diffusion2D-PT-D05N300/RF-15.smt2,sat,0.009528636932373047
/20220307-SMPT/Diffusion2D-PT-D05N300/RF-09.smt2,sat,0.0075244903564453125
/20220307-SMPT/Diffusion2D-PT-D05N300/RC-07.smt2,sat,0.007912635803222656
/20220307-SMPT/Diffusion2D-PT-D05N300/RF-06.smt2,unsat,0.008
/20220307-SMPT/Diffusion2D-PT-D05N300/RC-09.smt2,sat,0.008147001266479492
/20220307-SMPT/Diffusion2D-PT-D05N300/RC-15.smt2,sat,0.007971763610839844
/20220307-SMPT/Diffusion2D-PT-D05N300/RC-12.smt2,sat,0.008778095245361328
/20220307-SMPT/Diffusion2D-PT-D05N300/RF-14.smt2,sat,0.008745670318603516
/20220307-SMPT/SwimmingPool-PT-08/RC-02.smt2,sat,0.006498098373413086
/20220307-SMPT/SwimmingPool-PT-08/RF-12.smt2,unsat,0.004
/20220307-SMPT/SwimmingPool-PT-08/RC-03.smt2,unsat,0.004
/20220307-SMPT/SwimmingPool-PT-08/RF-02.smt2,sat,0.007
/20220307-SMPT/SwimmingPool-PT-08/RC-11.smt2,sat,0.007
/20220307-SMPT/SwimmingPool-PT-08/RF-03.smt2,sat,0.006
/20220307-SMPT/SwimmingPool-PT-08/RC-01.smt2,sat,0.006471157073974609
/20220307-SMPT/SwimmingPool-PT-08/RF-00.smt2,sat,0.006
/20220307-SMPT/SwimmingPool-PT-08/RC-04.smt2,sat,0.006216526031494141
/20220307-SMPT/SwimmingPool-PT-08/RF-11.smt2,unsat,0.004
/20220307-SMPT/SwimmingPool-PT-08/RC-13.smt2,sat,0.006
/20220307-SMPT/SwimmingPool-PT-08/RC-06.smt2,sat,0.006433725357055664
/20220307-SMPT/SwimmingPool-PT-08/RC-14.smt2,sat,0.007
/20220307-SMPT/SwimmingPool-PT-08/RC-10.smt2,sat,0.006
/20220307-SMPT/SwimmingPool-PT-08/RF-04.smt2,sat,0.006232261657714844
/20220307-SMPT/SwimmingPool-PT-08/RF-01.smt2,unsat,0.004
/20220307-SMPT/SwimmingPool-PT-08/RC-05.smt2,sat,0.006104230880737305
/20220307-SMPT/SwimmingPool-PT-08/RC-00.smt2,sat,0.0068247318267822266
/20220307-SMPT/SwimmingPool-PT-08/RF-05.smt2,sat,0.006
/20220307-SMPT/SwimmingPool-PT-08/RF-08.smt2,sat,0.005672931671142578
/20220307-SMPT/SwimmingPool-PT-08/RC-08.smt2,sat,0.005555391311645508
/20220307-SMPT/SwimmingPool-PT-08/RF-15.smt2,sat,0.007
/20220307-SMPT/SwimmingPool-PT-08/RC-07.smt2,sat,0.005517244338989258
/20220307-SMPT/SwimmingPool-PT-08/RF-06.smt2,sat,0.007
/20220307-SMPT/SwimmingPool-PT-08/RC-09.smt2,unsat,0.003
/20220307-SMPT/SwimmingPool-PT-08/RC-15.smt2,sat,0.006
/20220307-SMPT/SwimmingPool-PT-08/RC-12.smt2,unsat,0.004
/20220307-SMPT/SwimmingPool-PT-08/RF-14.smt2,unsat,0.004
/20220307-SMPT/HouseConstruction-PT-00020/RC-02.smt2,sat,0.008331060409545898
/20220307-SMPT/HouseConstruction-PT-00020/RF-12.smt2,sat,0.00896763801574707
/20220307-SMPT/HouseConstruction-PT-00020/RC-03.smt2,sat,0.009082555770874023
/20220307-SMPT/HouseConstruction-PT-00020/RF-02.smt2,unsat,0.0058972835540771484
/20220307-SMPT/HouseConstruction-PT-00020/RC-11.smt2,sat,0.009580135345458984
/20220307-SMPT/HouseConstruction-PT-00020/RF-03.smt2,sat,0.008836984634399414
/20220307-SMPT/HouseConstruction-PT-00020/RC-01.smt2,sat,0.009853363037109375
/20220307-SMPT/HouseConstruction-PT-00020/RF-00.smt2,sat,0.007897377014160156
/20220307-SMPT/HouseConstruction-PT-00020/RC-04.smt2,sat,0.010146617889404297
/20220307-SMPT/HouseConstruction-PT-00020/RF-11.smt2,sat,0.008446455001831055
/20220307-SMPT/HouseConstruction-PT-00020/RC-13.smt2,sat,0.009557008743286133
/20220307-SMPT/HouseConstruction-PT-00020/RC-06.smt2,unsat,0.008131742477416992
/20220307-SMPT/HouseConstruction-PT-00020/RC-14.smt2,sat,0.010081291198730469
/20220307-SMPT/HouseConstruction-PT-00020/RC-10.smt2,unsat,0.007
/20220307-SMPT/HouseConstruction-PT-00020/RF-04.smt2,sat,0.008110761642456055
/20220307-SMPT/HouseConstruction-PT-00020/RF-01.smt2,sat,0.009388923645019531
/20220307-SMPT/HouseConstruction-PT-00020/RF-13.smt2,sat,0.008399724960327148
/20220307-SMPT/HouseConstruction-PT-00020/RC-05.smt2,sat,0.008937358856201172
/20220307-SMPT/HouseConstruction-PT-00020/RC-00.smt2,sat,0.009050130844116211
/20220307-SMPT/HouseConstruction-PT-00020/RF-05.smt2,sat,0.007875680923461914
/20220307-SMPT/HouseConstruction-PT-00020/RF-10.smt2,sat,0.00981760025024414
/20220307-SMPT/HouseConstruction-PT-00020/RF-08.smt2,unsat,0.0061762332916259766
/20220307-SMPT/HouseConstruction-PT-00020/RC-08.smt2,sat,0.007831335067749023
/20220307-SMPT/HouseConstruction-PT-00020/RF-15.smt2,sat,0.00958871841430664
/20220307-SMPT/HouseConstruction-PT-00020/RF-09.smt2,sat,0.010673284530639648
/20220307-SMPT/HouseConstruction-PT-00020/RC-07.smt2,sat,0.009939908981323242
/20220307-SMPT/HouseConstruction-PT-00020/RF-06.smt2,sat,0.010446310043334961
/20220307-SMPT/HouseConstruction-PT-00020/RC-09.smt2,sat,0.009788751602172852
/20220307-SMPT/HouseConstruction-PT-00020/RC-12.smt2,sat,0.009234428405761719
/20220307-SMPT/Diffusion2D-PT-D20N050/RC-02.smt2,sat,0.05060148239135742
/20220307-SMPT/Diffusion2D-PT-D20N050/RF-12.smt2,sat,0.05081486701965332
/20220307-SMPT/Diffusion2D-PT-D20N050/RC-03.smt2,sat,0.05542588233947754
/20220307-SMPT/Diffusion2D-PT-D20N050/RF-02.smt2,sat,0.055434226989746094
/20220307-SMPT/Diffusion2D-PT-D20N050/RC-11.smt2,sat,0.05093646049499512
/20220307-SMPT/Diffusion2D-PT-D20N050/RF-03.smt2,sat,0.05186915397644043
/20220307-SMPT/Diffusion2D-PT-D20N050/RC-01.smt2,sat,0.04841327667236328
/20220307-SMPT/Diffusion2D-PT-D20N050/RF-00.smt2,sat,0.051082611083984375
/20220307-SMPT/Diffusion2D-PT-D20N050/RC-04.smt2,sat,0.05299043655395508
/20220307-SMPT/Diffusion2D-PT-D20N050/RF-11.smt2,sat,0.05106353759765625
/20220307-SMPT/Diffusion2D-PT-D20N050/RC-13.smt2,sat,0.05346846580505371
/20220307-SMPT/Diffusion2D-PT-D20N050/RC-06.smt2,sat,0.051874399185180664
/20220307-SMPT/Diffusion2D-PT-D20N050/RC-14.smt2,sat,0.05024147033691406
/20220307-SMPT/Diffusion2D-PT-D20N050/RC-10.smt2,sat,0.049451589584350586
/20220307-SMPT/Diffusion2D-PT-D20N050/RF-04.smt2,sat,0.052251338958740234
/20220307-SMPT/Diffusion2D-PT-D20N050/RF-01.smt2,sat,0.05158114433288574
/20220307-SMPT/Diffusion2D-PT-D20N050/RF-13.smt2,sat,0.06266260147094727
/20220307-SMPT/Diffusion2D-PT-D20N050/RC-05.smt2,sat,0.05151629447937012
/20220307-SMPT/Diffusion2D-PT-D20N050/RC-00.smt2,sat,0.04990577697753906
/20220307-SMPT/Diffusion2D-PT-D20N050/RF-05.smt2,sat,0.0549008846282959
/20220307-SMPT/Diffusion2D-PT-D20N050/RF-07.smt2,sat,0.05370807647705078
/20220307-SMPT/Diffusion2D-PT-D20N050/RF-10.smt2,sat,0.0498347282409668
/20220307-SMPT/Diffusion2D-PT-D20N050/RF-08.smt2,sat,0.053449392318725586
/20220307-SMPT/Diffusion2D-PT-D20N050/RC-08.smt2,sat,0.050042152404785156
/20220307-SMPT/Diffusion2D-PT-D20N050/RF-15.smt2,sat,0.051250457763671875
/20220307-SMPT/Diffusion2D-PT-D20N050/RF-09.smt2,sat,0.04982948303222656
/20220307-SMPT/Diffusion2D-PT-D20N050/RC-07.smt2,sat,0.05362057685852051
/20220307-SMPT/Diffusion2D-PT-D20N050/RF-06.smt2,sat,0.05355501174926758
/20220307-SMPT/Diffusion2D-PT-D20N050/RC-09.smt2,sat,0.05239081382751465
/20220307-SMPT/Diffusion2D-PT-D20N050/RC-15.smt2,sat,0.057134389877319336
/20220307-SMPT/Diffusion2D-PT-D20N050/RC-12.smt2,sat,0.050196170806884766
/20220307-SMPT/Diffusion2D-PT-D20N050/RF-14.smt2,sat,0.048979759216308594
/20220307-SMPT/ERK-PT-100000/RC-02.smt2,sat,0.006766080856323242
/20220307-SMPT/ERK-PT-100000/RF-12.smt2,sat,0.008814811706542969
/20220307-SMPT/ERK-PT-100000/RC-03.smt2,sat,0.006303548812866211
/20220307-SMPT/ERK-PT-100000/RF-02.smt2,unsat,0.005
/20220307-SMPT/ERK-PT-100000/RC-11.smt2,sat,0.007296323776245117
/20220307-SMPT/ERK-PT-100000/RF-03.smt2,unsat,0.006
/20220307-SMPT/ERK-PT-100000/RC-01.smt2,sat,0.008593082427978516
/20220307-SMPT/ERK-PT-100000/RF-00.smt2,sat,0.007041215896606445
/20220307-SMPT/ERK-PT-100000/RC-04.smt2,sat,0.00899362564086914
/20220307-SMPT/ERK-PT-100000/RF-11.smt2,sat,0.00786447525024414
/20220307-SMPT/ERK-PT-100000/RC-13.smt2,unsat,0.00854039192199707
/20220307-SMPT/ERK-PT-100000/RC-06.smt2,unsat,0.004
/20220307-SMPT/ERK-PT-100000/RC-14.smt2,sat,0.0069732666015625
/20220307-SMPT/ERK-PT-100000/RC-10.smt2,sat,0.009715080261230469
/20220307-SMPT/ERK-PT-100000/RF-01.smt2,sat,0.008878469467163086
/20220307-SMPT/ERK-PT-100000/RF-13.smt2,unsat,0.004
/20220307-SMPT/ERK-PT-100000/RC-05.smt2,sat,0.006776094436645508
/20220307-SMPT/ERK-PT-100000/RC-00.smt2,unsat,0.006386756896972656
/20220307-SMPT/ERK-PT-100000/RF-05.smt2,sat,0.0076084136962890625
/20220307-SMPT/ERK-PT-100000/RF-07.smt2,sat,0.007166624069213867
/20220307-SMPT/ERK-PT-100000/RF-10.smt2,sat,0.007877588272094727
/20220307-SMPT/ERK-PT-100000/RF-08.smt2,sat,0.008933782577514648
/20220307-SMPT/ERK-PT-100000/RC-08.smt2,sat,0.006802797317504883
/20220307-SMPT/ERK-PT-100000/RF-15.smt2,unsat,0.004
/20220307-SMPT/ERK-PT-100000/RF-09.smt2,sat,0.007618427276611328
/20220307-SMPT/ERK-PT-100000/RC-07.smt2,unsat,0.008177518844604492
/20220307-SMPT/ERK-PT-100000/RF-06.smt2,sat,0.00807642936706543
/20220307-SMPT/ERK-PT-100000/RC-09.smt2,sat,0.009
/20220307-SMPT/ERK-PT-100000/RC-15.smt2,sat,0.006367683410644531
/20220307-SMPT/ERK-PT-100000/RC-12.smt2,sat,0.006718635559082031
/20220307-SMPT/ERK-PT-100000/RF-14.smt2,sat,0.011
/20220307-SMPT/ERK-PT-000010/RC-02.smt2,unsat,0.006634712219238281
/20220307-SMPT/ERK-PT-000010/RF-12.smt2,unsat,0.004976987838745117
/20220307-SMPT/ERK-PT-000010/RC-03.smt2,sat,0.007735729217529297
/20220307-SMPT/ERK-PT-000010/RF-02.smt2,unsat,0.005
/20220307-SMPT/ERK-PT-000010/RC-11.smt2,unsat,0.008369207382202148
/20220307-SMPT/ERK-PT-000010/RF-03.smt2,unsat,0.005
/20220307-SMPT/ERK-PT-000010/RC-01.smt2,sat,0.01
/20220307-SMPT/ERK-PT-000010/RF-00.smt2,unsat,0.007570981979370117
/20220307-SMPT/ERK-PT-000010/RC-04.smt2,unsat,0.004
/20220307-SMPT/ERK-PT-000010/RF-11.smt2,sat,0.007275819778442383
/20220307-SMPT/ERK-PT-000010/RC-13.smt2,unsat,0.008350133895874023
/20220307-SMPT/ERK-PT-000010/RC-06.smt2,unsat,0.0079498291015625
/20220307-SMPT/ERK-PT-000010/RC-14.smt2,unsat,0.00709843635559082
/20220307-SMPT/ERK-PT-000010/RC-10.smt2,unsat,0.008243560791015625
/20220307-SMPT/ERK-PT-000010/RF-04.smt2,unsat,0.005579471588134766
/20220307-SMPT/ERK-PT-000010/RF-01.smt2,unsat,0.005
/20220307-SMPT/ERK-PT-000010/RF-13.smt2,sat,0.008678436279296875
/20220307-SMPT/ERK-PT-000010/RC-05.smt2,sat,0.008433818817138672
/20220307-SMPT/ERK-PT-000010/RC-00.smt2,unsat,0.007893562316894531
/20220307-SMPT/ERK-PT-000010/RF-05.smt2,unsat,0.005
/20220307-SMPT/ERK-PT-000010/RF-07.smt2,unsat,0.005
/20220307-SMPT/ERK-PT-000010/RF-10.smt2,unsat,0.005
/20220307-SMPT/ERK-PT-000010/RF-08.smt2,unsat,0.005
/20220307-SMPT/ERK-PT-000010/RC-08.smt2,sat,0.006627798080444336
/20220307-SMPT/ERK-PT-000010/RF-15.smt2,unsat,0.005
/20220307-SMPT/ERK-PT-000010/RF-09.smt2,unsat,0.004
/20220307-SMPT/ERK-PT-000010/RC-07.smt2,sat,0.011
/20220307-SMPT/ERK-PT-000010/RF-06.smt2,unsat,0.005
/20220307-SMPT/ERK-PT-000010/RC-09.smt2,unsat,0.006943464279174805
/20220307-SMPT/ERK-PT-000010/RC-15.smt2,sat,0.006916522979736328
/20220307-SMPT/ERK-PT-000010/RF-14.smt2,unsat,0.005593776702880859
/20220307-SMPT/BART-PT-010/RC-02.smt2,unsat,0.18384766578674316
/20220307-SMPT/BART-PT-010/RF-12.smt2,sat,0.1799793243408203
/20220307-SMPT/BART-PT-010/RC-03.smt2,unsat,0.07050848007202148
/20220307-SMPT/BART-PT-010/RF-02.smt2,sat,0.20137238502502441
/20220307-SMPT/BART-PT-010/RC-11.smt2,sat,0.2033061981201172
/20220307-SMPT/BART-PT-010/RF-03.smt2,sat,0.19045329093933105
/20220307-SMPT/BART-PT-010/RC-01.smt2,unsat,0.06868720054626465
/20220307-SMPT/BART-PT-010/RF-00.smt2,sat,0.18352484703063965
/20220307-SMPT/BART-PT-010/RC-04.smt2,unsat,0.06626343727111816
/20220307-SMPT/BART-PT-010/RF-11.smt2,sat,0.18122172355651855
/20220307-SMPT/BART-PT-010/RC-13.smt2,sat,0.18828988075256348
/20220307-SMPT/BART-PT-010/RC-06.smt2,unsat,0.06461310386657715
/20220307-SMPT/BART-PT-010/RC-14.smt2,sat,0.1902930736541748
/20220307-SMPT/BART-PT-010/RC-10.smt2,unsat,0.04285264015197754
/20220307-SMPT/BART-PT-010/RF-04.smt2,sat,0.18123197555541992
/20220307-SMPT/BART-PT-010/RF-01.smt2,sat,0.21359562873840332
/20220307-SMPT/BART-PT-010/RF-13.smt2,sat,0.19783902168273926
/20220307-SMPT/BART-PT-010/RC-05.smt2,unsat,0.18028807640075684
/20220307-SMPT/BART-PT-010/RC-00.smt2,sat,0.18540263175964355
/20220307-SMPT/BART-PT-010/RF-05.smt2,sat,0.1925349235534668
/20220307-SMPT/BART-PT-010/RF-07.smt2,sat,0.19513368606567383
/20220307-SMPT/BART-PT-010/RF-10.smt2,sat,0.20606517791748047
/20220307-SMPT/BART-PT-010/RF-08.smt2,sat,0.18727755546569824
/20220307-SMPT/BART-PT-010/RC-08.smt2,unsat,0.05980539321899414
/20220307-SMPT/BART-PT-010/RF-15.smt2,sat,0.1948108673095703
/20220307-SMPT/BART-PT-010/RF-09.smt2,sat,0.181013822555542
/20220307-SMPT/BART-PT-010/RC-07.smt2,sat,0.1880321502685547
/20220307-SMPT/BART-PT-010/RF-06.smt2,sat,0.17205452919006348
/20220307-SMPT/BART-PT-010/RC-09.smt2,unsat,0.06327080726623535
/20220307-SMPT/BART-PT-010/RC-15.smt2,unsat,0.06912970542907715
/20220307-SMPT/BART-PT-010/RC-12.smt2,sat,0.1849532127380371
/20220307-SMPT/BART-PT-010/RF-14.smt2,sat,0.22069478034973145
/20220307-SMPT/NeighborGrid-PT-d3n3m1t11/RC-02.smt2,sat,0.008636951446533203
/20220307-SMPT/NeighborGrid-PT-d3n3m1t11/RF-12.smt2,sat,0.008983850479125977
/20220307-SMPT/NeighborGrid-PT-d3n3m1t11/RC-03.smt2,sat,0.011719703674316406
/20220307-SMPT/NeighborGrid-PT-d3n3m1t11/RF-02.smt2,sat,0.009958267211914062
/20220307-SMPT/NeighborGrid-PT-d3n3m1t11/RC-11.smt2,sat,0.009198188781738281
/20220307-SMPT/NeighborGrid-PT-d3n3m1t11/RF-03.smt2,sat,0.00914621353149414
/20220307-SMPT/NeighborGrid-PT-d3n3m1t11/RC-01.smt2,sat,0.009556293487548828
/20220307-SMPT/NeighborGrid-PT-d3n3m1t11/RF-00.smt2,sat,0.010006904602050781
/20220307-SMPT/NeighborGrid-PT-d3n3m1t11/RC-04.smt2,sat,0.00917363166809082
/20220307-SMPT/NeighborGrid-PT-d3n3m1t11/RF-11.smt2,sat,0.009385824203491211
/20220307-SMPT/NeighborGrid-PT-d3n3m1t11/RC-13.smt2,sat,0.00931096076965332
/20220307-SMPT/NeighborGrid-PT-d3n3m1t11/RC-06.smt2,sat,0.008319616317749023
/20220307-SMPT/NeighborGrid-PT-d3n3m1t11/RC-14.smt2,sat,0.009138345718383789
/20220307-SMPT/NeighborGrid-PT-d3n3m1t11/RC-10.smt2,sat,0.009792089462280273
/20220307-SMPT/NeighborGrid-PT-d3n3m1t11/RF-04.smt2,sat,0.00932931900024414
/20220307-SMPT/NeighborGrid-PT-d3n3m1t11/RF-01.smt2,sat,0.009697675704956055
/20220307-SMPT/NeighborGrid-PT-d3n3m1t11/RF-13.smt2,sat,0.017
/20220307-SMPT/NeighborGrid-PT-d3n3m1t11/RC-05.smt2,sat,0.00956273078918457
/20220307-SMPT/NeighborGrid-PT-d3n3m1t11/RC-00.smt2,sat,0.008435249328613281
/20220307-SMPT/NeighborGrid-PT-d3n3m1t11/RF-05.smt2,sat,0.010975122451782227
/20220307-SMPT/NeighborGrid-PT-d3n3m1t11/RF-07.smt2,sat,0.008174657821655273
/20220307-SMPT/NeighborGrid-PT-d3n3m1t11/RF-10.smt2,sat,0.009613275527954102
/20220307-SMPT/NeighborGrid-PT-d3n3m1t11/RF-08.smt2,sat,0.009673595428466797
/20220307-SMPT/NeighborGrid-PT-d3n3m1t11/RC-08.smt2,sat,0.01113271713256836
/20220307-SMPT/NeighborGrid-PT-d3n3m1t11/RF-15.smt2,sat,0.009865283966064453
/20220307-SMPT/NeighborGrid-PT-d3n3m1t11/RF-09.smt2,sat,0.008371591567993164
/20220307-SMPT/NeighborGrid-PT-d3n3m1t11/RC-07.smt2,sat,0.009313344955444336
/20220307-SMPT/NeighborGrid-PT-d3n3m1t11/RF-06.smt2,sat,0.010184288024902344
/20220307-SMPT/NeighborGrid-PT-d3n3m1t11/RC-09.smt2,unsat,0.005497932434082031
/20220307-SMPT/NeighborGrid-PT-d3n3m1t11/RC-15.smt2,unsat,0.005728006362915039
/20220307-SMPT/NeighborGrid-PT-d3n3m1t11/RC-12.smt2,sat,0.009598255157470703
/20220307-SMPT/NeighborGrid-PT-d3n3m1t11/RF-14.smt2,sat,0.009830236434936523
/20220307-SMPT/SwimmingPool-PT-05/RC-02.smt2,sat,0.006527900695800781
/20220307-SMPT/SwimmingPool-PT-05/RF-12.smt2,sat,0.007
/20220307-SMPT/SwimmingPool-PT-05/RC-03.smt2,sat,0.006
/20220307-SMPT/SwimmingPool-PT-05/RF-02.smt2,sat,0.006419181823730469
/20220307-SMPT/SwimmingPool-PT-05/RC-11.smt2,sat,0.006
/20220307-SMPT/SwimmingPool-PT-05/RF-03.smt2,sat,0.006
/20220307-SMPT/SwimmingPool-PT-05/RC-01.smt2,sat,0.00589442253112793
/20220307-SMPT/SwimmingPool-PT-05/RF-00.smt2,sat,0.006
/20220307-SMPT/SwimmingPool-PT-05/RC-04.smt2,sat,0.006
/20220307-SMPT/SwimmingPool-PT-05/RC-13.smt2,sat,0.006
/20220307-SMPT/SwimmingPool-PT-05/RC-06.smt2,sat,0.006
/20220307-SMPT/SwimmingPool-PT-05/RC-14.smt2,sat,0.004498004913330078
/20220307-SMPT/SwimmingPool-PT-05/RC-10.smt2,sat,0.007
/20220307-SMPT/SwimmingPool-PT-05/RF-04.smt2,sat,0.006
/20220307-SMPT/SwimmingPool-PT-05/RF-01.smt2,sat,0.006628990173339844
/20220307-SMPT/SwimmingPool-PT-05/RF-13.smt2,sat,0.006566047668457031
/20220307-SMPT/SwimmingPool-PT-05/RC-05.smt2,sat,0.006
/20220307-SMPT/SwimmingPool-PT-05/RC-00.smt2,sat,0.007
/20220307-SMPT/SwimmingPool-PT-05/RF-05.smt2,sat,0.006028652191162109
/20220307-SMPT/SwimmingPool-PT-05/RF-07.smt2,sat,0.0057373046875
/20220307-SMPT/SwimmingPool-PT-05/RF-10.smt2,sat,0.007
/20220307-SMPT/SwimmingPool-PT-05/RC-08.smt2,sat,0.00636601448059082
/20220307-SMPT/SwimmingPool-PT-05/RF-15.smt2,sat,0.006
/20220307-SMPT/SwimmingPool-PT-05/RF-09.smt2,sat,0.00641632080078125
/20220307-SMPT/SwimmingPool-PT-05/RC-07.smt2,sat,0.006
/20220307-SMPT/SwimmingPool-PT-05/RF-06.smt2,unsat,0.003
/20220307-SMPT/SwimmingPool-PT-05/RC-09.smt2,sat,0.006
/20220307-SMPT/SwimmingPool-PT-05/RC-15.smt2,sat,0.007
/20220307-SMPT/SwimmingPool-PT-05/RC-12.smt2,unsat,0.004
/20220307-SMPT/SwimmingPool-PT-05/RF-14.smt2,sat,0.007
/20220307-SMPT/RobotManipulation-PT-00010/RC-02.smt2,unsat,0.005
/20220307-SMPT/RobotManipulation-PT-00010/RF-12.smt2,sat,0.007333517074584961
/20220307-SMPT/RobotManipulation-PT-00010/RC-03.smt2,sat,0.008296489715576172
/20220307-SMPT/RobotManipulation-PT-00010/RC-11.smt2,sat,0.007699012756347656
/20220307-SMPT/RobotManipulation-PT-00010/RF-03.smt2,sat,0.008063554763793945
/20220307-SMPT/RobotManipulation-PT-00010/RC-01.smt2,sat,0.007859468460083008
/20220307-SMPT/RobotManipulation-PT-00010/RF-00.smt2,sat,0.008669137954711914
/20220307-SMPT/RobotManipulation-PT-00010/RC-04.smt2,sat,0.00829458236694336
/20220307-SMPT/RobotManipulation-PT-00010/RC-13.smt2,unsat,0.009543180465698242
/20220307-SMPT/RobotManipulation-PT-00010/RC-06.smt2,sat,0.0076711177825927734
/20220307-SMPT/RobotManipulation-PT-00010/RC-14.smt2,sat,0.007737398147583008
/20220307-SMPT/RobotManipulation-PT-00010/RC-10.smt2,sat,0.009512901306152344
/20220307-SMPT/RobotManipulation-PT-00010/RF-04.smt2,unsat,0.005101203918457031
/20220307-SMPT/RobotManipulation-PT-00010/RF-01.smt2,sat,0.011449098587036133
/20220307-SMPT/RobotManipulation-PT-00010/RC-05.smt2,sat,0.007161855697631836
/20220307-SMPT/RobotManipulation-PT-00010/RC-00.smt2,sat,0.007817268371582031
/20220307-SMPT/RobotManipulation-PT-00010/RF-05.smt2,unsat,0.006
/20220307-SMPT/RobotManipulation-PT-00010/RF-07.smt2,sat,0.009186744689941406
/20220307-SMPT/RobotManipulation-PT-00010/RF-10.smt2,sat,0.007786750793457031
/20220307-SMPT/RobotManipulation-PT-00010/RF-08.smt2,sat,0.007551670074462891
/20220307-SMPT/RobotManipulation-PT-00010/RC-08.smt2,sat,0.009325504302978516
/20220307-SMPT/RobotManipulation-PT-00010/RF-15.smt2,unsat,0.006
/20220307-SMPT/RobotManipulation-PT-00010/RF-09.smt2,sat,0.009144783020019531
/20220307-SMPT/RobotManipulation-PT-00010/RC-07.smt2,sat,0.008125543594360352
/20220307-SMPT/RobotManipulation-PT-00010/RF-06.smt2,sat,0.008142471313476562
/20220307-SMPT/RobotManipulation-PT-00010/RC-09.smt2,sat,0.0077667236328125
/20220307-SMPT/RobotManipulation-PT-00010/RC-15.smt2,unsat,0.00734400749206543
/20220307-SMPT/RobotManipulation-PT-00010/RC-12.smt2,sat,0.00860905647277832
/20220307-SMPT/RobotManipulation-PT-00010/RF-14.smt2,sat,0.007513761520385742
/20220307-SMPT/IOTPpurchase-PT-C05M04P03D02/RC-02.smt2,sat,0.017871379852294922
/20220307-SMPT/IOTPpurchase-PT-C05M04P03D02/RF-12.smt2,sat,0.018313169479370117
/20220307-SMPT/IOTPpurchase-PT-C05M04P03D02/RC-03.smt2,sat,0.019283771514892578
/20220307-SMPT/IOTPpurchase-PT-C05M04P03D02/RF-02.smt2,sat,0.01687908172607422
/20220307-SMPT/IOTPpurchase-PT-C05M04P03D02/RC-11.smt2,sat,0.015736103057861328
/20220307-SMPT/IOTPpurchase-PT-C05M04P03D02/RF-03.smt2,sat,0.018110990524291992
/20220307-SMPT/IOTPpurchase-PT-C05M04P03D02/RC-01.smt2,sat,0.01693272590637207
/20220307-SMPT/IOTPpurchase-PT-C05M04P03D02/RF-00.smt2,sat,0.018591642379760742
/20220307-SMPT/IOTPpurchase-PT-C05M04P03D02/RC-04.smt2,sat,0.016643047332763672
/20220307-SMPT/IOTPpurchase-PT-C05M04P03D02/RF-11.smt2,sat,0.01767277717590332
/20220307-SMPT/IOTPpurchase-PT-C05M04P03D02/RC-13.smt2,unsat,0.016210317611694336
/20220307-SMPT/IOTPpurchase-PT-C05M04P03D02/RC-06.smt2,sat,0.01920008659362793
/20220307-SMPT/IOTPpurchase-PT-C05M04P03D02/RC-14.smt2,sat,0.016834497451782227
/20220307-SMPT/IOTPpurchase-PT-C05M04P03D02/RC-10.smt2,sat,0.019303321838378906
/20220307-SMPT/IOTPpurchase-PT-C05M04P03D02/RF-04.smt2,sat,0.01836419105529785
/20220307-SMPT/IOTPpurchase-PT-C05M04P03D02/RF-01.smt2,sat,0.019436359405517578
/20220307-SMPT/IOTPpurchase-PT-C05M04P03D02/RF-13.smt2,sat,0.017889976501464844
/20220307-SMPT/IOTPpurchase-PT-C05M04P03D02/RC-05.smt2,sat,0.018101930618286133
/20220307-SMPT/IOTPpurchase-PT-C05M04P03D02/RC-00.smt2,sat,0.016226768493652344
/20220307-SMPT/IOTPpurchase-PT-C05M04P03D02/RF-05.smt2,sat,0.018169403076171875
/20220307-SMPT/IOTPpurchase-PT-C05M04P03D02/RF-07.smt2,sat,0.017017126083374023
/20220307-SMPT/IOTPpurchase-PT-C05M04P03D02/RF-10.smt2,sat,0.018668651580810547
/20220307-SMPT/IOTPpurchase-PT-C05M04P03D02/RF-08.smt2,sat,0.01869034767150879
/20220307-SMPT/IOTPpurchase-PT-C05M04P03D02/RC-08.smt2,sat,0.016558408737182617
/20220307-SMPT/IOTPpurchase-PT-C05M04P03D02/RF-15.smt2,sat,0.01680898666381836
/20220307-SMPT/IOTPpurchase-PT-C05M04P03D02/RF-09.smt2,sat,0.018343210220336914
/20220307-SMPT/IOTPpurchase-PT-C05M04P03D02/RC-07.smt2,sat,0.016498088836669922
/20220307-SMPT/IOTPpurchase-PT-C05M04P03D02/RF-06.smt2,sat,0.01618671417236328
/20220307-SMPT/IOTPpurchase-PT-C05M04P03D02/RC-09.smt2,unsat,0.013305187225341797
/20220307-SMPT/IOTPpurchase-PT-C05M04P03D02/RC-15.smt2,sat,0.017581701278686523
/20220307-SMPT/IOTPpurchase-PT-C05M04P03D02/RC-12.smt2,sat,0.018368005752563477
/20220307-SMPT/IOTPpurchase-PT-C05M04P03D02/RF-14.smt2,sat,0.017197608947753906
/20220307-SMPT/HouseConstruction-PT-08000/RC-02.smt2,sat,0.009393930435180664
/20220307-SMPT/HouseConstruction-PT-08000/RF-12.smt2,sat,0.012529850006103516
/20220307-SMPT/HouseConstruction-PT-08000/RC-03.smt2,sat,0.010073661804199219
/20220307-SMPT/HouseConstruction-PT-08000/RF-02.smt2,sat,0.009297370910644531
/20220307-SMPT/HouseConstruction-PT-08000/RC-11.smt2,sat,0.009466171264648438
/20220307-SMPT/HouseConstruction-PT-08000/RF-03.smt2,unsat,0.006963491439819336
/20220307-SMPT/HouseConstruction-PT-08000/RC-01.smt2,sat,0.009222030639648438
/20220307-SMPT/HouseConstruction-PT-08000/RF-00.smt2,sat,0.008267641067504883
/20220307-SMPT/HouseConstruction-PT-08000/RC-04.smt2,unsat,0.00828862190246582
/20220307-SMPT/HouseConstruction-PT-08000/RF-11.smt2,sat,0.010602712631225586
/20220307-SMPT/HouseConstruction-PT-08000/RC-13.smt2,sat,0.007796287536621094
/20220307-SMPT/HouseConstruction-PT-08000/RC-06.smt2,sat,0.008854150772094727
/20220307-SMPT/HouseConstruction-PT-08000/RC-14.smt2,sat,0.017
/20220307-SMPT/HouseConstruction-PT-08000/RC-10.smt2,sat,0.009483575820922852
/20220307-SMPT/HouseConstruction-PT-08000/RF-04.smt2,sat,0.009267568588256836
/20220307-SMPT/HouseConstruction-PT-08000/RF-13.smt2,sat,0.009777545928955078
/20220307-SMPT/HouseConstruction-PT-08000/RC-05.smt2,sat,0.00735163688659668
/20220307-SMPT/HouseConstruction-PT-08000/RC-00.smt2,sat,0.0084686279296875
/20220307-SMPT/HouseConstruction-PT-08000/RF-05.smt2,sat,0.00975489616394043
/20220307-SMPT/HouseConstruction-PT-08000/RF-07.smt2,sat,0.00986933708190918
/20220307-SMPT/HouseConstruction-PT-08000/RF-10.smt2,sat,0.008987903594970703
/20220307-SMPT/HouseConstruction-PT-08000/RF-08.smt2,sat,0.009619474411010742
/20220307-SMPT/HouseConstruction-PT-08000/RC-08.smt2,sat,0.009869575500488281
/20220307-SMPT/HouseConstruction-PT-08000/RF-15.smt2,sat,0.009183168411254883
/20220307-SMPT/HouseConstruction-PT-08000/RF-09.smt2,sat,0.01658153533935547
/20220307-SMPT/HouseConstruction-PT-08000/RC-07.smt2,sat,0.008409261703491211
/20220307-SMPT/HouseConstruction-PT-08000/RC-09.smt2,sat,0.008150339126586914
/20220307-SMPT/HouseConstruction-PT-08000/RC-15.smt2,sat,0.008892297744750977
/20220307-SMPT/HouseConstruction-PT-08000/RC-12.smt2,sat,0.009729146957397461
/20220307-SMPT/HouseConstruction-PT-08000/RF-14.smt2,unsat,0.007089853286743164
/20220307-SMPT/RobotManipulation-PT-00100/RC-02.smt2,unsat,0.0074040889739990234
/20220307-SMPT/RobotManipulation-PT-00100/RF-12.smt2,unsat,0.006
/20220307-SMPT/RobotManipulation-PT-00100/RC-03.smt2,sat,0.008953332901000977
/20220307-SMPT/RobotManipulation-PT-00100/RF-02.smt2,sat,0.011025667190551758
/20220307-SMPT/RobotManipulation-PT-00100/RC-11.smt2,sat,0.008658647537231445
/20220307-SMPT/RobotManipulation-PT-00100/RF-03.smt2,sat,0.007319211959838867
/20220307-SMPT/RobotManipulation-PT-00100/RC-01.smt2,sat,0.008623361587524414
/20220307-SMPT/RobotManipulation-PT-00100/RF-00.smt2,sat,0.009841203689575195
/20220307-SMPT/RobotManipulation-PT-00100/RC-04.smt2,unsat,0.007858514785766602
/20220307-SMPT/RobotManipulation-PT-00100/RF-11.smt2,sat,0.00834035873413086
/20220307-SMPT/RobotManipulation-PT-00100/RC-13.smt2,sat,0.007728099822998047
/20220307-SMPT/RobotManipulation-PT-00100/RC-06.smt2,sat,0.007627248764038086
/20220307-SMPT/RobotManipulation-PT-00100/RC-14.smt2,sat,0.012
/20220307-SMPT/RobotManipulation-PT-00100/RC-10.smt2,sat,0.00842738151550293
/20220307-SMPT/RobotManipulation-PT-00100/RF-04.smt2,unsat,0.005104541778564453
/20220307-SMPT/RobotManipulation-PT-00100/RF-01.smt2,sat,0.007840394973754883
/20220307-SMPT/RobotManipulation-PT-00100/RF-13.smt2,unsat,0.005219936370849609
/20220307-SMPT/RobotManipulation-PT-00100/RC-05.smt2,sat,0.008085250854492188
/20220307-SMPT/RobotManipulation-PT-00100/RC-00.smt2,sat,0.007100820541381836
/20220307-SMPT/RobotManipulation-PT-00100/RF-05.smt2,unsat,0.005242824554443359
/20220307-SMPT/RobotManipulation-PT-00100/RF-07.smt2,unsat,0.006
/20220307-SMPT/RobotManipulation-PT-00100/RF-10.smt2,sat,0.0073108673095703125
/20220307-SMPT/RobotManipulation-PT-00100/RF-08.smt2,sat,0.0070514678955078125
/20220307-SMPT/RobotManipulation-PT-00100/RC-08.smt2,sat,0.008575201034545898
/20220307-SMPT/RobotManipulation-PT-00100/RF-15.smt2,unsat,0.006
/20220307-SMPT/RobotManipulation-PT-00100/RF-09.smt2,unsat,0.005366086959838867
/20220307-SMPT/RobotManipulation-PT-00100/RC-07.smt2,sat,0.008050680160522461
/20220307-SMPT/RobotManipulation-PT-00100/RF-06.smt2,unsat,0.006
/20220307-SMPT/RobotManipulation-PT-00100/RC-09.smt2,sat,0.007703304290771484
/20220307-SMPT/RobotManipulation-PT-00100/RC-15.smt2,unsat,0.00916147232055664
/20220307-SMPT/RobotManipulation-PT-00100/RC-12.smt2,sat,0.009423017501831055
/20220307-SMPT/RobotManipulation-PT-00100/RF-14.smt2,unsat,0.006
/20220307-SMPT/RwMutex-PT-r0010w0020/RC-02.smt2,sat,0.0233154296875
/20220307-SMPT/RwMutex-PT-r0010w0020/RF-12.smt2,sat,0.024819612503051758
/20220307-SMPT/RwMutex-PT-r0010w0020/RC-03.smt2,sat,0.036569833755493164
/20220307-SMPT/RwMutex-PT-r0010w0020/RF-02.smt2,sat,0.028484106063842773
/20220307-SMPT/RwMutex-PT-r0010w0020/RC-11.smt2,sat,0.02464151382446289
/20220307-SMPT/RwMutex-PT-r0010w0020/RF-03.smt2,sat,0.03032660484313965
/20220307-SMPT/RwMutex-PT-r0010w0020/RC-01.smt2,sat,0.023021697998046875
/20220307-SMPT/RwMutex-PT-r0010w0020/RF-00.smt2,sat,0.02427053451538086
/20220307-SMPT/RwMutex-PT-r0010w0020/RC-04.smt2,sat,0.02942204475402832
/20220307-SMPT/RwMutex-PT-r0010w0020/RF-11.smt2,unsat,0.020040035247802734
/20220307-SMPT/RwMutex-PT-r0010w0020/RC-13.smt2,sat,0.0543520450592041
/20220307-SMPT/RwMutex-PT-r0010w0020/RC-06.smt2,unsat,0.01566147804260254
/20220307-SMPT/RwMutex-PT-r0010w0020/RC-14.smt2,sat,0.04003572463989258
/20220307-SMPT/RwMutex-PT-r0010w0020/RC-10.smt2,sat,0.03040456771850586
/20220307-SMPT/RwMutex-PT-r0010w0020/RF-04.smt2,sat,0.02690577507019043
/20220307-SMPT/RwMutex-PT-r0010w0020/RF-01.smt2,sat,0.024280548095703125
/20220307-SMPT/RwMutex-PT-r0010w0020/RC-05.smt2,sat,0.025444984436035156
/20220307-SMPT/RwMutex-PT-r0010w0020/RC-00.smt2,sat,0.02400994300842285
/20220307-SMPT/RwMutex-PT-r0010w0020/RF-05.smt2,sat,0.024312973022460938
/20220307-SMPT/RwMutex-PT-r0010w0020/RF-07.smt2,sat,0.028406620025634766
/20220307-SMPT/RwMutex-PT-r0010w0020/RF-10.smt2,sat,0.022875547409057617
/20220307-SMPT/RwMutex-PT-r0010w0020/RF-08.smt2,sat,0.11857485771179199
/20220307-SMPT/RwMutex-PT-r0010w0020/RC-08.smt2,sat,0.03575921058654785
/20220307-SMPT/RwMutex-PT-r0010w0020/RF-15.smt2,sat,0.11797022819519043
/20220307-SMPT/RwMutex-PT-r0010w0020/RF-09.smt2,sat,0.028615713119506836
/20220307-SMPT/RwMutex-PT-r0010w0020/RC-07.smt2,unsat,0.027298688888549805
/20220307-SMPT/RwMutex-PT-r0010w0020/RF-06.smt2,unsat,0.016248464584350586
/20220307-SMPT/RwMutex-PT-r0010w0020/RC-09.smt2,sat,0.043651580810546875
/20220307-SMPT/RwMutex-PT-r0010w0020/RC-15.smt2,unsat,0.014615535736083984
/20220307-SMPT/RwMutex-PT-r0010w0020/RC-12.smt2,sat,0.027161598205566406
/20220307-SMPT/RwMutex-PT-r0010w0020/RF-14.smt2,sat,0.025721311569213867
/20220307-SMPT/RobotManipulation-PT-00500/RC-02.smt2,sat,0.00893712043762207
/20220307-SMPT/RobotManipulation-PT-00500/RF-12.smt2,sat,0.007971763610839844
/20220307-SMPT/RobotManipulation-PT-00500/RC-03.smt2,unsat,0.006
/20220307-SMPT/RobotManipulation-PT-00500/RF-02.smt2,sat,0.00759434700012207
/20220307-SMPT/RobotManipulation-PT-00500/RC-11.smt2,sat,0.006632804870605469
/20220307-SMPT/RobotManipulation-PT-00500/RF-03.smt2,unsat,0.005297422409057617
/20220307-SMPT/RobotManipulation-PT-00500/RC-01.smt2,unsat,0.005
/20220307-SMPT/RobotManipulation-PT-00500/RF-00.smt2,unsat,0.006
/20220307-SMPT/RobotManipulation-PT-00500/RC-04.smt2,sat,0.008989572525024414
/20220307-SMPT/RobotManipulation-PT-00500/RF-11.smt2,unsat,0.006
/20220307-SMPT/RobotManipulation-PT-00500/RC-13.smt2,unsat,0.007749080657958984
/20220307-SMPT/RobotManipulation-PT-00500/RC-06.smt2,unsat,0.008891582489013672
/20220307-SMPT/RobotManipulation-PT-00500/RC-14.smt2,unsat,0.005
/20220307-SMPT/RobotManipulation-PT-00500/RC-10.smt2,sat,0.009236335754394531
/20220307-SMPT/RobotManipulation-PT-00500/RF-04.smt2,unsat,0.005659818649291992
/20220307-SMPT/RobotManipulation-PT-00500/RF-01.smt2,sat,0.006618022918701172
/20220307-SMPT/RobotManipulation-PT-00500/RF-13.smt2,unsat,0.006
/20220307-SMPT/RobotManipulation-PT-00500/RC-05.smt2,sat,0.008251190185546875
/20220307-SMPT/RobotManipulation-PT-00500/RC-00.smt2,unsat,0.006
/20220307-SMPT/RobotManipulation-PT-00500/RF-05.smt2,sat,0.009224176406860352
/20220307-SMPT/RobotManipulation-PT-00500/RF-07.smt2,unsat,0.0076944828033447266
/20220307-SMPT/RobotManipulation-PT-00500/RF-08.smt2,sat,0.007470130920410156
/20220307-SMPT/RobotManipulation-PT-00500/RC-08.smt2,sat,0.009300708770751953
/20220307-SMPT/RobotManipulation-PT-00500/RF-15.smt2,unsat,0.007
/20220307-SMPT/RobotManipulation-PT-00500/RF-09.smt2,unsat,0.006
/20220307-SMPT/RobotManipulation-PT-00500/RC-07.smt2,sat,0.008003473281860352
/20220307-SMPT/RobotManipulation-PT-00500/RF-06.smt2,unsat,0.0057866573333740234
/20220307-SMPT/RobotManipulation-PT-00500/RC-09.smt2,sat,0.008924484252929688
/20220307-SMPT/RobotManipulation-PT-00500/RC-15.smt2,sat,0.008501291275024414
/20220307-SMPT/RobotManipulation-PT-00500/RC-12.smt2,sat,0.008849859237670898
/20220307-SMPT/FMS-PT-00010/RC-02.smt2,sat,0.00700831413269043
/20220307-SMPT/FMS-PT-00010/RF-12.smt2,sat,0.009155750274658203
/20220307-SMPT/FMS-PT-00010/RC-03.smt2,sat,0.011
/20220307-SMPT/FMS-PT-00010/RF-02.smt2,sat,0.0075495243072509766
/20220307-SMPT/FMS-PT-00010/RC-11.smt2,unsat,0.005986690521240234
/20220307-SMPT/FMS-PT-00010/RF-03.smt2,sat,0.008528470993041992
/20220307-SMPT/FMS-PT-00010/RC-01.smt2,unsat,0.00707554817199707
/20220307-SMPT/FMS-PT-00010/RF-00.smt2,sat,0.008082866668701172
/20220307-SMPT/FMS-PT-00010/RC-04.smt2,sat,0.006916046142578125
/20220307-SMPT/FMS-PT-00010/RF-11.smt2,unsat,0.006
/20220307-SMPT/FMS-PT-00010/RC-06.smt2,unsat,0.00552678108215332
/20220307-SMPT/FMS-PT-00010/RC-14.smt2,unsat,0.006
/20220307-SMPT/FMS-PT-00010/RC-10.smt2,sat,0.00754094123840332
/20220307-SMPT/FMS-PT-00010/RF-04.smt2,sat,0.0067746639251708984
/20220307-SMPT/FMS-PT-00010/RF-01.smt2,sat,0.008453845977783203
/20220307-SMPT/FMS-PT-00010/RF-13.smt2,sat,0.006766557693481445
/20220307-SMPT/FMS-PT-00010/RC-05.smt2,sat,0.008479595184326172
/20220307-SMPT/FMS-PT-00010/RC-00.smt2,unsat,0.006
/20220307-SMPT/FMS-PT-00010/RF-05.smt2,sat,0.007207632064819336
/20220307-SMPT/FMS-PT-00010/RF-07.smt2,sat,0.007779836654663086
/20220307-SMPT/FMS-PT-00010/RF-10.smt2,sat,0.0070726871490478516
/20220307-SMPT/FMS-PT-00010/RF-08.smt2,sat,0.008398056030273438
/20220307-SMPT/FMS-PT-00010/RC-08.smt2,sat,0.007218360900878906
/20220307-SMPT/FMS-PT-00010/RF-15.smt2,sat,0.007844686508178711
/20220307-SMPT/FMS-PT-00010/RC-07.smt2,sat,0.009729862213134766
/20220307-SMPT/FMS-PT-00010/RF-06.smt2,sat,0.008062124252319336
/20220307-SMPT/FMS-PT-00010/RC-09.smt2,sat,0.011
/20220307-SMPT/FMS-PT-00010/RC-15.smt2,sat,0.007921934127807617
/20220307-SMPT/FMS-PT-00010/RC-12.smt2,sat,0.0074999332427978516
/20220307-SMPT/SmallOperatingSystem-PT-MT0256DC0128/RC-02.smt2,sat,0.006596088409423828
/20220307-SMPT/SmallOperatingSystem-PT-MT0256DC0128/RF-12.smt2,sat,0.008
/20220307-SMPT/SmallOperatingSystem-PT-MT0256DC0128/RC-03.smt2,unsat,0.007132053375244141
/20220307-SMPT/SmallOperatingSystem-PT-MT0256DC0128/RF-02.smt2,sat,0.0060613155364990234
/20220307-SMPT/SmallOperatingSystem-PT-MT0256DC0128/RC-11.smt2,sat,0.007897138595581055
/20220307-SMPT/SmallOperatingSystem-PT-MT0256DC0128/RF-03.smt2,unsat,0.0076465606689453125
/20220307-SMPT/SmallOperatingSystem-PT-MT0256DC0128/RC-01.smt2,unsat,0.005
/20220307-SMPT/SmallOperatingSystem-PT-MT0256DC0128/RF-00.smt2,sat,0.006308317184448242
/20220307-SMPT/SmallOperatingSystem-PT-MT0256DC0128/RC-04.smt2,sat,0.006805896759033203
/20220307-SMPT/SmallOperatingSystem-PT-MT0256DC0128/RF-11.smt2,sat,0.005757808685302734
/20220307-SMPT/SmallOperatingSystem-PT-MT0256DC0128/RC-13.smt2,sat,0.006775856018066406
/20220307-SMPT/SmallOperatingSystem-PT-MT0256DC0128/RC-06.smt2,sat,0.0063288211822509766
/20220307-SMPT/SmallOperatingSystem-PT-MT0256DC0128/RC-10.smt2,sat,0.006022453308105469
/20220307-SMPT/SmallOperatingSystem-PT-MT0256DC0128/RF-04.smt2,sat,0.006453752517700195
/20220307-SMPT/SmallOperatingSystem-PT-MT0256DC0128/RF-01.smt2,unsat,0.007830381393432617
/20220307-SMPT/SmallOperatingSystem-PT-MT0256DC0128/RF-13.smt2,sat,0.008077621459960938
/20220307-SMPT/SmallOperatingSystem-PT-MT0256DC0128/RC-05.smt2,sat,0.0065767765045166016
/20220307-SMPT/SmallOperatingSystem-PT-MT0256DC0128/RC-00.smt2,sat,0.0064051151275634766
/20220307-SMPT/SmallOperatingSystem-PT-MT0256DC0128/RF-05.smt2,sat,0.008
/20220307-SMPT/SmallOperatingSystem-PT-MT0256DC0128/RF-08.smt2,unsat,0.005
/20220307-SMPT/SmallOperatingSystem-PT-MT0256DC0128/RC-08.smt2,sat,0.007632017135620117
/20220307-SMPT/SmallOperatingSystem-PT-MT0256DC0128/RF-15.smt2,unsat,0.004
/20220307-SMPT/SmallOperatingSystem-PT-MT0256DC0128/RC-07.smt2,sat,0.006093263626098633
/20220307-SMPT/SmallOperatingSystem-PT-MT0256DC0128/RF-06.smt2,sat,0.008
/20220307-SMPT/SmallOperatingSystem-PT-MT0256DC0128/RC-09.smt2,unsat,0.004
/20220307-SMPT/SmallOperatingSystem-PT-MT0256DC0128/RC-15.smt2,sat,0.007
/20220307-SMPT/SmallOperatingSystem-PT-MT0256DC0128/RC-12.smt2,sat,0.007
/20220307-SMPT/FMS-PT-00200/RC-02.smt2,sat,0.011
/20220307-SMPT/FMS-PT-00200/RF-12.smt2,sat,0.00824117660522461
/20220307-SMPT/FMS-PT-00200/RC-03.smt2,sat,0.007788419723510742
/20220307-SMPT/FMS-PT-00200/RF-02.smt2,sat,0.007549285888671875
/20220307-SMPT/FMS-PT-00200/RC-11.smt2,unsat,0.006722927093505859
/20220307-SMPT/FMS-PT-00200/RF-03.smt2,sat,0.008241415023803711
/20220307-SMPT/FMS-PT-00200/RC-01.smt2,sat,0.006822109222412109
/20220307-SMPT/FMS-PT-00200/RF-00.smt2,sat,0.01
/20220307-SMPT/FMS-PT-00200/RC-04.smt2,sat,0.008097648620605469
/20220307-SMPT/FMS-PT-00200/RF-11.smt2,sat,0.007786989212036133
/20220307-SMPT/FMS-PT-00200/RC-13.smt2,sat,0.008756875991821289
/20220307-SMPT/FMS-PT-00200/RC-06.smt2,sat,0.0071828365325927734
/20220307-SMPT/FMS-PT-00200/RC-14.smt2,sat,0.008624076843261719
/20220307-SMPT/FMS-PT-00200/RC-10.smt2,sat,0.007252216339111328
/20220307-SMPT/FMS-PT-00200/RF-04.smt2,sat,0.007080078125
/20220307-SMPT/FMS-PT-00200/RF-01.smt2,sat,0.007224082946777344
/20220307-SMPT/FMS-PT-00200/RC-05.smt2,sat,0.011
/20220307-SMPT/FMS-PT-00200/RC-00.smt2,sat,0.0068395137786865234
/20220307-SMPT/FMS-PT-00200/RF-05.smt2,sat,0.008284330368041992
/20220307-SMPT/FMS-PT-00200/RF-07.smt2,sat,0.009
/20220307-SMPT/FMS-PT-00200/RF-10.smt2,sat,0.009105920791625977
/20220307-SMPT/FMS-PT-00200/RF-08.smt2,unsat,0.005656242370605469
/20220307-SMPT/FMS-PT-00200/RC-08.smt2,sat,0.006094217300415039
/20220307-SMPT/FMS-PT-00200/RF-15.smt2,unsat,0.005946636199951172
/20220307-SMPT/FMS-PT-00200/RF-09.smt2,sat,0.007198810577392578
/20220307-SMPT/FMS-PT-00200/RC-07.smt2,sat,0.007016181945800781
/20220307-SMPT/FMS-PT-00200/RF-06.smt2,sat,0.008771419525146484
/20220307-SMPT/FMS-PT-00200/RC-09.smt2,sat,0.00750422477722168
/20220307-SMPT/FMS-PT-00200/RC-15.smt2,sat,0.008568525314331055
/20220307-SMPT/FMS-PT-00200/RC-12.smt2,sat,0.007100820541381836
/20220307-SMPT/FMS-PT-00200/RF-14.smt2,sat,0.006984233856201172
/20220307-SMPT/MAPK-PT-00160/RC-02.smt2,sat,0.010254144668579102
/20220307-SMPT/MAPK-PT-00160/RF-12.smt2,sat,0.00877523422241211
/20220307-SMPT/MAPK-PT-00160/RC-03.smt2,sat,0.012899398803710938
/20220307-SMPT/MAPK-PT-00160/RF-02.smt2,sat,0.00913381576538086
/20220307-SMPT/MAPK-PT-00160/RC-11.smt2,sat,0.007369518280029297
/20220307-SMPT/MAPK-PT-00160/RF-03.smt2,sat,0.009352445602416992
/20220307-SMPT/MAPK-PT-00160/RC-01.smt2,sat,0.01231837272644043
/20220307-SMPT/MAPK-PT-00160/RF-00.smt2,unsat,0.007657766342163086
/20220307-SMPT/MAPK-PT-00160/RC-04.smt2,sat,0.009058237075805664
/20220307-SMPT/MAPK-PT-00160/RF-11.smt2,unsat,0.007538557052612305
/20220307-SMPT/MAPK-PT-00160/RC-13.smt2,sat,0.011879205703735352
/20220307-SMPT/MAPK-PT-00160/RC-06.smt2,sat,0.009761571884155273
/20220307-SMPT/MAPK-PT-00160/RC-14.smt2,sat,0.009801864624023438
/20220307-SMPT/MAPK-PT-00160/RC-10.smt2,sat,0.009464740753173828
/20220307-SMPT/MAPK-PT-00160/RF-04.smt2,sat,0.009374618530273438
/20220307-SMPT/MAPK-PT-00160/RF-01.smt2,sat,0.008946895599365234
/20220307-SMPT/MAPK-PT-00160/RF-13.smt2,sat,0.00892782211303711
/20220307-SMPT/MAPK-PT-00160/RC-05.smt2,unsat,0.006563663482666016
/20220307-SMPT/MAPK-PT-00160/RC-00.smt2,sat,0.009273529052734375
/20220307-SMPT/MAPK-PT-00160/RF-05.smt2,sat,0.009789705276489258
/20220307-SMPT/MAPK-PT-00160/RF-07.smt2,sat,0.008664369583129883
/20220307-SMPT/MAPK-PT-00160/RF-10.smt2,sat,0.009184122085571289
/20220307-SMPT/MAPK-PT-00160/RF-08.smt2,sat,0.018
/20220307-SMPT/MAPK-PT-00160/RC-08.smt2,sat,0.01003408432006836
/20220307-SMPT/MAPK-PT-00160/RF-15.smt2,sat,0.00888824462890625
/20220307-SMPT/MAPK-PT-00160/RF-09.smt2,sat,0.008659601211547852
/20220307-SMPT/MAPK-PT-00160/RC-07.smt2,unsat,0.008503913879394531
/20220307-SMPT/MAPK-PT-00160/RF-06.smt2,unsat,0.005904436111450195
/20220307-SMPT/MAPK-PT-00160/RC-09.smt2,sat,0.010296106338500977
/20220307-SMPT/MAPK-PT-00160/RC-15.smt2,sat,0.010610580444335938
/20220307-SMPT/MAPK-PT-00160/RC-12.smt2,sat,0.010303258895874023
/20220307-SMPT/MAPK-PT-00160/RF-14.smt2,unsat,0.009819984436035156
/20220307-SMPT/HouseConstruction-PT-00005/RC-02.smt2,sat,0.009638786315917969
/20220307-SMPT/HouseConstruction-PT-00005/RF-12.smt2,sat,0.010088920593261719
/20220307-SMPT/HouseConstruction-PT-00005/RC-03.smt2,unsat,0.014588117599487305
/20220307-SMPT/HouseConstruction-PT-00005/RF-02.smt2,unsat,0.007
/20220307-SMPT/HouseConstruction-PT-00005/RC-11.smt2,sat,0.017
/20220307-SMPT/HouseConstruction-PT-00005/RF-03.smt2,sat,0.010969877243041992
/20220307-SMPT/HouseConstruction-PT-00005/RC-01.smt2,sat,0.008566141128540039
/20220307-SMPT/HouseConstruction-PT-00005/RF-00.smt2,sat,0.010770082473754883
/20220307-SMPT/HouseConstruction-PT-00005/RC-04.smt2,sat,0.008591651916503906
/20220307-SMPT/HouseConstruction-PT-00005/RF-11.smt2,sat,0.008975505828857422
/20220307-SMPT/HouseConstruction-PT-00005/RC-13.smt2,sat,0.010185956954956055
/20220307-SMPT/HouseConstruction-PT-00005/RC-06.smt2,sat,0.00964808464050293
/20220307-SMPT/HouseConstruction-PT-00005/RC-14.smt2,sat,0.00946950912475586
/20220307-SMPT/HouseConstruction-PT-00005/RC-10.smt2,unsat,0.01186990737915039
/20220307-SMPT/HouseConstruction-PT-00005/RF-04.smt2,sat,0.009282588958740234
/20220307-SMPT/HouseConstruction-PT-00005/RF-01.smt2,sat,0.009689569473266602
/20220307-SMPT/HouseConstruction-PT-00005/RF-13.smt2,sat,0.00940561294555664
/20220307-SMPT/HouseConstruction-PT-00005/RC-05.smt2,sat,0.008946418762207031
/20220307-SMPT/HouseConstruction-PT-00005/RC-00.smt2,unsat,0.009949684143066406
/20220307-SMPT/HouseConstruction-PT-00005/RF-05.smt2,unsat,0.005458831787109375
/20220307-SMPT/HouseConstruction-PT-00005/RF-07.smt2,sat,0.010216236114501953
/20220307-SMPT/HouseConstruction-PT-00005/RF-10.smt2,sat,0.009778499603271484
/20220307-SMPT/HouseConstruction-PT-00005/RF-08.smt2,sat,0.010179281234741211
/20220307-SMPT/HouseConstruction-PT-00005/RC-08.smt2,unsat,0.005147695541381836
/20220307-SMPT/HouseConstruction-PT-00005/RF-15.smt2,sat,0.009570837020874023
/20220307-SMPT/HouseConstruction-PT-00005/RF-09.smt2,sat,0.010264396667480469
/20220307-SMPT/HouseConstruction-PT-00005/RC-07.smt2,sat,0.011191844940185547
/20220307-SMPT/HouseConstruction-PT-00005/RF-06.smt2,unsat,0.006186485290527344
/20220307-SMPT/HouseConstruction-PT-00005/RC-09.smt2,sat,0.009111404418945312
/20220307-SMPT/HouseConstruction-PT-00005/RC-15.smt2,sat,0.009131669998168945
/20220307-SMPT/HouseConstruction-PT-00005/RC-12.smt2,sat,0.009002685546875
/20220307-SMPT/HouseConstruction-PT-00005/RF-14.smt2,sat,0.008737325668334961
/20220307-SMPT/CircularTrains-PT-192/RC-02.smt2,sat,0.055542945861816406
/20220307-SMPT/CircularTrains-PT-192/RF-12.smt2,sat,0.05541872978210449
/20220307-SMPT/CircularTrains-PT-192/RC-03.smt2,sat,0.056870460510253906
/20220307-SMPT/CircularTrains-PT-192/RF-02.smt2,sat,0.05473160743713379
/20220307-SMPT/CircularTrains-PT-192/RC-11.smt2,sat,0.0544891357421875
/20220307-SMPT/CircularTrains-PT-192/RF-03.smt2,sat,0.05440664291381836
/20220307-SMPT/CircularTrains-PT-192/RC-01.smt2,unsat,0.05575156211853027
/20220307-SMPT/CircularTrains-PT-192/RF-00.smt2,sat,0.058112144470214844
/20220307-SMPT/CircularTrains-PT-192/RC-04.smt2,unsat,0.053179264068603516
/20220307-SMPT/CircularTrains-PT-192/RC-13.smt2,sat,0.05519294738769531
/20220307-SMPT/CircularTrains-PT-192/RC-06.smt2,unsat,0.03526711463928223
/20220307-SMPT/CircularTrains-PT-192/RC-14.smt2,sat,0.05545639991760254
/20220307-SMPT/CircularTrains-PT-192/RC-10.smt2,sat,0.0556337833404541
/20220307-SMPT/CircularTrains-PT-192/RF-04.smt2,unsat,0.03767728805541992
/20220307-SMPT/CircularTrains-PT-192/RF-01.smt2,sat,0.05718088150024414
/20220307-SMPT/CircularTrains-PT-192/RF-13.smt2,sat,0.06133079528808594
/20220307-SMPT/CircularTrains-PT-192/RC-05.smt2,sat,0.052083730697631836
/20220307-SMPT/CircularTrains-PT-192/RC-00.smt2,sat,0.0605778694152832
/20220307-SMPT/CircularTrains-PT-192/RF-05.smt2,sat,0.054255008697509766
/20220307-SMPT/CircularTrains-PT-192/RF-07.smt2,sat,0.05546689033508301
/20220307-SMPT/CircularTrains-PT-192/RF-10.smt2,sat,0.052408456802368164
/20220307-SMPT/CircularTrains-PT-192/RF-08.smt2,sat,0.05576038360595703
/20220307-SMPT/CircularTrains-PT-192/RC-08.smt2,unsat,0.044669151306152344
/20220307-SMPT/CircularTrains-PT-192/RF-15.smt2,sat,0.054342031478881836
/20220307-SMPT/CircularTrains-PT-192/RF-09.smt2,sat,0.05283665657043457
/20220307-SMPT/CircularTrains-PT-192/RC-07.smt2,sat,0.057337045669555664
/20220307-SMPT/CircularTrains-PT-192/RF-06.smt2,sat,0.055207252502441406
/20220307-SMPT/CircularTrains-PT-192/RC-09.smt2,unsat,0.037328243255615234
/20220307-SMPT/CircularTrains-PT-192/RC-15.smt2,unsat,0.03722214698791504
/20220307-SMPT/CircularTrains-PT-192/RC-12.smt2,unsat,0.030508995056152344
/20220307-SMPT/CircularTrains-PT-192/RF-14.smt2,sat,0.05684161186218262
/20220307-SMPT/SmallOperatingSystem-PT-MT0128DC0032/RC-02.smt2,unsat,0.004
/20220307-SMPT/SmallOperatingSystem-PT-MT0128DC0032/RF-12.smt2,sat,0.006220579147338867
/20220307-SMPT/SmallOperatingSystem-PT-MT0128DC0032/RC-03.smt2,sat,0.008
/20220307-SMPT/SmallOperatingSystem-PT-MT0128DC0032/RC-11.smt2,unsat,0.006133317947387695
/20220307-SMPT/SmallOperatingSystem-PT-MT0128DC0032/RF-03.smt2,sat,0.0064203739166259766
/20220307-SMPT/SmallOperatingSystem-PT-MT0128DC0032/RC-01.smt2,sat,0.006081342697143555
/20220307-SMPT/SmallOperatingSystem-PT-MT0128DC0032/RF-00.smt2,sat,0.008086442947387695
/20220307-SMPT/SmallOperatingSystem-PT-MT0128DC0032/RC-04.smt2,sat,0.007
/20220307-SMPT/SmallOperatingSystem-PT-MT0128DC0032/RF-11.smt2,sat,0.006796360015869141
/20220307-SMPT/SmallOperatingSystem-PT-MT0128DC0032/RC-13.smt2,unsat,0.00638580322265625
/20220307-SMPT/SmallOperatingSystem-PT-MT0128DC0032/RC-06.smt2,sat,0.00640559196472168
/20220307-SMPT/SmallOperatingSystem-PT-MT0128DC0032/RC-14.smt2,sat,0.007935523986816406
/20220307-SMPT/SmallOperatingSystem-PT-MT0128DC0032/RC-10.smt2,sat,0.005535602569580078
/20220307-SMPT/SmallOperatingSystem-PT-MT0128DC0032/RF-04.smt2,unsat,0.004
/20220307-SMPT/SmallOperatingSystem-PT-MT0128DC0032/RF-01.smt2,sat,0.007578611373901367
/20220307-SMPT/SmallOperatingSystem-PT-MT0128DC0032/RF-13.smt2,sat,0.00750279426574707
/20220307-SMPT/SmallOperatingSystem-PT-MT0128DC0032/RC-00.smt2,sat,0.00668025016784668
/20220307-SMPT/SmallOperatingSystem-PT-MT0128DC0032/RF-07.smt2,sat,0.0070078372955322266
/20220307-SMPT/SmallOperatingSystem-PT-MT0128DC0032/RF-10.smt2,unsat,0.004
/20220307-SMPT/SmallOperatingSystem-PT-MT0128DC0032/RF-08.smt2,sat,0.008
/20220307-SMPT/SmallOperatingSystem-PT-MT0128DC0032/RF-15.smt2,sat,0.006636619567871094
/20220307-SMPT/SmallOperatingSystem-PT-MT0128DC0032/RC-07.smt2,sat,0.007227182388305664
/20220307-SMPT/SmallOperatingSystem-PT-MT0128DC0032/RC-09.smt2,unsat,0.008940935134887695
/20220307-SMPT/SmallOperatingSystem-PT-MT0128DC0032/RC-15.smt2,unsat,0.004
/20220307-SMPT/SmallOperatingSystem-PT-MT0128DC0032/RC-12.smt2,sat,0.007540225982666016
/20220307-SMPT/RobotManipulation-PT-00002/RC-02.smt2,sat,0.00932621955871582
/20220307-SMPT/RobotManipulation-PT-00002/RF-12.smt2,sat,0.008810758590698242
/20220307-SMPT/RobotManipulation-PT-00002/RC-03.smt2,sat,0.0077893733978271484
/20220307-SMPT/RobotManipulation-PT-00002/RF-02.smt2,sat,0.007712602615356445
/20220307-SMPT/RobotManipulation-PT-00002/RC-11.smt2,unsat,0.007208347320556641
/20220307-SMPT/RobotManipulation-PT-00002/RF-03.smt2,sat,0.0075871944427490234
/20220307-SMPT/RobotManipulation-PT-00002/RC-01.smt2,sat,0.00909566879272461
/20220307-SMPT/RobotManipulation-PT-00002/RF-00.smt2,sat,0.0075168609619140625
/20220307-SMPT/RobotManipulation-PT-00002/RC-04.smt2,sat,0.009135961532592773
/20220307-SMPT/RobotManipulation-PT-00002/RF-11.smt2,sat,0.007593870162963867
/20220307-SMPT/RobotManipulation-PT-00002/RC-13.smt2,sat,0.00856637954711914
/20220307-SMPT/RobotManipulation-PT-00002/RC-06.smt2,sat,0.008014202117919922
/20220307-SMPT/RobotManipulation-PT-00002/RC-14.smt2,sat,0.008629083633422852
/20220307-SMPT/RobotManipulation-PT-00002/RC-10.smt2,sat,0.006911277770996094
/20220307-SMPT/RobotManipulation-PT-00002/RF-04.smt2,sat,0.007663726806640625
/20220307-SMPT/RobotManipulation-PT-00002/RF-01.smt2,sat,0.009263753890991211
/20220307-SMPT/RobotManipulation-PT-00002/RF-13.smt2,sat,0.006485462188720703
/20220307-SMPT/RobotManipulation-PT-00002/RC-05.smt2,sat,0.007750511169433594
/20220307-SMPT/RobotManipulation-PT-00002/RC-00.smt2,sat,0.007798671722412109
/20220307-SMPT/RobotManipulation-PT-00002/RF-05.smt2,sat,0.007823705673217773
/20220307-SMPT/RobotManipulation-PT-00002/RF-07.smt2,sat,0.008637428283691406
/20220307-SMPT/RobotManipulation-PT-00002/RF-08.smt2,sat,0.009647369384765625
/20220307-SMPT/RobotManipulation-PT-00002/RC-08.smt2,sat,0.007820367813110352
/20220307-SMPT/RobotManipulation-PT-00002/RF-15.smt2,sat,0.009223222732543945
/20220307-SMPT/RobotManipulation-PT-00002/RF-09.smt2,sat,0.007554769515991211
/20220307-SMPT/RobotManipulation-PT-00002/RC-07.smt2,sat,0.007423877716064453
/20220307-SMPT/RobotManipulation-PT-00002/RF-06.smt2,sat,0.007127285003662109
/20220307-SMPT/RobotManipulation-PT-00002/RC-09.smt2,sat,0.009067535400390625
/20220307-SMPT/RobotManipulation-PT-00002/RC-15.smt2,sat,0.008249044418334961
/20220307-SMPT/RobotManipulation-PT-00002/RC-12.smt2,sat,0.0073392391204833984
/20220307-SMPT/RobotManipulation-PT-00002/RF-14.smt2,sat,0.007452487945556641
/20220307-SMPT/SwimmingPool-PT-03/RC-02.smt2,sat,0.006234884262084961
/20220307-SMPT/SwimmingPool-PT-03/RF-12.smt2,sat,0.007
/20220307-SMPT/SwimmingPool-PT-03/RC-03.smt2,sat,0.006
/20220307-SMPT/SwimmingPool-PT-03/RF-02.smt2,unsat,0.004
/20220307-SMPT/SwimmingPool-PT-03/RC-11.smt2,sat,0.006
/20220307-SMPT/SwimmingPool-PT-03/RF-03.smt2,sat,0.006
/20220307-SMPT/SwimmingPool-PT-03/RC-01.smt2,sat,0.005842447280883789
/20220307-SMPT/SwimmingPool-PT-03/RF-00.smt2,sat,0.006
/20220307-SMPT/SwimmingPool-PT-03/RC-04.smt2,sat,0.006763935089111328
/20220307-SMPT/SwimmingPool-PT-03/RF-11.smt2,unsat,0.004
/20220307-SMPT/SwimmingPool-PT-03/RC-13.smt2,sat,0.0054912567138671875
/20220307-SMPT/SwimmingPool-PT-03/RC-06.smt2,sat,0.0059850215911865234
/20220307-SMPT/SwimmingPool-PT-03/RC-14.smt2,unsat,0.005333423614501953
/20220307-SMPT/SwimmingPool-PT-03/RC-10.smt2,sat,0.006
/20220307-SMPT/SwimmingPool-PT-03/RF-04.smt2,sat,0.006
/20220307-SMPT/SwimmingPool-PT-03/RF-01.smt2,sat,0.007937192916870117
/20220307-SMPT/SwimmingPool-PT-03/RF-13.smt2,sat,0.006
/20220307-SMPT/SwimmingPool-PT-03/RC-00.smt2,sat,0.006
/20220307-SMPT/SwimmingPool-PT-03/RF-05.smt2,unsat,0.004
/20220307-SMPT/SwimmingPool-PT-03/RF-10.smt2,sat,0.006831169128417969
/20220307-SMPT/SwimmingPool-PT-03/RC-08.smt2,sat,0.007
/20220307-SMPT/SwimmingPool-PT-03/RC-07.smt2,sat,0.006138801574707031
/20220307-SMPT/SwimmingPool-PT-03/RF-06.smt2,unsat,0.003
/20220307-SMPT/SwimmingPool-PT-03/RC-09.smt2,sat,0.005890607833862305
/20220307-SMPT/SwimmingPool-PT-03/RC-15.smt2,unsat,0.004
/20220307-SMPT/SwimmingPool-PT-03/RC-12.smt2,sat,0.006742954254150391
/20220307-SMPT/SwimmingPool-PT-03/RF-14.smt2,sat,0.006
/20220307-SMPT/FamilyReunion-PT-L00400M0040C020P020G001/RC-02.smt2,failed,1200.0
/20220307-SMPT/FamilyReunion-PT-L00400M0040C020P020G001/RF-12.smt2,failed,1200.0
/20220307-SMPT/FamilyReunion-PT-L00400M0040C020P020G001/RC-03.smt2,failed,1200.0
/20220307-SMPT/FamilyReunion-PT-L00400M0040C020P020G001/RF-02.smt2,failed,1200.0
/20220307-SMPT/FamilyReunion-PT-L00400M0040C020P020G001/RC-11.smt2,failed,1200.0
/20220307-SMPT/FamilyReunion-PT-L00400M0040C020P020G001/RF-03.smt2,failed,1200.0
/20220307-SMPT/FamilyReunion-PT-L00400M0040C020P020G001/RC-01.smt2,failed,1200.0
/20220307-SMPT/FamilyReunion-PT-L00400M0040C020P020G001/RF-00.smt2,failed,1200.0
/20220307-SMPT/FamilyReunion-PT-L00400M0040C020P020G001/RC-04.smt2,failed,1200.0
/20220307-SMPT/FamilyReunion-PT-L00400M0040C020P020G001/RF-11.smt2,failed,1200.0
/20220307-SMPT/FamilyReunion-PT-L00400M0040C020P020G001/RC-13.smt2,failed,1200.0
/20220307-SMPT/FamilyReunion-PT-L00400M0040C020P020G001/RC-06.smt2,failed,1200.0
/20220307-SMPT/FamilyReunion-PT-L00400M0040C020P020G001/RC-14.smt2,failed,1200.0
/20220307-SMPT/FamilyReunion-PT-L00400M0040C020P020G001/RC-10.smt2,failed,1200.0
/20220307-SMPT/FamilyReunion-PT-L00400M0040C020P020G001/RF-04.smt2,failed,1200.0
/20220307-SMPT/FamilyReunion-PT-L00400M0040C020P020G001/RF-01.smt2,failed,1200.0
/20220307-SMPT/FamilyReunion-PT-L00400M0040C020P020G001/RF-13.smt2,failed,1200.0
/20220307-SMPT/FamilyReunion-PT-L00400M0040C020P020G001/RC-05.smt2,failed,1200.0
/20220307-SMPT/FamilyReunion-PT-L00400M0040C020P020G001/RC-00.smt2,failed,1200.0
/20220307-SMPT/FamilyReunion-PT-L00400M0040C020P020G001/RF-05.smt2,failed,1200.0
/20220307-SMPT/FamilyReunion-PT-L00400M0040C020P020G001/RF-07.smt2,failed,1200.0
/20220307-SMPT/FamilyReunion-PT-L00400M0040C020P020G001/RF-10.smt2,failed,1200.0
/20220307-SMPT/FamilyReunion-PT-L00400M0040C020P020G001/RF-08.smt2,failed,1200.0
/20220307-SMPT/FamilyReunion-PT-L00400M0040C020P020G001/RC-08.smt2,failed,1200.0
/20220307-SMPT/FamilyReunion-PT-L00400M0040C020P020G001/RF-15.smt2,failed,1200.0
/20220307-SMPT/FamilyReunion-PT-L00400M0040C020P020G001/RF-09.smt2,failed,1200.0
/20220307-SMPT/FamilyReunion-PT-L00400M0040C020P020G001/RC-07.smt2,failed,1200.0
/20220307-SMPT/FamilyReunion-PT-L00400M0040C020P020G001/RF-06.smt2,failed,1200.0
/20220307-SMPT/FamilyReunion-PT-L00400M0040C020P020G001/RC-09.smt2,failed,1200.0
/20220307-SMPT/FamilyReunion-PT-L00400M0040C020P020G001/RC-15.smt2,failed,1200.0
/20220307-SMPT/FamilyReunion-PT-L00400M0040C020P020G001/RC-12.smt2,failed,1200.0
/20220307-SMPT/FamilyReunion-PT-L00400M0040C020P020G001/RF-14.smt2,failed,1200.0
/20220307-SMPT/Kanban-PT-00050/RC-02.smt2,sat,0.005351543426513672
/20220307-SMPT/Kanban-PT-00050/RF-12.smt2,sat,0.0067255496978759766
/20220307-SMPT/Kanban-PT-00050/RC-03.smt2,sat,0.007291555404663086
/20220307-SMPT/Kanban-PT-00050/RF-02.smt2,sat,0.0065882205963134766
/20220307-SMPT/Kanban-PT-00050/RC-11.smt2,sat,0.008156538009643555
/20220307-SMPT/Kanban-PT-00050/RF-03.smt2,unsat,0.005
/20220307-SMPT/Kanban-PT-00050/RC-01.smt2,unsat,0.008828163146972656
/20220307-SMPT/Kanban-PT-00050/RF-00.smt2,sat,0.006801605224609375
/20220307-SMPT/Kanban-PT-00050/RC-04.smt2,sat,0.006047248840332031
/20220307-SMPT/Kanban-PT-00050/RF-11.smt2,sat,0.008
/20220307-SMPT/Kanban-PT-00050/RC-13.smt2,sat,0.00783085823059082
/20220307-SMPT/Kanban-PT-00050/RC-06.smt2,sat,0.007660388946533203
/20220307-SMPT/Kanban-PT-00050/RC-14.smt2,sat,0.006284952163696289
/20220307-SMPT/Kanban-PT-00050/RC-10.smt2,sat,0.008288860321044922
/20220307-SMPT/Kanban-PT-00050/RF-04.smt2,unsat,0.004
/20220307-SMPT/Kanban-PT-00050/RF-01.smt2,sat,0.006354808807373047
/20220307-SMPT/Kanban-PT-00050/RF-13.smt2,sat,0.007528066635131836
/20220307-SMPT/Kanban-PT-00050/RC-05.smt2,sat,0.006935596466064453
/20220307-SMPT/Kanban-PT-00050/RC-00.smt2,sat,0.00734710693359375
/20220307-SMPT/Kanban-PT-00050/RF-05.smt2,sat,0.007431983947753906
/20220307-SMPT/Kanban-PT-00050/RF-07.smt2,sat,0.006528139114379883
/20220307-SMPT/Kanban-PT-00050/RF-10.smt2,sat,0.006780385971069336
/20220307-SMPT/Kanban-PT-00050/RF-08.smt2,sat,0.00660395622253418
/20220307-SMPT/Kanban-PT-00050/RC-08.smt2,sat,0.0061604976654052734
/20220307-SMPT/Kanban-PT-00050/RF-15.smt2,sat,0.007950782775878906
/20220307-SMPT/Kanban-PT-00050/RF-09.smt2,sat,0.007393360137939453
/20220307-SMPT/Kanban-PT-00050/RC-07.smt2,sat,0.007271766662597656
/20220307-SMPT/Kanban-PT-00050/RF-06.smt2,sat,0.006341218948364258
/20220307-SMPT/Kanban-PT-00050/RC-09.smt2,sat,0.008848190307617188
/20220307-SMPT/Kanban-PT-00050/RC-15.smt2,sat,0.007410764694213867
/20220307-SMPT/Kanban-PT-00050/RC-12.smt2,sat,0.006747722625732422
/20220307-SMPT/Kanban-PT-00050/RF-14.smt2,sat,0.009
/20220307-SMPT/SmallOperatingSystem-PT-MT0512DC0256/RC-02.smt2,sat,0.0064737796783447266
/20220307-SMPT/SmallOperatingSystem-PT-MT0512DC0256/RF-12.smt2,sat,0.008
/20220307-SMPT/SmallOperatingSystem-PT-MT0512DC0256/RC-03.smt2,sat,0.007511615753173828
/20220307-SMPT/SmallOperatingSystem-PT-MT0512DC0256/RF-02.smt2,sat,0.0068514347076416016
/20220307-SMPT/SmallOperatingSystem-PT-MT0512DC0256/RC-11.smt2,sat,0.006766796112060547
/20220307-SMPT/SmallOperatingSystem-PT-MT0512DC0256/RF-03.smt2,unsat,0.004
/20220307-SMPT/SmallOperatingSystem-PT-MT0512DC0256/RC-01.smt2,sat,0.007203102111816406
/20220307-SMPT/SmallOperatingSystem-PT-MT0512DC0256/RF-00.smt2,unsat,0.004
/20220307-SMPT/SmallOperatingSystem-PT-MT0512DC0256/RC-04.smt2,sat,0.005898714065551758
/20220307-SMPT/SmallOperatingSystem-PT-MT0512DC0256/RF-11.smt2,unsat,0.006573677062988281
/20220307-SMPT/SmallOperatingSystem-PT-MT0512DC0256/RC-13.smt2,unsat,0.008053779602050781
/20220307-SMPT/SmallOperatingSystem-PT-MT0512DC0256/RC-06.smt2,unsat,0.0059108734130859375
/20220307-SMPT/SmallOperatingSystem-PT-MT0512DC0256/RC-14.smt2,unsat,0.005909442901611328
/20220307-SMPT/SmallOperatingSystem-PT-MT0512DC0256/RC-10.smt2,sat,0.006752729415893555
/20220307-SMPT/SmallOperatingSystem-PT-MT0512DC0256/RF-04.smt2,sat,0.00620722770690918
/20220307-SMPT/SmallOperatingSystem-PT-MT0512DC0256/RF-01.smt2,sat,0.008
/20220307-SMPT/SmallOperatingSystem-PT-MT0512DC0256/RF-13.smt2,unsat,0.006254673004150391
/20220307-SMPT/SmallOperatingSystem-PT-MT0512DC0256/RC-05.smt2,unsat,0.008
/20220307-SMPT/SmallOperatingSystem-PT-MT0512DC0256/RC-00.smt2,sat,0.00738525390625
/20220307-SMPT/SmallOperatingSystem-PT-MT0512DC0256/RF-05.smt2,sat,0.005901336669921875
/20220307-SMPT/SmallOperatingSystem-PT-MT0512DC0256/RF-07.smt2,sat,0.0075495243072509766
/20220307-SMPT/SmallOperatingSystem-PT-MT0512DC0256/RF-10.smt2,sat,0.008
/20220307-SMPT/SmallOperatingSystem-PT-MT0512DC0256/RF-08.smt2,unsat,0.005
/20220307-SMPT/SmallOperatingSystem-PT-MT0512DC0256/RC-08.smt2,sat,0.007094383239746094
/20220307-SMPT/SmallOperatingSystem-PT-MT0512DC0256/RF-15.smt2,sat,0.008
/20220307-SMPT/SmallOperatingSystem-PT-MT0512DC0256/RF-09.smt2,sat,0.007407188415527344
/20220307-SMPT/SmallOperatingSystem-PT-MT0512DC0256/RF-06.smt2,sat,0.008
/20220307-SMPT/SmallOperatingSystem-PT-MT0512DC0256/RC-09.smt2,unsat,0.004
/20220307-SMPT/SmallOperatingSystem-PT-MT0512DC0256/RC-15.smt2,sat,0.006665706634521484
/20220307-SMPT/SmallOperatingSystem-PT-MT0512DC0256/RC-12.smt2,unsat,0.007835865020751953
/20220307-SMPT/SmallOperatingSystem-PT-MT0512DC0256/RF-14.smt2,sat,0.006039857864379883
/20220307-SMPT/RwMutex-PT-r0010w0100/RC-02.smt2,unsat,0.05655646324157715
/20220307-SMPT/RwMutex-PT-r0010w0100/RF-12.smt2,sat,0.14463305473327637
/20220307-SMPT/RwMutex-PT-r0010w0100/RC-03.smt2,sat,0.11849212646484375
/20220307-SMPT/RwMutex-PT-r0010w0100/RF-02.smt2,sat,0.14707112312316895
/20220307-SMPT/RwMutex-PT-r0010w0100/RC-11.smt2,sat,0.13775277137756348
/20220307-SMPT/RwMutex-PT-r0010w0100/RF-03.smt2,sat,0.15146398544311523
/20220307-SMPT/RwMutex-PT-r0010w0100/RC-01.smt2,unsat,0.05633854866027832
/20220307-SMPT/RwMutex-PT-r0010w0100/RF-00.smt2,unsat,0.05302023887634277
/20220307-SMPT/RwMutex-PT-r0010w0100/RC-04.smt2,sat,0.13404321670532227
/20220307-SMPT/RwMutex-PT-r0010w0100/RF-11.smt2,sat,0.11680221557617188
/20220307-SMPT/RwMutex-PT-r0010w0100/RC-13.smt2,sat,0.15285515785217285
/20220307-SMPT/RwMutex-PT-r0010w0100/RC-06.smt2,sat,0.13348388671875
/20220307-SMPT/RwMutex-PT-r0010w0100/RC-14.smt2,sat,0.1607985496520996
/20220307-SMPT/RwMutex-PT-r0010w0100/RC-10.smt2,sat,0.1328883171081543
/20220307-SMPT/RwMutex-PT-r0010w0100/RF-04.smt2,sat,0.14456939697265625
/20220307-SMPT/RwMutex-PT-r0010w0100/RF-01.smt2,sat,0.141343355178833
/20220307-SMPT/RwMutex-PT-r0010w0100/RF-13.smt2,sat,0.15748167037963867
/20220307-SMPT/RwMutex-PT-r0010w0100/RC-05.smt2,sat,0.1357438564300537
/20220307-SMPT/RwMutex-PT-r0010w0100/RC-00.smt2,sat,0.15571999549865723
/20220307-SMPT/RwMutex-PT-r0010w0100/RF-05.smt2,sat,0.11365962028503418
/20220307-SMPT/RwMutex-PT-r0010w0100/RF-07.smt2,sat,0.15409135818481445
/20220307-SMPT/RwMutex-PT-r0010w0100/RF-10.smt2,sat,0.1437397003173828
/20220307-SMPT/RwMutex-PT-r0010w0100/RF-08.smt2,sat,0.13774585723876953
/20220307-SMPT/RwMutex-PT-r0010w0100/RC-08.smt2,sat,0.13178253173828125
/20220307-SMPT/RwMutex-PT-r0010w0100/RF-15.smt2,sat,0.1151430606842041
/20220307-SMPT/RwMutex-PT-r0010w0100/RF-09.smt2,sat,0.11673450469970703
/20220307-SMPT/RwMutex-PT-r0010w0100/RC-07.smt2,sat,0.12914681434631348
/20220307-SMPT/RwMutex-PT-r0010w0100/RF-06.smt2,sat,0.10865926742553711
/20220307-SMPT/RwMutex-PT-r0010w0100/RC-09.smt2,sat,0.143477201461792
/20220307-SMPT/RwMutex-PT-r0010w0100/RC-15.smt2,sat,0.1463460922241211
/20220307-SMPT/RwMutex-PT-r0010w0100/RC-12.smt2,sat,0.1329052448272705
/20220307-SMPT/RwMutex-PT-r0010w0100/RF-14.smt2,sat,0.14083623886108398
/20220307-SMPT/BART-PT-030/RC-02.smt2,sat,0.6023886203765869
/20220307-SMPT/BART-PT-030/RF-12.smt2,sat,0.52488112449646
/20220307-SMPT/BART-PT-030/RC-03.smt2,sat,0.6341285705566406
/20220307-SMPT/BART-PT-030/RF-02.smt2,sat,0.6179091930389404
/20220307-SMPT/BART-PT-030/RC-11.smt2,sat,0.560631275177002
/20220307-SMPT/BART-PT-030/RF-03.smt2,sat,0.6634607315063477
/20220307-SMPT/BART-PT-030/RC-01.smt2,unsat,0.11592674255371094
/20220307-SMPT/BART-PT-030/RF-00.smt2,sat,0.7524638175964355
/20220307-SMPT/BART-PT-030/RC-04.smt2,sat,0.6636815071105957
/20220307-SMPT/BART-PT-030/RF-11.smt2,sat,0.5098583698272705
/20220307-SMPT/BART-PT-030/RC-13.smt2,unsat,0.18901681900024414
/20220307-SMPT/BART-PT-030/RC-06.smt2,unsat,0.1969432830810547
/20220307-SMPT/BART-PT-030/RC-14.smt2,sat,0.6638214588165283
/20220307-SMPT/BART-PT-030/RC-10.smt2,unsat,0.18438291549682617
/20220307-SMPT/BART-PT-030/RF-04.smt2,sat,0.6175844669342041
/20220307-SMPT/BART-PT-030/RF-01.smt2,sat,0.5921361446380615
/20220307-SMPT/BART-PT-030/RF-13.smt2,sat,0.6125984191894531
/20220307-SMPT/BART-PT-030/RC-05.smt2,unsat,0.21767902374267578
/20220307-SMPT/BART-PT-030/RC-00.smt2,unsat,0.19016432762145996
/20220307-SMPT/BART-PT-030/RF-05.smt2,sat,0.5611896514892578
/20220307-SMPT/BART-PT-030/RF-07.smt2,sat,0.6328926086425781
/20220307-SMPT/BART-PT-030/RF-10.smt2,sat,0.6833150386810303
/20220307-SMPT/BART-PT-030/RF-08.smt2,sat,0.6524512767791748
/20220307-SMPT/BART-PT-030/RC-08.smt2,sat,0.6492886543273926
/20220307-SMPT/BART-PT-030/RF-15.smt2,sat,0.650360107421875
/20220307-SMPT/BART-PT-030/RF-09.smt2,sat,0.7190964221954346
/20220307-SMPT/BART-PT-030/RC-07.smt2,unsat,0.19456839561462402
/20220307-SMPT/BART-PT-030/RF-06.smt2,unsat,0.5836021900177002
/20220307-SMPT/BART-PT-030/RC-09.smt2,sat,0.5806663036346436
/20220307-SMPT/BART-PT-030/RC-15.smt2,unsat,0.18597102165222168
/20220307-SMPT/BART-PT-030/RC-12.smt2,sat,0.5709495544433594
/20220307-SMPT/BART-PT-030/RF-14.smt2,sat,0.676734447479248
/20220307-SMPT/SmallOperatingSystem-PT-MT0032DC0016/RC-02.smt2,unsat,0.00617671012878418
/20220307-SMPT/SmallOperatingSystem-PT-MT0032DC0016/RF-12.smt2,unsat,0.005
/20220307-SMPT/SmallOperatingSystem-PT-MT0032DC0016/RC-03.smt2,unsat,0.0069386959075927734
/20220307-SMPT/SmallOperatingSystem-PT-MT0032DC0016/RF-02.smt2,sat,0.007949590682983398
/20220307-SMPT/SmallOperatingSystem-PT-MT0032DC0016/RC-11.smt2,unsat,0.003
/20220307-SMPT/SmallOperatingSystem-PT-MT0032DC0016/RF-03.smt2,unsat,0.004
/20220307-SMPT/SmallOperatingSystem-PT-MT0032DC0016/RC-01.smt2,unsat,0.008023500442504883
/20220307-SMPT/SmallOperatingSystem-PT-MT0032DC0016/RF-00.smt2,unsat,0.004
/20220307-SMPT/SmallOperatingSystem-PT-MT0032DC0016/RC-04.smt2,unsat,0.005
/20220307-SMPT/SmallOperatingSystem-PT-MT0032DC0016/RF-11.smt2,unsat,0.004
/20220307-SMPT/SmallOperatingSystem-PT-MT0032DC0016/RC-13.smt2,unsat,0.0069713592529296875
/20220307-SMPT/SmallOperatingSystem-PT-MT0032DC0016/RC-06.smt2,unsat,0.007380247116088867
/20220307-SMPT/SmallOperatingSystem-PT-MT0032DC0016/RC-14.smt2,sat,0.007353544235229492
/20220307-SMPT/SmallOperatingSystem-PT-MT0032DC0016/RC-10.smt2,unsat,0.0064275264739990234
/20220307-SMPT/SmallOperatingSystem-PT-MT0032DC0016/RF-04.smt2,sat,0.007
/20220307-SMPT/SmallOperatingSystem-PT-MT0032DC0016/RF-01.smt2,sat,0.007821083068847656
/20220307-SMPT/SmallOperatingSystem-PT-MT0032DC0016/RF-13.smt2,unsat,0.004
/20220307-SMPT/SmallOperatingSystem-PT-MT0032DC0016/RC-05.smt2,unsat,0.00653839111328125
/20220307-SMPT/SmallOperatingSystem-PT-MT0032DC0016/RC-00.smt2,unsat,0.007550239562988281
/20220307-SMPT/SmallOperatingSystem-PT-MT0032DC0016/RF-05.smt2,unsat,0.006263017654418945
/20220307-SMPT/SmallOperatingSystem-PT-MT0032DC0016/RF-07.smt2,unsat,0.005
/20220307-SMPT/SmallOperatingSystem-PT-MT0032DC0016/RF-10.smt2,unsat,0.005
/20220307-SMPT/SmallOperatingSystem-PT-MT0032DC0016/RF-08.smt2,unsat,0.004
/20220307-SMPT/SmallOperatingSystem-PT-MT0032DC0016/RC-08.smt2,sat,0.007996082305908203
/20220307-SMPT/SmallOperatingSystem-PT-MT0032DC0016/RF-15.smt2,sat,0.006605863571166992
/20220307-SMPT/SmallOperatingSystem-PT-MT0032DC0016/RF-09.smt2,unsat,0.004
/20220307-SMPT/SmallOperatingSystem-PT-MT0032DC0016/RC-07.smt2,sat,0.0075588226318359375
/20220307-SMPT/SmallOperatingSystem-PT-MT0032DC0016/RF-06.smt2,unsat,0.004
/20220307-SMPT/SmallOperatingSystem-PT-MT0032DC0016/RC-09.smt2,sat,0.006470680236816406
/20220307-SMPT/SmallOperatingSystem-PT-MT0032DC0016/RC-15.smt2,unsat,0.004
/20220307-SMPT/SmallOperatingSystem-PT-MT0032DC0016/RC-12.smt2,unsat,0.01
/20220307-SMPT/SmallOperatingSystem-PT-MT0032DC0016/RF-14.smt2,unsat,0.007334232330322266
/20220307-SMPT/FMS-PT-20000/RC-02.smt2,sat,0.006180286407470703
/20220307-SMPT/FMS-PT-20000/RF-12.smt2,sat,0.00776982307434082
/20220307-SMPT/FMS-PT-20000/RC-03.smt2,sat,0.008654117584228516
/20220307-SMPT/FMS-PT-20000/RF-02.smt2,sat,0.00843191146850586
/20220307-SMPT/FMS-PT-20000/RC-11.smt2,sat,0.0073566436767578125
/20220307-SMPT/FMS-PT-20000/RF-03.smt2,unsat,0.0069124698638916016
/20220307-SMPT/FMS-PT-20000/RC-01.smt2,sat,0.009279251098632812
/20220307-SMPT/FMS-PT-20000/RF-00.smt2,sat,0.007823705673217773
/20220307-SMPT/FMS-PT-20000/RC-04.smt2,sat,0.008341073989868164
/20220307-SMPT/FMS-PT-20000/RF-11.smt2,unsat,0.008495569229125977
/20220307-SMPT/FMS-PT-20000/RC-06.smt2,unsat,0.006
/20220307-SMPT/FMS-PT-20000/RC-14.smt2,sat,0.007451057434082031
/20220307-SMPT/FMS-PT-20000/RC-10.smt2,sat,0.007963180541992188
/20220307-SMPT/FMS-PT-20000/RF-04.smt2,sat,0.007029533386230469
/20220307-SMPT/FMS-PT-20000/RF-01.smt2,sat,0.00787043571472168
/20220307-SMPT/FMS-PT-20000/RF-13.smt2,sat,0.00995492935180664
/20220307-SMPT/FMS-PT-20000/RC-05.smt2,unsat,0.006819486618041992
/20220307-SMPT/FMS-PT-20000/RC-00.smt2,sat,0.006926298141479492
/20220307-SMPT/FMS-PT-20000/RF-05.smt2,unsat,0.006
/20220307-SMPT/FMS-PT-20000/RF-07.smt2,sat,0.007208824157714844
/20220307-SMPT/FMS-PT-20000/RF-10.smt2,sat,0.008391618728637695
/20220307-SMPT/FMS-PT-20000/RF-08.smt2,sat,0.008219003677368164
/20220307-SMPT/FMS-PT-20000/RC-08.smt2,unsat,0.0065364837646484375
/20220307-SMPT/FMS-PT-20000/RF-15.smt2,sat,0.0089569091796875
/20220307-SMPT/FMS-PT-20000/RF-09.smt2,sat,0.008603572845458984
/20220307-SMPT/FMS-PT-20000/RC-07.smt2,sat,0.007632017135620117
/20220307-SMPT/FMS-PT-20000/RF-06.smt2,sat,0.006930828094482422
/20220307-SMPT/FMS-PT-20000/RC-09.smt2,unsat,0.005
/20220307-SMPT/FMS-PT-20000/RC-15.smt2,sat,0.007818222045898438
/20220307-SMPT/FMS-PT-20000/RC-12.smt2,sat,0.008318662643432617
/20220307-SMPT/FMS-PT-20000/RF-14.smt2,sat,0.00780940055847168
/20220307-SMPT/Diffusion2D-PT-D05N010/RC-02.smt2,sat,0.008982658386230469
/20220307-SMPT/Diffusion2D-PT-D05N010/RF-12.smt2,sat,0.008744239807128906
/20220307-SMPT/Diffusion2D-PT-D05N010/RC-03.smt2,sat,0.008804798126220703
/20220307-SMPT/Diffusion2D-PT-D05N010/RF-02.smt2,sat,0.009844064712524414
/20220307-SMPT/Diffusion2D-PT-D05N010/RC-11.smt2,sat,0.008470773696899414
/20220307-SMPT/Diffusion2D-PT-D05N010/RC-01.smt2,sat,0.008684635162353516
/20220307-SMPT/Diffusion2D-PT-D05N010/RF-00.smt2,sat,0.007779836654663086
/20220307-SMPT/Diffusion2D-PT-D05N010/RC-04.smt2,sat,0.008466958999633789
/20220307-SMPT/Diffusion2D-PT-D05N010/RF-11.smt2,sat,0.007765054702758789
/20220307-SMPT/Diffusion2D-PT-D05N010/RC-13.smt2,sat,0.011435508728027344
/20220307-SMPT/Diffusion2D-PT-D05N010/RC-06.smt2,sat,0.01044321060180664
/20220307-SMPT/Diffusion2D-PT-D05N010/RC-14.smt2,unsat,0.0130767822265625
/20220307-SMPT/Diffusion2D-PT-D05N010/RC-10.smt2,sat,0.008510828018188477
/20220307-SMPT/Diffusion2D-PT-D05N010/RF-04.smt2,unsat,0.0062732696533203125
/20220307-SMPT/Diffusion2D-PT-D05N010/RF-01.smt2,sat,0.00735783576965332
/20220307-SMPT/Diffusion2D-PT-D05N010/RF-13.smt2,sat,0.009072542190551758
/20220307-SMPT/Diffusion2D-PT-D05N010/RC-05.smt2,sat,0.009518623352050781
/20220307-SMPT/Diffusion2D-PT-D05N010/RC-00.smt2,sat,0.009432792663574219
/20220307-SMPT/Diffusion2D-PT-D05N010/RF-07.smt2,sat,0.009674549102783203
/20220307-SMPT/Diffusion2D-PT-D05N010/RF-10.smt2,sat,0.008998870849609375
/20220307-SMPT/Diffusion2D-PT-D05N010/RF-08.smt2,unsat,0.005936861038208008
/20220307-SMPT/Diffusion2D-PT-D05N010/RC-08.smt2,sat,0.007824897766113281
/20220307-SMPT/Diffusion2D-PT-D05N010/RF-09.smt2,sat,0.008870363235473633
/20220307-SMPT/Diffusion2D-PT-D05N010/RC-07.smt2,sat,0.009079694747924805
/20220307-SMPT/Diffusion2D-PT-D05N010/RF-06.smt2,sat,0.007946014404296875
/20220307-SMPT/Diffusion2D-PT-D05N010/RC-09.smt2,unsat,0.005761861801147461
/20220307-SMPT/Diffusion2D-PT-D05N010/RC-15.smt2,sat,0.007933378219604492
/20220307-SMPT/Diffusion2D-PT-D05N010/RC-12.smt2,sat,0.009317874908447266
/20220307-SMPT/Diffusion2D-PT-D05N010/RF-14.smt2,sat,0.00939488410949707
/20220307-SMPT/HouseConstruction-PT-00002/RC-02.smt2,sat,0.011132001876831055
/20220307-SMPT/HouseConstruction-PT-00002/RF-12.smt2,sat,0.008228778839111328
/20220307-SMPT/HouseConstruction-PT-00002/RC-03.smt2,sat,0.009857892990112305
/20220307-SMPT/HouseConstruction-PT-00002/RF-02.smt2,sat,0.007708072662353516
/20220307-SMPT/HouseConstruction-PT-00002/RC-11.smt2,sat,0.01021885871887207
/20220307-SMPT/HouseConstruction-PT-00002/RF-03.smt2,sat,0.009686946868896484
/20220307-SMPT/HouseConstruction-PT-00002/RC-01.smt2,sat,0.009563207626342773
/20220307-SMPT/HouseConstruction-PT-00002/RF-00.smt2,sat,0.008179903030395508
/20220307-SMPT/HouseConstruction-PT-00002/RC-04.smt2,sat,0.009302854537963867
/20220307-SMPT/HouseConstruction-PT-00002/RF-11.smt2,unsat,0.006579399108886719
/20220307-SMPT/HouseConstruction-PT-00002/RC-13.smt2,sat,0.010354042053222656
/20220307-SMPT/HouseConstruction-PT-00002/RC-06.smt2,sat,0.00980377197265625
/20220307-SMPT/HouseConstruction-PT-00002/RC-14.smt2,sat,0.010308504104614258
/20220307-SMPT/HouseConstruction-PT-00002/RC-10.smt2,sat,0.009079694747924805
/20220307-SMPT/HouseConstruction-PT-00002/RF-04.smt2,sat,0.009962081909179688
/20220307-SMPT/HouseConstruction-PT-00002/RF-01.smt2,sat,0.009100914001464844
/20220307-SMPT/HouseConstruction-PT-00002/RF-13.smt2,sat,0.008397340774536133
/20220307-SMPT/HouseConstruction-PT-00002/RC-05.smt2,sat,0.00947427749633789
/20220307-SMPT/HouseConstruction-PT-00002/RC-00.smt2,sat,0.016878128051757812
/20220307-SMPT/HouseConstruction-PT-00002/RF-05.smt2,sat,0.010149002075195312
/20220307-SMPT/HouseConstruction-PT-00002/RF-07.smt2,sat,0.008663415908813477
/20220307-SMPT/HouseConstruction-PT-00002/RF-08.smt2,sat,0.0076656341552734375
/20220307-SMPT/HouseConstruction-PT-00002/RC-08.smt2,sat,0.010511159896850586
/20220307-SMPT/HouseConstruction-PT-00002/RF-15.smt2,sat,0.009807348251342773
/20220307-SMPT/HouseConstruction-PT-00002/RF-09.smt2,unsat,0.01011347770690918
/20220307-SMPT/HouseConstruction-PT-00002/RC-07.smt2,sat,0.008753299713134766
/20220307-SMPT/HouseConstruction-PT-00002/RF-06.smt2,sat,0.009792566299438477
/20220307-SMPT/HouseConstruction-PT-00002/RC-09.smt2,unsat,0.008551359176635742
/20220307-SMPT/HouseConstruction-PT-00002/RC-15.smt2,sat,0.009349822998046875
/20220307-SMPT/HouseConstruction-PT-00002/RC-12.smt2,sat,0.008770465850830078
/20220307-SMPT/HouseConstruction-PT-00002/RF-14.smt2,sat,0.010927438735961914
/20220307-SMPT/RwMutex-PT-r2000w0010/RC-02.smt2,unsat,0.3805990219116211
/20220307-SMPT/RwMutex-PT-r2000w0010/RF-12.smt2,sat,0.8615126609802246
/20220307-SMPT/RwMutex-PT-r2000w0010/RC-03.smt2,sat,0.9488563537597656
/20220307-SMPT/RwMutex-PT-r2000w0010/RF-02.smt2,sat,0.9297225475311279
/20220307-SMPT/RwMutex-PT-r2000w0010/RC-11.smt2,sat,0.9449586868286133
/20220307-SMPT/RwMutex-PT-r2000w0010/RF-03.smt2,sat,0.8218474388122559
/20220307-SMPT/RwMutex-PT-r2000w0010/RC-01.smt2,unsat,0.37358593940734863
/20220307-SMPT/RwMutex-PT-r2000w0010/RF-00.smt2,sat,0.8693861961364746
/20220307-SMPT/RwMutex-PT-r2000w0010/RC-04.smt2,sat,0.9254989624023438
/20220307-SMPT/RwMutex-PT-r2000w0010/RF-11.smt2,sat,0.824615478515625
/20220307-SMPT/RwMutex-PT-r2000w0010/RC-13.smt2,unsat,0.3633615970611572
/20220307-SMPT/RwMutex-PT-r2000w0010/RC-06.smt2,sat,0.9281306266784668
/20220307-SMPT/RwMutex-PT-r2000w0010/RC-14.smt2,sat,0.8982264995574951
/20220307-SMPT/RwMutex-PT-r2000w0010/RC-10.smt2,unsat,0.4375424385070801
/20220307-SMPT/RwMutex-PT-r2000w0010/RF-04.smt2,sat,0.7623205184936523
/20220307-SMPT/RwMutex-PT-r2000w0010/RF-01.smt2,sat,0.6858608722686768
/20220307-SMPT/RwMutex-PT-r2000w0010/RF-13.smt2,sat,0.848602294921875
/20220307-SMPT/RwMutex-PT-r2000w0010/RC-05.smt2,unsat,0.4046285152435303
/20220307-SMPT/RwMutex-PT-r2000w0010/RC-00.smt2,unsat,0.9026455879211426
/20220307-SMPT/RwMutex-PT-r2000w0010/RF-05.smt2,sat,0.851672887802124
/20220307-SMPT/RwMutex-PT-r2000w0010/RF-07.smt2,sat,0.8964154720306396
/20220307-SMPT/RwMutex-PT-r2000w0010/RF-10.smt2,sat,0.8952417373657227
/20220307-SMPT/RwMutex-PT-r2000w0010/RF-08.smt2,sat,0.8289570808410645
/20220307-SMPT/RwMutex-PT-r2000w0010/RC-08.smt2,unsat,0.37810182571411133
/20220307-SMPT/RwMutex-PT-r2000w0010/RF-15.smt2,sat,0.8814115524291992
/20220307-SMPT/RwMutex-PT-r2000w0010/RF-09.smt2,sat,0.8204944133758545
/20220307-SMPT/RwMutex-PT-r2000w0010/RC-07.smt2,sat,0.84171462059021
/20220307-SMPT/RwMutex-PT-r2000w0010/RF-06.smt2,sat,0.8217310905456543
/20220307-SMPT/RwMutex-PT-r2000w0010/RC-09.smt2,sat,0.9472050666809082
/20220307-SMPT/RwMutex-PT-r2000w0010/RC-15.smt2,sat,0.9275305271148682
/20220307-SMPT/RwMutex-PT-r2000w0010/RC-12.smt2,sat,0.6664290428161621
/20220307-SMPT/RwMutex-PT-r2000w0010/RF-14.smt2,sat,0.8416972160339355
/20220307-SMPT/Sudoku-PT-BN01/RC-02.smt2,sat,0.004
/20220307-SMPT/Sudoku-PT-BN01/RF-12.smt2,sat,0.004
/20220307-SMPT/Sudoku-PT-BN01/RC-03.smt2,unsat,0.005
/20220307-SMPT/Sudoku-PT-BN01/RF-02.smt2,unsat,0.003
/20220307-SMPT/Sudoku-PT-BN01/RC-11.smt2,sat,0.005
/20220307-SMPT/Sudoku-PT-BN01/RF-03.smt2,sat,0.003
/20220307-SMPT/Sudoku-PT-BN01/RC-01.smt2,sat,0.004
/20220307-SMPT/Sudoku-PT-BN01/RF-00.smt2,sat,0.003
/20220307-SMPT/Sudoku-PT-BN01/RC-04.smt2,sat,0.003
/20220307-SMPT/Sudoku-PT-BN01/RF-11.smt2,unsat,0.003
/20220307-SMPT/Sudoku-PT-BN01/RC-13.smt2,sat,0.003
/20220307-SMPT/Sudoku-PT-BN01/RC-06.smt2,sat,0.004
/20220307-SMPT/Sudoku-PT-BN01/RC-14.smt2,sat,0.004
/20220307-SMPT/Sudoku-PT-BN01/RC-10.smt2,sat,0.003
/20220307-SMPT/Sudoku-PT-BN01/RF-04.smt2,sat,0.004
/20220307-SMPT/Sudoku-PT-BN01/RF-01.smt2,sat,0.003
/20220307-SMPT/Sudoku-PT-BN01/RF-13.smt2,sat,0.003
/20220307-SMPT/Sudoku-PT-BN01/RC-05.smt2,sat,0.004
/20220307-SMPT/Sudoku-PT-BN01/RC-00.smt2,sat,0.004
/20220307-SMPT/Sudoku-PT-BN01/RF-05.smt2,unsat,0.003
/20220307-SMPT/Sudoku-PT-BN01/RF-07.smt2,sat,0.004
/20220307-SMPT/Sudoku-PT-BN01/RF-10.smt2,sat,0.003
/20220307-SMPT/Sudoku-PT-BN01/RF-08.smt2,sat,0.003
/20220307-SMPT/Sudoku-PT-BN01/RC-08.smt2,sat,0.003
/20220307-SMPT/Sudoku-PT-BN01/RF-15.smt2,unsat,0.003
/20220307-SMPT/Sudoku-PT-BN01/RF-09.smt2,sat,0.004
/20220307-SMPT/Sudoku-PT-BN01/RC-07.smt2,unsat,0.003
/20220307-SMPT/Sudoku-PT-BN01/RF-06.smt2,unsat,0.003
/20220307-SMPT/Sudoku-PT-BN01/RC-09.smt2,unsat,0.004
/20220307-SMPT/Sudoku-PT-BN01/RC-15.smt2,sat,0.004
/20220307-SMPT/Sudoku-PT-BN01/RC-12.smt2,unsat,0.004
/20220307-SMPT/Sudoku-PT-BN01/RF-14.smt2,sat,0.004
/20220307-SMPT/FMS-PT-02000/RC-02.smt2,sat,0.006925106048583984
/20220307-SMPT/FMS-PT-02000/RF-12.smt2,sat,0.011
/20220307-SMPT/FMS-PT-02000/RC-03.smt2,sat,0.006942033767700195
/20220307-SMPT/FMS-PT-02000/RF-02.smt2,sat,0.006937265396118164
/20220307-SMPT/FMS-PT-02000/RC-11.smt2,sat,0.0074939727783203125
/20220307-SMPT/FMS-PT-02000/RF-03.smt2,sat,0.010357379913330078
/20220307-SMPT/FMS-PT-02000/RC-01.smt2,sat,0.009179830551147461
/20220307-SMPT/FMS-PT-02000/RF-00.smt2,sat,0.008478641510009766
/20220307-SMPT/FMS-PT-02000/RC-04.smt2,sat,0.007123470306396484
/20220307-SMPT/FMS-PT-02000/RF-11.smt2,sat,0.011
/20220307-SMPT/FMS-PT-02000/RC-13.smt2,sat,0.007218360900878906
/20220307-SMPT/FMS-PT-02000/RC-06.smt2,sat,0.0066089630126953125
/20220307-SMPT/FMS-PT-02000/RC-14.smt2,sat,0.008803606033325195
/20220307-SMPT/FMS-PT-02000/RC-10.smt2,sat,0.007883310317993164
/20220307-SMPT/FMS-PT-02000/RF-04.smt2,sat,0.008486032485961914
/20220307-SMPT/FMS-PT-02000/RF-01.smt2,sat,0.007298946380615234
/20220307-SMPT/FMS-PT-02000/RF-13.smt2,sat,0.008754491806030273
/20220307-SMPT/FMS-PT-02000/RC-05.smt2,sat,0.0071103572845458984
/20220307-SMPT/FMS-PT-02000/RC-00.smt2,sat,0.00866389274597168
/20220307-SMPT/FMS-PT-02000/RF-05.smt2,sat,0.0077228546142578125
/20220307-SMPT/FMS-PT-02000/RF-07.smt2,sat,0.007168769836425781
/20220307-SMPT/FMS-PT-02000/RF-10.smt2,sat,0.01
/20220307-SMPT/FMS-PT-02000/RF-08.smt2,sat,0.007339000701904297
/20220307-SMPT/FMS-PT-02000/RC-08.smt2,sat,0.0074155330657958984
/20220307-SMPT/FMS-PT-02000/RF-15.smt2,sat,0.0077190399169921875
/20220307-SMPT/FMS-PT-02000/RF-09.smt2,sat,0.007032632827758789
/20220307-SMPT/FMS-PT-02000/RC-07.smt2,sat,0.008228540420532227
/20220307-SMPT/FMS-PT-02000/RF-06.smt2,sat,0.007656574249267578
/20220307-SMPT/FMS-PT-02000/RC-09.smt2,unsat,0.006786346435546875
/20220307-SMPT/FMS-PT-02000/RC-15.smt2,unsat,0.006876468658447266
/20220307-SMPT/FMS-PT-02000/RC-12.smt2,sat,0.0068149566650390625
/20220307-SMPT/FMS-PT-02000/RF-14.smt2,sat,0.008604764938354492
/20220307-SMPT/RobotManipulation-PT-00200/RC-02.smt2,sat,0.007326841354370117
/20220307-SMPT/RobotManipulation-PT-00200/RF-12.smt2,sat,0.008361339569091797
/20220307-SMPT/RobotManipulation-PT-00200/RC-03.smt2,sat,0.008048772811889648
/20220307-SMPT/RobotManipulation-PT-00200/RF-02.smt2,sat,0.008697509765625
/20220307-SMPT/RobotManipulation-PT-00200/RC-11.smt2,unsat,0.0075609683990478516
/20220307-SMPT/RobotManipulation-PT-00200/RC-01.smt2,sat,0.008920431137084961
/20220307-SMPT/RobotManipulation-PT-00200/RF-00.smt2,sat,0.0067594051361083984
/20220307-SMPT/RobotManipulation-PT-00200/RC-04.smt2,sat,0.008618593215942383
/20220307-SMPT/RobotManipulation-PT-00200/RF-11.smt2,sat,0.008248090744018555
/20220307-SMPT/RobotManipulation-PT-00200/RC-13.smt2,sat,0.008786916732788086
/20220307-SMPT/RobotManipulation-PT-00200/RC-06.smt2,sat,0.008985280990600586
/20220307-SMPT/RobotManipulation-PT-00200/RC-10.smt2,unsat,0.008615255355834961
/20220307-SMPT/RobotManipulation-PT-00200/RF-04.smt2,unsat,0.005
/20220307-SMPT/RobotManipulation-PT-00200/RC-05.smt2,sat,0.007623434066772461
/20220307-SMPT/RobotManipulation-PT-00200/RC-00.smt2,sat,0.008176088333129883
/20220307-SMPT/RobotManipulation-PT-00200/RF-05.smt2,sat,0.007775068283081055
/20220307-SMPT/RobotManipulation-PT-00200/RF-07.smt2,sat,0.007931232452392578
/20220307-SMPT/RobotManipulation-PT-00200/RF-10.smt2,sat,0.00751495361328125
/20220307-SMPT/RobotManipulation-PT-00200/RF-08.smt2,sat,0.009029865264892578
/20220307-SMPT/RobotManipulation-PT-00200/RC-08.smt2,sat,0.014
/20220307-SMPT/RobotManipulation-PT-00200/RF-15.smt2,sat,0.008251190185546875
/20220307-SMPT/RobotManipulation-PT-00200/RF-09.smt2,sat,0.00812983512878418
/20220307-SMPT/RobotManipulation-PT-00200/RC-07.smt2,sat,0.007042646408081055
/20220307-SMPT/RobotManipulation-PT-00200/RC-09.smt2,unsat,0.006
/20220307-SMPT/RobotManipulation-PT-00200/RC-15.smt2,sat,0.006946563720703125
/20220307-SMPT/RobotManipulation-PT-00200/RC-12.smt2,sat,0.00762939453125
/20220307-SMPT/RobotManipulation-PT-00200/RF-14.smt2,sat,0.007536649703979492
/20220307-SMPT/Kanban-PT-00005/RC-02.smt2,sat,0.0062754154205322266
/20220307-SMPT/Kanban-PT-00005/RF-12.smt2,unsat,0.006
/20220307-SMPT/Kanban-PT-00005/RC-03.smt2,sat,0.007834911346435547
/20220307-SMPT/Kanban-PT-00005/RF-02.smt2,unsat,0.0048601627349853516
/20220307-SMPT/Kanban-PT-00005/RC-11.smt2,sat,0.007941722869873047
/20220307-SMPT/Kanban-PT-00005/RF-03.smt2,unsat,0.006
/20220307-SMPT/Kanban-PT-00005/RC-01.smt2,sat,0.006547451019287109
/20220307-SMPT/Kanban-PT-00005/RF-00.smt2,sat,0.0078067779541015625
/20220307-SMPT/Kanban-PT-00005/RC-04.smt2,sat,0.008787870407104492
/20220307-SMPT/Kanban-PT-00005/RF-11.smt2,unsat,0.005
/20220307-SMPT/Kanban-PT-00005/RC-13.smt2,sat,0.006405830383300781
/20220307-SMPT/Kanban-PT-00005/RC-06.smt2,sat,0.0067899227142333984
/20220307-SMPT/Kanban-PT-00005/RC-14.smt2,unsat,0.005
/20220307-SMPT/Kanban-PT-00005/RC-10.smt2,sat,0.007712602615356445
/20220307-SMPT/Kanban-PT-00005/RF-04.smt2,unsat,0.005
/20220307-SMPT/Kanban-PT-00005/RF-01.smt2,unsat,0.005
/20220307-SMPT/Kanban-PT-00005/RF-13.smt2,sat,0.006548404693603516
/20220307-SMPT/Kanban-PT-00005/RC-05.smt2,sat,0.007685661315917969
/20220307-SMPT/Kanban-PT-00005/RC-00.smt2,sat,0.005995988845825195
/20220307-SMPT/Kanban-PT-00005/RF-05.smt2,unsat,0.004937887191772461
/20220307-SMPT/Kanban-PT-00005/RF-07.smt2,sat,0.0068891048431396484
/20220307-SMPT/Kanban-PT-00005/RF-10.smt2,unsat,0.006
/20220307-SMPT/Kanban-PT-00005/RF-08.smt2,sat,0.006173610687255859
/20220307-SMPT/Kanban-PT-00005/RC-08.smt2,sat,0.006551980972290039
/20220307-SMPT/Kanban-PT-00005/RF-15.smt2,unsat,0.0053293704986572266
/20220307-SMPT/Kanban-PT-00005/RF-09.smt2,unsat,0.004
/20220307-SMPT/Kanban-PT-00005/RC-07.smt2,sat,0.00867462158203125
/20220307-SMPT/Kanban-PT-00005/RF-06.smt2,unsat,0.005
/20220307-SMPT/Kanban-PT-00005/RC-09.smt2,sat,0.00770878791809082
/20220307-SMPT/Kanban-PT-00005/RC-15.smt2,sat,0.007818460464477539
/20220307-SMPT/Kanban-PT-00005/RC-12.smt2,sat,0.006677865982055664
/20220307-SMPT/Kanban-PT-00005/RF-14.smt2,sat,0.008
/20220307-SMPT/CircularTrains-PT-096/RC-02.smt2,unsat,0.02481365203857422
/20220307-SMPT/CircularTrains-PT-096/RF-12.smt2,sat,0.03154301643371582
/20220307-SMPT/CircularTrains-PT-096/RC-03.smt2,sat,0.03192639350891113
/20220307-SMPT/CircularTrains-PT-096/RF-02.smt2,sat,0.032526254653930664
/20220307-SMPT/CircularTrains-PT-096/RC-11.smt2,unsat,0.023164987564086914
/20220307-SMPT/CircularTrains-PT-096/RF-03.smt2,sat,0.029314517974853516
/20220307-SMPT/CircularTrains-PT-096/RC-01.smt2,sat,0.031041383743286133
/20220307-SMPT/CircularTrains-PT-096/RF-00.smt2,sat,0.0302581787109375
/20220307-SMPT/CircularTrains-PT-096/RC-04.smt2,unsat,0.0225679874420166
/20220307-SMPT/CircularTrains-PT-096/RF-11.smt2,sat,0.02929544448852539
/20220307-SMPT/CircularTrains-PT-096/RC-13.smt2,sat,0.03358864784240723
/20220307-SMPT/CircularTrains-PT-096/RC-06.smt2,unsat,0.021996259689331055
/20220307-SMPT/CircularTrains-PT-096/RC-14.smt2,sat,0.027759313583374023
/20220307-SMPT/CircularTrains-PT-096/RC-10.smt2,unsat,0.02975940704345703
/20220307-SMPT/CircularTrains-PT-096/RF-04.smt2,sat,0.031041860580444336
/20220307-SMPT/CircularTrains-PT-096/RF-01.smt2,sat,0.036875247955322266
/20220307-SMPT/CircularTrains-PT-096/RF-13.smt2,sat,0.03247213363647461
/20220307-SMPT/CircularTrains-PT-096/RC-05.smt2,unsat,0.021494150161743164
/20220307-SMPT/CircularTrains-PT-096/RC-00.smt2,unsat,0.02047562599182129
/20220307-SMPT/CircularTrains-PT-096/RF-05.smt2,unsat,0.02390432357788086
/20220307-SMPT/CircularTrains-PT-096/RF-07.smt2,sat,0.02903580665588379
/20220307-SMPT/CircularTrains-PT-096/RF-10.smt2,sat,0.02988266944885254
/20220307-SMPT/CircularTrains-PT-096/RF-08.smt2,sat,0.02941107749938965
/20220307-SMPT/CircularTrains-PT-096/RC-08.smt2,unsat,0.021218538284301758
/20220307-SMPT/CircularTrains-PT-096/RF-15.smt2,sat,0.02960205078125
/20220307-SMPT/CircularTrains-PT-096/RF-09.smt2,sat,0.028962373733520508
/20220307-SMPT/CircularTrains-PT-096/RC-07.smt2,unsat,0.022854328155517578
/20220307-SMPT/CircularTrains-PT-096/RF-06.smt2,sat,0.03354215621948242
/20220307-SMPT/CircularTrains-PT-096/RC-09.smt2,sat,0.02880120277404785
/20220307-SMPT/CircularTrains-PT-096/RC-15.smt2,unsat,0.01873183250427246
/20220307-SMPT/CircularTrains-PT-096/RC-12.smt2,unsat,0.024354219436645508
/20220307-SMPT/CircularTrains-PT-096/RF-14.smt2,sat,0.03748607635498047
/20220307-SMPT/Diffusion2D-PT-D20N010/RC-02.smt2,sat,0.05596137046813965
/20220307-SMPT/Diffusion2D-PT-D20N010/RF-12.smt2,sat,0.0494840145111084
/20220307-SMPT/Diffusion2D-PT-D20N010/RC-03.smt2,sat,0.04996800422668457
/20220307-SMPT/Diffusion2D-PT-D20N010/RF-02.smt2,sat,0.053487539291381836
/20220307-SMPT/Diffusion2D-PT-D20N010/RC-11.smt2,sat,0.05559802055358887
/20220307-SMPT/Diffusion2D-PT-D20N010/RF-03.smt2,sat,0.05064821243286133
/20220307-SMPT/Diffusion2D-PT-D20N010/RC-01.smt2,sat,0.05483746528625488
/20220307-SMPT/Diffusion2D-PT-D20N010/RF-00.smt2,sat,0.0677025318145752
/20220307-SMPT/Diffusion2D-PT-D20N010/RC-04.smt2,sat,0.05290412902832031
/20220307-SMPT/Diffusion2D-PT-D20N010/RF-11.smt2,sat,0.050551652908325195
/20220307-SMPT/Diffusion2D-PT-D20N010/RC-13.smt2,sat,0.05051922798156738
/20220307-SMPT/Diffusion2D-PT-D20N010/RC-06.smt2,sat,0.06492352485656738
/20220307-SMPT/Diffusion2D-PT-D20N010/RC-14.smt2,sat,0.052780866622924805
/20220307-SMPT/Diffusion2D-PT-D20N010/RC-10.smt2,sat,0.05008697509765625
/20220307-SMPT/Diffusion2D-PT-D20N010/RF-04.smt2,sat,0.0494234561920166
/20220307-SMPT/Diffusion2D-PT-D20N010/RF-01.smt2,sat,0.059187889099121094
/20220307-SMPT/Diffusion2D-PT-D20N010/RF-13.smt2,sat,0.052675724029541016
/20220307-SMPT/Diffusion2D-PT-D20N010/RC-05.smt2,sat,0.057891845703125
/20220307-SMPT/Diffusion2D-PT-D20N010/RC-00.smt2,sat,0.0499575138092041
/20220307-SMPT/Diffusion2D-PT-D20N010/RF-05.smt2,sat,0.052135467529296875
/20220307-SMPT/Diffusion2D-PT-D20N010/RF-07.smt2,sat,0.05132412910461426
/20220307-SMPT/Diffusion2D-PT-D20N010/RF-10.smt2,sat,0.053070783615112305
/20220307-SMPT/Diffusion2D-PT-D20N010/RF-08.smt2,sat,0.052326202392578125
/20220307-SMPT/Diffusion2D-PT-D20N010/RC-08.smt2,sat,0.05053973197937012
/20220307-SMPT/Diffusion2D-PT-D20N010/RF-15.smt2,sat,0.05271124839782715
/20220307-SMPT/Diffusion2D-PT-D20N010/RF-09.smt2,sat,0.05422019958496094
/20220307-SMPT/Diffusion2D-PT-D20N010/RC-07.smt2,sat,0.06370973587036133
/20220307-SMPT/Diffusion2D-PT-D20N010/RF-06.smt2,sat,0.05140805244445801
/20220307-SMPT/Diffusion2D-PT-D20N010/RC-09.smt2,sat,0.049529314041137695
/20220307-SMPT/Diffusion2D-PT-D20N010/RC-15.smt2,sat,0.05266070365905762
/20220307-SMPT/Diffusion2D-PT-D20N010/RC-12.smt2,sat,0.0559995174407959
/20220307-SMPT/Diffusion2D-PT-D20N010/RF-14.smt2,sat,0.05333757400512695
/20220307-SMPT/Diffusion2D-PT-D05N200/RC-02.smt2,sat,0.008219003677368164
/20220307-SMPT/Diffusion2D-PT-D05N200/RC-03.smt2,sat,0.008155345916748047
/20220307-SMPT/Diffusion2D-PT-D05N200/RF-02.smt2,sat,0.009101629257202148
/20220307-SMPT/Diffusion2D-PT-D05N200/RC-11.smt2,sat,0.00907278060913086
/20220307-SMPT/Diffusion2D-PT-D05N200/RF-03.smt2,sat,0.007972955703735352
/20220307-SMPT/Diffusion2D-PT-D05N200/RC-01.smt2,sat,0.008065223693847656
/20220307-SMPT/Diffusion2D-PT-D05N200/RF-00.smt2,sat,0.007970571517944336
/20220307-SMPT/Diffusion2D-PT-D05N200/RC-04.smt2,sat,0.008038997650146484
/20220307-SMPT/Diffusion2D-PT-D05N200/RF-11.smt2,sat,0.007941722869873047
/20220307-SMPT/Diffusion2D-PT-D05N200/RC-13.smt2,sat,0.008323192596435547
/20220307-SMPT/Diffusion2D-PT-D05N200/RC-06.smt2,unsat,0.005684375762939453
/20220307-SMPT/Diffusion2D-PT-D05N200/RC-14.smt2,sat,0.009488105773925781
/20220307-SMPT/Diffusion2D-PT-D05N200/RC-10.smt2,unsat,0.006813764572143555
/20220307-SMPT/Diffusion2D-PT-D05N200/RF-01.smt2,sat,0.008143424987792969
/20220307-SMPT/Diffusion2D-PT-D05N200/RF-13.smt2,sat,0.008475780487060547
/20220307-SMPT/Diffusion2D-PT-D05N200/RC-05.smt2,sat,0.008535146713256836
/20220307-SMPT/Diffusion2D-PT-D05N200/RC-00.smt2,sat,0.009482860565185547
/20220307-SMPT/Diffusion2D-PT-D05N200/RF-07.smt2,sat,0.008575916290283203
/20220307-SMPT/Diffusion2D-PT-D05N200/RF-10.smt2,sat,0.00978851318359375
/20220307-SMPT/Diffusion2D-PT-D05N200/RF-08.smt2,sat,0.009603261947631836
/20220307-SMPT/Diffusion2D-PT-D05N200/RC-08.smt2,sat,0.008619546890258789
/20220307-SMPT/Diffusion2D-PT-D05N200/RF-15.smt2,sat,0.008699417114257812
/20220307-SMPT/Diffusion2D-PT-D05N200/RF-09.smt2,unsat,0.007
/20220307-SMPT/Diffusion2D-PT-D05N200/RC-07.smt2,sat,0.009143590927124023
/20220307-SMPT/Diffusion2D-PT-D05N200/RF-06.smt2,unsat,0.006468534469604492
/20220307-SMPT/Diffusion2D-PT-D05N200/RC-09.smt2,sat,0.009137630462646484
/20220307-SMPT/Diffusion2D-PT-D05N200/RC-15.smt2,sat,0.009466409683227539
/20220307-SMPT/Diffusion2D-PT-D05N200/RC-12.smt2,sat,0.01006007194519043
/20220307-SMPT/RobotManipulation-PT-01000/RC-02.smt2,sat,0.00695490837097168
/20220307-SMPT/RobotManipulation-PT-01000/RF-12.smt2,sat,0.008243560791015625
/20220307-SMPT/RobotManipulation-PT-01000/RC-03.smt2,sat,0.008379936218261719
/20220307-SMPT/RobotManipulation-PT-01000/RF-02.smt2,sat,0.009456396102905273
/20220307-SMPT/RobotManipulation-PT-01000/RC-11.smt2,sat,0.008719682693481445
/20220307-SMPT/RobotManipulation-PT-01000/RF-03.smt2,unsat,0.0057220458984375
/20220307-SMPT/RobotManipulation-PT-01000/RC-01.smt2,unsat,0.008589982986450195
/20220307-SMPT/RobotManipulation-PT-01000/RF-00.smt2,sat,0.006517887115478516
/20220307-SMPT/RobotManipulation-PT-01000/RC-04.smt2,sat,0.0075206756591796875
/20220307-SMPT/RobotManipulation-PT-01000/RF-11.smt2,unsat,0.005
/20220307-SMPT/RobotManipulation-PT-01000/RC-13.smt2,sat,0.009128808975219727
/20220307-SMPT/RobotManipulation-PT-01000/RC-06.smt2,sat,0.008299827575683594
/20220307-SMPT/RobotManipulation-PT-01000/RC-14.smt2,sat,0.00992274284362793
/20220307-SMPT/RobotManipulation-PT-01000/RC-10.smt2,sat,0.007090330123901367
/20220307-SMPT/RobotManipulation-PT-01000/RF-04.smt2,sat,0.0074269771575927734
/20220307-SMPT/RobotManipulation-PT-01000/RF-01.smt2,unsat,0.005
/20220307-SMPT/RobotManipulation-PT-01000/RF-13.smt2,sat,0.007089138031005859
/20220307-SMPT/RobotManipulation-PT-01000/RC-05.smt2,sat,0.008218050003051758
/20220307-SMPT/RobotManipulation-PT-01000/RC-00.smt2,sat,0.015
/20220307-SMPT/RobotManipulation-PT-01000/RF-05.smt2,unsat,0.004872322082519531
/20220307-SMPT/RobotManipulation-PT-01000/RF-07.smt2,unsat,0.005608081817626953
/20220307-SMPT/RobotManipulation-PT-01000/RF-10.smt2,sat,0.00851297378540039
/20220307-SMPT/RobotManipulation-PT-01000/RC-08.smt2,unsat,0.009218215942382812
/20220307-SMPT/RobotManipulation-PT-01000/RF-15.smt2,sat,0.009231090545654297
/20220307-SMPT/RobotManipulation-PT-01000/RF-09.smt2,sat,0.008138656616210938
/20220307-SMPT/RobotManipulation-PT-01000/RF-06.smt2,sat,0.008378744125366211
/20220307-SMPT/RobotManipulation-PT-01000/RC-09.smt2,unsat,0.006
/20220307-SMPT/RobotManipulation-PT-01000/RC-15.smt2,sat,0.009588479995727539
/20220307-SMPT/RobotManipulation-PT-01000/RC-12.smt2,sat,0.00868678092956543
/20220307-SMPT/RobotManipulation-PT-01000/RF-14.smt2,sat,0.007512092590332031
/20220307-SMPT/SmallOperatingSystem-PT-MT0512DC0128/RC-02.smt2,sat,0.00617527961730957
/20220307-SMPT/SmallOperatingSystem-PT-MT0512DC0128/RF-12.smt2,sat,0.006925106048583984
/20220307-SMPT/SmallOperatingSystem-PT-MT0512DC0128/RC-03.smt2,sat,0.007112741470336914
/20220307-SMPT/SmallOperatingSystem-PT-MT0512DC0128/RF-02.smt2,sat,0.006926536560058594
/20220307-SMPT/SmallOperatingSystem-PT-MT0512DC0128/RC-11.smt2,sat,0.007598400115966797
/20220307-SMPT/SmallOperatingSystem-PT-MT0512DC0128/RF-03.smt2,sat,0.006525278091430664
/20220307-SMPT/SmallOperatingSystem-PT-MT0512DC0128/RC-01.smt2,sat,0.006717681884765625
/20220307-SMPT/SmallOperatingSystem-PT-MT0512DC0128/RF-00.smt2,sat,0.007057905197143555
/20220307-SMPT/SmallOperatingSystem-PT-MT0512DC0128/RC-04.smt2,sat,0.00924992561340332
/20220307-SMPT/SmallOperatingSystem-PT-MT0512DC0128/RF-11.smt2,sat,0.007655143737792969
/20220307-SMPT/SmallOperatingSystem-PT-MT0512DC0128/RC-13.smt2,sat,0.005453824996948242
/20220307-SMPT/SmallOperatingSystem-PT-MT0512DC0128/RC-06.smt2,unsat,0.0066335201263427734
/20220307-SMPT/SmallOperatingSystem-PT-MT0512DC0128/RC-14.smt2,unsat,0.006251096725463867
/20220307-SMPT/SmallOperatingSystem-PT-MT0512DC0128/RC-10.smt2,unsat,0.007
/20220307-SMPT/SmallOperatingSystem-PT-MT0512DC0128/RF-04.smt2,unsat,0.0069043636322021484
/20220307-SMPT/SmallOperatingSystem-PT-MT0512DC0128/RF-01.smt2,sat,0.008
/20220307-SMPT/SmallOperatingSystem-PT-MT0512DC0128/RC-05.smt2,sat,0.00768589973449707
/20220307-SMPT/SmallOperatingSystem-PT-MT0512DC0128/RC-00.smt2,sat,0.007
/20220307-SMPT/SmallOperatingSystem-PT-MT0512DC0128/RF-07.smt2,unsat,0.004
/20220307-SMPT/SmallOperatingSystem-PT-MT0512DC0128/RF-08.smt2,sat,0.006730794906616211
/20220307-SMPT/SmallOperatingSystem-PT-MT0512DC0128/RC-08.smt2,unsat,0.006437540054321289
/20220307-SMPT/SmallOperatingSystem-PT-MT0512DC0128/RF-15.smt2,sat,0.0061833858489990234
/20220307-SMPT/SmallOperatingSystem-PT-MT0512DC0128/RF-09.smt2,sat,0.006348848342895508
/20220307-SMPT/SmallOperatingSystem-PT-MT0512DC0128/RC-07.smt2,unsat,0.004
/20220307-SMPT/SmallOperatingSystem-PT-MT0512DC0128/RF-06.smt2,sat,0.0063934326171875
/20220307-SMPT/SmallOperatingSystem-PT-MT0512DC0128/RC-09.smt2,sat,0.007318019866943359
/20220307-SMPT/SmallOperatingSystem-PT-MT0512DC0128/RC-15.smt2,sat,0.006927490234375
/20220307-SMPT/SmallOperatingSystem-PT-MT0512DC0128/RC-12.smt2,unsat,0.008
/20220307-SMPT/SmallOperatingSystem-PT-MT0512DC0128/RF-14.smt2,unsat,0.004
/20220307-SMPT/RwMutex-PT-r0010w1000/RC-02.smt2,unsat,10.949
/20220307-SMPT/RwMutex-PT-r0010w1000/RF-12.smt2,unsat,14.13323974609375
/20220307-SMPT/RwMutex-PT-r0010w1000/RC-03.smt2,unsat,13.11
/20220307-SMPT/RwMutex-PT-r0010w1000/RF-02.smt2,unsat,16.761
/20220307-SMPT/RwMutex-PT-r0010w1000/RC-11.smt2,unsat,11.058
/20220307-SMPT/RwMutex-PT-r0010w1000/RF-03.smt2,unsat,12.407
/20220307-SMPT/RwMutex-PT-r0010w1000/RC-01.smt2,unsat,11.172
/20220307-SMPT/RwMutex-PT-r0010w1000/RF-00.smt2,unsat,11.787212133407593
/20220307-SMPT/RwMutex-PT-r0010w1000/RC-04.smt2,unsat,12.851
/20220307-SMPT/RwMutex-PT-r0010w1000/RF-11.smt2,unsat,18.141
/20220307-SMPT/RwMutex-PT-r0010w1000/RC-13.smt2,unsat,10.884045362472534
/20220307-SMPT/RwMutex-PT-r0010w1000/RC-06.smt2,unsat,11.034
/20220307-SMPT/RwMutex-PT-r0010w1000/RC-14.smt2,unsat,11.025
/20220307-SMPT/RwMutex-PT-r0010w1000/RC-10.smt2,unsat,11.198
/20220307-SMPT/RwMutex-PT-r0010w1000/RF-04.smt2,unsat,13.925997495651245
/20220307-SMPT/RwMutex-PT-r0010w1000/RF-01.smt2,unsat,10.28757905960083
/20220307-SMPT/RwMutex-PT-r0010w1000/RF-13.smt2,unsat,11.708021879196167
/20220307-SMPT/RwMutex-PT-r0010w1000/RC-05.smt2,unsat,11.024
/20220307-SMPT/RwMutex-PT-r0010w1000/RC-00.smt2,unsat,11.065
/20220307-SMPT/RwMutex-PT-r0010w1000/RF-05.smt2,unsat,10.448030710220337
/20220307-SMPT/RwMutex-PT-r0010w1000/RF-07.smt2,unsat,13.450511693954468
/20220307-SMPT/RwMutex-PT-r0010w1000/RF-10.smt2,unsat,18.552
/20220307-SMPT/RwMutex-PT-r0010w1000/RF-08.smt2,unsat,11.48045039176941
/20220307-SMPT/RwMutex-PT-r0010w1000/RC-08.smt2,unsat,11.14
/20220307-SMPT/RwMutex-PT-r0010w1000/RF-15.smt2,unsat,18.364
/20220307-SMPT/RwMutex-PT-r0010w1000/RF-09.smt2,unsat,11.532078742980957
/20220307-SMPT/RwMutex-PT-r0010w1000/RC-07.smt2,unsat,11.033
/20220307-SMPT/RwMutex-PT-r0010w1000/RF-06.smt2,unsat,11.57597041130066
/20220307-SMPT/RwMutex-PT-r0010w1000/RC-09.smt2,unsat,11.407
/20220307-SMPT/RwMutex-PT-r0010w1000/RC-15.smt2,unsat,11.829
/20220307-SMPT/RwMutex-PT-r0010w1000/RC-12.smt2,unsat,11.068
/20220307-SMPT/RwMutex-PT-r0010w1000/RF-14.smt2,unsat,10.483362197875977
/20220307-SMPT/RwMutex-PT-r0010w2000/RC-02.smt2,unsat,21.459957122802734
/20220307-SMPT/RwMutex-PT-r0010w2000/RF-12.smt2,unsat,16.840084314346313
/20220307-SMPT/RwMutex-PT-r0010w2000/RC-03.smt2,unsat,21.749
/20220307-SMPT/RwMutex-PT-r0010w2000/RF-02.smt2,unsat,41.59793138504028
/20220307-SMPT/RwMutex-PT-r0010w2000/RC-11.smt2,unsat,21.897
/20220307-SMPT/RwMutex-PT-r0010w2000/RF-03.smt2,unsat,19.017833471298218
/20220307-SMPT/RwMutex-PT-r0010w2000/RC-01.smt2,unsat,21.694
/20220307-SMPT/RwMutex-PT-r0010w2000/RF-00.smt2,unsat,41.857178688049316
/20220307-SMPT/RwMutex-PT-r0010w2000/RC-04.smt2,unsat,22.575
/20220307-SMPT/RwMutex-PT-r0010w2000/RF-11.smt2,unsat,23.615
/20220307-SMPT/RwMutex-PT-r0010w2000/RC-13.smt2,unsat,21.664
/20220307-SMPT/RwMutex-PT-r0010w2000/RC-06.smt2,unsat,15.641869068145752
/20220307-SMPT/RwMutex-PT-r0010w2000/RC-14.smt2,unsat,11.683419704437256
/20220307-SMPT/RwMutex-PT-r0010w2000/RC-10.smt2,unsat,21.755
/20220307-SMPT/RwMutex-PT-r0010w2000/RF-04.smt2,unsat,22.766
/20220307-SMPT/RwMutex-PT-r0010w2000/RF-01.smt2,unsat,17.810571670532227
/20220307-SMPT/RwMutex-PT-r0010w2000/RF-13.smt2,unsat,16.288002967834473
/20220307-SMPT/RwMutex-PT-r0010w2000/RC-05.smt2,unsat,21.64
/20220307-SMPT/RwMutex-PT-r0010w2000/RC-00.smt2,unsat,24.209
/20220307-SMPT/RwMutex-PT-r0010w2000/RF-05.smt2,unsat,24.560588598251343
/20220307-SMPT/RwMutex-PT-r0010w2000/RF-07.smt2,unsat,41.05415391921997
/20220307-SMPT/RwMutex-PT-r0010w2000/RF-10.smt2,unsat,20.00587797164917
/20220307-SMPT/RwMutex-PT-r0010w2000/RF-08.smt2,unsat,23.601
/20220307-SMPT/RwMutex-PT-r0010w2000/RC-08.smt2,unsat,12.96389126777649
/20220307-SMPT/RwMutex-PT-r0010w2000/RF-15.smt2,unsat,22.225
/20220307-SMPT/RwMutex-PT-r0010w2000/RF-09.smt2,unsat,20.471703052520752
/20220307-SMPT/RwMutex-PT-r0010w2000/RC-07.smt2,unsat,21.661
/20220307-SMPT/RwMutex-PT-r0010w2000/RF-06.smt2,unsat,17.04382872581482
/20220307-SMPT/RwMutex-PT-r0010w2000/RC-09.smt2,unsat,18.79539465904236
/20220307-SMPT/RwMutex-PT-r0010w2000/RC-15.smt2,unsat,21.95
/20220307-SMPT/RwMutex-PT-r0010w2000/RC-12.smt2,unsat,25.835
/20220307-SMPT/RwMutex-PT-r0010w2000/RF-14.smt2,unsat,20.461198091506958
/20220307-SMPT/RobotManipulation-PT-10000/RC-02.smt2,sat,0.009184837341308594
/20220307-SMPT/RobotManipulation-PT-10000/RF-12.smt2,unsat,0.006
/20220307-SMPT/RobotManipulation-PT-10000/RC-03.smt2,sat,0.006684780120849609
/20220307-SMPT/RobotManipulation-PT-10000/RF-02.smt2,unsat,0.006
/20220307-SMPT/RobotManipulation-PT-10000/RC-11.smt2,sat,0.008356809616088867
/20220307-SMPT/RobotManipulation-PT-10000/RF-03.smt2,sat,0.007821798324584961
/20220307-SMPT/RobotManipulation-PT-10000/RC-01.smt2,sat,0.008086204528808594
/20220307-SMPT/RobotManipulation-PT-10000/RF-00.smt2,sat,0.010554075241088867
/20220307-SMPT/RobotManipulation-PT-10000/RC-04.smt2,sat,0.00741124153137207
/20220307-SMPT/RobotManipulation-PT-10000/RF-11.smt2,unsat,0.004885435104370117
/20220307-SMPT/RobotManipulation-PT-10000/RC-06.smt2,unsat,0.005
/20220307-SMPT/RobotManipulation-PT-10000/RC-14.smt2,unsat,0.005
/20220307-SMPT/RobotManipulation-PT-10000/RC-10.smt2,unsat,0.005403995513916016
/20220307-SMPT/RobotManipulation-PT-10000/RF-04.smt2,sat,0.008209705352783203
/20220307-SMPT/RobotManipulation-PT-10000/RF-01.smt2,sat,0.00872492790222168
/20220307-SMPT/RobotManipulation-PT-10000/RF-13.smt2,unsat,0.005
/20220307-SMPT/RobotManipulation-PT-10000/RC-05.smt2,unsat,0.00542449951171875
/20220307-SMPT/RobotManipulation-PT-10000/RC-00.smt2,unsat,0.008918046951293945
/20220307-SMPT/RobotManipulation-PT-10000/RF-07.smt2,sat,0.00766444206237793
/20220307-SMPT/RobotManipulation-PT-10000/RF-10.smt2,sat,0.008370399475097656
/20220307-SMPT/RobotManipulation-PT-10000/RF-08.smt2,sat,0.009278059005737305
/20220307-SMPT/RobotManipulation-PT-10000/RC-08.smt2,unsat,0.007616996765136719
/20220307-SMPT/RobotManipulation-PT-10000/RF-15.smt2,sat,0.009144067764282227
/20220307-SMPT/RobotManipulation-PT-10000/RF-09.smt2,sat,0.009203672409057617
/20220307-SMPT/RobotManipulation-PT-10000/RC-07.smt2,sat,0.008790731430053711
/20220307-SMPT/RobotManipulation-PT-10000/RF-06.smt2,sat,0.008267879486083984
/20220307-SMPT/RobotManipulation-PT-10000/RC-09.smt2,sat,0.009196043014526367
/20220307-SMPT/RobotManipulation-PT-10000/RC-15.smt2,sat,0.008288383483886719
/20220307-SMPT/RobotManipulation-PT-10000/RC-12.smt2,sat,0.007263660430908203
/20220307-SMPT/RobotManipulation-PT-10000/RF-14.smt2,sat,0.008568286895751953
/20220307-SMPT/Diffusion2D-PT-D40N050/RC-02.smt2,sat,0.22263145446777344
/20220307-SMPT/Diffusion2D-PT-D40N050/RF-12.smt2,sat,0.2367725372314453
/20220307-SMPT/Diffusion2D-PT-D40N050/RC-03.smt2,sat,0.22793245315551758
/20220307-SMPT/Diffusion2D-PT-D40N050/RF-02.smt2,sat,0.22254538536071777
/20220307-SMPT/Diffusion2D-PT-D40N050/RC-11.smt2,sat,0.20392584800720215
/20220307-SMPT/Diffusion2D-PT-D40N050/RF-03.smt2,sat,0.19948101043701172
/20220307-SMPT/Diffusion2D-PT-D40N050/RC-01.smt2,sat,0.1925678253173828
/20220307-SMPT/Diffusion2D-PT-D40N050/RF-00.smt2,sat,0.21725964546203613
/20220307-SMPT/Diffusion2D-PT-D40N050/RC-04.smt2,sat,0.1992475986480713
/20220307-SMPT/Diffusion2D-PT-D40N050/RF-11.smt2,sat,0.21310758590698242
/20220307-SMPT/Diffusion2D-PT-D40N050/RC-13.smt2,sat,0.22376728057861328
/20220307-SMPT/Diffusion2D-PT-D40N050/RC-06.smt2,sat,0.20552611351013184
/20220307-SMPT/Diffusion2D-PT-D40N050/RC-14.smt2,sat,0.21914267539978027
/20220307-SMPT/Diffusion2D-PT-D40N050/RC-10.smt2,sat,0.2116696834564209
/20220307-SMPT/Diffusion2D-PT-D40N050/RF-04.smt2,sat,0.2437148094177246
/20220307-SMPT/Diffusion2D-PT-D40N050/RF-01.smt2,sat,0.22840237617492676
/20220307-SMPT/Diffusion2D-PT-D40N050/RF-13.smt2,sat,0.2399609088897705
/20220307-SMPT/Diffusion2D-PT-D40N050/RC-05.smt2,sat,0.20598816871643066
/20220307-SMPT/Diffusion2D-PT-D40N050/RC-00.smt2,sat,0.20483183860778809
/20220307-SMPT/Diffusion2D-PT-D40N050/RF-05.smt2,sat,0.24382996559143066
/20220307-SMPT/Diffusion2D-PT-D40N050/RF-07.smt2,sat,0.20530462265014648
/20220307-SMPT/Diffusion2D-PT-D40N050/RF-10.smt2,sat,0.20965361595153809
/20220307-SMPT/Diffusion2D-PT-D40N050/RF-08.smt2,sat,0.23413729667663574
/20220307-SMPT/Diffusion2D-PT-D40N050/RC-08.smt2,sat,0.21645855903625488
/20220307-SMPT/Diffusion2D-PT-D40N050/RF-15.smt2,sat,0.21647953987121582
/20220307-SMPT/Diffusion2D-PT-D40N050/RF-09.smt2,sat,0.1901700496673584
/20220307-SMPT/Diffusion2D-PT-D40N050/RC-07.smt2,sat,0.22919344902038574
/20220307-SMPT/Diffusion2D-PT-D40N050/RF-06.smt2,sat,0.2316875457763672
/20220307-SMPT/Diffusion2D-PT-D40N050/RC-09.smt2,sat,0.24842119216918945
/20220307-SMPT/Diffusion2D-PT-D40N050/RC-15.smt2,sat,0.24359774589538574
/20220307-SMPT/Diffusion2D-PT-D40N050/RC-12.smt2,sat,0.2420809268951416
/20220307-SMPT/Diffusion2D-PT-D40N050/RF-14.smt2,sat,0.2202930450439453
/20220307-SMPT/Sudoku-PT-AN01/RC-02.smt2,sat,0.004
/20220307-SMPT/Sudoku-PT-AN01/RF-12.smt2,sat,0.003
/20220307-SMPT/Sudoku-PT-AN01/RC-03.smt2,unsat,0.004
/20220307-SMPT/Sudoku-PT-AN01/RF-02.smt2,sat,0.003
/20220307-SMPT/Sudoku-PT-AN01/RC-11.smt2,unsat,0.003
/20220307-SMPT/Sudoku-PT-AN01/RF-03.smt2,sat,0.003
/20220307-SMPT/Sudoku-PT-AN01/RC-01.smt2,sat,0.004
/20220307-SMPT/Sudoku-PT-AN01/RF-00.smt2,sat,0.003
/20220307-SMPT/Sudoku-PT-AN01/RC-04.smt2,unsat,0.003
/20220307-SMPT/Sudoku-PT-AN01/RC-13.smt2,sat,0.004
/20220307-SMPT/Sudoku-PT-AN01/RC-06.smt2,sat,0.004
/20220307-SMPT/Sudoku-PT-AN01/RC-14.smt2,sat,0.004
/20220307-SMPT/Sudoku-PT-AN01/RC-10.smt2,sat,0.003
/20220307-SMPT/Sudoku-PT-AN01/RF-04.smt2,sat,0.003
/20220307-SMPT/Sudoku-PT-AN01/RF-01.smt2,sat,0.004
/20220307-SMPT/Sudoku-PT-AN01/RF-13.smt2,sat,0.003
/20220307-SMPT/Sudoku-PT-AN01/RC-00.smt2,sat,0.004
/20220307-SMPT/Sudoku-PT-AN01/RF-05.smt2,sat,0.004
/20220307-SMPT/Sudoku-PT-AN01/RF-10.smt2,sat,0.003
/20220307-SMPT/Sudoku-PT-AN01/RC-08.smt2,unsat,0.004
/20220307-SMPT/Sudoku-PT-AN01/RF-09.smt2,sat,0.003
/20220307-SMPT/Sudoku-PT-AN01/RC-07.smt2,sat,0.003
/20220307-SMPT/Sudoku-PT-AN01/RF-06.smt2,sat,0.003
/20220307-SMPT/Sudoku-PT-AN01/RC-09.smt2,sat,0.004
/20220307-SMPT/Sudoku-PT-AN01/RC-15.smt2,sat,0.003
/20220307-SMPT/Eratosthenes-PT-050/RC-02.smt2,unsat,0.00628209114074707
/20220307-SMPT/Eratosthenes-PT-050/RF-12.smt2,sat,0.009
/20220307-SMPT/Eratosthenes-PT-050/RC-03.smt2,unsat,0.007330417633056641
/20220307-SMPT/Eratosthenes-PT-050/RF-02.smt2,sat,0.008004188537597656
/20220307-SMPT/Eratosthenes-PT-050/RC-11.smt2,unsat,0.0071070194244384766
/20220307-SMPT/Eratosthenes-PT-050/RF-03.smt2,sat,0.0076808929443359375
/20220307-SMPT/Eratosthenes-PT-050/RC-01.smt2,unsat,0.006922006607055664
/20220307-SMPT/Eratosthenes-PT-050/RF-00.smt2,sat,0.008788347244262695
/20220307-SMPT/Eratosthenes-PT-050/RC-04.smt2,unsat,0.004860401153564453
/20220307-SMPT/Eratosthenes-PT-050/RF-11.smt2,sat,0.00903940200805664
/20220307-SMPT/Eratosthenes-PT-050/RC-13.smt2,unsat,0.0078029632568359375
/20220307-SMPT/Eratosthenes-PT-050/RC-06.smt2,unsat,0.005736589431762695
/20220307-SMPT/Eratosthenes-PT-050/RC-14.smt2,unsat,0.007961273193359375
/20220307-SMPT/Eratosthenes-PT-050/RC-10.smt2,unsat,0.007550239562988281
/20220307-SMPT/Eratosthenes-PT-050/RF-04.smt2,sat,0.006747007369995117
/20220307-SMPT/Eratosthenes-PT-050/RF-01.smt2,sat,0.009498834609985352
/20220307-SMPT/Eratosthenes-PT-050/RF-13.smt2,sat,0.007508754730224609
/20220307-SMPT/Eratosthenes-PT-050/RC-05.smt2,unsat,0.008396625518798828
/20220307-SMPT/Eratosthenes-PT-050/RC-00.smt2,unsat,0.007210254669189453
/20220307-SMPT/Eratosthenes-PT-050/RF-05.smt2,unsat,0.006735801696777344
/20220307-SMPT/Eratosthenes-PT-050/RF-07.smt2,sat,0.007661581039428711
/20220307-SMPT/Eratosthenes-PT-050/RF-10.smt2,sat,0.009
/20220307-SMPT/Eratosthenes-PT-050/RF-08.smt2,unsat,0.006009817123413086
/20220307-SMPT/Eratosthenes-PT-050/RC-08.smt2,unsat,0.008453369140625
/20220307-SMPT/Eratosthenes-PT-050/RF-15.smt2,sat,0.009862899780273438
/20220307-SMPT/Eratosthenes-PT-050/RF-09.smt2,unsat,0.006028413772583008
/20220307-SMPT/Eratosthenes-PT-050/RC-07.smt2,unsat,0.007951736450195312
/20220307-SMPT/Eratosthenes-PT-050/RF-06.smt2,sat,0.007065773010253906
/20220307-SMPT/Eratosthenes-PT-050/RC-09.smt2,unsat,0.0073053836822509766
/20220307-SMPT/Eratosthenes-PT-050/RC-15.smt2,unsat,0.007323026657104492
/20220307-SMPT/Eratosthenes-PT-050/RC-12.smt2,unsat,0.0070874691009521484
/20220307-SMPT/Eratosthenes-PT-050/RF-14.smt2,sat,0.007772207260131836
/20220307-SMPT/2PhLockVParam/RC-02.smt2,unsat,0.006
/20220307-SMPT/2PhLockVParam/RF-12.smt2,unsat,0.005
/20220307-SMPT/2PhLockVParam/RC-03.smt2,sat,0.0054912567138671875
/20220307-SMPT/2PhLockVParam/RF-02.smt2,sat,0.006
/20220307-SMPT/2PhLockVParam/RC-11.smt2,sat,0.006
/20220307-SMPT/2PhLockVParam/RF-03.smt2,sat,0.006
/20220307-SMPT/2PhLockVParam/RC-01.smt2,sat,0.006
/20220307-SMPT/2PhLockVParam/RF-00.smt2,unsat,0.003
/20220307-SMPT/2PhLockVParam/RC-04.smt2,sat,0.004868030548095703
/20220307-SMPT/2PhLockVParam/RF-11.smt2,unsat,0.004
/20220307-SMPT/2PhLockVParam/RC-13.smt2,sat,0.0059947967529296875
/20220307-SMPT/2PhLockVParam/RC-06.smt2,sat,0.006
/20220307-SMPT/2PhLockVParam/RC-14.smt2,sat,0.0054836273193359375
/20220307-SMPT/2PhLockVParam/RC-10.smt2,sat,0.006397724151611328
/20220307-SMPT/2PhLockVParam/RF-04.smt2,sat,0.006
/20220307-SMPT/2PhLockVParam/RF-01.smt2,sat,0.006
/20220307-SMPT/2PhLockVParam/RC-05.smt2,sat,0.008
/20220307-SMPT/2PhLockVParam/RC-00.smt2,sat,0.005
/20220307-SMPT/2PhLockVParam/RF-05.smt2,sat,0.007
/20220307-SMPT/2PhLockVParam/RF-07.smt2,sat,0.006
/20220307-SMPT/2PhLockVParam/RF-10.smt2,sat,0.006
/20220307-SMPT/2PhLockVParam/RF-08.smt2,sat,0.0060901641845703125
/20220307-SMPT/2PhLockVParam/RC-08.smt2,unsat,0.004
/20220307-SMPT/2PhLockVParam/RF-15.smt2,sat,0.006
/20220307-SMPT/2PhLockVParam/RF-09.smt2,sat,0.006
/20220307-SMPT/2PhLockVParam/RC-07.smt2,unsat,0.003
/20220307-SMPT/2PhLockVParam/RF-06.smt2,unsat,0.004
/20220307-SMPT/2PhLockVParam/RC-09.smt2,sat,0.006
/20220307-SMPT/2PhLockVParam/RC-15.smt2,unsat,0.006
/20220307-SMPT/2PhLockVParam/RC-12.smt2,sat,0.006555795669555664
/20220307-SMPT/2PhLockVParam/RF-14.smt2,unsat,0.004
/20220307-SMPT/MAPK-PT-00080/RC-02.smt2,sat,0.009050369262695312
/20220307-SMPT/MAPK-PT-00080/RF-12.smt2,sat,0.008651971817016602
/20220307-SMPT/MAPK-PT-00080/RC-03.smt2,sat,0.009681224822998047
/20220307-SMPT/MAPK-PT-00080/RF-02.smt2,unsat,0.006490468978881836
/20220307-SMPT/MAPK-PT-00080/RC-11.smt2,sat,0.010471343994140625
/20220307-SMPT/MAPK-PT-00080/RF-03.smt2,sat,0.009800195693969727
/20220307-SMPT/MAPK-PT-00080/RC-01.smt2,unsat,0.01010894775390625
/20220307-SMPT/MAPK-PT-00080/RF-00.smt2,sat,0.010057687759399414
/20220307-SMPT/MAPK-PT-00080/RC-04.smt2,sat,0.008283138275146484
/20220307-SMPT/MAPK-PT-00080/RF-11.smt2,sat,0.009566783905029297
/20220307-SMPT/MAPK-PT-00080/RC-13.smt2,sat,0.009633541107177734
/20220307-SMPT/MAPK-PT-00080/RC-06.smt2,sat,0.00906062126159668
/20220307-SMPT/MAPK-PT-00080/RC-14.smt2,sat,0.008554220199584961
/20220307-SMPT/MAPK-PT-00080/RC-10.smt2,sat,0.008397579193115234
/20220307-SMPT/MAPK-PT-00080/RF-04.smt2,sat,0.009021282196044922
/20220307-SMPT/MAPK-PT-00080/RF-01.smt2,sat,0.008715152740478516
/20220307-SMPT/MAPK-PT-00080/RF-13.smt2,unsat,0.007288217544555664
/20220307-SMPT/MAPK-PT-00080/RC-05.smt2,sat,0.008017301559448242
/20220307-SMPT/MAPK-PT-00080/RC-00.smt2,sat,0.009543657302856445
/20220307-SMPT/MAPK-PT-00080/RF-05.smt2,sat,0.010076761245727539
/20220307-SMPT/MAPK-PT-00080/RF-07.smt2,sat,0.009890317916870117
/20220307-SMPT/MAPK-PT-00080/RF-10.smt2,sat,0.008858680725097656
/20220307-SMPT/MAPK-PT-00080/RF-08.smt2,sat,0.008892297744750977
/20220307-SMPT/MAPK-PT-00080/RC-08.smt2,sat,0.0084686279296875
/20220307-SMPT/MAPK-PT-00080/RF-15.smt2,sat,0.011706829071044922
/20220307-SMPT/MAPK-PT-00080/RF-09.smt2,sat,0.0104217529296875
/20220307-SMPT/MAPK-PT-00080/RC-07.smt2,sat,0.008431196212768555
/20220307-SMPT/MAPK-PT-00080/RF-06.smt2,sat,0.009035825729370117
/20220307-SMPT/MAPK-PT-00080/RC-09.smt2,sat,0.010298967361450195
/20220307-SMPT/MAPK-PT-00080/RC-15.smt2,sat,0.014373540878295898
/20220307-SMPT/MAPK-PT-00080/RC-12.smt2,sat,0.018474102020263672
/20220307-SMPT/MAPK-PT-00080/RF-14.smt2,unsat,0.00577545166015625
/20220307-SMPT/BART-PT-060/RC-02.smt2,sat,1.166658878326416
/20220307-SMPT/BART-PT-060/RF-12.smt2,sat,1.516554355621338
/20220307-SMPT/BART-PT-060/RC-03.smt2,sat,1.3618581295013428
/20220307-SMPT/BART-PT-060/RF-02.smt2,sat,1.4580700397491455
/20220307-SMPT/BART-PT-060/RC-11.smt2,sat,1.335134744644165
/20220307-SMPT/BART-PT-060/RF-03.smt2,sat,1.3690831661224365
/20220307-SMPT/BART-PT-060/RC-01.smt2,unsat,0.38602662086486816
/20220307-SMPT/BART-PT-060/RF-00.smt2,sat,1.3335998058319092
/20220307-SMPT/BART-PT-060/RC-04.smt2,unsat,0.36412787437438965
/20220307-SMPT/BART-PT-060/RF-11.smt2,sat,1.2606329917907715
/20220307-SMPT/BART-PT-060/RC-13.smt2,unsat,0.22508692741394043
/20220307-SMPT/BART-PT-060/RC-06.smt2,sat,1.4082605838775635
/20220307-SMPT/BART-PT-060/RC-14.smt2,sat,1.5421619415283203
/20220307-SMPT/BART-PT-060/RC-10.smt2,sat,1.3540878295898438
/20220307-SMPT/BART-PT-060/RF-04.smt2,sat,1.4806327819824219
/20220307-SMPT/BART-PT-060/RF-01.smt2,sat,1.3473265171051025
/20220307-SMPT/BART-PT-060/RF-13.smt2,sat,1.1786553859710693
/20220307-SMPT/BART-PT-060/RC-05.smt2,unsat,0.37299609184265137
/20220307-SMPT/BART-PT-060/RC-00.smt2,sat,1.576214075088501
/20220307-SMPT/BART-PT-060/RF-05.smt2,sat,1.5599710941314697
/20220307-SMPT/BART-PT-060/RF-07.smt2,unsat,0.38906192779541016
/20220307-SMPT/BART-PT-060/RF-10.smt2,sat,1.3276846408843994
/20220307-SMPT/BART-PT-060/RF-08.smt2,sat,1.404862880706787
/20220307-SMPT/BART-PT-060/RC-08.smt2,unsat,0.37084460258483887
/20220307-SMPT/BART-PT-060/RF-15.smt2,sat,1.435286283493042
/20220307-SMPT/BART-PT-060/RF-09.smt2,sat,1.1711244583129883
/20220307-SMPT/BART-PT-060/RC-07.smt2,sat,1.4025506973266602
/20220307-SMPT/BART-PT-060/RF-06.smt2,sat,1.4120354652404785
/20220307-SMPT/BART-PT-060/RC-09.smt2,sat,1.4303901195526123
/20220307-SMPT/BART-PT-060/RC-15.smt2,sat,1.2511250972747803
/20220307-SMPT/BART-PT-060/RC-12.smt2,unsat,0.3524911403656006
/20220307-SMPT/BART-PT-060/RF-14.smt2,sat,1.3459782600402832
/20220307-SMPT/IOTPpurchase-PT-C01M01P01D01/RC-02.smt2,sat,0.024776220321655273
/20220307-SMPT/IOTPpurchase-PT-C01M01P01D01/RF-12.smt2,sat,0.02781534194946289
/20220307-SMPT/IOTPpurchase-PT-C01M01P01D01/RC-03.smt2,sat,0.025127649307250977
/20220307-SMPT/IOTPpurchase-PT-C01M01P01D01/RF-02.smt2,unsat,0.02948927879333496
/20220307-SMPT/IOTPpurchase-PT-C01M01P01D01/RC-11.smt2,sat,0.027243852615356445
/20220307-SMPT/IOTPpurchase-PT-C01M01P01D01/RF-03.smt2,sat,0.026811838150024414
/20220307-SMPT/IOTPpurchase-PT-C01M01P01D01/RC-01.smt2,sat,0.024793148040771484
/20220307-SMPT/IOTPpurchase-PT-C01M01P01D01/RF-00.smt2,sat,0.027048587799072266
/20220307-SMPT/IOTPpurchase-PT-C01M01P01D01/RC-04.smt2,sat,0.02984309196472168
/20220307-SMPT/IOTPpurchase-PT-C01M01P01D01/RF-11.smt2,unsat,0.02618551254272461
/20220307-SMPT/IOTPpurchase-PT-C01M01P01D01/RC-13.smt2,unsat,0.028249025344848633
/20220307-SMPT/IOTPpurchase-PT-C01M01P01D01/RC-06.smt2,sat,0.026994943618774414
/20220307-SMPT/IOTPpurchase-PT-C01M01P01D01/RC-14.smt2,sat,0.02477550506591797
/20220307-SMPT/IOTPpurchase-PT-C01M01P01D01/RC-10.smt2,sat,0.025782346725463867
/20220307-SMPT/IOTPpurchase-PT-C01M01P01D01/RF-04.smt2,sat,0.024537086486816406
/20220307-SMPT/IOTPpurchase-PT-C01M01P01D01/RF-01.smt2,unsat,0.026323556900024414
/20220307-SMPT/IOTPpurchase-PT-C01M01P01D01/RF-13.smt2,sat,0.026271820068359375
/20220307-SMPT/IOTPpurchase-PT-C01M01P01D01/RC-05.smt2,unsat,0.02671217918395996
/20220307-SMPT/IOTPpurchase-PT-C01M01P01D01/RC-00.smt2,sat,0.027411937713623047
/20220307-SMPT/IOTPpurchase-PT-C01M01P01D01/RF-05.smt2,sat,0.02600550651550293
/20220307-SMPT/IOTPpurchase-PT-C01M01P01D01/RF-07.smt2,sat,0.025593996047973633
/20220307-SMPT/IOTPpurchase-PT-C01M01P01D01/RF-10.smt2,sat,0.028391599655151367
/20220307-SMPT/IOTPpurchase-PT-C01M01P01D01/RF-08.smt2,sat,0.02654862403869629
/20220307-SMPT/IOTPpurchase-PT-C01M01P01D01/RC-08.smt2,sat,0.03534674644470215
/20220307-SMPT/IOTPpurchase-PT-C01M01P01D01/RF-15.smt2,unsat,0.02501392364501953
/20220307-SMPT/IOTPpurchase-PT-C01M01P01D01/RF-09.smt2,unsat,0.025855064392089844
/20220307-SMPT/IOTPpurchase-PT-C01M01P01D01/RC-07.smt2,sat,0.030289411544799805
/20220307-SMPT/IOTPpurchase-PT-C01M01P01D01/RF-06.smt2,sat,0.02640843391418457
/20220307-SMPT/IOTPpurchase-PT-C01M01P01D01/RC-09.smt2,sat,0.02755570411682129
/20220307-SMPT/IOTPpurchase-PT-C01M01P01D01/RC-15.smt2,sat,0.027275800704956055
/20220307-SMPT/IOTPpurchase-PT-C01M01P01D01/RC-12.smt2,unsat,0.011785030364990234
/20220307-SMPT/IOTPpurchase-PT-C01M01P01D01/RF-14.smt2,sat,0.025479793548583984
/20220307-SMPT/RobotManipulation-PT-05000/RC-02.smt2,sat,0.00824880599975586
/20220307-SMPT/RobotManipulation-PT-05000/RC-03.smt2,unsat,0.006
/20220307-SMPT/RobotManipulation-PT-05000/RF-02.smt2,sat,0.011170625686645508
/20220307-SMPT/RobotManipulation-PT-05000/RC-11.smt2,sat,0.007608652114868164
/20220307-SMPT/RobotManipulation-PT-05000/RF-03.smt2,sat,0.007503986358642578
/20220307-SMPT/RobotManipulation-PT-05000/RC-01.smt2,sat,0.007502555847167969
/20220307-SMPT/RobotManipulation-PT-05000/RF-00.smt2,unsat,0.006
/20220307-SMPT/RobotManipulation-PT-05000/RC-04.smt2,sat,0.007953405380249023
/20220307-SMPT/RobotManipulation-PT-05000/RF-11.smt2,sat,0.007915973663330078
/20220307-SMPT/RobotManipulation-PT-05000/RC-13.smt2,sat,0.007813453674316406
/20220307-SMPT/RobotManipulation-PT-05000/RC-06.smt2,sat,0.009960651397705078
/20220307-SMPT/RobotManipulation-PT-05000/RC-14.smt2,unsat,0.008315563201904297
/20220307-SMPT/RobotManipulation-PT-05000/RC-10.smt2,sat,0.008150577545166016
/20220307-SMPT/RobotManipulation-PT-05000/RF-04.smt2,unsat,0.006
/20220307-SMPT/RobotManipulation-PT-05000/RF-01.smt2,sat,0.007963180541992188
/20220307-SMPT/RobotManipulation-PT-05000/RC-05.smt2,sat,0.008595943450927734
/20220307-SMPT/RobotManipulation-PT-05000/RC-00.smt2,sat,0.008484363555908203
/20220307-SMPT/RobotManipulation-PT-05000/RF-05.smt2,unsat,0.004907369613647461
/20220307-SMPT/RobotManipulation-PT-05000/RF-07.smt2,unsat,0.005
/20220307-SMPT/RobotManipulation-PT-05000/RF-10.smt2,sat,0.009294271469116211
/20220307-SMPT/RobotManipulation-PT-05000/RF-08.smt2,unsat,0.006716012954711914
/20220307-SMPT/RobotManipulation-PT-05000/RC-08.smt2,sat,0.009110689163208008
/20220307-SMPT/RobotManipulation-PT-05000/RF-15.smt2,unsat,0.006
/20220307-SMPT/RobotManipulation-PT-05000/RF-09.smt2,sat,0.007769584655761719
/20220307-SMPT/RobotManipulation-PT-05000/RC-07.smt2,unsat,0.005
/20220307-SMPT/RobotManipulation-PT-05000/RF-06.smt2,unsat,0.005492448806762695
/20220307-SMPT/RobotManipulation-PT-05000/RC-09.smt2,sat,0.006990671157836914
/20220307-SMPT/RobotManipulation-PT-05000/RC-15.smt2,sat,0.00826120376586914
/20220307-SMPT/RobotManipulation-PT-05000/RC-12.smt2,sat,0.008126258850097656
/20220307-SMPT/RobotManipulation-PT-05000/RF-14.smt2,sat,0.008935213088989258
/20220307-SMPT/Diffusion2D-PT-D05N100/RC-02.smt2,sat,0.008142709732055664
/20220307-SMPT/Diffusion2D-PT-D05N100/RF-12.smt2,sat,0.009414434432983398
/20220307-SMPT/Diffusion2D-PT-D05N100/RC-03.smt2,sat,0.014
/20220307-SMPT/Diffusion2D-PT-D05N100/RF-02.smt2,sat,0.009911060333251953
/20220307-SMPT/Diffusion2D-PT-D05N100/RC-11.smt2,sat,0.013
/20220307-SMPT/Diffusion2D-PT-D05N100/RF-03.smt2,sat,0.00888514518737793
/20220307-SMPT/Diffusion2D-PT-D05N100/RC-01.smt2,sat,0.008546113967895508
/20220307-SMPT/Diffusion2D-PT-D05N100/RF-00.smt2,sat,0.009989500045776367
/20220307-SMPT/Diffusion2D-PT-D05N100/RC-04.smt2,sat,0.009637117385864258
/20220307-SMPT/Diffusion2D-PT-D05N100/RF-11.smt2,sat,0.006850242614746094
/20220307-SMPT/Diffusion2D-PT-D05N100/RC-13.smt2,sat,0.009224653244018555
/20220307-SMPT/Diffusion2D-PT-D05N100/RC-06.smt2,sat,0.007736682891845703
/20220307-SMPT/Diffusion2D-PT-D05N100/RC-14.smt2,sat,0.00983738899230957
/20220307-SMPT/Diffusion2D-PT-D05N100/RC-10.smt2,sat,0.009668827056884766
/20220307-SMPT/Diffusion2D-PT-D05N100/RF-04.smt2,sat,0.010542631149291992
/20220307-SMPT/Diffusion2D-PT-D05N100/RF-01.smt2,sat,0.009258508682250977
/20220307-SMPT/Diffusion2D-PT-D05N100/RF-13.smt2,sat,0.010986804962158203
/20220307-SMPT/Diffusion2D-PT-D05N100/RC-05.smt2,sat,0.009554147720336914
/20220307-SMPT/Diffusion2D-PT-D05N100/RC-00.smt2,sat,0.0076715946197509766
/20220307-SMPT/Diffusion2D-PT-D05N100/RF-05.smt2,sat,0.009297609329223633
/20220307-SMPT/Diffusion2D-PT-D05N100/RF-07.smt2,unsat,0.00620722770690918
/20220307-SMPT/Diffusion2D-PT-D05N100/RF-10.smt2,unsat,0.00680088996887207
/20220307-SMPT/Diffusion2D-PT-D05N100/RF-08.smt2,sat,0.009490489959716797
/20220307-SMPT/Diffusion2D-PT-D05N100/RC-08.smt2,sat,0.0075991153717041016
/20220307-SMPT/Diffusion2D-PT-D05N100/RF-15.smt2,unsat,0.007
/20220307-SMPT/Diffusion2D-PT-D05N100/RF-09.smt2,sat,0.008427143096923828
/20220307-SMPT/Diffusion2D-PT-D05N100/RC-07.smt2,sat,0.007827997207641602
/20220307-SMPT/Diffusion2D-PT-D05N100/RF-06.smt2,sat,0.007701396942138672
/20220307-SMPT/Diffusion2D-PT-D05N100/RC-09.smt2,sat,0.008826017379760742
/20220307-SMPT/Diffusion2D-PT-D05N100/RC-15.smt2,sat,0.009850025177001953
/20220307-SMPT/Diffusion2D-PT-D05N100/RC-12.smt2,sat,0.008286476135253906
/20220307-SMPT/Diffusion2D-PT-D05N100/RF-14.smt2,sat,0.008025169372558594
/20220307-SMPT/NeighborGrid-PT-d2n3m1c12/RC-02.smt2,unsat,0.005
/20220307-SMPT/NeighborGrid-PT-d2n3m1c12/RF-12.smt2,unsat,0.005
/20220307-SMPT/NeighborGrid-PT-d2n3m1c12/RC-03.smt2,unsat,0.004
/20220307-SMPT/NeighborGrid-PT-d2n3m1c12/RF-02.smt2,unsat,0.004
/20220307-SMPT/NeighborGrid-PT-d2n3m1c12/RC-11.smt2,unsat,0.006
/20220307-SMPT/NeighborGrid-PT-d2n3m1c12/RF-03.smt2,sat,0.006623983383178711
/20220307-SMPT/NeighborGrid-PT-d2n3m1c12/RC-01.smt2,unsat,0.004
/20220307-SMPT/NeighborGrid-PT-d2n3m1c12/RF-00.smt2,unsat,0.004
/20220307-SMPT/NeighborGrid-PT-d2n3m1c12/RC-04.smt2,unsat,0.004
/20220307-SMPT/NeighborGrid-PT-d2n3m1c12/RF-11.smt2,unsat,0.004
/20220307-SMPT/NeighborGrid-PT-d2n3m1c12/RC-13.smt2,unsat,0.004
/20220307-SMPT/NeighborGrid-PT-d2n3m1c12/RC-06.smt2,sat,0.009
/20220307-SMPT/NeighborGrid-PT-d2n3m1c12/RC-14.smt2,sat,0.006
/20220307-SMPT/NeighborGrid-PT-d2n3m1c12/RC-10.smt2,unsat,0.005398750305175781
/20220307-SMPT/NeighborGrid-PT-d2n3m1c12/RF-04.smt2,sat,0.006
/20220307-SMPT/NeighborGrid-PT-d2n3m1c12/RF-01.smt2,unsat,0.005
/20220307-SMPT/NeighborGrid-PT-d2n3m1c12/RF-13.smt2,unsat,0.004
/20220307-SMPT/NeighborGrid-PT-d2n3m1c12/RC-05.smt2,unsat,0.004
/20220307-SMPT/NeighborGrid-PT-d2n3m1c12/RC-00.smt2,sat,0.007
/20220307-SMPT/NeighborGrid-PT-d2n3m1c12/RF-05.smt2,unsat,0.004
/20220307-SMPT/NeighborGrid-PT-d2n3m1c12/RF-07.smt2,unsat,0.004
/20220307-SMPT/NeighborGrid-PT-d2n3m1c12/RF-10.smt2,unsat,0.004
/20220307-SMPT/NeighborGrid-PT-d2n3m1c12/RF-08.smt2,sat,0.0063877105712890625
/20220307-SMPT/NeighborGrid-PT-d2n3m1c12/RC-08.smt2,unsat,0.004
/20220307-SMPT/NeighborGrid-PT-d2n3m1c12/RF-15.smt2,sat,0.005894899368286133
/20220307-SMPT/NeighborGrid-PT-d2n3m1c12/RF-09.smt2,unsat,0.004
/20220307-SMPT/NeighborGrid-PT-d2n3m1c12/RC-07.smt2,sat,0.007
/20220307-SMPT/NeighborGrid-PT-d2n3m1c12/RF-06.smt2,unsat,0.004
/20220307-SMPT/NeighborGrid-PT-d2n3m1c12/RC-09.smt2,unsat,0.003
/20220307-SMPT/NeighborGrid-PT-d2n3m1c12/RC-12.smt2,sat,0.007550716400146484
/20220307-SMPT/NeighborGrid-PT-d2n3m1c12/RF-14.smt2,unsat,0.003
/20220307-SMPT/Diffusion2D-PT-D05N150/RC-02.smt2,sat,0.008055448532104492
/20220307-SMPT/Diffusion2D-PT-D05N150/RF-12.smt2,sat,0.009412527084350586
/20220307-SMPT/Diffusion2D-PT-D05N150/RC-03.smt2,sat,0.00889134407043457
/20220307-SMPT/Diffusion2D-PT-D05N150/RF-02.smt2,sat,0.008388042449951172
/20220307-SMPT/Diffusion2D-PT-D05N150/RC-11.smt2,sat,0.009601831436157227
/20220307-SMPT/Diffusion2D-PT-D05N150/RF-03.smt2,sat,0.01067352294921875
/20220307-SMPT/Diffusion2D-PT-D05N150/RC-01.smt2,sat,0.007624149322509766
/20220307-SMPT/Diffusion2D-PT-D05N150/RF-00.smt2,sat,0.009615182876586914
/20220307-SMPT/Diffusion2D-PT-D05N150/RC-04.smt2,sat,0.00818490982055664
/20220307-SMPT/Diffusion2D-PT-D05N150/RF-11.smt2,sat,0.009656190872192383
/20220307-SMPT/Diffusion2D-PT-D05N150/RC-13.smt2,sat,0.008766889572143555
/20220307-SMPT/Diffusion2D-PT-D05N150/RC-06.smt2,sat,0.00786447525024414
/20220307-SMPT/Diffusion2D-PT-D05N150/RC-14.smt2,sat,0.008840084075927734
/20220307-SMPT/Diffusion2D-PT-D05N150/RC-10.smt2,sat,0.009555339813232422
/20220307-SMPT/Diffusion2D-PT-D05N150/RF-01.smt2,sat,0.009223699569702148
/20220307-SMPT/Diffusion2D-PT-D05N150/RF-13.smt2,sat,0.008312463760375977
/20220307-SMPT/Diffusion2D-PT-D05N150/RC-05.smt2,sat,0.00768280029296875
/20220307-SMPT/Diffusion2D-PT-D05N150/RC-00.smt2,sat,0.009244918823242188
/20220307-SMPT/Diffusion2D-PT-D05N150/RF-05.smt2,sat,0.014
/20220307-SMPT/Diffusion2D-PT-D05N150/RF-07.smt2,unsat,0.0064890384674072266
/20220307-SMPT/Diffusion2D-PT-D05N150/RF-08.smt2,sat,0.008778810501098633
/20220307-SMPT/Diffusion2D-PT-D05N150/RC-08.smt2,sat,0.014
/20220307-SMPT/Diffusion2D-PT-D05N150/RF-15.smt2,sat,0.008414030075073242
/20220307-SMPT/Diffusion2D-PT-D05N150/RF-09.smt2,sat,0.008022546768188477
/20220307-SMPT/Diffusion2D-PT-D05N150/RC-07.smt2,unsat,0.007
/20220307-SMPT/Diffusion2D-PT-D05N150/RF-06.smt2,unsat,0.005475759506225586
/20220307-SMPT/Diffusion2D-PT-D05N150/RC-09.smt2,sat,0.008556604385375977
/20220307-SMPT/Diffusion2D-PT-D05N150/RC-15.smt2,sat,0.009814977645874023
/20220307-SMPT/Diffusion2D-PT-D05N150/RC-12.smt2,sat,0.00828099250793457
/20220307-SMPT/Eratosthenes-PT-020/RC-02.smt2,unsat,0.004
/20220307-SMPT/Eratosthenes-PT-020/RF-12.smt2,sat,0.005
/20220307-SMPT/Eratosthenes-PT-020/RC-03.smt2,unsat,0.005
/20220307-SMPT/Eratosthenes-PT-020/RF-02.smt2,unsat,0.004
/20220307-SMPT/Eratosthenes-PT-020/RC-11.smt2,unsat,0.005
/20220307-SMPT/Eratosthenes-PT-020/RF-03.smt2,unsat,0.004
/20220307-SMPT/Eratosthenes-PT-020/RC-01.smt2,unsat,0.005
/20220307-SMPT/Eratosthenes-PT-020/RF-00.smt2,unsat,0.005
/20220307-SMPT/Eratosthenes-PT-020/RC-04.smt2,unsat,0.005
/20220307-SMPT/Eratosthenes-PT-020/RF-11.smt2,unsat,0.005
/20220307-SMPT/Eratosthenes-PT-020/RC-13.smt2,unsat,0.005
/20220307-SMPT/Eratosthenes-PT-020/RC-06.smt2,unsat,0.004
/20220307-SMPT/Eratosthenes-PT-020/RC-14.smt2,unsat,0.004
/20220307-SMPT/Eratosthenes-PT-020/RC-10.smt2,unsat,0.005
/20220307-SMPT/Eratosthenes-PT-020/RF-04.smt2,unsat,0.005
/20220307-SMPT/Eratosthenes-PT-020/RF-01.smt2,unsat,0.005
/20220307-SMPT/Eratosthenes-PT-020/RF-13.smt2,unsat,0.005
/20220307-SMPT/Eratosthenes-PT-020/RC-05.smt2,unsat,0.004
/20220307-SMPT/Eratosthenes-PT-020/RC-00.smt2,unsat,0.004
/20220307-SMPT/Eratosthenes-PT-020/RF-05.smt2,unsat,0.004
/20220307-SMPT/Eratosthenes-PT-020/RF-07.smt2,unsat,0.005
/20220307-SMPT/Eratosthenes-PT-020/RF-10.smt2,unsat,0.004
/20220307-SMPT/Eratosthenes-PT-020/RF-08.smt2,unsat,0.005
/20220307-SMPT/Eratosthenes-PT-020/RC-08.smt2,unsat,0.005
/20220307-SMPT/Eratosthenes-PT-020/RF-15.smt2,sat,0.005
/20220307-SMPT/Eratosthenes-PT-020/RF-09.smt2,unsat,0.004
/20220307-SMPT/Eratosthenes-PT-020/RC-07.smt2,unsat,0.005
/20220307-SMPT/Eratosthenes-PT-020/RF-06.smt2,unsat,0.005
/20220307-SMPT/Eratosthenes-PT-020/RC-09.smt2,unsat,0.005
/20220307-SMPT/Eratosthenes-PT-020/RC-15.smt2,unsat,0.005
/20220307-SMPT/Eratosthenes-PT-020/RC-12.smt2,unsat,0.004
/20220307-SMPT/Eratosthenes-PT-020/RF-14.smt2,unsat,0.005
/20220307-SMPT/RwMutex-PT-r0020w0010/RC-02.smt2,unsat,0.016840219497680664
/20220307-SMPT/RwMutex-PT-r0020w0010/RF-12.smt2,unsat,0.014408588409423828
/20220307-SMPT/RwMutex-PT-r0020w0010/RC-03.smt2,unsat,0.0142822265625
/20220307-SMPT/RwMutex-PT-r0020w0010/RF-02.smt2,unsat,0.020628929138183594
/20220307-SMPT/RwMutex-PT-r0020w0010/RC-11.smt2,unsat,0.015422344207763672
/20220307-SMPT/RwMutex-PT-r0020w0010/RF-03.smt2,unsat,0.01551198959350586
/20220307-SMPT/RwMutex-PT-r0020w0010/RC-01.smt2,unsat,0.01753830909729004
/20220307-SMPT/RwMutex-PT-r0020w0010/RF-00.smt2,unsat,0.01397705078125
/20220307-SMPT/RwMutex-PT-r0020w0010/RC-04.smt2,unsat,0.01731109619140625
/20220307-SMPT/RwMutex-PT-r0020w0010/RF-11.smt2,unsat,0.015937089920043945
/20220307-SMPT/RwMutex-PT-r0020w0010/RC-13.smt2,unsat,0.015746116638183594
/20220307-SMPT/RwMutex-PT-r0020w0010/RC-06.smt2,unsat,0.015153169631958008
/20220307-SMPT/RwMutex-PT-r0020w0010/RC-14.smt2,unsat,0.014191865921020508
/20220307-SMPT/RwMutex-PT-r0020w0010/RC-10.smt2,unsat,0.016231536865234375
/20220307-SMPT/RwMutex-PT-r0020w0010/RF-04.smt2,unsat,0.01419973373413086
/20220307-SMPT/RwMutex-PT-r0020w0010/RF-01.smt2,unsat,0.01602482795715332
/20220307-SMPT/RwMutex-PT-r0020w0010/RF-13.smt2,unsat,0.014737129211425781
/20220307-SMPT/RwMutex-PT-r0020w0010/RC-05.smt2,unsat,0.013582944869995117
/20220307-SMPT/RwMutex-PT-r0020w0010/RC-00.smt2,unsat,0.013721704483032227
/20220307-SMPT/RwMutex-PT-r0020w0010/RF-05.smt2,unsat,0.014618396759033203
/20220307-SMPT/RwMutex-PT-r0020w0010/RF-07.smt2,unsat,0.017126798629760742
/20220307-SMPT/RwMutex-PT-r0020w0010/RF-10.smt2,unsat,0.02154827117919922
/20220307-SMPT/RwMutex-PT-r0020w0010/RF-08.smt2,unsat,0.014208555221557617
/20220307-SMPT/RwMutex-PT-r0020w0010/RC-08.smt2,unsat,0.014891386032104492
/20220307-SMPT/RwMutex-PT-r0020w0010/RF-15.smt2,unsat,0.015904903411865234
/20220307-SMPT/RwMutex-PT-r0020w0010/RF-09.smt2,unsat,0.012292861938476562
/20220307-SMPT/RwMutex-PT-r0020w0010/RC-07.smt2,unsat,0.024247169494628906
/20220307-SMPT/RwMutex-PT-r0020w0010/RF-06.smt2,unsat,0.017880678176879883
/20220307-SMPT/RwMutex-PT-r0020w0010/RC-09.smt2,unsat,0.014756917953491211
/20220307-SMPT/RwMutex-PT-r0020w0010/RC-15.smt2,unsat,0.01469731330871582
/20220307-SMPT/RwMutex-PT-r0020w0010/RC-12.smt2,unsat,0.015243053436279297
/20220307-SMPT/RwMutex-PT-r0020w0010/RF-14.smt2,unsat,0.016939163208007812
/20220307-SMPT/SwimmingPool-PT-10/RC-02.smt2,sat,0.006100654602050781
/20220307-SMPT/SwimmingPool-PT-10/RF-12.smt2,sat,0.006621122360229492
/20220307-SMPT/SwimmingPool-PT-10/RC-03.smt2,sat,0.007525444030761719
/20220307-SMPT/SwimmingPool-PT-10/RF-02.smt2,unsat,0.004
/20220307-SMPT/SwimmingPool-PT-10/RC-11.smt2,sat,0.007
/20220307-SMPT/SwimmingPool-PT-10/RF-03.smt2,sat,0.006
/20220307-SMPT/SwimmingPool-PT-10/RC-01.smt2,sat,0.006069660186767578
/20220307-SMPT/SwimmingPool-PT-10/RF-00.smt2,sat,0.0059163570404052734
/20220307-SMPT/SwimmingPool-PT-10/RC-04.smt2,sat,0.006011962890625
/20220307-SMPT/SwimmingPool-PT-10/RF-11.smt2,unsat,0.004
/20220307-SMPT/SwimmingPool-PT-10/RC-13.smt2,sat,0.0066683292388916016
/20220307-SMPT/SwimmingPool-PT-10/RC-06.smt2,sat,0.005873918533325195
/20220307-SMPT/SwimmingPool-PT-10/RC-14.smt2,sat,0.007405519485473633
/20220307-SMPT/SwimmingPool-PT-10/RC-10.smt2,sat,0.007
/20220307-SMPT/SwimmingPool-PT-10/RF-04.smt2,sat,0.0064656734466552734
/20220307-SMPT/SwimmingPool-PT-10/RF-01.smt2,unsat,0.004
/20220307-SMPT/SwimmingPool-PT-10/RF-13.smt2,sat,0.007
/20220307-SMPT/SwimmingPool-PT-10/RC-05.smt2,sat,0.006106138229370117
/20220307-SMPT/SwimmingPool-PT-10/RC-00.smt2,sat,0.0063517093658447266
/20220307-SMPT/SwimmingPool-PT-10/RF-05.smt2,unsat,0.004
/20220307-SMPT/SwimmingPool-PT-10/RF-07.smt2,sat,0.006194591522216797
/20220307-SMPT/SwimmingPool-PT-10/RF-10.smt2,sat,0.007
/20220307-SMPT/SwimmingPool-PT-10/RF-08.smt2,sat,0.0057256221771240234
/20220307-SMPT/SwimmingPool-PT-10/RC-08.smt2,sat,0.006769657135009766
/20220307-SMPT/SwimmingPool-PT-10/RF-15.smt2,unsat,0.004
/20220307-SMPT/SwimmingPool-PT-10/RF-09.smt2,sat,0.006090879440307617
/20220307-SMPT/SwimmingPool-PT-10/RC-07.smt2,sat,0.006
/20220307-SMPT/SwimmingPool-PT-10/RF-06.smt2,sat,0.006
/20220307-SMPT/SwimmingPool-PT-10/RC-09.smt2,sat,0.005758523941040039
/20220307-SMPT/SwimmingPool-PT-10/RC-15.smt2,sat,0.007
/20220307-SMPT/SwimmingPool-PT-10/RC-12.smt2,sat,0.007
/20220307-SMPT/SwimmingPool-PT-10/RF-14.smt2,sat,0.0060122013092041016
/20220307-SMPT/HouseConstruction-PT-02000/RC-02.smt2,sat,0.0119171142578125
/20220307-SMPT/HouseConstruction-PT-02000/RF-12.smt2,sat,0.008612632751464844
/20220307-SMPT/HouseConstruction-PT-02000/RC-03.smt2,sat,0.008010625839233398
/20220307-SMPT/HouseConstruction-PT-02000/RF-02.smt2,sat,0.008937358856201172
/20220307-SMPT/HouseConstruction-PT-02000/RC-11.smt2,sat,0.010866403579711914
/20220307-SMPT/HouseConstruction-PT-02000/RF-03.smt2,sat,0.014650344848632812
/20220307-SMPT/HouseConstruction-PT-02000/RC-01.smt2,sat,0.009004354476928711
/20220307-SMPT/HouseConstruction-PT-02000/RF-00.smt2,sat,0.007524967193603516
/20220307-SMPT/HouseConstruction-PT-02000/RC-04.smt2,sat,0.008781909942626953
/20220307-SMPT/HouseConstruction-PT-02000/RF-11.smt2,sat,0.010086774826049805
/20220307-SMPT/HouseConstruction-PT-02000/RC-13.smt2,sat,0.007892131805419922
/20220307-SMPT/HouseConstruction-PT-02000/RC-06.smt2,sat,0.008437156677246094
/20220307-SMPT/HouseConstruction-PT-02000/RC-14.smt2,unsat,0.006029367446899414
/20220307-SMPT/HouseConstruction-PT-02000/RC-10.smt2,unsat,0.008628368377685547
/20220307-SMPT/HouseConstruction-PT-02000/RF-04.smt2,sat,0.01002049446105957
/20220307-SMPT/HouseConstruction-PT-02000/RF-01.smt2,sat,0.008888721466064453
/20220307-SMPT/HouseConstruction-PT-02000/RF-13.smt2,sat,0.009007692337036133
/20220307-SMPT/HouseConstruction-PT-02000/RC-05.smt2,sat,0.009969234466552734
/20220307-SMPT/HouseConstruction-PT-02000/RC-00.smt2,sat,0.00843358039855957
/20220307-SMPT/HouseConstruction-PT-02000/RF-05.smt2,sat,0.008566141128540039
/20220307-SMPT/HouseConstruction-PT-02000/RF-07.smt2,sat,0.01009511947631836
/20220307-SMPT/HouseConstruction-PT-02000/RF-10.smt2,sat,0.011516571044921875
/20220307-SMPT/HouseConstruction-PT-02000/RF-08.smt2,sat,0.009557008743286133
/20220307-SMPT/HouseConstruction-PT-02000/RC-08.smt2,unsat,0.0061113834381103516
/20220307-SMPT/HouseConstruction-PT-02000/RF-15.smt2,sat,0.009009599685668945
/20220307-SMPT/HouseConstruction-PT-02000/RF-09.smt2,sat,0.009531974792480469
/20220307-SMPT/HouseConstruction-PT-02000/RC-07.smt2,sat,0.008551359176635742
/20220307-SMPT/HouseConstruction-PT-02000/RF-06.smt2,sat,0.009540557861328125
/20220307-SMPT/HouseConstruction-PT-02000/RC-09.smt2,sat,0.008466243743896484
/20220307-SMPT/HouseConstruction-PT-02000/RC-15.smt2,sat,0.008862495422363281
/20220307-SMPT/HouseConstruction-PT-02000/RC-12.smt2,sat,0.009141683578491211
/20220307-SMPT/HouseConstruction-PT-02000/RF-14.smt2,unsat,0.005543231964111328
/20220307-SMPT/RwMutex-PT-r0010w0010/RC-02.smt2,sat,0.02190232276916504
/20220307-SMPT/RwMutex-PT-r0010w0010/RF-12.smt2,unsat,0.014200687408447266
/20220307-SMPT/RwMutex-PT-r0010w0010/RC-03.smt2,sat,0.021559953689575195
/20220307-SMPT/RwMutex-PT-r0010w0010/RF-02.smt2,sat,0.025816917419433594
/20220307-SMPT/RwMutex-PT-r0010w0010/RC-11.smt2,sat,0.019741058349609375
/20220307-SMPT/RwMutex-PT-r0010w0010/RF-03.smt2,sat,0.02137017250061035
/20220307-SMPT/RwMutex-PT-r0010w0010/RC-01.smt2,sat,0.020993709564208984
/20220307-SMPT/RwMutex-PT-r0010w0010/RF-00.smt2,sat,0.026897907257080078
/20220307-SMPT/RwMutex-PT-r0010w0010/RC-04.smt2,sat,0.020447969436645508
/20220307-SMPT/RwMutex-PT-r0010w0010/RF-11.smt2,sat,0.02397298812866211
/20220307-SMPT/RwMutex-PT-r0010w0010/RC-13.smt2,sat,0.024700164794921875
/20220307-SMPT/RwMutex-PT-r0010w0010/RC-06.smt2,unsat,0.014755010604858398
/20220307-SMPT/RwMutex-PT-r0010w0010/RC-14.smt2,unsat,0.01416325569152832
/20220307-SMPT/RwMutex-PT-r0010w0010/RC-10.smt2,sat,0.027538776397705078
/20220307-SMPT/RwMutex-PT-r0010w0010/RF-04.smt2,sat,0.02211928367614746
/20220307-SMPT/RwMutex-PT-r0010w0010/RF-01.smt2,sat,0.02044367790222168
/20220307-SMPT/RwMutex-PT-r0010w0010/RF-13.smt2,sat,0.02104663848876953
/20220307-SMPT/RwMutex-PT-r0010w0010/RC-05.smt2,unsat,0.015099287033081055
/20220307-SMPT/RwMutex-PT-r0010w0010/RC-00.smt2,sat,0.026589393615722656
/20220307-SMPT/RwMutex-PT-r0010w0010/RF-05.smt2,sat,0.098
/20220307-SMPT/RwMutex-PT-r0010w0010/RF-07.smt2,sat,0.099
/20220307-SMPT/RwMutex-PT-r0010w0010/RF-10.smt2,sat,0.022238969802856445
/20220307-SMPT/RwMutex-PT-r0010w0010/RF-08.smt2,sat,0.021700620651245117
/20220307-SMPT/RwMutex-PT-r0010w0010/RC-08.smt2,sat,0.022785186767578125
/20220307-SMPT/RwMutex-PT-r0010w0010/RF-15.smt2,sat,0.023158788681030273
/20220307-SMPT/RwMutex-PT-r0010w0010/RF-09.smt2,sat,0.023714780807495117
/20220307-SMPT/RwMutex-PT-r0010w0010/RC-07.smt2,sat,0.021242856979370117
/20220307-SMPT/RwMutex-PT-r0010w0010/RF-06.smt2,sat,0.02601766586303711
/20220307-SMPT/RwMutex-PT-r0010w0010/RC-09.smt2,unsat,0.014162063598632812
/20220307-SMPT/RwMutex-PT-r0010w0010/RC-15.smt2,sat,0.02123427391052246
/20220307-SMPT/RwMutex-PT-r0010w0010/RC-12.smt2,sat,0.02995753288269043
/20220307-SMPT/RwMutex-PT-r0010w0010/RF-14.smt2,unsat,0.013971805572509766
/20220307-SMPT/HouseConstruction-PT-00500/RC-02.smt2,sat,0.010799646377563477
/20220307-SMPT/HouseConstruction-PT-00500/RF-12.smt2,sat,0.009752511978149414
/20220307-SMPT/HouseConstruction-PT-00500/RC-03.smt2,sat,0.009118795394897461
/20220307-SMPT/HouseConstruction-PT-00500/RF-02.smt2,sat,0.009910106658935547
/20220307-SMPT/HouseConstruction-PT-00500/RC-11.smt2,sat,0.010397672653198242
/20220307-SMPT/HouseConstruction-PT-00500/RF-03.smt2,sat,0.009282827377319336
/20220307-SMPT/HouseConstruction-PT-00500/RC-01.smt2,sat,0.008149862289428711
/20220307-SMPT/HouseConstruction-PT-00500/RF-00.smt2,unsat,0.005878448486328125
/20220307-SMPT/HouseConstruction-PT-00500/RC-04.smt2,sat,0.009377241134643555
/20220307-SMPT/HouseConstruction-PT-00500/RF-11.smt2,sat,0.008111238479614258
/20220307-SMPT/HouseConstruction-PT-00500/RC-13.smt2,sat,0.01043844223022461
/20220307-SMPT/HouseConstruction-PT-00500/RC-06.smt2,sat,0.007819652557373047
/20220307-SMPT/HouseConstruction-PT-00500/RC-14.smt2,sat,0.009248971939086914
/20220307-SMPT/HouseConstruction-PT-00500/RC-10.smt2,sat,0.009931802749633789
/20220307-SMPT/HouseConstruction-PT-00500/RF-04.smt2,sat,0.009865760803222656
/20220307-SMPT/HouseConstruction-PT-00500/RF-01.smt2,sat,0.010222196578979492
/20220307-SMPT/HouseConstruction-PT-00500/RF-13.smt2,sat,0.00960683822631836
/20220307-SMPT/HouseConstruction-PT-00500/RC-05.smt2,sat,0.008678674697875977
/20220307-SMPT/HouseConstruction-PT-00500/RC-00.smt2,sat,0.008675098419189453
/20220307-SMPT/HouseConstruction-PT-00500/RF-05.smt2,sat,0.007969856262207031
/20220307-SMPT/HouseConstruction-PT-00500/RF-07.smt2,unsat,0.0053098201751708984
/20220307-SMPT/HouseConstruction-PT-00500/RF-10.smt2,sat,0.009387731552124023
/20220307-SMPT/HouseConstruction-PT-00500/RF-08.smt2,sat,0.008449316024780273
/20220307-SMPT/HouseConstruction-PT-00500/RC-08.smt2,unsat,0.006100893020629883
/20220307-SMPT/HouseConstruction-PT-00500/RF-15.smt2,unsat,0.006311655044555664
/20220307-SMPT/HouseConstruction-PT-00500/RF-09.smt2,sat,0.008561134338378906
/20220307-SMPT/HouseConstruction-PT-00500/RC-07.smt2,sat,0.009126663208007812
/20220307-SMPT/HouseConstruction-PT-00500/RF-06.smt2,unsat,0.004915475845336914
/20220307-SMPT/HouseConstruction-PT-00500/RC-09.smt2,sat,0.008698463439941406
/20220307-SMPT/HouseConstruction-PT-00500/RC-15.smt2,sat,0.010671138763427734
/20220307-SMPT/HouseConstruction-PT-00500/RC-12.smt2,sat,0.009216785430908203
/20220307-SMPT/HouseConstruction-PT-00500/RF-14.smt2,sat,0.008928775787353516
/20220307-SMPT/MAPK-PT-10240/RC-02.smt2,sat,0.008006095886230469
/20220307-SMPT/MAPK-PT-10240/RF-12.smt2,sat,0.009541511535644531
/20220307-SMPT/MAPK-PT-10240/RC-03.smt2,unsat,0.009709358215332031
/20220307-SMPT/MAPK-PT-10240/RF-02.smt2,sat,0.0077402591705322266
/20220307-SMPT/MAPK-PT-10240/RC-11.smt2,sat,0.01070547103881836
/20220307-SMPT/MAPK-PT-10240/RF-03.smt2,unsat,0.006358146667480469
/20220307-SMPT/MAPK-PT-10240/RC-01.smt2,sat,0.02
/20220307-SMPT/MAPK-PT-10240/RF-00.smt2,sat,0.008996248245239258
/20220307-SMPT/MAPK-PT-10240/RC-04.smt2,sat,0.008544921875
/20220307-SMPT/MAPK-PT-10240/RF-11.smt2,sat,0.007815122604370117
/20220307-SMPT/MAPK-PT-10240/RC-13.smt2,sat,0.009876251220703125
/20220307-SMPT/MAPK-PT-10240/RC-06.smt2,sat,0.010813713073730469
/20220307-SMPT/MAPK-PT-10240/RC-14.smt2,sat,0.0080718994140625
/20220307-SMPT/MAPK-PT-10240/RC-10.smt2,sat,0.010227680206298828
/20220307-SMPT/MAPK-PT-10240/RF-04.smt2,sat,0.010060787200927734
/20220307-SMPT/MAPK-PT-10240/RF-01.smt2,sat,0.008389472961425781
/20220307-SMPT/MAPK-PT-10240/RF-13.smt2,sat,0.009659290313720703
/20220307-SMPT/MAPK-PT-10240/RC-05.smt2,sat,0.010262012481689453
/20220307-SMPT/MAPK-PT-10240/RC-00.smt2,sat,0.008415937423706055
/20220307-SMPT/MAPK-PT-10240/RF-05.smt2,unsat,0.007404804229736328
/20220307-SMPT/MAPK-PT-10240/RF-07.smt2,sat,0.009140491485595703
/20220307-SMPT/MAPK-PT-10240/RF-10.smt2,sat,0.008457422256469727
/20220307-SMPT/MAPK-PT-10240/RF-08.smt2,sat,0.008779764175415039
/20220307-SMPT/MAPK-PT-10240/RC-08.smt2,sat,0.010121822357177734
/20220307-SMPT/MAPK-PT-10240/RF-15.smt2,sat,0.011386871337890625
/20220307-SMPT/MAPK-PT-10240/RF-09.smt2,sat,0.009908914566040039
/20220307-SMPT/MAPK-PT-10240/RC-07.smt2,sat,0.008228063583374023
/20220307-SMPT/MAPK-PT-10240/RF-06.smt2,sat,0.010627031326293945
/20220307-SMPT/MAPK-PT-10240/RC-09.smt2,sat,0.009567499160766602
/20220307-SMPT/MAPK-PT-10240/RC-15.smt2,sat,0.008418560028076172
/20220307-SMPT/MAPK-PT-10240/RC-12.smt2,sat,0.008137941360473633
/20220307-SMPT/MAPK-PT-10240/RF-14.smt2,unsat,0.0062372684478759766
/20220307-SMPT/ERK-PT-000001/RC-02.smt2,sat,0.0075376033782958984
/20220307-SMPT/ERK-PT-000001/RC-03.smt2,sat,0.008095979690551758
/20220307-SMPT/ERK-PT-000001/RF-02.smt2,sat,0.0069773197174072266
/20220307-SMPT/ERK-PT-000001/RC-11.smt2,sat,0.007777214050292969
/20220307-SMPT/ERK-PT-000001/RF-03.smt2,sat,0.0076220035552978516
/20220307-SMPT/ERK-PT-000001/RC-01.smt2,sat,0.0065310001373291016
/20220307-SMPT/ERK-PT-000001/RF-00.smt2,sat,0.0060465335845947266
/20220307-SMPT/ERK-PT-000001/RC-04.smt2,unsat,0.0076580047607421875
/20220307-SMPT/ERK-PT-000001/RF-11.smt2,sat,0.008285760879516602
/20220307-SMPT/ERK-PT-000001/RC-13.smt2,sat,0.007240772247314453
/20220307-SMPT/ERK-PT-000001/RC-06.smt2,sat,0.00743865966796875
/20220307-SMPT/ERK-PT-000001/RC-14.smt2,sat,0.006854057312011719
/20220307-SMPT/ERK-PT-000001/RC-10.smt2,sat,0.008538246154785156
/20220307-SMPT/ERK-PT-000001/RF-04.smt2,sat,0.0068874359130859375
/20220307-SMPT/ERK-PT-000001/RF-01.smt2,unsat,0.005
/20220307-SMPT/ERK-PT-000001/RF-13.smt2,sat,0.00602269172668457
/20220307-SMPT/ERK-PT-000001/RC-05.smt2,unsat,0.006360530853271484
/20220307-SMPT/ERK-PT-000001/RC-00.smt2,unsat,0.007108449935913086
/20220307-SMPT/ERK-PT-000001/RF-05.smt2,sat,0.006377696990966797
/20220307-SMPT/ERK-PT-000001/RF-07.smt2,sat,0.006392955780029297
/20220307-SMPT/ERK-PT-000001/RF-10.smt2,sat,0.006608009338378906
/20220307-SMPT/ERK-PT-000001/RF-08.smt2,sat,0.006799459457397461
/20220307-SMPT/ERK-PT-000001/RC-08.smt2,sat,0.0067212581634521484
/20220307-SMPT/ERK-PT-000001/RF-15.smt2,sat,0.007828950881958008
/20220307-SMPT/ERK-PT-000001/RC-07.smt2,unsat,0.006
/20220307-SMPT/ERK-PT-000001/RC-09.smt2,unsat,0.007061958312988281
/20220307-SMPT/ERK-PT-000001/RC-15.smt2,sat,0.009059429168701172
/20220307-SMPT/ERK-PT-000001/RC-12.smt2,unsat,0.007147073745727539
/20220307-SMPT/ERK-PT-000001/RF-14.smt2,sat,0.0059206485748291016
/20220307-SMPT/SharedMemory-PT-000100/RC-02.smt2,unsat,65.10108685493469
/20220307-SMPT/SharedMemory-PT-000100/RF-12.smt2,failed,1200.0
/20220307-SMPT/SharedMemory-PT-000100/RC-03.smt2,unsat,63.573246002197266
/20220307-SMPT/SharedMemory-PT-000100/RF-02.smt2,failed,1200.0
/20220307-SMPT/SharedMemory-PT-000100/RC-11.smt2,failed,1200.0
/20220307-SMPT/SharedMemory-PT-000100/RF-03.smt2,failed,1200.0
/20220307-SMPT/SharedMemory-PT-000100/RC-01.smt2,failed,1200.0
/20220307-SMPT/SharedMemory-PT-000100/RF-00.smt2,failed,1200.0
/20220307-SMPT/SharedMemory-PT-000100/RC-04.smt2,failed,1200.0
/20220307-SMPT/SharedMemory-PT-000100/RF-11.smt2,failed,1200.0
/20220307-SMPT/SharedMemory-PT-000100/RC-13.smt2,failed,1200.0
/20220307-SMPT/SharedMemory-PT-000100/RC-06.smt2,unsat,65.68338465690613
/20220307-SMPT/SharedMemory-PT-000100/RC-14.smt2,failed,1200.0
/20220307-SMPT/SharedMemory-PT-000100/RC-10.smt2,failed,1200.0
/20220307-SMPT/SharedMemory-PT-000100/RF-04.smt2,failed,1200.0
/20220307-SMPT/SharedMemory-PT-000100/RF-01.smt2,unsat,1.7151763439178467
/20220307-SMPT/SharedMemory-PT-000100/RF-13.smt2,failed,1200.0
/20220307-SMPT/SharedMemory-PT-000100/RC-05.smt2,unsat,65.17025899887085
/20220307-SMPT/SharedMemory-PT-000100/RC-00.smt2,unsat,65.99794864654541
/20220307-SMPT/SharedMemory-PT-000100/RF-05.smt2,failed,1200.0
/20220307-SMPT/SharedMemory-PT-000100/RF-10.smt2,failed,1200.0
/20220307-SMPT/SharedMemory-PT-000100/RF-08.smt2,failed,1200.0
/20220307-SMPT/SharedMemory-PT-000100/RC-08.smt2,failed,1200.0
/20220307-SMPT/SharedMemory-PT-000100/RF-15.smt2,failed,1200.0
/20220307-SMPT/SharedMemory-PT-000100/RF-09.smt2,failed,1200.0
/20220307-SMPT/SharedMemory-PT-000100/RC-07.smt2,unsat,64.23008155822754
/20220307-SMPT/SharedMemory-PT-000100/RF-06.smt2,failed,1200.0
/20220307-SMPT/SharedMemory-PT-000100/RC-09.smt2,failed,1200.0
/20220307-SMPT/SharedMemory-PT-000100/RC-15.smt2,failed,1200.0
/20220307-SMPT/SharedMemory-PT-000100/RC-12.smt2,failed,1200.0
/20220307-SMPT/SharedMemory-PT-000100/RF-14.smt2,failed,1200.0
/20220307-SMPT/RobotManipulation-PT-02000/RC-02.smt2,sat,0.008503913879394531
/20220307-SMPT/RobotManipulation-PT-02000/RC-03.smt2,sat,0.009546756744384766
/20220307-SMPT/RobotManipulation-PT-02000/RF-02.smt2,sat,0.0068645477294921875
/20220307-SMPT/RobotManipulation-PT-02000/RC-11.smt2,sat,0.00922393798828125
/20220307-SMPT/RobotManipulation-PT-02000/RF-03.smt2,sat,0.009767770767211914
/20220307-SMPT/RobotManipulation-PT-02000/RC-01.smt2,sat,0.012
/20220307-SMPT/RobotManipulation-PT-02000/RF-00.smt2,sat,0.007341623306274414
/20220307-SMPT/RobotManipulation-PT-02000/RC-04.smt2,sat,0.008177042007446289
/20220307-SMPT/RobotManipulation-PT-02000/RF-11.smt2,unsat,0.006
/20220307-SMPT/RobotManipulation-PT-02000/RC-13.smt2,sat,0.008494377136230469
/20220307-SMPT/RobotManipulation-PT-02000/RC-06.smt2,unsat,0.00874185562133789
/20220307-SMPT/RobotManipulation-PT-02000/RC-14.smt2,sat,0.008136510848999023
/20220307-SMPT/RobotManipulation-PT-02000/RC-10.smt2,sat,0.007252931594848633
/20220307-SMPT/RobotManipulation-PT-02000/RF-04.smt2,unsat,0.0059206485748291016
/20220307-SMPT/RobotManipulation-PT-02000/RF-01.smt2,sat,0.006928920745849609
/20220307-SMPT/RobotManipulation-PT-02000/RC-05.smt2,unsat,0.005
/20220307-SMPT/RobotManipulation-PT-02000/RC-00.smt2,sat,0.007642269134521484
/20220307-SMPT/RobotManipulation-PT-02000/RF-05.smt2,sat,0.012
/20220307-SMPT/RobotManipulation-PT-02000/RF-07.smt2,sat,0.00825357437133789
/20220307-SMPT/RobotManipulation-PT-02000/RF-10.smt2,sat,0.007596254348754883
/20220307-SMPT/RobotManipulation-PT-02000/RF-15.smt2,unsat,0.006
/20220307-SMPT/RobotManipulation-PT-02000/RF-09.smt2,sat,0.008702516555786133
/20220307-SMPT/RobotManipulation-PT-02000/RC-07.smt2,sat,0.008977174758911133
/20220307-SMPT/RobotManipulation-PT-02000/RF-06.smt2,unsat,0.005681037902832031
/20220307-SMPT/RobotManipulation-PT-02000/RC-09.smt2,sat,0.008571147918701172
/20220307-SMPT/RobotManipulation-PT-02000/RC-15.smt2,sat,0.008925199508666992
/20220307-SMPT/RobotManipulation-PT-02000/RC-12.smt2,sat,0.007637739181518555
/20220307-SMPT/RobotManipulation-PT-02000/RF-14.smt2,unsat,0.00521087646484375
/20220307-SMPT/SwimmingPool-PT-02/RC-02.smt2,sat,0.007
/20220307-SMPT/SwimmingPool-PT-02/RC-03.smt2,sat,0.007
/20220307-SMPT/SwimmingPool-PT-02/RF-02.smt2,sat,0.0057830810546875
/20220307-SMPT/SwimmingPool-PT-02/RC-11.smt2,sat,0.006831169128417969
/20220307-SMPT/SwimmingPool-PT-02/RF-03.smt2,unsat,0.004
/20220307-SMPT/SwimmingPool-PT-02/RC-01.smt2,unsat,0.007
/20220307-SMPT/SwimmingPool-PT-02/RF-00.smt2,unsat,0.004
/20220307-SMPT/SwimmingPool-PT-02/RC-04.smt2,sat,0.006816864013671875
/20220307-SMPT/SwimmingPool-PT-02/RF-11.smt2,unsat,0.004
/20220307-SMPT/SwimmingPool-PT-02/RC-13.smt2,sat,0.006667613983154297
/20220307-SMPT/SwimmingPool-PT-02/RC-06.smt2,sat,0.0070116519927978516
/20220307-SMPT/SwimmingPool-PT-02/RC-14.smt2,sat,0.006
/20220307-SMPT/SwimmingPool-PT-02/RC-10.smt2,sat,0.005720376968383789
/20220307-SMPT/SwimmingPool-PT-02/RF-04.smt2,unsat,0.004
/20220307-SMPT/SwimmingPool-PT-02/RF-01.smt2,unsat,0.004
/20220307-SMPT/SwimmingPool-PT-02/RC-05.smt2,sat,0.0061664581298828125
/20220307-SMPT/SwimmingPool-PT-02/RC-00.smt2,sat,0.0054705142974853516
/20220307-SMPT/SwimmingPool-PT-02/RF-05.smt2,sat,0.006
/20220307-SMPT/SwimmingPool-PT-02/RF-07.smt2,unsat,0.004
/20220307-SMPT/SwimmingPool-PT-02/RF-10.smt2,sat,0.007
/20220307-SMPT/SwimmingPool-PT-02/RC-08.smt2,sat,0.006
/20220307-SMPT/SwimmingPool-PT-02/RC-07.smt2,sat,0.007
/20220307-SMPT/SwimmingPool-PT-02/RF-06.smt2,unsat,0.004
/20220307-SMPT/SwimmingPool-PT-02/RC-09.smt2,sat,0.007
/20220307-SMPT/SwimmingPool-PT-02/RC-15.smt2,unsat,0.004
/20220307-SMPT/SwimmingPool-PT-02/RC-12.smt2,unsat,0.004
/20220307-SMPT/SwimmingPool-PT-02/RF-14.smt2,sat,0.007
/20220307-SMPT/SharedMemory-PT-000010/RC-02.smt2,unsat,0.02265763282775879
/20220307-SMPT/SharedMemory-PT-000010/RF-12.smt2,unsat,0.06205582618713379
/20220307-SMPT/SharedMemory-PT-000010/RC-03.smt2,sat,0.08502340316772461
/20220307-SMPT/SharedMemory-PT-000010/RF-02.smt2,sat,0.08402180671691895
/20220307-SMPT/SharedMemory-PT-000010/RC-11.smt2,unsat,0.09371566772460938
/20220307-SMPT/SharedMemory-PT-000010/RF-03.smt2,sat,0.08202028274536133
/20220307-SMPT/SharedMemory-PT-000010/RC-01.smt2,unsat,0.01566290855407715
/20220307-SMPT/SharedMemory-PT-000010/RF-00.smt2,sat,0.06751203536987305
/20220307-SMPT/SharedMemory-PT-000010/RC-04.smt2,sat,0.10390043258666992
/20220307-SMPT/SharedMemory-PT-000010/RF-11.smt2,sat,0.08167910575866699
/20220307-SMPT/SharedMemory-PT-000010/RC-13.smt2,unsat,0.08429932594299316
/20220307-SMPT/SharedMemory-PT-000010/RC-06.smt2,sat,0.08756709098815918
/20220307-SMPT/SharedMemory-PT-000010/RC-14.smt2,unsat,0.04935956001281738
/20220307-SMPT/SharedMemory-PT-000010/RC-10.smt2,unsat,0.03049778938293457
/20220307-SMPT/SharedMemory-PT-000010/RF-04.smt2,unsat,0.01755547523498535
/20220307-SMPT/SharedMemory-PT-000010/RF-01.smt2,sat,0.08567404747009277
/20220307-SMPT/SharedMemory-PT-000010/RF-13.smt2,unsat,0.05182147026062012
/20220307-SMPT/SharedMemory-PT-000010/RC-05.smt2,unsat,0.030457496643066406
/20220307-SMPT/SharedMemory-PT-000010/RC-00.smt2,unsat,0.017913341522216797
/20220307-SMPT/SharedMemory-PT-000010/RF-07.smt2,sat,0.10205817222595215
/20220307-SMPT/SharedMemory-PT-000010/RF-10.smt2,unsat,0.08429670333862305
/20220307-SMPT/SharedMemory-PT-000010/RF-08.smt2,unsat,0.09046769142150879
/20220307-SMPT/SharedMemory-PT-000010/RC-08.smt2,unsat,0.04990077018737793
/20220307-SMPT/SharedMemory-PT-000010/RF-15.smt2,unsat,0.08553957939147949
/20220307-SMPT/SharedMemory-PT-000010/RF-09.smt2,unsat,0.08192110061645508
/20220307-SMPT/SharedMemory-PT-000010/RC-09.smt2,unsat,0.04881548881530762
/20220307-SMPT/SharedMemory-PT-000010/RC-15.smt2,unsat,0.057755470275878906
/20220307-SMPT/SharedMemory-PT-000010/RC-12.smt2,unsat,0.08476901054382324
/20220307-SMPT/SharedMemory-PT-000010/RF-14.smt2,unsat,0.08511805534362793
/20220307-SMPT/MAPK-PT-00040/RC-02.smt2,sat,0.009847402572631836
/20220307-SMPT/MAPK-PT-00040/RF-12.smt2,unsat,0.005909442901611328
/20220307-SMPT/MAPK-PT-00040/RC-03.smt2,sat,0.010163068771362305
/20220307-SMPT/MAPK-PT-00040/RF-02.smt2,sat,0.016994714736938477
/20220307-SMPT/MAPK-PT-00040/RC-11.smt2,sat,0.009587764739990234
/20220307-SMPT/MAPK-PT-00040/RF-03.smt2,sat,0.011211156845092773
/20220307-SMPT/MAPK-PT-00040/RC-01.smt2,sat,0.012661218643188477
/20220307-SMPT/MAPK-PT-00040/RF-00.smt2,sat,0.009263753890991211
/20220307-SMPT/MAPK-PT-00040/RC-04.smt2,sat,0.00876474380493164
/20220307-SMPT/MAPK-PT-00040/RF-11.smt2,sat,0.009331703186035156
/20220307-SMPT/MAPK-PT-00040/RC-13.smt2,sat,0.008055925369262695
/20220307-SMPT/MAPK-PT-00040/RC-06.smt2,sat,0.00834512710571289
/20220307-SMPT/MAPK-PT-00040/RC-14.smt2,sat,0.009348154067993164
/20220307-SMPT/MAPK-PT-00040/RC-10.smt2,sat,0.009444713592529297
/20220307-SMPT/MAPK-PT-00040/RF-04.smt2,unsat,0.005898237228393555
/20220307-SMPT/MAPK-PT-00040/RF-01.smt2,sat,0.00882863998413086
/20220307-SMPT/MAPK-PT-00040/RF-13.smt2,sat,0.00955963134765625
/20220307-SMPT/MAPK-PT-00040/RC-05.smt2,sat,0.009001493453979492
/20220307-SMPT/MAPK-PT-00040/RC-00.smt2,sat,0.009997367858886719
/20220307-SMPT/MAPK-PT-00040/RF-05.smt2,sat,0.009253740310668945
/20220307-SMPT/MAPK-PT-00040/RF-07.smt2,sat,0.01107478141784668
/20220307-SMPT/MAPK-PT-00040/RF-10.smt2,sat,0.012935161590576172
/20220307-SMPT/MAPK-PT-00040/RF-08.smt2,unsat,0.006902217864990234
/20220307-SMPT/MAPK-PT-00040/RC-08.smt2,sat,0.009049177169799805
/20220307-SMPT/MAPK-PT-00040/RF-15.smt2,unsat,0.006186008453369141
/20220307-SMPT/MAPK-PT-00040/RF-09.smt2,unsat,0.00722050666809082
/20220307-SMPT/MAPK-PT-00040/RC-07.smt2,sat,0.010745525360107422
/20220307-SMPT/MAPK-PT-00040/RF-06.smt2,sat,0.008368492126464844
/20220307-SMPT/MAPK-PT-00040/RC-09.smt2,sat,0.010617256164550781
/20220307-SMPT/MAPK-PT-00040/RC-15.smt2,sat,0.008545398712158203
/20220307-SMPT/MAPK-PT-00040/RC-12.smt2,sat,0.008141756057739258
/20220307-SMPT/MAPK-PT-00040/RF-14.smt2,unsat,0.007069587707519531
/20220307-SMPT/Diffusion2D-PT-D10N150/RC-02.smt2,sat,0.016178369522094727
/20220307-SMPT/Diffusion2D-PT-D10N150/RF-12.smt2,sat,0.018159151077270508
/20220307-SMPT/Diffusion2D-PT-D10N150/RC-03.smt2,sat,0.016885042190551758
/20220307-SMPT/Diffusion2D-PT-D10N150/RF-02.smt2,sat,0.016845226287841797
/20220307-SMPT/Diffusion2D-PT-D10N150/RC-11.smt2,sat,0.01710033416748047
/20220307-SMPT/Diffusion2D-PT-D10N150/RF-03.smt2,sat,0.017879962921142578
/20220307-SMPT/Diffusion2D-PT-D10N150/RC-01.smt2,sat,0.015839576721191406
/20220307-SMPT/Diffusion2D-PT-D10N150/RF-00.smt2,sat,0.01776885986328125
/20220307-SMPT/Diffusion2D-PT-D10N150/RC-04.smt2,sat,0.018611669540405273
/20220307-SMPT/Diffusion2D-PT-D10N150/RF-11.smt2,sat,0.017444610595703125
/20220307-SMPT/Diffusion2D-PT-D10N150/RC-13.smt2,sat,0.018166065216064453
/20220307-SMPT/Diffusion2D-PT-D10N150/RC-06.smt2,sat,0.01812291145324707
/20220307-SMPT/Diffusion2D-PT-D10N150/RC-14.smt2,sat,0.017308950424194336
/20220307-SMPT/Diffusion2D-PT-D10N150/RC-10.smt2,sat,0.018888473510742188
/20220307-SMPT/Diffusion2D-PT-D10N150/RF-04.smt2,sat,0.017090559005737305
/20220307-SMPT/Diffusion2D-PT-D10N150/RF-01.smt2,sat,0.017636775970458984
/20220307-SMPT/Diffusion2D-PT-D10N150/RF-13.smt2,sat,0.01571369171142578
/20220307-SMPT/Diffusion2D-PT-D10N150/RC-05.smt2,sat,0.02094411849975586
/20220307-SMPT/Diffusion2D-PT-D10N150/RC-00.smt2,sat,0.016809463500976562
/20220307-SMPT/Diffusion2D-PT-D10N150/RF-05.smt2,sat,0.01864790916442871
/20220307-SMPT/Diffusion2D-PT-D10N150/RF-07.smt2,sat,0.018050432205200195
/20220307-SMPT/Diffusion2D-PT-D10N150/RF-10.smt2,sat,0.016157865524291992
/20220307-SMPT/Diffusion2D-PT-D10N150/RF-08.smt2,sat,0.016805410385131836
/20220307-SMPT/Diffusion2D-PT-D10N150/RC-08.smt2,sat,0.01705002784729004
/20220307-SMPT/Diffusion2D-PT-D10N150/RF-15.smt2,sat,0.017094850540161133
/20220307-SMPT/Diffusion2D-PT-D10N150/RF-09.smt2,sat,0.02117466926574707
/20220307-SMPT/Diffusion2D-PT-D10N150/RC-07.smt2,sat,0.017353296279907227
/20220307-SMPT/Diffusion2D-PT-D10N150/RF-06.smt2,sat,0.017513751983642578
/20220307-SMPT/Diffusion2D-PT-D10N150/RC-09.smt2,sat,0.01697230339050293
/20220307-SMPT/Diffusion2D-PT-D10N150/RC-15.smt2,sat,0.01724696159362793
/20220307-SMPT/Diffusion2D-PT-D10N150/RC-12.smt2,sat,0.01692485809326172
/20220307-SMPT/Diffusion2D-PT-D10N150/RF-14.smt2,sat,0.01719975471496582
/20220307-SMPT/FMS-PT-00005/RC-02.smt2,sat,0.00812530517578125
/20220307-SMPT/FMS-PT-00005/RF-12.smt2,sat,0.007894277572631836
/20220307-SMPT/FMS-PT-00005/RC-03.smt2,unsat,0.007378101348876953
/20220307-SMPT/FMS-PT-00005/RF-02.smt2,sat,0.008344650268554688
/20220307-SMPT/FMS-PT-00005/RC-11.smt2,sat,0.007228374481201172
/20220307-SMPT/FMS-PT-00005/RF-03.smt2,sat,0.006842613220214844
/20220307-SMPT/FMS-PT-00005/RC-01.smt2,unsat,0.007205486297607422
/20220307-SMPT/FMS-PT-00005/RF-00.smt2,unsat,0.005805253982543945
/20220307-SMPT/FMS-PT-00005/RC-04.smt2,sat,0.008787393569946289
/20220307-SMPT/FMS-PT-00005/RF-11.smt2,unsat,0.005511760711669922
/20220307-SMPT/FMS-PT-00005/RC-13.smt2,sat,0.008137941360473633
/20220307-SMPT/FMS-PT-00005/RC-06.smt2,sat,0.008044242858886719
/20220307-SMPT/FMS-PT-00005/RC-14.smt2,sat,0.00717473030090332
/20220307-SMPT/FMS-PT-00005/RC-10.smt2,sat,0.008146524429321289
/20220307-SMPT/FMS-PT-00005/RF-04.smt2,sat,0.007706880569458008
/20220307-SMPT/FMS-PT-00005/RF-01.smt2,unsat,0.006
/20220307-SMPT/FMS-PT-00005/RF-13.smt2,unsat,0.006407260894775391
/20220307-SMPT/FMS-PT-00005/RC-05.smt2,sat,0.007658481597900391
/20220307-SMPT/FMS-PT-00005/RC-00.smt2,sat,0.006895542144775391
/20220307-SMPT/FMS-PT-00005/RF-05.smt2,sat,0.008197784423828125
/20220307-SMPT/FMS-PT-00005/RF-07.smt2,unsat,0.006
/20220307-SMPT/FMS-PT-00005/RF-10.smt2,sat,0.00763702392578125
/20220307-SMPT/FMS-PT-00005/RF-08.smt2,sat,0.008014440536499023
/20220307-SMPT/FMS-PT-00005/RC-08.smt2,unsat,0.005329608917236328
/20220307-SMPT/FMS-PT-00005/RF-15.smt2,sat,0.008617401123046875
/20220307-SMPT/FMS-PT-00005/RF-09.smt2,sat,0.007139682769775391
/20220307-SMPT/FMS-PT-00005/RC-07.smt2,sat,0.007271289825439453
/20220307-SMPT/FMS-PT-00005/RF-06.smt2,sat,0.008221149444580078
/20220307-SMPT/FMS-PT-00005/RC-09.smt2,unsat,0.008373737335205078
/20220307-SMPT/FMS-PT-00005/RC-15.smt2,sat,0.006156444549560547
/20220307-SMPT/FMS-PT-00005/RC-12.smt2,sat,0.007172346115112305
/20220307-SMPT/FMS-PT-00005/RF-14.smt2,sat,0.007927179336547852
/20220307-SMPT/Kanban-PT-00010/RC-02.smt2,unsat,0.005
/20220307-SMPT/Kanban-PT-00010/RF-12.smt2,sat,0.0057828426361083984
/20220307-SMPT/Kanban-PT-00010/RC-03.smt2,sat,0.007428169250488281
/20220307-SMPT/Kanban-PT-00010/RF-02.smt2,unsat,0.005
/20220307-SMPT/Kanban-PT-00010/RC-11.smt2,sat,0.007515430450439453
/20220307-SMPT/Kanban-PT-00010/RF-03.smt2,sat,0.0074558258056640625
/20220307-SMPT/Kanban-PT-00010/RC-01.smt2,sat,0.007428646087646484
/20220307-SMPT/Kanban-PT-00010/RF-00.smt2,sat,0.007379055023193359
/20220307-SMPT/Kanban-PT-00010/RC-04.smt2,sat,0.006746053695678711
/20220307-SMPT/Kanban-PT-00010/RF-11.smt2,sat,0.008
/20220307-SMPT/Kanban-PT-00010/RC-13.smt2,sat,0.0057981014251708984
/20220307-SMPT/Kanban-PT-00010/RC-06.smt2,sat,0.0069882869720458984
/20220307-SMPT/Kanban-PT-00010/RC-14.smt2,sat,0.006284952163696289
/20220307-SMPT/Kanban-PT-00010/RC-10.smt2,sat,0.008
/20220307-SMPT/Kanban-PT-00010/RF-04.smt2,unsat,0.005
/20220307-SMPT/Kanban-PT-00010/RF-01.smt2,sat,0.0076694488525390625
/20220307-SMPT/Kanban-PT-00010/RF-13.smt2,sat,0.007
/20220307-SMPT/Kanban-PT-00010/RC-05.smt2,sat,0.006797075271606445
/20220307-SMPT/Kanban-PT-00010/RC-00.smt2,sat,0.006750822067260742
/20220307-SMPT/Kanban-PT-00010/RF-05.smt2,unsat,0.005
/20220307-SMPT/Kanban-PT-00010/RF-07.smt2,sat,0.006991386413574219
/20220307-SMPT/Kanban-PT-00010/RF-10.smt2,unsat,0.005
/20220307-SMPT/Kanban-PT-00010/RF-08.smt2,sat,0.00827169418334961
/20220307-SMPT/Kanban-PT-00010/RC-08.smt2,sat,0.007253885269165039
/20220307-SMPT/Kanban-PT-00010/RF-15.smt2,sat,0.009
/20220307-SMPT/Kanban-PT-00010/RF-09.smt2,sat,0.007387638092041016
/20220307-SMPT/Kanban-PT-00010/RC-07.smt2,sat,0.008
/20220307-SMPT/Kanban-PT-00010/RF-06.smt2,sat,0.0061299800872802734
/20220307-SMPT/Kanban-PT-00010/RC-09.smt2,sat,0.005482912063598633
/20220307-SMPT/Kanban-PT-00010/RC-15.smt2,sat,0.006964921951293945
/20220307-SMPT/Kanban-PT-00010/RC-12.smt2,sat,0.005918025970458984
/20220307-SMPT/Kanban-PT-00010/RF-14.smt2,sat,0.007416486740112305
/20220307-SMPT/SwimmingPool-PT-01/RC-02.smt2,sat,0.006025791168212891
/20220307-SMPT/SwimmingPool-PT-01/RF-12.smt2,unsat,0.003
/20220307-SMPT/SwimmingPool-PT-01/RC-03.smt2,unsat,0.004
/20220307-SMPT/SwimmingPool-PT-01/RF-02.smt2,sat,0.006306886672973633
/20220307-SMPT/SwimmingPool-PT-01/RC-11.smt2,unsat,0.003
/20220307-SMPT/SwimmingPool-PT-01/RF-03.smt2,sat,0.0064008235931396484
/20220307-SMPT/SwimmingPool-PT-01/RC-01.smt2,sat,0.006558656692504883
/20220307-SMPT/SwimmingPool-PT-01/RF-00.smt2,sat,0.006
/20220307-SMPT/SwimmingPool-PT-01/RC-04.smt2,sat,0.007
/20220307-SMPT/SwimmingPool-PT-01/RF-11.smt2,unsat,0.004
/20220307-SMPT/SwimmingPool-PT-01/RC-13.smt2,unsat,0.004
/20220307-SMPT/SwimmingPool-PT-01/RC-06.smt2,sat,0.0063571929931640625
/20220307-SMPT/SwimmingPool-PT-01/RC-14.smt2,sat,0.007
/20220307-SMPT/SwimmingPool-PT-01/RC-10.smt2,sat,0.006374835968017578
/20220307-SMPT/SwimmingPool-PT-01/RF-04.smt2,sat,0.006642341613769531
/20220307-SMPT/SwimmingPool-PT-01/RF-01.smt2,sat,0.006081342697143555
/20220307-SMPT/SwimmingPool-PT-01/RF-13.smt2,sat,0.006169795989990234
/20220307-SMPT/SwimmingPool-PT-01/RC-05.smt2,sat,0.0067365169525146484
/20220307-SMPT/SwimmingPool-PT-01/RC-00.smt2,unsat,0.004
/20220307-SMPT/SwimmingPool-PT-01/RF-05.smt2,sat,0.006190061569213867
/20220307-SMPT/SwimmingPool-PT-01/RF-07.smt2,sat,0.007
/20220307-SMPT/SwimmingPool-PT-01/RF-10.smt2,sat,0.006
/20220307-SMPT/SwimmingPool-PT-01/RF-08.smt2,sat,0.006
/20220307-SMPT/SwimmingPool-PT-01/RC-08.smt2,unsat,0.0039408206939697266
/20220307-SMPT/SwimmingPool-PT-01/RF-15.smt2,unsat,0.004
/20220307-SMPT/SwimmingPool-PT-01/RF-09.smt2,sat,0.007
/20220307-SMPT/SwimmingPool-PT-01/RC-07.smt2,sat,0.006
/20220307-SMPT/SwimmingPool-PT-01/RF-06.smt2,unsat,0.004
/20220307-SMPT/SwimmingPool-PT-01/RC-09.smt2,sat,0.007857322692871094
/20220307-SMPT/SwimmingPool-PT-01/RC-15.smt2,sat,0.005666494369506836
/20220307-SMPT/SwimmingPool-PT-01/RC-12.smt2,sat,0.0058689117431640625
/20220307-SMPT/SwimmingPool-PT-01/RF-14.smt2,sat,0.006
/20220307-SMPT/BART-PT-040/RC-02.smt2,unsat,0.26056504249572754
/20220307-SMPT/BART-PT-040/RF-12.smt2,sat,0.7606432437896729
/20220307-SMPT/BART-PT-040/RC-03.smt2,unsat,0.8334660530090332
/20220307-SMPT/BART-PT-040/RF-02.smt2,sat,0.856673002243042
/20220307-SMPT/BART-PT-040/RC-11.smt2,unsat,0.2574045658111572
/20220307-SMPT/BART-PT-040/RF-03.smt2,sat,0.9449629783630371
/20220307-SMPT/BART-PT-040/RC-01.smt2,unsat,0.73441481590271
/20220307-SMPT/BART-PT-040/RF-00.smt2,sat,0.811847448348999
/20220307-SMPT/BART-PT-040/RC-04.smt2,sat,0.8960473537445068
/20220307-SMPT/BART-PT-040/RF-11.smt2,sat,0.9040522575378418
/20220307-SMPT/BART-PT-040/RC-13.smt2,sat,0.8023738861083984
/20220307-SMPT/BART-PT-040/RC-06.smt2,sat,0.9135265350341797
/20220307-SMPT/BART-PT-040/RC-14.smt2,unsat,0.7889864444732666
/20220307-SMPT/BART-PT-040/RC-10.smt2,sat,0.8999743461608887
/20220307-SMPT/BART-PT-040/RF-04.smt2,sat,0.8826103210449219
/20220307-SMPT/BART-PT-040/RF-01.smt2,sat,0.8460068702697754
/20220307-SMPT/BART-PT-040/RF-13.smt2,sat,0.866156816482544
/20220307-SMPT/BART-PT-040/RC-05.smt2,unsat,0.14973878860473633
/20220307-SMPT/BART-PT-040/RC-00.smt2,sat,0.9160244464874268
/20220307-SMPT/BART-PT-040/RF-05.smt2,sat,0.7520511150360107
/20220307-SMPT/BART-PT-040/RF-07.smt2,sat,0.9705100059509277
/20220307-SMPT/BART-PT-040/RF-10.smt2,sat,0.7828104496002197
/20220307-SMPT/BART-PT-040/RF-08.smt2,sat,0.8635575771331787
/20220307-SMPT/BART-PT-040/RC-08.smt2,unsat,0.24629688262939453
/20220307-SMPT/BART-PT-040/RF-15.smt2,sat,0.9578156471252441
/20220307-SMPT/BART-PT-040/RF-09.smt2,sat,0.9211585521697998
/20220307-SMPT/BART-PT-040/RC-07.smt2,sat,0.8602869510650635
/20220307-SMPT/BART-PT-040/RF-06.smt2,sat,0.9932074546813965
/20220307-SMPT/BART-PT-040/RC-09.smt2,unsat,0.23152446746826172
/20220307-SMPT/BART-PT-040/RC-15.smt2,sat,0.9212906360626221
/20220307-SMPT/BART-PT-040/RC-12.smt2,unsat,0.9033844470977783
/20220307-SMPT/BART-PT-040/RF-14.smt2,sat,0.9390561580657959
/20220307-SMPT/Eratosthenes-PT-100/RC-02.smt2,unsat,0.0072002410888671875
/20220307-SMPT/Eratosthenes-PT-100/RF-12.smt2,sat,0.011180400848388672
/20220307-SMPT/Eratosthenes-PT-100/RC-03.smt2,unsat,0.010329484939575195
/20220307-SMPT/Eratosthenes-PT-100/RF-02.smt2,sat,0.009392738342285156
/20220307-SMPT/Eratosthenes-PT-100/RC-11.smt2,unsat,0.011051416397094727
/20220307-SMPT/Eratosthenes-PT-100/RF-03.smt2,sat,0.010663509368896484
/20220307-SMPT/Eratosthenes-PT-100/RC-01.smt2,unsat,0.010049104690551758
/20220307-SMPT/Eratosthenes-PT-100/RF-00.smt2,sat,0.010420560836791992
/20220307-SMPT/Eratosthenes-PT-100/RC-04.smt2,unsat,0.009084939956665039
/20220307-SMPT/Eratosthenes-PT-100/RF-11.smt2,sat,0.009872198104858398
/20220307-SMPT/Eratosthenes-PT-100/RC-13.smt2,unsat,0.007066249847412109
/20220307-SMPT/Eratosthenes-PT-100/RC-06.smt2,sat,0.009724855422973633
/20220307-SMPT/Eratosthenes-PT-100/RC-14.smt2,unsat,0.008271932601928711
/20220307-SMPT/Eratosthenes-PT-100/RC-10.smt2,unsat,0.009327888488769531
/20220307-SMPT/Eratosthenes-PT-100/RF-04.smt2,sat,0.010553836822509766
/20220307-SMPT/Eratosthenes-PT-100/RF-01.smt2,sat,0.011511087417602539
/20220307-SMPT/Eratosthenes-PT-100/RF-13.smt2,sat,0.00976109504699707
/20220307-SMPT/Eratosthenes-PT-100/RC-05.smt2,unsat,0.006578207015991211
/20220307-SMPT/Eratosthenes-PT-100/RC-00.smt2,unsat,0.011158466339111328
/20220307-SMPT/Eratosthenes-PT-100/RF-05.smt2,sat,0.008897542953491211
/20220307-SMPT/Eratosthenes-PT-100/RF-07.smt2,sat,0.011374235153198242
/20220307-SMPT/Eratosthenes-PT-100/RF-10.smt2,sat,0.010281801223754883
/20220307-SMPT/Eratosthenes-PT-100/RF-08.smt2,sat,0.01082468032836914
/20220307-SMPT/Eratosthenes-PT-100/RC-08.smt2,unsat,0.010690450668334961
/20220307-SMPT/Eratosthenes-PT-100/RF-15.smt2,sat,0.010706186294555664
/20220307-SMPT/Eratosthenes-PT-100/RF-09.smt2,sat,0.013016700744628906
/20220307-SMPT/Eratosthenes-PT-100/RC-07.smt2,unsat,0.01069188117980957
/20220307-SMPT/Eratosthenes-PT-100/RF-06.smt2,unsat,0.007137298583984375
/20220307-SMPT/Eratosthenes-PT-100/RC-09.smt2,unsat,0.007594108581542969
/20220307-SMPT/Eratosthenes-PT-100/RC-15.smt2,unsat,0.006894588470458984
/20220307-SMPT/Eratosthenes-PT-100/RC-12.smt2,unsat,0.0070037841796875
/20220307-SMPT/Eratosthenes-PT-100/RF-14.smt2,sat,0.011266946792602539
/20220307-SMPT/SmallOperatingSystem-PT-MT8192DC2048/RC-02.smt2,sat,0.00613856315612793
/20220307-SMPT/SmallOperatingSystem-PT-MT8192DC2048/RF-12.smt2,sat,0.006050825119018555
/20220307-SMPT/SmallOperatingSystem-PT-MT8192DC2048/RC-03.smt2,sat,0.006802082061767578
/20220307-SMPT/SmallOperatingSystem-PT-MT8192DC2048/RF-02.smt2,sat,0.008399724960327148
/20220307-SMPT/SmallOperatingSystem-PT-MT8192DC2048/RC-11.smt2,sat,0.007752895355224609
/20220307-SMPT/SmallOperatingSystem-PT-MT8192DC2048/RF-03.smt2,unsat,0.004
/20220307-SMPT/SmallOperatingSystem-PT-MT8192DC2048/RC-01.smt2,sat,0.007239580154418945
/20220307-SMPT/SmallOperatingSystem-PT-MT8192DC2048/RF-00.smt2,sat,0.005645751953125
/20220307-SMPT/SmallOperatingSystem-PT-MT8192DC2048/RC-04.smt2,sat,0.006638050079345703
/20220307-SMPT/SmallOperatingSystem-PT-MT8192DC2048/RC-13.smt2,sat,0.0068111419677734375
/20220307-SMPT/SmallOperatingSystem-PT-MT8192DC2048/RC-06.smt2,sat,0.007
/20220307-SMPT/SmallOperatingSystem-PT-MT8192DC2048/RC-14.smt2,sat,0.008333921432495117
/20220307-SMPT/SmallOperatingSystem-PT-MT8192DC2048/RC-10.smt2,sat,0.006565570831298828
/20220307-SMPT/SmallOperatingSystem-PT-MT8192DC2048/RF-04.smt2,sat,0.006603717803955078
/20220307-SMPT/SmallOperatingSystem-PT-MT8192DC2048/RF-01.smt2,unsat,0.004
/20220307-SMPT/SmallOperatingSystem-PT-MT8192DC2048/RF-13.smt2,sat,0.00789022445678711
/20220307-SMPT/SmallOperatingSystem-PT-MT8192DC2048/RC-05.smt2,sat,0.006070613861083984
/20220307-SMPT/SmallOperatingSystem-PT-MT8192DC2048/RC-00.smt2,sat,0.006989717483520508
/20220307-SMPT/SmallOperatingSystem-PT-MT8192DC2048/RF-05.smt2,unsat,0.006807088851928711
/20220307-SMPT/SmallOperatingSystem-PT-MT8192DC2048/RF-10.smt2,sat,0.006781339645385742
/20220307-SMPT/SmallOperatingSystem-PT-MT8192DC2048/RF-08.smt2,sat,0.006581544876098633
/20220307-SMPT/SmallOperatingSystem-PT-MT8192DC2048/RC-08.smt2,unsat,0.004
/20220307-SMPT/SmallOperatingSystem-PT-MT8192DC2048/RF-15.smt2,unsat,0.004
/20220307-SMPT/SmallOperatingSystem-PT-MT8192DC2048/RF-09.smt2,sat,0.006266593933105469
/20220307-SMPT/SmallOperatingSystem-PT-MT8192DC2048/RC-07.smt2,sat,0.007186174392700195
/20220307-SMPT/SmallOperatingSystem-PT-MT8192DC2048/RF-06.smt2,sat,0.00570368766784668
/20220307-SMPT/SmallOperatingSystem-PT-MT8192DC2048/RC-09.smt2,sat,0.007411003112792969
/20220307-SMPT/SmallOperatingSystem-PT-MT8192DC2048/RC-15.smt2,unsat,0.004
/20220307-SMPT/SmallOperatingSystem-PT-MT8192DC2048/RC-12.smt2,unsat,0.0065004825592041016
/20220307-SMPT/SmallOperatingSystem-PT-MT8192DC2048/RF-14.smt2,sat,0.0060617923736572266
/20220307-SMPT/HouseConstruction-PT-16000/RC-02.smt2,sat,0.010129451751708984
/20220307-SMPT/HouseConstruction-PT-16000/RF-12.smt2,sat,0.008729934692382812
/20220307-SMPT/HouseConstruction-PT-16000/RC-03.smt2,sat,0.01307821273803711
/20220307-SMPT/HouseConstruction-PT-16000/RF-02.smt2,unsat,0.006975412368774414
/20220307-SMPT/HouseConstruction-PT-16000/RC-11.smt2,sat,0.010703563690185547
/20220307-SMPT/HouseConstruction-PT-16000/RF-03.smt2,sat,0.00900411605834961
/20220307-SMPT/HouseConstruction-PT-16000/RC-01.smt2,sat,0.009032249450683594
/20220307-SMPT/HouseConstruction-PT-16000/RF-00.smt2,unsat,0.007
/20220307-SMPT/HouseConstruction-PT-16000/RC-04.smt2,sat,0.008728981018066406
/20220307-SMPT/HouseConstruction-PT-16000/RF-11.smt2,sat,0.008313894271850586
/20220307-SMPT/HouseConstruction-PT-16000/RC-13.smt2,unsat,0.005554676055908203
/20220307-SMPT/HouseConstruction-PT-16000/RC-06.smt2,sat,0.008700847625732422
/20220307-SMPT/HouseConstruction-PT-16000/RC-14.smt2,sat,0.009744644165039062
/20220307-SMPT/HouseConstruction-PT-16000/RC-10.smt2,sat,0.010596513748168945
/20220307-SMPT/HouseConstruction-PT-16000/RF-04.smt2,sat,0.009048223495483398
/20220307-SMPT/HouseConstruction-PT-16000/RF-01.smt2,sat,0.008565425872802734
/20220307-SMPT/HouseConstruction-PT-16000/RF-13.smt2,unsat,0.00684666633605957
/20220307-SMPT/HouseConstruction-PT-16000/RC-05.smt2,sat,0.009990215301513672
/20220307-SMPT/HouseConstruction-PT-16000/RC-00.smt2,sat,0.009739398956298828
/20220307-SMPT/HouseConstruction-PT-16000/RF-05.smt2,sat,0.00863790512084961
/20220307-SMPT/HouseConstruction-PT-16000/RF-07.smt2,sat,0.00872945785522461
/20220307-SMPT/HouseConstruction-PT-16000/RF-10.smt2,sat,0.009168148040771484
/20220307-SMPT/HouseConstruction-PT-16000/RF-08.smt2,sat,0.008766412734985352
/20220307-SMPT/HouseConstruction-PT-16000/RC-08.smt2,sat,0.008797883987426758
/20220307-SMPT/HouseConstruction-PT-16000/RF-15.smt2,sat,0.008630514144897461
/20220307-SMPT/HouseConstruction-PT-16000/RF-09.smt2,unsat,0.007211923599243164
/20220307-SMPT/HouseConstruction-PT-16000/RC-07.smt2,sat,0.009810924530029297
/20220307-SMPT/HouseConstruction-PT-16000/RF-06.smt2,sat,0.009927988052368164
/20220307-SMPT/HouseConstruction-PT-16000/RC-09.smt2,sat,0.009873628616333008
/20220307-SMPT/HouseConstruction-PT-16000/RC-15.smt2,sat,0.00879216194152832
/20220307-SMPT/HouseConstruction-PT-16000/RC-12.smt2,sat,0.00859975814819336
/20220307-SMPT/HouseConstruction-PT-16000/RF-14.smt2,sat,0.008508682250976562
/20220307-SMPT/CircularTrains-PT-012/RC-02.smt2,sat,0.010922670364379883
/20220307-SMPT/CircularTrains-PT-012/RF-12.smt2,sat,0.009450674057006836
/20220307-SMPT/CircularTrains-PT-012/RC-03.smt2,sat,0.00812387466430664
/20220307-SMPT/CircularTrains-PT-012/RF-02.smt2,sat,0.009616374969482422
/20220307-SMPT/CircularTrains-PT-012/RC-11.smt2,sat,0.008313894271850586
/20220307-SMPT/CircularTrains-PT-012/RF-03.smt2,sat,0.009508609771728516
/20220307-SMPT/CircularTrains-PT-012/RC-01.smt2,sat,0.008878707885742188
/20220307-SMPT/CircularTrains-PT-012/RF-00.smt2,sat,0.010812759399414062
/20220307-SMPT/CircularTrains-PT-012/RC-04.smt2,sat,0.009035348892211914
/20220307-SMPT/CircularTrains-PT-012/RF-11.smt2,sat,0.009714126586914062
/20220307-SMPT/CircularTrains-PT-012/RC-13.smt2,sat,0.009160280227661133
/20220307-SMPT/CircularTrains-PT-012/RC-06.smt2,unsat,0.00813603401184082
/20220307-SMPT/CircularTrains-PT-012/RC-14.smt2,unsat,0.009745359420776367
/20220307-SMPT/CircularTrains-PT-012/RC-10.smt2,unsat,0.009218454360961914
/20220307-SMPT/CircularTrains-PT-012/RF-04.smt2,sat,0.0100860595703125
/20220307-SMPT/CircularTrains-PT-012/RF-01.smt2,unsat,0.006844758987426758
/20220307-SMPT/CircularTrains-PT-012/RF-13.smt2,sat,0.009456396102905273
/20220307-SMPT/CircularTrains-PT-012/RC-05.smt2,sat,0.009882211685180664
/20220307-SMPT/CircularTrains-PT-012/RC-00.smt2,unsat,0.00903630256652832
/20220307-SMPT/CircularTrains-PT-012/RF-05.smt2,sat,0.008969545364379883
/20220307-SMPT/CircularTrains-PT-012/RF-07.smt2,sat,0.00980067253112793
/20220307-SMPT/CircularTrains-PT-012/RF-10.smt2,sat,0.010687828063964844
/20220307-SMPT/CircularTrains-PT-012/RF-08.smt2,sat,0.01053476333618164
/20220307-SMPT/CircularTrains-PT-012/RC-08.smt2,sat,0.010111093521118164
/20220307-SMPT/CircularTrains-PT-012/RF-15.smt2,sat,0.008354425430297852
/20220307-SMPT/CircularTrains-PT-012/RF-09.smt2,sat,0.010621070861816406
/20220307-SMPT/CircularTrains-PT-012/RC-07.smt2,sat,0.008121967315673828
/20220307-SMPT/CircularTrains-PT-012/RF-06.smt2,sat,0.010170459747314453
/20220307-SMPT/CircularTrains-PT-012/RC-09.smt2,sat,0.009719133377075195
/20220307-SMPT/CircularTrains-PT-012/RC-15.smt2,unsat,0.019
/20220307-SMPT/CircularTrains-PT-012/RC-12.smt2,sat,0.02
/20220307-SMPT/CircularTrains-PT-012/RF-14.smt2,sat,0.009647369384765625
/20220307-SMPT/Eratosthenes-PT-200/RC-02.smt2,unsat,0.008378028869628906
/20220307-SMPT/Eratosthenes-PT-200/RF-12.smt2,sat,0.01696038246154785
/20220307-SMPT/Eratosthenes-PT-200/RC-03.smt2,unsat,0.008637189865112305
/20220307-SMPT/Eratosthenes-PT-200/RF-02.smt2,sat,0.01526951789855957
/20220307-SMPT/Eratosthenes-PT-200/RC-11.smt2,unsat,0.011183500289916992
/20220307-SMPT/Eratosthenes-PT-200/RF-03.smt2,sat,0.01673436164855957
/20220307-SMPT/Eratosthenes-PT-200/RC-01.smt2,unsat,0.008550167083740234
/20220307-SMPT/Eratosthenes-PT-200/RF-00.smt2,sat,0.01599574089050293
/20220307-SMPT/Eratosthenes-PT-200/RC-04.smt2,unsat,0.01334381103515625
/20220307-SMPT/Eratosthenes-PT-200/RF-11.smt2,sat,0.016170024871826172
/20220307-SMPT/Eratosthenes-PT-200/RC-13.smt2,unsat,0.015011787414550781
/20220307-SMPT/Eratosthenes-PT-200/RC-06.smt2,sat,0.017148256301879883
/20220307-SMPT/Eratosthenes-PT-200/RC-14.smt2,unsat,0.013918638229370117
/20220307-SMPT/Eratosthenes-PT-200/RC-10.smt2,unsat,0.00929880142211914
/20220307-SMPT/Eratosthenes-PT-200/RF-04.smt2,sat,0.015942811965942383
/20220307-SMPT/Eratosthenes-PT-200/RF-01.smt2,sat,0.016077518463134766
/20220307-SMPT/Eratosthenes-PT-200/RF-13.smt2,sat,0.01666569709777832
/20220307-SMPT/Eratosthenes-PT-200/RC-05.smt2,unsat,0.009036064147949219
/20220307-SMPT/Eratosthenes-PT-200/RC-00.smt2,unsat,0.009558677673339844
/20220307-SMPT/Eratosthenes-PT-200/RF-05.smt2,sat,0.01666569709777832
/20220307-SMPT/Eratosthenes-PT-200/RF-07.smt2,sat,0.015842199325561523
/20220307-SMPT/Eratosthenes-PT-200/RF-10.smt2,sat,0.016478300094604492
/20220307-SMPT/Eratosthenes-PT-200/RF-08.smt2,sat,0.016132831573486328
/20220307-SMPT/Eratosthenes-PT-200/RC-08.smt2,sat,0.015988588333129883
/20220307-SMPT/Eratosthenes-PT-200/RF-15.smt2,sat,0.01655864715576172
/20220307-SMPT/Eratosthenes-PT-200/RF-09.smt2,sat,0.01607370376586914
/20220307-SMPT/Eratosthenes-PT-200/RC-07.smt2,unsat,0.01727747917175293
/20220307-SMPT/Eratosthenes-PT-200/RF-06.smt2,sat,0.014941692352294922
/20220307-SMPT/Eratosthenes-PT-200/RC-09.smt2,sat,0.016457796096801758
/20220307-SMPT/Eratosthenes-PT-200/RC-15.smt2,unsat,0.00912165641784668
/20220307-SMPT/Eratosthenes-PT-200/RC-12.smt2,unsat,0.008687734603881836
/20220307-SMPT/Eratosthenes-PT-200/RF-14.smt2,sat,0.017588376998901367
/20220307-SMPT/Diffusion2D-PT-D40N150/RC-02.smt2,sat,0.22283005714416504
/20220307-SMPT/Diffusion2D-PT-D40N150/RF-12.smt2,sat,0.2585256099700928
/20220307-SMPT/Diffusion2D-PT-D40N150/RC-03.smt2,sat,0.20830798149108887
/20220307-SMPT/Diffusion2D-PT-D40N150/RF-02.smt2,sat,0.201646089553833
/20220307-SMPT/Diffusion2D-PT-D40N150/RC-11.smt2,sat,0.19806265830993652
/20220307-SMPT/Diffusion2D-PT-D40N150/RF-03.smt2,sat,0.2168896198272705
/20220307-SMPT/Diffusion2D-PT-D40N150/RC-01.smt2,sat,0.23946809768676758
/20220307-SMPT/Diffusion2D-PT-D40N150/RF-00.smt2,sat,0.21521210670471191
/20220307-SMPT/Diffusion2D-PT-D40N150/RC-04.smt2,sat,0.24577617645263672
/20220307-SMPT/Diffusion2D-PT-D40N150/RF-11.smt2,sat,0.23399949073791504
/20220307-SMPT/Diffusion2D-PT-D40N150/RC-13.smt2,sat,0.22400975227355957
/20220307-SMPT/Diffusion2D-PT-D40N150/RC-06.smt2,sat,0.23151898384094238
/20220307-SMPT/Diffusion2D-PT-D40N150/RC-14.smt2,sat,0.2071678638458252
/20220307-SMPT/Diffusion2D-PT-D40N150/RC-10.smt2,sat,0.22841191291809082
/20220307-SMPT/Diffusion2D-PT-D40N150/RF-04.smt2,sat,0.19747638702392578
/20220307-SMPT/Diffusion2D-PT-D40N150/RF-01.smt2,sat,0.21387648582458496
/20220307-SMPT/Diffusion2D-PT-D40N150/RF-13.smt2,sat,0.21184945106506348
/20220307-SMPT/Diffusion2D-PT-D40N150/RC-05.smt2,sat,0.22156786918640137
/20220307-SMPT/Diffusion2D-PT-D40N150/RC-00.smt2,sat,0.23148727416992188
/20220307-SMPT/Diffusion2D-PT-D40N150/RF-05.smt2,sat,0.21208500862121582
/20220307-SMPT/Diffusion2D-PT-D40N150/RF-07.smt2,sat,0.22179412841796875
/20220307-SMPT/Diffusion2D-PT-D40N150/RF-10.smt2,sat,0.20248675346374512
/20220307-SMPT/Diffusion2D-PT-D40N150/RF-08.smt2,sat,0.2040116786956787
/20220307-SMPT/Diffusion2D-PT-D40N150/RC-08.smt2,sat,0.2189769744873047
/20220307-SMPT/Diffusion2D-PT-D40N150/RF-15.smt2,sat,0.20964717864990234
/20220307-SMPT/Diffusion2D-PT-D40N150/RF-09.smt2,sat,0.2114880084991455
/20220307-SMPT/Diffusion2D-PT-D40N150/RC-07.smt2,sat,0.2571146488189697
/20220307-SMPT/Diffusion2D-PT-D40N150/RF-06.smt2,sat,0.2145071029663086
/20220307-SMPT/Diffusion2D-PT-D40N150/RC-09.smt2,sat,0.22719407081604004
/20220307-SMPT/Diffusion2D-PT-D40N150/RC-15.smt2,sat,0.19460630416870117
/20220307-SMPT/Diffusion2D-PT-D40N150/RC-12.smt2,sat,0.20738840103149414
/20220307-SMPT/Diffusion2D-PT-D40N150/RF-14.smt2,sat,0.2399125099182129
/20220307-SMPT/RobotManipulation-PT-00001/RC-02.smt2,sat,0.009238004684448242
/20220307-SMPT/RobotManipulation-PT-00001/RF-12.smt2,sat,0.008886575698852539
/20220307-SMPT/RobotManipulation-PT-00001/RC-03.smt2,sat,0.008321523666381836
/20220307-SMPT/RobotManipulation-PT-00001/RF-02.smt2,sat,0.008327960968017578
/20220307-SMPT/RobotManipulation-PT-00001/RC-11.smt2,unsat,0.008621454238891602
/20220307-SMPT/RobotManipulation-PT-00001/RF-03.smt2,sat,0.006949424743652344
/20220307-SMPT/RobotManipulation-PT-00001/RC-01.smt2,sat,0.007269144058227539
/20220307-SMPT/RobotManipulation-PT-00001/RF-00.smt2,sat,0.007634878158569336
/20220307-SMPT/RobotManipulation-PT-00001/RC-04.smt2,unsat,0.009061574935913086
/20220307-SMPT/RobotManipulation-PT-00001/RF-11.smt2,sat,0.008846044540405273
/20220307-SMPT/RobotManipulation-PT-00001/RC-13.smt2,sat,0.008255958557128906
/20220307-SMPT/RobotManipulation-PT-00001/RC-06.smt2,sat,0.00769352912902832
/20220307-SMPT/RobotManipulation-PT-00001/RC-14.smt2,sat,0.008786439895629883
/20220307-SMPT/RobotManipulation-PT-00001/RC-10.smt2,sat,0.007511138916015625
/20220307-SMPT/RobotManipulation-PT-00001/RF-04.smt2,sat,0.009400129318237305
/20220307-SMPT/RobotManipulation-PT-00001/RF-01.smt2,sat,0.00956869125366211
/20220307-SMPT/RobotManipulation-PT-00001/RF-13.smt2,sat,0.008885383605957031
/20220307-SMPT/RobotManipulation-PT-00001/RC-05.smt2,sat,0.006717681884765625
/20220307-SMPT/RobotManipulation-PT-00001/RC-00.smt2,sat,0.008342981338500977
/20220307-SMPT/RobotManipulation-PT-00001/RF-05.smt2,sat,0.00851297378540039
/20220307-SMPT/RobotManipulation-PT-00001/RF-07.smt2,sat,0.00724339485168457
/20220307-SMPT/RobotManipulation-PT-00001/RF-10.smt2,sat,0.009366035461425781
/20220307-SMPT/RobotManipulation-PT-00001/RF-08.smt2,sat,0.008209228515625
/20220307-SMPT/RobotManipulation-PT-00001/RC-08.smt2,sat,0.006829977035522461
/20220307-SMPT/RobotManipulation-PT-00001/RF-15.smt2,sat,0.006804704666137695
/20220307-SMPT/RobotManipulation-PT-00001/RF-09.smt2,sat,0.007716178894042969
/20220307-SMPT/RobotManipulation-PT-00001/RC-07.smt2,sat,0.00920557975769043
/20220307-SMPT/RobotManipulation-PT-00001/RF-06.smt2,sat,0.009035825729370117
/20220307-SMPT/RobotManipulation-PT-00001/RC-09.smt2,sat,0.007527351379394531
/20220307-SMPT/RobotManipulation-PT-00001/RC-15.smt2,unsat,0.0076084136962890625
/20220307-SMPT/RobotManipulation-PT-00001/RC-12.smt2,sat,0.0077402591705322266
/20220307-SMPT/RobotManipulation-PT-00001/RF-14.smt2,sat,0.008280038833618164
/20220307-SMPT/RwMutex-PT-r0010w0050/RC-02.smt2,sat,0.12409853935241699
/20220307-SMPT/RwMutex-PT-r0010w0050/RF-12.smt2,sat,0.12341856956481934
/20220307-SMPT/RwMutex-PT-r0010w0050/RC-03.smt2,sat,0.13409972190856934
/20220307-SMPT/RwMutex-PT-r0010w0050/RF-02.smt2,unsat,0.026639223098754883
/20220307-SMPT/RwMutex-PT-r0010w0050/RC-11.smt2,sat,0.11095476150512695
/20220307-SMPT/RwMutex-PT-r0010w0050/RF-03.smt2,sat,0.1352708339691162
/20220307-SMPT/RwMutex-PT-r0010w0050/RC-01.smt2,sat,0.1211540699005127
/20220307-SMPT/RwMutex-PT-r0010w0050/RF-00.smt2,sat,0.11807918548583984
/20220307-SMPT/RwMutex-PT-r0010w0050/RC-04.smt2,unsat,0.18109703063964844
/20220307-SMPT/RwMutex-PT-r0010w0050/RF-11.smt2,sat,0.164564847946167
/20220307-SMPT/RwMutex-PT-r0010w0050/RC-13.smt2,sat,0.12204360961914062
/20220307-SMPT/RwMutex-PT-r0010w0050/RC-06.smt2,sat,0.1323690414428711
/20220307-SMPT/RwMutex-PT-r0010w0050/RC-14.smt2,sat,0.14905452728271484
/20220307-SMPT/RwMutex-PT-r0010w0050/RC-10.smt2,unsat,0.02402520179748535
/20220307-SMPT/RwMutex-PT-r0010w0050/RF-04.smt2,sat,0.1344003677368164
/20220307-SMPT/RwMutex-PT-r0010w0050/RF-01.smt2,sat,0.1797013282775879
/20220307-SMPT/RwMutex-PT-r0010w0050/RF-13.smt2,sat,0.13102459907531738
/20220307-SMPT/RwMutex-PT-r0010w0050/RC-05.smt2,sat,0.14691376686096191
/20220307-SMPT/RwMutex-PT-r0010w0050/RC-00.smt2,sat,0.18020129203796387
/20220307-SMPT/RwMutex-PT-r0010w0050/RF-05.smt2,sat,0.14461517333984375
/20220307-SMPT/RwMutex-PT-r0010w0050/RF-07.smt2,sat,0.11433744430541992
/20220307-SMPT/RwMutex-PT-r0010w0050/RF-10.smt2,sat,0.17652344703674316
/20220307-SMPT/RwMutex-PT-r0010w0050/RF-08.smt2,sat,0.17626070976257324
/20220307-SMPT/RwMutex-PT-r0010w0050/RC-08.smt2,unsat,0.02315211296081543
/20220307-SMPT/RwMutex-PT-r0010w0050/RF-15.smt2,sat,0.1301736831665039
/20220307-SMPT/RwMutex-PT-r0010w0050/RC-07.smt2,sat,0.13650250434875488
/20220307-SMPT/RwMutex-PT-r0010w0050/RF-06.smt2,sat,0.12544870376586914
/20220307-SMPT/RwMutex-PT-r0010w0050/RC-09.smt2,sat,0.14980602264404297
/20220307-SMPT/RwMutex-PT-r0010w0050/RC-15.smt2,sat,0.1428978443145752
/20220307-SMPT/RwMutex-PT-r0010w0050/RC-12.smt2,sat,0.15671515464782715
/20220307-SMPT/RwMutex-PT-r0010w0050/RF-14.smt2,sat,0.11714982986450195
/20220307-SMPT/Diffusion2D-PT-D30N050/RC-02.smt2,sat,0.12929320335388184
/20220307-SMPT/Diffusion2D-PT-D30N050/RF-12.smt2,sat,0.1203606128692627
/20220307-SMPT/Diffusion2D-PT-D30N050/RC-03.smt2,sat,0.1148984432220459
/20220307-SMPT/Diffusion2D-PT-D30N050/RF-02.smt2,sat,0.11580252647399902
/20220307-SMPT/Diffusion2D-PT-D30N050/RC-11.smt2,sat,0.11193156242370605
/20220307-SMPT/Diffusion2D-PT-D30N050/RF-03.smt2,sat,0.11105036735534668
/20220307-SMPT/Diffusion2D-PT-D30N050/RC-01.smt2,sat,0.11936140060424805
/20220307-SMPT/Diffusion2D-PT-D30N050/RF-00.smt2,sat,0.129410982131958
/20220307-SMPT/Diffusion2D-PT-D30N050/RC-04.smt2,sat,0.11739826202392578
/20220307-SMPT/Diffusion2D-PT-D30N050/RF-11.smt2,sat,0.12593698501586914
/20220307-SMPT/Diffusion2D-PT-D30N050/RC-13.smt2,sat,0.11216020584106445
/20220307-SMPT/Diffusion2D-PT-D30N050/RC-06.smt2,sat,0.12672829627990723
/20220307-SMPT/Diffusion2D-PT-D30N050/RC-14.smt2,sat,0.10653972625732422
/20220307-SMPT/Diffusion2D-PT-D30N050/RC-10.smt2,sat,0.12267255783081055
/20220307-SMPT/Diffusion2D-PT-D30N050/RF-04.smt2,sat,0.11001300811767578
/20220307-SMPT/Diffusion2D-PT-D30N050/RF-01.smt2,sat,0.11634469032287598
/20220307-SMPT/Diffusion2D-PT-D30N050/RF-13.smt2,sat,0.11486101150512695
/20220307-SMPT/Diffusion2D-PT-D30N050/RC-05.smt2,sat,0.11324238777160645
/20220307-SMPT/Diffusion2D-PT-D30N050/RC-00.smt2,sat,0.11060643196105957
/20220307-SMPT/Diffusion2D-PT-D30N050/RF-05.smt2,sat,0.1309802532196045
/20220307-SMPT/Diffusion2D-PT-D30N050/RF-07.smt2,sat,0.11540794372558594
/20220307-SMPT/Diffusion2D-PT-D30N050/RF-10.smt2,sat,0.11311078071594238
/20220307-SMPT/Diffusion2D-PT-D30N050/RF-08.smt2,sat,0.11726999282836914
/20220307-SMPT/Diffusion2D-PT-D30N050/RC-08.smt2,sat,0.12913775444030762
/20220307-SMPT/Diffusion2D-PT-D30N050/RF-15.smt2,sat,0.13103556632995605
/20220307-SMPT/Diffusion2D-PT-D30N050/RF-09.smt2,sat,0.1269083023071289
/20220307-SMPT/Diffusion2D-PT-D30N050/RC-07.smt2,sat,0.11900758743286133
/20220307-SMPT/Diffusion2D-PT-D30N050/RF-06.smt2,sat,0.12173771858215332
/20220307-SMPT/Diffusion2D-PT-D30N050/RC-09.smt2,sat,0.12390589714050293
/20220307-SMPT/Diffusion2D-PT-D30N050/RC-15.smt2,sat,0.12273049354553223
/20220307-SMPT/Diffusion2D-PT-D30N050/RC-12.smt2,sat,0.1143636703491211
/20220307-SMPT/Diffusion2D-PT-D30N050/RF-14.smt2,sat,0.11297917366027832
/20220307-SMPT/SmallOperatingSystem-PT-MT2048DC0512/RC-02.smt2,unsat,0.007856369018554688
/20220307-SMPT/SmallOperatingSystem-PT-MT2048DC0512/RF-12.smt2,unsat,0.005
/20220307-SMPT/SmallOperatingSystem-PT-MT2048DC0512/RC-03.smt2,sat,0.00779414176940918
/20220307-SMPT/SmallOperatingSystem-PT-MT2048DC0512/RC-11.smt2,sat,0.00649261474609375
/20220307-SMPT/SmallOperatingSystem-PT-MT2048DC0512/RF-03.smt2,sat,0.009
/20220307-SMPT/SmallOperatingSystem-PT-MT2048DC0512/RC-01.smt2,sat,0.006676912307739258
/20220307-SMPT/SmallOperatingSystem-PT-MT2048DC0512/RF-00.smt2,unsat,0.005
/20220307-SMPT/SmallOperatingSystem-PT-MT2048DC0512/RC-04.smt2,unsat,0.006159305572509766
/20220307-SMPT/SmallOperatingSystem-PT-MT2048DC0512/RF-11.smt2,unsat,0.003
/20220307-SMPT/SmallOperatingSystem-PT-MT2048DC0512/RC-13.smt2,sat,0.006301403045654297
/20220307-SMPT/SmallOperatingSystem-PT-MT2048DC0512/RC-06.smt2,unsat,0.006772518157958984
/20220307-SMPT/SmallOperatingSystem-PT-MT2048DC0512/RC-14.smt2,sat,0.007922887802124023
/20220307-SMPT/SmallOperatingSystem-PT-MT2048DC0512/RC-10.smt2,unsat,0.004
/20220307-SMPT/SmallOperatingSystem-PT-MT2048DC0512/RF-04.smt2,sat,0.006868124008178711
/20220307-SMPT/SmallOperatingSystem-PT-MT2048DC0512/RF-01.smt2,sat,0.0067138671875
/20220307-SMPT/SmallOperatingSystem-PT-MT2048DC0512/RF-13.smt2,sat,0.007677793502807617
/20220307-SMPT/SmallOperatingSystem-PT-MT2048DC0512/RC-05.smt2,sat,0.007553815841674805
/20220307-SMPT/SmallOperatingSystem-PT-MT2048DC0512/RC-00.smt2,unsat,0.006917476654052734
/20220307-SMPT/SmallOperatingSystem-PT-MT2048DC0512/RF-05.smt2,sat,0.007634162902832031
/20220307-SMPT/SmallOperatingSystem-PT-MT2048DC0512/RF-10.smt2,unsat,0.005
/20220307-SMPT/SmallOperatingSystem-PT-MT2048DC0512/RF-08.smt2,sat,0.006431102752685547
/20220307-SMPT/SmallOperatingSystem-PT-MT2048DC0512/RC-08.smt2,sat,0.006625652313232422
/20220307-SMPT/SmallOperatingSystem-PT-MT2048DC0512/RF-15.smt2,sat,0.007112979888916016
/20220307-SMPT/SmallOperatingSystem-PT-MT2048DC0512/RF-09.smt2,unsat,0.004
/20220307-SMPT/SmallOperatingSystem-PT-MT2048DC0512/RC-07.smt2,sat,0.0066089630126953125
/20220307-SMPT/SmallOperatingSystem-PT-MT2048DC0512/RF-06.smt2,unsat,0.004
/20220307-SMPT/SmallOperatingSystem-PT-MT2048DC0512/RC-09.smt2,unsat,0.008
/20220307-SMPT/SmallOperatingSystem-PT-MT2048DC0512/RC-15.smt2,unsat,0.006745338439941406
/20220307-SMPT/SmallOperatingSystem-PT-MT2048DC0512/RC-12.smt2,sat,0.007100105285644531
/20220307-SMPT/SmallOperatingSystem-PT-MT2048DC0512/RF-14.smt2,unsat,0.004
/20220307-SMPT/FMS-PT-50000/RC-02.smt2,sat,0.007106304168701172
/20220307-SMPT/FMS-PT-50000/RF-12.smt2,sat,0.007216691970825195
/20220307-SMPT/FMS-PT-50000/RC-03.smt2,sat,0.009227991104125977
/20220307-SMPT/FMS-PT-50000/RF-02.smt2,sat,0.011
/20220307-SMPT/FMS-PT-50000/RC-11.smt2,sat,0.007303714752197266
/20220307-SMPT/FMS-PT-50000/RF-03.smt2,sat,0.01
/20220307-SMPT/FMS-PT-50000/RC-01.smt2,sat,0.007336854934692383
/20220307-SMPT/FMS-PT-50000/RF-00.smt2,sat,0.00828695297241211
/20220307-SMPT/FMS-PT-50000/RC-04.smt2,sat,0.008862018585205078
/20220307-SMPT/FMS-PT-50000/RC-13.smt2,unsat,0.008440732955932617
/20220307-SMPT/FMS-PT-50000/RC-06.smt2,sat,0.007747650146484375
/20220307-SMPT/FMS-PT-50000/RC-14.smt2,sat,0.008862495422363281
/20220307-SMPT/FMS-PT-50000/RC-10.smt2,unsat,0.0044367313385009766
/20220307-SMPT/FMS-PT-50000/RF-04.smt2,sat,0.009055137634277344
/20220307-SMPT/FMS-PT-50000/RF-01.smt2,sat,0.007872819900512695
/20220307-SMPT/FMS-PT-50000/RF-13.smt2,sat,0.008517026901245117
/20220307-SMPT/FMS-PT-50000/RC-05.smt2,sat,0.008669137954711914
/20220307-SMPT/FMS-PT-50000/RC-00.smt2,sat,0.007242918014526367
/20220307-SMPT/FMS-PT-50000/RF-05.smt2,sat,0.008270502090454102
/20220307-SMPT/FMS-PT-50000/RF-07.smt2,sat,0.008024215698242188
/20220307-SMPT/FMS-PT-50000/RF-10.smt2,sat,0.008428573608398438
/20220307-SMPT/FMS-PT-50000/RF-08.smt2,sat,0.008396387100219727
/20220307-SMPT/FMS-PT-50000/RC-08.smt2,sat,0.008048295974731445
/20220307-SMPT/FMS-PT-50000/RF-15.smt2,sat,0.008535146713256836
/20220307-SMPT/FMS-PT-50000/RF-09.smt2,sat,0.008637666702270508
/20220307-SMPT/FMS-PT-50000/RC-07.smt2,sat,0.007691621780395508
/20220307-SMPT/FMS-PT-50000/RF-06.smt2,sat,0.009223699569702148
/20220307-SMPT/FMS-PT-50000/RC-09.smt2,sat,0.010904550552368164
/20220307-SMPT/FMS-PT-50000/RC-15.smt2,sat,0.007308006286621094
/20220307-SMPT/FMS-PT-50000/RC-12.smt2,sat,0.006914854049682617
/20220307-SMPT/FMS-PT-50000/RF-14.smt2,sat,0.008826732635498047
/20220307-SMPT/Diffusion2D-PT-D05N050/RC-02.smt2,sat,0.00776982307434082
/20220307-SMPT/Diffusion2D-PT-D05N050/RF-12.smt2,sat,0.008244752883911133
/20220307-SMPT/Diffusion2D-PT-D05N050/RC-03.smt2,sat,0.008517980575561523
/20220307-SMPT/Diffusion2D-PT-D05N050/RF-02.smt2,sat,0.01003718376159668
/20220307-SMPT/Diffusion2D-PT-D05N050/RC-11.smt2,sat,0.008916378021240234
/20220307-SMPT/Diffusion2D-PT-D05N050/RF-03.smt2,unsat,0.007877111434936523
/20220307-SMPT/Diffusion2D-PT-D05N050/RC-01.smt2,sat,0.0077364444732666016
/20220307-SMPT/Diffusion2D-PT-D05N050/RF-00.smt2,unsat,0.006239652633666992
/20220307-SMPT/Diffusion2D-PT-D05N050/RC-04.smt2,sat,0.009151935577392578
/20220307-SMPT/Diffusion2D-PT-D05N050/RF-11.smt2,sat,0.009217023849487305
/20220307-SMPT/Diffusion2D-PT-D05N050/RC-13.smt2,unsat,0.005599498748779297
/20220307-SMPT/Diffusion2D-PT-D05N050/RC-06.smt2,sat,0.008821487426757812
/20220307-SMPT/Diffusion2D-PT-D05N050/RC-14.smt2,sat,0.009585857391357422
/20220307-SMPT/Diffusion2D-PT-D05N050/RC-10.smt2,sat,0.010820865631103516
/20220307-SMPT/Diffusion2D-PT-D05N050/RF-04.smt2,sat,0.008454084396362305
/20220307-SMPT/Diffusion2D-PT-D05N050/RF-01.smt2,unsat,0.007063150405883789
/20220307-SMPT/Diffusion2D-PT-D05N050/RF-13.smt2,unsat,0.007
/20220307-SMPT/Diffusion2D-PT-D05N050/RC-05.smt2,sat,0.007298469543457031
/20220307-SMPT/Diffusion2D-PT-D05N050/RC-00.smt2,sat,0.009656429290771484
/20220307-SMPT/Diffusion2D-PT-D05N050/RF-07.smt2,unsat,0.007
/20220307-SMPT/Diffusion2D-PT-D05N050/RF-10.smt2,sat,0.013
/20220307-SMPT/Diffusion2D-PT-D05N050/RF-08.smt2,sat,0.0073544979095458984
/20220307-SMPT/Diffusion2D-PT-D05N050/RC-08.smt2,sat,0.00871586799621582
/20220307-SMPT/Diffusion2D-PT-D05N050/RF-15.smt2,sat,0.008404254913330078
/20220307-SMPT/Diffusion2D-PT-D05N050/RF-09.smt2,sat,0.009244918823242188
/20220307-SMPT/Diffusion2D-PT-D05N050/RC-07.smt2,sat,0.008272171020507812
/20220307-SMPT/Diffusion2D-PT-D05N050/RF-06.smt2,sat,0.015
/20220307-SMPT/Diffusion2D-PT-D05N050/RC-09.smt2,sat,0.008095502853393555
/20220307-SMPT/Diffusion2D-PT-D05N050/RC-15.smt2,sat,0.007960319519042969
/20220307-SMPT/Diffusion2D-PT-D05N050/RC-12.smt2,unsat,0.006260395050048828
/20220307-SMPT/Diffusion2D-PT-D05N050/RF-14.smt2,sat,0.009898662567138672
/20220307-SMPT/Diffusion2D-PT-D10N010/RC-02.smt2,sat,0.016739606857299805
/20220307-SMPT/Diffusion2D-PT-D10N010/RF-12.smt2,sat,0.016193628311157227
/20220307-SMPT/Diffusion2D-PT-D10N010/RC-03.smt2,sat,0.015278339385986328
/20220307-SMPT/Diffusion2D-PT-D10N010/RF-02.smt2,sat,0.01747298240661621
/20220307-SMPT/Diffusion2D-PT-D10N010/RC-11.smt2,sat,0.017322063446044922
/20220307-SMPT/Diffusion2D-PT-D10N010/RF-03.smt2,sat,0.0188140869140625
/20220307-SMPT/Diffusion2D-PT-D10N010/RC-01.smt2,sat,0.01771831512451172
/20220307-SMPT/Diffusion2D-PT-D10N010/RF-00.smt2,sat,0.018247604370117188
/20220307-SMPT/Diffusion2D-PT-D10N010/RC-04.smt2,sat,0.018317699432373047
/20220307-SMPT/Diffusion2D-PT-D10N010/RF-11.smt2,sat,0.016855955123901367
/20220307-SMPT/Diffusion2D-PT-D10N010/RC-13.smt2,sat,0.01640605926513672
/20220307-SMPT/Diffusion2D-PT-D10N010/RC-06.smt2,sat,0.016404151916503906
/20220307-SMPT/Diffusion2D-PT-D10N010/RC-14.smt2,sat,0.019168853759765625
/20220307-SMPT/Diffusion2D-PT-D10N010/RC-10.smt2,sat,0.01776719093322754
/20220307-SMPT/Diffusion2D-PT-D10N010/RF-04.smt2,sat,0.01943826675415039
/20220307-SMPT/Diffusion2D-PT-D10N010/RF-01.smt2,sat,0.018587589263916016
/20220307-SMPT/Diffusion2D-PT-D10N010/RF-13.smt2,sat,0.016544818878173828
/20220307-SMPT/Diffusion2D-PT-D10N010/RC-05.smt2,sat,0.01792621612548828
/20220307-SMPT/Diffusion2D-PT-D10N010/RC-00.smt2,sat,0.01645040512084961
/20220307-SMPT/Diffusion2D-PT-D10N010/RF-05.smt2,sat,0.0152435302734375
/20220307-SMPT/Diffusion2D-PT-D10N010/RF-07.smt2,sat,0.016842126846313477
/20220307-SMPT/Diffusion2D-PT-D10N010/RF-10.smt2,sat,0.01679825782775879
/20220307-SMPT/Diffusion2D-PT-D10N010/RF-08.smt2,sat,0.018138885498046875
/20220307-SMPT/Diffusion2D-PT-D10N010/RC-08.smt2,sat,0.01681804656982422
/20220307-SMPT/Diffusion2D-PT-D10N010/RF-15.smt2,sat,0.024703264236450195
/20220307-SMPT/Diffusion2D-PT-D10N010/RF-09.smt2,sat,0.015582561492919922
/20220307-SMPT/Diffusion2D-PT-D10N010/RC-07.smt2,sat,0.01696467399597168
/20220307-SMPT/Diffusion2D-PT-D10N010/RF-06.smt2,sat,0.016801834106445312
/20220307-SMPT/Diffusion2D-PT-D10N010/RC-09.smt2,sat,0.017218589782714844
/20220307-SMPT/Diffusion2D-PT-D10N010/RC-15.smt2,sat,0.017377853393554688
/20220307-SMPT/Diffusion2D-PT-D10N010/RC-12.smt2,sat,0.01682281494140625
/20220307-SMPT/Diffusion2D-PT-D10N010/RF-14.smt2,sat,0.019239425659179688
/20220307-SMPT/MAPK-PT-01280/RC-02.smt2,sat,0.008468151092529297
/20220307-SMPT/MAPK-PT-01280/RF-12.smt2,unsat,0.00538182258605957
/20220307-SMPT/MAPK-PT-01280/RC-03.smt2,sat,0.009758710861206055
/20220307-SMPT/MAPK-PT-01280/RF-02.smt2,sat,0.009632110595703125
/20220307-SMPT/MAPK-PT-01280/RC-11.smt2,sat,0.00966501235961914
/20220307-SMPT/MAPK-PT-01280/RF-03.smt2,sat,0.009718656539916992
/20220307-SMPT/MAPK-PT-01280/RC-01.smt2,sat,0.010771036148071289
/20220307-SMPT/MAPK-PT-01280/RF-00.smt2,sat,0.01037907600402832
/20220307-SMPT/MAPK-PT-01280/RC-04.smt2,unsat,0.008589982986450195
/20220307-SMPT/MAPK-PT-01280/RF-11.smt2,sat,0.008318662643432617
/20220307-SMPT/MAPK-PT-01280/RC-13.smt2,sat,0.008297920227050781
/20220307-SMPT/MAPK-PT-01280/RC-06.smt2,unsat,0.006227970123291016
/20220307-SMPT/MAPK-PT-01280/RC-14.smt2,sat,0.008966445922851562
/20220307-SMPT/MAPK-PT-01280/RC-10.smt2,sat,0.009763002395629883
/20220307-SMPT/MAPK-PT-01280/RF-04.smt2,sat,0.009612083435058594
/20220307-SMPT/MAPK-PT-01280/RF-01.smt2,unsat,0.007
/20220307-SMPT/MAPK-PT-01280/RF-13.smt2,sat,0.008881330490112305
/20220307-SMPT/MAPK-PT-01280/RC-05.smt2,sat,0.009458541870117188
/20220307-SMPT/MAPK-PT-01280/RC-00.smt2,sat,0.007964849472045898
/20220307-SMPT/MAPK-PT-01280/RF-05.smt2,unsat,0.007
/20220307-SMPT/MAPK-PT-01280/RF-10.smt2,sat,0.00926661491394043
/20220307-SMPT/MAPK-PT-01280/RF-08.smt2,unsat,0.006943702697753906
/20220307-SMPT/MAPK-PT-01280/RC-08.smt2,sat,0.010045766830444336
/20220307-SMPT/MAPK-PT-01280/RF-09.smt2,sat,0.008929252624511719
/20220307-SMPT/MAPK-PT-01280/RC-07.smt2,sat,0.010458230972290039
/20220307-SMPT/MAPK-PT-01280/RF-06.smt2,unsat,0.005247831344604492
/20220307-SMPT/MAPK-PT-01280/RC-09.smt2,sat,0.008720636367797852
/20220307-SMPT/MAPK-PT-01280/RC-15.smt2,sat,0.00972604751586914
/20220307-SMPT/MAPK-PT-01280/RC-12.smt2,sat,0.00971078872680664
/20220307-SMPT/MAPK-PT-01280/RF-14.smt2,sat,0.019
/20220307-SMPT/Diffusion2D-PT-D30N100/RC-02.smt2,sat,0.11605286598205566
/20220307-SMPT/Diffusion2D-PT-D30N100/RF-12.smt2,sat,0.11701369285583496
/20220307-SMPT/Diffusion2D-PT-D30N100/RC-03.smt2,sat,0.13083314895629883
/20220307-SMPT/Diffusion2D-PT-D30N100/RF-02.smt2,sat,0.11053752899169922
/20220307-SMPT/Diffusion2D-PT-D30N100/RC-11.smt2,sat,0.11461758613586426
/20220307-SMPT/Diffusion2D-PT-D30N100/RF-03.smt2,sat,0.12624001502990723
/20220307-SMPT/Diffusion2D-PT-D30N100/RC-01.smt2,sat,0.12352943420410156
/20220307-SMPT/Diffusion2D-PT-D30N100/RF-00.smt2,sat,0.11955428123474121
/20220307-SMPT/Diffusion2D-PT-D30N100/RC-04.smt2,sat,0.11625266075134277
/20220307-SMPT/Diffusion2D-PT-D30N100/RF-11.smt2,sat,0.12074971199035645
/20220307-SMPT/Diffusion2D-PT-D30N100/RC-13.smt2,sat,0.1120600700378418
/20220307-SMPT/Diffusion2D-PT-D30N100/RC-06.smt2,sat,0.11444544792175293
/20220307-SMPT/Diffusion2D-PT-D30N100/RC-14.smt2,sat,0.11815571784973145
/20220307-SMPT/Diffusion2D-PT-D30N100/RC-10.smt2,sat,0.14401698112487793
/20220307-SMPT/Diffusion2D-PT-D30N100/RF-04.smt2,sat,0.1270005702972412
/20220307-SMPT/Diffusion2D-PT-D30N100/RF-01.smt2,sat,0.10823178291320801
/20220307-SMPT/Diffusion2D-PT-D30N100/RF-13.smt2,sat,0.11556506156921387
/20220307-SMPT/Diffusion2D-PT-D30N100/RC-05.smt2,sat,0.13092398643493652
/20220307-SMPT/Diffusion2D-PT-D30N100/RC-00.smt2,sat,0.1212921142578125
/20220307-SMPT/Diffusion2D-PT-D30N100/RF-05.smt2,sat,0.10854911804199219
/20220307-SMPT/Diffusion2D-PT-D30N100/RF-07.smt2,sat,0.12434244155883789
/20220307-SMPT/Diffusion2D-PT-D30N100/RF-10.smt2,sat,0.12079787254333496
/20220307-SMPT/Diffusion2D-PT-D30N100/RF-08.smt2,sat,0.10876274108886719
/20220307-SMPT/Diffusion2D-PT-D30N100/RC-08.smt2,sat,0.11393117904663086
/20220307-SMPT/Diffusion2D-PT-D30N100/RF-15.smt2,sat,0.1140444278717041
/20220307-SMPT/Diffusion2D-PT-D30N100/RF-09.smt2,sat,0.1182107925415039
/20220307-SMPT/Diffusion2D-PT-D30N100/RC-07.smt2,sat,0.12105226516723633
/20220307-SMPT/Diffusion2D-PT-D30N100/RF-06.smt2,sat,0.11394309997558594
/20220307-SMPT/Diffusion2D-PT-D30N100/RC-09.smt2,sat,0.1163790225982666
/20220307-SMPT/Diffusion2D-PT-D30N100/RC-15.smt2,sat,0.11145186424255371
/20220307-SMPT/Diffusion2D-PT-D30N100/RC-12.smt2,sat,0.12097001075744629
/20220307-SMPT/Diffusion2D-PT-D30N100/RF-14.smt2,sat,0.11764073371887207
/20220307-SMPT/Diffusion2D-PT-D05N250/RC-02.smt2,sat,0.009361505508422852
/20220307-SMPT/Diffusion2D-PT-D05N250/RF-12.smt2,sat,0.008231639862060547
/20220307-SMPT/Diffusion2D-PT-D05N250/RC-03.smt2,sat,0.006631374359130859
/20220307-SMPT/Diffusion2D-PT-D05N250/RF-02.smt2,sat,0.009174346923828125
/20220307-SMPT/Diffusion2D-PT-D05N250/RC-11.smt2,sat,0.01053762435913086
/20220307-SMPT/Diffusion2D-PT-D05N250/RF-03.smt2,sat,0.013851165771484375
/20220307-SMPT/Diffusion2D-PT-D05N250/RC-01.smt2,sat,0.008119344711303711
/20220307-SMPT/Diffusion2D-PT-D05N250/RF-00.smt2,sat,0.009174585342407227
/20220307-SMPT/Diffusion2D-PT-D05N250/RC-04.smt2,sat,0.008332490921020508
/20220307-SMPT/Diffusion2D-PT-D05N250/RF-11.smt2,unsat,0.006853580474853516
/20220307-SMPT/Diffusion2D-PT-D05N250/RC-13.smt2,sat,0.008668184280395508
/20220307-SMPT/Diffusion2D-PT-D05N250/RC-06.smt2,sat,0.008270502090454102
/20220307-SMPT/Diffusion2D-PT-D05N250/RC-14.smt2,sat,0.009589433670043945
/20220307-SMPT/Diffusion2D-PT-D05N250/RC-10.smt2,sat,0.007706165313720703
/20220307-SMPT/Diffusion2D-PT-D05N250/RF-04.smt2,sat,0.007618427276611328
/20220307-SMPT/Diffusion2D-PT-D05N250/RF-01.smt2,sat,0.009025812149047852
/20220307-SMPT/Diffusion2D-PT-D05N250/RF-13.smt2,unsat,0.0071904659271240234
/20220307-SMPT/Diffusion2D-PT-D05N250/RC-05.smt2,sat,0.010680913925170898
/20220307-SMPT/Diffusion2D-PT-D05N250/RC-00.smt2,sat,0.008158683776855469
/20220307-SMPT/Diffusion2D-PT-D05N250/RF-08.smt2,sat,0.010023117065429688
/20220307-SMPT/Diffusion2D-PT-D05N250/RC-08.smt2,sat,0.011205196380615234
/20220307-SMPT/Diffusion2D-PT-D05N250/RF-15.smt2,sat,0.014
/20220307-SMPT/Diffusion2D-PT-D05N250/RF-09.smt2,sat,0.008931875228881836
/20220307-SMPT/Diffusion2D-PT-D05N250/RC-07.smt2,unsat,0.007
/20220307-SMPT/Diffusion2D-PT-D05N250/RF-06.smt2,sat,0.007693290710449219
/20220307-SMPT/Diffusion2D-PT-D05N250/RC-09.smt2,sat,0.008090019226074219
/20220307-SMPT/Diffusion2D-PT-D05N250/RC-15.smt2,sat,0.009644746780395508
/20220307-SMPT/Diffusion2D-PT-D05N250/RC-12.smt2,sat,0.009849786758422852
/20220307-SMPT/Diffusion2D-PT-D05N250/RF-14.smt2,sat,0.008208274841308594
/20220307-SMPT/Kanban-PT-02000/RC-02.smt2,sat,0.00727081298828125
/20220307-SMPT/Kanban-PT-02000/RC-03.smt2,unsat,0.005
/20220307-SMPT/Kanban-PT-02000/RF-02.smt2,unsat,0.005
/20220307-SMPT/Kanban-PT-02000/RC-11.smt2,sat,0.006900787353515625
/20220307-SMPT/Kanban-PT-02000/RF-03.smt2,sat,0.007348775863647461
/20220307-SMPT/Kanban-PT-02000/RC-01.smt2,sat,0.0069026947021484375
/20220307-SMPT/Kanban-PT-02000/RF-00.smt2,sat,0.009
/20220307-SMPT/Kanban-PT-02000/RC-04.smt2,sat,0.006012439727783203
/20220307-SMPT/Kanban-PT-02000/RF-11.smt2,unsat,0.004
/20220307-SMPT/Kanban-PT-02000/RC-13.smt2,sat,0.006257772445678711
/20220307-SMPT/Kanban-PT-02000/RC-06.smt2,sat,0.007220268249511719
/20220307-SMPT/Kanban-PT-02000/RC-14.smt2,unsat,0.005
/20220307-SMPT/Kanban-PT-02000/RC-10.smt2,sat,0.007066249847412109
/20220307-SMPT/Kanban-PT-02000/RF-04.smt2,sat,0.0077402591705322266
/20220307-SMPT/Kanban-PT-02000/RF-01.smt2,sat,0.00636601448059082
/20220307-SMPT/Kanban-PT-02000/RC-05.smt2,sat,0.007
/20220307-SMPT/Kanban-PT-02000/RC-00.smt2,sat,0.0072174072265625
/20220307-SMPT/Kanban-PT-02000/RF-05.smt2,unsat,0.005
/20220307-SMPT/Kanban-PT-02000/RF-10.smt2,sat,0.007209300994873047
/20220307-SMPT/Kanban-PT-02000/RF-08.smt2,sat,0.007180690765380859
/20220307-SMPT/Kanban-PT-02000/RC-08.smt2,sat,0.007565736770629883
/20220307-SMPT/Kanban-PT-02000/RF-15.smt2,sat,0.007365703582763672
/20220307-SMPT/Kanban-PT-02000/RF-09.smt2,unsat,0.005
/20220307-SMPT/Kanban-PT-02000/RC-07.smt2,sat,0.007
/20220307-SMPT/Kanban-PT-02000/RF-06.smt2,unsat,0.005
/20220307-SMPT/Kanban-PT-02000/RC-09.smt2,sat,0.009142160415649414
/20220307-SMPT/Kanban-PT-02000/RC-15.smt2,sat,0.007329225540161133
/20220307-SMPT/Kanban-PT-02000/RC-12.smt2,sat,0.006953239440917969
/20220307-SMPT/Kanban-PT-02000/RF-14.smt2,unsat,0.006
/20220307-SMPT/SwimmingPool-PT-04/RC-02.smt2,unsat,0.004
/20220307-SMPT/SwimmingPool-PT-04/RC-03.smt2,sat,0.007
/20220307-SMPT/SwimmingPool-PT-04/RF-02.smt2,unsat,0.004
/20220307-SMPT/SwimmingPool-PT-04/RC-11.smt2,sat,0.0064105987548828125
/20220307-SMPT/SwimmingPool-PT-04/RF-03.smt2,unsat,0.004
/20220307-SMPT/SwimmingPool-PT-04/RC-01.smt2,sat,0.006
/20220307-SMPT/SwimmingPool-PT-04/RF-00.smt2,sat,0.006440877914428711
/20220307-SMPT/SwimmingPool-PT-04/RC-04.smt2,sat,0.006
/20220307-SMPT/SwimmingPool-PT-04/RF-11.smt2,sat,0.007
/20220307-SMPT/SwimmingPool-PT-04/RC-13.smt2,unsat,0.005445718765258789
/20220307-SMPT/SwimmingPool-PT-04/RC-06.smt2,sat,0.0060231685638427734
/20220307-SMPT/SwimmingPool-PT-04/RC-14.smt2,sat,0.0056304931640625
/20220307-SMPT/SwimmingPool-PT-04/RC-10.smt2,sat,0.0068073272705078125
/20220307-SMPT/SwimmingPool-PT-04/RF-04.smt2,unsat,0.004
/20220307-SMPT/SwimmingPool-PT-04/RF-01.smt2,unsat,0.004
/20220307-SMPT/SwimmingPool-PT-04/RF-13.smt2,unsat,0.004
/20220307-SMPT/SwimmingPool-PT-04/RC-05.smt2,sat,0.006
/20220307-SMPT/SwimmingPool-PT-04/RC-00.smt2,unsat,0.003
/20220307-SMPT/SwimmingPool-PT-04/RF-05.smt2,sat,0.006
/20220307-SMPT/SwimmingPool-PT-04/RF-10.smt2,sat,0.006658792495727539
/20220307-SMPT/SwimmingPool-PT-04/RF-08.smt2,sat,0.007
/20220307-SMPT/SwimmingPool-PT-04/RC-08.smt2,sat,0.007
/20220307-SMPT/SwimmingPool-PT-04/RF-15.smt2,sat,0.00682377815246582
/20220307-SMPT/SwimmingPool-PT-04/RF-09.smt2,sat,0.0064792633056640625
/20220307-SMPT/SwimmingPool-PT-04/RC-07.smt2,sat,0.007
/20220307-SMPT/SwimmingPool-PT-04/RC-09.smt2,sat,0.006293296813964844
/20220307-SMPT/SwimmingPool-PT-04/RC-15.smt2,sat,0.006
/20220307-SMPT/SwimmingPool-PT-04/RC-12.smt2,sat,0.0056629180908203125
/20220307-SMPT/SwimmingPool-PT-04/RF-14.smt2,unsat,0.003
/20220307-SMPT/Diffusion2D-PT-D30N010/RC-02.smt2,sat,0.11710834503173828
/20220307-SMPT/Diffusion2D-PT-D30N010/RF-12.smt2,sat,0.12158560752868652
/20220307-SMPT/Diffusion2D-PT-D30N010/RC-03.smt2,sat,0.11947870254516602
/20220307-SMPT/Diffusion2D-PT-D30N010/RF-02.smt2,sat,0.1157834529876709
/20220307-SMPT/Diffusion2D-PT-D30N010/RC-11.smt2,sat,0.12655854225158691
/20220307-SMPT/Diffusion2D-PT-D30N010/RF-03.smt2,sat,0.11405301094055176
/20220307-SMPT/Diffusion2D-PT-D30N010/RC-01.smt2,sat,0.10922598838806152
/20220307-SMPT/Diffusion2D-PT-D30N010/RF-00.smt2,sat,0.1252288818359375
/20220307-SMPT/Diffusion2D-PT-D30N010/RC-04.smt2,sat,0.1237795352935791
/20220307-SMPT/Diffusion2D-PT-D30N010/RF-11.smt2,sat,0.11459136009216309
/20220307-SMPT/Diffusion2D-PT-D30N010/RC-13.smt2,sat,0.12032246589660645
/20220307-SMPT/Diffusion2D-PT-D30N010/RC-06.smt2,sat,0.13065171241760254
/20220307-SMPT/Diffusion2D-PT-D30N010/RC-14.smt2,sat,0.10903000831604004
/20220307-SMPT/Diffusion2D-PT-D30N010/RC-10.smt2,sat,0.11674189567565918
/20220307-SMPT/Diffusion2D-PT-D30N010/RF-04.smt2,sat,0.1272437572479248
/20220307-SMPT/Diffusion2D-PT-D30N010/RF-01.smt2,sat,0.11639070510864258
/20220307-SMPT/Diffusion2D-PT-D30N010/RF-13.smt2,sat,0.12157845497131348
/20220307-SMPT/Diffusion2D-PT-D30N010/RC-05.smt2,sat,0.1124110221862793
/20220307-SMPT/Diffusion2D-PT-D30N010/RC-00.smt2,sat,0.12766170501708984
/20220307-SMPT/Diffusion2D-PT-D30N010/RF-05.smt2,sat,0.12136054039001465
/20220307-SMPT/Diffusion2D-PT-D30N010/RF-07.smt2,sat,0.11003899574279785
/20220307-SMPT/Diffusion2D-PT-D30N010/RF-10.smt2,sat,0.11637592315673828
/20220307-SMPT/Diffusion2D-PT-D30N010/RF-08.smt2,sat,0.11636757850646973
/20220307-SMPT/Diffusion2D-PT-D30N010/RC-08.smt2,sat,0.1269986629486084
/20220307-SMPT/Diffusion2D-PT-D30N010/RF-15.smt2,sat,0.12037062644958496
/20220307-SMPT/Diffusion2D-PT-D30N010/RF-09.smt2,sat,0.12875747680664062
/20220307-SMPT/Diffusion2D-PT-D30N010/RC-07.smt2,sat,0.13379335403442383
/20220307-SMPT/Diffusion2D-PT-D30N010/RF-06.smt2,sat,0.11280369758605957
/20220307-SMPT/Diffusion2D-PT-D30N010/RC-09.smt2,sat,0.12043070793151855
/20220307-SMPT/Diffusion2D-PT-D30N010/RC-15.smt2,sat,0.11367940902709961
/20220307-SMPT/Diffusion2D-PT-D30N010/RC-12.smt2,sat,0.11104702949523926
/20220307-SMPT/Diffusion2D-PT-D30N010/RF-14.smt2,sat,0.11502695083618164
/20220307-SMPT/FMS-PT-00002/RC-02.smt2,unsat,0.009116411209106445
/20220307-SMPT/FMS-PT-00002/RF-12.smt2,unsat,0.008463859558105469
/20220307-SMPT/FMS-PT-00002/RC-03.smt2,unsat,0.00890207290649414
/20220307-SMPT/FMS-PT-00002/RF-02.smt2,unsat,0.008356571197509766
/20220307-SMPT/FMS-PT-00002/RC-11.smt2,unsat,0.007981061935424805
/20220307-SMPT/FMS-PT-00002/RF-03.smt2,unsat,0.006096601486206055
/20220307-SMPT/FMS-PT-00002/RC-01.smt2,unsat,0.00922703742980957
/20220307-SMPT/FMS-PT-00002/RF-00.smt2,unsat,0.007
/20220307-SMPT/FMS-PT-00002/RC-04.smt2,unsat,0.009493112564086914
/20220307-SMPT/FMS-PT-00002/RF-11.smt2,unsat,0.0055370330810546875
/20220307-SMPT/FMS-PT-00002/RC-13.smt2,unsat,0.008779764175415039
/20220307-SMPT/FMS-PT-00002/RC-06.smt2,unsat,0.007851839065551758
/20220307-SMPT/FMS-PT-00002/RC-14.smt2,unsat,0.006802797317504883
/20220307-SMPT/FMS-PT-00002/RC-10.smt2,unsat,0.006033420562744141
/20220307-SMPT/FMS-PT-00002/RF-04.smt2,unsat,0.008577346801757812
/20220307-SMPT/FMS-PT-00002/RF-01.smt2,unsat,0.0059812068939208984
/20220307-SMPT/FMS-PT-00002/RF-13.smt2,unsat,0.008374691009521484
/20220307-SMPT/FMS-PT-00002/RC-05.smt2,unsat,0.008413076400756836
/20220307-SMPT/FMS-PT-00002/RC-00.smt2,unsat,0.015
/20220307-SMPT/FMS-PT-00002/RF-05.smt2,unsat,0.0069277286529541016
/20220307-SMPT/FMS-PT-00002/RF-07.smt2,unsat,0.0058650970458984375
/20220307-SMPT/FMS-PT-00002/RF-10.smt2,unsat,0.005277872085571289
/20220307-SMPT/FMS-PT-00002/RF-08.smt2,unsat,0.00949549674987793
/20220307-SMPT/FMS-PT-00002/RC-08.smt2,unsat,0.00741887092590332
/20220307-SMPT/FMS-PT-00002/RF-15.smt2,unsat,0.007
/20220307-SMPT/FMS-PT-00002/RF-09.smt2,unsat,0.005815267562866211
/20220307-SMPT/FMS-PT-00002/RC-07.smt2,unsat,0.007624626159667969
/20220307-SMPT/FMS-PT-00002/RF-06.smt2,sat,0.00872492790222168
/20220307-SMPT/FMS-PT-00002/RC-09.smt2,unsat,0.008950233459472656
/20220307-SMPT/FMS-PT-00002/RC-15.smt2,unsat,0.007984399795532227
/20220307-SMPT/FMS-PT-00002/RC-12.smt2,unsat,0.007288932800292969
/20220307-SMPT/FMS-PT-00002/RF-14.smt2,unsat,0.009847164154052734
/20220307-SMPT/MAPK-PT-00320/RC-02.smt2,sat,0.010576486587524414
/20220307-SMPT/MAPK-PT-00320/RF-12.smt2,sat,0.009293556213378906
/20220307-SMPT/MAPK-PT-00320/RC-03.smt2,unsat,0.009429454803466797
/20220307-SMPT/MAPK-PT-00320/RF-02.smt2,unsat,0.007149934768676758
/20220307-SMPT/MAPK-PT-00320/RC-11.smt2,sat,0.010426044464111328
/20220307-SMPT/MAPK-PT-00320/RF-03.smt2,sat,0.009372472763061523
/20220307-SMPT/MAPK-PT-00320/RC-01.smt2,sat,0.008003950119018555
/20220307-SMPT/MAPK-PT-00320/RF-00.smt2,sat,0.009180307388305664
/20220307-SMPT/MAPK-PT-00320/RC-04.smt2,sat,0.008004903793334961
/20220307-SMPT/MAPK-PT-00320/RF-11.smt2,sat,0.009783029556274414
/20220307-SMPT/MAPK-PT-00320/RC-13.smt2,sat,0.008558988571166992
/20220307-SMPT/MAPK-PT-00320/RC-06.smt2,sat,0.008982658386230469
/20220307-SMPT/MAPK-PT-00320/RC-10.smt2,sat,0.007392406463623047
/20220307-SMPT/MAPK-PT-00320/RF-04.smt2,sat,0.009505748748779297
/20220307-SMPT/MAPK-PT-00320/RF-01.smt2,sat,0.010550975799560547
/20220307-SMPT/MAPK-PT-00320/RF-13.smt2,sat,0.009610652923583984
/20220307-SMPT/MAPK-PT-00320/RC-05.smt2,sat,0.019
/20220307-SMPT/MAPK-PT-00320/RC-00.smt2,sat,0.010080814361572266
/20220307-SMPT/MAPK-PT-00320/RF-05.smt2,sat,0.00788569450378418
/20220307-SMPT/MAPK-PT-00320/RF-07.smt2,unsat,0.006688594818115234
/20220307-SMPT/MAPK-PT-00320/RF-10.smt2,sat,0.00882863998413086
/20220307-SMPT/MAPK-PT-00320/RF-08.smt2,sat,0.010781288146972656
/20220307-SMPT/MAPK-PT-00320/RC-08.smt2,sat,0.009477615356445312
/20220307-SMPT/MAPK-PT-00320/RF-15.smt2,sat,0.008813142776489258
/20220307-SMPT/MAPK-PT-00320/RF-09.smt2,unsat,0.00665593147277832
/20220307-SMPT/MAPK-PT-00320/RC-07.smt2,sat,0.009538650512695312
/20220307-SMPT/MAPK-PT-00320/RF-06.smt2,sat,0.009821653366088867
/20220307-SMPT/MAPK-PT-00320/RC-09.smt2,unsat,0.008435964584350586
/20220307-SMPT/MAPK-PT-00320/RC-15.smt2,sat,0.009800195693969727
/20220307-SMPT/MAPK-PT-00320/RC-12.smt2,sat,0.00978708267211914
/20220307-SMPT/MAPK-PT-00320/RF-14.smt2,sat,0.010640621185302734
/20220307-SMPT/FMS-PT-05000/RC-02.smt2,sat,0.0069427490234375
/20220307-SMPT/FMS-PT-05000/RF-12.smt2,sat,0.009105920791625977
/20220307-SMPT/FMS-PT-05000/RC-03.smt2,sat,0.00854945182800293
/20220307-SMPT/FMS-PT-05000/RF-02.smt2,sat,0.01
/20220307-SMPT/FMS-PT-05000/RC-11.smt2,sat,0.007145404815673828
/20220307-SMPT/FMS-PT-05000/RF-03.smt2,sat,0.0073926448822021484
/20220307-SMPT/FMS-PT-05000/RC-01.smt2,sat,0.007140398025512695
/20220307-SMPT/FMS-PT-05000/RF-00.smt2,sat,0.008660316467285156
/20220307-SMPT/FMS-PT-05000/RC-04.smt2,sat,0.006783723831176758
/20220307-SMPT/FMS-PT-05000/RF-11.smt2,sat,0.0076143741607666016
/20220307-SMPT/FMS-PT-05000/RC-13.smt2,sat,0.00838780403137207
/20220307-SMPT/FMS-PT-05000/RC-06.smt2,unsat,0.0064601898193359375
/20220307-SMPT/FMS-PT-05000/RC-14.smt2,sat,0.006636619567871094
/20220307-SMPT/FMS-PT-05000/RC-10.smt2,sat,0.0073375701904296875
/20220307-SMPT/FMS-PT-05000/RF-04.smt2,sat,0.00761723518371582
/20220307-SMPT/FMS-PT-05000/RF-01.smt2,sat,0.006814002990722656
/20220307-SMPT/FMS-PT-05000/RF-13.smt2,sat,0.01
/20220307-SMPT/FMS-PT-05000/RC-05.smt2,unsat,0.005889415740966797
/20220307-SMPT/FMS-PT-05000/RC-00.smt2,unsat,0.011
/20220307-SMPT/FMS-PT-05000/RF-05.smt2,sat,0.007799863815307617
/20220307-SMPT/FMS-PT-05000/RF-07.smt2,sat,0.006093263626098633
/20220307-SMPT/FMS-PT-05000/RF-10.smt2,sat,0.007527828216552734
/20220307-SMPT/FMS-PT-05000/RF-08.smt2,sat,0.008563756942749023
/20220307-SMPT/FMS-PT-05000/RC-08.smt2,sat,0.009726285934448242
/20220307-SMPT/FMS-PT-05000/RF-09.smt2,sat,0.008607625961303711
/20220307-SMPT/FMS-PT-05000/RC-07.smt2,sat,0.007124423980712891
/20220307-SMPT/FMS-PT-05000/RF-06.smt2,sat,0.007019996643066406
/20220307-SMPT/FMS-PT-05000/RC-09.smt2,sat,0.007782936096191406
/20220307-SMPT/FMS-PT-05000/RC-15.smt2,sat,0.007893562316894531
/20220307-SMPT/FMS-PT-05000/RC-12.smt2,sat,0.00869607925415039
/20220307-SMPT/FMS-PT-05000/RF-14.smt2,sat,0.007333993911743164
/20220307-SMPT/SmallOperatingSystem-PT-MT0064DC0032/RC-02.smt2,unsat,0.007
/20220307-SMPT/SmallOperatingSystem-PT-MT0064DC0032/RF-12.smt2,unsat,0.006786346435546875
/20220307-SMPT/SmallOperatingSystem-PT-MT0064DC0032/RC-03.smt2,sat,0.005992889404296875
/20220307-SMPT/SmallOperatingSystem-PT-MT0064DC0032/RF-02.smt2,sat,0.00596165657043457
/20220307-SMPT/SmallOperatingSystem-PT-MT0064DC0032/RC-11.smt2,sat,0.007651090621948242
/20220307-SMPT/SmallOperatingSystem-PT-MT0064DC0032/RC-01.smt2,sat,0.008356571197509766
/20220307-SMPT/SmallOperatingSystem-PT-MT0064DC0032/RF-00.smt2,sat,0.008
/20220307-SMPT/SmallOperatingSystem-PT-MT0064DC0032/RC-04.smt2,sat,0.006620168685913086
/20220307-SMPT/SmallOperatingSystem-PT-MT0064DC0032/RC-13.smt2,unsat,0.008840084075927734
/20220307-SMPT/SmallOperatingSystem-PT-MT0064DC0032/RC-06.smt2,sat,0.007447242736816406
/20220307-SMPT/SmallOperatingSystem-PT-MT0064DC0032/RC-14.smt2,unsat,0.0053806304931640625
/20220307-SMPT/SmallOperatingSystem-PT-MT0064DC0032/RC-10.smt2,sat,0.006251811981201172
/20220307-SMPT/SmallOperatingSystem-PT-MT0064DC0032/RF-01.smt2,sat,0.008
/20220307-SMPT/SmallOperatingSystem-PT-MT0064DC0032/RC-05.smt2,sat,0.006423234939575195
/20220307-SMPT/SmallOperatingSystem-PT-MT0064DC0032/RC-00.smt2,sat,0.006070375442504883
/20220307-SMPT/SmallOperatingSystem-PT-MT0064DC0032/RF-05.smt2,unsat,0.004
/20220307-SMPT/SmallOperatingSystem-PT-MT0064DC0032/RF-07.smt2,unsat,0.004
/20220307-SMPT/SmallOperatingSystem-PT-MT0064DC0032/RF-10.smt2,unsat,0.004
/20220307-SMPT/SmallOperatingSystem-PT-MT0064DC0032/RF-08.smt2,unsat,0.004
/20220307-SMPT/SmallOperatingSystem-PT-MT0064DC0032/RC-08.smt2,sat,0.0074100494384765625
/20220307-SMPT/SmallOperatingSystem-PT-MT0064DC0032/RF-15.smt2,unsat,0.005
/20220307-SMPT/SmallOperatingSystem-PT-MT0064DC0032/RF-09.smt2,unsat,0.004
/20220307-SMPT/SmallOperatingSystem-PT-MT0064DC0032/RC-07.smt2,sat,0.007154941558837891
/20220307-SMPT/SmallOperatingSystem-PT-MT0064DC0032/RF-06.smt2,unsat,0.008
/20220307-SMPT/SmallOperatingSystem-PT-MT0064DC0032/RC-09.smt2,sat,0.00613093376159668
/20220307-SMPT/SmallOperatingSystem-PT-MT0064DC0032/RC-15.smt2,unsat,0.004
/20220307-SMPT/SmallOperatingSystem-PT-MT0064DC0032/RC-12.smt2,unsat,0.007077217102050781
/20220307-SMPT/SmallOperatingSystem-PT-MT0064DC0032/RF-14.smt2,unsat,0.006532430648803711
/20220307-SMPT/RobotManipulation-PT-00020/RC-02.smt2,sat,0.006641864776611328
/20220307-SMPT/RobotManipulation-PT-00020/RF-12.smt2,sat,0.00744175910949707
/20220307-SMPT/RobotManipulation-PT-00020/RC-03.smt2,sat,0.007904767990112305
/20220307-SMPT/RobotManipulation-PT-00020/RF-02.smt2,unsat,0.005630016326904297
/20220307-SMPT/RobotManipulation-PT-00020/RC-11.smt2,sat,0.006928205490112305
/20220307-SMPT/RobotManipulation-PT-00020/RF-03.smt2,unsat,0.0053064823150634766
/20220307-SMPT/RobotManipulation-PT-00020/RC-01.smt2,sat,0.009175539016723633
/20220307-SMPT/RobotManipulation-PT-00020/RF-00.smt2,unsat,0.005060911178588867
/20220307-SMPT/RobotManipulation-PT-00020/RC-04.smt2,unsat,0.006
/20220307-SMPT/RobotManipulation-PT-00020/RF-11.smt2,unsat,0.00945734977722168
/20220307-SMPT/RobotManipulation-PT-00020/RC-13.smt2,sat,0.010066747665405273
/20220307-SMPT/RobotManipulation-PT-00020/RC-06.smt2,unsat,0.01184844970703125
/20220307-SMPT/RobotManipulation-PT-00020/RC-14.smt2,sat,0.006550312042236328
/20220307-SMPT/RobotManipulation-PT-00020/RC-10.smt2,sat,0.007716178894042969
/20220307-SMPT/RobotManipulation-PT-00020/RF-04.smt2,sat,0.008523702621459961
/20220307-SMPT/RobotManipulation-PT-00020/RF-01.smt2,sat,0.009093761444091797
/20220307-SMPT/RobotManipulation-PT-00020/RF-13.smt2,sat,0.007899761199951172
/20220307-SMPT/RobotManipulation-PT-00020/RC-05.smt2,sat,0.008884668350219727
/20220307-SMPT/RobotManipulation-PT-00020/RC-00.smt2,sat,0.007796764373779297
/20220307-SMPT/RobotManipulation-PT-00020/RF-05.smt2,sat,0.008649349212646484
/20220307-SMPT/RobotManipulation-PT-00020/RF-07.smt2,unsat,0.006
/20220307-SMPT/RobotManipulation-PT-00020/RF-10.smt2,sat,0.008140325546264648
/20220307-SMPT/RobotManipulation-PT-00020/RF-08.smt2,unsat,0.0074918270111083984
/20220307-SMPT/RobotManipulation-PT-00020/RC-08.smt2,unsat,0.0055582523345947266
/20220307-SMPT/RobotManipulation-PT-00020/RF-15.smt2,unsat,0.007825136184692383
/20220307-SMPT/RobotManipulation-PT-00020/RF-09.smt2,sat,0.008448362350463867
/20220307-SMPT/RobotManipulation-PT-00020/RC-07.smt2,sat,0.009091377258300781
/20220307-SMPT/RobotManipulation-PT-00020/RF-06.smt2,sat,0.009183645248413086
/20220307-SMPT/RobotManipulation-PT-00020/RC-09.smt2,unsat,0.007879495620727539
/20220307-SMPT/RobotManipulation-PT-00020/RC-15.smt2,sat,0.008529186248779297
/20220307-SMPT/RobotManipulation-PT-00020/RC-12.smt2,sat,0.00863790512084961
/20220307-SMPT/RobotManipulation-PT-00020/RF-14.smt2,unsat,0.006
/20220307-SMPT/HouseConstruction-PT-00050/RC-02.smt2,sat,0.00782918930053711
/20220307-SMPT/HouseConstruction-PT-00050/RC-03.smt2,sat,0.010608911514282227
/20220307-SMPT/HouseConstruction-PT-00050/RC-11.smt2,sat,0.011078357696533203
/20220307-SMPT/HouseConstruction-PT-00050/RF-03.smt2,sat,0.010298728942871094
/20220307-SMPT/HouseConstruction-PT-00050/RC-01.smt2,sat,0.00854349136352539
/20220307-SMPT/HouseConstruction-PT-00050/RF-00.smt2,sat,0.008346319198608398
/20220307-SMPT/HouseConstruction-PT-00050/RC-04.smt2,sat,0.008402824401855469
/20220307-SMPT/HouseConstruction-PT-00050/RF-11.smt2,sat,0.008090496063232422
/20220307-SMPT/HouseConstruction-PT-00050/RC-13.smt2,sat,0.009043455123901367
/20220307-SMPT/HouseConstruction-PT-00050/RC-14.smt2,sat,0.009329080581665039
/20220307-SMPT/HouseConstruction-PT-00050/RC-10.smt2,sat,0.01069498062133789
/20220307-SMPT/HouseConstruction-PT-00050/RF-04.smt2,sat,0.010056495666503906
/20220307-SMPT/HouseConstruction-PT-00050/RF-01.smt2,sat,0.008718729019165039
/20220307-SMPT/HouseConstruction-PT-00050/RC-05.smt2,sat,0.008790016174316406
/20220307-SMPT/HouseConstruction-PT-00050/RC-00.smt2,sat,0.01006770133972168
/20220307-SMPT/HouseConstruction-PT-00050/RF-05.smt2,unsat,0.007
/20220307-SMPT/HouseConstruction-PT-00050/RF-07.smt2,sat,0.010441303253173828
/20220307-SMPT/HouseConstruction-PT-00050/RF-10.smt2,sat,0.009181022644042969
/20220307-SMPT/HouseConstruction-PT-00050/RF-08.smt2,unsat,0.00511622428894043
/20220307-SMPT/HouseConstruction-PT-00050/RC-08.smt2,sat,0.008380413055419922
/20220307-SMPT/HouseConstruction-PT-00050/RF-15.smt2,sat,0.010234355926513672
/20220307-SMPT/HouseConstruction-PT-00050/RF-09.smt2,unsat,0.0069735050201416016
/20220307-SMPT/HouseConstruction-PT-00050/RC-07.smt2,sat,0.010636329650878906
/20220307-SMPT/HouseConstruction-PT-00050/RF-06.smt2,sat,0.009330272674560547
/20220307-SMPT/HouseConstruction-PT-00050/RC-09.smt2,sat,0.019
/20220307-SMPT/HouseConstruction-PT-00050/RC-12.smt2,unsat,0.006181955337524414
/20220307-SMPT/Diffusion2D-PT-D30N150/RC-02.smt2,sat,0.11809897422790527
/20220307-SMPT/Diffusion2D-PT-D30N150/RF-12.smt2,sat,0.11976051330566406
/20220307-SMPT/Diffusion2D-PT-D30N150/RC-03.smt2,sat,0.11688423156738281
/20220307-SMPT/Diffusion2D-PT-D30N150/RF-02.smt2,sat,0.1187741756439209
/20220307-SMPT/Diffusion2D-PT-D30N150/RC-11.smt2,sat,0.12365102767944336
/20220307-SMPT/Diffusion2D-PT-D30N150/RF-03.smt2,sat,0.11869692802429199
/20220307-SMPT/Diffusion2D-PT-D30N150/RC-01.smt2,sat,0.11849522590637207
/20220307-SMPT/Diffusion2D-PT-D30N150/RF-00.smt2,sat,0.12549066543579102
/20220307-SMPT/Diffusion2D-PT-D30N150/RC-04.smt2,sat,0.12586092948913574
/20220307-SMPT/Diffusion2D-PT-D30N150/RF-11.smt2,sat,0.11585211753845215
/20220307-SMPT/Diffusion2D-PT-D30N150/RC-13.smt2,sat,0.11726903915405273
/20220307-SMPT/Diffusion2D-PT-D30N150/RC-06.smt2,sat,0.11854243278503418
/20220307-SMPT/Diffusion2D-PT-D30N150/RC-14.smt2,sat,0.12413763999938965
/20220307-SMPT/Diffusion2D-PT-D30N150/RC-10.smt2,sat,0.12013673782348633
/20220307-SMPT/Diffusion2D-PT-D30N150/RF-04.smt2,sat,0.11650991439819336
/20220307-SMPT/Diffusion2D-PT-D30N150/RF-01.smt2,sat,0.10983610153198242
/20220307-SMPT/Diffusion2D-PT-D30N150/RF-13.smt2,sat,0.12932252883911133
/20220307-SMPT/Diffusion2D-PT-D30N150/RC-05.smt2,sat,0.12369298934936523
/20220307-SMPT/Diffusion2D-PT-D30N150/RC-00.smt2,sat,0.11424970626831055
/20220307-SMPT/Diffusion2D-PT-D30N150/RF-05.smt2,sat,0.12839746475219727
/20220307-SMPT/Diffusion2D-PT-D30N150/RF-07.smt2,sat,0.1149446964263916
/20220307-SMPT/Diffusion2D-PT-D30N150/RF-10.smt2,sat,0.12465453147888184
/20220307-SMPT/Diffusion2D-PT-D30N150/RF-08.smt2,sat,0.1101236343383789
/20220307-SMPT/Diffusion2D-PT-D30N150/RC-08.smt2,sat,0.12994909286499023
/20220307-SMPT/Diffusion2D-PT-D30N150/RF-15.smt2,sat,0.12198352813720703
/20220307-SMPT/Diffusion2D-PT-D30N150/RF-09.smt2,sat,0.10975837707519531
/20220307-SMPT/Diffusion2D-PT-D30N150/RC-07.smt2,sat,0.11675786972045898
/20220307-SMPT/Diffusion2D-PT-D30N150/RF-06.smt2,sat,0.11762785911560059
/20220307-SMPT/Diffusion2D-PT-D30N150/RC-09.smt2,sat,0.12845611572265625
/20220307-SMPT/Diffusion2D-PT-D30N150/RC-15.smt2,sat,0.1321251392364502
/20220307-SMPT/Diffusion2D-PT-D30N150/RC-12.smt2,sat,0.1331326961517334
/20220307-SMPT/Diffusion2D-PT-D30N150/RF-14.smt2,sat,0.11298179626464844
/20220307-SMPT/RwMutex-PT-r1000w0010/RC-02.smt2,unsat,0.18428540229797363
/20220307-SMPT/RwMutex-PT-r1000w0010/RF-12.smt2,sat,0.39525914192199707
/20220307-SMPT/RwMutex-PT-r1000w0010/RC-03.smt2,unsat,0.2871720790863037
/20220307-SMPT/RwMutex-PT-r1000w0010/RF-02.smt2,sat,0.44933414459228516
/20220307-SMPT/RwMutex-PT-r1000w0010/RC-11.smt2,unsat,0.16364598274230957
/20220307-SMPT/RwMutex-PT-r1000w0010/RF-03.smt2,sat,0.4261760711669922
/20220307-SMPT/RwMutex-PT-r1000w0010/RC-01.smt2,unsat,0.18060564994812012
/20220307-SMPT/RwMutex-PT-r1000w0010/RF-00.smt2,sat,0.4139254093170166
/20220307-SMPT/RwMutex-PT-r1000w0010/RC-04.smt2,sat,0.46935153007507324
/20220307-SMPT/RwMutex-PT-r1000w0010/RF-11.smt2,sat,0.44643425941467285
/20220307-SMPT/RwMutex-PT-r1000w0010/RC-13.smt2,sat,0.3057575225830078
/20220307-SMPT/RwMutex-PT-r1000w0010/RC-06.smt2,sat,0.46175122261047363
/20220307-SMPT/RwMutex-PT-r1000w0010/RC-14.smt2,unsat,0.3536388874053955
/20220307-SMPT/RwMutex-PT-r1000w0010/RC-10.smt2,sat,0.3325498104095459
/20220307-SMPT/RwMutex-PT-r1000w0010/RF-04.smt2,sat,0.41355109214782715
/20220307-SMPT/RwMutex-PT-r1000w0010/RF-01.smt2,sat,0.44020581245422363
/20220307-SMPT/RwMutex-PT-r1000w0010/RF-13.smt2,sat,0.4100310802459717
/20220307-SMPT/RwMutex-PT-r1000w0010/RC-05.smt2,unsat,0.2137773036956787
/20220307-SMPT/RwMutex-PT-r1000w0010/RC-00.smt2,sat,0.4178147315979004
/20220307-SMPT/RwMutex-PT-r1000w0010/RF-05.smt2,sat,0.46474337577819824
/20220307-SMPT/RwMutex-PT-r1000w0010/RF-07.smt2,sat,0.39829587936401367
/20220307-SMPT/RwMutex-PT-r1000w0010/RF-10.smt2,sat,0.4244117736816406
/20220307-SMPT/RwMutex-PT-r1000w0010/RF-08.smt2,sat,0.4058809280395508
/20220307-SMPT/RwMutex-PT-r1000w0010/RC-08.smt2,sat,0.4728102684020996
/20220307-SMPT/RwMutex-PT-r1000w0010/RF-15.smt2,sat,0.3789989948272705
/20220307-SMPT/RwMutex-PT-r1000w0010/RF-09.smt2,sat,0.3977351188659668
/20220307-SMPT/RwMutex-PT-r1000w0010/RC-07.smt2,unsat,0.1804189682006836
/20220307-SMPT/RwMutex-PT-r1000w0010/RF-06.smt2,sat,0.3741035461425781
/20220307-SMPT/RwMutex-PT-r1000w0010/RC-09.smt2,unsat,0.17182064056396484
/20220307-SMPT/RwMutex-PT-r1000w0010/RC-15.smt2,sat,0.43253064155578613
/20220307-SMPT/RwMutex-PT-r1000w0010/RC-12.smt2,unsat,0.17682886123657227
/20220307-SMPT/RwMutex-PT-r1000w0010/RF-14.smt2,sat,0.37337327003479004
/20220307-SMPT/RobotManipulation-PT-00050/RC-02.smt2,sat,0.00843358039855957
/20220307-SMPT/RobotManipulation-PT-00050/RF-12.smt2,unsat,0.005
/20220307-SMPT/RobotManipulation-PT-00050/RC-03.smt2,unsat,0.006
/20220307-SMPT/RobotManipulation-PT-00050/RF-02.smt2,sat,0.008207559585571289
/20220307-SMPT/RobotManipulation-PT-00050/RC-11.smt2,sat,0.00901031494140625
/20220307-SMPT/RobotManipulation-PT-00050/RF-03.smt2,sat,0.013
/20220307-SMPT/RobotManipulation-PT-00050/RC-01.smt2,sat,0.00795435905456543
/20220307-SMPT/RobotManipulation-PT-00050/RF-00.smt2,sat,0.007145881652832031
/20220307-SMPT/RobotManipulation-PT-00050/RC-04.smt2,unsat,0.009578943252563477
/20220307-SMPT/RobotManipulation-PT-00050/RF-11.smt2,sat,0.007463216781616211
/20220307-SMPT/RobotManipulation-PT-00050/RC-13.smt2,sat,0.00741124153137207
/20220307-SMPT/RobotManipulation-PT-00050/RC-06.smt2,unsat,0.00762486457824707
/20220307-SMPT/RobotManipulation-PT-00050/RC-14.smt2,sat,0.008962392807006836
/20220307-SMPT/RobotManipulation-PT-00050/RC-10.smt2,unsat,0.007092952728271484
/20220307-SMPT/RobotManipulation-PT-00050/RF-04.smt2,sat,0.0081024169921875
/20220307-SMPT/RobotManipulation-PT-00050/RF-01.smt2,unsat,0.005
/20220307-SMPT/RobotManipulation-PT-00050/RF-13.smt2,sat,0.007898807525634766
/20220307-SMPT/RobotManipulation-PT-00050/RC-05.smt2,sat,0.007910966873168945
/20220307-SMPT/RobotManipulation-PT-00050/RC-00.smt2,unsat,0.009603500366210938
/20220307-SMPT/RobotManipulation-PT-00050/RF-05.smt2,unsat,0.005579948425292969
/20220307-SMPT/RobotManipulation-PT-00050/RF-07.smt2,unsat,0.005
/20220307-SMPT/RobotManipulation-PT-00050/RF-10.smt2,unsat,0.006491184234619141
/20220307-SMPT/RobotManipulation-PT-00050/RF-08.smt2,unsat,0.006
/20220307-SMPT/RobotManipulation-PT-00050/RC-08.smt2,sat,0.00919342041015625
/20220307-SMPT/RobotManipulation-PT-00050/RF-15.smt2,sat,0.011246681213378906
/20220307-SMPT/RobotManipulation-PT-00050/RF-09.smt2,unsat,0.006
/20220307-SMPT/RobotManipulation-PT-00050/RC-07.smt2,sat,0.008783340454101562
/20220307-SMPT/RobotManipulation-PT-00050/RC-09.smt2,sat,0.007764339447021484
/20220307-SMPT/RobotManipulation-PT-00050/RC-15.smt2,sat,0.008375406265258789
/20220307-SMPT/RobotManipulation-PT-00050/RC-12.smt2,sat,0.008518457412719727
/20220307-SMPT/RobotManipulation-PT-00050/RF-14.smt2,sat,0.007612705230712891
/20220307-SMPT/SmallOperatingSystem-PT-MT4096DC1024/RC-02.smt2,sat,0.007242441177368164
/20220307-SMPT/SmallOperatingSystem-PT-MT4096DC1024/RF-12.smt2,sat,0.005991220474243164
/20220307-SMPT/SmallOperatingSystem-PT-MT4096DC1024/RC-03.smt2,sat,0.006278038024902344
/20220307-SMPT/SmallOperatingSystem-PT-MT4096DC1024/RF-02.smt2,sat,0.007607460021972656
/20220307-SMPT/SmallOperatingSystem-PT-MT4096DC1024/RC-11.smt2,sat,0.006430149078369141
/20220307-SMPT/SmallOperatingSystem-PT-MT4096DC1024/RF-03.smt2,unsat,0.004
/20220307-SMPT/SmallOperatingSystem-PT-MT4096DC1024/RC-01.smt2,sat,0.006247758865356445
/20220307-SMPT/SmallOperatingSystem-PT-MT4096DC1024/RF-00.smt2,sat,0.007727861404418945
/20220307-SMPT/SmallOperatingSystem-PT-MT4096DC1024/RC-04.smt2,sat,0.007824897766113281
/20220307-SMPT/SmallOperatingSystem-PT-MT4096DC1024/RC-13.smt2,unsat,0.005979299545288086
/20220307-SMPT/SmallOperatingSystem-PT-MT4096DC1024/RC-06.smt2,sat,0.007680177688598633
/20220307-SMPT/SmallOperatingSystem-PT-MT4096DC1024/RC-14.smt2,unsat,0.00652313232421875
/20220307-SMPT/SmallOperatingSystem-PT-MT4096DC1024/RC-10.smt2,unsat,0.004
/20220307-SMPT/SmallOperatingSystem-PT-MT4096DC1024/RF-04.smt2,sat,0.006314754486083984
/20220307-SMPT/SmallOperatingSystem-PT-MT4096DC1024/RF-01.smt2,sat,0.007766008377075195
/20220307-SMPT/SmallOperatingSystem-PT-MT4096DC1024/RC-05.smt2,sat,0.006597280502319336
/20220307-SMPT/SmallOperatingSystem-PT-MT4096DC1024/RC-00.smt2,sat,0.006246805191040039
/20220307-SMPT/SmallOperatingSystem-PT-MT4096DC1024/RF-05.smt2,sat,0.00606846809387207
/20220307-SMPT/SmallOperatingSystem-PT-MT4096DC1024/RF-07.smt2,sat,0.006863832473754883
/20220307-SMPT/SmallOperatingSystem-PT-MT4096DC1024/RF-10.smt2,sat,0.006195068359375
/20220307-SMPT/SmallOperatingSystem-PT-MT4096DC1024/RF-08.smt2,sat,0.008483648300170898
/20220307-SMPT/SmallOperatingSystem-PT-MT4096DC1024/RC-08.smt2,unsat,0.0074748992919921875
/20220307-SMPT/SmallOperatingSystem-PT-MT4096DC1024/RF-15.smt2,sat,0.008142232894897461
/20220307-SMPT/SmallOperatingSystem-PT-MT4096DC1024/RF-09.smt2,sat,0.009
/20220307-SMPT/SmallOperatingSystem-PT-MT4096DC1024/RC-07.smt2,sat,0.006162881851196289
/20220307-SMPT/SmallOperatingSystem-PT-MT4096DC1024/RC-09.smt2,sat,0.008570671081542969
/20220307-SMPT/SmallOperatingSystem-PT-MT4096DC1024/RC-15.smt2,sat,0.008153438568115234
/20220307-SMPT/SmallOperatingSystem-PT-MT4096DC1024/RC-12.smt2,sat,0.0066721439361572266
/20220307-SMPT/SmallOperatingSystem-PT-MT4096DC1024/RF-14.smt2,unsat,0.004
/20220307-SMPT/BART-PT-020/RC-02.smt2,unsat,0.15078115463256836
/20220307-SMPT/BART-PT-020/RF-12.smt2,sat,0.3378586769104004
/20220307-SMPT/BART-PT-020/RC-03.smt2,unsat,0.07063817977905273
/20220307-SMPT/BART-PT-020/RF-02.smt2,sat,0.3672189712524414
/20220307-SMPT/BART-PT-020/RC-11.smt2,sat,0.3554878234863281
/20220307-SMPT/BART-PT-020/RF-03.smt2,sat,0.40669894218444824
/20220307-SMPT/BART-PT-020/RC-01.smt2,sat,0.41437721252441406
/20220307-SMPT/BART-PT-020/RF-00.smt2,sat,0.4030284881591797
/20220307-SMPT/BART-PT-020/RC-04.smt2,sat,0.4051837921142578
/20220307-SMPT/BART-PT-020/RF-11.smt2,sat,0.3996455669403076
/20220307-SMPT/BART-PT-020/RC-13.smt2,sat,0.4054090976715088
/20220307-SMPT/BART-PT-020/RC-06.smt2,sat,0.4330272674560547
/20220307-SMPT/BART-PT-020/RC-14.smt2,sat,0.4092864990234375
/20220307-SMPT/BART-PT-020/RC-10.smt2,unsat,0.1535167694091797
/20220307-SMPT/BART-PT-020/RF-04.smt2,sat,0.41394686698913574
/20220307-SMPT/BART-PT-020/RF-01.smt2,sat,0.40036463737487793
/20220307-SMPT/BART-PT-020/RF-13.smt2,sat,0.3958141803741455
/20220307-SMPT/BART-PT-020/RC-05.smt2,unsat,0.1250901222229004
/20220307-SMPT/BART-PT-020/RC-00.smt2,unsat,0.12377262115478516
/20220307-SMPT/BART-PT-020/RF-05.smt2,sat,0.38666510581970215
/20220307-SMPT/BART-PT-020/RF-07.smt2,sat,0.3453788757324219
/20220307-SMPT/BART-PT-020/RF-10.smt2,sat,0.4435698986053467
/20220307-SMPT/BART-PT-020/RF-08.smt2,sat,0.4140493869781494
/20220307-SMPT/BART-PT-020/RC-08.smt2,unsat,0.13031315803527832
/20220307-SMPT/BART-PT-020/RF-15.smt2,sat,0.4223330020904541
/20220307-SMPT/BART-PT-020/RF-09.smt2,sat,0.3759784698486328
/20220307-SMPT/BART-PT-020/RC-07.smt2,sat,0.39383912086486816
/20220307-SMPT/BART-PT-020/RF-06.smt2,sat,0.46085286140441895
/20220307-SMPT/BART-PT-020/RC-09.smt2,sat,0.37643885612487793
/20220307-SMPT/BART-PT-020/RC-15.smt2,sat,0.41812920570373535
/20220307-SMPT/BART-PT-020/RC-12.smt2,unsat,0.1337285041809082
/20220307-SMPT/BART-PT-020/RF-14.smt2,sat,0.3875143527984619
/20220307-SMPT/Referendum-PT-010/RC-02.smt2,unsat,0.008853673934936523
/20220307-SMPT/Referendum-PT-010/RF-12.smt2,unsat,0.006169319152832031
/20220307-SMPT/Referendum-PT-010/RC-03.smt2,unsat,0.005942821502685547
/20220307-SMPT/Referendum-PT-010/RF-02.smt2,sat,0.008269071578979492
/20220307-SMPT/Referendum-PT-010/RC-11.smt2,unsat,0.007941484451293945
/20220307-SMPT/Referendum-PT-010/RF-03.smt2,unsat,0.006273984909057617
/20220307-SMPT/Referendum-PT-010/RC-01.smt2,sat,0.01062321662902832
/20220307-SMPT/Referendum-PT-010/RF-00.smt2,unsat,0.009481191635131836
/20220307-SMPT/Referendum-PT-010/RC-04.smt2,unsat,0.006465435028076172
/20220307-SMPT/Referendum-PT-010/RF-11.smt2,unsat,0.009029388427734375
/20220307-SMPT/Referendum-PT-010/RC-13.smt2,unsat,0.008370637893676758
/20220307-SMPT/Referendum-PT-010/RC-06.smt2,unsat,0.006628513336181641
/20220307-SMPT/Referendum-PT-010/RC-14.smt2,unsat,0.009604454040527344
/20220307-SMPT/Referendum-PT-010/RC-10.smt2,unsat,0.009691715240478516
/20220307-SMPT/Referendum-PT-010/RF-04.smt2,sat,0.008608579635620117
/20220307-SMPT/Referendum-PT-010/RF-01.smt2,unsat,0.0066225528717041016
/20220307-SMPT/Referendum-PT-010/RF-13.smt2,unsat,0.005522251129150391
/20220307-SMPT/Referendum-PT-010/RC-05.smt2,sat,0.01090383529663086
/20220307-SMPT/Referendum-PT-010/RC-00.smt2,unsat,0.010329008102416992
/20220307-SMPT/Referendum-PT-010/RF-05.smt2,unsat,0.008
/20220307-SMPT/Referendum-PT-010/RF-07.smt2,unsat,0.006016254425048828
/20220307-SMPT/Referendum-PT-010/RF-10.smt2,unsat,0.010196447372436523
/20220307-SMPT/Referendum-PT-010/RF-08.smt2,unsat,0.006360530853271484
/20220307-SMPT/Referendum-PT-010/RC-08.smt2,unsat,0.00787806510925293
/20220307-SMPT/Referendum-PT-010/RF-15.smt2,sat,0.007881402969360352
/20220307-SMPT/Referendum-PT-010/RF-09.smt2,unsat,0.006485700607299805
/20220307-SMPT/Referendum-PT-010/RC-07.smt2,unsat,0.00661015510559082
/20220307-SMPT/Referendum-PT-010/RF-06.smt2,unsat,0.008
/20220307-SMPT/Referendum-PT-010/RC-09.smt2,unsat,0.010045528411865234
/20220307-SMPT/Referendum-PT-010/RC-15.smt2,unsat,0.012707710266113281
/20220307-SMPT/Referendum-PT-010/RC-12.smt2,unsat,0.009042501449584961
/20220307-SMPT/Referendum-PT-010/RF-14.smt2,sat,0.008746147155761719
/20220307-SMPT/RwMutex-PT-r0500w0010/RC-02.smt2,unsat,0.1687014102935791
/20220307-SMPT/RwMutex-PT-r0500w0010/RF-12.smt2,sat,0.8435354232788086
/20220307-SMPT/RwMutex-PT-r0500w0010/RC-03.smt2,unsat,0.16790390014648438
/20220307-SMPT/RwMutex-PT-r0500w0010/RF-02.smt2,sat,0.8213727474212646
/20220307-SMPT/RwMutex-PT-r0500w0010/RC-11.smt2,unsat,0.7131240367889404
/20220307-SMPT/RwMutex-PT-r0500w0010/RF-03.smt2,sat,0.6983785629272461
/20220307-SMPT/RwMutex-PT-r0500w0010/RC-01.smt2,unsat,0.15598821640014648
/20220307-SMPT/RwMutex-PT-r0500w0010/RF-00.smt2,sat,0.8392000198364258
/20220307-SMPT/RwMutex-PT-r0500w0010/RC-04.smt2,sat,0.7033607959747314
/20220307-SMPT/RwMutex-PT-r0500w0010/RF-11.smt2,sat,0.9664676189422607
/20220307-SMPT/RwMutex-PT-r0500w0010/RC-13.smt2,unsat,0.15164780616760254
/20220307-SMPT/RwMutex-PT-r0500w0010/RC-06.smt2,sat,0.6619906425476074
/20220307-SMPT/RwMutex-PT-r0500w0010/RC-14.smt2,unsat,0.18018627166748047
/20220307-SMPT/RwMutex-PT-r0500w0010/RC-10.smt2,unsat,0.15285420417785645
/20220307-SMPT/RwMutex-PT-r0500w0010/RF-04.smt2,sat,0.7519497871398926
/20220307-SMPT/RwMutex-PT-r0500w0010/RF-01.smt2,sat,0.8481965065002441
/20220307-SMPT/RwMutex-PT-r0500w0010/RF-13.smt2,sat,0.8099634647369385
/20220307-SMPT/RwMutex-PT-r0500w0010/RC-05.smt2,sat,0.8402600288391113
/20220307-SMPT/RwMutex-PT-r0500w0010/RC-00.smt2,sat,0.8388681411743164
/20220307-SMPT/RwMutex-PT-r0500w0010/RF-05.smt2,sat,0.9022469520568848
/20220307-SMPT/RwMutex-PT-r0500w0010/RF-07.smt2,sat,0.8323299884796143
/20220307-SMPT/RwMutex-PT-r0500w0010/RF-10.smt2,sat,0.8224527835845947
/20220307-SMPT/RwMutex-PT-r0500w0010/RF-08.smt2,sat,0.8212361335754395
/20220307-SMPT/RwMutex-PT-r0500w0010/RC-08.smt2,unsat,0.6986265182495117
/20220307-SMPT/RwMutex-PT-r0500w0010/RF-15.smt2,sat,0.8518691062927246
/20220307-SMPT/RwMutex-PT-r0500w0010/RF-09.smt2,sat,0.8511691093444824
/20220307-SMPT/RwMutex-PT-r0500w0010/RC-07.smt2,unsat,0.17527103424072266
/20220307-SMPT/RwMutex-PT-r0500w0010/RF-06.smt2,sat,0.8687341213226318
/20220307-SMPT/RwMutex-PT-r0500w0010/RC-09.smt2,unsat,0.14066314697265625
/20220307-SMPT/RwMutex-PT-r0500w0010/RC-15.smt2,unsat,0.15571928024291992
/20220307-SMPT/RwMutex-PT-r0500w0010/RC-12.smt2,unsat,0.8527910709381104
/20220307-SMPT/RwMutex-PT-r0500w0010/RF-14.smt2,sat,0.7452437877655029
/20220307-SMPT/HouseConstruction-PT-00100/RC-02.smt2,unsat,0.007
/20220307-SMPT/HouseConstruction-PT-00100/RC-03.smt2,sat,0.008677244186401367
/20220307-SMPT/HouseConstruction-PT-00100/RF-02.smt2,sat,0.009810447692871094
/20220307-SMPT/HouseConstruction-PT-00100/RC-11.smt2,sat,0.008062124252319336
/20220307-SMPT/HouseConstruction-PT-00100/RC-01.smt2,sat,0.015313386917114258
/20220307-SMPT/HouseConstruction-PT-00100/RF-00.smt2,sat,0.008147954940795898
/20220307-SMPT/HouseConstruction-PT-00100/RC-04.smt2,sat,0.00865793228149414
/20220307-SMPT/HouseConstruction-PT-00100/RF-11.smt2,sat,0.008635759353637695
/20220307-SMPT/HouseConstruction-PT-00100/RC-13.smt2,sat,0.00971674919128418
/20220307-SMPT/HouseConstruction-PT-00100/RC-06.smt2,sat,0.008060932159423828
/20220307-SMPT/HouseConstruction-PT-00100/RC-14.smt2,sat,0.010651111602783203
/20220307-SMPT/HouseConstruction-PT-00100/RC-10.smt2,sat,0.012238264083862305
/20220307-SMPT/HouseConstruction-PT-00100/RF-04.smt2,sat,0.009774208068847656
/20220307-SMPT/HouseConstruction-PT-00100/RF-01.smt2,sat,0.0088958740234375
/20220307-SMPT/HouseConstruction-PT-00100/RF-13.smt2,sat,0.009849071502685547
/20220307-SMPT/HouseConstruction-PT-00100/RC-05.smt2,unsat,0.007
/20220307-SMPT/HouseConstruction-PT-00100/RC-00.smt2,sat,0.017
/20220307-SMPT/HouseConstruction-PT-00100/RF-05.smt2,sat,0.010203123092651367
/20220307-SMPT/HouseConstruction-PT-00100/RF-07.smt2,unsat,0.007453441619873047
/20220307-SMPT/HouseConstruction-PT-00100/RF-08.smt2,sat,0.009107351303100586
/20220307-SMPT/HouseConstruction-PT-00100/RC-08.smt2,sat,0.010257482528686523
/20220307-SMPT/HouseConstruction-PT-00100/RF-15.smt2,sat,0.007912874221801758
/20220307-SMPT/HouseConstruction-PT-00100/RF-09.smt2,sat,0.01107931137084961
/20220307-SMPT/HouseConstruction-PT-00100/RC-07.smt2,unsat,0.006304740905761719
/20220307-SMPT/HouseConstruction-PT-00100/RF-06.smt2,sat,0.0107421875
/20220307-SMPT/HouseConstruction-PT-00100/RC-09.smt2,sat,0.011249780654907227
/20220307-SMPT/HouseConstruction-PT-00100/RC-15.smt2,sat,0.00802302360534668
/20220307-SMPT/HouseConstruction-PT-00100/RC-12.smt2,sat,0.008391857147216797
/20220307-SMPT/HouseConstruction-PT-00100/RF-14.smt2,sat,0.01062917709350586
/20220307-SMPT/Diffusion2D-PT-D50N150/RC-02.smt2,sat,0.39230895042419434
/20220307-SMPT/Diffusion2D-PT-D50N150/RF-12.smt2,sat,0.3470439910888672
/20220307-SMPT/Diffusion2D-PT-D50N150/RC-03.smt2,sat,0.35454535484313965
/20220307-SMPT/Diffusion2D-PT-D50N150/RF-02.smt2,sat,0.3976480960845947
/20220307-SMPT/Diffusion2D-PT-D50N150/RC-11.smt2,sat,0.3876760005950928
/20220307-SMPT/Diffusion2D-PT-D50N150/RF-03.smt2,sat,0.35520339012145996
/20220307-SMPT/Diffusion2D-PT-D50N150/RC-01.smt2,sat,0.32869505882263184
/20220307-SMPT/Diffusion2D-PT-D50N150/RF-00.smt2,sat,0.3823697566986084
/20220307-SMPT/Diffusion2D-PT-D50N150/RC-04.smt2,sat,0.3672332763671875
/20220307-SMPT/Diffusion2D-PT-D50N150/RF-11.smt2,sat,0.34946751594543457
/20220307-SMPT/Diffusion2D-PT-D50N150/RC-13.smt2,sat,0.4122300148010254
/20220307-SMPT/Diffusion2D-PT-D50N150/RC-06.smt2,sat,0.35105133056640625
/20220307-SMPT/Diffusion2D-PT-D50N150/RC-14.smt2,sat,0.42284250259399414
/20220307-SMPT/Diffusion2D-PT-D50N150/RC-10.smt2,sat,0.36580801010131836
/20220307-SMPT/Diffusion2D-PT-D50N150/RF-04.smt2,sat,0.322648286819458
/20220307-SMPT/Diffusion2D-PT-D50N150/RF-01.smt2,sat,0.33676671981811523
/20220307-SMPT/Diffusion2D-PT-D50N150/RF-13.smt2,sat,0.41106128692626953
/20220307-SMPT/Diffusion2D-PT-D50N150/RC-05.smt2,sat,0.37334322929382324
/20220307-SMPT/Diffusion2D-PT-D50N150/RC-00.smt2,sat,0.3625187873840332
/20220307-SMPT/Diffusion2D-PT-D50N150/RF-05.smt2,sat,0.37699317932128906
/20220307-SMPT/Diffusion2D-PT-D50N150/RF-07.smt2,sat,0.3535306453704834
/20220307-SMPT/Diffusion2D-PT-D50N150/RF-10.smt2,sat,0.3202629089355469
/20220307-SMPT/Diffusion2D-PT-D50N150/RF-08.smt2,sat,0.309450626373291
/20220307-SMPT/Diffusion2D-PT-D50N150/RC-08.smt2,sat,0.36403894424438477
/20220307-SMPT/Diffusion2D-PT-D50N150/RF-15.smt2,sat,0.331571102142334
/20220307-SMPT/Diffusion2D-PT-D50N150/RF-09.smt2,sat,0.36418604850769043
/20220307-SMPT/Diffusion2D-PT-D50N150/RC-07.smt2,sat,0.3406188488006592
/20220307-SMPT/Diffusion2D-PT-D50N150/RF-06.smt2,sat,0.37371826171875
/20220307-SMPT/Diffusion2D-PT-D50N150/RC-09.smt2,sat,0.3236052989959717
/20220307-SMPT/Diffusion2D-PT-D50N150/RC-15.smt2,sat,0.33036088943481445
/20220307-SMPT/Diffusion2D-PT-D50N150/RC-12.smt2,sat,0.36485934257507324
/20220307-SMPT/Diffusion2D-PT-D50N150/RF-14.smt2,sat,0.37817955017089844
/20220307-SMPT/RobotManipulation-PT-00005/RC-02.smt2,sat,0.0076978206634521484
/20220307-SMPT/RobotManipulation-PT-00005/RF-12.smt2,unsat,0.005
/20220307-SMPT/RobotManipulation-PT-00005/RC-03.smt2,sat,0.014
/20220307-SMPT/RobotManipulation-PT-00005/RF-02.smt2,sat,0.007757902145385742
/20220307-SMPT/RobotManipulation-PT-00005/RC-11.smt2,unsat,0.008351802825927734
/20220307-SMPT/RobotManipulation-PT-00005/RF-03.smt2,sat,0.009463310241699219
/20220307-SMPT/RobotManipulation-PT-00005/RC-01.smt2,sat,0.008935928344726562
/20220307-SMPT/RobotManipulation-PT-00005/RF-00.smt2,sat,0.008679866790771484
/20220307-SMPT/RobotManipulation-PT-00005/RC-04.smt2,unsat,0.008831501007080078
/20220307-SMPT/RobotManipulation-PT-00005/RF-11.smt2,unsat,0.005835056304931641
/20220307-SMPT/RobotManipulation-PT-00005/RC-06.smt2,sat,0.008393049240112305
/20220307-SMPT/RobotManipulation-PT-00005/RC-14.smt2,sat,0.007602214813232422
/20220307-SMPT/RobotManipulation-PT-00005/RC-10.smt2,sat,0.007666349411010742
/20220307-SMPT/RobotManipulation-PT-00005/RF-04.smt2,unsat,0.005
/20220307-SMPT/RobotManipulation-PT-00005/RF-01.smt2,sat,0.008305549621582031
/20220307-SMPT/RobotManipulation-PT-00005/RF-13.smt2,unsat,0.005
/20220307-SMPT/RobotManipulation-PT-00005/RC-05.smt2,sat,0.008628368377685547
/20220307-SMPT/RobotManipulation-PT-00005/RC-00.smt2,sat,0.008851289749145508
/20220307-SMPT/RobotManipulation-PT-00005/RF-05.smt2,unsat,0.006
/20220307-SMPT/RobotManipulation-PT-00005/RF-07.smt2,sat,0.007718086242675781
/20220307-SMPT/RobotManipulation-PT-00005/RF-10.smt2,unsat,0.006
/20220307-SMPT/RobotManipulation-PT-00005/RF-08.smt2,unsat,0.005
/20220307-SMPT/RobotManipulation-PT-00005/RC-08.smt2,sat,0.007814407348632812
/20220307-SMPT/RobotManipulation-PT-00005/RF-15.smt2,sat,0.00823664665222168
/20220307-SMPT/RobotManipulation-PT-00005/RF-09.smt2,sat,0.0068819522857666016
/20220307-SMPT/RobotManipulation-PT-00005/RC-07.smt2,sat,0.008806228637695312
/20220307-SMPT/RobotManipulation-PT-00005/RF-06.smt2,sat,0.009320974349975586
/20220307-SMPT/RobotManipulation-PT-00005/RC-09.smt2,sat,0.007343769073486328
/20220307-SMPT/RobotManipulation-PT-00005/RC-15.smt2,sat,0.009104490280151367
/20220307-SMPT/RobotManipulation-PT-00005/RC-12.smt2,unsat,0.010172843933105469
/20220307-SMPT/RobotManipulation-PT-00005/RF-14.smt2,sat,0.007748126983642578
/20220307-SMPT/MAPK-PT-05120/RC-02.smt2,unsat,0.007353782653808594
/20220307-SMPT/MAPK-PT-05120/RF-12.smt2,sat,0.00868535041809082
/20220307-SMPT/MAPK-PT-05120/RC-03.smt2,unsat,0.005986213684082031
/20220307-SMPT/MAPK-PT-05120/RF-02.smt2,unsat,0.006829500198364258
/20220307-SMPT/MAPK-PT-05120/RC-11.smt2,sat,0.009183168411254883
/20220307-SMPT/MAPK-PT-05120/RF-03.smt2,unsat,0.006639242172241211
/20220307-SMPT/MAPK-PT-05120/RC-01.smt2,sat,0.01015162467956543
/20220307-SMPT/MAPK-PT-05120/RF-00.smt2,unsat,0.00597381591796875
/20220307-SMPT/MAPK-PT-05120/RC-04.smt2,sat,0.007940530776977539
/20220307-SMPT/MAPK-PT-05120/RF-11.smt2,sat,0.009530782699584961
/20220307-SMPT/MAPK-PT-05120/RC-13.smt2,sat,0.008800029754638672
/20220307-SMPT/MAPK-PT-05120/RC-06.smt2,sat,0.010392904281616211
/20220307-SMPT/MAPK-PT-05120/RC-14.smt2,sat,0.009246349334716797
/20220307-SMPT/MAPK-PT-05120/RC-10.smt2,sat,0.008952140808105469
/20220307-SMPT/MAPK-PT-05120/RF-04.smt2,sat,0.009872913360595703
/20220307-SMPT/MAPK-PT-05120/RF-01.smt2,sat,0.009080886840820312
/20220307-SMPT/MAPK-PT-05120/RF-13.smt2,sat,0.009413480758666992
/20220307-SMPT/MAPK-PT-05120/RC-05.smt2,sat,0.008517265319824219
/20220307-SMPT/MAPK-PT-05120/RC-00.smt2,sat,0.009349346160888672
/20220307-SMPT/MAPK-PT-05120/RF-05.smt2,unsat,0.004975318908691406
/20220307-SMPT/MAPK-PT-05120/RF-07.smt2,sat,0.010366439819335938
/20220307-SMPT/MAPK-PT-05120/RF-10.smt2,sat,0.008997201919555664
/20220307-SMPT/MAPK-PT-05120/RF-08.smt2,sat,0.01084589958190918
/20220307-SMPT/MAPK-PT-05120/RC-08.smt2,sat,0.009346246719360352
/20220307-SMPT/MAPK-PT-05120/RF-15.smt2,sat,0.008836030960083008
/20220307-SMPT/MAPK-PT-05120/RC-07.smt2,sat,0.008718490600585938
/20220307-SMPT/MAPK-PT-05120/RF-06.smt2,sat,0.008974552154541016
/20220307-SMPT/MAPK-PT-05120/RC-09.smt2,sat,0.008654356002807617
/20220307-SMPT/MAPK-PT-05120/RC-15.smt2,sat,0.00816202163696289
/20220307-SMPT/MAPK-PT-05120/RC-12.smt2,sat,0.010129451751708984
/20220307-SMPT/SwimmingPool-PT-07/RC-02.smt2,sat,0.006
/20220307-SMPT/SwimmingPool-PT-07/RF-12.smt2,unsat,0.004
/20220307-SMPT/SwimmingPool-PT-07/RC-03.smt2,sat,0.008
/20220307-SMPT/SwimmingPool-PT-07/RF-02.smt2,sat,0.006
/20220307-SMPT/SwimmingPool-PT-07/RC-11.smt2,sat,0.00610661506652832
/20220307-SMPT/SwimmingPool-PT-07/RF-03.smt2,sat,0.007
/20220307-SMPT/SwimmingPool-PT-07/RC-01.smt2,sat,0.007
/20220307-SMPT/SwimmingPool-PT-07/RF-00.smt2,sat,0.007
/20220307-SMPT/SwimmingPool-PT-07/RC-04.smt2,sat,0.006
/20220307-SMPT/SwimmingPool-PT-07/RC-13.smt2,unsat,0.004
/20220307-SMPT/SwimmingPool-PT-07/RC-06.smt2,sat,0.007334232330322266
/20220307-SMPT/SwimmingPool-PT-07/RC-14.smt2,sat,0.008
/20220307-SMPT/SwimmingPool-PT-07/RC-10.smt2,sat,0.006
/20220307-SMPT/SwimmingPool-PT-07/RF-04.smt2,unsat,0.004
/20220307-SMPT/SwimmingPool-PT-07/RF-01.smt2,sat,0.006
/20220307-SMPT/SwimmingPool-PT-07/RC-05.smt2,sat,0.00547337532043457
/20220307-SMPT/SwimmingPool-PT-07/RC-00.smt2,sat,0.0057065486907958984
/20220307-SMPT/SwimmingPool-PT-07/RF-10.smt2,sat,0.006
/20220307-SMPT/SwimmingPool-PT-07/RC-08.smt2,sat,0.005544185638427734
/20220307-SMPT/SwimmingPool-PT-07/RF-15.smt2,sat,0.006271839141845703
/20220307-SMPT/SwimmingPool-PT-07/RF-09.smt2,sat,0.005899906158447266
/20220307-SMPT/SwimmingPool-PT-07/RC-07.smt2,sat,0.007
/20220307-SMPT/SwimmingPool-PT-07/RF-06.smt2,sat,0.006528377532958984
/20220307-SMPT/SwimmingPool-PT-07/RC-09.smt2,sat,0.006716728210449219
/20220307-SMPT/SwimmingPool-PT-07/RC-15.smt2,sat,0.006708860397338867
/20220307-SMPT/SwimmingPool-PT-07/RC-12.smt2,sat,0.007
/20220307-SMPT/SwimmingPool-PT-07/RF-14.smt2,sat,0.007
/20220307-SMPT/SmallOperatingSystem-PT-MT0032DC0008/RC-02.smt2,sat,0.007339000701904297
/20220307-SMPT/SmallOperatingSystem-PT-MT0032DC0008/RF-12.smt2,sat,0.005802154541015625
/20220307-SMPT/SmallOperatingSystem-PT-MT0032DC0008/RC-03.smt2,unsat,0.007
/20220307-SMPT/SmallOperatingSystem-PT-MT0032DC0008/RF-02.smt2,sat,0.007527351379394531
/20220307-SMPT/SmallOperatingSystem-PT-MT0032DC0008/RC-11.smt2,sat,0.006807804107666016
/20220307-SMPT/SmallOperatingSystem-PT-MT0032DC0008/RF-03.smt2,unsat,0.004
/20220307-SMPT/SmallOperatingSystem-PT-MT0032DC0008/RC-01.smt2,sat,0.00559544563293457
/20220307-SMPT/SmallOperatingSystem-PT-MT0032DC0008/RF-00.smt2,unsat,0.004
/20220307-SMPT/SmallOperatingSystem-PT-MT0032DC0008/RC-04.smt2,unsat,0.007906198501586914
/20220307-SMPT/SmallOperatingSystem-PT-MT0032DC0008/RF-11.smt2,sat,0.008
/20220307-SMPT/SmallOperatingSystem-PT-MT0032DC0008/RC-13.smt2,unsat,0.004
/20220307-SMPT/SmallOperatingSystem-PT-MT0032DC0008/RC-06.smt2,unsat,0.004
/20220307-SMPT/SmallOperatingSystem-PT-MT0032DC0008/RC-14.smt2,unsat,0.004
/20220307-SMPT/SmallOperatingSystem-PT-MT0032DC0008/RC-10.smt2,sat,0.006366252899169922
/20220307-SMPT/SmallOperatingSystem-PT-MT0032DC0008/RF-04.smt2,unsat,0.004
/20220307-SMPT/SmallOperatingSystem-PT-MT0032DC0008/RF-01.smt2,unsat,0.005
/20220307-SMPT/SmallOperatingSystem-PT-MT0032DC0008/RF-13.smt2,unsat,0.005
/20220307-SMPT/SmallOperatingSystem-PT-MT0032DC0008/RC-05.smt2,unsat,0.007426738739013672
/20220307-SMPT/SmallOperatingSystem-PT-MT0032DC0008/RC-00.smt2,unsat,0.004
/20220307-SMPT/SmallOperatingSystem-PT-MT0032DC0008/RF-05.smt2,unsat,0.004
/20220307-SMPT/SmallOperatingSystem-PT-MT0032DC0008/RF-07.smt2,unsat,0.004
/20220307-SMPT/SmallOperatingSystem-PT-MT0032DC0008/RF-10.smt2,unsat,0.004
/20220307-SMPT/SmallOperatingSystem-PT-MT0032DC0008/RF-08.smt2,unsat,0.005
/20220307-SMPT/SmallOperatingSystem-PT-MT0032DC0008/RC-08.smt2,sat,0.009
/20220307-SMPT/SmallOperatingSystem-PT-MT0032DC0008/RF-15.smt2,unsat,0.005
/20220307-SMPT/SmallOperatingSystem-PT-MT0032DC0008/RF-09.smt2,unsat,0.005
/20220307-SMPT/SmallOperatingSystem-PT-MT0032DC0008/RC-07.smt2,unsat,0.004
/20220307-SMPT/SmallOperatingSystem-PT-MT0032DC0008/RF-06.smt2,unsat,0.004
/20220307-SMPT/SmallOperatingSystem-PT-MT0032DC0008/RC-09.smt2,sat,0.006349802017211914
/20220307-SMPT/SmallOperatingSystem-PT-MT0032DC0008/RC-15.smt2,sat,0.007
/20220307-SMPT/SmallOperatingSystem-PT-MT0032DC0008/RC-12.smt2,unsat,0.007
/20220307-SMPT/SmallOperatingSystem-PT-MT0032DC0008/RF-14.smt2,unsat,0.004
/20220307-SMPT/SmallOperatingSystem-PT-MT8192DC4096/RC-02.smt2,unsat,0.004
/20220307-SMPT/SmallOperatingSystem-PT-MT8192DC4096/RF-12.smt2,unsat,0.006501197814941406
/20220307-SMPT/SmallOperatingSystem-PT-MT8192DC4096/RC-03.smt2,unsat,0.00686955451965332
/20220307-SMPT/SmallOperatingSystem-PT-MT8192DC4096/RF-02.smt2,unsat,0.004
/20220307-SMPT/SmallOperatingSystem-PT-MT8192DC4096/RC-11.smt2,sat,0.006669282913208008
/20220307-SMPT/SmallOperatingSystem-PT-MT8192DC4096/RF-03.smt2,sat,0.005409955978393555
/20220307-SMPT/SmallOperatingSystem-PT-MT8192DC4096/RC-01.smt2,unsat,0.006536245346069336
/20220307-SMPT/SmallOperatingSystem-PT-MT8192DC4096/RF-00.smt2,sat,0.007756710052490234
/20220307-SMPT/SmallOperatingSystem-PT-MT8192DC4096/RC-04.smt2,unsat,0.004
/20220307-SMPT/SmallOperatingSystem-PT-MT8192DC4096/RF-11.smt2,sat,0.006731510162353516
/20220307-SMPT/SmallOperatingSystem-PT-MT8192DC4096/RC-13.smt2,sat,0.006100177764892578
/20220307-SMPT/SmallOperatingSystem-PT-MT8192DC4096/RC-06.smt2,sat,0.0064771175384521484
/20220307-SMPT/SmallOperatingSystem-PT-MT8192DC4096/RC-14.smt2,sat,0.006207704544067383
/20220307-SMPT/SmallOperatingSystem-PT-MT8192DC4096/RC-10.smt2,sat,0.006451606750488281
/20220307-SMPT/SmallOperatingSystem-PT-MT8192DC4096/RF-04.smt2,sat,0.006181240081787109
/20220307-SMPT/SmallOperatingSystem-PT-MT8192DC4096/RF-01.smt2,sat,0.007750272750854492
/20220307-SMPT/SmallOperatingSystem-PT-MT8192DC4096/RF-13.smt2,unsat,0.005
/20220307-SMPT/SmallOperatingSystem-PT-MT8192DC4096/RC-05.smt2,sat,0.007200002670288086
/20220307-SMPT/SmallOperatingSystem-PT-MT8192DC4096/RC-00.smt2,sat,0.006340503692626953
/20220307-SMPT/SmallOperatingSystem-PT-MT8192DC4096/RF-05.smt2,sat,0.008171796798706055
/20220307-SMPT/SmallOperatingSystem-PT-MT8192DC4096/RF-07.smt2,sat,0.007341146469116211
/20220307-SMPT/SmallOperatingSystem-PT-MT8192DC4096/RF-10.smt2,unsat,0.004
/20220307-SMPT/SmallOperatingSystem-PT-MT8192DC4096/RF-08.smt2,sat,0.0069332122802734375
/20220307-SMPT/SmallOperatingSystem-PT-MT8192DC4096/RC-08.smt2,unsat,0.0065670013427734375
/20220307-SMPT/SmallOperatingSystem-PT-MT8192DC4096/RF-09.smt2,sat,0.00625157356262207
/20220307-SMPT/SmallOperatingSystem-PT-MT8192DC4096/RC-07.smt2,unsat,0.007
/20220307-SMPT/SmallOperatingSystem-PT-MT8192DC4096/RF-06.smt2,unsat,0.005
/20220307-SMPT/SmallOperatingSystem-PT-MT8192DC4096/RC-09.smt2,sat,0.007004976272583008
/20220307-SMPT/SmallOperatingSystem-PT-MT8192DC4096/RC-15.smt2,unsat,0.007995128631591797
/20220307-SMPT/SmallOperatingSystem-PT-MT8192DC4096/RC-12.smt2,unsat,0.004
/20220307-SMPT/SmallOperatingSystem-PT-MT8192DC4096/RF-14.smt2,sat,0.006075620651245117
/20220307-SMPT/Diffusion2D-PT-D50N010/RC-02.smt2,sat,0.39836764335632324
/20220307-SMPT/Diffusion2D-PT-D50N010/RF-12.smt2,sat,0.37818384170532227
/20220307-SMPT/Diffusion2D-PT-D50N010/RC-03.smt2,sat,0.35706210136413574
/20220307-SMPT/Diffusion2D-PT-D50N010/RF-02.smt2,sat,0.37491297721862793
/20220307-SMPT/Diffusion2D-PT-D50N010/RC-11.smt2,sat,0.38100290298461914
/20220307-SMPT/Diffusion2D-PT-D50N010/RF-03.smt2,sat,0.3594810962677002
/20220307-SMPT/Diffusion2D-PT-D50N010/RC-01.smt2,sat,0.39121222496032715
/20220307-SMPT/Diffusion2D-PT-D50N010/RF-00.smt2,sat,0.3434731960296631
/20220307-SMPT/Diffusion2D-PT-D50N010/RC-04.smt2,sat,0.41596150398254395
/20220307-SMPT/Diffusion2D-PT-D50N010/RF-11.smt2,sat,0.4013516902923584
/20220307-SMPT/Diffusion2D-PT-D50N010/RC-13.smt2,sat,0.36344456672668457
/20220307-SMPT/Diffusion2D-PT-D50N010/RC-06.smt2,sat,0.3906247615814209
/20220307-SMPT/Diffusion2D-PT-D50N010/RC-14.smt2,sat,0.38315677642822266
/20220307-SMPT/Diffusion2D-PT-D50N010/RC-10.smt2,sat,0.36479687690734863
/20220307-SMPT/Diffusion2D-PT-D50N010/RF-04.smt2,sat,0.39313817024230957
/20220307-SMPT/Diffusion2D-PT-D50N010/RF-01.smt2,sat,0.339888334274292
/20220307-SMPT/Diffusion2D-PT-D50N010/RF-13.smt2,sat,0.33590173721313477
/20220307-SMPT/Diffusion2D-PT-D50N010/RC-05.smt2,sat,0.36660337448120117
/20220307-SMPT/Diffusion2D-PT-D50N010/RC-00.smt2,sat,0.3588707447052002
/20220307-SMPT/Diffusion2D-PT-D50N010/RF-05.smt2,sat,0.4003486633300781
/20220307-SMPT/Diffusion2D-PT-D50N010/RF-07.smt2,sat,0.32165098190307617
/20220307-SMPT/Diffusion2D-PT-D50N010/RF-10.smt2,sat,0.3151726722717285
/20220307-SMPT/Diffusion2D-PT-D50N010/RF-08.smt2,sat,0.366347074508667
/20220307-SMPT/Diffusion2D-PT-D50N010/RC-08.smt2,sat,0.36974239349365234
/20220307-SMPT/Diffusion2D-PT-D50N010/RF-15.smt2,sat,0.36457371711730957
/20220307-SMPT/Diffusion2D-PT-D50N010/RF-09.smt2,sat,0.35913991928100586
/20220307-SMPT/Diffusion2D-PT-D50N010/RC-07.smt2,sat,0.3439595699310303
/20220307-SMPT/Diffusion2D-PT-D50N010/RF-06.smt2,sat,0.33405184745788574
/20220307-SMPT/Diffusion2D-PT-D50N010/RC-09.smt2,sat,0.3686702251434326
/20220307-SMPT/Diffusion2D-PT-D50N010/RC-15.smt2,sat,0.40589189529418945
/20220307-SMPT/Diffusion2D-PT-D50N010/RC-12.smt2,sat,0.33045530319213867
/20220307-SMPT/Diffusion2D-PT-D50N010/RF-14.smt2,sat,0.3370323181152344
/20220307-SMPT/Kanban-PT-00500/RC-02.smt2,sat,0.007471561431884766
/20220307-SMPT/Kanban-PT-00500/RF-12.smt2,sat,0.006786346435546875
/20220307-SMPT/Kanban-PT-00500/RC-03.smt2,sat,0.006490945816040039
/20220307-SMPT/Kanban-PT-00500/RF-02.smt2,sat,0.006587505340576172
/20220307-SMPT/Kanban-PT-00500/RC-11.smt2,sat,0.009
/20220307-SMPT/Kanban-PT-00500/RF-03.smt2,unsat,0.0053784847259521484
/20220307-SMPT/Kanban-PT-00500/RC-01.smt2,sat,0.007898330688476562
/20220307-SMPT/Kanban-PT-00500/RF-00.smt2,sat,0.0066568851470947266
/20220307-SMPT/Kanban-PT-00500/RC-04.smt2,sat,0.007085561752319336
/20220307-SMPT/Kanban-PT-00500/RF-11.smt2,sat,0.0077381134033203125
/20220307-SMPT/Kanban-PT-00500/RC-13.smt2,unsat,0.005
/20220307-SMPT/Kanban-PT-00500/RC-06.smt2,sat,0.0075037479400634766
/20220307-SMPT/Kanban-PT-00500/RC-14.smt2,sat,0.007903575897216797
/20220307-SMPT/Kanban-PT-00500/RC-10.smt2,sat,0.007864713668823242
/20220307-SMPT/Kanban-PT-00500/RF-04.smt2,sat,0.007902860641479492
/20220307-SMPT/Kanban-PT-00500/RF-01.smt2,sat,0.007858514785766602
/20220307-SMPT/Kanban-PT-00500/RF-13.smt2,sat,0.008
/20220307-SMPT/Kanban-PT-00500/RC-05.smt2,sat,0.006279468536376953
/20220307-SMPT/Kanban-PT-00500/RC-00.smt2,sat,0.00793766975402832
/20220307-SMPT/Kanban-PT-00500/RF-05.smt2,unsat,0.005
/20220307-SMPT/Kanban-PT-00500/RF-07.smt2,sat,0.006794452667236328
/20220307-SMPT/Kanban-PT-00500/RF-10.smt2,sat,0.006525516510009766
/20220307-SMPT/Kanban-PT-00500/RF-08.smt2,sat,0.006144046783447266
/20220307-SMPT/Kanban-PT-00500/RC-08.smt2,unsat,0.007547616958618164
/20220307-SMPT/Kanban-PT-00500/RF-15.smt2,sat,0.006369590759277344
/20220307-SMPT/Kanban-PT-00500/RF-09.smt2,sat,0.007931709289550781
/20220307-SMPT/Kanban-PT-00500/RC-07.smt2,sat,0.008386611938476562
/20220307-SMPT/Kanban-PT-00500/RF-06.smt2,sat,0.008502006530761719
/20220307-SMPT/Kanban-PT-00500/RC-09.smt2,unsat,0.005
/20220307-SMPT/Kanban-PT-00500/RC-15.smt2,sat,0.007668256759643555
/20220307-SMPT/Kanban-PT-00500/RC-12.smt2,sat,0.007355213165283203
/20220307-SMPT/Kanban-PT-00500/RF-14.smt2,sat,0.007
/20220307-SMPT/Diffusion2D-PT-D05N350/RC-02.smt2,unsat,0.007
/20220307-SMPT/Diffusion2D-PT-D05N350/RF-12.smt2,sat,0.009552478790283203
/20220307-SMPT/Diffusion2D-PT-D05N350/RC-03.smt2,unsat,0.00606083869934082
/20220307-SMPT/Diffusion2D-PT-D05N350/RF-02.smt2,sat,0.009519815444946289
/20220307-SMPT/Diffusion2D-PT-D05N350/RC-11.smt2,sat,0.008700132369995117
/20220307-SMPT/Diffusion2D-PT-D05N350/RF-03.smt2,sat,0.007349967956542969
/20220307-SMPT/Diffusion2D-PT-D05N350/RC-01.smt2,unsat,0.006328582763671875
/20220307-SMPT/Diffusion2D-PT-D05N350/RF-00.smt2,unsat,0.005745887756347656
/20220307-SMPT/Diffusion2D-PT-D05N350/RC-04.smt2,sat,0.009458541870117188
/20220307-SMPT/Diffusion2D-PT-D05N350/RC-13.smt2,sat,0.007495880126953125
/20220307-SMPT/Diffusion2D-PT-D05N350/RC-06.smt2,sat,0.008603811264038086
/20220307-SMPT/Diffusion2D-PT-D05N350/RC-14.smt2,sat,0.00822138786315918
/20220307-SMPT/Diffusion2D-PT-D05N350/RC-10.smt2,sat,0.009270429611206055
/20220307-SMPT/Diffusion2D-PT-D05N350/RF-04.smt2,sat,0.008826255798339844
/20220307-SMPT/Diffusion2D-PT-D05N350/RF-01.smt2,sat,0.009664058685302734
/20220307-SMPT/Diffusion2D-PT-D05N350/RC-05.smt2,sat,0.009298563003540039
/20220307-SMPT/Diffusion2D-PT-D05N350/RC-00.smt2,sat,0.009874820709228516
/20220307-SMPT/Diffusion2D-PT-D05N350/RF-05.smt2,unsat,0.0058290958404541016
/20220307-SMPT/Diffusion2D-PT-D05N350/RF-07.smt2,sat,0.008905887603759766
/20220307-SMPT/Diffusion2D-PT-D05N350/RF-10.smt2,unsat,0.007
/20220307-SMPT/Diffusion2D-PT-D05N350/RF-08.smt2,unsat,0.006870269775390625
/20220307-SMPT/Diffusion2D-PT-D05N350/RC-08.smt2,sat,0.007835626602172852
/20220307-SMPT/Diffusion2D-PT-D05N350/RF-15.smt2,sat,0.008783340454101562
/20220307-SMPT/Diffusion2D-PT-D05N350/RF-09.smt2,sat,0.008069992065429688
/20220307-SMPT/Diffusion2D-PT-D05N350/RC-07.smt2,sat,0.008767127990722656
/20220307-SMPT/Diffusion2D-PT-D05N350/RF-06.smt2,sat,0.009971857070922852
/20220307-SMPT/Diffusion2D-PT-D05N350/RC-09.smt2,sat,0.010045289993286133
/20220307-SMPT/Diffusion2D-PT-D05N350/RC-15.smt2,sat,0.008129596710205078
/20220307-SMPT/Diffusion2D-PT-D05N350/RC-12.smt2,sat,0.008624792098999023
/20220307-SMPT/Diffusion2D-PT-D05N350/RF-14.smt2,sat,0.00945901870727539
/20220307-SMPT/Diffusion2D-PT-D10N100/RC-02.smt2,sat,0.02538585662841797
/20220307-SMPT/Diffusion2D-PT-D10N100/RF-12.smt2,sat,0.01906108856201172
/20220307-SMPT/Diffusion2D-PT-D10N100/RC-03.smt2,sat,0.017442941665649414
/20220307-SMPT/Diffusion2D-PT-D10N100/RF-02.smt2,sat,0.018214702606201172
/20220307-SMPT/Diffusion2D-PT-D10N100/RC-11.smt2,sat,0.01811504364013672
/20220307-SMPT/Diffusion2D-PT-D10N100/RF-03.smt2,sat,0.0170745849609375
/20220307-SMPT/Diffusion2D-PT-D10N100/RC-01.smt2,sat,0.01647496223449707
/20220307-SMPT/Diffusion2D-PT-D10N100/RF-00.smt2,sat,0.02362203598022461
/20220307-SMPT/Diffusion2D-PT-D10N100/RC-04.smt2,sat,0.017348766326904297
/20220307-SMPT/Diffusion2D-PT-D10N100/RF-11.smt2,sat,0.01771068572998047
/20220307-SMPT/Diffusion2D-PT-D10N100/RC-13.smt2,sat,0.017541170120239258
/20220307-SMPT/Diffusion2D-PT-D10N100/RC-06.smt2,sat,0.016629695892333984
/20220307-SMPT/Diffusion2D-PT-D10N100/RC-14.smt2,sat,0.018224239349365234
/20220307-SMPT/Diffusion2D-PT-D10N100/RC-10.smt2,sat,0.01800394058227539
/20220307-SMPT/Diffusion2D-PT-D10N100/RF-04.smt2,sat,0.016750812530517578
/20220307-SMPT/Diffusion2D-PT-D10N100/RF-01.smt2,sat,0.018385648727416992
/20220307-SMPT/Diffusion2D-PT-D10N100/RF-13.smt2,sat,0.017688989639282227
/20220307-SMPT/Diffusion2D-PT-D10N100/RC-05.smt2,sat,0.017935752868652344
/20220307-SMPT/Diffusion2D-PT-D10N100/RC-00.smt2,sat,0.01702570915222168
/20220307-SMPT/Diffusion2D-PT-D10N100/RF-05.smt2,sat,0.019201993942260742
/20220307-SMPT/Diffusion2D-PT-D10N100/RF-07.smt2,sat,0.016239404678344727
/20220307-SMPT/Diffusion2D-PT-D10N100/RF-10.smt2,sat,0.01689291000366211
/20220307-SMPT/Diffusion2D-PT-D10N100/RF-08.smt2,sat,0.016571760177612305
/20220307-SMPT/Diffusion2D-PT-D10N100/RC-08.smt2,sat,0.0177152156829834
/20220307-SMPT/Diffusion2D-PT-D10N100/RF-15.smt2,sat,0.017006397247314453
/20220307-SMPT/Diffusion2D-PT-D10N100/RF-09.smt2,sat,0.0164947509765625
/20220307-SMPT/Diffusion2D-PT-D10N100/RC-07.smt2,sat,0.01610708236694336
/20220307-SMPT/Diffusion2D-PT-D10N100/RF-06.smt2,sat,0.017392873764038086
/20220307-SMPT/Diffusion2D-PT-D10N100/RC-09.smt2,sat,0.016217470169067383
/20220307-SMPT/Diffusion2D-PT-D10N100/RC-15.smt2,sat,0.01720571517944336
/20220307-SMPT/Diffusion2D-PT-D10N100/RC-12.smt2,sat,0.021535873413085938
/20220307-SMPT/Diffusion2D-PT-D10N100/RF-14.smt2,sat,0.018622159957885742
/20220307-SMPT/RwMutex-PT-r0010w0500/RC-02.smt2,sat,2.486365556716919
/20220307-SMPT/RwMutex-PT-r0010w0500/RF-12.smt2,sat,3.4046366214752197
/20220307-SMPT/RwMutex-PT-r0010w0500/RC-03.smt2,sat,2.119494676589966
/20220307-SMPT/RwMutex-PT-r0010w0500/RF-02.smt2,sat,3.1172521114349365
/20220307-SMPT/RwMutex-PT-r0010w0500/RC-11.smt2,sat,3.264852285385132
/20220307-SMPT/RwMutex-PT-r0010w0500/RF-03.smt2,unsat,3.688514471054077
/20220307-SMPT/RwMutex-PT-r0010w0500/RC-01.smt2,sat,1.8994972705841064
/20220307-SMPT/RwMutex-PT-r0010w0500/RF-00.smt2,sat,11.714
/20220307-SMPT/RwMutex-PT-r0010w0500/RC-04.smt2,sat,2.8723959922790527
/20220307-SMPT/RwMutex-PT-r0010w0500/RF-11.smt2,sat,2.8358404636383057
/20220307-SMPT/RwMutex-PT-r0010w0500/RC-13.smt2,unsat,1.4084484577178955
/20220307-SMPT/RwMutex-PT-r0010w0500/RC-06.smt2,sat,1.56691312789917
/20220307-SMPT/RwMutex-PT-r0010w0500/RC-14.smt2,sat,1.4899096488952637
/20220307-SMPT/RwMutex-PT-r0010w0500/RC-10.smt2,unsat,1.4856617450714111
/20220307-SMPT/RwMutex-PT-r0010w0500/RF-04.smt2,sat,1.6711421012878418
/20220307-SMPT/RwMutex-PT-r0010w0500/RF-01.smt2,sat,2.9546687602996826
/20220307-SMPT/RwMutex-PT-r0010w0500/RF-13.smt2,sat,1.44020676612854
/20220307-SMPT/RwMutex-PT-r0010w0500/RC-05.smt2,sat,1.9971022605895996
/20220307-SMPT/RwMutex-PT-r0010w0500/RC-00.smt2,sat,1.4629111289978027
/20220307-SMPT/RwMutex-PT-r0010w0500/RF-05.smt2,sat,2.553800106048584
/20220307-SMPT/RwMutex-PT-r0010w0500/RF-07.smt2,sat,12.356
/20220307-SMPT/RwMutex-PT-r0010w0500/RF-10.smt2,sat,3.039011240005493
/20220307-SMPT/RwMutex-PT-r0010w0500/RF-08.smt2,sat,1.5555362701416016
/20220307-SMPT/RwMutex-PT-r0010w0500/RC-08.smt2,unsat,1.1762585639953613
/20220307-SMPT/RwMutex-PT-r0010w0500/RF-15.smt2,unsat,2.0202016830444336
/20220307-SMPT/RwMutex-PT-r0010w0500/RF-09.smt2,unsat,1.7718720436096191
/20220307-SMPT/RwMutex-PT-r0010w0500/RC-07.smt2,sat,1.453305721282959
/20220307-SMPT/RwMutex-PT-r0010w0500/RF-06.smt2,sat,1.2541470527648926
/20220307-SMPT/RwMutex-PT-r0010w0500/RC-09.smt2,sat,2.6412599086761475
/20220307-SMPT/RwMutex-PT-r0010w0500/RC-15.smt2,sat,2.8527348041534424
/20220307-SMPT/RwMutex-PT-r0010w0500/RC-12.smt2,sat,3.241579294204712
/20220307-SMPT/RwMutex-PT-r0010w0500/RF-14.smt2,sat,1.4558072090148926
/20220307-SMPT/Kanban-PT-20000/RC-02.smt2,unsat,0.007384061813354492
/20220307-SMPT/Kanban-PT-20000/RF-12.smt2,sat,0.006536245346069336
/20220307-SMPT/Kanban-PT-20000/RC-03.smt2,sat,0.009
/20220307-SMPT/Kanban-PT-20000/RF-02.smt2,sat,0.007047414779663086
/20220307-SMPT/Kanban-PT-20000/RC-11.smt2,sat,0.007
/20220307-SMPT/Kanban-PT-20000/RF-03.smt2,sat,0.0059626102447509766
/20220307-SMPT/Kanban-PT-20000/RC-01.smt2,sat,0.006697893142700195
/20220307-SMPT/Kanban-PT-20000/RF-00.smt2,sat,0.006738901138305664
/20220307-SMPT/Kanban-PT-20000/RC-04.smt2,sat,0.008816003799438477
/20220307-SMPT/Kanban-PT-20000/RF-11.smt2,unsat,0.005338907241821289
/20220307-SMPT/Kanban-PT-20000/RC-13.smt2,sat,0.008781671524047852
/20220307-SMPT/Kanban-PT-20000/RC-06.smt2,sat,0.0072062015533447266
/20220307-SMPT/Kanban-PT-20000/RC-14.smt2,sat,0.008330345153808594
/20220307-SMPT/Kanban-PT-20000/RC-10.smt2,sat,0.0068819522857666016
/20220307-SMPT/Kanban-PT-20000/RF-04.smt2,unsat,0.005
/20220307-SMPT/Kanban-PT-20000/RF-01.smt2,sat,0.008
/20220307-SMPT/Kanban-PT-20000/RF-13.smt2,unsat,0.005
/20220307-SMPT/Kanban-PT-20000/RC-05.smt2,unsat,0.007959127426147461
/20220307-SMPT/Kanban-PT-20000/RC-00.smt2,sat,0.007840156555175781
/20220307-SMPT/Kanban-PT-20000/RF-05.smt2,unsat,0.005
/20220307-SMPT/Kanban-PT-20000/RF-07.smt2,unsat,0.004994869232177734
/20220307-SMPT/Kanban-PT-20000/RF-10.smt2,unsat,0.005
/20220307-SMPT/Kanban-PT-20000/RF-08.smt2,sat,0.007797718048095703
/20220307-SMPT/Kanban-PT-20000/RC-08.smt2,sat,0.007886409759521484
/20220307-SMPT/Kanban-PT-20000/RF-09.smt2,sat,0.007160186767578125
/20220307-SMPT/Kanban-PT-20000/RC-07.smt2,sat,0.008302927017211914
/20220307-SMPT/Kanban-PT-20000/RF-06.smt2,sat,0.008673667907714844
/20220307-SMPT/Kanban-PT-20000/RC-09.smt2,sat,0.0076525211334228516
/20220307-SMPT/Kanban-PT-20000/RC-15.smt2,sat,0.007900714874267578
/20220307-SMPT/Kanban-PT-20000/RC-12.smt2,sat,0.00767970085144043
/20220307-SMPT/Kanban-PT-20000/RF-14.smt2,unsat,0.005
/20220307-SMPT/SmallOperatingSystem-PT-MT0256DC0064/RC-02.smt2,sat,0.007741451263427734
/20220307-SMPT/SmallOperatingSystem-PT-MT0256DC0064/RF-12.smt2,sat,0.007666349411010742
/20220307-SMPT/SmallOperatingSystem-PT-MT0256DC0064/RC-03.smt2,sat,0.005911111831665039
/20220307-SMPT/SmallOperatingSystem-PT-MT0256DC0064/RF-02.smt2,unsat,0.004
/20220307-SMPT/SmallOperatingSystem-PT-MT0256DC0064/RC-11.smt2,unsat,0.007735490798950195
/20220307-SMPT/SmallOperatingSystem-PT-MT0256DC0064/RF-03.smt2,unsat,0.004
/20220307-SMPT/SmallOperatingSystem-PT-MT0256DC0064/RC-01.smt2,sat,0.00732874870300293
/20220307-SMPT/SmallOperatingSystem-PT-MT0256DC0064/RF-00.smt2,sat,0.007493019104003906
/20220307-SMPT/SmallOperatingSystem-PT-MT0256DC0064/RC-04.smt2,unsat,0.004
/20220307-SMPT/SmallOperatingSystem-PT-MT0256DC0064/RC-13.smt2,sat,0.007321834564208984
/20220307-SMPT/SmallOperatingSystem-PT-MT0256DC0064/RC-06.smt2,sat,0.0066983699798583984
/20220307-SMPT/SmallOperatingSystem-PT-MT0256DC0064/RC-14.smt2,sat,0.0058023929595947266
/20220307-SMPT/SmallOperatingSystem-PT-MT0256DC0064/RC-10.smt2,sat,0.006624698638916016
/20220307-SMPT/SmallOperatingSystem-PT-MT0256DC0064/RF-04.smt2,sat,0.006318092346191406
/20220307-SMPT/SmallOperatingSystem-PT-MT0256DC0064/RF-01.smt2,sat,0.007898092269897461
/20220307-SMPT/SmallOperatingSystem-PT-MT0256DC0064/RF-13.smt2,sat,0.0064296722412109375
/20220307-SMPT/SmallOperatingSystem-PT-MT0256DC0064/RC-05.smt2,sat,0.00621795654296875
/20220307-SMPT/SmallOperatingSystem-PT-MT0256DC0064/RC-00.smt2,unsat,0.00720667839050293
/20220307-SMPT/SmallOperatingSystem-PT-MT0256DC0064/RF-10.smt2,unsat,0.004
/20220307-SMPT/SmallOperatingSystem-PT-MT0256DC0064/RF-08.smt2,sat,0.006788492202758789
/20220307-SMPT/SmallOperatingSystem-PT-MT0256DC0064/RC-08.smt2,sat,0.008214235305786133
/20220307-SMPT/SmallOperatingSystem-PT-MT0256DC0064/RF-15.smt2,unsat,0.004
/20220307-SMPT/SmallOperatingSystem-PT-MT0256DC0064/RC-07.smt2,sat,0.00801706314086914
/20220307-SMPT/SmallOperatingSystem-PT-MT0256DC0064/RC-09.smt2,sat,0.006429910659790039
/20220307-SMPT/SmallOperatingSystem-PT-MT0256DC0064/RC-15.smt2,sat,0.006211519241333008
/20220307-SMPT/SmallOperatingSystem-PT-MT0256DC0064/RC-12.smt2,sat,0.0067899227142333984
/20220307-SMPT/SmallOperatingSystem-PT-MT0256DC0064/RF-14.smt2,sat,0.009781360626220703
/20220307-SMPT/HouseConstruction-PT-32000/RC-02.smt2,sat,0.010585308074951172
/20220307-SMPT/HouseConstruction-PT-32000/RF-12.smt2,sat,0.009648561477661133
/20220307-SMPT/HouseConstruction-PT-32000/RC-03.smt2,sat,0.010162115097045898
/20220307-SMPT/HouseConstruction-PT-32000/RF-02.smt2,sat,0.008214235305786133
/20220307-SMPT/HouseConstruction-PT-32000/RC-11.smt2,sat,0.009480953216552734
/20220307-SMPT/HouseConstruction-PT-32000/RF-03.smt2,unsat,0.007402658462524414
/20220307-SMPT/HouseConstruction-PT-32000/RC-01.smt2,sat,0.00970458984375
/20220307-SMPT/HouseConstruction-PT-32000/RF-00.smt2,unsat,0.006849527359008789
/20220307-SMPT/HouseConstruction-PT-32000/RC-04.smt2,sat,0.010211467742919922
/20220307-SMPT/HouseConstruction-PT-32000/RF-11.smt2,sat,0.010558128356933594
/20220307-SMPT/HouseConstruction-PT-32000/RC-13.smt2,sat,0.009405374526977539
/20220307-SMPT/HouseConstruction-PT-32000/RC-06.smt2,sat,0.019
/20220307-SMPT/HouseConstruction-PT-32000/RC-14.smt2,sat,0.009159564971923828
/20220307-SMPT/HouseConstruction-PT-32000/RC-10.smt2,sat,0.009437084197998047
/20220307-SMPT/HouseConstruction-PT-32000/RF-04.smt2,sat,0.010473966598510742
/20220307-SMPT/HouseConstruction-PT-32000/RF-01.smt2,sat,0.009102106094360352
/20220307-SMPT/HouseConstruction-PT-32000/RF-13.smt2,sat,0.007970333099365234
/20220307-SMPT/HouseConstruction-PT-32000/RC-05.smt2,sat,0.009239912033081055
/20220307-SMPT/HouseConstruction-PT-32000/RC-00.smt2,unsat,0.009508848190307617
/20220307-SMPT/HouseConstruction-PT-32000/RF-05.smt2,sat,0.01076507568359375
/20220307-SMPT/HouseConstruction-PT-32000/RF-07.smt2,sat,0.009536981582641602
/20220307-SMPT/HouseConstruction-PT-32000/RF-10.smt2,sat,0.008894681930541992
/20220307-SMPT/HouseConstruction-PT-32000/RF-08.smt2,sat,0.01010441780090332
/20220307-SMPT/HouseConstruction-PT-32000/RC-08.smt2,sat,0.010161638259887695
/20220307-SMPT/HouseConstruction-PT-32000/RF-15.smt2,sat,0.010631084442138672
/20220307-SMPT/HouseConstruction-PT-32000/RF-09.smt2,sat,0.010219812393188477
/20220307-SMPT/HouseConstruction-PT-32000/RC-07.smt2,sat,0.009250402450561523
/20220307-SMPT/HouseConstruction-PT-32000/RF-06.smt2,sat,0.008879423141479492
/20220307-SMPT/HouseConstruction-PT-32000/RC-09.smt2,sat,0.010367870330810547
/20220307-SMPT/HouseConstruction-PT-32000/RC-15.smt2,sat,0.010792970657348633
/20220307-SMPT/HouseConstruction-PT-32000/RC-12.smt2,sat,0.01018381118774414
/20220307-SMPT/HouseConstruction-PT-32000/RF-14.smt2,sat,0.009898185729980469
/20220307-SMPT/ERK-PT-001000/RC-02.smt2,unsat,0.004
/20220307-SMPT/ERK-PT-001000/RF-12.smt2,sat,0.009
/20220307-SMPT/ERK-PT-001000/RC-03.smt2,sat,0.006652116775512695
/20220307-SMPT/ERK-PT-001000/RF-02.smt2,sat,0.0068128108978271484
/20220307-SMPT/ERK-PT-001000/RC-11.smt2,sat,0.007482051849365234
/20220307-SMPT/ERK-PT-001000/RF-03.smt2,unsat,0.005
/20220307-SMPT/ERK-PT-001000/RC-01.smt2,sat,0.0078125
/20220307-SMPT/ERK-PT-001000/RF-00.smt2,unsat,0.006
/20220307-SMPT/ERK-PT-001000/RC-04.smt2,sat,0.006858348846435547
/20220307-SMPT/ERK-PT-001000/RF-11.smt2,unsat,0.00533747673034668
/20220307-SMPT/ERK-PT-001000/RC-13.smt2,sat,0.00809621810913086
/20220307-SMPT/ERK-PT-001000/RC-06.smt2,sat,0.007069826126098633
/20220307-SMPT/ERK-PT-001000/RC-14.smt2,sat,0.009
/20220307-SMPT/ERK-PT-001000/RC-10.smt2,sat,0.007040739059448242
/20220307-SMPT/ERK-PT-001000/RF-04.smt2,sat,0.008349418640136719
/20220307-SMPT/ERK-PT-001000/RF-01.smt2,unsat,0.004
/20220307-SMPT/ERK-PT-001000/RF-13.smt2,sat,0.006871700286865234
/20220307-SMPT/ERK-PT-001000/RC-05.smt2,sat,0.0067901611328125
/20220307-SMPT/ERK-PT-001000/RC-00.smt2,sat,0.008217334747314453
/20220307-SMPT/ERK-PT-001000/RF-05.smt2,sat,0.00860452651977539
/20220307-SMPT/ERK-PT-001000/RF-07.smt2,sat,0.009
/20220307-SMPT/ERK-PT-001000/RF-10.smt2,sat,0.008147239685058594
/20220307-SMPT/ERK-PT-001000/RF-08.smt2,sat,0.007227182388305664
/20220307-SMPT/ERK-PT-001000/RC-08.smt2,unsat,0.008155345916748047
/20220307-SMPT/ERK-PT-001000/RF-15.smt2,sat,0.008258819580078125
/20220307-SMPT/ERK-PT-001000/RF-09.smt2,sat,0.00811004638671875
/20220307-SMPT/ERK-PT-001000/RC-07.smt2,unsat,0.007080554962158203
/20220307-SMPT/ERK-PT-001000/RF-06.smt2,sat,0.0074079036712646484
/20220307-SMPT/ERK-PT-001000/RC-09.smt2,unsat,0.004
/20220307-SMPT/ERK-PT-001000/RC-15.smt2,sat,0.006786823272705078
/20220307-SMPT/ERK-PT-001000/RC-12.smt2,sat,0.00639653205871582
/20220307-SMPT/Kanban-PT-05000/RC-02.smt2,sat,0.008144378662109375
/20220307-SMPT/Kanban-PT-05000/RF-12.smt2,unsat,0.005
/20220307-SMPT/Kanban-PT-05000/RC-03.smt2,sat,0.007307767868041992
/20220307-SMPT/Kanban-PT-05000/RF-02.smt2,unsat,0.005454540252685547
/20220307-SMPT/Kanban-PT-05000/RC-11.smt2,sat,0.008450984954833984
/20220307-SMPT/Kanban-PT-05000/RF-03.smt2,sat,0.007335186004638672
/20220307-SMPT/Kanban-PT-05000/RC-01.smt2,sat,0.007512807846069336
/20220307-SMPT/Kanban-PT-05000/RF-00.smt2,sat,0.007803440093994141
/20220307-SMPT/Kanban-PT-05000/RC-04.smt2,sat,0.006635189056396484
/20220307-SMPT/Kanban-PT-05000/RF-11.smt2,unsat,0.005
/20220307-SMPT/Kanban-PT-05000/RC-13.smt2,sat,0.008162260055541992
/20220307-SMPT/Kanban-PT-05000/RC-06.smt2,sat,0.00810098648071289
/20220307-SMPT/Kanban-PT-05000/RC-14.smt2,sat,0.006839275360107422
/20220307-SMPT/Kanban-PT-05000/RC-10.smt2,sat,0.0066034793853759766
/20220307-SMPT/Kanban-PT-05000/RF-04.smt2,sat,0.007
/20220307-SMPT/Kanban-PT-05000/RF-01.smt2,sat,0.007635831832885742
/20220307-SMPT/Kanban-PT-05000/RF-13.smt2,unsat,0.005
/20220307-SMPT/Kanban-PT-05000/RC-05.smt2,unsat,0.005
/20220307-SMPT/Kanban-PT-05000/RC-00.smt2,unsat,0.005
/20220307-SMPT/Kanban-PT-05000/RF-05.smt2,unsat,0.005
/20220307-SMPT/Kanban-PT-05000/RF-08.smt2,sat,0.007553815841674805
/20220307-SMPT/Kanban-PT-05000/RC-08.smt2,sat,0.008
/20220307-SMPT/Kanban-PT-05000/RF-15.smt2,unsat,0.005
/20220307-SMPT/Kanban-PT-05000/RF-09.smt2,sat,0.007325172424316406
/20220307-SMPT/Kanban-PT-05000/RC-07.smt2,sat,0.007409572601318359
/20220307-SMPT/Kanban-PT-05000/RF-06.smt2,sat,0.008381843566894531
/20220307-SMPT/Kanban-PT-05000/RC-09.smt2,sat,0.00786280632019043
/20220307-SMPT/Kanban-PT-05000/RC-15.smt2,sat,0.007571220397949219
/20220307-SMPT/Kanban-PT-05000/RC-12.smt2,sat,0.0067272186279296875
/20220307-SMPT/Kanban-PT-05000/RF-14.smt2,unsat,0.005
/20220307-SMPT/Kanban-PT-10000/RC-02.smt2,sat,0.007581233978271484
/20220307-SMPT/Kanban-PT-10000/RF-12.smt2,sat,0.006587982177734375
/20220307-SMPT/Kanban-PT-10000/RC-03.smt2,sat,0.007025480270385742
/20220307-SMPT/Kanban-PT-10000/RF-02.smt2,unsat,0.004
/20220307-SMPT/Kanban-PT-10000/RC-11.smt2,sat,0.007993459701538086
/20220307-SMPT/Kanban-PT-10000/RF-03.smt2,sat,0.007151126861572266
/20220307-SMPT/Kanban-PT-10000/RC-01.smt2,sat,0.00708460807800293
/20220307-SMPT/Kanban-PT-10000/RF-00.smt2,sat,0.006728172302246094
/20220307-SMPT/Kanban-PT-10000/RC-04.smt2,sat,0.007571697235107422
/20220307-SMPT/Kanban-PT-10000/RF-11.smt2,sat,0.0076940059661865234
/20220307-SMPT/Kanban-PT-10000/RC-13.smt2,sat,0.006749629974365234
/20220307-SMPT/Kanban-PT-10000/RC-06.smt2,sat,0.011
/20220307-SMPT/Kanban-PT-10000/RC-14.smt2,sat,0.006510734558105469
/20220307-SMPT/Kanban-PT-10000/RC-10.smt2,sat,0.006219625473022461
/20220307-SMPT/Kanban-PT-10000/RF-04.smt2,sat,0.00719904899597168
/20220307-SMPT/Kanban-PT-10000/RF-01.smt2,unsat,0.004397392272949219
/20220307-SMPT/Kanban-PT-10000/RF-13.smt2,unsat,0.005
/20220307-SMPT/Kanban-PT-10000/RC-05.smt2,sat,0.00701904296875
/20220307-SMPT/Kanban-PT-10000/RC-00.smt2,sat,0.008057832717895508
/20220307-SMPT/Kanban-PT-10000/RF-05.smt2,sat,0.0073239803314208984
/20220307-SMPT/Kanban-PT-10000/RF-07.smt2,sat,0.006855964660644531
/20220307-SMPT/Kanban-PT-10000/RF-10.smt2,sat,0.007920503616333008
/20220307-SMPT/Kanban-PT-10000/RF-08.smt2,unsat,0.005
/20220307-SMPT/Kanban-PT-10000/RC-08.smt2,sat,0.007336854934692383
/20220307-SMPT/Kanban-PT-10000/RF-15.smt2,unsat,0.005
/20220307-SMPT/Kanban-PT-10000/RF-09.smt2,sat,0.008052349090576172
/20220307-SMPT/Kanban-PT-10000/RC-07.smt2,sat,0.006426334381103516
/20220307-SMPT/Kanban-PT-10000/RF-06.smt2,sat,0.006645679473876953
/20220307-SMPT/Kanban-PT-10000/RC-09.smt2,sat,0.006395578384399414
/20220307-SMPT/Kanban-PT-10000/RC-15.smt2,sat,0.0067098140716552734
/20220307-SMPT/Kanban-PT-10000/RF-14.smt2,unsat,0.005
/20220307-SMPT/SmallOperatingSystem-PT-MT2048DC1024/RC-02.smt2,unsat,0.007848978042602539
/20220307-SMPT/SmallOperatingSystem-PT-MT2048DC1024/RF-12.smt2,sat,0.005161285400390625
/20220307-SMPT/SmallOperatingSystem-PT-MT2048DC1024/RC-03.smt2,unsat,0.004
/20220307-SMPT/SmallOperatingSystem-PT-MT2048DC1024/RF-02.smt2,sat,0.006655216217041016
/20220307-SMPT/SmallOperatingSystem-PT-MT2048DC1024/RC-11.smt2,sat,0.006782054901123047
/20220307-SMPT/SmallOperatingSystem-PT-MT2048DC1024/RF-03.smt2,sat,0.007966279983520508
/20220307-SMPT/SmallOperatingSystem-PT-MT2048DC1024/RC-01.smt2,sat,0.007013082504272461
/20220307-SMPT/SmallOperatingSystem-PT-MT2048DC1024/RF-00.smt2,sat,0.007241249084472656
/20220307-SMPT/SmallOperatingSystem-PT-MT2048DC1024/RC-04.smt2,sat,0.007470369338989258
/20220307-SMPT/SmallOperatingSystem-PT-MT2048DC1024/RF-11.smt2,sat,0.006942033767700195
/20220307-SMPT/SmallOperatingSystem-PT-MT2048DC1024/RC-13.smt2,sat,0.008172988891601562
/20220307-SMPT/SmallOperatingSystem-PT-MT2048DC1024/RC-06.smt2,sat,0.00506591796875
/20220307-SMPT/SmallOperatingSystem-PT-MT2048DC1024/RC-14.smt2,sat,0.006020069122314453
/20220307-SMPT/SmallOperatingSystem-PT-MT2048DC1024/RC-10.smt2,unsat,0.007
/20220307-SMPT/SmallOperatingSystem-PT-MT2048DC1024/RF-04.smt2,unsat,0.004
/20220307-SMPT/SmallOperatingSystem-PT-MT2048DC1024/RF-01.smt2,unsat,0.005
/20220307-SMPT/SmallOperatingSystem-PT-MT2048DC1024/RF-13.smt2,sat,0.006749391555786133
/20220307-SMPT/SmallOperatingSystem-PT-MT2048DC1024/RC-05.smt2,sat,0.007222175598144531
/20220307-SMPT/SmallOperatingSystem-PT-MT2048DC1024/RC-00.smt2,sat,0.006576061248779297
/20220307-SMPT/SmallOperatingSystem-PT-MT2048DC1024/RF-07.smt2,unsat,0.004
/20220307-SMPT/SmallOperatingSystem-PT-MT2048DC1024/RF-08.smt2,sat,0.0068013668060302734
/20220307-SMPT/SmallOperatingSystem-PT-MT2048DC1024/RC-08.smt2,unsat,0.007708072662353516
/20220307-SMPT/SmallOperatingSystem-PT-MT2048DC1024/RF-15.smt2,sat,0.008
/20220307-SMPT/SmallOperatingSystem-PT-MT2048DC1024/RF-09.smt2,unsat,0.0049517154693603516
/20220307-SMPT/SmallOperatingSystem-PT-MT2048DC1024/RC-07.smt2,sat,0.007562875747680664
/20220307-SMPT/SmallOperatingSystem-PT-MT2048DC1024/RF-06.smt2,sat,0.0059778690338134766
/20220307-SMPT/SmallOperatingSystem-PT-MT2048DC1024/RC-09.smt2,sat,0.0059010982513427734
/20220307-SMPT/SmallOperatingSystem-PT-MT2048DC1024/RC-15.smt2,unsat,0.007
/20220307-SMPT/SmallOperatingSystem-PT-MT2048DC1024/RC-12.smt2,unsat,0.006331205368041992
/20220307-SMPT/SmallOperatingSystem-PT-MT4096DC2048/RC-02.smt2,sat,0.00726771354675293
/20220307-SMPT/SmallOperatingSystem-PT-MT4096DC2048/RF-12.smt2,unsat,0.005
/20220307-SMPT/SmallOperatingSystem-PT-MT4096DC2048/RC-03.smt2,sat,0.008
/20220307-SMPT/SmallOperatingSystem-PT-MT4096DC2048/RF-02.smt2,sat,0.0062983036041259766
/20220307-SMPT/SmallOperatingSystem-PT-MT4096DC2048/RC-11.smt2,unsat,0.006
/20220307-SMPT/SmallOperatingSystem-PT-MT4096DC2048/RC-01.smt2,unsat,0.006583452224731445
/20220307-SMPT/SmallOperatingSystem-PT-MT4096DC2048/RF-00.smt2,sat,0.008
/20220307-SMPT/SmallOperatingSystem-PT-MT4096DC2048/RC-04.smt2,unsat,0.0076122283935546875
/20220307-SMPT/SmallOperatingSystem-PT-MT4096DC2048/RF-11.smt2,unsat,0.005
/20220307-SMPT/SmallOperatingSystem-PT-MT4096DC2048/RC-13.smt2,unsat,0.006960391998291016
/20220307-SMPT/SmallOperatingSystem-PT-MT4096DC2048/RC-06.smt2,unsat,0.004
/20220307-SMPT/SmallOperatingSystem-PT-MT4096DC2048/RC-14.smt2,unsat,0.00662994384765625
/20220307-SMPT/SmallOperatingSystem-PT-MT4096DC2048/RC-10.smt2,sat,0.006854057312011719
/20220307-SMPT/SmallOperatingSystem-PT-MT4096DC2048/RF-01.smt2,sat,0.007625102996826172
/20220307-SMPT/SmallOperatingSystem-PT-MT4096DC2048/RF-13.smt2,sat,0.008962869644165039
/20220307-SMPT/SmallOperatingSystem-PT-MT4096DC2048/RC-05.smt2,unsat,0.003
/20220307-SMPT/SmallOperatingSystem-PT-MT4096DC2048/RC-00.smt2,sat,0.006816864013671875
/20220307-SMPT/SmallOperatingSystem-PT-MT4096DC2048/RF-05.smt2,unsat,0.004
/20220307-SMPT/SmallOperatingSystem-PT-MT4096DC2048/RF-07.smt2,sat,0.00753474235534668
/20220307-SMPT/SmallOperatingSystem-PT-MT4096DC2048/RF-10.smt2,sat,0.006115913391113281
/20220307-SMPT/SmallOperatingSystem-PT-MT4096DC2048/RC-08.smt2,unsat,0.005910158157348633
/20220307-SMPT/SmallOperatingSystem-PT-MT4096DC2048/RF-09.smt2,sat,0.008
/20220307-SMPT/SmallOperatingSystem-PT-MT4096DC2048/RC-07.smt2,sat,0.0059032440185546875
/20220307-SMPT/SmallOperatingSystem-PT-MT4096DC2048/RF-06.smt2,sat,0.008138179779052734
/20220307-SMPT/SmallOperatingSystem-PT-MT4096DC2048/RC-09.smt2,unsat,0.004952907562255859
/20220307-SMPT/SmallOperatingSystem-PT-MT4096DC2048/RC-15.smt2,sat,0.006916999816894531
/20220307-SMPT/SmallOperatingSystem-PT-MT4096DC2048/RC-12.smt2,unsat,0.005
/20220307-SMPT/Referendum-PT-1000/RC-02.smt2,sat,0.8118815422058105
/20220307-SMPT/Referendum-PT-1000/RF-12.smt2,sat,0.31656503677368164
/20220307-SMPT/Referendum-PT-1000/RC-03.smt2,sat,0.5273733139038086
/20220307-SMPT/Referendum-PT-1000/RF-02.smt2,unsat,1.333
/20220307-SMPT/Referendum-PT-1000/RC-11.smt2,unsat,0.05942869186401367
/20220307-SMPT/Referendum-PT-1000/RF-03.smt2,sat,0.24299907684326172
/20220307-SMPT/Referendum-PT-1000/RC-01.smt2,sat,0.42087268829345703
/20220307-SMPT/Referendum-PT-1000/RF-00.smt2,unsat,0.06989192962646484
/20220307-SMPT/Referendum-PT-1000/RC-04.smt2,unsat,0.0602107048034668
/20220307-SMPT/Referendum-PT-1000/RF-11.smt2,sat,0.33838534355163574
/20220307-SMPT/Referendum-PT-1000/RC-13.smt2,sat,0.30975985527038574
/20220307-SMPT/Referendum-PT-1000/RC-06.smt2,unsat,0.047833919525146484
/20220307-SMPT/Referendum-PT-1000/RC-14.smt2,unsat,0.0544435977935791
/20220307-SMPT/Referendum-PT-1000/RC-10.smt2,unsat,0.058324337005615234
/20220307-SMPT/Referendum-PT-1000/RF-04.smt2,unsat,1.376
/20220307-SMPT/Referendum-PT-1000/RF-01.smt2,unsat,0.05036163330078125
/20220307-SMPT/Referendum-PT-1000/RF-13.smt2,sat,0.34337568283081055
/20220307-SMPT/Referendum-PT-1000/RC-05.smt2,unsat,0.055597543716430664
/20220307-SMPT/Referendum-PT-1000/RC-00.smt2,unsat,0.832953929901123
/20220307-SMPT/Referendum-PT-1000/RF-05.smt2,unsat,0.060659170150756836
/20220307-SMPT/Referendum-PT-1000/RF-07.smt2,unsat,0.05631232261657715
/20220307-SMPT/Referendum-PT-1000/RF-10.smt2,sat,0.3372955322265625
/20220307-SMPT/Referendum-PT-1000/RF-08.smt2,sat,0.32691311836242676
/20220307-SMPT/Referendum-PT-1000/RC-08.smt2,unsat,0.0591120719909668
/20220307-SMPT/Referendum-PT-1000/RF-15.smt2,sat,0.3600301742553711
/20220307-SMPT/Referendum-PT-1000/RF-09.smt2,sat,0.35025978088378906
/20220307-SMPT/Referendum-PT-1000/RC-07.smt2,unsat,0.04526782035827637
/20220307-SMPT/Referendum-PT-1000/RF-06.smt2,unsat,0.06743454933166504
/20220307-SMPT/Referendum-PT-1000/RC-09.smt2,sat,0.3325321674346924
/20220307-SMPT/Referendum-PT-1000/RC-15.smt2,unsat,0.055814266204833984
/20220307-SMPT/Referendum-PT-1000/RC-12.smt2,unsat,0.07216548919677734
/20220307-SMPT/Referendum-PT-1000/RF-14.smt2,sat,0.32836079597473145
/20220307-SMPT/Eratosthenes-PT-500/RC-02.smt2,unsat,0.01604747772216797
/20220307-SMPT/Eratosthenes-PT-500/RF-12.smt2,sat,0.032675981521606445
/20220307-SMPT/Eratosthenes-PT-500/RC-03.smt2,unsat,0.013948678970336914
/20220307-SMPT/Eratosthenes-PT-500/RF-02.smt2,sat,0.02891373634338379
/20220307-SMPT/Eratosthenes-PT-500/RC-11.smt2,unsat,0.015523910522460938
/20220307-SMPT/Eratosthenes-PT-500/RF-03.smt2,sat,0.031029701232910156
/20220307-SMPT/Eratosthenes-PT-500/RC-01.smt2,unsat,0.012672662734985352
/20220307-SMPT/Eratosthenes-PT-500/RF-00.smt2,sat,0.030204057693481445
/20220307-SMPT/Eratosthenes-PT-500/RC-04.smt2,unsat,0.013050556182861328
/20220307-SMPT/Eratosthenes-PT-500/RF-11.smt2,sat,0.031122446060180664
/20220307-SMPT/Eratosthenes-PT-500/RC-13.smt2,unsat,0.012550830841064453
/20220307-SMPT/Eratosthenes-PT-500/RC-06.smt2,unsat,0.014394998550415039
/20220307-SMPT/Eratosthenes-PT-500/RC-14.smt2,unsat,0.014049530029296875
/20220307-SMPT/Eratosthenes-PT-500/RC-10.smt2,unsat,0.01640176773071289
/20220307-SMPT/Eratosthenes-PT-500/RF-04.smt2,sat,0.028314590454101562
/20220307-SMPT/Eratosthenes-PT-500/RF-01.smt2,sat,0.02996683120727539
/20220307-SMPT/Eratosthenes-PT-500/RF-13.smt2,sat,0.029721975326538086
/20220307-SMPT/Eratosthenes-PT-500/RC-05.smt2,unsat,0.01773214340209961
/20220307-SMPT/Eratosthenes-PT-500/RC-00.smt2,unsat,0.01676344871520996
/20220307-SMPT/Eratosthenes-PT-500/RF-05.smt2,sat,0.033330678939819336
/20220307-SMPT/Eratosthenes-PT-500/RF-07.smt2,sat,0.04310345649719238
/20220307-SMPT/Eratosthenes-PT-500/RF-10.smt2,sat,0.030988454818725586
/20220307-SMPT/Eratosthenes-PT-500/RF-08.smt2,sat,0.03762388229370117
/20220307-SMPT/Eratosthenes-PT-500/RC-08.smt2,unsat,0.012798070907592773
/20220307-SMPT/Eratosthenes-PT-500/RF-15.smt2,sat,0.032135725021362305
/20220307-SMPT/Eratosthenes-PT-500/RF-09.smt2,sat,0.039073944091796875
/20220307-SMPT/Eratosthenes-PT-500/RC-07.smt2,unsat,0.016789674758911133
/20220307-SMPT/Eratosthenes-PT-500/RF-06.smt2,sat,0.032267093658447266
/20220307-SMPT/Eratosthenes-PT-500/RC-09.smt2,unsat,0.012799501419067383
/20220307-SMPT/Eratosthenes-PT-500/RC-15.smt2,unsat,0.013935327529907227
/20220307-SMPT/Eratosthenes-PT-500/RC-12.smt2,sat,0.03210330009460449
/20220307-SMPT/Eratosthenes-PT-500/RF-14.smt2,sat,0.030298233032226562
/20220307-SMPT/Referendum-PT-015/RC-02.smt2,unsat,0.006270647048950195
/20220307-SMPT/Referendum-PT-015/RF-12.smt2,unsat,0.009305953979492188
/20220307-SMPT/Referendum-PT-015/RC-03.smt2,sat,0.01200723648071289
/20220307-SMPT/Referendum-PT-015/RF-02.smt2,unsat,0.011860132217407227
/20220307-SMPT/Referendum-PT-015/RC-11.smt2,unsat,0.010685205459594727
/20220307-SMPT/Referendum-PT-015/RF-03.smt2,sat,0.011218786239624023
/20220307-SMPT/Referendum-PT-015/RC-01.smt2,unsat,0.006114959716796875
/20220307-SMPT/Referendum-PT-015/RF-00.smt2,unsat,0.010672330856323242
/20220307-SMPT/Referendum-PT-015/RC-04.smt2,unsat,0.007097482681274414
/20220307-SMPT/Referendum-PT-015/RF-11.smt2,unsat,0.0077054500579833984
/20220307-SMPT/Referendum-PT-015/RC-13.smt2,unsat,0.0109100341796875
/20220307-SMPT/Referendum-PT-015/RC-06.smt2,unsat,0.008055686950683594
/20220307-SMPT/Referendum-PT-015/RC-14.smt2,unsat,0.01026773452758789
/20220307-SMPT/Referendum-PT-015/RC-10.smt2,unsat,0.009332895278930664
/20220307-SMPT/Referendum-PT-015/RF-04.smt2,unsat,0.008248567581176758
/20220307-SMPT/Referendum-PT-015/RF-01.smt2,unsat,0.008187532424926758
/20220307-SMPT/Referendum-PT-015/RF-13.smt2,unsat,0.010239601135253906
/20220307-SMPT/Referendum-PT-015/RC-05.smt2,unsat,0.010602712631225586
/20220307-SMPT/Referendum-PT-015/RC-00.smt2,unsat,0.016463041305541992
/20220307-SMPT/Referendum-PT-015/RF-05.smt2,sat,0.010756254196166992
/20220307-SMPT/Referendum-PT-015/RF-07.smt2,unsat,0.007993221282958984
/20220307-SMPT/Referendum-PT-015/RF-10.smt2,unsat,0.00866079330444336
/20220307-SMPT/Referendum-PT-015/RF-08.smt2,unsat,0.00750279426574707
/20220307-SMPT/Referendum-PT-015/RC-08.smt2,unsat,0.00961446762084961
/20220307-SMPT/Referendum-PT-015/RF-15.smt2,sat,0.009890556335449219
/20220307-SMPT/Referendum-PT-015/RF-09.smt2,unsat,0.007336616516113281
/20220307-SMPT/Referendum-PT-015/RC-07.smt2,sat,0.020241260528564453
/20220307-SMPT/Referendum-PT-015/RF-06.smt2,sat,0.01000833511352539
/20220307-SMPT/Referendum-PT-015/RC-09.smt2,unsat,0.009455204010009766
/20220307-SMPT/Referendum-PT-015/RC-15.smt2,unsat,0.009498119354248047
/20220307-SMPT/Referendum-PT-015/RC-12.smt2,unsat,0.009223461151123047
/20220307-SMPT/Referendum-PT-015/RF-14.smt2,unsat,0.007056236267089844
/20220307-SMPT/IOTPpurchase-PT-C12M10P15D17/RC-02.smt2,sat,0.01685357093811035
/20220307-SMPT/IOTPpurchase-PT-C12M10P15D17/RF-12.smt2,sat,0.017343997955322266
/20220307-SMPT/IOTPpurchase-PT-C12M10P15D17/RC-03.smt2,sat,0.015133142471313477
/20220307-SMPT/IOTPpurchase-PT-C12M10P15D17/RF-02.smt2,sat,0.017920970916748047
/20220307-SMPT/IOTPpurchase-PT-C12M10P15D17/RC-11.smt2,unsat,0.013644695281982422
/20220307-SMPT/IOTPpurchase-PT-C12M10P15D17/RF-03.smt2,sat,0.0180511474609375
/20220307-SMPT/IOTPpurchase-PT-C12M10P15D17/RC-01.smt2,unsat,0.013963699340820312
/20220307-SMPT/IOTPpurchase-PT-C12M10P15D17/RF-00.smt2,sat,0.016779422760009766
/20220307-SMPT/IOTPpurchase-PT-C12M10P15D17/RC-04.smt2,sat,0.016064167022705078
/20220307-SMPT/IOTPpurchase-PT-C12M10P15D17/RF-11.smt2,sat,0.020327329635620117
/20220307-SMPT/IOTPpurchase-PT-C12M10P15D17/RC-13.smt2,sat,0.018235206604003906
/20220307-SMPT/IOTPpurchase-PT-C12M10P15D17/RC-06.smt2,sat,0.017978668212890625
/20220307-SMPT/IOTPpurchase-PT-C12M10P15D17/RC-14.smt2,sat,0.019088268280029297
/20220307-SMPT/IOTPpurchase-PT-C12M10P15D17/RC-10.smt2,sat,0.016235828399658203
/20220307-SMPT/IOTPpurchase-PT-C12M10P15D17/RF-04.smt2,sat,0.01882791519165039
/20220307-SMPT/IOTPpurchase-PT-C12M10P15D17/RF-01.smt2,sat,0.017278432846069336
/20220307-SMPT/IOTPpurchase-PT-C12M10P15D17/RF-13.smt2,sat,0.01703667640686035
/20220307-SMPT/IOTPpurchase-PT-C12M10P15D17/RC-05.smt2,sat,0.016417980194091797
/20220307-SMPT/IOTPpurchase-PT-C12M10P15D17/RC-00.smt2,sat,0.017548084259033203
/20220307-SMPT/IOTPpurchase-PT-C12M10P15D17/RF-05.smt2,sat,0.01662468910217285
/20220307-SMPT/IOTPpurchase-PT-C12M10P15D17/RF-07.smt2,unsat,0.009339332580566406
/20220307-SMPT/IOTPpurchase-PT-C12M10P15D17/RF-10.smt2,sat,0.019268512725830078
/20220307-SMPT/IOTPpurchase-PT-C12M10P15D17/RF-08.smt2,sat,0.01604604721069336
/20220307-SMPT/IOTPpurchase-PT-C12M10P15D17/RC-08.smt2,sat,0.016918182373046875
/20220307-SMPT/IOTPpurchase-PT-C12M10P15D17/RF-15.smt2,sat,0.01670050621032715
/20220307-SMPT/IOTPpurchase-PT-C12M10P15D17/RF-09.smt2,sat,0.017423629760742188
/20220307-SMPT/IOTPpurchase-PT-C12M10P15D17/RC-07.smt2,sat,0.01976609230041504
/20220307-SMPT/IOTPpurchase-PT-C12M10P15D17/RF-06.smt2,sat,0.019716262817382812
/20220307-SMPT/IOTPpurchase-PT-C12M10P15D17/RC-09.smt2,sat,0.017390966415405273
/20220307-SMPT/IOTPpurchase-PT-C12M10P15D17/RC-15.smt2,sat,0.016574382781982422
/20220307-SMPT/IOTPpurchase-PT-C12M10P15D17/RC-12.smt2,sat,0.016039609909057617
/20220307-SMPT/IOTPpurchase-PT-C12M10P15D17/RF-14.smt2,sat,0.0169680118560791
/20220307-SMPT/IOTPpurchase-PT-C03M03P03D03/RC-02.smt2,unsat,0.016033172607421875
/20220307-SMPT/IOTPpurchase-PT-C03M03P03D03/RF-12.smt2,sat,0.01896071434020996
/20220307-SMPT/IOTPpurchase-PT-C03M03P03D03/RC-03.smt2,sat,0.018028736114501953
/20220307-SMPT/IOTPpurchase-PT-C03M03P03D03/RF-02.smt2,sat,0.015932321548461914
/20220307-SMPT/IOTPpurchase-PT-C03M03P03D03/RC-11.smt2,unsat,0.013677835464477539
/20220307-SMPT/IOTPpurchase-PT-C03M03P03D03/RF-03.smt2,sat,0.017241239547729492
/20220307-SMPT/IOTPpurchase-PT-C03M03P03D03/RC-01.smt2,unsat,0.014254331588745117
/20220307-SMPT/IOTPpurchase-PT-C03M03P03D03/RF-00.smt2,sat,0.017633438110351562
/20220307-SMPT/IOTPpurchase-PT-C03M03P03D03/RC-04.smt2,sat,0.01587080955505371
/20220307-SMPT/IOTPpurchase-PT-C03M03P03D03/RF-11.smt2,sat,0.017355918884277344
/20220307-SMPT/IOTPpurchase-PT-C03M03P03D03/RC-13.smt2,sat,0.01840496063232422
/20220307-SMPT/IOTPpurchase-PT-C03M03P03D03/RC-06.smt2,sat,0.016710996627807617
/20220307-SMPT/IOTPpurchase-PT-C03M03P03D03/RC-14.smt2,unsat,0.016384601593017578
/20220307-SMPT/IOTPpurchase-PT-C03M03P03D03/RC-10.smt2,unsat,0.018344402313232422
/20220307-SMPT/IOTPpurchase-PT-C03M03P03D03/RF-04.smt2,sat,0.01887798309326172
/20220307-SMPT/IOTPpurchase-PT-C03M03P03D03/RF-01.smt2,sat,0.017847299575805664
/20220307-SMPT/IOTPpurchase-PT-C03M03P03D03/RF-13.smt2,sat,0.019215822219848633
/20220307-SMPT/IOTPpurchase-PT-C03M03P03D03/RC-05.smt2,sat,0.01859307289123535
/20220307-SMPT/IOTPpurchase-PT-C03M03P03D03/RC-00.smt2,sat,0.018256664276123047
/20220307-SMPT/IOTPpurchase-PT-C03M03P03D03/RF-05.smt2,sat,0.01789236068725586
/20220307-SMPT/IOTPpurchase-PT-C03M03P03D03/RF-07.smt2,sat,0.015800952911376953
/20220307-SMPT/IOTPpurchase-PT-C03M03P03D03/RF-10.smt2,sat,0.01986098289489746
/20220307-SMPT/IOTPpurchase-PT-C03M03P03D03/RF-08.smt2,sat,0.018141508102416992
/20220307-SMPT/IOTPpurchase-PT-C03M03P03D03/RC-08.smt2,sat,0.017444372177124023
/20220307-SMPT/IOTPpurchase-PT-C03M03P03D03/RF-15.smt2,sat,0.016997814178466797
/20220307-SMPT/IOTPpurchase-PT-C03M03P03D03/RF-09.smt2,sat,0.016238927841186523
/20220307-SMPT/IOTPpurchase-PT-C03M03P03D03/RC-07.smt2,unsat,0.011938810348510742
/20220307-SMPT/IOTPpurchase-PT-C03M03P03D03/RF-06.smt2,unsat,0.01631951332092285
/20220307-SMPT/IOTPpurchase-PT-C03M03P03D03/RC-09.smt2,unsat,0.016443252563476562
/20220307-SMPT/IOTPpurchase-PT-C03M03P03D03/RC-15.smt2,sat,0.015764474868774414
/20220307-SMPT/IOTPpurchase-PT-C03M03P03D03/RC-12.smt2,sat,0.018454790115356445
/20220307-SMPT/IOTPpurchase-PT-C03M03P03D03/RF-14.smt2,sat,0.01932215690612793
/20220307-SMPT/SharedMemory-PT-000020/RC-02.smt2,unsat,1.196364402770996
/20220307-SMPT/SharedMemory-PT-000020/RF-12.smt2,unsat,1.3259692192077637
/20220307-SMPT/SharedMemory-PT-000020/RC-03.smt2,sat,2.299361228942871
/20220307-SMPT/SharedMemory-PT-000020/RF-02.smt2,unsat,0.055773019790649414
/20220307-SMPT/SharedMemory-PT-000020/RC-11.smt2,unsat,0.20205235481262207
/20220307-SMPT/SharedMemory-PT-000020/RF-03.smt2,sat,1.462803602218628
/20220307-SMPT/SharedMemory-PT-000020/RC-01.smt2,sat,1.1983578205108643
/20220307-SMPT/SharedMemory-PT-000020/RF-00.smt2,unsat,0.0541226863861084
/20220307-SMPT/SharedMemory-PT-000020/RC-04.smt2,unsat,1.1992056369781494
/20220307-SMPT/SharedMemory-PT-000020/RF-11.smt2,unsat,0.6592192649841309
/20220307-SMPT/SharedMemory-PT-000020/RC-13.smt2,unsat,0.20813894271850586
/20220307-SMPT/SharedMemory-PT-000020/RC-06.smt2,unsat,0.16936182975769043
/20220307-SMPT/SharedMemory-PT-000020/RC-14.smt2,unsat,0.20514273643493652
/20220307-SMPT/SharedMemory-PT-000020/RC-10.smt2,unsat,1.1006202697753906
/20220307-SMPT/SharedMemory-PT-000020/RF-04.smt2,sat,1.237196683883667
/20220307-SMPT/SharedMemory-PT-000020/RF-01.smt2,sat,0.40740227699279785
/20220307-SMPT/SharedMemory-PT-000020/RF-13.smt2,unsat,0.24956893920898438
/20220307-SMPT/SharedMemory-PT-000020/RC-05.smt2,unsat,0.16117429733276367
/20220307-SMPT/SharedMemory-PT-000020/RC-00.smt2,sat,1.220289945602417
/20220307-SMPT/SharedMemory-PT-000020/RF-05.smt2,unsat,0.050896644592285156
/20220307-SMPT/SharedMemory-PT-000020/RF-07.smt2,sat,1.5981991291046143
/20220307-SMPT/SharedMemory-PT-000020/RF-10.smt2,unsat,1.1510076522827148
/20220307-SMPT/SharedMemory-PT-000020/RF-08.smt2,unsat,1.2188735008239746
/20220307-SMPT/SharedMemory-PT-000020/RC-08.smt2,unsat,1.2044222354888916
/20220307-SMPT/SharedMemory-PT-000020/RF-15.smt2,unsat,1.1433498859405518
/20220307-SMPT/SharedMemory-PT-000020/RF-09.smt2,unsat,0.9733281135559082
/20220307-SMPT/SharedMemory-PT-000020/RC-07.smt2,unsat,0.1674971580505371
/20220307-SMPT/SharedMemory-PT-000020/RF-06.smt2,sat,1.2844061851501465
/20220307-SMPT/SharedMemory-PT-000020/RC-09.smt2,unsat,0.20131254196166992
/20220307-SMPT/SharedMemory-PT-000020/RC-15.smt2,unsat,1.261364221572876
/20220307-SMPT/SharedMemory-PT-000020/RC-12.smt2,unsat,1.2507500648498535
/20220307-SMPT/SharedMemory-PT-000020/RF-14.smt2,unsat,0.21158576011657715
/20220307-SMPT/SharedMemory-PT-000005/RC-02.smt2,sat,0.01804375648498535
/20220307-SMPT/SharedMemory-PT-000005/RF-12.smt2,sat,0.0218961238861084
/20220307-SMPT/SharedMemory-PT-000005/RC-03.smt2,sat,0.019097566604614258
/20220307-SMPT/SharedMemory-PT-000005/RF-02.smt2,sat,0.027848005294799805
/20220307-SMPT/SharedMemory-PT-000005/RC-11.smt2,sat,0.019440650939941406
/20220307-SMPT/SharedMemory-PT-000005/RF-03.smt2,unsat,0.008815765380859375
/20220307-SMPT/SharedMemory-PT-000005/RC-01.smt2,unsat,0.014912843704223633
/20220307-SMPT/SharedMemory-PT-000005/RF-00.smt2,sat,0.0212557315826416
/20220307-SMPT/SharedMemory-PT-000005/RC-04.smt2,sat,0.017144203186035156
/20220307-SMPT/SharedMemory-PT-000005/RF-11.smt2,sat,0.017930030822753906
/20220307-SMPT/SharedMemory-PT-000005/RC-13.smt2,sat,0.017751216888427734
/20220307-SMPT/SharedMemory-PT-000005/RC-06.smt2,sat,0.017643213272094727
/20220307-SMPT/SharedMemory-PT-000005/RC-14.smt2,sat,0.01834702491760254
/20220307-SMPT/SharedMemory-PT-000005/RC-10.smt2,sat,0.01714324951171875
/20220307-SMPT/SharedMemory-PT-000005/RF-04.smt2,sat,0.02228569984436035
/20220307-SMPT/SharedMemory-PT-000005/RF-01.smt2,sat,0.018892765045166016
/20220307-SMPT/SharedMemory-PT-000005/RF-13.smt2,sat,0.018366336822509766
/20220307-SMPT/SharedMemory-PT-000005/RC-05.smt2,sat,0.021831512451171875
/20220307-SMPT/SharedMemory-PT-000005/RC-00.smt2,sat,0.018128633499145508
/20220307-SMPT/SharedMemory-PT-000005/RF-05.smt2,sat,0.02016758918762207
/20220307-SMPT/SharedMemory-PT-000005/RF-07.smt2,sat,0.020748615264892578
/20220307-SMPT/SharedMemory-PT-000005/RF-10.smt2,sat,0.02095818519592285
/20220307-SMPT/SharedMemory-PT-000005/RF-08.smt2,sat,0.01779007911682129
/20220307-SMPT/SharedMemory-PT-000005/RC-08.smt2,unsat,0.0171661376953125
/20220307-SMPT/SharedMemory-PT-000005/RF-15.smt2,sat,0.020875930786132812
/20220307-SMPT/SharedMemory-PT-000005/RF-09.smt2,sat,0.01973748207092285
/20220307-SMPT/SharedMemory-PT-000005/RC-07.smt2,sat,0.017897844314575195
/20220307-SMPT/SharedMemory-PT-000005/RF-06.smt2,sat,0.022188425064086914
/20220307-SMPT/SharedMemory-PT-000005/RC-09.smt2,sat,0.02089381217956543
/20220307-SMPT/SharedMemory-PT-000005/RC-15.smt2,unsat,0.0167233943939209
/20220307-SMPT/SharedMemory-PT-000005/RC-12.smt2,unsat,0.017802953720092773
/20220307-SMPT/SharedMemory-PT-000005/RF-14.smt2,sat,0.01876521110534668
/20220307-SMPT/CircularTrains-PT-024/RC-02.smt2,unsat,0.01195216178894043
/20220307-SMPT/CircularTrains-PT-024/RF-12.smt2,unsat,0.012388229370117188
/20220307-SMPT/CircularTrains-PT-024/RC-03.smt2,unsat,0.013113975524902344
/20220307-SMPT/CircularTrains-PT-024/RF-02.smt2,unsat,0.012199163436889648
/20220307-SMPT/CircularTrains-PT-024/RC-11.smt2,unsat,0.007395505905151367
/20220307-SMPT/CircularTrains-PT-024/RF-03.smt2,unsat,0.011797428131103516
/20220307-SMPT/CircularTrains-PT-024/RC-01.smt2,unsat,0.010149002075195312
/20220307-SMPT/CircularTrains-PT-024/RF-00.smt2,unsat,0.008105993270874023
/20220307-SMPT/CircularTrains-PT-024/RC-04.smt2,unsat,0.011288642883300781
/20220307-SMPT/CircularTrains-PT-024/RF-11.smt2,unsat,0.01182699203491211
/20220307-SMPT/CircularTrains-PT-024/RC-13.smt2,unsat,0.01266026496887207
/20220307-SMPT/CircularTrains-PT-024/RC-06.smt2,unsat,0.010797739028930664
/20220307-SMPT/CircularTrains-PT-024/RC-14.smt2,unsat,0.011548280715942383
/20220307-SMPT/CircularTrains-PT-024/RC-10.smt2,unsat,0.011737346649169922
/20220307-SMPT/CircularTrains-PT-024/RF-04.smt2,unsat,0.012597799301147461
/20220307-SMPT/CircularTrains-PT-024/RF-01.smt2,unsat,0.012155771255493164
/20220307-SMPT/CircularTrains-PT-024/RF-13.smt2,unsat,0.007430315017700195
/20220307-SMPT/CircularTrains-PT-024/RC-05.smt2,unsat,0.01267552375793457
/20220307-SMPT/CircularTrains-PT-024/RC-00.smt2,unsat,0.011719703674316406
/20220307-SMPT/CircularTrains-PT-024/RF-05.smt2,unsat,0.011450052261352539
/20220307-SMPT/CircularTrains-PT-024/RF-07.smt2,sat,0.013294219970703125
/20220307-SMPT/CircularTrains-PT-024/RF-10.smt2,unsat,0.020334720611572266
/20220307-SMPT/CircularTrains-PT-024/RF-08.smt2,unsat,0.01232004165649414
/20220307-SMPT/CircularTrains-PT-024/RC-08.smt2,unsat,0.011402130126953125
/20220307-SMPT/CircularTrains-PT-024/RF-15.smt2,unsat,0.011746644973754883
/20220307-SMPT/CircularTrains-PT-024/RF-09.smt2,unsat,0.012642621994018555
/20220307-SMPT/CircularTrains-PT-024/RC-07.smt2,unsat,0.013340473175048828
/20220307-SMPT/CircularTrains-PT-024/RF-06.smt2,sat,0.01349020004272461
/20220307-SMPT/CircularTrains-PT-024/RC-09.smt2,sat,0.012089252471923828
/20220307-SMPT/CircularTrains-PT-024/RC-15.smt2,unsat,0.012876749038696289
/20220307-SMPT/CircularTrains-PT-024/RC-12.smt2,unsat,0.012893438339233398
/20220307-SMPT/CircularTrains-PT-024/RF-14.smt2,unsat,0.012627363204956055
/20220307-SMPT/Diffusion2D-PT-D20N100/RC-02.smt2,sat,0.05075979232788086
/20220307-SMPT/Diffusion2D-PT-D20N100/RF-12.smt2,sat,0.051102399826049805
/20220307-SMPT/Diffusion2D-PT-D20N100/RC-03.smt2,sat,0.05304288864135742
/20220307-SMPT/Diffusion2D-PT-D20N100/RF-02.smt2,sat,0.053832292556762695
/20220307-SMPT/Diffusion2D-PT-D20N100/RC-11.smt2,sat,0.058516740798950195
/20220307-SMPT/Diffusion2D-PT-D20N100/RF-03.smt2,sat,0.05470633506774902
/20220307-SMPT/Diffusion2D-PT-D20N100/RC-01.smt2,sat,0.0496826171875
/20220307-SMPT/Diffusion2D-PT-D20N100/RF-00.smt2,sat,0.05193614959716797
/20220307-SMPT/Diffusion2D-PT-D20N100/RC-04.smt2,sat,0.050353050231933594
/20220307-SMPT/Diffusion2D-PT-D20N100/RF-11.smt2,sat,0.05394577980041504
/20220307-SMPT/Diffusion2D-PT-D20N100/RC-13.smt2,sat,0.049651145935058594
/20220307-SMPT/Diffusion2D-PT-D20N100/RC-06.smt2,sat,0.05639171600341797
/20220307-SMPT/Diffusion2D-PT-D20N100/RC-14.smt2,sat,0.05356550216674805
/20220307-SMPT/Diffusion2D-PT-D20N100/RC-10.smt2,sat,0.05100870132446289
/20220307-SMPT/Diffusion2D-PT-D20N100/RF-04.smt2,sat,0.05234408378601074
/20220307-SMPT/Diffusion2D-PT-D20N100/RF-01.smt2,sat,0.051667213439941406
/20220307-SMPT/Diffusion2D-PT-D20N100/RF-13.smt2,sat,0.05471515655517578
/20220307-SMPT/Diffusion2D-PT-D20N100/RC-05.smt2,sat,0.04826164245605469
/20220307-SMPT/Diffusion2D-PT-D20N100/RC-00.smt2,sat,0.0561068058013916
/20220307-SMPT/Diffusion2D-PT-D20N100/RF-05.smt2,sat,0.05095505714416504
/20220307-SMPT/Diffusion2D-PT-D20N100/RF-07.smt2,sat,0.04844999313354492
/20220307-SMPT/Diffusion2D-PT-D20N100/RF-10.smt2,sat,0.05411338806152344
/20220307-SMPT/Diffusion2D-PT-D20N100/RF-08.smt2,sat,0.04919099807739258
/20220307-SMPT/Diffusion2D-PT-D20N100/RC-08.smt2,sat,0.05556821823120117
/20220307-SMPT/Diffusion2D-PT-D20N100/RF-15.smt2,sat,0.048235177993774414
/20220307-SMPT/Diffusion2D-PT-D20N100/RF-09.smt2,sat,0.049067020416259766
/20220307-SMPT/Diffusion2D-PT-D20N100/RC-07.smt2,sat,0.05115485191345215
/20220307-SMPT/Diffusion2D-PT-D20N100/RF-06.smt2,sat,0.05362868309020996
/20220307-SMPT/Diffusion2D-PT-D20N100/RC-09.smt2,sat,0.05103325843811035
/20220307-SMPT/Diffusion2D-PT-D20N100/RC-15.smt2,sat,0.05136442184448242
/20220307-SMPT/Diffusion2D-PT-D20N100/RC-12.smt2,sat,0.05539655685424805
/20220307-SMPT/Diffusion2D-PT-D20N100/RF-14.smt2,sat,0.05457496643066406
/20220307-SMPT/ERK-PT-010000/RC-02.smt2,sat,0.008520364761352539
/20220307-SMPT/ERK-PT-010000/RF-12.smt2,sat,0.008635997772216797
/20220307-SMPT/ERK-PT-010000/RC-03.smt2,sat,0.0076520442962646484
/20220307-SMPT/ERK-PT-010000/RF-02.smt2,unsat,0.005
/20220307-SMPT/ERK-PT-010000/RC-11.smt2,sat,0.0069675445556640625
/20220307-SMPT/ERK-PT-010000/RF-03.smt2,sat,0.007364511489868164
/20220307-SMPT/ERK-PT-010000/RC-01.smt2,unsat,0.005
/20220307-SMPT/ERK-PT-010000/RF-00.smt2,sat,0.008787393569946289
/20220307-SMPT/ERK-PT-010000/RC-04.smt2,sat,0.007477760314941406
/20220307-SMPT/ERK-PT-010000/RF-11.smt2,sat,0.00840306282043457
/20220307-SMPT/ERK-PT-010000/RC-13.smt2,sat,0.007151365280151367
/20220307-SMPT/ERK-PT-010000/RC-06.smt2,unsat,0.004
/20220307-SMPT/ERK-PT-010000/RC-14.smt2,sat,0.007402658462524414
/20220307-SMPT/ERK-PT-010000/RC-10.smt2,sat,0.01
/20220307-SMPT/ERK-PT-010000/RF-01.smt2,sat,0.0064258575439453125
/20220307-SMPT/ERK-PT-010000/RC-05.smt2,unsat,0.008102178573608398
/20220307-SMPT/ERK-PT-010000/RC-00.smt2,sat,0.006079912185668945
/20220307-SMPT/ERK-PT-010000/RF-05.smt2,sat,0.007863759994506836
/20220307-SMPT/ERK-PT-010000/RF-07.smt2,sat,0.007070064544677734
/20220307-SMPT/ERK-PT-010000/RF-10.smt2,sat,0.006859302520751953
/20220307-SMPT/ERK-PT-010000/RC-08.smt2,sat,0.007691621780395508
/20220307-SMPT/ERK-PT-010000/RF-09.smt2,sat,0.008188009262084961
/20220307-SMPT/ERK-PT-010000/RC-07.smt2,sat,0.008822202682495117
/20220307-SMPT/ERK-PT-010000/RC-09.smt2,sat,0.00724029541015625
/20220307-SMPT/ERK-PT-010000/RC-15.smt2,sat,0.006688117980957031
/20220307-SMPT/ERK-PT-010000/RC-12.smt2,sat,0.008
/20220307-SMPT/ERK-PT-010000/RF-14.smt2,sat,0.007113456726074219
/20220307-SMPT/Diffusion2D-PT-D40N100/RC-02.smt2,sat,0.19763493537902832
/20220307-SMPT/Diffusion2D-PT-D40N100/RF-12.smt2,sat,0.20087718963623047
/20220307-SMPT/Diffusion2D-PT-D40N100/RC-03.smt2,sat,0.24093103408813477
/20220307-SMPT/Diffusion2D-PT-D40N100/RF-02.smt2,sat,0.20052480697631836
/20220307-SMPT/Diffusion2D-PT-D40N100/RC-11.smt2,sat,0.22959351539611816
/20220307-SMPT/Diffusion2D-PT-D40N100/RF-03.smt2,sat,0.21496224403381348
/20220307-SMPT/Diffusion2D-PT-D40N100/RC-01.smt2,sat,0.23531270027160645
/20220307-SMPT/Diffusion2D-PT-D40N100/RF-00.smt2,sat,0.2555832862854004
/20220307-SMPT/Diffusion2D-PT-D40N100/RC-04.smt2,sat,0.21055960655212402
/20220307-SMPT/Diffusion2D-PT-D40N100/RF-11.smt2,sat,0.22361087799072266
/20220307-SMPT/Diffusion2D-PT-D40N100/RC-13.smt2,sat,0.22601032257080078
/20220307-SMPT/Diffusion2D-PT-D40N100/RC-06.smt2,sat,0.24089837074279785
/20220307-SMPT/Diffusion2D-PT-D40N100/RC-14.smt2,sat,0.2026205062866211
/20220307-SMPT/Diffusion2D-PT-D40N100/RC-10.smt2,sat,0.20426130294799805
/20220307-SMPT/Diffusion2D-PT-D40N100/RF-04.smt2,sat,0.2207198143005371
/20220307-SMPT/Diffusion2D-PT-D40N100/RF-01.smt2,sat,0.21298480033874512
/20220307-SMPT/Diffusion2D-PT-D40N100/RF-13.smt2,sat,0.2411341667175293
/20220307-SMPT/Diffusion2D-PT-D40N100/RC-05.smt2,sat,0.21817731857299805
/20220307-SMPT/Diffusion2D-PT-D40N100/RC-00.smt2,sat,0.2144031524658203
/20220307-SMPT/Diffusion2D-PT-D40N100/RF-05.smt2,sat,0.2122941017150879
/20220307-SMPT/Diffusion2D-PT-D40N100/RF-07.smt2,sat,0.26524806022644043
/20220307-SMPT/Diffusion2D-PT-D40N100/RF-10.smt2,sat,0.20356011390686035
/20220307-SMPT/Diffusion2D-PT-D40N100/RF-08.smt2,sat,0.23367524147033691
/20220307-SMPT/Diffusion2D-PT-D40N100/RC-08.smt2,sat,0.1991109848022461
/20220307-SMPT/Diffusion2D-PT-D40N100/RF-15.smt2,sat,0.23935389518737793
/20220307-SMPT/Diffusion2D-PT-D40N100/RF-09.smt2,sat,0.20772743225097656
/20220307-SMPT/Diffusion2D-PT-D40N100/RC-07.smt2,sat,0.24050331115722656
/20220307-SMPT/Diffusion2D-PT-D40N100/RF-06.smt2,sat,0.23900628089904785
/20220307-SMPT/Diffusion2D-PT-D40N100/RC-09.smt2,sat,0.21780729293823242
/20220307-SMPT/Diffusion2D-PT-D40N100/RC-15.smt2,sat,0.21564602851867676
/20220307-SMPT/Diffusion2D-PT-D40N100/RC-12.smt2,sat,0.20431971549987793
/20220307-SMPT/Diffusion2D-PT-D40N100/RF-14.smt2,sat,0.21347689628601074
/20220307-SMPT/Diffusion2D-PT-D50N050/RC-02.smt2,sat,0.38843607902526855
/20220307-SMPT/Diffusion2D-PT-D50N050/RF-12.smt2,sat,0.318159818649292
/20220307-SMPT/Diffusion2D-PT-D50N050/RC-03.smt2,sat,0.3275609016418457
/20220307-SMPT/Diffusion2D-PT-D50N050/RF-02.smt2,sat,0.4292335510253906
/20220307-SMPT/Diffusion2D-PT-D50N050/RC-11.smt2,sat,0.3164370059967041
/20220307-SMPT/Diffusion2D-PT-D50N050/RF-03.smt2,sat,0.40755414962768555
/20220307-SMPT/Diffusion2D-PT-D50N050/RC-01.smt2,sat,0.3895273208618164
/20220307-SMPT/Diffusion2D-PT-D50N050/RF-00.smt2,sat,0.39377737045288086
/20220307-SMPT/Diffusion2D-PT-D50N050/RC-04.smt2,sat,0.3910868167877197
/20220307-SMPT/Diffusion2D-PT-D50N050/RF-11.smt2,sat,0.33825135231018066
/20220307-SMPT/Diffusion2D-PT-D50N050/RC-13.smt2,sat,0.35933566093444824
/20220307-SMPT/Diffusion2D-PT-D50N050/RC-06.smt2,sat,0.38242220878601074
/20220307-SMPT/Diffusion2D-PT-D50N050/RC-14.smt2,sat,0.381450891494751
/20220307-SMPT/Diffusion2D-PT-D50N050/RC-10.smt2,sat,0.34058141708374023
/20220307-SMPT/Diffusion2D-PT-D50N050/RF-04.smt2,sat,0.4008452892303467
/20220307-SMPT/Diffusion2D-PT-D50N050/RF-01.smt2,sat,0.3701009750366211
/20220307-SMPT/Diffusion2D-PT-D50N050/RF-13.smt2,sat,0.36928486824035645
/20220307-SMPT/Diffusion2D-PT-D50N050/RC-05.smt2,sat,0.34204554557800293
/20220307-SMPT/Diffusion2D-PT-D50N050/RC-00.smt2,sat,0.33495521545410156
/20220307-SMPT/Diffusion2D-PT-D50N050/RF-05.smt2,sat,0.3962137699127197
/20220307-SMPT/Diffusion2D-PT-D50N050/RF-07.smt2,sat,0.38009166717529297
/20220307-SMPT/Diffusion2D-PT-D50N050/RF-10.smt2,sat,0.3931853771209717
/20220307-SMPT/Diffusion2D-PT-D50N050/RF-08.smt2,sat,0.4160003662109375
/20220307-SMPT/Diffusion2D-PT-D50N050/RC-08.smt2,sat,0.3797292709350586
/20220307-SMPT/Diffusion2D-PT-D50N050/RF-15.smt2,sat,0.40288734436035156
/20220307-SMPT/Diffusion2D-PT-D50N050/RF-09.smt2,sat,0.37416815757751465
/20220307-SMPT/Diffusion2D-PT-D50N050/RC-07.smt2,sat,0.3690931797027588
/20220307-SMPT/Diffusion2D-PT-D50N050/RF-06.smt2,sat,0.33488917350769043
/20220307-SMPT/Diffusion2D-PT-D50N050/RC-09.smt2,sat,0.3497617244720459
/20220307-SMPT/Diffusion2D-PT-D50N050/RC-15.smt2,sat,0.305314302444458
/20220307-SMPT/Diffusion2D-PT-D50N050/RC-12.smt2,sat,0.3499181270599365
/20220307-SMPT/Diffusion2D-PT-D50N050/RF-14.smt2,sat,0.362515926361084
/20220307-SMPT/Diffusion2D-PT-D50N100/RC-02.smt2,sat,0.321216344833374
/20220307-SMPT/Diffusion2D-PT-D50N100/RF-12.smt2,sat,0.346386194229126
/20220307-SMPT/Diffusion2D-PT-D50N100/RC-03.smt2,sat,0.3523111343383789
/20220307-SMPT/Diffusion2D-PT-D50N100/RF-02.smt2,sat,0.36260366439819336
/20220307-SMPT/Diffusion2D-PT-D50N100/RC-11.smt2,sat,0.3261110782623291
/20220307-SMPT/Diffusion2D-PT-D50N100/RF-03.smt2,sat,0.3804647922515869
/20220307-SMPT/Diffusion2D-PT-D50N100/RC-01.smt2,sat,0.3768179416656494
/20220307-SMPT/Diffusion2D-PT-D50N100/RF-00.smt2,sat,0.3202342987060547
/20220307-SMPT/Diffusion2D-PT-D50N100/RC-04.smt2,sat,0.3718376159667969
/20220307-SMPT/Diffusion2D-PT-D50N100/RF-11.smt2,sat,0.4207901954650879
/20220307-SMPT/Diffusion2D-PT-D50N100/RC-13.smt2,sat,0.35460424423217773
/20220307-SMPT/Diffusion2D-PT-D50N100/RC-06.smt2,sat,0.37491393089294434
/20220307-SMPT/Diffusion2D-PT-D50N100/RC-14.smt2,sat,0.385969877243042
/20220307-SMPT/Diffusion2D-PT-D50N100/RC-10.smt2,sat,0.4028136730194092
/20220307-SMPT/Diffusion2D-PT-D50N100/RF-04.smt2,sat,0.3826901912689209
/20220307-SMPT/Diffusion2D-PT-D50N100/RF-01.smt2,sat,0.39755940437316895
/20220307-SMPT/Diffusion2D-PT-D50N100/RF-13.smt2,sat,0.35193586349487305
/20220307-SMPT/Diffusion2D-PT-D50N100/RC-05.smt2,sat,0.37729477882385254
/20220307-SMPT/Diffusion2D-PT-D50N100/RC-00.smt2,sat,0.33568310737609863
/20220307-SMPT/Diffusion2D-PT-D50N100/RF-05.smt2,sat,0.35463452339172363
/20220307-SMPT/Diffusion2D-PT-D50N100/RF-07.smt2,sat,0.31212759017944336
/20220307-SMPT/Diffusion2D-PT-D50N100/RF-10.smt2,sat,0.3562893867492676
/20220307-SMPT/Diffusion2D-PT-D50N100/RF-08.smt2,sat,0.3601505756378174
/20220307-SMPT/Diffusion2D-PT-D50N100/RC-08.smt2,sat,0.4489908218383789
/20220307-SMPT/Diffusion2D-PT-D50N100/RF-15.smt2,sat,0.3691554069519043
/20220307-SMPT/Diffusion2D-PT-D50N100/RF-09.smt2,sat,0.3764913082122803
/20220307-SMPT/Diffusion2D-PT-D50N100/RC-07.smt2,sat,0.3369741439819336
/20220307-SMPT/Diffusion2D-PT-D50N100/RF-06.smt2,sat,0.36745548248291016
/20220307-SMPT/Diffusion2D-PT-D50N100/RC-09.smt2,sat,0.3359558582305908
/20220307-SMPT/Diffusion2D-PT-D50N100/RC-15.smt2,sat,0.4293937683105469
/20220307-SMPT/Diffusion2D-PT-D50N100/RC-12.smt2,sat,0.37846827507019043
/20220307-SMPT/Diffusion2D-PT-D50N100/RF-14.smt2,sat,0.3506205081939697
/20220307-SMPT/MAPK-PT-00008/RC-02.smt2,sat,0.00931096076965332
/20220307-SMPT/MAPK-PT-00008/RF-12.smt2,sat,0.008034944534301758
/20220307-SMPT/MAPK-PT-00008/RC-03.smt2,unsat,0.010524988174438477
/20220307-SMPT/MAPK-PT-00008/RF-02.smt2,sat,0.009655237197875977
/20220307-SMPT/MAPK-PT-00008/RC-11.smt2,sat,0.008934259414672852
/20220307-SMPT/MAPK-PT-00008/RF-03.smt2,unsat,0.0073833465576171875
/20220307-SMPT/MAPK-PT-00008/RC-01.smt2,sat,0.00879216194152832
/20220307-SMPT/MAPK-PT-00008/RF-00.smt2,unsat,0.0054624080657958984
/20220307-SMPT/MAPK-PT-00008/RC-04.smt2,sat,0.010599136352539062
/20220307-SMPT/MAPK-PT-00008/RF-11.smt2,sat,0.009218215942382812
/20220307-SMPT/MAPK-PT-00008/RC-13.smt2,unsat,0.01042032241821289
/20220307-SMPT/MAPK-PT-00008/RC-06.smt2,sat,0.010054588317871094
/20220307-SMPT/MAPK-PT-00008/RC-14.smt2,unsat,0.009602785110473633
/20220307-SMPT/MAPK-PT-00008/RC-10.smt2,sat,0.00899648666381836
/20220307-SMPT/MAPK-PT-00008/RF-04.smt2,unsat,0.006051540374755859
/20220307-SMPT/MAPK-PT-00008/RF-01.smt2,unsat,0.0061359405517578125
/20220307-SMPT/MAPK-PT-00008/RF-13.smt2,sat,0.009086370468139648
/20220307-SMPT/MAPK-PT-00008/RC-05.smt2,sat,0.008275270462036133
/20220307-SMPT/MAPK-PT-00008/RC-00.smt2,sat,0.00908207893371582
/20220307-SMPT/MAPK-PT-00008/RF-05.smt2,sat,0.009178876876831055
/20220307-SMPT/MAPK-PT-00008/RF-07.smt2,unsat,0.006980180740356445
/20220307-SMPT/MAPK-PT-00008/RF-10.smt2,sat,0.008176088333129883
/20220307-SMPT/MAPK-PT-00008/RF-08.smt2,unsat,0.0062351226806640625
/20220307-SMPT/MAPK-PT-00008/RC-08.smt2,sat,0.016981124877929688
/20220307-SMPT/MAPK-PT-00008/RF-15.smt2,sat,0.009114980697631836
/20220307-SMPT/MAPK-PT-00008/RF-09.smt2,unsat,0.006766557693481445
/20220307-SMPT/MAPK-PT-00008/RC-07.smt2,unsat,0.006798267364501953
/20220307-SMPT/MAPK-PT-00008/RF-06.smt2,sat,0.010796785354614258
/20220307-SMPT/MAPK-PT-00008/RC-09.smt2,sat,0.009637594223022461
/20220307-SMPT/MAPK-PT-00008/RC-15.smt2,unsat,0.008061885833740234
/20220307-SMPT/MAPK-PT-00008/RC-12.smt2,sat,0.010747432708740234
/20220307-SMPT/MAPK-PT-00008/RF-14.smt2,sat,0.010675191879272461
/20220307-SMPT/RwMutex-PT-r0100w0010/RC-02.smt2,sat,0.061113834381103516
/20220307-SMPT/RwMutex-PT-r0100w0010/RF-12.smt2,sat,0.05193138122558594
/20220307-SMPT/RwMutex-PT-r0100w0010/RC-03.smt2,unsat,0.025696992874145508
/20220307-SMPT/RwMutex-PT-r0100w0010/RF-02.smt2,unsat,0.02617049217224121
/20220307-SMPT/RwMutex-PT-r0100w0010/RC-11.smt2,unsat,0.027791500091552734
/20220307-SMPT/RwMutex-PT-r0100w0010/RF-03.smt2,sat,0.06888151168823242
/20220307-SMPT/RwMutex-PT-r0100w0010/RC-01.smt2,sat,0.05039191246032715
/20220307-SMPT/RwMutex-PT-r0100w0010/RF-00.smt2,sat,0.0513310432434082
/20220307-SMPT/RwMutex-PT-r0100w0010/RC-04.smt2,sat,0.0532994270324707
/20220307-SMPT/RwMutex-PT-r0100w0010/RF-11.smt2,sat,0.05312180519104004
/20220307-SMPT/RwMutex-PT-r0100w0010/RC-13.smt2,sat,0.05326390266418457
/20220307-SMPT/RwMutex-PT-r0100w0010/RC-06.smt2,unsat,0.026781082153320312
/20220307-SMPT/RwMutex-PT-r0100w0010/RC-14.smt2,unsat,0.03619670867919922
/20220307-SMPT/RwMutex-PT-r0100w0010/RC-10.smt2,unsat,0.02861928939819336
/20220307-SMPT/RwMutex-PT-r0100w0010/RF-04.smt2,sat,0.056719303131103516
/20220307-SMPT/RwMutex-PT-r0100w0010/RF-01.smt2,sat,0.05662655830383301
/20220307-SMPT/RwMutex-PT-r0100w0010/RF-13.smt2,sat,0.05137491226196289
/20220307-SMPT/RwMutex-PT-r0100w0010/RC-05.smt2,unsat,0.025390625
/20220307-SMPT/RwMutex-PT-r0100w0010/RC-00.smt2,sat,0.06536245346069336
/20220307-SMPT/RwMutex-PT-r0100w0010/RF-05.smt2,sat,0.051492929458618164
/20220307-SMPT/RwMutex-PT-r0100w0010/RF-07.smt2,sat,0.05064582824707031
/20220307-SMPT/RwMutex-PT-r0100w0010/RF-10.smt2,unsat,0.0293881893157959
/20220307-SMPT/RwMutex-PT-r0100w0010/RF-08.smt2,sat,0.057691335678100586
/20220307-SMPT/RwMutex-PT-r0100w0010/RC-08.smt2,unsat,0.028580904006958008
/20220307-SMPT/RwMutex-PT-r0100w0010/RF-15.smt2,sat,0.08256888389587402
/20220307-SMPT/RwMutex-PT-r0100w0010/RF-09.smt2,unsat,0.02485513687133789
/20220307-SMPT/RwMutex-PT-r0100w0010/RC-07.smt2,sat,0.056609153747558594
/20220307-SMPT/RwMutex-PT-r0100w0010/RF-06.smt2,sat,0.06742238998413086
/20220307-SMPT/RwMutex-PT-r0100w0010/RC-09.smt2,sat,0.05545687675476074
/20220307-SMPT/RwMutex-PT-r0100w0010/RC-15.smt2,unsat,0.026918411254882812
/20220307-SMPT/RwMutex-PT-r0100w0010/RC-12.smt2,unsat,0.025377511978149414
/20220307-SMPT/RwMutex-PT-r0100w0010/RF-14.smt2,sat,0.05572319030761719
/20220307-SMPT/SwimmingPool-PT-06/RC-02.smt2,sat,0.007
/20220307-SMPT/SwimmingPool-PT-06/RF-12.smt2,sat,0.005720853805541992
/20220307-SMPT/SwimmingPool-PT-06/RC-03.smt2,sat,0.006132602691650391
/20220307-SMPT/SwimmingPool-PT-06/RF-02.smt2,sat,0.005331277847290039
/20220307-SMPT/SwimmingPool-PT-06/RC-11.smt2,sat,0.006880760192871094
/20220307-SMPT/SwimmingPool-PT-06/RF-03.smt2,sat,0.006
/20220307-SMPT/SwimmingPool-PT-06/RC-01.smt2,sat,0.007
/20220307-SMPT/SwimmingPool-PT-06/RF-00.smt2,sat,0.006
/20220307-SMPT/SwimmingPool-PT-06/RC-04.smt2,sat,0.006
/20220307-SMPT/SwimmingPool-PT-06/RF-11.smt2,sat,0.007
/20220307-SMPT/SwimmingPool-PT-06/RC-13.smt2,sat,0.007
/20220307-SMPT/SwimmingPool-PT-06/RC-06.smt2,sat,0.006668567657470703
/20220307-SMPT/SwimmingPool-PT-06/RC-14.smt2,sat,0.006
/20220307-SMPT/SwimmingPool-PT-06/RC-10.smt2,unsat,0.005522727966308594
/20220307-SMPT/SwimmingPool-PT-06/RF-01.smt2,unsat,0.0046765804290771484
/20220307-SMPT/SwimmingPool-PT-06/RF-13.smt2,unsat,0.004
/20220307-SMPT/SwimmingPool-PT-06/RC-05.smt2,sat,0.006144523620605469
/20220307-SMPT/SwimmingPool-PT-06/RC-00.smt2,sat,0.006
/20220307-SMPT/SwimmingPool-PT-06/RF-05.smt2,unsat,0.004
/20220307-SMPT/SwimmingPool-PT-06/RF-07.smt2,unsat,0.004
/20220307-SMPT/SwimmingPool-PT-06/RF-08.smt2,sat,0.00627446174621582
/20220307-SMPT/SwimmingPool-PT-06/RC-08.smt2,sat,0.006
/20220307-SMPT/SwimmingPool-PT-06/RF-09.smt2,sat,0.005343437194824219
/20220307-SMPT/SwimmingPool-PT-06/RC-07.smt2,sat,0.005820751190185547
/20220307-SMPT/SwimmingPool-PT-06/RC-09.smt2,sat,0.006340980529785156
/20220307-SMPT/SwimmingPool-PT-06/RC-15.smt2,unsat,0.004
/20220307-SMPT/SwimmingPool-PT-06/RC-12.smt2,sat,0.006
/20220307-SMPT/SwimmingPool-PT-06/RF-14.smt2,unsat,0.004
/20220307-SMPT/NeighborGrid-PT-d5n4m1t35/RC-02.smt2,sat,0.15051913261413574
/20220307-SMPT/NeighborGrid-PT-d5n4m1t35/RF-12.smt2,sat,0.15331315994262695
/20220307-SMPT/NeighborGrid-PT-d5n4m1t35/RC-03.smt2,sat,0.13053655624389648
/20220307-SMPT/NeighborGrid-PT-d5n4m1t35/RF-02.smt2,sat,0.1615602970123291
/20220307-SMPT/NeighborGrid-PT-d5n4m1t35/RC-11.smt2,sat,0.13465142250061035
/20220307-SMPT/NeighborGrid-PT-d5n4m1t35/RF-03.smt2,sat,0.148834228515625
/20220307-SMPT/NeighborGrid-PT-d5n4m1t35/RC-01.smt2,sat,0.12801241874694824
/20220307-SMPT/NeighborGrid-PT-d5n4m1t35/RF-00.smt2,sat,0.14981603622436523
/20220307-SMPT/NeighborGrid-PT-d5n4m1t35/RC-04.smt2,sat,0.13668298721313477
/20220307-SMPT/NeighborGrid-PT-d5n4m1t35/RF-11.smt2,sat,0.14190220832824707
/20220307-SMPT/NeighborGrid-PT-d5n4m1t35/RC-13.smt2,sat,0.13710713386535645
/20220307-SMPT/NeighborGrid-PT-d5n4m1t35/RC-06.smt2,sat,0.13366103172302246
/20220307-SMPT/NeighborGrid-PT-d5n4m1t35/RC-14.smt2,sat,0.12982940673828125
/20220307-SMPT/NeighborGrid-PT-d5n4m1t35/RC-10.smt2,sat,0.14975309371948242
/20220307-SMPT/NeighborGrid-PT-d5n4m1t35/RF-04.smt2,sat,0.14299917221069336
/20220307-SMPT/NeighborGrid-PT-d5n4m1t35/RF-01.smt2,sat,0.1487276554107666
/20220307-SMPT/NeighborGrid-PT-d5n4m1t35/RF-13.smt2,sat,0.1289057731628418
/20220307-SMPT/NeighborGrid-PT-d5n4m1t35/RC-05.smt2,sat,0.13242030143737793
/20220307-SMPT/NeighborGrid-PT-d5n4m1t35/RC-00.smt2,sat,0.16325759887695312
/20220307-SMPT/NeighborGrid-PT-d5n4m1t35/RF-05.smt2,sat,0.13644123077392578
/20220307-SMPT/NeighborGrid-PT-d5n4m1t35/RF-07.smt2,sat,0.14128947257995605
/20220307-SMPT/NeighborGrid-PT-d5n4m1t35/RF-10.smt2,sat,0.13328146934509277
/20220307-SMPT/NeighborGrid-PT-d5n4m1t35/RF-08.smt2,sat,0.13251876831054688
/20220307-SMPT/NeighborGrid-PT-d5n4m1t35/RC-08.smt2,sat,0.14344167709350586
/20220307-SMPT/NeighborGrid-PT-d5n4m1t35/RF-15.smt2,sat,0.13898539543151855
/20220307-SMPT/NeighborGrid-PT-d5n4m1t35/RF-09.smt2,sat,0.13083171844482422
/20220307-SMPT/NeighborGrid-PT-d5n4m1t35/RC-07.smt2,sat,0.13642287254333496
/20220307-SMPT/NeighborGrid-PT-d5n4m1t35/RF-06.smt2,sat,0.13953876495361328
/20220307-SMPT/NeighborGrid-PT-d5n4m1t35/RC-09.smt2,sat,0.13587713241577148
/20220307-SMPT/NeighborGrid-PT-d5n4m1t35/RC-15.smt2,sat,0.14071011543273926
/20220307-SMPT/NeighborGrid-PT-d5n4m1t35/RC-12.smt2,sat,0.13280463218688965
/20220307-SMPT/NeighborGrid-PT-d5n4m1t35/RF-14.smt2,sat,0.14648103713989258
/20220307-SMPT/BART-PT-005/RC-02.smt2,sat,0.10149002075195312
/20220307-SMPT/BART-PT-005/RF-12.smt2,sat,0.09548449516296387
/20220307-SMPT/BART-PT-005/RC-03.smt2,unsat,0.02837657928466797
/20220307-SMPT/BART-PT-005/RF-02.smt2,unsat,0.038245439529418945
/20220307-SMPT/BART-PT-005/RC-11.smt2,unsat,0.10191583633422852
/20220307-SMPT/BART-PT-005/RF-03.smt2,sat,0.09636330604553223
/20220307-SMPT/BART-PT-005/RC-01.smt2,unsat,0.03946733474731445
/20220307-SMPT/BART-PT-005/RF-00.smt2,sat,0.1060936450958252
/20220307-SMPT/BART-PT-005/RC-04.smt2,unsat,0.09332442283630371
/20220307-SMPT/BART-PT-005/RF-11.smt2,sat,0.09789490699768066
/20220307-SMPT/BART-PT-005/RC-13.smt2,unsat,0.041502952575683594
/20220307-SMPT/BART-PT-005/RC-06.smt2,sat,0.09709382057189941
/20220307-SMPT/BART-PT-005/RC-14.smt2,unsat,0.10499429702758789
/20220307-SMPT/BART-PT-005/RC-10.smt2,unsat,0.038933515548706055
/20220307-SMPT/BART-PT-005/RF-04.smt2,unsat,0.036357879638671875
/20220307-SMPT/BART-PT-005/RF-01.smt2,unsat,0.040008544921875
/20220307-SMPT/BART-PT-005/RF-13.smt2,sat,0.10472774505615234
/20220307-SMPT/BART-PT-005/RC-05.smt2,sat,0.0967555046081543
/20220307-SMPT/BART-PT-005/RC-00.smt2,sat,0.10448598861694336
/20220307-SMPT/BART-PT-005/RF-05.smt2,sat,0.09180092811584473
/20220307-SMPT/BART-PT-005/RF-07.smt2,sat,0.09765076637268066
/20220307-SMPT/BART-PT-005/RF-10.smt2,sat,0.09506559371948242
/20220307-SMPT/BART-PT-005/RF-08.smt2,sat,0.10478734970092773
/20220307-SMPT/BART-PT-005/RC-08.smt2,unsat,0.035709381103515625
/20220307-SMPT/BART-PT-005/RF-15.smt2,unsat,0.03977251052856445
/20220307-SMPT/BART-PT-005/RF-09.smt2,sat,0.10750484466552734
/20220307-SMPT/BART-PT-005/RC-07.smt2,sat,0.09577298164367676
/20220307-SMPT/BART-PT-005/RF-06.smt2,sat,0.09490013122558594
/20220307-SMPT/BART-PT-005/RC-09.smt2,unsat,0.04082679748535156
/20220307-SMPT/BART-PT-005/RC-15.smt2,unsat,0.031822919845581055
/20220307-SMPT/BART-PT-005/RC-12.smt2,unsat,0.036718130111694336
/20220307-SMPT/BART-PT-005/RF-14.smt2,sat,0.10321235656738281
/20220307-SMPT/FMS-PT-00500/RC-02.smt2,sat,0.006929874420166016
/20220307-SMPT/FMS-PT-00500/RC-03.smt2,sat,0.008907794952392578
/20220307-SMPT/FMS-PT-00500/RF-02.smt2,sat,0.008305072784423828
/20220307-SMPT/FMS-PT-00500/RC-11.smt2,sat,0.007819652557373047
/20220307-SMPT/FMS-PT-00500/RF-03.smt2,sat,0.00866389274597168
/20220307-SMPT/FMS-PT-00500/RC-01.smt2,sat,0.008713722229003906
/20220307-SMPT/FMS-PT-00500/RF-00.smt2,sat,0.007110118865966797
/20220307-SMPT/FMS-PT-00500/RF-11.smt2,sat,0.006905794143676758
/20220307-SMPT/FMS-PT-00500/RC-13.smt2,sat,0.008358001708984375
/20220307-SMPT/FMS-PT-00500/RC-06.smt2,sat,0.009
/20220307-SMPT/FMS-PT-00500/RC-14.smt2,sat,0.01
/20220307-SMPT/FMS-PT-00500/RC-10.smt2,sat,0.008496284484863281
/20220307-SMPT/FMS-PT-00500/RF-04.smt2,sat,0.0067899227142333984
/20220307-SMPT/FMS-PT-00500/RF-01.smt2,sat,0.0069043636322021484
/20220307-SMPT/FMS-PT-00500/RF-13.smt2,sat,0.007475137710571289
/20220307-SMPT/FMS-PT-00500/RC-05.smt2,sat,0.007211446762084961
/20220307-SMPT/FMS-PT-00500/RC-00.smt2,sat,0.006890773773193359
/20220307-SMPT/FMS-PT-00500/RF-07.smt2,sat,0.007699251174926758
/20220307-SMPT/FMS-PT-00500/RF-10.smt2,sat,0.008223533630371094
/20220307-SMPT/FMS-PT-00500/RF-08.smt2,sat,0.00800323486328125
/20220307-SMPT/FMS-PT-00500/RC-08.smt2,unsat,0.007910728454589844
/20220307-SMPT/FMS-PT-00500/RF-09.smt2,sat,0.007548809051513672
/20220307-SMPT/FMS-PT-00500/RC-07.smt2,sat,0.007231235504150391
/20220307-SMPT/FMS-PT-00500/RF-06.smt2,sat,0.008627891540527344
/20220307-SMPT/FMS-PT-00500/RC-09.smt2,sat,0.007813215255737305
/20220307-SMPT/FMS-PT-00500/RC-15.smt2,sat,0.009221553802490234
/20220307-SMPT/FMS-PT-00500/RC-12.smt2,unsat,0.006
/20220307-SMPT/FMS-PT-00500/RF-14.smt2,unsat,0.006
/20220307-SMPT/SwimmingPool-PT-09/RC-02.smt2,unsat,0.004
/20220307-SMPT/SwimmingPool-PT-09/RF-12.smt2,unsat,0.004
/20220307-SMPT/SwimmingPool-PT-09/RC-03.smt2,sat,0.005965232849121094
/20220307-SMPT/SwimmingPool-PT-09/RF-02.smt2,sat,0.006463289260864258
/20220307-SMPT/SwimmingPool-PT-09/RC-11.smt2,sat,0.005907773971557617
/20220307-SMPT/SwimmingPool-PT-09/RF-03.smt2,sat,0.007
/20220307-SMPT/SwimmingPool-PT-09/RC-01.smt2,unsat,0.004
/20220307-SMPT/SwimmingPool-PT-09/RF-00.smt2,unsat,0.004
/20220307-SMPT/SwimmingPool-PT-09/RC-04.smt2,sat,0.006
/20220307-SMPT/SwimmingPool-PT-09/RF-11.smt2,sat,0.007
/20220307-SMPT/SwimmingPool-PT-09/RC-13.smt2,sat,0.006
/20220307-SMPT/SwimmingPool-PT-09/RC-06.smt2,sat,0.007
/20220307-SMPT/SwimmingPool-PT-09/RC-14.smt2,sat,0.006807565689086914
/20220307-SMPT/SwimmingPool-PT-09/RC-10.smt2,sat,0.006
/20220307-SMPT/SwimmingPool-PT-09/RF-04.smt2,sat,0.006293773651123047
/20220307-SMPT/SwimmingPool-PT-09/RF-01.smt2,sat,0.005433082580566406
/20220307-SMPT/SwimmingPool-PT-09/RF-13.smt2,unsat,0.004
/20220307-SMPT/SwimmingPool-PT-09/RC-05.smt2,unsat,0.004
/20220307-SMPT/SwimmingPool-PT-09/RC-00.smt2,sat,0.0062139034271240234
/20220307-SMPT/SwimmingPool-PT-09/RF-07.smt2,unsat,0.004
/20220307-SMPT/SwimmingPool-PT-09/RC-08.smt2,sat,0.006
/20220307-SMPT/SwimmingPool-PT-09/RF-15.smt2,unsat,0.004
/20220307-SMPT/SwimmingPool-PT-09/RF-09.smt2,unsat,0.004
/20220307-SMPT/SwimmingPool-PT-09/RC-07.smt2,sat,0.007
/20220307-SMPT/SwimmingPool-PT-09/RF-06.smt2,sat,0.006
/20220307-SMPT/SwimmingPool-PT-09/RC-09.smt2,unsat,0.006549835205078125
/20220307-SMPT/SwimmingPool-PT-09/RC-15.smt2,sat,0.005983829498291016
/20220307-SMPT/SwimmingPool-PT-09/RC-12.smt2,sat,0.006
/20220307-SMPT/SwimmingPool-PT-09/RF-14.smt2,sat,0.006484508514404297
/20220307-SMPT/HouseConstruction-PT-00200/RC-02.smt2,sat,0.008781909942626953
/20220307-SMPT/HouseConstruction-PT-00200/RF-12.smt2,sat,0.009246826171875
/20220307-SMPT/HouseConstruction-PT-00200/RC-03.smt2,sat,0.00907135009765625
/20220307-SMPT/HouseConstruction-PT-00200/RF-02.smt2,sat,0.01619696617126465
/20220307-SMPT/HouseConstruction-PT-00200/RC-11.smt2,sat,0.009081363677978516
/20220307-SMPT/HouseConstruction-PT-00200/RF-03.smt2,sat,0.00851297378540039
/20220307-SMPT/HouseConstruction-PT-00200/RC-01.smt2,sat,0.009225845336914062
/20220307-SMPT/HouseConstruction-PT-00200/RF-00.smt2,sat,0.009162187576293945
/20220307-SMPT/HouseConstruction-PT-00200/RC-04.smt2,sat,0.010156393051147461
/20220307-SMPT/HouseConstruction-PT-00200/RF-11.smt2,sat,0.007364749908447266
/20220307-SMPT/HouseConstruction-PT-00200/RC-13.smt2,unsat,0.009396076202392578
/20220307-SMPT/HouseConstruction-PT-00200/RC-06.smt2,sat,0.008402347564697266
/20220307-SMPT/HouseConstruction-PT-00200/RC-14.smt2,unsat,0.006415128707885742
/20220307-SMPT/HouseConstruction-PT-00200/RC-10.smt2,sat,0.007962703704833984
/20220307-SMPT/HouseConstruction-PT-00200/RF-04.smt2,sat,0.008454561233520508
/20220307-SMPT/HouseConstruction-PT-00200/RF-01.smt2,sat,0.0079803466796875
/20220307-SMPT/HouseConstruction-PT-00200/RF-13.smt2,sat,0.010161399841308594
/20220307-SMPT/HouseConstruction-PT-00200/RC-05.smt2,unsat,0.0064737796783447266
/20220307-SMPT/HouseConstruction-PT-00200/RC-00.smt2,sat,0.010172843933105469
/20220307-SMPT/HouseConstruction-PT-00200/RF-05.smt2,sat,0.008414268493652344
/20220307-SMPT/HouseConstruction-PT-00200/RF-10.smt2,sat,0.008817672729492188
/20220307-SMPT/HouseConstruction-PT-00200/RF-08.smt2,unsat,0.006607532501220703
/20220307-SMPT/HouseConstruction-PT-00200/RC-08.smt2,unsat,0.009499549865722656
/20220307-SMPT/HouseConstruction-PT-00200/RF-15.smt2,sat,0.00955343246459961
/20220307-SMPT/HouseConstruction-PT-00200/RF-09.smt2,sat,0.01047062873840332
/20220307-SMPT/HouseConstruction-PT-00200/RC-07.smt2,sat,0.010664939880371094
/20220307-SMPT/HouseConstruction-PT-00200/RF-06.smt2,sat,0.010706186294555664
/20220307-SMPT/HouseConstruction-PT-00200/RC-09.smt2,sat,0.009588241577148438
/20220307-SMPT/HouseConstruction-PT-00200/RC-15.smt2,sat,0.00914907455444336
/20220307-SMPT/HouseConstruction-PT-00200/RC-12.smt2,sat,0.009157657623291016
/20220307-SMPT/HouseConstruction-PT-00200/RF-14.smt2,sat,0.009085893630981445
/20220307-SMPT/Diffusion2D-PT-D40N010/RC-02.smt2,sat,0.23496413230895996
/20220307-SMPT/Diffusion2D-PT-D40N010/RF-12.smt2,sat,0.19346165657043457
/20220307-SMPT/Diffusion2D-PT-D40N010/RC-03.smt2,sat,0.20347285270690918
/20220307-SMPT/Diffusion2D-PT-D40N010/RF-02.smt2,sat,0.19861221313476562
/20220307-SMPT/Diffusion2D-PT-D40N010/RC-11.smt2,sat,0.21414923667907715
/20220307-SMPT/Diffusion2D-PT-D40N010/RF-03.smt2,sat,0.23813557624816895
/20220307-SMPT/Diffusion2D-PT-D40N010/RC-01.smt2,sat,0.1948838233947754
/20220307-SMPT/Diffusion2D-PT-D40N010/RF-00.smt2,sat,0.22842860221862793
/20220307-SMPT/Diffusion2D-PT-D40N010/RC-04.smt2,sat,0.20829057693481445
/20220307-SMPT/Diffusion2D-PT-D40N010/RF-11.smt2,sat,0.2105391025543213
/20220307-SMPT/Diffusion2D-PT-D40N010/RC-13.smt2,sat,0.21103596687316895
/20220307-SMPT/Diffusion2D-PT-D40N010/RC-06.smt2,sat,0.2186598777770996
/20220307-SMPT/Diffusion2D-PT-D40N010/RC-14.smt2,sat,0.2089545726776123
/20220307-SMPT/Diffusion2D-PT-D40N010/RC-10.smt2,sat,0.2342219352722168
/20220307-SMPT/Diffusion2D-PT-D40N010/RF-04.smt2,sat,0.23606038093566895
/20220307-SMPT/Diffusion2D-PT-D40N010/RF-01.smt2,sat,0.21122407913208008
/20220307-SMPT/Diffusion2D-PT-D40N010/RF-13.smt2,sat,0.202988862991333
/20220307-SMPT/Diffusion2D-PT-D40N010/RC-05.smt2,sat,0.22654128074645996
/20220307-SMPT/Diffusion2D-PT-D40N010/RC-00.smt2,sat,0.20282626152038574
/20220307-SMPT/Diffusion2D-PT-D40N010/RF-05.smt2,sat,0.23264145851135254
/20220307-SMPT/Diffusion2D-PT-D40N010/RF-07.smt2,sat,0.20438289642333984
/20220307-SMPT/Diffusion2D-PT-D40N010/RF-10.smt2,sat,0.19173812866210938
/20220307-SMPT/Diffusion2D-PT-D40N010/RF-08.smt2,sat,0.20507431030273438
/20220307-SMPT/Diffusion2D-PT-D40N010/RC-08.smt2,sat,0.25197410583496094
/20220307-SMPT/Diffusion2D-PT-D40N010/RF-15.smt2,sat,0.23088932037353516
/20220307-SMPT/Diffusion2D-PT-D40N010/RF-09.smt2,sat,0.2189185619354248
/20220307-SMPT/Diffusion2D-PT-D40N010/RC-07.smt2,sat,0.21082305908203125
/20220307-SMPT/Diffusion2D-PT-D40N010/RF-06.smt2,sat,0.20722436904907227
/20220307-SMPT/Diffusion2D-PT-D40N010/RC-09.smt2,sat,0.21686005592346191
/20220307-SMPT/Diffusion2D-PT-D40N010/RC-15.smt2,sat,0.23514485359191895
/20220307-SMPT/Diffusion2D-PT-D40N010/RC-12.smt2,sat,0.1976022720336914
/20220307-SMPT/Diffusion2D-PT-D40N010/RF-14.smt2,sat,0.2375335693359375
/20220307-SMPT/SmallOperatingSystem-PT-MT1024DC0256/RC-02.smt2,sat,0.008
/20220307-SMPT/SmallOperatingSystem-PT-MT1024DC0256/RF-12.smt2,sat,0.008
/20220307-SMPT/SmallOperatingSystem-PT-MT1024DC0256/RC-03.smt2,unsat,0.005
/20220307-SMPT/SmallOperatingSystem-PT-MT1024DC0256/RF-02.smt2,sat,0.006584644317626953
/20220307-SMPT/SmallOperatingSystem-PT-MT1024DC0256/RC-11.smt2,sat,0.0070683956146240234
/20220307-SMPT/SmallOperatingSystem-PT-MT1024DC0256/RF-03.smt2,sat,0.006255149841308594
/20220307-SMPT/SmallOperatingSystem-PT-MT1024DC0256/RC-01.smt2,sat,0.007677793502807617
/20220307-SMPT/SmallOperatingSystem-PT-MT1024DC0256/RF-00.smt2,sat,0.006290435791015625
/20220307-SMPT/SmallOperatingSystem-PT-MT1024DC0256/RC-04.smt2,sat,0.006867885589599609
/20220307-SMPT/SmallOperatingSystem-PT-MT1024DC0256/RF-11.smt2,sat,0.007733821868896484
/20220307-SMPT/SmallOperatingSystem-PT-MT1024DC0256/RC-13.smt2,unsat,0.004
/20220307-SMPT/SmallOperatingSystem-PT-MT1024DC0256/RC-06.smt2,unsat,0.006476402282714844
/20220307-SMPT/SmallOperatingSystem-PT-MT1024DC0256/RC-14.smt2,sat,0.007222890853881836
/20220307-SMPT/SmallOperatingSystem-PT-MT1024DC0256/RC-10.smt2,sat,0.0077669620513916016
/20220307-SMPT/SmallOperatingSystem-PT-MT1024DC0256/RF-01.smt2,unsat,0.005
/20220307-SMPT/SmallOperatingSystem-PT-MT1024DC0256/RF-13.smt2,sat,0.00687098503112793
/20220307-SMPT/SmallOperatingSystem-PT-MT1024DC0256/RC-05.smt2,unsat,0.004
/20220307-SMPT/SmallOperatingSystem-PT-MT1024DC0256/RC-00.smt2,sat,0.007460117340087891
/20220307-SMPT/SmallOperatingSystem-PT-MT1024DC0256/RF-07.smt2,unsat,0.004
/20220307-SMPT/SmallOperatingSystem-PT-MT1024DC0256/RF-10.smt2,sat,0.006138324737548828
/20220307-SMPT/SmallOperatingSystem-PT-MT1024DC0256/RC-08.smt2,sat,0.007
/20220307-SMPT/SmallOperatingSystem-PT-MT1024DC0256/RF-15.smt2,sat,0.00790095329284668
/20220307-SMPT/SmallOperatingSystem-PT-MT1024DC0256/RF-09.smt2,unsat,0.004
/20220307-SMPT/SmallOperatingSystem-PT-MT1024DC0256/RC-07.smt2,unsat,0.007555723190307617
/20220307-SMPT/SmallOperatingSystem-PT-MT1024DC0256/RF-06.smt2,unsat,0.007006168365478516
/20220307-SMPT/SmallOperatingSystem-PT-MT1024DC0256/RC-09.smt2,sat,0.006571531295776367
/20220307-SMPT/SmallOperatingSystem-PT-MT1024DC0256/RC-15.smt2,sat,0.007
/20220307-SMPT/SmallOperatingSystem-PT-MT1024DC0256/RC-12.smt2,unsat,0.007331132888793945
/20220307-SMPT/SmallOperatingSystem-PT-MT1024DC0256/RF-14.smt2,unsat,0.004
/20220307-SMPT/Referendum-PT-0500/RC-02.smt2,unsat,0.03419995307922363
/20220307-SMPT/Referendum-PT-0500/RF-12.smt2,sat,0.15044569969177246
/20220307-SMPT/Referendum-PT-0500/RC-03.smt2,sat,0.2463376522064209
/20220307-SMPT/Referendum-PT-0500/RF-02.smt2,unsat,0.035495758056640625
/20220307-SMPT/Referendum-PT-0500/RC-11.smt2,unsat,0.03231930732727051
/20220307-SMPT/Referendum-PT-0500/RF-03.smt2,sat,0.1274254322052002
/20220307-SMPT/Referendum-PT-0500/RC-01.smt2,unsat,0.4463620185852051
/20220307-SMPT/Referendum-PT-0500/RF-00.smt2,unsat,0.03955578804016113
/20220307-SMPT/Referendum-PT-0500/RC-04.smt2,sat,0.23778033256530762
/20220307-SMPT/Referendum-PT-0500/RF-11.smt2,sat,0.15842032432556152
/20220307-SMPT/Referendum-PT-0500/RC-13.smt2,sat,0.14689970016479492
/20220307-SMPT/Referendum-PT-0500/RC-06.smt2,unsat,0.8975775241851807
/20220307-SMPT/Referendum-PT-0500/RC-14.smt2,sat,0.1685934066772461
/20220307-SMPT/Referendum-PT-0500/RC-10.smt2,unsat,0.03349494934082031
/20220307-SMPT/Referendum-PT-0500/RF-04.smt2,unsat,0.04250741004943848
/20220307-SMPT/Referendum-PT-0500/RF-01.smt2,unsat,0.03622150421142578
/20220307-SMPT/Referendum-PT-0500/RF-13.smt2,sat,0.16139507293701172
/20220307-SMPT/Referendum-PT-0500/RC-05.smt2,sat,0.1684551239013672
/20220307-SMPT/Referendum-PT-0500/RC-00.smt2,unsat,0.038084983825683594
/20220307-SMPT/Referendum-PT-0500/RF-05.smt2,sat,0.1220252513885498
/20220307-SMPT/Referendum-PT-0500/RF-07.smt2,sat,0.12175536155700684
/20220307-SMPT/Referendum-PT-0500/RF-10.smt2,sat,0.1571493148803711
/20220307-SMPT/Referendum-PT-0500/RF-08.smt2,sat,0.15601205825805664
/20220307-SMPT/Referendum-PT-0500/RC-08.smt2,unsat,0.03556323051452637
/20220307-SMPT/Referendum-PT-0500/RF-15.smt2,sat,0.14473795890808105
/20220307-SMPT/Referendum-PT-0500/RF-09.smt2,sat,0.14560890197753906
/20220307-SMPT/Referendum-PT-0500/RC-07.smt2,sat,0.23554515838623047
/20220307-SMPT/Referendum-PT-0500/RF-06.smt2,unsat,0.041753530502319336
/20220307-SMPT/Referendum-PT-0500/RC-09.smt2,unsat,0.03004312515258789
/20220307-SMPT/Referendum-PT-0500/RC-15.smt2,unsat,0.03349566459655762
/20220307-SMPT/Referendum-PT-0500/RC-12.smt2,unsat,0.10534811019897461
/20220307-SMPT/Referendum-PT-0500/RF-14.smt2,sat,0.14530396461486816
/20220307-SMPT/MAPK-PT-00020/RC-02.smt2,sat,0.007300853729248047
/20220307-SMPT/MAPK-PT-00020/RF-12.smt2,sat,0.009881019592285156
/20220307-SMPT/MAPK-PT-00020/RC-03.smt2,sat,0.008207559585571289
/20220307-SMPT/MAPK-PT-00020/RF-02.smt2,sat,0.008359909057617188
/20220307-SMPT/MAPK-PT-00020/RC-11.smt2,sat,0.00981903076171875
/20220307-SMPT/MAPK-PT-00020/RF-03.smt2,sat,0.010103464126586914
/20220307-SMPT/MAPK-PT-00020/RC-01.smt2,sat,0.009518861770629883
/20220307-SMPT/MAPK-PT-00020/RF-00.smt2,sat,0.010303258895874023
/20220307-SMPT/MAPK-PT-00020/RC-04.smt2,sat,0.009788274765014648
/20220307-SMPT/MAPK-PT-00020/RF-11.smt2,sat,0.0088958740234375
/20220307-SMPT/MAPK-PT-00020/RC-13.smt2,sat,0.009860515594482422
/20220307-SMPT/MAPK-PT-00020/RC-06.smt2,unsat,0.008941411972045898
/20220307-SMPT/MAPK-PT-00020/RC-14.smt2,sat,0.009211540222167969
/20220307-SMPT/MAPK-PT-00020/RC-10.smt2,sat,0.007686614990234375
/20220307-SMPT/MAPK-PT-00020/RF-04.smt2,unsat,0.007
/20220307-SMPT/MAPK-PT-00020/RF-01.smt2,sat,0.009946584701538086
/20220307-SMPT/MAPK-PT-00020/RF-13.smt2,unsat,0.0070819854736328125
/20220307-SMPT/MAPK-PT-00020/RC-05.smt2,sat,0.009759664535522461
/20220307-SMPT/MAPK-PT-00020/RC-00.smt2,sat,0.00897526741027832
/20220307-SMPT/MAPK-PT-00020/RF-05.smt2,sat,0.010005950927734375
/20220307-SMPT/MAPK-PT-00020/RF-07.smt2,unsat,0.006291866302490234
/20220307-SMPT/MAPK-PT-00020/RF-10.smt2,sat,0.009378910064697266
/20220307-SMPT/MAPK-PT-00020/RF-08.smt2,unsat,0.0065937042236328125
/20220307-SMPT/MAPK-PT-00020/RC-08.smt2,sat,0.008522748947143555
/20220307-SMPT/MAPK-PT-00020/RF-15.smt2,sat,0.010678291320800781
/20220307-SMPT/MAPK-PT-00020/RF-09.smt2,unsat,0.006158113479614258
/20220307-SMPT/MAPK-PT-00020/RC-07.smt2,unsat,0.006117343902587891
/20220307-SMPT/MAPK-PT-00020/RF-06.smt2,unsat,0.007539033889770508
/20220307-SMPT/MAPK-PT-00020/RC-09.smt2,unsat,0.010370254516601562
/20220307-SMPT/MAPK-PT-00020/RC-15.smt2,sat,0.008608818054199219
/20220307-SMPT/MAPK-PT-00020/RC-12.smt2,sat,0.008521080017089844
/20220307-SMPT/MAPK-PT-00020/RF-14.smt2,unsat,0.0062558650970458984
/20220307-SMPT/SmallOperatingSystem-PT-MT0016DC0008/RC-02.smt2,unsat,0.006646156311035156
/20220307-SMPT/SmallOperatingSystem-PT-MT0016DC0008/RF-12.smt2,unsat,0.004
/20220307-SMPT/SmallOperatingSystem-PT-MT0016DC0008/RC-03.smt2,unsat,0.0060465335845947266
/20220307-SMPT/SmallOperatingSystem-PT-MT0016DC0008/RF-02.smt2,unsat,0.004
/20220307-SMPT/SmallOperatingSystem-PT-MT0016DC0008/RC-11.smt2,unsat,0.006736040115356445
/20220307-SMPT/SmallOperatingSystem-PT-MT0016DC0008/RF-03.smt2,unsat,0.004
/20220307-SMPT/SmallOperatingSystem-PT-MT0016DC0008/RC-01.smt2,sat,0.006142616271972656
/20220307-SMPT/SmallOperatingSystem-PT-MT0016DC0008/RF-00.smt2,sat,0.00806427001953125
/20220307-SMPT/SmallOperatingSystem-PT-MT0016DC0008/RC-04.smt2,sat,0.007772207260131836
/20220307-SMPT/SmallOperatingSystem-PT-MT0016DC0008/RF-11.smt2,unsat,0.008
/20220307-SMPT/SmallOperatingSystem-PT-MT0016DC0008/RC-13.smt2,unsat,0.006320476531982422
/20220307-SMPT/SmallOperatingSystem-PT-MT0016DC0008/RC-06.smt2,sat,0.007360935211181641
/20220307-SMPT/SmallOperatingSystem-PT-MT0016DC0008/RC-14.smt2,unsat,0.007683277130126953
/20220307-SMPT/SmallOperatingSystem-PT-MT0016DC0008/RC-10.smt2,unsat,0.004
/20220307-SMPT/SmallOperatingSystem-PT-MT0016DC0008/RF-04.smt2,unsat,0.0067806243896484375
/20220307-SMPT/SmallOperatingSystem-PT-MT0016DC0008/RF-01.smt2,unsat,0.004
/20220307-SMPT/SmallOperatingSystem-PT-MT0016DC0008/RF-13.smt2,unsat,0.004
/20220307-SMPT/SmallOperatingSystem-PT-MT0016DC0008/RC-05.smt2,unsat,0.004
/20220307-SMPT/SmallOperatingSystem-PT-MT0016DC0008/RC-00.smt2,sat,0.007795095443725586
/20220307-SMPT/SmallOperatingSystem-PT-MT0016DC0008/RF-05.smt2,unsat,0.005
/20220307-SMPT/SmallOperatingSystem-PT-MT0016DC0008/RF-07.smt2,unsat,0.004
/20220307-SMPT/SmallOperatingSystem-PT-MT0016DC0008/RF-10.smt2,unsat,0.005
/20220307-SMPT/SmallOperatingSystem-PT-MT0016DC0008/RF-08.smt2,unsat,0.004
/20220307-SMPT/SmallOperatingSystem-PT-MT0016DC0008/RC-08.smt2,sat,0.008330106735229492
/20220307-SMPT/SmallOperatingSystem-PT-MT0016DC0008/RF-15.smt2,unsat,0.004
/20220307-SMPT/SmallOperatingSystem-PT-MT0016DC0008/RF-09.smt2,unsat,0.004
/20220307-SMPT/SmallOperatingSystem-PT-MT0016DC0008/RC-07.smt2,unsat,0.006741523742675781
/20220307-SMPT/SmallOperatingSystem-PT-MT0016DC0008/RF-06.smt2,sat,0.006570339202880859
/20220307-SMPT/SmallOperatingSystem-PT-MT0016DC0008/RC-09.smt2,sat,0.006529092788696289
/20220307-SMPT/SmallOperatingSystem-PT-MT0016DC0008/RC-15.smt2,unsat,0.0056650638580322266
/20220307-SMPT/SmallOperatingSystem-PT-MT0016DC0008/RC-12.smt2,unsat,0.005
/20220307-SMPT/SmallOperatingSystem-PT-MT0016DC0008/RF-14.smt2,unsat,0.004
/20220307-SMPT/Diffusion2D-PT-D20N150/RC-02.smt2,sat,0.052591800689697266
/20220307-SMPT/Diffusion2D-PT-D20N150/RF-12.smt2,sat,0.05475902557373047
/20220307-SMPT/Diffusion2D-PT-D20N150/RC-03.smt2,sat,0.04864096641540527
/20220307-SMPT/Diffusion2D-PT-D20N150/RF-02.smt2,sat,0.05218935012817383
/20220307-SMPT/Diffusion2D-PT-D20N150/RC-11.smt2,sat,0.05004739761352539
/20220307-SMPT/Diffusion2D-PT-D20N150/RF-03.smt2,sat,0.05456399917602539
/20220307-SMPT/Diffusion2D-PT-D20N150/RC-01.smt2,sat,0.05092740058898926
/20220307-SMPT/Diffusion2D-PT-D20N150/RF-00.smt2,sat,0.05495047569274902
/20220307-SMPT/Diffusion2D-PT-D20N150/RC-04.smt2,sat,0.05327796936035156
/20220307-SMPT/Diffusion2D-PT-D20N150/RF-11.smt2,sat,0.04986095428466797
/20220307-SMPT/Diffusion2D-PT-D20N150/RC-13.smt2,sat,0.05549883842468262
/20220307-SMPT/Diffusion2D-PT-D20N150/RC-06.smt2,sat,0.05061936378479004
/20220307-SMPT/Diffusion2D-PT-D20N150/RC-14.smt2,sat,0.0541079044342041
/20220307-SMPT/Diffusion2D-PT-D20N150/RC-10.smt2,sat,0.049808502197265625
/20220307-SMPT/Diffusion2D-PT-D20N150/RF-04.smt2,sat,0.04939889907836914
/20220307-SMPT/Diffusion2D-PT-D20N150/RF-01.smt2,sat,0.05414438247680664
/20220307-SMPT/Diffusion2D-PT-D20N150/RF-13.smt2,sat,0.05651450157165527
/20220307-SMPT/Diffusion2D-PT-D20N150/RC-05.smt2,sat,0.05837750434875488
/20220307-SMPT/Diffusion2D-PT-D20N150/RC-00.smt2,sat,0.055969953536987305
/20220307-SMPT/Diffusion2D-PT-D20N150/RF-05.smt2,sat,0.04947853088378906
/20220307-SMPT/Diffusion2D-PT-D20N150/RF-07.smt2,sat,0.05316162109375
/20220307-SMPT/Diffusion2D-PT-D20N150/RF-10.smt2,sat,0.05263972282409668
/20220307-SMPT/Diffusion2D-PT-D20N150/RF-08.smt2,sat,0.05720114707946777
/20220307-SMPT/Diffusion2D-PT-D20N150/RC-08.smt2,sat,0.05115222930908203
/20220307-SMPT/Diffusion2D-PT-D20N150/RF-15.smt2,sat,0.05538439750671387
/20220307-SMPT/Diffusion2D-PT-D20N150/RF-09.smt2,sat,0.05049729347229004
/20220307-SMPT/Diffusion2D-PT-D20N150/RC-07.smt2,sat,0.04947662353515625
/20220307-SMPT/Diffusion2D-PT-D20N150/RF-06.smt2,sat,0.05092787742614746
/20220307-SMPT/Diffusion2D-PT-D20N150/RC-09.smt2,sat,0.050652265548706055
/20220307-SMPT/Diffusion2D-PT-D20N150/RC-15.smt2,sat,0.0549015998840332
/20220307-SMPT/Diffusion2D-PT-D20N150/RC-12.smt2,sat,0.049712181091308594
/20220307-SMPT/Diffusion2D-PT-D20N150/RF-14.smt2,sat,0.051383256912231445
/20220307-SMPT/Diffusion2D-PT-D10N050/RC-02.smt2,sat,0.016242027282714844
/20220307-SMPT/Diffusion2D-PT-D10N050/RF-12.smt2,sat,0.017427444458007812
/20220307-SMPT/Diffusion2D-PT-D10N050/RC-03.smt2,sat,0.018377065658569336
/20220307-SMPT/Diffusion2D-PT-D10N050/RF-02.smt2,sat,0.01708674430847168
/20220307-SMPT/Diffusion2D-PT-D10N050/RC-11.smt2,sat,0.030953407287597656
/20220307-SMPT/Diffusion2D-PT-D10N050/RF-03.smt2,sat,0.0183408260345459
/20220307-SMPT/Diffusion2D-PT-D10N050/RC-01.smt2,sat,0.017008304595947266
/20220307-SMPT/Diffusion2D-PT-D10N050/RF-00.smt2,sat,0.017900943756103516
/20220307-SMPT/Diffusion2D-PT-D10N050/RC-04.smt2,sat,0.019092082977294922
/20220307-SMPT/Diffusion2D-PT-D10N050/RF-11.smt2,sat,0.02167820930480957
/20220307-SMPT/Diffusion2D-PT-D10N050/RC-13.smt2,sat,0.017894744873046875
/20220307-SMPT/Diffusion2D-PT-D10N050/RC-06.smt2,sat,0.018322467803955078
/20220307-SMPT/Diffusion2D-PT-D10N050/RC-14.smt2,sat,0.016722917556762695
/20220307-SMPT/Diffusion2D-PT-D10N050/RC-10.smt2,unsat,0.015184402465820312
/20220307-SMPT/Diffusion2D-PT-D10N050/RF-04.smt2,sat,0.017221450805664062
/20220307-SMPT/Diffusion2D-PT-D10N050/RF-01.smt2,sat,0.016863584518432617
/20220307-SMPT/Diffusion2D-PT-D10N050/RF-13.smt2,sat,0.019657373428344727
/20220307-SMPT/Diffusion2D-PT-D10N050/RC-05.smt2,sat,0.018748760223388672
/20220307-SMPT/Diffusion2D-PT-D10N050/RC-00.smt2,sat,0.01671457290649414
/20220307-SMPT/Diffusion2D-PT-D10N050/RF-05.smt2,sat,0.0176239013671875
/20220307-SMPT/Diffusion2D-PT-D10N050/RF-07.smt2,sat,0.01675128936767578
/20220307-SMPT/Diffusion2D-PT-D10N050/RF-10.smt2,sat,0.01736760139465332
/20220307-SMPT/Diffusion2D-PT-D10N050/RF-08.smt2,sat,0.0169222354888916
/20220307-SMPT/Diffusion2D-PT-D10N050/RC-08.smt2,sat,0.01784968376159668
/20220307-SMPT/Diffusion2D-PT-D10N050/RF-15.smt2,sat,0.016732215881347656
/20220307-SMPT/Diffusion2D-PT-D10N050/RF-09.smt2,sat,0.016624927520751953
/20220307-SMPT/Diffusion2D-PT-D10N050/RC-07.smt2,sat,0.018527984619140625
/20220307-SMPT/Diffusion2D-PT-D10N050/RF-06.smt2,sat,0.018115758895874023
/20220307-SMPT/Diffusion2D-PT-D10N050/RC-09.smt2,sat,0.0272982120513916
/20220307-SMPT/Diffusion2D-PT-D10N050/RC-15.smt2,sat,0.016748428344726562
/20220307-SMPT/Diffusion2D-PT-D10N050/RC-12.smt2,sat,0.016756772994995117
/20220307-SMPT/Diffusion2D-PT-D10N050/RF-14.smt2,sat,0.018768310546875
/20220307-SMPT/ERK-PT-000100/RC-02.smt2,sat,0.0068662166595458984
/20220307-SMPT/ERK-PT-000100/RF-12.smt2,sat,0.009163856506347656
/20220307-SMPT/ERK-PT-000100/RC-03.smt2,sat,0.007859468460083008
/20220307-SMPT/ERK-PT-000100/RF-02.smt2,unsat,0.005
/20220307-SMPT/ERK-PT-000100/RC-11.smt2,sat,0.008625268936157227
/20220307-SMPT/ERK-PT-000100/RF-03.smt2,sat,0.006979227066040039
/20220307-SMPT/ERK-PT-000100/RC-01.smt2,sat,0.007018327713012695
/20220307-SMPT/ERK-PT-000100/RF-00.smt2,unsat,0.005
/20220307-SMPT/ERK-PT-000100/RC-04.smt2,sat,0.006791353225708008
/20220307-SMPT/ERK-PT-000100/RF-11.smt2,sat,0.00956273078918457
/20220307-SMPT/ERK-PT-000100/RC-13.smt2,sat,0.006053447723388672
/20220307-SMPT/ERK-PT-000100/RC-06.smt2,sat,0.007167816162109375
/20220307-SMPT/ERK-PT-000100/RC-14.smt2,sat,0.008336544036865234
/20220307-SMPT/ERK-PT-000100/RC-10.smt2,sat,0.006849050521850586
/20220307-SMPT/ERK-PT-000100/RF-04.smt2,unsat,0.005
/20220307-SMPT/ERK-PT-000100/RF-01.smt2,unsat,0.005
/20220307-SMPT/ERK-PT-000100/RF-13.smt2,sat,0.007875204086303711
/20220307-SMPT/ERK-PT-000100/RC-05.smt2,sat,0.00824284553527832
/20220307-SMPT/ERK-PT-000100/RC-00.smt2,sat,0.00791621208190918
/20220307-SMPT/ERK-PT-000100/RF-05.smt2,sat,0.005622148513793945
/20220307-SMPT/ERK-PT-000100/RF-07.smt2,sat,0.00832223892211914
/20220307-SMPT/ERK-PT-000100/RF-10.smt2,sat,0.007915258407592773
/20220307-SMPT/ERK-PT-000100/RF-08.smt2,sat,0.005843400955200195
/20220307-SMPT/ERK-PT-000100/RC-08.smt2,unsat,0.008820056915283203
/20220307-SMPT/ERK-PT-000100/RF-15.smt2,sat,0.008257389068603516
/20220307-SMPT/ERK-PT-000100/RF-09.smt2,sat,0.008367061614990234
/20220307-SMPT/ERK-PT-000100/RC-07.smt2,sat,0.007177829742431641
/20220307-SMPT/ERK-PT-000100/RF-06.smt2,sat,0.008394002914428711
/20220307-SMPT/ERK-PT-000100/RC-09.smt2,unsat,0.004
/20220307-SMPT/ERK-PT-000100/RC-15.smt2,sat,0.007259368896484375
/20220307-SMPT/ERK-PT-000100/RC-12.smt2,sat,0.008054971694946289
/20220307-SMPT/FMS-PT-01000/RC-02.smt2,sat,0.008275032043457031
/20220307-SMPT/FMS-PT-01000/RF-12.smt2,sat,0.007252693176269531
/20220307-SMPT/FMS-PT-01000/RC-03.smt2,sat,0.0067861080169677734
/20220307-SMPT/FMS-PT-01000/RF-02.smt2,sat,0.008120059967041016
/20220307-SMPT/FMS-PT-01000/RC-11.smt2,sat,0.007909059524536133
/20220307-SMPT/FMS-PT-01000/RF-03.smt2,sat,0.00800323486328125
/20220307-SMPT/FMS-PT-01000/RC-01.smt2,unsat,0.008135795593261719
/20220307-SMPT/FMS-PT-01000/RF-00.smt2,sat,0.00748133659362793
/20220307-SMPT/FMS-PT-01000/RC-04.smt2,sat,0.006507396697998047
/20220307-SMPT/FMS-PT-01000/RF-11.smt2,sat,0.00736236572265625
/20220307-SMPT/FMS-PT-01000/RC-13.smt2,sat,0.0072939395904541016
/20220307-SMPT/FMS-PT-01000/RC-06.smt2,sat,0.008081197738647461
/20220307-SMPT/FMS-PT-01000/RC-14.smt2,unsat,0.00724029541015625
/20220307-SMPT/FMS-PT-01000/RC-10.smt2,sat,0.007281064987182617
/20220307-SMPT/FMS-PT-01000/RF-04.smt2,sat,0.0070612430572509766
/20220307-SMPT/FMS-PT-01000/RF-01.smt2,sat,0.008823633193969727
/20220307-SMPT/FMS-PT-01000/RF-13.smt2,sat,0.007856369018554688
/20220307-SMPT/FMS-PT-01000/RC-05.smt2,sat,0.00694727897644043
/20220307-SMPT/FMS-PT-01000/RC-00.smt2,sat,0.006973981857299805
/20220307-SMPT/FMS-PT-01000/RF-05.smt2,sat,0.007368564605712891
/20220307-SMPT/FMS-PT-01000/RF-07.smt2,sat,0.007102251052856445
/20220307-SMPT/FMS-PT-01000/RF-10.smt2,unsat,0.0050389766693115234
/20220307-SMPT/FMS-PT-01000/RF-08.smt2,sat,0.008677244186401367
/20220307-SMPT/FMS-PT-01000/RC-08.smt2,sat,0.00606989860534668
/20220307-SMPT/FMS-PT-01000/RF-15.smt2,sat,0.00896596908569336
/20220307-SMPT/FMS-PT-01000/RF-09.smt2,sat,0.00832509994506836
/20220307-SMPT/FMS-PT-01000/RC-07.smt2,sat,0.009670257568359375
/20220307-SMPT/FMS-PT-01000/RF-06.smt2,sat,0.007518291473388672
/20220307-SMPT/FMS-PT-01000/RC-09.smt2,unsat,0.006886959075927734
/20220307-SMPT/FMS-PT-01000/RC-15.smt2,unsat,0.009571552276611328
/20220307-SMPT/FMS-PT-01000/RC-12.smt2,sat,0.008390188217163086
/20220307-SMPT/FMS-PT-01000/RF-14.smt2,sat,0.008543252944946289
/20220307-SMPT/BART-PT-002/RC-02.smt2,unsat,0.023538589477539062
/20220307-SMPT/BART-PT-002/RF-12.smt2,unsat,0.024871349334716797
/20220307-SMPT/BART-PT-002/RC-03.smt2,unsat,0.016831159591674805
/20220307-SMPT/BART-PT-002/RF-02.smt2,sat,0.0452570915222168
/20220307-SMPT/BART-PT-002/RC-11.smt2,sat,0.04749035835266113
/20220307-SMPT/BART-PT-002/RF-03.smt2,sat,0.039812564849853516
/20220307-SMPT/BART-PT-002/RC-01.smt2,unsat,0.026049375534057617
/20220307-SMPT/BART-PT-002/RF-00.smt2,unsat,0.025229930877685547
/20220307-SMPT/BART-PT-002/RC-04.smt2,unsat,0.016920089721679688
/20220307-SMPT/BART-PT-002/RF-11.smt2,unsat,0.02368617057800293
/20220307-SMPT/BART-PT-002/RC-13.smt2,unsat,0.01875162124633789
/20220307-SMPT/BART-PT-002/RC-06.smt2,unsat,0.018049001693725586
/20220307-SMPT/BART-PT-002/RC-14.smt2,unsat,0.024079084396362305
/20220307-SMPT/BART-PT-002/RC-10.smt2,unsat,0.016077041625976562
/20220307-SMPT/BART-PT-002/RF-04.smt2,sat,0.04248189926147461
/20220307-SMPT/BART-PT-002/RF-01.smt2,sat,0.045896291732788086
/20220307-SMPT/BART-PT-002/RF-13.smt2,sat,0.04123425483703613
/20220307-SMPT/BART-PT-002/RC-05.smt2,unsat,0.01694488525390625
/20220307-SMPT/BART-PT-002/RC-00.smt2,unsat,0.01750040054321289
/20220307-SMPT/BART-PT-002/RF-05.smt2,unsat,0.02436518669128418
/20220307-SMPT/BART-PT-002/RF-07.smt2,unsat,0.01717972755432129
/20220307-SMPT/BART-PT-002/RF-10.smt2,sat,0.04477238655090332
/20220307-SMPT/BART-PT-002/RF-08.smt2,sat,0.04367423057556152
/20220307-SMPT/BART-PT-002/RC-08.smt2,unsat,0.01690530776977539
/20220307-SMPT/BART-PT-002/RF-15.smt2,sat,0.050992488861083984
/20220307-SMPT/BART-PT-002/RC-07.smt2,unsat,0.02532815933227539
/20220307-SMPT/BART-PT-002/RF-06.smt2,unsat,0.0253903865814209
/20220307-SMPT/BART-PT-002/RC-09.smt2,unsat,0.0186007022857666
/20220307-SMPT/BART-PT-002/RC-15.smt2,unsat,0.017124652862548828
/20220307-SMPT/BART-PT-002/RC-12.smt2,unsat,0.017101049423217773
/20220307-SMPT/BART-PT-002/RF-14.smt2,unsat,0.045714616775512695
/20220307-SMPT/Kanban-PT-50000/RC-02.smt2,sat,0.007836580276489258
/20220307-SMPT/Kanban-PT-50000/RF-12.smt2,sat,0.007
/20220307-SMPT/Kanban-PT-50000/RC-03.smt2,sat,0.006691694259643555
/20220307-SMPT/Kanban-PT-50000/RF-02.smt2,sat,0.006928682327270508
/20220307-SMPT/Kanban-PT-50000/RC-11.smt2,sat,0.007674455642700195
/20220307-SMPT/Kanban-PT-50000/RF-03.smt2,sat,0.006000041961669922
/20220307-SMPT/Kanban-PT-50000/RC-01.smt2,sat,0.007
/20220307-SMPT/Kanban-PT-50000/RF-00.smt2,unsat,0.005
/20220307-SMPT/Kanban-PT-50000/RC-04.smt2,unsat,0.006
/20220307-SMPT/Kanban-PT-50000/RC-13.smt2,sat,0.00887441635131836
/20220307-SMPT/Kanban-PT-50000/RC-06.smt2,sat,0.006970405578613281
/20220307-SMPT/Kanban-PT-50000/RC-14.smt2,sat,0.00658416748046875
/20220307-SMPT/Kanban-PT-50000/RC-10.smt2,sat,0.006749868392944336
/20220307-SMPT/Kanban-PT-50000/RF-04.smt2,sat,0.006707429885864258
/20220307-SMPT/Kanban-PT-50000/RF-01.smt2,sat,0.006181240081787109
/20220307-SMPT/Kanban-PT-50000/RF-13.smt2,sat,0.0054264068603515625
/20220307-SMPT/Kanban-PT-50000/RC-05.smt2,sat,0.006606578826904297
/20220307-SMPT/Kanban-PT-50000/RC-00.smt2,sat,0.008144378662109375
/20220307-SMPT/Kanban-PT-50000/RF-05.smt2,unsat,0.005
/20220307-SMPT/Kanban-PT-50000/RF-07.smt2,unsat,0.005
/20220307-SMPT/Kanban-PT-50000/RF-10.smt2,sat,0.008
/20220307-SMPT/Kanban-PT-50000/RF-08.smt2,sat,0.0084686279296875
/20220307-SMPT/Kanban-PT-50000/RC-08.smt2,sat,0.007700681686401367
/20220307-SMPT/Kanban-PT-50000/RF-15.smt2,unsat,0.005
/20220307-SMPT/Kanban-PT-50000/RF-09.smt2,sat,0.006777048110961914
/20220307-SMPT/Kanban-PT-50000/RC-07.smt2,sat,0.0072002410888671875
/20220307-SMPT/Kanban-PT-50000/RF-06.smt2,sat,0.008687019348144531
/20220307-SMPT/Kanban-PT-50000/RC-09.smt2,sat,0.008
/20220307-SMPT/Kanban-PT-50000/RC-15.smt2,unsat,0.004614591598510742
/20220307-SMPT/Kanban-PT-50000/RC-12.smt2,sat,0.007051944732666016
/20220307-SMPT/Kanban-PT-50000/RF-14.smt2,sat,0.007898092269897461
/20220307-SMPT/NeighborGrid-PT-d4n3m2c23/RC-02.smt2,sat,0.01651310920715332
/20220307-SMPT/NeighborGrid-PT-d4n3m2c23/RF-12.smt2,sat,0.016389131546020508
/20220307-SMPT/NeighborGrid-PT-d4n3m2c23/RC-03.smt2,sat,0.014718294143676758
/20220307-SMPT/NeighborGrid-PT-d4n3m2c23/RF-02.smt2,sat,0.014154911041259766
/20220307-SMPT/NeighborGrid-PT-d4n3m2c23/RC-11.smt2,sat,0.014307260513305664
/20220307-SMPT/NeighborGrid-PT-d4n3m2c23/RF-03.smt2,sat,0.015093564987182617
/20220307-SMPT/NeighborGrid-PT-d4n3m2c23/RC-01.smt2,sat,0.014333724975585938
/20220307-SMPT/NeighborGrid-PT-d4n3m2c23/RF-00.smt2,sat,0.01530599594116211
/20220307-SMPT/NeighborGrid-PT-d4n3m2c23/RC-04.smt2,sat,0.016337871551513672
/20220307-SMPT/NeighborGrid-PT-d4n3m2c23/RF-11.smt2,sat,0.03323698043823242
/20220307-SMPT/NeighborGrid-PT-d4n3m2c23/RC-13.smt2,sat,0.01553487777709961
/20220307-SMPT/NeighborGrid-PT-d4n3m2c23/RC-06.smt2,sat,0.016939401626586914
/20220307-SMPT/NeighborGrid-PT-d4n3m2c23/RC-14.smt2,sat,0.016262531280517578
/20220307-SMPT/NeighborGrid-PT-d4n3m2c23/RC-10.smt2,sat,0.01412200927734375
/20220307-SMPT/NeighborGrid-PT-d4n3m2c23/RF-04.smt2,sat,0.01562809944152832
/20220307-SMPT/NeighborGrid-PT-d4n3m2c23/RF-01.smt2,sat,0.015007257461547852
/20220307-SMPT/NeighborGrid-PT-d4n3m2c23/RF-13.smt2,sat,0.014812231063842773
/20220307-SMPT/NeighborGrid-PT-d4n3m2c23/RC-05.smt2,sat,0.015700578689575195
/20220307-SMPT/NeighborGrid-PT-d4n3m2c23/RC-00.smt2,sat,0.014965534210205078
/20220307-SMPT/NeighborGrid-PT-d4n3m2c23/RF-05.smt2,sat,0.016464948654174805
/20220307-SMPT/NeighborGrid-PT-d4n3m2c23/RF-07.smt2,sat,0.01583385467529297
/20220307-SMPT/NeighborGrid-PT-d4n3m2c23/RF-10.smt2,sat,0.017008543014526367
/20220307-SMPT/NeighborGrid-PT-d4n3m2c23/RF-08.smt2,sat,0.014706850051879883
/20220307-SMPT/NeighborGrid-PT-d4n3m2c23/RC-08.smt2,sat,0.01407170295715332
/20220307-SMPT/NeighborGrid-PT-d4n3m2c23/RF-15.smt2,sat,0.014589071273803711
/20220307-SMPT/NeighborGrid-PT-d4n3m2c23/RF-09.smt2,sat,0.015321731567382812
/20220307-SMPT/NeighborGrid-PT-d4n3m2c23/RC-07.smt2,sat,0.015139579772949219
/20220307-SMPT/NeighborGrid-PT-d4n3m2c23/RF-06.smt2,sat,0.016026973724365234
/20220307-SMPT/NeighborGrid-PT-d4n3m2c23/RC-09.smt2,sat,0.015858173370361328
/20220307-SMPT/NeighborGrid-PT-d4n3m2c23/RC-15.smt2,sat,0.014985322952270508
/20220307-SMPT/NeighborGrid-PT-d4n3m2c23/RC-12.smt2,sat,0.015375614166259766
/20220307-SMPT/HouseConstruction-PT-01000/RC-02.smt2,sat,0.011098623275756836
/20220307-SMPT/HouseConstruction-PT-01000/RF-12.smt2,sat,0.010546445846557617
/20220307-SMPT/HouseConstruction-PT-01000/RC-03.smt2,sat,0.008566856384277344
/20220307-SMPT/HouseConstruction-PT-01000/RF-02.smt2,sat,0.010246515274047852
/20220307-SMPT/HouseConstruction-PT-01000/RC-11.smt2,sat,0.009480476379394531
/20220307-SMPT/HouseConstruction-PT-01000/RF-03.smt2,sat,0.008715152740478516
/20220307-SMPT/HouseConstruction-PT-01000/RC-01.smt2,sat,0.008207559585571289
/20220307-SMPT/HouseConstruction-PT-01000/RF-00.smt2,sat,0.010170936584472656
/20220307-SMPT/HouseConstruction-PT-01000/RC-04.smt2,sat,0.00826573371887207
/20220307-SMPT/HouseConstruction-PT-01000/RF-11.smt2,sat,0.010862588882446289
/20220307-SMPT/HouseConstruction-PT-01000/RC-13.smt2,sat,0.009261131286621094
/20220307-SMPT/HouseConstruction-PT-01000/RC-06.smt2,sat,0.010267019271850586
/20220307-SMPT/HouseConstruction-PT-01000/RC-14.smt2,sat,0.009816169738769531
/20220307-SMPT/HouseConstruction-PT-01000/RC-10.smt2,sat,0.0087738037109375
/20220307-SMPT/HouseConstruction-PT-01000/RF-04.smt2,sat,0.019
/20220307-SMPT/HouseConstruction-PT-01000/RF-01.smt2,unsat,0.007
/20220307-SMPT/HouseConstruction-PT-01000/RF-13.smt2,sat,0.009272098541259766
/20220307-SMPT/HouseConstruction-PT-01000/RC-05.smt2,sat,0.008392810821533203
/20220307-SMPT/HouseConstruction-PT-01000/RC-00.smt2,sat,0.008826255798339844
/20220307-SMPT/HouseConstruction-PT-01000/RF-05.smt2,sat,0.009233713150024414
/20220307-SMPT/HouseConstruction-PT-01000/RF-07.smt2,sat,0.009927034378051758
/20220307-SMPT/HouseConstruction-PT-01000/RF-10.smt2,sat,0.010295867919921875
/20220307-SMPT/HouseConstruction-PT-01000/RF-08.smt2,sat,0.010607242584228516
/20220307-SMPT/HouseConstruction-PT-01000/RC-08.smt2,sat,0.009139537811279297
/20220307-SMPT/HouseConstruction-PT-01000/RF-09.smt2,sat,0.008362531661987305
/20220307-SMPT/HouseConstruction-PT-01000/RC-07.smt2,sat,0.009129762649536133
/20220307-SMPT/HouseConstruction-PT-01000/RF-06.smt2,sat,0.00910043716430664
/20220307-SMPT/HouseConstruction-PT-01000/RC-09.smt2,sat,0.008973836898803711
/20220307-SMPT/HouseConstruction-PT-01000/RC-15.smt2,sat,0.010149478912353516
/20220307-SMPT/HouseConstruction-PT-01000/RC-12.smt2,unsat,0.00928187370300293
/20220307-SMPT/HouseConstruction-PT-01000/RF-14.smt2,sat,0.009563684463500977
/20220307-SMPT/MAPK-PT-02560/RC-02.smt2,sat,0.00952601432800293
/20220307-SMPT/MAPK-PT-02560/RF-12.smt2,sat,0.00854349136352539
/20220307-SMPT/MAPK-PT-02560/RC-03.smt2,sat,0.009654998779296875
/20220307-SMPT/MAPK-PT-02560/RF-02.smt2,sat,0.008546113967895508
/20220307-SMPT/MAPK-PT-02560/RC-11.smt2,sat,0.009768486022949219
/20220307-SMPT/MAPK-PT-02560/RF-03.smt2,sat,0.008336305618286133
/20220307-SMPT/MAPK-PT-02560/RC-01.smt2,sat,0.010359048843383789
/20220307-SMPT/MAPK-PT-02560/RF-00.smt2,sat,0.010195493698120117
/20220307-SMPT/MAPK-PT-02560/RC-04.smt2,sat,0.007749080657958984
/20220307-SMPT/MAPK-PT-02560/RF-11.smt2,sat,0.010281562805175781
/20220307-SMPT/MAPK-PT-02560/RC-13.smt2,sat,0.012953042984008789
/20220307-SMPT/MAPK-PT-02560/RC-06.smt2,sat,0.010312080383300781
/20220307-SMPT/MAPK-PT-02560/RC-14.smt2,sat,0.009293317794799805
/20220307-SMPT/MAPK-PT-02560/RC-10.smt2,sat,0.008852243423461914
/20220307-SMPT/MAPK-PT-02560/RF-04.smt2,sat,0.009676218032836914
/20220307-SMPT/MAPK-PT-02560/RF-01.smt2,unsat,0.006012439727783203
/20220307-SMPT/MAPK-PT-02560/RF-13.smt2,sat,0.009711980819702148
/20220307-SMPT/MAPK-PT-02560/RC-05.smt2,unsat,0.009345769882202148
/20220307-SMPT/MAPK-PT-02560/RC-00.smt2,sat,0.009237289428710938
/20220307-SMPT/MAPK-PT-02560/RF-05.smt2,sat,0.012356996536254883
/20220307-SMPT/MAPK-PT-02560/RF-07.smt2,sat,0.009784221649169922
/20220307-SMPT/MAPK-PT-02560/RF-10.smt2,sat,0.00834512710571289
/20220307-SMPT/MAPK-PT-02560/RF-08.smt2,sat,0.009961128234863281
/20220307-SMPT/MAPK-PT-02560/RC-08.smt2,sat,0.008573532104492188
/20220307-SMPT/MAPK-PT-02560/RF-15.smt2,sat,0.01005101203918457
/20220307-SMPT/MAPK-PT-02560/RF-09.smt2,sat,0.009456396102905273
/20220307-SMPT/MAPK-PT-02560/RC-07.smt2,sat,0.008753299713134766
/20220307-SMPT/MAPK-PT-02560/RF-06.smt2,sat,0.009832382202148438
/20220307-SMPT/MAPK-PT-02560/RC-09.smt2,sat,0.009039163589477539
/20220307-SMPT/MAPK-PT-02560/RC-15.smt2,sat,0.008985757827758789
/20220307-SMPT/MAPK-PT-02560/RC-12.smt2,sat,0.009590387344360352
/20220307-SMPT/MAPK-PT-02560/RF-14.smt2,sat,0.009519815444946289
/20220307-SMPT/SharedMemory-PT-000050/RC-02.smt2,sat,101.981
/20220307-SMPT/SharedMemory-PT-000050/RF-12.smt2,unsat,89.72568583488464
/20220307-SMPT/SharedMemory-PT-000050/RC-03.smt2,unsat,102.441
/20220307-SMPT/SharedMemory-PT-000050/RF-02.smt2,unsat,0.32802748680114746
/20220307-SMPT/SharedMemory-PT-000050/RC-11.smt2,sat,101.688
/20220307-SMPT/SharedMemory-PT-000050/RF-03.smt2,unsat,0.3750495910644531
/20220307-SMPT/SharedMemory-PT-000050/RC-01.smt2,sat,102.404
/20220307-SMPT/SharedMemory-PT-000050/RF-00.smt2,sat,100.597
/20220307-SMPT/SharedMemory-PT-000050/RC-04.smt2,unsat,0.35257720947265625
/20220307-SMPT/SharedMemory-PT-000050/RF-11.smt2,sat,94.20025563240051
/20220307-SMPT/SharedMemory-PT-000050/RC-13.smt2,unsat,101.27
/20220307-SMPT/SharedMemory-PT-000050/RC-06.smt2,sat,100.986
/20220307-SMPT/SharedMemory-PT-000050/RC-14.smt2,unsat,1.6361212730407715
/20220307-SMPT/SharedMemory-PT-000050/RC-10.smt2,unsat,103.966
/20220307-SMPT/SharedMemory-PT-000050/RF-04.smt2,sat,106.772
/20220307-SMPT/SharedMemory-PT-000050/RF-01.smt2,sat,100.43182039260864
/20220307-SMPT/SharedMemory-PT-000050/RF-13.smt2,sat,101.461
/20220307-SMPT/SharedMemory-PT-000050/RC-05.smt2,sat,102.699
/20220307-SMPT/SharedMemory-PT-000050/RC-00.smt2,unsat,101.583
/20220307-SMPT/SharedMemory-PT-000050/RF-05.smt2,sat,271.912
/20220307-SMPT/SharedMemory-PT-000050/RF-07.smt2,unsat,0.32063817977905273
/20220307-SMPT/SharedMemory-PT-000050/RF-10.smt2,unsat,100.814
/20220307-SMPT/SharedMemory-PT-000050/RF-08.smt2,unsat,1.60386061668396
/20220307-SMPT/SharedMemory-PT-000050/RC-08.smt2,unsat,1.6250073909759521
/20220307-SMPT/SharedMemory-PT-000050/RF-15.smt2,sat,101.611
/20220307-SMPT/SharedMemory-PT-000050/RF-09.smt2,sat,103.469
/20220307-SMPT/SharedMemory-PT-000050/RC-07.smt2,unsat,104.237
/20220307-SMPT/SharedMemory-PT-000050/RF-06.smt2,sat,102.0899498462677
/20220307-SMPT/SharedMemory-PT-000050/RC-09.smt2,unsat,102.694
/20220307-SMPT/SharedMemory-PT-000050/RC-15.smt2,sat,102.107
/20220307-SMPT/SharedMemory-PT-000050/RC-12.smt2,sat,102.525
/20220307-SMPT/SharedMemory-PT-000050/RF-14.smt2,sat,100.491206407547
/20220307-SMPT/SharedMemory-PT-000200/RC-02.smt2,failed,1200.0
/20220307-SMPT/SharedMemory-PT-000200/RF-12.smt2,failed,1200.0
/20220307-SMPT/SharedMemory-PT-000200/RC-03.smt2,failed,1200.0
/20220307-SMPT/SharedMemory-PT-000200/RF-02.smt2,failed,1200.0
/20220307-SMPT/SharedMemory-PT-000200/RC-11.smt2,failed,1200.0
/20220307-SMPT/SharedMemory-PT-000200/RF-03.smt2,failed,1200.0
/20220307-SMPT/SharedMemory-PT-000200/RC-01.smt2,failed,1200.0
/20220307-SMPT/SharedMemory-PT-000200/RF-00.smt2,failed,1200.0
/20220307-SMPT/SharedMemory-PT-000200/RC-04.smt2,failed,1200.0
/20220307-SMPT/SharedMemory-PT-000200/RF-11.smt2,failed,1200.0
/20220307-SMPT/SharedMemory-PT-000200/RC-13.smt2,failed,1200.0
/20220307-SMPT/SharedMemory-PT-000200/RC-06.smt2,failed,1200.0
/20220307-SMPT/SharedMemory-PT-000200/RC-14.smt2,failed,1200.0
/20220307-SMPT/SharedMemory-PT-000200/RC-10.smt2,failed,1200.0
/20220307-SMPT/SharedMemory-PT-000200/RF-04.smt2,failed,1200.0
/20220307-SMPT/SharedMemory-PT-000200/RF-01.smt2,failed,1200.0
/20220307-SMPT/SharedMemory-PT-000200/RF-13.smt2,failed,1200.0
/20220307-SMPT/SharedMemory-PT-000200/RC-05.smt2,failed,1200.0
/20220307-SMPT/SharedMemory-PT-000200/RC-00.smt2,failed,1200.0
/20220307-SMPT/SharedMemory-PT-000200/RF-05.smt2,failed,1200.0
/20220307-SMPT/SharedMemory-PT-000200/RF-07.smt2,failed,1200.0
/20220307-SMPT/SharedMemory-PT-000200/RF-10.smt2,failed,1200.0
/20220307-SMPT/SharedMemory-PT-000200/RF-08.smt2,failed,1200.0
/20220307-SMPT/SharedMemory-PT-000200/RC-08.smt2,failed,1200.0
/20220307-SMPT/SharedMemory-PT-000200/RF-15.smt2,failed,1200.0
/20220307-SMPT/SharedMemory-PT-000200/RF-09.smt2,failed,1200.0
/20220307-SMPT/SharedMemory-PT-000200/RC-07.smt2,failed,1200.0
/20220307-SMPT/SharedMemory-PT-000200/RF-06.smt2,failed,1200.0
/20220307-SMPT/SharedMemory-PT-000200/RC-09.smt2,failed,1200.0
/20220307-SMPT/SharedMemory-PT-000200/RC-15.smt2,failed,1200.0
/20220307-SMPT/SharedMemory-PT-000200/RC-12.smt2,failed,1200.0
/20220307-SMPT/SharedMemory-PT-000200/RF-14.smt2,failed,1200.0
/20220307-SMPT/CircularTrains-PT-048/RC-02.smt2,sat,0.01886463165283203
/20220307-SMPT/CircularTrains-PT-048/RC-03.smt2,unsat,0.014930486679077148
/20220307-SMPT/CircularTrains-PT-048/RF-02.smt2,sat,0.018732309341430664
/20220307-SMPT/CircularTrains-PT-048/RC-11.smt2,unsat,0.014842748641967773
/20220307-SMPT/CircularTrains-PT-048/RF-03.smt2,sat,0.026612281799316406
/20220307-SMPT/CircularTrains-PT-048/RC-01.smt2,unsat,0.02417898178100586
/20220307-SMPT/CircularTrains-PT-048/RF-00.smt2,sat,0.018839597702026367
/20220307-SMPT/CircularTrains-PT-048/RC-04.smt2,unsat,0.013755321502685547
/20220307-SMPT/CircularTrains-PT-048/RF-11.smt2,sat,0.01832866668701172
/20220307-SMPT/CircularTrains-PT-048/RC-13.smt2,unsat,0.018458843231201172
/20220307-SMPT/CircularTrains-PT-048/RC-06.smt2,unsat,0.01613640785217285
/20220307-SMPT/CircularTrains-PT-048/RC-14.smt2,unsat,0.0169527530670166
/20220307-SMPT/CircularTrains-PT-048/RC-10.smt2,unsat,0.015920400619506836
/20220307-SMPT/CircularTrains-PT-048/RF-04.smt2,sat,0.01986837387084961
/20220307-SMPT/CircularTrains-PT-048/RF-01.smt2,unsat,0.015009641647338867
/20220307-SMPT/CircularTrains-PT-048/RF-13.smt2,sat,0.019413471221923828
/20220307-SMPT/CircularTrains-PT-048/RC-05.smt2,unsat,0.01647329330444336
/20220307-SMPT/CircularTrains-PT-048/RC-00.smt2,unsat,0.017614126205444336
/20220307-SMPT/CircularTrains-PT-048/RF-05.smt2,sat,0.01786041259765625
/20220307-SMPT/CircularTrains-PT-048/RF-07.smt2,unsat,0.010779619216918945
/20220307-SMPT/CircularTrains-PT-048/RF-10.smt2,sat,0.018553733825683594
/20220307-SMPT/CircularTrains-PT-048/RF-08.smt2,sat,0.019053220748901367
/20220307-SMPT/CircularTrains-PT-048/RC-08.smt2,unsat,0.015585899353027344
/20220307-SMPT/CircularTrains-PT-048/RF-15.smt2,sat,0.018631696701049805
/20220307-SMPT/CircularTrains-PT-048/RF-09.smt2,sat,0.0191342830657959
/20220307-SMPT/CircularTrains-PT-048/RC-07.smt2,unsat,0.01873302459716797
/20220307-SMPT/CircularTrains-PT-048/RF-06.smt2,sat,0.017259597778320312
/20220307-SMPT/CircularTrains-PT-048/RC-09.smt2,unsat,0.014636993408203125
/20220307-SMPT/CircularTrains-PT-048/RC-15.smt2,sat,0.018566370010375977
/20220307-SMPT/CircularTrains-PT-048/RC-12.smt2,unsat,0.016892671585083008
/20220307-SMPT/CircularTrains-PT-048/RF-14.smt2,sat,0.018406152725219727
/20220307-SMPT/DatabaseWithMutex-PT-02/RC-02.smt2,sat,0.016468524932861328
/20220307-SMPT/DatabaseWithMutex-PT-02/RF-12.smt2,sat,0.010504484176635742
/20220307-SMPT/DatabaseWithMutex-PT-02/RC-03.smt2,sat,0.02565622329711914
/20220307-SMPT/DatabaseWithMutex-PT-02/RF-02.smt2,sat,0.011995792388916016
/20220307-SMPT/DatabaseWithMutex-PT-02/RC-11.smt2,sat,0.01744818687438965
/20220307-SMPT/DatabaseWithMutex-PT-02/RF-03.smt2,sat,0.012377738952636719
/20220307-SMPT/DatabaseWithMutex-PT-02/RF-00.smt2,sat,0.011970758438110352
/20220307-SMPT/DatabaseWithMutex-PT-02/RC-04.smt2,sat,0.009969711303710938
/20220307-SMPT/DatabaseWithMutex-PT-02/RF-11.smt2,sat,0.011604547500610352
/20220307-SMPT/DatabaseWithMutex-PT-02/RC-13.smt2,unsat,0.011136293411254883
/20220307-SMPT/DatabaseWithMutex-PT-02/RC-06.smt2,sat,0.010023117065429688
/20220307-SMPT/DatabaseWithMutex-PT-02/RC-14.smt2,sat,0.011048078536987305
/20220307-SMPT/DatabaseWithMutex-PT-02/RC-10.smt2,sat,0.01154947280883789
/20220307-SMPT/DatabaseWithMutex-PT-02/RF-04.smt2,sat,0.013194561004638672
/20220307-SMPT/DatabaseWithMutex-PT-02/RF-01.smt2,sat,0.013065338134765625
/20220307-SMPT/DatabaseWithMutex-PT-02/RF-13.smt2,sat,0.012055635452270508
/20220307-SMPT/DatabaseWithMutex-PT-02/RC-05.smt2,sat,0.011168479919433594
/20220307-SMPT/DatabaseWithMutex-PT-02/RC-00.smt2,sat,0.009527206420898438
/20220307-SMPT/DatabaseWithMutex-PT-02/RF-05.smt2,sat,0.011057138442993164
/20220307-SMPT/DatabaseWithMutex-PT-02/RF-07.smt2,sat,0.013449907302856445
/20220307-SMPT/DatabaseWithMutex-PT-02/RF-10.smt2,sat,0.012392044067382812
/20220307-SMPT/DatabaseWithMutex-PT-02/RF-08.smt2,sat,0.011592626571655273
/20220307-SMPT/DatabaseWithMutex-PT-02/RC-08.smt2,sat,0.01187443733215332
/20220307-SMPT/DatabaseWithMutex-PT-02/RF-15.smt2,sat,0.012339591979980469
/20220307-SMPT/DatabaseWithMutex-PT-02/RF-09.smt2,sat,0.010988950729370117
/20220307-SMPT/DatabaseWithMutex-PT-02/RC-07.smt2,sat,0.01207590103149414
/20220307-SMPT/DatabaseWithMutex-PT-02/RF-06.smt2,sat,0.010082006454467773
/20220307-SMPT/DatabaseWithMutex-PT-02/RC-09.smt2,sat,0.010859012603759766
/20220307-SMPT/DatabaseWithMutex-PT-02/RC-15.smt2,sat,0.010462522506713867
/20220307-SMPT/DatabaseWithMutex-PT-02/RC-12.smt2,unsat,0.012105226516723633
/20220307-SMPT/DatabaseWithMutex-PT-02/RF-14.smt2,sat,0.010933160781860352
/20220307-SMPT/Kanban-PT-01000/RC-02.smt2,sat,0.007183074951171875
/20220307-SMPT/Kanban-PT-01000/RF-12.smt2,sat,0.007416486740112305
/20220307-SMPT/Kanban-PT-01000/RC-03.smt2,sat,0.008
/20220307-SMPT/Kanban-PT-01000/RF-02.smt2,unsat,0.005
/20220307-SMPT/Kanban-PT-01000/RC-11.smt2,sat,0.006749153137207031
/20220307-SMPT/Kanban-PT-01000/RF-03.smt2,sat,0.007295131683349609
/20220307-SMPT/Kanban-PT-01000/RC-01.smt2,sat,0.009
/20220307-SMPT/Kanban-PT-01000/RF-00.smt2,sat,0.007014751434326172
/20220307-SMPT/Kanban-PT-01000/RC-04.smt2,sat,0.0071697235107421875
/20220307-SMPT/Kanban-PT-01000/RF-11.smt2,unsat,0.005
/20220307-SMPT/Kanban-PT-01000/RC-13.smt2,sat,0.006740093231201172
/20220307-SMPT/Kanban-PT-01000/RC-06.smt2,sat,0.006044864654541016
/20220307-SMPT/Kanban-PT-01000/RC-14.smt2,sat,0.007570743560791016
/20220307-SMPT/Kanban-PT-01000/RC-10.smt2,sat,0.008
/20220307-SMPT/Kanban-PT-01000/RF-04.smt2,sat,0.007353782653808594
/20220307-SMPT/Kanban-PT-01000/RF-01.smt2,sat,0.006020545959472656
/20220307-SMPT/Kanban-PT-01000/RF-13.smt2,sat,0.0066852569580078125
/20220307-SMPT/Kanban-PT-01000/RC-05.smt2,sat,0.006415843963623047
/20220307-SMPT/Kanban-PT-01000/RC-00.smt2,sat,0.008
/20220307-SMPT/Kanban-PT-01000/RF-05.smt2,sat,0.008
/20220307-SMPT/Kanban-PT-01000/RF-07.smt2,unsat,0.005
/20220307-SMPT/Kanban-PT-01000/RF-10.smt2,sat,0.008
/20220307-SMPT/Kanban-PT-01000/RF-08.smt2,unsat,0.005
/20220307-SMPT/Kanban-PT-01000/RC-08.smt2,sat,0.008
/20220307-SMPT/Kanban-PT-01000/RF-15.smt2,unsat,0.005
/20220307-SMPT/Kanban-PT-01000/RF-09.smt2,sat,0.006796598434448242
/20220307-SMPT/Kanban-PT-01000/RC-07.smt2,sat,0.005719184875488281
/20220307-SMPT/Kanban-PT-01000/RF-06.smt2,sat,0.0072095394134521484
/20220307-SMPT/Kanban-PT-01000/RC-09.smt2,sat,0.007424354553222656
/20220307-SMPT/Kanban-PT-01000/RC-15.smt2,sat,0.01
/20220307-SMPT/Kanban-PT-01000/RC-12.smt2,sat,0.0067479610443115234
/20220307-SMPT/Kanban-PT-01000/RF-14.smt2,unsat,0.005
/20220307-SMPT/Kanban-PT-00200/RC-02.smt2,unsat,0.005
/20220307-SMPT/Kanban-PT-00200/RF-12.smt2,sat,0.008
/20220307-SMPT/Kanban-PT-00200/RC-03.smt2,sat,0.006439685821533203
/20220307-SMPT/Kanban-PT-00200/RF-02.smt2,unsat,0.005
/20220307-SMPT/Kanban-PT-00200/RC-11.smt2,sat,0.009
/20220307-SMPT/Kanban-PT-00200/RC-01.smt2,sat,0.0061016082763671875
/20220307-SMPT/Kanban-PT-00200/RF-00.smt2,sat,0.006385087966918945
/20220307-SMPT/Kanban-PT-00200/RC-04.smt2,sat,0.009
/20220307-SMPT/Kanban-PT-00200/RF-11.smt2,unsat,0.005
/20220307-SMPT/Kanban-PT-00200/RC-13.smt2,sat,0.007297515869140625
/20220307-SMPT/Kanban-PT-00200/RC-06.smt2,sat,0.008269548416137695
/20220307-SMPT/Kanban-PT-00200/RC-14.smt2,sat,0.006263017654418945
/20220307-SMPT/Kanban-PT-00200/RC-10.smt2,sat,0.00783228874206543
/20220307-SMPT/Kanban-PT-00200/RF-04.smt2,sat,0.006892681121826172
/20220307-SMPT/Kanban-PT-00200/RF-01.smt2,sat,0.006638288497924805
/20220307-SMPT/Kanban-PT-00200/RF-13.smt2,sat,0.007101535797119141
/20220307-SMPT/Kanban-PT-00200/RC-05.smt2,sat,0.007
/20220307-SMPT/Kanban-PT-00200/RC-00.smt2,sat,0.007775545120239258
/20220307-SMPT/Kanban-PT-00200/RF-05.smt2,sat,0.007200479507446289
/20220307-SMPT/Kanban-PT-00200/RF-07.smt2,unsat,0.005
/20220307-SMPT/Kanban-PT-00200/RF-10.smt2,sat,0.008
/20220307-SMPT/Kanban-PT-00200/RF-08.smt2,sat,0.006896495819091797
/20220307-SMPT/Kanban-PT-00200/RC-08.smt2,sat,0.009
/20220307-SMPT/Kanban-PT-00200/RF-15.smt2,sat,0.0065288543701171875
/20220307-SMPT/Kanban-PT-00200/RF-09.smt2,sat,0.0059435367584228516
/20220307-SMPT/Kanban-PT-00200/RC-07.smt2,sat,0.006318807601928711
/20220307-SMPT/Kanban-PT-00200/RF-06.smt2,unsat,0.005
/20220307-SMPT/Kanban-PT-00200/RC-09.smt2,sat,0.006968021392822266
/20220307-SMPT/Kanban-PT-00200/RC-15.smt2,sat,0.007
/20220307-SMPT/Kanban-PT-00200/RC-12.smt2,sat,0.008
/20220307-SMPT/Kanban-PT-00200/RF-14.smt2,unsat,0.004694223403930664
/20220307-SMPT/HouseConstruction-PT-04000/RC-02.smt2,sat,0.008051156997680664
/20220307-SMPT/HouseConstruction-PT-04000/RF-12.smt2,sat,0.00932931900024414
/20220307-SMPT/HouseConstruction-PT-04000/RC-03.smt2,sat,0.008424520492553711
/20220307-SMPT/HouseConstruction-PT-04000/RF-02.smt2,sat,0.009450674057006836
/20220307-SMPT/HouseConstruction-PT-04000/RC-11.smt2,sat,0.008114099502563477
/20220307-SMPT/HouseConstruction-PT-04000/RF-03.smt2,unsat,0.005529165267944336
/20220307-SMPT/HouseConstruction-PT-04000/RC-01.smt2,sat,0.00993657112121582
/20220307-SMPT/HouseConstruction-PT-04000/RF-00.smt2,sat,0.008313417434692383
/20220307-SMPT/HouseConstruction-PT-04000/RC-04.smt2,sat,0.008613109588623047
/20220307-SMPT/HouseConstruction-PT-04000/RF-11.smt2,sat,0.008162736892700195
/20220307-SMPT/HouseConstruction-PT-04000/RC-13.smt2,sat,0.009626388549804688
/20220307-SMPT/HouseConstruction-PT-04000/RC-06.smt2,sat,0.009134769439697266
/20220307-SMPT/HouseConstruction-PT-04000/RC-14.smt2,sat,0.012878894805908203
/20220307-SMPT/HouseConstruction-PT-04000/RC-10.smt2,sat,0.009354352951049805
/20220307-SMPT/HouseConstruction-PT-04000/RF-04.smt2,sat,0.009443521499633789
/20220307-SMPT/HouseConstruction-PT-04000/RF-01.smt2,sat,0.009944438934326172
/20220307-SMPT/HouseConstruction-PT-04000/RF-13.smt2,sat,0.010139703750610352
/20220307-SMPT/HouseConstruction-PT-04000/RC-05.smt2,sat,0.009662628173828125
/20220307-SMPT/HouseConstruction-PT-04000/RC-00.smt2,sat,0.008490324020385742
/20220307-SMPT/HouseConstruction-PT-04000/RF-05.smt2,sat,0.00823521614074707
/20220307-SMPT/HouseConstruction-PT-04000/RF-07.smt2,sat,0.011664390563964844
/20220307-SMPT/HouseConstruction-PT-04000/RF-10.smt2,sat,0.008760929107666016
/20220307-SMPT/HouseConstruction-PT-04000/RF-08.smt2,unsat,0.006026029586791992
/20220307-SMPT/HouseConstruction-PT-04000/RC-08.smt2,sat,0.010149240493774414
/20220307-SMPT/HouseConstruction-PT-04000/RF-15.smt2,sat,0.008951187133789062
/20220307-SMPT/HouseConstruction-PT-04000/RF-09.smt2,sat,0.009152650833129883
/20220307-SMPT/HouseConstruction-PT-04000/RC-07.smt2,sat,0.008911609649658203
/20220307-SMPT/HouseConstruction-PT-04000/RF-06.smt2,sat,0.010467529296875
/20220307-SMPT/HouseConstruction-PT-04000/RC-09.smt2,unsat,0.007882356643676758
/20220307-SMPT/HouseConstruction-PT-04000/RC-15.smt2,sat,0.008822441101074219
/20220307-SMPT/HouseConstruction-PT-04000/RC-12.smt2,sat,0.007931232452392578
/20220307-SMPT/HouseConstruction-PT-04000/RF-14.smt2,unsat,0.005815982818603516
/20220307-SMPT/Diffusion2D-PT-D10N200/RC-02.smt2,sat,0.018762588500976562
/20220307-SMPT/Diffusion2D-PT-D10N200/RF-12.smt2,sat,0.016341686248779297
/20220307-SMPT/Diffusion2D-PT-D10N200/RC-03.smt2,sat,0.017914533615112305
/20220307-SMPT/Diffusion2D-PT-D10N200/RF-02.smt2,sat,0.01582169532775879
/20220307-SMPT/Diffusion2D-PT-D10N200/RC-11.smt2,sat,0.018625974655151367
/20220307-SMPT/Diffusion2D-PT-D10N200/RF-03.smt2,sat,0.017069339752197266
/20220307-SMPT/Diffusion2D-PT-D10N200/RC-01.smt2,sat,0.021898269653320312
/20220307-SMPT/Diffusion2D-PT-D10N200/RF-00.smt2,sat,0.015087604522705078
/20220307-SMPT/Diffusion2D-PT-D10N200/RC-04.smt2,sat,0.01599407196044922
/20220307-SMPT/Diffusion2D-PT-D10N200/RF-11.smt2,sat,0.016693115234375
/20220307-SMPT/Diffusion2D-PT-D10N200/RC-13.smt2,sat,0.017450571060180664
/20220307-SMPT/Diffusion2D-PT-D10N200/RC-06.smt2,sat,0.017815351486206055
/20220307-SMPT/Diffusion2D-PT-D10N200/RC-14.smt2,sat,0.016471385955810547
/20220307-SMPT/Diffusion2D-PT-D10N200/RC-10.smt2,sat,0.018768787384033203
/20220307-SMPT/Diffusion2D-PT-D10N200/RF-04.smt2,sat,0.017173051834106445
/20220307-SMPT/Diffusion2D-PT-D10N200/RF-01.smt2,sat,0.016362428665161133
/20220307-SMPT/Diffusion2D-PT-D10N200/RF-13.smt2,sat,0.018411636352539062
/20220307-SMPT/Diffusion2D-PT-D10N200/RC-05.smt2,sat,0.018332719802856445
/20220307-SMPT/Diffusion2D-PT-D10N200/RC-00.smt2,sat,0.017199993133544922
/20220307-SMPT/Diffusion2D-PT-D10N200/RF-05.smt2,sat,0.02289557456970215
/20220307-SMPT/Diffusion2D-PT-D10N200/RF-07.smt2,sat,0.018369197845458984
/20220307-SMPT/Diffusion2D-PT-D10N200/RF-10.smt2,sat,0.017375707626342773
/20220307-SMPT/Diffusion2D-PT-D10N200/RF-08.smt2,sat,0.01749897003173828
/20220307-SMPT/Diffusion2D-PT-D10N200/RC-08.smt2,sat,0.017732620239257812
/20220307-SMPT/Diffusion2D-PT-D10N200/RF-15.smt2,sat,0.017994165420532227
/20220307-SMPT/Diffusion2D-PT-D10N200/RF-09.smt2,sat,0.0166168212890625
/20220307-SMPT/Diffusion2D-PT-D10N200/RC-07.smt2,sat,0.017615795135498047
/20220307-SMPT/Diffusion2D-PT-D10N200/RF-06.smt2,sat,0.025351285934448242
/20220307-SMPT/Diffusion2D-PT-D10N200/RC-09.smt2,sat,0.018089771270751953
/20220307-SMPT/Diffusion2D-PT-D10N200/RC-15.smt2,sat,0.016248464584350586
/20220307-SMPT/Diffusion2D-PT-D10N200/RC-12.smt2,sat,0.01494455337524414
/20220307-SMPT/Diffusion2D-PT-D10N200/RF-14.smt2,sat,0.023268699645996094
/20220307-SMPT/SmallOperatingSystem-PT-MT0128DC0064/RC-02.smt2,sat,0.007580280303955078
/20220307-SMPT/SmallOperatingSystem-PT-MT0128DC0064/RF-12.smt2,unsat,0.004
/20220307-SMPT/SmallOperatingSystem-PT-MT0128DC0064/RC-03.smt2,unsat,0.004
/20220307-SMPT/SmallOperatingSystem-PT-MT0128DC0064/RF-02.smt2,unsat,0.005
/20220307-SMPT/SmallOperatingSystem-PT-MT0128DC0064/RC-11.smt2,sat,0.006079912185668945
/20220307-SMPT/SmallOperatingSystem-PT-MT0128DC0064/RF-03.smt2,sat,0.008
/20220307-SMPT/SmallOperatingSystem-PT-MT0128DC0064/RC-01.smt2,sat,0.008
/20220307-SMPT/SmallOperatingSystem-PT-MT0128DC0064/RF-00.smt2,unsat,0.004
/20220307-SMPT/SmallOperatingSystem-PT-MT0128DC0064/RC-04.smt2,sat,0.0073926448822021484
/20220307-SMPT/SmallOperatingSystem-PT-MT0128DC0064/RF-11.smt2,sat,0.006289243698120117
/20220307-SMPT/SmallOperatingSystem-PT-MT0128DC0064/RC-13.smt2,sat,0.007208824157714844
/20220307-SMPT/SmallOperatingSystem-PT-MT0128DC0064/RC-06.smt2,sat,0.007
/20220307-SMPT/SmallOperatingSystem-PT-MT0128DC0064/RC-14.smt2,unsat,0.006600141525268555
/20220307-SMPT/SmallOperatingSystem-PT-MT0128DC0064/RC-10.smt2,unsat,0.007894754409790039
/20220307-SMPT/SmallOperatingSystem-PT-MT0128DC0064/RF-04.smt2,unsat,0.005
/20220307-SMPT/SmallOperatingSystem-PT-MT0128DC0064/RF-01.smt2,sat,0.006465435028076172
/20220307-SMPT/SmallOperatingSystem-PT-MT0128DC0064/RF-13.smt2,sat,0.008768081665039062
/20220307-SMPT/SmallOperatingSystem-PT-MT0128DC0064/RC-05.smt2,sat,0.008296012878417969
/20220307-SMPT/SmallOperatingSystem-PT-MT0128DC0064/RC-00.smt2,sat,0.006740570068359375
/20220307-SMPT/SmallOperatingSystem-PT-MT0128DC0064/RF-05.smt2,sat,0.007066011428833008
/20220307-SMPT/SmallOperatingSystem-PT-MT0128DC0064/RF-07.smt2,sat,0.006306648254394531
/20220307-SMPT/SmallOperatingSystem-PT-MT0128DC0064/RF-10.smt2,sat,0.007012844085693359
/20220307-SMPT/SmallOperatingSystem-PT-MT0128DC0064/RF-08.smt2,sat,0.007708549499511719
/20220307-SMPT/SmallOperatingSystem-PT-MT0128DC0064/RC-08.smt2,sat,0.009
/20220307-SMPT/SmallOperatingSystem-PT-MT0128DC0064/RF-15.smt2,sat,0.0064029693603515625
/20220307-SMPT/SmallOperatingSystem-PT-MT0128DC0064/RF-09.smt2,unsat,0.004
/20220307-SMPT/SmallOperatingSystem-PT-MT0128DC0064/RC-07.smt2,sat,0.008058309555053711
/20220307-SMPT/SmallOperatingSystem-PT-MT0128DC0064/RF-06.smt2,unsat,0.005
/20220307-SMPT/SmallOperatingSystem-PT-MT0128DC0064/RC-09.smt2,unsat,0.00582432746887207
/20220307-SMPT/SmallOperatingSystem-PT-MT0128DC0064/RC-15.smt2,sat,0.007763862609863281
/20220307-SMPT/SmallOperatingSystem-PT-MT0128DC0064/RC-12.smt2,unsat,0.005
/20220307-SMPT/FMS-PT-00050/RC-02.smt2,sat,0.007908105850219727
/20220307-SMPT/FMS-PT-00050/RF-12.smt2,sat,0.007015705108642578
/20220307-SMPT/FMS-PT-00050/RC-03.smt2,sat,0.007489681243896484
/20220307-SMPT/FMS-PT-00050/RF-02.smt2,sat,0.007169485092163086
/20220307-SMPT/FMS-PT-00050/RC-11.smt2,sat,0.007144927978515625
/20220307-SMPT/FMS-PT-00050/RF-03.smt2,sat,0.008420467376708984
/20220307-SMPT/FMS-PT-00050/RC-01.smt2,sat,0.006399869918823242
/20220307-SMPT/FMS-PT-00050/RF-00.smt2,sat,0.007802009582519531
/20220307-SMPT/FMS-PT-00050/RC-04.smt2,unsat,0.007764577865600586
/20220307-SMPT/FMS-PT-00050/RF-11.smt2,sat,0.008596420288085938
/20220307-SMPT/FMS-PT-00050/RC-13.smt2,sat,0.008176803588867188
/20220307-SMPT/FMS-PT-00050/RC-06.smt2,sat,0.007027387619018555
/20220307-SMPT/FMS-PT-00050/RC-14.smt2,sat,0.008760690689086914
/20220307-SMPT/FMS-PT-00050/RC-10.smt2,sat,0.007203102111816406
/20220307-SMPT/FMS-PT-00050/RF-04.smt2,sat,0.007347583770751953
/20220307-SMPT/FMS-PT-00050/RF-01.smt2,sat,0.00825190544128418
/20220307-SMPT/FMS-PT-00050/RF-13.smt2,sat,0.007667064666748047
/20220307-SMPT/FMS-PT-00050/RC-05.smt2,sat,0.007742166519165039
/20220307-SMPT/FMS-PT-00050/RC-00.smt2,sat,0.0069043636322021484
/20220307-SMPT/FMS-PT-00050/RF-05.smt2,sat,0.00729823112487793
/20220307-SMPT/FMS-PT-00050/RF-07.smt2,sat,0.008534431457519531
/20220307-SMPT/FMS-PT-00050/RF-10.smt2,sat,0.00737452507019043
/20220307-SMPT/FMS-PT-00050/RF-08.smt2,sat,0.008360862731933594
/20220307-SMPT/FMS-PT-00050/RC-08.smt2,sat,0.00836324691772461
/20220307-SMPT/FMS-PT-00050/RF-15.smt2,sat,0.008235692977905273
/20220307-SMPT/FMS-PT-00050/RF-09.smt2,sat,0.008287906646728516
/20220307-SMPT/FMS-PT-00050/RC-07.smt2,sat,0.008717060089111328
/20220307-SMPT/FMS-PT-00050/RF-06.smt2,unsat,0.0049495697021484375
/20220307-SMPT/FMS-PT-00050/RC-09.smt2,sat,0.008274555206298828
/20220307-SMPT/FMS-PT-00050/RC-15.smt2,sat,0.008744955062866211
/20220307-SMPT/FMS-PT-00050/RC-12.smt2,sat,0.009762287139892578
/20220307-SMPT/FMS-PT-00050/RF-14.smt2,sat,0.007840156555175781
/20220307-SMPT/FMS-PT-00100/RC-02.smt2,sat,0.008206367492675781
/20220307-SMPT/FMS-PT-00100/RF-12.smt2,sat,0.008331298828125
/20220307-SMPT/FMS-PT-00100/RC-03.smt2,sat,0.007051229476928711
/20220307-SMPT/FMS-PT-00100/RF-02.smt2,sat,0.008088827133178711
/20220307-SMPT/FMS-PT-00100/RC-11.smt2,sat,0.006048440933227539
/20220307-SMPT/FMS-PT-00100/RF-03.smt2,sat,0.008701801300048828
/20220307-SMPT/FMS-PT-00100/RC-01.smt2,sat,0.007875442504882812
/20220307-SMPT/FMS-PT-00100/RF-00.smt2,sat,0.0071942806243896484
/20220307-SMPT/FMS-PT-00100/RC-04.smt2,sat,0.007768154144287109
/20220307-SMPT/FMS-PT-00100/RF-11.smt2,sat,0.008191585540771484
/20220307-SMPT/FMS-PT-00100/RC-06.smt2,sat,0.008272171020507812
/20220307-SMPT/FMS-PT-00100/RC-14.smt2,sat,0.007273674011230469
/20220307-SMPT/FMS-PT-00100/RC-10.smt2,sat,0.008373498916625977
/20220307-SMPT/FMS-PT-00100/RF-04.smt2,sat,0.0071828365325927734
/20220307-SMPT/FMS-PT-00100/RF-01.smt2,sat,0.006102561950683594
/20220307-SMPT/FMS-PT-00100/RF-13.smt2,sat,0.011
/20220307-SMPT/FMS-PT-00100/RC-05.smt2,sat,0.008447408676147461
/20220307-SMPT/FMS-PT-00100/RC-00.smt2,sat,0.00789642333984375
/20220307-SMPT/FMS-PT-00100/RF-07.smt2,sat,0.007241487503051758
/20220307-SMPT/FMS-PT-00100/RF-10.smt2,unsat,0.005
/20220307-SMPT/FMS-PT-00100/RF-08.smt2,sat,0.0066111087799072266
/20220307-SMPT/FMS-PT-00100/RC-08.smt2,sat,0.00811457633972168
/20220307-SMPT/FMS-PT-00100/RF-15.smt2,sat,0.007567167282104492
/20220307-SMPT/FMS-PT-00100/RF-09.smt2,sat,0.007675886154174805
/20220307-SMPT/FMS-PT-00100/RC-07.smt2,sat,0.009318351745605469
/20220307-SMPT/FMS-PT-00100/RF-06.smt2,sat,0.008342742919921875
/20220307-SMPT/FMS-PT-00100/RC-09.smt2,sat,0.007864713668823242
/20220307-SMPT/FMS-PT-00100/RC-15.smt2,unsat,0.007858037948608398
/20220307-SMPT/FMS-PT-00100/RC-12.smt2,sat,0.009046554565429688
/20220307-SMPT/FMS-PT-00100/RF-14.smt2,unsat,0.006
/20220307-SMPT/Referendum-PT-0100/RC-02.smt2,sat,0.05144214630126953
/20220307-SMPT/Referendum-PT-0100/RF-12.smt2,sat,0.03209972381591797
/20220307-SMPT/Referendum-PT-0100/RC-03.smt2,unsat,0.08417463302612305
/20220307-SMPT/Referendum-PT-0100/RF-02.smt2,unsat,0.025209426879882812
/20220307-SMPT/Referendum-PT-0100/RC-11.smt2,sat,0.03264331817626953
/20220307-SMPT/Referendum-PT-0100/RF-03.smt2,unsat,0.014209508895874023
/20220307-SMPT/Referendum-PT-0100/RC-01.smt2,unsat,0.011953592300415039
/20220307-SMPT/Referendum-PT-0100/RF-00.smt2,unsat,0.018465757369995117
/20220307-SMPT/Referendum-PT-0100/RC-04.smt2,sat,0.049279212951660156
/20220307-SMPT/Referendum-PT-0100/RF-11.smt2,sat,0.031949520111083984
/20220307-SMPT/Referendum-PT-0100/RC-13.smt2,sat,0.03772902488708496
/20220307-SMPT/Referendum-PT-0100/RC-06.smt2,unsat,0.01536250114440918
/20220307-SMPT/Referendum-PT-0100/RC-14.smt2,sat,0.03373551368713379
/20220307-SMPT/Referendum-PT-0100/RC-10.smt2,unsat,0.016329526901245117
/20220307-SMPT/Referendum-PT-0100/RF-04.smt2,unsat,0.01645350456237793
/20220307-SMPT/Referendum-PT-0100/RF-01.smt2,unsat,0.014436006546020508
/20220307-SMPT/Referendum-PT-0100/RF-13.smt2,sat,0.034468650817871094
/20220307-SMPT/Referendum-PT-0100/RC-05.smt2,unsat,0.016272306442260742
/20220307-SMPT/Referendum-PT-0100/RC-00.smt2,unsat,0.015071630477905273
/20220307-SMPT/Referendum-PT-0100/RF-05.smt2,unsat,0.014205694198608398
/20220307-SMPT/Referendum-PT-0100/RF-07.smt2,unsat,0.016023874282836914
/20220307-SMPT/Referendum-PT-0100/RF-10.smt2,sat,0.038045644760131836
/20220307-SMPT/Referendum-PT-0100/RF-08.smt2,sat,0.03082728385925293
/20220307-SMPT/Referendum-PT-0100/RC-08.smt2,unsat,0.016484975814819336
/20220307-SMPT/Referendum-PT-0100/RF-15.smt2,sat,0.0293276309967041
/20220307-SMPT/Referendum-PT-0100/RF-09.smt2,sat,0.03207516670227051
/20220307-SMPT/Referendum-PT-0100/RC-07.smt2,unsat,0.015347003936767578
/20220307-SMPT/Referendum-PT-0100/RF-06.smt2,unsat,0.013937711715698242
/20220307-SMPT/Referendum-PT-0100/RC-09.smt2,unsat,0.021408796310424805
/20220307-SMPT/Referendum-PT-0100/RC-15.smt2,unsat,0.016844987869262695
/20220307-SMPT/Referendum-PT-0100/RC-12.smt2,unsat,0.017691850662231445
/20220307-SMPT/Referendum-PT-0100/RF-14.smt2,sat,0.03127884864807129
/20220307-SMPT/FMS-PT-10000/RC-02.smt2,sat,0.007718801498413086
/20220307-SMPT/FMS-PT-10000/RF-12.smt2,sat,0.007897377014160156
/20220307-SMPT/FMS-PT-10000/RC-03.smt2,sat,0.009034395217895508
/20220307-SMPT/FMS-PT-10000/RF-02.smt2,sat,0.008065462112426758
/20220307-SMPT/FMS-PT-10000/RC-11.smt2,sat,0.0073702335357666016
/20220307-SMPT/FMS-PT-10000/RF-03.smt2,sat,0.007932901382446289
/20220307-SMPT/FMS-PT-10000/RC-01.smt2,unsat,0.006
/20220307-SMPT/FMS-PT-10000/RF-00.smt2,sat,0.007909059524536133
/20220307-SMPT/FMS-PT-10000/RC-04.smt2,sat,0.0075685977935791016
/20220307-SMPT/FMS-PT-10000/RF-11.smt2,sat,0.009021759033203125
/20220307-SMPT/FMS-PT-10000/RC-13.smt2,sat,0.007771492004394531
/20220307-SMPT/FMS-PT-10000/RC-06.smt2,sat,0.006995201110839844
/20220307-SMPT/FMS-PT-10000/RC-14.smt2,unsat,0.009067058563232422
/20220307-SMPT/FMS-PT-10000/RC-10.smt2,unsat,0.00876474380493164
/20220307-SMPT/FMS-PT-10000/RF-04.smt2,sat,0.008145570755004883
/20220307-SMPT/FMS-PT-10000/RF-01.smt2,sat,0.00776362419128418
/20220307-SMPT/FMS-PT-10000/RF-13.smt2,sat,0.007612943649291992
/20220307-SMPT/FMS-PT-10000/RC-05.smt2,sat,0.007300376892089844
/20220307-SMPT/FMS-PT-10000/RC-00.smt2,sat,0.008922338485717773
/20220307-SMPT/FMS-PT-10000/RF-05.smt2,sat,0.008044004440307617
/20220307-SMPT/FMS-PT-10000/RF-07.smt2,sat,0.009537220001220703
/20220307-SMPT/FMS-PT-10000/RF-10.smt2,sat,0.007597684860229492
/20220307-SMPT/FMS-PT-10000/RF-08.smt2,sat,0.007128715515136719
/20220307-SMPT/FMS-PT-10000/RC-08.smt2,sat,0.0071563720703125
/20220307-SMPT/FMS-PT-10000/RF-15.smt2,sat,0.008416175842285156
/20220307-SMPT/FMS-PT-10000/RF-09.smt2,sat,0.008524656295776367
/20220307-SMPT/FMS-PT-10000/RC-07.smt2,sat,0.011
/20220307-SMPT/FMS-PT-10000/RF-06.smt2,sat,0.008965015411376953
/20220307-SMPT/FMS-PT-10000/RC-09.smt2,sat,0.01
/20220307-SMPT/FMS-PT-10000/RC-15.smt2,sat,0.007271528244018555
/20220307-SMPT/FMS-PT-10000/RC-12.smt2,sat,0.00811767578125
/20220307-SMPT/FMS-PT-10000/RF-14.smt2,sat,0.007982969284057617
/20220307-SMPT/Referendum-PT-0200/RC-02.smt2,sat,0.12509965896606445
/20220307-SMPT/Referendum-PT-0200/RF-12.smt2,sat,0.05770587921142578
/20220307-SMPT/Referendum-PT-0200/RC-03.smt2,sat,0.09832048416137695
/20220307-SMPT/Referendum-PT-0200/RF-02.smt2,unsat,0.02518320083618164
/20220307-SMPT/Referendum-PT-0200/RC-11.smt2,unsat,0.021628856658935547
/20220307-SMPT/Referendum-PT-0200/RF-03.smt2,sat,0.059775590896606445
/20220307-SMPT/Referendum-PT-0200/RC-01.smt2,unsat,0.020981550216674805
/20220307-SMPT/Referendum-PT-0200/RF-00.smt2,unsat,0.02211165428161621
/20220307-SMPT/Referendum-PT-0200/RC-04.smt2,sat,0.1071476936340332
/20220307-SMPT/Referendum-PT-0200/RF-11.smt2,sat,0.06063508987426758
/20220307-SMPT/Referendum-PT-0200/RC-13.smt2,unsat,0.020991086959838867
/20220307-SMPT/Referendum-PT-0200/RC-06.smt2,unsat,0.021245956420898438
/20220307-SMPT/Referendum-PT-0200/RC-14.smt2,sat,0.05557894706726074
/20220307-SMPT/Referendum-PT-0200/RC-10.smt2,sat,0.05837249755859375
/20220307-SMPT/Referendum-PT-0200/RF-04.smt2,sat,0.06338024139404297
/20220307-SMPT/Referendum-PT-0200/RF-01.smt2,unsat,0.01760697364807129
/20220307-SMPT/Referendum-PT-0200/RF-13.smt2,sat,0.0588831901550293
/20220307-SMPT/Referendum-PT-0200/RC-05.smt2,unsat,0.020725011825561523
/20220307-SMPT/Referendum-PT-0200/RC-00.smt2,sat,0.1478264331817627
/20220307-SMPT/Referendum-PT-0200/RF-05.smt2,unsat,0.07072043418884277
/20220307-SMPT/Referendum-PT-0200/RF-07.smt2,unsat,0.018984079360961914
/20220307-SMPT/Referendum-PT-0200/RF-10.smt2,sat,0.054885149002075195
/20220307-SMPT/Referendum-PT-0200/RF-08.smt2,sat,0.0609133243560791
/20220307-SMPT/Referendum-PT-0200/RC-08.smt2,sat,0.05727028846740723
/20220307-SMPT/Referendum-PT-0200/RF-15.smt2,sat,0.05699658393859863
/20220307-SMPT/Referendum-PT-0200/RF-09.smt2,sat,0.05823469161987305
/20220307-SMPT/Referendum-PT-0200/RC-07.smt2,unsat,0.19069933891296387
/20220307-SMPT/Referendum-PT-0200/RF-06.smt2,sat,0.058197021484375
/20220307-SMPT/Referendum-PT-0200/RC-09.smt2,sat,0.056311607360839844
/20220307-SMPT/Referendum-PT-0200/RC-15.smt2,sat,0.0554652214050293
/20220307-SMPT/Referendum-PT-0200/RC-12.smt2,sat,0.06123089790344238
/20220307-SMPT/Referendum-PT-0200/RF-14.smt2,sat,0.07545900344848633
/20220307-SMPT/FMS-PT-00020/RC-02.smt2,sat,0.008687973022460938
/20220307-SMPT/FMS-PT-00020/RF-12.smt2,sat,0.008957862854003906
/20220307-SMPT/FMS-PT-00020/RC-03.smt2,sat,0.008327484130859375
/20220307-SMPT/FMS-PT-00020/RF-02.smt2,sat,0.0074999332427978516
/20220307-SMPT/FMS-PT-00020/RC-11.smt2,sat,0.008464574813842773
/20220307-SMPT/FMS-PT-00020/RF-03.smt2,sat,0.007452487945556641
/20220307-SMPT/FMS-PT-00020/RC-01.smt2,sat,0.0076160430908203125
/20220307-SMPT/FMS-PT-00020/RF-00.smt2,sat,0.00732111930847168
/20220307-SMPT/FMS-PT-00020/RC-04.smt2,sat,0.007387876510620117
/20220307-SMPT/FMS-PT-00020/RF-11.smt2,unsat,0.005193233489990234
/20220307-SMPT/FMS-PT-00020/RC-13.smt2,sat,0.006784915924072266
/20220307-SMPT/FMS-PT-00020/RC-06.smt2,sat,0.007716655731201172
/20220307-SMPT/FMS-PT-00020/RC-14.smt2,sat,0.00805807113647461
/20220307-SMPT/FMS-PT-00020/RC-10.smt2,sat,0.008102178573608398
/20220307-SMPT/FMS-PT-00020/RF-04.smt2,sat,0.007218837738037109
/20220307-SMPT/FMS-PT-00020/RF-01.smt2,sat,0.008518457412719727
/20220307-SMPT/FMS-PT-00020/RF-13.smt2,sat,0.00693511962890625
/20220307-SMPT/FMS-PT-00020/RC-05.smt2,sat,0.00901937484741211
/20220307-SMPT/FMS-PT-00020/RC-00.smt2,sat,0.00737452507019043
/20220307-SMPT/FMS-PT-00020/RF-05.smt2,sat,0.0073261260986328125
/20220307-SMPT/FMS-PT-00020/RF-07.smt2,sat,0.009366035461425781
/20220307-SMPT/FMS-PT-00020/RF-10.smt2,sat,0.009714841842651367
/20220307-SMPT/FMS-PT-00020/RF-08.smt2,sat,0.007008552551269531
/20220307-SMPT/FMS-PT-00020/RC-08.smt2,sat,0.006531953811645508
/20220307-SMPT/FMS-PT-00020/RF-15.smt2,sat,0.0070493221282958984
/20220307-SMPT/FMS-PT-00020/RF-09.smt2,sat,0.008237838745117188
/20220307-SMPT/FMS-PT-00020/RC-07.smt2,sat,0.007257699966430664
/20220307-SMPT/FMS-PT-00020/RF-06.smt2,unsat,0.005928754806518555
/20220307-SMPT/FMS-PT-00020/RC-09.smt2,sat,0.008890151977539062
/20220307-SMPT/FMS-PT-00020/RC-15.smt2,sat,0.008281230926513672
/20220307-SMPT/FMS-PT-00020/RC-12.smt2,sat,0.007458209991455078
/20220307-SMPT/FMS-PT-00020/RF-14.smt2,sat,0.007589101791381836
/20220307-SMPT/Referendum-PT-0050/RC-02.smt2,unsat,0.013320446014404297
/20220307-SMPT/Referendum-PT-0050/RF-12.smt2,sat,0.01910114288330078
/20220307-SMPT/Referendum-PT-0050/RC-03.smt2,sat,0.030992507934570312
/20220307-SMPT/Referendum-PT-0050/RF-02.smt2,unsat,0.011972188949584961
/20220307-SMPT/Referendum-PT-0050/RC-11.smt2,unsat,0.013333797454833984
/20220307-SMPT/Referendum-PT-0050/RF-03.smt2,unsat,0.011940717697143555
/20220307-SMPT/Referendum-PT-0050/RC-01.smt2,unsat,0.013611316680908203
/20220307-SMPT/Referendum-PT-0050/RF-00.smt2,sat,0.022270679473876953
/20220307-SMPT/Referendum-PT-0050/RC-04.smt2,unsat,0.015244245529174805
/20220307-SMPT/Referendum-PT-0050/RF-11.smt2,sat,0.02206254005432129
/20220307-SMPT/Referendum-PT-0050/RC-13.smt2,unsat,0.01330113410949707
/20220307-SMPT/Referendum-PT-0050/RC-06.smt2,unsat,0.015246391296386719
/20220307-SMPT/Referendum-PT-0050/RC-14.smt2,unsat,0.014463186264038086
/20220307-SMPT/Referendum-PT-0050/RC-10.smt2,sat,0.018924474716186523
/20220307-SMPT/Referendum-PT-0050/RF-04.smt2,unsat,0.016965389251708984
/20220307-SMPT/Referendum-PT-0050/RF-01.smt2,unsat,0.011594057083129883
/20220307-SMPT/Referendum-PT-0050/RF-13.smt2,sat,0.021415233612060547
/20220307-SMPT/Referendum-PT-0050/RC-05.smt2,sat,0.03830075263977051
/20220307-SMPT/Referendum-PT-0050/RC-00.smt2,unsat,0.01001286506652832
/20220307-SMPT/Referendum-PT-0050/RF-05.smt2,sat,0.021689176559448242
/20220307-SMPT/Referendum-PT-0050/RF-07.smt2,unsat,0.01066899299621582
/20220307-SMPT/Referendum-PT-0050/RF-10.smt2,sat,0.01939702033996582
/20220307-SMPT/Referendum-PT-0050/RF-08.smt2,sat,0.019366025924682617
/20220307-SMPT/Referendum-PT-0050/RC-08.smt2,unsat,0.014011383056640625
/20220307-SMPT/Referendum-PT-0050/RF-15.smt2,sat,0.018924474716186523
/20220307-SMPT/Referendum-PT-0050/RF-09.smt2,sat,0.0204160213470459
/20220307-SMPT/Referendum-PT-0050/RC-07.smt2,sat,0.0305936336517334
/20220307-SMPT/Referendum-PT-0050/RF-06.smt2,unsat,0.012787818908691406
/20220307-SMPT/Referendum-PT-0050/RC-09.smt2,unsat,0.013934612274169922
/20220307-SMPT/Referendum-PT-0050/RC-15.smt2,unsat,0.01463627815246582
/20220307-SMPT/Referendum-PT-0050/RC-12.smt2,sat,0.018810033798217773
/20220307-SMPT/Referendum-PT-0050/RF-14.smt2,sat,0.018461942672729492
/20220307-SMPT/SmallOperatingSystem-PT-MT1024DC0512/RC-02.smt2,sat,0.0070040225982666016
/20220307-SMPT/SmallOperatingSystem-PT-MT1024DC0512/RF-12.smt2,unsat,0.004
/20220307-SMPT/SmallOperatingSystem-PT-MT1024DC0512/RC-03.smt2,unsat,0.004
/20220307-SMPT/SmallOperatingSystem-PT-MT1024DC0512/RF-02.smt2,unsat,0.004
/20220307-SMPT/SmallOperatingSystem-PT-MT1024DC0512/RC-11.smt2,unsat,0.005886077880859375
/20220307-SMPT/SmallOperatingSystem-PT-MT1024DC0512/RF-03.smt2,unsat,0.004
/20220307-SMPT/SmallOperatingSystem-PT-MT1024DC0512/RC-01.smt2,unsat,0.008621692657470703
/20220307-SMPT/SmallOperatingSystem-PT-MT1024DC0512/RF-00.smt2,unsat,0.005
/20220307-SMPT/SmallOperatingSystem-PT-MT1024DC0512/RC-04.smt2,unsat,0.004
/20220307-SMPT/SmallOperatingSystem-PT-MT1024DC0512/RF-11.smt2,unsat,0.004
/20220307-SMPT/SmallOperatingSystem-PT-MT1024DC0512/RC-13.smt2,sat,0.007
/20220307-SMPT/SmallOperatingSystem-PT-MT1024DC0512/RC-06.smt2,unsat,0.004
/20220307-SMPT/SmallOperatingSystem-PT-MT1024DC0512/RC-14.smt2,unsat,0.006190061569213867
/20220307-SMPT/SmallOperatingSystem-PT-MT1024DC0512/RC-10.smt2,unsat,0.005
/20220307-SMPT/SmallOperatingSystem-PT-MT1024DC0512/RF-04.smt2,sat,0.008
/20220307-SMPT/SmallOperatingSystem-PT-MT1024DC0512/RF-01.smt2,unsat,0.004
/20220307-SMPT/SmallOperatingSystem-PT-MT1024DC0512/RC-05.smt2,sat,0.0073909759521484375
/20220307-SMPT/SmallOperatingSystem-PT-MT1024DC0512/RC-00.smt2,sat,0.007143974304199219
/20220307-SMPT/SmallOperatingSystem-PT-MT1024DC0512/RF-05.smt2,sat,0.007305145263671875
/20220307-SMPT/SmallOperatingSystem-PT-MT1024DC0512/RF-07.smt2,unsat,0.004
/20220307-SMPT/SmallOperatingSystem-PT-MT1024DC0512/RF-08.smt2,unsat,0.004
/20220307-SMPT/SmallOperatingSystem-PT-MT1024DC0512/RC-08.smt2,sat,0.007227420806884766
/20220307-SMPT/SmallOperatingSystem-PT-MT1024DC0512/RF-15.smt2,sat,0.006400585174560547
/20220307-SMPT/SmallOperatingSystem-PT-MT1024DC0512/RC-07.smt2,unsat,0.007266998291015625
/20220307-SMPT/SmallOperatingSystem-PT-MT1024DC0512/RF-06.smt2,sat,0.008257389068603516
/20220307-SMPT/SmallOperatingSystem-PT-MT1024DC0512/RC-09.smt2,sat,0.008321046829223633
/20220307-SMPT/SmallOperatingSystem-PT-MT1024DC0512/RC-15.smt2,unsat,0.004
/20220307-SMPT/SmallOperatingSystem-PT-MT1024DC0512/RC-12.smt2,sat,0.006516218185424805
/20220307-SMPT/SmallOperatingSystem-PT-MT1024DC0512/RF-14.smt2,unsat,0.004
/20220307-SMPT/Kanban-PT-00020/RC-02.smt2,sat,0.00831747055053711
/20220307-SMPT/Kanban-PT-00020/RF-12.smt2,sat,0.007
/20220307-SMPT/Kanban-PT-00020/RC-03.smt2,sat,0.006644248962402344
/20220307-SMPT/Kanban-PT-00020/RF-02.smt2,sat,0.008
/20220307-SMPT/Kanban-PT-00020/RC-11.smt2,sat,0.008
/20220307-SMPT/Kanban-PT-00020/RF-03.smt2,unsat,0.004889249801635742
/20220307-SMPT/Kanban-PT-00020/RC-01.smt2,sat,0.006330728530883789
/20220307-SMPT/Kanban-PT-00020/RF-00.smt2,unsat,0.006
/20220307-SMPT/Kanban-PT-00020/RC-04.smt2,sat,0.008229970932006836
/20220307-SMPT/Kanban-PT-00020/RF-11.smt2,sat,0.008
/20220307-SMPT/Kanban-PT-00020/RC-13.smt2,sat,0.006330966949462891
/20220307-SMPT/Kanban-PT-00020/RC-06.smt2,sat,0.006343841552734375
/20220307-SMPT/Kanban-PT-00020/RC-14.smt2,sat,0.006758928298950195
/20220307-SMPT/Kanban-PT-00020/RC-10.smt2,sat,0.006866931915283203
/20220307-SMPT/Kanban-PT-00020/RF-04.smt2,unsat,0.005
/20220307-SMPT/Kanban-PT-00020/RF-01.smt2,sat,0.006688833236694336
/20220307-SMPT/Kanban-PT-00020/RF-13.smt2,unsat,0.005
/20220307-SMPT/Kanban-PT-00020/RC-05.smt2,sat,0.00703120231628418
/20220307-SMPT/Kanban-PT-00020/RC-00.smt2,sat,0.007
/20220307-SMPT/Kanban-PT-00020/RF-05.smt2,sat,0.007
/20220307-SMPT/Kanban-PT-00020/RF-07.smt2,unsat,0.004
/20220307-SMPT/Kanban-PT-00020/RF-10.smt2,sat,0.007104396820068359
/20220307-SMPT/Kanban-PT-00020/RF-08.smt2,sat,0.009
/20220307-SMPT/Kanban-PT-00020/RC-08.smt2,sat,0.006548166275024414
/20220307-SMPT/Kanban-PT-00020/RF-15.smt2,sat,0.00742650032043457
/20220307-SMPT/Kanban-PT-00020/RF-09.smt2,sat,0.009
/20220307-SMPT/Kanban-PT-00020/RC-07.smt2,sat,0.0064544677734375
/20220307-SMPT/Kanban-PT-00020/RF-06.smt2,sat,0.0067596435546875
/20220307-SMPT/Kanban-PT-00020/RC-09.smt2,sat,0.009
/20220307-SMPT/Kanban-PT-00020/RC-15.smt2,sat,0.006982564926147461
/20220307-SMPT/Kanban-PT-00020/RC-12.smt2,sat,0.008
/20220307-SMPT/Kanban-PT-00020/RF-14.smt2,sat,0.007436513900756836
/20220307-SMPT/Kanban-PT-00100/RC-02.smt2,sat,0.006023406982421875
/20220307-SMPT/Kanban-PT-00100/RF-12.smt2,sat,0.006425380706787109
/20220307-SMPT/Kanban-PT-00100/RC-03.smt2,sat,0.007
/20220307-SMPT/Kanban-PT-00100/RF-02.smt2,sat,0.0073413848876953125
/20220307-SMPT/Kanban-PT-00100/RC-11.smt2,sat,0.007245302200317383
/20220307-SMPT/Kanban-PT-00100/RF-03.smt2,unsat,0.005805015563964844
/20220307-SMPT/Kanban-PT-00100/RC-01.smt2,sat,0.008061885833740234
/20220307-SMPT/Kanban-PT-00100/RF-00.smt2,sat,0.008745670318603516
/20220307-SMPT/Kanban-PT-00100/RC-04.smt2,sat,0.006266117095947266
/20220307-SMPT/Kanban-PT-00100/RC-13.smt2,sat,0.007249593734741211
/20220307-SMPT/Kanban-PT-00100/RC-06.smt2,sat,0.006748676300048828
/20220307-SMPT/Kanban-PT-00100/RC-14.smt2,sat,0.008
/20220307-SMPT/Kanban-PT-00100/RC-10.smt2,unsat,0.005692005157470703
/20220307-SMPT/Kanban-PT-00100/RF-04.smt2,sat,0.007080078125
/20220307-SMPT/Kanban-PT-00100/RF-01.smt2,unsat,0.004
/20220307-SMPT/Kanban-PT-00100/RF-13.smt2,unsat,0.005
/20220307-SMPT/Kanban-PT-00100/RC-05.smt2,sat,0.006509065628051758
/20220307-SMPT/Kanban-PT-00100/RC-00.smt2,sat,0.006772518157958984
/20220307-SMPT/Kanban-PT-00100/RF-05.smt2,sat,0.008
/20220307-SMPT/Kanban-PT-00100/RF-07.smt2,sat,0.006984233856201172
/20220307-SMPT/Kanban-PT-00100/RF-10.smt2,sat,0.009
/20220307-SMPT/Kanban-PT-00100/RF-08.smt2,unsat,0.005
/20220307-SMPT/Kanban-PT-00100/RC-08.smt2,sat,0.007210254669189453
/20220307-SMPT/Kanban-PT-00100/RF-15.smt2,unsat,0.006
/20220307-SMPT/Kanban-PT-00100/RF-09.smt2,sat,0.008
/20220307-SMPT/Kanban-PT-00100/RC-07.smt2,sat,0.007
/20220307-SMPT/Kanban-PT-00100/RF-06.smt2,sat,0.007197141647338867
/20220307-SMPT/Kanban-PT-00100/RC-09.smt2,sat,0.007589817047119141
/20220307-SMPT/Kanban-PT-00100/RC-15.smt2,unsat,0.007632255554199219
/20220307-SMPT/Kanban-PT-00100/RC-12.smt2,sat,0.00576472282409668
/20220307-SMPT/Kanban-PT-00100/RF-14.smt2,unsat,0.006
/CAV_2009_benchmarks/smt/25-vars/problem_2__027.smt2,sat,0.2219550609588623
/CAV_2009_benchmarks/smt/25-vars/problem_2__017.smt2,sat,0.2590773105621338
/CAV_2009_benchmarks/smt/25-vars/problem__007.smt2,sat,0.127
/CAV_2009_benchmarks/smt/25-vars/problem_2__020.smt2,sat,0.25772762298583984
/CAV_2009_benchmarks/smt/25-vars/problem__028.smt2,sat,0.2973144054412842
/CAV_2009_benchmarks/smt/25-vars/problem_2__016.smt2,sat,0.17212867736816406
/CAV_2009_benchmarks/smt/25-vars/problem_2__003.smt2,sat,0.025223493576049805
/CAV_2009_benchmarks/smt/25-vars/problem_2__015.smt2,sat,0.129
/CAV_2009_benchmarks/smt/25-vars/problem__035.smt2,sat,0.22759199142456055
/CAV_2009_benchmarks/smt/25-vars/problem_2__013.smt2,sat,0.107
/CAV_2009_benchmarks/smt/25-vars/problem__015.smt2,sat,0.133
/CAV_2009_benchmarks/smt/25-vars/problem__029.smt2,sat,0.2735867500305176
/CAV_2009_benchmarks/smt/25-vars/problem__020.smt2,sat,0.15
/CAV_2009_benchmarks/smt/25-vars/problem__033.smt2,sat,0.35697197914123535
/CAV_2009_benchmarks/smt/25-vars/problem_2__024.smt2,sat,0.2564995288848877
/CAV_2009_benchmarks/smt/25-vars/problem__019.smt2,sat,0.122
/CAV_2009_benchmarks/smt/25-vars/problem_2__028.smt2,sat,0.28069090843200684
/CAV_2009_benchmarks/smt/25-vars/problem__030.smt2,sat,0.24437999725341797
/CAV_2009_benchmarks/smt/25-vars/problem__023.smt2,sat,0.136
/CAV_2009_benchmarks/smt/25-vars/problem_2__010.smt2,sat,0.010397672653198242
/CAV_2009_benchmarks/smt/25-vars/problem__012.smt2,sat,0.207
/CAV_2009_benchmarks/smt/25-vars/problem__024.smt2,sat,0.155
/CAV_2009_benchmarks/smt/25-vars/problem__032.smt2,unsat,0.07587933540344238
/CAV_2009_benchmarks/smt/25-vars/problem__027.smt2,sat,0.2873530387878418
/CAV_2009_benchmarks/smt/25-vars/problem_2__022.smt2,sat,0.144
/CAV_2009_benchmarks/smt/25-vars/problem__016.smt2,sat,0.229
/CAV_2009_benchmarks/smt/25-vars/problem__025.smt2,sat,0.25267839431762695
/CAV_2009_benchmarks/smt/25-vars/problem_2__030.smt2,sat,0.193
/CAV_2009_benchmarks/smt/25-vars/problem_2__019.smt2,sat,0.184
/CAV_2009_benchmarks/smt/25-vars/problem__018.smt2,sat,0.127
/CAV_2009_benchmarks/smt/25-vars/problem_2__031.smt2,unsat,0.07306241989135742
/CAV_2009_benchmarks/smt/25-vars/problem__013.smt2,sat,0.116
/CAV_2009_benchmarks/smt/25-vars/problem__009.smt2,sat,0.101
/CAV_2009_benchmarks/smt/25-vars/problem__017.smt2,sat,0.22614455223083496
/CAV_2009_benchmarks/smt/25-vars/problem_2__012.smt2,sat,0.107
/CAV_2009_benchmarks/smt/25-vars/problem_2__005.smt2,sat,0.03634238243103027
/CAV_2009_benchmarks/smt/25-vars/problem_2__011.smt2,sat,0.173
/CAV_2009_benchmarks/smt/25-vars/problem_2__018.smt2,sat,0.113
/CAV_2009_benchmarks/smt/25-vars/problem__014.smt2,sat,0.107
/CAV_2009_benchmarks/smt/25-vars/problem__008.smt2,sat,0.108
/CAV_2009_benchmarks/smt/25-vars/problem_2__014.smt2,sat,0.133
/CAV_2009_benchmarks/smt/25-vars/problem_2__007.smt2,sat,0.03928875923156738
/CAV_2009_benchmarks/smt/25-vars/problem_2__001.smt2,sat,0.03499746322631836
/CAV_2009_benchmarks/smt/25-vars/problem_2__026.smt2,sat,0.21750664710998535
/CAV_2009_benchmarks/smt/25-vars/problem__011.smt2,sat,0.08444976806640625
/CAV_2009_benchmarks/smt/25-vars/problem_2__032.smt2,sat,0.25644373893737793
/CAV_2009_benchmarks/smt/25-vars/problem_2__006.smt2,sat,0.022456884384155273
/CAV_2009_benchmarks/smt/25-vars/problem_2__029.smt2,unsat,0.08
/CAV_2009_benchmarks/smt/25-vars/problem__005.smt2,sat,0.05667543411254883
/CAV_2009_benchmarks/smt/25-vars/problem_2__034.smt2,sat,0.16
/CAV_2009_benchmarks/smt/25-vars/problem_2__004.smt2,sat,0.03856635093688965
/CAV_2009_benchmarks/smt/25-vars/problem__003.smt2,sat,0.081
/CAV_2009_benchmarks/smt/25-vars/problem__034.smt2,unsat,0.10169625282287598
/CAV_2009_benchmarks/smt/25-vars/problem_2__002.smt2,sat,0.009715795516967773
/CAV_2009_benchmarks/smt/25-vars/problem_2__035.smt2,sat,0.179
/CAV_2009_benchmarks/smt/25-vars/problem__021.smt2,sat,0.19995856285095215
/CAV_2009_benchmarks/smt/25-vars/problem_2__009.smt2,sat,0.10018372535705566
/CAV_2009_benchmarks/smt/25-vars/problem_2__008.smt2,sat,0.111
/CAV_2009_benchmarks/smt/25-vars/problem_2__033.smt2,unsat,0.08182501792907715
/CAV_2009_benchmarks/smt/25-vars/problem__002.smt2,sat,0.067
/CAV_2009_benchmarks/smt/25-vars/problem__001.smt2,sat,0.009804964065551758
/CAV_2009_benchmarks/smt/25-vars/problem__010.smt2,sat,0.11702799797058105
/CAV_2009_benchmarks/smt/25-vars/problem__026.smt2,sat,0.189
/CAV_2009_benchmarks/smt/25-vars/problem__004.smt2,sat,0.0886530876159668
/CAV_2009_benchmarks/smt/25-vars/problem__031.smt2,unsat,0.143
/CAV_2009_benchmarks/smt/25-vars/problem_2__025.smt2,sat,0.15
/CAV_2009_benchmarks/smt/25-vars/problem_2__023.smt2,sat,0.182
/CAV_2009_benchmarks/smt/25-vars/problem__022.smt2,unsat,0.10212922096252441
/CAV_2009_benchmarks/smt/25-vars/problem__006.smt2,sat,0.097
/CAV_2009_benchmarks/smt/25-vars/problem_2__021.smt2,sat,0.3132157325744629
/CAV_2009_benchmarks/smt/35-vars/problem_2__027.smt2,sat,0.422839879989624
/CAV_2009_benchmarks/smt/35-vars/problem_2__017.smt2,sat,0.32840704917907715
/CAV_2009_benchmarks/smt/35-vars/problem__007.smt2,sat,0.27576684951782227
/CAV_2009_benchmarks/smt/35-vars/problem_2__020.smt2,sat,0.38117361068725586
/CAV_2009_benchmarks/smt/35-vars/problem__028.smt2,sat,0.39440393447875977
/CAV_2009_benchmarks/smt/35-vars/problem_2__016.smt2,sat,0.33904480934143066
/CAV_2009_benchmarks/smt/35-vars/problem_2__003.smt2,sat,0.0314784049987793
/CAV_2009_benchmarks/smt/35-vars/problem_2__015.smt2,sat,0.26484084129333496
/CAV_2009_benchmarks/smt/35-vars/problem__035.smt2,sat,0.3472175598144531
/CAV_2009_benchmarks/smt/35-vars/problem_2__013.smt2,sat,0.3421015739440918
/CAV_2009_benchmarks/smt/35-vars/problem__015.smt2,sat,0.30438733100891113
/CAV_2009_benchmarks/smt/35-vars/problem__029.smt2,sat,0.42534661293029785
/CAV_2009_benchmarks/smt/35-vars/problem__020.smt2,sat,0.2916121482849121
/CAV_2009_benchmarks/smt/35-vars/problem__033.smt2,sat,0.4161839485168457
/CAV_2009_benchmarks/smt/35-vars/problem_2__024.smt2,sat,0.38407230377197266
/CAV_2009_benchmarks/smt/35-vars/problem__019.smt2,sat,0.304
/CAV_2009_benchmarks/smt/35-vars/problem_2__028.smt2,sat,0.40281105041503906
/CAV_2009_benchmarks/smt/35-vars/problem__030.smt2,sat,0.3762984275817871
/CAV_2009_benchmarks/smt/35-vars/problem__023.smt2,sat,0.4085564613342285
/CAV_2009_benchmarks/smt/35-vars/problem_2__010.smt2,sat,0.2615780830383301
/CAV_2009_benchmarks/smt/35-vars/problem__012.smt2,sat,0.25754785537719727
/CAV_2009_benchmarks/smt/35-vars/problem__024.smt2,sat,0.4257166385650635
/CAV_2009_benchmarks/smt/35-vars/problem__032.smt2,sat,0.5054223537445068
/CAV_2009_benchmarks/smt/35-vars/problem__027.smt2,sat,0.3578975200653076
/CAV_2009_benchmarks/smt/35-vars/problem_2__022.smt2,sat,0.36085987091064453
/CAV_2009_benchmarks/smt/35-vars/problem__016.smt2,sat,0.322
/CAV_2009_benchmarks/smt/35-vars/problem__025.smt2,sat,0.3668825626373291
/CAV_2009_benchmarks/smt/35-vars/problem_2__030.smt2,sat,0.41986870765686035
/CAV_2009_benchmarks/smt/35-vars/problem_2__019.smt2,sat,0.3527193069458008
/CAV_2009_benchmarks/smt/35-vars/problem__018.smt2,sat,0.30412983894348145
/CAV_2009_benchmarks/smt/35-vars/problem_2__031.smt2,sat,0.5674409866333008
/CAV_2009_benchmarks/smt/35-vars/problem__013.smt2,sat,0.27536797523498535
/CAV_2009_benchmarks/smt/35-vars/problem__009.smt2,sat,0.234
/CAV_2009_benchmarks/smt/35-vars/problem__017.smt2,sat,0.3037760257720947
/CAV_2009_benchmarks/smt/35-vars/problem_2__012.smt2,sat,0.285
/CAV_2009_benchmarks/smt/35-vars/problem_2__005.smt2,sat,0.04288649559020996
/CAV_2009_benchmarks/smt/35-vars/problem_2__011.smt2,sat,0.2746548652648926
/CAV_2009_benchmarks/smt/35-vars/problem_2__018.smt2,sat,0.32172393798828125
/CAV_2009_benchmarks/smt/35-vars/problem__014.smt2,sat,0.34472131729125977
/CAV_2009_benchmarks/smt/35-vars/problem__008.smt2,sat,0.25336289405822754
/CAV_2009_benchmarks/smt/35-vars/problem_2__014.smt2,sat,0.25786638259887695
/CAV_2009_benchmarks/smt/35-vars/problem_2__007.smt2,sat,0.10880613327026367
/CAV_2009_benchmarks/smt/35-vars/problem_2__001.smt2,sat,0.012257099151611328
/CAV_2009_benchmarks/smt/35-vars/problem_2__026.smt2,sat,0.5451540946960449
/CAV_2009_benchmarks/smt/35-vars/problem__011.smt2,sat,0.3173861503601074
/CAV_2009_benchmarks/smt/35-vars/problem_2__032.smt2,sat,0.4467661380767822
/CAV_2009_benchmarks/smt/35-vars/problem_2__006.smt2,sat,0.04461503028869629
/CAV_2009_benchmarks/smt/35-vars/problem_2__029.smt2,sat,0.6853232383728027
/CAV_2009_benchmarks/smt/35-vars/problem__005.smt2,sat,0.024904727935791016
/CAV_2009_benchmarks/smt/35-vars/problem_2__034.smt2,sat,0.4149587154388428
/CAV_2009_benchmarks/smt/35-vars/problem_2__004.smt2,sat,0.010830163955688477
/CAV_2009_benchmarks/smt/35-vars/problem__003.smt2,sat,0.196
/CAV_2009_benchmarks/smt/35-vars/problem__034.smt2,sat,0.6437852382659912
/CAV_2009_benchmarks/smt/35-vars/problem_2__002.smt2,sat,0.264
/CAV_2009_benchmarks/smt/35-vars/problem_2__035.smt2,sat,0.4344747066497803
/CAV_2009_benchmarks/smt/35-vars/problem__021.smt2,sat,0.589418888092041
/CAV_2009_benchmarks/smt/35-vars/problem_2__009.smt2,sat,0.039925575256347656
/CAV_2009_benchmarks/smt/35-vars/problem_2__008.smt2,sat,0.272
/CAV_2009_benchmarks/smt/35-vars/problem_2__033.smt2,sat,0.4769470691680908
/CAV_2009_benchmarks/smt/35-vars/problem__002.smt2,sat,0.06840372085571289
/CAV_2009_benchmarks/smt/35-vars/problem__001.smt2,sat,0.011556863784790039
/CAV_2009_benchmarks/smt/35-vars/problem__010.smt2,sat,0.2470531463623047
/CAV_2009_benchmarks/smt/35-vars/problem__026.smt2,sat,0.4343986511230469
/CAV_2009_benchmarks/smt/35-vars/problem__004.smt2,sat,0.010510683059692383
/CAV_2009_benchmarks/smt/35-vars/problem__031.smt2,sat,0.36890244483947754
/CAV_2009_benchmarks/smt/35-vars/problem_2__025.smt2,sat,0.35242581367492676
/CAV_2009_benchmarks/smt/35-vars/problem_2__023.smt2,sat,0.3230607509613037
/CAV_2009_benchmarks/smt/35-vars/problem__022.smt2,sat,0.32039928436279297
/CAV_2009_benchmarks/smt/35-vars/problem__006.smt2,sat,0.257094144821167
/CAV_2009_benchmarks/smt/35-vars/problem_2__021.smt2,sat,0.3320484161376953
/CAV_2009_benchmarks/smt/20-vars/problem_2__027.smt2,unsat,0.044377803802490234
/CAV_2009_benchmarks/smt/20-vars/problem_2__017.smt2,sat,0.08171272277832031
/CAV_2009_benchmarks/smt/20-vars/problem__007.smt2,sat,0.07339906692504883
/CAV_2009_benchmarks/smt/20-vars/problem_2__020.smt2,sat,0.06870388984680176
/CAV_2009_benchmarks/smt/20-vars/problem__028.smt2,sat,0.591
/CAV_2009_benchmarks/smt/20-vars/problem_2__016.smt2,sat,0.083
/CAV_2009_benchmarks/smt/20-vars/problem_2__003.smt2,sat,0.062
/CAV_2009_benchmarks/smt/20-vars/problem_2__015.smt2,sat,0.077
/CAV_2009_benchmarks/smt/20-vars/problem__035.smt2,unsat,0.047078847885131836
/CAV_2009_benchmarks/smt/20-vars/problem_2__013.smt2,sat,0.2153623104095459
/CAV_2009_benchmarks/smt/20-vars/problem__015.smt2,sat,0.07308602333068848
/CAV_2009_benchmarks/smt/20-vars/problem__029.smt2,unsat,0.0574493408203125
/CAV_2009_benchmarks/smt/20-vars/problem__020.smt2,sat,0.08797097206115723
/CAV_2009_benchmarks/smt/20-vars/problem__033.smt2,unsat,0.07991838455200195
/CAV_2009_benchmarks/smt/20-vars/problem_2__024.smt2,sat,0.08974409103393555
/CAV_2009_benchmarks/smt/20-vars/problem__019.smt2,sat,0.10577988624572754
/CAV_2009_benchmarks/smt/20-vars/problem_2__028.smt2,sat,0.187
/CAV_2009_benchmarks/smt/20-vars/problem__030.smt2,sat,0.1322922706604004
/CAV_2009_benchmarks/smt/20-vars/problem__023.smt2,unsat,0.03529191017150879
/CAV_2009_benchmarks/smt/20-vars/problem_2__010.smt2,sat,0.04585003852844238
/CAV_2009_benchmarks/smt/20-vars/problem__012.smt2,sat,0.058
/CAV_2009_benchmarks/smt/20-vars/problem__024.smt2,sat,0.1076974868774414
/CAV_2009_benchmarks/smt/20-vars/problem__032.smt2,unsat,0.06610369682312012
/CAV_2009_benchmarks/smt/20-vars/problem__027.smt2,unsat,0.07505083084106445
/CAV_2009_benchmarks/smt/20-vars/problem_2__022.smt2,sat,0.148
/CAV_2009_benchmarks/smt/20-vars/problem__016.smt2,unsat,0.03815436363220215
/CAV_2009_benchmarks/smt/20-vars/problem__025.smt2,unsat,0.037876129150390625
/CAV_2009_benchmarks/smt/20-vars/problem_2__030.smt2,unsat,0.0443882942199707
/CAV_2009_benchmarks/smt/20-vars/problem_2__019.smt2,sat,0.099
/CAV_2009_benchmarks/smt/20-vars/problem__018.smt2,unsat,0.025279998779296875
/CAV_2009_benchmarks/smt/20-vars/problem_2__031.smt2,unsat,0.105
/CAV_2009_benchmarks/smt/20-vars/problem__013.smt2,sat,0.067
/CAV_2009_benchmarks/smt/20-vars/problem__009.smt2,sat,0.062
/CAV_2009_benchmarks/smt/20-vars/problem__017.smt2,sat,0.08627653121948242
/CAV_2009_benchmarks/smt/20-vars/problem_2__012.smt2,sat,0.07501554489135742
/CAV_2009_benchmarks/smt/20-vars/problem_2__005.smt2,sat,0.057
/CAV_2009_benchmarks/smt/20-vars/problem_2__011.smt2,sat,0.078
/CAV_2009_benchmarks/smt/20-vars/problem_2__018.smt2,sat,0.166
/CAV_2009_benchmarks/smt/20-vars/problem__014.smt2,unsat,1.4147295951843262
/CAV_2009_benchmarks/smt/20-vars/problem__008.smt2,sat,0.02469468116760254
/CAV_2009_benchmarks/smt/20-vars/problem_2__014.smt2,sat,0.10614633560180664
/CAV_2009_benchmarks/smt/20-vars/problem_2__007.smt2,sat,0.04966545104980469
/CAV_2009_benchmarks/smt/20-vars/problem_2__001.smt2,sat,0.03859376907348633
/CAV_2009_benchmarks/smt/20-vars/problem_2__026.smt2,unsat,0.07453727722167969
/CAV_2009_benchmarks/smt/20-vars/problem__011.smt2,sat,0.083
/CAV_2009_benchmarks/smt/20-vars/problem_2__032.smt2,unsat,0.030231952667236328
/CAV_2009_benchmarks/smt/20-vars/problem_2__006.smt2,sat,0.04762005805969238
/CAV_2009_benchmarks/smt/20-vars/problem_2__029.smt2,sat,0.21416950225830078
/CAV_2009_benchmarks/smt/20-vars/problem__005.smt2,sat,0.007924795150756836
/CAV_2009_benchmarks/smt/20-vars/problem_2__034.smt2,unsat,0.06693148612976074
/CAV_2009_benchmarks/smt/20-vars/problem_2__004.smt2,sat,0.010295629501342773
/CAV_2009_benchmarks/smt/20-vars/problem__003.smt2,sat,0.05748558044433594
/CAV_2009_benchmarks/smt/20-vars/problem__034.smt2,unsat,0.0418398380279541
/CAV_2009_benchmarks/smt/20-vars/problem_2__002.smt2,sat,0.035068511962890625
/CAV_2009_benchmarks/smt/20-vars/problem_2__035.smt2,sat,0.244
/CAV_2009_benchmarks/smt/20-vars/problem__021.smt2,sat,0.11283183097839355
/CAV_2009_benchmarks/smt/20-vars/problem_2__009.smt2,sat,0.061002492904663086
/CAV_2009_benchmarks/smt/20-vars/problem_2__008.smt2,sat,0.077
/CAV_2009_benchmarks/smt/20-vars/problem_2__033.smt2,unsat,0.113
/CAV_2009_benchmarks/smt/20-vars/problem__002.smt2,sat,0.03549909591674805
/CAV_2009_benchmarks/smt/20-vars/problem__001.smt2,sat,0.036165714263916016
/CAV_2009_benchmarks/smt/20-vars/problem__010.smt2,sat,0.04022073745727539
/CAV_2009_benchmarks/smt/20-vars/problem__026.smt2,sat,0.112
/CAV_2009_benchmarks/smt/20-vars/problem__004.smt2,sat,0.03240466117858887
/CAV_2009_benchmarks/smt/20-vars/problem__031.smt2,unsat,0.06651449203491211
/CAV_2009_benchmarks/smt/20-vars/problem_2__025.smt2,sat,0.22968006134033203
/CAV_2009_benchmarks/smt/20-vars/problem_2__023.smt2,unsat,0.17183256149291992
/CAV_2009_benchmarks/smt/20-vars/problem__022.smt2,sat,0.072
/CAV_2009_benchmarks/smt/20-vars/problem__006.smt2,sat,0.072
/CAV_2009_benchmarks/smt/20-vars/problem_2__021.smt2,sat,0.16230535507202148
/CAV_2009_benchmarks/smt/45-vars/problem_2__027.smt2,sat,0.839949369430542
/CAV_2009_benchmarks/smt/45-vars/problem_2__017.smt2,sat,0.574
/CAV_2009_benchmarks/smt/45-vars/problem__007.smt2,sat,0.45847439765930176
/CAV_2009_benchmarks/smt/45-vars/problem_2__020.smt2,sat,0.5268659591674805
/CAV_2009_benchmarks/smt/45-vars/problem__028.smt2,sat,0.6776015758514404
/CAV_2009_benchmarks/smt/45-vars/problem_2__016.smt2,sat,0.5496692657470703
/CAV_2009_benchmarks/smt/45-vars/problem_2__003.smt2,sat,0.02243781089782715
/CAV_2009_benchmarks/smt/45-vars/problem_2__015.smt2,sat,0.4450507164001465
/CAV_2009_benchmarks/smt/45-vars/problem__035.smt2,sat,0.9014675617218018
/CAV_2009_benchmarks/smt/45-vars/problem_2__013.smt2,sat,0.44875264167785645
/CAV_2009_benchmarks/smt/45-vars/problem__015.smt2,sat,0.11721682548522949
/CAV_2009_benchmarks/smt/45-vars/problem__029.smt2,sat,0.9324243068695068
/CAV_2009_benchmarks/smt/45-vars/problem__020.smt2,sat,0.5547027587890625
/CAV_2009_benchmarks/smt/45-vars/problem__033.smt2,sat,0.8688249588012695
/CAV_2009_benchmarks/smt/45-vars/problem_2__024.smt2,sat,0.5806050300598145
/CAV_2009_benchmarks/smt/45-vars/problem__019.smt2,sat,0.5112125873565674
/CAV_2009_benchmarks/smt/45-vars/problem_2__028.smt2,sat,0.6356463432312012
/CAV_2009_benchmarks/smt/45-vars/problem__030.smt2,sat,0.5785715579986572
/CAV_2009_benchmarks/smt/45-vars/problem__023.smt2,sat,0.7136499881744385
/CAV_2009_benchmarks/smt/45-vars/problem_2__010.smt2,sat,0.457669734954834
/CAV_2009_benchmarks/smt/45-vars/problem__012.smt2,sat,0.01790475845336914
/CAV_2009_benchmarks/smt/45-vars/problem__024.smt2,sat,0.5673277378082275
/CAV_2009_benchmarks/smt/45-vars/problem__032.smt2,sat,0.7887356281280518
/CAV_2009_benchmarks/smt/45-vars/problem__027.smt2,sat,0.6812903881072998
/CAV_2009_benchmarks/smt/45-vars/problem_2__022.smt2,sat,0.5362560749053955
/CAV_2009_benchmarks/smt/45-vars/problem__016.smt2,sat,0.6783006191253662
/CAV_2009_benchmarks/smt/45-vars/problem__025.smt2,sat,0.7037925720214844
/CAV_2009_benchmarks/smt/45-vars/problem_2__030.smt2,sat,0.6805453300476074
/CAV_2009_benchmarks/smt/45-vars/problem_2__019.smt2,sat,0.6860389709472656
/CAV_2009_benchmarks/smt/45-vars/problem__018.smt2,sat,0.6078355312347412
/CAV_2009_benchmarks/smt/45-vars/problem_2__031.smt2,sat,0.8482191562652588
/CAV_2009_benchmarks/smt/45-vars/problem__013.smt2,sat,0.523625373840332
/CAV_2009_benchmarks/smt/45-vars/problem__009.smt2,sat,0.4028339385986328
/CAV_2009_benchmarks/smt/45-vars/problem__017.smt2,sat,0.5234663486480713
/CAV_2009_benchmarks/smt/45-vars/problem_2__012.smt2,sat,0.38065385818481445
/CAV_2009_benchmarks/smt/45-vars/problem_2__005.smt2,sat,0.030116558074951172
/CAV_2009_benchmarks/smt/45-vars/problem_2__011.smt2,sat,0.4297647476196289
/CAV_2009_benchmarks/smt/45-vars/problem_2__018.smt2,sat,0.4852769374847412
/CAV_2009_benchmarks/smt/45-vars/problem__014.smt2,sat,0.47695040702819824
/CAV_2009_benchmarks/smt/45-vars/problem__008.smt2,sat,0.03636813163757324
/CAV_2009_benchmarks/smt/45-vars/problem_2__014.smt2,sat,0.3687591552734375
/CAV_2009_benchmarks/smt/45-vars/problem_2__007.smt2,sat,0.38139843940734863
/CAV_2009_benchmarks/smt/45-vars/problem_2__001.smt2,sat,0.20209836959838867
/CAV_2009_benchmarks/smt/45-vars/problem_2__026.smt2,sat,0.8385012149810791
/CAV_2009_benchmarks/smt/45-vars/problem__011.smt2,sat,0.48887062072753906
/CAV_2009_benchmarks/smt/45-vars/problem_2__032.smt2,sat,0.8602502346038818
/CAV_2009_benchmarks/smt/45-vars/problem_2__006.smt2,sat,0.4561591148376465
/CAV_2009_benchmarks/smt/45-vars/problem_2__029.smt2,sat,0.8754072189331055
/CAV_2009_benchmarks/smt/45-vars/problem__005.smt2,sat,0.030328989028930664
/CAV_2009_benchmarks/smt/45-vars/problem_2__034.smt2,sat,0.6939465999603271
/CAV_2009_benchmarks/smt/45-vars/problem_2__004.smt2,sat,0.25436878204345703
/CAV_2009_benchmarks/smt/45-vars/problem__003.smt2,sat,0.01265859603881836
/CAV_2009_benchmarks/smt/45-vars/problem__034.smt2,sat,0.951484203338623
/CAV_2009_benchmarks/smt/45-vars/problem_2__002.smt2,sat,0.05298185348510742
/CAV_2009_benchmarks/smt/45-vars/problem_2__035.smt2,sat,0.9229710102081299
/CAV_2009_benchmarks/smt/45-vars/problem__021.smt2,sat,0.5855793952941895
/CAV_2009_benchmarks/smt/45-vars/problem_2__009.smt2,sat,0.4277162551879883
/CAV_2009_benchmarks/smt/45-vars/problem_2__008.smt2,sat,0.01580524444580078
/CAV_2009_benchmarks/smt/45-vars/problem_2__033.smt2,sat,1.1908130645751953
/CAV_2009_benchmarks/smt/45-vars/problem__002.smt2,sat,0.033669471740722656
/CAV_2009_benchmarks/smt/45-vars/problem__001.smt2,sat,0.03605341911315918
/CAV_2009_benchmarks/smt/45-vars/problem__010.smt2,sat,0.45096421241760254
/CAV_2009_benchmarks/smt/45-vars/problem__026.smt2,sat,0.688316822052002
/CAV_2009_benchmarks/smt/45-vars/problem__004.smt2,sat,0.011442422866821289
/CAV_2009_benchmarks/smt/45-vars/problem__031.smt2,sat,0.91605544090271
/CAV_2009_benchmarks/smt/45-vars/problem_2__025.smt2,sat,0.599388837814331
/CAV_2009_benchmarks/smt/45-vars/problem_2__023.smt2,sat,0.7941434383392334
/CAV_2009_benchmarks/smt/45-vars/problem__022.smt2,sat,0.6915175914764404
/CAV_2009_benchmarks/smt/45-vars/problem__006.smt2,sat,0.04806661605834961
/CAV_2009_benchmarks/smt/45-vars/problem_2__021.smt2,sat,0.637610673904419
/CAV_2009_benchmarks/smt/30-vars/problem_2__027.smt2,sat,0.24535393714904785
/CAV_2009_benchmarks/smt/30-vars/problem_2__017.smt2,sat,0.22469711303710938
/CAV_2009_benchmarks/smt/30-vars/problem__007.smt2,sat,0.128
/CAV_2009_benchmarks/smt/30-vars/problem_2__020.smt2,sat,0.27931714057922363
/CAV_2009_benchmarks/smt/30-vars/problem__028.smt2,sat,0.33475399017333984
/CAV_2009_benchmarks/smt/30-vars/problem_2__016.smt2,sat,0.23334312438964844
/CAV_2009_benchmarks/smt/30-vars/problem_2__003.smt2,sat,0.037445783615112305
/CAV_2009_benchmarks/smt/30-vars/problem_2__015.smt2,sat,0.173
/CAV_2009_benchmarks/smt/30-vars/problem__035.smt2,sat,0.3968033790588379
/CAV_2009_benchmarks/smt/30-vars/problem_2__013.smt2,sat,0.16559934616088867
/CAV_2009_benchmarks/smt/30-vars/problem__015.smt2,sat,0.23699188232421875
/CAV_2009_benchmarks/smt/30-vars/problem__029.smt2,sat,0.29
/CAV_2009_benchmarks/smt/30-vars/problem__020.smt2,sat,0.2970879077911377
/CAV_2009_benchmarks/smt/30-vars/problem__033.smt2,sat,0.4471313953399658
/CAV_2009_benchmarks/smt/30-vars/problem_2__024.smt2,sat,0.25152587890625
/CAV_2009_benchmarks/smt/30-vars/problem__019.smt2,sat,0.2067415714263916
/CAV_2009_benchmarks/smt/30-vars/problem_2__028.smt2,sat,0.2437586784362793
/CAV_2009_benchmarks/smt/30-vars/problem__030.smt2,sat,0.33590221405029297
/CAV_2009_benchmarks/smt/30-vars/problem__023.smt2,sat,0.233
/CAV_2009_benchmarks/smt/30-vars/problem_2__010.smt2,sat,0.195
/CAV_2009_benchmarks/smt/30-vars/problem__012.smt2,sat,0.2890748977661133
/CAV_2009_benchmarks/smt/30-vars/problem__024.smt2,sat,0.29271554946899414
/CAV_2009_benchmarks/smt/30-vars/problem__032.smt2,unsat,0.145
/CAV_2009_benchmarks/smt/30-vars/problem__027.smt2,sat,0.31162405014038086
/CAV_2009_benchmarks/smt/30-vars/problem_2__022.smt2,sat,0.204
/CAV_2009_benchmarks/smt/30-vars/problem__016.smt2,sat,0.26558375358581543
/CAV_2009_benchmarks/smt/30-vars/problem__025.smt2,sat,0.3030431270599365
/CAV_2009_benchmarks/smt/30-vars/problem_2__030.smt2,sat,0.2722201347351074
/CAV_2009_benchmarks/smt/30-vars/problem_2__019.smt2,sat,0.196
/CAV_2009_benchmarks/smt/30-vars/problem__018.smt2,sat,0.236
/CAV_2009_benchmarks/smt/30-vars/problem_2__031.smt2,sat,0.36773109436035156
/CAV_2009_benchmarks/smt/30-vars/problem__013.smt2,sat,0.23212647438049316
/CAV_2009_benchmarks/smt/30-vars/problem__009.smt2,sat,0.168
/CAV_2009_benchmarks/smt/30-vars/problem__017.smt2,sat,0.2948329448699951
/CAV_2009_benchmarks/smt/30-vars/problem_2__012.smt2,sat,0.246
/CAV_2009_benchmarks/smt/30-vars/problem_2__005.smt2,sat,0.163
/CAV_2009_benchmarks/smt/30-vars/problem_2__011.smt2,sat,0.252
/CAV_2009_benchmarks/smt/30-vars/problem_2__018.smt2,sat,0.24607324600219727
/CAV_2009_benchmarks/smt/30-vars/problem__014.smt2,sat,0.233
/CAV_2009_benchmarks/smt/30-vars/problem__008.smt2,sat,0.029693126678466797
/CAV_2009_benchmarks/smt/30-vars/problem_2__014.smt2,sat,0.23623967170715332
/CAV_2009_benchmarks/smt/30-vars/problem_2__007.smt2,sat,0.153
/CAV_2009_benchmarks/smt/30-vars/problem_2__001.smt2,sat,0.144
/CAV_2009_benchmarks/smt/30-vars/problem_2__026.smt2,sat,0.30842113494873047
/CAV_2009_benchmarks/smt/30-vars/problem__011.smt2,sat,0.261
/CAV_2009_benchmarks/smt/30-vars/problem_2__032.smt2,sat,0.3431828022003174
/CAV_2009_benchmarks/smt/30-vars/problem_2__006.smt2,sat,0.15
/CAV_2009_benchmarks/smt/30-vars/problem_2__029.smt2,sat,0.28552722930908203
/CAV_2009_benchmarks/smt/30-vars/problem__005.smt2,sat,0.03555035591125488
/CAV_2009_benchmarks/smt/30-vars/problem_2__034.smt2,sat,0.33853697776794434
/CAV_2009_benchmarks/smt/30-vars/problem_2__004.smt2,sat,0.02486729621887207
/CAV_2009_benchmarks/smt/30-vars/problem__003.smt2,sat,0.1344623565673828
/CAV_2009_benchmarks/smt/30-vars/problem__034.smt2,sat,0.4234645366668701
/CAV_2009_benchmarks/smt/30-vars/problem_2__002.smt2,sat,0.11982321739196777
/CAV_2009_benchmarks/smt/30-vars/problem_2__035.smt2,sat,0.2711174488067627
/CAV_2009_benchmarks/smt/30-vars/problem__021.smt2,sat,0.26847195625305176
/CAV_2009_benchmarks/smt/30-vars/problem_2__009.smt2,sat,0.237
/CAV_2009_benchmarks/smt/30-vars/problem_2__008.smt2,sat,0.026978731155395508
/CAV_2009_benchmarks/smt/30-vars/problem_2__033.smt2,sat,0.40915489196777344
/CAV_2009_benchmarks/smt/30-vars/problem__002.smt2,sat,0.025952816009521484
/CAV_2009_benchmarks/smt/30-vars/problem__001.smt2,sat,0.010409355163574219
/CAV_2009_benchmarks/smt/30-vars/problem__010.smt2,sat,0.15
/CAV_2009_benchmarks/smt/30-vars/problem__026.smt2,sat,0.2884969711303711
/CAV_2009_benchmarks/smt/30-vars/problem__004.smt2,sat,0.013404607772827148
/CAV_2009_benchmarks/smt/30-vars/problem__031.smt2,sat,0.3237752914428711
/CAV_2009_benchmarks/smt/30-vars/problem_2__025.smt2,sat,0.28824758529663086
/CAV_2009_benchmarks/smt/30-vars/problem_2__023.smt2,sat,0.264
/CAV_2009_benchmarks/smt/30-vars/problem__022.smt2,sat,0.3037433624267578
/CAV_2009_benchmarks/smt/30-vars/problem__006.smt2,sat,0.02764153480529785
/CAV_2009_benchmarks/smt/30-vars/problem_2__021.smt2,sat,0.2381143569946289
/CAV_2009_benchmarks/smt/40-vars/problem_2__027.smt2,sat,0.5194628238677979
/CAV_2009_benchmarks/smt/40-vars/problem_2__017.smt2,sat,0.4630589485168457
/CAV_2009_benchmarks/smt/40-vars/problem__007.smt2,sat,0.2665855884552002
/CAV_2009_benchmarks/smt/40-vars/problem_2__020.smt2,sat,0.394345760345459
/CAV_2009_benchmarks/smt/40-vars/problem__028.smt2,sat,0.6893570423126221
/CAV_2009_benchmarks/smt/40-vars/problem_2__016.smt2,sat,0.45267796516418457
/CAV_2009_benchmarks/smt/40-vars/problem_2__003.smt2,sat,0.011362791061401367
/CAV_2009_benchmarks/smt/40-vars/problem_2__015.smt2,sat,0.36405134201049805
/CAV_2009_benchmarks/smt/40-vars/problem__035.smt2,sat,0.7629032135009766
/CAV_2009_benchmarks/smt/40-vars/problem_2__013.smt2,sat,0.3892953395843506
/CAV_2009_benchmarks/smt/40-vars/problem__015.smt2,sat,0.2752537727355957
/CAV_2009_benchmarks/smt/40-vars/problem__029.smt2,sat,0.5435271263122559
/CAV_2009_benchmarks/smt/40-vars/problem__020.smt2,sat,0.4706559181213379
/CAV_2009_benchmarks/smt/40-vars/problem__033.smt2,sat,1.1112334728240967
/CAV_2009_benchmarks/smt/40-vars/problem_2__024.smt2,sat,0.46120762825012207
/CAV_2009_benchmarks/smt/40-vars/problem__019.smt2,sat,0.439960241317749
/CAV_2009_benchmarks/smt/40-vars/problem_2__028.smt2,sat,0.592
/CAV_2009_benchmarks/smt/40-vars/problem__030.smt2,sat,0.6602630615234375
/CAV_2009_benchmarks/smt/40-vars/problem__023.smt2,sat,0.5654263496398926
/CAV_2009_benchmarks/smt/40-vars/problem_2__010.smt2,sat,0.26087355613708496
/CAV_2009_benchmarks/smt/40-vars/problem__012.smt2,sat,0.4263346195220947
/CAV_2009_benchmarks/smt/40-vars/problem__024.smt2,sat,0.5694539546966553
/CAV_2009_benchmarks/smt/40-vars/problem__032.smt2,sat,0.6542139053344727
/CAV_2009_benchmarks/smt/40-vars/problem__027.smt2,sat,0.5844779014587402
/CAV_2009_benchmarks/smt/40-vars/problem_2__022.smt2,sat,0.442155122756958
/CAV_2009_benchmarks/smt/40-vars/problem__016.smt2,sat,0.4926900863647461
/CAV_2009_benchmarks/smt/40-vars/problem__025.smt2,sat,0.46283578872680664
/CAV_2009_benchmarks/smt/40-vars/problem_2__030.smt2,sat,0.701730489730835
/CAV_2009_benchmarks/smt/40-vars/problem_2__019.smt2,sat,0.4830665588378906
/CAV_2009_benchmarks/smt/40-vars/problem__018.smt2,sat,0.5011720657348633
/CAV_2009_benchmarks/smt/40-vars/problem_2__031.smt2,sat,1.1605699062347412
/CAV_2009_benchmarks/smt/40-vars/problem__013.smt2,sat,0.49530792236328125
/CAV_2009_benchmarks/smt/40-vars/problem__009.smt2,sat,0.23058199882507324
/CAV_2009_benchmarks/smt/40-vars/problem__017.smt2,sat,0.3992319107055664
/CAV_2009_benchmarks/smt/40-vars/problem_2__012.smt2,sat,0.409
/CAV_2009_benchmarks/smt/40-vars/problem_2__005.smt2,sat,0.01067495346069336
/CAV_2009_benchmarks/smt/40-vars/problem_2__011.smt2,sat,0.3448045253753662
/CAV_2009_benchmarks/smt/40-vars/problem_2__018.smt2,sat,0.45090579986572266
/CAV_2009_benchmarks/smt/40-vars/problem__014.smt2,sat,0.3503243923187256
/CAV_2009_benchmarks/smt/40-vars/problem__008.smt2,sat,0.27765703201293945
/CAV_2009_benchmarks/smt/40-vars/problem_2__014.smt2,sat,0.3655543327331543
/CAV_2009_benchmarks/smt/40-vars/problem_2__007.smt2,sat,0.38651323318481445
/CAV_2009_benchmarks/smt/40-vars/problem_2__001.smt2,sat,0.013352632522583008
/CAV_2009_benchmarks/smt/40-vars/problem_2__026.smt2,sat,0.522991418838501
/CAV_2009_benchmarks/smt/40-vars/problem__011.smt2,sat,0.3430154323577881
/CAV_2009_benchmarks/smt/40-vars/problem_2__032.smt2,sat,0.6197812557220459
/CAV_2009_benchmarks/smt/40-vars/problem_2__006.smt2,sat,0.3548545837402344
/CAV_2009_benchmarks/smt/40-vars/problem_2__029.smt2,sat,0.5682530403137207
/CAV_2009_benchmarks/smt/40-vars/problem__005.smt2,sat,0.012006998062133789
/CAV_2009_benchmarks/smt/40-vars/problem_2__034.smt2,sat,0.5976974964141846
/CAV_2009_benchmarks/smt/40-vars/problem_2__004.smt2,sat,0.0454254150390625
/CAV_2009_benchmarks/smt/40-vars/problem__003.smt2,sat,0.27680492401123047
/CAV_2009_benchmarks/smt/40-vars/problem__034.smt2,sat,0.64908766746521
/CAV_2009_benchmarks/smt/40-vars/problem_2__002.smt2,sat,0.021164417266845703
/CAV_2009_benchmarks/smt/40-vars/problem_2__035.smt2,sat,0.5715460777282715
/CAV_2009_benchmarks/smt/40-vars/problem__021.smt2,sat,0.3969433307647705
/CAV_2009_benchmarks/smt/40-vars/problem_2__009.smt2,sat,0.02622222900390625
/CAV_2009_benchmarks/smt/40-vars/problem_2__008.smt2,sat,0.293
/CAV_2009_benchmarks/smt/40-vars/problem_2__033.smt2,sat,0.668489933013916
/CAV_2009_benchmarks/smt/40-vars/problem__002.smt2,sat,0.054512739181518555
/CAV_2009_benchmarks/smt/40-vars/problem__001.smt2,sat,0.193
/CAV_2009_benchmarks/smt/40-vars/problem__010.smt2,sat,0.12011194229125977
/CAV_2009_benchmarks/smt/40-vars/problem__026.smt2,sat,0.5803155899047852
/CAV_2009_benchmarks/smt/40-vars/problem__004.smt2,sat,0.054210662841796875
/CAV_2009_benchmarks/smt/40-vars/problem__031.smt2,sat,0.6546895503997803
/CAV_2009_benchmarks/smt/40-vars/problem_2__025.smt2,sat,0.5646302700042725
/CAV_2009_benchmarks/smt/40-vars/problem_2__023.smt2,sat,0.5143167972564697
/CAV_2009_benchmarks/smt/40-vars/problem__022.smt2,sat,0.47495222091674805
/CAV_2009_benchmarks/smt/40-vars/problem__006.smt2,sat,0.341
/CAV_2009_benchmarks/smt/40-vars/problem_2__021.smt2,sat,0.47069263458251953
/CAV_2009_benchmarks/smt/10-vars/problem_2__027.smt2,unsat,0.010416507720947266
/CAV_2009_benchmarks/smt/10-vars/problem_2__017.smt2,sat,0.0068264007568359375
/CAV_2009_benchmarks/smt/10-vars/problem__007.smt2,sat,0.008389472961425781
/CAV_2009_benchmarks/smt/10-vars/problem_2__020.smt2,sat,0.008986473083496094
/CAV_2009_benchmarks/smt/10-vars/problem__028.smt2,unsat,0.00961756706237793
/CAV_2009_benchmarks/smt/10-vars/problem_2__016.smt2,unsat,0.0076181888580322266
/CAV_2009_benchmarks/smt/10-vars/problem_2__003.smt2,sat,0.005
/CAV_2009_benchmarks/smt/10-vars/problem_2__015.smt2,sat,0.008
/CAV_2009_benchmarks/smt/10-vars/problem__035.smt2,unsat,0.008218765258789062
/CAV_2009_benchmarks/smt/10-vars/problem_2__013.smt2,sat,0.007042646408081055
/CAV_2009_benchmarks/smt/10-vars/problem__015.smt2,sat,0.01
/CAV_2009_benchmarks/smt/10-vars/problem__029.smt2,unsat,0.008863210678100586
/CAV_2009_benchmarks/smt/10-vars/problem__020.smt2,unsat,0.0067293643951416016
/CAV_2009_benchmarks/smt/10-vars/problem__033.smt2,unsat,0.008587360382080078
/CAV_2009_benchmarks/smt/10-vars/problem_2__024.smt2,unsat,0.008060455322265625
/CAV_2009_benchmarks/smt/10-vars/problem__019.smt2,sat,0.008548498153686523
/CAV_2009_benchmarks/smt/10-vars/problem_2__028.smt2,unsat,0.008960247039794922
/CAV_2009_benchmarks/smt/10-vars/problem__030.smt2,unsat,0.008040904998779297
/CAV_2009_benchmarks/smt/10-vars/problem__023.smt2,sat,0.010220050811767578
/CAV_2009_benchmarks/smt/10-vars/problem_2__010.smt2,sat,0.008
/CAV_2009_benchmarks/smt/10-vars/problem__012.smt2,sat,0.011709451675415039
/CAV_2009_benchmarks/smt/10-vars/problem__024.smt2,unsat,0.010143756866455078
/CAV_2009_benchmarks/smt/10-vars/problem__032.smt2,unsat,0.00860142707824707
/CAV_2009_benchmarks/smt/10-vars/problem__027.smt2,unsat,0.008151531219482422
/CAV_2009_benchmarks/smt/10-vars/problem_2__022.smt2,sat,0.010098457336425781
/CAV_2009_benchmarks/smt/10-vars/problem__016.smt2,unsat,0.0070226192474365234
/CAV_2009_benchmarks/smt/10-vars/problem__025.smt2,unsat,0.009294271469116211
/CAV_2009_benchmarks/smt/10-vars/problem_2__030.smt2,unsat,0.008673429489135742
/CAV_2009_benchmarks/smt/10-vars/problem_2__019.smt2,unsat,0.007939577102661133
/CAV_2009_benchmarks/smt/10-vars/problem__018.smt2,sat,0.012955665588378906
/CAV_2009_benchmarks/smt/10-vars/problem_2__031.smt2,unsat,0.009620189666748047
/CAV_2009_benchmarks/smt/10-vars/problem__013.smt2,sat,0.010416746139526367
/CAV_2009_benchmarks/smt/10-vars/problem__009.smt2,sat,0.0071866512298583984
/CAV_2009_benchmarks/smt/10-vars/problem__017.smt2,unsat,0.008553504943847656
/CAV_2009_benchmarks/smt/10-vars/problem_2__012.smt2,unsat,0.007
/CAV_2009_benchmarks/smt/10-vars/problem_2__005.smt2,sat,0.005
/CAV_2009_benchmarks/smt/10-vars/problem_2__011.smt2,sat,0.010286331176757812
/CAV_2009_benchmarks/smt/10-vars/problem_2__018.smt2,sat,0.009008646011352539
/CAV_2009_benchmarks/smt/10-vars/problem__014.smt2,sat,0.009686708450317383
/CAV_2009_benchmarks/smt/10-vars/problem__008.smt2,sat,0.011
/CAV_2009_benchmarks/smt/10-vars/problem_2__014.smt2,sat,0.00765538215637207
/CAV_2009_benchmarks/smt/10-vars/problem_2__007.smt2,sat,0.006
/CAV_2009_benchmarks/smt/10-vars/problem_2__001.smt2,sat,0.004
/CAV_2009_benchmarks/smt/10-vars/problem_2__026.smt2,unsat,0.009638786315917969
/CAV_2009_benchmarks/smt/10-vars/problem__011.smt2,unsat,0.005894660949707031
/CAV_2009_benchmarks/smt/10-vars/problem_2__032.smt2,unsat,0.009618997573852539
/CAV_2009_benchmarks/smt/10-vars/problem_2__006.smt2,sat,0.006
/CAV_2009_benchmarks/smt/10-vars/problem_2__029.smt2,unsat,0.011014461517333984
/CAV_2009_benchmarks/smt/10-vars/problem__005.smt2,sat,0.005
/CAV_2009_benchmarks/smt/10-vars/problem_2__034.smt2,unsat,0.009177207946777344
/CAV_2009_benchmarks/smt/10-vars/problem_2__004.smt2,sat,0.004
/CAV_2009_benchmarks/smt/10-vars/problem__003.smt2,sat,0.004
/CAV_2009_benchmarks/smt/10-vars/problem__034.smt2,unsat,0.008277177810668945
/CAV_2009_benchmarks/smt/10-vars/problem_2__002.smt2,sat,0.005
/CAV_2009_benchmarks/smt/10-vars/problem_2__035.smt2,unsat,0.009486913681030273
/CAV_2009_benchmarks/smt/10-vars/problem__021.smt2,unsat,0.011847972869873047
/CAV_2009_benchmarks/smt/10-vars/problem_2__009.smt2,sat,0.007
/CAV_2009_benchmarks/smt/10-vars/problem_2__008.smt2,sat,0.007
/CAV_2009_benchmarks/smt/10-vars/problem_2__033.smt2,unsat,0.008767366409301758
/CAV_2009_benchmarks/smt/10-vars/problem__002.smt2,sat,0.004
/CAV_2009_benchmarks/smt/10-vars/problem__001.smt2,sat,0.003
/CAV_2009_benchmarks/smt/10-vars/problem__010.smt2,sat,0.006
/CAV_2009_benchmarks/smt/10-vars/problem__026.smt2,unsat,0.00859832763671875
/CAV_2009_benchmarks/smt/10-vars/problem__004.smt2,unsat,0.003
/CAV_2009_benchmarks/smt/10-vars/problem__031.smt2,unsat,0.008823156356811523
/CAV_2009_benchmarks/smt/10-vars/problem_2__025.smt2,unsat,0.008652687072753906
/CAV_2009_benchmarks/smt/10-vars/problem_2__023.smt2,sat,0.01707005500793457
/CAV_2009_benchmarks/smt/10-vars/problem__022.smt2,unsat,0.010215997695922852
/CAV_2009_benchmarks/smt/10-vars/problem__006.smt2,sat,0.007
/CAV_2009_benchmarks/smt/10-vars/problem_2__021.smt2,unsat,0.013
/CAV_2009_benchmarks/smt/15-vars/problem_2__017.smt2,sat,0.0710291862487793
/CAV_2009_benchmarks/smt/15-vars/problem__007.smt2,sat,0.025167465209960938
/CAV_2009_benchmarks/smt/15-vars/problem_2__020.smt2,unsat,0.017709732055664062
/CAV_2009_benchmarks/smt/15-vars/problem_2__016.smt2,sat,0.028722524642944336
/CAV_2009_benchmarks/smt/15-vars/problem_2__003.smt2,sat,0.008697509765625
/CAV_2009_benchmarks/smt/15-vars/problem_2__015.smt2,sat,0.04
/CAV_2009_benchmarks/smt/15-vars/problem_2__013.smt2,sat,0.04917740821838379
/CAV_2009_benchmarks/smt/15-vars/problem__015.smt2,sat,0.0307767391204834
/CAV_2009_benchmarks/smt/15-vars/problem__020.smt2,sat,0.017714262008666992
/CAV_2009_benchmarks/smt/15-vars/problem_2__024.smt2,unsat,0.01386570930480957
/CAV_2009_benchmarks/smt/15-vars/problem__019.smt2,sat,0.03620004653930664
/CAV_2009_benchmarks/smt/15-vars/problem__023.smt2,unsat,0.012386083602905273
/CAV_2009_benchmarks/smt/15-vars/problem_2__010.smt2,sat,0.028348922729492188
/CAV_2009_benchmarks/smt/15-vars/problem__012.smt2,sat,0.03330564498901367
/CAV_2009_benchmarks/smt/15-vars/problem__024.smt2,unsat,0.02340865135192871
/CAV_2009_benchmarks/smt/15-vars/problem_2__022.smt2,unsat,0.017001628875732422
/CAV_2009_benchmarks/smt/15-vars/problem__016.smt2,unsat,0.018551111221313477
/CAV_2009_benchmarks/smt/15-vars/problem__025.smt2,unsat,0.017827272415161133
/CAV_2009_benchmarks/smt/15-vars/problem_2__019.smt2,unsat,0.015320777893066406
/CAV_2009_benchmarks/smt/15-vars/problem__018.smt2,sat,0.010776281356811523
/CAV_2009_benchmarks/smt/15-vars/problem__013.smt2,sat,0.0301666259765625
/CAV_2009_benchmarks/smt/15-vars/problem__009.smt2,sat,0.035
/CAV_2009_benchmarks/smt/15-vars/problem__017.smt2,sat,0.024651050567626953
/CAV_2009_benchmarks/smt/15-vars/problem_2__012.smt2,sat,0.020980358123779297
/CAV_2009_benchmarks/smt/15-vars/problem_2__005.smt2,sat,0.009557723999023438
/CAV_2009_benchmarks/smt/15-vars/problem_2__011.smt2,unsat,0.009769439697265625
/CAV_2009_benchmarks/smt/15-vars/problem_2__018.smt2,sat,0.046311140060424805
/CAV_2009_benchmarks/smt/15-vars/problem__014.smt2,sat,0.02279210090637207
/CAV_2009_benchmarks/smt/15-vars/problem__008.smt2,sat,0.007490634918212891
/CAV_2009_benchmarks/smt/15-vars/problem_2__014.smt2,sat,0.03320622444152832
/CAV_2009_benchmarks/smt/15-vars/problem_2__007.smt2,sat,0.043379783630371094
/CAV_2009_benchmarks/smt/15-vars/problem_2__001.smt2,sat,0.011214494705200195
/CAV_2009_benchmarks/smt/15-vars/problem__011.smt2,sat,0.03345084190368652
/CAV_2009_benchmarks/smt/15-vars/problem_2__006.smt2,sat,0.04562854766845703
/CAV_2009_benchmarks/smt/15-vars/problem__005.smt2,sat,0.008288145065307617
/CAV_2009_benchmarks/smt/15-vars/problem_2__004.smt2,sat,0.02185988426208496
/CAV_2009_benchmarks/smt/15-vars/problem__003.smt2,sat,0.014266729354858398
/CAV_2009_benchmarks/smt/15-vars/problem_2__002.smt2,sat,0.01886153221130371
/CAV_2009_benchmarks/smt/15-vars/problem__021.smt2,sat,0.025341510772705078
/CAV_2009_benchmarks/smt/15-vars/problem_2__009.smt2,sat,0.01647639274597168
/CAV_2009_benchmarks/smt/15-vars/problem_2__008.smt2,sat,0.00910639762878418
/CAV_2009_benchmarks/smt/15-vars/problem__002.smt2,sat,0.018
/CAV_2009_benchmarks/smt/15-vars/problem__001.smt2,sat,0.021181583404541016
/CAV_2009_benchmarks/smt/15-vars/problem__010.smt2,sat,0.02316904067993164
/CAV_2009_benchmarks/smt/15-vars/problem__004.smt2,sat,0.022744417190551758
/CAV_2009_benchmarks/smt/15-vars/problem_2__025.smt2,unsat,0.041
/CAV_2009_benchmarks/smt/15-vars/problem_2__023.smt2,sat,0.04806661605834961
/CAV_2009_benchmarks/smt/15-vars/problem__022.smt2,unsat,0.016407489776611328
/CAV_2009_benchmarks/smt/15-vars/problem__006.smt2,sat,0.01954030990600586
/CAV_2009_benchmarks/smt/15-vars/problem_2__021.smt2,unsat,0.01920771598815918
/CAV_2009_benchmarks/coef-size/smt/size-30/problem__005.smt2,sat,0.06818437576293945
/CAV_2009_benchmarks/coef-size/smt/size-30/problem__003.smt2,sat,0.056888580322265625
/CAV_2009_benchmarks/coef-size/smt/size-30/problem__002.smt2,sat,0.03506016731262207
/CAV_2009_benchmarks/coef-size/smt/size-30/problem__004.smt2,sat,0.038021087646484375
/CAV_2009_benchmarks/coef-size/smt/size-30/problem__006.smt2,unsat,0.011365890502929688
/CAV_2009_benchmarks/coef-size/smt/size-100/problem__005.smt2,sat,0.07885146141052246
/CAV_2009_benchmarks/coef-size/smt/size-100/problem__003.smt2,sat,0.24344754219055176
/CAV_2009_benchmarks/coef-size/smt/size-100/problem__002.smt2,sat,0.04375863075256348
/CAV_2009_benchmarks/coef-size/smt/size-100/problem__004.smt2,sat,0.0848391056060791
/CAV_2009_benchmarks/coef-size/smt/size-100/problem__006.smt2,unsat,0.013666391372680664
/CAV_2009_benchmarks/coef-size/smt/size-10/problem__005.smt2,sat,0.05133843421936035
/CAV_2009_benchmarks/coef-size/smt/size-10/problem__003.smt2,unsat,0.10865950584411621
/CAV_2009_benchmarks/coef-size/smt/size-10/problem__002.smt2,unsat,0.009492874145507812
/CAV_2009_benchmarks/coef-size/smt/size-10/problem__001.smt2,sat,0.005
/CAV_2009_benchmarks/coef-size/smt/size-10/problem__004.smt2,sat,0.018607139587402344
/CAV_2009_benchmarks/coef-size/smt/size-10/problem__006.smt2,sat,0.31047558784484863
/CAV_2009_benchmarks/coef-size/smt/size-60/problem__005.smt2,sat,0.038751840591430664
/CAV_2009_benchmarks/coef-size/smt/size-60/problem__003.smt2,sat,0.0725398063659668
/CAV_2009_benchmarks/coef-size/smt/size-60/problem__002.smt2,sat,0.03302311897277832
/CAV_2009_benchmarks/coef-size/smt/size-60/problem__004.smt2,unsat,0.025780439376831055
/CAV_2009_benchmarks/coef-size/smt/size-60/problem__006.smt2,sat,0.10098576545715332
/CAV_2009_benchmarks/coef-size/smt/size-50/problem__005.smt2,sat,0.15537691116333008
/CAV_2009_benchmarks/coef-size/smt/size-50/problem__003.smt2,sat,0.049880266189575195
/CAV_2009_benchmarks/coef-size/smt/size-50/problem__002.smt2,unsat,0.013631582260131836
/CAV_2009_benchmarks/coef-size/smt/size-50/problem__004.smt2,sat,0.03703451156616211
/CAV_2009_benchmarks/coef-size/smt/size-50/problem__006.smt2,unsat,0.015939712524414062
/CAV_2009_benchmarks/coef-size/smt/size-40/problem__005.smt2,sat,0.040628910064697266
/CAV_2009_benchmarks/coef-size/smt/size-40/problem__003.smt2,sat,0.038671255111694336
/CAV_2009_benchmarks/coef-size/smt/size-40/problem__002.smt2,unsat,0.011290550231933594
/CAV_2009_benchmarks/coef-size/smt/size-40/problem__004.smt2,sat,0.055
/CAV_2009_benchmarks/coef-size/smt/size-40/problem__006.smt2,sat,0.09961628913879395
/CAV_2009_benchmarks/coef-size/smt/size-80/problem__005.smt2,sat,0.07504677772521973
/CAV_2009_benchmarks/coef-size/smt/size-80/problem__003.smt2,sat,0.039797067642211914
/CAV_2009_benchmarks/coef-size/smt/size-80/problem__002.smt2,sat,0.037909507751464844
/CAV_2009_benchmarks/coef-size/smt/size-80/problem__004.smt2,sat,0.047814130783081055
/CAV_2009_benchmarks/coef-size/smt/size-80/problem__006.smt2,sat,0.025762319564819336
/CAV_2009_benchmarks/coef-size/smt/size-20/problem__005.smt2,sat,0.021944522857666016
/CAV_2009_benchmarks/coef-size/smt/size-20/problem__003.smt2,sat,0.0672452449798584
/CAV_2009_benchmarks/coef-size/smt/size-20/problem__002.smt2,sat,0.04769158363342285
/CAV_2009_benchmarks/coef-size/smt/size-20/problem__004.smt2,unsat,0.009839057922363281
/CAV_2009_benchmarks/coef-size/smt/size-20/problem__006.smt2,sat,0.07133126258850098
/CAV_2009_benchmarks/coef-size/smt/size-70/problem__005.smt2,sat,0.1958937644958496
/CAV_2009_benchmarks/coef-size/smt/size-70/problem__003.smt2,sat,0.020985841751098633
/CAV_2009_benchmarks/coef-size/smt/size-70/problem__002.smt2,sat,0.04600358009338379
/CAV_2009_benchmarks/coef-size/smt/size-70/problem__004.smt2,sat,0.07393574714660645
/CAV_2009_benchmarks/coef-size/smt/size-70/problem__006.smt2,sat,0.02525782585144043
/CAV_2009_benchmarks/coef-size/smt/size-90/problem__005.smt2,unsat,0.014970541000366211
/CAV_2009_benchmarks/coef-size/smt/size-90/problem__003.smt2,sat,0.061594247817993164
/CAV_2009_benchmarks/coef-size/smt/size-90/problem__002.smt2,sat,0.05
/CAV_2009_benchmarks/coef-size/smt/size-90/problem__004.smt2,sat,0.04189419746398926
/CAV_2009_benchmarks/coef-size/smt/size-90/problem__006.smt2,sat,0.07512617111206055
/check/int_incompleteness1.smt2,unsat,0.002
/check/int_incompleteness3.smt2,unsat,0.003
/check/bignum_lia1.smt2,unsat,0.006
/check/bignum_lia2.smt2,sat,0.006
/check/int_incompleteness2.smt2,unsat,0.002
/mathsat/FISCHER11-9-fair.smt2,unsat,0.3173222541809082
/mathsat/FISCHER8-1-fair.smt2,sat,0.016429662704467773
/mathsat/FISCHER7-1-fair.smt2,sat,0.015284538269042969
/mathsat/FISCHER3-7-fair.smt2,unsat,0.03868269920349121
/mathsat/FISCHER4-8-fair.smt2,unsat,0.07810640335083008
/mathsat/FISCHER10-1-fair.smt2,sat,0.018720626831054688
/mathsat/FISCHER2-6-fair.smt2,unsat,0.022368192672729492
/mathsat/FISCHER10-4-fair.smt2,unsat,0.06611847877502441
/mathsat/FISCHER7-7-fair.smt2,unsat,0.10183382034301758
/mathsat/FISCHER8-11-fair.smt2,unsat,0.8684101104736328
/mathsat/FISCHER5-6-fair.smt2,unsat,0.052249908447265625
/mathsat/FISCHER10-6-fair.smt2,unsat,0.1058039665222168
/mathsat/FISCHER7-5-fair.smt2,unsat,0.055737972259521484
/mathsat/FISCHER9-12-fair.smt2,unsat,2.4069130420684814
/mathsat/FISCHER9-11-fair.smt2,unsat,1.485135555267334
/mathsat/FISCHER11-2-fair.smt2,unsat,0.03893613815307617
/mathsat/FISCHER5-9-fair.smt2,unsat,0.12059998512268066
/mathsat/FISCHER10-14-fair.smt2,unsat,16.846
/mathsat/FISCHER9-3-fair.smt2,unsat,0.04149508476257324
/mathsat/FISCHER11-7-fair.smt2,unsat,0.15438413619995117
/mathsat/FISCHER8-9-fair.smt2,unsat,0.2685251235961914
/mathsat/FISCHER1-6-fair.smt2,unsat,0.013517618179321289
/mathsat/FISCHER10-2-fair.smt2,unsat,0.03251385688781738
/mathsat/FISCHER10-3-fair.smt2,unsat,0.05487370491027832
/mathsat/FISCHER6-11-fair.smt2,sat,0.2574319839477539
/mathsat/FISCHER11-5-fair.smt2,unsat,0.08716917037963867
/mathsat/FISCHER8-8-fair.smt2,unsat,0.1528916358947754
/mathsat/FISCHER7-8-fair.smt2,unsat,0.13551759719848633
/mathsat/FISCHER9-13-fair.smt2,unsat,6.00230860710144
/mathsat/FISCHER11-13-fair.smt2,unsat,8.943
/mathsat/FISCHER10-8-fair.smt2,unsat,0.19930171966552734
/mathsat/FISCHER10-9-fair.smt2,unsat,0.3283703327178955
/mathsat/FISCHER11-12-fair.smt2,unsat,3.01531720161438
/mathsat/FISCHER9-7-fair.smt2,unsat,0.11871790885925293
/mathsat/FISCHER7-2-fair.smt2,unsat,0.028482675552368164
/mathsat/FISCHER6-10-fair.smt2,unsat,0.28583407402038574
/mathsat/FISCHER9-9-fair.smt2,unsat,0.25925540924072266
/mathsat/FISCHER9-6-fair.smt2,unsat,0.0977621078491211
/mathsat/FISCHER7-6-fair.smt2,unsat,0.0743873119354248
/mathsat/FISCHER9-8-fair.smt2,unsat,0.18746447563171387
/mathsat/FISCHER3-5-fair.smt2,unsat,0.02586960792541504
/mathsat/FISCHER8-3-fair.smt2,unsat,0.03794431686401367
/mathsat/FISCHER6-3-fair.smt2,unsat,0.029612302780151367
/mathsat/FISCHER6-5-fair.smt2,unsat,0.049813270568847656
/mathsat/FISCHER8-12-fair.smt2,unsat,1.7592394351959229
/mathsat/FISCHER5-5-fair.smt2,unsat,0.04061698913574219
/mathsat/FISCHER2-7-fair.smt2,sat,0.02580571174621582
/mathsat/FISCHER1-4-fair.smt2,unsat,0.011868000030517578
/mathsat/FISCHER3-3-fair.smt2,unsat,0.0179598331451416
/mathsat/FISCHER1-3-fair.smt2,unsat,0.010624408721923828
/mathsat/FISCHER3-8-fair.smt2,sat,0.03921866416931152
/mathsat/FISCHER1-2-fair.smt2,unsat,0.009600162506103516
/mathsat/FISCHER10-13-fair.smt2,unsat,6.512651205062866
/mathsat/FISCHER10-7-fair.smt2,unsat,0.1462547779083252
/mathsat/FISCHER8-2-fair.smt2,unsat,0.026569843292236328
/mathsat/FISCHER11-15-fair.smt2,unsat,50.57927179336548
/mathsat/FISCHER11-16-fair.smt2,sat,16.843740940093994
/mathsat/FISCHER3-4-fair.smt2,unsat,0.02292656898498535
/mathsat/FISCHER5-10-fair.smt2,sat,0.1465749740600586
/mathsat/FISCHER11-11-fair.smt2,unsat,1.294870376586914
/mathsat/FISCHER7-9-fair.smt2,unsat,0.2216780185699463
/mathsat/FISCHER8-13-fair.smt2,sat,0.42169880867004395
/mathsat/FISCHER5-7-fair.smt2,unsat,0.0665132999420166
/mathsat/FISCHER11-6-fair.smt2,unsat,0.11687684059143066
/mathsat/FISCHER9-2-fair.smt2,unsat,0.031053781509399414
/mathsat/FISCHER1-1-fair.smt2,sat,0.005
/mathsat/FISCHER11-4-fair.smt2,unsat,0.07180547714233398
/mathsat/FISCHER5-4-fair.smt2,unsat,0.03592348098754883
/mathsat/FISCHER4-1-fair.smt2,sat,0.010744571685791016
/mathsat/FISCHER10-12-fair.smt2,unsat,3.216555118560791
/mathsat/FISCHER6-8-fair.smt2,unsat,0.1129159927368164
/mathsat/FISCHER3-1-fair.smt2,sat,0.00924992561340332
/mathsat/FISCHER7-3-fair.smt2,unsat,0.036374807357788086
/mathsat/FISCHER3-2-fair.smt2,unsat,0.014019012451171875
/mathsat/FISCHER4-6-fair.smt2,unsat,0.042487144470214844
/mathsat/FISCHER2-4-fair.smt2,unsat,0.017719507217407227
/mathsat/FISCHER10-15-fair.smt2,sat,11.744460821151733
/mathsat/FISCHER8-5-fair.smt2,unsat,0.06894493103027344
/mathsat/FISCHER5-2-fair.smt2,unsat,0.018352746963500977
/mathsat/FISCHER11-14-fair.smt2,unsat,17.594
/mathsat/FISCHER6-1-fair.smt2,sat,0.011812210083007812
/mathsat/FISCHER9-4-fair.smt2,unsat,0.05780291557312012
/mathsat/FISCHER5-1-fair.smt2,sat,0.012636423110961914
/mathsat/FISCHER8-6-fair.smt2,unsat,0.08151721954345703
/mathsat/FISCHER2-3-fair.smt2,unsat,0.014099597930908203
/mathsat/FISCHER2-2-fair.smt2,unsat,0.012510061264038086
/mathsat/FISCHER11-10-fair.smt2,unsat,0.5950117111206055
/mathsat/FISCHER8-7-fair.smt2,unsat,0.1127173900604248
/mathsat/FISCHER4-5-fair.smt2,unsat,0.0352625846862793
/mathsat/FISCHER5-8-fair.smt2,unsat,0.08618617057800293
/mathsat/FISCHER6-4-fair.smt2,unsat,0.04081225395202637
/mathsat/FISCHER4-9-fair.smt2,sat,0.055411577224731445
/mathsat/FISCHER6-2-fair.smt2,unsat,0.02354288101196289
/mathsat/FISCHER6-7-fair.smt2,unsat,0.0807497501373291
/mathsat/FISCHER6-6-fair.smt2,unsat,0.062212228775024414
/mathsat/FISCHER11-3-fair.smt2,unsat,0.051549434661865234
/mathsat/FISCHER2-5-fair.smt2,unsat,0.020940780639648438
/mathsat/FISCHER9-14-fair.smt2,sat,0.9410054683685303
/mathsat/FISCHER8-4-fair.smt2,unsat,0.052500247955322266
/mathsat/FISCHER7-10-fair.smt2,unsat,0.36165928840637207
/mathsat/FISCHER11-8-fair.smt2,unsat,0.2502422332763672
/mathsat/FISCHER8-10-fair.smt2,unsat,0.5082554817199707
/mathsat/FISCHER4-7-fair.smt2,unsat,0.052967071533203125
/mathsat/FISCHER9-10-fair.smt2,unsat,0.469698429107666
/mathsat/FISCHER10-10-fair.smt2,unsat,0.6656532287597656
/mathsat/FISCHER4-3-fair.smt2,unsat,0.022647857666015625
/mathsat/FISCHER11-1-fair.smt2,sat,0.01816558837890625
/mathsat/FISCHER9-5-fair.smt2,unsat,0.07268929481506348
/mathsat/FISCHER9-1-fair.smt2,sat,0.017955541610717773
/mathsat/FISCHER4-2-fair.smt2,unsat,0.017647981643676758
/mathsat/FISCHER10-5-fair.smt2,unsat,0.08312487602233887
/mathsat/FISCHER7-4-fair.smt2,unsat,0.04597663879394531
/mathsat/FISCHER5-3-fair.smt2,unsat,0.04403376579284668
/mathsat/FISCHER7-12-fair.smt2,sat,0.56449294090271
/mathsat/FISCHER1-5-fair.smt2,unsat,0.013752460479736328
/mathsat/FISCHER3-6-fair.smt2,unsat,0.03353428840637207
/mathsat/FISCHER10-11-fair.smt2,unsat,1.1179208755493164
/mathsat/FISCHER2-1-fair.smt2,sat,0.008
/mathsat/FISCHER7-11-fair.smt2,unsat,0.6173391342163086
/mathsat/FISCHER6-9-fair.smt2,unsat,0.15235018730163574
/mathsat/FISCHER4-4-fair.smt2,unsat,0.028908252716064453
/cut_lemmas/20-vars/cut_lemma_03_007.smt2,unsat,77.146
/cut_lemmas/20-vars/cut_lemma_02_008.smt2,unsat,17.181
/cut_lemmas/20-vars/cut_lemma_03_004.smt2,unsat,1054.14
/cut_lemmas/20-vars/cut_lemma_02_015.smt2,unsat,149.399
/cut_lemmas/20-vars/cut_lemma_02_016.smt2,unsat,2.0933072566986084
/cut_lemmas/20-vars/cut_lemma_01_014.smt2,unsat,0.07017326354980469
/cut_lemmas/20-vars/cut_lemma_03_017.smt2,unsat,10.17840838432312
/cut_lemmas/20-vars/cut_lemma_03_013.smt2,unsat,257.7354600429535
/cut_lemmas/20-vars/cut_lemma_03_011.smt2,unsat,2.458686590194702
/cut_lemmas/20-vars/cut_lemma_02_010.smt2,unsat,86.23502826690674
/cut_lemmas/20-vars/cut_lemma_01_011.smt2,unsat,0.3559730052947998
/cut_lemmas/20-vars/cut_lemma_02_003.smt2,unsat,2.7984843254089355
/cut_lemmas/20-vars/cut_lemma_01_004.smt2,unsat,1.5070030689239502
/cut_lemmas/20-vars/cut_lemma_02_012.smt2,unsat,128.31442785263062
/cut_lemmas/20-vars/cut_lemma_03_016.smt2,unsat,139.98469352722168
/cut_lemmas/20-vars/cut_lemma_03_014.smt2,unsat,15.885386228561401
/cut_lemmas/20-vars/cut_lemma_03_012.smt2,unsat,104.295
/cut_lemmas/20-vars/cut_lemma_01_016.smt2,unsat,0.28087639808654785
/cut_lemmas/20-vars/cut_lemma_03_008.smt2,unsat,0.015468358993530273
/cut_lemmas/20-vars/cut_lemma_03_019.smt2,unsat,4.8033061027526855
/cut_lemmas/20-vars/cut_lemma_03_005.smt2,unsat,42.43498778343201
/cut_lemmas/20-vars/cut_lemma_03_018.smt2,unsat,2.843116283416748
/cut_lemmas/20-vars/cut_lemma_01_010.smt2,failed,1200.0
/cut_lemmas/20-vars/cut_lemma_01_008.smt2,unsat,0.00836801528930664
/cut_lemmas/20-vars/cut_lemma_03_006.smt2,unsat,0.010761022567749023
/cut_lemmas/20-vars/cut_lemma_02_014.smt2,failed,1200.0
/cut_lemmas/20-vars/cut_lemma_01_009.smt2,unsat,0.35894274711608887
/cut_lemmas/20-vars/cut_lemma_02_002.smt2,unsat,0.31498146057128906
/cut_lemmas/20-vars/cut_lemma_01_013.smt2,unsat,0.8444464206695557
/cut_lemmas/20-vars/cut_lemma_01_002.smt2,unsat,0.8112144470214844
/cut_lemmas/20-vars/cut_lemma_01_012.smt2,unsat,0.015413284301757812
/cut_lemmas/20-vars/cut_lemma_01_005.smt2,unsat,1.1848127841949463
/cut_lemmas/20-vars/cut_lemma_03_003.smt2,unsat,11.57499647140503
/cut_lemmas/20-vars/cut_lemma_03_009.smt2,failed,1200.0
/cut_lemmas/20-vars/cut_lemma_02_004.smt2,unsat,103.1626226902008
/cut_lemmas/20-vars/cut_lemma_01_015.smt2,unsat,0.010460138320922852
/cut_lemmas/20-vars/cut_lemma_02_001.smt2,unsat,799.0264484882355
/cut_lemmas/20-vars/cut_lemma_01_001.smt2,unsat,423.186
/cut_lemmas/20-vars/cut_lemma_02_009.smt2,unsat,1.7274107933044434
/cut_lemmas/20-vars/cut_lemma_03_002.smt2,unsat,102.80912160873413
/cut_lemmas/20-vars/cut_lemma_01_007.smt2,unsat,0.7990303039550781
/cut_lemmas/20-vars/cut_lemma_03_020.smt2,unsat,159.76970171928406
/cut_lemmas/20-vars/cut_lemma_03_015.smt2,unsat,202.218
/cut_lemmas/20-vars/cut_lemma_03_010.smt2,unsat,1.1986322402954102
/cut_lemmas/20-vars/cut_lemma_02_007.smt2,unsat,102.68790674209595
/cut_lemmas/20-vars/cut_lemma_02_006.smt2,unsat,0.766265869140625
/cut_lemmas/20-vars/cut_lemma_01_006.smt2,unsat,207.62955522537231
/cut_lemmas/20-vars/cut_lemma_02_005.smt2,unsat,1.4644389152526855
/cut_lemmas/20-vars/cut_lemma_02_013.smt2,unsat,0.5256016254425049
/cut_lemmas/20-vars/cut_lemma_03_001.smt2,unsat,16.301323413848877
/cut_lemmas/20-vars/cut_lemma_01_003.smt2,unsat,13.341
/cut_lemmas/10-vars/cut_lemma_02_008.smt2,unsat,0.018
/cut_lemmas/10-vars/cut_lemma_02_010.smt2,unsat,0.006
/cut_lemmas/10-vars/cut_lemma_02_003.smt2,unsat,0.006
/cut_lemmas/10-vars/cut_lemma_02_001.smt2,unsat,0.007
/cut_lemmas/10-vars/cut_lemma_01_001.smt2,unsat,0.003
/cut_lemmas/10-vars/cut_lemma_02_009.smt2,unsat,0.006310224533081055
/cut_lemmas/10-vars/cut_lemma_02_005.smt2,unsat,0.007
/cut_lemmas/15-vars/cut_lemma_03_007.smt2,unsat,0.04164695739746094
/cut_lemmas/15-vars/cut_lemma_02_008.smt2,unsat,0.019505739212036133
/cut_lemmas/15-vars/cut_lemma_03_004.smt2,unsat,0.00865030288696289
/cut_lemmas/15-vars/cut_lemma_01_014.smt2,unsat,0.7949578762054443
/cut_lemmas/15-vars/cut_lemma_03_013.smt2,unsat,0.0074841976165771484
/cut_lemmas/15-vars/cut_lemma_03_011.smt2,unsat,0.04318571090698242
/cut_lemmas/15-vars/cut_lemma_01_011.smt2,unsat,0.04061245918273926
/cut_lemmas/15-vars/cut_lemma_02_003.smt2,unsat,0.24338603019714355
/cut_lemmas/15-vars/cut_lemma_01_004.smt2,unsat,0.43413567543029785
/cut_lemmas/15-vars/cut_lemma_03_014.smt2,unsat,0.11043000221252441
/cut_lemmas/15-vars/cut_lemma_03_012.smt2,unsat,0.25612902641296387
/cut_lemmas/15-vars/cut_lemma_03_008.smt2,unsat,0.00823068618774414
/cut_lemmas/15-vars/cut_lemma_03_005.smt2,unsat,0.24577617645263672
/cut_lemmas/15-vars/cut_lemma_01_010.smt2,unsat,0.7551493644714355
/cut_lemmas/15-vars/cut_lemma_01_008.smt2,unsat,0.04311537742614746
/cut_lemmas/15-vars/cut_lemma_03_006.smt2,unsat,0.2264418601989746
/cut_lemmas/15-vars/cut_lemma_01_009.smt2,unsat,0.07642078399658203
/cut_lemmas/15-vars/cut_lemma_02_002.smt2,unsat,0.0070459842681884766
/cut_lemmas/15-vars/cut_lemma_01_013.smt2,unsat,0.144
/cut_lemmas/15-vars/cut_lemma_01_002.smt2,unsat,0.13631200790405273
/cut_lemmas/15-vars/cut_lemma_01_012.smt2,unsat,0.00807332992553711
/cut_lemmas/15-vars/cut_lemma_01_005.smt2,unsat,0.9499106407165527
/cut_lemmas/15-vars/cut_lemma_03_003.smt2,unsat,0.068
/cut_lemmas/15-vars/cut_lemma_02_004.smt2,unsat,0.007066249847412109
/cut_lemmas/15-vars/cut_lemma_02_001.smt2,unsat,0.008546113967895508
/cut_lemmas/15-vars/cut_lemma_01_001.smt2,unsat,0.04290938377380371
/cut_lemmas/15-vars/cut_lemma_02_009.smt2,unsat,0.021013736724853516
/cut_lemmas/15-vars/cut_lemma_03_002.smt2,unsat,0.010779619216918945
/cut_lemmas/15-vars/cut_lemma_01_007.smt2,unsat,0.10626506805419922
/cut_lemmas/15-vars/cut_lemma_03_010.smt2,unsat,0.15328717231750488
/cut_lemmas/15-vars/cut_lemma_02_006.smt2,unsat,0.08122587203979492
/cut_lemmas/15-vars/cut_lemma_01_006.smt2,unsat,0.31688594818115234
/cut_lemmas/15-vars/cut_lemma_02_005.smt2,unsat,0.0074083805084228516
/cut_lemmas/15-vars/cut_lemma_03_001.smt2,unsat,0.008933544158935547
/cut_lemmas/15-vars/cut_lemma_01_003.smt2,unsat,0.009967327117919922
/Averest/parallel_prefix_sum/ParallelPrefixSum_live_bgmc000.smt2,sat,0.014898538589477539
/Averest/parallel_prefix_sum/ParallelPrefixSum_safe_blmc007.smt2,sat,2.9473307132720947
/Averest/parallel_prefix_sum/ParallelPrefixSum_safe_blmc004.smt2,unsat,0.760042667388916
/Averest/parallel_prefix_sum/ParallelPrefixSum_safe_bgmc004.smt2,unsat,0.03087139129638672
/Averest/parallel_prefix_sum/ParallelPrefixSum_live_bgmc003.smt2,unsat,0.020090341567993164
/Averest/parallel_prefix_sum/ParallelPrefixSum_safe_blmc002.smt2,unsat,0.3498508930206299
/Averest/parallel_prefix_sum/ParallelPrefixSum_safe_blmc001.smt2,sat,0.38660621643066406
/Averest/parallel_prefix_sum/ParallelPrefixSum_live_bgmc002.smt2,sat,0.023473739624023438
/Averest/parallel_prefix_sum/ParallelPrefixSum_safe_blmc008.smt2,sat,5.229321241378784
/Averest/parallel_prefix_sum/ParallelPrefixSum_safe_blmc005.smt2,sat,1.7504754066467285
/Averest/parallel_prefix_sum/ParallelPrefixSum_safe_bgmc002.smt2,unsat,0.018405914306640625
/Averest/parallel_prefix_sum/ParallelPrefixSum_safe_blmc003.smt2,sat,0.9185917377471924
/Averest/parallel_prefix_sum/ParallelPrefixSum_live_blmc000.smt2,sat,0.02472233772277832
/Averest/parallel_prefix_sum/ParallelPrefixSum_live_blmc002.smt2,unsat,0.034594058990478516
/Averest/parallel_prefix_sum/ParallelPrefixSum_safe_bgmc005.smt2,unsat,0.040488481521606445
/Averest/parallel_prefix_sum/ParallelPrefixSum_safe_blmc000.smt2,unsat,0.12372350692749023
/Averest/parallel_prefix_sum/ParallelPrefixSum_safe_blmc006.smt2,unsat,1.2285189628601074
/Averest/parallel_prefix_sum/ParallelPrefixSum_safe_bgmc003.smt2,unsat,0.02303481101989746
/Averest/parallel_prefix_sum/ParallelPrefixSum_safe_bgmc006.smt2,sat,0.053047895431518555
/calypto/problem-004316.cvc.1.smt2,unsat,0.04141998291015625
/calypto/problem-004337.cvc.1.smt2,unsat,0.041945695877075195
/calypto/problem-001595.cvc.1.smt2,sat,0.030046939849853516
/calypto/problem-004353.cvc.1.smt2,unsat,0.028039932250976562
/calypto/problem-004350.cvc.1.smt2,unsat,0.05023479461669922
/calypto/problem-004296.cvc.1.smt2,sat,0.03289508819580078
/calypto/problem-004286.cvc.1.smt2,sat,0.0279996395111084
/calypto/problem-004303.cvc.1.smt2,sat,0.04033613204956055
/calypto/problem-004341.cvc.1.smt2,sat,0.02764606475830078
/calypto/problem-004335.cvc.1.smt2,sat,0.050408363342285156
/calypto/problem-001649.cvc.1.smt2,sat,0.0266571044921875
/calypto/problem-004308.cvc.1.smt2,sat,0.038292646408081055
/calypto/problem-005839.cvc.1.smt2,sat,0.029906272888183594
/calypto/problem-004317.cvc.1.smt2,sat,0.03665637969970703
/calypto/problem-004292.cvc.1.smt2,sat,0.04106616973876953
/calypto/problem-005676.cvc.2.smt2,sat,0.008182287216186523
/calypto/problem-001553.cvc.1.smt2,unsat,0.09113812446594238
/calypto/problem-002666.cvc.1.smt2,unsat,0.02629256248474121
/calypto/problem-005675.cvc.2.smt2,sat,0.007910013198852539
/calypto/problem-002267.cvc.1.smt2,unsat,0.050887107849121094
/calypto/problem-004293.cvc.1.smt2,sat,0.03515148162841797
/calypto/problem-005840.cvc.1.smt2,sat,0.020902156829833984
/calypto/problem-004344.cvc.1.smt2,unsat,0.029302358627319336
/calypto/problem-004299.cvc.1.smt2,unsat,0.031061887741088867
/calypto/problem-004284.cvc.1.smt2,sat,0.02854013442993164
/calypto/problem-001542.cvc.1.smt2,unsat,0.09322619438171387
/calypto/problem-005677.cvc.1.smt2,sat,0.008274316787719727
/calypto/problem-002673.cvc.1.smt2,unsat,0.03082871437072754
/calypto/problem-004346.cvc.1.smt2,unsat,0.03852701187133789
/calypto/problem-005844.cvc.1.smt2,sat,0.0346527099609375
/calypto/problem-006045.cvc.1.smt2,unsat,0.631441593170166
/calypto/problem-004327.cvc.1.smt2,sat,0.0394291877746582
/calypto/problem-001566.cvc.1.smt2,sat,0.027262449264526367
/calypto/problem-004282.cvc.1.smt2,sat,0.028522253036499023
/calypto/problem-004307.cvc.1.smt2,sat,0.030345916748046875
/calypto/problem-001586.cvc.1.smt2,sat,0.026133298873901367
/calypto/problem-004285.cvc.1.smt2,sat,0.04890036582946777
/CIRC/simplebitadder/SIMPLEBITADDER_COMPOSE_2.msat.smt2,unsat,0.009953498840332031
/CIRC/simplebitadder/SIMPLEBITADDER_COMPOSE_32.msat.smt2,failed,1200.0
/CIRC/simplebitadder/SIMPLEBITADDER_COMPOSE_14.msat.smt2,failed,1200.0
/CIRC/simplebitadder/SIMPLEBITADDER_COMPOSE_9.msat.smt2,unsat,110.816
/CIRC/simplebitadder/SIMPLEBITADDER_COMPOSE_15.msat.smt2,failed,1200.0
/CIRC/simplebitadder/SIMPLEBITADDER_COMPOSE_64.msat.smt2,failed,1200.0
/CIRC/simplebitadder/SIMPLEBITADDER_COMPOSE_11.msat.smt2,unsat,182.75575232505798
/CIRC/simplebitadder/SIMPLEBITADDER_COMPOSE_10.msat.smt2,unsat,29.681260108947754
/CIRC/simplebitadder/SIMPLEBITADDER_COMPOSE_16.msat.smt2,failed,1200.0
/CIRC/simplebitadder/SIMPLEBITADDER_COMPOSE_5.msat.smt2,unsat,0.189
/CIRC/simplebitadder/SIMPLEBITADDER_COMPOSE_12.msat.smt2,unsat,679.7568776607513
/CIRC/simplebitadder/SIMPLEBITADDER_COMPOSE_3.msat.smt2,unsat,0.024
/CIRC/simplebitadder/SIMPLEBITADDER_COMPOSE_6.msat.smt2,unsat,0.2542388439178467
/CIRC/simplebitadder/SIMPLEBITADDER_COMPOSE_13.msat.smt2,failed,1200.0
/CIRC/simplebitadder/SIMPLEBITADDER_COMPOSE_7.msat.smt2,unsat,0.4798593521118164
/CIRC/simplebitadder/SIMPLEBITADDER_COMPOSE_4.msat.smt2,unsat,0.04333996772766113
/CIRC/simplebitadder/SIMPLEBITADDER_COMPOSE_8.msat.smt2,unsat,1.2784724235534668
/CIRC/multiplier_prime/MULTIPLIER_PRIME_7.msat.smt2,sat,0.010011911392211914
/CIRC/multiplier_prime/MULTIPLIER_PRIME_2.msat.smt2,sat,0.007
/CIRC/multiplier_prime/MULTIPLIER_PRIME_32.msat.smt2,sat,0.024551868438720703
/CIRC/multiplier_prime/MULTIPLIER_PRIME_15.msat.smt2,sat,0.035028696060180664
/CIRC/multiplier_prime/MULTIPLIER_PRIME_13.msat.smt2,sat,0.014500141143798828
/CIRC/multiplier_prime/MULTIPLIER_PRIME_4.msat.smt2,sat,0.008196353912353516
/CIRC/multiplier_prime/MULTIPLIER_PRIME_12.msat.smt2,sat,0.014894723892211914
/CIRC/multiplier_prime/MULTIPLIER_PRIME_5.msat.smt2,sat,0.008267879486083984
/CIRC/multiplier_prime/MULTIPLIER_PRIME_10.msat.smt2,sat,0.013417482376098633
/CIRC/multiplier_prime/MULTIPLIER_PRIME_16.msat.smt2,sat,0.020316362380981445
/CIRC/multiplier_prime/MULTIPLIER_PRIME_8.msat.smt2,sat,0.016257047653198242
/CIRC/multiplier_prime/MULTIPLIER_PRIME_3.msat.smt2,sat,0.007166385650634766
/CIRC/multiplier_prime/MULTIPLIER_PRIME_6.msat.smt2,sat,0.009613990783691406
/CIRC/multiplier_prime/MULTIPLIER_PRIME_11.msat.smt2,sat,0.022433996200561523
/CIRC/multiplier_prime/MULTIPLIER_PRIME_9.msat.smt2,sat,0.01160883903503418
/CIRC/multiplier_prime/MULTIPLIER_PRIME_14.msat.smt2,sat,0.016631126403808594
/CIRC/multiplier_prime/MULTIPLIER_PRIME_64.msat.smt2,sat,0.038297414779663086
/CIRC/multiplier/MULTIPLIER_7.msat.smt2,unsat,0.5690252780914307
/CIRC/multiplier/MULTIPLIER_6.msat.smt2,unsat,0.24985098838806152
/CIRC/multiplier/MULTIPLIER_12.msat.smt2,failed,1200.0
/CIRC/multiplier/MULTIPLIER_4.msat.smt2,unsat,0.05773138999938965
/CIRC/multiplier/MULTIPLIER_10.msat.smt2,unsat,80.29807734489441
/CIRC/multiplier/MULTIPLIER_3.msat.smt2,unsat,0.03
/CIRC/multiplier/MULTIPLIER_15.msat.smt2,failed,1200.0
/CIRC/multiplier/MULTIPLIER_11.msat.smt2,unsat,392.10726404190063
/CIRC/multiplier/MULTIPLIER_14.msat.smt2,failed,1200.0
/CIRC/multiplier/MULTIPLIER_8.msat.smt2,unsat,2.5768799781799316
/CIRC/multiplier/MULTIPLIER_13.msat.smt2,failed,1200.0
/CIRC/multiplier/MULTIPLIER_16.msat.smt2,failed,1200.0
/CIRC/multiplier/MULTIPLIER_64.msat.smt2,sat,0.04027104377746582
/CIRC/multiplier/MULTIPLIER_9.msat.smt2,unsat,17.56582474708557
/CIRC/multiplier/MULTIPLIER_5.msat.smt2,unsat,0.10061955451965332
/CIRC/multiplier/MULTIPLIER_32.msat.smt2,failed,1200.0
/CIRC/multiplier/MULTIPLIER_2.msat.smt2,unsat,0.009081840515136719
/RTCL/b04_tf_20/ckt_PROP0_tf_20.smt2,sat,0.0557863712310791
/RTCL/b04_tf_15/ckt_PROP0_tf_15.smt2,sat,0.03887605667114258
/slacks/35-15.slack.smt2,sat,0.07238435745239258
/slacks/45-3.slack.smt2,sat,0.0168914794921875
/slacks/40-26.slack.smt2,sat,3.6084108352661133
/slacks/40-29.slack.smt2,sat,3.0014777183532715
/slacks/35-28.slack.smt2,sat,2.0469586849212646
/slacks/35-23.slack.smt2,sat,1.876373291015625
/slacks/35-16.slack.smt2,sat,1.767404317855835
/slacks/25-1.slack.smt2,sat,0.013017892837524414
/slacks/30-8.slack.smt2,sat,0.01612710952758789
/slacks/35-8.slack.smt2,sat,0.09433650970458984
/slacks/40-34.slack.smt2,sat,8.552744626998901
/slacks/10-28.slack.smt2,sat,0.008110284805297852
/slacks/35-29.slack.smt2,sat,2.165356397628784
/slacks/30-16.slack.smt2,sat,0.8121490478515625
/slacks/40-22.slack.smt2,sat,2.6013872623443604
/slacks/30-27.slack.smt2,sat,1.3851799964904785
/slacks/10-34.slack.smt2,sat,0.011344432830810547
/slacks/25-35.slack.smt2,sat,0.7406587600708008
/slacks/35-31.slack.smt2,sat,1.4371349811553955
/slacks/20-1.slack.smt2,sat,0.03425717353820801
/slacks/25-24.slack.smt2,sat,0.47142744064331055
/slacks/35-4.slack.smt2,sat,0.0163421630859375
/slacks/25-23.slack.smt2,sat,0.7595057487487793
/slacks/35-30.slack.smt2,sat,2.6299796104431152
/slacks/40-23.slack.smt2,sat,3.5689053535461426
/slacks/45-10.slack.smt2,sat,0.1516721248626709
/slacks/20-26.slack.smt2,sat,0.19761943817138672
/slacks/15-14.slack.smt2,sat,0.028718948364257812
/slacks/30-6.slack.smt2,sat,0.05824542045593262
/slacks/35-7.slack.smt2,sat,0.016982316970825195
/slacks/40-10.slack.smt2,sat,0.0175018310546875
/slacks/45-19.slack.smt2,sat,0.2670013904571533
/slacks/15-21.slack.smt2,sat,0.049724578857421875
/slacks/30-35.slack.smt2,sat,18.852622270584106
/slacks/40-9.slack.smt2,sat,0.042343854904174805
/slacks/45-18.slack.smt2,sat,0.9735026359558105
/slacks/40-21.slack.smt2,sat,0.7020425796508789
/slacks/45-24.slack.smt2,sat,2.780181407928467
/slacks/30-30.slack.smt2,sat,1.6705255508422852
/slacks/10-13.slack.smt2,sat,0.005
/slacks/45-29.slack.smt2,sat,10.447
/slacks/30-22.slack.smt2,sat,1.2529573440551758
/slacks/45-4.slack.smt2,sat,0.018064498901367188
/slacks/30-19.slack.smt2,sat,0.9099175930023193
/slacks/15-18.slack.smt2,sat,0.013511896133422852
/slacks/20-13.slack.smt2,sat,0.07529282569885254
/slacks/35-17.slack.smt2,sat,1.7882037162780762
/slacks/40-16.slack.smt2,sat,0.07352352142333984
/slacks/25-16.slack.smt2,sat,0.6080322265625
/slacks/35-11.slack.smt2,sat,0.246
/slacks/20-24.slack.smt2,sat,0.39958953857421875
/slacks/25-31.slack.smt2,failed,1200.0
/slacks/20-6.slack.smt2,sat,0.05656886100769043
/slacks/15-4.slack.smt2,sat,0.0400393009185791
/slacks/40-6.slack.smt2,sat,0.019815444946289062
/slacks/35-35.slack.smt2,sat,1.5941650867462158
/slacks/25-9.slack.smt2,sat,0.1656816005706787
/slacks/45-32.slack.smt2,sat,43.59839725494385
/slacks/45-35.slack.smt2,sat,4.482667446136475
/slacks/20-9.slack.smt2,sat,0.25786352157592773
/slacks/35-34.slack.smt2,sat,102.34922361373901
/slacks/25-10.slack.smt2,sat,0.015816211700439453
/slacks/35-33.slack.smt2,sat,1.664461612701416
/slacks/35-10.slack.smt2,sat,0.042836904525756836
/slacks/40-15.slack.smt2,sat,2.4926021099090576
/slacks/30-20.slack.smt2,sat,0.3264472484588623
/slacks/40-14.slack.smt2,sat,0.6556603908538818
/slacks/10-36.slack.smt2,sat,0.00847768783569336
/slacks/25-33.slack.smt2,sat,102.2522349357605
/slacks/30-18.slack.smt2,sat,0.6632430553436279
/slacks/25-12.slack.smt2,sat,0.5807840824127197
/slacks/20-28.slack.smt2,sat,0.37502527236938477
/slacks/10-45.slack.smt2,sat,0.01724720001220703
/slacks/40-4.slack.smt2,sat,0.018030166625976562
/slacks/35-25.slack.smt2,sat,1.9780149459838867
/slacks/20-7.slack.smt2,sat,0.020473957061767578
/slacks/20-22.slack.smt2,sat,0.05646252632141113
/slacks/35-24.slack.smt2,sat,4.540677785873413
/slacks/45-30.slack.smt2,sat,4.584380865097046
/slacks/10-41.slack.smt2,sat,0.009634017944335938
/slacks/35-2.slack.smt2,sat,0.05162501335144043
/slacks/20-16.slack.smt2,sat,0.28494691848754883
/slacks/15-2.slack.smt2,sat,0.01269388198852539
/slacks/40-12.slack.smt2,sat,0.4468660354614258
/slacks/10-21.slack.smt2,sat,0.008813619613647461
/slacks/35-14.slack.smt2,sat,0.29454708099365234
/slacks/10-12.slack.smt2,sat,0.006
/slacks/15-9.slack.smt2,sat,0.050598859786987305
/slacks/10-35.slack.smt2,sat,0.01239013671875
/slacks/15-13.slack.smt2,sat,0.06677412986755371
/slacks/20-17.slack.smt2,sat,0.20612168312072754
/slacks/30-13.slack.smt2,sat,0.9716525077819824
/slacks/40-18.slack.smt2,sat,1.4878184795379639
/slacks/30-9.slack.smt2,sat,0.08341264724731445
/slacks/35-6.slack.smt2,sat,0.3198435306549072
/slacks/45-33.slack.smt2,sat,6.616668224334717
/slacks/25-17.slack.smt2,sat,0.3277425765991211
/slacks/40-20.slack.smt2,sat,1.67165207862854
/slacks/10-4.slack.smt2,sat,0.005
/slacks/25-11.slack.smt2,sat,0.18974518775939941
/slacks/30-5.slack.smt2,sat,0.014304399490356445
/slacks/25-18.slack.smt2,sat,0.11096382141113281
/slacks/15-7.slack.smt2,sat,0.03507423400878906
/slacks/45-6.slack.smt2,sat,0.05879807472229004
/slacks/45-20.slack.smt2,sat,1.093611717224121
/slacks/45-23.slack.smt2,sat,4.49289345741272
/slacks/45-17.slack.smt2,sat,3.3671391010284424
/slacks/35-22.slack.smt2,sat,2.139451026916504
/slacks/10-31.slack.smt2,sat,0.008296966552734375
/slacks/40-7.slack.smt2,sat,0.07629084587097168
/slacks/45-1.slack.smt2,sat,0.018152713775634766
/slacks/40-32.slack.smt2,sat,104.1931037902832
/slacks/30-17.slack.smt2,sat,0.9632394313812256
/slacks/35-5.slack.smt2,sat,0.027801036834716797
/slacks/40-31.slack.smt2,sat,2.977644681930542
/slacks/25-30.slack.smt2,sat,0.5602917671203613
/slacks/25-29.slack.smt2,sat,0.6374292373657227
/slacks/40-24.slack.smt2,sat,4.048973560333252
/slacks/25-21.slack.smt2,sat,0.5894181728363037
/slacks/35-19.slack.smt2,sat,0.5993375778198242
/slacks/10-40.slack.smt2,sat,0.009054899215698242
/slacks/35-20.slack.smt2,sat,1.139284610748291
/slacks/30-15.slack.smt2,sat,0.9695858955383301
/slacks/30-31.slack.smt2,sat,2.078223943710327
/slacks/30-11.slack.smt2,sat,1.1020939350128174
/slacks/20-19.slack.smt2,sat,0.3778233528137207
/slacks/25-25.slack.smt2,sat,0.6723408699035645
/slacks/30-21.slack.smt2,sat,0.9792172908782959
/slacks/45-8.slack.smt2,sat,0.04111933708190918
/slacks/20-14.slack.smt2,failed,1200.0
/slacks/45-16.slack.smt2,sat,2.759871006011963
/slacks/25-6.slack.smt2,sat,0.019999980926513672
/slacks/35-12.slack.smt2,sat,0.11399364471435547
/slacks/20-30.slack.smt2,sat,0.31206750869750977
/slacks/40-11.slack.smt2,sat,0.3430962562561035
/slacks/25-27.slack.smt2,sat,0.6238479614257812
/slacks/25-8.slack.smt2,sat,0.07666754722595215
/slacks/25-28.slack.smt2,sat,1.2886559963226318
/slacks/25-2.slack.smt2,sat,0.04123377799987793
/slacks/20-10.slack.smt2,sat,0.023043394088745117
/slacks/10-37.slack.smt2,sat,0.019052982330322266
/slacks/15-20.slack.smt2,sat,0.03450942039489746
/slacks/40-27.slack.smt2,sat,3.315232038497925
/slacks/25-14.slack.smt2,sat,0.36499977111816406
/slacks/30-1.slack.smt2,sat,0.014461994171142578
/slacks/25-4.slack.smt2,sat,0.013531684875488281
/slacks/45-26.slack.smt2,sat,4.374666213989258
/slacks/20-8.slack.smt2,sat,0.01944136619567871
/slacks/20-15.slack.smt2,sat,0.3378255367279053
/slacks/25-26.slack.smt2,sat,0.6544489860534668
/slacks/45-25.slack.smt2,sat,4.955278635025024
/slacks/15-15.slack.smt2,sat,0.023667573928833008
/slacks/45-2.slack.smt2,sat,0.040268659591674805
/slacks/20-21.slack.smt2,sat,0.5818767547607422
/slacks/35-32.slack.smt2,sat,1.8742783069610596
/slacks/30-26.slack.smt2,sat,1.170750379562378
/slacks/45-12.slack.smt2,sat,0.021944522857666016
/slacks/30-12.slack.smt2,sat,0.2762324810028076
/slacks/20-5.slack.smt2,sat,0.03139448165893555
/slacks/45-15.slack.smt2,sat,0.24137282371520996
/slacks/45-11.slack.smt2,sat,0.3394968509674072
/slacks/35-13.slack.smt2,sat,0.02222299575805664
/slacks/25-7.slack.smt2,sat,0.08807539939880371
/slacks/30-3.slack.smt2,sat,0.044782161712646484
/slacks/40-5.slack.smt2,sat,0.01530146598815918
/slacks/25-13.slack.smt2,sat,0.054158687591552734
/slacks/40-25.slack.smt2,sat,13.057
/slacks/40-19.slack.smt2,sat,2.562668800354004
/slacks/20-2.slack.smt2,sat,0.01237177848815918
/slacks/30-10.slack.smt2,sat,0.029545068740844727
/slacks/15-3.slack.smt2,sat,0.011359930038452148
/slacks/30-7.slack.smt2,sat,0.08426809310913086
/slacks/25-20.slack.smt2,sat,0.07086777687072754
/slacks/35-3.slack.smt2,sat,0.033986568450927734
/slacks/30-24.slack.smt2,sat,0.6506674289703369
/slacks/30-29.slack.smt2,sat,0.5739247798919678
/slacks/30-2.slack.smt2,sat,0.03670477867126465
/slacks/35-9.slack.smt2,sat,0.0958719253540039
/slacks/15-1.slack.smt2,sat,0.009082555770874023
/slacks/45-31.slack.smt2,sat,8.299653053283691
/slacks/15-6.slack.smt2,sat,0.02786993980407715
/slacks/45-21.slack.smt2,sat,0.276914119720459
/slacks/15-17.slack.smt2,sat,0.017893552780151367
/slacks/15-19.slack.smt2,sat,0.03990769386291504
/slacks/40-2.slack.smt2,sat,0.03725385665893555
/slacks/45-13.slack.smt2,sat,0.05531811714172363
/slacks/25-15.slack.smt2,sat,0.535
/slacks/35-18.slack.smt2,sat,1.2204909324645996
/slacks/20-12.slack.smt2,sat,0.09353256225585938
/slacks/45-22.slack.smt2,sat,4.18895149230957
/slacks/30-25.slack.smt2,sat,1.0797295570373535
/slacks/40-17.slack.smt2,sat,0.2514162063598633
/slacks/15-10.slack.smt2,sat,0.027899742126464844
/slacks/25-19.slack.smt2,sat,0.5480101108551025
/slacks/15-11.slack.smt2,sat,0.08024764060974121
/slacks/30-4.slack.smt2,sat,0.020450592041015625
/slacks/45-7.slack.smt2,sat,0.7379586696624756
/slacks/30-23.slack.smt2,sat,0.8730666637420654
/slacks/25-22.slack.smt2,failed,1200.0
/slacks/30-14.slack.smt2,sat,0.33086252212524414
/slacks/20-3.slack.smt2,sat,0.10016822814941406
/slacks/45-27.slack.smt2,sat,5.219789505004883
/slacks/25-5.slack.smt2,sat,0.036881446838378906
/slacks/45-34.slack.smt2,sat,106.35992288589478
/slacks/45-28.slack.smt2,sat,10.75527548789978
/slacks/15-8.slack.smt2,sat,0.00931406021118164
/slacks/20-11.slack.smt2,sat,0.22
/slacks/20-20.slack.smt2,sat,0.03579092025756836
/slacks/40-1.slack.smt2,sat,0.044466495513916016
/slacks/45-5.slack.smt2,sat,0.03989839553833008
/slacks/15-5.slack.smt2,sat,0.008046865463256836
/slacks/40-3.slack.smt2,sat,0.03937959671020508
/slacks/40-13.slack.smt2,sat,0.6972527503967285
/slacks/15-12.slack.smt2,sat,0.3782966136932373
/slacks/30-33.slack.smt2,sat,1.10982346534729
/slacks/35-27.slack.smt2,sat,1.8539354801177979
/slacks/30-28.slack.smt2,sat,2.141199827194214
/slacks/45-9.slack.smt2,sat,0.021166086196899414
/slacks/25-3.slack.smt2,sat,0.047980308532714844
/slacks/40-33.slack.smt2,sat,4.438494443893433
/slacks/40-28.slack.smt2,sat,4.790021657943726
/slacks/40-35.slack.smt2,sat,5.213500499725342
/slacks/20-4.slack.smt2,sat,0.027116060256958008
/slacks/40-30.slack.smt2,sat,5.316824436187744
/slacks/45-14.slack.smt2,sat,0.07068324089050293
/slacks/30-34.slack.smt2,sat,1.479935884475708
/slacks/10-30.slack.smt2,sat,0.01320958137512207
/slacks/10-29.slack.smt2,sat,0.015688657760620117
/slacks/10-20.slack.smt2,sat,0.007
/slacks/40-8.slack.smt2,sat,0.0963144302368164
/slacks/35-1.slack.smt2,sat,0.014385700225830078
/slacks/35-26.slack.smt2,sat,2.110441207885742
/slacks/35-21.slack.smt2,sat,4.569465160369873
/rings_preprocessed/ring_2exp8_6vars_2ite_unsat.smt2,unsat,319.89862871170044
/rings_preprocessed/ring_2exp14_9vars_8ite_unsat.smt2,failed,1200.0
/rings_preprocessed/ring_2exp8_6vars_4ite_unsat.smt2,unsat,761.9530103206635
/rings_preprocessed/ring_2exp12_3vars_0ite_unsat.smt2,unsat,0.008547306060791016
/rings_preprocessed/ring_2exp6_6vars_5ite_unsat.smt2,unsat,432.94921803474426
/rings_preprocessed/ring_2exp10_9vars_2ite_unsat.smt2,failed,1200.0
/rings_preprocessed/ring_2exp14_9vars_6ite_unsat.smt2,failed,1200.0
/rings_preprocessed/ring_2exp16_4vars_1ite_unsat.smt2,unsat,0.10012626647949219
/rings_preprocessed/ring_2exp10_7vars_1ite_unsat.smt2,failed,1200.0
/rings_preprocessed/ring_2exp10_3vars_1ite_unsat.smt2,unsat,0.027093172073364258
/rings_preprocessed/ring_2exp16_9vars_1ite_unsat.smt2,failed,1200.0
/rings_preprocessed/ring_2exp14_8vars_4ite_unsat.smt2,failed,1200.0
/rings_preprocessed/ring_2exp8_7vars_5ite_unsat.smt2,failed,1200.0
/rings_preprocessed/ring_2exp4_4vars_3ite_unsat.smt2,unsat,0.24660372734069824
/rings_preprocessed/ring_2exp14_6vars_0ite_unsat.smt2,unsat,0.01682424545288086
/rings_preprocessed/ring_2exp16_4vars_3ite_unsat.smt2,unsat,0.24766874313354492
/rings_preprocessed/ring_2exp4_6vars_5ite_unsat.smt2,unsat,17.818661212921143
/rings_preprocessed/ring_2exp12_7vars_4ite_unsat.smt2,failed,1200.0
/rings_preprocessed/ring_2exp4_8vars_1ite_unsat.smt2,unsat,0.025930166244506836
/rings_preprocessed/ring_2exp4_9vars_8ite_unsat.smt2,unsat,37.03714394569397
/rings_preprocessed/ring_2exp12_5vars_3ite_unsat.smt2,unsat,5.09201717376709
/rings_preprocessed/ring_2exp14_5vars_2ite_unsat.smt2,unsat,3.1068291664123535
/rings_preprocessed/ring_2exp8_6vars_5ite_unsat.smt2,unsat,451.9200279712677
/rings_preprocessed/ring_2exp16_9vars_3ite_unsat.smt2,failed,1200.0
/rings_preprocessed/ring_2exp4_9vars_0ite_unsat.smt2,unsat,0.025418519973754883
/rings_preprocessed/ring_2exp10_7vars_5ite_unsat.smt2,failed,1200.0
/rings_preprocessed/ring_2exp10_9vars_0ite_unsat.smt2,unsat,0.027326107025146484
/rings_preprocessed/ring_2exp10_7vars_6ite_unsat.smt2,failed,1200.0
/rings_preprocessed/ring_2exp8_4vars_1ite_unsat.smt2,unsat,0.09033870697021484
/rings_preprocessed/ring_2exp6_6vars_1ite_unsat.smt2,unsat,159.5723316669464
/rings_preprocessed/ring_2exp12_9vars_4ite_unsat.smt2,failed,1200.0
/rings_preprocessed/ring_2exp14_8vars_3ite_unsat.smt2,failed,1200.0
/rings_preprocessed/ring_2exp14_7vars_6ite_unsat.smt2,failed,1200.0
/rings_preprocessed/ring_2exp16_6vars_1ite_unsat.smt2,unsat,202.7300820350647
/rings_preprocessed/ring_2exp12_6vars_3ite_unsat.smt2,unsat,557.9306621551514
/rings_preprocessed/ring_2exp6_5vars_2ite_unsat.smt2,unsat,3.0605969429016113
/rings_preprocessed/ring_2exp8_5vars_0ite_unsat.smt2,unsat,0.015282392501831055
/rings_preprocessed/ring_2exp8_8vars_0ite_unsat.smt2,unsat,0.0225982666015625
/rings_preprocessed/ring_2exp8_5vars_1ite_unsat.smt2,unsat,2.152695417404175
/rings_preprocessed/ring_2exp12_9vars_2ite_unsat.smt2,failed,1200.0
/rings_preprocessed/ring_2exp14_6vars_3ite_unsat.smt2,unsat,609.6578106880188
/rings_preprocessed/ring_2exp6_9vars_2ite_unsat.smt2,failed,1200.0
/rings_preprocessed/ring_2exp14_6vars_5ite_unsat.smt2,unsat,442.4445414543152
/rings_preprocessed/ring_2exp16_8vars_6ite_unsat.smt2,failed,1200.0
/rings_preprocessed/ring_2exp12_6vars_2ite_unsat.smt2,unsat,313.94616532325745
/rings_preprocessed/ring_2exp16_8vars_3ite_unsat.smt2,failed,1200.0
/rings_preprocessed/ring_2exp4_7vars_3ite_unsat.smt2,unsat,160.00519585609436
/rings_preprocessed/ring_2exp10_4vars_0ite_unsat.smt2,unsat,0.02429509162902832
/rings_preprocessed/ring_2exp14_4vars_0ite_unsat.smt2,unsat,0.011312246322631836
/rings_preprocessed/ring_2exp10_8vars_4ite_unsat.smt2,failed,1200.0
/rings_preprocessed/ring_2exp6_4vars_2ite_unsat.smt2,unsat,0.24032330513000488
/rings_preprocessed/ring_2exp10_5vars_1ite_unsat.smt2,unsat,2.134688138961792
/rings_preprocessed/ring_2exp16_6vars_2ite_unsat.smt2,unsat,311.7957751750946
/rings_preprocessed/ring_2exp6_9vars_6ite_unsat.smt2,failed,1200.0
/rings_preprocessed/ring_2exp6_9vars_0ite_unsat.smt2,unsat,0.027983903884887695
/rings_preprocessed/ring_2exp6_5vars_3ite_unsat.smt2,unsat,5.572593688964844
/rings_preprocessed/ring_2exp14_7vars_4ite_unsat.smt2,failed,1200.0
/rings_preprocessed/ring_2exp16_5vars_4ite_unsat.smt2,unsat,48.831
/rings_preprocessed/ring_2exp6_7vars_0ite_unsat.smt2,unsat,0.01919722557067871
/rings_preprocessed/ring_2exp12_7vars_3ite_unsat.smt2,failed,1200.0
/rings_preprocessed/ring_2exp16_9vars_6ite_unsat.smt2,failed,1200.0
/rings_preprocessed/ring_2exp10_6vars_5ite_unsat.smt2,unsat,442.1651117801666
/rings_preprocessed/ring_2exp10_4vars_2ite_unsat.smt2,unsat,0.2288038730621338
/rings_preprocessed/ring_2exp4_6vars_3ite_unsat.smt2,unsat,16.935696840286255
/rings_preprocessed/ring_2exp6_7vars_2ite_unsat.smt2,failed,1200.0
/rings_preprocessed/ring_2exp6_7vars_6ite_unsat.smt2,failed,1200.0
/rings_preprocessed/ring_2exp8_3vars_2ite_unsat.smt2,unsat,0.031801700592041016
/rings_preprocessed/ring_2exp4_9vars_4ite_unsat.smt2,failed,1200.0
/rings_preprocessed/ring_2exp6_9vars_8ite_unsat.smt2,failed,1200.0
/rings_preprocessed/ring_2exp4_7vars_4ite_unsat.smt2,unsat,112.11176109313965
/rings_preprocessed/ring_2exp12_9vars_6ite_unsat.smt2,failed,1200.0
/rings_preprocessed/ring_2exp8_8vars_3ite_unsat.smt2,failed,1200.0
/rings_preprocessed/ring_2exp4_7vars_5ite_unsat.smt2,unsat,111.12037539482117
/rings_preprocessed/ring_2exp14_5vars_3ite_unsat.smt2,unsat,5.115147829055786
/rings_preprocessed/ring_2exp12_8vars_5ite_unsat.smt2,failed,1200.0
/rings_preprocessed/ring_2exp8_7vars_6ite_unsat.smt2,failed,1200.0
/rings_preprocessed/ring_2exp4_8vars_7ite_unsat.smt2,unsat,131.43305897712708
/rings_preprocessed/ring_2exp8_9vars_2ite_unsat.smt2,failed,1200.0
/rings_preprocessed/ring_2exp12_9vars_8ite_unsat.smt2,failed,1200.0
/rings_preprocessed/ring_2exp6_3vars_0ite_unsat.smt2,unsat,0.011249780654907227
/rings_preprocessed/ring_2exp14_7vars_3ite_unsat.smt2,failed,1200.0
/rings_preprocessed/ring_2exp4_9vars_3ite_unsat.smt2,failed,1200.0
/rings_preprocessed/ring_2exp10_8vars_2ite_unsat.smt2,failed,1200.0
/rings_preprocessed/ring_2exp8_8vars_1ite_unsat.smt2,failed,1200.0
/rings_preprocessed/ring_2exp10_8vars_0ite_unsat.smt2,unsat,0.02913188934326172
/rings_preprocessed/ring_2exp10_9vars_8ite_unsat.smt2,failed,1200.0
/rings_preprocessed/ring_2exp16_8vars_7ite_unsat.smt2,failed,1200.0
/rings_preprocessed/ring_2exp10_8vars_6ite_unsat.smt2,failed,1200.0
/rings_preprocessed/ring_2exp16_9vars_8ite_unsat.smt2,failed,1200.0
/rings_preprocessed/ring_2exp8_7vars_4ite_unsat.smt2,failed,1200.0
/rings_preprocessed/ring_2exp16_8vars_1ite_unsat.smt2,failed,1200.0
/rings_preprocessed/ring_2exp6_5vars_4ite_unsat.smt2,unsat,7.882089614868164
/rings_preprocessed/ring_2exp4_8vars_4ite_unsat.smt2,failed,1200.0
/rings_preprocessed/ring_2exp14_8vars_7ite_unsat.smt2,failed,1200.0
/rings_preprocessed/ring_2exp12_3vars_2ite_unsat.smt2,unsat,0.029318571090698242
/rings_preprocessed/ring_2exp12_4vars_2ite_unsat.smt2,unsat,0.1966867446899414
/rings_preprocessed/ring_2exp8_6vars_0ite_unsat.smt2,unsat,0.01750493049621582
/rings_preprocessed/ring_2exp16_7vars_2ite_unsat.smt2,failed,1200.0
/rings_preprocessed/ring_2exp4_3vars_2ite_unsat.smt2,unsat,0.03002166748046875
/rings_preprocessed/ring_2exp10_9vars_3ite_unsat.smt2,failed,1200.0
/rings_preprocessed/ring_2exp16_5vars_0ite_unsat.smt2,unsat,0.013120651245117188
/rings_preprocessed/ring_2exp14_7vars_0ite_unsat.smt2,unsat,0.02066326141357422
/rings_preprocessed/ring_2exp12_9vars_0ite_unsat.smt2,unsat,0.028476476669311523
/rings_preprocessed/ring_2exp14_3vars_2ite_unsat.smt2,unsat,0.02989482879638672
/rings_preprocessed/ring_2exp16_9vars_5ite_unsat.smt2,failed,1200.0
/rings_preprocessed/ring_2exp10_8vars_3ite_unsat.smt2,failed,1200.0
/rings_preprocessed/ring_2exp6_7vars_1ite_unsat.smt2,failed,1200.0
/rings_preprocessed/ring_2exp4_5vars_0ite_unsat.smt2,unsat,0.013710260391235352
/rings_preprocessed/ring_2exp8_9vars_3ite_unsat.smt2,failed,1200.0
/rings_preprocessed/ring_2exp10_9vars_6ite_unsat.smt2,failed,1200.0
/rings_preprocessed/ring_2exp16_4vars_2ite_unsat.smt2,unsat,0.25136518478393555
/rings_preprocessed/ring_2exp16_5vars_1ite_unsat.smt2,unsat,2.2610836029052734
/rings_preprocessed/ring_2exp4_8vars_5ite_unsat.smt2,unsat,109.24915099143982
/rings_preprocessed/ring_2exp12_8vars_1ite_unsat.smt2,failed,1200.0
/rings_preprocessed/ring_2exp4_3vars_0ite_unsat.smt2,unsat,0.010090351104736328
/rings_preprocessed/ring_2exp14_5vars_0ite_unsat.smt2,unsat,0.013350963592529297
/rings_preprocessed/ring_2exp6_9vars_1ite_unsat.smt2,unsat,0.025485992431640625
/rings_preprocessed/ring_2exp4_9vars_6ite_unsat.smt2,failed,1200.0
/rings_preprocessed/ring_2exp14_6vars_4ite_unsat.smt2,unsat,705.9682354927063
/rings_preprocessed/ring_2exp16_8vars_0ite_unsat.smt2,unsat,0.02341485023498535
/rings_preprocessed/ring_2exp16_8vars_5ite_unsat.smt2,failed,1200.0
/rings_preprocessed/ring_2exp12_7vars_0ite_unsat.smt2,unsat,0.019708871841430664
/rings_preprocessed/ring_2exp8_5vars_2ite_unsat.smt2,unsat,3.2869858741760254
/rings_preprocessed/ring_2exp14_4vars_1ite_unsat.smt2,unsat,0.09868884086608887
/rings_preprocessed/ring_2exp4_8vars_6ite_unsat.smt2,unsat,35.823485374450684
/rings_preprocessed/ring_2exp4_6vars_4ite_unsat.smt2,unsat,17.56795883178711
/rings_preprocessed/ring_2exp8_5vars_4ite_unsat.smt2,unsat,55.097
/rings_preprocessed/ring_2exp12_7vars_2ite_unsat.smt2,failed,1200.0
/rings_preprocessed/ring_2exp12_9vars_5ite_unsat.smt2,failed,1200.0
/rings_preprocessed/ring_2exp4_8vars_2ite_unsat.smt2,failed,1200.0
/rings_preprocessed/ring_2exp4_6vars_2ite_unsat.smt2,unsat,10.924015045166016
/rings_preprocessed/ring_2exp4_9vars_2ite_unsat.smt2,failed,1200.0
/rings_preprocessed/ring_2exp12_8vars_4ite_unsat.smt2,failed,1200.0
/rings_preprocessed/ring_2exp10_7vars_4ite_unsat.smt2,failed,1200.0
/rings_preprocessed/ring_2exp12_8vars_3ite_unsat.smt2,failed,1200.0
/rings_preprocessed/ring_2exp10_5vars_2ite_unsat.smt2,unsat,3.1866886615753174
/rings_preprocessed/ring_2exp14_8vars_2ite_unsat.smt2,failed,1200.0
/rings_preprocessed/ring_2exp6_7vars_3ite_unsat.smt2,failed,1200.0
/rings_preprocessed/ring_2exp6_8vars_4ite_unsat.smt2,failed,1200.0
/rings_preprocessed/ring_2exp8_9vars_6ite_unsat.smt2,failed,1200.0
/rings_preprocessed/ring_2exp8_8vars_7ite_unsat.smt2,failed,1200.0
/rings_preprocessed/ring_2exp4_7vars_0ite_unsat.smt2,unsat,0.019376277923583984
/rings_preprocessed/ring_2exp6_6vars_3ite_unsat.smt2,unsat,469.6426408290863
/rings_preprocessed/ring_2exp14_5vars_1ite_unsat.smt2,unsat,2.287015438079834
/rings_preprocessed/ring_2exp4_4vars_1ite_unsat.smt2,unsat,0.09007382392883301
/rings_preprocessed/ring_2exp8_7vars_3ite_unsat.smt2,failed,1200.0
/rings_preprocessed/ring_2exp4_3vars_1ite_unsat.smt2,unsat,0.02683711051940918
/rings_preprocessed/ring_2exp10_9vars_7ite_unsat.smt2,failed,1200.0
/rings_preprocessed/ring_2exp6_5vars_0ite_unsat.smt2,unsat,0.014342069625854492
/rings_preprocessed/ring_2exp6_9vars_5ite_unsat.smt2,failed,1200.0
/rings_preprocessed/ring_2exp8_7vars_2ite_unsat.smt2,failed,1200.0
/rings_preprocessed/ring_2exp10_6vars_2ite_unsat.smt2,unsat,311.35402274131775
/rings_preprocessed/ring_2exp4_6vars_1ite_unsat.smt2,unsat,0.019309520721435547
/rings_preprocessed/ring_2exp4_5vars_1ite_unsat.smt2,unsat,0.6264455318450928
/rings_preprocessed/ring_2exp8_9vars_8ite_unsat.smt2,failed,1200.0
/rings_preprocessed/ring_2exp14_8vars_1ite_unsat.smt2,failed,1200.0
/rings_preprocessed/ring_2exp4_7vars_2ite_unsat.smt2,unsat,161.7274580001831
/rings_preprocessed/ring_2exp10_8vars_7ite_unsat.smt2,failed,1200.0
/rings_preprocessed/ring_2exp14_4vars_3ite_unsat.smt2,unsat,0.27011990547180176
/rings_preprocessed/ring_2exp10_3vars_0ite_unsat.smt2,unsat,0.008553028106689453
/rings_preprocessed/ring_2exp10_8vars_1ite_unsat.smt2,failed,1200.0
/rings_preprocessed/ring_2exp10_9vars_4ite_unsat.smt2,failed,1200.0
/rings_preprocessed/ring_2exp6_7vars_5ite_unsat.smt2,failed,1200.0
/rings_preprocessed/ring_2exp6_4vars_0ite_unsat.smt2,unsat,0.012006044387817383
/rings_preprocessed/ring_2exp12_4vars_3ite_unsat.smt2,unsat,0.18491458892822266
/rings_preprocessed/ring_2exp8_3vars_1ite_unsat.smt2,unsat,0.027152538299560547
/rings_preprocessed/ring_2exp12_9vars_7ite_unsat.smt2,failed,1200.0
/rings_preprocessed/ring_2exp16_6vars_3ite_unsat.smt2,unsat,578.0658557415009
/rings_preprocessed/ring_2exp10_6vars_1ite_unsat.smt2,unsat,213.1721067428589
/rings_preprocessed/ring_2exp6_6vars_0ite_unsat.smt2,unsat,0.016502857208251953
/rings_preprocessed/ring_2exp16_5vars_3ite_unsat.smt2,unsat,4.350379228591919
/rings_preprocessed/ring_2exp16_8vars_4ite_unsat.smt2,failed,1200.0
/rings_preprocessed/ring_2exp10_3vars_2ite_unsat.smt2,unsat,0.031026363372802734
/rings_preprocessed/ring_2exp6_4vars_3ite_unsat.smt2,unsat,0.26774072647094727
/rings_preprocessed/ring_2exp12_8vars_2ite_unsat.smt2,failed,1200.0
/rings_preprocessed/ring_2exp16_6vars_5ite_unsat.smt2,unsat,465.2088677883148
/rings_preprocessed/ring_2exp8_8vars_4ite_unsat.smt2,failed,1200.0
/rings_preprocessed/ring_2exp8_4vars_0ite_unsat.smt2,unsat,0.013001680374145508
/rings_preprocessed/ring_2exp16_6vars_4ite_unsat.smt2,unsat,716.4999959468842
/rings_preprocessed/ring_2exp10_9vars_1ite_unsat.smt2,failed,1200.0
/rings_preprocessed/ring_2exp8_8vars_2ite_unsat.smt2,failed,1200.0
/rings_preprocessed/ring_2exp16_4vars_0ite_unsat.smt2,unsat,0.012734651565551758
/rings_preprocessed/ring_2exp12_7vars_5ite_unsat.smt2,failed,1200.0
/rings_preprocessed/ring_2exp14_3vars_1ite_unsat.smt2,unsat,0.027666091918945312
/rings_preprocessed/ring_2exp14_9vars_4ite_unsat.smt2,failed,1200.0
/rings_preprocessed/ring_2exp12_5vars_0ite_unsat.smt2,unsat,0.01389932632446289
/rings_preprocessed/ring_2exp10_7vars_3ite_unsat.smt2,failed,1200.0
/rings_preprocessed/ring_2exp14_9vars_1ite_unsat.smt2,failed,1200.0
/rings_preprocessed/ring_2exp8_9vars_5ite_unsat.smt2,failed,1200.0
/rings_preprocessed/ring_2exp12_7vars_6ite_unsat.smt2,failed,1200.0
/rings_preprocessed/ring_2exp14_4vars_2ite_unsat.smt2,unsat,0.13037776947021484
/rings_preprocessed/ring_2exp8_8vars_6ite_unsat.smt2,failed,1200.0
/rings_preprocessed/ring_2exp6_8vars_2ite_unsat.smt2,failed,1200.0
/rings_preprocessed/ring_2exp6_9vars_4ite_unsat.smt2,failed,1200.0
/rings_preprocessed/ring_2exp12_8vars_6ite_unsat.smt2,failed,1200.0
/rings_preprocessed/ring_2exp6_9vars_7ite_unsat.smt2,failed,1200.0
/rings_preprocessed/ring_2exp14_6vars_1ite_unsat.smt2,unsat,202.95985555648804
/rings_preprocessed/ring_2exp10_9vars_5ite_unsat.smt2,failed,1200.0
/rings_preprocessed/ring_2exp4_9vars_7ite_unsat.smt2,unsat,265.237
/rings_preprocessed/ring_2exp10_4vars_1ite_unsat.smt2,unsat,0.10405397415161133
/rings_preprocessed/ring_2exp8_9vars_1ite_unsat.smt2,failed,1200.0
/rings_preprocessed/ring_2exp14_8vars_5ite_unsat.smt2,failed,1200.0
/rings_preprocessed/ring_2exp10_5vars_0ite_unsat.smt2,unsat,0.014594316482543945
/rings_preprocessed/ring_2exp14_7vars_1ite_unsat.smt2,failed,1200.0
/rings_preprocessed/ring_2exp14_9vars_3ite_unsat.smt2,failed,1200.0
/rings_preprocessed/ring_2exp6_9vars_3ite_unsat.smt2,failed,1200.0
/rings_preprocessed/ring_2exp8_9vars_0ite_unsat.smt2,unsat,0.02727794647216797
/rings_preprocessed/ring_2exp14_5vars_4ite_unsat.smt2,unsat,49.025
/rings_preprocessed/ring_2exp16_9vars_4ite_unsat.smt2,failed,1200.0
/rings_preprocessed/ring_2exp16_5vars_2ite_unsat.smt2,unsat,3.192974328994751
/rings_preprocessed/ring_2exp6_8vars_3ite_unsat.smt2,failed,1200.0
/rings_preprocessed/ring_2exp6_8vars_7ite_unsat.smt2,failed,1200.0
/rings_preprocessed/ring_2exp4_5vars_2ite_unsat.smt2,unsat,0.9865543842315674
/rings_preprocessed/ring_2exp16_3vars_1ite_unsat.smt2,unsat,0.026082515716552734
/rings_preprocessed/ring_2exp16_7vars_1ite_unsat.smt2,failed,1200.0
/rings_preprocessed/ring_2exp6_7vars_4ite_unsat.smt2,failed,1200.0
/rings_preprocessed/ring_2exp14_9vars_7ite_unsat.smt2,failed,1200.0
/rings_preprocessed/ring_2exp12_5vars_1ite_unsat.smt2,unsat,2.479736328125
/rings_preprocessed/ring_2exp16_3vars_2ite_unsat.smt2,unsat,0.028496742248535156
/rings_preprocessed/ring_2exp16_7vars_4ite_unsat.smt2,failed,1200.0
/rings_preprocessed/ring_2exp12_6vars_1ite_unsat.smt2,unsat,202.96254634857178
/rings_preprocessed/ring_2exp16_9vars_0ite_unsat.smt2,unsat,0.027034759521484375
/rings_preprocessed/ring_2exp4_7vars_1ite_unsat.smt2,unsat,0.03385043144226074
/rings_preprocessed/ring_2exp14_9vars_2ite_unsat.smt2,failed,1200.0
/rings_preprocessed/ring_2exp12_9vars_3ite_unsat.smt2,failed,1200.0
/rings_preprocessed/ring_2exp12_9vars_1ite_unsat.smt2,failed,1200.0
/rings_preprocessed/ring_2exp8_3vars_0ite_unsat.smt2,unsat,0.008374214172363281
/rings_preprocessed/ring_2exp16_9vars_7ite_unsat.smt2,failed,1200.0
/rings_preprocessed/ring_2exp6_4vars_1ite_unsat.smt2,unsat,0.10013079643249512
/rings_preprocessed/ring_2exp4_4vars_2ite_unsat.smt2,unsat,0.2624857425689697
/rings_preprocessed/ring_2exp14_9vars_0ite_unsat.smt2,unsat,0.027181625366210938
/rings_preprocessed/ring_2exp16_7vars_0ite_unsat.smt2,unsat,0.019041061401367188
/rings_preprocessed/ring_2exp4_9vars_5ite_unsat.smt2,failed,1200.0
/rings_preprocessed/ring_2exp6_8vars_1ite_unsat.smt2,unsat,0.02789020538330078
/rings_preprocessed/ring_2exp16_9vars_2ite_unsat.smt2,failed,1200.0
/rings_preprocessed/ring_2exp16_7vars_3ite_unsat.smt2,failed,1200.0
/rings_preprocessed/ring_2exp8_8vars_5ite_unsat.smt2,failed,1200.0
/rings_preprocessed/ring_2exp4_6vars_0ite_unsat.smt2,unsat,0.01646566390991211
/rings_preprocessed/ring_2exp4_5vars_3ite_unsat.smt2,unsat,0.916874885559082
/rings_preprocessed/ring_2exp10_5vars_4ite_unsat.smt2,unsat,48.959
/rings_preprocessed/ring_2exp10_6vars_4ite_unsat.smt2,unsat,739.3494381904602
/rings_preprocessed/ring_2exp10_6vars_0ite_unsat.smt2,unsat,0.017345428466796875
/rings_preprocessed/ring_2exp12_6vars_4ite_unsat.smt2,unsat,682.7535350322723
/rings_preprocessed/ring_2exp14_9vars_5ite_unsat.smt2,failed,1200.0
/rings_preprocessed/ring_2exp12_3vars_1ite_unsat.smt2,unsat,0.02797865867614746
/rings_preprocessed/ring_2exp8_4vars_3ite_unsat.smt2,unsat,0.24207496643066406
/rings_preprocessed/ring_2exp8_7vars_1ite_unsat.smt2,failed,1200.0
/rings_preprocessed/ring_2exp8_6vars_1ite_unsat.smt2,unsat,211.72997999191284
/rings_preprocessed/ring_2exp10_7vars_2ite_unsat.smt2,failed,1200.0
/rings_preprocessed/ring_2exp8_9vars_7ite_unsat.smt2,failed,1200.0
/rings_preprocessed/ring_2exp12_5vars_2ite_unsat.smt2,unsat,3.2337677478790283
/rings_preprocessed/ring_2exp14_6vars_2ite_unsat.smt2,unsat,313.52771282196045
/rings_preprocessed/ring_2exp8_9vars_4ite_unsat.smt2,failed,1200.0
/rings_preprocessed/ring_2exp6_3vars_2ite_unsat.smt2,unsat,0.029589414596557617
/rings_preprocessed/ring_2exp4_4vars_0ite_unsat.smt2,unsat,0.010322093963623047
/rings_preprocessed/ring_2exp6_3vars_1ite_unsat.smt2,unsat,0.028770923614501953
/rings_preprocessed/ring_2exp10_7vars_0ite_unsat.smt2,unsat,0.020027875900268555
/rings_preprocessed/ring_2exp12_4vars_1ite_unsat.smt2,unsat,0.11324501037597656
/rings_preprocessed/ring_2exp6_8vars_6ite_unsat.smt2,failed,1200.0
/rings_preprocessed/ring_2exp4_8vars_3ite_unsat.smt2,failed,1200.0
/rings_preprocessed/ring_2exp12_8vars_7ite_unsat.smt2,failed,1200.0
/rings_preprocessed/ring_2exp8_7vars_0ite_unsat.smt2,unsat,0.022841930389404297
/rings_preprocessed/ring_2exp14_8vars_0ite_unsat.smt2,unsat,0.023319482803344727
/rings_preprocessed/ring_2exp12_8vars_0ite_unsat.smt2,unsat,0.023021459579467773
/rings_preprocessed/ring_2exp8_5vars_3ite_unsat.smt2,unsat,4.905885696411133
/rings_preprocessed/ring_2exp10_6vars_3ite_unsat.smt2,unsat,564.8399114608765
/rings_preprocessed/ring_2exp12_4vars_0ite_unsat.smt2,unsat,0.015383720397949219
/rings_preprocessed/ring_2exp12_6vars_0ite_unsat.smt2,unsat,0.015990734100341797
/rings_preprocessed/ring_2exp4_7vars_6ite_unsat.smt2,unsat,152.1611225605011
/rings_preprocessed/ring_2exp14_8vars_6ite_unsat.smt2,failed,1200.0
/rings_preprocessed/ring_2exp6_8vars_0ite_unsat.smt2,unsat,0.0243988037109375
/rings_preprocessed/ring_2exp14_3vars_0ite_unsat.smt2,unsat,0.009657144546508789
/rings_preprocessed/ring_2exp12_5vars_4ite_unsat.smt2,unsat,48.653
/rings_preprocessed/ring_2exp12_6vars_5ite_unsat.smt2,unsat,447.75120854377747
/rings_preprocessed/ring_2exp10_4vars_3ite_unsat.smt2,unsat,0.1623854637145996
/rings_preprocessed/ring_2exp8_4vars_2ite_unsat.smt2,unsat,0.20225214958190918
/rings_preprocessed/ring_2exp16_7vars_5ite_unsat.smt2,failed,1200.0
/rings_preprocessed/ring_2exp6_6vars_2ite_unsat.smt2,unsat,297.7514867782593
/rings_preprocessed/ring_2exp14_7vars_2ite_unsat.smt2,failed,1200.0
/rings_preprocessed/ring_2exp16_3vars_0ite_unsat.smt2,unsat,0.010300159454345703
/rings_preprocessed/ring_2exp10_8vars_5ite_unsat.smt2,failed,1200.0
/rings_preprocessed/ring_2exp16_8vars_2ite_unsat.smt2,failed,1200.0
/rings_preprocessed/ring_2exp6_5vars_1ite_unsat.smt2,unsat,1.9804363250732422
/rings_preprocessed/ring_2exp12_7vars_1ite_unsat.smt2,failed,1200.0
/rings_preprocessed/ring_2exp14_7vars_5ite_unsat.smt2,failed,1200.0
/rings_preprocessed/ring_2exp10_5vars_3ite_unsat.smt2,unsat,5.0327537059783936
/rings_preprocessed/ring_2exp4_9vars_1ite_unsat.smt2,unsat,0.030374526977539062
/rings_preprocessed/ring_2exp8_6vars_3ite_unsat.smt2,unsat,553.4469814300537
/rings_preprocessed/ring_2exp6_8vars_5ite_unsat.smt2,failed,1200.0
/rings_preprocessed/ring_2exp4_5vars_4ite_unsat.smt2,unsat,1.5436744689941406
/rings_preprocessed/ring_2exp16_7vars_6ite_unsat.smt2,failed,1200.0
/rings_preprocessed/ring_2exp4_8vars_0ite_unsat.smt2,unsat,0.021649837493896484
/rings_preprocessed/ring_2exp16_6vars_0ite_unsat.smt2,unsat,0.016407251358032227
/rings_preprocessed/ring_2exp6_6vars_4ite_unsat.smt2,unsat,623.7455680370331
/bofill-scheduling/SMT_random_LIA/ex10100_2600_100.smt2,unsat,0.22383809089660645
/bofill-scheduling/SMT_random_LIA/ex18300_2600_100.smt2,sat,0.4306483268737793
/bofill-scheduling/SMT_random_LIA/ex16500_2600_100.smt2,sat,1.2848668098449707
/bofill-scheduling/SMT_random_LIA/ex7600_2600_100.smt2,unsat,0.23479008674621582
/bofill-scheduling/SMT_random_LIA/ex25900_2600_100.smt2,sat,0.5196363925933838
/bofill-scheduling/SMT_random_LIA/ex19200_2600_100.smt2,sat,0.43096399307250977
/bofill-scheduling/SMT_random_LIA/ex16900_2600_100.smt2,sat,1.0762033462524414
/bofill-scheduling/SMT_random_LIA/ex13200_2600_100.smt2,unsat,0.2201528549194336
/bofill-scheduling/SMT_random_LIA/ex25600_2600_100.smt2,sat,0.5143823623657227
/bofill-scheduling/SMT_random_LIA/ex12200_2600_100.smt2,unsat,0.23046469688415527
/bofill-scheduling/SMT_random_LIA/ex7200_2600_100.smt2,unsat,0.23286104202270508
/bofill-scheduling/SMT_random_LIA/ex24800_2600_100.smt2,sat,0.5206739902496338
/bofill-scheduling/SMT_random_LIA/ex9700_2600_100.smt2,unsat,0.23442816734313965
/bofill-scheduling/SMT_random_LIA/ex25400_2600_100.smt2,sat,0.5609719753265381
/bofill-scheduling/SMT_random_LIA/ex18000_2600_100.smt2,sat,0.4376504421234131
/bofill-scheduling/SMT_random_LIA/ex6000_2600_100.smt2,unsat,0.2180478572845459
/bofill-scheduling/SMT_random_LIA/ex24400_2600_100.smt2,sat,0.5839319229125977
/bofill-scheduling/SMT_random_LIA/ex5900_2600_100.smt2,unsat,0.207200288772583
/bofill-scheduling/SMT_random_LIA/ex17000_2600_100.smt2,sat,1.0309183597564697
/bofill-scheduling/SMT_random_LIA/ex28800_2600_100.smt2,sat,0.48628711700439453
/bofill-scheduling/SMT_random_LIA/ex27000_2600_100.smt2,sat,0.6297709941864014
/bofill-scheduling/SMT_random_LIA/ex10700_2600_100.smt2,unsat,0.22507381439208984
/bofill-scheduling/SMT_random_LIA/ex23100_2600_100.smt2,sat,0.5449967384338379
/bofill-scheduling/SMT_random_LIA/ex26700_2600_100.smt2,sat,0.5114145278930664
/bofill-scheduling/SMT_random_LIA/ex21600_2600_100.smt2,sat,0.4609971046447754
/bofill-scheduling/SMT_random_LIA/ex10600_2600_100.smt2,unsat,0.26580286026000977
/bofill-scheduling/SMT_random_LIA/ex17200_2600_100.smt2,sat,1.295318365097046
/bofill-scheduling/SMT_random_LIA/ex10500_2600_100.smt2,unsat,0.23481130599975586
/bofill-scheduling/SMT_random_LIA/ex20900_2600_100.smt2,sat,0.5408408641815186
/bofill-scheduling/SMT_random_LIA/ex18500_2600_100.smt2,sat,0.43166470527648926
/bofill-scheduling/SMT_random_LIA/ex14800_2600_100.smt2,sat,4.684735298156738
/bofill-scheduling/SMT_random_LIA/ex23700_2600_100.smt2,sat,0.6276137828826904
/bofill-scheduling/SMT_random_LIA/ex10300_2600_100.smt2,unsat,0.22718119621276855
/bofill-scheduling/SMT_random_LIA/ex15600_2600_100.smt2,sat,1.756316900253296
/bofill-scheduling/SMT_random_LIA/ex29300_2600_100.smt2,sat,0.4958040714263916
/bofill-scheduling/SMT_random_LIA/ex24600_2600_100.smt2,sat,0.5344111919403076
/bofill-scheduling/SMT_random_LIA/ex6300_2600_100.smt2,unsat,0.21973180770874023
/bofill-scheduling/SMT_random_LIA/ex16700_2600_100.smt2,sat,1.3817684650421143
/bofill-scheduling/SMT_random_LIA/ex11000_2600_100.smt2,unsat,0.23047518730163574
/bofill-scheduling/SMT_random_LIA/ex7100_2600_100.smt2,unsat,0.22156333923339844
/bofill-scheduling/SMT_random_LIA/ex21300_2600_100.smt2,sat,0.5383977890014648
/bofill-scheduling/SMT_random_LIA/ex26300_2600_100.smt2,sat,0.4464578628540039
/bofill-scheduling/SMT_random_LIA/ex7300_2600_100.smt2,unsat,0.20786786079406738
/bofill-scheduling/SMT_random_LIA/ex18100_2600_100.smt2,sat,0.4730250835418701
/bofill-scheduling/SMT_random_LIA/ex17700_2600_100.smt2,sat,0.9170489311218262
/bofill-scheduling/SMT_random_LIA/ex21800_2600_100.smt2,sat,0.6956136226654053
/bofill-scheduling/SMT_random_LIA/ex9500_2600_100.smt2,unsat,0.2490849494934082
/bofill-scheduling/SMT_random_LIA/ex22300_2600_100.smt2,sat,0.5144827365875244
/bofill-scheduling/SMT_random_LIA/ex12400_2600_100.smt2,unsat,0.2476365566253662
/bofill-scheduling/SMT_random_LIA/ex22400_2600_100.smt2,sat,0.5638706684112549
/bofill-scheduling/SMT_random_LIA/ex19300_2600_100.smt2,sat,0.4143028259277344
/bofill-scheduling/SMT_random_LIA/ex26200_2600_100.smt2,sat,0.5661239624023438
/bofill-scheduling/SMT_random_LIA/ex20200_2600_100.smt2,sat,0.46928954124450684
/bofill-scheduling/SMT_random_LIA/ex27300_2600_100.smt2,sat,0.5631332397460938
/bofill-scheduling/SMT_random_LIA/ex26400_2600_100.smt2,sat,0.5517458915710449
/bofill-scheduling/SMT_random_LIA/ex14500_2600_100.smt2,sat,5.736287832260132
/bofill-scheduling/SMT_random_LIA/ex29100_2600_100.smt2,sat,0.6033763885498047
/bofill-scheduling/SMT_random_LIA/ex29800_2600_100.smt2,sat,0.46001315116882324
/bofill-scheduling/SMT_random_LIA/ex29500_2600_100.smt2,sat,0.5996789932250977
/bofill-scheduling/SMT_random_LIA/ex9100_2600_100.smt2,unsat,0.23882365226745605
/bofill-scheduling/SMT_random_LIA/ex8500_2600_100.smt2,unsat,0.21398544311523438
/bofill-scheduling/SMT_random_LIA/ex11100_2600_100.smt2,unsat,0.26227736473083496
/bofill-scheduling/SMT_random_LIA/ex9600_2600_100.smt2,unsat,0.22898316383361816
/bofill-scheduling/SMT_random_LIA/ex19100_2600_100.smt2,sat,0.39319896697998047
/bofill-scheduling/SMT_random_LIA/ex18200_2600_100.smt2,sat,0.42989253997802734
/bofill-scheduling/SMT_random_LIA/ex16200_2600_100.smt2,sat,1.625514268875122
/bofill-scheduling/SMT_random_LIA/ex19600_2600_100.smt2,sat,0.4252336025238037
/bofill-scheduling/SMT_random_LIA/ex29000_2600_100.smt2,sat,0.5958576202392578
/bofill-scheduling/SMT_random_LIA/ex16300_2600_100.smt2,sat,1.0646216869354248
/bofill-scheduling/SMT_random_LIA/ex13000_2600_100.smt2,unsat,0.20972418785095215
/bofill-scheduling/SMT_random_LIA/ex28300_2600_100.smt2,sat,0.5084562301635742
/bofill-scheduling/SMT_random_LIA/ex8800_2600_100.smt2,unsat,0.2236635684967041
/bofill-scheduling/SMT_random_LIA/ex5100_2600_100.smt2,unsat,0.2137751579284668
/bofill-scheduling/SMT_random_LIA/ex16000_2600_100.smt2,sat,2.23633074760437
/bofill-scheduling/SMT_random_LIA/ex15300_2600_100.smt2,sat,2.243126630783081
/bofill-scheduling/SMT_random_LIA/ex8100_2600_100.smt2,unsat,0.24097442626953125
/bofill-scheduling/SMT_random_LIA/ex22000_2600_100.smt2,sat,0.5594630241394043
/bofill-scheduling/SMT_random_LIA/ex6600_2600_100.smt2,unsat,0.20961666107177734
/bofill-scheduling/SMT_random_LIA/ex15700_2600_100.smt2,sat,2.51381516456604
/bofill-scheduling/SMT_random_LIA/ex22500_2600_100.smt2,sat,0.5900716781616211
/bofill-scheduling/SMT_random_LIA/ex23000_2600_100.smt2,sat,0.4705512523651123
/bofill-scheduling/SMT_random_LIA/ex14300_2600_100.smt2,unsat,0.772897481918335
/bofill-scheduling/SMT_random_LIA/ex5400_2600_100.smt2,unsat,0.20719695091247559
/bofill-scheduling/SMT_random_LIA/ex16800_2600_100.smt2,sat,1.4621257781982422
/bofill-scheduling/SMT_random_LIA/ex13600_2600_100.smt2,unsat,0.8170897960662842
/bofill-scheduling/SMT_random_LIA/ex26800_2600_100.smt2,sat,0.5525503158569336
/bofill-scheduling/SMT_random_LIA/ex23200_2600_100.smt2,sat,0.6090030670166016
/bofill-scheduling/SMT_random_LIA/ex21700_2600_100.smt2,sat,0.65301513671875
/bofill-scheduling/SMT_random_LIA/ex10400_2600_100.smt2,unsat,0.22431087493896484
/bofill-scheduling/SMT_random_LIA/ex13300_2600_100.smt2,unsat,0.2311999797821045
/bofill-scheduling/SMT_random_LIA/ex22100_2600_100.smt2,sat,0.5380668640136719
/bofill-scheduling/SMT_random_LIA/ex20100_2600_100.smt2,sat,0.4304211139678955
/bofill-scheduling/SMT_random_LIA/ex25100_2600_100.smt2,sat,0.5320777893066406
/bofill-scheduling/SMT_random_LIA/ex11800_2600_100.smt2,unsat,0.23867082595825195
/bofill-scheduling/SMT_random_LIA/ex28900_2600_100.smt2,sat,0.4684126377105713
/bofill-scheduling/SMT_random_LIA/ex16600_2600_100.smt2,sat,1.2121803760528564
/bofill-scheduling/SMT_random_LIA/ex30000_2600_100.smt2,sat,0.48512816429138184
/bofill-scheduling/SMT_random_LIA/ex20600_2600_100.smt2,sat,0.5054376125335693
/bofill-scheduling/SMT_random_LIA/ex16400_2600_100.smt2,sat,1.4521560668945312
/bofill-scheduling/SMT_random_LIA/ex10200_2600_100.smt2,unsat,0.2192676067352295
/bofill-scheduling/SMT_random_LIA/ex5500_2600_100.smt2,unsat,0.2154831886291504
/bofill-scheduling/SMT_random_LIA/ex9300_2600_100.smt2,unsat,0.23060989379882812
/bofill-scheduling/SMT_random_LIA/ex27600_2600_100.smt2,sat,0.5391886234283447
/bofill-scheduling/SMT_random_LIA/ex12100_2600_100.smt2,unsat,0.254518985748291
/bofill-scheduling/SMT_random_LIA/ex15000_2600_100.smt2,sat,4.175028085708618
/bofill-scheduling/SMT_random_LIA/ex12900_2600_100.smt2,unsat,0.21678614616394043
/bofill-scheduling/SMT_random_LIA/ex29700_2600_100.smt2,sat,0.4734029769897461
/bofill-scheduling/SMT_random_LIA/ex28400_2600_100.smt2,sat,0.4555704593658447
/bofill-scheduling/SMT_random_LIA/ex26900_2600_100.smt2,sat,0.48003220558166504
/bofill-scheduling/SMT_random_LIA/ex8300_2600_100.smt2,unsat,0.2447819709777832
/bofill-scheduling/SMT_random_LIA/ex21900_2600_100.smt2,sat,0.5167849063873291
/bofill-scheduling/SMT_random_LIA/ex8600_2600_100.smt2,unsat,0.23056626319885254
/bofill-scheduling/SMT_random_LIA/ex9400_2600_100.smt2,unsat,0.23813509941101074
/bofill-scheduling/SMT_random_LIA/ex28200_2600_100.smt2,sat,0.5969810485839844
/bofill-scheduling/SMT_random_LIA/ex20000_2600_100.smt2,sat,0.5089795589447021
/bofill-scheduling/SMT_random_LIA/ex24100_2600_100.smt2,sat,0.5562069416046143
/bofill-scheduling/SMT_random_LIA/ex29400_2600_100.smt2,sat,0.6014952659606934
/bofill-scheduling/SMT_random_LIA/ex23800_2600_100.smt2,sat,0.5303213596343994
/bofill-scheduling/SMT_random_LIA/ex13800_2600_100.smt2,unsat,0.6163144111633301
/bofill-scheduling/SMT_random_LIA/ex26600_2600_100.smt2,sat,0.6427896022796631
/bofill-scheduling/SMT_random_LIA/ex26000_2600_100.smt2,sat,0.484905481338501
/bofill-scheduling/SMT_random_LIA/ex9900_2600_100.smt2,unsat,0.21962261199951172
/bofill-scheduling/SMT_random_LIA/ex19500_2600_100.smt2,sat,0.4123079776763916
/bofill-scheduling/SMT_random_LIA/ex20500_2600_100.smt2,sat,0.4779398441314697
/bofill-scheduling/SMT_random_LIA/ex9200_2600_100.smt2,unsat,0.22234153747558594
/bofill-scheduling/SMT_random_LIA/ex24200_2600_100.smt2,sat,0.5053682327270508
/bofill-scheduling/SMT_random_LIA/ex5300_2600_100.smt2,unsat,0.21432089805603027
/bofill-scheduling/SMT_random_LIA/ex15200_2600_100.smt2,sat,3.4080276489257812
/bofill-scheduling/SMT_random_LIA/ex17800_2600_100.smt2,sat,0.6497707366943359
/bofill-scheduling/SMT_random_LIA/ex18400_2600_100.smt2,sat,0.7629349231719971
/bofill-scheduling/SMT_random_LIA/ex21000_2600_100.smt2,sat,0.5313944816589355
/bofill-scheduling/SMT_random_LIA/ex27100_2600_100.smt2,sat,0.5210318565368652
/bofill-scheduling/SMT_random_LIA/ex12700_2600_100.smt2,unsat,0.2281804084777832
/bofill-scheduling/SMT_random_LIA/ex29600_2600_100.smt2,sat,0.4795565605163574
/bofill-scheduling/SMT_random_LIA/ex17500_2600_100.smt2,sat,1.5082299709320068
/bofill-scheduling/SMT_random_LIA/ex28100_2600_100.smt2,sat,0.5112099647521973
/bofill-scheduling/SMT_random_LIA/ex11600_2600_100.smt2,unsat,0.24350404739379883
/bofill-scheduling/SMT_random_LIA/ex5600_2600_100.smt2,unsat,0.2418050765991211
/bofill-scheduling/SMT_random_LIA/ex19700_2600_100.smt2,sat,0.46065258979797363
/bofill-scheduling/SMT_random_LIA/ex29900_2600_100.smt2,sat,0.6242632865905762
/bofill-scheduling/SMT_random_LIA/ex24700_2600_100.smt2,sat,0.49736952781677246
/bofill-scheduling/SMT_random_LIA/ex11200_2600_100.smt2,unsat,0.21242189407348633
/bofill-scheduling/SMT_random_LIA/ex10000_2600_100.smt2,unsat,0.2155907154083252
/bofill-scheduling/SMT_random_LIA/ex7900_2600_100.smt2,unsat,0.2077324390411377
/bofill-scheduling/SMT_random_LIA/ex7000_2600_100.smt2,unsat,0.2143392562866211
/bofill-scheduling/SMT_random_LIA/ex14900_2600_100.smt2,sat,5.196904420852661
/bofill-scheduling/SMT_random_LIA/ex5200_2600_100.smt2,unsat,0.19378995895385742
/bofill-scheduling/SMT_random_LIA/ex22600_2600_100.smt2,sat,0.5006663799285889
/bofill-scheduling/SMT_random_LIA/ex23600_2600_100.smt2,sat,0.5400257110595703
/bofill-scheduling/SMT_random_LIA/ex27200_2600_100.smt2,sat,0.6071343421936035
/bofill-scheduling/SMT_random_LIA/ex22800_2600_100.smt2,sat,0.44239091873168945
/bofill-scheduling/SMT_random_LIA/ex13500_2600_100.smt2,unsat,0.8737459182739258
/bofill-scheduling/SMT_random_LIA/ex15100_2600_100.smt2,sat,3.261333703994751
/bofill-scheduling/SMT_random_LIA/ex9000_2600_100.smt2,unsat,0.22034072875976562
/bofill-scheduling/SMT_random_LIA/ex26500_2600_100.smt2,sat,0.5547175407409668
/bofill-scheduling/SMT_random_LIA/ex27500_2600_100.smt2,sat,0.49406886100769043
/bofill-scheduling/SMT_random_LIA/ex5000_2600_100.smt2,unsat,0.2032923698425293
/bofill-scheduling/SMT_random_LIA/ex14000_2600_100.smt2,unsat,0.8800380229949951
/bofill-scheduling/SMT_random_LIA/ex19000_2600_100.smt2,sat,0.5633165836334229
/bofill-scheduling/SMT_random_LIA/ex15500_2600_100.smt2,sat,3.5796501636505127
/bofill-scheduling/SMT_random_LIA/ex12500_2600_100.smt2,unsat,0.26719236373901367
/bofill-scheduling/SMT_random_LIA/ex18700_2600_100.smt2,sat,0.47077512741088867
/bofill-scheduling/SMT_random_LIA/ex8700_2600_100.smt2,unsat,0.21999144554138184
/bofill-scheduling/SMT_random_LIA/ex23400_2600_100.smt2,sat,0.6621799468994141
/bofill-scheduling/SMT_random_LIA/ex15400_2600_100.smt2,sat,2.461322546005249
/bofill-scheduling/SMT_random_LIA/ex24900_2600_100.smt2,sat,0.535447359085083
/bofill-scheduling/SMT_random_LIA/ex17900_2600_100.smt2,sat,0.7687451839447021
/bofill-scheduling/SMT_random_LIA/ex27400_2600_100.smt2,sat,0.4716198444366455
/bofill-scheduling/SMT_random_LIA/ex13100_2600_100.smt2,unsat,0.2216329574584961
/bofill-scheduling/SMT_random_LIA/ex22200_2600_100.smt2,sat,0.48589396476745605
/bofill-scheduling/SMT_random_LIA/ex8000_2600_100.smt2,unsat,0.23395204544067383
/bofill-scheduling/SMT_random_LIA/ex10800_2600_100.smt2,unsat,0.2356271743774414
/bofill-scheduling/SMT_random_LIA/ex23900_2600_100.smt2,sat,0.548736572265625
/bofill-scheduling/SMT_random_LIA/ex19800_2600_100.smt2,sat,0.6364178657531738
/bofill-scheduling/SMT_random_LIA/ex7800_2600_100.smt2,unsat,0.25284671783447266
/bofill-scheduling/SMT_random_LIA/ex16100_2600_100.smt2,sat,1.6984479427337646
/bofill-scheduling/SMT_random_LIA/ex19900_2600_100.smt2,sat,0.44019031524658203
/bofill-scheduling/SMT_random_LIA/ex26100_2600_100.smt2,sat,0.5237412452697754
/bofill-scheduling/SMT_random_LIA/ex28700_2600_100.smt2,sat,0.5356605052947998
/bofill-scheduling/SMT_random_LIA/ex23500_2600_100.smt2,sat,0.4534454345703125
/bofill-scheduling/SMT_random_LIA/ex15800_2600_100.smt2,sat,2.8492140769958496
/bofill-scheduling/SMT_random_LIA/ex6800_2600_100.smt2,unsat,0.2382352352142334
/bofill-scheduling/SMT_random_LIA/ex27700_2600_100.smt2,sat,0.4816453456878662
/bofill-scheduling/SMT_random_LIA/ex17300_2600_100.smt2,sat,1.4028244018554688
/bofill-scheduling/SMT_random_LIA/ex9800_2600_100.smt2,unsat,0.2399749755859375
/bofill-scheduling/SMT_random_LIA/ex27800_2600_100.smt2,sat,0.5724670886993408
/bofill-scheduling/SMT_random_LIA/ex6900_2600_100.smt2,unsat,0.20633769035339355
/bofill-scheduling/SMT_random_LIA/ex10900_2600_100.smt2,unsat,0.224867582321167
/bofill-scheduling/SMT_random_LIA/ex7700_2600_100.smt2,unsat,0.22187590599060059
/bofill-scheduling/SMT_random_LIA/ex6100_2600_100.smt2,unsat,0.2040543556213379
/bofill-scheduling/SMT_random_LIA/ex25800_2600_100.smt2,sat,0.5449864864349365
/bofill-scheduling/SMT_random_LIA/ex27900_2600_100.smt2,sat,0.6198267936706543
/bofill-scheduling/SMT_random_LIA/ex6400_2600_100.smt2,unsat,0.226121187210083
/bofill-scheduling/SMT_random_LIA/ex19400_2600_100.smt2,sat,0.4290754795074463
/bofill-scheduling/SMT_random_LIA/ex20300_2600_100.smt2,sat,0.5609495639801025
/bofill-scheduling/SMT_random_LIA/ex21200_2600_100.smt2,sat,0.5401468276977539
/bofill-scheduling/SMT_random_LIA/ex14100_2600_100.smt2,unsat,0.8059895038604736
/bofill-scheduling/SMT_random_LIA/ex13700_2600_100.smt2,unsat,0.8916573524475098
/bofill-scheduling/SMT_random_LIA/ex12800_2600_100.smt2,unsat,0.243147611618042
/bofill-scheduling/SMT_random_LIA/ex25700_2600_100.smt2,sat,0.5180559158325195
/bofill-scheduling/SMT_random_LIA/ex7500_2600_100.smt2,unsat,0.2502098083496094
/bofill-scheduling/SMT_random_LIA/ex11900_2600_100.smt2,unsat,0.2225968837738037
/bofill-scheduling/SMT_random_LIA/ex25300_2600_100.smt2,sat,0.49335336685180664
/bofill-scheduling/SMT_random_LIA/ex28000_2600_100.smt2,sat,0.4687638282775879
/bofill-scheduling/SMT_random_LIA/ex20400_2600_100.smt2,sat,0.4676482677459717
/bofill-scheduling/SMT_random_LIA/ex21400_2600_100.smt2,sat,0.4856703281402588
/bofill-scheduling/SMT_random_LIA/ex25500_2600_100.smt2,sat,0.7023251056671143
/bofill-scheduling/SMT_random_LIA/ex13400_2600_100.smt2,unsat,1.1963541507720947
/bofill-scheduling/SMT_random_LIA/ex23300_2600_100.smt2,sat,0.804692268371582
/bofill-scheduling/SMT_random_LIA/ex12600_2600_100.smt2,unsat,0.23363757133483887
/bofill-scheduling/SMT_random_LIA/ex22700_2600_100.smt2,sat,0.5969712734222412
/bofill-scheduling/SMT_random_LIA/ex17600_2600_100.smt2,sat,0.6977622509002686
/bofill-scheduling/SMT_random_LIA/ex11500_2600_100.smt2,unsat,0.23169231414794922
/bofill-scheduling/SMT_random_LIA/ex17100_2600_100.smt2,sat,1.0588912963867188
/bofill-scheduling/SMT_random_LIA/ex25200_2600_100.smt2,sat,0.5878608226776123
/bofill-scheduling/SMT_random_LIA/ex8200_2600_100.smt2,unsat,0.20145869255065918
/bofill-scheduling/SMT_random_LIA/ex14600_2600_100.smt2,sat,4.653146982192993
/bofill-scheduling/SMT_random_LIA/ex28600_2600_100.smt2,sat,0.5800437927246094
/bofill-scheduling/SMT_random_LIA/ex21500_2600_100.smt2,sat,0.4857804775238037
/bofill-scheduling/SMT_random_LIA/ex25000_2600_100.smt2,sat,0.485353946685791
/bofill-scheduling/SMT_random_LIA/ex24500_2600_100.smt2,sat,0.57735276222229
/bofill-scheduling/SMT_random_LIA/ex11400_2600_100.smt2,unsat,0.22070670127868652
/bofill-scheduling/SMT_random_LIA/ex14700_2600_100.smt2,sat,3.644474744796753
/bofill-scheduling/SMT_random_LIA/ex14400_2600_100.smt2,unsat,0.7656793594360352
/bofill-scheduling/SMT_random_LIA/ex20700_2600_100.smt2,sat,0.5188829898834229
/bofill-scheduling/SMT_random_LIA/ex18600_2600_100.smt2,sat,0.5005810260772705
/bofill-scheduling/SMT_random_LIA/ex24300_2600_100.smt2,sat,0.6623687744140625
/bofill-scheduling/SMT_random_LIA/ex14200_2600_100.smt2,unsat,0.3769359588623047
/bofill-scheduling/SMT_random_LIA/ex18800_2600_100.smt2,sat,0.5131008625030518
/bofill-scheduling/SMT_random_LIA/ex11300_2600_100.smt2,unsat,0.21013355255126953
/bofill-scheduling/SMT_random_LIA/ex5700_2600_100.smt2,unsat,0.22514915466308594
/bofill-scheduling/SMT_random_LIA/ex29200_2600_100.smt2,sat,0.4697840213775635
/bofill-scheduling/SMT_random_LIA/ex12300_2600_100.smt2,unsat,0.22538375854492188
/bofill-scheduling/SMT_random_LIA/ex15900_2600_100.smt2,sat,2.4585282802581787
/bofill-scheduling/SMT_random_LIA/ex6500_2600_100.smt2,unsat,0.21106815338134766
/bofill-scheduling/SMT_random_LIA/ex28500_2600_100.smt2,sat,0.5005578994750977
/bofill-scheduling/SMT_random_LIA/ex17400_2600_100.smt2,sat,0.6985077857971191
/bofill-scheduling/SMT_random_LIA/ex6200_2600_100.smt2,unsat,0.22416281700134277
/bofill-scheduling/SMT_random_LIA/ex24000_2600_100.smt2,sat,0.5326838493347168
/bofill-scheduling/SMT_random_LIA/ex5800_2600_100.smt2,unsat,0.21095705032348633
/bofill-scheduling/SMT_random_LIA/ex22900_2600_100.smt2,sat,0.6176943778991699
/bofill-scheduling/SMT_random_LIA/ex12000_2600_100.smt2,unsat,0.25295591354370117
/bofill-scheduling/SMT_random_LIA/ex13900_2600_100.smt2,unsat,0.8236942291259766
/bofill-scheduling/SMT_random_LIA/ex8400_2600_100.smt2,unsat,0.23112869262695312
/bofill-scheduling/SMT_random_LIA/ex20800_2600_100.smt2,sat,0.5964436531066895
/bofill-scheduling/SMT_random_LIA/ex11700_2600_100.smt2,unsat,0.22902512550354004
/bofill-scheduling/SMT_random_LIA/ex18900_2600_100.smt2,sat,0.527385950088501
/bofill-scheduling/SMT_random_LIA/ex6700_2600_100.smt2,unsat,0.20507287979125977
/bofill-scheduling/SMT_random_LIA/ex21100_2600_100.smt2,sat,0.6099703311920166
/bofill-scheduling/SMT_random_LIA/ex8900_2600_100.smt2,unsat,0.20766091346740723
/bofill-scheduling/SMT_random_LIA/ex7400_2600_100.smt2,unsat,0.21485066413879395
/bofill-scheduling/SMT_real_LIA/ex9620_2400_100.smt2,sat,0.45702242851257324
/bofill-scheduling/SMT_real_LIA/ex6740_2400_100.smt2,sat,0.3703176975250244
/bofill-scheduling/SMT_real_LIA/ex8840_2400_100.smt2,sat,0.4465205669403076
/bofill-scheduling/SMT_real_LIA/ex8580_2400_100.smt2,sat,0.45215868949890137
/bofill-scheduling/SMT_real_LIA/ex3480_2400_100.smt2,unsat,0.14892292022705078
/bofill-scheduling/SMT_real_LIA/ex4900_2400_100.smt2,unsat,0.3717372417449951
/bofill-scheduling/SMT_real_LIA/ex8400_2400_100.smt2,sat,0.44791507720947266
/bofill-scheduling/SMT_real_LIA/ex3840_2400_100.smt2,unsat,0.15468072891235352
/bofill-scheduling/SMT_real_LIA/ex8420_2400_100.smt2,sat,0.441664457321167
/bofill-scheduling/SMT_real_LIA/ex8120_2400_100.smt2,sat,0.3840034008026123
/bofill-scheduling/SMT_real_LIA/ex6980_2400_100.smt2,sat,0.532935380935669
/bofill-scheduling/SMT_real_LIA/ex9480_2400_100.smt2,sat,0.40113282203674316
/bofill-scheduling/SMT_real_LIA/ex7040_2400_100.smt2,sat,0.48063230514526367
/bofill-scheduling/SMT_real_LIA/ex6860_2400_100.smt2,sat,0.4930603504180908
/bofill-scheduling/SMT_real_LIA/ex9920_2400_100.smt2,sat,0.4237797260284424
/bofill-scheduling/SMT_real_LIA/ex4220_2400_100.smt2,unsat,0.1438307762145996
/bofill-scheduling/SMT_real_LIA/ex2680_2400_100.smt2,unsat,0.18129849433898926
/bofill-scheduling/SMT_real_LIA/ex8380_2400_100.smt2,sat,0.4617609977722168
/bofill-scheduling/SMT_real_LIA/ex7240_2400_100.smt2,sat,0.5091652870178223
/bofill-scheduling/SMT_real_LIA/ex7080_2400_100.smt2,sat,0.5737438201904297
/bofill-scheduling/SMT_real_LIA/ex2400_2400_100.smt2,unsat,0.18105196952819824
/bofill-scheduling/SMT_real_LIA/ex4060_2400_100.smt2,unsat,0.15948724746704102
/bofill-scheduling/SMT_real_LIA/ex3100_2400_100.smt2,unsat,0.15845990180969238
/bofill-scheduling/SMT_real_LIA/ex6840_2400_100.smt2,sat,0.4081897735595703
/bofill-scheduling/SMT_real_LIA/ex3080_2400_100.smt2,unsat,0.1612105369567871
/bofill-scheduling/SMT_real_LIA/ex8460_2400_100.smt2,sat,0.38672471046447754
/bofill-scheduling/SMT_real_LIA/ex6440_2400_100.smt2,sat,0.608574390411377
/bofill-scheduling/SMT_real_LIA/ex4020_2400_100.smt2,unsat,0.17175722122192383
/bofill-scheduling/SMT_real_LIA/ex2580_2400_100.smt2,unsat,0.18222260475158691
/bofill-scheduling/SMT_real_LIA/ex5080_2400_100.smt2,sat,499.637
/bofill-scheduling/SMT_real_LIA/ex5180_2400_100.smt2,sat,49.239
/bofill-scheduling/SMT_real_LIA/ex5560_2400_100.smt2,sat,1.0926458835601807
/bofill-scheduling/SMT_real_LIA/ex6140_2400_100.smt2,sat,0.8114635944366455
/bofill-scheduling/SMT_real_LIA/ex7440_2400_100.smt2,sat,0.40558695793151855
/bofill-scheduling/SMT_real_LIA/ex7940_2400_100.smt2,sat,0.3930015563964844
/bofill-scheduling/SMT_real_LIA/ex9120_2400_100.smt2,sat,0.39859437942504883
/bofill-scheduling/SMT_real_LIA/ex6200_2400_100.smt2,sat,0.7166221141815186
/bofill-scheduling/SMT_real_LIA/ex7700_2400_100.smt2,sat,0.4311339855194092
/bofill-scheduling/SMT_real_LIA/ex4660_2400_100.smt2,unsat,0.1542644500732422
/bofill-scheduling/SMT_real_LIA/ex5920_2400_100.smt2,sat,0.9475021362304688
/bofill-scheduling/SMT_real_LIA/ex2460_2400_100.smt2,unsat,0.18093490600585938
/bofill-scheduling/SMT_real_LIA/ex9540_2400_100.smt2,sat,0.40502214431762695
/bofill-scheduling/SMT_real_LIA/ex7100_2400_100.smt2,sat,0.5433146953582764
/bofill-scheduling/SMT_real_LIA/ex6700_2400_100.smt2,sat,0.5231080055236816
/bofill-scheduling/SMT_real_LIA/ex2480_2400_100.smt2,unsat,0.18725848197937012
/bofill-scheduling/SMT_real_LIA/ex4420_2400_100.smt2,unsat,0.14385151863098145
/bofill-scheduling/SMT_real_LIA/ex5720_2400_100.smt2,sat,1.1189360618591309
/bofill-scheduling/SMT_real_LIA/ex3920_2400_100.smt2,unsat,0.16103768348693848
/bofill-scheduling/SMT_real_LIA/ex9960_2400_100.smt2,sat,0.43250441551208496
/bofill-scheduling/SMT_real_LIA/ex5880_2400_100.smt2,sat,0.6535954475402832
/bofill-scheduling/SMT_real_LIA/ex6360_2400_100.smt2,sat,0.5062246322631836
/bofill-scheduling/SMT_real_LIA/ex5300_2400_100.smt2,sat,10.683396339416504
/bofill-scheduling/SMT_real_LIA/ex3680_2400_100.smt2,unsat,0.14514684677124023
/bofill-scheduling/SMT_real_LIA/ex6300_2400_100.smt2,sat,0.7258865833282471
/bofill-scheduling/SMT_real_LIA/ex4100_2400_100.smt2,unsat,0.1439812183380127
/bofill-scheduling/SMT_real_LIA/ex8920_2400_100.smt2,sat,0.4380614757537842
/bofill-scheduling/SMT_real_LIA/ex8500_2400_100.smt2,sat,0.43842244148254395
/bofill-scheduling/SMT_real_LIA/ex3380_2400_100.smt2,unsat,0.1454155445098877
/bofill-scheduling/SMT_real_LIA/ex9040_2400_100.smt2,sat,0.3792903423309326
/bofill-scheduling/SMT_real_LIA/ex7400_2400_100.smt2,sat,0.36522960662841797
/bofill-scheduling/SMT_real_LIA/ex10000_2400_100.smt2,sat,0.4140055179595947
/bofill-scheduling/SMT_real_LIA/ex3620_2400_100.smt2,unsat,0.14668822288513184
/bofill-scheduling/SMT_real_LIA/ex4480_2400_100.smt2,unsat,0.13213205337524414
/bofill-scheduling/SMT_real_LIA/ex9000_2400_100.smt2,sat,0.3875710964202881
/bofill-scheduling/SMT_real_LIA/ex5380_2400_100.smt2,sat,2.4278314113616943
/bofill-scheduling/SMT_real_LIA/ex7640_2400_100.smt2,sat,0.42529797554016113
/bofill-scheduling/SMT_real_LIA/ex3900_2400_100.smt2,unsat,0.15158963203430176
/bofill-scheduling/SMT_real_LIA/ex2980_2400_100.smt2,unsat,0.2528400421142578
/bofill-scheduling/SMT_real_LIA/ex5700_2400_100.smt2,sat,0.9367630481719971
/bofill-scheduling/SMT_real_LIA/ex9860_2400_100.smt2,sat,0.4009590148925781
/bofill-scheduling/SMT_real_LIA/ex7480_2400_100.smt2,sat,0.4661078453063965
/bofill-scheduling/SMT_real_LIA/ex8640_2400_100.smt2,sat,0.4521770477294922
/bofill-scheduling/SMT_real_LIA/ex8360_2400_100.smt2,sat,0.4403364658355713
/bofill-scheduling/SMT_real_LIA/ex6780_2400_100.smt2,sat,0.3222055435180664
/bofill-scheduling/SMT_real_LIA/ex7660_2400_100.smt2,sat,0.4220876693725586
/bofill-scheduling/SMT_real_LIA/ex7060_2400_100.smt2,sat,0.5395941734313965
/bofill-scheduling/SMT_real_LIA/ex5540_2400_100.smt2,sat,2.2662158012390137
/bofill-scheduling/SMT_real_LIA/ex4460_2400_100.smt2,unsat,0.13419008255004883
/bofill-scheduling/SMT_real_LIA/ex2800_2400_100.smt2,unsat,0.18457722663879395
/bofill-scheduling/SMT_real_LIA/ex7360_2400_100.smt2,sat,0.5117323398590088
/bofill-scheduling/SMT_real_LIA/ex2520_2400_100.smt2,unsat,0.18917346000671387
/bofill-scheduling/SMT_real_LIA/ex2720_2400_100.smt2,unsat,0.18309974670410156
/bofill-scheduling/SMT_real_LIA/ex9200_2400_100.smt2,sat,0.4282398223876953
/bofill-scheduling/SMT_real_LIA/ex3760_2400_100.smt2,unsat,0.14704608917236328
/bofill-scheduling/SMT_real_LIA/ex9020_2400_100.smt2,sat,0.38448047637939453
/bofill-scheduling/SMT_real_LIA/ex3660_2400_100.smt2,unsat,0.1458272933959961
/bofill-scheduling/SMT_real_LIA/ex3640_2400_100.smt2,unsat,0.14663124084472656
/bofill-scheduling/SMT_real_LIA/ex5520_2400_100.smt2,sat,1.069345235824585
/bofill-scheduling/SMT_real_LIA/ex4800_2400_100.smt2,unsat,0.15210175514221191
/bofill-scheduling/SMT_real_LIA/ex4740_2400_100.smt2,unsat,0.1427907943725586
/bofill-scheduling/SMT_real_LIA/ex8560_2400_100.smt2,sat,0.4293043613433838
/bofill-scheduling/SMT_real_LIA/ex6760_2400_100.smt2,sat,0.3654811382293701
/bofill-scheduling/SMT_real_LIA/ex9600_2400_100.smt2,sat,0.4037950038909912
/bofill-scheduling/SMT_real_LIA/ex7020_2400_100.smt2,sat,0.42757391929626465
/bofill-scheduling/SMT_real_LIA/ex8140_2400_100.smt2,sat,0.39971017837524414
/bofill-scheduling/SMT_real_LIA/ex6880_2400_100.smt2,sat,0.48628759384155273
/bofill-scheduling/SMT_real_LIA/ex7980_2400_100.smt2,sat,0.4692070484161377
/bofill-scheduling/SMT_real_LIA/ex4880_2400_100.smt2,unsat,0.24769210815429688
/bofill-scheduling/SMT_real_LIA/ex6220_2400_100.smt2,sat,0.7430140972137451
/bofill-scheduling/SMT_real_LIA/ex5580_2400_100.smt2,sat,1.5172138214111328
/bofill-scheduling/SMT_real_LIA/ex9260_2400_100.smt2,sat,0.37952661514282227
/bofill-scheduling/SMT_real_LIA/ex3560_2400_100.smt2,unsat,0.15836787223815918
/bofill-scheduling/SMT_real_LIA/ex4320_2400_100.smt2,unsat,0.13491606712341309
/bofill-scheduling/SMT_real_LIA/ex9460_2400_100.smt2,sat,0.39517951011657715
/bofill-scheduling/SMT_real_LIA/ex4360_2400_100.smt2,unsat,0.1618516445159912
/bofill-scheduling/SMT_real_LIA/ex7880_2400_100.smt2,sat,0.3872077465057373
/bofill-scheduling/SMT_real_LIA/ex5820_2400_100.smt2,sat,0.7517848014831543
/bofill-scheduling/SMT_real_LIA/ex2380_2400_100.smt2,unsat,0.17715883255004883
/bofill-scheduling/SMT_real_LIA/ex8760_2400_100.smt2,sat,0.3756566047668457
/bofill-scheduling/SMT_real_LIA/ex5760_2400_100.smt2,sat,1.1874709129333496
/bofill-scheduling/SMT_real_LIA/ex4040_2400_100.smt2,unsat,0.14149808883666992
/bofill-scheduling/SMT_real_LIA/ex8100_2400_100.smt2,sat,0.464491605758667
/bofill-scheduling/SMT_real_LIA/ex8860_2400_100.smt2,sat,0.43355536460876465
/bofill-scheduling/SMT_real_LIA/ex9560_2400_100.smt2,sat,0.4068474769592285
/bofill-scheduling/SMT_real_LIA/ex3460_2400_100.smt2,unsat,0.15875720977783203
/bofill-scheduling/SMT_real_LIA/ex9060_2400_100.smt2,sat,0.37314653396606445
/bofill-scheduling/SMT_real_LIA/ex5900_2400_100.smt2,sat,0.807610273361206
/bofill-scheduling/SMT_real_LIA/ex6720_2400_100.smt2,sat,0.5747401714324951
/bofill-scheduling/SMT_real_LIA/ex6620_2400_100.smt2,sat,0.6637752056121826
/bofill-scheduling/SMT_real_LIA/ex9440_2400_100.smt2,sat,0.3880894184112549
/bofill-scheduling/SMT_real_LIA/ex4080_2400_100.smt2,unsat,0.1773674488067627
/bofill-scheduling/SMT_real_LIA/ex9380_2400_100.smt2,sat,0.36548876762390137
/bofill-scheduling/SMT_real_LIA/ex8220_2400_100.smt2,sat,0.41402220726013184
/bofill-scheduling/SMT_real_LIA/ex3780_2400_100.smt2,unsat,0.14937424659729004
/bofill-scheduling/SMT_real_LIA/ex9400_2400_100.smt2,sat,0.4935157299041748
/bofill-scheduling/SMT_real_LIA/ex8520_2400_100.smt2,sat,0.3856329917907715
/bofill-scheduling/SMT_real_LIA/ex9940_2400_100.smt2,sat,0.4437685012817383
/bofill-scheduling/SMT_real_LIA/ex9320_2400_100.smt2,sat,0.3769338130950928
/bofill-scheduling/SMT_real_LIA/ex9300_2400_100.smt2,sat,0.3890078067779541
/bofill-scheduling/SMT_real_LIA/ex5100_2400_100.smt2,sat,15.657696723937988
/bofill-scheduling/SMT_real_LIA/ex5020_2400_100.smt2,sat,1017.125
/bofill-scheduling/SMT_real_LIA/ex5780_2400_100.smt2,sat,0.867978572845459
/bofill-scheduling/SMT_real_LIA/ex2880_2400_100.smt2,unsat,0.1763448715209961
/bofill-scheduling/SMT_real_LIA/ex4700_2400_100.smt2,unsat,0.14267754554748535
/bofill-scheduling/SMT_real_LIA/ex3240_2400_100.smt2,unsat,0.1540694236755371
/bofill-scheduling/SMT_real_LIA/ex4920_2400_100.smt2,unsat,0.39377713203430176
/bofill-scheduling/SMT_real_LIA/ex3500_2400_100.smt2,unsat,0.1519176959991455
/bofill-scheduling/SMT_real_LIA/ex2820_2400_100.smt2,unsat,0.17329096794128418
/bofill-scheduling/SMT_real_LIA/ex3260_2400_100.smt2,unsat,0.15420269966125488
/bofill-scheduling/SMT_real_LIA/ex6260_2400_100.smt2,sat,0.6291327476501465
/bofill-scheduling/SMT_real_LIA/ex5860_2400_100.smt2,sat,0.73872971534729
/bofill-scheduling/SMT_real_LIA/ex4560_2400_100.smt2,unsat,0.13815069198608398
/bofill-scheduling/SMT_real_LIA/ex8780_2400_100.smt2,sat,0.42101478576660156
/bofill-scheduling/SMT_real_LIA/ex3060_2400_100.smt2,unsat,0.16408872604370117
/bofill-scheduling/SMT_real_LIA/ex6660_2400_100.smt2,sat,0.5644762516021729
/bofill-scheduling/SMT_real_LIA/ex4960_2400_100.smt2,unsat,0.4177713394165039
/bofill-scheduling/SMT_real_LIA/ex6800_2400_100.smt2,sat,0.31432080268859863
/bofill-scheduling/SMT_real_LIA/ex7560_2400_100.smt2,sat,0.39115309715270996
/bofill-scheduling/SMT_real_LIA/ex4940_2400_100.smt2,unsat,0.3971130847930908
/bofill-scheduling/SMT_real_LIA/ex7260_2400_100.smt2,sat,0.48329830169677734
/bofill-scheduling/SMT_real_LIA/ex6160_2400_100.smt2,sat,0.8286359310150146
/bofill-scheduling/SMT_real_LIA/ex3980_2400_100.smt2,unsat,0.14887595176696777
/bofill-scheduling/SMT_real_LIA/ex6820_2400_100.smt2,sat,0.3187568187713623
/bofill-scheduling/SMT_real_LIA/ex8680_2400_100.smt2,sat,0.4363250732421875
/bofill-scheduling/SMT_real_LIA/ex5360_2400_100.smt2,sat,1.8734338283538818
/bofill-scheduling/SMT_real_LIA/ex8600_2400_100.smt2,sat,0.40601634979248047
/bofill-scheduling/SMT_real_LIA/ex7780_2400_100.smt2,sat,0.39652371406555176
/bofill-scheduling/SMT_real_LIA/ex3020_2400_100.smt2,unsat,0.15236568450927734
/bofill-scheduling/SMT_real_LIA/ex4400_2400_100.smt2,unsat,0.15181374549865723
/bofill-scheduling/SMT_real_LIA/ex6380_2400_100.smt2,sat,0.5759642124176025
/bofill-scheduling/SMT_real_LIA/ex7140_2400_100.smt2,sat,0.5607168674468994
/bofill-scheduling/SMT_real_LIA/ex3340_2400_100.smt2,unsat,0.16263198852539062
/bofill-scheduling/SMT_real_LIA/ex2700_2400_100.smt2,unsat,0.18985223770141602
/bofill-scheduling/SMT_real_LIA/ex8720_2400_100.smt2,sat,0.45402002334594727
/bofill-scheduling/SMT_real_LIA/ex9800_2400_100.smt2,sat,0.4920048713684082
/bofill-scheduling/SMT_real_LIA/ex2640_2400_100.smt2,unsat,0.17393708229064941
/bofill-scheduling/SMT_real_LIA/ex6480_2400_100.smt2,sat,0.51277756690979
/bofill-scheduling/SMT_real_LIA/ex3700_2400_100.smt2,unsat,0.14166879653930664
/bofill-scheduling/SMT_real_LIA/ex6520_2400_100.smt2,sat,0.4504857063293457
/bofill-scheduling/SMT_real_LIA/ex7760_2400_100.smt2,sat,0.4083850383758545
/bofill-scheduling/SMT_real_LIA/ex8000_2400_100.smt2,sat,0.47989964485168457
/bofill-scheduling/SMT_real_LIA/ex8340_2400_100.smt2,sat,0.4274930953979492
/bofill-scheduling/SMT_real_LIA/ex4540_2400_100.smt2,unsat,0.14283370971679688
/bofill-scheduling/SMT_real_LIA/ex5500_2400_100.smt2,sat,1.8207590579986572
/bofill-scheduling/SMT_real_LIA/ex5480_2400_100.smt2,sat,10.346
/bofill-scheduling/SMT_real_LIA/ex4240_2400_100.smt2,unsat,0.13825130462646484
/bofill-scheduling/SMT_real_LIA/ex7840_2400_100.smt2,sat,0.40325927734375
/bofill-scheduling/SMT_real_LIA/ex2440_2400_100.smt2,unsat,0.19798779487609863
/bofill-scheduling/SMT_real_LIA/ex4680_2400_100.smt2,unsat,0.15897893905639648
/bofill-scheduling/SMT_real_LIA/ex3360_2400_100.smt2,unsat,0.16447019577026367
/bofill-scheduling/SMT_real_LIA/ex2540_2400_100.smt2,unsat,0.18711042404174805
/bofill-scheduling/SMT_real_LIA/ex2660_2400_100.smt2,unsat,0.1954638957977295
/bofill-scheduling/SMT_real_LIA/ex9980_2400_100.smt2,sat,0.43129611015319824
/bofill-scheduling/SMT_real_LIA/ex9740_2400_100.smt2,sat,0.5103640556335449
/bofill-scheduling/SMT_real_LIA/ex5980_2400_100.smt2,sat,0.9197554588317871
/bofill-scheduling/SMT_real_LIA/ex9160_2400_100.smt2,sat,0.4310932159423828
/bofill-scheduling/SMT_real_LIA/ex5680_2400_100.smt2,sat,1.2523245811462402
/bofill-scheduling/SMT_real_LIA/ex5440_2400_100.smt2,sat,2.0907211303710938
/bofill-scheduling/SMT_real_LIA/ex6240_2400_100.smt2,sat,0.809293270111084
/bofill-scheduling/SMT_real_LIA/ex9680_2400_100.smt2,sat,0.39749646186828613
/bofill-scheduling/SMT_real_LIA/ex4760_2400_100.smt2,unsat,0.1378340721130371
/bofill-scheduling/SMT_real_LIA/ex5160_2400_100.smt2,sat,11.764998197555542
/bofill-scheduling/SMT_real_LIA/ex7720_2400_100.smt2,sat,0.4156832695007324
/bofill-scheduling/SMT_real_LIA/ex7300_2400_100.smt2,sat,0.48197221755981445
/bofill-scheduling/SMT_real_LIA/ex6420_2400_100.smt2,sat,0.49564337730407715
/bofill-scheduling/SMT_real_LIA/ex5940_2400_100.smt2,sat,0.6497220993041992
/bofill-scheduling/SMT_real_LIA/ex9340_2400_100.smt2,sat,0.391664981842041
/bofill-scheduling/SMT_real_LIA/ex3000_2400_100.smt2,unsat,0.26709914207458496
/bofill-scheduling/SMT_real_LIA/ex5840_2400_100.smt2,sat,1.0337605476379395
/bofill-scheduling/SMT_real_LIA/ex4520_2400_100.smt2,unsat,0.14113235473632812
/bofill-scheduling/SMT_real_LIA/ex9180_2400_100.smt2,sat,0.4269378185272217
/bofill-scheduling/SMT_real_LIA/ex4300_2400_100.smt2,unsat,0.14236736297607422
/bofill-scheduling/SMT_real_LIA/ex9500_2400_100.smt2,sat,0.39502835273742676
/bofill-scheduling/SMT_real_LIA/ex8440_2400_100.smt2,sat,0.4033825397491455
/bofill-scheduling/SMT_real_LIA/ex6500_2400_100.smt2,sat,0.5016019344329834
/bofill-scheduling/SMT_real_LIA/ex8240_2400_100.smt2,sat,0.4316675662994385
/bofill-scheduling/SMT_real_LIA/ex3800_2400_100.smt2,unsat,0.13574433326721191
/bofill-scheduling/SMT_real_LIA/ex7280_2400_100.smt2,sat,0.48729729652404785
/bofill-scheduling/SMT_real_LIA/ex2280_2400_100.smt2,unsat,0.2096853256225586
/bofill-scheduling/SMT_real_LIA/ex8740_2400_100.smt2,sat,0.4454474449157715
/bofill-scheduling/SMT_real_LIA/ex6100_2400_100.smt2,sat,0.7135210037231445
/bofill-scheduling/SMT_real_LIA/ex8540_2400_100.smt2,sat,0.42080044746398926
/bofill-scheduling/SMT_real_LIA/ex8820_2400_100.smt2,sat,0.3730175495147705
/bofill-scheduling/SMT_real_LIA/ex3940_2400_100.smt2,unsat,0.14677810668945312
/bofill-scheduling/SMT_real_LIA/ex4640_2400_100.smt2,unsat,0.14940261840820312
/bofill-scheduling/SMT_real_LIA/ex3120_2400_100.smt2,unsat,0.15866589546203613
/bofill-scheduling/SMT_real_LIA/ex6000_2400_100.smt2,sat,0.831230878829956
/bofill-scheduling/SMT_real_LIA/ex6120_2400_100.smt2,sat,0.799572229385376
/bofill-scheduling/SMT_real_LIA/ex7380_2400_100.smt2,sat,0.506481409072876
/bofill-scheduling/SMT_real_LIA/ex5400_2400_100.smt2,sat,2.3460586071014404
/bofill-scheduling/SMT_real_LIA/ex2780_2400_100.smt2,unsat,0.19202852249145508
/bofill-scheduling/SMT_real_LIA/ex4440_2400_100.smt2,unsat,0.1452171802520752
/bofill-scheduling/SMT_real_LIA/ex6580_2400_100.smt2,sat,0.5215733051300049
/bofill-scheduling/SMT_real_LIA/ex2060_2400_100.smt2,unsat,0.06333684921264648
/bofill-scheduling/SMT_real_LIA/ex6560_2400_100.smt2,sat,0.4996464252471924
/bofill-scheduling/SMT_real_LIA/ex7340_2400_100.smt2,sat,0.49963903427124023
/bofill-scheduling/SMT_real_LIA/ex5040_2400_100.smt2,sat,98.32499122619629
/bofill-scheduling/SMT_real_LIA/ex8940_2400_100.smt2,sat,0.4638025760650635
/bofill-scheduling/SMT_real_LIA/ex6020_2400_100.smt2,sat,0.7463555335998535
/bofill-scheduling/SMT_real_LIA/ex6900_2400_100.smt2,sat,0.3867952823638916
/bofill-scheduling/SMT_real_LIA/ex3540_2400_100.smt2,unsat,0.14698457717895508
/bofill-scheduling/SMT_real_LIA/ex8900_2400_100.smt2,sat,0.4148213863372803
/bofill-scheduling/SMT_real_LIA/ex9080_2400_100.smt2,sat,0.3828725814819336
/bofill-scheduling/SMT_real_LIA/ex7540_2400_100.smt2,sat,0.4010632038116455
/bofill-scheduling/SMT_real_LIA/ex9720_2400_100.smt2,sat,0.38564467430114746
/bofill-scheduling/SMT_real_LIA/ex5660_2400_100.smt2,sat,0.8844647407531738
/bofill-scheduling/SMT_real_LIA/ex7420_2400_100.smt2,sat,0.4741489887237549
/bofill-scheduling/SMT_real_LIA/ex2560_2400_100.smt2,unsat,0.1759037971496582
/bofill-scheduling/SMT_real_LIA/ex8480_2400_100.smt2,sat,0.4413435459136963
/bofill-scheduling/SMT_real_LIA/ex8160_2400_100.smt2,sat,0.40594911575317383
/bofill-scheduling/SMT_real_LIA/ex5600_2400_100.smt2,sat,1.0702946186065674
/bofill-scheduling/SMT_real_LIA/ex9660_2400_100.smt2,sat,0.5130789279937744
/bofill-scheduling/SMT_real_LIA/ex6060_2400_100.smt2,sat,0.671947717666626
/bofill-scheduling/SMT_real_LIA/ex2960_2400_100.smt2,unsat,0.24787259101867676
/bofill-scheduling/SMT_real_LIA/ex7580_2400_100.smt2,sat,0.40172791481018066
/bofill-scheduling/SMT_real_LIA/ex5460_2400_100.smt2,sat,12.238
/bofill-scheduling/SMT_real_LIA/ex5200_2400_100.smt2,sat,11.339504957199097
/bofill-scheduling/SMT_real_LIA/ex8960_2400_100.smt2,sat,0.45229530334472656
/bofill-scheduling/SMT_real_LIA/ex3200_2400_100.smt2,unsat,0.15528297424316406
/bofill-scheduling/SMT_real_LIA/ex3820_2400_100.smt2,unsat,0.14514589309692383
/bofill-scheduling/SMT_real_LIA/ex2360_2400_100.smt2,unsat,0.182969331741333
/bofill-scheduling/SMT_real_LIA/ex2620_2400_100.smt2,unsat,0.18285584449768066
/bofill-scheduling/SMT_real_LIA/ex4180_2400_100.smt2,unsat,0.15171051025390625
/bofill-scheduling/SMT_real_LIA/ex4620_2400_100.smt2,unsat,0.14538216590881348
/bofill-scheduling/SMT_real_LIA/ex4000_2400_100.smt2,unsat,0.14421582221984863
/bofill-scheduling/SMT_real_LIA/ex9100_2400_100.smt2,sat,0.37522363662719727
/bofill-scheduling/SMT_real_LIA/ex5620_2400_100.smt2,sat,1.0773742198944092
/bofill-scheduling/SMT_real_LIA/ex3960_2400_100.smt2,unsat,0.15867185592651367
/bofill-scheduling/SMT_real_LIA/ex7740_2400_100.smt2,sat,0.4136834144592285
/bofill-scheduling/SMT_real_LIA/ex5420_2400_100.smt2,sat,1.855792760848999
/bofill-scheduling/SMT_real_LIA/ex4980_2400_100.smt2,unsat,1.0770840644836426
/bofill-scheduling/SMT_real_LIA/ex2740_2400_100.smt2,unsat,0.1749734878540039
/bofill-scheduling/SMT_real_LIA/ex9140_2400_100.smt2,sat,0.3648254871368408
/bofill-scheduling/SMT_real_LIA/ex3880_2400_100.smt2,unsat,0.15316462516784668
/bofill-scheduling/SMT_real_LIA/ex4260_2400_100.smt2,unsat,0.15169501304626465
/bofill-scheduling/SMT_real_LIA/ex2940_2400_100.smt2,unsat,0.24838519096374512
/bofill-scheduling/SMT_real_LIA/ex6080_2400_100.smt2,sat,0.8237347602844238
/bofill-scheduling/SMT_real_LIA/ex4860_2400_100.smt2,unsat,0.1492316722869873
/bofill-scheduling/SMT_real_LIA/ex5220_2400_100.smt2,sat,14.787000894546509
/bofill-scheduling/SMT_real_LIA/ex3720_2400_100.smt2,unsat,0.1624765396118164
/bofill-scheduling/SMT_real_LIA/ex9360_2400_100.smt2,sat,0.41909074783325195
/bofill-scheduling/SMT_real_LIA/ex4160_2400_100.smt2,unsat,0.14417243003845215
/bofill-scheduling/SMT_real_LIA/ex7920_2400_100.smt2,sat,0.4367380142211914
/bofill-scheduling/SMT_real_LIA/ex2260_2400_100.smt2,unsat,0.21110129356384277
/bofill-scheduling/SMT_real_LIA/ex5140_2400_100.smt2,sat,254.889
/bofill-scheduling/SMT_real_LIA/ex3740_2400_100.smt2,unsat,0.15942120552062988
/bofill-scheduling/SMT_real_LIA/ex8660_2400_100.smt2,sat,0.4231882095336914
/bofill-scheduling/SMT_real_LIA/ex2120_2400_100.smt2,unsat,0.08179068565368652
/bofill-scheduling/SMT_real_LIA/ex2420_2400_100.smt2,unsat,0.18114185333251953
/bofill-scheduling/SMT_real_LIA/ex9520_2400_100.smt2,sat,0.3842172622680664
/bofill-scheduling/SMT_real_LIA/ex2200_2400_100.smt2,unsat,0.26816797256469727
/bofill-scheduling/SMT_real_LIA/ex9580_2400_100.smt2,sat,0.4046053886413574
/bofill-scheduling/SMT_real_LIA/ex7520_2400_100.smt2,sat,0.5149359703063965
/bofill-scheduling/SMT_real_LIA/ex8200_2400_100.smt2,sat,0.46808433532714844
/bofill-scheduling/SMT_real_LIA/ex6540_2400_100.smt2,sat,0.40946269035339355
/bofill-scheduling/SMT_real_LIA/ex2160_2400_100.smt2,unsat,0.06271004676818848
/bofill-scheduling/SMT_real_LIA/ex3180_2400_100.smt2,unsat,0.15083765983581543
/bofill-scheduling/SMT_real_LIA/ex2220_2400_100.smt2,unsat,0.17106366157531738
/bofill-scheduling/SMT_real_LIA/ex9420_2400_100.smt2,sat,0.3795809745788574
/bofill-scheduling/SMT_real_LIA/ex3040_2400_100.smt2,unsat,0.1602342128753662
/bofill-scheduling/SMT_real_LIA/ex7160_2400_100.smt2,sat,0.4754500389099121
/bofill-scheduling/SMT_real_LIA/ex2100_2400_100.smt2,unsat,0.07563376426696777
/bofill-scheduling/SMT_real_LIA/ex3600_2400_100.smt2,unsat,0.14708542823791504
/bofill-scheduling/SMT_real_LIA/ex6960_2400_100.smt2,sat,0.5703709125518799
/bofill-scheduling/SMT_real_LIA/ex9760_2400_100.smt2,sat,0.43628716468811035
/bofill-scheduling/SMT_real_LIA/ex7680_2400_100.smt2,sat,0.45265722274780273
/bofill-scheduling/SMT_real_LIA/ex5260_2400_100.smt2,sat,21.718
/bofill-scheduling/SMT_real_LIA/ex4340_2400_100.smt2,unsat,0.15640807151794434
/bofill-scheduling/SMT_real_LIA/ex8700_2400_100.smt2,sat,0.37317824363708496
/bofill-scheduling/SMT_real_LIA/ex2300_2400_100.smt2,unsat,0.18273067474365234
/bofill-scheduling/SMT_real_LIA/ex2840_2400_100.smt2,unsat,0.17754650115966797
/bofill-scheduling/SMT_real_LIA/ex2040_2400_100.smt2,unsat,0.05816912651062012
/bofill-scheduling/SMT_real_LIA/ex5340_2400_100.smt2,sat,28.452
/bofill-scheduling/SMT_real_LIA/ex9840_2400_100.smt2,sat,0.42014408111572266
/bofill-scheduling/SMT_real_LIA/ex9280_2400_100.smt2,sat,0.4621853828430176
/bofill-scheduling/SMT_real_LIA/ex2180_2400_100.smt2,unsat,0.06786489486694336
/bofill-scheduling/SMT_real_LIA/ex3860_2400_100.smt2,unsat,0.15442657470703125
/bofill-scheduling/SMT_real_LIA/ex6040_2400_100.smt2,sat,0.7814829349517822
/bofill-scheduling/SMT_real_LIA/ex7500_2400_100.smt2,sat,0.43994593620300293
/bofill-scheduling/SMT_real_LIA/ex9220_2400_100.smt2,sat,0.3890101909637451
/bofill-scheduling/SMT_real_LIA/ex9240_2400_100.smt2,sat,0.4054129123687744
/bofill-scheduling/SMT_real_LIA/ex3320_2400_100.smt2,unsat,0.1495683193206787
/bofill-scheduling/SMT_real_LIA/ex7220_2400_100.smt2,sat,0.415510892868042
/bofill-scheduling/SMT_real_LIA/ex2920_2400_100.smt2,unsat,0.25167155265808105
/bofill-scheduling/SMT_real_LIA/ex6600_2400_100.smt2,sat,0.7418749332427979
/bofill-scheduling/SMT_real_LIA/ex7820_2400_100.smt2,sat,0.3854703903198242
/bofill-scheduling/SMT_real_LIA/ex9880_2400_100.smt2,sat,0.40647196769714355
/bofill-scheduling/SMT_real_LIA/ex3520_2400_100.smt2,unsat,0.1459059715270996
/bofill-scheduling/SMT_real_LIA/ex7800_2400_100.smt2,sat,0.40995311737060547
/bofill-scheduling/SMT_real_LIA/ex2140_2400_100.smt2,unsat,0.05726265907287598
/bofill-scheduling/SMT_real_LIA/ex5960_2400_100.smt2,sat,0.8185968399047852
/bofill-scheduling/SMT_real_LIA/ex7860_2400_100.smt2,sat,0.41790342330932617
/bofill-scheduling/SMT_real_LIA/ex8280_2400_100.smt2,sat,0.4017148017883301
/bofill-scheduling/SMT_real_LIA/ex6920_2400_100.smt2,sat,0.47118306159973145
/bofill-scheduling/SMT_real_LIA/ex5740_2400_100.smt2,sat,1.5325889587402344
/bofill-scheduling/SMT_real_LIA/ex6280_2400_100.smt2,sat,0.7677407264709473
/bofill-scheduling/SMT_real_LIA/ex6400_2400_100.smt2,sat,0.6180148124694824
/bofill-scheduling/SMT_real_LIA/ex6460_2400_100.smt2,sat,0.6394829750061035
/bofill-scheduling/SMT_real_LIA/ex7620_2400_100.smt2,sat,0.4545872211456299
/bofill-scheduling/SMT_real_LIA/ex7320_2400_100.smt2,sat,0.511512279510498
/bofill-scheduling/SMT_real_LIA/ex8620_2400_100.smt2,sat,0.4413435459136963
/bofill-scheduling/SMT_real_LIA/ex7180_2400_100.smt2,sat,0.4411630630493164
/bofill-scheduling/SMT_real_LIA/ex8980_2400_100.smt2,sat,0.43047046661376953
/bofill-scheduling/SMT_real_LIA/ex7900_2400_100.smt2,sat,0.4066963195800781
/bofill-scheduling/SMT_real_LIA/ex8080_2400_100.smt2,sat,0.40224742889404297
/bofill-scheduling/SMT_real_LIA/ex5060_2400_100.smt2,sat,47.693864822387695
/bofill-scheduling/SMT_real_LIA/ex4780_2400_100.smt2,unsat,0.13767051696777344
/bofill-scheduling/SMT_real_LIA/ex4280_2400_100.smt2,unsat,0.14157772064208984
/bofill-scheduling/SMT_real_LIA/ex4140_2400_100.smt2,unsat,0.15394330024719238
/bofill-scheduling/SMT_real_LIA/ex2000_2400_100.smt2,unsat,0.05446028709411621
/bofill-scheduling/SMT_real_LIA/ex8040_2400_100.smt2,sat,0.40136098861694336
/bofill-scheduling/SMT_real_LIA/ex2320_2400_100.smt2,unsat,0.1777348518371582
/bofill-scheduling/SMT_real_LIA/ex2860_2400_100.smt2,unsat,0.18039917945861816
/bofill-scheduling/SMT_real_LIA/ex8180_2400_100.smt2,sat,0.4145956039428711
/bofill-scheduling/SMT_real_LIA/ex3300_2400_100.smt2,unsat,0.16701555252075195
/bofill-scheduling/SMT_real_LIA/ex2760_2400_100.smt2,unsat,0.17593050003051758
/bofill-scheduling/SMT_real_LIA/ex3420_2400_100.smt2,unsat,0.14952993392944336
/bofill-scheduling/SMT_real_LIA/ex4580_2400_100.smt2,unsat,0.15653586387634277
/bofill-scheduling/SMT_real_LIA/ex7200_2400_100.smt2,sat,0.4802281856536865
/bofill-scheduling/SMT_real_LIA/ex5120_2400_100.smt2,sat,32.5416841506958
/bofill-scheduling/SMT_real_LIA/ex8800_2400_100.smt2,sat,0.36455726623535156
/bofill-scheduling/SMT_real_LIA/ex2500_2400_100.smt2,unsat,0.17567086219787598
/bofill-scheduling/SMT_real_LIA/ex3400_2400_100.smt2,unsat,0.14061212539672852
/bofill-scheduling/SMT_real_LIA/ex3140_2400_100.smt2,unsat,0.15715789794921875
/bofill-scheduling/SMT_real_LIA/ex8260_2400_100.smt2,sat,0.4015498161315918
/bofill-scheduling/SMT_real_LIA/ex5640_2400_100.smt2,sat,1.4986851215362549
/bofill-scheduling/SMT_real_LIA/ex4500_2400_100.smt2,unsat,0.13736844062805176
/bofill-scheduling/SMT_real_LIA/ex3220_2400_100.smt2,unsat,0.15944647789001465
/bofill-scheduling/SMT_real_LIA/ex5240_2400_100.smt2,sat,11.048812866210938
/bofill-scheduling/SMT_real_LIA/ex8060_2400_100.smt2,sat,0.3932325839996338
/bofill-scheduling/SMT_real_LIA/ex8320_2400_100.smt2,sat,0.39145851135253906
/bofill-scheduling/SMT_real_LIA/ex6320_2400_100.smt2,sat,0.5826115608215332
/bofill-scheduling/SMT_real_LIA/ex8020_2400_100.smt2,sat,0.46721506118774414
/bofill-scheduling/SMT_real_LIA/ex4380_2400_100.smt2,unsat,0.14184832572937012
/bofill-scheduling/SMT_real_LIA/ex3440_2400_100.smt2,unsat,0.15714454650878906
/bofill-scheduling/SMT_real_LIA/ex5000_2400_100.smt2,sat,28.776646375656128
/bofill-scheduling/SMT_real_LIA/ex2900_2400_100.smt2,unsat,0.15101218223571777
/bofill-scheduling/SMT_real_LIA/ex5800_2400_100.smt2,sat,1.065767526626587
/bofill-scheduling/SMT_real_LIA/ex7460_2400_100.smt2,sat,0.48756957054138184
/bofill-scheduling/SMT_real_LIA/ex6340_2400_100.smt2,sat,0.5524566173553467
/bofill-scheduling/SMT_real_LIA/ex7600_2400_100.smt2,sat,0.4334084987640381
/bofill-scheduling/SMT_real_LIA/ex4720_2400_100.smt2,unsat,0.16088485717773438
/bofill-scheduling/SMT_real_LIA/ex9820_2400_100.smt2,sat,0.3967602252960205
/bofill-scheduling/SMT_real_LIA/ex9640_2400_100.smt2,sat,0.4353349208831787
/bofill-scheduling/SMT_real_LIA/ex7120_2400_100.smt2,sat,0.5795693397521973
/bofill-scheduling/SMT_real_LIA/ex3580_2400_100.smt2,unsat,0.14361214637756348
/bofill-scheduling/SMT_real_LIA/ex3160_2400_100.smt2,unsat,0.1745467185974121
/bofill-scheduling/SMT_real_LIA/ex2080_2400_100.smt2,unsat,0.06160306930541992
/bofill-scheduling/SMT_real_LIA/ex2020_2400_100.smt2,unsat,0.06894803047180176
/bofill-scheduling/SMT_real_LIA/ex8880_2400_100.smt2,sat,0.3951132297515869
/bofill-scheduling/SMT_real_LIA/ex7000_2400_100.smt2,sat,0.4866657257080078
/bofill-scheduling/SMT_real_LIA/ex6940_2400_100.smt2,sat,0.4625988006591797
/bofill-scheduling/SMT_real_LIA/ex3280_2400_100.smt2,unsat,0.15447616577148438
/bofill-scheduling/SMT_real_LIA/ex2340_2400_100.smt2,unsat,0.17710161209106445
/bofill-scheduling/SMT_real_LIA/ex9780_2400_100.smt2,sat,0.40615296363830566
/bofill-scheduling/SMT_real_LIA/ex2600_2400_100.smt2,unsat,0.16875147819519043
/bofill-scheduling/SMT_real_LIA/ex9700_2400_100.smt2,sat,0.3962407112121582
/bofill-scheduling/SMT_real_LIA/ex8300_2400_100.smt2,sat,0.40063905715942383
/bofill-scheduling/SMT_real_LIA/ex7960_2400_100.smt2,sat,0.4657561779022217
/bofill-scheduling/SMT_real_LIA/ex4600_2400_100.smt2,unsat,0.1468663215637207
/bofill-scheduling/SMT_real_LIA/ex4120_2400_100.smt2,unsat,0.15858793258666992
/bofill-scheduling/SMT_real_LIA/ex4820_2400_100.smt2,unsat,0.14479446411132812
/bofill-scheduling/SMT_real_LIA/ex5280_2400_100.smt2,sat,18.996
/bofill-scheduling/SMT_real_LIA/ex2240_2400_100.smt2,unsat,0.16646742820739746
/bofill-scheduling/SMT_real_LIA/ex9900_2400_100.smt2,sat,0.4227912425994873
/bofill-scheduling/SMT_real_LIA/ex6680_2400_100.smt2,sat,0.5287380218505859
/bofill-scheduling/SMT_real_LIA/ex4840_2400_100.smt2,unsat,0.13214588165283203
/bofill-scheduling/SMT_real_LIA/ex5320_2400_100.smt2,sat,10.563841581344604
/bofill-scheduling/SMT_real_LIA/ex4200_2400_100.smt2,unsat,0.14032292366027832
/bofill-scheduling/SMT_real_LIA/ex6640_2400_100.smt2,sat,0.5421609878540039
/bofill-scheduling/SMT_real_LIA/ex6180_2400_100.smt2,sat,0.756629467010498
