/wisa/wisa2.smt2,unsat,0.03959250450134277
/wisa/wisa4.smt2,sat,0.04899764060974121
/wisa/wisa1.smt2,sat,0.043410539627075195
/wisa/wisa3.smt2,sat,0.05987739562988281
/wisa/wisa5.smt2,unsat,0.3699986934661865
/tropical-matrix/constraint-704423.smt2,sat,1.8817741870880127
/tropical-matrix/constraint-1361831.smt2,sat,15.002875328063965
/tropical-matrix/constraint-705295.smt2,sat,3.1334311962127686
/tropical-matrix/constraint-729964.smt2,sat,22.982346534729004
/tropical-matrix/constraint-651478.smt2,sat,2.256495475769043
/tropical-matrix/constraint-247831.smt2,sat,31.454729318618774
/tropical-matrix/constraint-526870.smt2,sat,1.8983442783355713
/tropical-matrix/constraint-495763.smt2,sat,2.0746524333953857
/tropical-matrix/constraint-1265513.smt2,sat,11.476407289505005
/tropical-matrix/constraint-1192684.smt2,sat,0.5128302574157715
/tropical-matrix/constraint-649834.smt2,sat,45.54660439491272
/tropical-matrix/constraint-496502.smt2,sat,0.8909342288970947
/tropical-matrix/constraint-794687.smt2,sat,2.5580410957336426
/tropical-matrix/constraint-497601.smt2,sat,1.6439692974090576
/tropical-matrix/constraint-1495125.smt2,sat,23.936153888702393
/tropical-matrix/constraint-369883.smt2,sat,165.16516995429993
/tropical-matrix/constraint-861420.smt2,sat,31.27319645881653
/tropical-matrix/constraint-1206577.smt2,sat,13.053907632827759
/tropical-matrix/constraint-255468.smt2,sat,3.9482052326202393
/tropical-matrix/constraint-579281.smt2,sat,28.083014726638794
/tropical-matrix/constraint-321761.smt2,sat,9.053234100341797
/tropical-matrix/constraint-505409.smt2,sat,4.117981910705566
/tropical-matrix/constraint-373262.smt2,sat,313.3785173892975
/tropical-matrix/constraint-2783581.smt2,sat,222.94406127929688
/tropical-matrix/constraint-479884.smt2,sat,15.780821084976196
/tropical-matrix/constraint-413904.smt2,sat,1.8445744514465332
/tropical-matrix/constraint-703279.smt2,sat,1.5629103183746338
/tropical-matrix/constraint-1333327.smt2,sat,4.254098176956177
/tropical-matrix/constraint-2121292.smt2,sat,17.900777578353882
/tropical-matrix/constraint-496324.smt2,sat,162.25623631477356
/tropical-matrix/constraint-329386.smt2,sat,1.8443901538848877
/tropical-matrix/constraint-917322.smt2,sat,3.652369976043701
/tropical-matrix/constraint-2085483.smt2,sat,19.24485754966736
/tropical-matrix/constraint-221609.smt2,sat,150.78618216514587
/tropical-matrix/constraint-916807.smt2,sat,0.37963128089904785
/tropical-matrix/constraint-523123.smt2,sat,0.4156327247619629
/tropical-matrix/constraint-3956027.smt2,sat,280.0596945285797
/tropical-matrix/constraint-299856.smt2,sat,1.733288049697876
/tropical-matrix/constraint-1072007.smt2,sat,15.898212432861328
/tropical-matrix/constraint-390915.smt2,sat,1.195474624633789
/tropical-matrix/constraint-1317230.smt2,sat,10.022801637649536
/tropical-matrix/constraint-687179.smt2,sat,13.026042938232422
/tropical-matrix/constraint-1262176.smt2,sat,26.91020631790161
/tropical-matrix/constraint-735583.smt2,sat,60.52647113800049
/tropical-matrix/constraint-658040.smt2,sat,14.049262285232544
/tropical-matrix/constraint-495717.smt2,sat,247.22302985191345
/tropical-matrix/constraint-3427750.smt2,sat,137.25364875793457
/tropical-matrix/constraint-343499.smt2,sat,1.462076187133789
/tropical-matrix/constraint-3055292.smt2,sat,115.5165913105011
/tropical-matrix/constraint-851594.smt2,sat,351.72119212150574
/tropical-matrix/constraint-2876125.smt2,sat,62.92741632461548
/tropical-matrix/constraint-1915015.smt2,sat,24.221853971481323
/tropical-matrix/constraint-645855.smt2,sat,124.74523735046387
/tropical-matrix/constraint-740637.smt2,sat,36.126527547836304
/tropical-matrix/constraint-517804.smt2,sat,1.0750622749328613
/tropical-matrix/constraint-394532.smt2,sat,13.794084072113037
/tropical-matrix/constraint-797738.smt2,sat,49.0113570690155
/tropical-matrix/constraint-603294.smt2,sat,15.758121490478516
/tropical-matrix/constraint-463860.smt2,sat,0.5185251235961914
/tropical-matrix/constraint-178902.smt2,sat,1.9743852615356445
/tropical-matrix/constraint-645054.smt2,sat,12.533610582351685
/tropical-matrix/constraint-556171.smt2,sat,10.958797216415405
/tropical-matrix/constraint-515686.smt2,sat,0.4103882312774658
/tropical-matrix/constraint-737829.smt2,sat,27.107314109802246
/tropical-matrix/constraint-696340.smt2,sat,39.8432879447937
/tropical-matrix/constraint-1345233.smt2,sat,21.257580757141113
/tropical-matrix/constraint-2465898.smt2,sat,113.51779127120972
/tropical-matrix/constraint-2306960.smt2,sat,45.526456117630005
/tropical-matrix/constraint-2186643.smt2,sat,226.99253249168396
/tropical-matrix/constraint-4033959.smt2,sat,341.62617325782776
/tropical-matrix/constraint-244431.smt2,sat,3.641563892364502
/tropical-matrix/constraint-762853.smt2,sat,13.622254371643066
/tropical-matrix/constraint-901996.smt2,sat,2.2115931510925293
/tropical-matrix/constraint-206132.smt2,sat,1.3994855880737305
/tropical-matrix/constraint-187292.smt2,sat,0.5868165493011475
/tropical-matrix/constraint-758897.smt2,sat,3.7061502933502197
/tropical-matrix/constraint-269353.smt2,sat,39.69587469100952
/tropical-matrix/constraint-2061672.smt2,sat,75.26339530944824
/tropical-matrix/constraint-679470.smt2,sat,3.5881295204162598
/tropical-matrix/constraint-1285151.smt2,sat,138.01976370811462
/tropical-matrix/constraint-1330141.smt2,sat,1012.0433633327484
/tropical-matrix/constraint-1290859.smt2,sat,7.106963872909546
/tropical-matrix/constraint-1452366.smt2,sat,11.518460035324097
/tropical-matrix/constraint-1015084.smt2,sat,4.227838516235352
/tropical-matrix/constraint-170961.smt2,sat,0.12381958961486816
/tropical-matrix/constraint-1791895.smt2,sat,45.68761968612671
/tropical-matrix/constraint-416752.smt2,sat,198.23153805732727
/tropical-matrix/constraint-1635444.smt2,sat,12.450501680374146
/tropical-matrix/constraint-527358.smt2,sat,0.7304966449737549
/tropical-matrix/constraint-319990.smt2,sat,5.503661870956421
/tropical-matrix/constraint-989891.smt2,sat,43.60764765739441
/tropical-matrix/constraint-283008.smt2,sat,242.59794759750366
/tropical-matrix/constraint-1138192.smt2,sat,26.892926454544067
/tropical-matrix/constraint-278378.smt2,sat,1.9605233669281006
/tropical-matrix/constraint-285271.smt2,sat,6.064891338348389
/tropical-matrix/constraint-715402.smt2,sat,56.85726809501648
/tropical-matrix/constraint-906586.smt2,sat,11.992628574371338
/tropical-matrix/constraint-983194.smt2,sat,119.58129382133484
/tropical-matrix/constraint-642278.smt2,sat,1.3761653900146484
/tropical-matrix/constraint-396616.smt2,sat,0.8151004314422607
/tropical-matrix/constraint-1270998.smt2,sat,10.137733459472656
/tropical-matrix/constraint-570196.smt2,sat,2.1053898334503174
/tropical-matrix/constraint-1682901.smt2,sat,11.4879310131073
/tropical-matrix/constraint-368069.smt2,sat,20.419698476791382
/tropical-matrix/constraint-1908553.smt2,sat,240.96614909172058
/tropical-matrix/constraint-1270163.smt2,sat,5.237780570983887
/tropical-matrix/constraint-1268455.smt2,sat,5.7390830516815186
/tropical-matrix/constraint-614657.smt2,sat,11.164008617401123
/arctic-matrix/constraint-1633815.smt2,sat,39.36311221122742
/arctic-matrix/constraint-906218.smt2,sat,14.416661262512207
/arctic-matrix/constraint-985918.smt2,sat,324.4168734550476
/arctic-matrix/constraint-644686.smt2,sat,1.641174077987671
/arctic-matrix/constraint-551279.smt2,sat,10.860356569290161
/arctic-matrix/constraint-449698.smt2,sat,0.755375862121582
/arctic-matrix/constraint-655888.smt2,sat,21.57994508743286
/arctic-matrix/constraint-1008025.smt2,sat,14.9961416721344
/arctic-matrix/constraint-863289.smt2,sat,15.527036905288696
/arctic-matrix/constraint-1107622.smt2,sat,12.40058970451355
/arctic-matrix/constraint-1148089.smt2,sat,22.606642246246338
/arctic-matrix/constraint-518109.smt2,sat,7.311682224273682
/arctic-matrix/constraint-987361.smt2,sat,77.98820233345032
/arctic-matrix/constraint-618384.smt2,sat,3.34248685836792
/arctic-matrix/constraint-764693.smt2,sat,11.454850912094116
/arctic-matrix/constraint-928134.smt2,sat,8.09642243385315
/arctic-matrix/constraint-1060546.smt2,sat,179.22510504722595
/arctic-matrix/constraint-1576874.smt2,sat,210.14802813529968
/arctic-matrix/constraint-1686226.smt2,sat,298.53161883354187
/arctic-matrix/constraint-1365816.smt2,sat,210.17366933822632
/arctic-matrix/constraint-1491754.smt2,sat,163.6378412246704
/arctic-matrix/constraint-993227.smt2,sat,106.77350330352783
/arctic-matrix/constraint-1096871.smt2,sat,116.34596180915833
/arctic-matrix/constraint-478122.smt2,sat,12.959511518478394
/arctic-matrix/constraint-394240.smt2,sat,0.3495066165924072
/arctic-matrix/constraint-777746.smt2,sat,1098.9663076400757
/arctic-matrix/constraint-392137.smt2,sat,0.14002203941345215
/arctic-matrix/constraint-415996.smt2,sat,3.7201437950134277
/arctic-matrix/constraint-644402.smt2,sat,132.98851585388184
/arctic-matrix/constraint-267105.smt2,sat,10.337724924087524
/arctic-matrix/constraint-864173.smt2,sat,0.3369450569152832
/arctic-matrix/constraint-873799.smt2,sat,1164.7111856937408
/arctic-matrix/constraint-687518.smt2,sat,41.662899017333984
/arctic-matrix/constraint-1648145.smt2,sat,122.29319596290588
/arctic-matrix/constraint-1185949.smt2,sat,5.56415319442749
/arctic-matrix/constraint-1634698.smt2,sat,47.67198419570923
/arctic-matrix/constraint-772500.smt2,sat,2.8431801795959473
/arctic-matrix/constraint-533042.smt2,sat,1068.4636631011963
/arctic-matrix/constraint-1400961.smt2,sat,25.159606218338013
/arctic-matrix/constraint-1145584.smt2,sat,14.106586456298828
/arctic-matrix/constraint-2407640.smt2,failed,1200.0
/arctic-matrix/constraint-1729671.smt2,sat,773.3162477016449
/arctic-matrix/constraint-1007795.smt2,sat,13.448455810546875
/arctic-matrix/constraint-506600.smt2,sat,12.956806898117065
/arctic-matrix/constraint-1275621.smt2,sat,23.641182899475098
/arctic-matrix/constraint-2580015.smt2,sat,64.67029237747192
/arctic-matrix/constraint-882710.smt2,sat,2.0563266277313232
/arctic-matrix/constraint-1205831.smt2,sat,19.013944625854492
/arctic-matrix/constraint-689472.smt2,sat,3.942232131958008
/arctic-matrix/constraint-1546761.smt2,sat,18.419238805770874
/arctic-matrix/constraint-654327.smt2,sat,15.564978837966919
/arctic-matrix/constraint-1360077.smt2,sat,18.83361506462097
/arctic-matrix/constraint-649088.smt2,sat,1.8511221408843994
/arctic-matrix/constraint-808692.smt2,sat,4.348434686660767
/arctic-matrix/constraint-902192.smt2,sat,1098.2810373306274
/arctic-matrix/constraint-487307.smt2,sat,247.4040186405182
/arctic-matrix/constraint-928960.smt2,sat,24.352503299713135
/arctic-matrix/constraint-1228327.smt2,sat,38.58253812789917
/arctic-matrix/constraint-363570.smt2,sat,0.5043509006500244
/arctic-matrix/constraint-365451.smt2,sat,11.154358386993408
/arctic-matrix/constraint-1765766.smt2,sat,275.9137327671051
/arctic-matrix/constraint-706002.smt2,sat,1.3202741146087646
/arctic-matrix/constraint-1389427.smt2,sat,47.94877791404724
/arctic-matrix/constraint-1564491.smt2,sat,48.272647857666016
/arctic-matrix/constraint-472438.smt2,sat,0.8887925148010254
/arctic-matrix/constraint-1317511.smt2,sat,10.2324538230896
/arctic-matrix/constraint-1065256.smt2,sat,176.65726327896118
/arctic-matrix/constraint-481231.smt2,sat,5.293345928192139
/arctic-matrix/constraint-943653.smt2,sat,20.3844153881073
/arctic-matrix/constraint-916576.smt2,sat,2.7886810302734375
/arctic-matrix/constraint-394244.smt2,sat,0.8272342681884766
/arctic-matrix/constraint-804609.smt2,sat,24.583098888397217
/arctic-matrix/constraint-2050620.smt2,sat,392.28695940971375
/arctic-matrix/constraint-336780.smt2,sat,0.16499614715576172
/arctic-matrix/constraint-1000539.smt2,sat,26.47713828086853
/arctic-matrix/constraint-440125.smt2,sat,1.451005458831787
/arctic-matrix/constraint-3784100.smt2,sat,131.1640350818634
/arctic-matrix/constraint-2069156.smt2,sat,82.04719090461731
/arctic-matrix/constraint-605010.smt2,sat,3.2613675594329834
/arctic-matrix/constraint-391798.smt2,sat,14.533082008361816
/arctic-matrix/constraint-765743.smt2,sat,61.73937129974365
/arctic-matrix/constraint-1727138.smt2,sat,203.40775775909424
/arctic-matrix/constraint-526410.smt2,sat,1.718757152557373
/arctic-matrix/constraint-2094073.smt2,sat,331.3226578235626
/arctic-matrix/constraint-3187060.smt2,failed,1200.0
/arctic-matrix/constraint-569261.smt2,sat,197.84369039535522
/arctic-matrix/constraint-1551672.smt2,sat,193.25269103050232
/arctic-matrix/constraint-379665.smt2,sat,0.13134074211120605
/arctic-matrix/constraint-985518.smt2,sat,356.364155292511
/arctic-matrix/constraint-904583.smt2,sat,225.13075971603394
/arctic-matrix/constraint-1121941.smt2,sat,5.307190895080566
/arctic-matrix/constraint-1545063.smt2,sat,47.43862318992615
/arctic-matrix/constraint-1657774.smt2,sat,267.32373118400574
/arctic-matrix/constraint-968440.smt2,sat,233.77308893203735
/arctic-matrix/constraint-357303.smt2,sat,55.0532968044281
/arctic-matrix/constraint-901628.smt2,sat,22.17230224609375
/arctic-matrix/constraint-408585.smt2,sat,1.479982852935791
/arctic-matrix/constraint-1122096.smt2,sat,85.23647356033325
/arctic-matrix/constraint-1199432.smt2,sat,159.17810583114624
/arctic-matrix/constraint-1472027.smt2,sat,25.947500467300415
/nec-smt/med/getoption_group/prp-25-41.smt2,sat,3.505227565765381
/nec-smt/med/getoption_group/prp-26-41.smt2,sat,3.5524401664733887
/nec-smt/med/config_read_line/prp-0-49.smt2,unsat,1.4892549514770508
/nec-smt/med/config_read_line/prp-0-48.smt2,unsat,1.3935840129852295
/nec-smt/med/config_read_line/prp-2-46.smt2,unsat,1.9504523277282715
/nec-smt/med/config_read_line/prp-4-48.smt2,unsat,3.1629245281219482
/nec-smt/med/config_read_line/prp-1-48.smt2,sat,1.5815608501434326
/nec-smt/med/config_read_line/prp-0-50.smt2,unsat,2.264347553253174
/nec-smt/med/config_read_line/prp-1-35.smt2,sat,0.49014759063720703
/nec-smt/med/config_read_line/prp-5-46.smt2,unsat,2.4808359146118164
/nec-smt/med/config_read_line/prp-0-47.smt2,unsat,1.4878308773040771
/nec-smt/med/config_read_line/prp-3-49.smt2,sat,3.8952019214630127
/nec-smt/med/config_read_line/prp-1-44.smt2,sat,2.0605196952819824
/nec-smt/med/config_read_line/prp-2-47.smt2,unsat,1.915130615234375
/nec-smt/med/config_read_line/prp-4-49.smt2,unsat,2.449129343032837
/nec-smt/med/config_read_line/prp-3-46.smt2,sat,2.7691469192504883
/nec-smt/med/config_read_line/prp-4-46.smt2,unsat,2.3347198963165283
/nec-smt/med/config_read_line/prp-2-50.smt2,unsat,3.1285314559936523
/nec-smt/med/config_read_line/prp-3-37.smt2,sat,0.8132123947143555
/nec-smt/med/config_read_line/prp-5-49.smt2,unsat,2.8170299530029297
/nec-smt/med/config_read_line/prp-2-49.smt2,unsat,2.348982572555542
/nec-smt/med/config_read_line/prp-5-47.smt2,unsat,1.3573031425476074
/nec-smt/med/config_read_line/prp-4-47.smt2,unsat,2.4906692504882812
/nec-smt/med/config_read_line/prp-0-46.smt2,unsat,1.367065668106079
/nec-smt/med/config_read_line/prp-2-48.smt2,unsat,2.24379563331604
/nec-smt/med/config_read_line/prp-3-45.smt2,sat,2.34492564201355
/nec-smt/med/config_read_line/prp-3-50.smt2,sat,2.742609739303589
/nec-smt/med/config_read_line/prp-5-50.smt2,unsat,2.9046895503997803
/nec-smt/med/config_read_line/prp-5-48.smt2,unsat,1.8291926383972168
/nec-smt/med/config_read_line/prp-4-50.smt2,unsat,4.261959075927734
/nec-smt/med/int_from_list/prp-23-35.smt2,unsat,3.3745594024658203
/nec-smt/med/int_from_list/prp-29-30.smt2,unsat,0.5286731719970703
/nec-smt/med/int_from_list/prp-38-32.smt2,unsat,1.0355949401855469
/nec-smt/med/int_from_list/prp-9-28.smt2,unsat,0.2546060085296631
/nec-smt/med/int_from_list/prp-32-36.smt2,sat,6.5152294635772705
/nec-smt/med/int_from_list/prp-33-37.smt2,unsat,5.5131261348724365
/nec-smt/med/int_from_list/prp-6-26.smt2,unsat,0.1378612518310547
/nec-smt/med/int_from_list/prp-22-29.smt2,unsat,0.3634672164916992
/nec-smt/med/int_from_list/prp-14-32.smt2,sat,0.8460438251495361
/nec-smt/med/int_from_list/prp-27-39.smt2,unsat,16.085105419158936
/nec-smt/med/int_from_list/prp-42-39.smt2,unsat,14.142828464508057
/nec-smt/med/int_from_list/prp-10-31.smt2,unsat,1.2190947532653809
/nec-smt/med/int_from_list/prp-16-25.smt2,unsat,0.10880780220031738
/nec-smt/med/int_from_list/prp-27-38.smt2,unsat,16.906786680221558
/nec-smt/med/int_from_list/prp-10-27.smt2,unsat,0.19848132133483887
/nec-smt/med/int_from_list/prp-24-39.smt2,unsat,14.134702205657959
/nec-smt/med/int_from_list/prp-41-37.smt2,unsat,10.633076190948486
/nec-smt/med/int_from_list/prp-14-33.smt2,unsat,2.168117046356201
/nec-smt/med/int_from_list/prp-29-28.smt2,unsat,0.28443098068237305
/nec-smt/med/int_from_list/prp-30-31.smt2,unsat,0.79518723487854
/nec-smt/med/int_from_list/prp-10-28.smt2,sat,0.3458216190338135
/nec-smt/med/int_from_list/prp-18-24.smt2,unsat,0.07128596305847168
/nec-smt/med/int_from_list/prp-9-25.smt2,unsat,0.08983588218688965
/nec-smt/med/int_from_list/prp-24-40.smt2,unsat,15.907721281051636
/nec-smt/med/int_from_list/prp-13-30.smt2,unsat,0.6924548149108887
/nec-smt/med/int_from_list/prp-39-35.smt2,unsat,3.2930378913879395
/nec-smt/med/int_from_list/prp-18-26.smt2,unsat,0.13106012344360352
/nec-smt/med/int_from_list/prp-9-26.smt2,unsat,0.12564730644226074
/nec-smt/med/int_from_list/prp-32-38.smt2,unsat,12.871239185333252
/nec-smt/med/int_from_list/prp-15-36.smt2,unsat,10.686261653900146
/nec-smt/med/int_from_list/prp-33-40.smt2,unsat,15.504868030548096
/nec-smt/med/int_from_list/prp-9-24.smt2,unsat,0.07220816612243652
/nec-smt/med/int_from_list/prp-39-36.smt2,sat,5.388275861740112
/nec-smt/med/int_from_list/prp-27-40.smt2,unsat,21.38813042640686
/nec-smt/med/int_from_list/prp-38-33.smt2,unsat,1.9645776748657227
/nec-smt/med/int_from_list/prp-23-34.smt2,unsat,2.1655092239379883
/nec-smt/med/int_from_list/prp-6-25.smt2,unsat,0.09768915176391602
/nec-smt/med/int_from_list/prp-19-29.smt2,unsat,0.40600109100341797
/nec-smt/med/int_from_list/prp-33-39.smt2,unsat,13.830889225006104
/nec-smt/med/int_from_list/prp-10-29.smt2,unsat,0.3690805435180664
/nec-smt/med/int_from_list/prp-6-24.smt2,sat,0.08378839492797852
/nec-smt/med/int_from_list/prp-19-28.smt2,sat,0.3200809955596924
/nec-smt/med/int_from_list/prp-31-34.smt2,unsat,4.514998435974121
/nec-smt/med/int_from_list/prp-15-35.smt2,unsat,2.8739476203918457
/nec-smt/med/int_from_list/prp-13-31.smt2,unsat,1.0318753719329834
/nec-smt/med/int_from_list/prp-25-36.smt2,unsat,5.477567911148071
/nec-smt/med/int_from_list/prp-38-35.smt2,unsat,3.5507140159606934
/nec-smt/med/int_from_list/prp-30-32.smt2,sat,0.9572739601135254
/nec-smt/med/int_from_list/prp-19-26.smt2,unsat,0.1485295295715332
/nec-smt/med/int_from_list/prp-21-37.smt2,unsat,9.201613187789917
/nec-smt/med/int_from_list/prp-13-29.smt2,unsat,0.4219789505004883
/nec-smt/med/int_from_list/prp-23-33.smt2,unsat,2.1563920974731445
/nec-smt/med/int_from_list/prp-31-33.smt2,unsat,1.6989367008209229
/nec-smt/med/int_from_list/prp-41-40.smt2,unsat,11.366547107696533
/nec-smt/med/int_from_list/prp-28-29.smt2,unsat,0.4017813205718994
/nec-smt/med/int_from_list/prp-29-31.smt2,unsat,0.667489767074585
/nec-smt/med/int_from_list/prp-39-37.smt2,unsat,11.300636053085327
/nec-smt/med/int_from_list/prp-14-36.smt2,unsat,4.9066689014434814
/nec-smt/med/int_from_list/prp-26-39.smt2,unsat,12.020824193954468
/nec-smt/med/int_from_list/prp-9-27.smt2,unsat,0.19617247581481934
/nec-smt/med/int_from_list/prp-31-35.smt2,unsat,3.983921527862549
/nec-smt/med/int_from_list/prp-30-34.smt2,unsat,1.792243480682373
/nec-smt/med/int_from_list/prp-21-39.smt2,unsat,10.305449485778809
/nec-smt/med/int_from_list/prp-23-31.smt2,unsat,1.0352177619934082
/nec-smt/med/int_from_list/prp-41-39.smt2,unsat,10.182724237442017
/nec-smt/med/int_from_list/prp-22-30.smt2,unsat,0.47544002532958984
/nec-smt/med/int_from_list/prp-25-35.smt2,unsat,3.589503049850464
/nec-smt/med/int_from_list/prp-25-37.smt2,unsat,5.309721231460571
/nec-smt/med/int_from_list/prp-22-28.smt2,unsat,0.27437520027160645
/nec-smt/med/int_from_list/prp-15-37.smt2,unsat,11.361259937286377
/nec-smt/med/int_from_list/prp-19-30.smt2,unsat,0.5405542850494385
/nec-smt/med/int_from_list/prp-26-40.smt2,unsat,11.496380805969238
/nec-smt/med/int_from_list/prp-30-33.smt2,unsat,1.7533783912658691
/nec-smt/med/int_from_list/prp-26-36.smt2,sat,6.595084190368652
/nec-smt/med/int_from_list/prp-18-25.smt2,unsat,0.0976095199584961
/nec-smt/med/int_from_list/prp-32-35.smt2,unsat,3.8411014080047607
/nec-smt/med/int_from_list/prp-33-38.smt2,unsat,15.586669445037842
/nec-smt/med/int_from_list/prp-39-34.smt2,unsat,1.9752376079559326
/nec-smt/med/int_from_list/prp-15-34.smt2,unsat,3.306908369064331
/nec-smt/med/int_from_list/prp-21-38.smt2,unsat,10.177211999893188
/nec-smt/med/int_from_list/prp-31-36.smt2,unsat,5.590775489807129
/nec-smt/med/int_from_list/prp-26-38.smt2,unsat,5.096127986907959
/nec-smt/med/int_from_list/prp-14-34.smt2,unsat,2.1189353466033936
/nec-smt/med/int_from_list/prp-25-34.smt2,unsat,2.6624042987823486
/nec-smt/med/int_from_list/prp-41-38.smt2,unsat,17.305445909500122
/nec-smt/med/int_from_list/prp-15-38.smt2,unsat,15.013500928878784
/nec-smt/med/int_from_list/prp-31-32.smt2,unsat,1.1528403759002686
/nec-smt/med/int_from_list/prp-18-27.smt2,unsat,0.17668819427490234
/nec-smt/med/int_from_list/prp-28-27.smt2,unsat,0.18006396293640137
/nec-smt/med/int_from_list/prp-42-40.smt2,sat,16.792437076568604
/nec-smt/med/int_from_list/prp-19-27.smt2,unsat,0.20397186279296875
/nec-smt/med/int_from_list/prp-41-36.smt2,unsat,10.923493385314941
/nec-smt/med/int_from_list/prp-22-32.smt2,unsat,1.0713598728179932
/nec-smt/med/int_from_list/prp-38-34.smt2,unsat,2.491361141204834
/nec-smt/med/int_from_list/prp-30-30.smt2,unsat,0.6646008491516113
/nec-smt/med/int_from_list/prp-32-39.smt2,unsat,13.977141380310059
/nec-smt/med/int_from_list/prp-22-31.smt2,unsat,0.9053652286529541
/nec-smt/med/int_from_list/prp-10-30.smt2,unsat,0.5791432857513428
/nec-smt/med/int_from_list/prp-36-31.smt2,unsat,0.855959415435791
/nec-smt/med/int_from_list/prp-32-37.smt2,unsat,10.018267393112183
/nec-smt/med/int_from_list/prp-39-38.smt2,unsat,13.529882192611694
/nec-smt/med/int_from_list/prp-14-35.smt2,unsat,5.327574014663696
/nec-smt/med/int_from_list/prp-36-33.smt2,unsat,2.1803195476531982
/nec-smt/med/int_from_list/prp-21-40.smt2,unsat,13.723540544509888
/nec-smt/med/int_from_list/prp-23-32.smt2,sat,1.3532052040100098
/nec-smt/med/int_from_list/prp-13-32.smt2,unsat,1.6873736381530762
/nec-smt/med/int_from_list/prp-25-33.smt2,unsat,1.3472325801849365
/nec-smt/med/int_from_list/prp-34-40.smt2,sat,22.385919094085693
/nec-smt/med/int_from_list/prp-13-33.smt2,unsat,1.6692116260528564
/nec-smt/med/int_from_list/prp-26-37.smt2,unsat,6.950035572052002
/nec-smt/med/int_from_list/prp-29-29.smt2,unsat,0.48904991149902344
/nec-smt/med/mygetpwnam/prp-0-45.smt2,sat,10.003342628479004
/nec-smt/med/mygetpwnam/prp-1-46.smt2,sat,34.141114711761475
/nec-smt/med/checkpass_pwd/prp-17-30.smt2,sat,8.605843544006348
/nec-smt/med/checkpass_pwd/prp-20-33.smt2,sat,18.968543529510498
/nec-smt/med/checkpass_pwd/prp-3-26.smt2,sat,0.9849812984466553
/nec-smt/med/checkpass_pwd/prp-7-28.smt2,sat,5.960611343383789
/nec-smt/med/checkpass_pwd/prp-14-27.smt2,unsat,3.8640947341918945
/nec-smt/med/checkpass_pwd/prp-10-22.smt2,sat,0.40334272384643555
/nec-smt/med/checkpass_pwd/prp-32-33.smt2,unsat,21.310717821121216
/nec-smt/med/checkpass_pwd/prp-4-20.smt2,sat,0.23026371002197266
/nec-smt/med/checkpass_pwd/prp-17-31.smt2,sat,12.964604377746582
/nec-smt/med/checkpass_pwd/prp-4-23.smt2,sat,0.5703787803649902
/nec-smt/med/checkpass_pwd/prp-21-28.smt2,sat,3.6760635375976562
/nec-smt/med/checkpass_pwd/prp-7-24.smt2,sat,0.7566332817077637
/nec-smt/med/checkpass_pwd/prp-8-19.smt2,sat,0.19651484489440918
/nec-smt/med/checkpass_pwd/prp-25-31.smt2,sat,12.159116506576538
/nec-smt/med/checkpass_pwd/prp-28-30.smt2,unsat,10.565093994140625
/nec-smt/med/checkpass_pwd/prp-2-27.smt2,sat,2.9479970932006836
/nec-smt/med/checkpass_pwd/prp-28-31.smt2,unsat,12.211976289749146
/nec-smt/med/checkpass_pwd/prp-5-19.smt2,sat,0.1856822967529297
/nec-smt/med/checkpass_pwd/prp-8-30.smt2,sat,13.375394105911255
/nec-smt/med/checkpass_pwd/prp-4-27.smt2,sat,2.758817434310913
/nec-smt/med/checkpass_pwd/prp-8-27.smt2,sat,2.0649964809417725
/nec-smt/med/checkpass_pwd/prp-22-29.smt2,unsat,10.975663661956787
/nec-smt/med/checkpass_pwd/prp-11-25.smt2,sat,1.131472110748291
/nec-smt/med/checkpass_pwd/prp-15-33.smt2,sat,17.741899013519287
/nec-smt/med/checkpass_pwd/prp-9-20.smt2,sat,0.28501367568969727
/nec-smt/med/checkpass_pwd/prp-14-32.smt2,sat,25.238420486450195
/nec-smt/med/checkpass_pwd/prp-25-30.smt2,sat,12.641814947128296
/nec-smt/med/checkpass_pwd/prp-0-19.smt2,sat,0.20907258987426758
/nec-smt/med/checkpass_pwd/prp-6-28.smt2,sat,4.875343322753906
/nec-smt/med/checkpass_pwd/prp-10-31.smt2,sat,14.525055646896362
/nec-smt/med/checkpass_pwd/prp-8-29.smt2,sat,5.205221891403198
/nec-smt/med/checkpass_pwd/prp-20-29.smt2,unsat,13.579440116882324
/nec-smt/med/checkpass_pwd/prp-3-27.smt2,unsat,3.1518707275390625
/nec-smt/med/checkpass_pwd/prp-15-28.smt2,sat,3.478066921234131
/nec-smt/med/checkpass_pwd/prp-9-30.smt2,unsat,11.666350841522217
/nec-smt/med/checkpass_pwd/prp-0-25.smt2,unsat,1.6539158821105957
/nec-smt/med/checkpass_pwd/prp-5-33.smt2,sat,6.270416021347046
/nec-smt/med/checkpass_pwd/prp-11-30.smt2,sat,4.279736518859863
/nec-smt/med/checkpass_pwd/prp-14-33.smt2,sat,24.169089555740356
/nec-smt/med/checkpass_pwd/prp-8-32.smt2,sat,19.90030264854431
/nec-smt/med/checkpass_pwd/prp-8-31.smt2,sat,17.263941049575806
/nec-smt/med/checkpass_pwd/prp-33-33.smt2,sat,18.635186433792114
/nec-smt/med/checkpass_pwd/prp-27-32.smt2,unsat,34.023616313934326
/nec-smt/med/checkpass_pwd/prp-29-32.smt2,unsat,29.009055852890015
/nec-smt/med/checkpass_pwd/prp-21-30.smt2,sat,10.017199516296387
/nec-smt/med/checkpass_pwd/prp-4-33.smt2,sat,20.422507286071777
/nec-smt/med/checkpass_pwd/prp-20-31.smt2,sat,5.476745367050171
/nec-smt/med/checkpass_pwd/prp-8-20.smt2,unsat,0.2008056640625
/nec-smt/med/checkpass_pwd/prp-30-31.smt2,unsat,12.966800451278687
/nec-smt/med/checkpass_pwd/prp-2-28.smt2,unsat,7.713263750076294
/nec-smt/med/checkpass_pwd/prp-26-32.smt2,sat,18.679521560668945
/nec-smt/med/checkpass_pwd/prp-12-24.smt2,sat,0.7094228267669678
/nec-smt/med/checkpass_pwd/prp-27-33.smt2,sat,25.32190251350403
/nec-smt/med/checkpass_pwd/prp-24-31.smt2,sat,17.251298666000366
/nec-smt/med/checkpass_pwd/prp-5-21.smt2,sat,0.2980155944824219
/nec-smt/med/checkpass_pwd/prp-8-21.smt2,sat,0.326646089553833
/nec-smt/med/checkpass_pwd/prp-0-26.smt2,sat,2.5064384937286377
/nec-smt/med/checkpass_pwd/prp-10-26.smt2,sat,3.1366987228393555
/nec-smt/med/checkpass_pwd/prp-17-28.smt2,sat,6.93370246887207
/nec-smt/med/checkpass_pwd/prp-5-27.smt2,sat,1.761059284210205
/nec-smt/med/checkpass_pwd/prp-13-26.smt2,sat,2.020956039428711
/nec-smt/med/checkpass_pwd/prp-13-30.smt2,sat,8.241306781768799
/nec-smt/med/checkpass_pwd/prp-3-29.smt2,unsat,14.790567636489868
/nec-smt/med/checkpass_pwd/prp-9-22.smt2,sat,0.405256986618042
/nec-smt/med/checkpass_pwd/prp-6-32.smt2,sat,10.20548701286316
/nec-smt/med/checkpass_pwd/prp-28-32.smt2,unsat,15.79170536994934
/nec-smt/med/checkpass_pwd/prp-33-32.smt2,unsat,22.116947174072266
/nec-smt/med/checkpass_pwd/prp-34-33.smt2,unsat,18.243974924087524
/nec-smt/med/checkpass_pwd/prp-5-22.smt2,sat,0.38827013969421387
/nec-smt/med/checkpass_pwd/prp-7-25.smt2,sat,1.55657958984375
/nec-smt/med/checkpass_pwd/prp-19-32.smt2,sat,17.113714933395386
/nec-smt/med/checkpass_pwd/prp-21-32.smt2,sat,14.457907438278198
/nec-smt/med/checkpass_pwd/prp-4-19.smt2,sat,0.1906883716583252
/nec-smt/med/checkpass_pwd/prp-4-29.smt2,sat,4.168811082839966
/nec-smt/med/checkpass_pwd/prp-18-29.smt2,sat,12.099762678146362
/nec-smt/med/checkpass_pwd/prp-4-32.smt2,sat,12.634691953659058
/nec-smt/med/checkpass_pwd/prp-2-25.smt2,sat,1.020021915435791
/nec-smt/med/checkpass_pwd/prp-16-29.smt2,sat,10.706849575042725
/nec-smt/med/checkpass_pwd/prp-27-30.smt2,unsat,10.619418859481812
/nec-smt/med/checkpass_pwd/prp-3-24.smt2,sat,0.5021934509277344
/nec-smt/med/checkpass_pwd/prp-24-32.smt2,unsat,18.077837705612183
/nec-smt/med/checkpass_pwd/prp-22-33.smt2,sat,23.98616933822632
/nec-smt/med/checkpass_pwd/prp-7-33.smt2,sat,20.823975563049316
/nec-smt/med/checkpass_pwd/prp-8-25.smt2,sat,1.4189941883087158
/nec-smt/med/checkpass_pwd/prp-19-31.smt2,sat,10.53036618232727
/nec-smt/med/checkpass_pwd/prp-7-19.smt2,sat,0.20926380157470703
/nec-smt/med/checkpass_pwd/prp-24-29.smt2,unsat,14.530383110046387
/nec-smt/med/checkpass_pwd/prp-6-25.smt2,sat,1.6478450298309326
/nec-smt/med/checkpass_pwd/prp-2-20.smt2,sat,0.22975969314575195
/nec-smt/med/checkpass_pwd/prp-4-22.smt2,sat,0.6257767677307129
/nec-smt/med/checkpass_pwd/prp-19-29.smt2,unsat,14.10787320137024
/nec-smt/med/checkpass_pwd/prp-26-30.smt2,sat,3.6508851051330566
/nec-smt/med/checkpass_pwd/prp-16-30.smt2,sat,10.370243549346924
/nec-smt/med/checkpass_pwd/prp-10-29.smt2,sat,11.62824535369873
/nec-smt/med/checkpass_pwd/prp-23-29.smt2,sat,3.281395673751831
/nec-smt/med/checkpass_pwd/prp-19-28.smt2,sat,3.4719865322113037
/nec-smt/med/checkpass_pwd/prp-18-30.smt2,sat,12.509324789047241
/nec-smt/med/checkpass_pwd/prp-1-24.smt2,unsat,1.1327285766601562
/nec-smt/med/checkpass_pwd/prp-8-24.smt2,sat,1.1573457717895508
/nec-smt/med/checkpass_pwd/prp-14-31.smt2,sat,12.163244485855103
/nec-smt/med/checkpass_pwd/prp-27-31.smt2,unsat,21.35232377052307
/nec-smt/med/checkpass_pwd/prp-10-32.smt2,unsat,15.495081186294556
/nec-smt/med/checkpass_pwd/prp-7-27.smt2,unsat,3.6737489700317383
/nec-smt/med/checkpass_pwd/prp-10-24.smt2,sat,1.2789857387542725
/nec-smt/med/checkpass_pwd/prp-13-31.smt2,sat,11.29700255393982
/nec-smt/med/checkpass_pwd/prp-11-32.smt2,sat,16.79352569580078
/nec-smt/med/checkpass_pwd/prp-30-32.smt2,sat,22.025386333465576
/nec-smt/med/checkpass_pwd/prp-20-28.smt2,sat,9.086950063705444
/nec-smt/med/checkpass_pwd/prp-8-26.smt2,sat,1.3591704368591309
/nec-smt/med/checkpass_pwd/prp-13-29.smt2,sat,6.068399429321289
/nec-smt/med/checkpass_pwd/prp-16-32.smt2,sat,13.753804683685303
/nec-smt/med/checkpass_pwd/prp-10-33.smt2,sat,18.182786226272583
/nec-smt/med/checkpass_pwd/prp-23-33.smt2,sat,12.785195589065552
/nec-smt/med/checkpass_pwd/prp-3-19.smt2,sat,0.17235684394836426
/nec-smt/med/checkpass_pwd/prp-2-26.smt2,unsat,2.462688684463501
/nec-smt/med/checkpass_pwd/prp-32-32.smt2,unsat,13.673977613449097
/nec-smt/med/checkpass_pwd/prp-29-31.smt2,unsat,13.891866207122803
/nec-smt/med/checkpass_pwd/prp-1-25.smt2,sat,1.7597453594207764
/nec-smt/med/checkpass_pwd/prp-14-29.smt2,unsat,7.013872385025024
/nec-smt/med/checkpass_pwd/prp-5-28.smt2,sat,1.8745427131652832
/nec-smt/med/checkpass_pwd/prp-18-33.smt2,sat,27.962475538253784
/nec-smt/med/checkpass_pwd/prp-29-33.smt2,sat,23.07682490348816
/nec-smt/med/checkpass_pwd/prp-16-33.smt2,sat,18.363221406936646
/nec-smt/med/checkpass_pwd/prp-6-29.smt2,sat,4.452878952026367
/nec-smt/med/checkpass_pwd/prp-6-20.smt2,sat,0.2646191120147705
/nec-smt/med/checkpass_pwd/prp-9-27.smt2,sat,0.9153802394866943
/nec-smt/med/checkpass_pwd/prp-14-25.smt2,unsat,1.696089267730713
/nec-smt/med/checkpass_pwd/prp-20-30.smt2,sat,10.573511838912964
/nec-smt/med/checkpass_pwd/prp-7-32.smt2,sat,11.317875862121582
/nec-smt/med/checkpass_pwd/prp-20-32.smt2,sat,24.699451208114624
/nec-smt/med/checkpass_pwd/prp-6-21.smt2,sat,0.2736210823059082
/nec-smt/med/checkpass_pwd/prp-2-29.smt2,sat,1.551337480545044
/nec-smt/med/checkpass_pwd/prp-0-22.smt2,sat,0.35838747024536133
/nec-smt/med/checkpass_pwd/prp-5-29.smt2,sat,7.159444808959961
/nec-smt/med/checkpass_pwd/prp-9-31.smt2,sat,14.57951545715332
/nec-smt/med/checkpass_pwd/prp-15-26.smt2,sat,1.6995468139648438
/nec-smt/med/checkpass_pwd/prp-23-31.smt2,sat,14.854064464569092
/nec-smt/med/checkpass_pwd/prp-8-22.smt2,sat,0.45513391494750977
/nec-smt/med/checkpass_pwd/prp-13-24.smt2,unsat,1.1969168186187744
/nec-smt/med/checkpass_pwd/prp-22-30.smt2,unsat,10.647130727767944
/nec-smt/med/checkpass_pwd/prp-14-26.smt2,unsat,3.286510944366455
/nec-smt/med/checkpass_pwd/prp-18-28.smt2,sat,11.042463779449463
/nec-smt/med/checkpass_pwd/prp-22-28.smt2,unsat,4.98875617980957
/nec-smt/med/checkpass_pwd/prp-19-30.smt2,sat,16.865986585617065
/nec-smt/med/checkpass_pwd/prp-5-31.smt2,sat,3.5025510787963867
/nec-smt/med/checkpass_pwd/prp-30-33.smt2,sat,36.18261671066284
/nec-smt/med/checkpass_pwd/prp-24-30.smt2,unsat,11.78932237625122
/nec-smt/med/checkpass_pwd/prp-7-30.smt2,sat,10.434157848358154
/nec-smt/med/checkpass_pwd/prp-4-28.smt2,sat,3.4079434871673584
/nec-smt/med/checkpass_pwd/prp-12-31.smt2,sat,10.781490087509155
/nec-smt/med/checkpass_pwd/prp-2-23.smt2,sat,0.47681355476379395
/nec-smt/med/checkpass_pwd/prp-17-26.smt2,sat,1.6994476318359375
/nec-smt/med/checkpass_pwd/prp-1-21.smt2,sat,0.27951741218566895
/nec-smt/med/checkpass_pwd/prp-8-23.smt2,sat,0.5150468349456787
/nec-smt/med/checkpass_pwd/prp-8-33.smt2,sat,18.957822799682617
/nec-smt/med/checkpass_pwd/prp-5-30.smt2,sat,5.907213926315308
/nec-smt/med/checkpass_pwd/prp-26-33.smt2,sat,16.91043448448181
/nec-smt/med/checkpass_pwd/prp-17-33.smt2,sat,36.91157555580139
/nec-smt/med/checkpass_pwd/prp-13-27.smt2,sat,4.606474161148071
/nec-smt/med/checkpass_pwd/prp-11-33.smt2,unsat,28.052494287490845
/nec-smt/med/checkpass_pwd/prp-5-24.smt2,sat,0.9570925235748291
/nec-smt/med/checkpass_pwd/prp-14-30.smt2,sat,13.853733539581299
/nec-smt/med/checkpass_pwd/prp-31-32.smt2,sat,12.596442461013794
/nec-smt/med/checkpass_pwd/prp-12-29.smt2,sat,10.395476818084717
/nec-smt/med/checkpass_pwd/prp-18-27.smt2,unsat,4.903626203536987
/nec-smt/med/checkpass_pwd/prp-3-28.smt2,sat,3.878763198852539
/nec-smt/med/checkpass_pwd/prp-3-21.smt2,sat,0.3577446937561035
/nec-smt/med/checkpass_pwd/prp-24-33.smt2,sat,36.11816644668579
/nec-smt/med/checkpass_pwd/prp-4-31.smt2,sat,10.479941368103027
/nec-smt/med/checkpass_pwd/prp-12-27.smt2,sat,1.917341709136963
/nec-smt/med/checkpass_pwd/prp-19-27.smt2,unsat,3.572004556655884
/nec-smt/med/checkpass_pwd/prp-8-28.smt2,sat,2.1560323238372803
/nec-smt/med/checkpass_pwd/prp-0-23.smt2,sat,0.3956298828125
/nec-smt/med/checkpass_pwd/prp-22-32.smt2,unsat,15.715864658355713
/nec-smt/med/checkpass_pwd/prp-7-26.smt2,sat,1.206064224243164
/nec-smt/med/checkpass_pwd/prp-18-31.smt2,sat,24.464656114578247
/nec-smt/med/checkpass_pwd/prp-12-26.smt2,sat,2.4066083431243896
/nec-smt/med/checkpass_pwd/prp-5-25.smt2,sat,2.1457889080047607
/nec-smt/med/checkpass_pwd/prp-7-21.smt2,sat,0.31685519218444824
/nec-smt/med/checkpass_pwd/prp-22-31.smt2,sat,15.366729021072388
/nec-smt/med/checkpass_pwd/prp-18-32.smt2,sat,22.161885499954224
/nec-smt/med/checkpass_pwd/prp-13-28.smt2,sat,4.062577962875366
/nec-smt/med/checkpass_pwd/prp-5-26.smt2,sat,0.9852306842803955
/nec-smt/med/checkpass_pwd/prp-11-23.smt2,sat,0.7516989707946777
/nec-smt/med/checkpass_pwd/prp-13-25.smt2,sat,1.2350568771362305
/nec-smt/med/checkpass_pwd/prp-16-31.smt2,sat,18.10224199295044
/nec-smt/med/checkpass_pwd/prp-7-23.smt2,sat,0.9356434345245361
/nec-smt/med/checkpass_pwd/prp-7-29.smt2,sat,4.354117155075073
/nec-smt/med/checkpass_pwd/prp-4-26.smt2,sat,1.4684889316558838
/nec-smt/med/checkpass_pwd/prp-6-31.smt2,unsat,17.89499831199646
/nec-smt/med/checkpass_pwd/prp-20-27.smt2,unsat,3.1218771934509277
/nec-smt/med/checkpass_pwd/prp-16-26.smt2,sat,2.590583086013794
/nec-smt/med/checkpass_pwd/prp-3-30.smt2,sat,10.12994909286499
/nec-smt/med/checkpass_pwd/prp-5-20.smt2,sat,0.23450875282287598
/nec-smt/med/checkpass_pwd/prp-7-31.smt2,sat,4.254452705383301
/nec-smt/med/checkpass_pwd/prp-5-32.smt2,sat,10.116048812866211
/nec-smt/med/checkpass_pwd/prp-14-28.smt2,sat,5.5083534717559814
/nec-smt/med/checkpass_pwd/prp-19-33.smt2,sat,16.445629358291626
/nec-smt/med/checkpass_pwd/prp-28-33.smt2,sat,36.71450638771057
/nec-smt/med/checkpass_pwd/prp-4-21.smt2,sat,0.29242873191833496
/nec-smt/med/checkpass_pwd/prp-13-32.smt2,sat,10.754143238067627
/nec-smt/med/checkpass_pwd/prp-25-32.smt2,sat,20.59813380241394
/nec-smt/med/checkpass_pwd/prp-25-33.smt2,sat,32.69908928871155
/nec-smt/med/checkpass_pwd/prp-11-27.smt2,sat,1.8394742012023926
/nec-smt/med/checkpass_pwd/prp-6-23.smt2,sat,0.916905403137207
/nec-smt/med/checkpass_pwd/prp-17-32.smt2,sat,26.376566410064697
/nec-smt/med/checkpass_pwd/prp-13-33.smt2,sat,39.57082486152649
/nec-smt/med/checkpass_pwd/prp-16-28.smt2,sat,3.596877336502075
/nec-smt/med/checkpass_pwd/prp-4-30.smt2,sat,4.132011890411377
/nec-smt/med/checkpass_pwd/prp-17-29.smt2,sat,13.359071493148804
/nec-smt/med/checkpass_pwd/prp-4-24.smt2,sat,0.49571847915649414
/nec-smt/med/checkpass_pwd/prp-7-22.smt2,sat,0.5886540412902832
/nec-smt/med/checkpass_pwd/prp-7-20.smt2,unsat,0.21472573280334473
/nec-smt/med/checkpass_pwd/prp-5-23.smt2,sat,0.9957699775695801
/nec-smt/med/checkpass_pwd/prp-25-29.smt2,unsat,5.376024007797241
/nec-smt/med/print_file/prp-0-49.smt2,sat,0.3859429359436035
/nec-smt/med/print_file/prp-1-49.smt2,sat,0.4007875919342041
/nec-smt/med/print_file/prp-0-48.smt2,sat,0.3794584274291992
/nec-smt/med/print_file/prp-1-48.smt2,sat,0.3982679843902588
/nec-smt/med/print_file/prp-0-50.smt2,sat,0.5643391609191895
/nec-smt/med/print_file/prp-1-50.smt2,sat,0.4512150287628174
/nec-smt/small/config_read_line/prp-1-22.smt2,sat,0.030611276626586914
/nec-smt/small/config_read_line/prp-1-31.smt2,sat,0.23287653923034668
/nec-smt/small/int_from_list/prp-3-18.smt2,unsat,0.016519546508789062
/nec-smt/small/int_from_list/prp-5-21.smt2,unsat,0.029209375381469727
/nec-smt/small/int_from_list/prp-16-23.smt2,unsat,0.060781240463256836
/nec-smt/small/int_from_list/prp-2-19.smt2,unsat,0.018594741821289062
/nec-smt/small/int_from_list/prp-5-22.smt2,unsat,0.04026913642883301
/nec-smt/small/int_from_list/prp-4-19.smt2,unsat,0.022269487380981445
/nec-smt/small/int_from_list/prp-2-17.smt2,unsat,0.014256000518798828
/nec-smt/small/int_from_list/prp-6-22.smt2,unsat,0.0402827262878418
/nec-smt/small/int_from_list/prp-3-19.smt2,unsat,0.0194852352142334
/nec-smt/small/int_from_list/prp-3-20.smt2,unsat,0.02289271354675293
/nec-smt/small/int_from_list/prp-3-21.smt2,unsat,0.03439903259277344
/nec-smt/small/int_from_list/prp-5-20.smt2,unsat,0.029022693634033203
/nec-smt/small/int_from_list/prp-4-21.smt2,unsat,0.0332794189453125
/nec-smt/small/int_from_list/prp-6-23.smt2,unsat,0.04430580139160156
/nec-smt/small/int_from_list/prp-5-23.smt2,unsat,0.05277395248413086
/nec-smt/small/checkpass_pwd/prp-1-16.smt2,sat,0.04264664649963379
/nec-smt/small/checkpass_pwd/prp-6-18.smt2,sat,0.12031221389770508
/nec-smt/small/checkpass_pwd/prp-4-17.smt2,sat,0.07615113258361816
/nec-smt/small/checkpass_pwd/prp-0-12.smt2,sat,0.014197826385498047
/nec-smt/small/checkpass_pwd/prp-2-18.smt2,sat,0.14859962463378906
/nec-smt/small/checkpass_pwd/prp-3-17.smt2,sat,0.09815669059753418
/nec-smt/small/checkpass_pwd/prp-0-14.smt2,sat,0.023162364959716797
/nec-smt/small/checkpass_pwd/prp-0-15.smt2,sat,0.03876924514770508
/nec-smt/small/checkpass_pwd/prp-1-14.smt2,sat,0.03447222709655762
/nec-smt/small/checkpass_pwd/prp-7-18.smt2,unsat,0.09450149536132812
/nec-smt/small/checkpass_pwd/prp-8-18.smt2,unsat,0.09201955795288086
/nec-smt/small/checkpass_pwd/prp-2-16.smt2,sat,0.053005218505859375
/nec-smt/small/checkpass_pwd/prp-5-17.smt2,sat,0.07715988159179688
/nec-smt/small/checkpass_pwd/prp-0-17.smt2,sat,0.08920431137084961
/nec-smt/small/print_file/prp-0-47.smt2,sat,0.3849296569824219
/nec-smt/small/print_file/prp-1-46.smt2,sat,0.3639545440673828
/nec-smt/small/print_file/prp-0-46.smt2,sat,0.3589472770690918
/nec-smt/small/print_file/prp-1-47.smt2,sat,0.40590882301330566
/nec-smt/large/getoption_directories/prp-11-48.smt2,unsat,200.37727046012878
/nec-smt/large/getoption_directories/prp-13-47.smt2,unsat,157.04836773872375
/nec-smt/large/getoption_directories/prp-10-46.smt2,unsat,130.16413736343384
/nec-smt/large/getoption_directories/prp-1-110.smt2,failed,1200.0
/nec-smt/large/getoption_directories/prp-7-50.smt2,unsat,329.2932164669037
/nec-smt/large/getoption_directories/prp-13-48.smt2,unsat,207.72770142555237
/nec-smt/large/getoption_directories/prp-9-47.smt2,sat,164.3168864250183
/nec-smt/large/getoption_directories/prp-12-46.smt2,unsat,146.2187581062317
/nec-smt/large/getoption_directories/prp-9-49.smt2,sat,203.72148180007935
/nec-smt/large/getoption_directories/prp-6-49.smt2,unsat,259.9207570552826
/nec-smt/large/getoption_directories/prp-4-111.smt2,failed,1200.0
/nec-smt/large/getoption_directories/prp-13-50.smt2,unsat,250.36397790908813
/nec-smt/large/getoption_directories/prp-11-46.smt2,unsat,120.06772780418396
/nec-smt/large/getoption_directories/prp-4-110.smt2,failed,1200.0
/nec-smt/large/getoption_directories/prp-1-109.smt2,failed,1200.0
/nec-smt/large/getoption_directories/prp-11-50.smt2,unsat,243.14720797538757
/nec-smt/large/getoption_directories/prp-2-111.smt2,failed,1200.0
/nec-smt/large/getoption_directories/prp-5-46.smt2,unsat,111.44984197616577
/nec-smt/large/getoption_directories/prp-0-113.smt2,failed,1200.0
/nec-smt/large/getoption_directories/prp-8-47.smt2,sat,190.11253833770752
/nec-smt/large/getoption_directories/prp-13-49.smt2,unsat,189.2632269859314
/nec-smt/large/getoption_directories/prp-6-50.smt2,unsat,337.36825037002563
/nec-smt/large/getoption_directories/prp-3-113.smt2,failed,1200.0
/nec-smt/large/getoption_directories/prp-13-46.smt2,unsat,130.31671905517578
/nec-smt/large/getoption_directories/prp-8-50.smt2,sat,269.7931706905365
/nec-smt/large/getoption_directories/prp-6-48.smt2,unsat,205.69410109519958
/nec-smt/large/getoption_directories/prp-9-46.smt2,sat,106.2463595867157
/nec-smt/large/getoption_directories/prp-7-48.smt2,unsat,245.19158816337585
/nec-smt/large/getoption_directories/prp-7-49.smt2,unsat,232.6835265159607
/nec-smt/large/getoption_directories/prp-1-112.smt2,failed,1200.0
/nec-smt/large/getoption_directories/prp-9-48.smt2,sat,187.68092107772827
/nec-smt/large/getoption_directories/prp-0-110.smt2,failed,1200.0
/nec-smt/large/getoption_directories/prp-11-47.smt2,unsat,176.8611159324646
/nec-smt/large/getoption_directories/prp-2-110.smt2,failed,1200.0
/nec-smt/large/getoption_directories/prp-3-112.smt2,failed,1200.0
/nec-smt/large/getoption_directories/prp-12-47.smt2,unsat,165.33475518226624
/nec-smt/large/getoption_directories/prp-5-49.smt2,unsat,189.1225950717926
/nec-smt/large/getoption_directories/prp-12-48.smt2,unsat,134.48586750030518
/nec-smt/large/getoption_directories/prp-7-47.smt2,unsat,207.28537964820862
/nec-smt/large/getoption_directories/prp-5-47.smt2,unsat,189.87508416175842
/nec-smt/large/getoption_directories/prp-10-48.smt2,unsat,180.1947376728058
/nec-smt/large/getoption_directories/prp-8-48.smt2,sat,158.7523491382599
/nec-smt/large/getoption_directories/prp-2-112.smt2,failed,1200.0
/nec-smt/large/getoption_directories/prp-4-112.smt2,failed,1200.0
/nec-smt/large/getoption_directories/prp-0-111.smt2,failed,1200.0
/nec-smt/large/getoption_directories/prp-3-111.smt2,failed,1200.0
/nec-smt/large/getoption_directories/prp-12-50.smt2,unsat,316.6234781742096
/nec-smt/large/getoption_directories/prp-8-46.smt2,sat,144.97067046165466
/nec-smt/large/getoption_directories/prp-10-47.smt2,unsat,189.0552635192871
/nec-smt/large/getoption_directories/prp-6-47.smt2,unsat,168.45816469192505
/nec-smt/large/getoption_directories/prp-10-50.smt2,unsat,264.9247932434082
/nec-smt/large/getoption_directories/prp-4-113.smt2,failed,1200.0
/nec-smt/large/getoption_directories/prp-7-46.smt2,unsat,178.47656989097595
/nec-smt/large/getoption_directories/prp-10-49.smt2,unsat,242.34087824821472
/nec-smt/large/getoption_directories/prp-12-49.smt2,unsat,233.2012643814087
/nec-smt/large/getoption_directories/prp-2-113.smt2,failed,1200.0
/nec-smt/large/getoption_directories/prp-9-50.smt2,sat,246.3025188446045
/nec-smt/large/getoption_directories/prp-6-46.smt2,unsat,132.97560143470764
/nec-smt/large/getoption_directories/prp-11-49.smt2,unsat,215.82625079154968
/nec-smt/large/getoption_directories/prp-5-50.smt2,unsat,265.9802358150482
/nec-smt/large/getoption_directories/prp-3-110.smt2,failed,1200.0
/nec-smt/large/getoption_directories/prp-1-111.smt2,failed,1200.0
/nec-smt/large/getoption_directories/prp-5-48.smt2,unsat,243.7982795238495
/nec-smt/large/getoption_directories/prp-0-112.smt2,failed,1200.0
/nec-smt/large/getoption_directories/prp-8-49.smt2,sat,251.54081535339355
/nec-smt/large/handler_sigchld/prp-3-48.smt2,unsat,16.06359076499939
/nec-smt/large/handler_sigchld/prp-16-50.smt2,unsat,25.647111177444458
/nec-smt/large/handler_sigchld/prp-11-48.smt2,unsat,22.2092444896698
/nec-smt/large/handler_sigchld/prp-0-49.smt2,unsat,18.894608974456787
/nec-smt/large/handler_sigchld/prp-1-49.smt2,unsat,32.72638201713562
/nec-smt/large/handler_sigchld/prp-13-47.smt2,unsat,24.43956232070923
/nec-smt/large/handler_sigchld/prp-10-46.smt2,unsat,12.080058813095093
/nec-smt/large/handler_sigchld/prp-25-48.smt2,unsat,21.02072286605835
/nec-smt/large/handler_sigchld/prp-7-50.smt2,unsat,21.05883240699768
/nec-smt/large/handler_sigchld/prp-0-48.smt2,unsat,11.60917067527771
/nec-smt/large/handler_sigchld/prp-13-48.smt2,unsat,16.06181812286377
/nec-smt/large/handler_sigchld/prp-25-49.smt2,unsat,17.0395987033844
/nec-smt/large/handler_sigchld/prp-25-46.smt2,unsat,14.293620824813843
/nec-smt/large/handler_sigchld/prp-22-50.smt2,unsat,31.314626932144165
/nec-smt/large/handler_sigchld/prp-9-47.smt2,sat,22.78168821334839
/nec-smt/large/handler_sigchld/prp-15-49.smt2,unsat,38.97291111946106
/nec-smt/large/handler_sigchld/prp-12-46.smt2,sat,20.830655336380005
/nec-smt/large/handler_sigchld/prp-9-49.smt2,unsat,20.58330774307251
/nec-smt/large/handler_sigchld/prp-6-49.smt2,unsat,16.043426990509033
/nec-smt/large/handler_sigchld/prp-20-48.smt2,unsat,12.339292287826538
/nec-smt/large/handler_sigchld/prp-2-46.smt2,sat,11.51256537437439
/nec-smt/large/handler_sigchld/prp-4-48.smt2,unsat,13.262687683105469
/nec-smt/large/handler_sigchld/prp-18-50.smt2,unsat,30.21549892425537
/nec-smt/large/handler_sigchld/prp-1-48.smt2,unsat,19.020448207855225
/nec-smt/large/handler_sigchld/prp-23-47.smt2,unsat,16.82821750640869
/nec-smt/large/handler_sigchld/prp-17-50.smt2,unsat,38.70074462890625
/nec-smt/large/handler_sigchld/prp-23-48.smt2,unsat,13.981294393539429
/nec-smt/large/handler_sigchld/prp-0-50.smt2,unsat,12.414186716079712
/nec-smt/large/handler_sigchld/prp-15-46.smt2,unsat,11.126813888549805
/nec-smt/large/handler_sigchld/prp-13-50.smt2,unsat,20.259356021881104
/nec-smt/large/handler_sigchld/prp-20-49.smt2,unsat,15.889883995056152
/nec-smt/large/handler_sigchld/prp-11-46.smt2,unsat,12.729966402053833
/nec-smt/large/handler_sigchld/prp-20-46.smt2,unsat,11.933134078979492
/nec-smt/large/handler_sigchld/prp-18-49.smt2,unsat,12.744110107421875
/nec-smt/large/handler_sigchld/prp-11-50.smt2,unsat,38.017406702041626
/nec-smt/large/handler_sigchld/prp-19-47.smt2,unsat,18.61880326271057
/nec-smt/large/handler_sigchld/prp-15-48.smt2,unsat,27.66857123374939
/nec-smt/large/handler_sigchld/prp-5-46.smt2,unsat,13.594668626785278
/nec-smt/large/handler_sigchld/prp-16-47.smt2,unsat,14.430747509002686
/nec-smt/large/handler_sigchld/prp-8-47.smt2,sat,20.532378911972046
/nec-smt/large/handler_sigchld/prp-0-47.smt2,unsat,10.530710935592651
/nec-smt/large/handler_sigchld/prp-13-49.smt2,unsat,27.053449630737305
/nec-smt/large/handler_sigchld/prp-6-50.smt2,unsat,34.591286182403564
/nec-smt/large/handler_sigchld/prp-13-46.smt2,unsat,12.847930431365967
/nec-smt/large/handler_sigchld/prp-22-46.smt2,unsat,13.218299150466919
/nec-smt/large/handler_sigchld/prp-18-48.smt2,unsat,11.655155897140503
/nec-smt/large/handler_sigchld/prp-18-47.smt2,unsat,14.208973407745361
/nec-smt/large/handler_sigchld/prp-19-46.smt2,unsat,11.505049467086792
/nec-smt/large/handler_sigchld/prp-15-50.smt2,unsat,23.432496786117554
/nec-smt/large/handler_sigchld/prp-23-50.smt2,unsat,25.066083431243896
/nec-smt/large/handler_sigchld/prp-3-49.smt2,unsat,21.639620542526245
/nec-smt/large/handler_sigchld/prp-8-50.smt2,sat,51.50213384628296
/nec-smt/large/handler_sigchld/prp-14-46.smt2,unsat,16.52991271018982
/nec-smt/large/handler_sigchld/prp-21-48.smt2,unsat,13.017498970031738
/nec-smt/large/handler_sigchld/prp-6-48.smt2,unsat,19.167601108551025
/nec-smt/large/handler_sigchld/prp-2-47.smt2,sat,16.6874098777771
/nec-smt/large/handler_sigchld/prp-9-46.smt2,sat,15.815794229507446
/nec-smt/large/handler_sigchld/prp-4-49.smt2,unsat,20.40498995780945
/nec-smt/large/handler_sigchld/prp-3-46.smt2,unsat,16.2606782913208
/nec-smt/large/handler_sigchld/prp-7-48.smt2,unsat,18.54188299179077
/nec-smt/large/handler_sigchld/prp-7-49.smt2,unsat,17.942838668823242
/nec-smt/large/handler_sigchld/prp-4-46.smt2,unsat,10.86783766746521
/nec-smt/large/handler_sigchld/prp-2-50.smt2,sat,32.1999568939209
/nec-smt/large/handler_sigchld/prp-9-48.smt2,sat,21.684438228607178
/nec-smt/large/handler_sigchld/prp-21-50.smt2,unsat,23.971898078918457
/nec-smt/large/handler_sigchld/prp-11-47.smt2,unsat,14.164553880691528
/nec-smt/large/handler_sigchld/prp-24-47.smt2,unsat,15.436969757080078
/nec-smt/large/handler_sigchld/prp-19-49.smt2,unsat,22.584715127944946
/nec-smt/large/handler_sigchld/prp-16-49.smt2,unsat,21.413963079452515
/nec-smt/large/handler_sigchld/prp-14-50.smt2,unsat,13.545745134353638
/nec-smt/large/handler_sigchld/prp-12-47.smt2,sat,22.83085536956787
/nec-smt/large/handler_sigchld/prp-20-47.smt2,unsat,15.08714485168457
/nec-smt/large/handler_sigchld/prp-24-50.smt2,unsat,23.829185724258423
/nec-smt/large/handler_sigchld/prp-5-49.smt2,unsat,21.74063014984131
/nec-smt/large/handler_sigchld/prp-12-48.smt2,unsat,17.498206853866577
/nec-smt/large/handler_sigchld/prp-7-47.smt2,unsat,13.275252103805542
/nec-smt/large/handler_sigchld/prp-23-49.smt2,unsat,20.656044483184814
/nec-smt/large/handler_sigchld/prp-23-46.smt2,unsat,16.136517763137817
/nec-smt/large/handler_sigchld/prp-2-49.smt2,unsat,19.690531492233276
/nec-smt/large/handler_sigchld/prp-24-48.smt2,unsat,15.541714429855347
/nec-smt/large/handler_sigchld/prp-5-47.smt2,unsat,15.455135583877563
/nec-smt/large/handler_sigchld/prp-1-50.smt2,unsat,36.178263425827026
/nec-smt/large/handler_sigchld/prp-10-48.smt2,unsat,20.85585856437683
/nec-smt/large/handler_sigchld/prp-25-47.smt2,unsat,14.553358554840088
/nec-smt/large/handler_sigchld/prp-21-49.smt2,unsat,24.93537664413452
/nec-smt/large/handler_sigchld/prp-16-46.smt2,unsat,14.281558513641357
/nec-smt/large/handler_sigchld/prp-8-48.smt2,unsat,15.610753059387207
/nec-smt/large/handler_sigchld/prp-19-50.smt2,unsat,22.43060541152954
/nec-smt/large/handler_sigchld/prp-1-46.smt2,unsat,17.17717170715332
/nec-smt/large/handler_sigchld/prp-21-47.smt2,unsat,14.413880825042725
/nec-smt/large/handler_sigchld/prp-19-48.smt2,unsat,18.442214727401733
/nec-smt/large/handler_sigchld/prp-16-48.smt2,unsat,15.485283851623535
/nec-smt/large/handler_sigchld/prp-18-46.smt2,unsat,13.865082263946533
/nec-smt/large/handler_sigchld/prp-4-47.smt2,unsat,13.836347341537476
/nec-smt/large/handler_sigchld/prp-0-46.smt2,unsat,7.635429382324219
/nec-smt/large/handler_sigchld/prp-24-49.smt2,unsat,20.490758895874023
/nec-smt/large/handler_sigchld/prp-24-46.smt2,unsat,12.748522520065308
/nec-smt/large/handler_sigchld/prp-14-47.smt2,unsat,19.80839228630066
/nec-smt/large/handler_sigchld/prp-12-50.smt2,unsat,53.136107206344604
/nec-smt/large/handler_sigchld/prp-2-48.smt2,unsat,13.195539236068726
/nec-smt/large/handler_sigchld/prp-17-47.smt2,unsat,10.179092407226562
/nec-smt/large/handler_sigchld/prp-8-46.smt2,sat,15.994096040725708
/nec-smt/large/handler_sigchld/prp-10-47.smt2,unsat,12.731494903564453
/nec-smt/large/handler_sigchld/prp-22-48.smt2,unsat,13.572144508361816
/nec-smt/large/handler_sigchld/prp-6-47.smt2,unsat,23.520402193069458
/nec-smt/large/handler_sigchld/prp-22-47.smt2,unsat,13.632973432540894
/nec-smt/large/handler_sigchld/prp-17-46.smt2,unsat,13.905861616134644
/nec-smt/large/handler_sigchld/prp-10-50.smt2,sat,27.225594520568848
/nec-smt/large/handler_sigchld/prp-3-47.smt2,unsat,10.989472389221191
/nec-smt/large/handler_sigchld/prp-7-46.smt2,unsat,12.99263072013855
/nec-smt/large/handler_sigchld/prp-14-48.smt2,unsat,12.159754514694214
/nec-smt/large/handler_sigchld/prp-17-48.smt2,unsat,18.22549057006836
/nec-smt/large/handler_sigchld/prp-10-49.smt2,sat,29.18508267402649
/nec-smt/large/handler_sigchld/prp-1-47.smt2,unsat,18.85806369781494
/nec-smt/large/handler_sigchld/prp-12-49.smt2,unsat,14.187448024749756
/nec-smt/large/handler_sigchld/prp-17-49.smt2,unsat,28.210484504699707
/nec-smt/large/handler_sigchld/prp-15-47.smt2,unsat,12.679777145385742
/nec-smt/large/handler_sigchld/prp-21-46.smt2,unsat,8.416894435882568
/nec-smt/large/handler_sigchld/prp-9-50.smt2,sat,44.10562801361084
/nec-smt/large/handler_sigchld/prp-6-46.smt2,unsat,12.497611999511719
/nec-smt/large/handler_sigchld/prp-25-50.smt2,unsat,20.74627184867859
/nec-smt/large/handler_sigchld/prp-11-49.smt2,unsat,38.446521282196045
/nec-smt/large/handler_sigchld/prp-3-50.smt2,unsat,22.686342239379883
/nec-smt/large/handler_sigchld/prp-14-49.smt2,unsat,24.84008264541626
/nec-smt/large/handler_sigchld/prp-22-49.smt2,unsat,31.576915740966797
/nec-smt/large/handler_sigchld/prp-5-50.smt2,unsat,33.49846935272217
/nec-smt/large/handler_sigchld/prp-20-50.smt2,unsat,18.522055625915527
/nec-smt/large/handler_sigchld/prp-5-48.smt2,unsat,20.4222252368927
/nec-smt/large/handler_sigchld/prp-4-50.smt2,unsat,24.94677758216858
/nec-smt/large/handler_sigchld/prp-8-49.smt2,sat,29.44587516784668
/nec-smt/large/getoption_group/prp-58-48.smt2,unsat,21.121836185455322
/nec-smt/large/getoption_group/prp-61-49.smt2,sat,61.50388479232788
/nec-smt/large/getoption_group/prp-3-48.smt2,sat,61.67983365058899
/nec-smt/large/getoption_group/prp-16-50.smt2,sat,64.94136834144592
/nec-smt/large/getoption_group/prp-58-50.smt2,unsat,31.18044114112854
/nec-smt/large/getoption_group/prp-11-48.smt2,sat,63.53862714767456
/nec-smt/large/getoption_group/prp-0-49.smt2,unsat,7.107770204544067
/nec-smt/large/getoption_group/prp-1-49.smt2,unsat,120.09401845932007
/nec-smt/large/getoption_group/prp-61-46.smt2,unsat,11.064044713973999
/nec-smt/large/getoption_group/prp-13-47.smt2,sat,27.46569299697876
/nec-smt/large/getoption_group/prp-33-47.smt2,sat,38.734944581985474
/nec-smt/large/getoption_group/prp-10-46.smt2,sat,32.107513189315796
/nec-smt/large/getoption_group/prp-33-46.smt2,unsat,20.505487203598022
/nec-smt/large/getoption_group/prp-25-48.smt2,unsat,47.09383583068848
/nec-smt/large/getoption_group/prp-7-50.smt2,sat,120.83812832832336
/nec-smt/large/getoption_group/prp-81-49.smt2,unsat,25.966148138046265
/nec-smt/large/getoption_group/prp-28-50.smt2,unsat,87.19208979606628
/nec-smt/large/getoption_group/prp-0-48.smt2,unsat,30.732465744018555
/nec-smt/large/getoption_group/prp-56-50.smt2,unsat,38.91260290145874
/nec-smt/large/getoption_group/prp-34-49.smt2,sat,60.34097218513489
/nec-smt/large/getoption_group/prp-13-48.smt2,sat,35.77143716812134
/nec-smt/large/getoption_group/prp-51-46.smt2,unsat,13.808199167251587
/nec-smt/large/getoption_group/prp-47-48.smt2,unsat,31.035855293273926
/nec-smt/large/getoption_group/prp-25-49.smt2,unsat,72.02010130882263
/nec-smt/large/getoption_group/prp-22-50.smt2,sat,76.86987566947937
/nec-smt/large/getoption_group/prp-63-48.smt2,unsat,24.335076332092285
/nec-smt/large/getoption_group/prp-9-47.smt2,sat,30.23509693145752
/nec-smt/large/getoption_group/prp-66-48.smt2,unsat,17.132671117782593
/nec-smt/large/getoption_group/prp-67-50.smt2,unsat,30.757971048355103
/nec-smt/large/getoption_group/prp-35-48.smt2,sat,35.98948860168457
/nec-smt/large/getoption_group/prp-49-46.smt2,unsat,10.863927841186523
/nec-smt/large/getoption_group/prp-54-49.smt2,unsat,21.32993745803833
/nec-smt/large/getoption_group/prp-43-47.smt2,unsat,16.78368043899536
/nec-smt/large/getoption_group/prp-28-49.smt2,unsat,65.60526275634766
/nec-smt/large/getoption_group/prp-65-49.smt2,unsat,30.67853045463562
/nec-smt/large/getoption_group/prp-72-50.smt2,unsat,45.02446413040161
/nec-smt/large/getoption_group/prp-15-49.smt2,sat,40.18048143386841
/nec-smt/large/getoption_group/prp-12-46.smt2,sat,15.243882894515991
/nec-smt/large/getoption_group/prp-9-49.smt2,sat,41.43506121635437
/nec-smt/large/getoption_group/prp-74-48.smt2,unsat,17.02363395690918
/nec-smt/large/getoption_group/prp-6-49.smt2,sat,101.85079717636108
/nec-smt/large/getoption_group/prp-33-48.smt2,sat,67.14803791046143
/nec-smt/large/getoption_group/prp-60-47.smt2,unsat,14.073818683624268
/nec-smt/large/getoption_group/prp-60-49.smt2,unsat,45.313441038131714
/nec-smt/large/getoption_group/prp-46-50.smt2,sat,75.14733934402466
/nec-smt/large/getoption_group/prp-59-47.smt2,unsat,18.860015630722046
/nec-smt/large/getoption_group/prp-71-50.smt2,unsat,35.770100116729736
/nec-smt/large/getoption_group/prp-20-48.smt2,sat,53.98569345474243
/nec-smt/large/getoption_group/prp-30-49.smt2,sat,104.35811114311218
/nec-smt/large/getoption_group/prp-2-46.smt2,sat,21.075403213500977
/nec-smt/large/getoption_group/prp-62-48.smt2,unsat,24.45745873451233
/nec-smt/large/getoption_group/prp-4-48.smt2,sat,71.91841530799866
/nec-smt/large/getoption_group/prp-70-49.smt2,unsat,16.621558904647827
/nec-smt/large/getoption_group/prp-36-48.smt2,sat,36.039645195007324
/nec-smt/large/getoption_group/prp-42-49.smt2,sat,38.64459276199341
/nec-smt/large/getoption_group/prp-56-46.smt2,unsat,17.9241886138916
/nec-smt/large/getoption_group/prp-59-50.smt2,unsat,31.55231237411499
/nec-smt/large/getoption_group/prp-78-50.smt2,unsat,43.99199438095093
/nec-smt/large/getoption_group/prp-34-45.smt2,sat,12.71933650970459
/nec-smt/large/getoption_group/prp-49-47.smt2,unsat,24.262428522109985
/nec-smt/large/getoption_group/prp-18-50.smt2,sat,108.56659245491028
/nec-smt/large/getoption_group/prp-31-49.smt2,sat,68.11659812927246
/nec-smt/large/getoption_group/prp-1-48.smt2,unsat,28.696214199066162
/nec-smt/large/getoption_group/prp-23-47.smt2,sat,35.865211963653564
/nec-smt/large/getoption_group/prp-63-50.smt2,unsat,32.705103397369385
/nec-smt/large/getoption_group/prp-17-50.smt2,sat,100.07838034629822
/nec-smt/large/getoption_group/prp-38-49.smt2,sat,50.92611312866211
/nec-smt/large/getoption_group/prp-39-50.smt2,unsat,53.87534523010254
/nec-smt/large/getoption_group/prp-23-48.smt2,sat,32.351577043533325
/nec-smt/large/getoption_group/prp-52-47.smt2,unsat,18.691084384918213
/nec-smt/large/getoption_group/prp-29-48.smt2,unsat,34.554322719573975
/nec-smt/large/getoption_group/prp-61-47.smt2,unsat,17.302202224731445
/nec-smt/large/getoption_group/prp-0-50.smt2,unsat,3.3173842430114746
/nec-smt/large/getoption_group/prp-15-46.smt2,sat,32.00210618972778
/nec-smt/large/getoption_group/prp-30-50.smt2,sat,71.47652077674866
/nec-smt/large/getoption_group/prp-13-50.smt2,sat,108.38009786605835
/nec-smt/large/getoption_group/prp-20-49.smt2,sat,56.78828167915344
/nec-smt/large/getoption_group/prp-11-46.smt2,sat,26.245740175247192
/nec-smt/large/getoption_group/prp-20-46.smt2,sat,37.92020630836487
/nec-smt/large/getoption_group/prp-31-50.smt2,sat,40.81457185745239
/nec-smt/large/getoption_group/prp-18-49.smt2,sat,42.654210805892944
/nec-smt/large/getoption_group/prp-60-46.smt2,unsat,17.858824491500854
/nec-smt/large/getoption_group/prp-11-50.smt2,sat,151.36338686943054
/nec-smt/large/getoption_group/prp-28-43.smt2,sat,12.604593992233276
/nec-smt/large/getoption_group/prp-19-47.smt2,sat,59.01931023597717
/nec-smt/large/getoption_group/prp-40-50.smt2,sat,73.22226691246033
/nec-smt/large/getoption_group/prp-15-48.smt2,sat,38.80128073692322
/nec-smt/large/getoption_group/prp-42-50.smt2,sat,117.06942057609558
/nec-smt/large/getoption_group/prp-70-50.smt2,unsat,36.74474763870239
/nec-smt/large/getoption_group/prp-5-46.smt2,sat,27.888034343719482
/nec-smt/large/getoption_group/prp-81-50.smt2,unsat,25.959808349609375
/nec-smt/large/getoption_group/prp-72-49.smt2,unsat,23.68470549583435
/nec-smt/large/getoption_group/prp-16-47.smt2,sat,37.92179203033447
/nec-smt/large/getoption_group/prp-8-47.smt2,sat,38.7762176990509
/nec-smt/large/getoption_group/prp-0-47.smt2,unsat,3.0317747592926025
/nec-smt/large/getoption_group/prp-36-45.smt2,sat,21.871865272521973
/nec-smt/large/getoption_group/prp-43-46.smt2,unsat,15.343430042266846
/nec-smt/large/getoption_group/prp-74-49.smt2,unsat,39.701728105545044
/nec-smt/large/getoption_group/prp-79-50.smt2,unsat,30.07487726211548
/nec-smt/large/getoption_group/prp-13-49.smt2,sat,78.2797212600708
/nec-smt/large/getoption_group/prp-6-50.smt2,sat,49.04502010345459
/nec-smt/large/getoption_group/prp-46-46.smt2,sat,25.73829936981201
/nec-smt/large/getoption_group/prp-46-49.smt2,sat,42.21992778778076
/nec-smt/large/getoption_group/prp-50-48.smt2,unsat,20.34495782852173
/nec-smt/large/getoption_group/prp-52-50.smt2,unsat,44.97695589065552
/nec-smt/large/getoption_group/prp-55-50.smt2,unsat,59.925912380218506
/nec-smt/large/getoption_group/prp-13-46.smt2,unsat,24.8908634185791
/nec-smt/large/getoption_group/prp-55-48.smt2,unsat,31.447572231292725
/nec-smt/large/getoption_group/prp-22-46.smt2,unsat,30.898072481155396
/nec-smt/large/getoption_group/prp-43-48.smt2,unsat,35.5323212146759
/nec-smt/large/getoption_group/prp-67-47.smt2,unsat,12.151104927062988
/nec-smt/large/getoption_group/prp-48-48.smt2,sat,39.40167689323425
/nec-smt/large/getoption_group/prp-80-50.smt2,unsat,35.71458601951599
/nec-smt/large/getoption_group/prp-18-48.smt2,sat,61.70622682571411
/nec-smt/large/getoption_group/prp-66-50.smt2,unsat,43.23503303527832
/nec-smt/large/getoption_group/prp-18-47.smt2,sat,15.817987203598022
/nec-smt/large/getoption_group/prp-44-47.smt2,unsat,30.84676432609558
/nec-smt/large/getoption_group/prp-62-50.smt2,unsat,35.43036651611328
/nec-smt/large/getoption_group/prp-19-46.smt2,sat,37.931699991226196
/nec-smt/large/getoption_group/prp-40-47.smt2,sat,38.10651397705078
/nec-smt/large/getoption_group/prp-15-50.smt2,sat,85.5298445224762
/nec-smt/large/getoption_group/prp-23-50.smt2,sat,124.38102865219116
/nec-smt/large/getoption_group/prp-39-48.smt2,sat,46.24358654022217
/nec-smt/large/getoption_group/prp-3-49.smt2,sat,51.55463171005249
/nec-smt/large/getoption_group/prp-54-46.smt2,unsat,13.641606330871582
/nec-smt/large/getoption_group/prp-53-48.smt2,unsat,22.568719387054443
/nec-smt/large/getoption_group/prp-8-50.smt2,sat,119.97243142127991
/nec-smt/large/getoption_group/prp-14-46.smt2,sat,28.478317975997925
/nec-smt/large/getoption_group/prp-59-49.smt2,unsat,33.594263315200806
/nec-smt/large/getoption_group/prp-21-48.smt2,sat,55.34507203102112
/nec-smt/large/getoption_group/prp-26-50.smt2,unsat,87.95828294754028
/nec-smt/large/getoption_group/prp-52-46.smt2,unsat,13.824256181716919
/nec-smt/large/getoption_group/prp-65-50.smt2,unsat,34.623807430267334
/nec-smt/large/getoption_group/prp-29-43.smt2,sat,6.81011700630188
/nec-smt/large/getoption_group/prp-6-48.smt2,sat,60.386133909225464
/nec-smt/large/getoption_group/prp-36-49.smt2,sat,53.17299747467041
/nec-smt/large/getoption_group/prp-32-46.smt2,unsat,21.89643907546997
/nec-smt/large/getoption_group/prp-40-46.smt2,unsat,13.771575212478638
/nec-smt/large/getoption_group/prp-37-48.smt2,unsat,49.05958533287048
/nec-smt/large/getoption_group/prp-2-47.smt2,sat,29.042879581451416
/nec-smt/large/getoption_group/prp-9-46.smt2,sat,23.121459484100342
/nec-smt/large/getoption_group/prp-51-47.smt2,unsat,24.971873998641968
/nec-smt/large/getoption_group/prp-56-47.smt2,unsat,11.067692756652832
/nec-smt/large/getoption_group/prp-28-48.smt2,unsat,50.89669489860535
/nec-smt/large/getoption_group/prp-4-49.smt2,sat,57.87509489059448
/nec-smt/large/getoption_group/prp-3-46.smt2,sat,28.164701223373413
/nec-smt/large/getoption_group/prp-43-50.smt2,unsat,66.86865210533142
/nec-smt/large/getoption_group/prp-7-48.smt2,sat,56.603392601013184
/nec-smt/large/getoption_group/prp-7-49.smt2,sat,74.30448246002197
/nec-smt/large/getoption_group/prp-29-50.smt2,unsat,113.09780693054199
/nec-smt/large/getoption_group/prp-4-46.smt2,sat,25.35501790046692
/nec-smt/large/getoption_group/prp-37-50.smt2,sat,133.52446246147156
/nec-smt/large/getoption_group/prp-38-50.smt2,sat,88.58176183700562
/nec-smt/large/getoption_group/prp-54-50.smt2,unsat,42.50745725631714
/nec-smt/large/getoption_group/prp-36-47.smt2,sat,38.62910532951355
/nec-smt/large/getoption_group/prp-2-50.smt2,sat,84.33170199394226
/nec-smt/large/getoption_group/prp-71-49.smt2,unsat,20.0755774974823
/nec-smt/large/getoption_group/prp-9-48.smt2,sat,42.92648887634277
/nec-smt/large/getoption_group/prp-44-46.smt2,unsat,18.522494792938232
/nec-smt/large/getoption_group/prp-35-49.smt2,sat,118.75557017326355
/nec-smt/large/getoption_group/prp-48-50.smt2,sat,60.677857398986816
/nec-smt/large/getoption_group/prp-30-46.smt2,sat,34.50518441200256
/nec-smt/large/getoption_group/prp-53-46.smt2,unsat,13.057346820831299
/nec-smt/large/getoption_group/prp-42-47.smt2,sat,37.68016290664673
/nec-smt/large/getoption_group/prp-26-49.smt2,unsat,68.29551601409912
/nec-smt/large/getoption_group/prp-68-49.smt2,unsat,40.323071002960205
/nec-smt/large/getoption_group/prp-64-47.smt2,unsat,32.163065671920776
/nec-smt/large/getoption_group/prp-41-46.smt2,unsat,17.653302669525146
/nec-smt/large/getoption_group/prp-46-47.smt2,sat,47.51441836357117
/nec-smt/large/getoption_group/prp-62-47.smt2,unsat,26.63038206100464
/nec-smt/large/getoption_group/prp-21-50.smt2,sat,111.3753080368042
/nec-smt/large/getoption_group/prp-41-50.smt2,unsat,43.30607199668884
/nec-smt/large/getoption_group/prp-58-47.smt2,unsat,13.450432538986206
/nec-smt/large/getoption_group/prp-52-48.smt2,unsat,26.979353189468384
/nec-smt/large/getoption_group/prp-11-47.smt2,sat,41.731858015060425
/nec-smt/large/getoption_group/prp-55-46.smt2,unsat,13.819131851196289
/nec-smt/large/getoption_group/prp-27-48.smt2,unsat,49.64534282684326
/nec-smt/large/getoption_group/prp-33-50.smt2,sat,125.05275797843933
/nec-smt/large/getoption_group/prp-55-47.smt2,unsat,14.445710897445679
/nec-smt/large/getoption_group/prp-49-48.smt2,unsat,33.91503143310547
/nec-smt/large/getoption_group/prp-51-49.smt2,unsat,55.27845311164856
/nec-smt/large/getoption_group/prp-24-47.smt2,sat,35.59404397010803
/nec-smt/large/getoption_group/prp-50-49.smt2,unsat,38.28482127189636
/nec-smt/large/getoption_group/prp-38-48.smt2,unsat,29.521005392074585
/nec-smt/large/getoption_group/prp-19-49.smt2,sat,67.6989471912384
/nec-smt/large/getoption_group/prp-45-49.smt2,sat,109.40253043174744
/nec-smt/large/getoption_group/prp-16-49.smt2,sat,59.056957960128784
/nec-smt/large/getoption_group/prp-14-50.smt2,sat,116.72416162490845
/nec-smt/large/getoption_group/prp-53-49.smt2,unsat,27.10889768600464
/nec-smt/large/getoption_group/prp-39-46.smt2,sat,28.490657806396484
/nec-smt/large/getoption_group/prp-75-49.smt2,unsat,17.36512804031372
/nec-smt/large/getoption_group/prp-27-50.smt2,unsat,79.77066254615784
/nec-smt/large/getoption_group/prp-56-49.smt2,unsat,61.39849662780762
/nec-smt/large/getoption_group/prp-60-50.smt2,unsat,53.99723696708679
/nec-smt/large/getoption_group/prp-40-49.smt2,sat,35.10125756263733
/nec-smt/large/getoption_group/prp-35-47.smt2,sat,23.323514223098755
/nec-smt/large/getoption_group/prp-64-49.smt2,unsat,39.82408094406128
/nec-smt/large/getoption_group/prp-73-50.smt2,unsat,53.18011546134949
/nec-smt/large/getoption_group/prp-12-47.smt2,sat,35.95343804359436
/nec-smt/large/getoption_group/prp-66-49.smt2,unsat,41.37460541725159
/nec-smt/large/getoption_group/prp-20-47.smt2,sat,60.95725989341736
/nec-smt/large/getoption_group/prp-75-50.smt2,unsat,27.510587692260742
/nec-smt/large/getoption_group/prp-37-46.smt2,sat,24.4637610912323
/nec-smt/large/getoption_group/prp-56-48.smt2,unsat,33.83967089653015
/nec-smt/large/getoption_group/prp-24-50.smt2,sat,103.24207949638367
/nec-smt/large/getoption_group/prp-5-49.smt2,sat,57.434314489364624
/nec-smt/large/getoption_group/prp-12-48.smt2,sat,33.97496438026428
/nec-smt/large/getoption_group/prp-7-47.smt2,sat,29.393857955932617
/nec-smt/large/getoption_group/prp-31-47.smt2,sat,40.98510122299194
/nec-smt/large/getoption_group/prp-23-49.smt2,sat,111.28967094421387
/nec-smt/large/getoption_group/prp-63-49.smt2,unsat,36.420525550842285
/nec-smt/large/getoption_group/prp-42-46.smt2,sat,25.069791078567505
/nec-smt/large/getoption_group/prp-34-46.smt2,sat,37.226027727127075
/nec-smt/large/getoption_group/prp-30-48.smt2,sat,44.42090892791748
/nec-smt/large/getoption_group/prp-46-48.smt2,sat,39.978663206100464
/nec-smt/large/getoption_group/prp-23-46.smt2,unsat,32.65517258644104
/nec-smt/large/getoption_group/prp-51-50.smt2,unsat,32.65916681289673
/nec-smt/large/getoption_group/prp-27-46.smt2,sat,37.888829469680786
/nec-smt/large/getoption_group/prp-50-46.smt2,unsat,15.907592296600342
/nec-smt/large/getoption_group/prp-2-49.smt2,sat,68.25019693374634
/nec-smt/large/getoption_group/prp-24-48.smt2,sat,109.85947728157043
/nec-smt/large/getoption_group/prp-5-47.smt2,sat,34.04374098777771
/nec-smt/large/getoption_group/prp-75-48.smt2,unsat,29.04915690422058
/nec-smt/large/getoption_group/prp-1-50.smt2,sat,72.58169078826904
/nec-smt/large/getoption_group/prp-55-49.smt2,unsat,50.0052227973938
/nec-smt/large/getoption_group/prp-68-50.smt2,unsat,41.936748027801514
/nec-smt/large/getoption_group/prp-10-48.smt2,sat,39.74366021156311
/nec-smt/large/getoption_group/prp-25-47.smt2,unsat,24.294760942459106
/nec-smt/large/getoption_group/prp-21-49.smt2,sat,60.56886291503906
/nec-smt/large/getoption_group/prp-32-50.smt2,sat,100.57947874069214
/nec-smt/large/getoption_group/prp-67-48.smt2,unsat,25.14996099472046
/nec-smt/large/getoption_group/prp-16-46.smt2,sat,18.423462390899658
/nec-smt/large/getoption_group/prp-8-48.smt2,sat,41.78496599197388
/nec-smt/large/getoption_group/prp-57-47.smt2,unsat,10.141414642333984
/nec-smt/large/getoption_group/prp-19-50.smt2,sat,46.003257036209106
/nec-smt/large/getoption_group/prp-1-46.smt2,unsat,33.36188554763794
/nec-smt/large/getoption_group/prp-21-47.smt2,sat,40.097249031066895
/nec-smt/large/getoption_group/prp-47-50.smt2,sat,40.58016848564148
/nec-smt/large/getoption_group/prp-69-50.smt2,unsat,31.356759309768677
/nec-smt/large/getoption_group/prp-19-48.smt2,sat,41.496713161468506
/nec-smt/large/getoption_group/prp-41-48.smt2,sat,57.846768379211426
/nec-smt/large/getoption_group/prp-38-47.smt2,unsat,40.61582612991333
/nec-smt/large/getoption_group/prp-63-47.smt2,unsat,17.246081590652466
/nec-smt/large/getoption_group/prp-26-48.smt2,unsat,45.97828269004822
/nec-smt/large/getoption_group/prp-37-47.smt2,sat,36.44851231575012
/nec-smt/large/getoption_group/prp-39-49.smt2,sat,52.24476861953735
/nec-smt/large/getoption_group/prp-16-48.smt2,sat,49.46857166290283
/nec-smt/large/getoption_group/prp-64-50.smt2,unsat,37.52191972732544
/nec-smt/large/getoption_group/prp-47-46.smt2,unsat,16.821950912475586
/nec-smt/large/getoption_group/prp-37-49.smt2,sat,70.5575487613678
/nec-smt/large/getoption_group/prp-35-46.smt2,unsat,32.240023612976074
/nec-smt/large/getoption_group/prp-18-46.smt2,sat,20.643906831741333
/nec-smt/large/getoption_group/prp-76-50.smt2,unsat,38.59465193748474
/nec-smt/large/getoption_group/prp-4-47.smt2,sat,22.693073749542236
/nec-smt/large/getoption_group/prp-0-46.smt2,unsat,0.9917469024658203
/nec-smt/large/getoption_group/prp-24-49.smt2,sat,73.25657963752747
/nec-smt/large/getoption_group/prp-45-50.smt2,sat,88.01806116104126
/nec-smt/large/getoption_group/prp-24-46.smt2,unsat,18.473721265792847
/nec-smt/large/getoption_group/prp-61-48.smt2,unsat,22.522562742233276
/nec-smt/large/getoption_group/prp-14-47.smt2,sat,51.296454191207886
/nec-smt/large/getoption_group/prp-33-49.smt2,sat,76.87235164642334
/nec-smt/large/getoption_group/prp-12-50.smt2,sat,106.31959319114685
/nec-smt/large/getoption_group/prp-48-46.smt2,unsat,21.08278465270996
/nec-smt/large/getoption_group/prp-2-48.smt2,sat,50.950374126434326
/nec-smt/large/getoption_group/prp-50-47.smt2,unsat,21.939090728759766
/nec-smt/large/getoption_group/prp-27-47.smt2,unsat,43.72920083999634
/nec-smt/large/getoption_group/prp-17-47.smt2,unsat,39.15794038772583
/nec-smt/large/getoption_group/prp-8-46.smt2,unsat,42.49268651008606
/nec-smt/large/getoption_group/prp-10-47.smt2,sat,18.239508152008057
/nec-smt/large/getoption_group/prp-22-48.smt2,unsat,67.39552450180054
/nec-smt/large/getoption_group/prp-6-47.smt2,sat,44.88470387458801
/nec-smt/large/getoption_group/prp-57-49.smt2,unsat,32.312066316604614
/nec-smt/large/getoption_group/prp-32-47.smt2,sat,57.28312826156616
/nec-smt/large/getoption_group/prp-22-47.smt2,unsat,51.59752631187439
/nec-smt/large/getoption_group/prp-61-50.smt2,sat,82.01308989524841
/nec-smt/large/getoption_group/prp-48-49.smt2,sat,58.61729693412781
/nec-smt/large/getoption_group/prp-47-47.smt2,unsat,13.638500928878784
/nec-smt/large/getoption_group/prp-47-49.smt2,sat,71.07858967781067
/nec-smt/large/getoption_group/prp-32-49.smt2,sat,101.78383231163025
/nec-smt/large/getoption_group/prp-58-49.smt2,unsat,49.75749850273132
/nec-smt/large/getoption_group/prp-17-46.smt2,unsat,31.709126949310303
/nec-smt/large/getoption_group/prp-10-50.smt2,sat,101.16927099227905
/nec-smt/large/getoption_group/prp-28-42.smt2,sat,7.3141679763793945
/nec-smt/large/getoption_group/prp-58-46.smt2,unsat,15.691734790802002
/nec-smt/large/getoption_group/prp-41-47.smt2,unsat,41.37910461425781
/nec-smt/large/getoption_group/prp-65-48.smt2,unsat,16.776130437850952
/nec-smt/large/getoption_group/prp-49-49.smt2,unsat,38.86239981651306
/nec-smt/large/getoption_group/prp-3-47.smt2,sat,26.319539308547974
/nec-smt/large/getoption_group/prp-7-46.smt2,sat,15.848808526992798
/nec-smt/large/getoption_group/prp-14-48.smt2,sat,31.162007093429565
/nec-smt/large/getoption_group/prp-45-46.smt2,unsat,12.548184871673584
/nec-smt/large/getoption_group/prp-32-48.smt2,sat,51.46052289009094
/nec-smt/large/getoption_group/prp-31-46.smt2,sat,27.357484102249146
/nec-smt/large/getoption_group/prp-54-47.smt2,unsat,19.411800861358643
/nec-smt/large/getoption_group/prp-17-48.smt2,sat,23.376553058624268
/nec-smt/large/getoption_group/prp-36-46.smt2,sat,30.63335394859314
/nec-smt/large/getoption_group/prp-45-48.smt2,sat,44.374260663986206
/nec-smt/large/getoption_group/prp-52-49.smt2,unsat,24.846624851226807
/nec-smt/large/getoption_group/prp-10-49.smt2,sat,52.71170401573181
/nec-smt/large/getoption_group/prp-1-47.smt2,unsat,25.489357233047485
/nec-smt/large/getoption_group/prp-12-49.smt2,sat,62.518192768096924
/nec-smt/large/getoption_group/prp-57-46.smt2,unsat,14.203815937042236
/nec-smt/large/getoption_group/prp-51-48.smt2,unsat,23.065437078475952
/nec-smt/large/getoption_group/prp-50-50.smt2,unsat,22.272023677825928
/nec-smt/large/getoption_group/prp-74-50.smt2,unsat,57.90710425376892
/nec-smt/large/getoption_group/prp-77-50.smt2,unsat,32.658042669296265
/nec-smt/large/getoption_group/prp-35-50.smt2,sat,102.45144319534302
/nec-smt/large/getoption_group/prp-17-49.smt2,sat,151.4656298160553
/nec-smt/large/getoption_group/prp-41-49.smt2,sat,61.83123564720154
/nec-smt/large/getoption_group/prp-44-50.smt2,unsat,34.19614315032959
/nec-smt/large/getoption_group/prp-34-47.smt2,sat,24.662039756774902
/nec-smt/large/getoption_group/prp-62-49.smt2,unsat,26.338947534561157
/nec-smt/large/getoption_group/prp-42-48.smt2,sat,60.94252371788025
/nec-smt/large/getoption_group/prp-15-47.smt2,sat,48.45388627052307
/nec-smt/large/getoption_group/prp-53-50.smt2,unsat,38.482168197631836
/nec-smt/large/getoption_group/prp-38-46.smt2,unsat,23.149643182754517
/nec-smt/large/getoption_group/prp-21-46.smt2,sat,34.1129686832428
/nec-smt/large/getoption_group/prp-9-50.smt2,sat,120.41590285301208
/nec-smt/large/getoption_group/prp-53-47.smt2,unsat,31.614068746566772
/nec-smt/large/getoption_group/prp-6-46.smt2,sat,34.96052646636963
/nec-smt/large/getoption_group/prp-25-50.smt2,unsat,121.32831335067749
/nec-smt/large/getoption_group/prp-11-49.smt2,sat,63.13935685157776
/nec-smt/large/getoption_group/prp-39-47.smt2,sat,39.91688251495361
/nec-smt/large/getoption_group/prp-67-49.smt2,unsat,33.870269775390625
/nec-smt/large/getoption_group/prp-59-46.smt2,unsat,16.747508764266968
/nec-smt/large/getoption_group/prp-3-50.smt2,sat,142.00298762321472
/nec-smt/large/getoption_group/prp-14-49.smt2,sat,111.6050157546997
/nec-smt/large/getoption_group/prp-73-49.smt2,unsat,28.468838453292847
/nec-smt/large/getoption_group/prp-45-47.smt2,unsat,25.487995862960815
/nec-smt/large/getoption_group/prp-54-48.smt2,unsat,21.048988342285156
/nec-smt/large/getoption_group/prp-22-49.smt2,sat,78.58347868919373
/nec-smt/large/getoption_group/prp-60-48.smt2,unsat,19.733076572418213
/nec-smt/large/getoption_group/prp-64-48.smt2,unsat,21.46543598175049
/nec-smt/large/getoption_group/prp-64-46.smt2,unsat,18.797908544540405
/nec-smt/large/getoption_group/prp-26-47.smt2,unsat,28.10449743270874
/nec-smt/large/getoption_group/prp-57-48.smt2,unsat,32.63554906845093
/nec-smt/large/getoption_group/prp-44-48.smt2,unsat,20.822341680526733
/nec-smt/large/getoption_group/prp-5-50.smt2,sat,58.23411703109741
/nec-smt/large/getoption_group/prp-49-50.smt2,sat,84.35712337493896
/nec-smt/large/getoption_group/prp-31-48.smt2,sat,39.44902777671814
/nec-smt/large/getoption_group/prp-44-49.smt2,unsat,34.25869941711426
/nec-smt/large/getoption_group/prp-20-50.smt2,sat,59.09365248680115
/nec-smt/large/getoption_group/prp-5-48.smt2,sat,46.38396239280701
/nec-smt/large/getoption_group/prp-27-49.smt2,unsat,54.50751757621765
/nec-smt/large/getoption_group/prp-4-50.smt2,sat,123.67147779464722
/nec-smt/large/getoption_group/prp-40-48.smt2,sat,31.88686752319336
/nec-smt/large/getoption_group/prp-69-49.smt2,unsat,21.999675512313843
/nec-smt/large/getoption_group/prp-29-49.smt2,unsat,40.799776554107666
/nec-smt/large/getoption_group/prp-59-48.smt2,unsat,29.410061836242676
/nec-smt/large/getoption_group/prp-57-50.smt2,unsat,28.755253553390503
/nec-smt/large/getoption_group/prp-43-49.smt2,unsat,52.96382546424866
/nec-smt/large/getoption_group/prp-8-49.smt2,sat,111.878258228302
/nec-smt/large/getoption_group/prp-34-48.smt2,sat,46.89504885673523
/nec-smt/large/getoption_group/prp-29-42.smt2,sat,5.110243082046509
/nec-smt/large/getoption_group/prp-30-47.smt2,sat,47.54661798477173
/nec-smt/large/getoption_group/prp-48-47.smt2,unsat,24.131791353225708
/nec-smt/large/checkpass/prp-28-44.smt2,sat,18.068081855773926
/nec-smt/large/checkpass/prp-3-48.smt2,unsat,119.322256565094
/nec-smt/large/checkpass/prp-16-50.smt2,unsat,177.78051614761353
/nec-smt/large/checkpass/prp-58-50.smt2,sat,169.25834441184998
/nec-smt/large/checkpass/prp-11-48.smt2,unsat,139.7342972755432
/nec-smt/large/checkpass/prp-1-49.smt2,unsat,128.25530743598938
/nec-smt/large/checkpass/prp-13-47.smt2,unsat,106.29278683662415
/nec-smt/large/checkpass/prp-33-47.smt2,unsat,101.85620450973511
/nec-smt/large/checkpass/prp-10-46.smt2,unsat,103.20518445968628
/nec-smt/large/checkpass/prp-33-46.smt2,sat,58.46341395378113
/nec-smt/large/checkpass/prp-25-48.smt2,unsat,152.9002025127411
/nec-smt/large/checkpass/prp-7-50.smt2,unsat,215.01780247688293
/nec-smt/large/checkpass/prp-56-50.smt2,unsat,197.50237369537354
/nec-smt/large/checkpass/prp-34-49.smt2,unsat,208.10276293754578
/nec-smt/large/checkpass/prp-13-48.smt2,unsat,138.71295404434204
/nec-smt/large/checkpass/prp-25-49.smt2,unsat,143.90196418762207
/nec-smt/large/checkpass/prp-25-46.smt2,sat,63.8964262008667
/nec-smt/large/checkpass/prp-22-50.smt2,unsat,145.2429769039154
/nec-smt/large/checkpass/prp-9-47.smt2,unsat,69.65555047988892
/nec-smt/large/checkpass/prp-35-48.smt2,unsat,70.54495286941528
/nec-smt/large/checkpass/prp-43-47.smt2,unsat,145.39961099624634
/nec-smt/large/checkpass/prp-28-49.smt2,sat,293.0433735847473
/nec-smt/large/checkpass/prp-15-49.smt2,unsat,107.61737704277039
/nec-smt/large/checkpass/prp-12-46.smt2,unsat,63.103955030441284
/nec-smt/large/checkpass/prp-9-49.smt2,unsat,157.90811967849731
/nec-smt/large/checkpass/prp-6-49.smt2,unsat,143.90134620666504
/nec-smt/large/checkpass/prp-33-48.smt2,sat,164.9450364112854
/nec-smt/large/checkpass/prp-46-50.smt2,unsat,230.83167147636414
/nec-smt/large/checkpass/prp-20-48.smt2,unsat,119.73282742500305
/nec-smt/large/checkpass/prp-30-49.smt2,sat,133.79471015930176
/nec-smt/large/checkpass/prp-2-46.smt2,unsat,47.788642168045044
/nec-smt/large/checkpass/prp-4-48.smt2,unsat,110.3287525177002
/nec-smt/large/checkpass/prp-42-49.smt2,unsat,132.77960205078125
/nec-smt/large/checkpass/prp-18-50.smt2,unsat,185.01011157035828
/nec-smt/large/checkpass/prp-31-49.smt2,unsat,145.47215962409973
/nec-smt/large/checkpass/prp-1-48.smt2,unsat,119.2711820602417
/nec-smt/large/checkpass/prp-23-47.smt2,unsat,113.06130027770996
/nec-smt/large/checkpass/prp-63-50.smt2,unsat,241.212153673172
/nec-smt/large/checkpass/prp-17-50.smt2,unsat,285.16718673706055
/nec-smt/large/checkpass/prp-38-49.smt2,unsat,128.6693389415741
/nec-smt/large/checkpass/prp-39-50.smt2,unsat,224.14207196235657
/nec-smt/large/checkpass/prp-23-48.smt2,unsat,141.32545518875122
/nec-smt/large/checkpass/prp-29-48.smt2,sat,239.99155282974243
/nec-smt/large/checkpass/prp-15-46.smt2,unsat,49.70398736000061
/nec-smt/large/checkpass/prp-30-50.smt2,sat,216.46784114837646
/nec-smt/large/checkpass/prp-13-50.smt2,unsat,203.73296213150024
/nec-smt/large/checkpass/prp-20-49.smt2,unsat,130.20474243164062
/nec-smt/large/checkpass/prp-11-46.smt2,unsat,41.426716327667236
/nec-smt/large/checkpass/prp-20-46.smt2,unsat,51.61955523490906
/nec-smt/large/checkpass/prp-31-50.smt2,unsat,186.55624985694885
/nec-smt/large/checkpass/prp-18-49.smt2,unsat,179.56889629364014
/nec-smt/large/checkpass/prp-11-50.smt2,unsat,235.75136065483093
/nec-smt/large/checkpass/prp-19-47.smt2,unsat,86.0424644947052
/nec-smt/large/checkpass/prp-40-50.smt2,unsat,188.95644330978394
/nec-smt/large/checkpass/prp-15-48.smt2,unsat,110.62705183029175
/nec-smt/large/checkpass/prp-42-50.smt2,unsat,181.4844880104065
/nec-smt/large/checkpass/prp-5-46.smt2,unsat,43.235695362091064
/nec-smt/large/checkpass/prp-16-47.smt2,unsat,115.804443359375
/nec-smt/large/checkpass/prp-8-47.smt2,unsat,67.30416226387024
/nec-smt/large/checkpass/prp-36-45.smt2,unsat,32.87852907180786
/nec-smt/large/checkpass/prp-29-46.smt2,sat,48.7802414894104
/nec-smt/large/checkpass/prp-43-46.smt2,unsat,59.50298738479614
/nec-smt/large/checkpass/prp-13-49.smt2,unsat,247.05077409744263
/nec-smt/large/checkpass/prp-6-50.smt2,unsat,104.32999324798584
/nec-smt/large/checkpass/prp-46-49.smt2,unsat,154.08985590934753
/nec-smt/large/checkpass/prp-52-50.smt2,unsat,197.12040519714355
/nec-smt/large/checkpass/prp-55-50.smt2,unsat,193.9485023021698
/nec-smt/large/checkpass/prp-13-46.smt2,unsat,132.72371768951416
/nec-smt/large/checkpass/prp-22-46.smt2,unsat,58.58668494224548
/nec-smt/large/checkpass/prp-43-48.smt2,unsat,118.33217430114746
/nec-smt/large/checkpass/prp-18-48.smt2,unsat,142.48929381370544
/nec-smt/large/checkpass/prp-18-47.smt2,unsat,76.15786480903625
/nec-smt/large/checkpass/prp-44-47.smt2,unsat,74.41609859466553
/nec-smt/large/checkpass/prp-19-46.smt2,unsat,68.87669539451599
/nec-smt/large/checkpass/prp-40-47.smt2,unsat,117.11108732223511
/nec-smt/large/checkpass/prp-26-45.smt2,sat,32.613534927368164
/nec-smt/large/checkpass/prp-15-50.smt2,unsat,260.2796006202698
/nec-smt/large/checkpass/prp-23-50.smt2,unsat,271.90871834754944
/nec-smt/large/checkpass/prp-39-48.smt2,unsat,116.65750789642334
/nec-smt/large/checkpass/prp-3-49.smt2,unsat,144.10260915756226
/nec-smt/large/checkpass/prp-8-50.smt2,unsat,188.85424208641052
/nec-smt/large/checkpass/prp-14-46.smt2,unsat,67.24056887626648
/nec-smt/large/checkpass/prp-21-48.smt2,unsat,108.01175260543823
/nec-smt/large/checkpass/prp-26-50.smt2,sat,285.7413890361786
/nec-smt/large/checkpass/prp-6-48.smt2,unsat,110.63952374458313
/nec-smt/large/checkpass/prp-32-46.smt2,unsat,58.96693658828735
/nec-smt/large/checkpass/prp-33-45.smt2,sat,49.99202847480774
/nec-smt/large/checkpass/prp-40-46.smt2,unsat,58.00404381752014
/nec-smt/large/checkpass/prp-37-48.smt2,unsat,109.13015866279602
/nec-smt/large/checkpass/prp-2-47.smt2,unsat,116.44770836830139
/nec-smt/large/checkpass/prp-9-46.smt2,unsat,56.42379689216614
/nec-smt/large/checkpass/prp-28-48.smt2,unsat,138.16819262504578
/nec-smt/large/checkpass/prp-4-49.smt2,unsat,158.03294849395752
/nec-smt/large/checkpass/prp-3-46.smt2,unsat,100.96759247779846
/nec-smt/large/checkpass/prp-43-50.smt2,unsat,165.0290014743805
/nec-smt/large/checkpass/prp-7-48.smt2,unsat,117.08211922645569
/nec-smt/large/checkpass/prp-7-49.smt2,unsat,117.69078373908997
/nec-smt/large/checkpass/prp-29-50.smt2,unsat,211.43352508544922
/nec-smt/large/checkpass/prp-4-46.smt2,unsat,50.21165657043457
/nec-smt/large/checkpass/prp-37-50.smt2,unsat,206.86839938163757
/nec-smt/large/checkpass/prp-38-50.smt2,unsat,155.2119016647339
/nec-smt/large/checkpass/prp-54-50.smt2,unsat,211.55791473388672
/nec-smt/large/checkpass/prp-36-47.smt2,unsat,119.9186909198761
/nec-smt/large/checkpass/prp-2-50.smt2,unsat,261.84134793281555
/nec-smt/large/checkpass/prp-9-48.smt2,unsat,88.69131708145142
/nec-smt/large/checkpass/prp-44-46.smt2,unsat,57.98462772369385
/nec-smt/large/checkpass/prp-35-49.smt2,unsat,188.79386973381042
/nec-smt/large/checkpass/prp-48-50.smt2,unsat,200.8131468296051
/nec-smt/large/checkpass/prp-30-46.smt2,sat,46.39734196662903
/nec-smt/large/checkpass/prp-42-47.smt2,unsat,114.89523577690125
/nec-smt/large/checkpass/prp-41-46.smt2,unsat,65.90875220298767
/nec-smt/large/checkpass/prp-21-50.smt2,unsat,251.43059134483337
/nec-smt/large/checkpass/prp-11-47.smt2,unsat,140.671071767807
/nec-smt/large/checkpass/prp-27-48.smt2,unsat,106.92177748680115
/nec-smt/large/checkpass/prp-33-50.smt2,sat,262.9058029651642
/nec-smt/large/checkpass/prp-24-47.smt2,sat,145.20271825790405
/nec-smt/large/checkpass/prp-50-49.smt2,unsat,110.20126104354858
/nec-smt/large/checkpass/prp-38-48.smt2,unsat,167.5930678844452
/nec-smt/large/checkpass/prp-19-49.smt2,unsat,175.7689926624298
/nec-smt/large/checkpass/prp-45-49.smt2,unsat,164.44093108177185
/nec-smt/large/checkpass/prp-16-49.smt2,unsat,156.48202228546143
/nec-smt/large/checkpass/prp-14-50.smt2,unsat,256.93861722946167
/nec-smt/large/checkpass/prp-39-46.smt2,unsat,44.89259696006775
/nec-smt/large/checkpass/prp-27-50.smt2,unsat,140.06904220581055
/nec-smt/large/checkpass/prp-40-49.smt2,unsat,105.92145586013794
/nec-smt/large/checkpass/prp-35-47.smt2,unsat,108.88210940361023
/nec-smt/large/checkpass/prp-12-47.smt2,unsat,104.56297445297241
/nec-smt/large/checkpass/prp-20-47.smt2,unsat,76.25536179542542
/nec-smt/large/checkpass/prp-37-46.smt2,unsat,72.27778673171997
/nec-smt/large/checkpass/prp-34-50.smt2,unsat,198.6108911037445
/nec-smt/large/checkpass/prp-24-50.smt2,unsat,313.082576751709
/nec-smt/large/checkpass/prp-5-49.smt2,unsat,240.3954563140869
/nec-smt/large/checkpass/prp-12-48.smt2,unsat,100.18318390846252
/nec-smt/large/checkpass/prp-7-47.smt2,unsat,77.3685691356659
/nec-smt/large/checkpass/prp-31-47.smt2,unsat,111.25736927986145
/nec-smt/large/checkpass/prp-23-49.smt2,unsat,178.12742376327515
/nec-smt/large/checkpass/prp-42-46.smt2,unsat,64.58538484573364
/nec-smt/large/checkpass/prp-34-46.smt2,unsat,55.53613328933716
/nec-smt/large/checkpass/prp-30-48.smt2,sat,169.35233616828918
/nec-smt/large/checkpass/prp-46-48.smt2,unsat,113.58578205108643
/nec-smt/large/checkpass/prp-23-46.smt2,unsat,101.76997017860413
/nec-smt/large/checkpass/prp-51-50.smt2,sat,446.7082767486572
/nec-smt/large/checkpass/prp-27-46.smt2,unsat,55.790236473083496
/nec-smt/large/checkpass/prp-2-49.smt2,unsat,140.20963382720947
/nec-smt/large/checkpass/prp-24-48.smt2,sat,224.86264514923096
/nec-smt/large/checkpass/prp-5-47.smt2,unsat,64.80764532089233
/nec-smt/large/checkpass/prp-26-43.smt2,sat,25.274259567260742
/nec-smt/large/checkpass/prp-1-50.smt2,unsat,165.17796158790588
/nec-smt/large/checkpass/prp-25-43.smt2,unsat,21.988841772079468
/nec-smt/large/checkpass/prp-10-48.smt2,unsat,130.0900478363037
/nec-smt/large/checkpass/prp-21-49.smt2,unsat,201.54507040977478
/nec-smt/large/checkpass/prp-32-50.smt2,unsat,230.60838103294373
/nec-smt/large/checkpass/prp-16-46.smt2,unsat,39.32685828208923
/nec-smt/large/checkpass/prp-8-48.smt2,unsat,115.20870661735535
/nec-smt/large/checkpass/prp-19-50.smt2,unsat,166.61483693122864
/nec-smt/large/checkpass/prp-1-46.smt2,unsat,80.57135033607483
/nec-smt/large/checkpass/prp-21-47.smt2,unsat,103.25697612762451
/nec-smt/large/checkpass/prp-19-48.smt2,unsat,113.75100541114807
/nec-smt/large/checkpass/prp-41-48.smt2,unsat,137.02080941200256
/nec-smt/large/checkpass/prp-38-47.smt2,unsat,63.41264843940735
/nec-smt/large/checkpass/prp-26-48.smt2,sat,177.7218554019928
/nec-smt/large/checkpass/prp-37-47.smt2,unsat,105.21127700805664
/nec-smt/large/checkpass/prp-39-49.smt2,unsat,197.44018387794495
/nec-smt/large/checkpass/prp-16-48.smt2,unsat,153.31283497810364
/nec-smt/large/checkpass/prp-37-49.smt2,unsat,131.8662190437317
/nec-smt/large/checkpass/prp-35-46.smt2,unsat,72.65138101577759
/nec-smt/large/checkpass/prp-18-46.smt2,unsat,75.96004390716553
/nec-smt/large/checkpass/prp-29-47.smt2,sat,124.85609650611877
/nec-smt/large/checkpass/prp-4-47.smt2,unsat,73.04792928695679
/nec-smt/large/checkpass/prp-24-49.smt2,unsat,175.79659485816956
/nec-smt/large/checkpass/prp-24-46.smt2,unsat,42.908416748046875
/nec-smt/large/checkpass/prp-14-47.smt2,unsat,114.80372714996338
/nec-smt/large/checkpass/prp-12-50.smt2,unsat,228.09098601341248
/nec-smt/large/checkpass/prp-2-48.smt2,unsat,235.67059206962585
/nec-smt/large/checkpass/prp-27-47.smt2,unsat,108.12022566795349
/nec-smt/large/checkpass/prp-17-47.smt2,unsat,65.67605972290039
/nec-smt/large/checkpass/prp-8-46.smt2,unsat,47.529494524002075
/nec-smt/large/checkpass/prp-10-47.smt2,unsat,141.6852786540985
/nec-smt/large/checkpass/prp-28-46.smt2,sat,44.97699046134949
/nec-smt/large/checkpass/prp-22-48.smt2,unsat,110.0040225982666
/nec-smt/large/checkpass/prp-6-47.smt2,unsat,126.698885679245
/nec-smt/large/checkpass/prp-57-49.smt2,sat,198.7014241218567
/nec-smt/large/checkpass/prp-32-47.smt2,unsat,121.30465817451477
/nec-smt/large/checkpass/prp-22-47.smt2,unsat,91.27125668525696
/nec-smt/large/checkpass/prp-48-49.smt2,unsat,141.78904557228088
/nec-smt/large/checkpass/prp-47-47.smt2,sat,135.44505620002747
/nec-smt/large/checkpass/prp-47-49.smt2,sat,272.4282145500183
/nec-smt/large/checkpass/prp-32-49.smt2,unsat,134.87450885772705
/nec-smt/large/checkpass/prp-58-49.smt2,unsat,152.39292883872986
/nec-smt/large/checkpass/prp-17-46.smt2,unsat,53.4645209312439
/nec-smt/large/checkpass/prp-10-50.smt2,unsat,217.71671891212463
/nec-smt/large/checkpass/prp-28-42.smt2,sat,10.062916994094849
/nec-smt/large/checkpass/prp-41-47.smt2,unsat,104.88353943824768
/nec-smt/large/checkpass/prp-49-49.smt2,unsat,105.76644206047058
/nec-smt/large/checkpass/prp-3-47.smt2,unsat,62.84942865371704
/nec-smt/large/checkpass/prp-45-45.smt2,sat,35.19532895088196
/nec-smt/large/checkpass/prp-7-46.smt2,unsat,64.16416096687317
/nec-smt/large/checkpass/prp-14-48.smt2,unsat,160.4065489768982
/nec-smt/large/checkpass/prp-32-48.smt2,unsat,108.89474201202393
/nec-smt/large/checkpass/prp-31-46.smt2,unsat,50.09450650215149
/nec-smt/large/checkpass/prp-17-48.smt2,unsat,144.13129711151123
/nec-smt/large/checkpass/prp-36-46.smt2,unsat,40.585044145584106
/nec-smt/large/checkpass/prp-10-49.smt2,unsat,198.35337710380554
/nec-smt/large/checkpass/prp-1-47.smt2,unsat,105.11518287658691
/nec-smt/large/checkpass/prp-12-49.smt2,unsat,160.52841782569885
/nec-smt/large/checkpass/prp-51-48.smt2,sat,102.61193466186523
/nec-smt/large/checkpass/prp-50-50.smt2,unsat,162.67694091796875
/nec-smt/large/checkpass/prp-35-50.smt2,unsat,232.9159996509552
/nec-smt/large/checkpass/prp-17-49.smt2,unsat,146.0756003856659
/nec-smt/large/checkpass/prp-41-49.smt2,unsat,150.37329840660095
/nec-smt/large/checkpass/prp-44-50.smt2,unsat,187.00424766540527
/nec-smt/large/checkpass/prp-34-47.smt2,unsat,64.56589794158936
/nec-smt/large/checkpass/prp-42-48.smt2,unsat,104.83119225502014
/nec-smt/large/checkpass/prp-15-47.smt2,unsat,111.66117024421692
/nec-smt/large/checkpass/prp-53-50.smt2,unsat,211.61737275123596
/nec-smt/large/checkpass/prp-38-46.smt2,unsat,75.14568567276001
/nec-smt/large/checkpass/prp-21-46.smt2,unsat,101.52604293823242
/nec-smt/large/checkpass/prp-9-50.smt2,unsat,166.37117743492126
/nec-smt/large/checkpass/prp-6-46.smt2,unsat,64.2547357082367
/nec-smt/large/checkpass/prp-25-50.smt2,sat,362.7153992652893
/nec-smt/large/checkpass/prp-11-49.smt2,unsat,176.29695391654968
/nec-smt/large/checkpass/prp-39-47.smt2,unsat,64.33834195137024
/nec-smt/large/checkpass/prp-3-50.smt2,unsat,281.90993213653564
/nec-smt/large/checkpass/prp-14-49.smt2,unsat,151.98114371299744
/nec-smt/large/checkpass/prp-45-47.smt2,sat,101.30676817893982
/nec-smt/large/checkpass/prp-22-49.smt2,unsat,201.83414554595947
/nec-smt/large/checkpass/prp-26-47.smt2,unsat,61.065009117126465
/nec-smt/large/checkpass/prp-44-48.smt2,unsat,104.2521903514862
/nec-smt/large/checkpass/prp-5-50.smt2,unsat,178.25167226791382
/nec-smt/large/checkpass/prp-49-50.smt2,unsat,178.2274215221405
/nec-smt/large/checkpass/prp-31-48.smt2,unsat,124.14116787910461
/nec-smt/large/checkpass/prp-44-49.smt2,unsat,134.28893423080444
/nec-smt/large/checkpass/prp-20-50.smt2,unsat,223.85728454589844
/nec-smt/large/checkpass/prp-5-48.smt2,unsat,119.38069605827332
/nec-smt/large/checkpass/prp-27-49.smt2,unsat,186.11570501327515
/nec-smt/large/checkpass/prp-4-50.smt2,unsat,215.61250734329224
/nec-smt/large/checkpass/prp-40-48.smt2,unsat,122.198162317276
/nec-smt/large/checkpass/prp-29-49.smt2,sat,102.60263800621033
/nec-smt/large/checkpass/prp-43-49.smt2,unsat,162.11398100852966
/nec-smt/large/checkpass/prp-8-49.smt2,unsat,139.18497586250305
/nec-smt/large/checkpass/prp-34-48.smt2,unsat,133.6887800693512
/nec-smt/large/checkpass/prp-30-47.smt2,sat,118.67440700531006
/nec-smt/large/bftpd_login/prp-58-48.smt2,unsat,10.497040748596191
/nec-smt/large/bftpd_login/prp-61-49.smt2,unsat,10.391194343566895
/nec-smt/large/bftpd_login/prp-3-48.smt2,unsat,10.941104173660278
/nec-smt/large/bftpd_login/prp-55-45.smt2,unsat,6.027053594589233
/nec-smt/large/bftpd_login/prp-16-50.smt2,unsat,16.467886924743652
/nec-smt/large/bftpd_login/prp-58-50.smt2,unsat,12.553173542022705
/nec-smt/large/bftpd_login/prp-11-48.smt2,unsat,13.399043560028076
/nec-smt/large/bftpd_login/prp-0-49.smt2,unsat,8.493263006210327
/nec-smt/large/bftpd_login/prp-61-46.smt2,unsat,12.468735933303833
/nec-smt/large/bftpd_login/prp-13-47.smt2,unsat,6.069558620452881
/nec-smt/large/bftpd_login/prp-26-46.smt2,unsat,5.218489646911621
/nec-smt/large/bftpd_login/prp-33-47.smt2,unsat,6.17266321182251
/nec-smt/large/bftpd_login/prp-10-46.smt2,unsat,9.024560689926147
/nec-smt/large/bftpd_login/prp-33-46.smt2,unsat,4.522695541381836
/nec-smt/large/bftpd_login/prp-25-48.smt2,unsat,5.729017496109009
/nec-smt/large/bftpd_login/prp-7-50.smt2,unsat,7.418459892272949
/nec-smt/large/bftpd_login/prp-28-50.smt2,unsat,10.637415885925293
/nec-smt/large/bftpd_login/prp-0-48.smt2,unsat,8.361836194992065
/nec-smt/large/bftpd_login/prp-56-50.smt2,unsat,10.520073890686035
/nec-smt/large/bftpd_login/prp-34-49.smt2,unsat,8.043006658554077
/nec-smt/large/bftpd_login/prp-13-48.smt2,unsat,8.3445725440979
/nec-smt/large/bftpd_login/prp-38-45.smt2,unsat,3.9397099018096924
/nec-smt/large/bftpd_login/prp-51-46.smt2,unsat,4.1361472606658936
/nec-smt/large/bftpd_login/prp-53-45.smt2,unsat,5.0822014808654785
/nec-smt/large/bftpd_login/prp-41-45.smt2,unsat,5.326170921325684
/nec-smt/large/bftpd_login/prp-37-41.smt2,unsat,3.2086732387542725
/nec-smt/large/bftpd_login/prp-47-48.smt2,unsat,12.615305185317993
/nec-smt/large/bftpd_login/prp-25-49.smt2,unsat,5.616575717926025
/nec-smt/large/bftpd_login/prp-25-46.smt2,unsat,4.638322830200195
/nec-smt/large/bftpd_login/prp-22-50.smt2,unsat,9.285417079925537
/nec-smt/large/bftpd_login/prp-63-48.smt2,unsat,7.595621109008789
/nec-smt/large/bftpd_login/prp-9-47.smt2,unsat,4.364672422409058
/nec-smt/large/bftpd_login/prp-66-48.smt2,unsat,6.609180450439453
/nec-smt/large/bftpd_login/prp-67-50.smt2,unsat,15.355318784713745
/nec-smt/large/bftpd_login/prp-49-46.smt2,unsat,4.0801661014556885
/nec-smt/large/bftpd_login/prp-54-49.smt2,unsat,11.066770792007446
/nec-smt/large/bftpd_login/prp-28-49.smt2,unsat,11.827088117599487
/nec-smt/large/bftpd_login/prp-65-49.smt2,unsat,14.690678834915161
/nec-smt/large/bftpd_login/prp-72-50.smt2,unsat,11.75309944152832
/nec-smt/large/bftpd_login/prp-15-49.smt2,unsat,10.632232904434204
/nec-smt/large/bftpd_login/prp-12-46.smt2,unsat,5.353397846221924
/nec-smt/large/bftpd_login/prp-9-49.smt2,unsat,10.027167081832886
/nec-smt/large/bftpd_login/prp-74-48.smt2,unsat,6.464269161224365
/nec-smt/large/bftpd_login/prp-6-49.smt2,unsat,7.388584852218628
/nec-smt/large/bftpd_login/prp-33-48.smt2,unsat,10.238610029220581
/nec-smt/large/bftpd_login/prp-60-47.smt2,unsat,144.39003920555115
/nec-smt/large/bftpd_login/prp-60-49.smt2,unsat,11.112680673599243
/nec-smt/large/bftpd_login/prp-59-47.smt2,unsat,8.99872875213623
/nec-smt/large/bftpd_login/prp-71-50.smt2,unsat,7.228610038757324
/nec-smt/large/bftpd_login/prp-20-48.smt2,unsat,5.004551887512207
/nec-smt/large/bftpd_login/prp-30-49.smt2,unsat,12.516870021820068
/nec-smt/large/bftpd_login/prp-2-46.smt2,unsat,5.012993574142456
/nec-smt/large/bftpd_login/prp-62-48.smt2,unsat,5.764291763305664
/nec-smt/large/bftpd_login/prp-4-48.smt2,unsat,6.112107992172241
/nec-smt/large/bftpd_login/prp-70-49.smt2,unsat,9.481140851974487
/nec-smt/large/bftpd_login/prp-36-48.smt2,unsat,11.628445148468018
/nec-smt/large/bftpd_login/prp-42-49.smt2,unsat,14.431503534317017
/nec-smt/large/bftpd_login/prp-56-46.smt2,unsat,7.841342210769653
/nec-smt/large/bftpd_login/prp-59-50.smt2,unsat,12.415984630584717
/nec-smt/large/bftpd_login/prp-78-50.smt2,unsat,8.000294923782349
/nec-smt/large/bftpd_login/prp-49-47.smt2,unsat,7.4055585861206055
/nec-smt/large/bftpd_login/prp-18-50.smt2,unsat,27.76313328742981
/nec-smt/large/bftpd_login/prp-31-49.smt2,unsat,11.330314874649048
/nec-smt/large/bftpd_login/prp-23-47.smt2,unsat,5.870126008987427
/nec-smt/large/bftpd_login/prp-83-50.smt2,unsat,13.927293539047241
/nec-smt/large/bftpd_login/prp-17-50.smt2,unsat,11.617425680160522
/nec-smt/large/bftpd_login/prp-71-47.smt2,unsat,12.856606006622314
/nec-smt/large/bftpd_login/prp-23-48.smt2,unsat,9.956230878829956
/nec-smt/large/bftpd_login/prp-52-47.smt2,unsat,6.019863128662109
/nec-smt/large/bftpd_login/prp-29-48.smt2,unsat,7.109190464019775
/nec-smt/large/bftpd_login/prp-61-47.smt2,unsat,111.46551418304443
/nec-smt/large/bftpd_login/prp-0-50.smt2,unsat,10.299111604690552
/nec-smt/large/bftpd_login/prp-15-46.smt2,unsat,6.663904428482056
/nec-smt/large/bftpd_login/prp-30-50.smt2,unsat,15.35956597328186
/nec-smt/large/bftpd_login/prp-13-50.smt2,unsat,11.001848697662354
/nec-smt/large/bftpd_login/prp-20-49.smt2,unsat,14.689226388931274
/nec-smt/large/bftpd_login/prp-11-46.smt2,unsat,4.2655322551727295
/nec-smt/large/bftpd_login/prp-20-46.smt2,unsat,4.570877552032471
/nec-smt/large/bftpd_login/prp-31-50.smt2,unsat,13.842217922210693
/nec-smt/large/bftpd_login/prp-18-49.smt2,unsat,16.25472617149353
/nec-smt/large/bftpd_login/prp-60-46.smt2,unsat,13.002233028411865
/nec-smt/large/bftpd_login/prp-11-50.smt2,unsat,59.39863419532776
/nec-smt/large/bftpd_login/prp-19-47.smt2,unsat,10.60561466217041
/nec-smt/large/bftpd_login/prp-15-48.smt2,unsat,12.578818321228027
/nec-smt/large/bftpd_login/prp-42-50.smt2,unsat,7.335590839385986
/nec-smt/large/bftpd_login/prp-70-50.smt2,unsat,11.42155909538269
/nec-smt/large/bftpd_login/prp-5-46.smt2,unsat,5.7809717655181885
/nec-smt/large/bftpd_login/prp-81-50.smt2,unsat,13.178725719451904
/nec-smt/large/bftpd_login/prp-63-46.smt2,unsat,10.530541181564331
/nec-smt/large/bftpd_login/prp-72-49.smt2,unsat,14.569591283798218
/nec-smt/large/bftpd_login/prp-16-47.smt2,unsat,8.496953248977661
/nec-smt/large/bftpd_login/prp-8-47.smt2,unsat,6.070078134536743
/nec-smt/large/bftpd_login/prp-0-47.smt2,unsat,5.1319661140441895
/nec-smt/large/bftpd_login/prp-36-45.smt2,unsat,5.249985694885254
/nec-smt/large/bftpd_login/prp-29-46.smt2,unsat,10.514172315597534
/nec-smt/large/bftpd_login/prp-74-49.smt2,unsat,14.249007225036621
/nec-smt/large/bftpd_login/prp-79-50.smt2,unsat,12.296661853790283
/nec-smt/large/bftpd_login/prp-13-49.smt2,unsat,12.090060710906982
/nec-smt/large/bftpd_login/prp-6-50.smt2,unsat,7.320013999938965
/nec-smt/large/bftpd_login/prp-46-46.smt2,unsat,4.2529919147491455
/nec-smt/large/bftpd_login/prp-50-48.smt2,unsat,8.260968685150146
/nec-smt/large/bftpd_login/prp-13-46.smt2,unsat,5.678990125656128
/nec-smt/large/bftpd_login/prp-22-46.smt2,unsat,65.68786883354187
/nec-smt/large/bftpd_login/prp-67-47.smt2,unsat,153.0266091823578
/nec-smt/large/bftpd_login/prp-48-48.smt2,unsat,7.213852405548096
/nec-smt/large/bftpd_login/prp-80-50.smt2,unsat,13.96070909500122
/nec-smt/large/bftpd_login/prp-18-48.smt2,unsat,5.116256952285767
/nec-smt/large/bftpd_login/prp-18-47.smt2,unsat,5.81270170211792
/nec-smt/large/bftpd_login/prp-44-47.smt2,unsat,8.126956939697266
/nec-smt/large/bftpd_login/prp-62-50.smt2,unsat,10.142995834350586
/nec-smt/large/bftpd_login/prp-19-46.smt2,unsat,4.665656566619873
/nec-smt/large/bftpd_login/prp-79-49.smt2,unsat,8.064348936080933
/nec-smt/large/bftpd_login/prp-40-47.smt2,unsat,4.851829767227173
/nec-smt/large/bftpd_login/prp-28-47.smt2,unsat,6.121746063232422
/nec-smt/large/bftpd_login/prp-15-50.smt2,unsat,8.7080397605896
/nec-smt/large/bftpd_login/prp-23-50.smt2,unsat,9.495624542236328
/nec-smt/large/bftpd_login/prp-3-49.smt2,unsat,10.79326319694519
/nec-smt/large/bftpd_login/prp-53-48.smt2,unsat,6.140173435211182
/nec-smt/large/bftpd_login/prp-8-50.smt2,unsat,8.388686656951904
/nec-smt/large/bftpd_login/prp-14-46.smt2,unsat,10.481707572937012
/nec-smt/large/bftpd_login/prp-59-49.smt2,unsat,11.890490770339966
/nec-smt/large/bftpd_login/prp-21-48.smt2,unsat,6.527782678604126
/nec-smt/large/bftpd_login/prp-26-50.smt2,unsat,10.738484144210815
/nec-smt/large/bftpd_login/prp-65-50.smt2,unsat,22.47573971748352
/nec-smt/large/bftpd_login/prp-6-48.smt2,unsat,9.379513263702393
/nec-smt/large/bftpd_login/prp-36-49.smt2,unsat,10.168251752853394
/nec-smt/large/bftpd_login/prp-32-46.smt2,unsat,5.189146518707275
/nec-smt/large/bftpd_login/prp-40-46.smt2,unsat,5.291935205459595
/nec-smt/large/bftpd_login/prp-2-47.smt2,unsat,6.079277276992798
/nec-smt/large/bftpd_login/prp-9-46.smt2,unsat,5.019683599472046
/nec-smt/large/bftpd_login/prp-51-47.smt2,unsat,16.65006923675537
/nec-smt/large/bftpd_login/prp-56-47.smt2,unsat,5.647104263305664
/nec-smt/large/bftpd_login/prp-28-48.smt2,unsat,9.783118963241577
/nec-smt/large/bftpd_login/prp-4-49.smt2,unsat,6.28220272064209
/nec-smt/large/bftpd_login/prp-3-46.smt2,unsat,11.757982015609741
/nec-smt/large/bftpd_login/prp-7-48.smt2,unsat,7.728075742721558
/nec-smt/large/bftpd_login/prp-7-49.smt2,unsat,10.947115659713745
/nec-smt/large/bftpd_login/prp-29-50.smt2,unsat,12.232425689697266
/nec-smt/large/bftpd_login/prp-77-49.smt2,unsat,8.638402223587036
/nec-smt/large/bftpd_login/prp-38-42.smt2,unsat,1.8689658641815186
/nec-smt/large/bftpd_login/prp-4-46.smt2,unsat,8.474525451660156
/nec-smt/large/bftpd_login/prp-37-50.smt2,unsat,30.91796851158142
/nec-smt/large/bftpd_login/prp-38-50.smt2,unsat,10.525712966918945
/nec-smt/large/bftpd_login/prp-54-50.smt2,unsat,15.038168907165527
/nec-smt/large/bftpd_login/prp-36-47.smt2,unsat,7.802848815917969
/nec-smt/large/bftpd_login/prp-2-50.smt2,unsat,12.128585577011108
/nec-smt/large/bftpd_login/prp-71-49.smt2,unsat,6.560872554779053
/nec-smt/large/bftpd_login/prp-9-48.smt2,unsat,7.788827657699585
/nec-smt/large/bftpd_login/prp-44-46.smt2,unsat,5.261831521987915
/nec-smt/large/bftpd_login/prp-35-49.smt2,unsat,8.597461938858032
/nec-smt/large/bftpd_login/prp-71-48.smt2,unsat,5.618146896362305
/nec-smt/large/bftpd_login/prp-48-50.smt2,unsat,13.022328615188599
/nec-smt/large/bftpd_login/prp-30-46.smt2,unsat,12.092029333114624
/nec-smt/large/bftpd_login/prp-42-47.smt2,unsat,4.027856826782227
/nec-smt/large/bftpd_login/prp-62-46.smt2,unsat,11.038743734359741
/nec-smt/large/bftpd_login/prp-26-49.smt2,unsat,274.930050611496
/nec-smt/large/bftpd_login/prp-68-48.smt2,unsat,11.073870658874512
/nec-smt/large/bftpd_login/prp-68-49.smt2,unsat,12.138734579086304
/nec-smt/large/bftpd_login/prp-64-47.smt2,unsat,139.93488264083862
/nec-smt/large/bftpd_login/prp-62-47.smt2,unsat,30.98149871826172
/nec-smt/large/bftpd_login/prp-21-50.smt2,unsat,11.362919330596924
/nec-smt/large/bftpd_login/prp-41-50.smt2,unsat,11.518033504486084
/nec-smt/large/bftpd_login/prp-58-47.smt2,unsat,28.171467781066895
/nec-smt/large/bftpd_login/prp-11-47.smt2,unsat,10.320780754089355
/nec-smt/large/bftpd_login/prp-55-46.smt2,unsat,6.823970794677734
/nec-smt/large/bftpd_login/prp-70-47.smt2,unsat,12.624974250793457
/nec-smt/large/bftpd_login/prp-27-48.smt2,unsat,6.521716356277466
/nec-smt/large/bftpd_login/prp-33-50.smt2,unsat,10.229816913604736
/nec-smt/large/bftpd_login/prp-73-48.smt2,unsat,5.630816698074341
/nec-smt/large/bftpd_login/prp-55-47.smt2,unsat,5.31564998626709
/nec-smt/large/bftpd_login/prp-49-48.smt2,unsat,6.340449094772339
/nec-smt/large/bftpd_login/prp-51-49.smt2,unsat,9.607208490371704
/nec-smt/large/bftpd_login/prp-24-47.smt2,unsat,6.172900676727295
/nec-smt/large/bftpd_login/prp-50-49.smt2,unsat,10.455112218856812
/nec-smt/large/bftpd_login/prp-68-46.smt2,unsat,5.461764335632324
/nec-smt/large/bftpd_login/prp-35-39.smt2,unsat,0.9293146133422852
/nec-smt/large/bftpd_login/prp-19-49.smt2,unsat,16.672181606292725
/nec-smt/large/bftpd_login/prp-16-49.smt2,unsat,7.258389472961426
/nec-smt/large/bftpd_login/prp-14-50.smt2,unsat,10.827231645584106
/nec-smt/large/bftpd_login/prp-53-49.smt2,unsat,9.580135822296143
/nec-smt/large/bftpd_login/prp-68-47.smt2,unsat,16.691489934921265
/nec-smt/large/bftpd_login/prp-39-43.smt2,unsat,3.0804388523101807
/nec-smt/large/bftpd_login/prp-39-41.smt2,unsat,1.346571445465088
/nec-smt/large/bftpd_login/prp-75-49.smt2,unsat,10.804864168167114
/nec-smt/large/bftpd_login/prp-27-50.smt2,unsat,10.429174184799194
/nec-smt/large/bftpd_login/prp-56-49.smt2,unsat,12.262264728546143
/nec-smt/large/bftpd_login/prp-60-50.smt2,unsat,15.733595132827759
/nec-smt/large/bftpd_login/prp-40-49.smt2,unsat,24.827494144439697
/nec-smt/large/bftpd_login/prp-64-49.smt2,unsat,12.46180248260498
/nec-smt/large/bftpd_login/prp-73-50.smt2,unsat,13.336810827255249
/nec-smt/large/bftpd_login/prp-12-47.smt2,unsat,10.36700439453125
/nec-smt/large/bftpd_login/prp-66-49.smt2,unsat,16.420876026153564
/nec-smt/large/bftpd_login/prp-20-47.smt2,unsat,3.8496830463409424
/nec-smt/large/bftpd_login/prp-75-50.smt2,unsat,6.136207818984985
/nec-smt/large/bftpd_login/prp-56-48.smt2,unsat,9.83012342453003
/nec-smt/large/bftpd_login/prp-34-50.smt2,unsat,9.527668476104736
/nec-smt/large/bftpd_login/prp-24-50.smt2,unsat,8.340696811676025
/nec-smt/large/bftpd_login/prp-5-49.smt2,unsat,5.283056259155273
/nec-smt/large/bftpd_login/prp-12-48.smt2,unsat,12.787425994873047
/nec-smt/large/bftpd_login/prp-7-47.smt2,unsat,10.562186479568481
/nec-smt/large/bftpd_login/prp-31-47.smt2,unsat,6.083606243133545
/nec-smt/large/bftpd_login/prp-23-49.smt2,unsat,10.224371194839478
/nec-smt/large/bftpd_login/prp-63-49.smt2,unsat,7.313255310058594
/nec-smt/large/bftpd_login/prp-42-46.smt2,unsat,6.62408971786499
/nec-smt/large/bftpd_login/prp-34-46.smt2,unsat,5.474121332168579
/nec-smt/large/bftpd_login/prp-30-48.smt2,unsat,12.051522254943848
/nec-smt/large/bftpd_login/prp-46-44.smt2,unsat,2.819303035736084
/nec-smt/large/bftpd_login/prp-46-48.smt2,unsat,7.4267003536224365
/nec-smt/large/bftpd_login/prp-69-48.smt2,unsat,6.256526947021484
/nec-smt/large/bftpd_login/prp-23-46.smt2,unsat,8.130449056625366
/nec-smt/large/bftpd_login/prp-51-50.smt2,unsat,14.074970006942749
/nec-smt/large/bftpd_login/prp-27-46.smt2,unsat,6.551864385604858
/nec-smt/large/bftpd_login/prp-50-46.smt2,unsat,8.400975704193115
/nec-smt/large/bftpd_login/prp-2-49.smt2,unsat,19.616474866867065
/nec-smt/large/bftpd_login/prp-24-48.smt2,unsat,4.179126739501953
/nec-smt/large/bftpd_login/prp-5-47.smt2,unsat,7.323699474334717
/nec-smt/large/bftpd_login/prp-41-43.smt2,unsat,2.9694933891296387
/nec-smt/large/bftpd_login/prp-76-49.smt2,unsat,11.49412226676941
/nec-smt/large/bftpd_login/prp-67-46.smt2,unsat,5.651744842529297
/nec-smt/large/bftpd_login/prp-68-50.smt2,unsat,26.165390729904175
/nec-smt/large/bftpd_login/prp-10-48.smt2,unsat,5.493505954742432
/nec-smt/large/bftpd_login/prp-37-40.smt2,unsat,1.530130386352539
/nec-smt/large/bftpd_login/prp-21-49.smt2,unsat,7.6160829067230225
/nec-smt/large/bftpd_login/prp-32-50.smt2,unsat,13.595934391021729
/nec-smt/large/bftpd_login/prp-67-48.smt2,unsat,7.451047420501709
/nec-smt/large/bftpd_login/prp-16-46.smt2,unsat,5.206284284591675
/nec-smt/large/bftpd_login/prp-8-48.smt2,unsat,5.607468605041504
/nec-smt/large/bftpd_login/prp-35-40.smt2,unsat,1.1174864768981934
/nec-smt/large/bftpd_login/prp-57-47.smt2,unsat,5.398281097412109
/nec-smt/large/bftpd_login/prp-19-50.smt2,unsat,10.340641975402832
/nec-smt/large/bftpd_login/prp-43-42.smt2,unsat,1.9850349426269531
/nec-smt/large/bftpd_login/prp-21-47.smt2,unsat,5.407309293746948
/nec-smt/large/bftpd_login/prp-47-50.smt2,unsat,13.39413857460022
/nec-smt/large/bftpd_login/prp-69-50.smt2,unsat,16.56247115135193
/nec-smt/large/bftpd_login/prp-19-48.smt2,unsat,10.751299142837524
/nec-smt/large/bftpd_login/prp-38-47.smt2,unsat,10.288807392120361
/nec-smt/large/bftpd_login/prp-26-48.smt2,unsat,11.591427087783813
/nec-smt/large/bftpd_login/prp-43-44.smt2,unsat,5.821242570877075
/nec-smt/large/bftpd_login/prp-39-49.smt2,unsat,8.514043092727661
/nec-smt/large/bftpd_login/prp-16-48.smt2,unsat,13.180903196334839
/nec-smt/large/bftpd_login/prp-70-48.smt2,unsat,13.110578060150146
/nec-smt/large/bftpd_login/prp-64-50.smt2,unsat,11.281614065170288
/nec-smt/large/bftpd_login/prp-47-46.smt2,unsat,4.602679252624512
/nec-smt/large/bftpd_login/prp-18-46.smt2,unsat,4.153220891952515
/nec-smt/large/bftpd_login/prp-66-47.smt2,unsat,106.76381731033325
/nec-smt/large/bftpd_login/prp-76-50.smt2,unsat,8.521448135375977
/nec-smt/large/bftpd_login/prp-29-47.smt2,unsat,4.8983519077301025
/nec-smt/large/bftpd_login/prp-36-50.smt2,unsat,16.452033758163452
/nec-smt/large/bftpd_login/prp-4-47.smt2,unsat,8.431724786758423
/nec-smt/large/bftpd_login/prp-82-50.smt2,unsat,11.319939851760864
/nec-smt/large/bftpd_login/prp-24-49.smt2,unsat,5.510647296905518
/nec-smt/large/bftpd_login/prp-72-48.smt2,unsat,10.394327163696289
/nec-smt/large/bftpd_login/prp-24-46.smt2,unsat,3.6184041500091553
/nec-smt/large/bftpd_login/prp-14-47.smt2,unsat,13.017157077789307
/nec-smt/large/bftpd_login/prp-33-49.smt2,unsat,8.598248481750488
/nec-smt/large/bftpd_login/prp-12-50.smt2,unsat,180.86542677879333
/nec-smt/large/bftpd_login/prp-78-49.smt2,unsat,7.647419691085815
/nec-smt/large/bftpd_login/prp-48-46.smt2,unsat,6.320254325866699
/nec-smt/large/bftpd_login/prp-45-44.smt2,unsat,2.7446489334106445
/nec-smt/large/bftpd_login/prp-54-45.smt2,unsat,4.41957950592041
/nec-smt/large/bftpd_login/prp-2-48.smt2,unsat,10.986557960510254
/nec-smt/large/bftpd_login/prp-50-47.smt2,unsat,8.384887456893921
/nec-smt/large/bftpd_login/prp-27-47.smt2,unsat,7.322803735733032
/nec-smt/large/bftpd_login/prp-17-47.smt2,unsat,74.82390427589417
/nec-smt/large/bftpd_login/prp-8-46.smt2,unsat,4.89950156211853
/nec-smt/large/bftpd_login/prp-66-46.smt2,unsat,10.827466011047363
/nec-smt/large/bftpd_login/prp-10-47.smt2,unsat,171.16234159469604
/nec-smt/large/bftpd_login/prp-28-46.smt2,unsat,4.158431768417358
/nec-smt/large/bftpd_login/prp-22-48.smt2,unsat,6.1624298095703125
/nec-smt/large/bftpd_login/prp-6-47.smt2,unsat,4.081733226776123
/nec-smt/large/bftpd_login/prp-57-49.smt2,unsat,16.86269474029541
/nec-smt/large/bftpd_login/prp-32-47.smt2,unsat,5.660872220993042
/nec-smt/large/bftpd_login/prp-22-47.smt2,unsat,6.128511905670166
/nec-smt/large/bftpd_login/prp-61-50.smt2,unsat,11.677038669586182
/nec-smt/large/bftpd_login/prp-48-49.smt2,unsat,8.551045179367065
/nec-smt/large/bftpd_login/prp-47-47.smt2,unsat,21.46550679206848
/nec-smt/large/bftpd_login/prp-47-49.smt2,unsat,7.736616849899292
/nec-smt/large/bftpd_login/prp-32-49.smt2,unsat,14.895996332168579
/nec-smt/large/bftpd_login/prp-58-49.smt2,unsat,11.265339851379395
/nec-smt/large/bftpd_login/prp-17-46.smt2,unsat,6.929157257080078
/nec-smt/large/bftpd_login/prp-10-50.smt2,unsat,12.28508472442627
/nec-smt/large/bftpd_login/prp-41-44.smt2,unsat,3.5153725147247314
/nec-smt/large/bftpd_login/prp-58-46.smt2,unsat,9.211211919784546
/nec-smt/large/bftpd_login/prp-65-48.smt2,unsat,8.043220281600952
/nec-smt/large/bftpd_login/prp-49-49.smt2,unsat,10.951688051223755
/nec-smt/large/bftpd_login/prp-3-47.smt2,unsat,8.054086208343506
/nec-smt/large/bftpd_login/prp-45-45.smt2,unsat,3.945526123046875
/nec-smt/large/bftpd_login/prp-7-46.smt2,unsat,6.405527114868164
/nec-smt/large/bftpd_login/prp-14-48.smt2,unsat,9.853586673736572
/nec-smt/large/bftpd_login/prp-45-46.smt2,unsat,4.41229772567749
/nec-smt/large/bftpd_login/prp-32-48.smt2,unsat,5.884654521942139
/nec-smt/large/bftpd_login/prp-31-46.smt2,unsat,6.6871795654296875
/nec-smt/large/bftpd_login/prp-54-47.smt2,unsat,8.885515213012695
/nec-smt/large/bftpd_login/prp-17-48.smt2,unsat,14.123164176940918
/nec-smt/large/bftpd_login/prp-45-48.smt2,unsat,11.446961879730225
/nec-smt/large/bftpd_login/prp-52-49.smt2,unsat,7.202945947647095
/nec-smt/large/bftpd_login/prp-10-49.smt2,unsat,11.046635866165161
/nec-smt/large/bftpd_login/prp-12-49.smt2,unsat,13.229389905929565
/nec-smt/large/bftpd_login/prp-57-46.smt2,unsat,10.247316598892212
/nec-smt/large/bftpd_login/prp-51-48.smt2,unsat,13.332186222076416
/nec-smt/large/bftpd_login/prp-50-50.smt2,unsat,10.987550258636475
/nec-smt/large/bftpd_login/prp-74-50.smt2,unsat,20.126137256622314
/nec-smt/large/bftpd_login/prp-77-50.smt2,unsat,7.235537052154541
/nec-smt/large/bftpd_login/prp-35-50.smt2,unsat,12.90010118484497
/nec-smt/large/bftpd_login/prp-17-49.smt2,unsat,7.359725713729858
/nec-smt/large/bftpd_login/prp-44-50.smt2,unsat,9.034123182296753
/nec-smt/large/bftpd_login/prp-34-47.smt2,unsat,5.010412931442261
/nec-smt/large/bftpd_login/prp-40-45.smt2,unsat,4.900392770767212
/nec-smt/large/bftpd_login/prp-62-49.smt2,unsat,8.418166399002075
/nec-smt/large/bftpd_login/prp-42-48.smt2,unsat,8.17793893814087
/nec-smt/large/bftpd_login/prp-15-47.smt2,unsat,4.677928447723389
/nec-smt/large/bftpd_login/prp-53-50.smt2,unsat,10.874231815338135
/nec-smt/large/bftpd_login/prp-21-46.smt2,unsat,5.554983139038086
/nec-smt/large/bftpd_login/prp-9-50.smt2,unsat,10.765612602233887
/nec-smt/large/bftpd_login/prp-53-47.smt2,unsat,5.275789499282837
/nec-smt/large/bftpd_login/prp-52-45.smt2,unsat,5.157634258270264
/nec-smt/large/bftpd_login/prp-6-46.smt2,unsat,11.762115955352783
/nec-smt/large/bftpd_login/prp-25-50.smt2,unsat,6.034197807312012
/nec-smt/large/bftpd_login/prp-11-49.smt2,unsat,11.606916189193726
/nec-smt/large/bftpd_login/prp-65-46.smt2,unsat,6.073943853378296
/nec-smt/large/bftpd_login/prp-38-43.smt2,unsat,2.4350993633270264
/nec-smt/large/bftpd_login/prp-85-50.smt2,unsat,13.710042238235474
/nec-smt/large/bftpd_login/prp-67-49.smt2,unsat,13.56344485282898
/nec-smt/large/bftpd_login/prp-59-46.smt2,unsat,3.2677712440490723
/nec-smt/large/bftpd_login/prp-3-50.smt2,unsat,8.119511127471924
/nec-smt/large/bftpd_login/prp-37-42.smt2,unsat,2.053086519241333
/nec-smt/large/bftpd_login/prp-14-49.smt2,unsat,12.564986228942871
/nec-smt/large/bftpd_login/prp-45-47.smt2,unsat,5.463031053543091
/nec-smt/large/bftpd_login/prp-54-48.smt2,unsat,5.64654278755188
/nec-smt/large/bftpd_login/prp-22-49.smt2,unsat,10.796576261520386
/nec-smt/large/bftpd_login/prp-60-48.smt2,unsat,6.647201061248779
/nec-smt/large/bftpd_login/prp-64-48.smt2,unsat,7.185351848602295
/nec-smt/large/bftpd_login/prp-64-46.smt2,unsat,6.26271653175354
/nec-smt/large/bftpd_login/prp-69-46.smt2,unsat,5.652466535568237
/nec-smt/large/bftpd_login/prp-26-47.smt2,unsat,6.706599235534668
/nec-smt/large/bftpd_login/prp-57-48.smt2,unsat,10.65205430984497
/nec-smt/large/bftpd_login/prp-69-47.smt2,unsat,12.138726234436035
/nec-smt/large/bftpd_login/prp-44-48.smt2,unsat,7.642892360687256
/nec-smt/large/bftpd_login/prp-5-50.smt2,unsat,13.94016170501709
/nec-smt/large/bftpd_login/prp-49-50.smt2,unsat,14.298417091369629
/nec-smt/large/bftpd_login/prp-65-47.smt2,unsat,15.161566734313965
/nec-smt/large/bftpd_login/prp-31-48.smt2,unsat,14.630175590515137
/nec-smt/large/bftpd_login/prp-84-50.smt2,unsat,12.144354104995728
/nec-smt/large/bftpd_login/prp-44-49.smt2,unsat,22.42030382156372
/nec-smt/large/bftpd_login/prp-20-50.smt2,unsat,12.253477811813354
/nec-smt/large/bftpd_login/prp-5-48.smt2,unsat,25.588099241256714
/nec-smt/large/bftpd_login/prp-41-42.smt2,unsat,1.6757137775421143
/nec-smt/large/bftpd_login/prp-27-49.smt2,unsat,7.174988269805908
/nec-smt/large/bftpd_login/prp-4-50.smt2,unsat,11.510306358337402
/nec-smt/large/bftpd_login/prp-40-48.smt2,unsat,6.686668872833252
/nec-smt/large/bftpd_login/prp-69-49.smt2,unsat,12.37544560432434
/nec-smt/large/bftpd_login/prp-29-49.smt2,unsat,13.122424364089966
/nec-smt/large/bftpd_login/prp-59-48.smt2,unsat,7.606110572814941
/nec-smt/large/bftpd_login/prp-57-50.smt2,unsat,15.122710943222046
/nec-smt/large/bftpd_login/prp-87-50.smt2,unsat,13.195894241333008
/nec-smt/large/bftpd_login/prp-86-50.smt2,unsat,11.663625717163086
/nec-smt/large/bftpd_login/prp-43-49.smt2,unsat,11.302534818649292
/nec-smt/large/bftpd_login/prp-8-49.smt2,unsat,12.805492877960205
/nec-smt/large/bftpd_login/prp-34-48.smt2,unsat,7.5296783447265625
/nec-smt/large/bftpd_login/prp-30-47.smt2,unsat,5.455744028091431
/nec-smt/large/bftpd_login/prp-48-47.smt2,unsat,11.21695327758789
/nec-smt/large/int_from_list/prp-58-48.smt2,unsat,30.948827266693115
/nec-smt/large/int_from_list/prp-61-49.smt2,unsat,62.828802824020386
/nec-smt/large/int_from_list/prp-58-50.smt2,unsat,61.31040287017822
/nec-smt/large/int_from_list/prp-11-48.smt2,unsat,32.77143669128418
/nec-smt/large/int_from_list/prp-0-49.smt2,sat,91.87151312828064
/nec-smt/large/int_from_list/prp-1-49.smt2,sat,75.5325608253479
/nec-smt/large/int_from_list/prp-61-46.smt2,unsat,28.20594024658203
/nec-smt/large/int_from_list/prp-44-43.smt2,unsat,28.40718173980713
/nec-smt/large/int_from_list/prp-7-50.smt2,unsat,86.09771132469177
/nec-smt/large/int_from_list/prp-0-48.smt2,sat,102.4539213180542
/nec-smt/large/int_from_list/prp-56-50.smt2,unsat,69.85594129562378
/nec-smt/large/int_from_list/prp-51-46.smt2,sat,67.09930968284607
/nec-smt/large/int_from_list/prp-47-48.smt2,unsat,63.341301918029785
/nec-smt/large/int_from_list/prp-63-48.smt2,unsat,52.448039054870605
/nec-smt/large/int_from_list/prp-27-42.smt2,unsat,21.619122743606567
/nec-smt/large/int_from_list/prp-49-46.smt2,sat,66.39339065551758
/nec-smt/large/int_from_list/prp-54-49.smt2,unsat,42.29145050048828
/nec-smt/large/int_from_list/prp-43-47.smt2,sat,58.110352993011475
/nec-smt/large/int_from_list/prp-12-46.smt2,sat,61.101245641708374
/nec-smt/large/int_from_list/prp-60-47.smt2,unsat,28.835560083389282
/nec-smt/large/int_from_list/prp-60-49.smt2,unsat,50.54832220077515
/nec-smt/large/int_from_list/prp-46-50.smt2,sat,122.70351219177246
/nec-smt/large/int_from_list/prp-59-47.smt2,unsat,43.700106620788574
/nec-smt/large/int_from_list/prp-20-48.smt2,unsat,44.68364644050598
/nec-smt/large/int_from_list/prp-62-48.smt2,unsat,42.27116131782532
/nec-smt/large/int_from_list/prp-24-43.smt2,unsat,30.237528324127197
/nec-smt/large/int_from_list/prp-34-44.smt2,unsat,32.91536831855774
/nec-smt/large/int_from_list/prp-42-43.smt2,unsat,25.708160400390625
/nec-smt/large/int_from_list/prp-56-46.smt2,unsat,32.37268352508545
/nec-smt/large/int_from_list/prp-59-50.smt2,unsat,75.03249955177307
/nec-smt/large/int_from_list/prp-49-47.smt2,sat,67.3981339931488
/nec-smt/large/int_from_list/prp-35-43.smt2,unsat,34.53634023666382
/nec-smt/large/int_from_list/prp-1-48.smt2,sat,66.9464282989502
/nec-smt/large/int_from_list/prp-63-50.smt2,unsat,59.38278555870056
/nec-smt/large/int_from_list/prp-17-50.smt2,unsat,53.09749102592468
/nec-smt/large/int_from_list/prp-52-47.smt2,unsat,67.68720841407776
/nec-smt/large/int_from_list/prp-61-47.smt2,unsat,22.36147117614746
/nec-smt/large/int_from_list/prp-0-50.smt2,sat,110.43725872039795
/nec-smt/large/int_from_list/prp-20-49.smt2,unsat,34.11393761634827
/nec-smt/large/int_from_list/prp-11-46.smt2,unsat,24.54408288002014
/nec-smt/large/int_from_list/prp-20-46.smt2,unsat,23.0316002368927
/nec-smt/large/int_from_list/prp-42-42.smt2,unsat,18.83379578590393
/nec-smt/large/int_from_list/prp-60-46.smt2,unsat,28.219178438186646
/nec-smt/large/int_from_list/prp-11-50.smt2,unsat,32.83644914627075
/nec-smt/large/int_from_list/prp-40-50.smt2,sat,120.54387402534485
/nec-smt/large/int_from_list/prp-34-43.smt2,unsat,25.429292917251587
/nec-smt/large/int_from_list/prp-8-47.smt2,sat,30.698975086212158
/nec-smt/large/int_from_list/prp-0-47.smt2,sat,70.63820958137512
/nec-smt/large/int_from_list/prp-43-46.smt2,sat,69.2415030002594
/nec-smt/large/int_from_list/prp-46-46.smt2,sat,30.564857244491577
/nec-smt/large/int_from_list/prp-46-49.smt2,sat,130.152770280838
/nec-smt/large/int_from_list/prp-50-48.smt2,unsat,31.099138259887695
/nec-smt/large/int_from_list/prp-35-42.smt2,unsat,26.903040170669556
/nec-smt/large/int_from_list/prp-52-50.smt2,unsat,38.71359848976135
/nec-smt/large/int_from_list/prp-55-50.smt2,unsat,54.408843755722046
/nec-smt/large/int_from_list/prp-55-48.smt2,unsat,43.612080097198486
/nec-smt/large/int_from_list/prp-43-48.smt2,sat,36.969611167907715
/nec-smt/large/int_from_list/prp-48-48.smt2,unsat,44.14000988006592
/nec-smt/large/int_from_list/prp-62-50.smt2,unsat,115.268483877182
/nec-smt/large/int_from_list/prp-40-47.smt2,sat,53.90946388244629
/nec-smt/large/int_from_list/prp-54-46.smt2,unsat,48.07742643356323
/nec-smt/large/int_from_list/prp-53-48.smt2,unsat,42.05179262161255
/nec-smt/large/int_from_list/prp-8-50.smt2,sat,56.3182487487793
/nec-smt/large/int_from_list/prp-59-49.smt2,unsat,59.517805099487305
/nec-smt/large/int_from_list/prp-52-46.smt2,unsat,44.26498532295227
/nec-smt/large/int_from_list/prp-40-46.smt2,sat,30.195942640304565
/nec-smt/large/int_from_list/prp-37-48.smt2,sat,103.44663739204407
/nec-smt/large/int_from_list/prp-33-41.smt2,unsat,28.936317205429077
/nec-smt/large/int_from_list/prp-51-47.smt2,sat,41.042330741882324
/nec-smt/large/int_from_list/prp-56-47.smt2,unsat,39.299057483673096
/nec-smt/large/int_from_list/prp-43-50.smt2,sat,103.71467900276184
/nec-smt/large/int_from_list/prp-7-48.smt2,unsat,49.6351580619812
/nec-smt/large/int_from_list/prp-7-49.smt2,unsat,68.61522603034973
/nec-smt/large/int_from_list/prp-37-50.smt2,sat,128.01705861091614
/nec-smt/large/int_from_list/prp-54-50.smt2,unsat,41.0584180355072
/nec-smt/large/int_from_list/prp-48-50.smt2,unsat,28.28396725654602
/nec-smt/large/int_from_list/prp-53-46.smt2,unsat,20.772090196609497
/nec-smt/large/int_from_list/prp-62-46.smt2,unsat,30.022900104522705
/nec-smt/large/int_from_list/prp-46-47.smt2,unsat,111.3081886768341
/nec-smt/large/int_from_list/prp-62-47.smt2,unsat,28.451168298721313
/nec-smt/large/int_from_list/prp-58-47.smt2,unsat,43.50211262702942
/nec-smt/large/int_from_list/prp-52-48.smt2,unsat,64.20036292076111
/nec-smt/large/int_from_list/prp-11-47.smt2,unsat,31.76380157470703
/nec-smt/large/int_from_list/prp-55-46.smt2,unsat,17.570542812347412
/nec-smt/large/int_from_list/prp-55-47.smt2,unsat,46.26936674118042
/nec-smt/large/int_from_list/prp-42-41.smt2,unsat,13.861352443695068
/nec-smt/large/int_from_list/prp-49-48.smt2,sat,73.8758533000946
/nec-smt/large/int_from_list/prp-51-49.smt2,sat,114.3833212852478
/nec-smt/large/int_from_list/prp-50-49.smt2,unsat,54.50447487831116
/nec-smt/large/int_from_list/prp-53-49.smt2,unsat,35.22841000556946
/nec-smt/large/int_from_list/prp-56-49.smt2,unsat,73.19191884994507
/nec-smt/large/int_from_list/prp-60-50.smt2,unsat,74.76227450370789
/nec-smt/large/int_from_list/prp-40-49.smt2,sat,100.2855179309845
/nec-smt/large/int_from_list/prp-12-47.smt2,sat,22.0566143989563
/nec-smt/large/int_from_list/prp-24-42.smt2,unsat,28.22891879081726
/nec-smt/large/int_from_list/prp-20-47.smt2,unsat,29.81692600250244
/nec-smt/large/int_from_list/prp-37-46.smt2,sat,72.75244665145874
/nec-smt/large/int_from_list/prp-56-48.smt2,unsat,42.16699957847595
/nec-smt/large/int_from_list/prp-12-48.smt2,sat,40.33944487571716
/nec-smt/large/int_from_list/prp-7-47.smt2,unsat,44.97881627082825
/nec-smt/large/int_from_list/prp-63-49.smt2,unsat,36.30819630622864
/nec-smt/large/int_from_list/prp-46-48.smt2,sat,72.05729627609253
/nec-smt/large/int_from_list/prp-35-45.smt2,unsat,43.137784242630005
/nec-smt/large/int_from_list/prp-51-50.smt2,sat,108.62040591239929
/nec-smt/large/int_from_list/prp-50-46.smt2,unsat,33.643041133880615
/nec-smt/large/int_from_list/prp-1-50.smt2,sat,65.10336112976074
/nec-smt/large/int_from_list/prp-55-49.smt2,unsat,29.818425178527832
/nec-smt/large/int_from_list/prp-21-41.smt2,unsat,17.28148055076599
/nec-smt/large/int_from_list/prp-8-48.smt2,sat,46.918885946273804
/nec-smt/large/int_from_list/prp-34-41.smt2,unsat,14.852941036224365
/nec-smt/large/int_from_list/prp-57-47.smt2,unsat,56.54151105880737
/nec-smt/large/int_from_list/prp-1-46.smt2,sat,28.41582489013672
/nec-smt/large/int_from_list/prp-34-42.smt2,unsat,16.75911855697632
/nec-smt/large/int_from_list/prp-47-50.smt2,unsat,74.88238906860352
/nec-smt/large/int_from_list/prp-63-47.smt2,unsat,21.816057443618774
/nec-smt/large/int_from_list/prp-35-44.smt2,unsat,41.88772678375244
/nec-smt/large/int_from_list/prp-37-47.smt2,unsat,46.31512808799744
/nec-smt/large/int_from_list/prp-47-46.smt2,unsat,59.330827474594116
/nec-smt/large/int_from_list/prp-37-49.smt2,sat,104.94520354270935
/nec-smt/large/int_from_list/prp-35-46.smt2,unsat,39.93558597564697
/nec-smt/large/int_from_list/prp-0-46.smt2,sat,46.42043948173523
/nec-smt/large/int_from_list/prp-44-44.smt2,unsat,47.8630633354187
/nec-smt/large/int_from_list/prp-27-41.smt2,unsat,19.680437326431274
/nec-smt/large/int_from_list/prp-61-48.smt2,unsat,25.585756301879883
/nec-smt/large/int_from_list/prp-12-50.smt2,sat,52.57644319534302
/nec-smt/large/int_from_list/prp-48-46.smt2,unsat,25.82629418373108
/nec-smt/large/int_from_list/prp-45-44.smt2,sat,49.45759415626526
/nec-smt/large/int_from_list/prp-50-47.smt2,unsat,35.36929535865784
/nec-smt/large/int_from_list/prp-17-47.smt2,unsat,25.058583974838257
/nec-smt/large/int_from_list/prp-8-46.smt2,sat,56.94416546821594
/nec-smt/large/int_from_list/prp-57-49.smt2,unsat,48.02596139907837
/nec-smt/large/int_from_list/prp-61-50.smt2,unsat,62.16607689857483
/nec-smt/large/int_from_list/prp-48-49.smt2,unsat,53.264509439468384
/nec-smt/large/int_from_list/prp-47-47.smt2,unsat,52.15458631515503
/nec-smt/large/int_from_list/prp-47-49.smt2,unsat,75.11149835586548
/nec-smt/large/int_from_list/prp-58-49.smt2,unsat,65.54383206367493
/nec-smt/large/int_from_list/prp-17-46.smt2,unsat,35.22084712982178
/nec-smt/large/int_from_list/prp-58-46.smt2,unsat,28.501199960708618
/nec-smt/large/int_from_list/prp-49-49.smt2,sat,107.29168033599854
/nec-smt/large/int_from_list/prp-45-45.smt2,unsat,27.722339868545532
/nec-smt/large/int_from_list/prp-24-41.smt2,unsat,13.433084487915039
/nec-smt/large/int_from_list/prp-7-46.smt2,unsat,41.402657985687256
/nec-smt/large/int_from_list/prp-45-46.smt2,unsat,52.7473087310791
/nec-smt/large/int_from_list/prp-54-47.smt2,unsat,31.234936714172363
/nec-smt/large/int_from_list/prp-17-48.smt2,unsat,51.26597881317139
/nec-smt/large/int_from_list/prp-45-48.smt2,unsat,62.57196807861328
/nec-smt/large/int_from_list/prp-44-41.smt2,unsat,23.556514263153076
/nec-smt/large/int_from_list/prp-52-49.smt2,unsat,42.92496180534363
/nec-smt/large/int_from_list/prp-1-47.smt2,sat,88.43539214134216
/nec-smt/large/int_from_list/prp-12-49.smt2,sat,118.16154503822327
/nec-smt/large/int_from_list/prp-57-46.smt2,unsat,44.703588247299194
/nec-smt/large/int_from_list/prp-51-48.smt2,sat,119.5343668460846
/nec-smt/large/int_from_list/prp-50-50.smt2,unsat,43.19411635398865
/nec-smt/large/int_from_list/prp-17-49.smt2,unsat,41.05571436882019
/nec-smt/large/int_from_list/prp-44-42.smt2,unsat,26.107552528381348
/nec-smt/large/int_from_list/prp-62-49.smt2,unsat,34.7326500415802
/nec-smt/large/int_from_list/prp-53-50.smt2,unsat,60.1013925075531
/nec-smt/large/int_from_list/prp-53-47.smt2,unsat,46.741201400756836
/nec-smt/large/int_from_list/prp-11-49.smt2,unsat,23.224420070648193
/nec-smt/large/int_from_list/prp-59-46.smt2,unsat,25.054750204086304
/nec-smt/large/int_from_list/prp-45-47.smt2,unsat,49.10760951042175
/nec-smt/large/int_from_list/prp-54-48.smt2,unsat,53.61415100097656
/nec-smt/large/int_from_list/prp-60-48.smt2,unsat,44.04840135574341
/nec-smt/large/int_from_list/prp-57-48.smt2,unsat,35.49629473686218
/nec-smt/large/int_from_list/prp-49-50.smt2,sat,116.09923601150513
/nec-smt/large/int_from_list/prp-20-50.smt2,unsat,63.98670673370361
/nec-smt/large/int_from_list/prp-40-48.smt2,sat,89.60773134231567
/nec-smt/large/int_from_list/prp-59-48.smt2,unsat,50.942261695861816
/nec-smt/large/int_from_list/prp-57-50.smt2,unsat,41.31100535392761
/nec-smt/large/int_from_list/prp-44-45.smt2,unsat,29.060544729232788
/nec-smt/large/int_from_list/prp-43-49.smt2,sat,105.02434372901917
/nec-smt/large/int_from_list/prp-8-49.smt2,sat,54.99028515815735
/nec-smt/large/int_from_list/prp-48-47.smt2,unsat,34.22769212722778
/nec-smt/large/mygetpwnam/prp-0-49.smt2,sat,26.66646671295166
/nec-smt/large/mygetpwnam/prp-1-49.smt2,sat,122.25651431083679
/nec-smt/large/mygetpwnam/prp-0-48.smt2,sat,29.495988368988037
/nec-smt/large/mygetpwnam/prp-1-48.smt2,sat,16.43593716621399
/nec-smt/large/mygetpwnam/prp-0-50.smt2,sat,39.16541910171509
/nec-smt/large/mygetpwnam/prp-0-47.smt2,sat,17.555410146713257
/nec-smt/large/mygetpwnam/prp-1-50.smt2,sat,30.3536274433136
/nec-smt/large/mygetpwnam/prp-1-47.smt2,unsat,14.350170850753784
/nec-smt/large/checkpass_pwd/prp-28-44.smt2,sat,219.95213294029236
/nec-smt/large/checkpass_pwd/prp-14-45.smt2,sat,200.67046213150024
/nec-smt/large/checkpass_pwd/prp-38-41.smt2,sat,178.879864692688
/nec-smt/large/checkpass_pwd/prp-16-41.smt2,sat,161.79959058761597
/nec-smt/large/checkpass_pwd/prp-58-48.smt2,unsat,1132.4198520183563
/nec-smt/large/checkpass_pwd/prp-25-41.smt2,sat,183.19327235221863
/nec-smt/large/checkpass_pwd/prp-8-45.smt2,sat,298.2448127269745
/nec-smt/large/checkpass_pwd/prp-32-34.smt2,unsat,35.67855215072632
/nec-smt/large/checkpass_pwd/prp-61-49.smt2,unsat,531.7857322692871
/nec-smt/large/checkpass_pwd/prp-40-37.smt2,unsat,46.19962763786316
/nec-smt/large/checkpass_pwd/prp-13-37.smt2,sat,37.432881593704224
/nec-smt/large/checkpass_pwd/prp-16-50.smt2,sat,642.974362373352
/nec-smt/large/checkpass_pwd/prp-58-50.smt2,unsat,539.5055363178253
/nec-smt/large/checkpass_pwd/prp-44-39.smt2,unsat,72.57848000526428
/nec-smt/large/checkpass_pwd/prp-52-44.smt2,unsat,296.28664541244507
/nec-smt/large/checkpass_pwd/prp-27-35.smt2,sat,45.306365966796875
/nec-smt/large/checkpass_pwd/prp-13-47.smt2,sat,260.78384160995483
/nec-smt/large/checkpass_pwd/prp-29-35.smt2,sat,55.29626131057739
/nec-smt/large/checkpass_pwd/prp-8-40.smt2,sat,165.76983761787415
/nec-smt/large/checkpass_pwd/prp-33-47.smt2,sat,410.83166694641113
/nec-smt/large/checkpass_pwd/prp-44-43.smt2,unsat,192.0614025592804
/nec-smt/large/checkpass_pwd/prp-33-46.smt2,sat,403.74150490760803
/nec-smt/large/checkpass_pwd/prp-51-45.smt2,unsat,434.6748766899109
/nec-smt/large/checkpass_pwd/prp-25-48.smt2,sat,532.6222047805786
/nec-smt/large/checkpass_pwd/prp-7-50.smt2,sat,654.755960226059
/nec-smt/large/checkpass_pwd/prp-4-43.smt2,sat,150.0505337715149
/nec-smt/large/checkpass_pwd/prp-29-38.smt2,sat,101.29600620269775
/nec-smt/large/checkpass_pwd/prp-20-42.smt2,sat,182.7353630065918
/nec-smt/large/checkpass_pwd/prp-32-40.smt2,sat,157.5898780822754
/nec-smt/large/checkpass_pwd/prp-28-50.smt2,sat,649.6432282924652
/nec-smt/large/checkpass_pwd/prp-4-38.smt2,sat,115.44961214065552
/nec-smt/large/checkpass_pwd/prp-56-50.smt2,sat,1047.3321459293365
/nec-smt/large/checkpass_pwd/prp-34-49.smt2,sat,586.2576665878296
/nec-smt/large/checkpass_pwd/prp-25-38.smt2,sat,107.2924702167511
/nec-smt/large/checkpass_pwd/prp-13-48.smt2,sat,253.9529004096985
/nec-smt/large/checkpass_pwd/prp-19-40.smt2,sat,105.41821575164795
/nec-smt/large/checkpass_pwd/prp-38-45.smt2,sat,565.5506060123444
/nec-smt/large/checkpass_pwd/prp-7-39.smt2,sat,66.60815024375916
/nec-smt/large/checkpass_pwd/prp-51-46.smt2,unsat,380.1252121925354
/nec-smt/large/checkpass_pwd/prp-53-45.smt2,unsat,202.7489767074585
/nec-smt/large/checkpass_pwd/prp-11-36.smt2,sat,48.36310386657715
/nec-smt/large/checkpass_pwd/prp-41-45.smt2,sat,439.7398521900177
/nec-smt/large/checkpass_pwd/prp-47-48.smt2,sat,613.0798137187958
/nec-smt/large/checkpass_pwd/prp-37-37.smt2,sat,62.01135325431824
/nec-smt/large/checkpass_pwd/prp-11-35.smt2,unsat,47.54580473899841
/nec-smt/large/checkpass_pwd/prp-25-49.smt2,sat,409.233035326004
/nec-smt/large/checkpass_pwd/prp-25-46.smt2,sat,439.43923163414
/nec-smt/large/checkpass_pwd/prp-22-50.smt2,sat,635.088103055954
/nec-smt/large/checkpass_pwd/prp-14-43.smt2,sat,152.54089736938477
/nec-smt/large/checkpass_pwd/prp-27-42.smt2,sat,217.08716201782227
/nec-smt/large/checkpass_pwd/prp-34-37.smt2,sat,61.25375175476074
/nec-smt/large/checkpass_pwd/prp-32-36.smt2,unsat,64.03211426734924
/nec-smt/large/checkpass_pwd/prp-37-35.smt2,sat,21.617075443267822
/nec-smt/large/checkpass_pwd/prp-40-39.smt2,unsat,87.7281985282898
/nec-smt/large/checkpass_pwd/prp-33-37.smt2,sat,19.4106183052063
/nec-smt/large/checkpass_pwd/prp-24-35.smt2,sat,35.18745040893555
/nec-smt/large/checkpass_pwd/prp-4-35.smt2,sat,23.07185387611389
/nec-smt/large/checkpass_pwd/prp-49-46.smt2,unsat,331.80736780166626
/nec-smt/large/checkpass_pwd/prp-54-49.smt2,sat,928.9249579906464
/nec-smt/large/checkpass_pwd/prp-25-45.smt2,sat,317.6369833946228
/nec-smt/large/checkpass_pwd/prp-43-47.smt2,sat,589.4754259586334
/nec-smt/large/checkpass_pwd/prp-32-41.smt2,sat,150.0909035205841
/nec-smt/large/checkpass_pwd/prp-38-38.smt2,unsat,120.31060862541199
/nec-smt/large/checkpass_pwd/prp-28-49.smt2,sat,398.1951780319214
/nec-smt/large/checkpass_pwd/prp-45-42.smt2,unsat,174.01919221878052
/nec-smt/large/checkpass_pwd/prp-22-45.smt2,sat,336.2432472705841
/nec-smt/large/checkpass_pwd/prp-20-35.smt2,sat,40.75447344779968
/nec-smt/large/checkpass_pwd/prp-4-34.smt2,sat,28.882368087768555
/nec-smt/large/checkpass_pwd/prp-45-41.smt2,unsat,181.35837078094482
/nec-smt/large/checkpass_pwd/prp-19-42.smt2,sat,109.85877251625061
/nec-smt/large/checkpass_pwd/prp-8-44.smt2,sat,646.8677039146423
/nec-smt/large/checkpass_pwd/prp-33-48.smt2,sat,727.3637504577637
/nec-smt/large/checkpass_pwd/prp-27-39.smt2,sat,122.10860896110535
/nec-smt/large/checkpass_pwd/prp-60-49.smt2,unsat,689.9566919803619
/nec-smt/large/checkpass_pwd/prp-46-50.smt2,sat,1171.6801147460938
/nec-smt/large/checkpass_pwd/prp-5-42.smt2,sat,104.43151497840881
/nec-smt/large/checkpass_pwd/prp-42-39.smt2,unsat,144.52462720870972
/nec-smt/large/checkpass_pwd/prp-20-48.smt2,sat,370.7463059425354
/nec-smt/large/checkpass_pwd/prp-30-49.smt2,sat,419.8646957874298
/nec-smt/large/checkpass_pwd/prp-12-38.smt2,sat,23.378545999526978
/nec-smt/large/checkpass_pwd/prp-20-38.smt2,sat,131.31981110572815
/nec-smt/large/checkpass_pwd/prp-4-48.smt2,sat,231.02203965187073
/nec-smt/large/checkpass_pwd/prp-24-43.smt2,sat,171.45798420906067
/nec-smt/large/checkpass_pwd/prp-36-48.smt2,sat,545.8532218933105
/nec-smt/large/checkpass_pwd/prp-5-38.smt2,sat,45.59513545036316
/nec-smt/large/checkpass_pwd/prp-14-39.smt2,sat,131.59821701049805
/nec-smt/large/checkpass_pwd/prp-28-40.smt2,sat,119.76040244102478
/nec-smt/large/checkpass_pwd/prp-42-49.smt2,sat,952.7266595363617
/nec-smt/large/checkpass_pwd/prp-34-44.smt2,sat,336.25677466392517
/nec-smt/large/checkpass_pwd/prp-42-43.smt2,sat,409.24896264076233
/nec-smt/large/checkpass_pwd/prp-56-46.smt2,unsat,309.0335690975189
/nec-smt/large/checkpass_pwd/prp-59-50.smt2,failed,1200.0
/nec-smt/large/checkpass_pwd/prp-7-43.smt2,sat,212.29679799079895
/nec-smt/large/checkpass_pwd/prp-27-38.smt2,sat,100.9678566455841
/nec-smt/large/checkpass_pwd/prp-23-38.smt2,sat,68.69269633293152
/nec-smt/large/checkpass_pwd/prp-36-44.smt2,sat,263.48161339759827
/nec-smt/large/checkpass_pwd/prp-34-45.smt2,sat,485.91473603248596
/nec-smt/large/checkpass_pwd/prp-49-47.smt2,sat,777.0896849632263
/nec-smt/large/checkpass_pwd/prp-18-50.smt2,sat,438.7631986141205
/nec-smt/large/checkpass_pwd/prp-35-43.smt2,sat,194.9606921672821
/nec-smt/large/checkpass_pwd/prp-22-43.smt2,sat,119.51630187034607
/nec-smt/large/checkpass_pwd/prp-24-39.smt2,sat,112.63790202140808
/nec-smt/large/checkpass_pwd/prp-19-34.smt2,sat,38.35648775100708
/nec-smt/large/checkpass_pwd/prp-19-43.smt2,sat,177.55358266830444
/nec-smt/large/checkpass_pwd/prp-24-36.smt2,sat,87.61598753929138
/nec-smt/large/checkpass_pwd/prp-45-40.smt2,unsat,197.2331521511078
/nec-smt/large/checkpass_pwd/prp-8-42.smt2,sat,203.02688097953796
/nec-smt/large/checkpass_pwd/prp-20-37.smt2,sat,44.45638084411621
/nec-smt/large/checkpass_pwd/prp-63-50.smt2,unsat,1038.9119260311127
/nec-smt/large/checkpass_pwd/prp-44-40.smt2,unsat,202.7068829536438
/nec-smt/large/checkpass_pwd/prp-17-50.smt2,sat,398.23158717155457
/nec-smt/large/checkpass_pwd/prp-38-49.smt2,sat,597.2247922420502
/nec-smt/large/checkpass_pwd/prp-34-38.smt2,sat,103.8374571800232
/nec-smt/large/checkpass_pwd/prp-39-50.smt2,failed,1200.0
/nec-smt/large/checkpass_pwd/prp-52-47.smt2,unsat,439.28938698768616
/nec-smt/large/checkpass_pwd/prp-29-48.smt2,sat,382.92185616493225
/nec-smt/large/checkpass_pwd/prp-25-40.smt2,sat,126.20561146736145
/nec-smt/large/checkpass_pwd/prp-28-41.smt2,sat,213.40868711471558
/nec-smt/large/checkpass_pwd/prp-28-45.smt2,sat,242.21402597427368
/nec-smt/large/checkpass_pwd/prp-18-35.smt2,sat,36.80415987968445
/nec-smt/large/checkpass_pwd/prp-7-36.smt2,sat,30.765038013458252
/nec-smt/large/checkpass_pwd/prp-48-45.smt2,unsat,432.95390129089355
/nec-smt/large/checkpass_pwd/prp-30-50.smt2,sat,588.4598436355591
/nec-smt/large/checkpass_pwd/prp-13-50.smt2,sat,493.6783471107483
/nec-smt/large/checkpass_pwd/prp-43-43.smt2,sat,362.0825455188751
/nec-smt/large/checkpass_pwd/prp-20-49.smt2,sat,575.1059634685516
/nec-smt/large/checkpass_pwd/prp-37-45.smt2,unsat,243.2538959980011
/nec-smt/large/checkpass_pwd/prp-18-38.smt2,sat,69.99090909957886
/nec-smt/large/checkpass_pwd/prp-27-37.smt2,sat,82.85954308509827
/nec-smt/large/checkpass_pwd/prp-33-36.smt2,sat,33.496673822402954
/nec-smt/large/checkpass_pwd/prp-30-39.smt2,sat,153.21595311164856
/nec-smt/large/checkpass_pwd/prp-28-38.smt2,sat,72.45246386528015
/nec-smt/large/checkpass_pwd/prp-34-34.smt2,unsat,43.183411598205566
/nec-smt/large/checkpass_pwd/prp-48-41.smt2,unsat,231.7636580467224
/nec-smt/large/checkpass_pwd/prp-24-37.smt2,sat,50.51056480407715
/nec-smt/large/checkpass_pwd/prp-20-46.smt2,sat,352.45764780044556
/nec-smt/large/checkpass_pwd/prp-18-49.smt2,sat,421.69064927101135
/nec-smt/large/checkpass_pwd/prp-13-45.smt2,sat,305.7253384590149
/nec-smt/large/checkpass_pwd/prp-42-42.smt2,unsat,151.40404963493347
/nec-smt/large/checkpass_pwd/prp-28-43.smt2,sat,291.0286498069763
/nec-smt/large/checkpass_pwd/prp-19-47.smt2,sat,288.44151401519775
/nec-smt/large/checkpass_pwd/prp-40-50.smt2,sat,654.2667520046234
/nec-smt/large/checkpass_pwd/prp-42-50.smt2,sat,874.5705115795135
/nec-smt/large/checkpass_pwd/prp-33-43.smt2,sat,248.03884410858154
/nec-smt/large/checkpass_pwd/prp-43-45.smt2,sat,415.689035654068
/nec-smt/large/checkpass_pwd/prp-5-46.smt2,sat,269.89177203178406
/nec-smt/large/checkpass_pwd/prp-28-34.smt2,unsat,51.734161615371704
/nec-smt/large/checkpass_pwd/prp-34-43.smt2,sat,244.39350605010986
/nec-smt/large/checkpass_pwd/prp-17-37.smt2,sat,61.977336406707764
/nec-smt/large/checkpass_pwd/prp-16-47.smt2,sat,616.9031231403351
/nec-smt/large/checkpass_pwd/prp-7-44.smt2,sat,447.16335797309875
/nec-smt/large/checkpass_pwd/prp-28-39.smt2,sat,122.87622213363647
/nec-smt/large/checkpass_pwd/prp-47-41.smt2,unsat,175.98680186271667
/nec-smt/large/checkpass_pwd/prp-10-34.smt2,unsat,34.3518750667572
/nec-smt/large/checkpass_pwd/prp-36-35.smt2,unsat,34.835323333740234
/nec-smt/large/checkpass_pwd/prp-26-35.smt2,sat,15.957151889801025
/nec-smt/large/checkpass_pwd/prp-8-47.smt2,sat,245.4624466896057
/nec-smt/large/checkpass_pwd/prp-36-45.smt2,sat,410.13950753211975
/nec-smt/large/checkpass_pwd/prp-29-46.smt2,sat,335.3849849700928
/nec-smt/large/checkpass_pwd/prp-43-46.smt2,sat,588.9304013252258
/nec-smt/large/checkpass_pwd/prp-13-49.smt2,sat,392.64365696907043
/nec-smt/large/checkpass_pwd/prp-5-44.smt2,sat,139.73570203781128
/nec-smt/large/checkpass_pwd/prp-46-46.smt2,sat,495.698823928833
/nec-smt/large/checkpass_pwd/prp-42-38.smt2,unsat,102.66466212272644
/nec-smt/large/checkpass_pwd/prp-46-49.smt2,sat,1076.0054483413696
/nec-smt/large/checkpass_pwd/prp-43-39.smt2,unsat,209.15960216522217
/nec-smt/large/checkpass_pwd/prp-29-45.smt2,sat,389.6544463634491
/nec-smt/large/checkpass_pwd/prp-50-48.smt2,unsat,818.1772587299347
/nec-smt/large/checkpass_pwd/prp-19-39.smt2,sat,130.3126094341278
/nec-smt/large/checkpass_pwd/prp-52-50.smt2,unsat,823.3948245048523
/nec-smt/large/checkpass_pwd/prp-4-41.smt2,sat,125.03813433647156
/nec-smt/large/checkpass_pwd/prp-55-50.smt2,unsat,769.1462349891663
/nec-smt/large/checkpass_pwd/prp-22-44.smt2,sat,218.05847477912903
/nec-smt/large/checkpass_pwd/prp-39-44.smt2,unsat,298.60541248321533
/nec-smt/large/checkpass_pwd/prp-24-40.smt2,sat,146.01075768470764
/nec-smt/large/checkpass_pwd/prp-7-35.smt2,sat,19.812642812728882
/nec-smt/large/checkpass_pwd/prp-13-46.smt2,sat,254.02712678909302
/nec-smt/large/checkpass_pwd/prp-16-40.smt2,sat,70.62538290023804
/nec-smt/large/checkpass_pwd/prp-18-39.smt2,sat,141.44714069366455
/nec-smt/large/checkpass_pwd/prp-55-48.smt2,unsat,825.900961637497
/nec-smt/large/checkpass_pwd/prp-22-46.smt2,sat,248.97560453414917
/nec-smt/large/checkpass_pwd/prp-43-48.smt2,sat,573.5499923229218
/nec-smt/large/checkpass_pwd/prp-13-44.smt2,sat,189.68509697914124
/nec-smt/large/checkpass_pwd/prp-48-48.smt2,unsat,768.5055842399597
/nec-smt/large/checkpass_pwd/prp-18-48.smt2,sat,361.94070744514465
/nec-smt/large/checkpass_pwd/prp-18-47.smt2,sat,415.6403079032898
/nec-smt/large/checkpass_pwd/prp-44-47.smt2,sat,1008.6882393360138
/nec-smt/large/checkpass_pwd/prp-29-39.smt2,sat,115.6933023929596
/nec-smt/large/checkpass_pwd/prp-38-37.smt2,unsat,110.6901183128357
/nec-smt/large/checkpass_pwd/prp-40-38.smt2,unsat,72.31285190582275
/nec-smt/large/checkpass_pwd/prp-62-50.smt2,unsat,742.6254794597626
/nec-smt/large/checkpass_pwd/prp-19-46.smt2,sat,420.0243842601776
/nec-smt/large/checkpass_pwd/prp-43-40.smt2,sat,120.16542720794678
/nec-smt/large/checkpass_pwd/prp-40-47.smt2,sat,431.84263730049133
/nec-smt/large/checkpass_pwd/prp-32-38.smt2,sat,117.34919691085815
/nec-smt/large/checkpass_pwd/prp-37-39.smt2,sat,54.814263343811035
/nec-smt/large/checkpass_pwd/prp-28-47.smt2,sat,659.7917196750641
/nec-smt/large/checkpass_pwd/prp-15-36.smt2,unsat,32.96355319023132
/nec-smt/large/checkpass_pwd/prp-36-43.smt2,sat,384.09490871429443
/nec-smt/large/checkpass_pwd/prp-39-48.smt2,sat,1193.011135816574
/nec-smt/large/checkpass_pwd/prp-54-46.smt2,unsat,292.2568995952606
/nec-smt/large/checkpass_pwd/prp-53-48.smt2,unsat,1157.2862083911896
/nec-smt/large/checkpass_pwd/prp-20-34.smt2,sat,46.83244490623474
/nec-smt/large/checkpass_pwd/prp-8-50.smt2,sat,1029.998398065567
/nec-smt/large/checkpass_pwd/prp-14-46.smt2,sat,187.61517214775085
/nec-smt/large/checkpass_pwd/prp-33-40.smt2,sat,159.11464262008667
/nec-smt/large/checkpass_pwd/prp-46-41.smt2,sat,146.0019178390503
/nec-smt/large/checkpass_pwd/prp-59-49.smt2,unsat,656.519941329956
/nec-smt/large/checkpass_pwd/prp-30-36.smt2,sat,20.51508355140686
/nec-smt/large/checkpass_pwd/prp-52-46.smt2,unsat,246.8656997680664
/nec-smt/large/checkpass_pwd/prp-29-43.smt2,sat,313.83092069625854
/nec-smt/large/checkpass_pwd/prp-23-41.smt2,unsat,205.76861143112183
/nec-smt/large/checkpass_pwd/prp-5-39.smt2,sat,67.15767931938171
/nec-smt/large/checkpass_pwd/prp-14-41.smt2,sat,140.58705377578735
/nec-smt/large/checkpass_pwd/prp-36-49.smt2,sat,723.2413377761841
/nec-smt/large/checkpass_pwd/prp-32-46.smt2,sat,423.68874073028564
/nec-smt/large/checkpass_pwd/prp-20-41.smt2,sat,211.044536113739
/nec-smt/large/checkpass_pwd/prp-33-45.smt2,sat,453.18906927108765
/nec-smt/large/checkpass_pwd/prp-40-46.smt2,sat,654.4071881771088
/nec-smt/large/checkpass_pwd/prp-37-48.smt2,sat,249.31935095787048
/nec-smt/large/checkpass_pwd/prp-50-45.smt2,unsat,413.0297176837921
/nec-smt/large/checkpass_pwd/prp-28-35.smt2,sat,65.21817803382874
/nec-smt/large/checkpass_pwd/prp-33-41.smt2,sat,176.55663418769836
/nec-smt/large/checkpass_pwd/prp-16-34.smt2,sat,35.20867729187012
/nec-smt/large/checkpass_pwd/prp-39-36.smt2,unsat,55.24837327003479
/nec-smt/large/checkpass_pwd/prp-51-47.smt2,unsat,535.3747947216034
/nec-smt/large/checkpass_pwd/prp-56-47.smt2,unsat,274.48371601104736
/nec-smt/large/checkpass_pwd/prp-8-36.smt2,sat,45.52034783363342
/nec-smt/large/checkpass_pwd/prp-28-48.smt2,sat,732.5177528858185
/nec-smt/large/checkpass_pwd/prp-4-37.smt2,sat,20.819620370864868
/nec-smt/large/checkpass_pwd/prp-4-49.smt2,sat,749.3016836643219
/nec-smt/large/checkpass_pwd/prp-27-40.smt2,sat,124.20108270645142
/nec-smt/large/checkpass_pwd/prp-43-50.smt2,sat,878.4019558429718
/nec-smt/large/checkpass_pwd/prp-7-48.smt2,sat,574.5362331867218
/nec-smt/large/checkpass_pwd/prp-7-49.smt2,sat,557.4528465270996
/nec-smt/large/checkpass_pwd/prp-8-39.smt2,sat,47.20002722740173
/nec-smt/large/checkpass_pwd/prp-29-50.smt2,sat,816.8329877853394
/nec-smt/large/checkpass_pwd/prp-38-42.smt2,sat,214.57311296463013
/nec-smt/large/checkpass_pwd/prp-41-41.smt2,unsat,143.16793036460876
/nec-smt/large/checkpass_pwd/prp-4-46.smt2,sat,210.99255967140198
/nec-smt/large/checkpass_pwd/prp-35-34.smt2,sat,11.553436279296875
/nec-smt/large/checkpass_pwd/prp-38-50.smt2,failed,1200.0
/nec-smt/large/checkpass_pwd/prp-54-50.smt2,sat,1109.4954133033752
/nec-smt/large/checkpass_pwd/prp-36-47.smt2,sat,733.4234766960144
/nec-smt/large/checkpass_pwd/prp-17-41.smt2,sat,142.9189932346344
/nec-smt/large/checkpass_pwd/prp-44-46.smt2,unsat,282.18030309677124
/nec-smt/large/checkpass_pwd/prp-40-43.smt2,sat,300.9044723510742
/nec-smt/large/checkpass_pwd/prp-48-50.smt2,sat,1166.747952222824
/nec-smt/large/checkpass_pwd/prp-30-46.smt2,sat,378.110312461853
/nec-smt/large/checkpass_pwd/prp-5-34.smt2,sat,18.113564014434814
/nec-smt/large/checkpass_pwd/prp-53-46.smt2,unsat,329.2052721977234
/nec-smt/large/checkpass_pwd/prp-42-47.smt2,sat,1089.5112853050232
/nec-smt/large/checkpass_pwd/prp-7-37.smt2,sat,59.681480884552
/nec-smt/large/checkpass_pwd/prp-33-34.smt2,sat,36.795316219329834
/nec-smt/large/checkpass_pwd/prp-13-34.smt2,sat,22.907206773757935
/nec-smt/large/checkpass_pwd/prp-48-44.smt2,unsat,326.49017429351807
/nec-smt/large/checkpass_pwd/prp-24-44.smt2,sat,267.4199638366699
/nec-smt/large/checkpass_pwd/prp-11-34.smt2,sat,45.424986362457275
/nec-smt/large/checkpass_pwd/prp-41-46.smt2,unsat,295.9497113227844
/nec-smt/large/checkpass_pwd/prp-16-37.smt2,sat,68.25312376022339
/nec-smt/large/checkpass_pwd/prp-22-36.smt2,sat,67.70724964141846
/nec-smt/large/checkpass_pwd/prp-8-38.smt2,sat,46.22950482368469
/nec-smt/large/checkpass_pwd/prp-46-47.smt2,sat,486.86703658103943
/nec-smt/large/checkpass_pwd/prp-8-35.smt2,sat,19.37339997291565
/nec-smt/large/checkpass_pwd/prp-29-37.smt2,sat,121.12916874885559
/nec-smt/large/checkpass_pwd/prp-17-38.smt2,sat,77.92681288719177
/nec-smt/large/checkpass_pwd/prp-41-50.smt2,sat,1029.0479333400726
/nec-smt/large/checkpass_pwd/prp-58-47.smt2,unsat,591.1496913433075
/nec-smt/large/checkpass_pwd/prp-52-48.smt2,unsat,467.3309676647186
/nec-smt/large/checkpass_pwd/prp-33-39.smt2,sat,142.443035364151
/nec-smt/large/checkpass_pwd/prp-29-34.smt2,unsat,44.51160454750061
/nec-smt/large/checkpass_pwd/prp-55-46.smt2,unsat,223.92048573493958
/nec-smt/large/checkpass_pwd/prp-34-35.smt2,sat,44.54553151130676
/nec-smt/large/checkpass_pwd/prp-49-44.smt2,unsat,318.50495529174805
/nec-smt/large/checkpass_pwd/prp-46-40.smt2,unsat,120.48035049438477
/nec-smt/large/checkpass_pwd/prp-27-48.smt2,sat,634.2559123039246
/nec-smt/large/checkpass_pwd/prp-5-45.smt2,sat,291.61645102500916
/nec-smt/large/checkpass_pwd/prp-33-50.smt2,sat,613.2527685165405
/nec-smt/large/checkpass_pwd/prp-19-38.smt2,sat,113.2787094116211
/nec-smt/large/checkpass_pwd/prp-55-47.smt2,unsat,699.3514330387115
/nec-smt/large/checkpass_pwd/prp-42-41.smt2,unsat,153.78921270370483
/nec-smt/large/checkpass_pwd/prp-39-45.smt2,sat,467.9678030014038
/nec-smt/large/checkpass_pwd/prp-49-48.smt2,unsat,913.2878015041351
/nec-smt/large/checkpass_pwd/prp-45-43.smt2,sat,343.8731601238251
/nec-smt/large/checkpass_pwd/prp-51-49.smt2,sat,1055.2629022598267
/nec-smt/large/checkpass_pwd/prp-24-47.smt2,sat,338.7036910057068
/nec-smt/large/checkpass_pwd/prp-50-49.smt2,sat,1185.363650560379
/nec-smt/large/checkpass_pwd/prp-24-34.smt2,sat,30.923641204833984
/nec-smt/large/checkpass_pwd/prp-38-48.smt2,sat,888.0696563720703
/nec-smt/large/checkpass_pwd/prp-30-42.smt2,sat,307.4337704181671
/nec-smt/large/checkpass_pwd/prp-34-39.smt2,sat,149.313050031662
/nec-smt/large/checkpass_pwd/prp-5-35.smt2,sat,30.64457678794861
/nec-smt/large/checkpass_pwd/prp-19-49.smt2,sat,460.8574709892273
/nec-smt/large/checkpass_pwd/prp-16-39.smt2,sat,122.26181745529175
/nec-smt/large/checkpass_pwd/prp-45-49.smt2,sat,875.985199213028
/nec-smt/large/checkpass_pwd/prp-31-42.smt2,unsat,293.5907039642334
/nec-smt/large/checkpass_pwd/prp-16-49.smt2,sat,580.9464428424835
/nec-smt/large/checkpass_pwd/prp-49-41.smt2,unsat,141.94481921195984
/nec-smt/large/checkpass_pwd/prp-14-50.smt2,sat,654.9540362358093
/nec-smt/large/checkpass_pwd/prp-53-49.smt2,unsat,753.251487493515
/nec-smt/large/checkpass_pwd/prp-31-34.smt2,sat,6.163203477859497
/nec-smt/large/checkpass_pwd/prp-17-35.smt2,sat,47.41295003890991
/nec-smt/large/checkpass_pwd/prp-30-41.smt2,sat,160.9748375415802
/nec-smt/large/checkpass_pwd/prp-39-43.smt2,sat,293.39610981941223
/nec-smt/large/checkpass_pwd/prp-27-34.smt2,unsat,34.80065298080444
/nec-smt/large/checkpass_pwd/prp-25-42.smt2,sat,161.72236466407776
/nec-smt/large/checkpass_pwd/prp-39-46.smt2,sat,523.1775786876678
/nec-smt/large/checkpass_pwd/prp-39-41.smt2,unsat,246.32218098640442
/nec-smt/large/checkpass_pwd/prp-36-41.smt2,sat,223.1824791431427
/nec-smt/large/checkpass_pwd/prp-27-50.smt2,sat,752.500940322876
/nec-smt/large/checkpass_pwd/prp-56-49.smt2,sat,611.1240200996399
/nec-smt/large/checkpass_pwd/prp-25-36.smt2,sat,59.48838400840759
/nec-smt/large/checkpass_pwd/prp-60-50.smt2,unsat,770.5922989845276
/nec-smt/large/checkpass_pwd/prp-27-45.smt2,sat,331.2835464477539
/nec-smt/large/checkpass_pwd/prp-38-35.smt2,unsat,48.54158091545105
/nec-smt/large/checkpass_pwd/prp-40-49.smt2,sat,1025.902842760086
/nec-smt/large/checkpass_pwd/prp-35-47.smt2,sat,341.50629138946533
/nec-smt/large/checkpass_pwd/prp-22-40.smt2,sat,236.8740611076355
/nec-smt/large/checkpass_pwd/prp-21-37.smt2,sat,45.204593658447266
/nec-smt/large/checkpass_pwd/prp-18-43.smt2,sat,180.99961400032043
/nec-smt/large/checkpass_pwd/prp-48-40.smt2,unsat,123.9790768623352
/nec-smt/large/checkpass_pwd/prp-20-45.smt2,sat,132.64836406707764
/nec-smt/large/checkpass_pwd/prp-24-42.smt2,sat,217.45518374443054
/nec-smt/large/checkpass_pwd/prp-20-47.smt2,sat,344.3188064098358
/nec-smt/large/checkpass_pwd/prp-43-41.smt2,sat,172.8722915649414
/nec-smt/large/checkpass_pwd/prp-37-46.smt2,sat,198.98244881629944
/nec-smt/large/checkpass_pwd/prp-56-48.smt2,unsat,1025.2457995414734
/nec-smt/large/checkpass_pwd/prp-4-39.smt2,sat,164.85212874412537
/nec-smt/large/checkpass_pwd/prp-4-45.smt2,sat,239.88228631019592
/nec-smt/large/checkpass_pwd/prp-34-50.smt2,sat,1030.3692862987518
/nec-smt/large/checkpass_pwd/prp-24-50.smt2,sat,648.7401235103607
/nec-smt/large/checkpass_pwd/prp-5-49.smt2,sat,562.4543144702911
/nec-smt/large/checkpass_pwd/prp-5-41.smt2,sat,129.75363063812256
/nec-smt/large/checkpass_pwd/prp-13-43.smt2,sat,152.84055852890015
/nec-smt/large/checkpass_pwd/prp-7-47.smt2,sat,463.33029675483704
/nec-smt/large/checkpass_pwd/prp-16-35.smt2,sat,55.52167057991028
/nec-smt/large/checkpass_pwd/prp-39-39.smt2,unsat,107.58632493019104
/nec-smt/large/checkpass_pwd/prp-12-37.smt2,unsat,76.34005737304688
/nec-smt/large/checkpass_pwd/prp-8-37.smt2,sat,48.36203908920288
/nec-smt/large/checkpass_pwd/prp-42-46.smt2,sat,446.2704529762268
/nec-smt/large/checkpass_pwd/prp-34-46.smt2,sat,463.3436768054962
/nec-smt/large/checkpass_pwd/prp-28-36.smt2,sat,134.88400387763977
/nec-smt/large/checkpass_pwd/prp-36-42.smt2,sat,264.500643491745
/nec-smt/large/checkpass_pwd/prp-46-42.smt2,sat,176.3738191127777
/nec-smt/large/checkpass_pwd/prp-30-48.smt2,sat,374.4299156665802
/nec-smt/large/checkpass_pwd/prp-46-44.smt2,sat,368.56803369522095
/nec-smt/large/checkpass_pwd/prp-49-45.smt2,unsat,315.9083456993103
/nec-smt/large/checkpass_pwd/prp-49-43.smt2,unsat,322.5811538696289
/nec-smt/large/checkpass_pwd/prp-46-48.smt2,sat,663.9897694587708
/nec-smt/large/checkpass_pwd/prp-35-45.smt2,sat,187.8901686668396
/nec-smt/large/checkpass_pwd/prp-41-40.smt2,unsat,100.2865059375763
/nec-smt/large/checkpass_pwd/prp-51-50.smt2,unsat,1034.2403771877289
/nec-smt/large/checkpass_pwd/prp-14-40.smt2,sat,108.87171912193298
/nec-smt/large/checkpass_pwd/prp-27-46.smt2,sat,344.34017300605774
/nec-smt/large/checkpass_pwd/prp-42-44.smt2,unsat,448.7600431442261
/nec-smt/large/checkpass_pwd/prp-31-43.smt2,sat,174.4509060382843
/nec-smt/large/checkpass_pwd/prp-50-46.smt2,unsat,257.6835079193115
/nec-smt/large/checkpass_pwd/prp-29-36.smt2,sat,62.8411066532135
/nec-smt/large/checkpass_pwd/prp-42-45.smt2,sat,442.0540680885315
/nec-smt/large/checkpass_pwd/prp-18-34.smt2,sat,32.231257915496826
/nec-smt/large/checkpass_pwd/prp-24-48.smt2,sat,596.7291765213013
/nec-smt/large/checkpass_pwd/prp-20-43.smt2,sat,206.40511298179626
/nec-smt/large/checkpass_pwd/prp-39-37.smt2,unsat,102.06057047843933
/nec-smt/large/checkpass_pwd/prp-5-47.smt2,sat,286.9496479034424
/nec-smt/large/checkpass_pwd/prp-26-43.smt2,unsat,300.2388708591461
/nec-smt/large/checkpass_pwd/prp-40-44.smt2,sat,340.2098047733307
/nec-smt/large/checkpass_pwd/prp-30-38.smt2,sat,40.99419832229614
/nec-smt/large/checkpass_pwd/prp-14-36.smt2,sat,53.28952622413635
/nec-smt/large/checkpass_pwd/prp-46-45.smt2,sat,527.6569600105286
/nec-smt/large/checkpass_pwd/prp-38-44.smt2,sat,191.39135193824768
/nec-smt/large/checkpass_pwd/prp-35-38.smt2,sat,42.34320616722107
/nec-smt/large/checkpass_pwd/prp-38-36.smt2,unsat,42.609840393066406
/nec-smt/large/checkpass_pwd/prp-26-44.smt2,sat,183.5485029220581
/nec-smt/large/checkpass_pwd/prp-41-43.smt2,unsat,182.03628873825073
/nec-smt/large/checkpass_pwd/prp-22-34.smt2,sat,39.28953242301941
/nec-smt/large/checkpass_pwd/prp-51-44.smt2,unsat,323.70902013778687
/nec-smt/large/checkpass_pwd/prp-32-44.smt2,sat,331.16705203056335
/nec-smt/large/checkpass_pwd/prp-50-44.smt2,unsat,175.80721974372864
/nec-smt/large/checkpass_pwd/prp-29-40.smt2,sat,136.7900378704071
/nec-smt/large/checkpass_pwd/prp-25-43.smt2,sat,381.7977752685547
/nec-smt/large/checkpass_pwd/prp-38-39.smt2,sat,187.98085856437683
/nec-smt/large/checkpass_pwd/prp-55-49.smt2,unsat,563.4960839748383
/nec-smt/large/checkpass_pwd/prp-19-41.smt2,sat,131.44339632987976
/nec-smt/large/checkpass_pwd/prp-33-42.smt2,sat,144.27512335777283
/nec-smt/large/checkpass_pwd/prp-25-47.smt2,sat,370.1106333732605
/nec-smt/large/checkpass_pwd/prp-17-40.smt2,sat,160.72992777824402
/nec-smt/large/checkpass_pwd/prp-7-45.smt2,sat,223.31715488433838
/nec-smt/large/checkpass_pwd/prp-32-50.smt2,sat,763.5492813587189
/nec-smt/large/checkpass_pwd/prp-22-39.smt2,sat,166.62544536590576
/nec-smt/large/checkpass_pwd/prp-16-38.smt2,sat,62.882285356521606
/nec-smt/large/checkpass_pwd/prp-16-46.smt2,sat,489.5859966278076
/nec-smt/large/checkpass_pwd/prp-21-35.smt2,sat,42.36401629447937
/nec-smt/large/checkpass_pwd/prp-14-44.smt2,sat,266.1255440711975
/nec-smt/large/checkpass_pwd/prp-36-39.smt2,sat,142.10060095787048
/nec-smt/large/checkpass_pwd/prp-30-34.smt2,sat,22.92915153503418
/nec-smt/large/checkpass_pwd/prp-21-41.smt2,sat,111.58060884475708
/nec-smt/large/checkpass_pwd/prp-8-48.smt2,sat,545.6479232311249
/nec-smt/large/checkpass_pwd/prp-16-43.smt2,sat,180.0297200679779
/nec-smt/large/checkpass_pwd/prp-40-40.smt2,unsat,176.08694124221802
/nec-smt/large/checkpass_pwd/prp-48-42.smt2,unsat,216.17319679260254
/nec-smt/large/checkpass_pwd/prp-27-44.smt2,sat,205.3147735595703
/nec-smt/large/checkpass_pwd/prp-13-41.smt2,sat,136.80821752548218
/nec-smt/large/checkpass_pwd/prp-22-37.smt2,sat,87.93682432174683
/nec-smt/large/checkpass_pwd/prp-34-41.smt2,sat,186.37547659873962
/nec-smt/large/checkpass_pwd/prp-18-42.smt2,sat,220.29597663879395
/nec-smt/large/checkpass_pwd/prp-21-39.smt2,sat,110.29071760177612
/nec-smt/large/checkpass_pwd/prp-57-47.smt2,unsat,566.369500875473
/nec-smt/large/checkpass_pwd/prp-19-50.smt2,sat,583.3238642215729
/nec-smt/large/checkpass_pwd/prp-43-42.smt2,sat,296.14421558380127
/nec-smt/large/checkpass_pwd/prp-4-36.smt2,sat,48.394498348236084
/nec-smt/large/checkpass_pwd/prp-34-42.smt2,sat,160.51092791557312
/nec-smt/large/checkpass_pwd/prp-41-39.smt2,unsat,111.06072926521301
/nec-smt/large/checkpass_pwd/prp-47-50.smt2,sat,1186.4078233242035
/nec-smt/large/checkpass_pwd/prp-19-48.smt2,sat,400.16326427459717
/nec-smt/large/checkpass_pwd/prp-16-36.smt2,sat,51.57032060623169
/nec-smt/large/checkpass_pwd/prp-41-48.smt2,sat,1033.5402565002441
/nec-smt/large/checkpass_pwd/prp-38-40.smt2,unsat,191.77507305145264
/nec-smt/large/checkpass_pwd/prp-38-47.smt2,sat,495.5622227191925
/nec-smt/large/checkpass_pwd/prp-26-41.smt2,sat,128.11729860305786
/nec-smt/large/checkpass_pwd/prp-17-34.smt2,sat,43.22268009185791
/nec-smt/large/checkpass_pwd/prp-25-35.smt2,sat,80.99461507797241
/nec-smt/large/checkpass_pwd/prp-35-44.smt2,unsat,328.3622672557831
/nec-smt/large/checkpass_pwd/prp-20-40.smt2,sat,191.92411398887634
/nec-smt/large/checkpass_pwd/prp-16-44.smt2,sat,371.39473819732666
/nec-smt/large/checkpass_pwd/prp-43-44.smt2,sat,377.14127826690674
/nec-smt/large/checkpass_pwd/prp-37-47.smt2,unsat,687.3072173595428
/nec-smt/large/checkpass_pwd/prp-5-37.smt2,sat,72.2881395816803
/nec-smt/large/checkpass_pwd/prp-39-49.smt2,sat,1023.4535434246063
/nec-smt/large/checkpass_pwd/prp-14-42.smt2,sat,150.96601915359497
/nec-smt/large/checkpass_pwd/prp-16-48.smt2,sat,491.42431712150574
/nec-smt/large/checkpass_pwd/prp-25-37.smt2,sat,115.74959087371826
/nec-smt/large/checkpass_pwd/prp-30-44.smt2,sat,292.29550290107727
/nec-smt/large/checkpass_pwd/prp-49-42.smt2,unsat,149.56176900863647
/nec-smt/large/checkpass_pwd/prp-15-37.smt2,sat,29.883323192596436
/nec-smt/large/checkpass_pwd/prp-43-38.smt2,unsat,120.6269748210907
/nec-smt/large/checkpass_pwd/prp-32-42.smt2,sat,257.1032841205597
/nec-smt/large/checkpass_pwd/prp-26-40.smt2,sat,143.50394129753113
/nec-smt/large/checkpass_pwd/prp-47-46.smt2,unsat,360.2987515926361
/nec-smt/large/checkpass_pwd/prp-40-42.smt2,unsat,250.84197974205017
/nec-smt/large/checkpass_pwd/prp-30-37.smt2,sat,145.0633990764618
/nec-smt/large/checkpass_pwd/prp-35-46.smt2,unsat,680.8473570346832
/nec-smt/large/checkpass_pwd/prp-18-46.smt2,sat,282.7792627811432
/nec-smt/large/checkpass_pwd/prp-35-41.smt2,sat,101.74312591552734
/nec-smt/large/checkpass_pwd/prp-19-37.smt2,sat,44.15743541717529
/nec-smt/large/checkpass_pwd/prp-14-37.smt2,sat,58.3223831653595
/nec-smt/large/checkpass_pwd/prp-22-42.smt2,sat,212.96778631210327
/nec-smt/large/checkpass_pwd/prp-19-35.smt2,sat,38.06641244888306
/nec-smt/large/checkpass_pwd/prp-29-47.smt2,sat,415.0541682243347
/nec-smt/large/checkpass_pwd/prp-36-50.smt2,sat,687.5509872436523
/nec-smt/large/checkpass_pwd/prp-4-47.smt2,sat,192.17635989189148
/nec-smt/large/checkpass_pwd/prp-47-45.smt2,sat,481.45142817497253
/nec-smt/large/checkpass_pwd/prp-32-35.smt2,sat,66.07212233543396
/nec-smt/large/checkpass_pwd/prp-44-44.smt2,unsat,460.5338475704193
/nec-smt/large/checkpass_pwd/prp-50-43.smt2,unsat,269.3146507740021
/nec-smt/large/checkpass_pwd/prp-7-38.smt2,sat,59.542924642562866
/nec-smt/large/checkpass_pwd/prp-29-44.smt2,sat,399.39147329330444
/nec-smt/large/checkpass_pwd/prp-33-38.smt2,sat,109.07213997840881
/nec-smt/large/checkpass_pwd/prp-24-49.smt2,sat,598.6499648094177
/nec-smt/large/checkpass_pwd/prp-5-36.smt2,sat,60.4629590511322
/nec-smt/large/checkpass_pwd/prp-45-50.smt2,sat,1023.6979267597198
/nec-smt/large/checkpass_pwd/prp-27-41.smt2,sat,130.78023433685303
/nec-smt/large/checkpass_pwd/prp-4-42.smt2,sat,109.38801860809326
/nec-smt/large/checkpass_pwd/prp-7-41.smt2,sat,158.96334171295166
/nec-smt/large/checkpass_pwd/prp-34-36.smt2,unsat,102.76282405853271
/nec-smt/large/checkpass_pwd/prp-21-38.smt2,unsat,100.62122297286987
/nec-smt/large/checkpass_pwd/prp-18-40.smt2,sat,125.5271258354187
/nec-smt/large/checkpass_pwd/prp-23-36.smt2,sat,57.81175947189331
/nec-smt/large/checkpass_pwd/prp-24-46.smt2,sat,405.058393239975
/nec-smt/large/checkpass_pwd/prp-14-47.smt2,sat,530.4428415298462
/nec-smt/large/checkpass_pwd/prp-33-49.smt2,sat,527.830146074295
/nec-smt/large/checkpass_pwd/prp-48-46.smt2,unsat,212.8545892238617
/nec-smt/large/checkpass_pwd/prp-14-34.smt2,sat,17.442009687423706
/nec-smt/large/checkpass_pwd/prp-45-44.smt2,unsat,431.721373796463
/nec-smt/large/checkpass_pwd/prp-35-36.smt2,sat,38.19134521484375
/nec-smt/large/checkpass_pwd/prp-37-44.smt2,sat,205.32204008102417
/nec-smt/large/checkpass_pwd/prp-8-34.smt2,sat,17.33582091331482
/nec-smt/large/checkpass_pwd/prp-54-45.smt2,unsat,262.77938890457153
/nec-smt/large/checkpass_pwd/prp-25-34.smt2,sat,40.2428765296936
/nec-smt/large/checkpass_pwd/prp-22-35.smt2,sat,100.04124760627747
/nec-smt/large/checkpass_pwd/prp-36-40.smt2,sat,116.07368350028992
/nec-smt/large/checkpass_pwd/prp-13-38.smt2,sat,51.799209117889404
/nec-smt/large/checkpass_pwd/prp-50-47.smt2,sat,635.258133649826
/nec-smt/large/checkpass_pwd/prp-7-40.smt2,sat,109.51244902610779
/nec-smt/large/checkpass_pwd/prp-41-38.smt2,unsat,73.46892189979553
/nec-smt/large/checkpass_pwd/prp-27-47.smt2,sat,341.75953936576843
/nec-smt/large/checkpass_pwd/prp-17-47.smt2,sat,486.8106722831726
/nec-smt/large/checkpass_pwd/prp-39-42.smt2,unsat,211.72361707687378
/nec-smt/large/checkpass_pwd/prp-17-45.smt2,sat,268.7559530735016
/nec-smt/large/checkpass_pwd/prp-8-46.smt2,sat,443.4388632774353
/nec-smt/large/checkpass_pwd/prp-28-46.smt2,sat,391.3774747848511
/nec-smt/large/checkpass_pwd/prp-22-48.smt2,sat,354.45679450035095
/nec-smt/large/checkpass_pwd/prp-17-44.smt2,sat,195.09884405136108
/nec-smt/large/checkpass_pwd/prp-57-49.smt2,unsat,574.9142632484436
/nec-smt/large/checkpass_pwd/prp-13-42.smt2,sat,135.42001676559448
/nec-smt/large/checkpass_pwd/prp-12-35.smt2,sat,34.97792601585388
/nec-smt/large/checkpass_pwd/prp-32-47.smt2,sat,509.8940341472626
/nec-smt/large/checkpass_pwd/prp-5-40.smt2,sat,65.00667762756348
/nec-smt/large/checkpass_pwd/prp-22-47.smt2,sat,319.7188262939453
/nec-smt/large/checkpass_pwd/prp-61-50.smt2,unsat,1027.3721313476562
/nec-smt/large/checkpass_pwd/prp-23-42.smt2,sat,52.97260928153992
/nec-smt/large/checkpass_pwd/prp-48-49.smt2,sat,649.624222278595
/nec-smt/large/checkpass_pwd/prp-4-40.smt2,sat,104.1702094078064
/nec-smt/large/checkpass_pwd/prp-5-43.smt2,sat,168.4519031047821
/nec-smt/large/checkpass_pwd/prp-47-47.smt2,sat,803.040981054306
/nec-smt/large/checkpass_pwd/prp-47-49.smt2,sat,721.8738162517548
/nec-smt/large/checkpass_pwd/prp-47-42.smt2,unsat,202.6655511856079
/nec-smt/large/checkpass_pwd/prp-32-49.smt2,sat,644.6637861728668
/nec-smt/large/checkpass_pwd/prp-58-49.smt2,unsat,608.4681029319763
/nec-smt/large/checkpass_pwd/prp-45-39.smt2,unsat,66.48976731300354
/nec-smt/large/checkpass_pwd/prp-17-46.smt2,sat,214.14831113815308
/nec-smt/large/checkpass_pwd/prp-33-44.smt2,sat,235.69430494308472
/nec-smt/large/checkpass_pwd/prp-8-43.smt2,sat,231.04313445091248
/nec-smt/large/checkpass_pwd/prp-41-44.smt2,unsat,208.47360253334045
/nec-smt/large/checkpass_pwd/prp-50-42.smt2,unsat,198.16338062286377
/nec-smt/large/checkpass_pwd/prp-28-42.smt2,sat,174.87948298454285
/nec-smt/large/checkpass_pwd/prp-46-43.smt2,sat,198.80886507034302
/nec-smt/large/checkpass_pwd/prp-48-43.smt2,unsat,406.4750020503998
/nec-smt/large/checkpass_pwd/prp-42-40.smt2,unsat,170.34396862983704
/nec-smt/large/checkpass_pwd/prp-22-38.smt2,sat,74.41378164291382
/nec-smt/large/checkpass_pwd/prp-41-47.smt2,sat,789.5192322731018
/nec-smt/large/checkpass_pwd/prp-49-49.smt2,sat,1028.6440052986145
/nec-smt/large/checkpass_pwd/prp-30-35.smt2,sat,25.341888189315796
/nec-smt/large/checkpass_pwd/prp-45-45.smt2,sat,281.7494316101074
/nec-smt/large/checkpass_pwd/prp-14-38.smt2,sat,108.07961916923523
/nec-smt/large/checkpass_pwd/prp-24-41.smt2,sat,192.8003523349762
/nec-smt/large/checkpass_pwd/prp-32-45.smt2,sat,379.0161101818085
/nec-smt/large/checkpass_pwd/prp-30-43.smt2,sat,185.93332862854004
/nec-smt/large/checkpass_pwd/prp-7-46.smt2,sat,371.4852337837219
/nec-smt/large/checkpass_pwd/prp-40-41.smt2,sat,221.4415888786316
/nec-smt/large/checkpass_pwd/prp-14-48.smt2,sat,488.5475924015045
/nec-smt/large/checkpass_pwd/prp-45-46.smt2,sat,576.3455035686493
/nec-smt/large/checkpass_pwd/prp-32-48.smt2,sat,483.7783839702606
/nec-smt/large/checkpass_pwd/prp-13-39.smt2,sat,84.85859203338623
/nec-smt/large/checkpass_pwd/prp-54-47.smt2,unsat,414.77395367622375
/nec-smt/large/checkpass_pwd/prp-17-48.smt2,sat,408.82998275756836
/nec-smt/large/checkpass_pwd/prp-36-46.smt2,sat,453.42189502716064
/nec-smt/large/checkpass_pwd/prp-45-48.smt2,sat,1027.7863411903381
/nec-smt/large/checkpass_pwd/prp-44-41.smt2,unsat,110.293705701828
/nec-smt/large/checkpass_pwd/prp-52-49.smt2,unsat,1067.0079629421234
/nec-smt/large/checkpass_pwd/prp-32-39.smt2,sat,217.40524244308472
/nec-smt/large/checkpass_pwd/prp-22-41.smt2,sat,218.95600509643555
/nec-smt/large/checkpass_pwd/prp-36-34.smt2,unsat,25.347705364227295
/nec-smt/large/checkpass_pwd/prp-51-48.smt2,unsat,790.920093536377
/nec-smt/large/checkpass_pwd/prp-50-50.smt2,sat,1176.2502963542938
/nec-smt/large/checkpass_pwd/prp-16-45.smt2,sat,261.98598861694336
/nec-smt/large/checkpass_pwd/prp-17-42.smt2,sat,183.62240839004517
/nec-smt/large/checkpass_pwd/prp-39-40.smt2,unsat,235.7583930492401
/nec-smt/large/checkpass_pwd/prp-17-39.smt2,sat,121.60461711883545
/nec-smt/large/checkpass_pwd/prp-30-45.smt2,sat,343.8583035469055
/nec-smt/large/checkpass_pwd/prp-36-36.smt2,unsat,38.82215213775635
/nec-smt/large/checkpass_pwd/prp-20-39.smt2,sat,108.57561922073364
/nec-smt/large/checkpass_pwd/prp-24-45.smt2,sat,239.47872805595398
/nec-smt/large/checkpass_pwd/prp-13-36.smt2,sat,74.966965675354
/nec-smt/large/checkpass_pwd/prp-17-49.smt2,sat,307.6232750415802
/nec-smt/large/checkpass_pwd/prp-41-49.smt2,sat,935.136904001236
/nec-smt/large/checkpass_pwd/prp-32-43.smt2,sat,246.9118173122406
/nec-smt/large/checkpass_pwd/prp-51-43.smt2,unsat,223.67768049240112
/nec-smt/large/checkpass_pwd/prp-44-42.smt2,unsat,237.78411674499512
/nec-smt/large/checkpass_pwd/prp-44-50.smt2,sat,629.0996782779694
/nec-smt/large/checkpass_pwd/prp-34-47.smt2,sat,717.6732501983643
/nec-smt/large/checkpass_pwd/prp-40-45.smt2,sat,343.4289243221283
/nec-smt/large/checkpass_pwd/prp-29-41.smt2,sat,227.5835952758789
/nec-smt/large/checkpass_pwd/prp-23-40.smt2,sat,16.194368839263916
/nec-smt/large/checkpass_pwd/prp-4-44.smt2,sat,38.744298219680786
/nec-smt/large/checkpass_pwd/prp-36-38.smt2,unsat,120.66406011581421
/nec-smt/large/checkpass_pwd/prp-62-49.smt2,unsat,389.4900846481323
/nec-smt/large/checkpass_pwd/prp-24-38.smt2,sat,105.9575424194336
/nec-smt/large/checkpass_pwd/prp-42-48.smt2,sat,1080.1769499778748
/nec-smt/large/checkpass_pwd/prp-25-39.smt2,sat,110.20306277275085
/nec-smt/large/checkpass_pwd/prp-18-44.smt2,sat,211.9675054550171
/nec-smt/large/checkpass_pwd/prp-7-42.smt2,sat,152.42273497581482
/nec-smt/large/checkpass_pwd/prp-53-50.smt2,unsat,625.0828437805176
/nec-smt/large/checkpass_pwd/prp-18-41.smt2,sat,177.96705293655396
/nec-smt/large/checkpass_pwd/prp-38-46.smt2,sat,542.4334380626678
/nec-smt/large/checkpass_pwd/prp-32-37.smt2,sat,91.01365232467651
/nec-smt/large/checkpass_pwd/prp-17-36.smt2,sat,60.027693033218384
/nec-smt/large/checkpass_pwd/prp-33-35.smt2,sat,39.567387342453
/nec-smt/large/checkpass_pwd/prp-18-37.smt2,sat,53.791887521743774
/nec-smt/large/checkpass_pwd/prp-18-36.smt2,sat,103.25306940078735
/nec-smt/large/checkpass_pwd/prp-53-47.smt2,unsat,356.2302255630493
/nec-smt/large/checkpass_pwd/prp-52-45.smt2,unsat,473.28205728530884
/nec-smt/large/checkpass_pwd/prp-27-36.smt2,sat,48.13105320930481
/nec-smt/large/checkpass_pwd/prp-39-38.smt2,unsat,102.23568296432495
/nec-smt/large/checkpass_pwd/prp-14-35.smt2,sat,30.434070110321045
/nec-smt/large/checkpass_pwd/prp-25-50.smt2,sat,451.9471490383148
/nec-smt/large/checkpass_pwd/prp-47-40.smt2,unsat,139.5074143409729
/nec-smt/large/checkpass_pwd/prp-39-47.smt2,sat,684.2773959636688
/nec-smt/large/checkpass_pwd/prp-38-43.smt2,sat,319.02720975875854
/nec-smt/large/checkpass_pwd/prp-46-39.smt2,unsat,123.46776556968689
/nec-smt/large/checkpass_pwd/prp-37-42.smt2,sat,111.3161690235138
/nec-smt/large/checkpass_pwd/prp-31-39.smt2,sat,122.91742706298828
/nec-smt/large/checkpass_pwd/prp-14-49.smt2,sat,842.3908352851868
/nec-smt/large/checkpass_pwd/prp-25-44.smt2,sat,218.7819013595581
/nec-smt/large/checkpass_pwd/prp-21-40.smt2,unsat,133.95680475234985
/nec-smt/large/checkpass_pwd/prp-45-47.smt2,sat,815.2640678882599
/nec-smt/large/checkpass_pwd/prp-28-37.smt2,sat,89.6200008392334
/nec-smt/large/checkpass_pwd/prp-54-48.smt2,sat,594.9403173923492
/nec-smt/large/checkpass_pwd/prp-12-34.smt2,sat,12.989844799041748
/nec-smt/large/checkpass_pwd/prp-22-49.smt2,sat,423.2576792240143
/nec-smt/large/checkpass_pwd/prp-30-40.smt2,sat,105.12430191040039
/nec-smt/large/checkpass_pwd/prp-60-48.smt2,unsat,463.02761363983154
/nec-smt/large/checkpass_pwd/prp-20-36.smt2,sat,101.77305388450623
/nec-smt/large/checkpass_pwd/prp-18-45.smt2,sat,367.91378712654114
/nec-smt/large/checkpass_pwd/prp-47-43.smt2,unsat,224.4859161376953
/nec-smt/large/checkpass_pwd/prp-19-44.smt2,sat,203.92106246948242
/nec-smt/large/checkpass_pwd/prp-57-48.smt2,unsat,612.7546398639679
/nec-smt/large/checkpass_pwd/prp-44-48.smt2,sat,594.9338002204895
/nec-smt/large/checkpass_pwd/prp-5-50.smt2,sat,1016.9749982357025
/nec-smt/large/checkpass_pwd/prp-49-50.smt2,failed,1200.0
/nec-smt/large/checkpass_pwd/prp-20-44.smt2,sat,162.45602464675903
/nec-smt/large/checkpass_pwd/prp-13-40.smt2,sat,155.04701328277588
/nec-smt/large/checkpass_pwd/prp-44-49.smt2,failed,1200.0
/nec-smt/large/checkpass_pwd/prp-47-44.smt2,unsat,236.5475172996521
/nec-smt/large/checkpass_pwd/prp-20-50.smt2,sat,616.6004874706268
/nec-smt/large/checkpass_pwd/prp-34-40.smt2,sat,140.16552352905273
/nec-smt/large/checkpass_pwd/prp-27-43.smt2,sat,320.28424406051636
/nec-smt/large/checkpass_pwd/prp-7-34.smt2,sat,29.06096649169922
/nec-smt/large/checkpass_pwd/prp-5-48.smt2,sat,613.8339955806732
/nec-smt/large/checkpass_pwd/prp-41-42.smt2,unsat,276.61511850357056
/nec-smt/large/checkpass_pwd/prp-23-39.smt2,unsat,120.557701587677
/nec-smt/large/checkpass_pwd/prp-27-49.smt2,sat,1054.5447206497192
/nec-smt/large/checkpass_pwd/prp-26-37.smt2,sat,53.680174827575684
/nec-smt/large/checkpass_pwd/prp-4-50.smt2,sat,478.8586230278015
/nec-smt/large/checkpass_pwd/prp-8-41.smt2,sat,111.95842695236206
/nec-smt/large/checkpass_pwd/prp-19-36.smt2,sat,64.84388780593872
/nec-smt/large/checkpass_pwd/prp-36-37.smt2,sat,72.40380597114563
/nec-smt/large/checkpass_pwd/prp-40-48.smt2,sat,604.6074459552765
/nec-smt/large/checkpass_pwd/prp-17-43.smt2,sat,143.90253973007202
/nec-smt/large/checkpass_pwd/prp-29-49.smt2,sat,442.15331077575684
/nec-smt/large/checkpass_pwd/prp-59-48.smt2,unsat,381.6283724308014
/nec-smt/large/checkpass_pwd/prp-57-50.smt2,unsat,1175.5351920127869
/nec-smt/large/checkpass_pwd/prp-44-45.smt2,sat,461.28581142425537
/nec-smt/large/checkpass_pwd/prp-13-35.smt2,sat,24.392261266708374
/nec-smt/large/checkpass_pwd/prp-43-49.smt2,sat,701.7699201107025
/nec-smt/large/checkpass_pwd/prp-19-45.smt2,sat,540.0809903144836
/nec-smt/large/checkpass_pwd/prp-8-49.smt2,sat,805.572105884552
/nec-smt/large/checkpass_pwd/prp-10-35.smt2,sat,37.47153449058533
/nec-smt/large/checkpass_pwd/prp-34-48.smt2,sat,492.1474668979645
/nec-smt/large/checkpass_pwd/prp-29-42.smt2,sat,190.54368090629578
/nec-smt/large/checkpass_pwd/prp-16-42.smt2,sat,125.89796209335327
/nec-smt/large/checkpass_pwd/prp-30-47.smt2,sat,324.4071366786957
/nec-smt/large/checkpass_pwd/prp-48-47.smt2,sat,693.4627864360809
/nec-smt/large/getoption_user/prp-3-48.smt2,unsat,157.61610198020935
/nec-smt/large/getoption_user/prp-16-50.smt2,unsat,238.29346871376038
/nec-smt/large/getoption_user/prp-11-48.smt2,unsat,234.70822668075562
/nec-smt/large/getoption_user/prp-0-49.smt2,sat,325.43371653556824
/nec-smt/large/getoption_user/prp-1-49.smt2,sat,454.1132822036743
/nec-smt/large/getoption_user/prp-13-47.smt2,unsat,178.37413382530212
/nec-smt/large/getoption_user/prp-26-46.smt2,sat,146.41170740127563
/nec-smt/large/getoption_user/prp-33-47.smt2,unsat,146.44631814956665
/nec-smt/large/getoption_user/prp-10-46.smt2,unsat,101.285715341568
/nec-smt/large/getoption_user/prp-33-46.smt2,unsat,115.34548377990723
/nec-smt/large/getoption_user/prp-25-48.smt2,unsat,163.00996565818787
/nec-smt/large/getoption_user/prp-7-50.smt2,sat,509.25384640693665
/nec-smt/large/getoption_user/prp-28-50.smt2,unsat,387.63551235198975
/nec-smt/large/getoption_user/prp-0-48.smt2,sat,420.6885566711426
/nec-smt/large/getoption_user/prp-34-49.smt2,sat,329.55368638038635
/nec-smt/large/getoption_user/prp-13-48.smt2,unsat,163.55004405975342
/nec-smt/large/getoption_user/prp-47-48.smt2,sat,285.95439076423645
/nec-smt/large/getoption_user/prp-25-49.smt2,unsat,186.56095600128174
/nec-smt/large/getoption_user/prp-25-46.smt2,unsat,146.13180541992188
/nec-smt/large/getoption_user/prp-22-50.smt2,unsat,119.09418725967407
/nec-smt/large/getoption_user/prp-9-47.smt2,unsat,188.33277559280396
/nec-smt/large/getoption_user/prp-35-48.smt2,sat,323.5015947818756
/nec-smt/large/getoption_user/prp-49-46.smt2,unsat,125.07699584960938
/nec-smt/large/getoption_user/prp-43-47.smt2,unsat,130.53803896903992
/nec-smt/large/getoption_user/prp-28-49.smt2,unsat,263.0427644252777
/nec-smt/large/getoption_user/prp-15-49.smt2,sat,381.51171040534973
/nec-smt/large/getoption_user/prp-12-46.smt2,sat,245.2154026031494
/nec-smt/large/getoption_user/prp-9-49.smt2,unsat,168.31536769866943
/nec-smt/large/getoption_user/prp-6-49.smt2,sat,323.8590564727783
/nec-smt/large/getoption_user/prp-33-48.smt2,unsat,214.45237469673157
/nec-smt/large/getoption_user/prp-46-50.smt2,unsat,211.52770113945007
/nec-smt/large/getoption_user/prp-20-48.smt2,sat,198.45297026634216
/nec-smt/large/getoption_user/prp-30-49.smt2,unsat,313.55860471725464
/nec-smt/large/getoption_user/prp-2-46.smt2,unsat,136.39109015464783
/nec-smt/large/getoption_user/prp-4-48.smt2,sat,355.48679876327515
/nec-smt/large/getoption_user/prp-36-48.smt2,sat,237.16398644447327
/nec-smt/large/getoption_user/prp-42-49.smt2,unsat,227.34151458740234
/nec-smt/large/getoption_user/prp-49-47.smt2,unsat,134.89512729644775
/nec-smt/large/getoption_user/prp-18-50.smt2,sat,378.3403568267822
/nec-smt/large/getoption_user/prp-31-49.smt2,sat,460.5026090145111
/nec-smt/large/getoption_user/prp-1-48.smt2,sat,637.041158914566
/nec-smt/large/getoption_user/prp-23-47.smt2,unsat,115.11977744102478
/nec-smt/large/getoption_user/prp-17-50.smt2,unsat,206.12943124771118
/nec-smt/large/getoption_user/prp-38-49.smt2,unsat,216.1276409626007
/nec-smt/large/getoption_user/prp-39-50.smt2,sat,345.1303060054779
/nec-smt/large/getoption_user/prp-23-48.smt2,unsat,125.5059814453125
/nec-smt/large/getoption_user/prp-29-48.smt2,unsat,232.3767328262329
/nec-smt/large/getoption_user/prp-0-50.smt2,sat,523.1802771091461
/nec-smt/large/getoption_user/prp-15-46.smt2,sat,236.82912397384644
/nec-smt/large/getoption_user/prp-30-50.smt2,unsat,350.00130820274353
/nec-smt/large/getoption_user/prp-13-50.smt2,unsat,209.83863067626953
/nec-smt/large/getoption_user/prp-20-49.smt2,sat,241.56640577316284
/nec-smt/large/getoption_user/prp-11-46.smt2,unsat,100.08800673484802
/nec-smt/large/getoption_user/prp-20-46.smt2,sat,186.20823764801025
/nec-smt/large/getoption_user/prp-31-50.smt2,sat,527.6178667545319
/nec-smt/large/getoption_user/prp-18-49.smt2,sat,327.5609438419342
/nec-smt/large/getoption_user/prp-11-50.smt2,unsat,248.73439836502075
/nec-smt/large/getoption_user/prp-19-47.smt2,unsat,104.9448230266571
/nec-smt/large/getoption_user/prp-40-50.smt2,unsat,216.7872884273529
/nec-smt/large/getoption_user/prp-15-48.smt2,sat,243.17722868919373
/nec-smt/large/getoption_user/prp-42-50.smt2,unsat,187.6637682914734
/nec-smt/large/getoption_user/prp-5-46.smt2,sat,182.3447597026825
/nec-smt/large/getoption_user/prp-16-47.smt2,unsat,101.13328695297241
/nec-smt/large/getoption_user/prp-8-47.smt2,unsat,119.35055327415466
/nec-smt/large/getoption_user/prp-0-47.smt2,sat,405.09883189201355
/nec-smt/large/getoption_user/prp-29-46.smt2,unsat,126.40830254554749
/nec-smt/large/getoption_user/prp-43-46.smt2,unsat,109.59812498092651
/nec-smt/large/getoption_user/prp-13-49.smt2,unsat,281.54860973358154
/nec-smt/large/getoption_user/prp-6-50.smt2,sat,503.5880584716797
/nec-smt/large/getoption_user/prp-46-46.smt2,unsat,108.93730330467224
/nec-smt/large/getoption_user/prp-46-49.smt2,unsat,161.59982657432556
/nec-smt/large/getoption_user/prp-50-48.smt2,sat,260.2031841278076
/nec-smt/large/getoption_user/prp-13-46.smt2,unsat,79.06510853767395
/nec-smt/large/getoption_user/prp-22-46.smt2,unsat,121.12036919593811
/nec-smt/large/getoption_user/prp-43-48.smt2,unsat,119.0866231918335
/nec-smt/large/getoption_user/prp-48-48.smt2,unsat,105.61566209793091
/nec-smt/large/getoption_user/prp-18-48.smt2,sat,436.91919326782227
/nec-smt/large/getoption_user/prp-18-47.smt2,sat,238.44080662727356
/nec-smt/large/getoption_user/prp-44-47.smt2,unsat,171.00685739517212
/nec-smt/large/getoption_user/prp-19-46.smt2,unsat,116.4827253818512
/nec-smt/large/getoption_user/prp-40-47.smt2,unsat,182.29716873168945
/nec-smt/large/getoption_user/prp-28-47.smt2,unsat,206.43415713310242
/nec-smt/large/getoption_user/prp-15-50.smt2,sat,416.7024164199829
/nec-smt/large/getoption_user/prp-23-50.smt2,unsat,168.2572762966156
/nec-smt/large/getoption_user/prp-39-48.smt2,unsat,179.9593846797943
/nec-smt/large/getoption_user/prp-3-49.smt2,unsat,215.1070487499237
/nec-smt/large/getoption_user/prp-8-50.smt2,unsat,266.8500380516052
/nec-smt/large/getoption_user/prp-14-46.smt2,sat,223.75664710998535
/nec-smt/large/getoption_user/prp-21-48.smt2,sat,438.53877806663513
/nec-smt/large/getoption_user/prp-26-50.smt2,sat,463.8105409145355
/nec-smt/large/getoption_user/prp-6-48.smt2,sat,235.3754482269287
/nec-smt/large/getoption_user/prp-36-49.smt2,sat,314.30288076400757
/nec-smt/large/getoption_user/prp-32-46.smt2,unsat,62.757179737091064
/nec-smt/large/getoption_user/prp-40-46.smt2,unsat,132.89293909072876
/nec-smt/large/getoption_user/prp-37-48.smt2,unsat,208.62089943885803
/nec-smt/large/getoption_user/prp-2-47.smt2,unsat,288.4635832309723
/nec-smt/large/getoption_user/prp-9-46.smt2,unsat,89.99548411369324
/nec-smt/large/getoption_user/prp-51-47.smt2,unsat,145.93799924850464
/nec-smt/large/getoption_user/prp-28-48.smt2,unsat,224.52036714553833
/nec-smt/large/getoption_user/prp-4-49.smt2,sat,336.095468044281
/nec-smt/large/getoption_user/prp-3-46.smt2,unsat,124.62664532661438
/nec-smt/large/getoption_user/prp-43-50.smt2,unsat,184.4547939300537
/nec-smt/large/getoption_user/prp-7-48.smt2,sat,232.61353826522827
/nec-smt/large/getoption_user/prp-7-49.smt2,sat,325.01330828666687
/nec-smt/large/getoption_user/prp-29-50.smt2,unsat,281.6034288406372
/nec-smt/large/getoption_user/prp-4-46.smt2,sat,303.10513854026794
/nec-smt/large/getoption_user/prp-37-50.smt2,unsat,234.75923800468445
/nec-smt/large/getoption_user/prp-38-50.smt2,unsat,175.58109951019287
/nec-smt/large/getoption_user/prp-36-47.smt2,sat,144.8618106842041
/nec-smt/large/getoption_user/prp-2-50.smt2,unsat,263.6599223613739
/nec-smt/large/getoption_user/prp-9-48.smt2,unsat,194.1068856716156
/nec-smt/large/getoption_user/prp-44-46.smt2,unsat,124.94101095199585
/nec-smt/large/getoption_user/prp-35-49.smt2,sat,392.356294631958
/nec-smt/large/getoption_user/prp-48-50.smt2,unsat,211.05221891403198
/nec-smt/large/getoption_user/prp-30-46.smt2,unsat,185.29170441627502
/nec-smt/large/getoption_user/prp-42-47.smt2,unsat,146.44303441047668
/nec-smt/large/getoption_user/prp-26-49.smt2,sat,526.8406980037689
/nec-smt/large/getoption_user/prp-41-46.smt2,unsat,101.62845873832703
/nec-smt/large/getoption_user/prp-46-47.smt2,unsat,130.41888666152954
/nec-smt/large/getoption_user/prp-21-50.smt2,sat,588.4966065883636
/nec-smt/large/getoption_user/prp-41-50.smt2,unsat,250.37739253044128
/nec-smt/large/getoption_user/prp-11-47.smt2,unsat,270.36331367492676
/nec-smt/large/getoption_user/prp-27-48.smt2,sat,302.7263603210449
/nec-smt/large/getoption_user/prp-33-50.smt2,unsat,420.0890989303589
/nec-smt/large/getoption_user/prp-49-48.smt2,unsat,164.99285888671875
/nec-smt/large/getoption_user/prp-51-49.smt2,unsat,182.64150166511536
/nec-smt/large/getoption_user/prp-24-47.smt2,sat,217.08602094650269
/nec-smt/large/getoption_user/prp-50-49.smt2,unsat,170.97266221046448
/nec-smt/large/getoption_user/prp-38-48.smt2,unsat,187.72009992599487
/nec-smt/large/getoption_user/prp-19-49.smt2,unsat,150.9734787940979
/nec-smt/large/getoption_user/prp-45-49.smt2,unsat,187.3407609462738
/nec-smt/large/getoption_user/prp-16-49.smt2,unsat,156.79756259918213
/nec-smt/large/getoption_user/prp-14-50.smt2,sat,242.25338578224182
/nec-smt/large/getoption_user/prp-39-46.smt2,unsat,111.2760841846466
/nec-smt/large/getoption_user/prp-27-50.smt2,sat,446.1039972305298
/nec-smt/large/getoption_user/prp-40-49.smt2,unsat,318.99663257598877
/nec-smt/large/getoption_user/prp-35-47.smt2,sat,256.82149171829224
/nec-smt/large/getoption_user/prp-12-47.smt2,sat,383.73791456222534
/nec-smt/large/getoption_user/prp-20-47.smt2,sat,126.62300372123718
/nec-smt/large/getoption_user/prp-37-46.smt2,unsat,114.6304862499237
/nec-smt/large/getoption_user/prp-34-50.smt2,unsat,316.058641910553
/nec-smt/large/getoption_user/prp-24-50.smt2,sat,595.3370521068573
/nec-smt/large/getoption_user/prp-5-49.smt2,sat,796.996164560318
/nec-smt/large/getoption_user/prp-12-48.smt2,sat,325.24739122390747
/nec-smt/large/getoption_user/prp-7-47.smt2,sat,177.1307499408722
/nec-smt/large/getoption_user/prp-31-47.smt2,sat,239.50581789016724
/nec-smt/large/getoption_user/prp-23-49.smt2,unsat,236.607914686203
/nec-smt/large/getoption_user/prp-42-46.smt2,unsat,120.78507018089294
/nec-smt/large/getoption_user/prp-34-46.smt2,sat,194.58262181282043
/nec-smt/large/getoption_user/prp-30-48.smt2,unsat,235.88899731636047
/nec-smt/large/getoption_user/prp-46-48.smt2,unsat,161.05414080619812
/nec-smt/large/getoption_user/prp-23-46.smt2,unsat,82.60436272621155
/nec-smt/large/getoption_user/prp-51-50.smt2,unsat,167.5009410381317
/nec-smt/large/getoption_user/prp-27-46.smt2,sat,290.26511096954346
/nec-smt/large/getoption_user/prp-50-46.smt2,sat,167.0129005908966
/nec-smt/large/getoption_user/prp-2-49.smt2,unsat,321.34395837783813
/nec-smt/large/getoption_user/prp-24-48.smt2,sat,356.66047072410583
/nec-smt/large/getoption_user/prp-5-47.smt2,sat,305.1087234020233
/nec-smt/large/getoption_user/prp-1-50.smt2,sat,571.7894232273102
/nec-smt/large/getoption_user/prp-10-48.smt2,unsat,121.46594381332397
/nec-smt/large/getoption_user/prp-25-47.smt2,unsat,85.50018382072449
/nec-smt/large/getoption_user/prp-21-49.smt2,sat,334.2729253768921
/nec-smt/large/getoption_user/prp-32-50.smt2,unsat,238.89226293563843
/nec-smt/large/getoption_user/prp-16-46.smt2,unsat,180.0043125152588
/nec-smt/large/getoption_user/prp-8-48.smt2,unsat,155.60775589942932
/nec-smt/large/getoption_user/prp-19-50.smt2,unsat,405.75095677375793
/nec-smt/large/getoption_user/prp-1-46.smt2,sat,182.37633395195007
/nec-smt/large/getoption_user/prp-21-47.smt2,sat,244.6286563873291
/nec-smt/large/getoption_user/prp-47-50.smt2,unsat,249.79376745224
/nec-smt/large/getoption_user/prp-19-48.smt2,unsat,131.49953532218933
/nec-smt/large/getoption_user/prp-41-48.smt2,unsat,276.25640630722046
/nec-smt/large/getoption_user/prp-38-47.smt2,unsat,124.04852104187012
/nec-smt/large/getoption_user/prp-26-48.smt2,sat,234.61386442184448
/nec-smt/large/getoption_user/prp-37-47.smt2,unsat,145.67945456504822
/nec-smt/large/getoption_user/prp-39-49.smt2,unsat,226.22221446037292
/nec-smt/large/getoption_user/prp-16-48.smt2,unsat,161.21329474449158
/nec-smt/large/getoption_user/prp-47-46.smt2,sat,174.5554542541504
/nec-smt/large/getoption_user/prp-37-49.smt2,unsat,114.09249520301819
/nec-smt/large/getoption_user/prp-35-46.smt2,sat,141.20542573928833
/nec-smt/large/getoption_user/prp-18-46.smt2,sat,201.13970398902893
/nec-smt/large/getoption_user/prp-29-47.smt2,sat,216.97992706298828
/nec-smt/large/getoption_user/prp-36-50.smt2,sat,383.1925120353699
/nec-smt/large/getoption_user/prp-4-47.smt2,sat,253.47306752204895
/nec-smt/large/getoption_user/prp-0-46.smt2,sat,161.50429701805115
/nec-smt/large/getoption_user/prp-24-49.smt2,sat,452.4887812137604
/nec-smt/large/getoption_user/prp-45-50.smt2,unsat,321.9500849246979
/nec-smt/large/getoption_user/prp-24-46.smt2,sat,150.5841052532196
/nec-smt/large/getoption_user/prp-14-47.smt2,sat,208.0379192829132
/nec-smt/large/getoption_user/prp-33-49.smt2,unsat,213.690589427948
/nec-smt/large/getoption_user/prp-12-50.smt2,sat,513.4169290065765
/nec-smt/large/getoption_user/prp-48-46.smt2,unsat,63.6458842754364
/nec-smt/large/getoption_user/prp-2-48.smt2,unsat,124.85912871360779
/nec-smt/large/getoption_user/prp-50-47.smt2,unsat,116.45714282989502
/nec-smt/large/getoption_user/prp-27-47.smt2,sat,172.61608576774597
/nec-smt/large/getoption_user/prp-17-47.smt2,unsat,138.92190432548523
/nec-smt/large/getoption_user/prp-8-46.smt2,unsat,122.07602167129517
/nec-smt/large/getoption_user/prp-10-47.smt2,unsat,145.20045256614685
/nec-smt/large/getoption_user/prp-28-46.smt2,unsat,160.86997842788696
/nec-smt/large/getoption_user/prp-22-48.smt2,unsat,204.67377090454102
/nec-smt/large/getoption_user/prp-6-47.smt2,sat,225.30941581726074
/nec-smt/large/getoption_user/prp-32-47.smt2,unsat,188.22514867782593
/nec-smt/large/getoption_user/prp-22-47.smt2,unsat,107.85438394546509
/nec-smt/large/getoption_user/prp-48-49.smt2,unsat,185.51364421844482
/nec-smt/large/getoption_user/prp-47-47.smt2,unsat,189.90615391731262
/nec-smt/large/getoption_user/prp-47-49.smt2,unsat,199.3307647705078
/nec-smt/large/getoption_user/prp-32-49.smt2,unsat,299.32726979255676
/nec-smt/large/getoption_user/prp-17-46.smt2,unsat,121.20254468917847
/nec-smt/large/getoption_user/prp-10-50.smt2,unsat,213.96916151046753
/nec-smt/large/getoption_user/prp-41-47.smt2,unsat,121.75419592857361
/nec-smt/large/getoption_user/prp-49-49.smt2,unsat,275.7123382091522
/nec-smt/large/getoption_user/prp-3-47.smt2,unsat,268.35577869415283
/nec-smt/large/getoption_user/prp-7-46.smt2,sat,207.5970299243927
/nec-smt/large/getoption_user/prp-14-48.smt2,sat,263.1604673862457
/nec-smt/large/getoption_user/prp-45-46.smt2,unsat,121.19003009796143
/nec-smt/large/getoption_user/prp-32-48.smt2,unsat,181.76424527168274
/nec-smt/large/getoption_user/prp-31-46.smt2,sat,260.67309737205505
/nec-smt/large/getoption_user/prp-17-48.smt2,unsat,169.6290156841278
/nec-smt/large/getoption_user/prp-36-46.smt2,sat,232.5305814743042
/nec-smt/large/getoption_user/prp-45-48.smt2,unsat,188.82586359977722
/nec-smt/large/getoption_user/prp-10-49.smt2,unsat,177.82983493804932
/nec-smt/large/getoption_user/prp-1-47.smt2,sat,322.58995819091797
/nec-smt/large/getoption_user/prp-12-49.smt2,sat,470.86512637138367
/nec-smt/large/getoption_user/prp-51-48.smt2,unsat,112.8464994430542
/nec-smt/large/getoption_user/prp-50-50.smt2,sat,395.1358048915863
/nec-smt/large/getoption_user/prp-35-50.smt2,sat,563.8436253070831
/nec-smt/large/getoption_user/prp-17-49.smt2,unsat,119.10918688774109
/nec-smt/large/getoption_user/prp-41-49.smt2,unsat,244.7847409248352
/nec-smt/large/getoption_user/prp-44-50.smt2,unsat,281.78436255455017
/nec-smt/large/getoption_user/prp-34-47.smt2,unsat,148.53673911094666
/nec-smt/large/getoption_user/prp-42-48.smt2,unsat,104.55078768730164
/nec-smt/large/getoption_user/prp-15-47.smt2,sat,159.4537193775177
/nec-smt/large/getoption_user/prp-38-46.smt2,unsat,142.57119131088257
/nec-smt/large/getoption_user/prp-21-46.smt2,sat,230.15952801704407
/nec-smt/large/getoption_user/prp-9-50.smt2,unsat,319.37821793556213
/nec-smt/large/getoption_user/prp-6-46.smt2,sat,424.2749807834625
/nec-smt/large/getoption_user/prp-25-50.smt2,unsat,250.8678741455078
/nec-smt/large/getoption_user/prp-11-49.smt2,unsat,147.80053853988647
/nec-smt/large/getoption_user/prp-39-47.smt2,sat,257.55413007736206
/nec-smt/large/getoption_user/prp-3-50.smt2,unsat,177.11974143981934
/nec-smt/large/getoption_user/prp-14-49.smt2,sat,539.6180715560913
/nec-smt/large/getoption_user/prp-45-47.smt2,unsat,102.94047379493713
/nec-smt/large/getoption_user/prp-22-49.smt2,unsat,255.88642621040344
/nec-smt/large/getoption_user/prp-26-47.smt2,sat,289.79906392097473
/nec-smt/large/getoption_user/prp-44-48.smt2,unsat,171.93403792381287
/nec-smt/large/getoption_user/prp-5-50.smt2,sat,563.0599975585938
/nec-smt/large/getoption_user/prp-49-50.smt2,unsat,270.6739332675934
/nec-smt/large/getoption_user/prp-31-48.smt2,sat,220.00603413581848
/nec-smt/large/getoption_user/prp-44-49.smt2,sat,333.6767520904541
/nec-smt/large/getoption_user/prp-20-50.smt2,sat,554.1519863605499
/nec-smt/large/getoption_user/prp-5-48.smt2,sat,316.01514053344727
/nec-smt/large/getoption_user/prp-27-49.smt2,sat,289.03554010391235
/nec-smt/large/getoption_user/prp-4-50.smt2,sat,510.35580110549927
/nec-smt/large/getoption_user/prp-40-48.smt2,unsat,192.20849680900574
/nec-smt/large/getoption_user/prp-29-49.smt2,unsat,344.7257330417633
/nec-smt/large/getoption_user/prp-43-49.smt2,unsat,210.1563057899475
/nec-smt/large/getoption_user/prp-8-49.smt2,unsat,216.174058675766
/nec-smt/large/getoption_user/prp-34-48.smt2,unsat,276.02268266677856
/nec-smt/large/getoption_user/prp-30-47.smt2,unsat,126.57179975509644
/nec-smt/large/getoption_user/prp-48-47.smt2,unsat,120.1989197731018
/nec-smt/large/getoption/prp-1-198.smt2,unsat,151.47086811065674
/nec-smt/large/getoption/prp-2-196.smt2,sat,252.3375051021576
/nec-smt/large/getoption/prp-3-200.smt2,unsat,146.44259071350098
/nec-smt/large/getoption/prp-0-200.smt2,sat,230.3343243598938
/nec-smt/large/getoption/prp-1-199.smt2,unsat,164.87270855903625
/nec-smt/large/getoption/prp-2-200.smt2,sat,168.73042583465576
/nec-smt/large/getoption/prp-3-198.smt2,sat,172.45106673240662
/nec-smt/large/getoption/prp-0-196.smt2,sat,238.84657883644104
/nec-smt/large/getoption/prp-0-198.smt2,sat,215.75595021247864
/nec-smt/large/getoption/prp-2-198.smt2,sat,237.89100670814514
/nec-smt/large/getoption/prp-0-197.smt2,sat,159.6330864429474
/nec-smt/large/getoption/prp-0-199.smt2,sat,102.35542964935303
/nec-smt/large/getoption/prp-1-196.smt2,unsat,13.860013723373413
/nec-smt/large/getoption/prp-1-200.smt2,unsat,16.431396484375
/nec-smt/large/getoption/prp-2-197.smt2,sat,207.36948466300964
/nec-smt/large/getoption/prp-3-197.smt2,sat,172.04841661453247
/nec-smt/large/getoption/prp-3-199.smt2,sat,140.04033732414246
/nec-smt/large/getoption/prp-1-197.smt2,unsat,19.41086483001709
/nec-smt/large/getoption/prp-2-199.smt2,sat,238.98844814300537
/nec-smt/large/getoption/prp-3-196.smt2,unsat,175.26219248771667
/nec-smt/large/user_is_in_group/prp-3-48.smt2,sat,174.05870699882507
/nec-smt/large/user_is_in_group/prp-16-50.smt2,sat,549.4774968624115
/nec-smt/large/user_is_in_group/prp-11-48.smt2,sat,1063.3729031085968
/nec-smt/large/user_is_in_group/prp-0-49.smt2,sat,259.9528362751007
/nec-smt/large/user_is_in_group/prp-1-49.smt2,sat,1064.1483445167542
/nec-smt/large/user_is_in_group/prp-13-47.smt2,sat,454.9684638977051
/nec-smt/large/user_is_in_group/prp-10-46.smt2,sat,254.7976415157318
/nec-smt/large/user_is_in_group/prp-7-50.smt2,sat,652.8547925949097
/nec-smt/large/user_is_in_group/prp-0-48.smt2,sat,402.96318221092224
/nec-smt/large/user_is_in_group/prp-13-48.smt2,sat,375.53621220588684
/nec-smt/large/user_is_in_group/prp-22-50.smt2,sat,883.8312885761261
/nec-smt/large/user_is_in_group/prp-9-47.smt2,sat,274.83708214759827
/nec-smt/large/user_is_in_group/prp-15-49.smt2,sat,355.2787973880768
/nec-smt/large/user_is_in_group/prp-12-46.smt2,sat,222.39349341392517
/nec-smt/large/user_is_in_group/prp-9-49.smt2,sat,632.1391308307648
/nec-smt/large/user_is_in_group/prp-6-49.smt2,sat,497.73991227149963
/nec-smt/large/user_is_in_group/prp-20-48.smt2,sat,954.7470099925995
/nec-smt/large/user_is_in_group/prp-2-46.smt2,sat,191.76864886283875
/nec-smt/large/user_is_in_group/prp-4-48.smt2,sat,800.5413002967834
/nec-smt/large/user_is_in_group/prp-18-50.smt2,sat,1055.8738279342651
/nec-smt/large/user_is_in_group/prp-1-48.smt2,sat,414.0654196739197
/nec-smt/large/user_is_in_group/prp-23-47.smt2,sat,280.62956953048706
/nec-smt/large/user_is_in_group/prp-17-50.smt2,sat,800.2192211151123
/nec-smt/large/user_is_in_group/prp-23-48.smt2,sat,307.2936098575592
/nec-smt/large/user_is_in_group/prp-0-50.smt2,sat,225.79581260681152
/nec-smt/large/user_is_in_group/prp-15-46.smt2,sat,506.40953159332275
/nec-smt/large/user_is_in_group/prp-13-50.smt2,sat,787.9567832946777
/nec-smt/large/user_is_in_group/prp-20-49.smt2,sat,653.8611595630646
/nec-smt/large/user_is_in_group/prp-11-46.smt2,sat,1010.1844079494476
/nec-smt/large/user_is_in_group/prp-20-46.smt2,sat,607.4689037799835
/nec-smt/large/user_is_in_group/prp-18-49.smt2,sat,495.0205554962158
/nec-smt/large/user_is_in_group/prp-11-50.smt2,sat,891.6068420410156
/nec-smt/large/user_is_in_group/prp-19-47.smt2,sat,361.7921118736267
/nec-smt/large/user_is_in_group/prp-15-48.smt2,sat,591.3041248321533
/nec-smt/large/user_is_in_group/prp-5-46.smt2,sat,269.32162499427795
/nec-smt/large/user_is_in_group/prp-16-47.smt2,sat,376.9893128871918
/nec-smt/large/user_is_in_group/prp-8-47.smt2,sat,256.93298983573914
/nec-smt/large/user_is_in_group/prp-0-47.smt2,sat,273.2442855834961
/nec-smt/large/user_is_in_group/prp-13-49.smt2,sat,455.94636631011963
/nec-smt/large/user_is_in_group/prp-6-50.smt2,sat,572.1834874153137
/nec-smt/large/user_is_in_group/prp-13-46.smt2,sat,246.26715731620789
/nec-smt/large/user_is_in_group/prp-22-46.smt2,sat,339.9362373352051
/nec-smt/large/user_is_in_group/prp-18-48.smt2,sat,58.8976674079895
/nec-smt/large/user_is_in_group/prp-18-47.smt2,sat,172.5240614414215
/nec-smt/large/user_is_in_group/prp-19-46.smt2,sat,599.3255996704102
/nec-smt/large/user_is_in_group/prp-15-50.smt2,sat,544.6033098697662
/nec-smt/large/user_is_in_group/prp-23-50.smt2,sat,726.1605660915375
/nec-smt/large/user_is_in_group/prp-3-49.smt2,sat,393.3487801551819
/nec-smt/large/user_is_in_group/prp-8-50.smt2,sat,511.68760228157043
/nec-smt/large/user_is_in_group/prp-14-46.smt2,sat,263.52620697021484
/nec-smt/large/user_is_in_group/prp-21-48.smt2,sat,596.539623260498
/nec-smt/large/user_is_in_group/prp-6-48.smt2,sat,1076.9118866920471
/nec-smt/large/user_is_in_group/prp-2-47.smt2,sat,196.1285102367401
/nec-smt/large/user_is_in_group/prp-9-46.smt2,sat,272.65412187576294
/nec-smt/large/user_is_in_group/prp-4-49.smt2,failed,1200.0
/nec-smt/large/user_is_in_group/prp-3-46.smt2,sat,342.8057670593262
/nec-smt/large/user_is_in_group/prp-7-48.smt2,sat,481.2255914211273
/nec-smt/large/user_is_in_group/prp-7-49.smt2,sat,457.9160556793213
/nec-smt/large/user_is_in_group/prp-4-46.smt2,sat,573.4858222007751
/nec-smt/large/user_is_in_group/prp-2-50.smt2,sat,857.5588192939758
/nec-smt/large/user_is_in_group/prp-9-48.smt2,sat,578.8829643726349
/nec-smt/large/user_is_in_group/prp-21-50.smt2,sat,397.65730023384094
/nec-smt/large/user_is_in_group/prp-11-47.smt2,sat,477.7744927406311
/nec-smt/large/user_is_in_group/prp-24-47.smt2,sat,219.5129053592682
/nec-smt/large/user_is_in_group/prp-19-49.smt2,sat,546.1615545749664
/nec-smt/large/user_is_in_group/prp-16-49.smt2,sat,690.2055923938751
/nec-smt/large/user_is_in_group/prp-14-50.smt2,sat,1082.6895174980164
/nec-smt/large/user_is_in_group/prp-12-47.smt2,sat,181.20279788970947
/nec-smt/large/user_is_in_group/prp-20-47.smt2,sat,1009.2570652961731
/nec-smt/large/user_is_in_group/prp-24-50.smt2,sat,756.0138521194458
/nec-smt/large/user_is_in_group/prp-5-49.smt2,sat,669.481369972229
/nec-smt/large/user_is_in_group/prp-12-48.smt2,sat,495.1496698856354
/nec-smt/large/user_is_in_group/prp-7-47.smt2,sat,329.11366868019104
/nec-smt/large/user_is_in_group/prp-23-49.smt2,sat,568.3018736839294
/nec-smt/large/user_is_in_group/prp-23-46.smt2,sat,255.45400500297546
/nec-smt/large/user_is_in_group/prp-2-49.smt2,sat,348.2785997390747
/nec-smt/large/user_is_in_group/prp-24-48.smt2,sat,387.8763918876648
/nec-smt/large/user_is_in_group/prp-5-47.smt2,sat,546.427891254425
/nec-smt/large/user_is_in_group/prp-1-50.smt2,sat,507.1983313560486
/nec-smt/large/user_is_in_group/prp-10-48.smt2,sat,858.8238315582275
/nec-smt/large/user_is_in_group/prp-21-49.smt2,sat,747.570689201355
/nec-smt/large/user_is_in_group/prp-16-46.smt2,sat,214.33328700065613
/nec-smt/large/user_is_in_group/prp-8-48.smt2,sat,252.14428091049194
/nec-smt/large/user_is_in_group/prp-19-50.smt2,sat,610.5187389850616
/nec-smt/large/user_is_in_group/prp-1-46.smt2,sat,355.5385808944702
/nec-smt/large/user_is_in_group/prp-21-47.smt2,sat,314.21325945854187
/nec-smt/large/user_is_in_group/prp-19-48.smt2,sat,594.5124142169952
/nec-smt/large/user_is_in_group/prp-16-48.smt2,sat,401.84189558029175
/nec-smt/large/user_is_in_group/prp-18-46.smt2,sat,248.3977358341217
/nec-smt/large/user_is_in_group/prp-4-47.smt2,sat,356.0316390991211
/nec-smt/large/user_is_in_group/prp-0-46.smt2,sat,225.44046235084534
/nec-smt/large/user_is_in_group/prp-24-49.smt2,sat,778.0754008293152
/nec-smt/large/user_is_in_group/prp-24-46.smt2,sat,412.8428304195404
/nec-smt/large/user_is_in_group/prp-14-47.smt2,sat,532.833057641983
/nec-smt/large/user_is_in_group/prp-12-50.smt2,sat,557.0411713123322
/nec-smt/large/user_is_in_group/prp-2-48.smt2,sat,716.6665284633636
/nec-smt/large/user_is_in_group/prp-17-47.smt2,sat,591.9278500080109
/nec-smt/large/user_is_in_group/prp-8-46.smt2,sat,261.18192076683044
/nec-smt/large/user_is_in_group/prp-10-47.smt2,sat,387.36041712760925
/nec-smt/large/user_is_in_group/prp-22-48.smt2,sat,508.74734902381897
/nec-smt/large/user_is_in_group/prp-6-47.smt2,sat,227.31268095970154
/nec-smt/large/user_is_in_group/prp-22-47.smt2,sat,316.71471905708313
/nec-smt/large/user_is_in_group/prp-17-46.smt2,sat,189.09416317939758
/nec-smt/large/user_is_in_group/prp-10-50.smt2,sat,307.29260659217834
/nec-smt/large/user_is_in_group/prp-3-47.smt2,sat,339.57511258125305
/nec-smt/large/user_is_in_group/prp-7-46.smt2,sat,184.87522649765015
/nec-smt/large/user_is_in_group/prp-14-48.smt2,sat,859.5305914878845
/nec-smt/large/user_is_in_group/prp-17-48.smt2,sat,402.73565340042114
/nec-smt/large/user_is_in_group/prp-10-49.smt2,sat,361.20109486579895
/nec-smt/large/user_is_in_group/prp-1-47.smt2,sat,575.6170284748077
/nec-smt/large/user_is_in_group/prp-12-49.smt2,sat,543.5942161083221
/nec-smt/large/user_is_in_group/prp-17-49.smt2,sat,1011.6473100185394
/nec-smt/large/user_is_in_group/prp-15-47.smt2,sat,465.4967555999756
/nec-smt/large/user_is_in_group/prp-21-46.smt2,sat,523.7038381099701
/nec-smt/large/user_is_in_group/prp-9-50.smt2,sat,725.5667860507965
/nec-smt/large/user_is_in_group/prp-6-46.smt2,sat,260.50108003616333
/nec-smt/large/user_is_in_group/prp-11-49.smt2,sat,922.410231590271
/nec-smt/large/user_is_in_group/prp-3-50.smt2,sat,1022.0037899017334
/nec-smt/large/user_is_in_group/prp-14-49.smt2,sat,603.0768704414368
/nec-smt/large/user_is_in_group/prp-22-49.smt2,sat,538.0150990486145
/nec-smt/large/user_is_in_group/prp-5-50.smt2,sat,669.4179201126099
/nec-smt/large/user_is_in_group/prp-20-50.smt2,sat,192.10875725746155
/nec-smt/large/user_is_in_group/prp-5-48.smt2,sat,388.66461396217346
/nec-smt/large/user_is_in_group/prp-4-50.smt2,sat,534.944340467453
/nec-smt/large/user_is_in_group/prp-8-49.smt2,sat,431.03023409843445
/20230321-UltimateAutomizerSvcomp2023/jain_5-2.c_1.smt2,sat,0.004786252975463867
/20230321-UltimateAutomizerSvcomp2023/jain_5-2.c_7.smt2,sat,0.005067348480224609
/pidgeons/pigeon-hole-15.smt2,unsat,0.007780790328979492
/pidgeons/pigeon-hole-10.smt2,unsat,0.0058591365814208984
/pidgeons/pigeon-hole-18.smt2,unsat,0.011331319808959961
/pidgeons/pigeon-hole-12.smt2,unsat,0.006760120391845703
/pidgeons/pigeon-hole-4.smt2,unsat,0.0032689571380615234
/pidgeons/pigeon-hole-2.smt2,unsat,0.004213809967041016
/pidgeons/pigeon-hole-13.smt2,unsat,0.006891489028930664
/pidgeons/pigeon-hole-14.smt2,unsat,0.005597829818725586
/pidgeons/pigeon-hole-7.smt2,unsat,0.005064487457275391
/pidgeons/pigeon-hole-16.smt2,unsat,0.007383823394775391
/pidgeons/pigeon-hole-20.smt2,unsat,0.01026463508605957
/pidgeons/pigeon-hole-9.smt2,unsat,0.005419492721557617
/pidgeons/pigeon-hole-11.smt2,unsat,0.005906820297241211
/pidgeons/pigeon-hole-6.smt2,unsat,0.0034377574920654297
/pidgeons/pigeon-hole-19.smt2,unsat,0.00982666015625
/pidgeons/pigeon-hole-8.smt2,unsat,0.0047168731689453125
/pidgeons/pigeon-hole-5.smt2,unsat,0.0049343109130859375
/pidgeons/pigeon-hole-3.smt2,unsat,0.0035910606384277344
/pidgeons/pigeon-hole-17.smt2,unsat,0.007841825485229492
/2019-cmodelsdiff/wireRouting/p15.smt2,failed,1200.0
/2019-cmodelsdiff/wireRouting/wire.12.x.12.b.5.a.20_unsat.data.smt2,unsat,19.80523371696472
/2019-cmodelsdiff/wireRouting/fig9.smt2,unsat,0.24764370918273926
/2019-cmodelsdiff/wireRouting/wire.10.x.10.b.5.a.25_sat.data.smt2,sat,2.460179090499878
/2019-cmodelsdiff/wireRouting/wire.12.x.12.b.5.a.15_unsat.data.smt2,unsat,457.48233819007874
/2019-cmodelsdiff/wireRouting/p7.smt2,unsat,0.47409486770629883
/2019-cmodelsdiff/wireRouting/wire.10.x.10.b.5.a.20_unsat.data.smt2,unsat,3.625149965286255
/2019-cmodelsdiff/wireRouting/wire.10.x.10.b.5.a.35_sat.data.smt2,sat,1.2977495193481445
/2019-cmodelsdiff/wireRouting/p25.smt2,failed,1200.0
/2019-cmodelsdiff/wireRouting/p20.smt2,failed,1200.0
/2019-cmodelsdiff/labyrinth/0143-labyrinth-14-0.smt2,failed,1200.0
/2019-cmodelsdiff/labyrinth/0051-labyrinth-12-0.smt2,failed,1200.0
/2019-cmodelsdiff/labyrinth/0084-labyrinth-17-0.smt2,failed,1200.0
/2019-cmodelsdiff/labyrinth/0003-labyrinth-11-0.smt2,failed,1200.0
/2019-cmodelsdiff/labyrinth/0092-labyrinth-17-0.smt2,failed,1200.0
/2019-cmodelsdiff/labyrinth/0110-labyrinth-16-0.smt2,failed,1200.0
/2019-cmodelsdiff/labyrinth/0125-labyrinth-23-0.smt2,failed,1200.0
/2019-cmodelsdiff/labyrinth/0198-labyrinth-19-0.smt2,failed,1200.0
/2019-cmodelsdiff/labyrinth/0075-labyrinth-13-0.smt2,failed,1200.0
/2019-cmodelsdiff/labyrinth/0181-labyrinth-17-0.smt2,failed,1200.0
/2019-cmodelsdiff/labyrinth/0036-labyrinth-17-0.smt2,failed,1200.0
/2019-cmodelsdiff/labyrinth/0043-labyrinth-13-0.smt2,failed,1200.0
/2019-cmodelsdiff/labyrinth/0117-labyrinth-23-0.smt2,failed,1200.0
/2019-cmodelsdiff/labyrinth/0100-labyrinth-17-0.smt2,failed,1200.0
/2019-cmodelsdiff/labyrinth/0233-labyrinth-22-0.smt2,failed,1200.0
/2019-cmodelsdiff/labyrinth/0018-labyrinth-11-0.smt2,failed,1200.0
/2019-cmodelsdiff/labyrinth/0206-labyrinth-20-0.smt2,failed,1200.0
/2019-cmodelsdiff/labyrinth/0150-labyrinth-16-0.smt2,failed,1200.0
/2019-cmodelsdiff/labyrinth/0159-labyrinth-20-0.smt2,failed,1200.0
/2019-cmodelsdiff/labyrinth/0190-labyrinth-18-0.smt2,failed,1200.0
/2019-cmodelsdiff/labyrinth/0225-labyrinth-21-0.smt2,failed,1200.0
/2019-cmodelsdiff/labyrinth/0165-labyrinth-13-0.smt2,failed,1200.0
/2019-cmodelsdiff/labyrinth/0238-labyrinth-22-0.smt2,failed,1200.0
/2019-cmodelsdiff/labyrinth/0011-labyrinth-12-0.smt2,failed,1200.0
/2019-cmodelsdiff/labyrinth/0216-labyrinth-21-0.smt2,failed,1200.0
/2019-cmodelsdiff/labyrinth/0067-labyrinth-18-0.smt2,failed,1200.0
/2019-cmodelsdiff/labyrinth/0059-labyrinth-13-0.smt2,failed,1200.0
/2019-cmodelsdiff/labyrinth/0028-labyrinth-12-0.smt2,failed,1200.0
/2019-cmodelsdiff/labyrinth/0132-labyrinth-12-0.smt2,failed,1200.0
/2019-cmodelsdiff/labyrinth/0175-labyrinth-15-0.smt2,failed,1200.0
/2019-cmodelsdiff/hamiltonianCircuit/14.lp.smt2,sat,0.0610959529876709
/2019-cmodelsdiff/hamiltonianCircuit/24.lp.smt2,sat,0.06207680702209473
/2019-cmodelsdiff/hamiltonianCircuit/21.lp.smt2,sat,0.058521270751953125
/2019-cmodelsdiff/hamiltonianCircuit/37.lp.smt2,sat,0.056891441345214844
/2019-cmodelsdiff/hamiltonianCircuit/38.lp.smt2,sat,0.06326699256896973
/2019-cmodelsdiff/hamiltonianCircuit/41.lp.smt2,sat,0.06231427192687988
/2019-cmodelsdiff/hamiltonianCircuit/39.lp.smt2,sat,0.05758094787597656
/2019-cmodelsdiff/hamiltonianCircuit/22.lp.smt2,sat,0.05364823341369629
/2019-cmodelsdiff/hamiltonianCircuit/5.lp.smt2,sat,0.05964994430541992
/2019-cmodelsdiff/hamiltonianCircuit/26.lp.smt2,sat,0.053240060806274414
/2019-cmodelsdiff/hamiltonianCircuit/43.lp.smt2,sat,0.05663037300109863
/2019-cmodelsdiff/hamiltonianCircuit/28.lp.smt2,sat,0.057219743728637695
/2019-cmodelsdiff/hamiltonianCircuit/18.lp.smt2,sat,0.06322979927062988
/2019-cmodelsdiff/hamiltonianCircuit/4.lp.smt2,sat,0.05745244026184082
/2019-cmodelsdiff/hamiltonianCircuit/32.lp.smt2,sat,0.058139801025390625
/2019-cmodelsdiff/hamiltonianCircuit/1.lp.smt2,sat,0.06112027168273926
/2019-cmodelsdiff/hamiltonianCircuit/25.lp.smt2,sat,0.05848407745361328
/2019-cmodelsdiff/hamiltonianCircuit/19.lp.smt2,sat,0.06275010108947754
/2019-cmodelsdiff/hamiltonianCircuit/12.lp.smt2,sat,0.05557107925415039
/2019-cmodelsdiff/hamiltonianCircuit/40.lp.smt2,sat,0.06488490104675293
/2019-cmodelsdiff/hamiltonianCircuit/29.lp.smt2,sat,0.06111264228820801
/2019-cmodelsdiff/hamiltonianCircuit/7.lp.smt2,sat,0.0524899959564209
/2019-cmodelsdiff/hamiltonianCircuit/44.lp.smt2,sat,0.06120109558105469
/2019-cmodelsdiff/hamiltonianCircuit/0.lp.smt2,sat,0.061661720275878906
/2019-cmodelsdiff/hamiltonianCircuit/11.lp.smt2,sat,0.060828208923339844
/2019-cmodelsdiff/hamiltonianCircuit/35.lp.smt2,sat,0.0646674633026123
/2019-cmodelsdiff/hamiltonianCircuit/23.lp.smt2,sat,0.060735225677490234
/2019-cmodelsdiff/hamiltonianCircuit/36.lp.smt2,sat,0.05557584762573242
/2019-cmodelsdiff/hamiltonianCircuit/30.lp.smt2,sat,0.057587385177612305
/2019-cmodelsdiff/hamiltonianCircuit/8.lp.smt2,sat,0.05944991111755371
/2019-cmodelsdiff/hamiltonianCircuit/13.lp.smt2,sat,0.059409141540527344
/2019-cmodelsdiff/hamiltonianCircuit/33.lp.smt2,sat,0.0537259578704834
/2019-cmodelsdiff/hamiltonianCircuit/47.lp.smt2,sat,0.06892228126525879
/2019-cmodelsdiff/hamiltonianCircuit/6.lp.smt2,sat,0.06606388092041016
/2019-cmodelsdiff/hamiltonianCircuit/9.lp.smt2,sat,0.058975934982299805
/2019-cmodelsdiff/hamiltonianCircuit/48.lp.smt2,sat,0.060251712799072266
/2019-cmodelsdiff/hamiltonianCircuit/20.lp.smt2,sat,0.057476043701171875
/2019-cmodelsdiff/hamiltonianCircuit/3.lp.smt2,sat,0.0585019588470459
/2019-cmodelsdiff/hamiltonianCircuit/34.lp.smt2,sat,0.055468082427978516
/2019-cmodelsdiff/hamiltonianCircuit/31.lp.smt2,sat,0.05800914764404297
/2019-cmodelsdiff/hamiltonianCircuit/49.lp.smt2,sat,0.0565648078918457
/2019-cmodelsdiff/hamiltonianCircuit/46.lp.smt2,sat,0.06746435165405273
/2019-cmodelsdiff/hamiltonianCircuit/45.lp.smt2,sat,0.05690431594848633
/2019-cmodelsdiff/hamiltonianCircuit/42.lp.smt2,sat,0.056128740310668945
/2019-cmodelsdiff/hamiltonianCircuit/15.lp.smt2,sat,0.0622258186340332
/2019-cmodelsdiff/hamiltonianCircuit/17.lp.smt2,sat,0.05639362335205078
/2019-cmodelsdiff/hamiltonianCircuit/16.lp.smt2,sat,0.06282424926757812
/2019-cmodelsdiff/hamiltonianCircuit/27.lp.smt2,sat,0.06092643737792969
/2019-cmodelsdiff/hamiltonianCircuit/10.lp.smt2,sat,0.05823254585266113
/2019-cmodelsdiff/hamiltonianCircuit/2.lp.smt2,sat,0.06417179107666016
/2019-cmodelsdiff/randomNontight/n40-sat-b4.lp.smt2,sat,0.10218191146850586
/2019-cmodelsdiff/randomNontight/n40-sat-b17.lp.smt2,sat,0.1700119972229004
/2019-cmodelsdiff/randomNontight/n40-sat-b3.lp.smt2,sat,0.26325345039367676
/2019-cmodelsdiff/randomNontight/n40-sat-b6.lp.smt2,sat,0.16924786567687988
/2019-cmodelsdiff/randomNontight/n40-sat-b14.lp.smt2,sat,0.10616469383239746
/2019-cmodelsdiff/randomNontight/n40-sat-b7.lp.smt2,sat,0.2503201961517334
/2019-cmodelsdiff/randomNontight/n40-sat-b2.lp.smt2,sat,0.12923336029052734
/2019-cmodelsdiff/randomNontight/n40-sat-b1.lp.smt2,sat,0.21791458129882812
/2019-cmodelsdiff/randomNontight/n40-sat-b20.lp.smt2,sat,0.26053738594055176
/2019-cmodelsdiff/randomNontight/n40-sat-b13.lp.smt2,sat,0.22788381576538086
/2019-cmodelsdiff/randomNontight/n40-sat-b19.lp.smt2,sat,0.13407611846923828
/2019-cmodelsdiff/randomNontight/n40-sat-b9.lp.smt2,sat,0.10086417198181152
/2019-cmodelsdiff/randomNontight/n40-sat-b5.lp.smt2,sat,0.23549675941467285
/2019-cmodelsdiff/randomNontight/n40-sat-b12.lp.smt2,sat,0.08502602577209473
/2019-cmodelsdiff/randomNontight/n40-sat-b11.lp.smt2,sat,0.3175840377807617
/2019-cmodelsdiff/randomNontight/n40-sat-b16.lp.smt2,sat,0.09172296524047852
/2019-cmodelsdiff/randomNontight/n40-sat-b10.lp.smt2,sat,0.19125819206237793
/2019-cmodelsdiff/randomNontight/n40-sat-b18.lp.smt2,sat,0.2314460277557373
/2019-cmodelsdiff/randomNontight/n40-sat-b15.lp.smt2,sat,0.12462949752807617
/2019-cmodelsdiff/randomNontight/n40-sat-b8.lp.smt2,sat,0.2016887664794922
/2019-cmodelsdiff/stillLive/0001-still_live-6-1.smt2,sat,0.09580683708190918
/2019-cmodelsdiff/stillLive/0025-still_live-30-1.smt2,failed,1200.0
/2019-cmodelsdiff/stillLive/0009-still_live-14-1.smt2,sat,1.6288294792175293
/2019-cmodelsdiff/stillLive/0026-still_live-31-1.smt2,failed,1200.0
/2019-cmodelsdiff/stillLive/0019-still_live-24-1.smt2,failed,1200.0
/2019-cmodelsdiff/stillLive/0004-still_live-9-1.smt2,sat,0.456068754196167
/2019-cmodelsdiff/stillLive/0008-still_live-13-1.smt2,sat,1.5439014434814453
/2019-cmodelsdiff/stillLive/0012-still_live-17-1.smt2,failed,1200.0
/2019-cmodelsdiff/stillLive/0003-still_live-8-1.smt2,sat,0.305767297744751
/2019-cmodelsdiff/stillLive/0020-still_live-25-1.smt2,failed,1200.0
/2019-cmodelsdiff/stillLive/0006-still_live-11-1.smt2,sat,0.7633500099182129
/2019-cmodelsdiff/stillLive/0017-still_live-22-1.smt2,failed,1200.0
/2019-cmodelsdiff/stillLive/0016-still_live-21-1.smt2,failed,1200.0
/2019-cmodelsdiff/stillLive/0011-still_live-16-1.smt2,failed,1200.0
/2019-cmodelsdiff/stillLive/0024-still_live-29-1.smt2,failed,1200.0
/2019-cmodelsdiff/stillLive/0013-still_live-18-1.smt2,failed,1200.0
/2019-cmodelsdiff/stillLive/0023-still_live-28-1.smt2,failed,1200.0
/2019-cmodelsdiff/stillLive/0021-still_live-26-1.smt2,failed,1200.0
/2019-cmodelsdiff/stillLive/0002-still_live-7-1.smt2,sat,0.17871880531311035
/2019-cmodelsdiff/stillLive/0010-still_live-15-1.smt2,sat,2.5931363105773926
/2019-cmodelsdiff/stillLive/0018-still_live-23-1.smt2,failed,1200.0
/2019-cmodelsdiff/stillLive/0014-still_live-19-1.smt2,failed,1200.0
/2019-cmodelsdiff/stillLive/0007-still_live-12-1.smt2,sat,1.0977084636688232
/2019-cmodelsdiff/stillLive/0022-still_live-27-1.smt2,failed,1200.0
/2019-cmodelsdiff/stillLive/0005-still_live-10-1.smt2,sat,0.641897439956665
/2019-cmodelsdiff/stillLive/0015-still_live-20-1.smt2,failed,1200.0
/2019-cmodelsdiff/mutualExclusion/mutex4.smt2,sat,5.389109373092651
/2019-cmodelsdiff/mutualExclusion/mutex1.smt2,sat,0.06337451934814453
/2019-cmodelsdiff/mutualExclusion/mutex3.smt2,sat,0.031577348709106445
/2019-cmodelsdiff/mutualExclusion/mutex2.smt2,sat,0.005785942077636719
/2019-cmodelsdiff/mutualExclusion/mutex0.smt2,sat,0.007670402526855469
/2019-cmodelsdiff/boundsmodels/dp_10.formula1-s-O2-b9.smo2.smt2,sat,0.0703425407409668
/2019-cmodelsdiff/boundsmodels/dp_8.formula1-s-O2-b8.smo2.smt2,sat,0.06873297691345215
/2019-cmodelsdiff/boundsmodels/dp_12.formula1-i-O2-b14.smo2.smt2,sat,0.2140336036682129
/2019-cmodelsdiff/boundsmodels/dp_10.formula1-i-O2-b12.smo2.smt2,sat,0.13601303100585938
/2019-cmodelsdiff/boundsmodels/dp_8.formula1-i-O2-b10.smo2.smt2,sat,0.07991743087768555
/2019-cmodelsdiff/boundsmodels/dp_6.formula1-s-O2-b7.smo2.smt2,sat,0.030748367309570312
/2019-cmodelsdiff/boundsmodels/dp_12.formula1-s-O2-b10.smo2.smt2,sat,0.09803462028503418
/2019-cmodelsdiff/boundsmodels/dp_6.formula1-i-O2-b8.smo2.smt2,sat,0.039917945861816406
/convert/convert-jpg2gif-query-1560.smt2,sat,0.3568840026855469
/convert/convert-jpg2gif-query-1232.smt2,unsat,0.014844894409179688
/convert/convert-jpg2gif-query-1616.smt2,sat,0.43724727630615234
/convert/convert-jpg2gif-query-1454.smt2,sat,0.09699869155883789
/convert/convert-jpg2gif-query-1173.smt2,sat,0.0482487678527832
/convert/convert-jpg2gif-query-1535.smt2,sat,0.1429131031036377
/convert/convert-jpg2gif-query-1575.smt2,sat,0.41187453269958496
/convert/convert-jpg2gif-query-1619.smt2,sat,0.31331396102905273
/convert/convert-jpg2gif-query-2132.smt2,unsat,0.015172958374023438
/convert/convert-jpg2gif-query-1194.smt2,sat,0.07929015159606934
/convert/convert-jpg2gif-query-1179.smt2,sat,0.06073307991027832
/convert/convert-jpg2gif-query-1538.smt2,sat,0.3955957889556885
/convert/convert-jpg2gif-query-1359.smt2,sat,0.07517695426940918
/convert/convert-jpg2gif-query-1243.smt2,unsat,0.01535487174987793
/convert/convert-jpg2gif-query-2120.smt2,unsat,0.012793540954589844
/convert/convert-jpg2gif-query-1504.smt2,sat,0.14383435249328613
/convert/convert-jpg2gif-query-1191.smt2,sat,0.0672764778137207
/convert/convert-jpg2gif-query-1551.smt2,sat,0.494905948638916
/convert/convert-jpg2gif-query-2133.smt2,unsat,0.024953603744506836
/convert/convert-jpg2gif-query-1498.smt2,sat,0.2531397342681885
/convert/convert-jpg2gif-query-1601.smt2,sat,0.3164951801300049
/convert/convert-jpg2gif-query-1600.smt2,sat,0.27243804931640625
/convert/convert-jpg2gif-query-1511.smt2,sat,0.14816546440124512
/convert/convert-jpg2gif-query-2122.smt2,unsat,0.016541242599487305
/convert/convert-jpg2gif-query-1434.smt2,sat,0.09418439865112305
/convert/convert-jpg2gif-query-1421.smt2,sat,0.091888427734375
/convert/convert-jpg2gif-query-1189.smt2,sat,0.0749673843383789
/convert/convert-jpg2gif-query-1404.smt2,sat,0.09509468078613281
/convert/convert-jpg2gif-query-1523.smt2,sat,0.6177327632904053
/convert/convert-jpg2gif-query-1394.smt2,sat,0.08876228332519531
/convert/convert-jpg2gif-query-1208.smt2,sat,0.0654764175415039
/convert/convert-jpg2gif-query-1460.smt2,sat,0.11635947227478027
/convert/convert-jpg2gif-query-1171.smt2,sat,0.04657435417175293
/convert/convert-jpg2gif-query-1502.smt2,sat,0.42820310592651367
/convert/convert-jpg2gif-query-1406.smt2,sat,0.09235978126525879
/convert/convert-jpg2gif-query-1610.smt2,sat,0.27381253242492676
/convert/convert-jpg2gif-query-2136.smt2,unsat,0.01623702049255371
/convert/convert-jpg2gif-query-1419.smt2,sat,0.09252214431762695
/convert/convert-jpg2gif-query-1595.smt2,sat,0.26477718353271484
/convert/convert-jpg2gif-query-1223.smt2,unsat,0.015284538269042969
/convert/convert-jpg2gif-query-1418.smt2,sat,0.10393500328063965
/convert/convert-jpg2gif-query-1379.smt2,sat,0.0899040699005127
/convert/convert-jpg2gif-query-1370.smt2,sat,0.08290910720825195
/convert/convert-jpg2gif-query-1408.smt2,sat,0.09694075584411621
/convert/convert-jpg2gif-query-1553.smt2,sat,0.2528972625732422
/convert/convert-jpg2gif-query-1534.smt2,sat,0.3522987365722656
/convert/convert-jpg2gif-query-1550.smt2,sat,0.25051259994506836
/convert/convert-jpg2gif-query-1430.smt2,sat,0.11019659042358398
/convert/convert-jpg2gif-query-1596.smt2,sat,0.34650492668151855
/convert/convert-jpg2gif-query-1148.smt2,sat,0.04313349723815918
/convert/convert-jpg2gif-query-1525.smt2,sat,0.196258544921875
/convert/convert-jpg2gif-query-1474.smt2,sat,0.24839043617248535
/convert/convert-jpg2gif-query-1609.smt2,sat,0.42708420753479004
/convert/convert-jpg2gif-query-1192.smt2,sat,0.06704163551330566
/convert/convert-jpg2gif-query-1565.smt2,sat,0.5731050968170166
/convert/convert-jpg2gif-query-1584.smt2,sat,0.3145296573638916
/convert/convert-jpg2gif-query-1497.smt2,sat,0.4130513668060303
/convert/convert-jpg2gif-query-1427.smt2,sat,0.10484600067138672
/convert/convert-jpg2gif-query-1172.smt2,sat,0.05036425590515137
/convert/convert-jpg2gif-query-1160.smt2,sat,0.047590017318725586
/convert/convert-jpg2gif-query-2130.smt2,unsat,0.01704120635986328
/convert/convert-jpg2gif-query-2138.smt2,unsat,0.018431425094604492
/convert/convert-jpg2gif-query-1602.smt2,sat,0.19180583953857422
/convert/convert-jpg2gif-query-1442.smt2,sat,0.09859704971313477
/convert/convert-jpg2gif-query-1559.smt2,sat,0.30182766914367676
/convert/convert-jpg2gif-query-1416.smt2,sat,0.09821343421936035
/convert/convert-jpg2gif-query-1154.smt2,sat,0.04805183410644531
/convert/convert-jpg2gif-query-1413.smt2,sat,0.09607386589050293
/convert/convert-jpg2gif-query-1347.smt2,sat,0.07540678977966309
/convert/convert-jpg2gif-query-1182.smt2,sat,0.061868906021118164
/convert/convert-jpg2gif-query-1569.smt2,sat,0.17986702919006348
/convert/convert-jpg2gif-query-1486.smt2,sat,0.13122081756591797
/convert/convert-jpg2gif-query-1453.smt2,sat,0.09958600997924805
/convert/convert-jpg2gif-query-1533.smt2,sat,0.18537688255310059
/convert/convert-jpg2gif-query-1447.smt2,sat,0.09482049942016602
/convert/convert-jpg2gif-query-1152.smt2,sat,0.04317831993103027
/convert/convert-jpg2gif-query-1212.smt2,unsat,0.01685619354248047
/convert/convert-jpg2gif-query-1441.smt2,sat,0.10993361473083496
/convert/convert-jpg2gif-query-1512.smt2,sat,0.23696398735046387
/convert/convert-jpg2gif-query-1439.smt2,sat,0.10087037086486816
/convert/convert-jpg2gif-query-2139.smt2,unsat,0.022632122039794922
/convert/convert-jpg2gif-query-1144.smt2,sat,0.04719662666320801
/convert/convert-jpg2gif-query-1140.smt2,sat,0.044141530990600586
/convert/convert-jpg2gif-query-1614.smt2,sat,0.374711275100708
/convert/convert-jpg2gif-query-1405.smt2,sat,0.09117698669433594
/convert/convert-jpg2gif-query-1607.smt2,sat,0.4214169979095459
/convert/convert-jpg2gif-query-1386.smt2,sat,0.08124756813049316
/convert/convert-jpg2gif-query-1174.smt2,sat,0.04674887657165527
/convert/convert-jpg2gif-query-2121.smt2,unsat,0.023196935653686523
/convert/convert-jpg2gif-query-1518.smt2,sat,0.2633821964263916
/convert/convert-jpg2gif-query-1198.smt2,sat,0.07017993927001953
/convert/convert-jpg2gif-query-1585.smt2,sat,0.46593284606933594
/convert/convert-jpg2gif-query-1425.smt2,sat,0.10999226570129395
/convert/convert-jpg2gif-query-1147.smt2,sat,0.04255819320678711
/convert/convert-jpg2gif-query-1388.smt2,sat,0.0908968448638916
/convert/convert-jpg2gif-query-1337.smt2,sat,0.06484031677246094
/convert/convert-jpg2gif-query-1380.smt2,sat,0.0925743579864502
/convert/convert-jpg2gif-query-1417.smt2,sat,0.1086263656616211
/convert/convert-jpg2gif-query-1583.smt2,sat,0.208723783493042
/convert/convert-jpg2gif-query-1516.smt2,sat,0.2227768898010254
/convert/convert-jpg2gif-query-1431.smt2,sat,0.09520316123962402
/convert/convert-jpg2gif-query-1193.smt2,sat,0.06882190704345703
/convert/convert-jpg2gif-query-1593.smt2,sat,0.36858701705932617
/convert/convert-jpg2gif-query-1581.smt2,sat,0.34151554107666016
/convert/convert-jpg2gif-query-1392.smt2,sat,0.09553003311157227
/convert/convert-jpg2gif-query-1165.smt2,sat,0.04655098915100098
/convert/convert-jpg2gif-query-1348.smt2,sat,0.08105063438415527
/convert/convert-jpg2gif-query-1591.smt2,sat,0.3384673595428467
/convert/convert-jpg2gif-query-1412.smt2,sat,0.09953188896179199
/convert/convert-jpg2gif-query-1484.smt2,sat,0.2525315284729004
/convert/convert-jpg2gif-query-1168.smt2,sat,0.05205702781677246
/convert/convert-jpg2gif-query-1437.smt2,sat,0.1301102638244629
/convert/convert-jpg2gif-query-1238.smt2,unsat,0.019568681716918945
/convert/convert-jpg2gif-query-1577.smt2,unsat,0.12618780136108398
/convert/convert-jpg2gif-query-1429.smt2,sat,0.10528755187988281
/convert/convert-jpg2gif-query-1146.smt2,sat,0.04521322250366211
/convert/convert-jpg2gif-query-1496.smt2,sat,0.3341224193572998
/convert/convert-jpg2gif-query-1351.smt2,sat,0.0814521312713623
/convert/convert-jpg2gif-query-1451.smt2,sat,0.09184384346008301
/convert/convert-jpg2gif-query-1594.smt2,sat,0.28849363327026367
/convert/convert-jpg2gif-query-1178.smt2,sat,0.06652140617370605
/convert/convert-jpg2gif-query-2127.smt2,unsat,0.021633148193359375
/convert/convert-jpg2gif-query-1438.smt2,sat,0.13592791557312012
/convert/convert-jpg2gif-query-1228.smt2,unsat,0.018894195556640625
/convert/convert-jpg2gif-query-1166.smt2,sat,0.04849123954772949
/convert/convert-jpg2gif-query-1539.smt2,sat,0.5254769325256348
/convert/convert-jpg2gif-query-1608.smt2,sat,0.2772350311279297
/convert/convert-jpg2gif-query-1464.smt2,sat,0.09925723075866699
/convert/convert-jpg2gif-query-1181.smt2,sat,0.06210827827453613
/convert/convert-jpg2gif-query-1443.smt2,sat,0.10096502304077148
/convert/convert-jpg2gif-query-1396.smt2,sat,0.0932466983795166
/convert/convert-jpg2gif-query-2141.smt2,unsat,0.01274251937866211
/convert/convert-jpg2gif-query-1526.smt2,sat,0.4184730052947998
/convert/convert-jpg2gif-query-1491.smt2,sat,0.18834710121154785
/convert/convert-jpg2gif-query-1167.smt2,sat,0.04828786849975586
/convert/convert-jpg2gif-query-1476.smt2,sat,0.11168551445007324
/convert/convert-jpg2gif-query-1445.smt2,sat,0.08960938453674316
/convert/convert-jpg2gif-query-2140.smt2,unsat,0.017440319061279297
/convert/convert-jpg2gif-query-1617.smt2,sat,0.5832798480987549
/convert/convert-jpg2gif-query-1557.smt2,sat,0.41931986808776855
/convert/convert-jpg2gif-query-1503.smt2,sat,0.19324564933776855
/convert/convert-jpg2gif-query-1195.smt2,sat,0.0652456283569336
/convert/convert-jpg2gif-query-1213.smt2,unsat,0.015738964080810547
/convert/convert-jpg2gif-query-1457.smt2,sat,0.10258316993713379
/convert/convert-jpg2gif-query-1450.smt2,sat,0.0938870906829834
/convert/convert-jpg2gif-query-1142.smt2,sat,0.04571986198425293
/convert/convert-jpg2gif-query-1556.smt2,sat,0.20851588249206543
/convert/convert-jpg2gif-query-1428.smt2,sat,0.10177373886108398
/convert/convert-jpg2gif-query-1483.smt2,sat,0.24288702011108398
/convert/convert-jpg2gif-query-1597.smt2,sat,0.3515799045562744
/convert/convert-jpg2gif-query-1415.smt2,sat,0.11316680908203125
/convert/convert-jpg2gif-query-1477.smt2,sat,0.20282769203186035
/convert/convert-jpg2gif-query-1242.smt2,unsat,0.014987468719482422
/convert/convert-jpg2gif-query-1224.smt2,unsat,0.016368865966796875
/convert/convert-jpg2gif-query-1463.smt2,sat,0.1067044734954834
/convert/convert-tiff2jpg-query-1831.smt2,unsat,0.004790306091308594
/convert/convert-jpg2gif-query-1391.smt2,sat,0.09270763397216797
/convert/convert-jpg2gif-query-1155.smt2,sat,0.04323244094848633
/convert/convert-jpg2gif-query-1169.smt2,sat,0.04897046089172363
/convert/convert-jpg2gif-query-1371.smt2,sat,0.09102725982666016
/convert/convert-jpg2gif-query-1422.smt2,sat,0.0958869457244873
/convert/convert-jpg2gif-query-1163.smt2,sat,0.04685211181640625
/convert/convert-jpg2gif-query-1580.smt2,sat,0.273754358291626
/convert/convert-jpg2gif-query-1586.smt2,sat,0.28984904289245605
/convert/convert-jpg2gif-query-1605.smt2,sat,0.300661563873291
/convert/convert-jpg2gif-query-1217.smt2,unsat,0.01822066307067871
/convert/convert-jpg2gif-query-1549.smt2,sat,0.2443859577178955
/convert/convert-jpg2gif-query-1480.smt2,sat,0.14124321937561035
/convert/convert-jpg2gif-query-1423.smt2,sat,0.09171867370605469
/convert/convert-jpg2gif-query-1611.smt2,sat,0.25978660583496094
/convert/convert-jpg2gif-query-1209.smt2,unsat,0.014858245849609375
/convert/convert-jpg2gif-query-1207.smt2,sat,0.06314945220947266
/convert/convert-jpg2gif-query-1372.smt2,sat,0.09310507774353027
/convert/convert-jpg2gif-query-1613.smt2,sat,0.5437107086181641
/convert/convert-jpg2gif-query-1543.smt2,sat,0.1790332794189453
/convert/convert-jpg2gif-query-1606.smt2,sat,0.3445863723754883
/convert/convert-jpg2gif-query-2126.smt2,unsat,0.014229536056518555
/convert/convert-jpg2gif-query-1164.smt2,sat,0.044481754302978516
/convert/convert-jpg2gif-query-1468.smt2,sat,0.09791874885559082
/convert/convert-jpg2gif-query-1150.smt2,sat,0.04328107833862305
/convert/convert-jpg2gif-query-1566.smt2,sat,0.22623276710510254
/convert/convert-jpg2gif-query-1544.smt2,sat,0.29555177688598633
/convert/convert-jpg2gif-query-1414.smt2,sat,0.09621334075927734
/convert/convert-jpg2gif-query-1234.smt2,unsat,0.017058849334716797
/convert/convert-jpg2gif-query-1170.smt2,sat,0.04828333854675293
/convert/convert-jpg2gif-query-1452.smt2,sat,0.10789012908935547
/convert/convert-jpg2gif-query-1466.smt2,sat,0.11603832244873047
/convert/convert-jpg2gif-query-1141.smt2,unsat,0.04281902313232422
/convert/convert-jpg2gif-query-1157.smt2,sat,0.04597115516662598
/convert/convert-jpg2gif-query-1411.smt2,sat,0.09804987907409668
/convert/convert-jpg2gif-query-1229.smt2,unsat,0.014904260635375977
/convert/convert-jpg2gif-query-1546.smt2,sat,0.4164004325866699
/convert/convert-jpg2gif-query-1395.smt2,sat,0.09586882591247559
/convert/convert-jpg2gif-query-1407.smt2,sat,0.09694218635559082
/convert/convert-jpg2gif-query-1426.smt2,sat,0.09908819198608398
/convert/convert-jpg2gif-query-1204.smt2,sat,0.0771627426147461
/convert/convert-jpg2gif-query-1343.smt2,sat,0.07622551918029785
/convert/convert-jpg2gif-query-901.smt2,sat,0.00763702392578125
/convert/convert-jpg2gif-query-1461.smt2,sat,0.0989844799041748
/convert/convert-jpg2gif-query-1604.smt2,sat,0.17724323272705078
/convert/convert-jpg2gif-query-1183.smt2,sat,0.05669426918029785
/convert/convert-jpg2gif-query-1462.smt2,sat,0.1147305965423584
/convert/convert-jpg2gif-query-1587.smt2,sat,0.38739490509033203
/convert/convert-jpg2gif-query-1576.smt2,sat,0.3027346134185791
/convert/convert-jpg2gif-query-1222.smt2,unsat,0.014421463012695312
/convert/convert-jpg2gif-query-1492.smt2,sat,0.23990726470947266
/convert/convert-jpg2gif-query-1558.smt2,sat,0.1822969913482666
/convert/convert-jpg2gif-query-1180.smt2,sat,0.05585289001464844
/convert/convert-jpg2gif-query-1458.smt2,sat,0.10058879852294922
/convert/convert-jpg2gif-query-1519.smt2,sat,0.5316605567932129
/convert/convert-jpg2gif-query-1579.smt2,sat,0.4273953437805176
/convert/convert-jpg2gif-query-1501.smt2,sat,0.31591081619262695
/convert/convert-jpg2gif-query-1433.smt2,sat,0.10239648818969727
/convert/convert-jpg2gif-query-1206.smt2,sat,0.07416367530822754
/convert/convert-jpg2gif-query-1342.smt2,sat,0.07111001014709473
/convert/convert-jpg2gif-query-1201.smt2,sat,0.06694817543029785
/convert/convert-jpg2gif-query-1373.smt2,sat,0.08768486976623535
/convert/convert-jpg2gif-query-1571.smt2,sat,0.43114280700683594
/convert/convert-jpg2gif-query-1365.smt2,sat,0.0805501937866211
/convert/convert-jpg2gif-query-1202.smt2,sat,0.06866884231567383
/convert/convert-jpg2gif-query-1227.smt2,unsat,0.01970529556274414
/convert/convert-jpg2gif-query-1570.smt2,sat,0.1674792766571045
/convert/convert-jpg2gif-query-1470.smt2,sat,0.16667795181274414
/convert/convert-jpg2gif-query-1158.smt2,sat,0.04616212844848633
/convert/convert-jpg2gif-query-1588.smt2,sat,0.4070770740509033
/convert/convert-jpg2gif-query-1540.smt2,sat,0.2044689655303955
/convert/convert-jpg2gif-query-1402.smt2,sat,0.09544801712036133
/convert/convert-jpg2gif-query-1444.smt2,sat,0.10096621513366699
/convert/convert-jpg2gif-query-1352.smt2,sat,0.0724635124206543
/convert/convert-jpg2gif-query-1219.smt2,unsat,0.016231536865234375
/convert/convert-jpg2gif-query-1598.smt2,sat,0.4736771583557129
/convert/convert-jpg2gif-query-1547.smt2,sat,0.39480161666870117
/convert/convert-jpg2gif-query-1573.smt2,sat,0.3335096836090088
/convert/convert-jpg2gif-query-1448.smt2,sat,0.1016843318939209
/convert/convert-jpg2gif-query-1475.smt2,sat,0.2644951343536377
/convert/convert-jpg2gif-query-1410.smt2,sat,0.1026756763458252
/convert/convert-jpg2gif-query-1485.smt2,sat,0.23383212089538574
/convert/convert-jpg2gif-query-1387.smt2,sat,0.09360766410827637
/convert/convert-jpg2gif-query-1590.smt2,sat,0.3880734443664551
/convert/convert-jpg2gif-query-1139.smt2,sat,0.04324769973754883
/convert/convert-jpg2gif-query-1446.smt2,sat,0.10402727127075195
/convert/convert-jpg2gif-query-1618.smt2,sat,0.5555629730224609
/convert/convert-jpg2gif-query-1545.smt2,sat,0.33562135696411133
/convert/convert-jpg2gif-query-1603.smt2,sat,0.34795212745666504
/convert/convert-jpg2gif-query-1353.smt2,sat,0.07467007637023926
/convert/convert-jpg2gif-query-1552.smt2,sat,0.3531677722930908
/convert/convert-jpg2gif-query-1420.smt2,sat,0.09731626510620117
/convert/convert-jpg2gif-query-1237.smt2,unsat,0.01571035385131836
/convert/convert-jpg2gif-query-1184.smt2,sat,0.06604909896850586
/convert/convert-jpg2gif-query-1471.smt2,sat,0.21224665641784668
/convert/convert-jpg2gif-query-1188.smt2,sat,0.07513785362243652
/convert/convert-jpg2gif-query-1177.smt2,sat,0.052229881286621094
/convert/convert-jpg2gif-query-1176.smt2,sat,0.04768514633178711
/convert/convert-jpg2gif-query-1572.smt2,sat,0.3798248767852783
/convert/convert-jpg2gif-query-1582.smt2,sat,0.24287652969360352
/convert/convert-jpg2gif-query-1612.smt2,sat,0.43789243698120117
/convert/convert-jpg2gif-query-1432.smt2,sat,0.09562420845031738
/convert/convert-jpg2gif-query-1554.smt2,sat,0.34026575088500977
/convert/convert-jpg2gif-query-1481.smt2,sat,0.11912679672241211
/convert/convert-jpg2gif-query-1472.smt2,sat,0.11884880065917969
/convert/convert-jpg2gif-query-1162.smt2,sat,0.0440373420715332
/convert/convert-jpg2gif-query-1440.smt2,sat,0.09390759468078613
/convert/convert-jpg2gif-query-1409.smt2,sat,0.08941793441772461
/convert/convert-jpg2gif-query-1218.smt2,unsat,0.02045154571533203
/convert/convert-jpg2gif-query-1156.smt2,sat,0.04902505874633789
/convert/convert-jpg2gif-query-1562.smt2,sat,0.44272470474243164
/convert/convert-jpg2gif-query-1469.smt2,sat,0.09996962547302246
/convert/convert-jpg2gif-query-1190.smt2,sat,0.08124279975891113
/convert/convert-jpg2gif-query-1149.smt2,sat,0.044081926345825195
/convert/convert-jpg2gif-query-1197.smt2,sat,0.06261777877807617
/convert/convert-jpg2gif-query-1145.smt2,sat,0.04698324203491211
/convert/convert-jpg2gif-query-1561.smt2,sat,0.26112866401672363
/convert/convert-jpg2gif-query-1574.smt2,sat,0.32370424270629883
/convert/convert-jpg2gif-query-1435.smt2,sat,0.09619832038879395
/convert/convert-jpg2gif-query-1153.smt2,sat,0.0440974235534668
/convert/convert-jpg2gif-query-1239.smt2,unsat,0.014397382736206055
/convert/convert-jpg2gif-query-1175.smt2,sat,0.04922008514404297
/convert/convert-jpg2gif-query-1449.smt2,sat,0.09992265701293945
/convert/convert-jpg2gif-query-1505.smt2,sat,0.20711874961853027
/convert/convert-jpg2gif-query-1436.smt2,sat,0.09762430191040039
/convert/convert-jpg2gif-query-1338.smt2,sat,0.0720374584197998
/convert/convert-jpg2gif-query-1567.smt2,sat,0.713939905166626
/convert/convert-jpg2gif-query-1563.smt2,sat,0.3503255844116211
/convert/convert-jpg2gif-query-1589.smt2,sat,0.23537206649780273
/convert/convert-jpg2gif-query-1555.smt2,sat,0.21908187866210938
/convert/convert-jpg2gif-query-1185.smt2,sat,0.0757441520690918
/convert/convert-jpg2gif-query-2134.smt2,unsat,0.018083572387695312
/convert/convert-jpg2gif-query-1564.smt2,sat,0.32712292671203613
/convert/convert-jpg2gif-query-1424.smt2,sat,0.09445810317993164
/convert/convert-jpg2gif-query-1568.smt2,sat,0.24138259887695312
/convert/convert-jpg2gif-query-1467.smt2,sat,0.1022043228149414
/convert/convert-jpg2gif-query-1473.smt2,sat,0.1431281566619873
/convert/convert-jpg2gif-query-1465.smt2,sat,0.11496758460998535
/convert/convert-jpg2gif-query-1532.smt2,sat,0.20008444786071777
/convert/convert-jpg2gif-query-1548.smt2,sat,0.24264216423034668
/convert/convert-jpg2gif-query-1522.smt2,sat,0.31408238410949707
/convert/convert-jpg2gif-query-1159.smt2,sat,0.047768592834472656
/convert/convert-jpg2gif-query-1385.smt2,sat,0.08683657646179199
/convert/convert-jpg2gif-query-1456.smt2,sat,0.09969210624694824
/convert/convert-jpg2gif-query-1233.smt2,unsat,0.016412973403930664
/convert/convert-jpg2gif-query-1200.smt2,sat,0.06418824195861816
/convert/convert-jpg2gif-query-1199.smt2,sat,0.06883835792541504
/convert/convert-jpg2gif-query-1541.smt2,sat,0.15685820579528809
/convert/convert-jpg2gif-query-1203.smt2,sat,0.06433439254760742
/convert/convert-jpg2gif-query-1578.smt2,sat,0.23758625984191895
/convert/convert-jpg2gif-query-1214.smt2,unsat,0.016799211502075195
/convert/convert-jpg2gif-query-1143.smt2,sat,0.04256486892700195
/convert/convert-jpg2gif-query-1524.smt2,sat,0.3244807720184326
/convert/convert-jpg2gif-query-1363.smt2,sat,0.08125472068786621
/convert/convert-jpg2gif-query-1615.smt2,sat,0.8319089412689209
/convert/convert-jpg2gif-query-1151.smt2,sat,0.04527568817138672
/convert/convert-jpg2gif-query-1455.smt2,sat,0.09956479072570801
/convert/convert-jpg2gif-query-1196.smt2,sat,0.06363892555236816
/convert/convert-jpg2gif-query-1358.smt2,sat,0.07174348831176758
/convert/convert-jpg2gif-query-1459.smt2,sat,0.14194774627685547
/convert/convert-jpg2gif-query-1592.smt2,sat,0.33438587188720703
/convert/convert-jpg2gif-query-1161.smt2,sat,0.046306610107421875
/convert/convert-jpg2gif-query-1599.smt2,sat,0.3449592590332031
/convert/convert-jpg2gif-query-2124.smt2,unsat,0.015439271926879883
/fft/Sz32_455.smt2,unsat,0.06858301162719727
/fft/Sz256_6615.smt2,failed,1200.0
/fft/Sz128_2824.smt2,sat,0.3246335983276367
/fft/Sz256_6616.smt2,failed,1200.0
/fft/Sz64_1160.smt2,sat,0.010376691818237305
/fft/Sz128_2823.smt2,unsat,13.976539850234985
/fft/Sz32_456.smt2,sat,0.05107593536376953
/fft/Sz64_1159.smt2,unsat,0.01856851577758789
/fft/Sz256_6664.smt2,sat,157.69068479537964
/dillig/15-17.smt2,sat,0.010814666748046875
/dillig/45-10.smt2,sat,0.007333993911743164
/dillig/20-28.smt2,sat,0.25307679176330566
/dillig/30-22.smt2,sat,4.033855199813843
/dillig/25-35.smt2,sat,1.6479382514953613
/dillig/45-29.smt2,sat,108.75159358978271
/dillig/25-29.smt2,sat,15.30523419380188
/dillig/20-5.smt2,sat,0.0038421154022216797
/dillig/30-24.smt2,sat,0.08490920066833496
/dillig/45-20.smt2,sat,129.42368721961975
/dillig/20-7.smt2,sat,0.021508455276489258
/dillig/25-1.smt2,sat,0.004835605621337891
/dillig/25-27.smt2,sat,1.9235568046569824
/dillig/35-5.smt2,sat,0.006304025650024414
/dillig/40-21.smt2,sat,11.701816320419312
/dillig/30-35.smt2,sat,14.448381185531616
/dillig/40-24.smt2,sat,18.88659143447876
/dillig/10-29.smt2,sat,0.0030448436737060547
/dillig/35-10.smt2,sat,0.06991267204284668
/dillig/10-28.smt2,sat,0.0033385753631591797
/dillig/45-32.smt2,sat,140.28620171546936
/dillig/25-2.smt2,sat,0.0047605037689208984
/dillig/35-23.smt2,sat,0.9531564712524414
/dillig/45-19.smt2,sat,14.767782211303711
/dillig/25-31.smt2,unsat,0.05859541893005371
/dillig/20-12.smt2,sat,0.01801276206970215
/dillig/35-24.smt2,sat,178.05774879455566
/dillig/25-14.smt2,sat,0.11203980445861816
/dillig/40-1.smt2,sat,0.020004987716674805
/dillig/10-4.smt2,sat,0.0038101673126220703
/dillig/35-14.smt2,sat,0.12150788307189941
/dillig/20-2.smt2,sat,0.005450248718261719
/dillig/30-21.smt2,sat,2.3296618461608887
/dillig/40-7.smt2,sat,0.18754100799560547
/dillig/40-13.smt2,sat,0.18397212028503418
/dillig/35-13.smt2,sat,0.007043123245239258
/dillig/45-3.smt2,sat,0.00509190559387207
/dillig/20-11.smt2,sat,0.0327908992767334
/dillig/40-8.smt2,sat,0.29264092445373535
/dillig/15-14.smt2,sat,0.0034248828887939453
/dillig/20-9.smt2,sat,0.011189699172973633
/dillig/40-15.smt2,sat,11.233026504516602
/dillig/45-21.smt2,sat,0.3830835819244385
/dillig/15-19.smt2,sat,0.0201568603515625
/dillig/25-15.smt2,sat,0.3817732334136963
/dillig/35-1.smt2,sat,0.0055501461029052734
/dillig/40-27.smt2,sat,17.89798355102539
/dillig/40-14.smt2,sat,0.026630640029907227
/dillig/40-11.smt2,sat,0.14474201202392578
/dillig/20-14.smt2,unsat,0.6521241664886475
/dillig/45-13.smt2,sat,0.05745720863342285
/dillig/15-8.smt2,sat,0.004133701324462891
/dillig/20-3.smt2,sat,0.0051271915435791016
/dillig/15-11.smt2,sat,0.0047190189361572266
/dillig/30-30.smt2,sat,5.994389057159424
/dillig/45-6.smt2,sat,0.02377939224243164
/dillig/15-3.smt2,sat,0.003774881362915039
/dillig/45-12.smt2,sat,0.008568525314331055
/dillig/30-2.smt2,sat,0.03626132011413574
/dillig/20-10.smt2,sat,0.004658699035644531
/dillig/45-16.smt2,sat,7.769355058670044
/dillig/35-9.smt2,sat,0.00923776626586914
/dillig/20-30.smt2,sat,0.12296700477600098
/dillig/20-20.smt2,sat,0.27051591873168945
/dillig/25-24.smt2,sat,0.07091975212097168
/dillig/30-26.smt2,sat,7.420974016189575
/dillig/20-24.smt2,sat,0.07079601287841797
/dillig/20-21.smt2,sat,0.3505368232727051
/dillig/25-23.smt2,sat,1.6178736686706543
/dillig/30-16.smt2,sat,1.7890360355377197
/dillig/35-18.smt2,sat,13.883263349533081
/dillig/25-6.smt2,sat,0.024363994598388672
/dillig/25-25.smt2,sat,1.3242621421813965
/dillig/35-28.smt2,sat,0.3983793258666992
/dillig/20-22.smt2,sat,0.027687788009643555
/dillig/15-18.smt2,sat,0.008555412292480469
/dillig/25-13.smt2,sat,0.003877878189086914
/dillig/40-22.smt2,sat,15.700045824050903
/dillig/30-18.smt2,sat,0.10721993446350098
/dillig/45-11.smt2,sat,0.24023032188415527
/dillig/25-4.smt2,sat,0.0043485164642333984
/dillig/30-1.smt2,sat,0.005816936492919922
/dillig/10-15.smt2,sat,0.00442194938659668
/dillig/15-15.smt2,sat,0.005417585372924805
/dillig/25-21.smt2,sat,0.7393410205841064
/dillig/45-7.smt2,sat,0.2893025875091553
/dillig/30-27.smt2,sat,10.750704050064087
/dillig/25-26.smt2,sat,1.583789348602295
/dillig/20-13.smt2,sat,0.04145073890686035
/dillig/15-6.smt2,sat,0.004759311676025391
/dillig/20-26.smt2,sat,0.06645464897155762
/dillig/30-9.smt2,sat,0.00597071647644043
/dillig/30-5.smt2,sat,0.008437156677246094
/dillig/45-30.smt2,sat,211.55721998214722
/dillig/20-6.smt2,sat,0.029446125030517578
/dillig/10-3.smt2,sat,0.005010366439819336
/dillig/25-5.smt2,sat,0.005129575729370117
/dillig/40-5.smt2,sat,0.007262468338012695
/dillig/40-35.smt2,sat,18.6760470867157
/dillig/35-7.smt2,sat,0.0070343017578125
/dillig/45-25.smt2,sat,24.263174772262573
/dillig/30-33.smt2,sat,10.493132591247559
/dillig/15-4.smt2,sat,0.007474184036254883
/dillig/25-20.smt2,sat,0.06400918960571289
/dillig/40-23.smt2,sat,55.22303247451782
/dillig/35-11.smt2,sat,0.3798806667327881
/dillig/10-45.smt2,sat,0.006002187728881836
/dillig/45-15.smt2,sat,0.05629992485046387
/dillig/15-20.smt2,sat,0.005126237869262695
/dillig/30-11.smt2,sat,1.1350069046020508
/dillig/10-31.smt2,sat,0.0028171539306640625
/dillig/45-17.smt2,sat,15.683540105819702
/dillig/45-9.smt2,sat,0.008244752883911133
/dillig/30-23.smt2,sat,3.8822503089904785
/dillig/10-35.smt2,sat,0.003373861312866211
/dillig/45-31.smt2,sat,41.24414134025574
/dillig/45-34.smt2,sat,116.4025239944458
/dillig/40-29.smt2,sat,15.914899110794067
/dillig/40-18.smt2,sat,36.04233121871948
/dillig/40-3.smt2,sat,0.005288839340209961
/dillig/35-33.smt2,sat,14.313622951507568
/dillig/10-36.smt2,sat,0.0036356449127197266
/dillig/20-8.smt2,sat,0.0045926570892333984
/dillig/15-7.smt2,sat,0.005838155746459961
/dillig/30-4.smt2,sat,0.02183365821838379
/dillig/30-6.smt2,sat,0.02359771728515625
/dillig/10-30.smt2,sat,0.0037186145782470703
/dillig/40-33.smt2,sat,198.46436190605164
/dillig/25-18.smt2,sat,0.36786985397338867
/dillig/30-34.smt2,sat,12.066190242767334
/dillig/30-17.smt2,sat,3.0116264820098877
/dillig/15-21.smt2,sat,0.03060150146484375
/dillig/45-22.smt2,sat,191.24611949920654
/dillig/15-5.smt2,sat,0.003579378128051758
/dillig/40-28.smt2,sat,21.886591911315918
/dillig/35-17.smt2,sat,6.212104558944702
/dillig/30-10.smt2,sat,0.005625724792480469
/dillig/30-20.smt2,sat,0.33770012855529785
/dillig/25-19.smt2,sat,0.8273756504058838
/dillig/25-8.smt2,sat,0.004869699478149414
/dillig/30-28.smt2,sat,12.37390947341919
/dillig/45-8.smt2,sat,0.005068540573120117
/dillig/35-12.smt2,sat,0.006650447845458984
/dillig/10-9.smt2,sat,0.002848386764526367
/dillig/30-14.smt2,sat,0.6196064949035645
/dillig/35-35.smt2,sat,17.80568528175354
/dillig/30-13.smt2,sat,0.27828001976013184
/dillig/40-16.smt2,sat,0.1659996509552002
/dillig/45-14.smt2,sat,0.33744144439697266
/dillig/35-15.smt2,sat,0.0357818603515625
/dillig/35-8.smt2,sat,0.03124213218688965
/dillig/35-3.smt2,sat,0.008797407150268555
/dillig/35-19.smt2,sat,0.025757312774658203
/dillig/40-25.smt2,sat,0.029329299926757812
/dillig/20-19.smt2,sat,0.08592987060546875
/dillig/35-20.smt2,sat,0.2686309814453125
/dillig/25-22.smt2,unsat,0.04426431655883789
/dillig/10-40.smt2,sat,0.0037407875061035156
/dillig/30-8.smt2,sat,0.0189211368560791
/dillig/45-28.smt2,sat,63.03554368019104
/dillig/20-4.smt2,sat,0.004938602447509766
/dillig/35-22.smt2,sat,24.87226128578186
/dillig/40-30.smt2,sat,20.346611976623535
/dillig/35-2.smt2,sat,0.015058040618896484
/dillig/30-15.smt2,sat,0.5343446731567383
/dillig/45-33.smt2,sat,176.42365717887878
/dillig/40-4.smt2,sat,0.007989645004272461
/dillig/40-32.smt2,sat,140.34304547309875
/dillig/45-35.smt2,sat,245.14155912399292
/dillig/30-25.smt2,sat,18.604686737060547
/dillig/10-41.smt2,sat,0.006194353103637695
/dillig/20-15.smt2,sat,0.08717203140258789
/dillig/35-6.smt2,sat,0.017635822296142578
/dillig/25-17.smt2,sat,0.21810436248779297
/dillig/15-1.smt2,sat,0.0036725997924804688
/dillig/40-17.smt2,sat,0.3712480068206787
/dillig/45-1.smt2,sat,0.03204011917114258
/dillig/15-13.smt2,sat,0.007852792739868164
/dillig/45-27.smt2,sat,139.4986228942871
/dillig/25-28.smt2,sat,2.33046555519104
/dillig/15-10.smt2,sat,0.003814697265625
/dillig/30-12.smt2,sat,0.05897879600524902
/dillig/15-2.smt2,sat,0.004533290863037109
/dillig/25-10.smt2,sat,0.03684234619140625
/dillig/40-34.smt2,sat,130.77684712409973
/dillig/30-29.smt2,sat,0.04667353630065918
/dillig/30-31.smt2,sat,8.355777025222778
/dillig/30-3.smt2,sat,0.005038261413574219
/dillig/25-11.smt2,sat,0.06052589416503906
/dillig/15-12.smt2,sat,0.00577998161315918
/dillig/25-12.smt2,sat,0.46112728118896484
/dillig/35-34.smt2,sat,16.54866051673889
/dillig/45-18.smt2,sat,0.1843876838684082
/dillig/25-30.smt2,sat,0.8756310939788818
/dillig/10-34.smt2,sat,0.004456758499145508
/dillig/35-32.smt2,sat,31.76938247680664
/dillig/35-25.smt2,sat,18.711549520492554
/dillig/35-26.smt2,sat,17.547744035720825
/dillig/25-33.smt2,sat,11.810686349868774
/dillig/10-21.smt2,sat,0.0039556026458740234
/dillig/35-21.smt2,sat,21.352648735046387
/dillig/45-24.smt2,sat,33.12306451797485
/dillig/35-4.smt2,sat,0.0062901973724365234
/dillig/35-29.smt2,sat,36.36658978462219
/dillig/25-9.smt2,sat,0.09432792663574219
/dillig/35-31.smt2,sat,18.771480321884155
/dillig/45-23.smt2,sat,117.07038497924805
/dillig/25-7.smt2,sat,0.021098613739013672
/dillig/25-3.smt2,sat,0.009195089340209961
/dillig/40-20.smt2,sat,0.028122425079345703
/dillig/35-16.smt2,sat,0.21924614906311035
/dillig/20-17.smt2,sat,0.11625432968139648
/dillig/40-2.smt2,sat,0.009363174438476562
/dillig/20-16.smt2,sat,0.06826138496398926
/dillig/35-27.smt2,sat,20.242725133895874
/dillig/40-31.smt2,sat,349.92914509773254
/dillig/45-4.smt2,sat,0.010596990585327148
/dillig/15-9.smt2,sat,0.004561185836791992
/dillig/30-19.smt2,sat,0.06534957885742188
/dillig/40-12.smt2,sat,14.660714387893677
/dillig/45-2.smt2,sat,0.006138324737548828
/dillig/35-30.smt2,sat,14.271928787231445
/dillig/45-5.smt2,sat,0.019374847412109375
/dillig/40-19.smt2,sat,49.64343881607056
/dillig/45-26.smt2,sat,234.67671608924866
/dillig/25-16.smt2,sat,0.41478395462036133
/dillig/40-9.smt2,sat,0.00458526611328125
/dillig/20-1.smt2,sat,0.003551006317138672
/dillig/40-10.smt2,sat,0.005054950714111328
/dillig/30-7.smt2,sat,0.006052255630493164
/dillig/40-26.smt2,sat,119.9963161945343
/dillig/10-37.smt2,sat,0.0037348270416259766
/dillig/40-6.smt2,sat,0.02275252342224121
/rings/ring_2exp8_6vars_2ite_unsat.smt2,unsat,0.03800773620605469
/rings/ring_2exp14_9vars_8ite_unsat.smt2,failed,1200.0
/rings/ring_2exp8_6vars_4ite_unsat.smt2,unsat,0.3626101016998291
/rings/ring_2exp12_3vars_0ite_unsat.smt2,unsat,0.005964517593383789
/rings/ring_2exp6_6vars_5ite_unsat.smt2,unsat,3.1441426277160645
/rings/ring_2exp10_9vars_2ite_unsat.smt2,unsat,0.07143282890319824
/rings/ring_2exp14_9vars_6ite_unsat.smt2,unsat,34.696019887924194
/rings/ring_2exp16_4vars_1ite_unsat.smt2,unsat,0.05604290962219238
/rings/ring_2exp10_7vars_1ite_unsat.smt2,unsat,0.010266542434692383
/rings/ring_2exp10_3vars_1ite_unsat.smt2,unsat,0.006336688995361328
/rings/ring_2exp16_9vars_1ite_unsat.smt2,unsat,0.016435861587524414
/rings/ring_2exp14_8vars_4ite_unsat.smt2,unsat,0.3540811538696289
/rings/ring_2exp8_7vars_5ite_unsat.smt2,unsat,0.5046422481536865
/rings/ring_2exp4_4vars_3ite_unsat.smt2,unsat,0.05852460861206055
/rings/ring_2exp14_6vars_0ite_unsat.smt2,unsat,0.006145477294921875
/rings/ring_2exp16_4vars_3ite_unsat.smt2,unsat,0.010086297988891602
/rings/ring_2exp4_6vars_5ite_unsat.smt2,unsat,2.153588056564331
/rings/ring_2exp12_7vars_4ite_unsat.smt2,unsat,0.15877723693847656
/rings/ring_2exp4_8vars_1ite_unsat.smt2,unsat,0.0981137752532959
/rings/ring_2exp4_9vars_8ite_unsat.smt2,unsat,562.7015891075134
/rings/ring_2exp12_5vars_3ite_unsat.smt2,unsat,0.04012894630432129
/rings/ring_2exp14_5vars_2ite_unsat.smt2,unsat,0.03794145584106445
/rings/ring_2exp8_6vars_5ite_unsat.smt2,unsat,7.246561527252197
/rings/ring_2exp16_9vars_3ite_unsat.smt2,unsat,0.07291340827941895
/rings/ring_2exp4_9vars_0ite_unsat.smt2,unsat,0.008132457733154297
/rings/ring_2exp10_7vars_5ite_unsat.smt2,unsat,0.42606472969055176
/rings/ring_2exp10_9vars_0ite_unsat.smt2,unsat,0.008259296417236328
/rings/ring_2exp10_7vars_6ite_unsat.smt2,unsat,167.96885704994202
/rings/ring_2exp8_4vars_1ite_unsat.smt2,unsat,0.055937767028808594
/rings/ring_2exp6_6vars_1ite_unsat.smt2,unsat,0.007604837417602539
/rings/ring_2exp12_9vars_4ite_unsat.smt2,unsat,0.5146369934082031
/rings/ring_2exp14_8vars_3ite_unsat.smt2,unsat,0.05510997772216797
/rings/ring_2exp14_7vars_6ite_unsat.smt2,unsat,58.77704429626465
/rings/ring_2exp16_6vars_1ite_unsat.smt2,unsat,0.008507728576660156
/rings/ring_2exp12_6vars_3ite_unsat.smt2,unsat,0.0441586971282959
/rings/ring_2exp6_5vars_2ite_unsat.smt2,unsat,0.039138078689575195
/rings/ring_2exp8_5vars_0ite_unsat.smt2,unsat,0.0045583248138427734
/rings/ring_2exp8_8vars_0ite_unsat.smt2,unsat,0.006585597991943359
/rings/ring_2exp8_5vars_1ite_unsat.smt2,unsat,0.006790876388549805
/rings/ring_2exp12_9vars_2ite_unsat.smt2,unsat,0.06887412071228027
/rings/ring_2exp14_6vars_3ite_unsat.smt2,unsat,0.05187654495239258
/rings/ring_2exp6_9vars_2ite_unsat.smt2,unsat,0.13863110542297363
/rings/ring_2exp14_6vars_5ite_unsat.smt2,unsat,6.140790224075317
/rings/ring_2exp16_8vars_6ite_unsat.smt2,unsat,64.40950632095337
/rings/ring_2exp12_6vars_2ite_unsat.smt2,unsat,0.022263526916503906
/rings/ring_2exp16_8vars_3ite_unsat.smt2,unsat,0.05617403984069824
/rings/ring_2exp4_7vars_3ite_unsat.smt2,unsat,0.08273816108703613
/rings/ring_2exp10_4vars_0ite_unsat.smt2,unsat,0.004346132278442383
/rings/ring_2exp14_4vars_0ite_unsat.smt2,unsat,0.007248640060424805
/rings/ring_2exp10_8vars_4ite_unsat.smt2,unsat,0.14872026443481445
/rings/ring_2exp6_4vars_2ite_unsat.smt2,unsat,0.018579483032226562
/rings/ring_2exp10_5vars_1ite_unsat.smt2,unsat,0.006501197814941406
/rings/ring_2exp16_6vars_2ite_unsat.smt2,unsat,0.02273392677307129
/rings/ring_2exp6_9vars_6ite_unsat.smt2,unsat,988.4271059036255
/rings/ring_2exp6_9vars_0ite_unsat.smt2,unsat,0.00931406021118164
/rings/ring_2exp6_5vars_3ite_unsat.smt2,unsat,0.11419248580932617
/rings/ring_2exp14_7vars_4ite_unsat.smt2,unsat,0.14807844161987305
/rings/ring_2exp16_5vars_4ite_unsat.smt2,unsat,0.10724878311157227
/rings/ring_2exp6_7vars_0ite_unsat.smt2,unsat,0.006055116653442383
/rings/ring_2exp12_7vars_3ite_unsat.smt2,unsat,0.05069327354431152
/rings/ring_2exp16_9vars_6ite_unsat.smt2,unsat,14.917018413543701
/rings/ring_2exp10_6vars_5ite_unsat.smt2,unsat,0.691535234451294
/rings/ring_2exp10_4vars_2ite_unsat.smt2,unsat,0.016970157623291016
/rings/ring_2exp4_6vars_3ite_unsat.smt2,unsat,1.7288362979888916
/rings/ring_2exp6_7vars_2ite_unsat.smt2,unsat,0.053328514099121094
/rings/ring_2exp6_7vars_6ite_unsat.smt2,unsat,41.62051463127136
/rings/ring_2exp8_3vars_2ite_unsat.smt2,unsat,0.006020784378051758
/rings/ring_2exp4_9vars_4ite_unsat.smt2,unsat,1.6799111366271973
/rings/ring_2exp6_9vars_8ite_unsat.smt2,failed,1200.0
/rings/ring_2exp4_7vars_4ite_unsat.smt2,unsat,2.89736270904541
/rings/ring_2exp12_9vars_6ite_unsat.smt2,unsat,19.1183443069458
/rings/ring_2exp8_8vars_3ite_unsat.smt2,unsat,0.04855060577392578
/rings/ring_2exp4_7vars_5ite_unsat.smt2,unsat,5.486499547958374
/rings/ring_2exp14_5vars_3ite_unsat.smt2,unsat,0.04282212257385254
/rings/ring_2exp12_8vars_5ite_unsat.smt2,unsat,0.5995380878448486
/rings/ring_2exp8_7vars_6ite_unsat.smt2,unsat,13.010436534881592
/rings/ring_2exp4_8vars_7ite_unsat.smt2,unsat,19.860143423080444
/rings/ring_2exp8_9vars_2ite_unsat.smt2,unsat,0.027959108352661133
/rings/ring_2exp12_9vars_8ite_unsat.smt2,failed,1200.0
/rings/ring_2exp6_3vars_0ite_unsat.smt2,unsat,0.00432133674621582
/rings/ring_2exp14_7vars_3ite_unsat.smt2,unsat,0.04169821739196777
/rings/ring_2exp4_9vars_3ite_unsat.smt2,unsat,0.0781257152557373
/rings/ring_2exp10_8vars_2ite_unsat.smt2,unsat,0.08393979072570801
/rings/ring_2exp8_8vars_1ite_unsat.smt2,unsat,0.012881040573120117
/rings/ring_2exp10_8vars_0ite_unsat.smt2,unsat,0.00845789909362793
/rings/ring_2exp10_9vars_8ite_unsat.smt2,failed,1200.0
/rings/ring_2exp16_8vars_7ite_unsat.smt2,unsat,818.9298846721649
/rings/ring_2exp10_8vars_6ite_unsat.smt2,unsat,22.18156337738037
/rings/ring_2exp16_9vars_8ite_unsat.smt2,failed,1200.0
/rings/ring_2exp8_7vars_4ite_unsat.smt2,unsat,0.11395478248596191
/rings/ring_2exp16_8vars_1ite_unsat.smt2,unsat,0.014570474624633789
/rings/ring_2exp6_5vars_4ite_unsat.smt2,unsat,0.9283456802368164
/rings/ring_2exp4_8vars_4ite_unsat.smt2,unsat,3.008512020111084
/rings/ring_2exp14_8vars_7ite_unsat.smt2,unsat,1039.4173295497894
/rings/ring_2exp12_3vars_2ite_unsat.smt2,unsat,0.006466865539550781
/rings/ring_2exp12_4vars_2ite_unsat.smt2,unsat,0.01911306381225586
/rings/ring_2exp8_6vars_0ite_unsat.smt2,unsat,0.008322000503540039
/rings/ring_2exp16_7vars_2ite_unsat.smt2,unsat,0.029923200607299805
/rings/ring_2exp4_3vars_2ite_unsat.smt2,unsat,0.008208751678466797
/rings/ring_2exp10_9vars_3ite_unsat.smt2,unsat,0.06356644630432129
/rings/ring_2exp16_5vars_0ite_unsat.smt2,unsat,0.006357669830322266
/rings/ring_2exp14_7vars_0ite_unsat.smt2,unsat,0.006536960601806641
/rings/ring_2exp12_9vars_0ite_unsat.smt2,unsat,0.00976872444152832
/rings/ring_2exp14_3vars_2ite_unsat.smt2,unsat,0.005427837371826172
/rings/ring_2exp16_9vars_5ite_unsat.smt2,unsat,0.5209810733795166
/rings/ring_2exp10_8vars_3ite_unsat.smt2,unsat,0.06321024894714355
/rings/ring_2exp6_7vars_1ite_unsat.smt2,unsat,0.008564949035644531
/rings/ring_2exp4_5vars_0ite_unsat.smt2,unsat,0.0067369937896728516
/rings/ring_2exp8_9vars_3ite_unsat.smt2,unsat,0.0910484790802002
/rings/ring_2exp10_9vars_6ite_unsat.smt2,unsat,291.94558787345886
/rings/ring_2exp16_4vars_2ite_unsat.smt2,unsat,0.01879715919494629
/rings/ring_2exp16_5vars_1ite_unsat.smt2,unsat,0.006210803985595703
/rings/ring_2exp4_8vars_5ite_unsat.smt2,unsat,31.985876321792603
/rings/ring_2exp12_8vars_1ite_unsat.smt2,unsat,0.014766931533813477
/rings/ring_2exp4_3vars_0ite_unsat.smt2,unsat,0.004167079925537109
/rings/ring_2exp14_5vars_0ite_unsat.smt2,unsat,0.005356550216674805
/rings/ring_2exp6_9vars_1ite_unsat.smt2,unsat,0.0961000919342041
/rings/ring_2exp4_9vars_6ite_unsat.smt2,unsat,22.242172479629517
/rings/ring_2exp14_6vars_4ite_unsat.smt2,unsat,0.14557743072509766
/rings/ring_2exp16_8vars_0ite_unsat.smt2,unsat,0.008083581924438477
/rings/ring_2exp16_8vars_5ite_unsat.smt2,unsat,0.3998439311981201
/rings/ring_2exp12_7vars_0ite_unsat.smt2,unsat,0.007857561111450195
/rings/ring_2exp8_5vars_2ite_unsat.smt2,unsat,0.03883528709411621
/rings/ring_2exp14_4vars_1ite_unsat.smt2,unsat,0.05432772636413574
/rings/ring_2exp4_8vars_6ite_unsat.smt2,unsat,24.80345630645752
/rings/ring_2exp4_6vars_4ite_unsat.smt2,unsat,1.8919272422790527
/rings/ring_2exp8_5vars_4ite_unsat.smt2,unsat,0.13025546073913574
/rings/ring_2exp12_7vars_2ite_unsat.smt2,unsat,0.028815746307373047
/rings/ring_2exp12_9vars_5ite_unsat.smt2,unsat,0.5410451889038086
/rings/ring_2exp4_8vars_2ite_unsat.smt2,unsat,0.038587093353271484
/rings/ring_2exp4_6vars_2ite_unsat.smt2,unsat,0.06429028511047363
/rings/ring_2exp4_9vars_2ite_unsat.smt2,unsat,0.0211639404296875
/rings/ring_2exp12_8vars_4ite_unsat.smt2,unsat,0.26667261123657227
/rings/ring_2exp10_7vars_4ite_unsat.smt2,unsat,0.22792434692382812
/rings/ring_2exp12_8vars_3ite_unsat.smt2,unsat,0.04518914222717285
/rings/ring_2exp10_5vars_2ite_unsat.smt2,unsat,0.038524627685546875
/rings/ring_2exp14_8vars_2ite_unsat.smt2,unsat,0.04798603057861328
/rings/ring_2exp6_7vars_3ite_unsat.smt2,unsat,0.06881499290466309
/rings/ring_2exp6_8vars_4ite_unsat.smt2,unsat,0.1537306308746338
/rings/ring_2exp8_9vars_6ite_unsat.smt2,unsat,203.93017864227295
/rings/ring_2exp8_8vars_7ite_unsat.smt2,unsat,211.85216879844666
/rings/ring_2exp4_7vars_0ite_unsat.smt2,unsat,0.006662607192993164
/rings/ring_2exp6_6vars_3ite_unsat.smt2,unsat,0.06653571128845215
/rings/ring_2exp14_5vars_1ite_unsat.smt2,unsat,0.0062923431396484375
/rings/ring_2exp4_4vars_1ite_unsat.smt2,unsat,0.0426790714263916
/rings/ring_2exp8_7vars_3ite_unsat.smt2,unsat,0.0416715145111084
/rings/ring_2exp4_3vars_1ite_unsat.smt2,unsat,0.005616664886474609
/rings/ring_2exp10_9vars_7ite_unsat.smt2,failed,1200.0
/rings/ring_2exp6_5vars_0ite_unsat.smt2,unsat,0.0050280094146728516
/rings/ring_2exp6_9vars_5ite_unsat.smt2,unsat,0.8306772708892822
/rings/ring_2exp8_7vars_2ite_unsat.smt2,unsat,0.033544063568115234
/rings/ring_2exp10_6vars_2ite_unsat.smt2,unsat,0.02510213851928711
/rings/ring_2exp4_6vars_1ite_unsat.smt2,unsat,0.05594277381896973
/rings/ring_2exp4_5vars_1ite_unsat.smt2,unsat,0.007265806198120117
/rings/ring_2exp8_9vars_8ite_unsat.smt2,failed,1200.0
/rings/ring_2exp14_8vars_1ite_unsat.smt2,unsat,0.014805793762207031
/rings/ring_2exp4_7vars_2ite_unsat.smt2,unsat,0.05274248123168945
/rings/ring_2exp10_8vars_7ite_unsat.smt2,unsat,582.5164914131165
/rings/ring_2exp14_4vars_3ite_unsat.smt2,unsat,0.00869894027709961
/rings/ring_2exp10_3vars_0ite_unsat.smt2,unsat,0.005135536193847656
/rings/ring_2exp10_8vars_1ite_unsat.smt2,unsat,0.014775514602661133
/rings/ring_2exp10_9vars_4ite_unsat.smt2,unsat,0.42858076095581055
/rings/ring_2exp6_7vars_5ite_unsat.smt2,unsat,151.93072748184204
/rings/ring_2exp6_4vars_0ite_unsat.smt2,unsat,0.006186723709106445
/rings/ring_2exp12_4vars_3ite_unsat.smt2,unsat,0.01072239875793457
/rings/ring_2exp8_3vars_1ite_unsat.smt2,unsat,0.006715536117553711
/rings/ring_2exp12_9vars_7ite_unsat.smt2,unsat,82.0452172756195
/rings/ring_2exp16_6vars_3ite_unsat.smt2,unsat,0.04505610466003418
/rings/ring_2exp10_6vars_1ite_unsat.smt2,unsat,0.00830984115600586
/rings/ring_2exp6_6vars_0ite_unsat.smt2,unsat,0.005126476287841797
/rings/ring_2exp16_5vars_3ite_unsat.smt2,unsat,0.03905797004699707
/rings/ring_2exp16_8vars_4ite_unsat.smt2,unsat,0.35911011695861816
/rings/ring_2exp10_3vars_2ite_unsat.smt2,unsat,0.007203102111816406
/rings/ring_2exp6_4vars_3ite_unsat.smt2,unsat,0.009623050689697266
/rings/ring_2exp12_8vars_2ite_unsat.smt2,unsat,0.06432271003723145
/rings/ring_2exp16_6vars_5ite_unsat.smt2,unsat,12.530975580215454
/rings/ring_2exp8_8vars_4ite_unsat.smt2,unsat,0.24592900276184082
/rings/ring_2exp8_4vars_0ite_unsat.smt2,unsat,0.004810333251953125
/rings/ring_2exp16_6vars_4ite_unsat.smt2,unsat,0.2191634178161621
/rings/ring_2exp10_9vars_1ite_unsat.smt2,unsat,0.01810312271118164
/rings/ring_2exp8_8vars_2ite_unsat.smt2,unsat,0.044554710388183594
/rings/ring_2exp16_4vars_0ite_unsat.smt2,unsat,0.00396418571472168
/rings/ring_2exp12_7vars_5ite_unsat.smt2,unsat,0.3895416259765625
/rings/ring_2exp14_3vars_1ite_unsat.smt2,unsat,0.00682520866394043
/rings/ring_2exp14_9vars_4ite_unsat.smt2,unsat,0.3350989818572998
/rings/ring_2exp12_5vars_0ite_unsat.smt2,unsat,0.004876136779785156
/rings/ring_2exp10_7vars_3ite_unsat.smt2,unsat,0.04912996292114258
/rings/ring_2exp14_9vars_1ite_unsat.smt2,unsat,0.01653146743774414
/rings/ring_2exp8_9vars_5ite_unsat.smt2,unsat,0.6895103454589844
/rings/ring_2exp12_7vars_6ite_unsat.smt2,unsat,372.4697229862213
/rings/ring_2exp14_4vars_2ite_unsat.smt2,unsat,0.01933455467224121
/rings/ring_2exp8_8vars_6ite_unsat.smt2,unsat,45.719481468200684
/rings/ring_2exp6_8vars_2ite_unsat.smt2,unsat,0.0785818099975586
/rings/ring_2exp6_9vars_4ite_unsat.smt2,unsat,0.29408836364746094
/rings/ring_2exp12_8vars_6ite_unsat.smt2,unsat,74.19065976142883
/rings/ring_2exp6_9vars_7ite_unsat.smt2,failed,1200.0
/rings/ring_2exp14_6vars_1ite_unsat.smt2,unsat,0.008780717849731445
/rings/ring_2exp10_9vars_5ite_unsat.smt2,unsat,0.42823028564453125
/rings/ring_2exp4_9vars_7ite_unsat.smt2,unsat,83.76656103134155
/rings/ring_2exp10_4vars_1ite_unsat.smt2,unsat,0.056601524353027344
/rings/ring_2exp8_9vars_1ite_unsat.smt2,unsat,0.022908449172973633
/rings/ring_2exp14_8vars_5ite_unsat.smt2,unsat,0.6074550151824951
/rings/ring_2exp10_5vars_0ite_unsat.smt2,unsat,0.005791664123535156
/rings/ring_2exp14_7vars_1ite_unsat.smt2,unsat,0.009943485260009766
/rings/ring_2exp14_9vars_3ite_unsat.smt2,unsat,0.08028030395507812
/rings/ring_2exp6_9vars_3ite_unsat.smt2,unsat,0.36954164505004883
/rings/ring_2exp8_9vars_0ite_unsat.smt2,unsat,0.00867462158203125
/rings/ring_2exp14_5vars_4ite_unsat.smt2,unsat,0.1507892608642578
/rings/ring_2exp16_9vars_4ite_unsat.smt2,unsat,0.3870871067047119
/rings/ring_2exp16_5vars_2ite_unsat.smt2,unsat,0.037353515625
/rings/ring_2exp6_8vars_3ite_unsat.smt2,unsat,0.04835963249206543
/rings/ring_2exp6_8vars_7ite_unsat.smt2,unsat,480.46830916404724
/rings/ring_2exp4_5vars_2ite_unsat.smt2,unsat,0.02353644371032715
/rings/ring_2exp16_3vars_1ite_unsat.smt2,unsat,0.007203817367553711
/rings/ring_2exp16_7vars_1ite_unsat.smt2,unsat,0.009854316711425781
/rings/ring_2exp6_7vars_4ite_unsat.smt2,unsat,0.520789623260498
/rings/ring_2exp14_9vars_7ite_unsat.smt2,unsat,488.96896529197693
/rings/ring_2exp12_5vars_1ite_unsat.smt2,unsat,0.006857872009277344
/rings/ring_2exp16_3vars_2ite_unsat.smt2,unsat,0.007725238800048828
/rings/ring_2exp16_7vars_4ite_unsat.smt2,unsat,0.15952157974243164
/rings/ring_2exp12_6vars_1ite_unsat.smt2,unsat,0.007705211639404297
/rings/ring_2exp16_9vars_0ite_unsat.smt2,unsat,0.008472919464111328
/rings/ring_2exp4_7vars_1ite_unsat.smt2,unsat,0.03755807876586914
/rings/ring_2exp14_9vars_2ite_unsat.smt2,unsat,0.10482168197631836
/rings/ring_2exp12_9vars_3ite_unsat.smt2,unsat,0.05897998809814453
/rings/ring_2exp12_9vars_1ite_unsat.smt2,unsat,0.017591238021850586
/rings/ring_2exp8_3vars_0ite_unsat.smt2,unsat,0.003996849060058594
/rings/ring_2exp16_9vars_7ite_unsat.smt2,unsat,205.87877988815308
/rings/ring_2exp6_4vars_1ite_unsat.smt2,unsat,0.05601382255554199
/rings/ring_2exp4_4vars_2ite_unsat.smt2,unsat,0.05402088165283203
/rings/ring_2exp14_9vars_0ite_unsat.smt2,unsat,0.009140253067016602
/rings/ring_2exp16_7vars_0ite_unsat.smt2,unsat,0.006766557693481445
/rings/ring_2exp4_9vars_5ite_unsat.smt2,unsat,8.202840566635132
/rings/ring_2exp6_8vars_1ite_unsat.smt2,unsat,0.011018514633178711
/rings/ring_2exp16_9vars_2ite_unsat.smt2,unsat,0.10383009910583496
/rings/ring_2exp16_7vars_3ite_unsat.smt2,unsat,0.06661558151245117
/rings/ring_2exp8_8vars_5ite_unsat.smt2,unsat,1.1573667526245117
/rings/ring_2exp4_6vars_0ite_unsat.smt2,unsat,0.006394863128662109
/rings/ring_2exp4_5vars_3ite_unsat.smt2,unsat,0.0355837345123291
/rings/ring_2exp10_5vars_4ite_unsat.smt2,unsat,0.11108279228210449
/rings/ring_2exp10_6vars_4ite_unsat.smt2,unsat,0.13804268836975098
/rings/ring_2exp10_6vars_0ite_unsat.smt2,unsat,0.006786346435546875
/rings/ring_2exp12_6vars_4ite_unsat.smt2,unsat,0.15093612670898438
/rings/ring_2exp14_9vars_5ite_unsat.smt2,unsat,0.4585838317871094
/rings/ring_2exp12_3vars_1ite_unsat.smt2,unsat,0.0066487789154052734
/rings/ring_2exp8_4vars_3ite_unsat.smt2,unsat,0.009835481643676758
/rings/ring_2exp8_7vars_1ite_unsat.smt2,unsat,0.008631229400634766
/rings/ring_2exp8_6vars_1ite_unsat.smt2,unsat,0.00885009765625
/rings/ring_2exp10_7vars_2ite_unsat.smt2,unsat,0.04188656806945801
/rings/ring_2exp8_9vars_7ite_unsat.smt2,failed,1200.0
/rings/ring_2exp12_5vars_2ite_unsat.smt2,unsat,0.03856658935546875
/rings/ring_2exp14_6vars_2ite_unsat.smt2,unsat,0.022867918014526367
/rings/ring_2exp8_9vars_4ite_unsat.smt2,unsat,0.6687211990356445
/rings/ring_2exp6_3vars_2ite_unsat.smt2,unsat,0.0068874359130859375
/rings/ring_2exp4_4vars_0ite_unsat.smt2,unsat,0.0042552947998046875
/rings/ring_2exp6_3vars_1ite_unsat.smt2,unsat,0.006709098815917969
/rings/ring_2exp10_7vars_0ite_unsat.smt2,unsat,0.006688833236694336
/rings/ring_2exp12_4vars_1ite_unsat.smt2,unsat,0.05642890930175781
/rings/ring_2exp6_8vars_6ite_unsat.smt2,unsat,289.8326964378357
/rings/ring_2exp4_8vars_3ite_unsat.smt2,unsat,0.30629467964172363
/rings/ring_2exp12_8vars_7ite_unsat.smt2,unsat,398.60798168182373
/rings/ring_2exp8_7vars_0ite_unsat.smt2,unsat,0.006561756134033203
/rings/ring_2exp14_8vars_0ite_unsat.smt2,unsat,0.007552623748779297
/rings/ring_2exp12_8vars_0ite_unsat.smt2,unsat,0.006507158279418945
/rings/ring_2exp8_5vars_3ite_unsat.smt2,unsat,0.037374019622802734
/rings/ring_2exp10_6vars_3ite_unsat.smt2,unsat,0.042589426040649414
/rings/ring_2exp12_4vars_0ite_unsat.smt2,unsat,0.005260467529296875
/rings/ring_2exp12_6vars_0ite_unsat.smt2,unsat,0.005141496658325195
/rings/ring_2exp4_7vars_6ite_unsat.smt2,unsat,13.87980604171753
/rings/ring_2exp14_8vars_6ite_unsat.smt2,unsat,29.361992120742798
/rings/ring_2exp6_8vars_0ite_unsat.smt2,unsat,0.005117654800415039
/rings/ring_2exp14_3vars_0ite_unsat.smt2,unsat,0.0033707618713378906
/rings/ring_2exp12_5vars_4ite_unsat.smt2,unsat,0.08031177520751953
/rings/ring_2exp12_6vars_5ite_unsat.smt2,unsat,11.618363380432129
/rings/ring_2exp10_4vars_3ite_unsat.smt2,unsat,0.010329008102416992
/rings/ring_2exp8_4vars_2ite_unsat.smt2,unsat,0.01698136329650879
/rings/ring_2exp16_7vars_5ite_unsat.smt2,unsat,0.3328418731689453
/rings/ring_2exp6_6vars_2ite_unsat.smt2,unsat,0.027460575103759766
/rings/ring_2exp14_7vars_2ite_unsat.smt2,unsat,0.030101537704467773
/rings/ring_2exp16_3vars_0ite_unsat.smt2,unsat,0.004115581512451172
/rings/ring_2exp10_8vars_5ite_unsat.smt2,unsat,0.642589807510376
/rings/ring_2exp16_8vars_2ite_unsat.smt2,unsat,0.05169367790222168
/rings/ring_2exp6_5vars_1ite_unsat.smt2,unsat,0.007832050323486328
/rings/ring_2exp12_7vars_1ite_unsat.smt2,unsat,0.009045839309692383
/rings/ring_2exp14_7vars_5ite_unsat.smt2,unsat,0.3186624050140381
/rings/ring_2exp10_5vars_3ite_unsat.smt2,unsat,0.03794455528259277
/rings/ring_2exp4_9vars_1ite_unsat.smt2,unsat,0.10572671890258789
/rings/ring_2exp8_6vars_3ite_unsat.smt2,unsat,0.04895210266113281
/rings/ring_2exp6_8vars_5ite_unsat.smt2,unsat,2.0083675384521484
/rings/ring_2exp4_5vars_4ite_unsat.smt2,unsat,0.5252485275268555
/rings/ring_2exp16_7vars_6ite_unsat.smt2,unsat,4.537359952926636
/rings/ring_2exp4_8vars_0ite_unsat.smt2,unsat,0.0069158077239990234
/rings/ring_2exp16_6vars_0ite_unsat.smt2,unsat,0.007974386215209961
/rings/ring_2exp6_6vars_4ite_unsat.smt2,unsat,0.14771628379821777
/tightrhombus/tightrhombus-273-245-5.smt2,unsat,0.029059171676635742
/tightrhombus/tightrhombus-273-245-0.smt2,unsat,0.005395174026489258
/tightrhombus/tightrhombus-283-245-4.smt2,unsat,0.16535139083862305
/tightrhombus/tightrhombus-283-245-10.smt2,unsat,0.10890793800354004
/tightrhombus/tightrhombus-283-245-1.smt2,unsat,0.005026817321777344
/tightrhombus/tightrhombus-283-245-3.smt2,unsat,0.06726431846618652
/tightrhombus/tightrhombus-283-245-7.smt2,unsat,0.05002641677856445
/tightrhombus/tightrhombus-273-245-6.smt2,unsat,0.03825974464416504
/tightrhombus/tightrhombus-273-245-8.smt2,unsat,0.04616403579711914
/tightrhombus/tightrhombus-283-245-8.smt2,unsat,0.024840116500854492
/tightrhombus/tightrhombus-273-245-1.smt2,unsat,0.005212545394897461
/tightrhombus/tightrhombus-283-245-0.smt2,unsat,0.004739999771118164
/tightrhombus/tightrhombus-273-245-7.smt2,unsat,0.07554268836975098
/tightrhombus/tightrhombus-273-245-4.smt2,unsat,0.02457118034362793
/tightrhombus/tightrhombus-273-245-10.smt2,unsat,0.02724599838256836
/tightrhombus/tightrhombus-273-245-2.smt2,unsat,0.03370308876037598
/tightrhombus/tightrhombus-283-245-9.smt2,unsat,0.19808316230773926
/tightrhombus/tightrhombus-283-245-5.smt2,unsat,0.1320044994354248
/tightrhombus/tightrhombus-273-245-9.smt2,unsat,0.04585075378417969
/tightrhombus/tightrhombus-283-245-2.smt2,unsat,0.02444171905517578
/tightrhombus/tightrhombus-273-245-3.smt2,unsat,0.02467966079711914
/tightrhombus/tightrhombus-283-245-6.smt2,unsat,0.13712334632873535
/prime-cone/prime_cone_unsat_7.smt2,unsat,0.005307912826538086
/prime-cone/prime_cone_unsat_13.smt2,unsat,0.007051229476928711
/prime-cone/prime_cone_sat_2.smt2,sat,0.0032854080200195312
/prime-cone/prime_cone_unsat_19.smt2,unsat,0.013281583786010742
/prime-cone/prime_cone_sat_3.smt2,sat,0.002347230911254883
/prime-cone/prime_cone_unsat_17.smt2,unsat,0.011851787567138672
/prime-cone/prime_cone_unsat_8.smt2,unsat,0.005776882171630859
/prime-cone/prime_cone_unsat_10.smt2,unsat,0.005968809127807617
/prime-cone/prime_cone_sat_8.smt2,sat,0.0036122798919677734
/prime-cone/prime_cone_unsat_4.smt2,unsat,0.0033845901489257812
/prime-cone/prime_cone_sat_20.smt2,sat,0.06519937515258789
/prime-cone/prime_cone_sat_17.smt2,sat,0.018847942352294922
/prime-cone/prime_cone_sat_19.smt2,sat,0.015466451644897461
/prime-cone/prime_cone_sat_16.smt2,sat,0.021199703216552734
/prime-cone/prime_cone_sat_12.smt2,sat,0.009327411651611328
/prime-cone/prime_cone_unsat_12.smt2,unsat,0.006637096405029297
/prime-cone/prime_cone_sat_14.smt2,sat,0.02043914794921875
/prime-cone/prime_cone_sat_10.smt2,sat,0.005421876907348633
/prime-cone/prime_cone_sat_5.smt2,sat,0.0032091140747070312
/prime-cone/prime_cone_unsat_11.smt2,unsat,0.005561113357543945
/prime-cone/prime_cone_unsat_5.smt2,unsat,0.004736423492431641
/prime-cone/prime_cone_unsat_3.smt2,unsat,0.0040357112884521484
/prime-cone/prime_cone_sat_18.smt2,sat,0.02581644058227539
/prime-cone/prime_cone_unsat_14.smt2,unsat,0.007724285125732422
/prime-cone/prime_cone_unsat_15.smt2,unsat,0.011115789413452148
/prime-cone/prime_cone_sat_13.smt2,sat,0.006855964660644531
/prime-cone/prime_cone_sat_4.smt2,sat,0.004843235015869141
/prime-cone/prime_cone_unsat_6.smt2,unsat,0.003843545913696289
/prime-cone/prime_cone_unsat_20.smt2,unsat,0.011355876922607422
/prime-cone/prime_cone_sat_6.smt2,sat,0.006819486618041992
/prime-cone/prime_cone_sat_11.smt2,sat,0.021617889404296875
/prime-cone/prime_cone_unsat_9.smt2,unsat,0.005652189254760742
/prime-cone/prime_cone_sat_15.smt2,sat,0.013059616088867188
/prime-cone/prime_cone_sat_7.smt2,sat,0.008347034454345703
/prime-cone/prime_cone_unsat_18.smt2,unsat,0.013302803039550781
/prime-cone/prime_cone_sat_9.smt2,sat,0.004009246826171875
/prime-cone/prime_cone_unsat_16.smt2,unsat,0.011538028717041016
/miplib2003/seymour.sat.smt2,sat,0.16707396507263184
/miplib2003/p2756.sat.smt2,sat,1.7232849597930908
/miplib2003/stp3d.sat.smt2,failed,1200.0
/miplib2003/mzzv42z.sat.smt2,sat,1.1260085105895996
/miplib2003/harp2.sat.smt2,sat,0.10085415840148926
/miplib2003/manna81.sat.smt2,sat,0.18967366218566895
/miplib2003/air04.sat.smt2,failed,1200.0
/miplib2003/disctom.sat.smt2,failed,1200.0
/miplib2003/mzzv11.sat.smt2,sat,1.0251855850219727
/miplib2003/air05.sat.smt2,sat,2.2987287044525146
/miplib2003/nw04.sat.smt2,sat,8.433677673339844
/miplib2003/ds.sat.smt2,sat,10.945509195327759
/miplib2003/cap6000.sat.smt2,sat,0.43407320976257324
/miplib2003/protfold.sat.smt2,sat,4.878994464874268
/miplib2003/fast0507.sat.smt2,sat,3.1514651775360107
/miplib2003/sp97ar.sat.smt2,sat,331.87874698638916
/20210219-Dartagnan/ConcurrencySafety-Main/04_incdec_cas-O0.smt2,failed,1200.0
/20210219-Dartagnan/ConcurrencySafety-Main/race-4_2-thread_local_vars-O0.smt2,sat,3.471784830093384
/20210219-Dartagnan/ConcurrencySafety-Main/race-4_1-thread_local_vars-O0.smt2,sat,2.4042489528656006
/20210219-Dartagnan/ConcurrencySafety-Main/stack_longest-1-O0.smt2,sat,35.82492208480835
/20210219-Dartagnan/ConcurrencySafety-Main/race-1_1-join-O0.smt2,unsat,0.16664743423461914
/20210219-Dartagnan/ConcurrencySafety-Main/38_rand_cas_vs_concur-O0.smt2,failed,1200.0
/20210219-Dartagnan/ConcurrencySafety-Main/45_monabsex1_vs-O0.smt2,unsat,1.284440517425537
/20210219-Dartagnan/ConcurrencySafety-Main/fib_bench_longer-1-O0.smt2,failed,1200.0
/20210219-Dartagnan/ConcurrencySafety-Main/fib_bench-1-O0.smt2,failed,1200.0
/20210219-Dartagnan/ConcurrencySafety-Main/03_incdec-O0.smt2,failed,1200.0
/20210219-Dartagnan/ConcurrencySafety-Main/fib_bench_longest-2-O0.smt2,unsat,910.7770183086395
/20210219-Dartagnan/ConcurrencySafety-Main/fib_bench_longest-1-O0.smt2,unsat,893.7610285282135
/20210219-Dartagnan/ConcurrencySafety-Main/26_stack_cas-O0.smt2,failed,1200.0
/20210219-Dartagnan/ConcurrencySafety-Main/stack_longer-1-O0.smt2,sat,27.950857639312744
/20210219-Dartagnan/ConcurrencySafety-Main/44_Solaris_space_map_sliced-O0.smt2,unsat,13.50795316696167
/20210219-Dartagnan/ConcurrencySafety-Main/stack-1-O0.smt2,unsat,12.670876264572144
/20210219-Dartagnan/ConcurrencySafety-Main/stack_longest-2-O0.smt2,unsat,110.6850938796997
/20210219-Dartagnan/ConcurrencySafety-Main/qrcu-2-O0.smt2,sat,3.84619402885437
/20210219-Dartagnan/ConcurrencySafety-Main/fib_bench_longer-2-O0.smt2,sat,52.213343143463135
/20210219-Dartagnan/ConcurrencySafety-Main/stack_longer-2-O0.smt2,unsat,46.31535291671753
/20210219-Dartagnan/ConcurrencySafety-Main/32_pthread5_vs-O0.smt2,failed,1200.0
/20210219-Dartagnan/ConcurrencySafety-Main/39_rand_lock_p0_vs-O0.smt2,failed,1200.0
/20210219-Dartagnan/ConcurrencySafety-Main/35_double_lock_p3_vs-O0.smt2,failed,1200.0
/20210219-Dartagnan/ConcurrencySafety-Main/30_Function_Pointer3_vs-O0.smt2,failed,1200.0
/20210219-Dartagnan/ConcurrencySafety-Main/29_conditionals_vs-O0.smt2,failed,1200.0
/20210219-Dartagnan/ConcurrencySafety-Main/race-1_2-join-O0.smt2,sat,0.29911065101623535
/20210219-Dartagnan/ConcurrencySafety-Main/42_FreeBSD_rdma_addr_sliced-O0.smt2,failed,1200.0
/20210219-Dartagnan/ConcurrencySafety-Main/fk2012-O0.smt2,failed,1200.0
/20210219-Dartagnan/ConcurrencySafety-Main/43_NetBSD_sysmon_power_sliced-O0.smt2,failed,1200.0
/20210219-Dartagnan/ConcurrencySafety-Main/fib_bench-2-O0.smt2,failed,1200.0
/20210219-Dartagnan/ConcurrencySafety-Main/race-1_3-join-O0.smt2,sat,0.30738139152526855
/20210219-Dartagnan/ConcurrencySafety-Main/25_stack-O0.smt2,failed,1200.0
/20210219-Dartagnan/ConcurrencySafety-Main/sync01-O0.smt2,unsat,1.2733280658721924
/20210219-Dartagnan/ConcurrencySafety-Main/qrcu-1-O0.smt2,failed,1200.0
/20210219-Dartagnan/ConcurrencySafety-Main/stack-2-O0.smt2,sat,2.291476011276245
/20210219-Dartagnan/ReachSafety-Loops/MADWiFi-encode_ie_ok-O0.smt2,unsat,0.1315305233001709
/20210219-Dartagnan/ReachSafety-Loops/benchmark18_conjunctive-O0.smt2,unsat,0.16993331909179688
/20210219-Dartagnan/ReachSafety-Loops/mono-crafted_8-O0.smt2,unsat,0.11292552947998047
/20210219-Dartagnan/ReachSafety-Loops/jm2006.c.i.v+cfa-reducer-O0.smt2,unsat,0.9293253421783447
/20210219-Dartagnan/ReachSafety-Loops/bubble_sort-2-O0.smt2,failed,1200.0
/20210219-Dartagnan/ReachSafety-Loops/benchmark02_linear-O0.smt2,unsat,0.18848919868469238
/20210219-Dartagnan/ReachSafety-Loops/in-de20-O0.smt2,unsat,0.798027753829956
/20210219-Dartagnan/ReachSafety-Loops/apache-get-tag-O0.smt2,unsat,1.9863345623016357
/20210219-Dartagnan/ReachSafety-Loops/in-de42-O0.smt2,unsat,0.7867875099182129
/20210219-Dartagnan/ReachSafety-Loops/up-O0.smt2,unsat,0.49831199645996094
/20210219-Dartagnan/ReachSafety-Loops/terminator_01-O0.smt2,sat,0.05449104309082031
/20210219-Dartagnan/ReachSafety-Loops/sum03-1-O0.smt2,unsat,0.16521978378295898
/20210219-Dartagnan/ReachSafety-Loops/trex01-2-O0.smt2,unsat,0.43037843704223633
/20210219-Dartagnan/ReachSafety-Loops/SpamAssassin-loop-O0.smt2,unsat,1.3631162643432617
/20210219-Dartagnan/ReachSafety-Loops/id_build-O0.smt2,unsat,1.2042086124420166
/20210219-Dartagnan/ReachSafety-Loops/cggmp2005-O0.smt2,unsat,0.02927112579345703
/20210219-Dartagnan/ReachSafety-Loops/jm2006-O0.smt2,unsat,0.3568401336669922
/20210219-Dartagnan/ReachSafety-Loops/down-O0.smt2,unsat,0.5305690765380859
/20210219-Dartagnan/ReachSafety-Loops/cggmp2005b-O0.smt2,unsat,0.05670905113220215
/20210219-Dartagnan/ReachSafety-Loops/SpamAssassin-loop.i.v+cfa-reducer-O0.smt2,unsat,0.3070840835571289
/20210219-Dartagnan/ReachSafety-Loops/css2003-O0.smt2,failed,1200.0
/20210219-Dartagnan/ReachSafety-Loops/sum01-2-O0.smt2,unsat,0.21999526023864746
/20210219-Dartagnan/ReachSafety-Loops/gsv2008.c.i.p+cfa-reducer-O0.smt2,unsat,0.16678738594055176
/20210219-Dartagnan/ReachSafety-Loops/NetBSD_loop-O0.smt2,unsat,0.4501914978027344
/20210219-Dartagnan/ReachSafety-Loops/underapprox_2-2-O0.smt2,unsat,0.03483986854553223
/20210219-Dartagnan/ReachSafety-Loops/benchmark37_conjunctive-O0.smt2,unsat,0.1982710361480713
/20210219-Dartagnan/ReachSafety-Loops/benchmark05_conjunctive-O0.smt2,unsat,0.5942132472991943
/20210219-Dartagnan/ReachSafety-Loops/nested_delay_nd-O0.smt2,unsat,2.8452560901641846
/20210219-Dartagnan/ReachSafety-Loops/Mono3_1-O0.smt2,unsat,0.7008340358734131
/20210219-Dartagnan/ReachSafety-Loops/simple_vardep_2-O0.smt2,unsat,0.15673160552978516
/20210219-Dartagnan/ReachSafety-Loops/in-de41-O0.smt2,unsat,0.7654013633728027
/20210219-Dartagnan/ReachSafety-Loops/benchmark20_conjunctive-O0.smt2,unsat,0.1914384365081787
/20210219-Dartagnan/ReachSafety-Loops/sum01_bug02_sum01_bug02_base.case-O0.smt2,sat,0.8774983882904053
/20210219-Dartagnan/ReachSafety-Loops/mono-crafted_1-O0.smt2,unsat,0.10846066474914551
/20210219-Dartagnan/ReachSafety-Loops/in-de51-O0.smt2,unsat,1.1843175888061523
/20210219-Dartagnan/ReachSafety-Loops/sum_array-1-O0.smt2,unsat,2.2772650718688965
/20210219-Dartagnan/ReachSafety-Loops/mono-crafted_3-O0.smt2,unsat,0.11728239059448242
/20210219-Dartagnan/ReachSafety-Loops/jm2006_variant-O0.smt2,unsat,0.7045562267303467
/20210219-Dartagnan/ReachSafety-Loops/gr2006-O0.smt2,unsat,0.3260173797607422
/20210219-Dartagnan/ReachSafety-Loops/benchmark17_conjunctive-O0.smt2,unsat,0.23238539695739746
/20210219-Dartagnan/ReachSafety-Loops/string_concat-noarr-O0.smt2,unsat,0.9900791645050049
/20210219-Dartagnan/ReachSafety-Loops/apache-escape-absolute.i.v+cfa-reducer-O0.smt2,unsat,0.30083537101745605
/20210219-Dartagnan/ReachSafety-Loops/benchmark04_conjunctive-O0.smt2,unsat,0.20838093757629395
/20210219-Dartagnan/ReachSafety-Loops/insertion_sort-2-O0.smt2,unsat,0.5840120315551758
/20210219-Dartagnan/ReachSafety-Loops/sum01_bug02-O0.smt2,sat,0.7790911197662354
/20210219-Dartagnan/ReachSafety-Loops/benchmark25_linear-O0.smt2,unsat,0.12253642082214355
/20210219-Dartagnan/ReachSafety-Loops/trex04-O0.smt2,unsat,0.4525313377380371
/20210219-Dartagnan/ReachSafety-Loops/apache-escape-absolute-O0.smt2,unsat,2.1667540073394775
/20210219-Dartagnan/ReachSafety-Loops/gsv2008.c.i.v+cfa-reducer-O0.smt2,unsat,0.18437457084655762
/20210219-Dartagnan/ReachSafety-Loops/bhmr2007-O0.smt2,unsat,0.39977264404296875
/20210219-Dartagnan/ReachSafety-Loops/eq1-O0.smt2,unsat,0.5698506832122803
/20210219-Dartagnan/ReachSafety-Loops/nested6-O0.smt2,unsat,0.2515263557434082
/20210219-Dartagnan/ReachSafety-Loops/terminator_03-2-O0.smt2,unsat,0.29909634590148926
/20210219-Dartagnan/ReachSafety-Loops/count_by_k-O0.smt2,unsat,0.20032286643981934
/20210219-Dartagnan/ReachSafety-Loops/gcnr2008-O0.smt2,sat,0.08138561248779297
/20210219-Dartagnan/ReachSafety-Loops/afnp2014-O0.smt2,unsat,1.3021421432495117
/20210219-Dartagnan/ReachSafety-Loops/gsv2008-O0.smt2,unsat,0.34166955947875977
/20210219-Dartagnan/ReachSafety-Loops/underapprox_1-1-O0.smt2,sat,0.09006118774414062
/20210219-Dartagnan/ReachSafety-Loops/simple_vardep_1-O0.smt2,unsat,0.08024311065673828
/20210219-Dartagnan/ReachSafety-Loops/in-de31-O0.smt2,unsat,0.41042280197143555
/20210219-Dartagnan/ReachSafety-Loops/in-de52-O0.smt2,unsat,1.0648512840270996
/20210219-Dartagnan/ReachSafety-Loops/nested_delay_notd2-O0.smt2,unsat,10.401576519012451
/20210219-Dartagnan/ReachSafety-Loops/nested-1-O0.smt2,unsat,0.7482113838195801
/20210219-Dartagnan/ReachSafety-Loops/terminator_02-1-O0.smt2,sat,0.06243395805358887
/20210219-Dartagnan/ReachSafety-Loops/large_const-O0.smt2,failed,1200.0
/20210219-Dartagnan/ReachSafety-Loops/hhk2008-O0.smt2,unsat,0.14914464950561523
/20210219-Dartagnan/ReachSafety-Loops/benchmark32_linear-O0.smt2,unsat,1.0609567165374756
/20210219-Dartagnan/ReachSafety-Loops/trex01-1-O0.smt2,sat,0.07019710540771484
/20210219-Dartagnan/ReachSafety-Loops/linear-inequality-inv-b-O0.smt2,unsat,0.5840539932250977
/20210219-Dartagnan/ReachSafety-Loops/for_bounded_loop1-O0.smt2,sat,0.15839529037475586
/20210219-Dartagnan/ReachSafety-Loops/sum01-1-O0.smt2,sat,2.8332083225250244
/20210219-Dartagnan/ReachSafety-Loops/benchmark35_linear-O0.smt2,unsat,0.8050518035888672
/20210219-Dartagnan/ReachSafety-Loops/underapprox_2-1-O0.smt2,sat,0.09031462669372559
/20210219-Dartagnan/ReachSafety-Loops/benchmark10_conjunctive-O0.smt2,unsat,1.224329948425293
/20210219-Dartagnan/ReachSafety-Loops/invert_string-3-O0.smt2,unsat,0.03262472152709961
/20210219-Dartagnan/ReachSafety-Loops/for_infinite_loop_1-O0.smt2,unsat,0.28789329528808594
/20210219-Dartagnan/ReachSafety-Loops/terminator_02-2-O0.smt2,unsat,0.7731738090515137
/20210219-Dartagnan/ReachSafety-Loops/count_up_down-2-O0.smt2,sat,0.054004669189453125
/20210219-Dartagnan/ReachSafety-Loops/terminator_03-1-O0.smt2,sat,0.08967971801757812
/20210219-Dartagnan/ReachSafety-Loops/gj2007b-O0.smt2,unsat,2.944079875946045
/20210219-Dartagnan/ReachSafety-Loops/in-de32-O0.smt2,unsat,0.33655238151550293
/20210219-Dartagnan/ReachSafety-Loops/benchmark14_linear-O0.smt2,unsat,0.1664440631866455
/20210219-Dartagnan/ReachSafety-Loops/for_infinite_loop_2-O0.smt2,unsat,0.27398252487182617
/20210219-Dartagnan/ReachSafety-Loops/benchmark51_polynomial-O0.smt2,failed,1200.0
/20210219-Dartagnan/ReachSafety-Loops/id_build.i.v+lhb-reducer-O0.smt2,unsat,0.2598893642425537
/20210219-Dartagnan/ReachSafety-Loops/fragtest_simple-O0.smt2,unsat,1.1101734638214111
/20210219-Dartagnan/ReachSafety-Loops/benchmark19_conjunctive-O0.smt2,unsat,1.0095901489257812
/20210219-Dartagnan/ReachSafety-Loops/cggmp2005_variant-O0.smt2,unsat,0.3748159408569336
/20210219-Dartagnan/ReachSafety-Loops/trex02-2-O0.smt2,sat,0.05587291717529297
/20210219-Dartagnan/ReachSafety-Loops/sum03-2-O0.smt2,unsat,0.08505392074584961
/20210219-Dartagnan/ReachSafety-Loops/benchmark34_conjunctive-O0.smt2,unsat,0.9969356060028076
/20210219-Dartagnan/ReachSafety-Loops/sum_array-2-O0.smt2,unsat,2.4972658157348633
/20210219-Dartagnan/ReachSafety-Loops/nested_1b-O0.smt2,sat,0.11997294425964355
/20210219-Dartagnan/ReachSafety-Loops/count_by_nondet-O0.smt2,unsat,0.14366698265075684
/20210219-Dartagnan/ReachSafety-Loops/benchmark26_linear-O0.smt2,unsat,0.1513195037841797
/20210219-Dartagnan/ReachSafety-Loops/apache-get-tag.i.v+lhb-reducer-O0.smt2,unsat,0.3779566287994385
/20210219-Dartagnan/ReachSafety-Loops/benchmark09_conjunctive-O0.smt2,failed,1200.0
/20210219-Dartagnan/ReachSafety-Loops/seq-3-O0.smt2,unsat,0.4172677993774414
/20210219-Dartagnan/ReachSafety-Loops/sendmail-close-angle-O0.smt2,unsat,0.4916877746582031
/20210219-Dartagnan/ReachSafety-Loops/apache-get-tag.i.v+nlh-reducer-O0.smt2,unsat,0.3418240547180176
/20210219-Dartagnan/ReachSafety-Loops/insertion_sort-1-O0.smt2,unsat,0.6046738624572754
/20210219-Dartagnan/ReachSafety-Loops/linear-inequality-inv-a-O0.smt2,unsat,0.5874557495117188
/20210219-Dartagnan/ReachSafety-Loops/gsv2008.c.i.v+lhb-reducer-O0.smt2,unsat,0.19594955444335938
/20210219-Dartagnan/ReachSafety-Loops/benchmark11_linear-O0.smt2,unsat,0.18426203727722168
/20210219-Dartagnan/ReachSafety-Loops/apache-get-tag.i.p+lhb-reducer-O0.smt2,unsat,1.707038164138794
/20210219-Dartagnan/ReachSafety-Loops/theatreSquare-O0.smt2,unsat,0.4169890880584717
/20210219-Dartagnan/ReachSafety-Loops/Mono5_1-O0.smt2,unsat,0.7349836826324463
/20210219-Dartagnan/ReachSafety-Loops/nested-3-O0.smt2,unsat,1.4320368766784668
/20210219-Dartagnan/ReachSafety-Loops/benchmark23_conjunctive-O0.smt2,unsat,0.10476016998291016
/20210219-Dartagnan/ReachSafety-Loops/nested9-O0.smt2,unsat,0.12429547309875488
/20210219-Dartagnan/ReachSafety-Loops/nest-if3-O0.smt2,unsat,1.503847360610962
/20210219-Dartagnan/ReachSafety-Loops/benchmark33_linear-O0.smt2,unsat,0.7948880195617676
/20210219-Dartagnan/ReachSafety-Loops/count_up_down-1-O0.smt2,unsat,0.08119940757751465
/20210219-Dartagnan/ReachSafety-Loops/in-de62-O0.smt2,unsat,1.6251835823059082
/20210219-Dartagnan/ReachSafety-Loops/in-de61-O0.smt2,unsat,1.6866378784179688
/20210219-Dartagnan/ReachSafety-Loops/trex02-1-O0.smt2,unsat,4.455228567123413
/20210219-Dartagnan/ReachSafety-Loops/deep-nested-O0.smt2,unsat,0.02067422866821289
/20210219-Dartagnan/ReachSafety-Loops/benchmark43_conjunctive-O0.smt2,unsat,0.4705944061279297
/20180326-Bromberger/unbd-sage/unbd075v83c/unbd-sage16.smt2,failed,1200.0
/20180326-Bromberger/unbd-sage/unbd075v83c/unbd-sage20.smt2,failed,1200.0
/20180326-Bromberger/unbd-sage/unbd075v83c/unbd-sage0.smt2,failed,1200.0
/20180326-Bromberger/unbd-sage/unbd075v83c/unbd-sage3.smt2,failed,1200.0
/20180326-Bromberger/unbd-sage/unbd075v83c/unbd-sage9.smt2,failed,1200.0
/20180326-Bromberger/unbd-sage/unbd075v83c/unbd-sage5.smt2,failed,1200.0
/20180326-Bromberger/unbd-sage/unbd075v83c/unbd-sage18.smt2,failed,1200.0
/20180326-Bromberger/unbd-sage/unbd075v83c/unbd-sage8.smt2,failed,1200.0
/20180326-Bromberger/unbd-sage/unbd075v83c/unbd-sage6.smt2,failed,1200.0
/20180326-Bromberger/unbd-sage/unbd075v83c/unbd-sage19.smt2,failed,1200.0
/20180326-Bromberger/unbd-sage/unbd075v83c/unbd-sage2.smt2,failed,1200.0
/20180326-Bromberger/unbd-sage/unbd075v83c/unbd-sage15.smt2,failed,1200.0
/20180326-Bromberger/unbd-sage/unbd075v83c/unbd-sage7.smt2,failed,1200.0
/20180326-Bromberger/unbd-sage/unbd075v83c/unbd-sage12.smt2,failed,1200.0
/20180326-Bromberger/unbd-sage/unbd075v83c/unbd-sage17.smt2,failed,1200.0
/20180326-Bromberger/unbd-sage/unbd075v83c/unbd-sage10.smt2,failed,1200.0
/20180326-Bromberger/unbd-sage/unbd075v83c/unbd-sage13.smt2,failed,1200.0
/20180326-Bromberger/unbd-sage/unbd075v83c/unbd-sage11.smt2,failed,1200.0
/20180326-Bromberger/unbd-sage/unbd075v83c/unbd-sage1.smt2,failed,1200.0
/20180326-Bromberger/unbd-sage/unbd075v83c/unbd-sage24.smt2,failed,1200.0
/20180326-Bromberger/unbd-sage/unbd075v83c/unbd-sage21.smt2,failed,1200.0
/20180326-Bromberger/unbd-sage/unbd075v83c/unbd-sage23.smt2,failed,1200.0
/20180326-Bromberger/unbd-sage/unbd075v83c/unbd-sage4.smt2,failed,1200.0
/20180326-Bromberger/unbd-sage/unbd075v83c/unbd-sage22.smt2,failed,1200.0
/20180326-Bromberger/unbd-sage/unbd075v83c/unbd-sage14.smt2,failed,1200.0
/20180326-Bromberger/unbd-sage/unbd050v55c/unbd-sage16.smt2,sat,375.15803694725037
/20180326-Bromberger/unbd-sage/unbd050v55c/unbd-sage20.smt2,sat,502.7627704143524
/20180326-Bromberger/unbd-sage/unbd050v55c/unbd-sage0.smt2,sat,160.73509883880615
/20180326-Bromberger/unbd-sage/unbd050v55c/unbd-sage3.smt2,failed,1200.0
/20180326-Bromberger/unbd-sage/unbd050v55c/unbd-sage9.smt2,sat,62.23762536048889
/20180326-Bromberger/unbd-sage/unbd050v55c/unbd-sage5.smt2,sat,102.69960594177246
/20180326-Bromberger/unbd-sage/unbd050v55c/unbd-sage18.smt2,sat,299.8516523838043
/20180326-Bromberger/unbd-sage/unbd050v55c/unbd-sage8.smt2,sat,62.92680048942566
/20180326-Bromberger/unbd-sage/unbd050v55c/unbd-sage6.smt2,failed,1200.0
/20180326-Bromberger/unbd-sage/unbd050v55c/unbd-sage19.smt2,failed,1200.0
/20180326-Bromberger/unbd-sage/unbd050v55c/unbd-sage2.smt2,sat,695.2401213645935
/20180326-Bromberger/unbd-sage/unbd050v55c/unbd-sage15.smt2,sat,1043.3535628318787
/20180326-Bromberger/unbd-sage/unbd050v55c/unbd-sage7.smt2,failed,1200.0
/20180326-Bromberger/unbd-sage/unbd050v55c/unbd-sage12.smt2,sat,487.1386363506317
/20180326-Bromberger/unbd-sage/unbd050v55c/unbd-sage17.smt2,failed,1200.0
/20180326-Bromberger/unbd-sage/unbd050v55c/unbd-sage10.smt2,failed,1200.0
/20180326-Bromberger/unbd-sage/unbd050v55c/unbd-sage13.smt2,sat,763.5678551197052
/20180326-Bromberger/unbd-sage/unbd050v55c/unbd-sage11.smt2,failed,1200.0
/20180326-Bromberger/unbd-sage/unbd050v55c/unbd-sage1.smt2,sat,718.1097912788391
/20180326-Bromberger/unbd-sage/unbd050v55c/unbd-sage24.smt2,failed,1200.0
/20180326-Bromberger/unbd-sage/unbd050v55c/unbd-sage21.smt2,failed,1200.0
/20180326-Bromberger/unbd-sage/unbd050v55c/unbd-sage23.smt2,sat,1014.9580936431885
/20180326-Bromberger/unbd-sage/unbd050v55c/unbd-sage4.smt2,sat,218.5770502090454
/20180326-Bromberger/unbd-sage/unbd050v55c/unbd-sage22.smt2,failed,1200.0
/20180326-Bromberger/unbd-sage/unbd050v55c/unbd-sage14.smt2,sat,121.6725800037384
/20180326-Bromberger/unbd-sage/unbd010v15c/unbd-sage16.smt2,sat,0.014824867248535156
/20180326-Bromberger/unbd-sage/unbd010v15c/unbd-sage20.smt2,sat,0.004700660705566406
/20180326-Bromberger/unbd-sage/unbd010v15c/unbd-sage0.smt2,sat,0.00924539566040039
/20180326-Bromberger/unbd-sage/unbd010v15c/unbd-sage3.smt2,sat,0.0070383548736572266
/20180326-Bromberger/unbd-sage/unbd010v15c/unbd-sage9.smt2,sat,0.02611541748046875
/20180326-Bromberger/unbd-sage/unbd010v15c/unbd-sage5.smt2,sat,0.01132965087890625
/20180326-Bromberger/unbd-sage/unbd010v15c/unbd-sage18.smt2,sat,0.007386445999145508
/20180326-Bromberger/unbd-sage/unbd010v15c/unbd-sage8.smt2,sat,0.0062999725341796875
/20180326-Bromberger/unbd-sage/unbd010v15c/unbd-sage6.smt2,sat,0.012486696243286133
/20180326-Bromberger/unbd-sage/unbd010v15c/unbd-sage19.smt2,sat,0.008417606353759766
/20180326-Bromberger/unbd-sage/unbd010v15c/unbd-sage2.smt2,sat,0.01750659942626953
/20180326-Bromberger/unbd-sage/unbd010v15c/unbd-sage15.smt2,sat,0.020731210708618164
/20180326-Bromberger/unbd-sage/unbd010v15c/unbd-sage7.smt2,sat,0.01671290397644043
/20180326-Bromberger/unbd-sage/unbd010v15c/unbd-sage12.smt2,sat,0.01023244857788086
/20180326-Bromberger/unbd-sage/unbd010v15c/unbd-sage17.smt2,sat,0.01087641716003418
/20180326-Bromberger/unbd-sage/unbd010v15c/unbd-sage10.smt2,sat,0.009060144424438477
/20180326-Bromberger/unbd-sage/unbd010v15c/unbd-sage13.smt2,sat,0.03409767150878906
/20180326-Bromberger/unbd-sage/unbd010v15c/unbd-sage11.smt2,sat,0.02339315414428711
/20180326-Bromberger/unbd-sage/unbd010v15c/unbd-sage1.smt2,sat,0.00870966911315918
/20180326-Bromberger/unbd-sage/unbd010v15c/unbd-sage24.smt2,sat,0.007948160171508789
/20180326-Bromberger/unbd-sage/unbd010v15c/unbd-sage21.smt2,sat,0.008391857147216797
/20180326-Bromberger/unbd-sage/unbd010v15c/unbd-sage23.smt2,sat,0.013828516006469727
/20180326-Bromberger/unbd-sage/unbd010v15c/unbd-sage4.smt2,sat,0.025530576705932617
/20180326-Bromberger/unbd-sage/unbd010v15c/unbd-sage22.smt2,sat,0.009074926376342773
/20180326-Bromberger/unbd-sage/unbd010v15c/unbd-sage14.smt2,sat,0.010127067565917969
/20180326-Bromberger/unbd-sage/unbd025v30c/unbd-sage16.smt2,sat,5.352074146270752
/20180326-Bromberger/unbd-sage/unbd025v30c/unbd-sage20.smt2,sat,1.042490005493164
/20180326-Bromberger/unbd-sage/unbd025v30c/unbd-sage0.smt2,sat,0.35086584091186523
/20180326-Bromberger/unbd-sage/unbd025v30c/unbd-sage3.smt2,sat,0.6478755474090576
/20180326-Bromberger/unbd-sage/unbd025v30c/unbd-sage9.smt2,sat,0.8026299476623535
/20180326-Bromberger/unbd-sage/unbd025v30c/unbd-sage5.smt2,sat,1.6197235584259033
/20180326-Bromberger/unbd-sage/unbd025v30c/unbd-sage18.smt2,sat,2.214155435562134
/20180326-Bromberger/unbd-sage/unbd025v30c/unbd-sage8.smt2,sat,1.7114298343658447
/20180326-Bromberger/unbd-sage/unbd025v30c/unbd-sage6.smt2,sat,1.6986653804779053
/20180326-Bromberger/unbd-sage/unbd025v30c/unbd-sage19.smt2,sat,0.7390124797821045
/20180326-Bromberger/unbd-sage/unbd025v30c/unbd-sage2.smt2,sat,1.4046192169189453
/20180326-Bromberger/unbd-sage/unbd025v30c/unbd-sage15.smt2,sat,2.0461463928222656
/20180326-Bromberger/unbd-sage/unbd025v30c/unbd-sage7.smt2,sat,2.334590435028076
/20180326-Bromberger/unbd-sage/unbd025v30c/unbd-sage12.smt2,sat,3.7074153423309326
/20180326-Bromberger/unbd-sage/unbd025v30c/unbd-sage17.smt2,sat,11.240591049194336
/20180326-Bromberger/unbd-sage/unbd025v30c/unbd-sage10.smt2,sat,3.916749954223633
/20180326-Bromberger/unbd-sage/unbd025v30c/unbd-sage13.smt2,sat,2.1653249263763428
/20180326-Bromberger/unbd-sage/unbd025v30c/unbd-sage11.smt2,sat,0.39816951751708984
/20180326-Bromberger/unbd-sage/unbd025v30c/unbd-sage1.smt2,sat,1.5698509216308594
/20180326-Bromberger/unbd-sage/unbd025v30c/unbd-sage24.smt2,sat,1.7076663970947266
/20180326-Bromberger/unbd-sage/unbd025v30c/unbd-sage21.smt2,sat,1.1024291515350342
/20180326-Bromberger/unbd-sage/unbd025v30c/unbd-sage23.smt2,sat,3.4866418838500977
/20180326-Bromberger/unbd-sage/unbd025v30c/unbd-sage4.smt2,sat,2.5016942024230957
/20180326-Bromberger/unbd-sage/unbd025v30c/unbd-sage22.smt2,sat,0.6685364246368408
/20180326-Bromberger/unbd-sage/unbd025v30c/unbd-sage14.smt2,sat,11.49947738647461
/20180326-Bromberger/unbd-sage/unbd100v110c/unbd-sage16.smt2,failed,1200.0
/20180326-Bromberger/unbd-sage/unbd100v110c/unbd-sage20.smt2,failed,1200.0
/20180326-Bromberger/unbd-sage/unbd100v110c/unbd-sage0.smt2,failed,1200.0
/20180326-Bromberger/unbd-sage/unbd100v110c/unbd-sage3.smt2,failed,1200.0
/20180326-Bromberger/unbd-sage/unbd100v110c/unbd-sage9.smt2,failed,1200.0
/20180326-Bromberger/unbd-sage/unbd100v110c/unbd-sage5.smt2,failed,1200.0
/20180326-Bromberger/unbd-sage/unbd100v110c/unbd-sage18.smt2,failed,1200.0
/20180326-Bromberger/unbd-sage/unbd100v110c/unbd-sage8.smt2,failed,1200.0
/20180326-Bromberger/unbd-sage/unbd100v110c/unbd-sage6.smt2,failed,1200.0
/20180326-Bromberger/unbd-sage/unbd100v110c/unbd-sage19.smt2,failed,1200.0
/20180326-Bromberger/unbd-sage/unbd100v110c/unbd-sage2.smt2,failed,1200.0
/20180326-Bromberger/unbd-sage/unbd100v110c/unbd-sage15.smt2,failed,1200.0
/20180326-Bromberger/unbd-sage/unbd100v110c/unbd-sage7.smt2,failed,1200.0
/20180326-Bromberger/unbd-sage/unbd100v110c/unbd-sage12.smt2,failed,1200.0
/20180326-Bromberger/unbd-sage/unbd100v110c/unbd-sage17.smt2,failed,1200.0
/20180326-Bromberger/unbd-sage/unbd100v110c/unbd-sage10.smt2,failed,1200.0
/20180326-Bromberger/unbd-sage/unbd100v110c/unbd-sage13.smt2,failed,1200.0
/20180326-Bromberger/unbd-sage/unbd100v110c/unbd-sage11.smt2,failed,1200.0
/20180326-Bromberger/unbd-sage/unbd100v110c/unbd-sage1.smt2,failed,1200.0
/20180326-Bromberger/unbd-sage/unbd100v110c/unbd-sage24.smt2,failed,1200.0
/20180326-Bromberger/unbd-sage/unbd100v110c/unbd-sage21.smt2,failed,1200.0
/20180326-Bromberger/unbd-sage/unbd100v110c/unbd-sage23.smt2,failed,1200.0
/20180326-Bromberger/unbd-sage/unbd100v110c/unbd-sage4.smt2,failed,1200.0
/20180326-Bromberger/unbd-sage/unbd100v110c/unbd-sage22.smt2,failed,1200.0
/20180326-Bromberger/unbd-sage/unbd100v110c/unbd-sage14.smt2,failed,1200.0
/20180326-Bromberger/more_slacked/CAV_2009_benchmarks/smt/25-vars/v25_problem_2__033.smt2.slack.smt2,unsat,0.08790445327758789
/20180326-Bromberger/more_slacked/CAV_2009_benchmarks/smt/25-vars/v25_problem__011.smt2.slack.smt2,sat,0.021764278411865234
/20180326-Bromberger/more_slacked/CAV_2009_benchmarks/smt/25-vars/v25_problem_2__032.smt2.slack.smt2,sat,20.200895309448242
/20180326-Bromberger/more_slacked/CAV_2009_benchmarks/smt/25-vars/v25_problem_2__009.smt2.slack.smt2,sat,0.026587247848510742
/20180326-Bromberger/more_slacked/CAV_2009_benchmarks/smt/25-vars/v25_problem__013.smt2.slack.smt2,sat,0.00565028190612793
/20180326-Bromberger/more_slacked/CAV_2009_benchmarks/smt/25-vars/v25_problem__001.smt2.slack.smt2,sat,0.005659341812133789
/20180326-Bromberger/more_slacked/CAV_2009_benchmarks/smt/25-vars/v25_problem_2__034.smt2.slack.smt2,sat,152.56218457221985
/20180326-Bromberger/more_slacked/CAV_2009_benchmarks/smt/25-vars/v25_problem__006.smt2.slack.smt2,sat,0.02954268455505371
/20180326-Bromberger/more_slacked/CAV_2009_benchmarks/smt/25-vars/v25_problem__027.smt2.slack.smt2,sat,26.30694580078125
/20180326-Bromberger/more_slacked/CAV_2009_benchmarks/smt/25-vars/v25_problem_2__026.smt2.slack.smt2,sat,161.73692417144775
/20180326-Bromberger/more_slacked/CAV_2009_benchmarks/smt/25-vars/v25_problem__002.smt2.slack.smt2,sat,0.0067026615142822266
/20180326-Bromberger/more_slacked/CAV_2009_benchmarks/smt/25-vars/v25_problem__017.smt2.slack.smt2,sat,0.30063796043395996
/20180326-Bromberger/more_slacked/CAV_2009_benchmarks/smt/25-vars/v25_problem_2__012.smt2.slack.smt2,sat,0.33710336685180664
/20180326-Bromberger/more_slacked/CAV_2009_benchmarks/smt/25-vars/v25_problem_2__002.smt2.slack.smt2,sat,0.005480766296386719
/20180326-Bromberger/more_slacked/CAV_2009_benchmarks/smt/25-vars/v25_problem__028.smt2.slack.smt2,sat,118.88259053230286
/20180326-Bromberger/more_slacked/CAV_2009_benchmarks/smt/25-vars/v25_problem__025.smt2.slack.smt2,sat,5.627939939498901
/20180326-Bromberger/more_slacked/CAV_2009_benchmarks/smt/25-vars/v25_problem_2__001.smt2.slack.smt2,sat,0.00643467903137207
/20180326-Bromberger/more_slacked/CAV_2009_benchmarks/smt/25-vars/v25_problem__033.smt2.slack.smt2,sat,27.881996631622314
/20180326-Bromberger/more_slacked/CAV_2009_benchmarks/smt/25-vars/v25_problem__023.smt2.slack.smt2,sat,16.601579189300537
/20180326-Bromberger/more_slacked/CAV_2009_benchmarks/smt/25-vars/v25_problem_2__018.smt2.slack.smt2,sat,0.36118364334106445
/20180326-Bromberger/more_slacked/CAV_2009_benchmarks/smt/25-vars/v25_problem_2__022.smt2.slack.smt2,sat,10.201596021652222
/20180326-Bromberger/more_slacked/CAV_2009_benchmarks/smt/25-vars/v25_problem__018.smt2.slack.smt2,sat,0.10728764533996582
/20180326-Bromberger/more_slacked/CAV_2009_benchmarks/smt/25-vars/v25_problem__016.smt2.slack.smt2,sat,11.407222270965576
/20180326-Bromberger/more_slacked/CAV_2009_benchmarks/smt/25-vars/v25_problem__032.smt2.slack.smt2,unsat,0.06390380859375
/20180326-Bromberger/more_slacked/CAV_2009_benchmarks/smt/25-vars/v25_problem_2__024.smt2.slack.smt2,sat,106.53172492980957
/20180326-Bromberger/more_slacked/CAV_2009_benchmarks/smt/25-vars/v25_problem__005.smt2.slack.smt2,sat,0.06731247901916504
/20180326-Bromberger/more_slacked/CAV_2009_benchmarks/smt/25-vars/v25_problem_2__021.smt2.slack.smt2,sat,33.76400113105774
/20180326-Bromberger/more_slacked/CAV_2009_benchmarks/smt/25-vars/v25_problem_2__019.smt2.slack.smt2,sat,13.173293828964233
/20180326-Bromberger/more_slacked/CAV_2009_benchmarks/smt/25-vars/v25_problem_2__006.smt2.slack.smt2,sat,0.0059850215911865234
/20180326-Bromberger/more_slacked/CAV_2009_benchmarks/smt/25-vars/v25_problem__019.smt2.slack.smt2,sat,0.3325343132019043
/20180326-Bromberger/more_slacked/CAV_2009_benchmarks/smt/25-vars/v25_problem__004.smt2.slack.smt2,sat,0.005157947540283203
/20180326-Bromberger/more_slacked/CAV_2009_benchmarks/smt/25-vars/v25_problem_2__016.smt2.slack.smt2,sat,0.09978342056274414
/20180326-Bromberger/more_slacked/CAV_2009_benchmarks/smt/25-vars/v25_problem__026.smt2.slack.smt2,sat,534.3254764080048
/20180326-Bromberger/more_slacked/CAV_2009_benchmarks/smt/25-vars/v25_problem__012.smt2.slack.smt2,sat,0.04277634620666504
/20180326-Bromberger/more_slacked/CAV_2009_benchmarks/smt/25-vars/v25_problem_2__017.smt2.slack.smt2,sat,12.224406480789185
/20180326-Bromberger/more_slacked/CAV_2009_benchmarks/smt/25-vars/v25_problem__007.smt2.slack.smt2,sat,0.02839517593383789
/20180326-Bromberger/more_slacked/CAV_2009_benchmarks/smt/25-vars/v25_problem_2__025.smt2.slack.smt2,sat,0.035207271575927734
/20180326-Bromberger/more_slacked/CAV_2009_benchmarks/smt/25-vars/v25_problem_2__014.smt2.slack.smt2,sat,0.025798320770263672
/20180326-Bromberger/more_slacked/CAV_2009_benchmarks/smt/25-vars/v25_problem__020.smt2.slack.smt2,sat,0.009615659713745117
/20180326-Bromberger/more_slacked/CAV_2009_benchmarks/smt/25-vars/v25_problem_2__004.smt2.slack.smt2,sat,0.0045168399810791016
/20180326-Bromberger/more_slacked/CAV_2009_benchmarks/smt/25-vars/v25_problem__030.smt2.slack.smt2,sat,262.591299533844
/20180326-Bromberger/more_slacked/CAV_2009_benchmarks/smt/25-vars/v25_problem_2__029.smt2.slack.smt2,unsat,0.05521988868713379
/20180326-Bromberger/more_slacked/CAV_2009_benchmarks/smt/25-vars/v25_problem__031.smt2.slack.smt2,unsat,0.4163191318511963
/20180326-Bromberger/more_slacked/CAV_2009_benchmarks/smt/25-vars/v25_problem__010.smt2.slack.smt2,sat,0.10428452491760254
/20180326-Bromberger/more_slacked/CAV_2009_benchmarks/smt/25-vars/v25_problem_2__020.smt2.slack.smt2,sat,0.18848204612731934
/20180326-Bromberger/more_slacked/CAV_2009_benchmarks/smt/25-vars/v25_problem_2__035.smt2.slack.smt2,sat,100.4915223121643
/20180326-Bromberger/more_slacked/CAV_2009_benchmarks/smt/25-vars/v25_problem_2__003.smt2.slack.smt2,sat,0.008446216583251953
/20180326-Bromberger/more_slacked/CAV_2009_benchmarks/smt/25-vars/v25_problem_2__013.smt2.slack.smt2,sat,0.057473182678222656
/20180326-Bromberger/more_slacked/CAV_2009_benchmarks/smt/25-vars/v25_problem__008.smt2.slack.smt2,sat,0.029916048049926758
/20180326-Bromberger/more_slacked/CAV_2009_benchmarks/smt/25-vars/v25_problem__029.smt2.slack.smt2,sat,27.702889442443848
/20180326-Bromberger/more_slacked/CAV_2009_benchmarks/smt/25-vars/v25_problem_2__030.smt2.slack.smt2,sat,127.57244777679443
/20180326-Bromberger/more_slacked/CAV_2009_benchmarks/smt/25-vars/v25_problem_2__011.smt2.slack.smt2,sat,0.005918979644775391
/20180326-Bromberger/more_slacked/CAV_2009_benchmarks/smt/25-vars/v25_problem_2__015.smt2.slack.smt2,sat,0.03348684310913086
/20180326-Bromberger/more_slacked/CAV_2009_benchmarks/smt/25-vars/v25_problem_2__010.smt2.slack.smt2,sat,0.007615327835083008
/20180326-Bromberger/more_slacked/CAV_2009_benchmarks/smt/25-vars/v25_problem_2__027.smt2.slack.smt2,sat,31.656015872955322
/20180326-Bromberger/more_slacked/CAV_2009_benchmarks/smt/25-vars/v25_problem__024.smt2.slack.smt2,sat,0.04882311820983887
/20180326-Bromberger/more_slacked/CAV_2009_benchmarks/smt/25-vars/v25_problem_2__031.smt2.slack.smt2,unsat,0.07899022102355957
/20180326-Bromberger/more_slacked/CAV_2009_benchmarks/smt/25-vars/v25_problem_2__023.smt2.slack.smt2,sat,11.64550518989563
/20180326-Bromberger/more_slacked/CAV_2009_benchmarks/smt/25-vars/v25_problem__009.smt2.slack.smt2,sat,0.030060529708862305
/20180326-Bromberger/more_slacked/CAV_2009_benchmarks/smt/25-vars/v25_problem_2__028.smt2.slack.smt2,sat,195.57297039031982
/20180326-Bromberger/more_slacked/CAV_2009_benchmarks/smt/25-vars/v25_problem__034.smt2.slack.smt2,unsat,0.08579421043395996
/20180326-Bromberger/more_slacked/CAV_2009_benchmarks/smt/25-vars/v25_problem_2__007.smt2.slack.smt2,sat,0.0339808464050293
/20180326-Bromberger/more_slacked/CAV_2009_benchmarks/smt/25-vars/v25_problem_2__005.smt2.slack.smt2,sat,0.0074024200439453125
/20180326-Bromberger/more_slacked/CAV_2009_benchmarks/smt/25-vars/v25_problem__022.smt2.slack.smt2,unsat,0.3186500072479248
/20180326-Bromberger/more_slacked/CAV_2009_benchmarks/smt/25-vars/v25_problem__021.smt2.slack.smt2,sat,111.37072229385376
/20180326-Bromberger/more_slacked/CAV_2009_benchmarks/smt/25-vars/v25_problem__015.smt2.slack.smt2,sat,0.07896184921264648
/20180326-Bromberger/more_slacked/CAV_2009_benchmarks/smt/25-vars/v25_problem__003.smt2.slack.smt2,sat,0.00751495361328125
/20180326-Bromberger/more_slacked/CAV_2009_benchmarks/smt/25-vars/v25_problem__014.smt2.slack.smt2,sat,18.312124490737915
/20180326-Bromberger/more_slacked/CAV_2009_benchmarks/smt/25-vars/v25_problem_2__008.smt2.slack.smt2,sat,0.004685401916503906
/20180326-Bromberger/more_slacked/CAV_2009_benchmarks/smt/25-vars/v25_problem__035.smt2.slack.smt2,sat,25.348955869674683
/20180326-Bromberger/more_slacked/CAV_2009_benchmarks/smt/35-vars/v35_problem__012.smt2.slack.smt2,sat,0.11867141723632812
/20180326-Bromberger/more_slacked/CAV_2009_benchmarks/smt/35-vars/v35_problem__027.smt2.slack.smt2,sat,0.30034422874450684
/20180326-Bromberger/more_slacked/CAV_2009_benchmarks/smt/35-vars/v35_problem_2__010.smt2.slack.smt2,sat,0.0061397552490234375
/20180326-Bromberger/more_slacked/CAV_2009_benchmarks/smt/35-vars/v35_problem_2__002.smt2.slack.smt2,sat,0.013978004455566406
/20180326-Bromberger/more_slacked/CAV_2009_benchmarks/smt/35-vars/v35_problem__017.smt2.slack.smt2,sat,230.01953625679016
/20180326-Bromberger/more_slacked/CAV_2009_benchmarks/smt/35-vars/v35_problem__015.smt2.slack.smt2,sat,0.043967485427856445
/20180326-Bromberger/more_slacked/CAV_2009_benchmarks/smt/35-vars/v35_problem_2__014.smt2.slack.smt2,sat,0.008500337600708008
/20180326-Bromberger/more_slacked/CAV_2009_benchmarks/smt/35-vars/v35_problem_2__023.smt2.slack.smt2,sat,640.7422075271606
/20180326-Bromberger/more_slacked/CAV_2009_benchmarks/smt/35-vars/v35_problem_2__022.smt2.slack.smt2,sat,0.07169723510742188
/20180326-Bromberger/more_slacked/CAV_2009_benchmarks/smt/35-vars/v35_problem_2__003.smt2.slack.smt2,sat,0.005440235137939453
/20180326-Bromberger/more_slacked/CAV_2009_benchmarks/smt/35-vars/v35_problem__004.smt2.slack.smt2,sat,0.004331350326538086
/20180326-Bromberger/more_slacked/CAV_2009_benchmarks/smt/35-vars/v35_problem__005.smt2.slack.smt2,sat,0.0065898895263671875
/20180326-Bromberger/more_slacked/CAV_2009_benchmarks/smt/35-vars/v35_problem_2__034.smt2.slack.smt2,failed,1200.0
/20180326-Bromberger/more_slacked/CAV_2009_benchmarks/smt/35-vars/v35_problem_2__012.smt2.slack.smt2,sat,0.042781829833984375
/20180326-Bromberger/more_slacked/CAV_2009_benchmarks/smt/35-vars/v35_problem_2__008.smt2.slack.smt2,sat,0.02874922752380371
/20180326-Bromberger/more_slacked/CAV_2009_benchmarks/smt/35-vars/v35_problem_2__029.smt2.slack.smt2,sat,287.8056917190552
/20180326-Bromberger/more_slacked/CAV_2009_benchmarks/smt/35-vars/v35_problem__008.smt2.slack.smt2,sat,0.03619694709777832
/20180326-Bromberger/more_slacked/CAV_2009_benchmarks/smt/35-vars/v35_problem_2__013.smt2.slack.smt2,sat,0.06200146675109863
/20180326-Bromberger/more_slacked/CAV_2009_benchmarks/smt/35-vars/v35_problem__018.smt2.slack.smt2,sat,529.5786046981812
/20180326-Bromberger/more_slacked/CAV_2009_benchmarks/smt/35-vars/v35_problem__026.smt2.slack.smt2,sat,758.7816543579102
/20180326-Bromberger/more_slacked/CAV_2009_benchmarks/smt/35-vars/v35_problem_2__006.smt2.slack.smt2,sat,0.02851128578186035
/20180326-Bromberger/more_slacked/CAV_2009_benchmarks/smt/35-vars/v35_problem__006.smt2.slack.smt2,sat,0.05118274688720703
/20180326-Bromberger/more_slacked/CAV_2009_benchmarks/smt/35-vars/v35_problem_2__016.smt2.slack.smt2,sat,0.300570011138916
/20180326-Bromberger/more_slacked/CAV_2009_benchmarks/smt/35-vars/v35_problem_2__019.smt2.slack.smt2,sat,0.03263735771179199
/20180326-Bromberger/more_slacked/CAV_2009_benchmarks/smt/35-vars/v35_problem_2__024.smt2.slack.smt2,sat,1006.2600045204163
/20180326-Bromberger/more_slacked/CAV_2009_benchmarks/smt/35-vars/v35_problem_2__018.smt2.slack.smt2,sat,0.1016395092010498
/20180326-Bromberger/more_slacked/CAV_2009_benchmarks/smt/35-vars/v35_problem__023.smt2.slack.smt2,sat,632.7546722888947
/20180326-Bromberger/more_slacked/CAV_2009_benchmarks/smt/35-vars/v35_problem__022.smt2.slack.smt2,sat,800.4547584056854
/20180326-Bromberger/more_slacked/CAV_2009_benchmarks/smt/35-vars/v35_problem__002.smt2.slack.smt2,sat,0.028383255004882812
/20180326-Bromberger/more_slacked/CAV_2009_benchmarks/smt/35-vars/v35_problem_2__025.smt2.slack.smt2,sat,0.18480515480041504
/20180326-Bromberger/more_slacked/CAV_2009_benchmarks/smt/35-vars/v35_problem__013.smt2.slack.smt2,sat,0.07156896591186523
/20180326-Bromberger/more_slacked/CAV_2009_benchmarks/smt/35-vars/v35_problem__009.smt2.slack.smt2,sat,0.005452394485473633
/20180326-Bromberger/more_slacked/CAV_2009_benchmarks/smt/35-vars/v35_problem__024.smt2.slack.smt2,sat,694.470406293869
/20180326-Bromberger/more_slacked/CAV_2009_benchmarks/smt/35-vars/v35_problem_2__001.smt2.slack.smt2,sat,0.005285024642944336
/20180326-Bromberger/more_slacked/CAV_2009_benchmarks/smt/35-vars/v35_problem__029.smt2.slack.smt2,sat,961.2103168964386
/20180326-Bromberger/more_slacked/CAV_2009_benchmarks/smt/35-vars/v35_problem_2__031.smt2.slack.smt2,sat,779.0094242095947
/20180326-Bromberger/more_slacked/CAV_2009_benchmarks/smt/35-vars/v35_problem__028.smt2.slack.smt2,sat,0.10384678840637207
/20180326-Bromberger/more_slacked/CAV_2009_benchmarks/smt/35-vars/v35_problem_2__020.smt2.slack.smt2,sat,0.05491518974304199
/20180326-Bromberger/more_slacked/CAV_2009_benchmarks/smt/35-vars/v35_problem__030.smt2.slack.smt2,sat,524.8430180549622
/20180326-Bromberger/more_slacked/CAV_2009_benchmarks/smt/35-vars/v35_problem_2__017.smt2.slack.smt2,sat,0.14514994621276855
/20180326-Bromberger/more_slacked/CAV_2009_benchmarks/smt/35-vars/v35_problem__014.smt2.slack.smt2,sat,0.033461570739746094
/20180326-Bromberger/more_slacked/CAV_2009_benchmarks/smt/35-vars/v35_problem_2__007.smt2.slack.smt2,sat,0.0454254150390625
/20180326-Bromberger/more_slacked/CAV_2009_benchmarks/smt/35-vars/v35_problem_2__004.smt2.slack.smt2,sat,0.023993968963623047
/20180326-Bromberger/more_slacked/CAV_2009_benchmarks/smt/35-vars/v35_problem_2__028.smt2.slack.smt2,sat,100.75077152252197
/20180326-Bromberger/more_slacked/CAV_2009_benchmarks/smt/35-vars/v35_problem__032.smt2.slack.smt2,sat,576.2368185520172
/20180326-Bromberger/more_slacked/CAV_2009_benchmarks/smt/35-vars/v35_problem__010.smt2.slack.smt2,sat,0.006379127502441406
/20180326-Bromberger/more_slacked/CAV_2009_benchmarks/smt/35-vars/v35_problem__031.smt2.slack.smt2,sat,1076.38924908638
/20180326-Bromberger/more_slacked/CAV_2009_benchmarks/smt/35-vars/v35_problem__035.smt2.slack.smt2,sat,0.3315572738647461
/20180326-Bromberger/more_slacked/CAV_2009_benchmarks/smt/35-vars/v35_problem__011.smt2.slack.smt2,sat,0.33481311798095703
/20180326-Bromberger/more_slacked/CAV_2009_benchmarks/smt/35-vars/v35_problem__003.smt2.slack.smt2,sat,0.01951909065246582
/20180326-Bromberger/more_slacked/CAV_2009_benchmarks/smt/35-vars/v35_problem_2__032.smt2.slack.smt2,failed,1200.0
/20180326-Bromberger/more_slacked/CAV_2009_benchmarks/smt/35-vars/v35_problem_2__021.smt2.slack.smt2,sat,416.63063049316406
/20180326-Bromberger/more_slacked/CAV_2009_benchmarks/smt/35-vars/v35_problem__020.smt2.slack.smt2,sat,0.04526853561401367
/20180326-Bromberger/more_slacked/CAV_2009_benchmarks/smt/35-vars/v35_problem_2__030.smt2.slack.smt2,sat,445.4939076900482
/20180326-Bromberger/more_slacked/CAV_2009_benchmarks/smt/35-vars/v35_problem_2__009.smt2.slack.smt2,sat,0.021847248077392578
/20180326-Bromberger/more_slacked/CAV_2009_benchmarks/smt/35-vars/v35_problem__034.smt2.slack.smt2,sat,748.5462975502014
/20180326-Bromberger/more_slacked/CAV_2009_benchmarks/smt/35-vars/v35_problem_2__011.smt2.slack.smt2,sat,0.008087635040283203
/20180326-Bromberger/more_slacked/CAV_2009_benchmarks/smt/35-vars/v35_problem__033.smt2.slack.smt2,sat,617.5124695301056
/20180326-Bromberger/more_slacked/CAV_2009_benchmarks/smt/35-vars/v35_problem__025.smt2.slack.smt2,sat,100.8151113986969
/20180326-Bromberger/more_slacked/CAV_2009_benchmarks/smt/35-vars/v35_problem__021.smt2.slack.smt2,failed,1200.0
/20180326-Bromberger/more_slacked/CAV_2009_benchmarks/smt/35-vars/v35_problem_2__026.smt2.slack.smt2,sat,881.0756542682648
/20180326-Bromberger/more_slacked/CAV_2009_benchmarks/smt/35-vars/v35_problem_2__005.smt2.slack.smt2,sat,0.004971504211425781
/20180326-Bromberger/more_slacked/CAV_2009_benchmarks/smt/35-vars/v35_problem_2__027.smt2.slack.smt2,sat,855.0406880378723
/20180326-Bromberger/more_slacked/CAV_2009_benchmarks/smt/35-vars/v35_problem_2__035.smt2.slack.smt2,sat,0.08688664436340332
/20180326-Bromberger/more_slacked/CAV_2009_benchmarks/smt/35-vars/v35_problem__001.smt2.slack.smt2,sat,0.004327058792114258
/20180326-Bromberger/more_slacked/CAV_2009_benchmarks/smt/35-vars/v35_problem__016.smt2.slack.smt2,sat,0.4190683364868164
/20180326-Bromberger/more_slacked/CAV_2009_benchmarks/smt/35-vars/v35_problem_2__015.smt2.slack.smt2,sat,0.37772583961486816
/20180326-Bromberger/more_slacked/CAV_2009_benchmarks/smt/35-vars/v35_problem__007.smt2.slack.smt2,sat,0.05161285400390625
/20180326-Bromberger/more_slacked/CAV_2009_benchmarks/smt/35-vars/v35_problem_2__033.smt2.slack.smt2,sat,573.3206799030304
/20180326-Bromberger/more_slacked/CAV_2009_benchmarks/smt/35-vars/v35_problem__019.smt2.slack.smt2,sat,0.008126974105834961
/20180326-Bromberger/more_slacked/CAV_2009_benchmarks/smt/20-vars/v20_problem__035.smt2.slack.smt2,unsat,0.018449068069458008
/20180326-Bromberger/more_slacked/CAV_2009_benchmarks/smt/20-vars/v20_problem__020.smt2.slack.smt2,sat,0.007309913635253906
/20180326-Bromberger/more_slacked/CAV_2009_benchmarks/smt/20-vars/v20_problem_2__020.smt2.slack.smt2,sat,1.9123001098632812
/20180326-Bromberger/more_slacked/CAV_2009_benchmarks/smt/20-vars/v20_problem_2__031.smt2.slack.smt2,unsat,0.028302431106567383
/20180326-Bromberger/more_slacked/CAV_2009_benchmarks/smt/20-vars/v20_problem__015.smt2.slack.smt2,sat,0.03354001045227051
/20180326-Bromberger/more_slacked/CAV_2009_benchmarks/smt/20-vars/v20_problem_2__011.smt2.slack.smt2,sat,0.02724623680114746
/20180326-Bromberger/more_slacked/CAV_2009_benchmarks/smt/20-vars/v20_problem__028.smt2.slack.smt2,sat,2.4225640296936035
/20180326-Bromberger/more_slacked/CAV_2009_benchmarks/smt/20-vars/v20_problem_2__019.smt2.slack.smt2,sat,1.0636768341064453
/20180326-Bromberger/more_slacked/CAV_2009_benchmarks/smt/20-vars/v20_problem__032.smt2.slack.smt2,unsat,0.02393651008605957
/20180326-Bromberger/more_slacked/CAV_2009_benchmarks/smt/20-vars/v20_problem_2__034.smt2.slack.smt2,unsat,0.028381824493408203
/20180326-Bromberger/more_slacked/CAV_2009_benchmarks/smt/20-vars/v20_problem__024.smt2.slack.smt2,sat,0.5877137184143066
/20180326-Bromberger/more_slacked/CAV_2009_benchmarks/smt/20-vars/v20_problem_2__003.smt2.slack.smt2,sat,0.0029969215393066406
/20180326-Bromberger/more_slacked/CAV_2009_benchmarks/smt/20-vars/v20_problem_2__023.smt2.slack.smt2,unsat,3.530318021774292
/20180326-Bromberger/more_slacked/CAV_2009_benchmarks/smt/20-vars/v20_problem_2__009.smt2.slack.smt2,sat,0.02807474136352539
/20180326-Bromberger/more_slacked/CAV_2009_benchmarks/smt/20-vars/v20_problem__013.smt2.slack.smt2,sat,0.10801458358764648
/20180326-Bromberger/more_slacked/CAV_2009_benchmarks/smt/20-vars/v20_problem_2__033.smt2.slack.smt2,unsat,0.01335287094116211
/20180326-Bromberger/more_slacked/CAV_2009_benchmarks/smt/20-vars/v20_problem__003.smt2.slack.smt2,sat,0.02227044105529785
/20180326-Bromberger/more_slacked/CAV_2009_benchmarks/smt/20-vars/v20_problem_2__006.smt2.slack.smt2,sat,0.006124019622802734
/20180326-Bromberger/more_slacked/CAV_2009_benchmarks/smt/20-vars/v20_problem_2__015.smt2.slack.smt2,sat,0.42979907989501953
/20180326-Bromberger/more_slacked/CAV_2009_benchmarks/smt/20-vars/v20_problem_2__024.smt2.slack.smt2,sat,0.29358935356140137
/20180326-Bromberger/more_slacked/CAV_2009_benchmarks/smt/20-vars/v20_problem_2__001.smt2.slack.smt2,sat,0.003926753997802734
/20180326-Bromberger/more_slacked/CAV_2009_benchmarks/smt/20-vars/v20_problem_2__029.smt2.slack.smt2,sat,18.22302794456482
/20180326-Bromberger/more_slacked/CAV_2009_benchmarks/smt/20-vars/v20_problem__029.smt2.slack.smt2,unsat,0.026785612106323242
/20180326-Bromberger/more_slacked/CAV_2009_benchmarks/smt/20-vars/v20_problem__034.smt2.slack.smt2,unsat,0.029198646545410156
/20180326-Bromberger/more_slacked/CAV_2009_benchmarks/smt/20-vars/v20_problem__030.smt2.slack.smt2,sat,1.5694174766540527
/20180326-Bromberger/more_slacked/CAV_2009_benchmarks/smt/20-vars/v20_problem__005.smt2.slack.smt2,sat,0.005101680755615234
/20180326-Bromberger/more_slacked/CAV_2009_benchmarks/smt/20-vars/v20_problem_2__012.smt2.slack.smt2,sat,0.02838277816772461
/20180326-Bromberger/more_slacked/CAV_2009_benchmarks/smt/20-vars/v20_problem__002.smt2.slack.smt2,sat,0.005808830261230469
/20180326-Bromberger/more_slacked/CAV_2009_benchmarks/smt/20-vars/v20_problem__001.smt2.slack.smt2,sat,0.006752967834472656
/20180326-Bromberger/more_slacked/CAV_2009_benchmarks/smt/20-vars/v20_problem_2__005.smt2.slack.smt2,sat,0.00464320182800293
/20180326-Bromberger/more_slacked/CAV_2009_benchmarks/smt/20-vars/v20_problem_2__008.smt2.slack.smt2,sat,0.03498411178588867
/20180326-Bromberger/more_slacked/CAV_2009_benchmarks/smt/20-vars/v20_problem_2__007.smt2.slack.smt2,sat,0.006070852279663086
/20180326-Bromberger/more_slacked/CAV_2009_benchmarks/smt/20-vars/v20_problem__010.smt2.slack.smt2,sat,0.007076263427734375
/20180326-Bromberger/more_slacked/CAV_2009_benchmarks/smt/20-vars/v20_problem__011.smt2.slack.smt2,sat,0.3435807228088379
/20180326-Bromberger/more_slacked/CAV_2009_benchmarks/smt/20-vars/v20_problem__026.smt2.slack.smt2,sat,0.9380521774291992
/20180326-Bromberger/more_slacked/CAV_2009_benchmarks/smt/20-vars/v20_problem_2__022.smt2.slack.smt2,sat,0.32800984382629395
/20180326-Bromberger/more_slacked/CAV_2009_benchmarks/smt/20-vars/v20_problem_2__032.smt2.slack.smt2,unsat,0.008574962615966797
/20180326-Bromberger/more_slacked/CAV_2009_benchmarks/smt/20-vars/v20_problem__017.smt2.slack.smt2,sat,0.49994492530822754
/20180326-Bromberger/more_slacked/CAV_2009_benchmarks/smt/20-vars/v20_problem__007.smt2.slack.smt2,sat,0.04247164726257324
/20180326-Bromberger/more_slacked/CAV_2009_benchmarks/smt/20-vars/v20_problem_2__030.smt2.slack.smt2,unsat,0.014234781265258789
/20180326-Bromberger/more_slacked/CAV_2009_benchmarks/smt/20-vars/v20_problem_2__017.smt2.slack.smt2,sat,0.553823709487915
/20180326-Bromberger/more_slacked/CAV_2009_benchmarks/smt/20-vars/v20_problem__022.smt2.slack.smt2,sat,0.025464773178100586
/20180326-Bromberger/more_slacked/CAV_2009_benchmarks/smt/20-vars/v20_problem_2__014.smt2.slack.smt2,sat,0.7341752052307129
/20180326-Bromberger/more_slacked/CAV_2009_benchmarks/smt/20-vars/v20_problem_2__021.smt2.slack.smt2,sat,1.056859016418457
/20180326-Bromberger/more_slacked/CAV_2009_benchmarks/smt/20-vars/v20_problem_2__035.smt2.slack.smt2,sat,2.4052481651306152
/20180326-Bromberger/more_slacked/CAV_2009_benchmarks/smt/20-vars/v20_problem_2__010.smt2.slack.smt2,sat,0.00567173957824707
/20180326-Bromberger/more_slacked/CAV_2009_benchmarks/smt/20-vars/v20_problem__004.smt2.slack.smt2,sat,0.0069391727447509766
/20180326-Bromberger/more_slacked/CAV_2009_benchmarks/smt/20-vars/v20_problem_2__004.smt2.slack.smt2,sat,0.004299640655517578
/20180326-Bromberger/more_slacked/CAV_2009_benchmarks/smt/20-vars/v20_problem__018.smt2.slack.smt2,unsat,0.008146524429321289
/20180326-Bromberger/more_slacked/CAV_2009_benchmarks/smt/20-vars/v20_problem__009.smt2.slack.smt2,sat,0.027616024017333984
/20180326-Bromberger/more_slacked/CAV_2009_benchmarks/smt/20-vars/v20_problem_2__028.smt2.slack.smt2,sat,0.21575665473937988
/20180326-Bromberger/more_slacked/CAV_2009_benchmarks/smt/20-vars/v20_problem__006.smt2.slack.smt2,sat,0.007273435592651367
/20180326-Bromberger/more_slacked/CAV_2009_benchmarks/smt/20-vars/v20_problem_2__016.smt2.slack.smt2,sat,0.02809762954711914
/20180326-Bromberger/more_slacked/CAV_2009_benchmarks/smt/20-vars/v20_problem_2__013.smt2.slack.smt2,sat,0.05218386650085449
/20180326-Bromberger/more_slacked/CAV_2009_benchmarks/smt/20-vars/v20_problem__014.smt2.slack.smt2,unsat,49.28397250175476
/20180326-Bromberger/more_slacked/CAV_2009_benchmarks/smt/20-vars/v20_problem__025.smt2.slack.smt2,unsat,0.017049074172973633
/20180326-Bromberger/more_slacked/CAV_2009_benchmarks/smt/20-vars/v20_problem_2__027.smt2.slack.smt2,unsat,0.019295692443847656
/20180326-Bromberger/more_slacked/CAV_2009_benchmarks/smt/20-vars/v20_problem__023.smt2.slack.smt2,unsat,0.01160120964050293
/20180326-Bromberger/more_slacked/CAV_2009_benchmarks/smt/20-vars/v20_problem_2__018.smt2.slack.smt2,sat,0.28822970390319824
/20180326-Bromberger/more_slacked/CAV_2009_benchmarks/smt/20-vars/v20_problem__033.smt2.slack.smt2,unsat,0.03409314155578613
/20180326-Bromberger/more_slacked/CAV_2009_benchmarks/smt/20-vars/v20_problem__019.smt2.slack.smt2,sat,0.37086057662963867
/20180326-Bromberger/more_slacked/CAV_2009_benchmarks/smt/20-vars/v20_problem__027.smt2.slack.smt2,unsat,0.012741565704345703
/20180326-Bromberger/more_slacked/CAV_2009_benchmarks/smt/20-vars/v20_problem_2__025.smt2.slack.smt2,sat,1.7414586544036865
/20180326-Bromberger/more_slacked/CAV_2009_benchmarks/smt/20-vars/v20_problem_2__002.smt2.slack.smt2,sat,0.0042722225189208984
/20180326-Bromberger/more_slacked/CAV_2009_benchmarks/smt/20-vars/v20_problem__012.smt2.slack.smt2,sat,0.005247592926025391
/20180326-Bromberger/more_slacked/CAV_2009_benchmarks/smt/20-vars/v20_problem__031.smt2.slack.smt2,unsat,0.02315521240234375
/20180326-Bromberger/more_slacked/CAV_2009_benchmarks/smt/20-vars/v20_problem__016.smt2.slack.smt2,unsat,0.009973287582397461
/20180326-Bromberger/more_slacked/CAV_2009_benchmarks/smt/20-vars/v20_problem__008.smt2.slack.smt2,sat,0.009901046752929688
/20180326-Bromberger/more_slacked/CAV_2009_benchmarks/smt/20-vars/v20_problem_2__026.smt2.slack.smt2,unsat,0.020739316940307617
/20180326-Bromberger/more_slacked/CAV_2009_benchmarks/smt/20-vars/v20_problem__021.smt2.slack.smt2,sat,15.502676486968994
/20180326-Bromberger/more_slacked/CAV_2009_benchmarks/smt/45-vars/v45_problem__016.smt2.slack.smt2,sat,0.015516042709350586
/20180326-Bromberger/more_slacked/CAV_2009_benchmarks/smt/45-vars/v45_problem__027.smt2.slack.smt2,failed,1200.0
/20180326-Bromberger/more_slacked/CAV_2009_benchmarks/smt/45-vars/v45_problem__030.smt2.slack.smt2,failed,1200.0
/20180326-Bromberger/more_slacked/CAV_2009_benchmarks/smt/45-vars/v45_problem__006.smt2.slack.smt2,sat,0.030950069427490234
/20180326-Bromberger/more_slacked/CAV_2009_benchmarks/smt/45-vars/v45_problem_2__029.smt2.slack.smt2,failed,1200.0
/20180326-Bromberger/more_slacked/CAV_2009_benchmarks/smt/45-vars/v45_problem__014.smt2.slack.smt2,sat,0.3517296314239502
/20180326-Bromberger/more_slacked/CAV_2009_benchmarks/smt/45-vars/v45_problem__035.smt2.slack.smt2,failed,1200.0
/20180326-Bromberger/more_slacked/CAV_2009_benchmarks/smt/45-vars/v45_problem_2__034.smt2.slack.smt2,failed,1200.0
/20180326-Bromberger/more_slacked/CAV_2009_benchmarks/smt/45-vars/v45_problem_2__026.smt2.slack.smt2,failed,1200.0
/20180326-Bromberger/more_slacked/CAV_2009_benchmarks/smt/45-vars/v45_problem_2__016.smt2.slack.smt2,sat,910.5263953208923
/20180326-Bromberger/more_slacked/CAV_2009_benchmarks/smt/45-vars/v45_problem_2__015.smt2.slack.smt2,sat,0.0073719024658203125
/20180326-Bromberger/more_slacked/CAV_2009_benchmarks/smt/45-vars/v45_problem__007.smt2.slack.smt2,sat,0.10711884498596191
/20180326-Bromberger/more_slacked/CAV_2009_benchmarks/smt/45-vars/v45_problem_2__005.smt2.slack.smt2,sat,0.007375478744506836
/20180326-Bromberger/more_slacked/CAV_2009_benchmarks/smt/45-vars/v45_problem__012.smt2.slack.smt2,sat,0.007573604583740234
/20180326-Bromberger/more_slacked/CAV_2009_benchmarks/smt/45-vars/v45_problem_2__021.smt2.slack.smt2,sat,0.08607888221740723
/20180326-Bromberger/more_slacked/CAV_2009_benchmarks/smt/45-vars/v45_problem_2__033.smt2.slack.smt2,failed,1200.0
/20180326-Bromberger/more_slacked/CAV_2009_benchmarks/smt/45-vars/v45_problem__017.smt2.slack.smt2,sat,0.13951992988586426
/20180326-Bromberger/more_slacked/CAV_2009_benchmarks/smt/45-vars/v45_problem__013.smt2.slack.smt2,sat,0.3376762866973877
/20180326-Bromberger/more_slacked/CAV_2009_benchmarks/smt/45-vars/v45_problem_2__019.smt2.slack.smt2,failed,1200.0
/20180326-Bromberger/more_slacked/CAV_2009_benchmarks/smt/45-vars/v45_problem__026.smt2.slack.smt2,failed,1200.0
/20180326-Bromberger/more_slacked/CAV_2009_benchmarks/smt/45-vars/v45_problem_2__014.smt2.slack.smt2,sat,0.036771535873413086
/20180326-Bromberger/more_slacked/CAV_2009_benchmarks/smt/45-vars/v45_problem__031.smt2.slack.smt2,failed,1200.0
/20180326-Bromberger/more_slacked/CAV_2009_benchmarks/smt/45-vars/v45_problem_2__018.smt2.slack.smt2,sat,0.3271901607513428
/20180326-Bromberger/more_slacked/CAV_2009_benchmarks/smt/45-vars/v45_problem_2__032.smt2.slack.smt2,sat,0.11239886283874512
/20180326-Bromberger/more_slacked/CAV_2009_benchmarks/smt/45-vars/v45_problem__010.smt2.slack.smt2,sat,0.03964424133300781
/20180326-Bromberger/more_slacked/CAV_2009_benchmarks/smt/45-vars/v45_problem__003.smt2.slack.smt2,sat,0.006192207336425781
/20180326-Bromberger/more_slacked/CAV_2009_benchmarks/smt/45-vars/v45_problem_2__012.smt2.slack.smt2,sat,0.12604475021362305
/20180326-Bromberger/more_slacked/CAV_2009_benchmarks/smt/45-vars/v45_problem__028.smt2.slack.smt2,failed,1200.0
/20180326-Bromberger/more_slacked/CAV_2009_benchmarks/smt/45-vars/v45_problem__011.smt2.slack.smt2,sat,100.36339020729065
/20180326-Bromberger/more_slacked/CAV_2009_benchmarks/smt/45-vars/v45_problem__029.smt2.slack.smt2,failed,1200.0
/20180326-Bromberger/more_slacked/CAV_2009_benchmarks/smt/45-vars/v45_problem_2__027.smt2.slack.smt2,failed,1200.0
/20180326-Bromberger/more_slacked/CAV_2009_benchmarks/smt/45-vars/v45_problem_2__030.smt2.slack.smt2,failed,1200.0
/20180326-Bromberger/more_slacked/CAV_2009_benchmarks/smt/45-vars/v45_problem__024.smt2.slack.smt2,failed,1200.0
/20180326-Bromberger/more_slacked/CAV_2009_benchmarks/smt/45-vars/v45_problem_2__022.smt2.slack.smt2,failed,1200.0
/20180326-Bromberger/more_slacked/CAV_2009_benchmarks/smt/45-vars/v45_problem_2__004.smt2.slack.smt2,sat,0.03461408615112305
/20180326-Bromberger/more_slacked/CAV_2009_benchmarks/smt/45-vars/v45_problem__020.smt2.slack.smt2,sat,0.1856832504272461
/20180326-Bromberger/more_slacked/CAV_2009_benchmarks/smt/45-vars/v45_problem_2__001.smt2.slack.smt2,sat,0.008896350860595703
/20180326-Bromberger/more_slacked/CAV_2009_benchmarks/smt/45-vars/v45_problem_2__031.smt2.slack.smt2,failed,1200.0
/20180326-Bromberger/more_slacked/CAV_2009_benchmarks/smt/45-vars/v45_problem_2__007.smt2.slack.smt2,sat,0.007016181945800781
/20180326-Bromberger/more_slacked/CAV_2009_benchmarks/smt/45-vars/v45_problem__022.smt2.slack.smt2,failed,1200.0
/20180326-Bromberger/more_slacked/CAV_2009_benchmarks/smt/45-vars/v45_problem__032.smt2.slack.smt2,failed,1200.0
/20180326-Bromberger/more_slacked/CAV_2009_benchmarks/smt/45-vars/v45_problem_2__035.smt2.slack.smt2,failed,1200.0
/20180326-Bromberger/more_slacked/CAV_2009_benchmarks/smt/45-vars/v45_problem_2__025.smt2.slack.smt2,failed,1200.0
/20180326-Bromberger/more_slacked/CAV_2009_benchmarks/smt/45-vars/v45_problem__018.smt2.slack.smt2,sat,0.07143092155456543
/20180326-Bromberger/more_slacked/CAV_2009_benchmarks/smt/45-vars/v45_problem_2__013.smt2.slack.smt2,sat,0.030989408493041992
/20180326-Bromberger/more_slacked/CAV_2009_benchmarks/smt/45-vars/v45_problem__023.smt2.slack.smt2,failed,1200.0
/20180326-Bromberger/more_slacked/CAV_2009_benchmarks/smt/45-vars/v45_problem__001.smt2.slack.smt2,sat,0.005911588668823242
/20180326-Bromberger/more_slacked/CAV_2009_benchmarks/smt/45-vars/v45_problem_2__008.smt2.slack.smt2,sat,0.006261110305786133
/20180326-Bromberger/more_slacked/CAV_2009_benchmarks/smt/45-vars/v45_problem__002.smt2.slack.smt2,sat,0.006214618682861328
/20180326-Bromberger/more_slacked/CAV_2009_benchmarks/smt/45-vars/v45_problem_2__023.smt2.slack.smt2,failed,1200.0
/20180326-Bromberger/more_slacked/CAV_2009_benchmarks/smt/45-vars/v45_problem__019.smt2.slack.smt2,sat,0.08552289009094238
/20180326-Bromberger/more_slacked/CAV_2009_benchmarks/smt/45-vars/v45_problem__034.smt2.slack.smt2,failed,1200.0
/20180326-Bromberger/more_slacked/CAV_2009_benchmarks/smt/45-vars/v45_problem__025.smt2.slack.smt2,failed,1200.0
/20180326-Bromberger/more_slacked/CAV_2009_benchmarks/smt/45-vars/v45_problem_2__010.smt2.slack.smt2,sat,0.06386804580688477
/20180326-Bromberger/more_slacked/CAV_2009_benchmarks/smt/45-vars/v45_problem_2__009.smt2.slack.smt2,sat,0.010042190551757812
/20180326-Bromberger/more_slacked/CAV_2009_benchmarks/smt/45-vars/v45_problem__015.smt2.slack.smt2,sat,0.0659332275390625
/20180326-Bromberger/more_slacked/CAV_2009_benchmarks/smt/45-vars/v45_problem__033.smt2.slack.smt2,failed,1200.0
/20180326-Bromberger/more_slacked/CAV_2009_benchmarks/smt/45-vars/v45_problem__008.smt2.slack.smt2,sat,0.0274350643157959
/20180326-Bromberger/more_slacked/CAV_2009_benchmarks/smt/45-vars/v45_problem_2__011.smt2.slack.smt2,sat,0.007791042327880859
/20180326-Bromberger/more_slacked/CAV_2009_benchmarks/smt/45-vars/v45_problem_2__006.smt2.slack.smt2,sat,0.007602691650390625
/20180326-Bromberger/more_slacked/CAV_2009_benchmarks/smt/45-vars/v45_problem_2__003.smt2.slack.smt2,sat,0.03120708465576172
/20180326-Bromberger/more_slacked/CAV_2009_benchmarks/smt/45-vars/v45_problem__004.smt2.slack.smt2,sat,0.005629539489746094
/20180326-Bromberger/more_slacked/CAV_2009_benchmarks/smt/45-vars/v45_problem_2__024.smt2.slack.smt2,failed,1200.0
/20180326-Bromberger/more_slacked/CAV_2009_benchmarks/smt/45-vars/v45_problem__005.smt2.slack.smt2,sat,0.00778508186340332
/20180326-Bromberger/more_slacked/CAV_2009_benchmarks/smt/45-vars/v45_problem_2__028.smt2.slack.smt2,failed,1200.0
/20180326-Bromberger/more_slacked/CAV_2009_benchmarks/smt/45-vars/v45_problem_2__002.smt2.slack.smt2,sat,0.011699676513671875
/20180326-Bromberger/more_slacked/CAV_2009_benchmarks/smt/45-vars/v45_problem__021.smt2.slack.smt2,sat,0.010058403015136719
/20180326-Bromberger/more_slacked/CAV_2009_benchmarks/smt/45-vars/v45_problem__009.smt2.slack.smt2,sat,0.006659984588623047
/20180326-Bromberger/more_slacked/CAV_2009_benchmarks/smt/45-vars/v45_problem_2__020.smt2.slack.smt2,sat,0.06593036651611328
/20180326-Bromberger/more_slacked/CAV_2009_benchmarks/smt/45-vars/v45_problem_2__017.smt2.slack.smt2,sat,273.1261534690857
/20180326-Bromberger/more_slacked/CAV_2009_benchmarks/smt/30-vars/v30_problem__021.smt2.slack.smt2,sat,247.31994152069092
/20180326-Bromberger/more_slacked/CAV_2009_benchmarks/smt/30-vars/v30_problem_2__021.smt2.slack.smt2,sat,0.10953092575073242
/20180326-Bromberger/more_slacked/CAV_2009_benchmarks/smt/30-vars/v30_problem_2__013.smt2.slack.smt2,sat,0.1282517910003662
/20180326-Bromberger/more_slacked/CAV_2009_benchmarks/smt/30-vars/v30_problem__024.smt2.slack.smt2,sat,807.9241178035736
/20180326-Bromberger/more_slacked/CAV_2009_benchmarks/smt/30-vars/v30_problem__028.smt2.slack.smt2,sat,352.82121658325195
/20180326-Bromberger/more_slacked/CAV_2009_benchmarks/smt/30-vars/v30_problem__017.smt2.slack.smt2,sat,196.80039143562317
/20180326-Bromberger/more_slacked/CAV_2009_benchmarks/smt/30-vars/v30_problem_2__002.smt2.slack.smt2,sat,0.005826711654663086
/20180326-Bromberger/more_slacked/CAV_2009_benchmarks/smt/30-vars/v30_problem__018.smt2.slack.smt2,sat,329.95149779319763
/20180326-Bromberger/more_slacked/CAV_2009_benchmarks/smt/30-vars/v30_problem_2__001.smt2.slack.smt2,sat,0.03801584243774414
/20180326-Bromberger/more_slacked/CAV_2009_benchmarks/smt/30-vars/v30_problem_2__014.smt2.slack.smt2,sat,0.3946700096130371
/20180326-Bromberger/more_slacked/CAV_2009_benchmarks/smt/30-vars/v30_problem_2__016.smt2.slack.smt2,sat,118.17416405677795
/20180326-Bromberger/more_slacked/CAV_2009_benchmarks/smt/30-vars/v30_problem__019.smt2.slack.smt2,sat,189.1175413131714
/20180326-Bromberger/more_slacked/CAV_2009_benchmarks/smt/30-vars/v30_problem_2__009.smt2.slack.smt2,sat,0.028057098388671875
/20180326-Bromberger/more_slacked/CAV_2009_benchmarks/smt/30-vars/v30_problem_2__007.smt2.slack.smt2,sat,0.01682138442993164
/20180326-Bromberger/more_slacked/CAV_2009_benchmarks/smt/30-vars/v30_problem__020.smt2.slack.smt2,sat,0.08289432525634766
/20180326-Bromberger/more_slacked/CAV_2009_benchmarks/smt/30-vars/v30_problem_2__022.smt2.slack.smt2,sat,0.057805538177490234
/20180326-Bromberger/more_slacked/CAV_2009_benchmarks/smt/30-vars/v30_problem__010.smt2.slack.smt2,sat,0.04867887496948242
/20180326-Bromberger/more_slacked/CAV_2009_benchmarks/smt/30-vars/v30_problem_2__025.smt2.slack.smt2,sat,119.9836356639862
/20180326-Bromberger/more_slacked/CAV_2009_benchmarks/smt/30-vars/v30_problem_2__008.smt2.slack.smt2,sat,0.028400182723999023
/20180326-Bromberger/more_slacked/CAV_2009_benchmarks/smt/30-vars/v30_problem__009.smt2.slack.smt2,sat,0.06428027153015137
/20180326-Bromberger/more_slacked/CAV_2009_benchmarks/smt/30-vars/v30_problem_2__003.smt2.slack.smt2,sat,0.005933523178100586
/20180326-Bromberger/more_slacked/CAV_2009_benchmarks/smt/30-vars/v30_problem__025.smt2.slack.smt2,sat,0.05205273628234863
/20180326-Bromberger/more_slacked/CAV_2009_benchmarks/smt/30-vars/v30_problem_2__035.smt2.slack.smt2,sat,380.1840240955353
/20180326-Bromberger/more_slacked/CAV_2009_benchmarks/smt/30-vars/v30_problem__031.smt2.slack.smt2,sat,259.0893955230713
/20180326-Bromberger/more_slacked/CAV_2009_benchmarks/smt/30-vars/v30_problem_2__024.smt2.slack.smt2,sat,100.35255742073059
/20180326-Bromberger/more_slacked/CAV_2009_benchmarks/smt/30-vars/v30_problem_2__004.smt2.slack.smt2,sat,0.0057218074798583984
/20180326-Bromberger/more_slacked/CAV_2009_benchmarks/smt/30-vars/v30_problem_2__005.smt2.slack.smt2,sat,0.030339717864990234
/20180326-Bromberger/more_slacked/CAV_2009_benchmarks/smt/30-vars/v30_problem_2__029.smt2.slack.smt2,sat,329.72209453582764
/20180326-Bromberger/more_slacked/CAV_2009_benchmarks/smt/30-vars/v30_problem__006.smt2.slack.smt2,sat,0.0333096981048584
/20180326-Bromberger/more_slacked/CAV_2009_benchmarks/smt/30-vars/v30_problem__014.smt2.slack.smt2,sat,0.035742998123168945
/20180326-Bromberger/more_slacked/CAV_2009_benchmarks/smt/30-vars/v30_problem__033.smt2.slack.smt2,sat,538.3012557029724
/20180326-Bromberger/more_slacked/CAV_2009_benchmarks/smt/30-vars/v30_problem_2__032.smt2.slack.smt2,sat,332.70166420936584
/20180326-Bromberger/more_slacked/CAV_2009_benchmarks/smt/30-vars/v30_problem__002.smt2.slack.smt2,sat,0.008794307708740234
/20180326-Bromberger/more_slacked/CAV_2009_benchmarks/smt/30-vars/v30_problem__003.smt2.slack.smt2,sat,0.02316570281982422
/20180326-Bromberger/more_slacked/CAV_2009_benchmarks/smt/30-vars/v30_problem__007.smt2.slack.smt2,sat,0.03965425491333008
/20180326-Bromberger/more_slacked/CAV_2009_benchmarks/smt/30-vars/v30_problem__026.smt2.slack.smt2,sat,347.26982164382935
/20180326-Bromberger/more_slacked/CAV_2009_benchmarks/smt/30-vars/v30_problem__008.smt2.slack.smt2,sat,0.029079675674438477
/20180326-Bromberger/more_slacked/CAV_2009_benchmarks/smt/30-vars/v30_problem_2__034.smt2.slack.smt2,sat,544.9794833660126
/20180326-Bromberger/more_slacked/CAV_2009_benchmarks/smt/30-vars/v30_problem_2__018.smt2.slack.smt2,sat,100.50993227958679
/20180326-Bromberger/more_slacked/CAV_2009_benchmarks/smt/30-vars/v30_problem__029.smt2.slack.smt2,sat,187.75552034378052
/20180326-Bromberger/more_slacked/CAV_2009_benchmarks/smt/30-vars/v30_problem__027.smt2.slack.smt2,sat,279.2863130569458
/20180326-Bromberger/more_slacked/CAV_2009_benchmarks/smt/30-vars/v30_problem__030.smt2.slack.smt2,sat,333.64946150779724
/20180326-Bromberger/more_slacked/CAV_2009_benchmarks/smt/30-vars/v30_problem__016.smt2.slack.smt2,sat,111.59220767021179
/20180326-Bromberger/more_slacked/CAV_2009_benchmarks/smt/30-vars/v30_problem_2__019.smt2.slack.smt2,sat,0.11989307403564453
/20180326-Bromberger/more_slacked/CAV_2009_benchmarks/smt/30-vars/v30_problem_2__033.smt2.slack.smt2,sat,118.03187847137451
/20180326-Bromberger/more_slacked/CAV_2009_benchmarks/smt/30-vars/v30_problem_2__030.smt2.slack.smt2,sat,283.4685661792755
/20180326-Bromberger/more_slacked/CAV_2009_benchmarks/smt/30-vars/v30_problem__032.smt2.slack.smt2,unsat,0.08915257453918457
/20180326-Bromberger/more_slacked/CAV_2009_benchmarks/smt/30-vars/v30_problem__001.smt2.slack.smt2,sat,0.005758047103881836
/20180326-Bromberger/more_slacked/CAV_2009_benchmarks/smt/30-vars/v30_problem_2__012.smt2.slack.smt2,sat,0.03165125846862793
/20180326-Bromberger/more_slacked/CAV_2009_benchmarks/smt/30-vars/v30_problem_2__015.smt2.slack.smt2,sat,13.192858934402466
/20180326-Bromberger/more_slacked/CAV_2009_benchmarks/smt/30-vars/v30_problem_2__023.smt2.slack.smt2,sat,260.7241415977478
/20180326-Bromberger/more_slacked/CAV_2009_benchmarks/smt/30-vars/v30_problem_2__026.smt2.slack.smt2,sat,266.52377247810364
/20180326-Bromberger/more_slacked/CAV_2009_benchmarks/smt/30-vars/v30_problem_2__011.smt2.slack.smt2,sat,0.02959418296813965
/20180326-Bromberger/more_slacked/CAV_2009_benchmarks/smt/30-vars/v30_problem__034.smt2.slack.smt2,sat,491.27184867858887
/20180326-Bromberger/more_slacked/CAV_2009_benchmarks/smt/30-vars/v30_problem_2__010.smt2.slack.smt2,sat,0.006740570068359375
/20180326-Bromberger/more_slacked/CAV_2009_benchmarks/smt/30-vars/v30_problem_2__028.smt2.slack.smt2,sat,100.44270300865173
/20180326-Bromberger/more_slacked/CAV_2009_benchmarks/smt/30-vars/v30_problem__022.smt2.slack.smt2,sat,310.1176657676697
/20180326-Bromberger/more_slacked/CAV_2009_benchmarks/smt/30-vars/v30_problem_2__020.smt2.slack.smt2,sat,63.018253326416016
/20180326-Bromberger/more_slacked/CAV_2009_benchmarks/smt/30-vars/v30_problem_2__027.smt2.slack.smt2,sat,55.82085657119751
/20180326-Bromberger/more_slacked/CAV_2009_benchmarks/smt/30-vars/v30_problem__023.smt2.slack.smt2,sat,249.86446499824524
/20180326-Bromberger/more_slacked/CAV_2009_benchmarks/smt/30-vars/v30_problem_2__006.smt2.slack.smt2,sat,0.03281569480895996
/20180326-Bromberger/more_slacked/CAV_2009_benchmarks/smt/30-vars/v30_problem_2__017.smt2.slack.smt2,sat,74.56613850593567
/20180326-Bromberger/more_slacked/CAV_2009_benchmarks/smt/30-vars/v30_problem_2__031.smt2.slack.smt2,sat,428.8178107738495
/20180326-Bromberger/more_slacked/CAV_2009_benchmarks/smt/30-vars/v30_problem__015.smt2.slack.smt2,sat,245.42499566078186
/20180326-Bromberger/more_slacked/CAV_2009_benchmarks/smt/30-vars/v30_problem__011.smt2.slack.smt2,sat,11.623935461044312
/20180326-Bromberger/more_slacked/CAV_2009_benchmarks/smt/30-vars/v30_problem__004.smt2.slack.smt2,sat,0.004550457000732422
/20180326-Bromberger/more_slacked/CAV_2009_benchmarks/smt/30-vars/v30_problem__012.smt2.slack.smt2,sat,0.03460359573364258
/20180326-Bromberger/more_slacked/CAV_2009_benchmarks/smt/30-vars/v30_problem__035.smt2.slack.smt2,sat,288.0545017719269
/20180326-Bromberger/more_slacked/CAV_2009_benchmarks/smt/30-vars/v30_problem__005.smt2.slack.smt2,sat,0.00820016860961914
/20180326-Bromberger/more_slacked/CAV_2009_benchmarks/smt/30-vars/v30_problem__013.smt2.slack.smt2,sat,124.83921837806702
/20180326-Bromberger/more_slacked/CAV_2009_benchmarks/smt/40-vars/v40_problem__007.smt2.slack.smt2,sat,0.0578157901763916
/20180326-Bromberger/more_slacked/CAV_2009_benchmarks/smt/40-vars/v40_problem_2__026.smt2.slack.smt2,failed,1200.0
/20180326-Bromberger/more_slacked/CAV_2009_benchmarks/smt/40-vars/v40_problem_2__034.smt2.slack.smt2,failed,1200.0
/20180326-Bromberger/more_slacked/CAV_2009_benchmarks/smt/40-vars/v40_problem_2__021.smt2.slack.smt2,sat,0.29537320137023926
/20180326-Bromberger/more_slacked/CAV_2009_benchmarks/smt/40-vars/v40_problem_2__030.smt2.slack.smt2,failed,1200.0
/20180326-Bromberger/more_slacked/CAV_2009_benchmarks/smt/40-vars/v40_problem__033.smt2.slack.smt2,failed,1200.0
/20180326-Bromberger/more_slacked/CAV_2009_benchmarks/smt/40-vars/v40_problem__021.smt2.slack.smt2,sat,0.09410309791564941
/20180326-Bromberger/more_slacked/CAV_2009_benchmarks/smt/40-vars/v40_problem_2__014.smt2.slack.smt2,sat,0.11274242401123047
/20180326-Bromberger/more_slacked/CAV_2009_benchmarks/smt/40-vars/v40_problem__014.smt2.slack.smt2,sat,0.00708460807800293
/20180326-Bromberger/more_slacked/CAV_2009_benchmarks/smt/40-vars/v40_problem_2__027.smt2.slack.smt2,failed,1200.0
/20180326-Bromberger/more_slacked/CAV_2009_benchmarks/smt/40-vars/v40_problem_2__024.smt2.slack.smt2,failed,1200.0
/20180326-Bromberger/more_slacked/CAV_2009_benchmarks/smt/40-vars/v40_problem_2__031.smt2.slack.smt2,sat,392.92375111579895
/20180326-Bromberger/more_slacked/CAV_2009_benchmarks/smt/40-vars/v40_problem__005.smt2.slack.smt2,sat,0.006299734115600586
/20180326-Bromberger/more_slacked/CAV_2009_benchmarks/smt/40-vars/v40_problem__015.smt2.slack.smt2,sat,0.040128231048583984
/20180326-Bromberger/more_slacked/CAV_2009_benchmarks/smt/40-vars/v40_problem_2__003.smt2.slack.smt2,sat,0.007116794586181641
/20180326-Bromberger/more_slacked/CAV_2009_benchmarks/smt/40-vars/v40_problem__019.smt2.slack.smt2,sat,521.429256439209
/20180326-Bromberger/more_slacked/CAV_2009_benchmarks/smt/40-vars/v40_problem_2__005.smt2.slack.smt2,sat,0.006448268890380859
/20180326-Bromberger/more_slacked/CAV_2009_benchmarks/smt/40-vars/v40_problem_2__023.smt2.slack.smt2,failed,1200.0
/20180326-Bromberger/more_slacked/CAV_2009_benchmarks/smt/40-vars/v40_problem__013.smt2.slack.smt2,sat,100.39423513412476
/20180326-Bromberger/more_slacked/CAV_2009_benchmarks/smt/40-vars/v40_problem_2__035.smt2.slack.smt2,failed,1200.0
/20180326-Bromberger/more_slacked/CAV_2009_benchmarks/smt/40-vars/v40_problem__035.smt2.slack.smt2,failed,1200.0
/20180326-Bromberger/more_slacked/CAV_2009_benchmarks/smt/40-vars/v40_problem__026.smt2.slack.smt2,failed,1200.0
/20180326-Bromberger/more_slacked/CAV_2009_benchmarks/smt/40-vars/v40_problem_2__006.smt2.slack.smt2,sat,0.04664301872253418
/20180326-Bromberger/more_slacked/CAV_2009_benchmarks/smt/40-vars/v40_problem_2__018.smt2.slack.smt2,sat,0.05751681327819824
/20180326-Bromberger/more_slacked/CAV_2009_benchmarks/smt/40-vars/v40_problem_2__015.smt2.slack.smt2,sat,0.00729680061340332
/20180326-Bromberger/more_slacked/CAV_2009_benchmarks/smt/40-vars/v40_problem__020.smt2.slack.smt2,sat,0.1234595775604248
/20180326-Bromberger/more_slacked/CAV_2009_benchmarks/smt/40-vars/v40_problem_2__007.smt2.slack.smt2,sat,0.007349967956542969
/20180326-Bromberger/more_slacked/CAV_2009_benchmarks/smt/40-vars/v40_problem__034.smt2.slack.smt2,failed,1200.0
/20180326-Bromberger/more_slacked/CAV_2009_benchmarks/smt/40-vars/v40_problem_2__019.smt2.slack.smt2,sat,0.06412744522094727
/20180326-Bromberger/more_slacked/CAV_2009_benchmarks/smt/40-vars/v40_problem_2__022.smt2.slack.smt2,sat,0.009860515594482422
/20180326-Bromberger/more_slacked/CAV_2009_benchmarks/smt/40-vars/v40_problem__002.smt2.slack.smt2,sat,0.011919975280761719
/20180326-Bromberger/more_slacked/CAV_2009_benchmarks/smt/40-vars/v40_problem__022.smt2.slack.smt2,failed,1200.0
/20180326-Bromberger/more_slacked/CAV_2009_benchmarks/smt/40-vars/v40_problem_2__010.smt2.slack.smt2,sat,0.049329280853271484
/20180326-Bromberger/more_slacked/CAV_2009_benchmarks/smt/40-vars/v40_problem__030.smt2.slack.smt2,failed,1200.0
/20180326-Bromberger/more_slacked/CAV_2009_benchmarks/smt/40-vars/v40_problem_2__017.smt2.slack.smt2,sat,557.3903658390045
/20180326-Bromberger/more_slacked/CAV_2009_benchmarks/smt/40-vars/v40_problem__009.smt2.slack.smt2,sat,0.008035898208618164
/20180326-Bromberger/more_slacked/CAV_2009_benchmarks/smt/40-vars/v40_problem_2__004.smt2.slack.smt2,sat,0.04310798645019531
/20180326-Bromberger/more_slacked/CAV_2009_benchmarks/smt/40-vars/v40_problem_2__020.smt2.slack.smt2,sat,0.037008047103881836
/20180326-Bromberger/more_slacked/CAV_2009_benchmarks/smt/40-vars/v40_problem__017.smt2.slack.smt2,sat,0.03373861312866211
/20180326-Bromberger/more_slacked/CAV_2009_benchmarks/smt/40-vars/v40_problem__001.smt2.slack.smt2,sat,0.0074253082275390625
/20180326-Bromberger/more_slacked/CAV_2009_benchmarks/smt/40-vars/v40_problem_2__002.smt2.slack.smt2,sat,0.006288766860961914
/20180326-Bromberger/more_slacked/CAV_2009_benchmarks/smt/40-vars/v40_problem__031.smt2.slack.smt2,failed,1200.0
/20180326-Bromberger/more_slacked/CAV_2009_benchmarks/smt/40-vars/v40_problem_2__025.smt2.slack.smt2,sat,0.13771963119506836
/20180326-Bromberger/more_slacked/CAV_2009_benchmarks/smt/40-vars/v40_problem_2__016.smt2.slack.smt2,sat,0.05063605308532715
/20180326-Bromberger/more_slacked/CAV_2009_benchmarks/smt/40-vars/v40_problem_2__009.smt2.slack.smt2,sat,0.007711648941040039
/20180326-Bromberger/more_slacked/CAV_2009_benchmarks/smt/40-vars/v40_problem_2__012.smt2.slack.smt2,sat,503.9763996601105
/20180326-Bromberger/more_slacked/CAV_2009_benchmarks/smt/40-vars/v40_problem__023.smt2.slack.smt2,failed,1200.0
/20180326-Bromberger/more_slacked/CAV_2009_benchmarks/smt/40-vars/v40_problem_2__033.smt2.slack.smt2,failed,1200.0
/20180326-Bromberger/more_slacked/CAV_2009_benchmarks/smt/40-vars/v40_problem__024.smt2.slack.smt2,sat,733.5549585819244
/20180326-Bromberger/more_slacked/CAV_2009_benchmarks/smt/40-vars/v40_problem__016.smt2.slack.smt2,sat,0.010320901870727539
/20180326-Bromberger/more_slacked/CAV_2009_benchmarks/smt/40-vars/v40_problem_2__032.smt2.slack.smt2,failed,1200.0
/20180326-Bromberger/more_slacked/CAV_2009_benchmarks/smt/40-vars/v40_problem__032.smt2.slack.smt2,failed,1200.0
/20180326-Bromberger/more_slacked/CAV_2009_benchmarks/smt/40-vars/v40_problem__028.smt2.slack.smt2,failed,1200.0
/20180326-Bromberger/more_slacked/CAV_2009_benchmarks/smt/40-vars/v40_problem__018.smt2.slack.smt2,sat,0.14734435081481934
/20180326-Bromberger/more_slacked/CAV_2009_benchmarks/smt/40-vars/v40_problem_2__011.smt2.slack.smt2,sat,0.0055506229400634766
/20180326-Bromberger/more_slacked/CAV_2009_benchmarks/smt/40-vars/v40_problem__003.smt2.slack.smt2,sat,0.005643606185913086
/20180326-Bromberger/more_slacked/CAV_2009_benchmarks/smt/40-vars/v40_problem__025.smt2.slack.smt2,sat,850.1244211196899
/20180326-Bromberger/more_slacked/CAV_2009_benchmarks/smt/40-vars/v40_problem__011.smt2.slack.smt2,sat,0.08176183700561523
/20180326-Bromberger/more_slacked/CAV_2009_benchmarks/smt/40-vars/v40_problem__010.smt2.slack.smt2,sat,0.006299257278442383
/20180326-Bromberger/more_slacked/CAV_2009_benchmarks/smt/40-vars/v40_problem__029.smt2.slack.smt2,failed,1200.0
/20180326-Bromberger/more_slacked/CAV_2009_benchmarks/smt/40-vars/v40_problem_2__013.smt2.slack.smt2,sat,0.4330787658691406
/20180326-Bromberger/more_slacked/CAV_2009_benchmarks/smt/40-vars/v40_problem__006.smt2.slack.smt2,sat,0.006242036819458008
/20180326-Bromberger/more_slacked/CAV_2009_benchmarks/smt/40-vars/v40_problem_2__028.smt2.slack.smt2,failed,1200.0
/20180326-Bromberger/more_slacked/CAV_2009_benchmarks/smt/40-vars/v40_problem_2__001.smt2.slack.smt2,sat,0.006389617919921875
/20180326-Bromberger/more_slacked/CAV_2009_benchmarks/smt/40-vars/v40_problem_2__008.smt2.slack.smt2,sat,0.029376506805419922
/20180326-Bromberger/more_slacked/CAV_2009_benchmarks/smt/40-vars/v40_problem__012.smt2.slack.smt2,sat,0.40033793449401855
/20180326-Bromberger/more_slacked/CAV_2009_benchmarks/smt/40-vars/v40_problem_2__029.smt2.slack.smt2,failed,1200.0
/20180326-Bromberger/more_slacked/CAV_2009_benchmarks/smt/40-vars/v40_problem__004.smt2.slack.smt2,sat,0.008077621459960938
/20180326-Bromberger/more_slacked/CAV_2009_benchmarks/smt/40-vars/v40_problem__027.smt2.slack.smt2,failed,1200.0
/20180326-Bromberger/more_slacked/CAV_2009_benchmarks/smt/40-vars/v40_problem__008.smt2.slack.smt2,sat,0.04598665237426758
/20180326-Bromberger/more_slacked/CAV_2009_benchmarks/smt/10-vars/v10_problem_2__008.smt2.slack.smt2,sat,0.004070758819580078
/20180326-Bromberger/more_slacked/CAV_2009_benchmarks/smt/10-vars/v10_problem_2__007.smt2.slack.smt2,sat,0.002749919891357422
/20180326-Bromberger/more_slacked/CAV_2009_benchmarks/smt/10-vars/v10_problem__020.smt2.slack.smt2,unsat,0.0042536258697509766
/20180326-Bromberger/more_slacked/CAV_2009_benchmarks/smt/10-vars/v10_problem_2__015.smt2.slack.smt2,sat,0.004451274871826172
/20180326-Bromberger/more_slacked/CAV_2009_benchmarks/smt/10-vars/v10_problem__015.smt2.slack.smt2,sat,0.007863998413085938
/20180326-Bromberger/more_slacked/CAV_2009_benchmarks/smt/10-vars/v10_problem_2__030.smt2.slack.smt2,unsat,0.0055353641510009766
/20180326-Bromberger/more_slacked/CAV_2009_benchmarks/smt/10-vars/v10_problem_2__024.smt2.slack.smt2,unsat,0.003689289093017578
/20180326-Bromberger/more_slacked/CAV_2009_benchmarks/smt/10-vars/v10_problem_2__013.smt2.slack.smt2,sat,0.0035572052001953125
/20180326-Bromberger/more_slacked/CAV_2009_benchmarks/smt/10-vars/v10_problem__012.smt2.slack.smt2,sat,0.004111528396606445
/20180326-Bromberger/more_slacked/CAV_2009_benchmarks/smt/10-vars/v10_problem_2__002.smt2.slack.smt2,sat,0.00416111946105957
/20180326-Bromberger/more_slacked/CAV_2009_benchmarks/smt/10-vars/v10_problem__018.smt2.slack.smt2,sat,0.005426645278930664
/20180326-Bromberger/more_slacked/CAV_2009_benchmarks/smt/10-vars/v10_problem_2__033.smt2.slack.smt2,unsat,0.0038259029388427734
/20180326-Bromberger/more_slacked/CAV_2009_benchmarks/smt/10-vars/v10_problem_2__014.smt2.slack.smt2,sat,0.0028879642486572266
/20180326-Bromberger/more_slacked/CAV_2009_benchmarks/smt/10-vars/v10_problem_2__010.smt2.slack.smt2,sat,0.003740549087524414
/20180326-Bromberger/more_slacked/CAV_2009_benchmarks/smt/10-vars/v10_problem__029.smt2.slack.smt2,unsat,0.004045248031616211
/20180326-Bromberger/more_slacked/CAV_2009_benchmarks/smt/10-vars/v10_problem__007.smt2.slack.smt2,sat,0.0028798580169677734
/20180326-Bromberger/more_slacked/CAV_2009_benchmarks/smt/10-vars/v10_problem_2__020.smt2.slack.smt2,sat,0.003319978713989258
/20180326-Bromberger/more_slacked/CAV_2009_benchmarks/smt/10-vars/v10_problem_2__009.smt2.slack.smt2,sat,0.004083395004272461
/20180326-Bromberger/more_slacked/CAV_2009_benchmarks/smt/10-vars/v10_problem__006.smt2.slack.smt2,sat,0.0027697086334228516
/20180326-Bromberger/more_slacked/CAV_2009_benchmarks/smt/10-vars/v10_problem__030.smt2.slack.smt2,unsat,0.005278348922729492
/20180326-Bromberger/more_slacked/CAV_2009_benchmarks/smt/10-vars/v10_problem_2__029.smt2.slack.smt2,unsat,0.004300355911254883
/20180326-Bromberger/more_slacked/CAV_2009_benchmarks/smt/10-vars/v10_problem__026.smt2.slack.smt2,unsat,0.00490260124206543
/20180326-Bromberger/more_slacked/CAV_2009_benchmarks/smt/10-vars/v10_problem__014.smt2.slack.smt2,sat,0.005170345306396484
/20180326-Bromberger/more_slacked/CAV_2009_benchmarks/smt/10-vars/v10_problem__016.smt2.slack.smt2,unsat,0.004265546798706055
/20180326-Bromberger/more_slacked/CAV_2009_benchmarks/smt/10-vars/v10_problem__032.smt2.slack.smt2,unsat,0.006832599639892578
/20180326-Bromberger/more_slacked/CAV_2009_benchmarks/smt/10-vars/v10_problem_2__035.smt2.slack.smt2,unsat,0.004470109939575195
/20180326-Bromberger/more_slacked/CAV_2009_benchmarks/smt/10-vars/v10_problem_2__012.smt2.slack.smt2,unsat,0.003393411636352539
/20180326-Bromberger/more_slacked/CAV_2009_benchmarks/smt/10-vars/v10_problem__031.smt2.slack.smt2,unsat,0.00428318977355957
/20180326-Bromberger/more_slacked/CAV_2009_benchmarks/smt/10-vars/v10_problem_2__004.smt2.slack.smt2,sat,0.005114078521728516
/20180326-Bromberger/more_slacked/CAV_2009_benchmarks/smt/10-vars/v10_problem_2__019.smt2.slack.smt2,unsat,0.004597187042236328
/20180326-Bromberger/more_slacked/CAV_2009_benchmarks/smt/10-vars/v10_problem__009.smt2.slack.smt2,sat,0.003140687942504883
/20180326-Bromberger/more_slacked/CAV_2009_benchmarks/smt/10-vars/v10_problem_2__017.smt2.slack.smt2,sat,0.004226207733154297
/20180326-Bromberger/more_slacked/CAV_2009_benchmarks/smt/10-vars/v10_problem__034.smt2.slack.smt2,unsat,0.004955291748046875
/20180326-Bromberger/more_slacked/CAV_2009_benchmarks/smt/10-vars/v10_problem__003.smt2.slack.smt2,sat,0.0058841705322265625
/20180326-Bromberger/more_slacked/CAV_2009_benchmarks/smt/10-vars/v10_problem_2__003.smt2.slack.smt2,sat,0.0029528141021728516
/20180326-Bromberger/more_slacked/CAV_2009_benchmarks/smt/10-vars/v10_problem_2__031.smt2.slack.smt2,unsat,0.004624366760253906
/20180326-Bromberger/more_slacked/CAV_2009_benchmarks/smt/10-vars/v10_problem_2__025.smt2.slack.smt2,unsat,0.005347490310668945
/20180326-Bromberger/more_slacked/CAV_2009_benchmarks/smt/10-vars/v10_problem__002.smt2.slack.smt2,sat,0.003975391387939453
/20180326-Bromberger/more_slacked/CAV_2009_benchmarks/smt/10-vars/v10_problem_2__026.smt2.slack.smt2,unsat,0.004094839096069336
/20180326-Bromberger/more_slacked/CAV_2009_benchmarks/smt/10-vars/v10_problem__027.smt2.slack.smt2,unsat,0.004485607147216797
/20180326-Bromberger/more_slacked/CAV_2009_benchmarks/smt/10-vars/v10_problem_2__018.smt2.slack.smt2,sat,0.00445556640625
/20180326-Bromberger/more_slacked/CAV_2009_benchmarks/smt/10-vars/v10_problem_2__023.smt2.slack.smt2,sat,0.009759902954101562
/20180326-Bromberger/more_slacked/CAV_2009_benchmarks/smt/10-vars/v10_problem_2__001.smt2.slack.smt2,sat,0.00341796875
/20180326-Bromberger/more_slacked/CAV_2009_benchmarks/smt/10-vars/v10_problem_2__034.smt2.slack.smt2,unsat,0.005888462066650391
/20180326-Bromberger/more_slacked/CAV_2009_benchmarks/smt/10-vars/v10_problem__019.smt2.slack.smt2,sat,0.0027816295623779297
/20180326-Bromberger/more_slacked/CAV_2009_benchmarks/smt/10-vars/v10_problem__013.smt2.slack.smt2,sat,0.003775358200073242
/20180326-Bromberger/more_slacked/CAV_2009_benchmarks/smt/10-vars/v10_problem_2__022.smt2.slack.smt2,sat,0.004084110260009766
/20180326-Bromberger/more_slacked/CAV_2009_benchmarks/smt/10-vars/v10_problem__017.smt2.slack.smt2,unsat,0.0043735504150390625
/20180326-Bromberger/more_slacked/CAV_2009_benchmarks/smt/10-vars/v10_problem_2__021.smt2.slack.smt2,unsat,0.005196809768676758
/20180326-Bromberger/more_slacked/CAV_2009_benchmarks/smt/10-vars/v10_problem__035.smt2.slack.smt2,unsat,0.00561213493347168
/20180326-Bromberger/more_slacked/CAV_2009_benchmarks/smt/10-vars/v10_problem__010.smt2.slack.smt2,sat,0.006585597991943359
/20180326-Bromberger/more_slacked/CAV_2009_benchmarks/smt/10-vars/v10_problem_2__016.smt2.slack.smt2,unsat,0.003202676773071289
/20180326-Bromberger/more_slacked/CAV_2009_benchmarks/smt/10-vars/v10_problem__021.smt2.slack.smt2,unsat,0.005647182464599609
/20180326-Bromberger/more_slacked/CAV_2009_benchmarks/smt/10-vars/v10_problem_2__005.smt2.slack.smt2,sat,0.0038366317749023438
/20180326-Bromberger/more_slacked/CAV_2009_benchmarks/smt/10-vars/v10_problem__023.smt2.slack.smt2,sat,0.005932807922363281
/20180326-Bromberger/more_slacked/CAV_2009_benchmarks/smt/10-vars/v10_problem_2__032.smt2.slack.smt2,unsat,0.004382133483886719
/20180326-Bromberger/more_slacked/CAV_2009_benchmarks/smt/10-vars/v10_problem__022.smt2.slack.smt2,unsat,0.0027925968170166016
/20180326-Bromberger/more_slacked/CAV_2009_benchmarks/smt/10-vars/v10_problem_2__006.smt2.slack.smt2,sat,0.0037326812744140625
/20180326-Bromberger/more_slacked/CAV_2009_benchmarks/smt/10-vars/v10_problem__005.smt2.slack.smt2,sat,0.004845380783081055
/20180326-Bromberger/more_slacked/CAV_2009_benchmarks/smt/10-vars/v10_problem_2__028.smt2.slack.smt2,unsat,0.0057525634765625
/20180326-Bromberger/more_slacked/CAV_2009_benchmarks/smt/10-vars/v10_problem__008.smt2.slack.smt2,sat,0.00429081916809082
/20180326-Bromberger/more_slacked/CAV_2009_benchmarks/smt/10-vars/v10_problem__024.smt2.slack.smt2,unsat,0.004601240158081055
/20180326-Bromberger/more_slacked/CAV_2009_benchmarks/smt/10-vars/v10_problem__001.smt2.slack.smt2,sat,0.0031881332397460938
/20180326-Bromberger/more_slacked/CAV_2009_benchmarks/smt/10-vars/v10_problem_2__027.smt2.slack.smt2,unsat,0.00456690788269043
/20180326-Bromberger/more_slacked/CAV_2009_benchmarks/smt/10-vars/v10_problem__025.smt2.slack.smt2,unsat,0.004474639892578125
/20180326-Bromberger/more_slacked/CAV_2009_benchmarks/smt/10-vars/v10_problem_2__011.smt2.slack.smt2,sat,0.00436854362487793
/20180326-Bromberger/more_slacked/CAV_2009_benchmarks/smt/10-vars/v10_problem__028.smt2.slack.smt2,unsat,0.014358282089233398
/20180326-Bromberger/more_slacked/CAV_2009_benchmarks/smt/15-vars/v15_problem_2__022.smt2.slack.smt2,unsat,0.005528688430786133
/20180326-Bromberger/more_slacked/CAV_2009_benchmarks/smt/15-vars/v15_problem_2__016.smt2.slack.smt2,sat,0.0064697265625
/20180326-Bromberger/more_slacked/CAV_2009_benchmarks/smt/15-vars/v15_problem__003.smt2.slack.smt2,sat,0.0035228729248046875
/20180326-Bromberger/more_slacked/CAV_2009_benchmarks/smt/15-vars/v15_problem_2__025.smt2.slack.smt2,unsat,0.06132864952087402
/20180326-Bromberger/more_slacked/CAV_2009_benchmarks/smt/15-vars/v15_problem__012.smt2.slack.smt2,sat,0.0686802864074707
/20180326-Bromberger/more_slacked/CAV_2009_benchmarks/smt/15-vars/v15_problem__002.smt2.slack.smt2,sat,0.0032606124877929688
/20180326-Bromberger/more_slacked/CAV_2009_benchmarks/smt/15-vars/v15_problem_2__020.smt2.slack.smt2,unsat,0.005633115768432617
/20180326-Bromberger/more_slacked/CAV_2009_benchmarks/smt/15-vars/v15_problem_2__003.smt2.slack.smt2,sat,0.0062711238861083984
/20180326-Bromberger/more_slacked/CAV_2009_benchmarks/smt/15-vars/v15_problem_2__015.smt2.slack.smt2,sat,0.04205131530761719
/20180326-Bromberger/more_slacked/CAV_2009_benchmarks/smt/15-vars/v15_problem_2__017.smt2.slack.smt2,sat,0.18097186088562012
/20180326-Bromberger/more_slacked/CAV_2009_benchmarks/smt/15-vars/v15_problem_2__012.smt2.slack.smt2,sat,0.006111621856689453
/20180326-Bromberger/more_slacked/CAV_2009_benchmarks/smt/15-vars/v15_problem__025.smt2.slack.smt2,unsat,0.008324384689331055
/20180326-Bromberger/more_slacked/CAV_2009_benchmarks/smt/15-vars/v15_problem__016.smt2.slack.smt2,unsat,0.0066149234771728516
/20180326-Bromberger/more_slacked/CAV_2009_benchmarks/smt/15-vars/v15_problem_2__007.smt2.slack.smt2,sat,0.0059337615966796875
/20180326-Bromberger/more_slacked/CAV_2009_benchmarks/smt/15-vars/v15_problem_2__019.smt2.slack.smt2,unsat,0.00623631477355957
/20180326-Bromberger/more_slacked/CAV_2009_benchmarks/smt/15-vars/v15_problem_2__023.smt2.slack.smt2,sat,0.007946014404296875
/20180326-Bromberger/more_slacked/CAV_2009_benchmarks/smt/15-vars/v15_problem__006.smt2.slack.smt2,sat,0.06333446502685547
/20180326-Bromberger/more_slacked/CAV_2009_benchmarks/smt/15-vars/v15_problem_2__018.smt2.slack.smt2,sat,0.007056474685668945
/20180326-Bromberger/more_slacked/CAV_2009_benchmarks/smt/15-vars/v15_problem__009.smt2.slack.smt2,sat,0.05859112739562988
/20180326-Bromberger/more_slacked/CAV_2009_benchmarks/smt/15-vars/v15_problem_2__014.smt2.slack.smt2,sat,0.041956424713134766
/20180326-Bromberger/more_slacked/CAV_2009_benchmarks/smt/15-vars/v15_problem_2__024.smt2.slack.smt2,unsat,0.004738569259643555
/20180326-Bromberger/more_slacked/CAV_2009_benchmarks/smt/15-vars/v15_problem__010.smt2.slack.smt2,sat,0.004981517791748047
/20180326-Bromberger/more_slacked/CAV_2009_benchmarks/smt/15-vars/v15_problem_2__011.smt2.slack.smt2,unsat,0.005689144134521484
/20180326-Bromberger/more_slacked/CAV_2009_benchmarks/smt/15-vars/v15_problem__001.smt2.slack.smt2,sat,0.004903554916381836
/20180326-Bromberger/more_slacked/CAV_2009_benchmarks/smt/15-vars/v15_problem__013.smt2.slack.smt2,sat,0.006281852722167969
/20180326-Bromberger/more_slacked/CAV_2009_benchmarks/smt/15-vars/v15_problem_2__001.smt2.slack.smt2,sat,0.003792285919189453
/20180326-Bromberger/more_slacked/CAV_2009_benchmarks/smt/15-vars/v15_problem_2__005.smt2.slack.smt2,sat,0.00529932975769043
/20180326-Bromberger/more_slacked/CAV_2009_benchmarks/smt/15-vars/v15_problem__011.smt2.slack.smt2,sat,0.006027936935424805
/20180326-Bromberger/more_slacked/CAV_2009_benchmarks/smt/15-vars/v15_problem__004.smt2.slack.smt2,sat,0.00489354133605957
/20180326-Bromberger/more_slacked/CAV_2009_benchmarks/smt/15-vars/v15_problem_2__013.smt2.slack.smt2,sat,0.006074190139770508
/20180326-Bromberger/more_slacked/CAV_2009_benchmarks/smt/15-vars/v15_problem_2__021.smt2.slack.smt2,unsat,0.00719141960144043
/20180326-Bromberger/more_slacked/CAV_2009_benchmarks/smt/15-vars/v15_problem_2__002.smt2.slack.smt2,sat,0.007405996322631836
/20180326-Bromberger/more_slacked/CAV_2009_benchmarks/smt/15-vars/v15_problem__021.smt2.slack.smt2,sat,0.005279541015625
/20180326-Bromberger/more_slacked/CAV_2009_benchmarks/smt/15-vars/v15_problem__018.smt2.slack.smt2,sat,0.021644115447998047
/20180326-Bromberger/more_slacked/CAV_2009_benchmarks/smt/15-vars/v15_problem__022.smt2.slack.smt2,unsat,0.005078554153442383
/20180326-Bromberger/more_slacked/CAV_2009_benchmarks/smt/15-vars/v15_problem__008.smt2.slack.smt2,sat,0.0037384033203125
/20180326-Bromberger/more_slacked/CAV_2009_benchmarks/smt/15-vars/v15_problem__015.smt2.slack.smt2,sat,0.005464315414428711
/20180326-Bromberger/more_slacked/CAV_2009_benchmarks/smt/15-vars/v15_problem__007.smt2.slack.smt2,sat,0.005585432052612305
/20180326-Bromberger/more_slacked/CAV_2009_benchmarks/smt/15-vars/v15_problem_2__009.smt2.slack.smt2,sat,0.004094362258911133
/20180326-Bromberger/more_slacked/CAV_2009_benchmarks/smt/15-vars/v15_problem__014.smt2.slack.smt2,sat,0.0037393569946289062
/20180326-Bromberger/more_slacked/CAV_2009_benchmarks/smt/15-vars/v15_problem__019.smt2.slack.smt2,sat,0.05659604072570801
/20180326-Bromberger/more_slacked/CAV_2009_benchmarks/smt/15-vars/v15_problem_2__004.smt2.slack.smt2,sat,0.0034356117248535156
/20180326-Bromberger/more_slacked/CAV_2009_benchmarks/smt/15-vars/v15_problem_2__010.smt2.slack.smt2,sat,0.003116607666015625
/20180326-Bromberger/more_slacked/CAV_2009_benchmarks/smt/15-vars/v15_problem__017.smt2.slack.smt2,sat,0.03969860076904297
/20180326-Bromberger/more_slacked/CAV_2009_benchmarks/smt/15-vars/v15_problem__005.smt2.slack.smt2,sat,0.003441333770751953
/20180326-Bromberger/more_slacked/CAV_2009_benchmarks/smt/15-vars/v15_problem_2__008.smt2.slack.smt2,sat,0.003767728805541992
/20180326-Bromberger/more_slacked/CAV_2009_benchmarks/smt/15-vars/v15_problem__023.smt2.slack.smt2,unsat,0.007274627685546875
/20180326-Bromberger/more_slacked/CAV_2009_benchmarks/smt/15-vars/v15_problem_2__006.smt2.slack.smt2,sat,0.014934539794921875
/20180326-Bromberger/more_slacked/CAV_2009_benchmarks/smt/15-vars/v15_problem__020.smt2.slack.smt2,sat,0.02272939682006836
/20180326-Bromberger/more_slacked/CAV_2009_benchmarks/smt/15-vars/v15_problem__024.smt2.slack.smt2,unsat,0.007561683654785156
/20180326-Bromberger/more_slacked/CAV_2009_benchmarks/coef-size/smt/size-30/c30_problem__002.smt2.slack.smt2,sat,0.4374232292175293
/20180326-Bromberger/more_slacked/CAV_2009_benchmarks/coef-size/smt/size-30/c30_problem__003.smt2.slack.smt2,sat,0.716637134552002
/20180326-Bromberger/more_slacked/CAV_2009_benchmarks/coef-size/smt/size-30/c30_problem__006.smt2.slack.smt2,unsat,0.006220817565917969
/20180326-Bromberger/more_slacked/CAV_2009_benchmarks/coef-size/smt/size-30/c30_problem__005.smt2.slack.smt2,sat,0.3468325138092041
/20180326-Bromberger/more_slacked/CAV_2009_benchmarks/coef-size/smt/size-30/c30_problem__004.smt2.slack.smt2,sat,1.2236018180847168
/20180326-Bromberger/more_slacked/CAV_2009_benchmarks/coef-size/smt/size-100/c100_problem__005.smt2.slack.smt2,sat,6.165303945541382
/20180326-Bromberger/more_slacked/CAV_2009_benchmarks/coef-size/smt/size-100/c100_problem__002.smt2.slack.smt2,sat,1.6228976249694824
/20180326-Bromberger/more_slacked/CAV_2009_benchmarks/coef-size/smt/size-100/c100_problem__004.smt2.slack.smt2,sat,41.15002155303955
/20180326-Bromberger/more_slacked/CAV_2009_benchmarks/coef-size/smt/size-100/c100_problem__006.smt2.slack.smt2,unsat,0.006031990051269531
/20180326-Bromberger/more_slacked/CAV_2009_benchmarks/coef-size/smt/size-100/c100_problem__003.smt2.slack.smt2,sat,78.9909884929657
/20180326-Bromberger/more_slacked/CAV_2009_benchmarks/coef-size/smt/size-10/c10_problem__005.smt2.slack.smt2,sat,0.7989439964294434
/20180326-Bromberger/more_slacked/CAV_2009_benchmarks/coef-size/smt/size-10/c10_problem__003.smt2.slack.smt2,unsat,596.5187003612518
/20180326-Bromberger/more_slacked/CAV_2009_benchmarks/coef-size/smt/size-10/c10_problem__002.smt2.slack.smt2,unsat,0.0058743953704833984
/20180326-Bromberger/more_slacked/CAV_2009_benchmarks/coef-size/smt/size-10/c10_problem__004.smt2.slack.smt2,sat,0.2651791572570801
/20180326-Bromberger/more_slacked/CAV_2009_benchmarks/coef-size/smt/size-10/c10_problem__006.smt2.slack.smt2,sat,0.22753167152404785
/20180326-Bromberger/more_slacked/CAV_2009_benchmarks/coef-size/smt/size-10/c10_problem__001.smt2.slack.smt2,sat,0.0036907196044921875
/20180326-Bromberger/more_slacked/CAV_2009_benchmarks/coef-size/smt/size-60/c60_problem__005.smt2.slack.smt2,sat,0.47087621688842773
/20180326-Bromberger/more_slacked/CAV_2009_benchmarks/coef-size/smt/size-60/c60_problem__002.smt2.slack.smt2,sat,0.8556180000305176
/20180326-Bromberger/more_slacked/CAV_2009_benchmarks/coef-size/smt/size-60/c60_problem__004.smt2.slack.smt2,unsat,226.70336508750916
/20180326-Bromberger/more_slacked/CAV_2009_benchmarks/coef-size/smt/size-60/c60_problem__003.smt2.slack.smt2,sat,1.8337736129760742
/20180326-Bromberger/more_slacked/CAV_2009_benchmarks/coef-size/smt/size-60/c60_problem__006.smt2.slack.smt2,sat,363.53487062454224
/20180326-Bromberger/more_slacked/CAV_2009_benchmarks/coef-size/smt/size-50/c50_problem__006.smt2.slack.smt2,unsat,0.00750422477722168
/20180326-Bromberger/more_slacked/CAV_2009_benchmarks/coef-size/smt/size-50/c50_problem__003.smt2.slack.smt2,sat,6.596316576004028
/20180326-Bromberger/more_slacked/CAV_2009_benchmarks/coef-size/smt/size-50/c50_problem__004.smt2.slack.smt2,sat,15.876201152801514
/20180326-Bromberger/more_slacked/CAV_2009_benchmarks/coef-size/smt/size-50/c50_problem__005.smt2.slack.smt2,sat,17.028085708618164
/20180326-Bromberger/more_slacked/CAV_2009_benchmarks/coef-size/smt/size-50/c50_problem__002.smt2.slack.smt2,unsat,0.0062427520751953125
/20180326-Bromberger/more_slacked/CAV_2009_benchmarks/coef-size/smt/size-40/c40_problem__004.smt2.slack.smt2,sat,1.029069423675537
/20180326-Bromberger/more_slacked/CAV_2009_benchmarks/coef-size/smt/size-40/c40_problem__002.smt2.slack.smt2,unsat,0.006148338317871094
/20180326-Bromberger/more_slacked/CAV_2009_benchmarks/coef-size/smt/size-40/c40_problem__005.smt2.slack.smt2,sat,148.37325882911682
/20180326-Bromberger/more_slacked/CAV_2009_benchmarks/coef-size/smt/size-40/c40_problem__006.smt2.slack.smt2,sat,0.3305180072784424
/20180326-Bromberger/more_slacked/CAV_2009_benchmarks/coef-size/smt/size-40/c40_problem__003.smt2.slack.smt2,sat,0.5104186534881592
/20180326-Bromberger/more_slacked/CAV_2009_benchmarks/coef-size/smt/size-80/c80_problem__006.smt2.slack.smt2,sat,0.7438092231750488
/20180326-Bromberger/more_slacked/CAV_2009_benchmarks/coef-size/smt/size-80/c80_problem__004.smt2.slack.smt2,sat,0.5085971355438232
/20180326-Bromberger/more_slacked/CAV_2009_benchmarks/coef-size/smt/size-80/c80_problem__005.smt2.slack.smt2,sat,0.33740925788879395
/20180326-Bromberger/more_slacked/CAV_2009_benchmarks/coef-size/smt/size-80/c80_problem__003.smt2.slack.smt2,sat,0.540269136428833
/20180326-Bromberger/more_slacked/CAV_2009_benchmarks/coef-size/smt/size-80/c80_problem__002.smt2.slack.smt2,sat,0.4047989845275879
/20180326-Bromberger/more_slacked/CAV_2009_benchmarks/coef-size/smt/size-20/c20_problem__003.smt2.slack.smt2,sat,13.813475370407104
/20180326-Bromberger/more_slacked/CAV_2009_benchmarks/coef-size/smt/size-20/c20_problem__004.smt2.slack.smt2,unsat,0.0060465335845947266
/20180326-Bromberger/more_slacked/CAV_2009_benchmarks/coef-size/smt/size-20/c20_problem__002.smt2.slack.smt2,sat,0.6458957195281982
/20180326-Bromberger/more_slacked/CAV_2009_benchmarks/coef-size/smt/size-20/c20_problem__006.smt2.slack.smt2,sat,5.556911945343018
/20180326-Bromberger/more_slacked/CAV_2009_benchmarks/coef-size/smt/size-20/c20_problem__005.smt2.slack.smt2,sat,0.4393630027770996
/20180326-Bromberger/more_slacked/CAV_2009_benchmarks/coef-size/smt/size-70/c70_problem__006.smt2.slack.smt2,sat,2.7510757446289062
/20180326-Bromberger/more_slacked/CAV_2009_benchmarks/coef-size/smt/size-70/c70_problem__005.smt2.slack.smt2,sat,0.6420094966888428
/20180326-Bromberger/more_slacked/CAV_2009_benchmarks/coef-size/smt/size-70/c70_problem__004.smt2.slack.smt2,sat,0.5317084789276123
/20180326-Bromberger/more_slacked/CAV_2009_benchmarks/coef-size/smt/size-70/c70_problem__002.smt2.slack.smt2,sat,103.53293132781982
/20180326-Bromberger/more_slacked/CAV_2009_benchmarks/coef-size/smt/size-70/c70_problem__003.smt2.slack.smt2,sat,1012.7855622768402
/20180326-Bromberger/more_slacked/CAV_2009_benchmarks/coef-size/smt/size-90/c90_problem__005.smt2.slack.smt2,unsat,0.006273508071899414
/20180326-Bromberger/more_slacked/CAV_2009_benchmarks/coef-size/smt/size-90/c90_problem__003.smt2.slack.smt2,sat,0.4190061092376709
/20180326-Bromberger/more_slacked/CAV_2009_benchmarks/coef-size/smt/size-90/c90_problem__004.smt2.slack.smt2,sat,0.7774233818054199
/20180326-Bromberger/more_slacked/CAV_2009_benchmarks/coef-size/smt/size-90/c90_problem__006.smt2.slack.smt2,sat,234.793607711792
/20180326-Bromberger/more_slacked/CAV_2009_benchmarks/coef-size/smt/size-90/c90_problem__002.smt2.slack.smt2,sat,0.4719839096069336
/20180326-Bromberger/more_slacked/cut_lemmas/20-vars/cut_lemma_02_009.smt2.slack.smt2,unsat,0.2072134017944336
/20180326-Bromberger/more_slacked/cut_lemmas/20-vars/cut_lemma_03_020.smt2.slack.smt2,unsat,0.07178378105163574
/20180326-Bromberger/more_slacked/cut_lemmas/20-vars/cut_lemma_03_005.smt2.slack.smt2,unsat,0.279674768447876
/20180326-Bromberger/more_slacked/cut_lemmas/20-vars/cut_lemma_02_001.smt2.slack.smt2,unsat,2.256582736968994
/20180326-Bromberger/more_slacked/cut_lemmas/20-vars/cut_lemma_03_016.smt2.slack.smt2,unsat,5.635525703430176
/20180326-Bromberger/more_slacked/cut_lemmas/20-vars/cut_lemma_01_008.smt2.slack.smt2,unsat,0.005478620529174805
/20180326-Bromberger/more_slacked/cut_lemmas/20-vars/cut_lemma_01_012.smt2.slack.smt2,unsat,29.704989671707153
/20180326-Bromberger/more_slacked/cut_lemmas/20-vars/cut_lemma_03_009.smt2.slack.smt2,unsat,0.16873884201049805
/20180326-Bromberger/more_slacked/cut_lemmas/20-vars/cut_lemma_02_016.smt2.slack.smt2,unsat,0.6014306545257568
/20180326-Bromberger/more_slacked/cut_lemmas/20-vars/cut_lemma_01_015.smt2.slack.smt2,unsat,0.004671812057495117
/20180326-Bromberger/more_slacked/cut_lemmas/20-vars/cut_lemma_01_016.smt2.slack.smt2,unsat,0.022727489471435547
/20180326-Bromberger/more_slacked/cut_lemmas/20-vars/cut_lemma_03_015.smt2.slack.smt2,unsat,0.09150886535644531
/20180326-Bromberger/more_slacked/cut_lemmas/20-vars/cut_lemma_03_002.smt2.slack.smt2,unsat,6.437552452087402
/20180326-Bromberger/more_slacked/cut_lemmas/20-vars/cut_lemma_03_006.smt2.slack.smt2,unsat,0.005288600921630859
/20180326-Bromberger/more_slacked/cut_lemmas/20-vars/cut_lemma_03_014.smt2.slack.smt2,unsat,0.33919334411621094
/20180326-Bromberger/more_slacked/cut_lemmas/20-vars/cut_lemma_01_004.smt2.slack.smt2,unsat,0.7742655277252197
/20180326-Bromberger/more_slacked/cut_lemmas/20-vars/cut_lemma_03_018.smt2.slack.smt2,unsat,0.5754773616790771
/20180326-Bromberger/more_slacked/cut_lemmas/20-vars/cut_lemma_02_002.smt2.slack.smt2,unsat,0.454007625579834
/20180326-Bromberger/more_slacked/cut_lemmas/20-vars/cut_lemma_03_008.smt2.slack.smt2,unsat,0.005312919616699219
/20180326-Bromberger/more_slacked/cut_lemmas/20-vars/cut_lemma_01_006.smt2.slack.smt2,unsat,0.7389423847198486
/20180326-Bromberger/more_slacked/cut_lemmas/20-vars/cut_lemma_03_003.smt2.slack.smt2,unsat,0.4311351776123047
/20180326-Bromberger/more_slacked/cut_lemmas/20-vars/cut_lemma_01_001.smt2.slack.smt2,unsat,1.955183744430542
/20180326-Bromberger/more_slacked/cut_lemmas/20-vars/cut_lemma_02_003.smt2.slack.smt2,unsat,0.5030817985534668
/20180326-Bromberger/more_slacked/cut_lemmas/20-vars/cut_lemma_03_011.smt2.slack.smt2,unsat,0.0630655288696289
/20180326-Bromberger/more_slacked/cut_lemmas/20-vars/cut_lemma_03_004.smt2.slack.smt2,unsat,0.2931528091430664
/20180326-Bromberger/more_slacked/cut_lemmas/20-vars/cut_lemma_02_004.smt2.slack.smt2,unsat,0.5531144142150879
/20180326-Bromberger/more_slacked/cut_lemmas/20-vars/cut_lemma_01_003.smt2.slack.smt2,unsat,1.319939136505127
/20180326-Bromberger/more_slacked/cut_lemmas/20-vars/cut_lemma_01_007.smt2.slack.smt2,unsat,0.0242617130279541
/20180326-Bromberger/more_slacked/cut_lemmas/20-vars/cut_lemma_02_006.smt2.slack.smt2,unsat,0.20176267623901367
/20180326-Bromberger/more_slacked/cut_lemmas/20-vars/cut_lemma_02_012.smt2.slack.smt2,unsat,1.7446041107177734
/20180326-Bromberger/more_slacked/cut_lemmas/20-vars/cut_lemma_02_005.smt2.slack.smt2,unsat,0.20133447647094727
/20180326-Bromberger/more_slacked/cut_lemmas/20-vars/cut_lemma_01_002.smt2.slack.smt2,unsat,0.7316310405731201
/20180326-Bromberger/more_slacked/cut_lemmas/20-vars/cut_lemma_03_012.smt2.slack.smt2,unsat,0.09026169776916504
/20180326-Bromberger/more_slacked/cut_lemmas/20-vars/cut_lemma_03_013.smt2.slack.smt2,unsat,1.1067874431610107
/20180326-Bromberger/more_slacked/cut_lemmas/20-vars/cut_lemma_01_005.smt2.slack.smt2,unsat,0.30630016326904297
/20180326-Bromberger/more_slacked/cut_lemmas/20-vars/cut_lemma_03_007.smt2.slack.smt2,unsat,3.6884071826934814
/20180326-Bromberger/more_slacked/cut_lemmas/20-vars/cut_lemma_01_010.smt2.slack.smt2,unsat,0.5617024898529053
/20180326-Bromberger/more_slacked/cut_lemmas/20-vars/cut_lemma_01_009.smt2.slack.smt2,unsat,0.568817138671875
/20180326-Bromberger/more_slacked/cut_lemmas/20-vars/cut_lemma_02_008.smt2.slack.smt2,unsat,0.0907890796661377
/20180326-Bromberger/more_slacked/cut_lemmas/20-vars/cut_lemma_01_011.smt2.slack.smt2,unsat,0.6587560176849365
/20180326-Bromberger/more_slacked/cut_lemmas/20-vars/cut_lemma_03_001.smt2.slack.smt2,unsat,3.5024731159210205
/20180326-Bromberger/more_slacked/cut_lemmas/20-vars/cut_lemma_03_010.smt2.slack.smt2,unsat,0.7351453304290771
/20180326-Bromberger/more_slacked/cut_lemmas/20-vars/cut_lemma_02_007.smt2.slack.smt2,unsat,0.8489987850189209
/20180326-Bromberger/more_slacked/cut_lemmas/20-vars/cut_lemma_01_014.smt2.slack.smt2,unsat,0.03650641441345215
/20180326-Bromberger/more_slacked/cut_lemmas/20-vars/cut_lemma_02_010.smt2.slack.smt2,unsat,0.8650755882263184
/20180326-Bromberger/more_slacked/cut_lemmas/20-vars/cut_lemma_03_019.smt2.slack.smt2,unsat,0.4615311622619629
/20180326-Bromberger/more_slacked/cut_lemmas/20-vars/cut_lemma_02_014.smt2.slack.smt2,unsat,3.826429843902588
/20180326-Bromberger/more_slacked/cut_lemmas/20-vars/cut_lemma_02_015.smt2.slack.smt2,unsat,0.7958459854125977
/20180326-Bromberger/more_slacked/cut_lemmas/20-vars/cut_lemma_03_017.smt2.slack.smt2,unsat,3.1009786128997803
/20180326-Bromberger/more_slacked/cut_lemmas/20-vars/cut_lemma_01_013.smt2.slack.smt2,unsat,0.6188089847564697
/20180326-Bromberger/more_slacked/cut_lemmas/20-vars/cut_lemma_02_013.smt2.slack.smt2,unsat,0.15736913681030273
/20180326-Bromberger/more_slacked/cut_lemmas/10-vars/cut_lemma_02_009.smt2.slack.smt2,unsat,0.0037856101989746094
/20180326-Bromberger/more_slacked/cut_lemmas/10-vars/cut_lemma_02_001.smt2.slack.smt2,unsat,0.003262042999267578
/20180326-Bromberger/more_slacked/cut_lemmas/10-vars/cut_lemma_01_001.smt2.slack.smt2,unsat,0.004305362701416016
/20180326-Bromberger/more_slacked/cut_lemmas/10-vars/cut_lemma_02_003.smt2.slack.smt2,unsat,0.003902435302734375
/20180326-Bromberger/more_slacked/cut_lemmas/10-vars/cut_lemma_02_005.smt2.slack.smt2,unsat,0.0043642520904541016
/20180326-Bromberger/more_slacked/cut_lemmas/10-vars/cut_lemma_02_008.smt2.slack.smt2,unsat,0.004188060760498047
/20180326-Bromberger/more_slacked/cut_lemmas/10-vars/cut_lemma_02_010.smt2.slack.smt2,unsat,0.00420689582824707
/20180326-Bromberger/more_slacked/cut_lemmas/15-vars/cut_lemma_02_009.smt2.slack.smt2,unsat,0.0068509578704833984
/20180326-Bromberger/more_slacked/cut_lemmas/15-vars/cut_lemma_03_005.smt2.slack.smt2,unsat,0.05091547966003418
/20180326-Bromberger/more_slacked/cut_lemmas/15-vars/cut_lemma_02_001.smt2.slack.smt2,unsat,0.003856658935546875
/20180326-Bromberger/more_slacked/cut_lemmas/15-vars/cut_lemma_01_008.smt2.slack.smt2,unsat,0.07216238975524902
/20180326-Bromberger/more_slacked/cut_lemmas/15-vars/cut_lemma_01_012.smt2.slack.smt2,unsat,0.003976106643676758
/20180326-Bromberger/more_slacked/cut_lemmas/15-vars/cut_lemma_03_002.smt2.slack.smt2,unsat,0.006508827209472656
/20180326-Bromberger/more_slacked/cut_lemmas/15-vars/cut_lemma_03_006.smt2.slack.smt2,unsat,0.025028705596923828
/20180326-Bromberger/more_slacked/cut_lemmas/15-vars/cut_lemma_03_014.smt2.slack.smt2,unsat,0.13760924339294434
/20180326-Bromberger/more_slacked/cut_lemmas/15-vars/cut_lemma_01_004.smt2.slack.smt2,unsat,0.0437319278717041
/20180326-Bromberger/more_slacked/cut_lemmas/15-vars/cut_lemma_02_002.smt2.slack.smt2,unsat,0.003969907760620117
/20180326-Bromberger/more_slacked/cut_lemmas/15-vars/cut_lemma_03_008.smt2.slack.smt2,unsat,0.005144834518432617
/20180326-Bromberger/more_slacked/cut_lemmas/15-vars/cut_lemma_01_006.smt2.slack.smt2,unsat,0.26122021675109863
/20180326-Bromberger/more_slacked/cut_lemmas/15-vars/cut_lemma_03_003.smt2.slack.smt2,unsat,0.07207489013671875
/20180326-Bromberger/more_slacked/cut_lemmas/15-vars/cut_lemma_01_001.smt2.slack.smt2,unsat,0.018983125686645508
/20180326-Bromberger/more_slacked/cut_lemmas/15-vars/cut_lemma_02_003.smt2.slack.smt2,unsat,0.014735221862792969
/20180326-Bromberger/more_slacked/cut_lemmas/15-vars/cut_lemma_03_011.smt2.slack.smt2,unsat,0.01519632339477539
/20180326-Bromberger/more_slacked/cut_lemmas/15-vars/cut_lemma_03_004.smt2.slack.smt2,unsat,0.004591226577758789
/20180326-Bromberger/more_slacked/cut_lemmas/15-vars/cut_lemma_02_004.smt2.slack.smt2,unsat,0.004188060760498047
/20180326-Bromberger/more_slacked/cut_lemmas/15-vars/cut_lemma_01_003.smt2.slack.smt2,unsat,0.04059171676635742
/20180326-Bromberger/more_slacked/cut_lemmas/15-vars/cut_lemma_01_007.smt2.slack.smt2,unsat,0.11964178085327148
/20180326-Bromberger/more_slacked/cut_lemmas/15-vars/cut_lemma_02_006.smt2.slack.smt2,unsat,0.014110803604125977
/20180326-Bromberger/more_slacked/cut_lemmas/15-vars/cut_lemma_02_005.smt2.slack.smt2,unsat,0.00408172607421875
/20180326-Bromberger/more_slacked/cut_lemmas/15-vars/cut_lemma_01_002.smt2.slack.smt2,unsat,0.2165989875793457
/20180326-Bromberger/more_slacked/cut_lemmas/15-vars/cut_lemma_03_012.smt2.slack.smt2,unsat,0.07814598083496094
/20180326-Bromberger/more_slacked/cut_lemmas/15-vars/cut_lemma_03_013.smt2.slack.smt2,unsat,0.00532984733581543
/20180326-Bromberger/more_slacked/cut_lemmas/15-vars/cut_lemma_01_005.smt2.slack.smt2,unsat,0.05338263511657715
/20180326-Bromberger/more_slacked/cut_lemmas/15-vars/cut_lemma_03_007.smt2.slack.smt2,unsat,0.014970779418945312
/20180326-Bromberger/more_slacked/cut_lemmas/15-vars/cut_lemma_01_010.smt2.slack.smt2,unsat,0.19092702865600586
/20180326-Bromberger/more_slacked/cut_lemmas/15-vars/cut_lemma_01_009.smt2.slack.smt2,unsat,0.04546189308166504
/20180326-Bromberger/more_slacked/cut_lemmas/15-vars/cut_lemma_02_008.smt2.slack.smt2,unsat,0.005529880523681641
/20180326-Bromberger/more_slacked/cut_lemmas/15-vars/cut_lemma_01_011.smt2.slack.smt2,unsat,0.25049877166748047
/20180326-Bromberger/more_slacked/cut_lemmas/15-vars/cut_lemma_03_001.smt2.slack.smt2,unsat,0.004168033599853516
/20180326-Bromberger/more_slacked/cut_lemmas/15-vars/cut_lemma_03_010.smt2.slack.smt2,unsat,0.061472415924072266
/20180326-Bromberger/more_slacked/cut_lemmas/15-vars/cut_lemma_01_014.smt2.slack.smt2,unsat,0.27509403228759766
/20180326-Bromberger/more_slacked/cut_lemmas/15-vars/cut_lemma_01_013.smt2.slack.smt2,unsat,0.2007920742034912
/2019-ezsmt/routingMax/SCC/p50.56.smt2,sat,0.3459353446960449
/2019-ezsmt/routingMin/SCC/d40.5.smt2,sat,0.03017735481262207
/2019-ezsmt/routingMin/SCC/d80.3.smt2,sat,0.04008626937866211
/2019-ezsmt/routingMin/SCC/d90.7.smt2,sat,0.026302099227905273
/2019-ezsmt/routingMin/SCC/d70.3.smt2,sat,0.02583456039428711
/2019-ezsmt/routingMin/SCC/d130.1.smt2,sat,0.028924942016601562
/2019-ezsmt/routingMin/SCC/d60.2.smt2,sat,0.07624149322509766
/2019-ezsmt/routingMin/SCC/d120.7.smt2,sat,0.02236485481262207
/2019-ezsmt/routingMin/SCC/d50.9.smt2,sat,0.04068112373352051
/2019-ezsmt/routingMin/SCC/d100.1.smt2,sat,0.029379844665527344
/2019-ezsmt/routingMin/SCC/d110.6.smt2,sat,0.03725242614746094
/2019-ezsmt/travellingSalesperson/SCC/tsp_rand_70_300_1155482584_5.lp.smt2,sat,0.2686192989349365
/2019-ezsmt/travellingSalesperson/SCC/rand_70_300_1155482584_7.lp.smt2,sat,12.029459714889526
/2019-ezsmt/travellingSalesperson/SCC/dom_rand_70_300_1155482584_3.lp.smt2,sat,0.14856195449829102
/2019-ezsmt/travellingSalesperson/SCC/rand_70_300_1155482584_12.lp.smt2,sat,4.309227705001831
/2019-ezsmt/travellingSalesperson/SCC/rand_70_300_1155482584_3.lp.smt2,sat,11.436440706253052
/2019-ezsmt/travellingSalesperson/SCC/rand_80_340_1159656267_10.lp.smt2,sat,13.209962129592896
/2019-ezsmt/travellingSalesperson/SCC/rand_70_300_1155482584_5.lp.smt2,sat,0.16589713096618652
/2019-ezsmt/travellingSalesperson/SCC/rand_80_340_1159656267_11.lp.smt2,sat,24.978192806243896
/2019-ezsmt/travellingSalesperson/SCC/tsp_rand_70_300_1155482584_12.lp.smt2,sat,0.4958620071411133
/2019-ezsmt/travellingSalesperson/SCC/rand_70_300_1155482584_4.lp.smt2,sat,13.526079893112183
/2019-ezsmt/travellingSalesperson/SCC/rand_80_340_1159656267_16.lp.smt2,sat,16.990171670913696
/2019-ezsmt/travellingSalesperson/SCC/rand_80_340_1159656267_13.lp.smt2,sat,12.984316110610962
/2019-ezsmt/travellingSalesperson/SCC/tsp_rand_70_300_1155482584_0.lp.smt2,sat,0.15741324424743652
/2019-ezsmt/travellingSalesperson/SCC/rand_80_340_1159656267_6.lp.smt2,sat,28.157843112945557
/2019-ezsmt/travellingSalesperson/SCC/tsp_rand_70_300_1155482584_14.lp.smt2,sat,4.502450227737427
/2019-ezsmt/travellingSalesperson/SCC/rand_80_340_1159656267_15.lp.smt2,sat,0.1757659912109375
/2019-ezsmt/travellingSalesperson/SCC/tsp_rand_70_300_1155482584_11.lp.smt2,sat,5.796921253204346
/2019-ezsmt/travellingSalesperson/SCC/rand_70_300_1155482584_14.lp.smt2,sat,12.024497270584106
/2019-ezsmt/travellingSalesperson/SCC/rand_70_300_1155482584_11.lp.smt2,sat,1.2351264953613281
/2019-ezsmt/travellingSalesperson/SCC/tsp_rand_70_300_1155482584_8.lp.smt2,sat,10.557321786880493
/2019-ezsmt/travellingSalesperson/SCC/tsp_rand_70_300_1155482584_7.lp.smt2,sat,4.111917972564697
/2019-ezsmt/travellingSalesperson/SCC/rand_70_300_1155482584_9.lp.smt2,sat,11.496958494186401
/2019-ezsmt/travellingSalesperson/SCC/tsp_rand_70_300_1155482584_9.lp.smt2,sat,7.41963791847229
/2019-ezsmt/travellingSalesperson/SCC/rand_80_340_1159656267_17.lp.smt2,sat,11.630780458450317
/2019-ezsmt/travellingSalesperson/SCC/rand_70_300_1155482584_0.lp.smt2,sat,11.777801990509033
/2019-ezsmt/travellingSalesperson/SCC/rand_80_340_1159656267_0.lp.smt2,sat,13.185059547424316
/2019-ezsmt/travellingSalesperson/SCC/rand_70_300_1155482584_8.lp.smt2,sat,3.2785019874572754
/2019-ezsmt/travellingSalesperson/SCC/rand_80_340_1159656267_4.lp.smt2,sat,12.075823545455933
/2019-ezsmt/travellingSalesperson/SCC/rand_80_340_1159656267_18.lp.smt2,sat,0.17243647575378418
/2019-ezsmt/travellingSalesperson/SCC/tsp_rand_70_300_1155482584_4.lp.smt2,sat,9.644398212432861
/2019-ezsmt/incrementalScheduling/383-incremental_scheduling-75000-0.smt2,failed,1200.0
/2019-ezsmt/incrementalScheduling/141-incremental_scheduling-17280-0.smt2,sat,0.061305999755859375
/2019-ezsmt/incrementalScheduling/379-incremental_scheduling-78325-0.smt2,unsat,0.07033085823059082
/2019-ezsmt/incrementalScheduling/219-incremental_scheduling-28080-0.smt2,sat,0.11943221092224121
/2019-ezsmt/incrementalScheduling/115-incremental_scheduling-17280-0.smt2,sat,0.10929369926452637
/2019-ezsmt/incrementalScheduling/064-incremental_scheduling-15092-0.smt2,unsat,0.9245364665985107
/2019-ezsmt/incrementalScheduling/102-incremental_scheduling-18468-0.smt2,unsat,0.05123114585876465
/2019-ezsmt/incrementalScheduling/214-incremental_scheduling-27000-0.smt2,sat,0.3576483726501465
/2019-ezsmt/incrementalScheduling/090-incremental_scheduling-15444-0.smt2,unsat,0.03070998191833496
/2019-ezsmt/incrementalScheduling/105-incremental_scheduling-17280-0.smt2,sat,0.10271692276000977
/2019-ezsmt/incrementalScheduling/329-incremental_scheduling-50260-0.smt2,unsat,0.057845354080200195
/2019-ezsmt/incrementalScheduling/182-incremental_scheduling-17280-0.smt2,sat,0.09884333610534668
/2019-ezsmt/incrementalScheduling/099-incremental_scheduling-15631-0.smt2,unsat,0.036197662353515625
/2019-ezsmt/incrementalScheduling/251-incremental_scheduling-40518-0.smt2,unsat,0.04935431480407715
/2019-ezsmt/incrementalScheduling/305-incremental_scheduling-50100-0.smt2,unsat,0.055708885192871094
/2019-ezsmt/incrementalScheduling/295-incremental_scheduling-40626-0.smt2,failed,1200.0
/2019-ezsmt/incrementalScheduling/165-incremental_scheduling-18180-0.smt2,unsat,0.10313057899475098
/2019-ezsmt/incrementalScheduling/170-incremental_scheduling-18108-0.smt2,unsat,0.04470181465148926
/2019-ezsmt/incrementalScheduling/241-incremental_scheduling-28320-0.smt2,unsat,0.05144500732421875
/2019-ezsmt/incrementalScheduling/298-incremental_scheduling-40824-0.smt2,unsat,0.04468345642089844
/2019-ezsmt/incrementalScheduling/359-incremental_scheduling-75000-0.smt2,failed,1200.0
/2019-ezsmt/incrementalScheduling/135-incremental_scheduling-17280-0.smt2,sat,0.14400959014892578
/2019-ezsmt/incrementalScheduling/153-incremental_scheduling-17280-0.smt2,sat,0.034784555435180664
/2019-ezsmt/incrementalScheduling/140-incremental_scheduling-18576-0.smt2,sat,0.15999317169189453
/2019-ezsmt/incrementalScheduling/360-incremental_scheduling-75000-0.smt2,failed,1200.0
/2019-ezsmt/incrementalScheduling/264-incremental_scheduling-40968-0.smt2,unsat,0.053000688552856445
/2019-ezsmt/incrementalScheduling/332-incremental_scheduling-50480-0.smt2,unsat,0.05899381637573242
/2019-ezsmt/incrementalScheduling/138-incremental_scheduling-17280-0.smt2,sat,0.16283226013183594
/2019-ezsmt/incrementalScheduling/289-incremental_scheduling-38880-0.smt2,failed,1200.0
/2019-ezsmt/incrementalScheduling/258-incremental_scheduling-40698-0.smt2,unsat,20.007720708847046
/2019-ezsmt/weightedSequence/29-treeWeight-431-8leaves.smt2,sat,0.3350398540496826
/2019-ezsmt/weightedSequence/28-treeWeight-411-8leaves.smt2,sat,0.08392930030822754
/2019-ezsmt/weightedSequence/03-treeWeight-679-8leaves.smt2,sat,0.21271610260009766
/2019-ezsmt/weightedSequence/08-treeWeight-591-8leaves.smt2,sat,0.3206775188446045
/2019-ezsmt/weightedSequence/01-treeWeight-495-8leaves.smt2,sat,0.3324277400970459
/2019-ezsmt/weightedSequence/22-treeWeight-641-8leaves.smt2,sat,0.1689608097076416
/2019-ezsmt/weightedSequence/09-treeWeight-729-8leaves.smt2,sat,0.11864638328552246
/2019-ezsmt/weightedSequence/15-treeWeight-228-8leaves.smt2,sat,0.07985091209411621
/2019-ezsmt/weightedSequence/07-treeWeight-569-8leaves.smt2,sat,0.1527402400970459
/2019-ezsmt/weightedSequence/11-treeWeight-302-8leaves.smt2,sat,0.18870949745178223
/2019-ezsmt/weightedSequence/30-treeWeight-486-8leaves.smt2,sat,0.10165596008300781
/2019-ezsmt/weightedSequence/02-treeWeight-570-8leaves.smt2,sat,0.22771811485290527
/2019-ezsmt/weightedSequence/17-treeWeight-351-8leaves.smt2,sat,0.2676215171813965
/2019-ezsmt/weightedSequence/10-treeWeight-445-8leaves.smt2,sat,0.04549717903137207
/2019-ezsmt/weightedSequence/26-treeWeight-528-8leaves.smt2,sat,0.11405587196350098
/2019-ezsmt/weightedSequence/27-treeWeight-542-8leaves.smt2,sat,0.2823348045349121
/2019-ezsmt/weightedSequence/24-treeWeight-533-8leaves.smt2,sat,0.26003003120422363
/2019-ezsmt/weightedSequence/23-treeWeight-542-8leaves.smt2,sat,0.30618977546691895
/2019-ezsmt/weightedSequence/04-treeWeight-560-8leaves.smt2,sat,0.09987902641296387
/2019-ezsmt/weightedSequence/06-treeWeight-739-8leaves.smt2,sat,0.07193827629089355
/2019-ezsmt/weightedSequence/12-treeWeight-651-8leaves.smt2,sat,0.04008007049560547
/2019-ezsmt/weightedSequence/16-treeWeight-281-8leaves.smt2,sat,0.2431507110595703
/2019-ezsmt/weightedSequence/20-treeWeight-544-8leaves.smt2,sat,0.24818730354309082
/2019-ezsmt/weightedSequence/14-treeWeight-537-8leaves.smt2,sat,0.09561824798583984
/2019-ezsmt/weightedSequence/19-treeWeight-772-8leaves.smt2,sat,0.19762706756591797
/2019-ezsmt/weightedSequence/05-treeWeight-497-8leaves.smt2,sat,0.06527352333068848
/2019-ezsmt/weightedSequence/13-treeWeight-513-8leaves.smt2,sat,0.1518549919128418
/2019-ezsmt/weightedSequence/21-treeWeight-714-8leaves.smt2,sat,0.04547762870788574
/2019-ezsmt/weightedSequence/25-treeWeight-539-8leaves.smt2,sat,0.3069419860839844
/2019-ezsmt/weightedSequence/18-treeWeight-375-8leaves.smt2,sat,0.05491185188293457
/2019-ezsmt/Labyrinth/SCC/0143-labyrinth-14-0.smt2,failed,1200.0
/2019-ezsmt/Labyrinth/SCC/0051-labyrinth-12-0.smt2,failed,1200.0
/2019-ezsmt/Labyrinth/SCC/0084-labyrinth-17-0.smt2,failed,1200.0
/2019-ezsmt/Labyrinth/SCC/0003-labyrinth-11-0.smt2,failed,1200.0
/2019-ezsmt/Labyrinth/SCC/0092-labyrinth-17-0.smt2,failed,1200.0
/2019-ezsmt/Labyrinth/SCC/0110-labyrinth-16-0.smt2,failed,1200.0
/2019-ezsmt/Labyrinth/SCC/0198-labyrinth-19-0.smt2,failed,1200.0
/2019-ezsmt/Labyrinth/SCC/0075-labyrinth-13-0.smt2,failed,1200.0
/2019-ezsmt/Labyrinth/SCC/0036-labyrinth-17-0.smt2,failed,1200.0
/2019-ezsmt/Labyrinth/SCC/0043-labyrinth-13-0.smt2,failed,1200.0
/2019-ezsmt/Labyrinth/SCC/0100-labyrinth-17-0.smt2,failed,1200.0
/2019-ezsmt/Labyrinth/SCC/0018-labyrinth-11-0.smt2,failed,1200.0
/2019-ezsmt/Labyrinth/SCC/0206-labyrinth-20-0.smt2,failed,1200.0
/2019-ezsmt/Labyrinth/SCC/0150-labyrinth-16-0.smt2,failed,1200.0
/2019-ezsmt/Labyrinth/SCC/0159-labyrinth-20-0.smt2,failed,1200.0
/2019-ezsmt/Labyrinth/SCC/0165-labyrinth-13-0.smt2,failed,1200.0
/2019-ezsmt/Labyrinth/SCC/0011-labyrinth-12-0.smt2,failed,1200.0
/2019-ezsmt/Labyrinth/SCC/0067-labyrinth-18-0.smt2,failed,1200.0
/2019-ezsmt/Labyrinth/SCC/0059-labyrinth-13-0.smt2,failed,1200.0
/2019-ezsmt/Labyrinth/SCC/0028-labyrinth-12-0.smt2,failed,1200.0
/2019-ezsmt/Labyrinth/SCC/0132-labyrinth-12-0.smt2,failed,1200.0
/2019-ezsmt/Labyrinth/SCC/0175-labyrinth-15-0.smt2,failed,1200.0
/pb2010/normalized-j6027_4-unsat.smt2,unsat,0.17780470848083496
/pb2010/normalized-j12016_4-sat.smt2,failed,1200.0
/pb2010/normalized-j906_2-sat.smt2,sat,178.09102368354797
/pb2010/normalized-j3020_1-sat.smt2,sat,0.3539307117462158
/pb2010/normalized-j12041_4-unsat.smt2,failed,1200.0
/pb2010/normalized-j12032_8-unsat.smt2,failed,1200.0
/pb2010/normalized-j12034_4-sat.smt2,failed,1200.0
/pb2010/normalized-j9028_2-unsat.smt2,unsat,0.2807784080505371
/pb2010/normalized-j1208_10-unsat.smt2,failed,1200.0
/pb2010/normalized-j12021_4-sat.smt2,failed,1200.0
/pb2010/normalized-j9048_1-unsat.smt2,unsat,0.37348461151123047
/pb2010/normalized-j12013_1-unsat.smt2,unsat,0.6957323551177979
/pb2010/normalized-j6013_2-unsat.smt2,failed,1200.0
/pb2010/normalized-j6041_4-sat.smt2,failed,1200.0
/pb2010/normalized-j6035_10-sat.smt2,sat,1.643103837966919
/pb2010/normalized-j12033_3-sat.smt2,failed,1200.0
/pb2010/normalized-j309_10-unsat.smt2,failed,1200.0
/pb2010/normalized-j6010_2-unsat.smt2,unsat,0.16739654541015625
/pb2010/normalized-j602_7-unsat.smt2,unsat,0.49443936347961426
/pb2010/normalized-j12037_7-sat.smt2,failed,1200.0
/pb2010/normalized-j12056_10-unsat.smt2,failed,1200.0
/pb2010/normalized-j605_1-unsat.smt2,failed,1200.0
/pb2010/normalized-j12027_7-unsat.smt2,failed,1200.0
/pb2010/normalized-j301_4-unsat.smt2,unsat,1.0778167247772217
/pb2010/normalized-j9015_10-unsat.smt2,unsat,0.34026455879211426
/pb2010/normalized-j308_6-sat.smt2,sat,0.1977550983428955
/pb2010/normalized-j12047_10-unsat.smt2,failed,1200.0
/pb2010/normalized-j3025_7-sat.smt2,failed,1200.0
/pb2010/normalized-j1205_1-unsat.smt2,unsat,0.5687811374664307
/pb2010/normalized-j1209_4-sat.smt2,failed,1200.0
/pb2010/normalized-1096.cudf.paranoid.smt2,sat,0.0031325817108154297
/pb2010/normalized-j6015_4-sat.smt2,sat,2.9641268253326416
/pb2010/normalized-j12015_3-unsat.smt2,unsat,0.5371592044830322
/pb2010/normalized-j3025_1-sat.smt2,failed,1200.0
/pb2010/normalized-j3029_6-sat.smt2,failed,1200.0
/pb2010/normalized-j6022_1-sat.smt2,sat,13.56925654411316
/pb2010/normalized-j308_1-unsat.smt2,unsat,0.05696868896484375
/pb2010/normalized-j3027_8-sat.smt2,sat,1.680894374847412
/pb2010/normalized-j12038_8-unsat.smt2,failed,1200.0
/pb2010/normalized-j1203_2-sat.smt2,sat,221.40277814865112
/pb2010/normalized-j9035_5-sat.smt2,sat,8.476846694946289
/pb2010/normalized-j12023_3-unsat.smt2,unsat,0.6174185276031494
/pb2010/normalized-j6030_9-unsat.smt2,unsat,0.31520533561706543
/pb2010/normalized-j907_8-unsat.smt2,unsat,0.23839426040649414
/pb2010/normalized-j9027_5-sat.smt2,sat,8.566002607345581
/pb2010/normalized-j12032_3-unsat.smt2,failed,1200.0
/pb2010/normalized-j605_7-sat.smt2,failed,1200.0
/pb2010/normalized-j9042_5-sat.smt2,failed,1200.0
/pb2010/normalized-j12026_5-unsat.smt2,failed,1200.0
/pb2010/normalized-j9043_2-sat.smt2,sat,32.244182109832764
/pb2010/normalized-j12036_3-sat.smt2,failed,1200.0
/pb2010/normalized-j9014_1-unsat.smt2,unsat,0.30806517601013184
/pb2010/normalized-j605_10-unsat.smt2,failed,1200.0
/pb2010/normalized-j9010_8-sat.smt2,failed,1200.0
/pb2010/normalized-j9035_1-unsat.smt2,unsat,1.6911845207214355
/pb2010/normalized-j6048_4-sat.smt2,sat,1.5214388370513916
/pb2010/normalized-j309_9-sat.smt2,failed,1200.0
/pb2010/normalized-j3037_5-sat.smt2,sat,15.27839732170105
/pb2010/normalized-j6040_1-sat.smt2,sat,1.018862009048462
/pb2010/normalized-j9010_6-unsat.smt2,unsat,0.3863236904144287
/pb2010/normalized-j3029_8-unsat.smt2,failed,1200.0
/pb2010/normalized-j903_10-unsat.smt2,unsat,0.33194828033447266
/pb2010/normalized-j12045_10-sat.smt2,sat,235.84888434410095
/pb2010/normalized-j603_2-unsat.smt2,unsat,0.17278170585632324
/pb2010/normalized-j9012_2-unsat.smt2,unsat,0.2880878448486328
/pb2010/normalized-j12058_4-sat.smt2,failed,1200.0
/pb2010/normalized-j6033_2-unsat.smt2,unsat,0.3025941848754883
/pb2010/normalized-j9012_5-sat.smt2,sat,24.442211151123047
/pb2010/normalized-j3031_7-sat.smt2,sat,1.046020269393921
/pb2010/normalized-j9039_3-unsat.smt2,unsat,0.3773922920227051
/pb2010/normalized-j606_1-unsat.smt2,unsat,0.15285801887512207
/pb2010/normalized-j3046_4-unsat.smt2,unsat,8.97757363319397
/pb2010/normalized-j12036_4-sat.smt2,failed,1200.0
/pb2010/normalized-j3024_4-sat.smt2,sat,0.5298795700073242
/pb2010/normalized-j3041_4-unsat.smt2,failed,1200.0
/pb2010/normalized-j3048_8-sat.smt2,sat,0.22967219352722168
/pb2010/normalized-j12010_10-sat.smt2,sat,63.864266872406006
/pb2010/normalized-j12022_9-sat.smt2,failed,1200.0
/pb2010/normalized-j12052_5-unsat.smt2,failed,1200.0
/pb2010/normalized-j6018_3-sat.smt2,sat,3.291266441345215
/pb2010/normalized-j1201_5-sat.smt2,failed,1200.0
/RWS/Example_19.txt.smt2,failed,1200.0
/RWS/Example_14.txt.smt2,sat,0.33393239974975586
/RWS/Example_8.txt.smt2,sat,0.5431966781616211
/RWS/Example_10.txt.smt2,failed,1200.0
/RWS/Example_16.txt.smt2,sat,1.149566650390625
/RWS/Example_12.txt.smt2,sat,16.646931648254395
/RWS/Example_2.txt.smt2,sat,0.08105731010437012
/RWS/Example_13.txt.smt2,sat,1.0535087585449219
/RWS/Example_1.txt.smt2,sat,0.13884735107421875
/RWS/Example_7.txt.smt2,failed,1200.0
/RWS/Example_6.txt.smt2,sat,0.08539009094238281
/RWS/Example_5.txt.smt2,sat,0.24209856986999512
/RWS/Example_9.txt.smt2,failed,1200.0
/RWS/Example_11.txt.smt2,sat,60.24771690368652
/RWS/Example_18.txt.smt2,failed,1200.0
/RWS/Example_3.txt.smt2,sat,1.4152357578277588
/RWS/Example_4.txt.smt2,sat,0.1782240867614746
/RWS/Example_17.txt.smt2,sat,3.336027145385742
/RWS/Example_20.txt.smt2,failed,1200.0
/RWS/Example_15.txt.smt2,failed,1200.0
/20220307-SMPT/MAPK-PT-00640/RC-02.smt2,sat,0.0032372474670410156
/20220307-SMPT/MAPK-PT-00640/RF-12.smt2,sat,0.0041484832763671875
/20220307-SMPT/MAPK-PT-00640/RC-03.smt2,sat,0.005120277404785156
/20220307-SMPT/MAPK-PT-00640/RF-02.smt2,sat,0.004630327224731445
/20220307-SMPT/MAPK-PT-00640/RC-11.smt2,unsat,0.0036973953247070312
/20220307-SMPT/MAPK-PT-00640/RF-03.smt2,sat,0.0047092437744140625
/20220307-SMPT/MAPK-PT-00640/RC-01.smt2,sat,0.004544734954833984
/20220307-SMPT/MAPK-PT-00640/RF-00.smt2,sat,0.00526738166809082
/20220307-SMPT/MAPK-PT-00640/RC-04.smt2,sat,0.004949808120727539
/20220307-SMPT/MAPK-PT-00640/RF-11.smt2,unsat,0.006474733352661133
/20220307-SMPT/MAPK-PT-00640/RC-13.smt2,sat,0.00539851188659668
/20220307-SMPT/MAPK-PT-00640/RC-06.smt2,sat,0.0048754215240478516
/20220307-SMPT/MAPK-PT-00640/RC-14.smt2,sat,0.004862785339355469
/20220307-SMPT/MAPK-PT-00640/RC-10.smt2,sat,0.004506111145019531
/20220307-SMPT/MAPK-PT-00640/RF-04.smt2,sat,0.004101991653442383
/20220307-SMPT/MAPK-PT-00640/RF-01.smt2,sat,0.0055429935455322266
/20220307-SMPT/MAPK-PT-00640/RF-13.smt2,sat,0.005945682525634766
/20220307-SMPT/MAPK-PT-00640/RC-05.smt2,unsat,0.0031468868255615234
/20220307-SMPT/MAPK-PT-00640/RC-00.smt2,sat,0.005087137222290039
/20220307-SMPT/MAPK-PT-00640/RF-07.smt2,sat,0.005730390548706055
/20220307-SMPT/MAPK-PT-00640/RF-10.smt2,sat,0.004125356674194336
/20220307-SMPT/MAPK-PT-00640/RF-08.smt2,sat,0.004738807678222656
/20220307-SMPT/MAPK-PT-00640/RC-08.smt2,sat,0.005792140960693359
/20220307-SMPT/MAPK-PT-00640/RF-15.smt2,sat,0.006296396255493164
/20220307-SMPT/MAPK-PT-00640/RF-09.smt2,unsat,0.004522800445556641
/20220307-SMPT/MAPK-PT-00640/RC-07.smt2,sat,0.00421905517578125
/20220307-SMPT/MAPK-PT-00640/RF-06.smt2,sat,0.004172086715698242
/20220307-SMPT/MAPK-PT-00640/RC-09.smt2,sat,0.00416874885559082
/20220307-SMPT/MAPK-PT-00640/RC-15.smt2,sat,0.003612995147705078
/20220307-SMPT/MAPK-PT-00640/RC-12.smt2,sat,0.004724740982055664
/20220307-SMPT/MAPK-PT-00640/RF-14.smt2,sat,0.00503993034362793
/20220307-SMPT/HypertorusGrid-PT-d2k1p8b00/RC-02.smt2,sat,0.0038611888885498047
/20220307-SMPT/HypertorusGrid-PT-d2k1p8b00/RF-12.smt2,unsat,0.004225015640258789
/20220307-SMPT/HypertorusGrid-PT-d2k1p8b00/RC-03.smt2,sat,0.003887653350830078
/20220307-SMPT/HypertorusGrid-PT-d2k1p8b00/RF-02.smt2,unsat,0.003791332244873047
/20220307-SMPT/HypertorusGrid-PT-d2k1p8b00/RC-11.smt2,unsat,0.0036842823028564453
/20220307-SMPT/HypertorusGrid-PT-d2k1p8b00/RF-03.smt2,unsat,0.003537416458129883
/20220307-SMPT/HypertorusGrid-PT-d2k1p8b00/RC-01.smt2,sat,0.004595756530761719
/20220307-SMPT/HypertorusGrid-PT-d2k1p8b00/RF-00.smt2,sat,0.003081083297729492
/20220307-SMPT/HypertorusGrid-PT-d2k1p8b00/RC-04.smt2,sat,0.00405573844909668
/20220307-SMPT/HypertorusGrid-PT-d2k1p8b00/RF-11.smt2,unsat,0.0036001205444335938
/20220307-SMPT/HypertorusGrid-PT-d2k1p8b00/RC-13.smt2,unsat,0.0036423206329345703
/20220307-SMPT/HypertorusGrid-PT-d2k1p8b00/RC-06.smt2,unsat,0.004507303237915039
/20220307-SMPT/HypertorusGrid-PT-d2k1p8b00/RC-14.smt2,sat,0.004222869873046875
/20220307-SMPT/HypertorusGrid-PT-d2k1p8b00/RC-10.smt2,sat,0.005036592483520508
/20220307-SMPT/HypertorusGrid-PT-d2k1p8b00/RF-04.smt2,unsat,0.0062525272369384766
/20220307-SMPT/HypertorusGrid-PT-d2k1p8b00/RF-01.smt2,unsat,0.005112171173095703
/20220307-SMPT/HypertorusGrid-PT-d2k1p8b00/RF-13.smt2,unsat,0.0035610198974609375
/20220307-SMPT/HypertorusGrid-PT-d2k1p8b00/RC-05.smt2,sat,0.004293203353881836
/20220307-SMPT/HypertorusGrid-PT-d2k1p8b00/RC-00.smt2,sat,0.004398345947265625
/20220307-SMPT/HypertorusGrid-PT-d2k1p8b00/RF-05.smt2,unsat,0.00376129150390625
/20220307-SMPT/HypertorusGrid-PT-d2k1p8b00/RF-07.smt2,unsat,0.0046389102935791016
/20220307-SMPT/HypertorusGrid-PT-d2k1p8b00/RF-10.smt2,unsat,0.003492116928100586
/20220307-SMPT/HypertorusGrid-PT-d2k1p8b00/RF-08.smt2,unsat,0.003975391387939453
/20220307-SMPT/HypertorusGrid-PT-d2k1p8b00/RC-08.smt2,unsat,0.004523754119873047
/20220307-SMPT/HypertorusGrid-PT-d2k1p8b00/RF-15.smt2,unsat,0.0023508071899414062
/20220307-SMPT/HypertorusGrid-PT-d2k1p8b00/RF-09.smt2,unsat,0.0029134750366210938
/20220307-SMPT/HypertorusGrid-PT-d2k1p8b00/RC-07.smt2,unsat,0.003776073455810547
/20220307-SMPT/HypertorusGrid-PT-d2k1p8b00/RF-06.smt2,unsat,0.0042498111724853516
/20220307-SMPT/HypertorusGrid-PT-d2k1p8b00/RC-09.smt2,sat,0.00487971305847168
/20220307-SMPT/HypertorusGrid-PT-d2k1p8b00/RC-15.smt2,sat,0.0032973289489746094
/20220307-SMPT/HypertorusGrid-PT-d2k1p8b00/RC-12.smt2,sat,0.005044460296630859
/20220307-SMPT/HypertorusGrid-PT-d2k1p8b00/RF-14.smt2,unsat,0.0032765865325927734
/20220307-SMPT/NeighborGrid-PT-d2n3m1t12/RC-02.smt2,unsat,0.004664421081542969
/20220307-SMPT/NeighborGrid-PT-d2n3m1t12/RF-12.smt2,unsat,0.0022754669189453125
/20220307-SMPT/NeighborGrid-PT-d2n3m1t12/RC-03.smt2,unsat,0.0025491714477539062
/20220307-SMPT/NeighborGrid-PT-d2n3m1t12/RF-02.smt2,unsat,0.003638029098510742
/20220307-SMPT/NeighborGrid-PT-d2n3m1t12/RC-11.smt2,unsat,0.004080057144165039
/20220307-SMPT/NeighborGrid-PT-d2n3m1t12/RF-03.smt2,unsat,0.0022859573364257812
/20220307-SMPT/NeighborGrid-PT-d2n3m1t12/RC-01.smt2,unsat,0.0037276744842529297
/20220307-SMPT/NeighborGrid-PT-d2n3m1t12/RF-00.smt2,unsat,0.0038220882415771484
/20220307-SMPT/NeighborGrid-PT-d2n3m1t12/RC-04.smt2,sat,0.0030977725982666016
/20220307-SMPT/NeighborGrid-PT-d2n3m1t12/RF-11.smt2,unsat,0.005620241165161133
/20220307-SMPT/NeighborGrid-PT-d2n3m1t12/RC-13.smt2,unsat,0.0029304027557373047
/20220307-SMPT/NeighborGrid-PT-d2n3m1t12/RC-06.smt2,unsat,0.00278472900390625
/20220307-SMPT/NeighborGrid-PT-d2n3m1t12/RC-14.smt2,sat,0.0026013851165771484
/20220307-SMPT/NeighborGrid-PT-d2n3m1t12/RC-10.smt2,unsat,0.004038095474243164
/20220307-SMPT/NeighborGrid-PT-d2n3m1t12/RF-04.smt2,unsat,0.003712177276611328
/20220307-SMPT/NeighborGrid-PT-d2n3m1t12/RF-01.smt2,sat,0.003859281539916992
/20220307-SMPT/NeighborGrid-PT-d2n3m1t12/RF-13.smt2,unsat,0.0034685134887695312
/20220307-SMPT/NeighborGrid-PT-d2n3m1t12/RC-05.smt2,unsat,0.0019290447235107422
/20220307-SMPT/NeighborGrid-PT-d2n3m1t12/RC-00.smt2,unsat,0.0034685134887695312
/20220307-SMPT/NeighborGrid-PT-d2n3m1t12/RF-05.smt2,sat,0.003287792205810547
/20220307-SMPT/NeighborGrid-PT-d2n3m1t12/RF-07.smt2,sat,0.004023313522338867
/20220307-SMPT/NeighborGrid-PT-d2n3m1t12/RF-10.smt2,unsat,0.00424957275390625
/20220307-SMPT/NeighborGrid-PT-d2n3m1t12/RF-08.smt2,sat,0.0036818981170654297
/20220307-SMPT/NeighborGrid-PT-d2n3m1t12/RC-08.smt2,unsat,0.003555774688720703
/20220307-SMPT/NeighborGrid-PT-d2n3m1t12/RF-15.smt2,sat,0.002886533737182617
/20220307-SMPT/NeighborGrid-PT-d2n3m1t12/RF-09.smt2,unsat,0.0029191970825195312
/20220307-SMPT/NeighborGrid-PT-d2n3m1t12/RC-07.smt2,unsat,0.0033020973205566406
/20220307-SMPT/NeighborGrid-PT-d2n3m1t12/RF-06.smt2,unsat,0.003207683563232422
/20220307-SMPT/NeighborGrid-PT-d2n3m1t12/RC-09.smt2,unsat,0.003142118453979492
/20220307-SMPT/NeighborGrid-PT-d2n3m1t12/RC-15.smt2,sat,0.004303455352783203
/20220307-SMPT/NeighborGrid-PT-d2n3m1t12/RC-12.smt2,sat,0.0042459964752197266
/20220307-SMPT/NeighborGrid-PT-d2n3m1t12/RF-14.smt2,sat,0.004486083984375
/20220307-SMPT/HouseConstruction-PT-00010/RC-02.smt2,sat,0.0044362545013427734
/20220307-SMPT/HouseConstruction-PT-00010/RF-12.smt2,sat,0.003597736358642578
/20220307-SMPT/HouseConstruction-PT-00010/RC-03.smt2,sat,0.0035986900329589844
/20220307-SMPT/HouseConstruction-PT-00010/RF-02.smt2,unsat,0.003574848175048828
/20220307-SMPT/HouseConstruction-PT-00010/RC-11.smt2,sat,0.004693269729614258
/20220307-SMPT/HouseConstruction-PT-00010/RF-03.smt2,sat,0.004771709442138672
/20220307-SMPT/HouseConstruction-PT-00010/RC-01.smt2,sat,0.0040111541748046875
/20220307-SMPT/HouseConstruction-PT-00010/RF-00.smt2,sat,0.004105091094970703
/20220307-SMPT/HouseConstruction-PT-00010/RC-04.smt2,sat,0.006122589111328125
/20220307-SMPT/HouseConstruction-PT-00010/RF-11.smt2,sat,0.003976106643676758
/20220307-SMPT/HouseConstruction-PT-00010/RC-13.smt2,sat,0.005416393280029297
/20220307-SMPT/HouseConstruction-PT-00010/RC-06.smt2,sat,0.005839109420776367
/20220307-SMPT/HouseConstruction-PT-00010/RC-14.smt2,sat,0.005737781524658203
/20220307-SMPT/HouseConstruction-PT-00010/RC-10.smt2,sat,0.004052162170410156
/20220307-SMPT/HouseConstruction-PT-00010/RF-04.smt2,sat,0.004722118377685547
/20220307-SMPT/HouseConstruction-PT-00010/RF-01.smt2,sat,0.004085540771484375
/20220307-SMPT/HouseConstruction-PT-00010/RF-13.smt2,unsat,0.0032689571380615234
/20220307-SMPT/HouseConstruction-PT-00010/RC-05.smt2,unsat,0.0030341148376464844
/20220307-SMPT/HouseConstruction-PT-00010/RC-00.smt2,sat,0.004510641098022461
/20220307-SMPT/HouseConstruction-PT-00010/RF-05.smt2,sat,0.005189180374145508
/20220307-SMPT/HouseConstruction-PT-00010/RF-07.smt2,unsat,0.0024237632751464844
/20220307-SMPT/HouseConstruction-PT-00010/RF-10.smt2,sat,0.0047931671142578125
/20220307-SMPT/HouseConstruction-PT-00010/RF-08.smt2,sat,0.0031545162200927734
/20220307-SMPT/HouseConstruction-PT-00010/RC-08.smt2,sat,0.005056619644165039
/20220307-SMPT/HouseConstruction-PT-00010/RF-15.smt2,sat,0.0038640499114990234
/20220307-SMPT/HouseConstruction-PT-00010/RF-09.smt2,unsat,0.005736827850341797
/20220307-SMPT/HouseConstruction-PT-00010/RC-07.smt2,sat,0.004971027374267578
/20220307-SMPT/HouseConstruction-PT-00010/RF-06.smt2,sat,0.0052525997161865234
/20220307-SMPT/HouseConstruction-PT-00010/RC-09.smt2,sat,0.005312681198120117
/20220307-SMPT/HouseConstruction-PT-00010/RC-15.smt2,sat,0.004442930221557617
/20220307-SMPT/HouseConstruction-PT-00010/RC-12.smt2,sat,0.004716157913208008
/20220307-SMPT/HouseConstruction-PT-00010/RF-14.smt2,sat,0.005627870559692383
/20220307-SMPT/Eratosthenes-PT-010/RC-02.smt2,sat,0.003185272216796875
/20220307-SMPT/Eratosthenes-PT-010/RF-12.smt2,sat,0.003030061721801758
/20220307-SMPT/Eratosthenes-PT-010/RC-03.smt2,sat,0.004175662994384766
/20220307-SMPT/Eratosthenes-PT-010/RF-02.smt2,sat,0.003837108612060547
/20220307-SMPT/Eratosthenes-PT-010/RC-11.smt2,unsat,0.0025942325592041016
/20220307-SMPT/Eratosthenes-PT-010/RF-03.smt2,sat,0.0026726722717285156
/20220307-SMPT/Eratosthenes-PT-010/RC-01.smt2,unsat,0.002810239791870117
/20220307-SMPT/Eratosthenes-PT-010/RF-00.smt2,sat,0.003805398941040039
/20220307-SMPT/Eratosthenes-PT-010/RC-04.smt2,sat,0.002298116683959961
/20220307-SMPT/Eratosthenes-PT-010/RF-11.smt2,sat,0.0032265186309814453
/20220307-SMPT/Eratosthenes-PT-010/RC-13.smt2,sat,0.0031151771545410156
/20220307-SMPT/Eratosthenes-PT-010/RC-06.smt2,unsat,0.0023255348205566406
/20220307-SMPT/Eratosthenes-PT-010/RC-14.smt2,unsat,0.002858877182006836
/20220307-SMPT/Eratosthenes-PT-010/RC-10.smt2,sat,0.0032410621643066406
/20220307-SMPT/Eratosthenes-PT-010/RF-04.smt2,sat,0.0031747817993164062
/20220307-SMPT/Eratosthenes-PT-010/RF-01.smt2,sat,0.0026726722717285156
/20220307-SMPT/Eratosthenes-PT-010/RF-13.smt2,sat,0.0044782161712646484
/20220307-SMPT/Eratosthenes-PT-010/RC-05.smt2,unsat,0.0037174224853515625
/20220307-SMPT/Eratosthenes-PT-010/RC-00.smt2,sat,0.00548243522644043
/20220307-SMPT/Eratosthenes-PT-010/RF-05.smt2,sat,0.003574848175048828
/20220307-SMPT/Eratosthenes-PT-010/RF-07.smt2,sat,0.004052162170410156
/20220307-SMPT/Eratosthenes-PT-010/RF-10.smt2,sat,0.0027818679809570312
/20220307-SMPT/Eratosthenes-PT-010/RF-08.smt2,sat,0.0033779144287109375
/20220307-SMPT/Eratosthenes-PT-010/RC-08.smt2,sat,0.003936290740966797
/20220307-SMPT/Eratosthenes-PT-010/RF-15.smt2,sat,0.0031061172485351562
/20220307-SMPT/Eratosthenes-PT-010/RF-09.smt2,sat,0.002679109573364258
/20220307-SMPT/Eratosthenes-PT-010/RC-07.smt2,unsat,0.0030586719512939453
/20220307-SMPT/Eratosthenes-PT-010/RF-06.smt2,sat,0.0035622119903564453
/20220307-SMPT/Eratosthenes-PT-010/RC-09.smt2,sat,0.0027976036071777344
/20220307-SMPT/Eratosthenes-PT-010/RC-15.smt2,sat,0.0037572383880615234
/20220307-SMPT/Eratosthenes-PT-010/RC-12.smt2,sat,0.0048675537109375
/20220307-SMPT/Eratosthenes-PT-010/RF-14.smt2,sat,0.0033638477325439453
/20220307-SMPT/Referendum-PT-020/RC-02.smt2,unsat,0.0036737918853759766
/20220307-SMPT/Referendum-PT-020/RF-12.smt2,sat,0.0041310787200927734
/20220307-SMPT/Referendum-PT-020/RC-03.smt2,unsat,0.005006551742553711
/20220307-SMPT/Referendum-PT-020/RF-02.smt2,sat,0.005922079086303711
/20220307-SMPT/Referendum-PT-020/RC-11.smt2,unsat,0.006295919418334961
/20220307-SMPT/Referendum-PT-020/RF-03.smt2,unsat,0.0069735050201416016
/20220307-SMPT/Referendum-PT-020/RC-01.smt2,unsat,0.005369424819946289
/20220307-SMPT/Referendum-PT-020/RF-00.smt2,unsat,0.003817319869995117
/20220307-SMPT/Referendum-PT-020/RC-04.smt2,sat,0.006049156188964844
/20220307-SMPT/Referendum-PT-020/RF-11.smt2,sat,0.0043888092041015625
/20220307-SMPT/Referendum-PT-020/RC-13.smt2,unsat,0.004646778106689453
/20220307-SMPT/Referendum-PT-020/RC-06.smt2,unsat,0.005104541778564453
/20220307-SMPT/Referendum-PT-020/RC-14.smt2,unsat,0.005077362060546875
/20220307-SMPT/Referendum-PT-020/RC-10.smt2,unsat,0.00560307502746582
/20220307-SMPT/Referendum-PT-020/RF-04.smt2,unsat,0.00451970100402832
/20220307-SMPT/Referendum-PT-020/RF-01.smt2,unsat,0.005160093307495117
/20220307-SMPT/Referendum-PT-020/RF-13.smt2,sat,0.0051577091217041016
/20220307-SMPT/Referendum-PT-020/RC-05.smt2,unsat,0.005856752395629883
/20220307-SMPT/Referendum-PT-020/RC-00.smt2,unsat,0.003823518753051758
/20220307-SMPT/Referendum-PT-020/RF-05.smt2,unsat,0.004911899566650391
/20220307-SMPT/Referendum-PT-020/RF-07.smt2,unsat,0.005089521408081055
/20220307-SMPT/Referendum-PT-020/RF-10.smt2,unsat,0.005997657775878906
/20220307-SMPT/Referendum-PT-020/RF-08.smt2,sat,0.005248308181762695
/20220307-SMPT/Referendum-PT-020/RC-08.smt2,unsat,0.0075130462646484375
/20220307-SMPT/Referendum-PT-020/RF-15.smt2,sat,0.0059511661529541016
/20220307-SMPT/Referendum-PT-020/RF-09.smt2,sat,0.0070264339447021484
/20220307-SMPT/Referendum-PT-020/RC-07.smt2,unsat,0.005132913589477539
/20220307-SMPT/Referendum-PT-020/RF-06.smt2,unsat,0.005714893341064453
/20220307-SMPT/Referendum-PT-020/RC-09.smt2,unsat,0.004815816879272461
/20220307-SMPT/Referendum-PT-020/RC-15.smt2,unsat,0.00761103630065918
/20220307-SMPT/Referendum-PT-020/RC-12.smt2,sat,0.0051500797271728516
/20220307-SMPT/Referendum-PT-020/RF-14.smt2,sat,0.005469799041748047
/20220307-SMPT/BART-PT-050/RC-02.smt2,sat,0.3166637420654297
/20220307-SMPT/BART-PT-050/RF-12.smt2,sat,0.40544867515563965
/20220307-SMPT/BART-PT-050/RC-03.smt2,sat,0.3247840404510498
/20220307-SMPT/BART-PT-050/RF-02.smt2,sat,0.3453950881958008
/20220307-SMPT/BART-PT-050/RC-11.smt2,sat,0.33994030952453613
/20220307-SMPT/BART-PT-050/RF-03.smt2,sat,0.4183497428894043
/20220307-SMPT/BART-PT-050/RC-01.smt2,sat,0.3518028259277344
/20220307-SMPT/BART-PT-050/RF-00.smt2,sat,0.35747408866882324
/20220307-SMPT/BART-PT-050/RC-04.smt2,sat,0.3513181209564209
/20220307-SMPT/BART-PT-050/RF-11.smt2,sat,0.4286637306213379
/20220307-SMPT/BART-PT-050/RC-13.smt2,unsat,0.3506126403808594
/20220307-SMPT/BART-PT-050/RC-06.smt2,sat,0.42655086517333984
/20220307-SMPT/BART-PT-050/RC-14.smt2,sat,0.2846190929412842
/20220307-SMPT/BART-PT-050/RC-10.smt2,sat,0.3821883201599121
/20220307-SMPT/BART-PT-050/RF-04.smt2,sat,0.4034121036529541
/20220307-SMPT/BART-PT-050/RF-01.smt2,sat,0.29731297492980957
/20220307-SMPT/BART-PT-050/RF-13.smt2,sat,0.3609130382537842
/20220307-SMPT/BART-PT-050/RC-05.smt2,unsat,0.34769368171691895
/20220307-SMPT/BART-PT-050/RC-00.smt2,sat,0.41071605682373047
/20220307-SMPT/BART-PT-050/RF-05.smt2,sat,0.424807071685791
/20220307-SMPT/BART-PT-050/RF-07.smt2,sat,0.3760998249053955
/20220307-SMPT/BART-PT-050/RF-10.smt2,sat,0.443683385848999
/20220307-SMPT/BART-PT-050/RF-08.smt2,sat,0.3857388496398926
/20220307-SMPT/BART-PT-050/RC-08.smt2,sat,0.33190155029296875
/20220307-SMPT/BART-PT-050/RF-15.smt2,sat,0.3553330898284912
/20220307-SMPT/BART-PT-050/RF-09.smt2,sat,0.30138278007507324
/20220307-SMPT/BART-PT-050/RC-07.smt2,sat,0.31029248237609863
/20220307-SMPT/BART-PT-050/RF-06.smt2,sat,0.3646571636199951
/20220307-SMPT/BART-PT-050/RC-09.smt2,unsat,0.3304460048675537
/20220307-SMPT/BART-PT-050/RC-15.smt2,unsat,0.2983083724975586
/20220307-SMPT/BART-PT-050/RC-12.smt2,sat,0.3512260913848877
/20220307-SMPT/BART-PT-050/RF-14.smt2,sat,0.33513951301574707
/20220307-SMPT/SmallOperatingSystem-PT-MT0064DC0016/RC-02.smt2,sat,0.0029783248901367188
/20220307-SMPT/SmallOperatingSystem-PT-MT0064DC0016/RF-12.smt2,sat,0.003332376480102539
/20220307-SMPT/SmallOperatingSystem-PT-MT0064DC0016/RC-03.smt2,sat,0.00506901741027832
/20220307-SMPT/SmallOperatingSystem-PT-MT0064DC0016/RF-02.smt2,unsat,0.003368854522705078
/20220307-SMPT/SmallOperatingSystem-PT-MT0064DC0016/RC-11.smt2,sat,0.003727436065673828
/20220307-SMPT/SmallOperatingSystem-PT-MT0064DC0016/RF-03.smt2,unsat,0.0043566226959228516
/20220307-SMPT/SmallOperatingSystem-PT-MT0064DC0016/RC-01.smt2,sat,0.0038139820098876953
/20220307-SMPT/SmallOperatingSystem-PT-MT0064DC0016/RF-00.smt2,unsat,0.0032455921173095703
/20220307-SMPT/SmallOperatingSystem-PT-MT0064DC0016/RC-04.smt2,unsat,0.0031516551971435547
/20220307-SMPT/SmallOperatingSystem-PT-MT0064DC0016/RF-11.smt2,unsat,0.004217624664306641
/20220307-SMPT/SmallOperatingSystem-PT-MT0064DC0016/RC-13.smt2,sat,0.003500223159790039
/20220307-SMPT/SmallOperatingSystem-PT-MT0064DC0016/RC-06.smt2,unsat,0.0035774707794189453
/20220307-SMPT/SmallOperatingSystem-PT-MT0064DC0016/RC-14.smt2,unsat,0.002988576889038086
/20220307-SMPT/SmallOperatingSystem-PT-MT0064DC0016/RC-10.smt2,sat,0.0037729740142822266
/20220307-SMPT/SmallOperatingSystem-PT-MT0064DC0016/RF-04.smt2,unsat,0.0031113624572753906
/20220307-SMPT/SmallOperatingSystem-PT-MT0064DC0016/RF-01.smt2,sat,0.002928018569946289
/20220307-SMPT/SmallOperatingSystem-PT-MT0064DC0016/RF-13.smt2,sat,0.004126787185668945
/20220307-SMPT/SmallOperatingSystem-PT-MT0064DC0016/RC-05.smt2,sat,0.003113269805908203
/20220307-SMPT/SmallOperatingSystem-PT-MT0064DC0016/RC-00.smt2,unsat,0.004918098449707031
/20220307-SMPT/SmallOperatingSystem-PT-MT0064DC0016/RF-05.smt2,unsat,0.0038580894470214844
/20220307-SMPT/SmallOperatingSystem-PT-MT0064DC0016/RF-07.smt2,sat,0.002816438674926758
/20220307-SMPT/SmallOperatingSystem-PT-MT0064DC0016/RF-10.smt2,unsat,0.004796266555786133
/20220307-SMPT/SmallOperatingSystem-PT-MT0064DC0016/RF-08.smt2,unsat,0.0020589828491210938
/20220307-SMPT/SmallOperatingSystem-PT-MT0064DC0016/RC-08.smt2,unsat,0.003376007080078125
/20220307-SMPT/SmallOperatingSystem-PT-MT0064DC0016/RF-15.smt2,unsat,0.003907918930053711
/20220307-SMPT/SmallOperatingSystem-PT-MT0064DC0016/RF-09.smt2,unsat,0.0034570693969726562
/20220307-SMPT/SmallOperatingSystem-PT-MT0064DC0016/RC-07.smt2,sat,0.0035636425018310547
/20220307-SMPT/SmallOperatingSystem-PT-MT0064DC0016/RF-06.smt2,unsat,0.003345966339111328
/20220307-SMPT/SmallOperatingSystem-PT-MT0064DC0016/RC-09.smt2,unsat,0.004251956939697266
/20220307-SMPT/SmallOperatingSystem-PT-MT0064DC0016/RC-15.smt2,sat,0.005919456481933594
/20220307-SMPT/SmallOperatingSystem-PT-MT0064DC0016/RC-12.smt2,unsat,0.0032155513763427734
/20220307-SMPT/SmallOperatingSystem-PT-MT0064DC0016/RF-14.smt2,unsat,0.0027923583984375
/20220307-SMPT/Diffusion2D-PT-D05N300/RC-02.smt2,sat,0.00455021858215332
/20220307-SMPT/Diffusion2D-PT-D05N300/RF-12.smt2,sat,0.004668712615966797
/20220307-SMPT/Diffusion2D-PT-D05N300/RC-03.smt2,sat,0.004411458969116211
/20220307-SMPT/Diffusion2D-PT-D05N300/RF-02.smt2,unsat,0.005401134490966797
/20220307-SMPT/Diffusion2D-PT-D05N300/RC-11.smt2,unsat,0.005030393600463867
/20220307-SMPT/Diffusion2D-PT-D05N300/RF-03.smt2,sat,0.006127119064331055
/20220307-SMPT/Diffusion2D-PT-D05N300/RC-01.smt2,unsat,0.002348184585571289
/20220307-SMPT/Diffusion2D-PT-D05N300/RF-00.smt2,sat,0.005369901657104492
/20220307-SMPT/Diffusion2D-PT-D05N300/RC-04.smt2,sat,0.004766941070556641
/20220307-SMPT/Diffusion2D-PT-D05N300/RF-11.smt2,sat,0.004659175872802734
/20220307-SMPT/Diffusion2D-PT-D05N300/RC-13.smt2,sat,0.004541873931884766
/20220307-SMPT/Diffusion2D-PT-D05N300/RC-06.smt2,sat,0.004307746887207031
/20220307-SMPT/Diffusion2D-PT-D05N300/RC-14.smt2,sat,0.0048007965087890625
/20220307-SMPT/Diffusion2D-PT-D05N300/RC-10.smt2,unsat,0.004187583923339844
/20220307-SMPT/Diffusion2D-PT-D05N300/RF-04.smt2,sat,0.004261016845703125
/20220307-SMPT/Diffusion2D-PT-D05N300/RF-01.smt2,sat,0.0048601627349853516
/20220307-SMPT/Diffusion2D-PT-D05N300/RF-13.smt2,sat,0.004125356674194336
/20220307-SMPT/Diffusion2D-PT-D05N300/RC-05.smt2,unsat,0.003452777862548828
/20220307-SMPT/Diffusion2D-PT-D05N300/RC-00.smt2,sat,0.004069328308105469
/20220307-SMPT/Diffusion2D-PT-D05N300/RF-05.smt2,unsat,0.004377126693725586
/20220307-SMPT/Diffusion2D-PT-D05N300/RF-07.smt2,sat,0.004564762115478516
/20220307-SMPT/Diffusion2D-PT-D05N300/RF-10.smt2,sat,0.0049555301666259766
/20220307-SMPT/Diffusion2D-PT-D05N300/RF-08.smt2,sat,0.004084587097167969
/20220307-SMPT/Diffusion2D-PT-D05N300/RC-08.smt2,sat,0.004791736602783203
/20220307-SMPT/Diffusion2D-PT-D05N300/RF-15.smt2,sat,0.004107952117919922
/20220307-SMPT/Diffusion2D-PT-D05N300/RF-09.smt2,sat,0.004354953765869141
/20220307-SMPT/Diffusion2D-PT-D05N300/RC-07.smt2,sat,0.0038781166076660156
/20220307-SMPT/Diffusion2D-PT-D05N300/RF-06.smt2,unsat,0.006102561950683594
/20220307-SMPT/Diffusion2D-PT-D05N300/RC-09.smt2,sat,0.0038208961486816406
/20220307-SMPT/Diffusion2D-PT-D05N300/RC-15.smt2,sat,0.0048885345458984375
/20220307-SMPT/Diffusion2D-PT-D05N300/RC-12.smt2,sat,0.004433870315551758
/20220307-SMPT/Diffusion2D-PT-D05N300/RF-14.smt2,sat,0.005135774612426758
/20220307-SMPT/SwimmingPool-PT-08/RC-02.smt2,sat,0.004711151123046875
/20220307-SMPT/SwimmingPool-PT-08/RF-12.smt2,unsat,0.003204822540283203
/20220307-SMPT/SwimmingPool-PT-08/RC-03.smt2,unsat,0.0045948028564453125
/20220307-SMPT/SwimmingPool-PT-08/RF-02.smt2,sat,0.004395008087158203
/20220307-SMPT/SwimmingPool-PT-08/RC-11.smt2,sat,0.003535747528076172
/20220307-SMPT/SwimmingPool-PT-08/RF-03.smt2,sat,0.003147125244140625
/20220307-SMPT/SwimmingPool-PT-08/RC-01.smt2,sat,0.0025243759155273438
/20220307-SMPT/SwimmingPool-PT-08/RF-00.smt2,sat,0.0031778812408447266
/20220307-SMPT/SwimmingPool-PT-08/RC-04.smt2,sat,0.0056192874908447266
/20220307-SMPT/SwimmingPool-PT-08/RF-11.smt2,unsat,0.0043182373046875
/20220307-SMPT/SwimmingPool-PT-08/RC-13.smt2,sat,0.003694295883178711
/20220307-SMPT/SwimmingPool-PT-08/RC-06.smt2,sat,0.0018427371978759766
/20220307-SMPT/SwimmingPool-PT-08/RC-14.smt2,sat,0.004347085952758789
/20220307-SMPT/SwimmingPool-PT-08/RC-10.smt2,sat,0.005761146545410156
/20220307-SMPT/SwimmingPool-PT-08/RF-04.smt2,sat,0.002938985824584961
/20220307-SMPT/SwimmingPool-PT-08/RF-01.smt2,unsat,0.003307342529296875
/20220307-SMPT/SwimmingPool-PT-08/RC-05.smt2,sat,0.0031325817108154297
/20220307-SMPT/SwimmingPool-PT-08/RC-00.smt2,sat,0.0027332305908203125
/20220307-SMPT/SwimmingPool-PT-08/RF-05.smt2,sat,0.0033254623413085938
/20220307-SMPT/SwimmingPool-PT-08/RF-08.smt2,sat,0.003841400146484375
/20220307-SMPT/SwimmingPool-PT-08/RC-08.smt2,sat,0.0038404464721679688
/20220307-SMPT/SwimmingPool-PT-08/RF-15.smt2,sat,0.003751039505004883
/20220307-SMPT/SwimmingPool-PT-08/RC-07.smt2,sat,0.0019207000732421875
/20220307-SMPT/SwimmingPool-PT-08/RF-06.smt2,sat,0.0036149024963378906
/20220307-SMPT/SwimmingPool-PT-08/RC-09.smt2,unsat,0.003450155258178711
/20220307-SMPT/SwimmingPool-PT-08/RC-15.smt2,sat,0.003287076950073242
/20220307-SMPT/SwimmingPool-PT-08/RC-12.smt2,unsat,0.003113985061645508
/20220307-SMPT/SwimmingPool-PT-08/RF-14.smt2,unsat,0.0021500587463378906
/20220307-SMPT/HouseConstruction-PT-00020/RC-02.smt2,sat,0.00617671012878418
/20220307-SMPT/HouseConstruction-PT-00020/RF-12.smt2,sat,0.0049953460693359375
/20220307-SMPT/HouseConstruction-PT-00020/RC-03.smt2,sat,0.003706693649291992
/20220307-SMPT/HouseConstruction-PT-00020/RF-02.smt2,unsat,0.0045697689056396484
/20220307-SMPT/HouseConstruction-PT-00020/RC-11.smt2,sat,0.004184246063232422
/20220307-SMPT/HouseConstruction-PT-00020/RF-03.smt2,sat,0.006002902984619141
/20220307-SMPT/HouseConstruction-PT-00020/RC-01.smt2,sat,0.004473209381103516
/20220307-SMPT/HouseConstruction-PT-00020/RF-00.smt2,sat,0.0037169456481933594
/20220307-SMPT/HouseConstruction-PT-00020/RC-04.smt2,sat,0.0035181045532226562
/20220307-SMPT/HouseConstruction-PT-00020/RF-11.smt2,sat,0.004867076873779297
/20220307-SMPT/HouseConstruction-PT-00020/RC-13.smt2,sat,0.004458189010620117
/20220307-SMPT/HouseConstruction-PT-00020/RC-06.smt2,unsat,0.00539398193359375
/20220307-SMPT/HouseConstruction-PT-00020/RC-14.smt2,sat,0.0046346187591552734
/20220307-SMPT/HouseConstruction-PT-00020/RC-10.smt2,unsat,0.006499052047729492
/20220307-SMPT/HouseConstruction-PT-00020/RF-04.smt2,sat,0.003627300262451172
/20220307-SMPT/HouseConstruction-PT-00020/RF-01.smt2,sat,0.003618955612182617
/20220307-SMPT/HouseConstruction-PT-00020/RF-13.smt2,sat,0.004565715789794922
/20220307-SMPT/HouseConstruction-PT-00020/RC-05.smt2,sat,0.00458216667175293
/20220307-SMPT/HouseConstruction-PT-00020/RC-00.smt2,sat,0.0036439895629882812
/20220307-SMPT/HouseConstruction-PT-00020/RF-05.smt2,sat,0.005466938018798828
/20220307-SMPT/HouseConstruction-PT-00020/RF-10.smt2,sat,0.005273342132568359
/20220307-SMPT/HouseConstruction-PT-00020/RF-08.smt2,unsat,0.0031905174255371094
/20220307-SMPT/HouseConstruction-PT-00020/RC-08.smt2,sat,0.0054111480712890625
/20220307-SMPT/HouseConstruction-PT-00020/RF-15.smt2,sat,0.004334926605224609
/20220307-SMPT/HouseConstruction-PT-00020/RF-09.smt2,sat,0.004861354827880859
/20220307-SMPT/HouseConstruction-PT-00020/RC-07.smt2,sat,0.003923654556274414
/20220307-SMPT/HouseConstruction-PT-00020/RF-06.smt2,sat,0.004435300827026367
/20220307-SMPT/HouseConstruction-PT-00020/RC-09.smt2,sat,0.004461050033569336
/20220307-SMPT/HouseConstruction-PT-00020/RC-12.smt2,sat,0.004671812057495117
/20220307-SMPT/Diffusion2D-PT-D20N050/RC-02.smt2,sat,0.019771814346313477
/20220307-SMPT/Diffusion2D-PT-D20N050/RF-12.smt2,sat,0.019141197204589844
/20220307-SMPT/Diffusion2D-PT-D20N050/RC-03.smt2,sat,0.018880367279052734
/20220307-SMPT/Diffusion2D-PT-D20N050/RF-02.smt2,sat,0.020273447036743164
/20220307-SMPT/Diffusion2D-PT-D20N050/RC-11.smt2,sat,0.018168926239013672
/20220307-SMPT/Diffusion2D-PT-D20N050/RF-03.smt2,sat,0.01915454864501953
/20220307-SMPT/Diffusion2D-PT-D20N050/RC-01.smt2,sat,0.019115209579467773
/20220307-SMPT/Diffusion2D-PT-D20N050/RF-00.smt2,sat,0.0212554931640625
/20220307-SMPT/Diffusion2D-PT-D20N050/RC-04.smt2,sat,0.018349170684814453
/20220307-SMPT/Diffusion2D-PT-D20N050/RF-11.smt2,sat,0.018723726272583008
/20220307-SMPT/Diffusion2D-PT-D20N050/RC-13.smt2,sat,0.018316030502319336
/20220307-SMPT/Diffusion2D-PT-D20N050/RC-06.smt2,sat,0.017763376235961914
/20220307-SMPT/Diffusion2D-PT-D20N050/RC-14.smt2,sat,0.018220901489257812
/20220307-SMPT/Diffusion2D-PT-D20N050/RC-10.smt2,sat,0.018125295639038086
/20220307-SMPT/Diffusion2D-PT-D20N050/RF-04.smt2,sat,0.020613431930541992
/20220307-SMPT/Diffusion2D-PT-D20N050/RF-01.smt2,sat,0.017908811569213867
/20220307-SMPT/Diffusion2D-PT-D20N050/RF-13.smt2,sat,0.023584604263305664
/20220307-SMPT/Diffusion2D-PT-D20N050/RC-05.smt2,sat,0.018013954162597656
/20220307-SMPT/Diffusion2D-PT-D20N050/RC-00.smt2,sat,0.01881241798400879
/20220307-SMPT/Diffusion2D-PT-D20N050/RF-05.smt2,sat,0.017498016357421875
/20220307-SMPT/Diffusion2D-PT-D20N050/RF-07.smt2,sat,0.019381046295166016
/20220307-SMPT/Diffusion2D-PT-D20N050/RF-10.smt2,sat,0.01852869987487793
/20220307-SMPT/Diffusion2D-PT-D20N050/RF-08.smt2,sat,0.01837635040283203
/20220307-SMPT/Diffusion2D-PT-D20N050/RC-08.smt2,sat,0.018996715545654297
/20220307-SMPT/Diffusion2D-PT-D20N050/RF-15.smt2,sat,0.020360231399536133
/20220307-SMPT/Diffusion2D-PT-D20N050/RF-09.smt2,sat,0.0179135799407959
/20220307-SMPT/Diffusion2D-PT-D20N050/RC-07.smt2,sat,0.018042325973510742
/20220307-SMPT/Diffusion2D-PT-D20N050/RF-06.smt2,sat,0.017549514770507812
/20220307-SMPT/Diffusion2D-PT-D20N050/RC-09.smt2,sat,0.0175473690032959
/20220307-SMPT/Diffusion2D-PT-D20N050/RC-15.smt2,sat,0.018908023834228516
/20220307-SMPT/Diffusion2D-PT-D20N050/RC-12.smt2,sat,0.018345355987548828
/20220307-SMPT/Diffusion2D-PT-D20N050/RF-14.smt2,sat,0.018088340759277344
/20220307-SMPT/ERK-PT-100000/RC-02.smt2,sat,0.004152059555053711
/20220307-SMPT/ERK-PT-100000/RF-12.smt2,sat,0.004626035690307617
/20220307-SMPT/ERK-PT-100000/RC-03.smt2,sat,0.003669261932373047
/20220307-SMPT/ERK-PT-100000/RF-02.smt2,unsat,0.0026144981384277344
/20220307-SMPT/ERK-PT-100000/RC-11.smt2,sat,0.0043792724609375
/20220307-SMPT/ERK-PT-100000/RF-03.smt2,unsat,0.004389762878417969
/20220307-SMPT/ERK-PT-100000/RC-01.smt2,sat,0.005242586135864258
/20220307-SMPT/ERK-PT-100000/RF-00.smt2,sat,0.004522562026977539
/20220307-SMPT/ERK-PT-100000/RC-04.smt2,sat,0.005399465560913086
/20220307-SMPT/ERK-PT-100000/RF-11.smt2,sat,0.0035698413848876953
/20220307-SMPT/ERK-PT-100000/RC-13.smt2,unsat,0.003326416015625
/20220307-SMPT/ERK-PT-100000/RC-06.smt2,unsat,0.005123615264892578
/20220307-SMPT/ERK-PT-100000/RC-14.smt2,sat,0.0035848617553710938
/20220307-SMPT/ERK-PT-100000/RC-10.smt2,sat,0.003370046615600586
/20220307-SMPT/ERK-PT-100000/RF-01.smt2,sat,0.0031800270080566406
/20220307-SMPT/ERK-PT-100000/RF-13.smt2,unsat,0.0039479732513427734
/20220307-SMPT/ERK-PT-100000/RC-05.smt2,sat,0.002858400344848633
/20220307-SMPT/ERK-PT-100000/RC-00.smt2,unsat,0.003870725631713867
/20220307-SMPT/ERK-PT-100000/RF-05.smt2,sat,0.0029838085174560547
/20220307-SMPT/ERK-PT-100000/RF-07.smt2,sat,0.003559112548828125
/20220307-SMPT/ERK-PT-100000/RF-10.smt2,sat,0.002956867218017578
/20220307-SMPT/ERK-PT-100000/RF-08.smt2,sat,0.004854440689086914
/20220307-SMPT/ERK-PT-100000/RC-08.smt2,sat,0.004415035247802734
/20220307-SMPT/ERK-PT-100000/RF-15.smt2,unsat,0.002517223358154297
/20220307-SMPT/ERK-PT-100000/RF-09.smt2,sat,0.0037336349487304688
/20220307-SMPT/ERK-PT-100000/RC-07.smt2,unsat,0.003918170928955078
/20220307-SMPT/ERK-PT-100000/RF-06.smt2,sat,0.0037546157836914062
/20220307-SMPT/ERK-PT-100000/RC-09.smt2,sat,0.004546403884887695
/20220307-SMPT/ERK-PT-100000/RC-15.smt2,sat,0.004894733428955078
/20220307-SMPT/ERK-PT-100000/RC-12.smt2,sat,0.004560232162475586
/20220307-SMPT/ERK-PT-100000/RF-14.smt2,sat,0.0045588016510009766
/20220307-SMPT/ERK-PT-000010/RC-02.smt2,unsat,0.005181312561035156
/20220307-SMPT/ERK-PT-000010/RF-12.smt2,unsat,0.004506111145019531
/20220307-SMPT/ERK-PT-000010/RC-03.smt2,sat,0.004058361053466797
/20220307-SMPT/ERK-PT-000010/RF-02.smt2,unsat,0.0034198760986328125
/20220307-SMPT/ERK-PT-000010/RC-11.smt2,unsat,0.005442619323730469
/20220307-SMPT/ERK-PT-000010/RF-03.smt2,unsat,0.0037593841552734375
/20220307-SMPT/ERK-PT-000010/RC-01.smt2,sat,0.004291534423828125
/20220307-SMPT/ERK-PT-000010/RF-00.smt2,unsat,0.004469633102416992
/20220307-SMPT/ERK-PT-000010/RC-04.smt2,unsat,0.003740549087524414
/20220307-SMPT/ERK-PT-000010/RF-11.smt2,sat,0.006665706634521484
/20220307-SMPT/ERK-PT-000010/RC-13.smt2,unsat,0.0034623146057128906
/20220307-SMPT/ERK-PT-000010/RC-06.smt2,unsat,0.00413203239440918
/20220307-SMPT/ERK-PT-000010/RC-14.smt2,unsat,0.003910064697265625
/20220307-SMPT/ERK-PT-000010/RC-10.smt2,unsat,0.005938529968261719
/20220307-SMPT/ERK-PT-000010/RF-04.smt2,unsat,0.002764463424682617
/20220307-SMPT/ERK-PT-000010/RF-01.smt2,unsat,0.002946615219116211
/20220307-SMPT/ERK-PT-000010/RF-13.smt2,sat,0.004279613494873047
/20220307-SMPT/ERK-PT-000010/RC-05.smt2,sat,0.004904985427856445
/20220307-SMPT/ERK-PT-000010/RC-00.smt2,unsat,0.0039899349212646484
/20220307-SMPT/ERK-PT-000010/RF-05.smt2,unsat,0.0036468505859375
/20220307-SMPT/ERK-PT-000010/RF-07.smt2,unsat,0.0032536983489990234
/20220307-SMPT/ERK-PT-000010/RF-10.smt2,unsat,0.003500223159790039
/20220307-SMPT/ERK-PT-000010/RF-08.smt2,unsat,0.0038695335388183594
/20220307-SMPT/ERK-PT-000010/RC-08.smt2,sat,0.003576040267944336
/20220307-SMPT/ERK-PT-000010/RF-15.smt2,unsat,0.004447221755981445
/20220307-SMPT/ERK-PT-000010/RF-09.smt2,unsat,0.00393366813659668
/20220307-SMPT/ERK-PT-000010/RC-07.smt2,sat,0.005184173583984375
/20220307-SMPT/ERK-PT-000010/RF-06.smt2,unsat,0.004187107086181641
/20220307-SMPT/ERK-PT-000010/RC-09.smt2,unsat,0.004019975662231445
/20220307-SMPT/ERK-PT-000010/RC-15.smt2,sat,0.005053281784057617
/20220307-SMPT/ERK-PT-000010/RF-14.smt2,unsat,0.003820657730102539
/20220307-SMPT/BART-PT-010/RC-02.smt2,unsat,0.06208062171936035
/20220307-SMPT/BART-PT-010/RF-12.smt2,sat,0.0600428581237793
/20220307-SMPT/BART-PT-010/RC-03.smt2,unsat,0.062081098556518555
/20220307-SMPT/BART-PT-010/RF-02.smt2,sat,0.06499695777893066
/20220307-SMPT/BART-PT-010/RC-11.smt2,sat,0.05870199203491211
/20220307-SMPT/BART-PT-010/RF-03.smt2,sat,0.06152915954589844
/20220307-SMPT/BART-PT-010/RC-01.smt2,unsat,0.06313967704772949
/20220307-SMPT/BART-PT-010/RF-00.smt2,sat,0.06270194053649902
/20220307-SMPT/BART-PT-010/RC-04.smt2,unsat,0.06409335136413574
/20220307-SMPT/BART-PT-010/RF-11.smt2,sat,0.07033538818359375
/20220307-SMPT/BART-PT-010/RC-13.smt2,sat,0.06956171989440918
/20220307-SMPT/BART-PT-010/RC-06.smt2,unsat,0.061551570892333984
/20220307-SMPT/BART-PT-010/RC-14.smt2,sat,0.061263322830200195
/20220307-SMPT/BART-PT-010/RC-10.smt2,unsat,0.036630868911743164
/20220307-SMPT/BART-PT-010/RF-04.smt2,sat,0.06117701530456543
/20220307-SMPT/BART-PT-010/RF-01.smt2,sat,0.06695246696472168
/20220307-SMPT/BART-PT-010/RF-13.smt2,sat,0.06230807304382324
/20220307-SMPT/BART-PT-010/RC-05.smt2,unsat,0.06492328643798828
/20220307-SMPT/BART-PT-010/RC-00.smt2,sat,0.06202530860900879
/20220307-SMPT/BART-PT-010/RF-05.smt2,sat,0.0631101131439209
/20220307-SMPT/BART-PT-010/RF-07.smt2,sat,0.06132864952087402
/20220307-SMPT/BART-PT-010/RF-10.smt2,sat,0.06340527534484863
/20220307-SMPT/BART-PT-010/RF-08.smt2,sat,0.07412433624267578
/20220307-SMPT/BART-PT-010/RC-08.smt2,unsat,0.06234288215637207
/20220307-SMPT/BART-PT-010/RF-15.smt2,sat,0.06261897087097168
/20220307-SMPT/BART-PT-010/RF-09.smt2,sat,0.061514854431152344
/20220307-SMPT/BART-PT-010/RC-07.smt2,sat,0.06224179267883301
/20220307-SMPT/BART-PT-010/RF-06.smt2,sat,0.05999493598937988
/20220307-SMPT/BART-PT-010/RC-09.smt2,unsat,0.06363368034362793
/20220307-SMPT/BART-PT-010/RC-15.smt2,unsat,0.0605928897857666
/20220307-SMPT/BART-PT-010/RC-12.smt2,sat,0.06267309188842773
/20220307-SMPT/BART-PT-010/RF-14.smt2,sat,0.06635618209838867
/20220307-SMPT/NeighborGrid-PT-d3n3m1t11/RC-02.smt2,sat,0.003798246383666992
/20220307-SMPT/NeighborGrid-PT-d3n3m1t11/RF-12.smt2,sat,0.006657838821411133
/20220307-SMPT/NeighborGrid-PT-d3n3m1t11/RC-03.smt2,sat,0.005328655242919922
/20220307-SMPT/NeighborGrid-PT-d3n3m1t11/RF-02.smt2,sat,0.004135608673095703
/20220307-SMPT/NeighborGrid-PT-d3n3m1t11/RC-11.smt2,sat,0.003640890121459961
/20220307-SMPT/NeighborGrid-PT-d3n3m1t11/RF-03.smt2,sat,0.0045740604400634766
/20220307-SMPT/NeighborGrid-PT-d3n3m1t11/RC-01.smt2,sat,0.005785703659057617
/20220307-SMPT/NeighborGrid-PT-d3n3m1t11/RF-00.smt2,sat,0.0041048526763916016
/20220307-SMPT/NeighborGrid-PT-d3n3m1t11/RC-04.smt2,sat,0.004430294036865234
/20220307-SMPT/NeighborGrid-PT-d3n3m1t11/RF-11.smt2,sat,0.004473686218261719
/20220307-SMPT/NeighborGrid-PT-d3n3m1t11/RC-13.smt2,sat,0.004781961441040039
/20220307-SMPT/NeighborGrid-PT-d3n3m1t11/RC-06.smt2,sat,0.004171133041381836
/20220307-SMPT/NeighborGrid-PT-d3n3m1t11/RC-14.smt2,sat,0.004792213439941406
/20220307-SMPT/NeighborGrid-PT-d3n3m1t11/RC-10.smt2,sat,0.004346370697021484
/20220307-SMPT/NeighborGrid-PT-d3n3m1t11/RF-04.smt2,sat,0.006484270095825195
/20220307-SMPT/NeighborGrid-PT-d3n3m1t11/RF-01.smt2,sat,0.004786014556884766
/20220307-SMPT/NeighborGrid-PT-d3n3m1t11/RF-13.smt2,sat,0.005184173583984375
/20220307-SMPT/NeighborGrid-PT-d3n3m1t11/RC-05.smt2,sat,0.004781246185302734
/20220307-SMPT/NeighborGrid-PT-d3n3m1t11/RC-00.smt2,sat,0.003711700439453125
/20220307-SMPT/NeighborGrid-PT-d3n3m1t11/RF-05.smt2,sat,0.0047528743743896484
/20220307-SMPT/NeighborGrid-PT-d3n3m1t11/RF-07.smt2,sat,0.0043637752532958984
/20220307-SMPT/NeighborGrid-PT-d3n3m1t11/RF-10.smt2,sat,0.004640817642211914
/20220307-SMPT/NeighborGrid-PT-d3n3m1t11/RF-08.smt2,sat,0.004309415817260742
/20220307-SMPT/NeighborGrid-PT-d3n3m1t11/RC-08.smt2,sat,0.004670381546020508
/20220307-SMPT/NeighborGrid-PT-d3n3m1t11/RF-15.smt2,sat,0.004399299621582031
/20220307-SMPT/NeighborGrid-PT-d3n3m1t11/RF-09.smt2,sat,0.003989458084106445
/20220307-SMPT/NeighborGrid-PT-d3n3m1t11/RC-07.smt2,sat,0.0037717819213867188
/20220307-SMPT/NeighborGrid-PT-d3n3m1t11/RF-06.smt2,sat,0.0049076080322265625
/20220307-SMPT/NeighborGrid-PT-d3n3m1t11/RC-09.smt2,unsat,0.0036454200744628906
/20220307-SMPT/NeighborGrid-PT-d3n3m1t11/RC-15.smt2,unsat,0.00439143180847168
/20220307-SMPT/NeighborGrid-PT-d3n3m1t11/RC-12.smt2,sat,0.004257678985595703
/20220307-SMPT/NeighborGrid-PT-d3n3m1t11/RF-14.smt2,sat,0.00442194938659668
/20220307-SMPT/SwimmingPool-PT-05/RC-02.smt2,sat,0.004481792449951172
/20220307-SMPT/SwimmingPool-PT-05/RF-12.smt2,sat,0.0029757022857666016
/20220307-SMPT/SwimmingPool-PT-05/RC-03.smt2,sat,0.0031926631927490234
/20220307-SMPT/SwimmingPool-PT-05/RF-02.smt2,sat,0.0033659934997558594
/20220307-SMPT/SwimmingPool-PT-05/RC-11.smt2,sat,0.0035271644592285156
/20220307-SMPT/SwimmingPool-PT-05/RF-03.smt2,sat,0.0035712718963623047
/20220307-SMPT/SwimmingPool-PT-05/RC-01.smt2,sat,0.0030672550201416016
/20220307-SMPT/SwimmingPool-PT-05/RF-00.smt2,sat,0.003198862075805664
/20220307-SMPT/SwimmingPool-PT-05/RC-04.smt2,sat,0.0034720897674560547
/20220307-SMPT/SwimmingPool-PT-05/RC-13.smt2,sat,0.003625154495239258
/20220307-SMPT/SwimmingPool-PT-05/RC-06.smt2,sat,0.004565238952636719
/20220307-SMPT/SwimmingPool-PT-05/RC-14.smt2,sat,0.0024950504302978516
/20220307-SMPT/SwimmingPool-PT-05/RC-10.smt2,sat,0.0044994354248046875
/20220307-SMPT/SwimmingPool-PT-05/RF-04.smt2,sat,0.003950834274291992
/20220307-SMPT/SwimmingPool-PT-05/RF-01.smt2,sat,0.002129793167114258
/20220307-SMPT/SwimmingPool-PT-05/RF-13.smt2,sat,0.0036704540252685547
/20220307-SMPT/SwimmingPool-PT-05/RC-05.smt2,sat,0.004189968109130859
/20220307-SMPT/SwimmingPool-PT-05/RC-00.smt2,sat,0.0028181076049804688
/20220307-SMPT/SwimmingPool-PT-05/RF-05.smt2,sat,0.003796100616455078
/20220307-SMPT/SwimmingPool-PT-05/RF-07.smt2,sat,0.0035402774810791016
/20220307-SMPT/SwimmingPool-PT-05/RF-10.smt2,sat,0.004571199417114258
/20220307-SMPT/SwimmingPool-PT-05/RC-08.smt2,sat,0.003747701644897461
/20220307-SMPT/SwimmingPool-PT-05/RF-15.smt2,sat,0.003860950469970703
/20220307-SMPT/SwimmingPool-PT-05/RF-09.smt2,sat,0.003732919692993164
/20220307-SMPT/SwimmingPool-PT-05/RC-07.smt2,sat,0.0032482147216796875
/20220307-SMPT/SwimmingPool-PT-05/RF-06.smt2,unsat,0.003397226333618164
/20220307-SMPT/SwimmingPool-PT-05/RC-09.smt2,sat,0.0034275054931640625
/20220307-SMPT/SwimmingPool-PT-05/RC-15.smt2,sat,0.003937482833862305
/20220307-SMPT/SwimmingPool-PT-05/RC-12.smt2,unsat,0.004525184631347656
/20220307-SMPT/SwimmingPool-PT-05/RF-14.smt2,sat,0.0032427310943603516
/20220307-SMPT/RobotManipulation-PT-00010/RC-02.smt2,unsat,0.0031461715698242188
/20220307-SMPT/RobotManipulation-PT-00010/RF-12.smt2,sat,0.003928184509277344
/20220307-SMPT/RobotManipulation-PT-00010/RC-03.smt2,sat,0.004153251647949219
/20220307-SMPT/RobotManipulation-PT-00010/RC-11.smt2,sat,0.0044591426849365234
/20220307-SMPT/RobotManipulation-PT-00010/RF-03.smt2,sat,0.003914594650268555
/20220307-SMPT/RobotManipulation-PT-00010/RC-01.smt2,sat,0.004920244216918945
/20220307-SMPT/RobotManipulation-PT-00010/RF-00.smt2,sat,0.003642559051513672
/20220307-SMPT/RobotManipulation-PT-00010/RC-04.smt2,sat,0.0047550201416015625
/20220307-SMPT/RobotManipulation-PT-00010/RC-13.smt2,unsat,0.0035953521728515625
/20220307-SMPT/RobotManipulation-PT-00010/RC-06.smt2,sat,0.0027375221252441406
/20220307-SMPT/RobotManipulation-PT-00010/RC-14.smt2,sat,0.00274658203125
/20220307-SMPT/RobotManipulation-PT-00010/RC-10.smt2,sat,0.005003213882446289
/20220307-SMPT/RobotManipulation-PT-00010/RF-04.smt2,unsat,0.003629922866821289
/20220307-SMPT/RobotManipulation-PT-00010/RF-01.smt2,sat,0.0034503936767578125
/20220307-SMPT/RobotManipulation-PT-00010/RC-05.smt2,sat,0.004309415817260742
/20220307-SMPT/RobotManipulation-PT-00010/RC-00.smt2,sat,0.003268718719482422
/20220307-SMPT/RobotManipulation-PT-00010/RF-05.smt2,unsat,0.0033850669860839844
/20220307-SMPT/RobotManipulation-PT-00010/RF-07.smt2,sat,0.004737377166748047
/20220307-SMPT/RobotManipulation-PT-00010/RF-10.smt2,sat,0.0033392906188964844
/20220307-SMPT/RobotManipulation-PT-00010/RF-08.smt2,sat,0.004544258117675781
/20220307-SMPT/RobotManipulation-PT-00010/RC-08.smt2,sat,0.0040318965911865234
/20220307-SMPT/RobotManipulation-PT-00010/RF-15.smt2,unsat,0.003570556640625
/20220307-SMPT/RobotManipulation-PT-00010/RF-09.smt2,sat,0.0041921138763427734
/20220307-SMPT/RobotManipulation-PT-00010/RC-07.smt2,sat,0.0041768550872802734
/20220307-SMPT/RobotManipulation-PT-00010/RF-06.smt2,sat,0.003842592239379883
/20220307-SMPT/RobotManipulation-PT-00010/RC-09.smt2,sat,0.004405498504638672
/20220307-SMPT/RobotManipulation-PT-00010/RC-15.smt2,unsat,0.004639863967895508
/20220307-SMPT/RobotManipulation-PT-00010/RC-12.smt2,sat,0.0046367645263671875
/20220307-SMPT/RobotManipulation-PT-00010/RF-14.smt2,sat,0.00440526008605957
/20220307-SMPT/IOTPpurchase-PT-C05M04P03D02/RC-02.smt2,sat,0.006398439407348633
/20220307-SMPT/IOTPpurchase-PT-C05M04P03D02/RF-12.smt2,sat,0.006154537200927734
/20220307-SMPT/IOTPpurchase-PT-C05M04P03D02/RC-03.smt2,sat,0.007332801818847656
/20220307-SMPT/IOTPpurchase-PT-C05M04P03D02/RF-02.smt2,sat,0.007264614105224609
/20220307-SMPT/IOTPpurchase-PT-C05M04P03D02/RC-11.smt2,sat,0.006545543670654297
/20220307-SMPT/IOTPpurchase-PT-C05M04P03D02/RF-03.smt2,sat,0.0056304931640625
/20220307-SMPT/IOTPpurchase-PT-C05M04P03D02/RC-01.smt2,sat,0.013722419738769531
/20220307-SMPT/IOTPpurchase-PT-C05M04P03D02/RF-00.smt2,sat,0.007912158966064453
/20220307-SMPT/IOTPpurchase-PT-C05M04P03D02/RC-04.smt2,sat,0.0063021183013916016
/20220307-SMPT/IOTPpurchase-PT-C05M04P03D02/RF-11.smt2,sat,0.006452083587646484
/20220307-SMPT/IOTPpurchase-PT-C05M04P03D02/RC-13.smt2,unsat,0.005267620086669922
/20220307-SMPT/IOTPpurchase-PT-C05M04P03D02/RC-06.smt2,sat,0.0075151920318603516
/20220307-SMPT/IOTPpurchase-PT-C05M04P03D02/RC-14.smt2,sat,0.006929159164428711
/20220307-SMPT/IOTPpurchase-PT-C05M04P03D02/RC-10.smt2,sat,0.006648540496826172
/20220307-SMPT/IOTPpurchase-PT-C05M04P03D02/RF-04.smt2,sat,0.006988048553466797
/20220307-SMPT/IOTPpurchase-PT-C05M04P03D02/RF-01.smt2,sat,0.006456851959228516
/20220307-SMPT/IOTPpurchase-PT-C05M04P03D02/RF-13.smt2,sat,0.0069332122802734375
/20220307-SMPT/IOTPpurchase-PT-C05M04P03D02/RC-05.smt2,sat,0.006866455078125
/20220307-SMPT/IOTPpurchase-PT-C05M04P03D02/RC-00.smt2,sat,0.0072629451751708984
/20220307-SMPT/IOTPpurchase-PT-C05M04P03D02/RF-05.smt2,sat,0.0066890716552734375
/20220307-SMPT/IOTPpurchase-PT-C05M04P03D02/RF-07.smt2,sat,0.007738351821899414
/20220307-SMPT/IOTPpurchase-PT-C05M04P03D02/RF-10.smt2,sat,0.006960391998291016
/20220307-SMPT/IOTPpurchase-PT-C05M04P03D02/RF-08.smt2,sat,0.006757020950317383
/20220307-SMPT/IOTPpurchase-PT-C05M04P03D02/RC-08.smt2,sat,0.0066297054290771484
/20220307-SMPT/IOTPpurchase-PT-C05M04P03D02/RF-15.smt2,sat,0.006907939910888672
/20220307-SMPT/IOTPpurchase-PT-C05M04P03D02/RF-09.smt2,sat,0.008661031723022461
/20220307-SMPT/IOTPpurchase-PT-C05M04P03D02/RC-07.smt2,sat,0.007045269012451172
/20220307-SMPT/IOTPpurchase-PT-C05M04P03D02/RF-06.smt2,sat,0.006595134735107422
/20220307-SMPT/IOTPpurchase-PT-C05M04P03D02/RC-09.smt2,unsat,0.006934165954589844
/20220307-SMPT/IOTPpurchase-PT-C05M04P03D02/RC-15.smt2,sat,0.0113067626953125
/20220307-SMPT/IOTPpurchase-PT-C05M04P03D02/RC-12.smt2,sat,0.00637364387512207
/20220307-SMPT/IOTPpurchase-PT-C05M04P03D02/RF-14.smt2,sat,0.005965232849121094
/20220307-SMPT/HouseConstruction-PT-08000/RC-02.smt2,sat,0.0038306713104248047
/20220307-SMPT/HouseConstruction-PT-08000/RF-12.smt2,sat,0.004936933517456055
/20220307-SMPT/HouseConstruction-PT-08000/RC-03.smt2,sat,0.004407644271850586
/20220307-SMPT/HouseConstruction-PT-08000/RF-02.smt2,sat,0.0051670074462890625
/20220307-SMPT/HouseConstruction-PT-08000/RC-11.smt2,sat,0.006441593170166016
/20220307-SMPT/HouseConstruction-PT-08000/RF-03.smt2,unsat,0.004339456558227539
/20220307-SMPT/HouseConstruction-PT-08000/RC-01.smt2,sat,0.004361152648925781
/20220307-SMPT/HouseConstruction-PT-08000/RF-00.smt2,sat,0.0039577484130859375
/20220307-SMPT/HouseConstruction-PT-08000/RC-04.smt2,unsat,0.004624128341674805
/20220307-SMPT/HouseConstruction-PT-08000/RF-11.smt2,sat,0.004269838333129883
/20220307-SMPT/HouseConstruction-PT-08000/RC-13.smt2,sat,0.004715681076049805
/20220307-SMPT/HouseConstruction-PT-08000/RC-06.smt2,sat,0.004075527191162109
/20220307-SMPT/HouseConstruction-PT-08000/RC-14.smt2,sat,0.004477024078369141
/20220307-SMPT/HouseConstruction-PT-08000/RC-10.smt2,sat,0.0037240982055664062
/20220307-SMPT/HouseConstruction-PT-08000/RF-04.smt2,sat,0.00421595573425293
/20220307-SMPT/HouseConstruction-PT-08000/RF-13.smt2,sat,0.005570411682128906
/20220307-SMPT/HouseConstruction-PT-08000/RC-05.smt2,sat,0.0034236907958984375
/20220307-SMPT/HouseConstruction-PT-08000/RC-00.smt2,sat,0.004931926727294922
/20220307-SMPT/HouseConstruction-PT-08000/RF-05.smt2,sat,0.004059791564941406
/20220307-SMPT/HouseConstruction-PT-08000/RF-07.smt2,sat,0.003931283950805664
/20220307-SMPT/HouseConstruction-PT-08000/RF-10.smt2,sat,0.004539012908935547
/20220307-SMPT/HouseConstruction-PT-08000/RF-08.smt2,sat,0.004251956939697266
/20220307-SMPT/HouseConstruction-PT-08000/RC-08.smt2,sat,0.005419015884399414
/20220307-SMPT/HouseConstruction-PT-08000/RF-15.smt2,sat,0.006667613983154297
/20220307-SMPT/HouseConstruction-PT-08000/RF-09.smt2,sat,0.0035622119903564453
/20220307-SMPT/HouseConstruction-PT-08000/RC-07.smt2,sat,0.0052301883697509766
/20220307-SMPT/HouseConstruction-PT-08000/RC-09.smt2,sat,0.0049169063568115234
/20220307-SMPT/HouseConstruction-PT-08000/RC-15.smt2,sat,0.0034568309783935547
/20220307-SMPT/HouseConstruction-PT-08000/RC-12.smt2,sat,0.0037348270416259766
/20220307-SMPT/HouseConstruction-PT-08000/RF-14.smt2,unsat,0.004767894744873047
/20220307-SMPT/RobotManipulation-PT-00100/RC-02.smt2,unsat,0.0052661895751953125
/20220307-SMPT/RobotManipulation-PT-00100/RF-12.smt2,unsat,0.005301713943481445
/20220307-SMPT/RobotManipulation-PT-00100/RC-03.smt2,sat,0.0042705535888671875
/20220307-SMPT/RobotManipulation-PT-00100/RF-02.smt2,sat,0.004202604293823242
/20220307-SMPT/RobotManipulation-PT-00100/RC-11.smt2,sat,0.0045506954193115234
/20220307-SMPT/RobotManipulation-PT-00100/RF-03.smt2,sat,0.003436565399169922
/20220307-SMPT/RobotManipulation-PT-00100/RC-01.smt2,sat,0.003857135772705078
/20220307-SMPT/RobotManipulation-PT-00100/RF-00.smt2,sat,0.005409955978393555
/20220307-SMPT/RobotManipulation-PT-00100/RC-04.smt2,unsat,0.003846883773803711
/20220307-SMPT/RobotManipulation-PT-00100/RF-11.smt2,sat,0.005059242248535156
/20220307-SMPT/RobotManipulation-PT-00100/RC-13.smt2,sat,0.005853891372680664
/20220307-SMPT/RobotManipulation-PT-00100/RC-06.smt2,sat,0.004900693893432617
/20220307-SMPT/RobotManipulation-PT-00100/RC-14.smt2,sat,0.003834962844848633
/20220307-SMPT/RobotManipulation-PT-00100/RC-10.smt2,sat,0.0032079219818115234
/20220307-SMPT/RobotManipulation-PT-00100/RF-04.smt2,unsat,0.005054473876953125
/20220307-SMPT/RobotManipulation-PT-00100/RF-01.smt2,sat,0.004363298416137695
/20220307-SMPT/RobotManipulation-PT-00100/RF-13.smt2,unsat,0.0033218860626220703
/20220307-SMPT/RobotManipulation-PT-00100/RC-05.smt2,sat,0.005763053894042969
/20220307-SMPT/RobotManipulation-PT-00100/RC-00.smt2,sat,0.002592802047729492
/20220307-SMPT/RobotManipulation-PT-00100/RF-05.smt2,unsat,0.0038907527923583984
/20220307-SMPT/RobotManipulation-PT-00100/RF-07.smt2,unsat,0.0049321651458740234
/20220307-SMPT/RobotManipulation-PT-00100/RF-10.smt2,sat,0.00283050537109375
/20220307-SMPT/RobotManipulation-PT-00100/RF-08.smt2,sat,0.004549741744995117
/20220307-SMPT/RobotManipulation-PT-00100/RC-08.smt2,sat,0.004309177398681641
/20220307-SMPT/RobotManipulation-PT-00100/RF-15.smt2,unsat,0.004071950912475586
/20220307-SMPT/RobotManipulation-PT-00100/RF-09.smt2,unsat,0.004160404205322266
/20220307-SMPT/RobotManipulation-PT-00100/RC-07.smt2,sat,0.00473475456237793
/20220307-SMPT/RobotManipulation-PT-00100/RF-06.smt2,unsat,0.003840208053588867
/20220307-SMPT/RobotManipulation-PT-00100/RC-09.smt2,sat,0.005431652069091797
/20220307-SMPT/RobotManipulation-PT-00100/RC-15.smt2,unsat,0.0039713382720947266
/20220307-SMPT/RobotManipulation-PT-00100/RC-12.smt2,sat,0.004464149475097656
/20220307-SMPT/RobotManipulation-PT-00100/RF-14.smt2,unsat,0.0034775733947753906
/20220307-SMPT/RwMutex-PT-r0010w0020/RC-02.smt2,sat,0.013509988784790039
/20220307-SMPT/RwMutex-PT-r0010w0020/RF-12.smt2,sat,0.012076854705810547
/20220307-SMPT/RwMutex-PT-r0010w0020/RC-03.smt2,sat,0.012095928192138672
/20220307-SMPT/RwMutex-PT-r0010w0020/RF-02.smt2,sat,0.013552188873291016
/20220307-SMPT/RwMutex-PT-r0010w0020/RC-11.smt2,sat,0.012739419937133789
/20220307-SMPT/RwMutex-PT-r0010w0020/RF-03.smt2,sat,0.010908365249633789
/20220307-SMPT/RwMutex-PT-r0010w0020/RC-01.smt2,sat,0.013229608535766602
/20220307-SMPT/RwMutex-PT-r0010w0020/RF-00.smt2,sat,0.011693954467773438
/20220307-SMPT/RwMutex-PT-r0010w0020/RC-04.smt2,sat,0.011375904083251953
/20220307-SMPT/RwMutex-PT-r0010w0020/RF-11.smt2,unsat,0.011418819427490234
/20220307-SMPT/RwMutex-PT-r0010w0020/RC-13.smt2,sat,0.010882377624511719
/20220307-SMPT/RwMutex-PT-r0010w0020/RC-06.smt2,unsat,0.01118016242980957
/20220307-SMPT/RwMutex-PT-r0010w0020/RC-14.smt2,sat,0.012265682220458984
/20220307-SMPT/RwMutex-PT-r0010w0020/RC-10.smt2,sat,0.011392593383789062
/20220307-SMPT/RwMutex-PT-r0010w0020/RF-04.smt2,sat,0.010226964950561523
/20220307-SMPT/RwMutex-PT-r0010w0020/RF-01.smt2,sat,0.011026144027709961
/20220307-SMPT/RwMutex-PT-r0010w0020/RC-05.smt2,sat,0.011531829833984375
/20220307-SMPT/RwMutex-PT-r0010w0020/RC-00.smt2,sat,0.0123291015625
/20220307-SMPT/RwMutex-PT-r0010w0020/RF-05.smt2,sat,0.011565446853637695
/20220307-SMPT/RwMutex-PT-r0010w0020/RF-07.smt2,sat,0.011294364929199219
/20220307-SMPT/RwMutex-PT-r0010w0020/RF-10.smt2,sat,0.011341333389282227
/20220307-SMPT/RwMutex-PT-r0010w0020/RF-08.smt2,sat,0.010163307189941406
/20220307-SMPT/RwMutex-PT-r0010w0020/RC-08.smt2,sat,0.011506795883178711
/20220307-SMPT/RwMutex-PT-r0010w0020/RF-15.smt2,sat,0.011607885360717773
/20220307-SMPT/RwMutex-PT-r0010w0020/RF-09.smt2,sat,0.012730598449707031
/20220307-SMPT/RwMutex-PT-r0010w0020/RC-07.smt2,unsat,0.012137889862060547
/20220307-SMPT/RwMutex-PT-r0010w0020/RF-06.smt2,unsat,0.012706518173217773
/20220307-SMPT/RwMutex-PT-r0010w0020/RC-09.smt2,sat,0.011729717254638672
/20220307-SMPT/RwMutex-PT-r0010w0020/RC-15.smt2,unsat,0.01141667366027832
/20220307-SMPT/RwMutex-PT-r0010w0020/RC-12.smt2,sat,0.010853052139282227
/20220307-SMPT/RwMutex-PT-r0010w0020/RF-14.smt2,sat,0.010833501815795898
/20220307-SMPT/RobotManipulation-PT-00500/RC-02.smt2,sat,0.0024111270904541016
/20220307-SMPT/RobotManipulation-PT-00500/RF-12.smt2,sat,0.004492044448852539
/20220307-SMPT/RobotManipulation-PT-00500/RC-03.smt2,unsat,0.0020809173583984375
/20220307-SMPT/RobotManipulation-PT-00500/RF-02.smt2,sat,0.005729198455810547
/20220307-SMPT/RobotManipulation-PT-00500/RC-11.smt2,sat,0.0029799938201904297
/20220307-SMPT/RobotManipulation-PT-00500/RF-03.smt2,unsat,0.0043277740478515625
/20220307-SMPT/RobotManipulation-PT-00500/RC-01.smt2,unsat,0.001581430435180664
/20220307-SMPT/RobotManipulation-PT-00500/RF-00.smt2,unsat,0.003880023956298828
/20220307-SMPT/RobotManipulation-PT-00500/RC-04.smt2,sat,0.004102945327758789
/20220307-SMPT/RobotManipulation-PT-00500/RF-11.smt2,unsat,0.003554105758666992
/20220307-SMPT/RobotManipulation-PT-00500/RC-13.smt2,unsat,0.0031692981719970703
/20220307-SMPT/RobotManipulation-PT-00500/RC-06.smt2,unsat,0.0030667781829833984
/20220307-SMPT/RobotManipulation-PT-00500/RC-14.smt2,unsat,0.0032067298889160156
/20220307-SMPT/RobotManipulation-PT-00500/RC-10.smt2,sat,0.004065275192260742
/20220307-SMPT/RobotManipulation-PT-00500/RF-04.smt2,unsat,0.0037381649017333984
/20220307-SMPT/RobotManipulation-PT-00500/RF-01.smt2,sat,0.0020089149475097656
/20220307-SMPT/RobotManipulation-PT-00500/RF-13.smt2,unsat,0.0036857128143310547
/20220307-SMPT/RobotManipulation-PT-00500/RC-05.smt2,sat,0.0030705928802490234
/20220307-SMPT/RobotManipulation-PT-00500/RC-00.smt2,unsat,0.003077268600463867
/20220307-SMPT/RobotManipulation-PT-00500/RF-05.smt2,sat,0.003939390182495117
/20220307-SMPT/RobotManipulation-PT-00500/RF-07.smt2,unsat,0.0042688846588134766
/20220307-SMPT/RobotManipulation-PT-00500/RF-08.smt2,sat,0.004881858825683594
/20220307-SMPT/RobotManipulation-PT-00500/RC-08.smt2,sat,0.004120826721191406
/20220307-SMPT/RobotManipulation-PT-00500/RF-15.smt2,unsat,0.0045452117919921875
/20220307-SMPT/RobotManipulation-PT-00500/RF-09.smt2,unsat,0.003353118896484375
/20220307-SMPT/RobotManipulation-PT-00500/RC-07.smt2,sat,0.00483250617980957
/20220307-SMPT/RobotManipulation-PT-00500/RF-06.smt2,unsat,0.0035402774810791016
/20220307-SMPT/RobotManipulation-PT-00500/RC-09.smt2,sat,0.004349946975708008
/20220307-SMPT/RobotManipulation-PT-00500/RC-15.smt2,sat,0.0038061141967773438
/20220307-SMPT/RobotManipulation-PT-00500/RC-12.smt2,sat,0.003976583480834961
/20220307-SMPT/FMS-PT-00010/RC-02.smt2,sat,0.004048824310302734
/20220307-SMPT/FMS-PT-00010/RF-12.smt2,sat,0.004601955413818359
/20220307-SMPT/FMS-PT-00010/RC-03.smt2,sat,0.004470348358154297
/20220307-SMPT/FMS-PT-00010/RF-02.smt2,sat,0.005583047866821289
/20220307-SMPT/FMS-PT-00010/RC-11.smt2,unsat,0.003301382064819336
/20220307-SMPT/FMS-PT-00010/RF-03.smt2,sat,0.0043964385986328125
/20220307-SMPT/FMS-PT-00010/RC-01.smt2,unsat,0.004909992218017578
/20220307-SMPT/FMS-PT-00010/RF-00.smt2,sat,0.003681182861328125
/20220307-SMPT/FMS-PT-00010/RC-04.smt2,sat,0.004308223724365234
/20220307-SMPT/FMS-PT-00010/RF-11.smt2,unsat,0.004478931427001953
/20220307-SMPT/FMS-PT-00010/RC-06.smt2,unsat,0.002923250198364258
/20220307-SMPT/FMS-PT-00010/RC-14.smt2,unsat,0.004536151885986328
/20220307-SMPT/FMS-PT-00010/RC-10.smt2,sat,0.004248857498168945
/20220307-SMPT/FMS-PT-00010/RF-04.smt2,sat,0.003596782684326172
/20220307-SMPT/FMS-PT-00010/RF-01.smt2,sat,0.00523686408996582
/20220307-SMPT/FMS-PT-00010/RF-13.smt2,sat,0.0035505294799804688
/20220307-SMPT/FMS-PT-00010/RC-05.smt2,sat,0.003181934356689453
/20220307-SMPT/FMS-PT-00010/RC-00.smt2,unsat,0.003133535385131836
/20220307-SMPT/FMS-PT-00010/RF-05.smt2,sat,0.003236532211303711
/20220307-SMPT/FMS-PT-00010/RF-07.smt2,sat,0.003833293914794922
/20220307-SMPT/FMS-PT-00010/RF-10.smt2,sat,0.004907846450805664
/20220307-SMPT/FMS-PT-00010/RF-08.smt2,sat,0.004842519760131836
/20220307-SMPT/FMS-PT-00010/RC-08.smt2,sat,0.004357814788818359
/20220307-SMPT/FMS-PT-00010/RF-15.smt2,sat,0.0037889480590820312
/20220307-SMPT/FMS-PT-00010/RC-07.smt2,sat,0.003663778305053711
/20220307-SMPT/FMS-PT-00010/RF-06.smt2,sat,0.003832101821899414
/20220307-SMPT/FMS-PT-00010/RC-09.smt2,sat,0.0028655529022216797
/20220307-SMPT/FMS-PT-00010/RC-15.smt2,sat,0.003920078277587891
/20220307-SMPT/FMS-PT-00010/RC-12.smt2,sat,0.0035109519958496094
/20220307-SMPT/SmallOperatingSystem-PT-MT0256DC0128/RC-02.smt2,sat,0.0052678585052490234
/20220307-SMPT/SmallOperatingSystem-PT-MT0256DC0128/RF-12.smt2,sat,0.004379749298095703
/20220307-SMPT/SmallOperatingSystem-PT-MT0256DC0128/RC-03.smt2,unsat,0.003990650177001953
/20220307-SMPT/SmallOperatingSystem-PT-MT0256DC0128/RF-02.smt2,sat,0.003491640090942383
/20220307-SMPT/SmallOperatingSystem-PT-MT0256DC0128/RC-11.smt2,sat,0.0039594173431396484
/20220307-SMPT/SmallOperatingSystem-PT-MT0256DC0128/RF-03.smt2,unsat,0.005590200424194336
/20220307-SMPT/SmallOperatingSystem-PT-MT0256DC0128/RC-01.smt2,unsat,0.00536799430847168
/20220307-SMPT/SmallOperatingSystem-PT-MT0256DC0128/RF-00.smt2,sat,0.0041921138763427734
/20220307-SMPT/SmallOperatingSystem-PT-MT0256DC0128/RC-04.smt2,sat,0.003704071044921875
/20220307-SMPT/SmallOperatingSystem-PT-MT0256DC0128/RF-11.smt2,sat,0.003487825393676758
/20220307-SMPT/SmallOperatingSystem-PT-MT0256DC0128/RC-13.smt2,sat,0.0024700164794921875
/20220307-SMPT/SmallOperatingSystem-PT-MT0256DC0128/RC-06.smt2,sat,0.0034835338592529297
/20220307-SMPT/SmallOperatingSystem-PT-MT0256DC0128/RC-10.smt2,sat,0.004182338714599609
/20220307-SMPT/SmallOperatingSystem-PT-MT0256DC0128/RF-04.smt2,sat,0.0038728713989257812
/20220307-SMPT/SmallOperatingSystem-PT-MT0256DC0128/RF-01.smt2,unsat,0.0040111541748046875
/20220307-SMPT/SmallOperatingSystem-PT-MT0256DC0128/RF-13.smt2,sat,0.0029096603393554688
/20220307-SMPT/SmallOperatingSystem-PT-MT0256DC0128/RC-05.smt2,sat,0.003936052322387695
/20220307-SMPT/SmallOperatingSystem-PT-MT0256DC0128/RC-00.smt2,sat,0.0021495819091796875
/20220307-SMPT/SmallOperatingSystem-PT-MT0256DC0128/RF-05.smt2,sat,0.003975868225097656
/20220307-SMPT/SmallOperatingSystem-PT-MT0256DC0128/RF-08.smt2,unsat,0.0034093856811523438
/20220307-SMPT/SmallOperatingSystem-PT-MT0256DC0128/RC-08.smt2,sat,0.0037958621978759766
/20220307-SMPT/SmallOperatingSystem-PT-MT0256DC0128/RF-15.smt2,unsat,0.0029268264770507812
/20220307-SMPT/SmallOperatingSystem-PT-MT0256DC0128/RC-07.smt2,sat,0.0041637420654296875
/20220307-SMPT/SmallOperatingSystem-PT-MT0256DC0128/RF-06.smt2,sat,0.0019266605377197266
/20220307-SMPT/SmallOperatingSystem-PT-MT0256DC0128/RC-09.smt2,unsat,0.002544879913330078
/20220307-SMPT/SmallOperatingSystem-PT-MT0256DC0128/RC-15.smt2,sat,0.003168821334838867
/20220307-SMPT/SmallOperatingSystem-PT-MT0256DC0128/RC-12.smt2,sat,0.0022764205932617188
/20220307-SMPT/FMS-PT-00200/RC-02.smt2,sat,0.004342794418334961
/20220307-SMPT/FMS-PT-00200/RF-12.smt2,sat,0.003895282745361328
/20220307-SMPT/FMS-PT-00200/RC-03.smt2,sat,0.003431081771850586
/20220307-SMPT/FMS-PT-00200/RF-02.smt2,sat,0.0035200119018554688
/20220307-SMPT/FMS-PT-00200/RC-11.smt2,unsat,0.004653215408325195
/20220307-SMPT/FMS-PT-00200/RF-03.smt2,sat,0.005865812301635742
/20220307-SMPT/FMS-PT-00200/RC-01.smt2,sat,0.004050016403198242
/20220307-SMPT/FMS-PT-00200/RF-00.smt2,sat,0.005835056304931641
/20220307-SMPT/FMS-PT-00200/RC-04.smt2,sat,0.003172159194946289
/20220307-SMPT/FMS-PT-00200/RF-11.smt2,sat,0.0029222965240478516
/20220307-SMPT/FMS-PT-00200/RC-13.smt2,sat,0.0055217742919921875
/20220307-SMPT/FMS-PT-00200/RC-06.smt2,sat,0.004334211349487305
/20220307-SMPT/FMS-PT-00200/RC-14.smt2,sat,0.003915548324584961
/20220307-SMPT/FMS-PT-00200/RC-10.smt2,sat,0.004762411117553711
/20220307-SMPT/FMS-PT-00200/RF-04.smt2,sat,0.0032434463500976562
/20220307-SMPT/FMS-PT-00200/RF-01.smt2,sat,0.0042572021484375
/20220307-SMPT/FMS-PT-00200/RC-05.smt2,sat,0.00413966178894043
/20220307-SMPT/FMS-PT-00200/RC-00.smt2,sat,0.004102468490600586
/20220307-SMPT/FMS-PT-00200/RF-05.smt2,sat,0.00558924674987793
/20220307-SMPT/FMS-PT-00200/RF-07.smt2,sat,0.004011392593383789
/20220307-SMPT/FMS-PT-00200/RF-10.smt2,sat,0.0040435791015625
/20220307-SMPT/FMS-PT-00200/RF-08.smt2,unsat,0.0048389434814453125
/20220307-SMPT/FMS-PT-00200/RC-08.smt2,sat,0.0041844844818115234
/20220307-SMPT/FMS-PT-00200/RF-15.smt2,unsat,0.0022466182708740234
/20220307-SMPT/FMS-PT-00200/RF-09.smt2,sat,0.0040662288665771484
/20220307-SMPT/FMS-PT-00200/RC-07.smt2,sat,0.0027234554290771484
/20220307-SMPT/FMS-PT-00200/RF-06.smt2,sat,0.0038661956787109375
/20220307-SMPT/FMS-PT-00200/RC-09.smt2,sat,0.004958152770996094
/20220307-SMPT/FMS-PT-00200/RC-15.smt2,sat,0.004175662994384766
/20220307-SMPT/FMS-PT-00200/RC-12.smt2,sat,0.003693819046020508
/20220307-SMPT/FMS-PT-00200/RF-14.smt2,sat,0.003670930862426758
/20220307-SMPT/MAPK-PT-00160/RC-02.smt2,sat,0.005120277404785156
/20220307-SMPT/MAPK-PT-00160/RF-12.smt2,sat,0.003962993621826172
/20220307-SMPT/MAPK-PT-00160/RC-03.smt2,sat,0.006075143814086914
/20220307-SMPT/MAPK-PT-00160/RF-02.smt2,sat,0.004445314407348633
/20220307-SMPT/MAPK-PT-00160/RC-11.smt2,sat,0.0047533512115478516
/20220307-SMPT/MAPK-PT-00160/RF-03.smt2,sat,0.005258321762084961
/20220307-SMPT/MAPK-PT-00160/RC-01.smt2,sat,0.004737138748168945
/20220307-SMPT/MAPK-PT-00160/RF-00.smt2,unsat,0.005413532257080078
/20220307-SMPT/MAPK-PT-00160/RC-04.smt2,sat,0.004352569580078125
/20220307-SMPT/MAPK-PT-00160/RF-11.smt2,unsat,0.0053713321685791016
/20220307-SMPT/MAPK-PT-00160/RC-13.smt2,sat,0.005120038986206055
/20220307-SMPT/MAPK-PT-00160/RC-06.smt2,sat,0.004015922546386719
/20220307-SMPT/MAPK-PT-00160/RC-14.smt2,sat,0.00666356086730957
/20220307-SMPT/MAPK-PT-00160/RC-10.smt2,sat,0.0040781497955322266
/20220307-SMPT/MAPK-PT-00160/RF-04.smt2,sat,0.00415492057800293
/20220307-SMPT/MAPK-PT-00160/RF-01.smt2,sat,0.005527973175048828
/20220307-SMPT/MAPK-PT-00160/RF-13.smt2,sat,0.005040168762207031
/20220307-SMPT/MAPK-PT-00160/RC-05.smt2,unsat,0.0026895999908447266
/20220307-SMPT/MAPK-PT-00160/RC-00.smt2,sat,0.003610849380493164
/20220307-SMPT/MAPK-PT-00160/RF-05.smt2,sat,0.005975484848022461
/20220307-SMPT/MAPK-PT-00160/RF-07.smt2,sat,0.004790067672729492
/20220307-SMPT/MAPK-PT-00160/RF-10.smt2,sat,0.0032172203063964844
/20220307-SMPT/MAPK-PT-00160/RF-08.smt2,sat,0.005180835723876953
/20220307-SMPT/MAPK-PT-00160/RC-08.smt2,sat,0.0058422088623046875
/20220307-SMPT/MAPK-PT-00160/RF-15.smt2,sat,0.004260540008544922
/20220307-SMPT/MAPK-PT-00160/RF-09.smt2,sat,0.003281831741333008
/20220307-SMPT/MAPK-PT-00160/RC-07.smt2,unsat,0.004786252975463867
/20220307-SMPT/MAPK-PT-00160/RF-06.smt2,unsat,0.0039975643157958984
/20220307-SMPT/MAPK-PT-00160/RC-09.smt2,sat,0.0047109127044677734
/20220307-SMPT/MAPK-PT-00160/RC-15.smt2,sat,0.003930568695068359
/20220307-SMPT/MAPK-PT-00160/RC-12.smt2,sat,0.006799221038818359
/20220307-SMPT/MAPK-PT-00160/RF-14.smt2,unsat,0.004590034484863281
/20220307-SMPT/HouseConstruction-PT-00005/RC-02.smt2,sat,0.004790306091308594
/20220307-SMPT/HouseConstruction-PT-00005/RF-12.smt2,sat,0.004266023635864258
/20220307-SMPT/HouseConstruction-PT-00005/RC-03.smt2,unsat,0.0031490325927734375
/20220307-SMPT/HouseConstruction-PT-00005/RF-02.smt2,unsat,0.0053768157958984375
/20220307-SMPT/HouseConstruction-PT-00005/RC-11.smt2,sat,0.004088401794433594
/20220307-SMPT/HouseConstruction-PT-00005/RF-03.smt2,sat,0.0034728050231933594
/20220307-SMPT/HouseConstruction-PT-00005/RC-01.smt2,sat,0.004093170166015625
/20220307-SMPT/HouseConstruction-PT-00005/RF-00.smt2,sat,0.004087686538696289
/20220307-SMPT/HouseConstruction-PT-00005/RC-04.smt2,sat,0.004174947738647461
/20220307-SMPT/HouseConstruction-PT-00005/RF-11.smt2,sat,0.005116701126098633
/20220307-SMPT/HouseConstruction-PT-00005/RC-13.smt2,sat,0.004433870315551758
/20220307-SMPT/HouseConstruction-PT-00005/RC-06.smt2,sat,0.003470897674560547
/20220307-SMPT/HouseConstruction-PT-00005/RC-14.smt2,sat,0.003924846649169922
/20220307-SMPT/HouseConstruction-PT-00005/RC-10.smt2,unsat,0.0038290023803710938
/20220307-SMPT/HouseConstruction-PT-00005/RF-04.smt2,sat,0.004615306854248047
/20220307-SMPT/HouseConstruction-PT-00005/RF-01.smt2,sat,0.005796670913696289
/20220307-SMPT/HouseConstruction-PT-00005/RF-13.smt2,sat,0.00471949577331543
/20220307-SMPT/HouseConstruction-PT-00005/RC-05.smt2,sat,0.004193305969238281
/20220307-SMPT/HouseConstruction-PT-00005/RC-00.smt2,unsat,0.003277301788330078
/20220307-SMPT/HouseConstruction-PT-00005/RF-05.smt2,unsat,0.004347324371337891
/20220307-SMPT/HouseConstruction-PT-00005/RF-07.smt2,sat,0.0037658214569091797
/20220307-SMPT/HouseConstruction-PT-00005/RF-10.smt2,sat,0.0034601688385009766
/20220307-SMPT/HouseConstruction-PT-00005/RF-08.smt2,sat,0.0036721229553222656
/20220307-SMPT/HouseConstruction-PT-00005/RC-08.smt2,unsat,0.002061128616333008
/20220307-SMPT/HouseConstruction-PT-00005/RF-15.smt2,sat,0.005011081695556641
/20220307-SMPT/HouseConstruction-PT-00005/RF-09.smt2,sat,0.0049898624420166016
/20220307-SMPT/HouseConstruction-PT-00005/RC-07.smt2,sat,0.0050771236419677734
/20220307-SMPT/HouseConstruction-PT-00005/RF-06.smt2,unsat,0.00403594970703125
/20220307-SMPT/HouseConstruction-PT-00005/RC-09.smt2,sat,0.004220008850097656
/20220307-SMPT/HouseConstruction-PT-00005/RC-15.smt2,sat,0.0037984848022460938
/20220307-SMPT/HouseConstruction-PT-00005/RC-12.smt2,sat,0.005011320114135742
/20220307-SMPT/HouseConstruction-PT-00005/RF-14.smt2,sat,0.003916740417480469
/20220307-SMPT/CircularTrains-PT-192/RC-02.smt2,sat,0.019273996353149414
/20220307-SMPT/CircularTrains-PT-192/RF-12.smt2,sat,0.018482685089111328
/20220307-SMPT/CircularTrains-PT-192/RC-03.smt2,sat,0.017709732055664062
/20220307-SMPT/CircularTrains-PT-192/RF-02.smt2,sat,0.01881718635559082
/20220307-SMPT/CircularTrains-PT-192/RC-11.smt2,sat,0.017960548400878906
/20220307-SMPT/CircularTrains-PT-192/RF-03.smt2,sat,0.01924276351928711
/20220307-SMPT/CircularTrains-PT-192/RC-01.smt2,unsat,0.016059398651123047
/20220307-SMPT/CircularTrains-PT-192/RF-00.smt2,sat,0.017812490463256836
/20220307-SMPT/CircularTrains-PT-192/RC-04.smt2,unsat,0.018453598022460938
/20220307-SMPT/CircularTrains-PT-192/RC-13.smt2,sat,0.017893075942993164
/20220307-SMPT/CircularTrains-PT-192/RC-06.smt2,unsat,0.017598867416381836
/20220307-SMPT/CircularTrains-PT-192/RC-14.smt2,sat,0.01797342300415039
/20220307-SMPT/CircularTrains-PT-192/RC-10.smt2,sat,0.017919301986694336
/20220307-SMPT/CircularTrains-PT-192/RF-04.smt2,unsat,0.01876068115234375
/20220307-SMPT/CircularTrains-PT-192/RF-01.smt2,sat,0.018075227737426758
/20220307-SMPT/CircularTrains-PT-192/RF-13.smt2,sat,0.017920970916748047
/20220307-SMPT/CircularTrains-PT-192/RC-05.smt2,sat,0.017252445220947266
/20220307-SMPT/CircularTrains-PT-192/RC-00.smt2,sat,0.017182111740112305
/20220307-SMPT/CircularTrains-PT-192/RF-05.smt2,sat,0.016420364379882812
/20220307-SMPT/CircularTrains-PT-192/RF-07.smt2,sat,0.01789546012878418
/20220307-SMPT/CircularTrains-PT-192/RF-10.smt2,sat,0.016533851623535156
/20220307-SMPT/CircularTrains-PT-192/RF-08.smt2,sat,0.018353939056396484
/20220307-SMPT/CircularTrains-PT-192/RC-08.smt2,unsat,0.017058134078979492
/20220307-SMPT/CircularTrains-PT-192/RF-15.smt2,sat,0.01872563362121582
/20220307-SMPT/CircularTrains-PT-192/RF-09.smt2,sat,0.016832351684570312
/20220307-SMPT/CircularTrains-PT-192/RC-07.smt2,sat,0.018898725509643555
/20220307-SMPT/CircularTrains-PT-192/RF-06.smt2,sat,0.017648935317993164
/20220307-SMPT/CircularTrains-PT-192/RC-09.smt2,unsat,0.01724553108215332
/20220307-SMPT/CircularTrains-PT-192/RC-15.smt2,unsat,0.01849222183227539
/20220307-SMPT/CircularTrains-PT-192/RC-12.smt2,unsat,0.019025087356567383
/20220307-SMPT/CircularTrains-PT-192/RF-14.smt2,sat,0.016705751419067383
/20220307-SMPT/SmallOperatingSystem-PT-MT0128DC0032/RC-02.smt2,unsat,0.0036623477935791016
/20220307-SMPT/SmallOperatingSystem-PT-MT0128DC0032/RF-12.smt2,sat,0.002953052520751953
/20220307-SMPT/SmallOperatingSystem-PT-MT0128DC0032/RC-03.smt2,sat,0.003269672393798828
/20220307-SMPT/SmallOperatingSystem-PT-MT0128DC0032/RC-11.smt2,unsat,0.004415035247802734
/20220307-SMPT/SmallOperatingSystem-PT-MT0128DC0032/RF-03.smt2,sat,0.004086017608642578
/20220307-SMPT/SmallOperatingSystem-PT-MT0128DC0032/RC-01.smt2,sat,0.0031843185424804688
/20220307-SMPT/SmallOperatingSystem-PT-MT0128DC0032/RF-00.smt2,sat,0.0033113956451416016
/20220307-SMPT/SmallOperatingSystem-PT-MT0128DC0032/RC-04.smt2,sat,0.005354404449462891
/20220307-SMPT/SmallOperatingSystem-PT-MT0128DC0032/RF-11.smt2,sat,0.0037009716033935547
/20220307-SMPT/SmallOperatingSystem-PT-MT0128DC0032/RC-13.smt2,unsat,0.004708766937255859
/20220307-SMPT/SmallOperatingSystem-PT-MT0128DC0032/RC-06.smt2,sat,0.003645181655883789
/20220307-SMPT/SmallOperatingSystem-PT-MT0128DC0032/RC-14.smt2,sat,0.0046842098236083984
/20220307-SMPT/SmallOperatingSystem-PT-MT0128DC0032/RC-10.smt2,sat,0.0036187171936035156
/20220307-SMPT/SmallOperatingSystem-PT-MT0128DC0032/RF-04.smt2,unsat,0.003747224807739258
/20220307-SMPT/SmallOperatingSystem-PT-MT0128DC0032/RF-01.smt2,sat,0.002838611602783203
/20220307-SMPT/SmallOperatingSystem-PT-MT0128DC0032/RF-13.smt2,sat,0.003389120101928711
/20220307-SMPT/SmallOperatingSystem-PT-MT0128DC0032/RC-00.smt2,sat,0.004748821258544922
/20220307-SMPT/SmallOperatingSystem-PT-MT0128DC0032/RF-07.smt2,sat,0.004309654235839844
/20220307-SMPT/SmallOperatingSystem-PT-MT0128DC0032/RF-10.smt2,unsat,0.003170490264892578
/20220307-SMPT/SmallOperatingSystem-PT-MT0128DC0032/RF-08.smt2,sat,0.003283977508544922
/20220307-SMPT/SmallOperatingSystem-PT-MT0128DC0032/RF-15.smt2,sat,0.007259845733642578
/20220307-SMPT/SmallOperatingSystem-PT-MT0128DC0032/RC-07.smt2,sat,0.0031249523162841797
/20220307-SMPT/SmallOperatingSystem-PT-MT0128DC0032/RC-09.smt2,unsat,0.004198312759399414
/20220307-SMPT/SmallOperatingSystem-PT-MT0128DC0032/RC-15.smt2,unsat,0.00417327880859375
/20220307-SMPT/SmallOperatingSystem-PT-MT0128DC0032/RC-12.smt2,sat,0.0026443004608154297
/20220307-SMPT/RobotManipulation-PT-00002/RC-02.smt2,sat,0.004210710525512695
/20220307-SMPT/RobotManipulation-PT-00002/RF-12.smt2,sat,0.0053234100341796875
/20220307-SMPT/RobotManipulation-PT-00002/RC-03.smt2,sat,0.0038323402404785156
/20220307-SMPT/RobotManipulation-PT-00002/RF-02.smt2,sat,0.005087852478027344
/20220307-SMPT/RobotManipulation-PT-00002/RC-11.smt2,unsat,0.004210233688354492
/20220307-SMPT/RobotManipulation-PT-00002/RF-03.smt2,sat,0.004620552062988281
/20220307-SMPT/RobotManipulation-PT-00002/RC-01.smt2,sat,0.0042455196380615234
/20220307-SMPT/RobotManipulation-PT-00002/RF-00.smt2,sat,0.004046201705932617
/20220307-SMPT/RobotManipulation-PT-00002/RC-04.smt2,sat,0.003445863723754883
/20220307-SMPT/RobotManipulation-PT-00002/RF-11.smt2,sat,0.003880739212036133
/20220307-SMPT/RobotManipulation-PT-00002/RC-13.smt2,sat,0.004044055938720703
/20220307-SMPT/RobotManipulation-PT-00002/RC-06.smt2,sat,0.005685329437255859
/20220307-SMPT/RobotManipulation-PT-00002/RC-14.smt2,sat,0.0036644935607910156
/20220307-SMPT/RobotManipulation-PT-00002/RC-10.smt2,sat,0.0038712024688720703
/20220307-SMPT/RobotManipulation-PT-00002/RF-04.smt2,sat,0.005115032196044922
/20220307-SMPT/RobotManipulation-PT-00002/RF-01.smt2,sat,0.0038361549377441406
/20220307-SMPT/RobotManipulation-PT-00002/RF-13.smt2,sat,0.005183696746826172
/20220307-SMPT/RobotManipulation-PT-00002/RC-05.smt2,sat,0.003484487533569336
/20220307-SMPT/RobotManipulation-PT-00002/RC-00.smt2,sat,0.00419163703918457
/20220307-SMPT/RobotManipulation-PT-00002/RF-05.smt2,sat,0.004114389419555664
/20220307-SMPT/RobotManipulation-PT-00002/RF-07.smt2,sat,0.004140138626098633
/20220307-SMPT/RobotManipulation-PT-00002/RF-08.smt2,sat,0.00647425651550293
/20220307-SMPT/RobotManipulation-PT-00002/RC-08.smt2,sat,0.003596067428588867
/20220307-SMPT/RobotManipulation-PT-00002/RF-15.smt2,sat,0.002674579620361328
/20220307-SMPT/RobotManipulation-PT-00002/RF-09.smt2,sat,0.002825021743774414
/20220307-SMPT/RobotManipulation-PT-00002/RC-07.smt2,sat,0.0032639503479003906
/20220307-SMPT/RobotManipulation-PT-00002/RF-06.smt2,sat,0.004521608352661133
/20220307-SMPT/RobotManipulation-PT-00002/RC-09.smt2,sat,0.0036919116973876953
/20220307-SMPT/RobotManipulation-PT-00002/RC-15.smt2,sat,0.004660129547119141
/20220307-SMPT/RobotManipulation-PT-00002/RC-12.smt2,sat,0.00489497184753418
/20220307-SMPT/RobotManipulation-PT-00002/RF-14.smt2,sat,0.004716396331787109
/20220307-SMPT/SwimmingPool-PT-03/RC-02.smt2,sat,0.0033931732177734375
/20220307-SMPT/SwimmingPool-PT-03/RF-12.smt2,sat,0.0045206546783447266
/20220307-SMPT/SwimmingPool-PT-03/RC-03.smt2,sat,0.0031740665435791016
/20220307-SMPT/SwimmingPool-PT-03/RF-02.smt2,unsat,0.0056610107421875
/20220307-SMPT/SwimmingPool-PT-03/RC-11.smt2,sat,0.004077434539794922
/20220307-SMPT/SwimmingPool-PT-03/RF-03.smt2,sat,0.005032539367675781
/20220307-SMPT/SwimmingPool-PT-03/RC-01.smt2,sat,0.004560232162475586
/20220307-SMPT/SwimmingPool-PT-03/RF-00.smt2,sat,0.0033330917358398438
/20220307-SMPT/SwimmingPool-PT-03/RC-04.smt2,sat,0.003573179244995117
/20220307-SMPT/SwimmingPool-PT-03/RF-11.smt2,unsat,0.0025680065155029297
/20220307-SMPT/SwimmingPool-PT-03/RC-13.smt2,sat,0.003559112548828125
/20220307-SMPT/SwimmingPool-PT-03/RC-06.smt2,sat,0.0021064281463623047
/20220307-SMPT/SwimmingPool-PT-03/RC-14.smt2,unsat,0.0034394264221191406
/20220307-SMPT/SwimmingPool-PT-03/RC-10.smt2,sat,0.0027303695678710938
/20220307-SMPT/SwimmingPool-PT-03/RF-04.smt2,sat,0.0021674633026123047
/20220307-SMPT/SwimmingPool-PT-03/RF-01.smt2,sat,0.0041010379791259766
/20220307-SMPT/SwimmingPool-PT-03/RF-13.smt2,sat,0.003345966339111328
/20220307-SMPT/SwimmingPool-PT-03/RC-00.smt2,sat,0.0036482810974121094
/20220307-SMPT/SwimmingPool-PT-03/RF-05.smt2,unsat,0.00467681884765625
/20220307-SMPT/SwimmingPool-PT-03/RF-10.smt2,sat,0.0044748783111572266
/20220307-SMPT/SwimmingPool-PT-03/RC-08.smt2,sat,0.006064653396606445
/20220307-SMPT/SwimmingPool-PT-03/RC-07.smt2,sat,0.0036652088165283203
/20220307-SMPT/SwimmingPool-PT-03/RF-06.smt2,unsat,0.0034933090209960938
/20220307-SMPT/SwimmingPool-PT-03/RC-09.smt2,sat,0.0036268234252929688
/20220307-SMPT/SwimmingPool-PT-03/RC-15.smt2,unsat,0.004692792892456055
/20220307-SMPT/SwimmingPool-PT-03/RC-12.smt2,sat,0.0038950443267822266
/20220307-SMPT/SwimmingPool-PT-03/RF-14.smt2,sat,0.003308534622192383
/20220307-SMPT/FamilyReunion-PT-L00400M0040C020P020G001/RC-02.smt2,failed,1200.0
/20220307-SMPT/FamilyReunion-PT-L00400M0040C020P020G001/RF-12.smt2,failed,1200.0
/20220307-SMPT/FamilyReunion-PT-L00400M0040C020P020G001/RC-03.smt2,failed,1200.0
/20220307-SMPT/FamilyReunion-PT-L00400M0040C020P020G001/RF-02.smt2,failed,1200.0
/20220307-SMPT/FamilyReunion-PT-L00400M0040C020P020G001/RC-11.smt2,failed,1200.0
/20220307-SMPT/FamilyReunion-PT-L00400M0040C020P020G001/RF-03.smt2,failed,1200.0
/20220307-SMPT/FamilyReunion-PT-L00400M0040C020P020G001/RC-01.smt2,failed,1200.0
/20220307-SMPT/FamilyReunion-PT-L00400M0040C020P020G001/RF-00.smt2,failed,1200.0
/20220307-SMPT/FamilyReunion-PT-L00400M0040C020P020G001/RC-04.smt2,failed,1200.0
/20220307-SMPT/FamilyReunion-PT-L00400M0040C020P020G001/RF-11.smt2,failed,1200.0
/20220307-SMPT/FamilyReunion-PT-L00400M0040C020P020G001/RC-13.smt2,failed,1200.0
/20220307-SMPT/FamilyReunion-PT-L00400M0040C020P020G001/RC-06.smt2,failed,1200.0
/20220307-SMPT/FamilyReunion-PT-L00400M0040C020P020G001/RC-14.smt2,failed,1200.0
/20220307-SMPT/FamilyReunion-PT-L00400M0040C020P020G001/RC-10.smt2,failed,1200.0
/20220307-SMPT/FamilyReunion-PT-L00400M0040C020P020G001/RF-04.smt2,failed,1200.0
/20220307-SMPT/FamilyReunion-PT-L00400M0040C020P020G001/RF-01.smt2,failed,1200.0
/20220307-SMPT/FamilyReunion-PT-L00400M0040C020P020G001/RF-13.smt2,failed,1200.0
/20220307-SMPT/FamilyReunion-PT-L00400M0040C020P020G001/RC-05.smt2,failed,1200.0
/20220307-SMPT/FamilyReunion-PT-L00400M0040C020P020G001/RC-00.smt2,failed,1200.0
/20220307-SMPT/FamilyReunion-PT-L00400M0040C020P020G001/RF-05.smt2,failed,1200.0
/20220307-SMPT/FamilyReunion-PT-L00400M0040C020P020G001/RF-07.smt2,failed,1200.0
/20220307-SMPT/FamilyReunion-PT-L00400M0040C020P020G001/RF-10.smt2,failed,1200.0
/20220307-SMPT/FamilyReunion-PT-L00400M0040C020P020G001/RF-08.smt2,failed,1200.0
/20220307-SMPT/FamilyReunion-PT-L00400M0040C020P020G001/RC-08.smt2,failed,1200.0
/20220307-SMPT/FamilyReunion-PT-L00400M0040C020P020G001/RF-15.smt2,failed,1200.0
/20220307-SMPT/FamilyReunion-PT-L00400M0040C020P020G001/RF-09.smt2,failed,1200.0
/20220307-SMPT/FamilyReunion-PT-L00400M0040C020P020G001/RC-07.smt2,failed,1200.0
/20220307-SMPT/FamilyReunion-PT-L00400M0040C020P020G001/RF-06.smt2,failed,1200.0
/20220307-SMPT/FamilyReunion-PT-L00400M0040C020P020G001/RC-09.smt2,failed,1200.0
/20220307-SMPT/FamilyReunion-PT-L00400M0040C020P020G001/RC-15.smt2,failed,1200.0
/20220307-SMPT/FamilyReunion-PT-L00400M0040C020P020G001/RC-12.smt2,failed,1200.0
/20220307-SMPT/FamilyReunion-PT-L00400M0040C020P020G001/RF-14.smt2,failed,1200.0
/20220307-SMPT/Kanban-PT-00050/RC-02.smt2,sat,0.00395512580871582
/20220307-SMPT/Kanban-PT-00050/RF-12.smt2,sat,0.0043332576751708984
/20220307-SMPT/Kanban-PT-00050/RC-03.smt2,sat,0.0038385391235351562
/20220307-SMPT/Kanban-PT-00050/RF-02.smt2,sat,0.006066083908081055
/20220307-SMPT/Kanban-PT-00050/RC-11.smt2,sat,0.0040628910064697266
/20220307-SMPT/Kanban-PT-00050/RF-03.smt2,unsat,0.003234386444091797
/20220307-SMPT/Kanban-PT-00050/RC-01.smt2,unsat,0.004405498504638672
/20220307-SMPT/Kanban-PT-00050/RF-00.smt2,sat,0.0049991607666015625
/20220307-SMPT/Kanban-PT-00050/RC-04.smt2,sat,0.004343748092651367
/20220307-SMPT/Kanban-PT-00050/RF-11.smt2,sat,0.004706382751464844
/20220307-SMPT/Kanban-PT-00050/RC-13.smt2,sat,0.0035643577575683594
/20220307-SMPT/Kanban-PT-00050/RC-06.smt2,sat,0.003957509994506836
/20220307-SMPT/Kanban-PT-00050/RC-14.smt2,sat,0.005014657974243164
/20220307-SMPT/Kanban-PT-00050/RC-10.smt2,sat,0.003861665725708008
/20220307-SMPT/Kanban-PT-00050/RF-04.smt2,unsat,0.0021941661834716797
/20220307-SMPT/Kanban-PT-00050/RF-01.smt2,sat,0.005063772201538086
/20220307-SMPT/Kanban-PT-00050/RF-13.smt2,sat,0.004412174224853516
/20220307-SMPT/Kanban-PT-00050/RC-05.smt2,sat,0.0022826194763183594
/20220307-SMPT/Kanban-PT-00050/RC-00.smt2,sat,0.005976200103759766
/20220307-SMPT/Kanban-PT-00050/RF-05.smt2,sat,0.0037505626678466797
/20220307-SMPT/Kanban-PT-00050/RF-07.smt2,sat,0.004161357879638672
/20220307-SMPT/Kanban-PT-00050/RF-10.smt2,sat,0.0036258697509765625
/20220307-SMPT/Kanban-PT-00050/RF-08.smt2,sat,0.004160404205322266
/20220307-SMPT/Kanban-PT-00050/RC-08.smt2,sat,0.004582405090332031
/20220307-SMPT/Kanban-PT-00050/RF-15.smt2,sat,0.004118204116821289
/20220307-SMPT/Kanban-PT-00050/RF-09.smt2,sat,0.0033783912658691406
/20220307-SMPT/Kanban-PT-00050/RC-07.smt2,sat,0.004923582077026367
/20220307-SMPT/Kanban-PT-00050/RF-06.smt2,sat,0.004313945770263672
/20220307-SMPT/Kanban-PT-00050/RC-09.smt2,sat,0.0037660598754882812
/20220307-SMPT/Kanban-PT-00050/RC-15.smt2,sat,0.005133628845214844
/20220307-SMPT/Kanban-PT-00050/RC-12.smt2,sat,0.00244140625
/20220307-SMPT/Kanban-PT-00050/RF-14.smt2,sat,0.003554821014404297
/20220307-SMPT/SmallOperatingSystem-PT-MT0512DC0256/RC-02.smt2,sat,0.0034890174865722656
/20220307-SMPT/SmallOperatingSystem-PT-MT0512DC0256/RF-12.smt2,sat,0.003451824188232422
/20220307-SMPT/SmallOperatingSystem-PT-MT0512DC0256/RC-03.smt2,sat,0.0031480789184570312
/20220307-SMPT/SmallOperatingSystem-PT-MT0512DC0256/RF-02.smt2,sat,0.003638029098510742
/20220307-SMPT/SmallOperatingSystem-PT-MT0512DC0256/RC-11.smt2,sat,0.0038695335388183594
/20220307-SMPT/SmallOperatingSystem-PT-MT0512DC0256/RF-03.smt2,unsat,0.003598451614379883
/20220307-SMPT/SmallOperatingSystem-PT-MT0512DC0256/RC-01.smt2,sat,0.0064601898193359375
/20220307-SMPT/SmallOperatingSystem-PT-MT0512DC0256/RF-00.smt2,unsat,0.0031659603118896484
/20220307-SMPT/SmallOperatingSystem-PT-MT0512DC0256/RC-04.smt2,sat,0.004145145416259766
/20220307-SMPT/SmallOperatingSystem-PT-MT0512DC0256/RF-11.smt2,unsat,0.0038454532623291016
/20220307-SMPT/SmallOperatingSystem-PT-MT0512DC0256/RC-13.smt2,unsat,0.003592252731323242
/20220307-SMPT/SmallOperatingSystem-PT-MT0512DC0256/RC-06.smt2,unsat,0.0036323070526123047
/20220307-SMPT/SmallOperatingSystem-PT-MT0512DC0256/RC-14.smt2,unsat,0.00685882568359375
/20220307-SMPT/SmallOperatingSystem-PT-MT0512DC0256/RC-10.smt2,sat,0.005644083023071289
/20220307-SMPT/SmallOperatingSystem-PT-MT0512DC0256/RF-04.smt2,sat,0.0036132335662841797
/20220307-SMPT/SmallOperatingSystem-PT-MT0512DC0256/RF-01.smt2,sat,0.0036153793334960938
/20220307-SMPT/SmallOperatingSystem-PT-MT0512DC0256/RF-13.smt2,unsat,0.0034584999084472656
/20220307-SMPT/SmallOperatingSystem-PT-MT0512DC0256/RC-05.smt2,unsat,0.0048868656158447266
/20220307-SMPT/SmallOperatingSystem-PT-MT0512DC0256/RC-00.smt2,sat,0.005334377288818359
/20220307-SMPT/SmallOperatingSystem-PT-MT0512DC0256/RF-05.smt2,sat,0.003995418548583984
/20220307-SMPT/SmallOperatingSystem-PT-MT0512DC0256/RF-07.smt2,sat,0.003403186798095703
/20220307-SMPT/SmallOperatingSystem-PT-MT0512DC0256/RF-10.smt2,sat,0.004266500473022461
/20220307-SMPT/SmallOperatingSystem-PT-MT0512DC0256/RF-08.smt2,unsat,0.003110170364379883
/20220307-SMPT/SmallOperatingSystem-PT-MT0512DC0256/RC-08.smt2,sat,0.004087924957275391
/20220307-SMPT/SmallOperatingSystem-PT-MT0512DC0256/RF-15.smt2,sat,0.0030722618103027344
/20220307-SMPT/SmallOperatingSystem-PT-MT0512DC0256/RF-09.smt2,sat,0.004190683364868164
/20220307-SMPT/SmallOperatingSystem-PT-MT0512DC0256/RF-06.smt2,sat,0.003676891326904297
/20220307-SMPT/SmallOperatingSystem-PT-MT0512DC0256/RC-09.smt2,unsat,0.00574493408203125
/20220307-SMPT/SmallOperatingSystem-PT-MT0512DC0256/RC-15.smt2,sat,0.004576921463012695
/20220307-SMPT/SmallOperatingSystem-PT-MT0512DC0256/RC-12.smt2,unsat,0.0039556026458740234
/20220307-SMPT/SmallOperatingSystem-PT-MT0512DC0256/RF-14.smt2,sat,0.0033347606658935547
/20220307-SMPT/RwMutex-PT-r0010w0100/RC-02.smt2,unsat,0.03854942321777344
/20220307-SMPT/RwMutex-PT-r0010w0100/RF-12.smt2,sat,0.03790140151977539
/20220307-SMPT/RwMutex-PT-r0010w0100/RC-03.smt2,sat,0.04048943519592285
/20220307-SMPT/RwMutex-PT-r0010w0100/RF-02.smt2,sat,0.041631460189819336
/20220307-SMPT/RwMutex-PT-r0010w0100/RC-11.smt2,sat,0.04158830642700195
/20220307-SMPT/RwMutex-PT-r0010w0100/RF-03.smt2,sat,0.0463109016418457
/20220307-SMPT/RwMutex-PT-r0010w0100/RC-01.smt2,unsat,0.039971351623535156
/20220307-SMPT/RwMutex-PT-r0010w0100/RF-00.smt2,unsat,0.04433465003967285
/20220307-SMPT/RwMutex-PT-r0010w0100/RC-04.smt2,sat,0.04097795486450195
/20220307-SMPT/RwMutex-PT-r0010w0100/RF-11.smt2,sat,0.04532456398010254
/20220307-SMPT/RwMutex-PT-r0010w0100/RC-13.smt2,sat,0.0426633358001709
/20220307-SMPT/RwMutex-PT-r0010w0100/RC-06.smt2,sat,0.04696035385131836
/20220307-SMPT/RwMutex-PT-r0010w0100/RC-14.smt2,sat,0.03968405723571777
/20220307-SMPT/RwMutex-PT-r0010w0100/RC-10.smt2,sat,0.0379638671875
/20220307-SMPT/RwMutex-PT-r0010w0100/RF-04.smt2,sat,0.041692495346069336
/20220307-SMPT/RwMutex-PT-r0010w0100/RF-01.smt2,sat,0.042566776275634766
/20220307-SMPT/RwMutex-PT-r0010w0100/RF-13.smt2,sat,0.04148721694946289
/20220307-SMPT/RwMutex-PT-r0010w0100/RC-05.smt2,sat,0.04568314552307129
/20220307-SMPT/RwMutex-PT-r0010w0100/RC-00.smt2,sat,0.03919672966003418
/20220307-SMPT/RwMutex-PT-r0010w0100/RF-05.smt2,sat,0.04484391212463379
/20220307-SMPT/RwMutex-PT-r0010w0100/RF-07.smt2,sat,0.04106855392456055
/20220307-SMPT/RwMutex-PT-r0010w0100/RF-10.smt2,sat,0.04523444175720215
/20220307-SMPT/RwMutex-PT-r0010w0100/RF-08.smt2,sat,0.03935670852661133
/20220307-SMPT/RwMutex-PT-r0010w0100/RC-08.smt2,sat,0.03778886795043945
/20220307-SMPT/RwMutex-PT-r0010w0100/RF-15.smt2,sat,0.04962658882141113
/20220307-SMPT/RwMutex-PT-r0010w0100/RF-09.smt2,sat,0.04617047309875488
/20220307-SMPT/RwMutex-PT-r0010w0100/RC-07.smt2,sat,0.04076242446899414
/20220307-SMPT/RwMutex-PT-r0010w0100/RF-06.smt2,sat,0.04449939727783203
/20220307-SMPT/RwMutex-PT-r0010w0100/RC-09.smt2,sat,0.04055666923522949
/20220307-SMPT/RwMutex-PT-r0010w0100/RC-15.smt2,sat,0.04416370391845703
/20220307-SMPT/RwMutex-PT-r0010w0100/RC-12.smt2,sat,0.04303121566772461
/20220307-SMPT/RwMutex-PT-r0010w0100/RF-14.smt2,sat,0.0390474796295166
/20220307-SMPT/BART-PT-030/RC-02.smt2,sat,0.2235884666442871
/20220307-SMPT/BART-PT-030/RF-12.smt2,sat,0.193678617477417
/20220307-SMPT/BART-PT-030/RC-03.smt2,sat,0.1737680435180664
/20220307-SMPT/BART-PT-030/RF-02.smt2,sat,0.19290733337402344
/20220307-SMPT/BART-PT-030/RC-11.smt2,sat,0.20049214363098145
/20220307-SMPT/BART-PT-030/RF-03.smt2,sat,0.18399620056152344
/20220307-SMPT/BART-PT-030/RC-01.smt2,unsat,0.11861038208007812
/20220307-SMPT/BART-PT-030/RF-00.smt2,sat,0.18992161750793457
/20220307-SMPT/BART-PT-030/RC-04.smt2,sat,0.18872380256652832
/20220307-SMPT/BART-PT-030/RF-11.smt2,sat,0.20177412033081055
/20220307-SMPT/BART-PT-030/RC-13.smt2,unsat,0.18697762489318848
/20220307-SMPT/BART-PT-030/RC-06.smt2,unsat,0.19174909591674805
/20220307-SMPT/BART-PT-030/RC-14.smt2,sat,0.17920970916748047
/20220307-SMPT/BART-PT-030/RC-10.smt2,unsat,0.2036120891571045
/20220307-SMPT/BART-PT-030/RF-04.smt2,sat,0.2288661003112793
/20220307-SMPT/BART-PT-030/RF-01.smt2,sat,0.21713852882385254
/20220307-SMPT/BART-PT-030/RF-13.smt2,sat,0.1782534122467041
/20220307-SMPT/BART-PT-030/RC-05.smt2,unsat,0.17819547653198242
/20220307-SMPT/BART-PT-030/RC-00.smt2,unsat,0.21443700790405273
/20220307-SMPT/BART-PT-030/RF-05.smt2,sat,0.19197440147399902
/20220307-SMPT/BART-PT-030/RF-07.smt2,sat,0.18074631690979004
/20220307-SMPT/BART-PT-030/RF-10.smt2,sat,0.20575928688049316
/20220307-SMPT/BART-PT-030/RF-08.smt2,sat,0.1907215118408203
/20220307-SMPT/BART-PT-030/RC-08.smt2,sat,0.18729209899902344
/20220307-SMPT/BART-PT-030/RF-15.smt2,sat,0.2032792568206787
/20220307-SMPT/BART-PT-030/RF-09.smt2,sat,0.18266606330871582
/20220307-SMPT/BART-PT-030/RC-07.smt2,unsat,0.19977903366088867
/20220307-SMPT/BART-PT-030/RF-06.smt2,unsat,0.20160675048828125
/20220307-SMPT/BART-PT-030/RC-09.smt2,sat,0.19183015823364258
/20220307-SMPT/BART-PT-030/RC-15.smt2,unsat,0.17168736457824707
/20220307-SMPT/BART-PT-030/RC-12.smt2,sat,0.20007562637329102
/20220307-SMPT/BART-PT-030/RF-14.smt2,sat,0.22798585891723633
/20220307-SMPT/SmallOperatingSystem-PT-MT0032DC0016/RC-02.smt2,unsat,0.0037467479705810547
/20220307-SMPT/SmallOperatingSystem-PT-MT0032DC0016/RF-12.smt2,unsat,0.004845380783081055
/20220307-SMPT/SmallOperatingSystem-PT-MT0032DC0016/RC-03.smt2,unsat,0.005037069320678711
/20220307-SMPT/SmallOperatingSystem-PT-MT0032DC0016/RF-02.smt2,sat,0.004114866256713867
/20220307-SMPT/SmallOperatingSystem-PT-MT0032DC0016/RC-11.smt2,unsat,0.002260446548461914
/20220307-SMPT/SmallOperatingSystem-PT-MT0032DC0016/RF-03.smt2,unsat,0.003330707550048828
/20220307-SMPT/SmallOperatingSystem-PT-MT0032DC0016/RC-01.smt2,unsat,0.003936767578125
/20220307-SMPT/SmallOperatingSystem-PT-MT0032DC0016/RF-00.smt2,unsat,0.0030121803283691406
/20220307-SMPT/SmallOperatingSystem-PT-MT0032DC0016/RC-04.smt2,unsat,0.004675388336181641
/20220307-SMPT/SmallOperatingSystem-PT-MT0032DC0016/RF-11.smt2,unsat,0.003869295120239258
/20220307-SMPT/SmallOperatingSystem-PT-MT0032DC0016/RC-13.smt2,unsat,0.001828908920288086
/20220307-SMPT/SmallOperatingSystem-PT-MT0032DC0016/RC-06.smt2,unsat,0.002038717269897461
/20220307-SMPT/SmallOperatingSystem-PT-MT0032DC0016/RC-14.smt2,sat,0.0032830238342285156
/20220307-SMPT/SmallOperatingSystem-PT-MT0032DC0016/RC-10.smt2,unsat,0.0034151077270507812
/20220307-SMPT/SmallOperatingSystem-PT-MT0032DC0016/RF-04.smt2,sat,0.0030257701873779297
/20220307-SMPT/SmallOperatingSystem-PT-MT0032DC0016/RF-01.smt2,sat,0.006326198577880859
/20220307-SMPT/SmallOperatingSystem-PT-MT0032DC0016/RF-13.smt2,unsat,0.004200458526611328
/20220307-SMPT/SmallOperatingSystem-PT-MT0032DC0016/RC-05.smt2,unsat,0.004622697830200195
/20220307-SMPT/SmallOperatingSystem-PT-MT0032DC0016/RC-00.smt2,unsat,0.0049304962158203125
/20220307-SMPT/SmallOperatingSystem-PT-MT0032DC0016/RF-05.smt2,unsat,0.0033538341522216797
/20220307-SMPT/SmallOperatingSystem-PT-MT0032DC0016/RF-07.smt2,unsat,0.0030968189239501953
/20220307-SMPT/SmallOperatingSystem-PT-MT0032DC0016/RF-10.smt2,unsat,0.0035331249237060547
/20220307-SMPT/SmallOperatingSystem-PT-MT0032DC0016/RF-08.smt2,unsat,0.0045166015625
/20220307-SMPT/SmallOperatingSystem-PT-MT0032DC0016/RC-08.smt2,sat,0.0034453868865966797
/20220307-SMPT/SmallOperatingSystem-PT-MT0032DC0016/RF-15.smt2,sat,0.003434896469116211
/20220307-SMPT/SmallOperatingSystem-PT-MT0032DC0016/RF-09.smt2,unsat,0.0026836395263671875
/20220307-SMPT/SmallOperatingSystem-PT-MT0032DC0016/RC-07.smt2,sat,0.0038514137268066406
/20220307-SMPT/SmallOperatingSystem-PT-MT0032DC0016/RF-06.smt2,unsat,0.0031795501708984375
/20220307-SMPT/SmallOperatingSystem-PT-MT0032DC0016/RC-09.smt2,sat,0.0051076412200927734
/20220307-SMPT/SmallOperatingSystem-PT-MT0032DC0016/RC-15.smt2,unsat,0.004129171371459961
/20220307-SMPT/SmallOperatingSystem-PT-MT0032DC0016/RC-12.smt2,unsat,0.0038940906524658203
/20220307-SMPT/SmallOperatingSystem-PT-MT0032DC0016/RF-14.smt2,unsat,0.0037975311279296875
/20220307-SMPT/FMS-PT-20000/RC-02.smt2,sat,0.006386756896972656
/20220307-SMPT/FMS-PT-20000/RF-12.smt2,sat,0.0040950775146484375
/20220307-SMPT/FMS-PT-20000/RC-03.smt2,sat,0.005023002624511719
/20220307-SMPT/FMS-PT-20000/RF-02.smt2,sat,0.003946781158447266
/20220307-SMPT/FMS-PT-20000/RC-11.smt2,sat,0.0033261775970458984
/20220307-SMPT/FMS-PT-20000/RF-03.smt2,unsat,0.004311084747314453
/20220307-SMPT/FMS-PT-20000/RC-01.smt2,sat,0.0039937496185302734
/20220307-SMPT/FMS-PT-20000/RF-00.smt2,sat,0.004477500915527344
/20220307-SMPT/FMS-PT-20000/RC-04.smt2,sat,0.004218578338623047
/20220307-SMPT/FMS-PT-20000/RF-11.smt2,unsat,0.004170417785644531
/20220307-SMPT/FMS-PT-20000/RC-06.smt2,unsat,0.003571748733520508
/20220307-SMPT/FMS-PT-20000/RC-14.smt2,sat,0.003733396530151367
/20220307-SMPT/FMS-PT-20000/RC-10.smt2,sat,0.004235267639160156
/20220307-SMPT/FMS-PT-20000/RF-04.smt2,sat,0.0040912628173828125
/20220307-SMPT/FMS-PT-20000/RF-01.smt2,sat,0.0033910274505615234
/20220307-SMPT/FMS-PT-20000/RF-13.smt2,sat,0.0030210018157958984
/20220307-SMPT/FMS-PT-20000/RC-05.smt2,unsat,0.003856658935546875
/20220307-SMPT/FMS-PT-20000/RC-00.smt2,sat,0.004687070846557617
/20220307-SMPT/FMS-PT-20000/RF-05.smt2,unsat,0.003318309783935547
/20220307-SMPT/FMS-PT-20000/RF-07.smt2,sat,0.003856658935546875
/20220307-SMPT/FMS-PT-20000/RF-10.smt2,sat,0.004091024398803711
/20220307-SMPT/FMS-PT-20000/RF-08.smt2,sat,0.0036759376525878906
/20220307-SMPT/FMS-PT-20000/RC-08.smt2,unsat,0.005508899688720703
/20220307-SMPT/FMS-PT-20000/RF-15.smt2,sat,0.00414729118347168
/20220307-SMPT/FMS-PT-20000/RF-09.smt2,sat,0.0036046504974365234
/20220307-SMPT/FMS-PT-20000/RC-07.smt2,sat,0.003881692886352539
/20220307-SMPT/FMS-PT-20000/RF-06.smt2,sat,0.004334926605224609
/20220307-SMPT/FMS-PT-20000/RC-09.smt2,unsat,0.004641532897949219
/20220307-SMPT/FMS-PT-20000/RC-15.smt2,sat,0.0038917064666748047
/20220307-SMPT/FMS-PT-20000/RC-12.smt2,sat,0.004286050796508789
/20220307-SMPT/FMS-PT-20000/RF-14.smt2,sat,0.004091739654541016
/20220307-SMPT/Diffusion2D-PT-D05N010/RC-02.smt2,sat,0.004813432693481445
/20220307-SMPT/Diffusion2D-PT-D05N010/RF-12.smt2,sat,0.005199909210205078
/20220307-SMPT/Diffusion2D-PT-D05N010/RC-03.smt2,sat,0.004703998565673828
/20220307-SMPT/Diffusion2D-PT-D05N010/RF-02.smt2,sat,0.004700660705566406
/20220307-SMPT/Diffusion2D-PT-D05N010/RC-11.smt2,sat,0.004388570785522461
/20220307-SMPT/Diffusion2D-PT-D05N010/RC-01.smt2,sat,0.004317045211791992
/20220307-SMPT/Diffusion2D-PT-D05N010/RF-00.smt2,sat,0.0037109851837158203
/20220307-SMPT/Diffusion2D-PT-D05N010/RC-04.smt2,sat,0.0034689903259277344
/20220307-SMPT/Diffusion2D-PT-D05N010/RF-11.smt2,sat,0.005934953689575195
/20220307-SMPT/Diffusion2D-PT-D05N010/RC-13.smt2,sat,0.0035698413848876953
/20220307-SMPT/Diffusion2D-PT-D05N010/RC-06.smt2,sat,0.005801677703857422
/20220307-SMPT/Diffusion2D-PT-D05N010/RC-14.smt2,unsat,0.0030078887939453125
/20220307-SMPT/Diffusion2D-PT-D05N010/RC-10.smt2,sat,0.003954172134399414
/20220307-SMPT/Diffusion2D-PT-D05N010/RF-04.smt2,unsat,0.004899024963378906
/20220307-SMPT/Diffusion2D-PT-D05N010/RF-01.smt2,sat,0.003690004348754883
/20220307-SMPT/Diffusion2D-PT-D05N010/RF-13.smt2,sat,0.0037336349487304688
/20220307-SMPT/Diffusion2D-PT-D05N010/RC-05.smt2,sat,0.004452705383300781
/20220307-SMPT/Diffusion2D-PT-D05N010/RC-00.smt2,sat,0.0036880970001220703
/20220307-SMPT/Diffusion2D-PT-D05N010/RF-07.smt2,sat,0.005076408386230469
/20220307-SMPT/Diffusion2D-PT-D05N010/RF-10.smt2,sat,0.004507541656494141
/20220307-SMPT/Diffusion2D-PT-D05N010/RF-08.smt2,unsat,0.004906654357910156
/20220307-SMPT/Diffusion2D-PT-D05N010/RC-08.smt2,sat,0.004488945007324219
/20220307-SMPT/Diffusion2D-PT-D05N010/RF-09.smt2,sat,0.0045642852783203125
/20220307-SMPT/Diffusion2D-PT-D05N010/RC-07.smt2,sat,0.003661632537841797
/20220307-SMPT/Diffusion2D-PT-D05N010/RF-06.smt2,sat,0.005082607269287109
/20220307-SMPT/Diffusion2D-PT-D05N010/RC-09.smt2,unsat,0.002919912338256836
/20220307-SMPT/Diffusion2D-PT-D05N010/RC-15.smt2,sat,0.004480838775634766
/20220307-SMPT/Diffusion2D-PT-D05N010/RC-12.smt2,sat,0.004435300827026367
/20220307-SMPT/Diffusion2D-PT-D05N010/RF-14.smt2,sat,0.005517721176147461
/20220307-SMPT/HouseConstruction-PT-00002/RC-02.smt2,sat,0.004750967025756836
/20220307-SMPT/HouseConstruction-PT-00002/RF-12.smt2,sat,0.0048084259033203125
/20220307-SMPT/HouseConstruction-PT-00002/RC-03.smt2,sat,0.004701375961303711
/20220307-SMPT/HouseConstruction-PT-00002/RF-02.smt2,sat,0.004248857498168945
/20220307-SMPT/HouseConstruction-PT-00002/RC-11.smt2,sat,0.004012107849121094
/20220307-SMPT/HouseConstruction-PT-00002/RF-03.smt2,sat,0.00475621223449707
/20220307-SMPT/HouseConstruction-PT-00002/RC-01.smt2,sat,0.004625558853149414
/20220307-SMPT/HouseConstruction-PT-00002/RF-00.smt2,sat,0.004535198211669922
/20220307-SMPT/HouseConstruction-PT-00002/RC-04.smt2,sat,0.00421595573425293
/20220307-SMPT/HouseConstruction-PT-00002/RF-11.smt2,unsat,0.002930879592895508
/20220307-SMPT/HouseConstruction-PT-00002/RC-13.smt2,sat,0.009903907775878906
/20220307-SMPT/HouseConstruction-PT-00002/RC-06.smt2,sat,0.003640413284301758
/20220307-SMPT/HouseConstruction-PT-00002/RC-14.smt2,sat,0.004662275314331055
/20220307-SMPT/HouseConstruction-PT-00002/RC-10.smt2,sat,0.004618644714355469
/20220307-SMPT/HouseConstruction-PT-00002/RF-04.smt2,sat,0.00460362434387207
/20220307-SMPT/HouseConstruction-PT-00002/RF-01.smt2,sat,0.005492687225341797
/20220307-SMPT/HouseConstruction-PT-00002/RF-13.smt2,sat,0.003831624984741211
/20220307-SMPT/HouseConstruction-PT-00002/RC-05.smt2,sat,0.004362821578979492
/20220307-SMPT/HouseConstruction-PT-00002/RC-00.smt2,sat,0.005917549133300781
/20220307-SMPT/HouseConstruction-PT-00002/RF-05.smt2,sat,0.004063129425048828
/20220307-SMPT/HouseConstruction-PT-00002/RF-07.smt2,sat,0.005144596099853516
/20220307-SMPT/HouseConstruction-PT-00002/RF-08.smt2,sat,0.0052106380462646484
/20220307-SMPT/HouseConstruction-PT-00002/RC-08.smt2,sat,0.0046842098236083984
/20220307-SMPT/HouseConstruction-PT-00002/RF-15.smt2,sat,0.0038819313049316406
/20220307-SMPT/HouseConstruction-PT-00002/RF-09.smt2,unsat,0.00456690788269043
/20220307-SMPT/HouseConstruction-PT-00002/RC-07.smt2,sat,0.002802610397338867
/20220307-SMPT/HouseConstruction-PT-00002/RF-06.smt2,sat,0.003787994384765625
/20220307-SMPT/HouseConstruction-PT-00002/RC-09.smt2,unsat,0.004092216491699219
/20220307-SMPT/HouseConstruction-PT-00002/RC-15.smt2,sat,0.006460666656494141
/20220307-SMPT/HouseConstruction-PT-00002/RC-12.smt2,sat,0.003948211669921875
/20220307-SMPT/HouseConstruction-PT-00002/RF-14.smt2,sat,0.0030868053436279297
/20220307-SMPT/RwMutex-PT-r2000w0010/RC-02.smt2,unsat,0.3930220603942871
/20220307-SMPT/RwMutex-PT-r2000w0010/RF-12.smt2,sat,0.5351369380950928
/20220307-SMPT/RwMutex-PT-r2000w0010/RC-03.smt2,sat,0.45598316192626953
/20220307-SMPT/RwMutex-PT-r2000w0010/RF-02.smt2,sat,0.5917227268218994
/20220307-SMPT/RwMutex-PT-r2000w0010/RC-11.smt2,sat,0.5354900360107422
/20220307-SMPT/RwMutex-PT-r2000w0010/RF-03.smt2,sat,0.5952093601226807
/20220307-SMPT/RwMutex-PT-r2000w0010/RC-01.smt2,unsat,0.4026768207550049
/20220307-SMPT/RwMutex-PT-r2000w0010/RF-00.smt2,sat,0.5101234912872314
/20220307-SMPT/RwMutex-PT-r2000w0010/RC-04.smt2,sat,0.53000807762146
/20220307-SMPT/RwMutex-PT-r2000w0010/RF-11.smt2,sat,0.5827879905700684
/20220307-SMPT/RwMutex-PT-r2000w0010/RC-13.smt2,unsat,0.468153715133667
/20220307-SMPT/RwMutex-PT-r2000w0010/RC-06.smt2,sat,0.5041933059692383
/20220307-SMPT/RwMutex-PT-r2000w0010/RC-14.smt2,sat,0.6288800239562988
/20220307-SMPT/RwMutex-PT-r2000w0010/RC-10.smt2,unsat,0.4716920852661133
/20220307-SMPT/RwMutex-PT-r2000w0010/RF-04.smt2,sat,0.498873233795166
/20220307-SMPT/RwMutex-PT-r2000w0010/RF-01.smt2,sat,0.610022783279419
/20220307-SMPT/RwMutex-PT-r2000w0010/RF-13.smt2,sat,0.5350131988525391
/20220307-SMPT/RwMutex-PT-r2000w0010/RC-05.smt2,unsat,0.38158202171325684
/20220307-SMPT/RwMutex-PT-r2000w0010/RC-00.smt2,unsat,0.6098783016204834
/20220307-SMPT/RwMutex-PT-r2000w0010/RF-05.smt2,sat,0.5236573219299316
/20220307-SMPT/RwMutex-PT-r2000w0010/RF-07.smt2,sat,0.546379566192627
/20220307-SMPT/RwMutex-PT-r2000w0010/RF-10.smt2,sat,0.5785818099975586
/20220307-SMPT/RwMutex-PT-r2000w0010/RF-08.smt2,sat,0.5569524765014648
/20220307-SMPT/RwMutex-PT-r2000w0010/RC-08.smt2,unsat,0.3511044979095459
/20220307-SMPT/RwMutex-PT-r2000w0010/RF-15.smt2,sat,0.5742282867431641
/20220307-SMPT/RwMutex-PT-r2000w0010/RF-09.smt2,sat,0.5323696136474609
/20220307-SMPT/RwMutex-PT-r2000w0010/RC-07.smt2,sat,0.5396325588226318
/20220307-SMPT/RwMutex-PT-r2000w0010/RF-06.smt2,sat,0.6080825328826904
/20220307-SMPT/RwMutex-PT-r2000w0010/RC-09.smt2,sat,0.5829441547393799
/20220307-SMPT/RwMutex-PT-r2000w0010/RC-15.smt2,sat,0.554257869720459
/20220307-SMPT/RwMutex-PT-r2000w0010/RC-12.smt2,sat,0.6053941249847412
/20220307-SMPT/RwMutex-PT-r2000w0010/RF-14.smt2,sat,0.5948405265808105
/20220307-SMPT/Sudoku-PT-BN01/RC-02.smt2,sat,0.0038721561431884766
/20220307-SMPT/Sudoku-PT-BN01/RF-12.smt2,sat,0.0024127960205078125
/20220307-SMPT/Sudoku-PT-BN01/RC-03.smt2,unsat,0.004160404205322266
/20220307-SMPT/Sudoku-PT-BN01/RF-02.smt2,unsat,0.0036308765411376953
/20220307-SMPT/Sudoku-PT-BN01/RC-11.smt2,sat,0.004522800445556641
/20220307-SMPT/Sudoku-PT-BN01/RF-03.smt2,sat,0.004596710205078125
/20220307-SMPT/Sudoku-PT-BN01/RC-01.smt2,sat,0.0032799243927001953
/20220307-SMPT/Sudoku-PT-BN01/RF-00.smt2,sat,0.003509998321533203
/20220307-SMPT/Sudoku-PT-BN01/RC-04.smt2,sat,0.005494832992553711
/20220307-SMPT/Sudoku-PT-BN01/RF-11.smt2,unsat,0.005528926849365234
/20220307-SMPT/Sudoku-PT-BN01/RC-13.smt2,sat,0.0034627914428710938
/20220307-SMPT/Sudoku-PT-BN01/RC-06.smt2,sat,0.00473785400390625
/20220307-SMPT/Sudoku-PT-BN01/RC-14.smt2,sat,0.0035386085510253906
/20220307-SMPT/Sudoku-PT-BN01/RC-10.smt2,sat,0.003997087478637695
/20220307-SMPT/Sudoku-PT-BN01/RF-04.smt2,sat,0.0034220218658447266
/20220307-SMPT/Sudoku-PT-BN01/RF-01.smt2,sat,0.007208108901977539
/20220307-SMPT/Sudoku-PT-BN01/RF-13.smt2,sat,0.0037994384765625
/20220307-SMPT/Sudoku-PT-BN01/RC-05.smt2,sat,0.0031599998474121094
/20220307-SMPT/Sudoku-PT-BN01/RC-00.smt2,sat,0.0036149024963378906
/20220307-SMPT/Sudoku-PT-BN01/RF-05.smt2,unsat,0.004741191864013672
/20220307-SMPT/Sudoku-PT-BN01/RF-07.smt2,sat,0.0023670196533203125
/20220307-SMPT/Sudoku-PT-BN01/RF-10.smt2,sat,0.0035021305084228516
/20220307-SMPT/Sudoku-PT-BN01/RF-08.smt2,sat,0.002598285675048828
/20220307-SMPT/Sudoku-PT-BN01/RC-08.smt2,sat,0.002537250518798828
/20220307-SMPT/Sudoku-PT-BN01/RF-15.smt2,unsat,0.004210710525512695
/20220307-SMPT/Sudoku-PT-BN01/RF-09.smt2,sat,0.002629995346069336
/20220307-SMPT/Sudoku-PT-BN01/RC-07.smt2,unsat,0.0038483142852783203
/20220307-SMPT/Sudoku-PT-BN01/RF-06.smt2,unsat,0.0028409957885742188
/20220307-SMPT/Sudoku-PT-BN01/RC-09.smt2,unsat,0.006497621536254883
/20220307-SMPT/Sudoku-PT-BN01/RC-15.smt2,sat,0.005242824554443359
/20220307-SMPT/Sudoku-PT-BN01/RC-12.smt2,unsat,0.0033750534057617188
/20220307-SMPT/Sudoku-PT-BN01/RF-14.smt2,sat,0.002765178680419922
/20220307-SMPT/FMS-PT-02000/RC-02.smt2,sat,0.004365682601928711
/20220307-SMPT/FMS-PT-02000/RF-12.smt2,sat,0.004001140594482422
/20220307-SMPT/FMS-PT-02000/RC-03.smt2,sat,0.0050466060638427734
/20220307-SMPT/FMS-PT-02000/RF-02.smt2,sat,0.0030100345611572266
/20220307-SMPT/FMS-PT-02000/RC-11.smt2,sat,0.006632328033447266
/20220307-SMPT/FMS-PT-02000/RF-03.smt2,sat,0.003197908401489258
/20220307-SMPT/FMS-PT-02000/RC-01.smt2,sat,0.004281520843505859
/20220307-SMPT/FMS-PT-02000/RF-00.smt2,sat,0.004021644592285156
/20220307-SMPT/FMS-PT-02000/RC-04.smt2,sat,0.005480766296386719
/20220307-SMPT/FMS-PT-02000/RF-11.smt2,sat,0.005433797836303711
/20220307-SMPT/FMS-PT-02000/RC-13.smt2,sat,0.002673625946044922
/20220307-SMPT/FMS-PT-02000/RC-06.smt2,sat,0.003156900405883789
/20220307-SMPT/FMS-PT-02000/RC-14.smt2,sat,0.0050983428955078125
/20220307-SMPT/FMS-PT-02000/RC-10.smt2,sat,0.004828214645385742
/20220307-SMPT/FMS-PT-02000/RF-04.smt2,sat,0.004320383071899414
/20220307-SMPT/FMS-PT-02000/RF-01.smt2,sat,0.004680156707763672
/20220307-SMPT/FMS-PT-02000/RF-13.smt2,sat,0.004330635070800781
/20220307-SMPT/FMS-PT-02000/RC-05.smt2,sat,0.0036356449127197266
/20220307-SMPT/FMS-PT-02000/RC-00.smt2,sat,0.005908966064453125
/20220307-SMPT/FMS-PT-02000/RF-05.smt2,sat,0.004084587097167969
/20220307-SMPT/FMS-PT-02000/RF-07.smt2,sat,0.0027768611907958984
/20220307-SMPT/FMS-PT-02000/RF-10.smt2,sat,0.0058841705322265625
/20220307-SMPT/FMS-PT-02000/RF-08.smt2,sat,0.0041828155517578125
/20220307-SMPT/FMS-PT-02000/RC-08.smt2,sat,0.003253459930419922
/20220307-SMPT/FMS-PT-02000/RF-15.smt2,sat,0.004477262496948242
/20220307-SMPT/FMS-PT-02000/RF-09.smt2,sat,0.0033884048461914062
/20220307-SMPT/FMS-PT-02000/RC-07.smt2,sat,0.003879070281982422
/20220307-SMPT/FMS-PT-02000/RF-06.smt2,sat,0.0029883384704589844
/20220307-SMPT/FMS-PT-02000/RC-09.smt2,unsat,0.003642559051513672
/20220307-SMPT/FMS-PT-02000/RC-15.smt2,unsat,0.0036618709564208984
/20220307-SMPT/FMS-PT-02000/RC-12.smt2,sat,0.0035064220428466797
/20220307-SMPT/FMS-PT-02000/RF-14.smt2,sat,0.004435300827026367
/20220307-SMPT/RobotManipulation-PT-00200/RC-02.smt2,sat,0.004592418670654297
/20220307-SMPT/RobotManipulation-PT-00200/RF-12.smt2,sat,0.004232883453369141
/20220307-SMPT/RobotManipulation-PT-00200/RC-03.smt2,sat,0.004263401031494141
/20220307-SMPT/RobotManipulation-PT-00200/RF-02.smt2,sat,0.0032432079315185547
/20220307-SMPT/RobotManipulation-PT-00200/RC-11.smt2,unsat,0.005120277404785156
/20220307-SMPT/RobotManipulation-PT-00200/RC-01.smt2,sat,0.003839254379272461
/20220307-SMPT/RobotManipulation-PT-00200/RF-00.smt2,sat,0.003442525863647461
/20220307-SMPT/RobotManipulation-PT-00200/RC-04.smt2,sat,0.004117250442504883
/20220307-SMPT/RobotManipulation-PT-00200/RF-11.smt2,sat,0.0048029422760009766
/20220307-SMPT/RobotManipulation-PT-00200/RC-13.smt2,sat,0.004027128219604492
/20220307-SMPT/RobotManipulation-PT-00200/RC-06.smt2,sat,0.0055272579193115234
/20220307-SMPT/RobotManipulation-PT-00200/RC-10.smt2,unsat,0.0031599998474121094
/20220307-SMPT/RobotManipulation-PT-00200/RF-04.smt2,unsat,0.006307840347290039
/20220307-SMPT/RobotManipulation-PT-00200/RC-05.smt2,sat,0.0038187503814697266
/20220307-SMPT/RobotManipulation-PT-00200/RC-00.smt2,sat,0.003342866897583008
/20220307-SMPT/RobotManipulation-PT-00200/RF-05.smt2,sat,0.003890514373779297
/20220307-SMPT/RobotManipulation-PT-00200/RF-07.smt2,sat,0.005620241165161133
/20220307-SMPT/RobotManipulation-PT-00200/RF-10.smt2,sat,0.003798246383666992
/20220307-SMPT/RobotManipulation-PT-00200/RF-08.smt2,sat,0.0038487911224365234
/20220307-SMPT/RobotManipulation-PT-00200/RC-08.smt2,sat,0.0040895938873291016
/20220307-SMPT/RobotManipulation-PT-00200/RF-15.smt2,sat,0.0035157203674316406
/20220307-SMPT/RobotManipulation-PT-00200/RF-09.smt2,sat,0.004142045974731445
/20220307-SMPT/RobotManipulation-PT-00200/RC-07.smt2,sat,0.003353118896484375
/20220307-SMPT/RobotManipulation-PT-00200/RC-09.smt2,unsat,0.0025823116302490234
/20220307-SMPT/RobotManipulation-PT-00200/RC-15.smt2,sat,0.0024187564849853516
/20220307-SMPT/RobotManipulation-PT-00200/RC-12.smt2,sat,0.005931377410888672
/20220307-SMPT/RobotManipulation-PT-00200/RF-14.smt2,sat,0.005091190338134766
/20220307-SMPT/Kanban-PT-00005/RC-02.smt2,sat,0.004102468490600586
/20220307-SMPT/Kanban-PT-00005/RF-12.smt2,unsat,0.003744363784790039
/20220307-SMPT/Kanban-PT-00005/RC-03.smt2,sat,0.0032689571380615234
/20220307-SMPT/Kanban-PT-00005/RF-02.smt2,unsat,0.0042951107025146484
/20220307-SMPT/Kanban-PT-00005/RC-11.smt2,sat,0.003298521041870117
/20220307-SMPT/Kanban-PT-00005/RF-03.smt2,unsat,0.004225730895996094
/20220307-SMPT/Kanban-PT-00005/RC-01.smt2,sat,0.004064321517944336
/20220307-SMPT/Kanban-PT-00005/RF-00.smt2,sat,0.002980947494506836
/20220307-SMPT/Kanban-PT-00005/RC-04.smt2,sat,0.004515409469604492
/20220307-SMPT/Kanban-PT-00005/RF-11.smt2,unsat,0.00513458251953125
/20220307-SMPT/Kanban-PT-00005/RC-13.smt2,sat,0.003535032272338867
/20220307-SMPT/Kanban-PT-00005/RC-06.smt2,sat,0.0042803287506103516
/20220307-SMPT/Kanban-PT-00005/RC-14.smt2,unsat,0.003313779830932617
/20220307-SMPT/Kanban-PT-00005/RC-10.smt2,sat,0.003773927688598633
/20220307-SMPT/Kanban-PT-00005/RF-04.smt2,unsat,0.003605365753173828
/20220307-SMPT/Kanban-PT-00005/RF-01.smt2,unsat,0.0038521289825439453
/20220307-SMPT/Kanban-PT-00005/RF-13.smt2,sat,0.004655122756958008
/20220307-SMPT/Kanban-PT-00005/RC-05.smt2,sat,0.0032231807708740234
/20220307-SMPT/Kanban-PT-00005/RC-00.smt2,sat,0.003319263458251953
/20220307-SMPT/Kanban-PT-00005/RF-05.smt2,unsat,0.0031871795654296875
/20220307-SMPT/Kanban-PT-00005/RF-07.smt2,sat,0.0027458667755126953
/20220307-SMPT/Kanban-PT-00005/RF-10.smt2,unsat,0.0036821365356445312
/20220307-SMPT/Kanban-PT-00005/RF-08.smt2,sat,0.0025091171264648438
/20220307-SMPT/Kanban-PT-00005/RC-08.smt2,sat,0.003130674362182617
/20220307-SMPT/Kanban-PT-00005/RF-15.smt2,unsat,0.003990888595581055
/20220307-SMPT/Kanban-PT-00005/RF-09.smt2,unsat,0.0034418106079101562
/20220307-SMPT/Kanban-PT-00005/RC-07.smt2,sat,0.0035207271575927734
/20220307-SMPT/Kanban-PT-00005/RF-06.smt2,unsat,0.003981590270996094
/20220307-SMPT/Kanban-PT-00005/RC-09.smt2,sat,0.003658771514892578
/20220307-SMPT/Kanban-PT-00005/RC-15.smt2,sat,0.003171205520629883
/20220307-SMPT/Kanban-PT-00005/RC-12.smt2,sat,0.004101276397705078
/20220307-SMPT/Kanban-PT-00005/RF-14.smt2,sat,0.0032851696014404297
/20220307-SMPT/CircularTrains-PT-096/RC-02.smt2,unsat,0.01090240478515625
/20220307-SMPT/CircularTrains-PT-096/RF-12.smt2,sat,0.009479999542236328
/20220307-SMPT/CircularTrains-PT-096/RC-03.smt2,sat,0.011100053787231445
/20220307-SMPT/CircularTrains-PT-096/RF-02.smt2,sat,0.010666608810424805
/20220307-SMPT/CircularTrains-PT-096/RC-11.smt2,unsat,0.009263277053833008
/20220307-SMPT/CircularTrains-PT-096/RF-03.smt2,sat,0.009918689727783203
/20220307-SMPT/CircularTrains-PT-096/RC-01.smt2,sat,0.01052093505859375
/20220307-SMPT/CircularTrains-PT-096/RF-00.smt2,sat,0.010040521621704102
/20220307-SMPT/CircularTrains-PT-096/RC-04.smt2,unsat,0.00848245620727539
/20220307-SMPT/CircularTrains-PT-096/RF-11.smt2,sat,0.010755538940429688
/20220307-SMPT/CircularTrains-PT-096/RC-13.smt2,sat,0.010525703430175781
/20220307-SMPT/CircularTrains-PT-096/RC-06.smt2,unsat,0.009636640548706055
/20220307-SMPT/CircularTrains-PT-096/RC-14.smt2,sat,0.012568950653076172
/20220307-SMPT/CircularTrains-PT-096/RC-10.smt2,unsat,0.011148452758789062
/20220307-SMPT/CircularTrains-PT-096/RF-04.smt2,sat,0.011090993881225586
/20220307-SMPT/CircularTrains-PT-096/RF-01.smt2,sat,0.011216878890991211
/20220307-SMPT/CircularTrains-PT-096/RF-13.smt2,sat,0.012121438980102539
/20220307-SMPT/CircularTrains-PT-096/RC-05.smt2,unsat,0.011655569076538086
/20220307-SMPT/CircularTrains-PT-096/RC-00.smt2,unsat,0.010967493057250977
/20220307-SMPT/CircularTrains-PT-096/RF-05.smt2,unsat,0.011128425598144531
/20220307-SMPT/CircularTrains-PT-096/RF-07.smt2,sat,0.011703014373779297
/20220307-SMPT/CircularTrains-PT-096/RF-10.smt2,sat,0.010819196701049805
/20220307-SMPT/CircularTrains-PT-096/RF-08.smt2,sat,0.00993490219116211
/20220307-SMPT/CircularTrains-PT-096/RC-08.smt2,unsat,0.010778427124023438
/20220307-SMPT/CircularTrains-PT-096/RF-15.smt2,sat,0.010565996170043945
/20220307-SMPT/CircularTrains-PT-096/RF-09.smt2,sat,0.010162830352783203
/20220307-SMPT/CircularTrains-PT-096/RC-07.smt2,unsat,0.01110982894897461
/20220307-SMPT/CircularTrains-PT-096/RF-06.smt2,sat,0.010912656784057617
/20220307-SMPT/CircularTrains-PT-096/RC-09.smt2,sat,0.017876863479614258
/20220307-SMPT/CircularTrains-PT-096/RC-15.smt2,unsat,0.009799003601074219
/20220307-SMPT/CircularTrains-PT-096/RC-12.smt2,unsat,0.010269880294799805
/20220307-SMPT/CircularTrains-PT-096/RF-14.smt2,sat,0.011046886444091797
/20220307-SMPT/Diffusion2D-PT-D20N010/RC-02.smt2,sat,0.019610166549682617
/20220307-SMPT/Diffusion2D-PT-D20N010/RF-12.smt2,sat,0.01836228370666504
/20220307-SMPT/Diffusion2D-PT-D20N010/RC-03.smt2,sat,0.02243351936340332
/20220307-SMPT/Diffusion2D-PT-D20N010/RF-02.smt2,sat,0.02100515365600586
/20220307-SMPT/Diffusion2D-PT-D20N010/RC-11.smt2,sat,0.0174562931060791
/20220307-SMPT/Diffusion2D-PT-D20N010/RF-03.smt2,sat,0.021170854568481445
/20220307-SMPT/Diffusion2D-PT-D20N010/RC-01.smt2,sat,0.01890087127685547
/20220307-SMPT/Diffusion2D-PT-D20N010/RF-00.smt2,sat,0.018240928649902344
/20220307-SMPT/Diffusion2D-PT-D20N010/RC-04.smt2,sat,0.02006053924560547
/20220307-SMPT/Diffusion2D-PT-D20N010/RF-11.smt2,sat,0.020743131637573242
/20220307-SMPT/Diffusion2D-PT-D20N010/RC-13.smt2,sat,0.02051377296447754
/20220307-SMPT/Diffusion2D-PT-D20N010/RC-06.smt2,sat,0.018152952194213867
/20220307-SMPT/Diffusion2D-PT-D20N010/RC-14.smt2,sat,0.017198801040649414
/20220307-SMPT/Diffusion2D-PT-D20N010/RC-10.smt2,sat,0.020699501037597656
/20220307-SMPT/Diffusion2D-PT-D20N010/RF-04.smt2,sat,0.019407033920288086
/20220307-SMPT/Diffusion2D-PT-D20N010/RF-01.smt2,sat,0.018332719802856445
/20220307-SMPT/Diffusion2D-PT-D20N010/RF-13.smt2,sat,0.019043922424316406
/20220307-SMPT/Diffusion2D-PT-D20N010/RC-05.smt2,sat,0.018054485321044922
/20220307-SMPT/Diffusion2D-PT-D20N010/RC-00.smt2,sat,0.019898176193237305
/20220307-SMPT/Diffusion2D-PT-D20N010/RF-05.smt2,sat,0.01800370216369629
/20220307-SMPT/Diffusion2D-PT-D20N010/RF-07.smt2,sat,0.02072596549987793
/20220307-SMPT/Diffusion2D-PT-D20N010/RF-10.smt2,sat,0.019207000732421875
/20220307-SMPT/Diffusion2D-PT-D20N010/RF-08.smt2,sat,0.019659757614135742
/20220307-SMPT/Diffusion2D-PT-D20N010/RC-08.smt2,sat,0.018239974975585938
/20220307-SMPT/Diffusion2D-PT-D20N010/RF-15.smt2,sat,0.018021821975708008
/20220307-SMPT/Diffusion2D-PT-D20N010/RF-09.smt2,sat,0.0193941593170166
/20220307-SMPT/Diffusion2D-PT-D20N010/RC-07.smt2,sat,0.018533706665039062
/20220307-SMPT/Diffusion2D-PT-D20N010/RF-06.smt2,sat,0.018958330154418945
/20220307-SMPT/Diffusion2D-PT-D20N010/RC-09.smt2,sat,0.01915574073791504
/20220307-SMPT/Diffusion2D-PT-D20N010/RC-15.smt2,sat,0.020263671875
/20220307-SMPT/Diffusion2D-PT-D20N010/RC-12.smt2,sat,0.01752185821533203
/20220307-SMPT/Diffusion2D-PT-D20N010/RF-14.smt2,sat,0.017864465713500977
/20220307-SMPT/Diffusion2D-PT-D05N200/RC-02.smt2,sat,0.0033915042877197266
/20220307-SMPT/Diffusion2D-PT-D05N200/RC-03.smt2,sat,0.004674196243286133
/20220307-SMPT/Diffusion2D-PT-D05N200/RF-02.smt2,sat,0.004744529724121094
/20220307-SMPT/Diffusion2D-PT-D05N200/RC-11.smt2,sat,0.004315376281738281
/20220307-SMPT/Diffusion2D-PT-D05N200/RF-03.smt2,sat,0.003206491470336914
/20220307-SMPT/Diffusion2D-PT-D05N200/RC-01.smt2,sat,0.005222320556640625
/20220307-SMPT/Diffusion2D-PT-D05N200/RF-00.smt2,sat,0.005036592483520508
/20220307-SMPT/Diffusion2D-PT-D05N200/RC-04.smt2,sat,0.004992008209228516
/20220307-SMPT/Diffusion2D-PT-D05N200/RF-11.smt2,sat,0.0039784908294677734
/20220307-SMPT/Diffusion2D-PT-D05N200/RC-13.smt2,sat,0.0036330223083496094
/20220307-SMPT/Diffusion2D-PT-D05N200/RC-06.smt2,unsat,0.0026624202728271484
/20220307-SMPT/Diffusion2D-PT-D05N200/RC-14.smt2,sat,0.005200386047363281
/20220307-SMPT/Diffusion2D-PT-D05N200/RC-10.smt2,unsat,0.003651857376098633
/20220307-SMPT/Diffusion2D-PT-D05N200/RF-01.smt2,sat,0.003538846969604492
/20220307-SMPT/Diffusion2D-PT-D05N200/RF-13.smt2,sat,0.004220724105834961
/20220307-SMPT/Diffusion2D-PT-D05N200/RC-05.smt2,sat,0.0057373046875
/20220307-SMPT/Diffusion2D-PT-D05N200/RC-00.smt2,sat,0.004033565521240234
/20220307-SMPT/Diffusion2D-PT-D05N200/RF-07.smt2,sat,0.005591392517089844
/20220307-SMPT/Diffusion2D-PT-D05N200/RF-10.smt2,sat,0.010245800018310547
/20220307-SMPT/Diffusion2D-PT-D05N200/RF-08.smt2,sat,0.004638671875
/20220307-SMPT/Diffusion2D-PT-D05N200/RC-08.smt2,sat,0.00402069091796875
/20220307-SMPT/Diffusion2D-PT-D05N200/RF-15.smt2,sat,0.0065460205078125
/20220307-SMPT/Diffusion2D-PT-D05N200/RF-09.smt2,unsat,0.004046916961669922
/20220307-SMPT/Diffusion2D-PT-D05N200/RC-07.smt2,sat,0.00533294677734375
/20220307-SMPT/Diffusion2D-PT-D05N200/RF-06.smt2,unsat,0.0037300586700439453
/20220307-SMPT/Diffusion2D-PT-D05N200/RC-09.smt2,sat,0.004358530044555664
/20220307-SMPT/Diffusion2D-PT-D05N200/RC-15.smt2,sat,0.006063938140869141
/20220307-SMPT/Diffusion2D-PT-D05N200/RC-12.smt2,sat,0.004033803939819336
/20220307-SMPT/RobotManipulation-PT-01000/RC-02.smt2,sat,0.00455474853515625
/20220307-SMPT/RobotManipulation-PT-01000/RF-12.smt2,sat,0.0030579566955566406
/20220307-SMPT/RobotManipulation-PT-01000/RC-03.smt2,sat,0.004197120666503906
/20220307-SMPT/RobotManipulation-PT-01000/RF-02.smt2,sat,0.005935192108154297
/20220307-SMPT/RobotManipulation-PT-01000/RC-11.smt2,sat,0.003902912139892578
/20220307-SMPT/RobotManipulation-PT-01000/RF-03.smt2,unsat,0.004563808441162109
/20220307-SMPT/RobotManipulation-PT-01000/RC-01.smt2,unsat,0.003810405731201172
/20220307-SMPT/RobotManipulation-PT-01000/RF-00.smt2,sat,0.003584146499633789
/20220307-SMPT/RobotManipulation-PT-01000/RC-04.smt2,sat,0.004381656646728516
/20220307-SMPT/RobotManipulation-PT-01000/RF-11.smt2,unsat,0.0035207271575927734
/20220307-SMPT/RobotManipulation-PT-01000/RC-13.smt2,sat,0.0040912628173828125
/20220307-SMPT/RobotManipulation-PT-01000/RC-06.smt2,sat,0.004811525344848633
/20220307-SMPT/RobotManipulation-PT-01000/RC-14.smt2,sat,0.0044324398040771484
/20220307-SMPT/RobotManipulation-PT-01000/RC-10.smt2,sat,0.005244731903076172
/20220307-SMPT/RobotManipulation-PT-01000/RF-04.smt2,sat,0.005334377288818359
/20220307-SMPT/RobotManipulation-PT-01000/RF-01.smt2,unsat,0.003726959228515625
/20220307-SMPT/RobotManipulation-PT-01000/RF-13.smt2,sat,0.003592967987060547
/20220307-SMPT/RobotManipulation-PT-01000/RC-05.smt2,sat,0.0032062530517578125
/20220307-SMPT/RobotManipulation-PT-01000/RC-00.smt2,sat,0.0044612884521484375
/20220307-SMPT/RobotManipulation-PT-01000/RF-05.smt2,unsat,0.003637552261352539
/20220307-SMPT/RobotManipulation-PT-01000/RF-07.smt2,unsat,0.004217386245727539
/20220307-SMPT/RobotManipulation-PT-01000/RF-10.smt2,sat,0.004516124725341797
/20220307-SMPT/RobotManipulation-PT-01000/RC-08.smt2,unsat,0.0033731460571289062
/20220307-SMPT/RobotManipulation-PT-01000/RF-15.smt2,sat,0.004358053207397461
/20220307-SMPT/RobotManipulation-PT-01000/RF-09.smt2,sat,0.005321025848388672
/20220307-SMPT/RobotManipulation-PT-01000/RF-06.smt2,sat,0.003826141357421875
/20220307-SMPT/RobotManipulation-PT-01000/RC-09.smt2,unsat,0.003320932388305664
/20220307-SMPT/RobotManipulation-PT-01000/RC-15.smt2,sat,0.003392934799194336
/20220307-SMPT/RobotManipulation-PT-01000/RC-12.smt2,sat,0.0041162967681884766
/20220307-SMPT/RobotManipulation-PT-01000/RF-14.smt2,sat,0.0040738582611083984
/20220307-SMPT/SmallOperatingSystem-PT-MT0512DC0128/RC-02.smt2,sat,0.0036172866821289062
/20220307-SMPT/SmallOperatingSystem-PT-MT0512DC0128/RF-12.smt2,sat,0.004442930221557617
/20220307-SMPT/SmallOperatingSystem-PT-MT0512DC0128/RC-03.smt2,sat,0.0042493343353271484
/20220307-SMPT/SmallOperatingSystem-PT-MT0512DC0128/RF-02.smt2,sat,0.004246234893798828
/20220307-SMPT/SmallOperatingSystem-PT-MT0512DC0128/RC-11.smt2,sat,0.0036361217498779297
/20220307-SMPT/SmallOperatingSystem-PT-MT0512DC0128/RF-03.smt2,sat,0.0038967132568359375
/20220307-SMPT/SmallOperatingSystem-PT-MT0512DC0128/RC-01.smt2,sat,0.004392862319946289
/20220307-SMPT/SmallOperatingSystem-PT-MT0512DC0128/RF-00.smt2,sat,0.003128528594970703
/20220307-SMPT/SmallOperatingSystem-PT-MT0512DC0128/RC-04.smt2,sat,0.0035283565521240234
/20220307-SMPT/SmallOperatingSystem-PT-MT0512DC0128/RF-11.smt2,sat,0.0041120052337646484
/20220307-SMPT/SmallOperatingSystem-PT-MT0512DC0128/RC-13.smt2,sat,0.005330801010131836
/20220307-SMPT/SmallOperatingSystem-PT-MT0512DC0128/RC-06.smt2,unsat,0.005306243896484375
/20220307-SMPT/SmallOperatingSystem-PT-MT0512DC0128/RC-14.smt2,unsat,0.0037097930908203125
/20220307-SMPT/SmallOperatingSystem-PT-MT0512DC0128/RC-10.smt2,unsat,0.0046732425689697266
/20220307-SMPT/SmallOperatingSystem-PT-MT0512DC0128/RF-04.smt2,unsat,0.004113197326660156
/20220307-SMPT/SmallOperatingSystem-PT-MT0512DC0128/RF-01.smt2,sat,0.004498481750488281
/20220307-SMPT/SmallOperatingSystem-PT-MT0512DC0128/RC-05.smt2,sat,0.002789020538330078
/20220307-SMPT/SmallOperatingSystem-PT-MT0512DC0128/RC-00.smt2,sat,0.0035004615783691406
/20220307-SMPT/SmallOperatingSystem-PT-MT0512DC0128/RF-07.smt2,unsat,0.002981901168823242
/20220307-SMPT/SmallOperatingSystem-PT-MT0512DC0128/RF-08.smt2,sat,0.004193544387817383
/20220307-SMPT/SmallOperatingSystem-PT-MT0512DC0128/RC-08.smt2,unsat,0.003484964370727539
/20220307-SMPT/SmallOperatingSystem-PT-MT0512DC0128/RF-15.smt2,sat,0.004130840301513672
/20220307-SMPT/SmallOperatingSystem-PT-MT0512DC0128/RF-09.smt2,sat,0.004343986511230469
/20220307-SMPT/SmallOperatingSystem-PT-MT0512DC0128/RC-07.smt2,unsat,0.003403902053833008
/20220307-SMPT/SmallOperatingSystem-PT-MT0512DC0128/RF-06.smt2,sat,0.003866910934448242
/20220307-SMPT/SmallOperatingSystem-PT-MT0512DC0128/RC-09.smt2,sat,0.0029098987579345703
/20220307-SMPT/SmallOperatingSystem-PT-MT0512DC0128/RC-15.smt2,sat,0.004191398620605469
/20220307-SMPT/SmallOperatingSystem-PT-MT0512DC0128/RC-12.smt2,unsat,0.0038940906524658203
/20220307-SMPT/SmallOperatingSystem-PT-MT0512DC0128/RF-14.smt2,unsat,0.003020763397216797
/20220307-SMPT/RwMutex-PT-r0010w1000/RC-02.smt2,unsat,0.5130584239959717
/20220307-SMPT/RwMutex-PT-r0010w1000/RF-12.smt2,unsat,1.4341764450073242
/20220307-SMPT/RwMutex-PT-r0010w1000/RC-03.smt2,unsat,0.867159366607666
/20220307-SMPT/RwMutex-PT-r0010w1000/RF-02.smt2,unsat,1.2049129009246826
/20220307-SMPT/RwMutex-PT-r0010w1000/RC-11.smt2,unsat,0.39504384994506836
/20220307-SMPT/RwMutex-PT-r0010w1000/RF-03.smt2,unsat,0.590308427810669
/20220307-SMPT/RwMutex-PT-r0010w1000/RC-01.smt2,unsat,0.5102939605712891
/20220307-SMPT/RwMutex-PT-r0010w1000/RF-00.smt2,unsat,0.8257737159729004
/20220307-SMPT/RwMutex-PT-r0010w1000/RC-04.smt2,unsat,0.8348731994628906
/20220307-SMPT/RwMutex-PT-r0010w1000/RF-11.smt2,unsat,0.9186263084411621
/20220307-SMPT/RwMutex-PT-r0010w1000/RC-13.smt2,unsat,0.5297353267669678
/20220307-SMPT/RwMutex-PT-r0010w1000/RC-06.smt2,unsat,0.46124887466430664
/20220307-SMPT/RwMutex-PT-r0010w1000/RC-14.smt2,unsat,0.42447733879089355
/20220307-SMPT/RwMutex-PT-r0010w1000/RC-10.smt2,unsat,0.5193600654602051
/20220307-SMPT/RwMutex-PT-r0010w1000/RF-04.smt2,unsat,1.4267966747283936
/20220307-SMPT/RwMutex-PT-r0010w1000/RF-01.smt2,unsat,0.9202866554260254
/20220307-SMPT/RwMutex-PT-r0010w1000/RF-13.smt2,unsat,1.3086512088775635
/20220307-SMPT/RwMutex-PT-r0010w1000/RC-05.smt2,unsat,0.5972862243652344
/20220307-SMPT/RwMutex-PT-r0010w1000/RC-00.smt2,unsat,0.4977099895477295
/20220307-SMPT/RwMutex-PT-r0010w1000/RF-05.smt2,unsat,0.9158229827880859
/20220307-SMPT/RwMutex-PT-r0010w1000/RF-07.smt2,unsat,1.4630768299102783
/20220307-SMPT/RwMutex-PT-r0010w1000/RF-10.smt2,unsat,0.4790201187133789
/20220307-SMPT/RwMutex-PT-r0010w1000/RF-08.smt2,unsat,1.0174400806427002
/20220307-SMPT/RwMutex-PT-r0010w1000/RC-08.smt2,unsat,0.5352253913879395
/20220307-SMPT/RwMutex-PT-r0010w1000/RF-15.smt2,unsat,0.7564177513122559
/20220307-SMPT/RwMutex-PT-r0010w1000/RF-09.smt2,unsat,1.3110616207122803
/20220307-SMPT/RwMutex-PT-r0010w1000/RC-07.smt2,unsat,0.4727005958557129
/20220307-SMPT/RwMutex-PT-r0010w1000/RF-06.smt2,unsat,1.255542278289795
/20220307-SMPT/RwMutex-PT-r0010w1000/RC-09.smt2,unsat,0.4832005500793457
/20220307-SMPT/RwMutex-PT-r0010w1000/RC-15.smt2,unsat,0.7482924461364746
/20220307-SMPT/RwMutex-PT-r0010w1000/RC-12.smt2,unsat,0.4307718276977539
/20220307-SMPT/RwMutex-PT-r0010w1000/RF-14.smt2,unsat,1.0272619724273682
/20220307-SMPT/RwMutex-PT-r0010w2000/RC-02.smt2,unsat,2.826009750366211
/20220307-SMPT/RwMutex-PT-r0010w2000/RF-12.smt2,unsat,3.0010528564453125
/20220307-SMPT/RwMutex-PT-r0010w2000/RC-03.smt2,unsat,1.1607410907745361
/20220307-SMPT/RwMutex-PT-r0010w2000/RF-02.smt2,unsat,7.045598745346069
/20220307-SMPT/RwMutex-PT-r0010w2000/RC-11.smt2,unsat,1.1600894927978516
/20220307-SMPT/RwMutex-PT-r0010w2000/RF-03.smt2,unsat,5.57699728012085
/20220307-SMPT/RwMutex-PT-r0010w2000/RC-01.smt2,unsat,1.1349787712097168
/20220307-SMPT/RwMutex-PT-r0010w2000/RF-00.smt2,unsat,6.992460250854492
/20220307-SMPT/RwMutex-PT-r0010w2000/RC-04.smt2,unsat,1.2912700176239014
/20220307-SMPT/RwMutex-PT-r0010w2000/RF-11.smt2,unsat,2.21586275100708
/20220307-SMPT/RwMutex-PT-r0010w2000/RC-13.smt2,unsat,0.966038703918457
/20220307-SMPT/RwMutex-PT-r0010w2000/RC-06.smt2,unsat,3.1891331672668457
/20220307-SMPT/RwMutex-PT-r0010w2000/RC-14.smt2,unsat,4.881465435028076
/20220307-SMPT/RwMutex-PT-r0010w2000/RC-10.smt2,unsat,1.095341444015503
/20220307-SMPT/RwMutex-PT-r0010w2000/RF-04.smt2,unsat,1.9685325622558594
/20220307-SMPT/RwMutex-PT-r0010w2000/RF-01.smt2,unsat,7.098520994186401
/20220307-SMPT/RwMutex-PT-r0010w2000/RF-13.smt2,unsat,2.7420787811279297
/20220307-SMPT/RwMutex-PT-r0010w2000/RC-05.smt2,unsat,1.1559879779815674
/20220307-SMPT/RwMutex-PT-r0010w2000/RC-00.smt2,unsat,2.0800297260284424
/20220307-SMPT/RwMutex-PT-r0010w2000/RF-05.smt2,unsat,3.698167562484741
/20220307-SMPT/RwMutex-PT-r0010w2000/RF-07.smt2,unsat,7.411238431930542
/20220307-SMPT/RwMutex-PT-r0010w2000/RF-10.smt2,unsat,5.674440860748291
/20220307-SMPT/RwMutex-PT-r0010w2000/RF-08.smt2,unsat,1.7353506088256836
/20220307-SMPT/RwMutex-PT-r0010w2000/RC-08.smt2,unsat,4.816033363342285
/20220307-SMPT/RwMutex-PT-r0010w2000/RF-15.smt2,unsat,1.0849008560180664
/20220307-SMPT/RwMutex-PT-r0010w2000/RF-09.smt2,unsat,6.786162853240967
/20220307-SMPT/RwMutex-PT-r0010w2000/RC-07.smt2,unsat,1.1853339672088623
/20220307-SMPT/RwMutex-PT-r0010w2000/RF-06.smt2,unsat,3.8047964572906494
/20220307-SMPT/RwMutex-PT-r0010w2000/RC-09.smt2,unsat,2.6612210273742676
/20220307-SMPT/RwMutex-PT-r0010w2000/RC-15.smt2,unsat,1.168032169342041
/20220307-SMPT/RwMutex-PT-r0010w2000/RC-12.smt2,unsat,2.0636446475982666
/20220307-SMPT/RwMutex-PT-r0010w2000/RF-14.smt2,unsat,4.882728099822998
/20220307-SMPT/RobotManipulation-PT-10000/RC-02.smt2,sat,0.0033066272735595703
/20220307-SMPT/RobotManipulation-PT-10000/RF-12.smt2,unsat,0.003763437271118164
/20220307-SMPT/RobotManipulation-PT-10000/RC-03.smt2,sat,0.0035164356231689453
/20220307-SMPT/RobotManipulation-PT-10000/RF-02.smt2,unsat,0.0024900436401367188
/20220307-SMPT/RobotManipulation-PT-10000/RC-11.smt2,sat,0.004874229431152344
/20220307-SMPT/RobotManipulation-PT-10000/RF-03.smt2,sat,0.004119873046875
/20220307-SMPT/RobotManipulation-PT-10000/RC-01.smt2,sat,0.004341840744018555
/20220307-SMPT/RobotManipulation-PT-10000/RF-00.smt2,sat,0.003498077392578125
/20220307-SMPT/RobotManipulation-PT-10000/RC-04.smt2,sat,0.005121469497680664
/20220307-SMPT/RobotManipulation-PT-10000/RF-11.smt2,unsat,0.003638744354248047
/20220307-SMPT/RobotManipulation-PT-10000/RC-06.smt2,unsat,0.0025424957275390625
/20220307-SMPT/RobotManipulation-PT-10000/RC-14.smt2,unsat,0.0049898624420166016
/20220307-SMPT/RobotManipulation-PT-10000/RC-10.smt2,unsat,0.004233121871948242
/20220307-SMPT/RobotManipulation-PT-10000/RF-04.smt2,sat,0.0030961036682128906
/20220307-SMPT/RobotManipulation-PT-10000/RF-01.smt2,sat,0.00408482551574707
/20220307-SMPT/RobotManipulation-PT-10000/RF-13.smt2,unsat,0.0035712718963623047
/20220307-SMPT/RobotManipulation-PT-10000/RC-05.smt2,unsat,0.004187345504760742
/20220307-SMPT/RobotManipulation-PT-10000/RC-00.smt2,unsat,0.004113912582397461
/20220307-SMPT/RobotManipulation-PT-10000/RF-07.smt2,sat,0.002566814422607422
/20220307-SMPT/RobotManipulation-PT-10000/RF-10.smt2,sat,0.005523204803466797
/20220307-SMPT/RobotManipulation-PT-10000/RF-08.smt2,sat,0.003647327423095703
/20220307-SMPT/RobotManipulation-PT-10000/RC-08.smt2,unsat,0.004805326461791992
/20220307-SMPT/RobotManipulation-PT-10000/RF-15.smt2,sat,0.004060506820678711
/20220307-SMPT/RobotManipulation-PT-10000/RF-09.smt2,sat,0.0034186840057373047
/20220307-SMPT/RobotManipulation-PT-10000/RC-07.smt2,sat,0.0038640499114990234
/20220307-SMPT/RobotManipulation-PT-10000/RF-06.smt2,sat,0.003651857376098633
/20220307-SMPT/RobotManipulation-PT-10000/RC-09.smt2,sat,0.004470109939575195
/20220307-SMPT/RobotManipulation-PT-10000/RC-15.smt2,sat,0.0034799575805664062
/20220307-SMPT/RobotManipulation-PT-10000/RC-12.smt2,sat,0.00428318977355957
/20220307-SMPT/RobotManipulation-PT-10000/RF-14.smt2,sat,0.004258394241333008
/20220307-SMPT/Diffusion2D-PT-D40N050/RC-02.smt2,sat,0.07388138771057129
/20220307-SMPT/Diffusion2D-PT-D40N050/RF-12.smt2,sat,0.06877493858337402
/20220307-SMPT/Diffusion2D-PT-D40N050/RC-03.smt2,sat,0.06886649131774902
/20220307-SMPT/Diffusion2D-PT-D40N050/RF-02.smt2,sat,0.06730175018310547
/20220307-SMPT/Diffusion2D-PT-D40N050/RC-11.smt2,sat,0.06538820266723633
/20220307-SMPT/Diffusion2D-PT-D40N050/RF-03.smt2,sat,0.06846189498901367
/20220307-SMPT/Diffusion2D-PT-D40N050/RC-01.smt2,sat,0.06619977951049805
/20220307-SMPT/Diffusion2D-PT-D40N050/RF-00.smt2,sat,0.06886672973632812
/20220307-SMPT/Diffusion2D-PT-D40N050/RC-04.smt2,sat,0.0845038890838623
/20220307-SMPT/Diffusion2D-PT-D40N050/RF-11.smt2,sat,0.07115054130554199
/20220307-SMPT/Diffusion2D-PT-D40N050/RC-13.smt2,sat,0.07413220405578613
/20220307-SMPT/Diffusion2D-PT-D40N050/RC-06.smt2,sat,0.06397557258605957
/20220307-SMPT/Diffusion2D-PT-D40N050/RC-14.smt2,sat,0.0664060115814209
/20220307-SMPT/Diffusion2D-PT-D40N050/RC-10.smt2,sat,0.06984758377075195
/20220307-SMPT/Diffusion2D-PT-D40N050/RF-04.smt2,sat,0.07529139518737793
/20220307-SMPT/Diffusion2D-PT-D40N050/RF-01.smt2,sat,0.06679749488830566
/20220307-SMPT/Diffusion2D-PT-D40N050/RF-13.smt2,sat,0.06564927101135254
/20220307-SMPT/Diffusion2D-PT-D40N050/RC-05.smt2,sat,0.07468605041503906
/20220307-SMPT/Diffusion2D-PT-D40N050/RC-00.smt2,sat,0.07214879989624023
/20220307-SMPT/Diffusion2D-PT-D40N050/RF-05.smt2,sat,0.07115864753723145
/20220307-SMPT/Diffusion2D-PT-D40N050/RF-07.smt2,sat,0.0661625862121582
/20220307-SMPT/Diffusion2D-PT-D40N050/RF-10.smt2,sat,0.06927704811096191
/20220307-SMPT/Diffusion2D-PT-D40N050/RF-08.smt2,sat,0.06866741180419922
/20220307-SMPT/Diffusion2D-PT-D40N050/RC-08.smt2,sat,0.07166218757629395
/20220307-SMPT/Diffusion2D-PT-D40N050/RF-15.smt2,sat,0.06906485557556152
/20220307-SMPT/Diffusion2D-PT-D40N050/RF-09.smt2,sat,0.06922054290771484
/20220307-SMPT/Diffusion2D-PT-D40N050/RC-07.smt2,sat,0.06580805778503418
/20220307-SMPT/Diffusion2D-PT-D40N050/RF-06.smt2,sat,0.07756233215332031
/20220307-SMPT/Diffusion2D-PT-D40N050/RC-09.smt2,sat,0.06383466720581055
/20220307-SMPT/Diffusion2D-PT-D40N050/RC-15.smt2,sat,0.06760072708129883
/20220307-SMPT/Diffusion2D-PT-D40N050/RC-12.smt2,sat,0.07126021385192871
/20220307-SMPT/Diffusion2D-PT-D40N050/RF-14.smt2,sat,0.06919097900390625
/20220307-SMPT/Sudoku-PT-AN01/RC-02.smt2,sat,0.002839326858520508
/20220307-SMPT/Sudoku-PT-AN01/RF-12.smt2,sat,0.0042765140533447266
/20220307-SMPT/Sudoku-PT-AN01/RC-03.smt2,unsat,0.003724813461303711
/20220307-SMPT/Sudoku-PT-AN01/RF-02.smt2,sat,0.002705097198486328
/20220307-SMPT/Sudoku-PT-AN01/RC-11.smt2,unsat,0.003933429718017578
/20220307-SMPT/Sudoku-PT-AN01/RF-03.smt2,sat,0.003100156784057617
/20220307-SMPT/Sudoku-PT-AN01/RC-01.smt2,sat,0.003136873245239258
/20220307-SMPT/Sudoku-PT-AN01/RF-00.smt2,sat,0.0031599998474121094
/20220307-SMPT/Sudoku-PT-AN01/RC-04.smt2,unsat,0.0049397945404052734
/20220307-SMPT/Sudoku-PT-AN01/RC-13.smt2,sat,0.0036537647247314453
/20220307-SMPT/Sudoku-PT-AN01/RC-06.smt2,sat,0.003545999526977539
/20220307-SMPT/Sudoku-PT-AN01/RC-14.smt2,sat,0.0035729408264160156
/20220307-SMPT/Sudoku-PT-AN01/RC-10.smt2,sat,0.0038862228393554688
/20220307-SMPT/Sudoku-PT-AN01/RF-04.smt2,sat,0.0032846927642822266
/20220307-SMPT/Sudoku-PT-AN01/RF-01.smt2,sat,0.003412961959838867
/20220307-SMPT/Sudoku-PT-AN01/RF-13.smt2,sat,0.0033805370330810547
/20220307-SMPT/Sudoku-PT-AN01/RC-00.smt2,sat,0.002737283706665039
/20220307-SMPT/Sudoku-PT-AN01/RF-05.smt2,sat,0.0028429031372070312
/20220307-SMPT/Sudoku-PT-AN01/RF-10.smt2,sat,0.004708290100097656
/20220307-SMPT/Sudoku-PT-AN01/RC-08.smt2,unsat,0.003512144088745117
/20220307-SMPT/Sudoku-PT-AN01/RF-09.smt2,sat,0.005423307418823242
/20220307-SMPT/Sudoku-PT-AN01/RC-07.smt2,sat,0.0032405853271484375
/20220307-SMPT/Sudoku-PT-AN01/RF-06.smt2,sat,0.004024505615234375
/20220307-SMPT/Sudoku-PT-AN01/RC-09.smt2,sat,0.003420591354370117
/20220307-SMPT/Sudoku-PT-AN01/RC-15.smt2,sat,0.0033257007598876953
/20220307-SMPT/Eratosthenes-PT-050/RC-02.smt2,unsat,0.004671812057495117
/20220307-SMPT/Eratosthenes-PT-050/RF-12.smt2,sat,0.004987001419067383
/20220307-SMPT/Eratosthenes-PT-050/RC-03.smt2,unsat,0.0034227371215820312
/20220307-SMPT/Eratosthenes-PT-050/RF-02.smt2,sat,0.004059553146362305
/20220307-SMPT/Eratosthenes-PT-050/RC-11.smt2,unsat,0.005178689956665039
/20220307-SMPT/Eratosthenes-PT-050/RF-03.smt2,sat,0.005669832229614258
/20220307-SMPT/Eratosthenes-PT-050/RC-01.smt2,unsat,0.003549337387084961
/20220307-SMPT/Eratosthenes-PT-050/RF-00.smt2,sat,0.0039577484130859375
/20220307-SMPT/Eratosthenes-PT-050/RC-04.smt2,unsat,0.004510164260864258
/20220307-SMPT/Eratosthenes-PT-050/RF-11.smt2,sat,0.004568576812744141
/20220307-SMPT/Eratosthenes-PT-050/RC-13.smt2,unsat,0.005342006683349609
/20220307-SMPT/Eratosthenes-PT-050/RC-06.smt2,unsat,0.003343820571899414
/20220307-SMPT/Eratosthenes-PT-050/RC-14.smt2,unsat,0.005727052688598633
/20220307-SMPT/Eratosthenes-PT-050/RC-10.smt2,unsat,0.0033273696899414062
/20220307-SMPT/Eratosthenes-PT-050/RF-04.smt2,sat,0.004325151443481445
/20220307-SMPT/Eratosthenes-PT-050/RF-01.smt2,sat,0.004094362258911133
/20220307-SMPT/Eratosthenes-PT-050/RF-13.smt2,sat,0.004932403564453125
/20220307-SMPT/Eratosthenes-PT-050/RC-05.smt2,unsat,0.0041501522064208984
/20220307-SMPT/Eratosthenes-PT-050/RC-00.smt2,unsat,0.0030221939086914062
/20220307-SMPT/Eratosthenes-PT-050/RF-05.smt2,unsat,0.004111528396606445
/20220307-SMPT/Eratosthenes-PT-050/RF-07.smt2,sat,0.004289388656616211
/20220307-SMPT/Eratosthenes-PT-050/RF-10.smt2,sat,0.0036773681640625
/20220307-SMPT/Eratosthenes-PT-050/RF-08.smt2,unsat,0.0039293766021728516
/20220307-SMPT/Eratosthenes-PT-050/RC-08.smt2,unsat,0.004493236541748047
/20220307-SMPT/Eratosthenes-PT-050/RF-15.smt2,sat,0.003977537155151367
/20220307-SMPT/Eratosthenes-PT-050/RF-09.smt2,unsat,0.004201412200927734
/20220307-SMPT/Eratosthenes-PT-050/RC-07.smt2,unsat,0.003821849822998047
/20220307-SMPT/Eratosthenes-PT-050/RF-06.smt2,sat,0.003755807876586914
/20220307-SMPT/Eratosthenes-PT-050/RC-09.smt2,unsat,0.004290103912353516
/20220307-SMPT/Eratosthenes-PT-050/RC-15.smt2,unsat,0.0031900405883789062
/20220307-SMPT/Eratosthenes-PT-050/RC-12.smt2,unsat,0.0036814212799072266
/20220307-SMPT/Eratosthenes-PT-050/RF-14.smt2,sat,0.005079746246337891
/20220307-SMPT/2PhLockVParam/RC-02.smt2,unsat,0.00414586067199707
/20220307-SMPT/2PhLockVParam/RF-12.smt2,unsat,0.0026199817657470703
/20220307-SMPT/2PhLockVParam/RC-03.smt2,sat,0.0033142566680908203
/20220307-SMPT/2PhLockVParam/RF-02.smt2,sat,0.012740373611450195
/20220307-SMPT/2PhLockVParam/RC-11.smt2,sat,0.003706216812133789
/20220307-SMPT/2PhLockVParam/RF-03.smt2,sat,0.0028409957885742188
/20220307-SMPT/2PhLockVParam/RC-01.smt2,sat,0.003691434860229492
/20220307-SMPT/2PhLockVParam/RF-00.smt2,unsat,0.0032701492309570312
/20220307-SMPT/2PhLockVParam/RC-04.smt2,sat,0.004372596740722656
/20220307-SMPT/2PhLockVParam/RF-11.smt2,unsat,0.003259420394897461
/20220307-SMPT/2PhLockVParam/RC-13.smt2,sat,0.0017673969268798828
/20220307-SMPT/2PhLockVParam/RC-06.smt2,sat,0.0033354759216308594
/20220307-SMPT/2PhLockVParam/RC-14.smt2,sat,0.0034422874450683594
/20220307-SMPT/2PhLockVParam/RC-10.smt2,sat,0.003981590270996094
/20220307-SMPT/2PhLockVParam/RF-04.smt2,sat,0.005109071731567383
/20220307-SMPT/2PhLockVParam/RF-01.smt2,sat,0.0034127235412597656
/20220307-SMPT/2PhLockVParam/RC-05.smt2,sat,0.0029315948486328125
/20220307-SMPT/2PhLockVParam/RC-00.smt2,sat,0.0041599273681640625
/20220307-SMPT/2PhLockVParam/RF-05.smt2,sat,0.003661632537841797
/20220307-SMPT/2PhLockVParam/RF-07.smt2,sat,0.003457307815551758
/20220307-SMPT/2PhLockVParam/RF-10.smt2,sat,0.004816532135009766
/20220307-SMPT/2PhLockVParam/RF-08.smt2,sat,0.003531932830810547
/20220307-SMPT/2PhLockVParam/RC-08.smt2,unsat,0.0037109851837158203
/20220307-SMPT/2PhLockVParam/RF-15.smt2,sat,0.0034875869750976562
/20220307-SMPT/2PhLockVParam/RF-09.smt2,sat,0.00408935546875
/20220307-SMPT/2PhLockVParam/RC-07.smt2,unsat,0.0034623146057128906
/20220307-SMPT/2PhLockVParam/RF-06.smt2,unsat,0.0042018890380859375
/20220307-SMPT/2PhLockVParam/RC-09.smt2,sat,0.0031137466430664062
/20220307-SMPT/2PhLockVParam/RC-15.smt2,unsat,0.004007816314697266
/20220307-SMPT/2PhLockVParam/RC-12.smt2,sat,0.00347137451171875
/20220307-SMPT/2PhLockVParam/RF-14.smt2,unsat,0.004334449768066406
/20220307-SMPT/MAPK-PT-00080/RC-02.smt2,sat,0.004304647445678711
/20220307-SMPT/MAPK-PT-00080/RF-12.smt2,sat,0.0053560733795166016
/20220307-SMPT/MAPK-PT-00080/RC-03.smt2,sat,0.005635976791381836
/20220307-SMPT/MAPK-PT-00080/RF-02.smt2,unsat,0.0043489933013916016
/20220307-SMPT/MAPK-PT-00080/RC-11.smt2,sat,0.005087137222290039
/20220307-SMPT/MAPK-PT-00080/RF-03.smt2,sat,0.00482940673828125
/20220307-SMPT/MAPK-PT-00080/RC-01.smt2,unsat,0.005822896957397461
/20220307-SMPT/MAPK-PT-00080/RF-00.smt2,sat,0.004919528961181641
/20220307-SMPT/MAPK-PT-00080/RC-04.smt2,sat,0.003371000289916992
/20220307-SMPT/MAPK-PT-00080/RF-11.smt2,sat,0.005272865295410156
/20220307-SMPT/MAPK-PT-00080/RC-13.smt2,sat,0.005797624588012695
/20220307-SMPT/MAPK-PT-00080/RC-06.smt2,sat,0.00372314453125
/20220307-SMPT/MAPK-PT-00080/RC-14.smt2,sat,0.004870414733886719
/20220307-SMPT/MAPK-PT-00080/RC-10.smt2,sat,0.005021810531616211
/20220307-SMPT/MAPK-PT-00080/RF-04.smt2,sat,0.004869937896728516
/20220307-SMPT/MAPK-PT-00080/RF-01.smt2,sat,0.004877567291259766
/20220307-SMPT/MAPK-PT-00080/RF-13.smt2,unsat,0.0035827159881591797
/20220307-SMPT/MAPK-PT-00080/RC-05.smt2,sat,0.004437685012817383
/20220307-SMPT/MAPK-PT-00080/RC-00.smt2,sat,0.004129648208618164
/20220307-SMPT/MAPK-PT-00080/RF-05.smt2,sat,0.004294633865356445
/20220307-SMPT/MAPK-PT-00080/RF-07.smt2,sat,0.004148006439208984
/20220307-SMPT/MAPK-PT-00080/RF-10.smt2,sat,0.004498720169067383
/20220307-SMPT/MAPK-PT-00080/RF-08.smt2,sat,0.004491329193115234
/20220307-SMPT/MAPK-PT-00080/RC-08.smt2,sat,0.00551152229309082
/20220307-SMPT/MAPK-PT-00080/RF-15.smt2,sat,0.0048944950103759766
/20220307-SMPT/MAPK-PT-00080/RF-09.smt2,sat,0.004258632659912109
/20220307-SMPT/MAPK-PT-00080/RC-07.smt2,sat,0.0053594112396240234
/20220307-SMPT/MAPK-PT-00080/RF-06.smt2,sat,0.004673957824707031
/20220307-SMPT/MAPK-PT-00080/RC-09.smt2,sat,0.005445718765258789
/20220307-SMPT/MAPK-PT-00080/RC-15.smt2,sat,0.004787445068359375
/20220307-SMPT/MAPK-PT-00080/RC-12.smt2,sat,0.0046999454498291016
/20220307-SMPT/MAPK-PT-00080/RF-14.smt2,unsat,0.004918336868286133
/20220307-SMPT/BART-PT-060/RC-02.smt2,sat,0.5409407615661621
/20220307-SMPT/BART-PT-060/RF-12.smt2,sat,0.4748358726501465
/20220307-SMPT/BART-PT-060/RC-03.smt2,sat,0.5274288654327393
/20220307-SMPT/BART-PT-060/RF-02.smt2,sat,0.4181032180786133
/20220307-SMPT/BART-PT-060/RC-11.smt2,sat,0.4751250743865967
/20220307-SMPT/BART-PT-060/RF-03.smt2,sat,0.4741058349609375
/20220307-SMPT/BART-PT-060/RC-01.smt2,unsat,0.43758177757263184
/20220307-SMPT/BART-PT-060/RF-00.smt2,sat,0.4519014358520508
/20220307-SMPT/BART-PT-060/RC-04.smt2,unsat,0.38800930976867676
/20220307-SMPT/BART-PT-060/RF-11.smt2,sat,0.4735090732574463
/20220307-SMPT/BART-PT-060/RC-13.smt2,unsat,0.23830080032348633
/20220307-SMPT/BART-PT-060/RC-06.smt2,sat,0.44389891624450684
/20220307-SMPT/BART-PT-060/RC-14.smt2,sat,0.5062575340270996
/20220307-SMPT/BART-PT-060/RC-10.smt2,sat,0.5047569274902344
/20220307-SMPT/BART-PT-060/RF-04.smt2,sat,0.5224967002868652
/20220307-SMPT/BART-PT-060/RF-01.smt2,sat,0.4497716426849365
/20220307-SMPT/BART-PT-060/RF-13.smt2,sat,0.4272022247314453
/20220307-SMPT/BART-PT-060/RC-05.smt2,unsat,0.39740562438964844
/20220307-SMPT/BART-PT-060/RC-00.smt2,sat,0.42871975898742676
/20220307-SMPT/BART-PT-060/RF-05.smt2,sat,0.4432640075683594
/20220307-SMPT/BART-PT-060/RF-07.smt2,unsat,0.37119388580322266
/20220307-SMPT/BART-PT-060/RF-10.smt2,sat,0.46497178077697754
/20220307-SMPT/BART-PT-060/RF-08.smt2,sat,0.4763171672821045
/20220307-SMPT/BART-PT-060/RC-08.smt2,unsat,0.37259531021118164
/20220307-SMPT/BART-PT-060/RF-15.smt2,sat,0.44782543182373047
/20220307-SMPT/BART-PT-060/RF-09.smt2,sat,0.39783215522766113
/20220307-SMPT/BART-PT-060/RC-07.smt2,sat,0.4148983955383301
/20220307-SMPT/BART-PT-060/RF-06.smt2,sat,0.47929930686950684
/20220307-SMPT/BART-PT-060/RC-09.smt2,sat,0.384141206741333
/20220307-SMPT/BART-PT-060/RC-15.smt2,sat,0.5318200588226318
/20220307-SMPT/BART-PT-060/RC-12.smt2,unsat,0.4081723690032959
/20220307-SMPT/BART-PT-060/RF-14.smt2,sat,0.5011401176452637
/20220307-SMPT/IOTPpurchase-PT-C01M01P01D01/RC-02.smt2,sat,0.008677005767822266
/20220307-SMPT/IOTPpurchase-PT-C01M01P01D01/RF-12.smt2,sat,0.007754087448120117
/20220307-SMPT/IOTPpurchase-PT-C01M01P01D01/RC-03.smt2,sat,0.008079767227172852
/20220307-SMPT/IOTPpurchase-PT-C01M01P01D01/RF-02.smt2,unsat,0.01022958755493164
/20220307-SMPT/IOTPpurchase-PT-C01M01P01D01/RC-11.smt2,sat,0.00921773910522461
/20220307-SMPT/IOTPpurchase-PT-C01M01P01D01/RF-03.smt2,sat,0.011244058609008789
/20220307-SMPT/IOTPpurchase-PT-C01M01P01D01/RC-01.smt2,sat,0.009568214416503906
/20220307-SMPT/IOTPpurchase-PT-C01M01P01D01/RF-00.smt2,sat,0.010744333267211914
/20220307-SMPT/IOTPpurchase-PT-C01M01P01D01/RC-04.smt2,sat,0.009364128112792969
/20220307-SMPT/IOTPpurchase-PT-C01M01P01D01/RF-11.smt2,unsat,0.008555412292480469
/20220307-SMPT/IOTPpurchase-PT-C01M01P01D01/RC-13.smt2,unsat,0.008545398712158203
/20220307-SMPT/IOTPpurchase-PT-C01M01P01D01/RC-06.smt2,sat,0.00859689712524414
/20220307-SMPT/IOTPpurchase-PT-C01M01P01D01/RC-14.smt2,sat,0.008218050003051758
/20220307-SMPT/IOTPpurchase-PT-C01M01P01D01/RC-10.smt2,sat,0.009981870651245117
/20220307-SMPT/IOTPpurchase-PT-C01M01P01D01/RF-04.smt2,sat,0.008569717407226562
/20220307-SMPT/IOTPpurchase-PT-C01M01P01D01/RF-01.smt2,unsat,0.00806117057800293
/20220307-SMPT/IOTPpurchase-PT-C01M01P01D01/RF-13.smt2,sat,0.009459495544433594
/20220307-SMPT/IOTPpurchase-PT-C01M01P01D01/RC-05.smt2,unsat,0.007971525192260742
/20220307-SMPT/IOTPpurchase-PT-C01M01P01D01/RC-00.smt2,sat,0.008244991302490234
/20220307-SMPT/IOTPpurchase-PT-C01M01P01D01/RF-05.smt2,sat,0.007904767990112305
/20220307-SMPT/IOTPpurchase-PT-C01M01P01D01/RF-07.smt2,sat,0.008948802947998047
/20220307-SMPT/IOTPpurchase-PT-C01M01P01D01/RF-10.smt2,sat,0.009267568588256836
/20220307-SMPT/IOTPpurchase-PT-C01M01P01D01/RF-08.smt2,sat,0.0075566768646240234
/20220307-SMPT/IOTPpurchase-PT-C01M01P01D01/RC-08.smt2,sat,0.008267402648925781
/20220307-SMPT/IOTPpurchase-PT-C01M01P01D01/RF-15.smt2,unsat,0.00815129280090332
/20220307-SMPT/IOTPpurchase-PT-C01M01P01D01/RF-09.smt2,unsat,0.009056806564331055
/20220307-SMPT/IOTPpurchase-PT-C01M01P01D01/RC-07.smt2,sat,0.00784444808959961
/20220307-SMPT/IOTPpurchase-PT-C01M01P01D01/RF-06.smt2,sat,0.009849786758422852
/20220307-SMPT/IOTPpurchase-PT-C01M01P01D01/RC-09.smt2,sat,0.008742094039916992
/20220307-SMPT/IOTPpurchase-PT-C01M01P01D01/RC-15.smt2,sat,0.00943613052368164
/20220307-SMPT/IOTPpurchase-PT-C01M01P01D01/RC-12.smt2,unsat,0.004167079925537109
/20220307-SMPT/IOTPpurchase-PT-C01M01P01D01/RF-14.smt2,sat,0.00796198844909668
/20220307-SMPT/RobotManipulation-PT-05000/RC-02.smt2,sat,0.0033512115478515625
/20220307-SMPT/RobotManipulation-PT-05000/RC-03.smt2,unsat,0.004359722137451172
/20220307-SMPT/RobotManipulation-PT-05000/RF-02.smt2,sat,0.004025936126708984
/20220307-SMPT/RobotManipulation-PT-05000/RC-11.smt2,sat,0.0047113895416259766
/20220307-SMPT/RobotManipulation-PT-05000/RF-03.smt2,sat,0.004643917083740234
/20220307-SMPT/RobotManipulation-PT-05000/RC-01.smt2,sat,0.0070345401763916016
/20220307-SMPT/RobotManipulation-PT-05000/RF-00.smt2,unsat,0.0036530494689941406
/20220307-SMPT/RobotManipulation-PT-05000/RC-04.smt2,sat,0.004232168197631836
/20220307-SMPT/RobotManipulation-PT-05000/RF-11.smt2,sat,0.0029201507568359375
/20220307-SMPT/RobotManipulation-PT-05000/RC-13.smt2,sat,0.0038836002349853516
/20220307-SMPT/RobotManipulation-PT-05000/RC-06.smt2,sat,0.003832101821899414
/20220307-SMPT/RobotManipulation-PT-05000/RC-14.smt2,unsat,0.005630970001220703
/20220307-SMPT/RobotManipulation-PT-05000/RC-10.smt2,sat,0.003255605697631836
/20220307-SMPT/RobotManipulation-PT-05000/RF-04.smt2,unsat,0.004027605056762695
/20220307-SMPT/RobotManipulation-PT-05000/RF-01.smt2,sat,0.0031385421752929688
/20220307-SMPT/RobotManipulation-PT-05000/RC-05.smt2,sat,0.0027251243591308594
/20220307-SMPT/RobotManipulation-PT-05000/RC-00.smt2,sat,0.0034041404724121094
/20220307-SMPT/RobotManipulation-PT-05000/RF-05.smt2,unsat,0.003091573715209961
/20220307-SMPT/RobotManipulation-PT-05000/RF-07.smt2,unsat,0.004706621170043945
/20220307-SMPT/RobotManipulation-PT-05000/RF-10.smt2,sat,0.0045909881591796875
/20220307-SMPT/RobotManipulation-PT-05000/RF-08.smt2,unsat,0.003755331039428711
/20220307-SMPT/RobotManipulation-PT-05000/RC-08.smt2,sat,0.003992319107055664
/20220307-SMPT/RobotManipulation-PT-05000/RF-15.smt2,unsat,0.003646373748779297
/20220307-SMPT/RobotManipulation-PT-05000/RF-09.smt2,sat,0.004601001739501953
/20220307-SMPT/RobotManipulation-PT-05000/RC-07.smt2,unsat,0.0017147064208984375
/20220307-SMPT/RobotManipulation-PT-05000/RF-06.smt2,unsat,0.0028862953186035156
/20220307-SMPT/RobotManipulation-PT-05000/RC-09.smt2,sat,0.007312774658203125
/20220307-SMPT/RobotManipulation-PT-05000/RC-15.smt2,sat,0.0047185420989990234
/20220307-SMPT/RobotManipulation-PT-05000/RC-12.smt2,sat,0.003189563751220703
/20220307-SMPT/RobotManipulation-PT-05000/RF-14.smt2,sat,0.004643678665161133
/20220307-SMPT/Diffusion2D-PT-D05N100/RC-02.smt2,sat,0.005131959915161133
/20220307-SMPT/Diffusion2D-PT-D05N100/RF-12.smt2,sat,0.003488779067993164
/20220307-SMPT/Diffusion2D-PT-D05N100/RC-03.smt2,sat,0.004274606704711914
/20220307-SMPT/Diffusion2D-PT-D05N100/RF-02.smt2,sat,0.005506038665771484
/20220307-SMPT/Diffusion2D-PT-D05N100/RC-11.smt2,sat,0.003914356231689453
/20220307-SMPT/Diffusion2D-PT-D05N100/RF-03.smt2,sat,0.007915973663330078
/20220307-SMPT/Diffusion2D-PT-D05N100/RC-01.smt2,sat,0.004355907440185547
/20220307-SMPT/Diffusion2D-PT-D05N100/RF-00.smt2,sat,0.004210233688354492
/20220307-SMPT/Diffusion2D-PT-D05N100/RC-04.smt2,sat,0.00414276123046875
/20220307-SMPT/Diffusion2D-PT-D05N100/RF-11.smt2,sat,0.00440526008605957
/20220307-SMPT/Diffusion2D-PT-D05N100/RC-13.smt2,sat,0.004260540008544922
/20220307-SMPT/Diffusion2D-PT-D05N100/RC-06.smt2,sat,0.00487208366394043
/20220307-SMPT/Diffusion2D-PT-D05N100/RC-14.smt2,sat,0.004485130310058594
/20220307-SMPT/Diffusion2D-PT-D05N100/RC-10.smt2,sat,0.004670619964599609
/20220307-SMPT/Diffusion2D-PT-D05N100/RF-04.smt2,sat,0.0051422119140625
/20220307-SMPT/Diffusion2D-PT-D05N100/RF-01.smt2,sat,0.003983259201049805
/20220307-SMPT/Diffusion2D-PT-D05N100/RF-13.smt2,sat,0.0056684017181396484
/20220307-SMPT/Diffusion2D-PT-D05N100/RC-05.smt2,sat,0.0044116973876953125
/20220307-SMPT/Diffusion2D-PT-D05N100/RC-00.smt2,sat,0.005520820617675781
/20220307-SMPT/Diffusion2D-PT-D05N100/RF-05.smt2,sat,0.003125429153442383
/20220307-SMPT/Diffusion2D-PT-D05N100/RF-07.smt2,unsat,0.0032851696014404297
/20220307-SMPT/Diffusion2D-PT-D05N100/RF-10.smt2,unsat,0.004615306854248047
/20220307-SMPT/Diffusion2D-PT-D05N100/RF-08.smt2,sat,0.00490260124206543
/20220307-SMPT/Diffusion2D-PT-D05N100/RC-08.smt2,sat,0.003078460693359375
/20220307-SMPT/Diffusion2D-PT-D05N100/RF-15.smt2,unsat,0.003344297409057617
/20220307-SMPT/Diffusion2D-PT-D05N100/RF-09.smt2,sat,0.0050237178802490234
/20220307-SMPT/Diffusion2D-PT-D05N100/RC-07.smt2,sat,0.0040035247802734375
/20220307-SMPT/Diffusion2D-PT-D05N100/RF-06.smt2,sat,0.004057407379150391
/20220307-SMPT/Diffusion2D-PT-D05N100/RC-09.smt2,sat,0.004071712493896484
/20220307-SMPT/Diffusion2D-PT-D05N100/RC-15.smt2,sat,0.0041656494140625
/20220307-SMPT/Diffusion2D-PT-D05N100/RC-12.smt2,sat,0.005976676940917969
/20220307-SMPT/Diffusion2D-PT-D05N100/RF-14.smt2,sat,0.0032775402069091797
/20220307-SMPT/NeighborGrid-PT-d2n3m1c12/RC-02.smt2,unsat,0.004620790481567383
/20220307-SMPT/NeighborGrid-PT-d2n3m1c12/RF-12.smt2,unsat,0.002132892608642578
/20220307-SMPT/NeighborGrid-PT-d2n3m1c12/RC-03.smt2,unsat,0.0028035640716552734
/20220307-SMPT/NeighborGrid-PT-d2n3m1c12/RF-02.smt2,unsat,0.0032701492309570312
/20220307-SMPT/NeighborGrid-PT-d2n3m1c12/RC-11.smt2,unsat,0.003267049789428711
/20220307-SMPT/NeighborGrid-PT-d2n3m1c12/RF-03.smt2,sat,0.0038635730743408203
/20220307-SMPT/NeighborGrid-PT-d2n3m1c12/RC-01.smt2,unsat,0.0034592151641845703
/20220307-SMPT/NeighborGrid-PT-d2n3m1c12/RF-00.smt2,unsat,0.00410151481628418
/20220307-SMPT/NeighborGrid-PT-d2n3m1c12/RC-04.smt2,unsat,0.0025496482849121094
/20220307-SMPT/NeighborGrid-PT-d2n3m1c12/RF-11.smt2,unsat,0.002450704574584961
/20220307-SMPT/NeighborGrid-PT-d2n3m1c12/RC-13.smt2,unsat,0.003038644790649414
/20220307-SMPT/NeighborGrid-PT-d2n3m1c12/RC-06.smt2,sat,0.004579067230224609
/20220307-SMPT/NeighborGrid-PT-d2n3m1c12/RC-14.smt2,sat,0.0034389495849609375
/20220307-SMPT/NeighborGrid-PT-d2n3m1c12/RC-10.smt2,unsat,0.004478931427001953
/20220307-SMPT/NeighborGrid-PT-d2n3m1c12/RF-04.smt2,sat,0.0030374526977539062
/20220307-SMPT/NeighborGrid-PT-d2n3m1c12/RF-01.smt2,unsat,0.00491786003112793
/20220307-SMPT/NeighborGrid-PT-d2n3m1c12/RF-13.smt2,unsat,0.0026929378509521484
/20220307-SMPT/NeighborGrid-PT-d2n3m1c12/RC-05.smt2,unsat,0.002990245819091797
/20220307-SMPT/NeighborGrid-PT-d2n3m1c12/RC-00.smt2,sat,0.003871440887451172
/20220307-SMPT/NeighborGrid-PT-d2n3m1c12/RF-05.smt2,unsat,0.005081653594970703
/20220307-SMPT/NeighborGrid-PT-d2n3m1c12/RF-07.smt2,unsat,0.004167079925537109
/20220307-SMPT/NeighborGrid-PT-d2n3m1c12/RF-10.smt2,unsat,0.0041391849517822266
/20220307-SMPT/NeighborGrid-PT-d2n3m1c12/RF-08.smt2,sat,0.0037078857421875
/20220307-SMPT/NeighborGrid-PT-d2n3m1c12/RC-08.smt2,unsat,0.0032761096954345703
/20220307-SMPT/NeighborGrid-PT-d2n3m1c12/RF-15.smt2,sat,0.0029795169830322266
/20220307-SMPT/NeighborGrid-PT-d2n3m1c12/RF-09.smt2,unsat,0.0027599334716796875
/20220307-SMPT/NeighborGrid-PT-d2n3m1c12/RC-07.smt2,sat,0.004002809524536133
/20220307-SMPT/NeighborGrid-PT-d2n3m1c12/RF-06.smt2,unsat,0.003970146179199219
/20220307-SMPT/NeighborGrid-PT-d2n3m1c12/RC-09.smt2,unsat,0.003889322280883789
/20220307-SMPT/NeighborGrid-PT-d2n3m1c12/RC-12.smt2,sat,0.002491474151611328
/20220307-SMPT/NeighborGrid-PT-d2n3m1c12/RF-14.smt2,unsat,0.0024330615997314453
/20220307-SMPT/Diffusion2D-PT-D05N150/RC-02.smt2,sat,0.003788471221923828
/20220307-SMPT/Diffusion2D-PT-D05N150/RF-12.smt2,sat,0.003801107406616211
/20220307-SMPT/Diffusion2D-PT-D05N150/RC-03.smt2,sat,0.003892660140991211
/20220307-SMPT/Diffusion2D-PT-D05N150/RF-02.smt2,sat,0.007524967193603516
/20220307-SMPT/Diffusion2D-PT-D05N150/RC-11.smt2,sat,0.003650665283203125
/20220307-SMPT/Diffusion2D-PT-D05N150/RF-03.smt2,sat,0.005677223205566406
/20220307-SMPT/Diffusion2D-PT-D05N150/RC-01.smt2,sat,0.004239559173583984
/20220307-SMPT/Diffusion2D-PT-D05N150/RF-00.smt2,sat,0.0047607421875
/20220307-SMPT/Diffusion2D-PT-D05N150/RC-04.smt2,sat,0.006618022918701172
/20220307-SMPT/Diffusion2D-PT-D05N150/RF-11.smt2,sat,0.004296302795410156
/20220307-SMPT/Diffusion2D-PT-D05N150/RC-13.smt2,sat,0.003910064697265625
/20220307-SMPT/Diffusion2D-PT-D05N150/RC-06.smt2,sat,0.003209829330444336
/20220307-SMPT/Diffusion2D-PT-D05N150/RC-14.smt2,sat,0.005670309066772461
/20220307-SMPT/Diffusion2D-PT-D05N150/RC-10.smt2,sat,0.0046846866607666016
/20220307-SMPT/Diffusion2D-PT-D05N150/RF-01.smt2,sat,0.003736734390258789
/20220307-SMPT/Diffusion2D-PT-D05N150/RF-13.smt2,sat,0.0038423538208007812
/20220307-SMPT/Diffusion2D-PT-D05N150/RC-05.smt2,sat,0.004995584487915039
/20220307-SMPT/Diffusion2D-PT-D05N150/RC-00.smt2,sat,0.004303932189941406
/20220307-SMPT/Diffusion2D-PT-D05N150/RF-05.smt2,sat,0.003003835678100586
/20220307-SMPT/Diffusion2D-PT-D05N150/RF-07.smt2,unsat,0.003554105758666992
/20220307-SMPT/Diffusion2D-PT-D05N150/RF-08.smt2,sat,0.004131793975830078
/20220307-SMPT/Diffusion2D-PT-D05N150/RC-08.smt2,sat,0.004277944564819336
/20220307-SMPT/Diffusion2D-PT-D05N150/RF-15.smt2,sat,0.004584074020385742
/20220307-SMPT/Diffusion2D-PT-D05N150/RF-09.smt2,sat,0.005606889724731445
/20220307-SMPT/Diffusion2D-PT-D05N150/RC-07.smt2,unsat,0.005617856979370117
/20220307-SMPT/Diffusion2D-PT-D05N150/RF-06.smt2,unsat,0.0032508373260498047
/20220307-SMPT/Diffusion2D-PT-D05N150/RC-09.smt2,sat,0.0035026073455810547
/20220307-SMPT/Diffusion2D-PT-D05N150/RC-15.smt2,sat,0.004321575164794922
/20220307-SMPT/Diffusion2D-PT-D05N150/RC-12.smt2,sat,0.004554033279418945
/20220307-SMPT/Eratosthenes-PT-020/RC-02.smt2,unsat,0.003007650375366211
/20220307-SMPT/Eratosthenes-PT-020/RF-12.smt2,sat,0.0031135082244873047
/20220307-SMPT/Eratosthenes-PT-020/RC-03.smt2,unsat,0.0036199092864990234
/20220307-SMPT/Eratosthenes-PT-020/RF-02.smt2,unsat,0.003464221954345703
/20220307-SMPT/Eratosthenes-PT-020/RC-11.smt2,unsat,0.0032720565795898438
/20220307-SMPT/Eratosthenes-PT-020/RF-03.smt2,unsat,0.003441333770751953
/20220307-SMPT/Eratosthenes-PT-020/RC-01.smt2,unsat,0.003453493118286133
/20220307-SMPT/Eratosthenes-PT-020/RF-00.smt2,unsat,0.003093242645263672
/20220307-SMPT/Eratosthenes-PT-020/RC-04.smt2,unsat,0.004168510437011719
/20220307-SMPT/Eratosthenes-PT-020/RF-11.smt2,unsat,0.003991603851318359
/20220307-SMPT/Eratosthenes-PT-020/RC-13.smt2,unsat,0.0029134750366210938
/20220307-SMPT/Eratosthenes-PT-020/RC-06.smt2,unsat,0.003001689910888672
/20220307-SMPT/Eratosthenes-PT-020/RC-14.smt2,unsat,0.0034027099609375
/20220307-SMPT/Eratosthenes-PT-020/RC-10.smt2,unsat,0.003332376480102539
/20220307-SMPT/Eratosthenes-PT-020/RF-04.smt2,unsat,0.0048792362213134766
/20220307-SMPT/Eratosthenes-PT-020/RF-01.smt2,unsat,0.0036106109619140625
/20220307-SMPT/Eratosthenes-PT-020/RF-13.smt2,unsat,0.003928184509277344
/20220307-SMPT/Eratosthenes-PT-020/RC-05.smt2,unsat,0.0022954940795898438
/20220307-SMPT/Eratosthenes-PT-020/RC-00.smt2,unsat,0.004815101623535156
/20220307-SMPT/Eratosthenes-PT-020/RF-05.smt2,unsat,0.0044994354248046875
/20220307-SMPT/Eratosthenes-PT-020/RF-07.smt2,unsat,0.0042421817779541016
/20220307-SMPT/Eratosthenes-PT-020/RF-10.smt2,unsat,0.004738330841064453
/20220307-SMPT/Eratosthenes-PT-020/RF-08.smt2,unsat,0.004551887512207031
/20220307-SMPT/Eratosthenes-PT-020/RC-08.smt2,unsat,0.0039031505584716797
/20220307-SMPT/Eratosthenes-PT-020/RF-15.smt2,sat,0.003844738006591797
/20220307-SMPT/Eratosthenes-PT-020/RF-09.smt2,unsat,0.004555940628051758
/20220307-SMPT/Eratosthenes-PT-020/RC-07.smt2,unsat,0.005355119705200195
/20220307-SMPT/Eratosthenes-PT-020/RF-06.smt2,unsat,0.0036094188690185547
/20220307-SMPT/Eratosthenes-PT-020/RC-09.smt2,unsat,0.0030105113983154297
/20220307-SMPT/Eratosthenes-PT-020/RC-15.smt2,unsat,0.0035123825073242188
/20220307-SMPT/Eratosthenes-PT-020/RC-12.smt2,unsat,0.0038313865661621094
/20220307-SMPT/Eratosthenes-PT-020/RF-14.smt2,unsat,0.003734588623046875
/20220307-SMPT/RwMutex-PT-r0020w0010/RC-02.smt2,unsat,0.011056184768676758
/20220307-SMPT/RwMutex-PT-r0020w0010/RF-12.smt2,unsat,0.01194000244140625
/20220307-SMPT/RwMutex-PT-r0020w0010/RC-03.smt2,unsat,0.011759519577026367
/20220307-SMPT/RwMutex-PT-r0020w0010/RF-02.smt2,unsat,0.014164447784423828
/20220307-SMPT/RwMutex-PT-r0020w0010/RC-11.smt2,unsat,0.012398004531860352
/20220307-SMPT/RwMutex-PT-r0020w0010/RF-03.smt2,unsat,0.011192083358764648
/20220307-SMPT/RwMutex-PT-r0020w0010/RC-01.smt2,unsat,0.012577295303344727
/20220307-SMPT/RwMutex-PT-r0020w0010/RF-00.smt2,unsat,0.012655973434448242
/20220307-SMPT/RwMutex-PT-r0020w0010/RC-04.smt2,unsat,0.01358342170715332
/20220307-SMPT/RwMutex-PT-r0020w0010/RF-11.smt2,unsat,0.013410806655883789
/20220307-SMPT/RwMutex-PT-r0020w0010/RC-13.smt2,unsat,0.010791301727294922
/20220307-SMPT/RwMutex-PT-r0020w0010/RC-06.smt2,unsat,0.011373758316040039
/20220307-SMPT/RwMutex-PT-r0020w0010/RC-14.smt2,unsat,0.011687278747558594
/20220307-SMPT/RwMutex-PT-r0020w0010/RC-10.smt2,unsat,0.011913299560546875
/20220307-SMPT/RwMutex-PT-r0020w0010/RF-04.smt2,unsat,0.011951446533203125
/20220307-SMPT/RwMutex-PT-r0020w0010/RF-01.smt2,unsat,0.012183427810668945
/20220307-SMPT/RwMutex-PT-r0020w0010/RF-13.smt2,unsat,0.010617971420288086
/20220307-SMPT/RwMutex-PT-r0020w0010/RC-05.smt2,unsat,0.013005256652832031
/20220307-SMPT/RwMutex-PT-r0020w0010/RC-00.smt2,unsat,0.012690305709838867
/20220307-SMPT/RwMutex-PT-r0020w0010/RF-05.smt2,unsat,0.012825965881347656
/20220307-SMPT/RwMutex-PT-r0020w0010/RF-07.smt2,unsat,0.011986017227172852
/20220307-SMPT/RwMutex-PT-r0020w0010/RF-10.smt2,unsat,0.011729240417480469
/20220307-SMPT/RwMutex-PT-r0020w0010/RF-08.smt2,unsat,0.012250900268554688
/20220307-SMPT/RwMutex-PT-r0020w0010/RC-08.smt2,unsat,0.012997865676879883
/20220307-SMPT/RwMutex-PT-r0020w0010/RF-15.smt2,unsat,0.011982440948486328
/20220307-SMPT/RwMutex-PT-r0020w0010/RF-09.smt2,unsat,0.011491060256958008
/20220307-SMPT/RwMutex-PT-r0020w0010/RC-07.smt2,unsat,0.012054204940795898
/20220307-SMPT/RwMutex-PT-r0020w0010/RF-06.smt2,unsat,0.012141942977905273
/20220307-SMPT/RwMutex-PT-r0020w0010/RC-09.smt2,unsat,0.012114763259887695
/20220307-SMPT/RwMutex-PT-r0020w0010/RC-15.smt2,unsat,0.011527538299560547
/20220307-SMPT/RwMutex-PT-r0020w0010/RC-12.smt2,unsat,0.011187314987182617
/20220307-SMPT/RwMutex-PT-r0020w0010/RF-14.smt2,unsat,0.012493371963500977
/20220307-SMPT/SwimmingPool-PT-10/RC-02.smt2,sat,0.003638029098510742
/20220307-SMPT/SwimmingPool-PT-10/RF-12.smt2,sat,0.013711690902709961
/20220307-SMPT/SwimmingPool-PT-10/RC-03.smt2,sat,0.002795696258544922
/20220307-SMPT/SwimmingPool-PT-10/RF-02.smt2,unsat,0.0031452178955078125
/20220307-SMPT/SwimmingPool-PT-10/RC-11.smt2,sat,0.0044934749603271484
/20220307-SMPT/SwimmingPool-PT-10/RF-03.smt2,sat,0.004235267639160156
/20220307-SMPT/SwimmingPool-PT-10/RC-01.smt2,sat,0.0032112598419189453
/20220307-SMPT/SwimmingPool-PT-10/RF-00.smt2,sat,0.003400087356567383
/20220307-SMPT/SwimmingPool-PT-10/RC-04.smt2,sat,0.0037734508514404297
/20220307-SMPT/SwimmingPool-PT-10/RF-11.smt2,unsat,0.004631519317626953
/20220307-SMPT/SwimmingPool-PT-10/RC-13.smt2,sat,0.0031020641326904297
/20220307-SMPT/SwimmingPool-PT-10/RC-06.smt2,sat,0.004674434661865234
/20220307-SMPT/SwimmingPool-PT-10/RC-14.smt2,sat,0.004693031311035156
/20220307-SMPT/SwimmingPool-PT-10/RC-10.smt2,sat,0.0032613277435302734
/20220307-SMPT/SwimmingPool-PT-10/RF-04.smt2,sat,0.003984928131103516
/20220307-SMPT/SwimmingPool-PT-10/RF-01.smt2,unsat,0.006257057189941406
/20220307-SMPT/SwimmingPool-PT-10/RF-13.smt2,sat,0.003863811492919922
/20220307-SMPT/SwimmingPool-PT-10/RC-05.smt2,sat,0.0032498836517333984
/20220307-SMPT/SwimmingPool-PT-10/RC-00.smt2,sat,0.00353240966796875
/20220307-SMPT/SwimmingPool-PT-10/RF-05.smt2,unsat,0.0035681724548339844
/20220307-SMPT/SwimmingPool-PT-10/RF-07.smt2,sat,0.0042994022369384766
/20220307-SMPT/SwimmingPool-PT-10/RF-10.smt2,sat,0.003039836883544922
/20220307-SMPT/SwimmingPool-PT-10/RF-08.smt2,sat,0.0029430389404296875
/20220307-SMPT/SwimmingPool-PT-10/RC-08.smt2,sat,0.00333404541015625
/20220307-SMPT/SwimmingPool-PT-10/RF-15.smt2,unsat,0.0031914710998535156
/20220307-SMPT/SwimmingPool-PT-10/RF-09.smt2,sat,0.0046842098236083984
/20220307-SMPT/SwimmingPool-PT-10/RC-07.smt2,sat,0.0048863887786865234
/20220307-SMPT/SwimmingPool-PT-10/RF-06.smt2,sat,0.005263090133666992
/20220307-SMPT/SwimmingPool-PT-10/RC-09.smt2,sat,0.0029654502868652344
/20220307-SMPT/SwimmingPool-PT-10/RC-15.smt2,sat,0.0035049915313720703
/20220307-SMPT/SwimmingPool-PT-10/RC-12.smt2,sat,0.004546642303466797
/20220307-SMPT/SwimmingPool-PT-10/RF-14.smt2,sat,0.0049860477447509766
/20220307-SMPT/HouseConstruction-PT-02000/RC-02.smt2,sat,0.004459381103515625
/20220307-SMPT/HouseConstruction-PT-02000/RF-12.smt2,sat,0.0052411556243896484
/20220307-SMPT/HouseConstruction-PT-02000/RC-03.smt2,sat,0.0041980743408203125
/20220307-SMPT/HouseConstruction-PT-02000/RF-02.smt2,sat,0.0042362213134765625
/20220307-SMPT/HouseConstruction-PT-02000/RC-11.smt2,sat,0.0050201416015625
/20220307-SMPT/HouseConstruction-PT-02000/RF-03.smt2,sat,0.004543781280517578
/20220307-SMPT/HouseConstruction-PT-02000/RC-01.smt2,sat,0.0028390884399414062
/20220307-SMPT/HouseConstruction-PT-02000/RF-00.smt2,sat,0.0058400630950927734
/20220307-SMPT/HouseConstruction-PT-02000/RC-04.smt2,sat,0.005362033843994141
/20220307-SMPT/HouseConstruction-PT-02000/RF-11.smt2,sat,0.003557920455932617
/20220307-SMPT/HouseConstruction-PT-02000/RC-13.smt2,sat,0.004500627517700195
/20220307-SMPT/HouseConstruction-PT-02000/RC-06.smt2,sat,0.004590511322021484
/20220307-SMPT/HouseConstruction-PT-02000/RC-14.smt2,unsat,0.0030536651611328125
/20220307-SMPT/HouseConstruction-PT-02000/RC-10.smt2,unsat,0.0036966800689697266
/20220307-SMPT/HouseConstruction-PT-02000/RF-04.smt2,sat,0.003511190414428711
/20220307-SMPT/HouseConstruction-PT-02000/RF-01.smt2,sat,0.0052988529205322266
/20220307-SMPT/HouseConstruction-PT-02000/RF-13.smt2,sat,0.004182338714599609
/20220307-SMPT/HouseConstruction-PT-02000/RC-05.smt2,sat,0.0063436031341552734
/20220307-SMPT/HouseConstruction-PT-02000/RC-00.smt2,sat,0.004513740539550781
/20220307-SMPT/HouseConstruction-PT-02000/RF-05.smt2,sat,0.00544285774230957
/20220307-SMPT/HouseConstruction-PT-02000/RF-07.smt2,sat,0.0040242671966552734
/20220307-SMPT/HouseConstruction-PT-02000/RF-10.smt2,sat,0.005467414855957031
/20220307-SMPT/HouseConstruction-PT-02000/RF-08.smt2,sat,0.004887580871582031
/20220307-SMPT/HouseConstruction-PT-02000/RC-08.smt2,unsat,0.004872322082519531
/20220307-SMPT/HouseConstruction-PT-02000/RF-15.smt2,sat,0.003947734832763672
/20220307-SMPT/HouseConstruction-PT-02000/RF-09.smt2,sat,0.004651069641113281
/20220307-SMPT/HouseConstruction-PT-02000/RC-07.smt2,sat,0.00445246696472168
/20220307-SMPT/HouseConstruction-PT-02000/RF-06.smt2,sat,0.003505706787109375
/20220307-SMPT/HouseConstruction-PT-02000/RC-09.smt2,sat,0.0045928955078125
/20220307-SMPT/HouseConstruction-PT-02000/RC-15.smt2,sat,0.004622697830200195
/20220307-SMPT/HouseConstruction-PT-02000/RC-12.smt2,sat,0.004179954528808594
/20220307-SMPT/HouseConstruction-PT-02000/RF-14.smt2,unsat,0.003635883331298828
/20220307-SMPT/RwMutex-PT-r0010w0010/RC-02.smt2,sat,0.008618831634521484
/20220307-SMPT/RwMutex-PT-r0010w0010/RF-12.smt2,unsat,0.008438587188720703
/20220307-SMPT/RwMutex-PT-r0010w0010/RC-03.smt2,sat,0.008793830871582031
/20220307-SMPT/RwMutex-PT-r0010w0010/RF-02.smt2,sat,0.00937509536743164
/20220307-SMPT/RwMutex-PT-r0010w0010/RC-11.smt2,sat,0.0075533390045166016
/20220307-SMPT/RwMutex-PT-r0010w0010/RF-03.smt2,sat,0.009008646011352539
/20220307-SMPT/RwMutex-PT-r0010w0010/RC-01.smt2,sat,0.008330106735229492
/20220307-SMPT/RwMutex-PT-r0010w0010/RF-00.smt2,sat,0.010146617889404297
/20220307-SMPT/RwMutex-PT-r0010w0010/RC-04.smt2,sat,0.007414340972900391
/20220307-SMPT/RwMutex-PT-r0010w0010/RF-11.smt2,sat,0.00869441032409668
/20220307-SMPT/RwMutex-PT-r0010w0010/RC-13.smt2,sat,0.00671839714050293
/20220307-SMPT/RwMutex-PT-r0010w0010/RC-06.smt2,unsat,0.009339332580566406
/20220307-SMPT/RwMutex-PT-r0010w0010/RC-14.smt2,unsat,0.00817728042602539
/20220307-SMPT/RwMutex-PT-r0010w0010/RC-10.smt2,sat,0.008011102676391602
/20220307-SMPT/RwMutex-PT-r0010w0010/RF-04.smt2,sat,0.009839296340942383
/20220307-SMPT/RwMutex-PT-r0010w0010/RF-01.smt2,sat,0.008785724639892578
/20220307-SMPT/RwMutex-PT-r0010w0010/RF-13.smt2,sat,0.008303403854370117
/20220307-SMPT/RwMutex-PT-r0010w0010/RC-05.smt2,unsat,0.007972478866577148
/20220307-SMPT/RwMutex-PT-r0010w0010/RC-00.smt2,sat,0.009003639221191406
/20220307-SMPT/RwMutex-PT-r0010w0010/RF-05.smt2,sat,0.008121728897094727
/20220307-SMPT/RwMutex-PT-r0010w0010/RF-07.smt2,sat,0.008169889450073242
/20220307-SMPT/RwMutex-PT-r0010w0010/RF-10.smt2,sat,0.007863283157348633
/20220307-SMPT/RwMutex-PT-r0010w0010/RF-08.smt2,sat,0.009757041931152344
/20220307-SMPT/RwMutex-PT-r0010w0010/RC-08.smt2,sat,0.006719112396240234
/20220307-SMPT/RwMutex-PT-r0010w0010/RF-15.smt2,sat,0.011060953140258789
/20220307-SMPT/RwMutex-PT-r0010w0010/RF-09.smt2,sat,0.007375001907348633
/20220307-SMPT/RwMutex-PT-r0010w0010/RC-07.smt2,sat,0.007689714431762695
/20220307-SMPT/RwMutex-PT-r0010w0010/RF-06.smt2,sat,0.008539915084838867
/20220307-SMPT/RwMutex-PT-r0010w0010/RC-09.smt2,unsat,0.008049726486206055
/20220307-SMPT/RwMutex-PT-r0010w0010/RC-15.smt2,sat,0.00816488265991211
/20220307-SMPT/RwMutex-PT-r0010w0010/RC-12.smt2,sat,0.008018970489501953
/20220307-SMPT/RwMutex-PT-r0010w0010/RF-14.smt2,unsat,0.007880449295043945
/20220307-SMPT/HouseConstruction-PT-00500/RC-02.smt2,sat,0.004410982131958008
/20220307-SMPT/HouseConstruction-PT-00500/RF-12.smt2,sat,0.004109621047973633
/20220307-SMPT/HouseConstruction-PT-00500/RC-03.smt2,sat,0.005394935607910156
/20220307-SMPT/HouseConstruction-PT-00500/RF-02.smt2,sat,0.005890369415283203
/20220307-SMPT/HouseConstruction-PT-00500/RC-11.smt2,sat,0.004263401031494141
/20220307-SMPT/HouseConstruction-PT-00500/RF-03.smt2,sat,0.0053005218505859375
/20220307-SMPT/HouseConstruction-PT-00500/RC-01.smt2,sat,0.0050771236419677734
/20220307-SMPT/HouseConstruction-PT-00500/RF-00.smt2,unsat,0.0033118724822998047
/20220307-SMPT/HouseConstruction-PT-00500/RC-04.smt2,sat,0.0044705867767333984
/20220307-SMPT/HouseConstruction-PT-00500/RF-11.smt2,sat,0.0044367313385009766
/20220307-SMPT/HouseConstruction-PT-00500/RC-13.smt2,sat,0.0036687850952148438
/20220307-SMPT/HouseConstruction-PT-00500/RC-06.smt2,sat,0.005583047866821289
/20220307-SMPT/HouseConstruction-PT-00500/RC-14.smt2,sat,0.004587411880493164
/20220307-SMPT/HouseConstruction-PT-00500/RC-10.smt2,sat,0.00391077995300293
/20220307-SMPT/HouseConstruction-PT-00500/RF-04.smt2,sat,0.0048351287841796875
/20220307-SMPT/HouseConstruction-PT-00500/RF-01.smt2,sat,0.004502534866333008
/20220307-SMPT/HouseConstruction-PT-00500/RF-13.smt2,sat,0.005057811737060547
/20220307-SMPT/HouseConstruction-PT-00500/RC-05.smt2,sat,0.004051685333251953
/20220307-SMPT/HouseConstruction-PT-00500/RC-00.smt2,sat,0.0028183460235595703
/20220307-SMPT/HouseConstruction-PT-00500/RF-05.smt2,sat,0.005571842193603516
/20220307-SMPT/HouseConstruction-PT-00500/RF-07.smt2,unsat,0.005321025848388672
/20220307-SMPT/HouseConstruction-PT-00500/RF-10.smt2,sat,0.004515647888183594
/20220307-SMPT/HouseConstruction-PT-00500/RF-08.smt2,sat,0.004822731018066406
/20220307-SMPT/HouseConstruction-PT-00500/RC-08.smt2,unsat,0.0028984546661376953
/20220307-SMPT/HouseConstruction-PT-00500/RF-15.smt2,unsat,0.0027489662170410156
/20220307-SMPT/HouseConstruction-PT-00500/RF-09.smt2,sat,0.0041751861572265625
/20220307-SMPT/HouseConstruction-PT-00500/RC-07.smt2,sat,0.005005359649658203
/20220307-SMPT/HouseConstruction-PT-00500/RF-06.smt2,unsat,0.0036857128143310547
/20220307-SMPT/HouseConstruction-PT-00500/RC-09.smt2,sat,0.003960609436035156
/20220307-SMPT/HouseConstruction-PT-00500/RC-15.smt2,sat,0.0040569305419921875
/20220307-SMPT/HouseConstruction-PT-00500/RC-12.smt2,sat,0.004730224609375
/20220307-SMPT/HouseConstruction-PT-00500/RF-14.smt2,sat,0.00442814826965332
/20220307-SMPT/MAPK-PT-10240/RC-02.smt2,sat,0.004599332809448242
/20220307-SMPT/MAPK-PT-10240/RF-12.smt2,sat,0.005620479583740234
/20220307-SMPT/MAPK-PT-10240/RC-03.smt2,unsat,0.004239559173583984
/20220307-SMPT/MAPK-PT-10240/RF-02.smt2,sat,0.004960298538208008
/20220307-SMPT/MAPK-PT-10240/RC-11.smt2,sat,0.004936695098876953
/20220307-SMPT/MAPK-PT-10240/RF-03.smt2,unsat,0.004676342010498047
/20220307-SMPT/MAPK-PT-10240/RC-01.smt2,sat,0.004570722579956055
/20220307-SMPT/MAPK-PT-10240/RF-00.smt2,sat,0.004109382629394531
/20220307-SMPT/MAPK-PT-10240/RC-04.smt2,sat,0.004372119903564453
/20220307-SMPT/MAPK-PT-10240/RF-11.smt2,sat,0.0064885616302490234
/20220307-SMPT/MAPK-PT-10240/RC-13.smt2,sat,0.004354715347290039
/20220307-SMPT/MAPK-PT-10240/RC-06.smt2,sat,0.00397801399230957
/20220307-SMPT/MAPK-PT-10240/RC-14.smt2,sat,0.0037593841552734375
/20220307-SMPT/MAPK-PT-10240/RC-10.smt2,sat,0.00407719612121582
/20220307-SMPT/MAPK-PT-10240/RF-04.smt2,sat,0.0048978328704833984
/20220307-SMPT/MAPK-PT-10240/RF-01.smt2,sat,0.004813432693481445
/20220307-SMPT/MAPK-PT-10240/RF-13.smt2,sat,0.004667997360229492
/20220307-SMPT/MAPK-PT-10240/RC-05.smt2,sat,0.00496673583984375
/20220307-SMPT/MAPK-PT-10240/RC-00.smt2,sat,0.0040781497955322266
/20220307-SMPT/MAPK-PT-10240/RF-05.smt2,unsat,0.0042002201080322266
/20220307-SMPT/MAPK-PT-10240/RF-07.smt2,sat,0.0067179203033447266
/20220307-SMPT/MAPK-PT-10240/RF-10.smt2,sat,0.005006074905395508
/20220307-SMPT/MAPK-PT-10240/RF-08.smt2,sat,0.0037224292755126953
/20220307-SMPT/MAPK-PT-10240/RC-08.smt2,sat,0.005454301834106445
/20220307-SMPT/MAPK-PT-10240/RF-15.smt2,sat,0.0049479007720947266
/20220307-SMPT/MAPK-PT-10240/RF-09.smt2,sat,0.004098176956176758
/20220307-SMPT/MAPK-PT-10240/RC-07.smt2,sat,0.004945993423461914
/20220307-SMPT/MAPK-PT-10240/RF-06.smt2,sat,0.004257917404174805
/20220307-SMPT/MAPK-PT-10240/RC-09.smt2,sat,0.003893613815307617
/20220307-SMPT/MAPK-PT-10240/RC-15.smt2,sat,0.0046274662017822266
/20220307-SMPT/MAPK-PT-10240/RC-12.smt2,sat,0.0039141178131103516
/20220307-SMPT/MAPK-PT-10240/RF-14.smt2,unsat,0.004574298858642578
/20220307-SMPT/ERK-PT-000001/RC-02.smt2,sat,0.004270792007446289
/20220307-SMPT/ERK-PT-000001/RC-03.smt2,sat,0.004042863845825195
/20220307-SMPT/ERK-PT-000001/RF-02.smt2,sat,0.0033965110778808594
/20220307-SMPT/ERK-PT-000001/RC-11.smt2,sat,0.004520416259765625
/20220307-SMPT/ERK-PT-000001/RF-03.smt2,sat,0.002855062484741211
/20220307-SMPT/ERK-PT-000001/RC-01.smt2,sat,0.004808902740478516
/20220307-SMPT/ERK-PT-000001/RF-00.smt2,sat,0.005559444427490234
/20220307-SMPT/ERK-PT-000001/RC-04.smt2,unsat,0.003703594207763672
/20220307-SMPT/ERK-PT-000001/RF-11.smt2,sat,0.00452423095703125
/20220307-SMPT/ERK-PT-000001/RC-13.smt2,sat,0.0036940574645996094
/20220307-SMPT/ERK-PT-000001/RC-06.smt2,sat,0.003930091857910156
/20220307-SMPT/ERK-PT-000001/RC-14.smt2,sat,0.003498077392578125
/20220307-SMPT/ERK-PT-000001/RC-10.smt2,sat,0.004215240478515625
/20220307-SMPT/ERK-PT-000001/RF-04.smt2,sat,0.003418445587158203
/20220307-SMPT/ERK-PT-000001/RF-01.smt2,unsat,0.003939628601074219
/20220307-SMPT/ERK-PT-000001/RF-13.smt2,sat,0.003258228302001953
/20220307-SMPT/ERK-PT-000001/RC-05.smt2,unsat,0.0031905174255371094
/20220307-SMPT/ERK-PT-000001/RC-00.smt2,unsat,0.0036687850952148438
/20220307-SMPT/ERK-PT-000001/RF-05.smt2,sat,0.004217863082885742
/20220307-SMPT/ERK-PT-000001/RF-07.smt2,sat,0.0036759376525878906
/20220307-SMPT/ERK-PT-000001/RF-10.smt2,sat,0.0045430660247802734
/20220307-SMPT/ERK-PT-000001/RF-08.smt2,sat,0.0026650428771972656
/20220307-SMPT/ERK-PT-000001/RC-08.smt2,sat,0.003387928009033203
/20220307-SMPT/ERK-PT-000001/RF-15.smt2,sat,0.004095792770385742
/20220307-SMPT/ERK-PT-000001/RC-07.smt2,unsat,0.003892183303833008
/20220307-SMPT/ERK-PT-000001/RC-09.smt2,unsat,0.004091501235961914
/20220307-SMPT/ERK-PT-000001/RC-15.smt2,sat,0.004289150238037109
/20220307-SMPT/ERK-PT-000001/RC-12.smt2,unsat,0.005036354064941406
/20220307-SMPT/ERK-PT-000001/RF-14.smt2,sat,0.004015922546386719
/20220307-SMPT/SharedMemory-PT-000100/RC-02.smt2,unsat,7.180728435516357
/20220307-SMPT/SharedMemory-PT-000100/RF-12.smt2,sat,381.217805147171
/20220307-SMPT/SharedMemory-PT-000100/RC-03.smt2,unsat,7.949897527694702
/20220307-SMPT/SharedMemory-PT-000100/RF-02.smt2,sat,11.32677412033081
/20220307-SMPT/SharedMemory-PT-000100/RC-11.smt2,sat,298.63063287734985
/20220307-SMPT/SharedMemory-PT-000100/RF-03.smt2,sat,10.69053053855896
/20220307-SMPT/SharedMemory-PT-000100/RC-01.smt2,sat,10.882789611816406
/20220307-SMPT/SharedMemory-PT-000100/RF-00.smt2,sat,11.66001296043396
/20220307-SMPT/SharedMemory-PT-000100/RC-04.smt2,sat,11.758491516113281
/20220307-SMPT/SharedMemory-PT-000100/RF-11.smt2,unsat,348.4969758987427
/20220307-SMPT/SharedMemory-PT-000100/RC-13.smt2,sat,356.6097812652588
/20220307-SMPT/SharedMemory-PT-000100/RC-06.smt2,unsat,7.609802722930908
/20220307-SMPT/SharedMemory-PT-000100/RC-14.smt2,sat,335.4083137512207
/20220307-SMPT/SharedMemory-PT-000100/RC-10.smt2,sat,424.3322868347168
/20220307-SMPT/SharedMemory-PT-000100/RF-04.smt2,sat,10.663232564926147
/20220307-SMPT/SharedMemory-PT-000100/RF-01.smt2,unsat,0.48275327682495117
/20220307-SMPT/SharedMemory-PT-000100/RF-13.smt2,unsat,38.716881275177
/20220307-SMPT/SharedMemory-PT-000100/RC-05.smt2,unsat,6.893409252166748
/20220307-SMPT/SharedMemory-PT-000100/RC-00.smt2,unsat,9.062418699264526
/20220307-SMPT/SharedMemory-PT-000100/RF-05.smt2,sat,10.728919267654419
/20220307-SMPT/SharedMemory-PT-000100/RF-10.smt2,sat,293.2848415374756
/20220307-SMPT/SharedMemory-PT-000100/RF-08.smt2,sat,585.8501241207123
/20220307-SMPT/SharedMemory-PT-000100/RC-08.smt2,sat,375.718647480011
/20220307-SMPT/SharedMemory-PT-000100/RF-15.smt2,unsat,354.2486228942871
/20220307-SMPT/SharedMemory-PT-000100/RF-09.smt2,unsat,166.3394739627838
/20220307-SMPT/SharedMemory-PT-000100/RC-07.smt2,unsat,7.3429954051971436
/20220307-SMPT/SharedMemory-PT-000100/RF-06.smt2,unsat,1005.7913064956665
/20220307-SMPT/SharedMemory-PT-000100/RC-09.smt2,sat,316.34274554252625
/20220307-SMPT/SharedMemory-PT-000100/RC-15.smt2,sat,304.4940414428711
/20220307-SMPT/SharedMemory-PT-000100/RC-12.smt2,sat,395.28980565071106
/20220307-SMPT/SharedMemory-PT-000100/RF-14.smt2,unsat,240.67477321624756
/20220307-SMPT/RobotManipulation-PT-02000/RC-02.smt2,sat,0.0040743350982666016
/20220307-SMPT/RobotManipulation-PT-02000/RC-03.smt2,sat,0.0036439895629882812
/20220307-SMPT/RobotManipulation-PT-02000/RF-02.smt2,sat,0.004232168197631836
/20220307-SMPT/RobotManipulation-PT-02000/RC-11.smt2,sat,0.005431175231933594
/20220307-SMPT/RobotManipulation-PT-02000/RF-03.smt2,sat,0.003275156021118164
/20220307-SMPT/RobotManipulation-PT-02000/RC-01.smt2,sat,0.004712820053100586
/20220307-SMPT/RobotManipulation-PT-02000/RF-00.smt2,sat,0.005571842193603516
/20220307-SMPT/RobotManipulation-PT-02000/RC-04.smt2,sat,0.003233194351196289
/20220307-SMPT/RobotManipulation-PT-02000/RF-11.smt2,unsat,0.004685163497924805
/20220307-SMPT/RobotManipulation-PT-02000/RC-13.smt2,sat,0.004158735275268555
/20220307-SMPT/RobotManipulation-PT-02000/RC-06.smt2,unsat,0.005425453186035156
/20220307-SMPT/RobotManipulation-PT-02000/RC-14.smt2,sat,0.0054318904876708984
/20220307-SMPT/RobotManipulation-PT-02000/RC-10.smt2,sat,0.0042209625244140625
/20220307-SMPT/RobotManipulation-PT-02000/RF-04.smt2,unsat,0.003355741500854492
/20220307-SMPT/RobotManipulation-PT-02000/RF-01.smt2,sat,0.0033626556396484375
/20220307-SMPT/RobotManipulation-PT-02000/RC-05.smt2,unsat,0.002740144729614258
/20220307-SMPT/RobotManipulation-PT-02000/RC-00.smt2,sat,0.004061222076416016
/20220307-SMPT/RobotManipulation-PT-02000/RF-05.smt2,sat,0.0038199424743652344
/20220307-SMPT/RobotManipulation-PT-02000/RF-07.smt2,sat,0.0037298202514648438
/20220307-SMPT/RobotManipulation-PT-02000/RF-10.smt2,sat,0.0038530826568603516
/20220307-SMPT/RobotManipulation-PT-02000/RF-15.smt2,unsat,0.004013776779174805
/20220307-SMPT/RobotManipulation-PT-02000/RF-09.smt2,sat,0.0040051937103271484
/20220307-SMPT/RobotManipulation-PT-02000/RC-07.smt2,sat,0.0038118362426757812
/20220307-SMPT/RobotManipulation-PT-02000/RF-06.smt2,unsat,0.003976583480834961
/20220307-SMPT/RobotManipulation-PT-02000/RC-09.smt2,sat,0.00502777099609375
/20220307-SMPT/RobotManipulation-PT-02000/RC-15.smt2,sat,0.003831148147583008
/20220307-SMPT/RobotManipulation-PT-02000/RC-12.smt2,sat,0.003605365753173828
/20220307-SMPT/RobotManipulation-PT-02000/RF-14.smt2,unsat,0.0042459964752197266
/20220307-SMPT/SwimmingPool-PT-02/RC-02.smt2,sat,0.0032172203063964844
/20220307-SMPT/SwimmingPool-PT-02/RC-03.smt2,sat,0.003818035125732422
/20220307-SMPT/SwimmingPool-PT-02/RF-02.smt2,sat,0.002856016159057617
/20220307-SMPT/SwimmingPool-PT-02/RC-11.smt2,sat,0.004800081253051758
/20220307-SMPT/SwimmingPool-PT-02/RF-03.smt2,unsat,0.0031478404998779297
/20220307-SMPT/SwimmingPool-PT-02/RC-01.smt2,unsat,0.005712032318115234
/20220307-SMPT/SwimmingPool-PT-02/RF-00.smt2,unsat,0.004277706146240234
/20220307-SMPT/SwimmingPool-PT-02/RC-04.smt2,sat,0.005207061767578125
/20220307-SMPT/SwimmingPool-PT-02/RF-11.smt2,unsat,0.0027196407318115234
/20220307-SMPT/SwimmingPool-PT-02/RC-13.smt2,sat,0.0038459300994873047
/20220307-SMPT/SwimmingPool-PT-02/RC-06.smt2,sat,0.0036096572875976562
/20220307-SMPT/SwimmingPool-PT-02/RC-14.smt2,sat,0.005441427230834961
/20220307-SMPT/SwimmingPool-PT-02/RC-10.smt2,sat,0.002984762191772461
/20220307-SMPT/SwimmingPool-PT-02/RF-04.smt2,unsat,0.004430532455444336
/20220307-SMPT/SwimmingPool-PT-02/RF-01.smt2,unsat,0.0029952526092529297
/20220307-SMPT/SwimmingPool-PT-02/RC-05.smt2,sat,0.0029807090759277344
/20220307-SMPT/SwimmingPool-PT-02/RC-00.smt2,sat,0.0033049583435058594
/20220307-SMPT/SwimmingPool-PT-02/RF-05.smt2,sat,0.002864837646484375
/20220307-SMPT/SwimmingPool-PT-02/RF-07.smt2,unsat,0.002981424331665039
/20220307-SMPT/SwimmingPool-PT-02/RF-10.smt2,sat,0.0033338069915771484
/20220307-SMPT/SwimmingPool-PT-02/RC-08.smt2,sat,0.003855466842651367
/20220307-SMPT/SwimmingPool-PT-02/RC-07.smt2,sat,0.00449681282043457
/20220307-SMPT/SwimmingPool-PT-02/RF-06.smt2,unsat,0.005511283874511719
/20220307-SMPT/SwimmingPool-PT-02/RC-09.smt2,sat,0.003704547882080078
/20220307-SMPT/SwimmingPool-PT-02/RC-15.smt2,unsat,0.0021703243255615234
/20220307-SMPT/SwimmingPool-PT-02/RC-12.smt2,unsat,0.001676797866821289
/20220307-SMPT/SwimmingPool-PT-02/RF-14.smt2,sat,0.003981590270996094
/20220307-SMPT/SharedMemory-PT-000010/RC-02.smt2,unsat,0.011964559555053711
/20220307-SMPT/SharedMemory-PT-000010/RF-12.smt2,unsat,0.021646499633789062
/20220307-SMPT/SharedMemory-PT-000010/RC-03.smt2,sat,0.01955723762512207
/20220307-SMPT/SharedMemory-PT-000010/RF-02.smt2,sat,0.01960921287536621
/20220307-SMPT/SharedMemory-PT-000010/RC-11.smt2,unsat,0.022174596786499023
/20220307-SMPT/SharedMemory-PT-000010/RF-03.smt2,sat,0.022249937057495117
/20220307-SMPT/SharedMemory-PT-000010/RC-01.smt2,unsat,0.006159305572509766
/20220307-SMPT/SharedMemory-PT-000010/RF-00.smt2,sat,0.0217134952545166
/20220307-SMPT/SharedMemory-PT-000010/RC-04.smt2,sat,0.018754959106445312
/20220307-SMPT/SharedMemory-PT-000010/RF-11.smt2,sat,0.023488521575927734
/20220307-SMPT/SharedMemory-PT-000010/RC-13.smt2,unsat,0.0226590633392334
/20220307-SMPT/SharedMemory-PT-000010/RC-06.smt2,sat,0.02269458770751953
/20220307-SMPT/SharedMemory-PT-000010/RC-14.smt2,unsat,0.02079916000366211
/20220307-SMPT/SharedMemory-PT-000010/RC-10.smt2,unsat,0.017688512802124023
/20220307-SMPT/SharedMemory-PT-000010/RF-04.smt2,unsat,0.020834684371948242
/20220307-SMPT/SharedMemory-PT-000010/RF-01.smt2,sat,0.021088600158691406
/20220307-SMPT/SharedMemory-PT-000010/RF-13.smt2,unsat,0.021233797073364258
/20220307-SMPT/SharedMemory-PT-000010/RC-05.smt2,unsat,0.018560409545898438
/20220307-SMPT/SharedMemory-PT-000010/RC-00.smt2,unsat,0.006440401077270508
/20220307-SMPT/SharedMemory-PT-000010/RF-07.smt2,sat,0.021715641021728516
/20220307-SMPT/SharedMemory-PT-000010/RF-10.smt2,unsat,0.019791364669799805
/20220307-SMPT/SharedMemory-PT-000010/RF-08.smt2,unsat,0.02073359489440918
/20220307-SMPT/SharedMemory-PT-000010/RC-08.smt2,unsat,0.01942753791809082
/20220307-SMPT/SharedMemory-PT-000010/RF-15.smt2,unsat,0.02374577522277832
/20220307-SMPT/SharedMemory-PT-000010/RF-09.smt2,unsat,0.02205657958984375
/20220307-SMPT/SharedMemory-PT-000010/RC-09.smt2,unsat,0.018622636795043945
/20220307-SMPT/SharedMemory-PT-000010/RC-15.smt2,unsat,0.021183490753173828
/20220307-SMPT/SharedMemory-PT-000010/RC-12.smt2,unsat,0.020496368408203125
/20220307-SMPT/SharedMemory-PT-000010/RF-14.smt2,unsat,0.02171468734741211
/20220307-SMPT/MAPK-PT-00040/RC-02.smt2,sat,0.004017829895019531
/20220307-SMPT/MAPK-PT-00040/RF-12.smt2,unsat,0.004396677017211914
/20220307-SMPT/MAPK-PT-00040/RC-03.smt2,sat,0.005339860916137695
/20220307-SMPT/MAPK-PT-00040/RF-02.smt2,sat,0.004395008087158203
/20220307-SMPT/MAPK-PT-00040/RC-11.smt2,sat,0.005042552947998047
/20220307-SMPT/MAPK-PT-00040/RF-03.smt2,sat,0.00587773323059082
/20220307-SMPT/MAPK-PT-00040/RC-01.smt2,sat,0.005533695220947266
/20220307-SMPT/MAPK-PT-00040/RF-00.smt2,sat,0.005204200744628906
/20220307-SMPT/MAPK-PT-00040/RC-04.smt2,sat,0.004953861236572266
/20220307-SMPT/MAPK-PT-00040/RF-11.smt2,sat,0.005575418472290039
/20220307-SMPT/MAPK-PT-00040/RC-13.smt2,sat,0.004941463470458984
/20220307-SMPT/MAPK-PT-00040/RC-06.smt2,sat,0.0049130916595458984
/20220307-SMPT/MAPK-PT-00040/RC-14.smt2,sat,0.0048596858978271484
/20220307-SMPT/MAPK-PT-00040/RC-10.smt2,sat,0.004326581954956055
/20220307-SMPT/MAPK-PT-00040/RF-04.smt2,unsat,0.0038170814514160156
/20220307-SMPT/MAPK-PT-00040/RF-01.smt2,sat,0.004583597183227539
/20220307-SMPT/MAPK-PT-00040/RF-13.smt2,sat,0.004730701446533203
/20220307-SMPT/MAPK-PT-00040/RC-05.smt2,sat,0.0036187171936035156
/20220307-SMPT/MAPK-PT-00040/RC-00.smt2,sat,0.004086971282958984
/20220307-SMPT/MAPK-PT-00040/RF-05.smt2,sat,0.0037233829498291016
/20220307-SMPT/MAPK-PT-00040/RF-07.smt2,sat,0.004830360412597656
/20220307-SMPT/MAPK-PT-00040/RF-10.smt2,sat,0.004853725433349609
/20220307-SMPT/MAPK-PT-00040/RF-08.smt2,unsat,0.0046613216400146484
/20220307-SMPT/MAPK-PT-00040/RC-08.smt2,sat,0.005629777908325195
/20220307-SMPT/MAPK-PT-00040/RF-15.smt2,unsat,0.004553556442260742
/20220307-SMPT/MAPK-PT-00040/RF-09.smt2,unsat,0.0029816627502441406
/20220307-SMPT/MAPK-PT-00040/RC-07.smt2,sat,0.005115509033203125
/20220307-SMPT/MAPK-PT-00040/RF-06.smt2,sat,0.0054395198822021484
/20220307-SMPT/MAPK-PT-00040/RC-09.smt2,sat,0.0043947696685791016
/20220307-SMPT/MAPK-PT-00040/RC-15.smt2,sat,0.004544734954833984
/20220307-SMPT/MAPK-PT-00040/RC-12.smt2,sat,0.004082918167114258
/20220307-SMPT/MAPK-PT-00040/RF-14.smt2,unsat,0.004155635833740234
/20220307-SMPT/Diffusion2D-PT-D10N150/RC-02.smt2,sat,0.008091926574707031
/20220307-SMPT/Diffusion2D-PT-D10N150/RF-12.smt2,sat,0.008974552154541016
/20220307-SMPT/Diffusion2D-PT-D10N150/RC-03.smt2,sat,0.007800102233886719
/20220307-SMPT/Diffusion2D-PT-D10N150/RF-02.smt2,sat,0.006476640701293945
/20220307-SMPT/Diffusion2D-PT-D10N150/RC-11.smt2,sat,0.008957862854003906
/20220307-SMPT/Diffusion2D-PT-D10N150/RF-03.smt2,sat,0.006971597671508789
/20220307-SMPT/Diffusion2D-PT-D10N150/RC-01.smt2,sat,0.007787466049194336
/20220307-SMPT/Diffusion2D-PT-D10N150/RF-00.smt2,sat,0.007983684539794922
/20220307-SMPT/Diffusion2D-PT-D10N150/RC-04.smt2,sat,0.007795572280883789
/20220307-SMPT/Diffusion2D-PT-D10N150/RF-11.smt2,sat,0.006507158279418945
/20220307-SMPT/Diffusion2D-PT-D10N150/RC-13.smt2,sat,0.007198333740234375
/20220307-SMPT/Diffusion2D-PT-D10N150/RC-06.smt2,sat,0.00643467903137207
/20220307-SMPT/Diffusion2D-PT-D10N150/RC-14.smt2,sat,0.009467363357543945
/20220307-SMPT/Diffusion2D-PT-D10N150/RC-10.smt2,sat,0.007439613342285156
/20220307-SMPT/Diffusion2D-PT-D10N150/RF-04.smt2,sat,0.008331775665283203
/20220307-SMPT/Diffusion2D-PT-D10N150/RF-01.smt2,sat,0.0073397159576416016
/20220307-SMPT/Diffusion2D-PT-D10N150/RF-13.smt2,sat,0.008080720901489258
/20220307-SMPT/Diffusion2D-PT-D10N150/RC-05.smt2,sat,0.007196903228759766
/20220307-SMPT/Diffusion2D-PT-D10N150/RC-00.smt2,sat,0.0077304840087890625
/20220307-SMPT/Diffusion2D-PT-D10N150/RF-05.smt2,sat,0.008037567138671875
/20220307-SMPT/Diffusion2D-PT-D10N150/RF-07.smt2,sat,0.0074689388275146484
/20220307-SMPT/Diffusion2D-PT-D10N150/RF-10.smt2,sat,0.006925344467163086
/20220307-SMPT/Diffusion2D-PT-D10N150/RF-08.smt2,sat,0.006582021713256836
/20220307-SMPT/Diffusion2D-PT-D10N150/RC-08.smt2,sat,0.007822990417480469
/20220307-SMPT/Diffusion2D-PT-D10N150/RF-15.smt2,sat,0.0069141387939453125
/20220307-SMPT/Diffusion2D-PT-D10N150/RF-09.smt2,sat,0.005816936492919922
/20220307-SMPT/Diffusion2D-PT-D10N150/RC-07.smt2,sat,0.008736133575439453
/20220307-SMPT/Diffusion2D-PT-D10N150/RF-06.smt2,sat,0.007307529449462891
/20220307-SMPT/Diffusion2D-PT-D10N150/RC-09.smt2,sat,0.007737159729003906
/20220307-SMPT/Diffusion2D-PT-D10N150/RC-15.smt2,sat,0.007610797882080078
/20220307-SMPT/Diffusion2D-PT-D10N150/RC-12.smt2,sat,0.00728917121887207
/20220307-SMPT/Diffusion2D-PT-D10N150/RF-14.smt2,sat,0.0078012943267822266
/20220307-SMPT/FMS-PT-00005/RC-02.smt2,sat,0.004136800765991211
/20220307-SMPT/FMS-PT-00005/RF-12.smt2,sat,0.004693508148193359
/20220307-SMPT/FMS-PT-00005/RC-03.smt2,unsat,0.005193948745727539
/20220307-SMPT/FMS-PT-00005/RF-02.smt2,sat,0.0033330917358398438
/20220307-SMPT/FMS-PT-00005/RC-11.smt2,sat,0.003705739974975586
/20220307-SMPT/FMS-PT-00005/RF-03.smt2,sat,0.004094839096069336
/20220307-SMPT/FMS-PT-00005/RC-01.smt2,unsat,0.006363630294799805
/20220307-SMPT/FMS-PT-00005/RF-00.smt2,unsat,0.006054401397705078
/20220307-SMPT/FMS-PT-00005/RC-04.smt2,sat,0.004665851593017578
/20220307-SMPT/FMS-PT-00005/RF-11.smt2,unsat,0.0035657882690429688
/20220307-SMPT/FMS-PT-00005/RC-13.smt2,sat,0.0036199092864990234
/20220307-SMPT/FMS-PT-00005/RC-06.smt2,sat,0.0038285255432128906
/20220307-SMPT/FMS-PT-00005/RC-14.smt2,sat,0.003891468048095703
/20220307-SMPT/FMS-PT-00005/RC-10.smt2,sat,0.003787517547607422
/20220307-SMPT/FMS-PT-00005/RF-04.smt2,sat,0.0049724578857421875
/20220307-SMPT/FMS-PT-00005/RF-01.smt2,unsat,0.003742218017578125
/20220307-SMPT/FMS-PT-00005/RF-13.smt2,unsat,0.005081892013549805
/20220307-SMPT/FMS-PT-00005/RC-05.smt2,sat,0.004034280776977539
/20220307-SMPT/FMS-PT-00005/RC-00.smt2,sat,0.0035600662231445312
/20220307-SMPT/FMS-PT-00005/RF-05.smt2,sat,0.00453639030456543
/20220307-SMPT/FMS-PT-00005/RF-07.smt2,unsat,0.0029108524322509766
/20220307-SMPT/FMS-PT-00005/RF-10.smt2,sat,0.003810405731201172
/20220307-SMPT/FMS-PT-00005/RF-08.smt2,sat,0.005448579788208008
/20220307-SMPT/FMS-PT-00005/RC-08.smt2,unsat,0.002032756805419922
/20220307-SMPT/FMS-PT-00005/RF-15.smt2,sat,0.003952980041503906
/20220307-SMPT/FMS-PT-00005/RF-09.smt2,sat,0.0038509368896484375
/20220307-SMPT/FMS-PT-00005/RC-07.smt2,sat,0.0040018558502197266
/20220307-SMPT/FMS-PT-00005/RF-06.smt2,sat,0.003746509552001953
/20220307-SMPT/FMS-PT-00005/RC-09.smt2,unsat,0.003988504409790039
/20220307-SMPT/FMS-PT-00005/RC-15.smt2,sat,0.004771709442138672
/20220307-SMPT/FMS-PT-00005/RC-12.smt2,sat,0.00431370735168457
/20220307-SMPT/FMS-PT-00005/RF-14.smt2,sat,0.0031151771545410156
/20220307-SMPT/Kanban-PT-00010/RC-02.smt2,unsat,0.004776477813720703
/20220307-SMPT/Kanban-PT-00010/RF-12.smt2,sat,0.0033805370330810547
/20220307-SMPT/Kanban-PT-00010/RC-03.smt2,sat,0.003143787384033203
/20220307-SMPT/Kanban-PT-00010/RF-02.smt2,unsat,0.0035479068756103516
/20220307-SMPT/Kanban-PT-00010/RC-11.smt2,sat,0.0029449462890625
/20220307-SMPT/Kanban-PT-00010/RF-03.smt2,sat,0.006295204162597656
/20220307-SMPT/Kanban-PT-00010/RC-01.smt2,sat,0.002920866012573242
/20220307-SMPT/Kanban-PT-00010/RF-00.smt2,sat,0.002828359603881836
/20220307-SMPT/Kanban-PT-00010/RC-04.smt2,sat,0.00408935546875
/20220307-SMPT/Kanban-PT-00010/RF-11.smt2,sat,0.004021406173706055
/20220307-SMPT/Kanban-PT-00010/RC-13.smt2,sat,0.002762317657470703
/20220307-SMPT/Kanban-PT-00010/RC-06.smt2,sat,0.004462718963623047
/20220307-SMPT/Kanban-PT-00010/RC-14.smt2,sat,0.0041925907135009766
/20220307-SMPT/Kanban-PT-00010/RC-10.smt2,sat,0.0032219886779785156
/20220307-SMPT/Kanban-PT-00010/RF-04.smt2,unsat,0.0030481815338134766
/20220307-SMPT/Kanban-PT-00010/RF-01.smt2,sat,0.00429081916809082
/20220307-SMPT/Kanban-PT-00010/RF-13.smt2,sat,0.0044481754302978516
/20220307-SMPT/Kanban-PT-00010/RC-05.smt2,sat,0.003822803497314453
/20220307-SMPT/Kanban-PT-00010/RC-00.smt2,sat,0.0040264129638671875
/20220307-SMPT/Kanban-PT-00010/RF-05.smt2,unsat,0.0039386749267578125
/20220307-SMPT/Kanban-PT-00010/RF-07.smt2,sat,0.003721475601196289
/20220307-SMPT/Kanban-PT-00010/RF-10.smt2,unsat,0.001974821090698242
/20220307-SMPT/Kanban-PT-00010/RF-08.smt2,sat,0.0044634342193603516
/20220307-SMPT/Kanban-PT-00010/RC-08.smt2,sat,0.00398707389831543
/20220307-SMPT/Kanban-PT-00010/RF-15.smt2,sat,0.004546403884887695
/20220307-SMPT/Kanban-PT-00010/RF-09.smt2,sat,0.004246234893798828
/20220307-SMPT/Kanban-PT-00010/RC-07.smt2,sat,0.002428770065307617
/20220307-SMPT/Kanban-PT-00010/RF-06.smt2,sat,0.0043714046478271484
/20220307-SMPT/Kanban-PT-00010/RC-09.smt2,sat,0.003726959228515625
/20220307-SMPT/Kanban-PT-00010/RC-15.smt2,sat,0.005835771560668945
/20220307-SMPT/Kanban-PT-00010/RC-12.smt2,sat,0.0037870407104492188
/20220307-SMPT/Kanban-PT-00010/RF-14.smt2,sat,0.004054069519042969
/20220307-SMPT/SwimmingPool-PT-01/RC-02.smt2,sat,0.0035533905029296875
/20220307-SMPT/SwimmingPool-PT-01/RF-12.smt2,unsat,0.0037927627563476562
/20220307-SMPT/SwimmingPool-PT-01/RC-03.smt2,unsat,0.0034132003784179688
/20220307-SMPT/SwimmingPool-PT-01/RF-02.smt2,sat,0.0036344528198242188
/20220307-SMPT/SwimmingPool-PT-01/RC-11.smt2,unsat,0.003755331039428711
/20220307-SMPT/SwimmingPool-PT-01/RF-03.smt2,sat,0.0021364688873291016
/20220307-SMPT/SwimmingPool-PT-01/RC-01.smt2,sat,0.004379749298095703
/20220307-SMPT/SwimmingPool-PT-01/RF-00.smt2,sat,0.004988193511962891
/20220307-SMPT/SwimmingPool-PT-01/RC-04.smt2,sat,0.003525972366333008
/20220307-SMPT/SwimmingPool-PT-01/RF-11.smt2,unsat,0.0037147998809814453
/20220307-SMPT/SwimmingPool-PT-01/RC-13.smt2,unsat,0.0046765804290771484
/20220307-SMPT/SwimmingPool-PT-01/RC-06.smt2,sat,0.00558018684387207
/20220307-SMPT/SwimmingPool-PT-01/RC-14.smt2,sat,0.0037772655487060547
/20220307-SMPT/SwimmingPool-PT-01/RC-10.smt2,sat,0.00463414192199707
/20220307-SMPT/SwimmingPool-PT-01/RF-04.smt2,sat,0.003315448760986328
/20220307-SMPT/SwimmingPool-PT-01/RF-01.smt2,sat,0.0036766529083251953
/20220307-SMPT/SwimmingPool-PT-01/RF-13.smt2,sat,0.003298521041870117
/20220307-SMPT/SwimmingPool-PT-01/RC-05.smt2,sat,0.002933979034423828
/20220307-SMPT/SwimmingPool-PT-01/RC-00.smt2,unsat,0.0028562545776367188
/20220307-SMPT/SwimmingPool-PT-01/RF-05.smt2,sat,0.004024028778076172
/20220307-SMPT/SwimmingPool-PT-01/RF-07.smt2,sat,0.0042765140533447266
/20220307-SMPT/SwimmingPool-PT-01/RF-10.smt2,sat,0.003206968307495117
/20220307-SMPT/SwimmingPool-PT-01/RF-08.smt2,sat,0.002317190170288086
/20220307-SMPT/SwimmingPool-PT-01/RC-08.smt2,unsat,0.0030722618103027344
/20220307-SMPT/SwimmingPool-PT-01/RF-15.smt2,unsat,0.0029468536376953125
/20220307-SMPT/SwimmingPool-PT-01/RF-09.smt2,sat,0.00413060188293457
/20220307-SMPT/SwimmingPool-PT-01/RC-07.smt2,sat,0.002595186233520508
/20220307-SMPT/SwimmingPool-PT-01/RF-06.smt2,unsat,0.0042171478271484375
/20220307-SMPT/SwimmingPool-PT-01/RC-09.smt2,sat,0.0031766891479492188
/20220307-SMPT/SwimmingPool-PT-01/RC-15.smt2,sat,0.004887104034423828
/20220307-SMPT/SwimmingPool-PT-01/RC-12.smt2,sat,0.003604888916015625
/20220307-SMPT/SwimmingPool-PT-01/RF-14.smt2,sat,0.005113363265991211
/20220307-SMPT/BART-PT-040/RC-02.smt2,unsat,0.23107385635375977
/20220307-SMPT/BART-PT-040/RF-12.smt2,sat,0.2601280212402344
/20220307-SMPT/BART-PT-040/RC-03.smt2,unsat,0.31467628479003906
/20220307-SMPT/BART-PT-040/RF-02.smt2,sat,0.2774391174316406
/20220307-SMPT/BART-PT-040/RC-11.smt2,unsat,0.2877967357635498
/20220307-SMPT/BART-PT-040/RF-03.smt2,sat,0.32122111320495605
/20220307-SMPT/BART-PT-040/RC-01.smt2,unsat,0.299360990524292
/20220307-SMPT/BART-PT-040/RF-00.smt2,sat,0.3122599124908447
/20220307-SMPT/BART-PT-040/RC-04.smt2,sat,0.31774163246154785
/20220307-SMPT/BART-PT-040/RF-11.smt2,sat,0.2824695110321045
/20220307-SMPT/BART-PT-040/RC-13.smt2,sat,0.3196423053741455
/20220307-SMPT/BART-PT-040/RC-06.smt2,sat,0.2945387363433838
/20220307-SMPT/BART-PT-040/RC-14.smt2,unsat,0.3010118007659912
/20220307-SMPT/BART-PT-040/RC-10.smt2,sat,0.301058292388916
/20220307-SMPT/BART-PT-040/RF-04.smt2,sat,0.308671236038208
/20220307-SMPT/BART-PT-040/RF-01.smt2,sat,0.38794851303100586
/20220307-SMPT/BART-PT-040/RF-13.smt2,sat,0.28189802169799805
/20220307-SMPT/BART-PT-040/RC-05.smt2,unsat,0.1595149040222168
/20220307-SMPT/BART-PT-040/RC-00.smt2,sat,0.27666568756103516
/20220307-SMPT/BART-PT-040/RF-05.smt2,sat,0.27857494354248047
/20220307-SMPT/BART-PT-040/RF-07.smt2,sat,0.26141881942749023
/20220307-SMPT/BART-PT-040/RF-10.smt2,sat,0.2857494354248047
/20220307-SMPT/BART-PT-040/RF-08.smt2,sat,0.2984447479248047
/20220307-SMPT/BART-PT-040/RC-08.smt2,unsat,0.26474595069885254
/20220307-SMPT/BART-PT-040/RF-15.smt2,sat,0.2813880443572998
/20220307-SMPT/BART-PT-040/RF-09.smt2,sat,0.31391191482543945
/20220307-SMPT/BART-PT-040/RC-07.smt2,sat,0.2892773151397705
/20220307-SMPT/BART-PT-040/RF-06.smt2,sat,0.3110818862915039
/20220307-SMPT/BART-PT-040/RC-09.smt2,unsat,0.24510550498962402
/20220307-SMPT/BART-PT-040/RC-15.smt2,sat,0.29808664321899414
/20220307-SMPT/BART-PT-040/RC-12.smt2,unsat,0.30430054664611816
/20220307-SMPT/BART-PT-040/RF-14.smt2,sat,0.31502318382263184
/20220307-SMPT/Eratosthenes-PT-100/RC-02.smt2,unsat,0.004229307174682617
/20220307-SMPT/Eratosthenes-PT-100/RF-12.smt2,sat,0.003977537155151367
/20220307-SMPT/Eratosthenes-PT-100/RC-03.smt2,unsat,0.0034689903259277344
/20220307-SMPT/Eratosthenes-PT-100/RF-02.smt2,sat,0.004571676254272461
/20220307-SMPT/Eratosthenes-PT-100/RC-11.smt2,unsat,0.004487276077270508
/20220307-SMPT/Eratosthenes-PT-100/RF-03.smt2,sat,0.006028413772583008
/20220307-SMPT/Eratosthenes-PT-100/RC-01.smt2,unsat,0.0037322044372558594
/20220307-SMPT/Eratosthenes-PT-100/RF-00.smt2,sat,0.004736185073852539
/20220307-SMPT/Eratosthenes-PT-100/RC-04.smt2,unsat,0.004804134368896484
/20220307-SMPT/Eratosthenes-PT-100/RF-11.smt2,sat,0.0049610137939453125
/20220307-SMPT/Eratosthenes-PT-100/RC-13.smt2,unsat,0.004703521728515625
/20220307-SMPT/Eratosthenes-PT-100/RC-06.smt2,sat,0.005964040756225586
/20220307-SMPT/Eratosthenes-PT-100/RC-14.smt2,unsat,0.0063664913177490234
/20220307-SMPT/Eratosthenes-PT-100/RC-10.smt2,unsat,0.004204273223876953
/20220307-SMPT/Eratosthenes-PT-100/RF-04.smt2,sat,0.004577159881591797
/20220307-SMPT/Eratosthenes-PT-100/RF-01.smt2,sat,0.0053403377532958984
/20220307-SMPT/Eratosthenes-PT-100/RF-13.smt2,sat,0.0048828125
/20220307-SMPT/Eratosthenes-PT-100/RC-05.smt2,unsat,0.0055904388427734375
/20220307-SMPT/Eratosthenes-PT-100/RC-00.smt2,unsat,0.00504755973815918
/20220307-SMPT/Eratosthenes-PT-100/RF-05.smt2,sat,0.0041391849517822266
/20220307-SMPT/Eratosthenes-PT-100/RF-07.smt2,sat,0.006039142608642578
/20220307-SMPT/Eratosthenes-PT-100/RF-10.smt2,sat,0.0051572322845458984
/20220307-SMPT/Eratosthenes-PT-100/RF-08.smt2,sat,0.004582881927490234
/20220307-SMPT/Eratosthenes-PT-100/RC-08.smt2,unsat,0.006239891052246094
/20220307-SMPT/Eratosthenes-PT-100/RF-15.smt2,sat,0.005959987640380859
/20220307-SMPT/Eratosthenes-PT-100/RF-09.smt2,sat,0.004592180252075195
/20220307-SMPT/Eratosthenes-PT-100/RC-07.smt2,unsat,0.0046539306640625
/20220307-SMPT/Eratosthenes-PT-100/RF-06.smt2,unsat,0.006056547164916992
/20220307-SMPT/Eratosthenes-PT-100/RC-09.smt2,unsat,0.0035185813903808594
/20220307-SMPT/Eratosthenes-PT-100/RC-15.smt2,unsat,0.0041697025299072266
/20220307-SMPT/Eratosthenes-PT-100/RC-12.smt2,unsat,0.004743099212646484
/20220307-SMPT/Eratosthenes-PT-100/RF-14.smt2,sat,0.006226539611816406
/20220307-SMPT/SmallOperatingSystem-PT-MT8192DC2048/RC-02.smt2,sat,0.0036983489990234375
/20220307-SMPT/SmallOperatingSystem-PT-MT8192DC2048/RF-12.smt2,sat,0.0040090084075927734
/20220307-SMPT/SmallOperatingSystem-PT-MT8192DC2048/RC-03.smt2,sat,0.0042362213134765625
/20220307-SMPT/SmallOperatingSystem-PT-MT8192DC2048/RF-02.smt2,sat,0.0051081180572509766
/20220307-SMPT/SmallOperatingSystem-PT-MT8192DC2048/RC-11.smt2,sat,0.003666400909423828
/20220307-SMPT/SmallOperatingSystem-PT-MT8192DC2048/RF-03.smt2,unsat,0.0037059783935546875
/20220307-SMPT/SmallOperatingSystem-PT-MT8192DC2048/RC-01.smt2,sat,0.004174470901489258
/20220307-SMPT/SmallOperatingSystem-PT-MT8192DC2048/RF-00.smt2,sat,0.0045623779296875
/20220307-SMPT/SmallOperatingSystem-PT-MT8192DC2048/RC-04.smt2,sat,0.0056056976318359375
/20220307-SMPT/SmallOperatingSystem-PT-MT8192DC2048/RC-13.smt2,sat,0.0043430328369140625
/20220307-SMPT/SmallOperatingSystem-PT-MT8192DC2048/RC-06.smt2,sat,0.002313375473022461
/20220307-SMPT/SmallOperatingSystem-PT-MT8192DC2048/RC-14.smt2,sat,0.0035109519958496094
/20220307-SMPT/SmallOperatingSystem-PT-MT8192DC2048/RC-10.smt2,sat,0.004030704498291016
/20220307-SMPT/SmallOperatingSystem-PT-MT8192DC2048/RF-04.smt2,sat,0.00414586067199707
/20220307-SMPT/SmallOperatingSystem-PT-MT8192DC2048/RF-01.smt2,unsat,0.0024385452270507812
/20220307-SMPT/SmallOperatingSystem-PT-MT8192DC2048/RF-13.smt2,sat,0.0026535987854003906
/20220307-SMPT/SmallOperatingSystem-PT-MT8192DC2048/RC-05.smt2,sat,0.0041882991790771484
/20220307-SMPT/SmallOperatingSystem-PT-MT8192DC2048/RC-00.smt2,sat,0.004759788513183594
/20220307-SMPT/SmallOperatingSystem-PT-MT8192DC2048/RF-05.smt2,unsat,0.003934621810913086
/20220307-SMPT/SmallOperatingSystem-PT-MT8192DC2048/RF-10.smt2,sat,0.0029413700103759766
/20220307-SMPT/SmallOperatingSystem-PT-MT8192DC2048/RF-08.smt2,sat,0.003364086151123047
/20220307-SMPT/SmallOperatingSystem-PT-MT8192DC2048/RC-08.smt2,unsat,0.002354860305786133
/20220307-SMPT/SmallOperatingSystem-PT-MT8192DC2048/RF-15.smt2,unsat,0.0043299198150634766
/20220307-SMPT/SmallOperatingSystem-PT-MT8192DC2048/RF-09.smt2,sat,0.004257678985595703
/20220307-SMPT/SmallOperatingSystem-PT-MT8192DC2048/RC-07.smt2,sat,0.00405120849609375
/20220307-SMPT/SmallOperatingSystem-PT-MT8192DC2048/RF-06.smt2,sat,0.004426479339599609
/20220307-SMPT/SmallOperatingSystem-PT-MT8192DC2048/RC-09.smt2,sat,0.005065202713012695
/20220307-SMPT/SmallOperatingSystem-PT-MT8192DC2048/RC-15.smt2,unsat,0.004724740982055664
/20220307-SMPT/SmallOperatingSystem-PT-MT8192DC2048/RC-12.smt2,unsat,0.0031468868255615234
/20220307-SMPT/SmallOperatingSystem-PT-MT8192DC2048/RF-14.smt2,sat,0.0025146007537841797
/20220307-SMPT/HouseConstruction-PT-16000/RC-02.smt2,sat,0.003123760223388672
/20220307-SMPT/HouseConstruction-PT-16000/RF-12.smt2,sat,0.003549337387084961
/20220307-SMPT/HouseConstruction-PT-16000/RC-03.smt2,sat,0.0048618316650390625
/20220307-SMPT/HouseConstruction-PT-16000/RF-02.smt2,unsat,0.002964496612548828
/20220307-SMPT/HouseConstruction-PT-16000/RC-11.smt2,sat,0.00456547737121582
/20220307-SMPT/HouseConstruction-PT-16000/RF-03.smt2,sat,0.004001617431640625
/20220307-SMPT/HouseConstruction-PT-16000/RC-01.smt2,sat,0.004548072814941406
/20220307-SMPT/HouseConstruction-PT-16000/RF-00.smt2,unsat,0.004081249237060547
/20220307-SMPT/HouseConstruction-PT-16000/RC-04.smt2,sat,0.0050945281982421875
/20220307-SMPT/HouseConstruction-PT-16000/RF-11.smt2,sat,0.003637552261352539
/20220307-SMPT/HouseConstruction-PT-16000/RC-13.smt2,unsat,0.0018782615661621094
/20220307-SMPT/HouseConstruction-PT-16000/RC-06.smt2,sat,0.0049228668212890625
/20220307-SMPT/HouseConstruction-PT-16000/RC-14.smt2,sat,0.0047070980072021484
/20220307-SMPT/HouseConstruction-PT-16000/RC-10.smt2,sat,0.004416465759277344
/20220307-SMPT/HouseConstruction-PT-16000/RF-04.smt2,sat,0.002744913101196289
/20220307-SMPT/HouseConstruction-PT-16000/RF-01.smt2,sat,0.00412750244140625
/20220307-SMPT/HouseConstruction-PT-16000/RF-13.smt2,unsat,0.0034341812133789062
/20220307-SMPT/HouseConstruction-PT-16000/RC-05.smt2,sat,0.005274057388305664
/20220307-SMPT/HouseConstruction-PT-16000/RC-00.smt2,sat,0.0050201416015625
/20220307-SMPT/HouseConstruction-PT-16000/RF-05.smt2,sat,0.0030100345611572266
/20220307-SMPT/HouseConstruction-PT-16000/RF-07.smt2,sat,0.004472494125366211
/20220307-SMPT/HouseConstruction-PT-16000/RF-10.smt2,sat,0.004569530487060547
/20220307-SMPT/HouseConstruction-PT-16000/RF-08.smt2,sat,0.004250288009643555
/20220307-SMPT/HouseConstruction-PT-16000/RC-08.smt2,sat,0.005609273910522461
/20220307-SMPT/HouseConstruction-PT-16000/RF-15.smt2,sat,0.003601551055908203
/20220307-SMPT/HouseConstruction-PT-16000/RF-09.smt2,unsat,0.004709959030151367
/20220307-SMPT/HouseConstruction-PT-16000/RC-07.smt2,sat,0.004286766052246094
/20220307-SMPT/HouseConstruction-PT-16000/RF-06.smt2,sat,0.006487369537353516
/20220307-SMPT/HouseConstruction-PT-16000/RC-09.smt2,sat,0.004465341567993164
/20220307-SMPT/HouseConstruction-PT-16000/RC-15.smt2,sat,0.005156993865966797
/20220307-SMPT/HouseConstruction-PT-16000/RC-12.smt2,sat,0.00453948974609375
/20220307-SMPT/HouseConstruction-PT-16000/RF-14.smt2,sat,0.0044901371002197266
/20220307-SMPT/CircularTrains-PT-012/RC-02.smt2,sat,0.004654407501220703
/20220307-SMPT/CircularTrains-PT-012/RF-12.smt2,sat,0.0030612945556640625
/20220307-SMPT/CircularTrains-PT-012/RC-03.smt2,sat,0.0058193206787109375
/20220307-SMPT/CircularTrains-PT-012/RF-02.smt2,sat,0.004367351531982422
/20220307-SMPT/CircularTrains-PT-012/RC-11.smt2,sat,0.003168821334838867
/20220307-SMPT/CircularTrains-PT-012/RF-03.smt2,sat,0.004579067230224609
/20220307-SMPT/CircularTrains-PT-012/RC-01.smt2,sat,0.004391908645629883
/20220307-SMPT/CircularTrains-PT-012/RF-00.smt2,sat,0.005023002624511719
/20220307-SMPT/CircularTrains-PT-012/RC-04.smt2,sat,0.004193544387817383
/20220307-SMPT/CircularTrains-PT-012/RF-11.smt2,sat,0.005380153656005859
/20220307-SMPT/CircularTrains-PT-012/RC-13.smt2,sat,0.004444599151611328
/20220307-SMPT/CircularTrains-PT-012/RC-06.smt2,unsat,0.004499912261962891
/20220307-SMPT/CircularTrains-PT-012/RC-14.smt2,unsat,0.004423856735229492
/20220307-SMPT/CircularTrains-PT-012/RC-10.smt2,unsat,0.003939151763916016
/20220307-SMPT/CircularTrains-PT-012/RF-04.smt2,sat,0.0043523311614990234
/20220307-SMPT/CircularTrains-PT-012/RF-01.smt2,unsat,0.004182577133178711
/20220307-SMPT/CircularTrains-PT-012/RF-13.smt2,sat,0.005454063415527344
/20220307-SMPT/CircularTrains-PT-012/RC-05.smt2,sat,0.0034644603729248047
/20220307-SMPT/CircularTrains-PT-012/RC-00.smt2,unsat,0.005491018295288086
/20220307-SMPT/CircularTrains-PT-012/RF-05.smt2,sat,0.005838871002197266
/20220307-SMPT/CircularTrains-PT-012/RF-07.smt2,sat,0.0041046142578125
/20220307-SMPT/CircularTrains-PT-012/RF-10.smt2,sat,0.005061626434326172
/20220307-SMPT/CircularTrains-PT-012/RF-08.smt2,sat,0.007071733474731445
/20220307-SMPT/CircularTrains-PT-012/RC-08.smt2,sat,0.006476879119873047
/20220307-SMPT/CircularTrains-PT-012/RF-15.smt2,sat,0.004293680191040039
/20220307-SMPT/CircularTrains-PT-012/RF-09.smt2,sat,0.0038330554962158203
/20220307-SMPT/CircularTrains-PT-012/RC-07.smt2,sat,0.0026159286499023438
/20220307-SMPT/CircularTrains-PT-012/RF-06.smt2,sat,0.004300832748413086
/20220307-SMPT/CircularTrains-PT-012/RC-09.smt2,sat,0.005870819091796875
/20220307-SMPT/CircularTrains-PT-012/RC-15.smt2,unsat,0.004070758819580078
/20220307-SMPT/CircularTrains-PT-012/RC-12.smt2,sat,0.004178762435913086
/20220307-SMPT/CircularTrains-PT-012/RF-14.smt2,sat,0.0036072731018066406
/20220307-SMPT/Eratosthenes-PT-200/RC-02.smt2,unsat,0.004099845886230469
/20220307-SMPT/Eratosthenes-PT-200/RF-12.smt2,sat,0.006247997283935547
/20220307-SMPT/Eratosthenes-PT-200/RC-03.smt2,unsat,0.006350517272949219
/20220307-SMPT/Eratosthenes-PT-200/RF-02.smt2,sat,0.0060846805572509766
/20220307-SMPT/Eratosthenes-PT-200/RC-11.smt2,unsat,0.004162311553955078
/20220307-SMPT/Eratosthenes-PT-200/RF-03.smt2,sat,0.005067586898803711
/20220307-SMPT/Eratosthenes-PT-200/RC-01.smt2,unsat,0.007999897003173828
/20220307-SMPT/Eratosthenes-PT-200/RF-00.smt2,sat,0.0054323673248291016
/20220307-SMPT/Eratosthenes-PT-200/RC-04.smt2,unsat,0.007215261459350586
/20220307-SMPT/Eratosthenes-PT-200/RF-11.smt2,sat,0.00611114501953125
/20220307-SMPT/Eratosthenes-PT-200/RC-13.smt2,unsat,0.006205081939697266
/20220307-SMPT/Eratosthenes-PT-200/RC-06.smt2,sat,0.00531458854675293
/20220307-SMPT/Eratosthenes-PT-200/RC-14.smt2,unsat,0.006455421447753906
/20220307-SMPT/Eratosthenes-PT-200/RC-10.smt2,unsat,0.004540443420410156
/20220307-SMPT/Eratosthenes-PT-200/RF-04.smt2,sat,0.006150007247924805
/20220307-SMPT/Eratosthenes-PT-200/RF-01.smt2,sat,0.006513833999633789
/20220307-SMPT/Eratosthenes-PT-200/RF-13.smt2,sat,0.006844997406005859
/20220307-SMPT/Eratosthenes-PT-200/RC-05.smt2,unsat,0.005796194076538086
/20220307-SMPT/Eratosthenes-PT-200/RC-00.smt2,unsat,0.005572795867919922
/20220307-SMPT/Eratosthenes-PT-200/RF-05.smt2,sat,0.005712985992431641
/20220307-SMPT/Eratosthenes-PT-200/RF-07.smt2,sat,0.007293224334716797
/20220307-SMPT/Eratosthenes-PT-200/RF-10.smt2,sat,0.007748126983642578
/20220307-SMPT/Eratosthenes-PT-200/RF-08.smt2,sat,0.008459091186523438
/20220307-SMPT/Eratosthenes-PT-200/RC-08.smt2,sat,0.006326436996459961
/20220307-SMPT/Eratosthenes-PT-200/RF-15.smt2,sat,0.005268573760986328
/20220307-SMPT/Eratosthenes-PT-200/RF-09.smt2,sat,0.008466243743896484
/20220307-SMPT/Eratosthenes-PT-200/RC-07.smt2,unsat,0.005284547805786133
/20220307-SMPT/Eratosthenes-PT-200/RF-06.smt2,sat,0.0062410831451416016
/20220307-SMPT/Eratosthenes-PT-200/RC-09.smt2,sat,0.005721330642700195
/20220307-SMPT/Eratosthenes-PT-200/RC-15.smt2,unsat,0.005434513092041016
/20220307-SMPT/Eratosthenes-PT-200/RC-12.smt2,unsat,0.005420684814453125
/20220307-SMPT/Eratosthenes-PT-200/RF-14.smt2,sat,0.006043910980224609
/20220307-SMPT/Diffusion2D-PT-D40N150/RC-02.smt2,sat,0.06784963607788086
/20220307-SMPT/Diffusion2D-PT-D40N150/RF-12.smt2,sat,0.07166218757629395
/20220307-SMPT/Diffusion2D-PT-D40N150/RC-03.smt2,sat,0.06644296646118164
/20220307-SMPT/Diffusion2D-PT-D40N150/RF-02.smt2,sat,0.06375575065612793
/20220307-SMPT/Diffusion2D-PT-D40N150/RC-11.smt2,sat,0.07293105125427246
/20220307-SMPT/Diffusion2D-PT-D40N150/RF-03.smt2,sat,0.07290792465209961
/20220307-SMPT/Diffusion2D-PT-D40N150/RC-01.smt2,sat,0.06651186943054199
/20220307-SMPT/Diffusion2D-PT-D40N150/RF-00.smt2,sat,0.07486748695373535
/20220307-SMPT/Diffusion2D-PT-D40N150/RC-04.smt2,sat,0.06862950325012207
/20220307-SMPT/Diffusion2D-PT-D40N150/RF-11.smt2,sat,0.0657200813293457
/20220307-SMPT/Diffusion2D-PT-D40N150/RC-13.smt2,sat,0.06837010383605957
/20220307-SMPT/Diffusion2D-PT-D40N150/RC-06.smt2,sat,0.06781864166259766
/20220307-SMPT/Diffusion2D-PT-D40N150/RC-14.smt2,sat,0.07808423042297363
/20220307-SMPT/Diffusion2D-PT-D40N150/RC-10.smt2,sat,0.071868896484375
/20220307-SMPT/Diffusion2D-PT-D40N150/RF-04.smt2,sat,0.06789875030517578
/20220307-SMPT/Diffusion2D-PT-D40N150/RF-01.smt2,sat,0.07185864448547363
/20220307-SMPT/Diffusion2D-PT-D40N150/RF-13.smt2,sat,0.07301115989685059
/20220307-SMPT/Diffusion2D-PT-D40N150/RC-05.smt2,sat,0.07030034065246582
/20220307-SMPT/Diffusion2D-PT-D40N150/RC-00.smt2,sat,0.07912468910217285
/20220307-SMPT/Diffusion2D-PT-D40N150/RF-05.smt2,sat,0.06536149978637695
/20220307-SMPT/Diffusion2D-PT-D40N150/RF-07.smt2,sat,0.07883477210998535
/20220307-SMPT/Diffusion2D-PT-D40N150/RF-10.smt2,sat,0.06842279434204102
/20220307-SMPT/Diffusion2D-PT-D40N150/RF-08.smt2,sat,0.07124948501586914
/20220307-SMPT/Diffusion2D-PT-D40N150/RC-08.smt2,sat,0.06640219688415527
/20220307-SMPT/Diffusion2D-PT-D40N150/RF-15.smt2,sat,0.06689453125
/20220307-SMPT/Diffusion2D-PT-D40N150/RF-09.smt2,sat,0.06879448890686035
/20220307-SMPT/Diffusion2D-PT-D40N150/RC-07.smt2,sat,0.06406998634338379
/20220307-SMPT/Diffusion2D-PT-D40N150/RF-06.smt2,sat,0.06771421432495117
/20220307-SMPT/Diffusion2D-PT-D40N150/RC-09.smt2,sat,0.07424497604370117
/20220307-SMPT/Diffusion2D-PT-D40N150/RC-15.smt2,sat,0.06850099563598633
/20220307-SMPT/Diffusion2D-PT-D40N150/RC-12.smt2,sat,0.07123160362243652
/20220307-SMPT/Diffusion2D-PT-D40N150/RF-14.smt2,sat,0.06927013397216797
/20220307-SMPT/RobotManipulation-PT-00001/RC-02.smt2,sat,0.0056340694427490234
/20220307-SMPT/RobotManipulation-PT-00001/RF-12.smt2,sat,0.003602266311645508
/20220307-SMPT/RobotManipulation-PT-00001/RC-03.smt2,sat,0.0037653446197509766
/20220307-SMPT/RobotManipulation-PT-00001/RF-02.smt2,sat,0.004372358322143555
/20220307-SMPT/RobotManipulation-PT-00001/RC-11.smt2,unsat,0.0040357112884521484
/20220307-SMPT/RobotManipulation-PT-00001/RF-03.smt2,sat,0.002690553665161133
/20220307-SMPT/RobotManipulation-PT-00001/RC-01.smt2,sat,0.0031430721282958984
/20220307-SMPT/RobotManipulation-PT-00001/RF-00.smt2,sat,0.0038454532623291016
/20220307-SMPT/RobotManipulation-PT-00001/RC-04.smt2,unsat,0.0038259029388427734
/20220307-SMPT/RobotManipulation-PT-00001/RF-11.smt2,sat,0.004472970962524414
/20220307-SMPT/RobotManipulation-PT-00001/RC-13.smt2,sat,0.007153034210205078
/20220307-SMPT/RobotManipulation-PT-00001/RC-06.smt2,sat,0.00410008430480957
/20220307-SMPT/RobotManipulation-PT-00001/RC-14.smt2,sat,0.0043849945068359375
/20220307-SMPT/RobotManipulation-PT-00001/RC-10.smt2,sat,0.0045337677001953125
/20220307-SMPT/RobotManipulation-PT-00001/RF-04.smt2,sat,0.004942893981933594
/20220307-SMPT/RobotManipulation-PT-00001/RF-01.smt2,sat,0.0026564598083496094
/20220307-SMPT/RobotManipulation-PT-00001/RF-13.smt2,sat,0.0039141178131103516
/20220307-SMPT/RobotManipulation-PT-00001/RC-05.smt2,sat,0.003656148910522461
/20220307-SMPT/RobotManipulation-PT-00001/RC-00.smt2,sat,0.003286600112915039
/20220307-SMPT/RobotManipulation-PT-00001/RF-05.smt2,sat,0.0036368370056152344
/20220307-SMPT/RobotManipulation-PT-00001/RF-07.smt2,sat,0.0030972957611083984
/20220307-SMPT/RobotManipulation-PT-00001/RF-10.smt2,sat,0.0042345523834228516
/20220307-SMPT/RobotManipulation-PT-00001/RF-08.smt2,sat,0.0035085678100585938
/20220307-SMPT/RobotManipulation-PT-00001/RC-08.smt2,sat,0.003606557846069336
/20220307-SMPT/RobotManipulation-PT-00001/RF-15.smt2,sat,0.005288600921630859
/20220307-SMPT/RobotManipulation-PT-00001/RF-09.smt2,sat,0.0038564205169677734
/20220307-SMPT/RobotManipulation-PT-00001/RC-07.smt2,sat,0.00465846061706543
/20220307-SMPT/RobotManipulation-PT-00001/RF-06.smt2,sat,0.004789113998413086
/20220307-SMPT/RobotManipulation-PT-00001/RC-09.smt2,sat,0.003821849822998047
/20220307-SMPT/RobotManipulation-PT-00001/RC-15.smt2,unsat,0.004792451858520508
/20220307-SMPT/RobotManipulation-PT-00001/RC-12.smt2,sat,0.003995656967163086
/20220307-SMPT/RobotManipulation-PT-00001/RF-14.smt2,sat,0.0036051273345947266
/20220307-SMPT/RwMutex-PT-r0010w0050/RC-02.smt2,sat,0.02618551254272461
/20220307-SMPT/RwMutex-PT-r0010w0050/RF-12.smt2,sat,0.02427506446838379
/20220307-SMPT/RwMutex-PT-r0010w0050/RC-03.smt2,sat,0.023621797561645508
/20220307-SMPT/RwMutex-PT-r0010w0050/RF-02.smt2,unsat,0.00848388671875
/20220307-SMPT/RwMutex-PT-r0010w0050/RC-11.smt2,sat,0.0241239070892334
/20220307-SMPT/RwMutex-PT-r0010w0050/RF-03.smt2,sat,0.027310609817504883
/20220307-SMPT/RwMutex-PT-r0010w0050/RC-01.smt2,sat,0.024141311645507812
/20220307-SMPT/RwMutex-PT-r0010w0050/RF-00.smt2,sat,0.025768756866455078
/20220307-SMPT/RwMutex-PT-r0010w0050/RC-04.smt2,unsat,0.02345108985900879
/20220307-SMPT/RwMutex-PT-r0010w0050/RF-11.smt2,sat,0.02730584144592285
/20220307-SMPT/RwMutex-PT-r0010w0050/RC-13.smt2,sat,0.026207447052001953
/20220307-SMPT/RwMutex-PT-r0010w0050/RC-06.smt2,sat,0.025192737579345703
/20220307-SMPT/RwMutex-PT-r0010w0050/RC-14.smt2,sat,0.026976346969604492
/20220307-SMPT/RwMutex-PT-r0010w0050/RC-10.smt2,unsat,0.024148941040039062
/20220307-SMPT/RwMutex-PT-r0010w0050/RF-04.smt2,sat,0.024145126342773438
/20220307-SMPT/RwMutex-PT-r0010w0050/RF-01.smt2,sat,0.026981115341186523
/20220307-SMPT/RwMutex-PT-r0010w0050/RF-13.smt2,sat,0.025170564651489258
/20220307-SMPT/RwMutex-PT-r0010w0050/RC-05.smt2,sat,0.02791571617126465
/20220307-SMPT/RwMutex-PT-r0010w0050/RC-00.smt2,sat,0.02447199821472168
/20220307-SMPT/RwMutex-PT-r0010w0050/RF-05.smt2,sat,0.024173259735107422
/20220307-SMPT/RwMutex-PT-r0010w0050/RF-07.smt2,sat,0.022847890853881836
/20220307-SMPT/RwMutex-PT-r0010w0050/RF-10.smt2,sat,0.026055097579956055
/20220307-SMPT/RwMutex-PT-r0010w0050/RF-08.smt2,sat,0.026116609573364258
/20220307-SMPT/RwMutex-PT-r0010w0050/RC-08.smt2,unsat,0.02334117889404297
/20220307-SMPT/RwMutex-PT-r0010w0050/RF-15.smt2,sat,0.02742314338684082
/20220307-SMPT/RwMutex-PT-r0010w0050/RC-07.smt2,sat,0.026037216186523438
/20220307-SMPT/RwMutex-PT-r0010w0050/RF-06.smt2,sat,0.024209022521972656
/20220307-SMPT/RwMutex-PT-r0010w0050/RC-09.smt2,sat,0.023207426071166992
/20220307-SMPT/RwMutex-PT-r0010w0050/RC-15.smt2,sat,0.024626493453979492
/20220307-SMPT/RwMutex-PT-r0010w0050/RC-12.smt2,sat,0.02636265754699707
/20220307-SMPT/RwMutex-PT-r0010w0050/RF-14.smt2,sat,0.024768352508544922
/20220307-SMPT/Diffusion2D-PT-D30N050/RC-02.smt2,sat,0.03819561004638672
/20220307-SMPT/Diffusion2D-PT-D30N050/RF-12.smt2,sat,0.038340091705322266
/20220307-SMPT/Diffusion2D-PT-D30N050/RC-03.smt2,sat,0.04044675827026367
/20220307-SMPT/Diffusion2D-PT-D30N050/RF-02.smt2,sat,0.04022860527038574
/20220307-SMPT/Diffusion2D-PT-D30N050/RC-11.smt2,sat,0.039090633392333984
/20220307-SMPT/Diffusion2D-PT-D30N050/RF-03.smt2,sat,0.03809309005737305
/20220307-SMPT/Diffusion2D-PT-D30N050/RC-01.smt2,sat,0.037046194076538086
/20220307-SMPT/Diffusion2D-PT-D30N050/RF-00.smt2,sat,0.04800248146057129
/20220307-SMPT/Diffusion2D-PT-D30N050/RC-04.smt2,sat,0.0382235050201416
/20220307-SMPT/Diffusion2D-PT-D30N050/RF-11.smt2,sat,0.03710293769836426
/20220307-SMPT/Diffusion2D-PT-D30N050/RC-13.smt2,sat,0.03683209419250488
/20220307-SMPT/Diffusion2D-PT-D30N050/RC-06.smt2,sat,0.037100791931152344
/20220307-SMPT/Diffusion2D-PT-D30N050/RC-14.smt2,sat,0.03802013397216797
/20220307-SMPT/Diffusion2D-PT-D30N050/RC-10.smt2,sat,0.03886246681213379
/20220307-SMPT/Diffusion2D-PT-D30N050/RF-04.smt2,sat,0.0373988151550293
/20220307-SMPT/Diffusion2D-PT-D30N050/RF-01.smt2,sat,0.038410186767578125
/20220307-SMPT/Diffusion2D-PT-D30N050/RF-13.smt2,sat,0.037778377532958984
/20220307-SMPT/Diffusion2D-PT-D30N050/RC-05.smt2,sat,0.03489232063293457
/20220307-SMPT/Diffusion2D-PT-D30N050/RC-00.smt2,sat,0.04222512245178223
/20220307-SMPT/Diffusion2D-PT-D30N050/RF-05.smt2,sat,0.03760957717895508
/20220307-SMPT/Diffusion2D-PT-D30N050/RF-07.smt2,sat,0.04017448425292969
/20220307-SMPT/Diffusion2D-PT-D30N050/RF-10.smt2,sat,0.03771162033081055
/20220307-SMPT/Diffusion2D-PT-D30N050/RF-08.smt2,sat,0.03857731819152832
/20220307-SMPT/Diffusion2D-PT-D30N050/RC-08.smt2,sat,0.038129329681396484
/20220307-SMPT/Diffusion2D-PT-D30N050/RF-15.smt2,sat,0.03973388671875
/20220307-SMPT/Diffusion2D-PT-D30N050/RF-09.smt2,sat,0.03835272789001465
/20220307-SMPT/Diffusion2D-PT-D30N050/RC-07.smt2,sat,0.03877520561218262
/20220307-SMPT/Diffusion2D-PT-D30N050/RF-06.smt2,sat,0.040677785873413086
/20220307-SMPT/Diffusion2D-PT-D30N050/RC-09.smt2,sat,0.03740954399108887
/20220307-SMPT/Diffusion2D-PT-D30N050/RC-15.smt2,sat,0.038695573806762695
/20220307-SMPT/Diffusion2D-PT-D30N050/RC-12.smt2,sat,0.037514686584472656
/20220307-SMPT/Diffusion2D-PT-D30N050/RF-14.smt2,sat,0.03734135627746582
/20220307-SMPT/SmallOperatingSystem-PT-MT2048DC0512/RC-02.smt2,unsat,0.004151105880737305
/20220307-SMPT/SmallOperatingSystem-PT-MT2048DC0512/RF-12.smt2,unsat,0.0020554065704345703
/20220307-SMPT/SmallOperatingSystem-PT-MT2048DC0512/RC-03.smt2,sat,0.003482818603515625
/20220307-SMPT/SmallOperatingSystem-PT-MT2048DC0512/RC-11.smt2,sat,0.004747629165649414
/20220307-SMPT/SmallOperatingSystem-PT-MT2048DC0512/RF-03.smt2,sat,0.0042951107025146484
/20220307-SMPT/SmallOperatingSystem-PT-MT2048DC0512/RC-01.smt2,sat,0.004603147506713867
/20220307-SMPT/SmallOperatingSystem-PT-MT2048DC0512/RF-00.smt2,unsat,0.0034210681915283203
/20220307-SMPT/SmallOperatingSystem-PT-MT2048DC0512/RC-04.smt2,unsat,0.0029304027557373047
/20220307-SMPT/SmallOperatingSystem-PT-MT2048DC0512/RF-11.smt2,unsat,0.0033676624298095703
/20220307-SMPT/SmallOperatingSystem-PT-MT2048DC0512/RC-13.smt2,sat,0.003311634063720703
/20220307-SMPT/SmallOperatingSystem-PT-MT2048DC0512/RC-06.smt2,unsat,0.0032465457916259766
/20220307-SMPT/SmallOperatingSystem-PT-MT2048DC0512/RC-14.smt2,sat,0.0061779022216796875
/20220307-SMPT/SmallOperatingSystem-PT-MT2048DC0512/RC-10.smt2,unsat,0.003091573715209961
/20220307-SMPT/SmallOperatingSystem-PT-MT2048DC0512/RF-04.smt2,sat,0.004280567169189453
/20220307-SMPT/SmallOperatingSystem-PT-MT2048DC0512/RF-01.smt2,sat,0.005030632019042969
/20220307-SMPT/SmallOperatingSystem-PT-MT2048DC0512/RF-13.smt2,sat,0.0032660961151123047
/20220307-SMPT/SmallOperatingSystem-PT-MT2048DC0512/RC-05.smt2,sat,0.0024399757385253906
/20220307-SMPT/SmallOperatingSystem-PT-MT2048DC0512/RC-00.smt2,unsat,0.002950429916381836
/20220307-SMPT/SmallOperatingSystem-PT-MT2048DC0512/RF-05.smt2,sat,0.003973960876464844
/20220307-SMPT/SmallOperatingSystem-PT-MT2048DC0512/RF-10.smt2,unsat,0.004433393478393555
/20220307-SMPT/SmallOperatingSystem-PT-MT2048DC0512/RF-08.smt2,sat,0.0040929317474365234
/20220307-SMPT/SmallOperatingSystem-PT-MT2048DC0512/RC-08.smt2,sat,0.0035605430603027344
/20220307-SMPT/SmallOperatingSystem-PT-MT2048DC0512/RF-15.smt2,sat,0.0026421546936035156
/20220307-SMPT/SmallOperatingSystem-PT-MT2048DC0512/RF-09.smt2,unsat,0.003239154815673828
/20220307-SMPT/SmallOperatingSystem-PT-MT2048DC0512/RC-07.smt2,sat,0.004071950912475586
/20220307-SMPT/SmallOperatingSystem-PT-MT2048DC0512/RF-06.smt2,unsat,0.003651142120361328
/20220307-SMPT/SmallOperatingSystem-PT-MT2048DC0512/RC-09.smt2,unsat,0.003953218460083008
/20220307-SMPT/SmallOperatingSystem-PT-MT2048DC0512/RC-15.smt2,unsat,0.003977775573730469
/20220307-SMPT/SmallOperatingSystem-PT-MT2048DC0512/RC-12.smt2,sat,0.003019571304321289
/20220307-SMPT/SmallOperatingSystem-PT-MT2048DC0512/RF-14.smt2,unsat,0.00421905517578125
/20220307-SMPT/FMS-PT-50000/RC-02.smt2,sat,0.004834175109863281
/20220307-SMPT/FMS-PT-50000/RF-12.smt2,sat,0.0046901702880859375
/20220307-SMPT/FMS-PT-50000/RC-03.smt2,sat,0.0038094520568847656
/20220307-SMPT/FMS-PT-50000/RF-02.smt2,sat,0.003492116928100586
/20220307-SMPT/FMS-PT-50000/RC-11.smt2,sat,0.004160404205322266
/20220307-SMPT/FMS-PT-50000/RF-03.smt2,sat,0.0036017894744873047
/20220307-SMPT/FMS-PT-50000/RC-01.smt2,sat,0.005217313766479492
/20220307-SMPT/FMS-PT-50000/RF-00.smt2,sat,0.0051767826080322266
/20220307-SMPT/FMS-PT-50000/RC-04.smt2,sat,0.0038213729858398438
/20220307-SMPT/FMS-PT-50000/RC-13.smt2,unsat,0.003812551498413086
/20220307-SMPT/FMS-PT-50000/RC-06.smt2,sat,0.008502721786499023
/20220307-SMPT/FMS-PT-50000/RC-14.smt2,sat,0.002917051315307617
/20220307-SMPT/FMS-PT-50000/RC-10.smt2,unsat,0.002293825149536133
/20220307-SMPT/FMS-PT-50000/RF-04.smt2,sat,0.0040171146392822266
/20220307-SMPT/FMS-PT-50000/RF-01.smt2,sat,0.002923727035522461
/20220307-SMPT/FMS-PT-50000/RF-13.smt2,sat,0.005162477493286133
/20220307-SMPT/FMS-PT-50000/RC-05.smt2,sat,0.0041921138763427734
/20220307-SMPT/FMS-PT-50000/RC-00.smt2,sat,0.0034072399139404297
/20220307-SMPT/FMS-PT-50000/RF-05.smt2,sat,0.006664752960205078
/20220307-SMPT/FMS-PT-50000/RF-07.smt2,sat,0.004918098449707031
/20220307-SMPT/FMS-PT-50000/RF-10.smt2,sat,0.0035560131072998047
/20220307-SMPT/FMS-PT-50000/RF-08.smt2,sat,0.00394129753112793
/20220307-SMPT/FMS-PT-50000/RC-08.smt2,sat,0.0027959346771240234
/20220307-SMPT/FMS-PT-50000/RF-15.smt2,sat,0.003337383270263672
/20220307-SMPT/FMS-PT-50000/RF-09.smt2,sat,0.011515378952026367
/20220307-SMPT/FMS-PT-50000/RC-07.smt2,sat,0.005141258239746094
/20220307-SMPT/FMS-PT-50000/RF-06.smt2,sat,0.0026013851165771484
/20220307-SMPT/FMS-PT-50000/RC-09.smt2,sat,0.0031147003173828125
/20220307-SMPT/FMS-PT-50000/RC-15.smt2,sat,0.004338502883911133
/20220307-SMPT/FMS-PT-50000/RC-12.smt2,sat,0.004019021987915039
/20220307-SMPT/FMS-PT-50000/RF-14.smt2,sat,0.00318145751953125
/20220307-SMPT/Diffusion2D-PT-D05N050/RC-02.smt2,sat,0.005552768707275391
/20220307-SMPT/Diffusion2D-PT-D05N050/RF-12.smt2,sat,0.005104780197143555
/20220307-SMPT/Diffusion2D-PT-D05N050/RC-03.smt2,sat,0.005953073501586914
/20220307-SMPT/Diffusion2D-PT-D05N050/RF-02.smt2,sat,0.0034377574920654297
/20220307-SMPT/Diffusion2D-PT-D05N050/RC-11.smt2,sat,0.0059697628021240234
/20220307-SMPT/Diffusion2D-PT-D05N050/RF-03.smt2,unsat,0.0029478073120117188
/20220307-SMPT/Diffusion2D-PT-D05N050/RC-01.smt2,sat,0.0035135746002197266
/20220307-SMPT/Diffusion2D-PT-D05N050/RF-00.smt2,unsat,0.003950834274291992
/20220307-SMPT/Diffusion2D-PT-D05N050/RC-04.smt2,sat,0.004430055618286133
/20220307-SMPT/Diffusion2D-PT-D05N050/RF-11.smt2,sat,0.00413060188293457
/20220307-SMPT/Diffusion2D-PT-D05N050/RC-13.smt2,unsat,0.0047872066497802734
/20220307-SMPT/Diffusion2D-PT-D05N050/RC-06.smt2,sat,0.004721403121948242
/20220307-SMPT/Diffusion2D-PT-D05N050/RC-14.smt2,sat,0.004715442657470703
/20220307-SMPT/Diffusion2D-PT-D05N050/RC-10.smt2,sat,0.0039348602294921875
/20220307-SMPT/Diffusion2D-PT-D05N050/RF-04.smt2,sat,0.004384279251098633
/20220307-SMPT/Diffusion2D-PT-D05N050/RF-01.smt2,unsat,0.004427671432495117
/20220307-SMPT/Diffusion2D-PT-D05N050/RF-13.smt2,unsat,0.004681110382080078
/20220307-SMPT/Diffusion2D-PT-D05N050/RC-05.smt2,sat,0.005546092987060547
/20220307-SMPT/Diffusion2D-PT-D05N050/RC-00.smt2,sat,0.004679679870605469
/20220307-SMPT/Diffusion2D-PT-D05N050/RF-07.smt2,unsat,0.004617214202880859
/20220307-SMPT/Diffusion2D-PT-D05N050/RF-10.smt2,sat,0.004769802093505859
/20220307-SMPT/Diffusion2D-PT-D05N050/RF-08.smt2,sat,0.005021572113037109
/20220307-SMPT/Diffusion2D-PT-D05N050/RC-08.smt2,sat,0.005689382553100586
/20220307-SMPT/Diffusion2D-PT-D05N050/RF-15.smt2,sat,0.005883455276489258
/20220307-SMPT/Diffusion2D-PT-D05N050/RF-09.smt2,sat,0.005801200866699219
/20220307-SMPT/Diffusion2D-PT-D05N050/RC-07.smt2,sat,0.0059359073638916016
/20220307-SMPT/Diffusion2D-PT-D05N050/RF-06.smt2,sat,0.004293203353881836
/20220307-SMPT/Diffusion2D-PT-D05N050/RC-09.smt2,sat,0.0043637752532958984
/20220307-SMPT/Diffusion2D-PT-D05N050/RC-15.smt2,sat,0.0040628910064697266
/20220307-SMPT/Diffusion2D-PT-D05N050/RC-12.smt2,unsat,0.0035524368286132812
/20220307-SMPT/Diffusion2D-PT-D05N050/RF-14.smt2,sat,0.003938436508178711
/20220307-SMPT/Diffusion2D-PT-D10N010/RC-02.smt2,sat,0.0075838565826416016
/20220307-SMPT/Diffusion2D-PT-D10N010/RF-12.smt2,sat,0.005854129791259766
/20220307-SMPT/Diffusion2D-PT-D10N010/RC-03.smt2,sat,0.006989002227783203
/20220307-SMPT/Diffusion2D-PT-D10N010/RF-02.smt2,sat,0.006802797317504883
/20220307-SMPT/Diffusion2D-PT-D10N010/RC-11.smt2,sat,0.007158517837524414
/20220307-SMPT/Diffusion2D-PT-D10N010/RF-03.smt2,sat,0.008732795715332031
/20220307-SMPT/Diffusion2D-PT-D10N010/RC-01.smt2,sat,0.009721994400024414
/20220307-SMPT/Diffusion2D-PT-D10N010/RF-00.smt2,sat,0.0070819854736328125
/20220307-SMPT/Diffusion2D-PT-D10N010/RC-04.smt2,sat,0.007191181182861328
/20220307-SMPT/Diffusion2D-PT-D10N010/RF-11.smt2,sat,0.007252693176269531
/20220307-SMPT/Diffusion2D-PT-D10N010/RC-13.smt2,sat,0.008569002151489258
/20220307-SMPT/Diffusion2D-PT-D10N010/RC-06.smt2,sat,0.007200479507446289
/20220307-SMPT/Diffusion2D-PT-D10N010/RC-14.smt2,sat,0.00680088996887207
/20220307-SMPT/Diffusion2D-PT-D10N010/RC-10.smt2,sat,0.0065975189208984375
/20220307-SMPT/Diffusion2D-PT-D10N010/RF-04.smt2,sat,0.007107734680175781
/20220307-SMPT/Diffusion2D-PT-D10N010/RF-01.smt2,sat,0.006878852844238281
/20220307-SMPT/Diffusion2D-PT-D10N010/RF-13.smt2,sat,0.006888866424560547
/20220307-SMPT/Diffusion2D-PT-D10N010/RC-05.smt2,sat,0.008316516876220703
/20220307-SMPT/Diffusion2D-PT-D10N010/RC-00.smt2,sat,0.007676839828491211
/20220307-SMPT/Diffusion2D-PT-D10N010/RF-05.smt2,sat,0.009303569793701172
/20220307-SMPT/Diffusion2D-PT-D10N010/RF-07.smt2,sat,0.007272243499755859
/20220307-SMPT/Diffusion2D-PT-D10N010/RF-10.smt2,sat,0.00720667839050293
/20220307-SMPT/Diffusion2D-PT-D10N010/RF-08.smt2,sat,0.008906841278076172
/20220307-SMPT/Diffusion2D-PT-D10N010/RC-08.smt2,sat,0.006179332733154297
/20220307-SMPT/Diffusion2D-PT-D10N010/RF-15.smt2,sat,0.006331682205200195
/20220307-SMPT/Diffusion2D-PT-D10N010/RF-09.smt2,sat,0.008405208587646484
/20220307-SMPT/Diffusion2D-PT-D10N010/RC-07.smt2,sat,0.007833719253540039
/20220307-SMPT/Diffusion2D-PT-D10N010/RF-06.smt2,sat,0.007462501525878906
/20220307-SMPT/Diffusion2D-PT-D10N010/RC-09.smt2,sat,0.006483316421508789
/20220307-SMPT/Diffusion2D-PT-D10N010/RC-15.smt2,sat,0.005685329437255859
/20220307-SMPT/Diffusion2D-PT-D10N010/RC-12.smt2,sat,0.006772041320800781
/20220307-SMPT/Diffusion2D-PT-D10N010/RF-14.smt2,sat,0.007639408111572266
/20220307-SMPT/MAPK-PT-01280/RC-02.smt2,sat,0.0039517879486083984
/20220307-SMPT/MAPK-PT-01280/RF-12.smt2,unsat,0.004256725311279297
/20220307-SMPT/MAPK-PT-01280/RC-03.smt2,sat,0.00634455680847168
/20220307-SMPT/MAPK-PT-01280/RF-02.smt2,sat,0.004494190216064453
/20220307-SMPT/MAPK-PT-01280/RC-11.smt2,sat,0.0036225318908691406
/20220307-SMPT/MAPK-PT-01280/RF-03.smt2,sat,0.0038466453552246094
/20220307-SMPT/MAPK-PT-01280/RC-01.smt2,sat,0.004057884216308594
/20220307-SMPT/MAPK-PT-01280/RF-00.smt2,sat,0.006099700927734375
/20220307-SMPT/MAPK-PT-01280/RC-04.smt2,unsat,0.005748271942138672
/20220307-SMPT/MAPK-PT-01280/RF-11.smt2,sat,0.00394892692565918
/20220307-SMPT/MAPK-PT-01280/RC-13.smt2,sat,0.003518342971801758
/20220307-SMPT/MAPK-PT-01280/RC-06.smt2,unsat,0.0034542083740234375
/20220307-SMPT/MAPK-PT-01280/RC-14.smt2,sat,0.004876136779785156
/20220307-SMPT/MAPK-PT-01280/RC-10.smt2,sat,0.0055539608001708984
/20220307-SMPT/MAPK-PT-01280/RF-04.smt2,sat,0.0047607421875
/20220307-SMPT/MAPK-PT-01280/RF-01.smt2,unsat,0.00425410270690918
/20220307-SMPT/MAPK-PT-01280/RF-13.smt2,sat,0.004968404769897461
/20220307-SMPT/MAPK-PT-01280/RC-05.smt2,sat,0.0043981075286865234
/20220307-SMPT/MAPK-PT-01280/RC-00.smt2,sat,0.0042552947998046875
/20220307-SMPT/MAPK-PT-01280/RF-05.smt2,unsat,0.0037500858306884766
/20220307-SMPT/MAPK-PT-01280/RF-10.smt2,sat,0.00480198860168457
/20220307-SMPT/MAPK-PT-01280/RF-08.smt2,unsat,0.0038385391235351562
/20220307-SMPT/MAPK-PT-01280/RC-08.smt2,sat,0.004445552825927734
/20220307-SMPT/MAPK-PT-01280/RF-09.smt2,sat,0.00442194938659668
/20220307-SMPT/MAPK-PT-01280/RC-07.smt2,sat,0.005513668060302734
/20220307-SMPT/MAPK-PT-01280/RF-06.smt2,unsat,0.005433320999145508
/20220307-SMPT/MAPK-PT-01280/RC-09.smt2,sat,0.004454374313354492
/20220307-SMPT/MAPK-PT-01280/RC-15.smt2,sat,0.0045223236083984375
/20220307-SMPT/MAPK-PT-01280/RC-12.smt2,sat,0.005923748016357422
/20220307-SMPT/MAPK-PT-01280/RF-14.smt2,sat,0.0047757625579833984
/20220307-SMPT/Diffusion2D-PT-D30N100/RC-02.smt2,sat,0.0387263298034668
/20220307-SMPT/Diffusion2D-PT-D30N100/RF-12.smt2,sat,0.04115772247314453
/20220307-SMPT/Diffusion2D-PT-D30N100/RC-03.smt2,sat,0.03745555877685547
/20220307-SMPT/Diffusion2D-PT-D30N100/RF-02.smt2,sat,0.040056705474853516
/20220307-SMPT/Diffusion2D-PT-D30N100/RC-11.smt2,sat,0.03760790824890137
/20220307-SMPT/Diffusion2D-PT-D30N100/RF-03.smt2,sat,0.03798413276672363
/20220307-SMPT/Diffusion2D-PT-D30N100/RC-01.smt2,sat,0.03749823570251465
/20220307-SMPT/Diffusion2D-PT-D30N100/RF-00.smt2,sat,0.03806900978088379
/20220307-SMPT/Diffusion2D-PT-D30N100/RC-04.smt2,sat,0.04318428039550781
/20220307-SMPT/Diffusion2D-PT-D30N100/RF-11.smt2,sat,0.03777813911437988
/20220307-SMPT/Diffusion2D-PT-D30N100/RC-13.smt2,sat,0.039399147033691406
/20220307-SMPT/Diffusion2D-PT-D30N100/RC-06.smt2,sat,0.03991436958312988
/20220307-SMPT/Diffusion2D-PT-D30N100/RC-14.smt2,sat,0.03927898406982422
/20220307-SMPT/Diffusion2D-PT-D30N100/RC-10.smt2,sat,0.0383298397064209
/20220307-SMPT/Diffusion2D-PT-D30N100/RF-04.smt2,sat,0.03856539726257324
/20220307-SMPT/Diffusion2D-PT-D30N100/RF-01.smt2,sat,0.03930497169494629
/20220307-SMPT/Diffusion2D-PT-D30N100/RF-13.smt2,sat,0.03768205642700195
/20220307-SMPT/Diffusion2D-PT-D30N100/RC-05.smt2,sat,0.03649616241455078
/20220307-SMPT/Diffusion2D-PT-D30N100/RC-00.smt2,sat,0.04079937934875488
/20220307-SMPT/Diffusion2D-PT-D30N100/RF-05.smt2,sat,0.043027400970458984
/20220307-SMPT/Diffusion2D-PT-D30N100/RF-07.smt2,sat,0.03832602500915527
/20220307-SMPT/Diffusion2D-PT-D30N100/RF-10.smt2,sat,0.03918051719665527
/20220307-SMPT/Diffusion2D-PT-D30N100/RF-08.smt2,sat,0.03680253028869629
/20220307-SMPT/Diffusion2D-PT-D30N100/RC-08.smt2,sat,0.037030696868896484
/20220307-SMPT/Diffusion2D-PT-D30N100/RF-15.smt2,sat,0.04103493690490723
/20220307-SMPT/Diffusion2D-PT-D30N100/RF-09.smt2,sat,0.03744053840637207
/20220307-SMPT/Diffusion2D-PT-D30N100/RC-07.smt2,sat,0.03949785232543945
/20220307-SMPT/Diffusion2D-PT-D30N100/RF-06.smt2,sat,0.03759026527404785
/20220307-SMPT/Diffusion2D-PT-D30N100/RC-09.smt2,sat,0.038832902908325195
/20220307-SMPT/Diffusion2D-PT-D30N100/RC-15.smt2,sat,0.04207348823547363
/20220307-SMPT/Diffusion2D-PT-D30N100/RC-12.smt2,sat,0.03851032257080078
/20220307-SMPT/Diffusion2D-PT-D30N100/RF-14.smt2,sat,0.03792214393615723
/20220307-SMPT/Diffusion2D-PT-D05N250/RC-02.smt2,sat,0.005895376205444336
/20220307-SMPT/Diffusion2D-PT-D05N250/RF-12.smt2,sat,0.004515647888183594
/20220307-SMPT/Diffusion2D-PT-D05N250/RC-03.smt2,sat,0.0039825439453125
/20220307-SMPT/Diffusion2D-PT-D05N250/RF-02.smt2,sat,0.004548549652099609
/20220307-SMPT/Diffusion2D-PT-D05N250/RC-11.smt2,sat,0.004071950912475586
/20220307-SMPT/Diffusion2D-PT-D05N250/RF-03.smt2,sat,0.0034263134002685547
/20220307-SMPT/Diffusion2D-PT-D05N250/RC-01.smt2,sat,0.0038442611694335938
/20220307-SMPT/Diffusion2D-PT-D05N250/RF-00.smt2,sat,0.004648447036743164
/20220307-SMPT/Diffusion2D-PT-D05N250/RC-04.smt2,sat,0.004548549652099609
/20220307-SMPT/Diffusion2D-PT-D05N250/RF-11.smt2,unsat,0.003669261932373047
/20220307-SMPT/Diffusion2D-PT-D05N250/RC-13.smt2,sat,0.004673480987548828
/20220307-SMPT/Diffusion2D-PT-D05N250/RC-06.smt2,sat,0.004918813705444336
/20220307-SMPT/Diffusion2D-PT-D05N250/RC-14.smt2,sat,0.003977060317993164
/20220307-SMPT/Diffusion2D-PT-D05N250/RC-10.smt2,sat,0.004616260528564453
/20220307-SMPT/Diffusion2D-PT-D05N250/RF-04.smt2,sat,0.004235029220581055
/20220307-SMPT/Diffusion2D-PT-D05N250/RF-01.smt2,sat,0.0037069320678710938
/20220307-SMPT/Diffusion2D-PT-D05N250/RF-13.smt2,unsat,0.0036001205444335938
/20220307-SMPT/Diffusion2D-PT-D05N250/RC-05.smt2,sat,0.005704164505004883
/20220307-SMPT/Diffusion2D-PT-D05N250/RC-00.smt2,sat,0.00521397590637207
/20220307-SMPT/Diffusion2D-PT-D05N250/RF-08.smt2,sat,0.0038187503814697266
/20220307-SMPT/Diffusion2D-PT-D05N250/RC-08.smt2,sat,0.0054340362548828125
/20220307-SMPT/Diffusion2D-PT-D05N250/RF-15.smt2,sat,0.004239559173583984
/20220307-SMPT/Diffusion2D-PT-D05N250/RF-09.smt2,sat,0.006404399871826172
/20220307-SMPT/Diffusion2D-PT-D05N250/RC-07.smt2,unsat,0.003704547882080078
/20220307-SMPT/Diffusion2D-PT-D05N250/RF-06.smt2,sat,0.0032150745391845703
/20220307-SMPT/Diffusion2D-PT-D05N250/RC-09.smt2,sat,0.005896329879760742
/20220307-SMPT/Diffusion2D-PT-D05N250/RC-15.smt2,sat,0.004465818405151367
/20220307-SMPT/Diffusion2D-PT-D05N250/RC-12.smt2,sat,0.006901264190673828
/20220307-SMPT/Diffusion2D-PT-D05N250/RF-14.smt2,sat,0.004486083984375
/20220307-SMPT/Kanban-PT-02000/RC-02.smt2,sat,0.00424957275390625
/20220307-SMPT/Kanban-PT-02000/RC-03.smt2,unsat,0.0029745101928710938
/20220307-SMPT/Kanban-PT-02000/RF-02.smt2,unsat,0.0043468475341796875
/20220307-SMPT/Kanban-PT-02000/RC-11.smt2,sat,0.004009723663330078
/20220307-SMPT/Kanban-PT-02000/RF-03.smt2,sat,0.003537893295288086
/20220307-SMPT/Kanban-PT-02000/RC-01.smt2,sat,0.00392603874206543
/20220307-SMPT/Kanban-PT-02000/RF-00.smt2,sat,0.0039904117584228516
/20220307-SMPT/Kanban-PT-02000/RC-04.smt2,sat,0.0029816627502441406
/20220307-SMPT/Kanban-PT-02000/RF-11.smt2,unsat,0.003637552261352539
/20220307-SMPT/Kanban-PT-02000/RC-13.smt2,sat,0.003357410430908203
/20220307-SMPT/Kanban-PT-02000/RC-06.smt2,sat,0.00363922119140625
/20220307-SMPT/Kanban-PT-02000/RC-14.smt2,unsat,0.005110502243041992
/20220307-SMPT/Kanban-PT-02000/RC-10.smt2,sat,0.0032927989959716797
/20220307-SMPT/Kanban-PT-02000/RF-04.smt2,sat,0.004084348678588867
/20220307-SMPT/Kanban-PT-02000/RF-01.smt2,sat,0.004359722137451172
/20220307-SMPT/Kanban-PT-02000/RC-05.smt2,sat,0.0040132999420166016
/20220307-SMPT/Kanban-PT-02000/RC-00.smt2,sat,0.0040302276611328125
/20220307-SMPT/Kanban-PT-02000/RF-05.smt2,unsat,0.003900766372680664
/20220307-SMPT/Kanban-PT-02000/RF-10.smt2,sat,0.0033845901489257812
/20220307-SMPT/Kanban-PT-02000/RF-08.smt2,sat,0.004863739013671875
/20220307-SMPT/Kanban-PT-02000/RC-08.smt2,sat,0.004352092742919922
/20220307-SMPT/Kanban-PT-02000/RF-15.smt2,sat,0.004648923873901367
/20220307-SMPT/Kanban-PT-02000/RF-09.smt2,unsat,0.004914045333862305
/20220307-SMPT/Kanban-PT-02000/RC-07.smt2,sat,0.0027353763580322266
/20220307-SMPT/Kanban-PT-02000/RF-06.smt2,unsat,0.004698991775512695
/20220307-SMPT/Kanban-PT-02000/RC-09.smt2,sat,0.003888368606567383
/20220307-SMPT/Kanban-PT-02000/RC-15.smt2,sat,0.0039234161376953125
/20220307-SMPT/Kanban-PT-02000/RC-12.smt2,sat,0.0030303001403808594
/20220307-SMPT/Kanban-PT-02000/RF-14.smt2,unsat,0.0029516220092773438
/20220307-SMPT/SwimmingPool-PT-04/RC-02.smt2,unsat,0.0049288272857666016
/20220307-SMPT/SwimmingPool-PT-04/RC-03.smt2,sat,0.0029897689819335938
/20220307-SMPT/SwimmingPool-PT-04/RF-02.smt2,unsat,0.005233049392700195
/20220307-SMPT/SwimmingPool-PT-04/RC-11.smt2,sat,0.003061056137084961
/20220307-SMPT/SwimmingPool-PT-04/RF-03.smt2,unsat,0.0031070709228515625
/20220307-SMPT/SwimmingPool-PT-04/RC-01.smt2,sat,0.0025434494018554688
/20220307-SMPT/SwimmingPool-PT-04/RF-00.smt2,sat,0.0031540393829345703
/20220307-SMPT/SwimmingPool-PT-04/RC-04.smt2,sat,0.005902528762817383
/20220307-SMPT/SwimmingPool-PT-04/RF-11.smt2,sat,0.0023162364959716797
/20220307-SMPT/SwimmingPool-PT-04/RC-13.smt2,unsat,0.0035843849182128906
/20220307-SMPT/SwimmingPool-PT-04/RC-06.smt2,sat,0.0047664642333984375
/20220307-SMPT/SwimmingPool-PT-04/RC-14.smt2,sat,0.0034224987030029297
/20220307-SMPT/SwimmingPool-PT-04/RC-10.smt2,sat,0.0024933815002441406
/20220307-SMPT/SwimmingPool-PT-04/RF-04.smt2,unsat,0.003236532211303711
/20220307-SMPT/SwimmingPool-PT-04/RF-01.smt2,unsat,0.002575397491455078
/20220307-SMPT/SwimmingPool-PT-04/RF-13.smt2,unsat,0.0037186145782470703
/20220307-SMPT/SwimmingPool-PT-04/RC-05.smt2,sat,0.003520965576171875
/20220307-SMPT/SwimmingPool-PT-04/RC-00.smt2,unsat,0.0035855770111083984
/20220307-SMPT/SwimmingPool-PT-04/RF-05.smt2,sat,0.0034720897674560547
/20220307-SMPT/SwimmingPool-PT-04/RF-10.smt2,sat,0.0038230419158935547
/20220307-SMPT/SwimmingPool-PT-04/RF-08.smt2,sat,0.0034542083740234375
/20220307-SMPT/SwimmingPool-PT-04/RC-08.smt2,sat,0.0033843517303466797
/20220307-SMPT/SwimmingPool-PT-04/RF-15.smt2,sat,0.0037736892700195312
/20220307-SMPT/SwimmingPool-PT-04/RF-09.smt2,sat,0.0027968883514404297
/20220307-SMPT/SwimmingPool-PT-04/RC-07.smt2,sat,0.0037436485290527344
/20220307-SMPT/SwimmingPool-PT-04/RC-09.smt2,sat,0.0021936893463134766
/20220307-SMPT/SwimmingPool-PT-04/RC-15.smt2,sat,0.002502918243408203
/20220307-SMPT/SwimmingPool-PT-04/RC-12.smt2,sat,0.004919290542602539
/20220307-SMPT/SwimmingPool-PT-04/RF-14.smt2,unsat,0.0035161972045898438
/20220307-SMPT/Diffusion2D-PT-D30N010/RC-02.smt2,sat,0.0367436408996582
/20220307-SMPT/Diffusion2D-PT-D30N010/RF-12.smt2,sat,0.03775954246520996
/20220307-SMPT/Diffusion2D-PT-D30N010/RC-03.smt2,sat,0.039073944091796875
/20220307-SMPT/Diffusion2D-PT-D30N010/RF-02.smt2,sat,0.03904104232788086
/20220307-SMPT/Diffusion2D-PT-D30N010/RC-11.smt2,sat,0.040419816970825195
/20220307-SMPT/Diffusion2D-PT-D30N010/RF-03.smt2,sat,0.03735995292663574
/20220307-SMPT/Diffusion2D-PT-D30N010/RC-01.smt2,sat,0.038294076919555664
/20220307-SMPT/Diffusion2D-PT-D30N010/RF-00.smt2,sat,0.03652667999267578
/20220307-SMPT/Diffusion2D-PT-D30N010/RC-04.smt2,sat,0.037267446517944336
/20220307-SMPT/Diffusion2D-PT-D30N010/RF-11.smt2,sat,0.037528276443481445
/20220307-SMPT/Diffusion2D-PT-D30N010/RC-13.smt2,sat,0.03828740119934082
/20220307-SMPT/Diffusion2D-PT-D30N010/RC-06.smt2,sat,0.03827381134033203
/20220307-SMPT/Diffusion2D-PT-D30N010/RC-14.smt2,sat,0.03780031204223633
/20220307-SMPT/Diffusion2D-PT-D30N010/RC-10.smt2,sat,0.03883934020996094
/20220307-SMPT/Diffusion2D-PT-D30N010/RF-04.smt2,sat,0.03757357597351074
/20220307-SMPT/Diffusion2D-PT-D30N010/RF-01.smt2,sat,0.038599491119384766
/20220307-SMPT/Diffusion2D-PT-D30N010/RF-13.smt2,sat,0.03762078285217285
/20220307-SMPT/Diffusion2D-PT-D30N010/RC-05.smt2,sat,0.03874850273132324
/20220307-SMPT/Diffusion2D-PT-D30N010/RC-00.smt2,sat,0.03828716278076172
/20220307-SMPT/Diffusion2D-PT-D30N010/RF-05.smt2,sat,0.038694143295288086
/20220307-SMPT/Diffusion2D-PT-D30N010/RF-07.smt2,sat,0.038057565689086914
/20220307-SMPT/Diffusion2D-PT-D30N010/RF-10.smt2,sat,0.03915691375732422
/20220307-SMPT/Diffusion2D-PT-D30N010/RF-08.smt2,sat,0.040067434310913086
/20220307-SMPT/Diffusion2D-PT-D30N010/RC-08.smt2,sat,0.03620028495788574
/20220307-SMPT/Diffusion2D-PT-D30N010/RF-15.smt2,sat,0.036759138107299805
/20220307-SMPT/Diffusion2D-PT-D30N010/RF-09.smt2,sat,0.039061546325683594
/20220307-SMPT/Diffusion2D-PT-D30N010/RC-07.smt2,sat,0.03905677795410156
/20220307-SMPT/Diffusion2D-PT-D30N010/RF-06.smt2,sat,0.03729438781738281
/20220307-SMPT/Diffusion2D-PT-D30N010/RC-09.smt2,sat,0.03624105453491211
/20220307-SMPT/Diffusion2D-PT-D30N010/RC-15.smt2,sat,0.03625750541687012
/20220307-SMPT/Diffusion2D-PT-D30N010/RC-12.smt2,sat,0.037400245666503906
/20220307-SMPT/Diffusion2D-PT-D30N010/RF-14.smt2,sat,0.0396733283996582
/20220307-SMPT/FMS-PT-00002/RC-02.smt2,unsat,0.004007577896118164
/20220307-SMPT/FMS-PT-00002/RF-12.smt2,unsat,0.005016803741455078
/20220307-SMPT/FMS-PT-00002/RC-03.smt2,unsat,0.0034089088439941406
/20220307-SMPT/FMS-PT-00002/RF-02.smt2,unsat,0.004416465759277344
/20220307-SMPT/FMS-PT-00002/RC-11.smt2,unsat,0.005517482757568359
/20220307-SMPT/FMS-PT-00002/RF-03.smt2,unsat,0.004725933074951172
/20220307-SMPT/FMS-PT-00002/RC-01.smt2,unsat,0.0038900375366210938
/20220307-SMPT/FMS-PT-00002/RF-00.smt2,unsat,0.004049777984619141
/20220307-SMPT/FMS-PT-00002/RC-04.smt2,unsat,0.0036766529083251953
/20220307-SMPT/FMS-PT-00002/RF-11.smt2,unsat,0.005426883697509766
/20220307-SMPT/FMS-PT-00002/RC-13.smt2,unsat,0.005507469177246094
/20220307-SMPT/FMS-PT-00002/RC-06.smt2,unsat,0.0025191307067871094
/20220307-SMPT/FMS-PT-00002/RC-14.smt2,unsat,0.003309488296508789
/20220307-SMPT/FMS-PT-00002/RC-10.smt2,unsat,0.004693031311035156
/20220307-SMPT/FMS-PT-00002/RF-04.smt2,unsat,0.005525112152099609
/20220307-SMPT/FMS-PT-00002/RF-01.smt2,unsat,0.002739429473876953
/20220307-SMPT/FMS-PT-00002/RF-13.smt2,unsat,0.0041637420654296875
/20220307-SMPT/FMS-PT-00002/RC-05.smt2,unsat,0.0043337345123291016
/20220307-SMPT/FMS-PT-00002/RC-00.smt2,unsat,0.005720615386962891
/20220307-SMPT/FMS-PT-00002/RF-05.smt2,unsat,0.004051685333251953
/20220307-SMPT/FMS-PT-00002/RF-07.smt2,unsat,0.005613565444946289
/20220307-SMPT/FMS-PT-00002/RF-10.smt2,unsat,0.0026900768280029297
/20220307-SMPT/FMS-PT-00002/RF-08.smt2,unsat,0.0041234493255615234
/20220307-SMPT/FMS-PT-00002/RC-08.smt2,unsat,0.003857851028442383
/20220307-SMPT/FMS-PT-00002/RF-15.smt2,unsat,0.0029058456420898438
/20220307-SMPT/FMS-PT-00002/RF-09.smt2,unsat,0.002620220184326172
/20220307-SMPT/FMS-PT-00002/RC-07.smt2,unsat,0.005203723907470703
/20220307-SMPT/FMS-PT-00002/RF-06.smt2,sat,0.004450321197509766
/20220307-SMPT/FMS-PT-00002/RC-09.smt2,unsat,0.005034446716308594
/20220307-SMPT/FMS-PT-00002/RC-15.smt2,unsat,0.005759477615356445
/20220307-SMPT/FMS-PT-00002/RC-12.smt2,unsat,0.004251241683959961
/20220307-SMPT/FMS-PT-00002/RF-14.smt2,unsat,0.004190206527709961
/20220307-SMPT/MAPK-PT-00320/RC-02.smt2,sat,0.005181550979614258
/20220307-SMPT/MAPK-PT-00320/RF-12.smt2,sat,0.004912614822387695
/20220307-SMPT/MAPK-PT-00320/RC-03.smt2,unsat,0.004248857498168945
/20220307-SMPT/MAPK-PT-00320/RF-02.smt2,unsat,0.00335693359375
/20220307-SMPT/MAPK-PT-00320/RC-11.smt2,sat,0.004178762435913086
/20220307-SMPT/MAPK-PT-00320/RF-03.smt2,sat,0.005528688430786133
/20220307-SMPT/MAPK-PT-00320/RC-01.smt2,sat,0.004240989685058594
/20220307-SMPT/MAPK-PT-00320/RF-00.smt2,sat,0.005695343017578125
/20220307-SMPT/MAPK-PT-00320/RC-04.smt2,sat,0.004717826843261719
/20220307-SMPT/MAPK-PT-00320/RF-11.smt2,sat,0.0038182735443115234
/20220307-SMPT/MAPK-PT-00320/RC-13.smt2,sat,0.005055904388427734
/20220307-SMPT/MAPK-PT-00320/RC-06.smt2,sat,0.004239082336425781
/20220307-SMPT/MAPK-PT-00320/RC-10.smt2,sat,0.004642486572265625
/20220307-SMPT/MAPK-PT-00320/RF-04.smt2,sat,0.005226612091064453
/20220307-SMPT/MAPK-PT-00320/RF-01.smt2,sat,0.0044558048248291016
/20220307-SMPT/MAPK-PT-00320/RF-13.smt2,sat,0.006509304046630859
/20220307-SMPT/MAPK-PT-00320/RC-05.smt2,sat,0.004275798797607422
/20220307-SMPT/MAPK-PT-00320/RC-00.smt2,sat,0.0048029422760009766
/20220307-SMPT/MAPK-PT-00320/RF-05.smt2,sat,0.004762172698974609
/20220307-SMPT/MAPK-PT-00320/RF-07.smt2,unsat,0.004417896270751953
/20220307-SMPT/MAPK-PT-00320/RF-10.smt2,sat,0.005323648452758789
/20220307-SMPT/MAPK-PT-00320/RF-08.smt2,sat,0.005655527114868164
/20220307-SMPT/MAPK-PT-00320/RC-08.smt2,sat,0.0049440860748291016
/20220307-SMPT/MAPK-PT-00320/RF-15.smt2,sat,0.0050847530364990234
/20220307-SMPT/MAPK-PT-00320/RF-09.smt2,unsat,0.0039157867431640625
/20220307-SMPT/MAPK-PT-00320/RC-07.smt2,sat,0.00576329231262207
/20220307-SMPT/MAPK-PT-00320/RF-06.smt2,sat,0.0049817562103271484
/20220307-SMPT/MAPK-PT-00320/RC-09.smt2,unsat,0.004712581634521484
/20220307-SMPT/MAPK-PT-00320/RC-15.smt2,sat,0.004982948303222656
/20220307-SMPT/MAPK-PT-00320/RC-12.smt2,sat,0.0038909912109375
/20220307-SMPT/MAPK-PT-00320/RF-14.smt2,sat,0.004774808883666992
/20220307-SMPT/FMS-PT-05000/RC-02.smt2,sat,0.004277706146240234
/20220307-SMPT/FMS-PT-05000/RF-12.smt2,sat,0.0037522315979003906
/20220307-SMPT/FMS-PT-05000/RC-03.smt2,sat,0.004326581954956055
/20220307-SMPT/FMS-PT-05000/RF-02.smt2,sat,0.0059680938720703125
/20220307-SMPT/FMS-PT-05000/RC-11.smt2,sat,0.0037331581115722656
/20220307-SMPT/FMS-PT-05000/RF-03.smt2,sat,0.004308223724365234
/20220307-SMPT/FMS-PT-05000/RC-01.smt2,sat,0.00642704963684082
/20220307-SMPT/FMS-PT-05000/RF-00.smt2,sat,0.006350278854370117
/20220307-SMPT/FMS-PT-05000/RC-04.smt2,sat,0.004308938980102539
/20220307-SMPT/FMS-PT-05000/RF-11.smt2,sat,0.0037865638732910156
/20220307-SMPT/FMS-PT-05000/RC-13.smt2,sat,0.004100322723388672
/20220307-SMPT/FMS-PT-05000/RC-06.smt2,unsat,0.0037508010864257812
/20220307-SMPT/FMS-PT-05000/RC-14.smt2,sat,0.004774570465087891
/20220307-SMPT/FMS-PT-05000/RC-10.smt2,sat,0.0045185089111328125
/20220307-SMPT/FMS-PT-05000/RF-04.smt2,sat,0.004911184310913086
/20220307-SMPT/FMS-PT-05000/RF-01.smt2,sat,0.004132986068725586
/20220307-SMPT/FMS-PT-05000/RF-13.smt2,sat,0.00543665885925293
/20220307-SMPT/FMS-PT-05000/RC-05.smt2,unsat,0.0026166439056396484
/20220307-SMPT/FMS-PT-05000/RC-00.smt2,unsat,0.0052416324615478516
/20220307-SMPT/FMS-PT-05000/RF-05.smt2,sat,0.0033845901489257812
/20220307-SMPT/FMS-PT-05000/RF-07.smt2,sat,0.004244089126586914
/20220307-SMPT/FMS-PT-05000/RF-10.smt2,sat,0.0034563541412353516
/20220307-SMPT/FMS-PT-05000/RF-08.smt2,sat,0.004233598709106445
/20220307-SMPT/FMS-PT-05000/RC-08.smt2,sat,0.004334926605224609
/20220307-SMPT/FMS-PT-05000/RF-09.smt2,sat,0.0044176578521728516
/20220307-SMPT/FMS-PT-05000/RC-07.smt2,sat,0.00393986701965332
/20220307-SMPT/FMS-PT-05000/RF-06.smt2,sat,0.003917694091796875
/20220307-SMPT/FMS-PT-05000/RC-09.smt2,sat,0.0033872127532958984
/20220307-SMPT/FMS-PT-05000/RC-15.smt2,sat,0.006335735321044922
/20220307-SMPT/FMS-PT-05000/RC-12.smt2,sat,0.00395655632019043
/20220307-SMPT/FMS-PT-05000/RF-14.smt2,sat,0.003531932830810547
/20220307-SMPT/SmallOperatingSystem-PT-MT0064DC0032/RC-02.smt2,unsat,0.0044841766357421875
/20220307-SMPT/SmallOperatingSystem-PT-MT0064DC0032/RF-12.smt2,unsat,0.0035479068756103516
/20220307-SMPT/SmallOperatingSystem-PT-MT0064DC0032/RC-03.smt2,sat,0.0035893917083740234
/20220307-SMPT/SmallOperatingSystem-PT-MT0064DC0032/RF-02.smt2,sat,0.004954338073730469
/20220307-SMPT/SmallOperatingSystem-PT-MT0064DC0032/RC-11.smt2,sat,0.004330873489379883
/20220307-SMPT/SmallOperatingSystem-PT-MT0064DC0032/RC-01.smt2,sat,0.003881216049194336
/20220307-SMPT/SmallOperatingSystem-PT-MT0064DC0032/RF-00.smt2,sat,0.0040857791900634766
/20220307-SMPT/SmallOperatingSystem-PT-MT0064DC0032/RC-04.smt2,sat,0.005823373794555664
/20220307-SMPT/SmallOperatingSystem-PT-MT0064DC0032/RC-13.smt2,unsat,0.0037157535552978516
/20220307-SMPT/SmallOperatingSystem-PT-MT0064DC0032/RC-06.smt2,sat,0.003495931625366211
/20220307-SMPT/SmallOperatingSystem-PT-MT0064DC0032/RC-14.smt2,unsat,0.004273414611816406
/20220307-SMPT/SmallOperatingSystem-PT-MT0064DC0032/RC-10.smt2,sat,0.003557443618774414
/20220307-SMPT/SmallOperatingSystem-PT-MT0064DC0032/RF-01.smt2,sat,0.0034530162811279297
/20220307-SMPT/SmallOperatingSystem-PT-MT0064DC0032/RC-05.smt2,sat,0.0019299983978271484
/20220307-SMPT/SmallOperatingSystem-PT-MT0064DC0032/RC-00.smt2,sat,0.003591775894165039
/20220307-SMPT/SmallOperatingSystem-PT-MT0064DC0032/RF-05.smt2,unsat,0.004140138626098633
/20220307-SMPT/SmallOperatingSystem-PT-MT0064DC0032/RF-07.smt2,unsat,0.005200624465942383
/20220307-SMPT/SmallOperatingSystem-PT-MT0064DC0032/RF-10.smt2,unsat,0.004288673400878906
/20220307-SMPT/SmallOperatingSystem-PT-MT0064DC0032/RF-08.smt2,unsat,0.0042188167572021484
/20220307-SMPT/SmallOperatingSystem-PT-MT0064DC0032/RC-08.smt2,sat,0.005711078643798828
/20220307-SMPT/SmallOperatingSystem-PT-MT0064DC0032/RF-15.smt2,unsat,0.0031130313873291016
/20220307-SMPT/SmallOperatingSystem-PT-MT0064DC0032/RF-09.smt2,unsat,0.003522634506225586
/20220307-SMPT/SmallOperatingSystem-PT-MT0064DC0032/RC-07.smt2,sat,0.0041463375091552734
/20220307-SMPT/SmallOperatingSystem-PT-MT0064DC0032/RF-06.smt2,unsat,0.0035448074340820312
/20220307-SMPT/SmallOperatingSystem-PT-MT0064DC0032/RC-09.smt2,sat,0.0036895275115966797
/20220307-SMPT/SmallOperatingSystem-PT-MT0064DC0032/RC-15.smt2,unsat,0.0035712718963623047
/20220307-SMPT/SmallOperatingSystem-PT-MT0064DC0032/RC-12.smt2,unsat,0.0033135414123535156
/20220307-SMPT/SmallOperatingSystem-PT-MT0064DC0032/RF-14.smt2,unsat,0.0036377906799316406
/20220307-SMPT/RobotManipulation-PT-00020/RC-02.smt2,sat,0.004195690155029297
/20220307-SMPT/RobotManipulation-PT-00020/RF-12.smt2,sat,0.003990888595581055
/20220307-SMPT/RobotManipulation-PT-00020/RC-03.smt2,sat,0.005693912506103516
/20220307-SMPT/RobotManipulation-PT-00020/RF-02.smt2,unsat,0.003761768341064453
/20220307-SMPT/RobotManipulation-PT-00020/RC-11.smt2,sat,0.0035483837127685547
/20220307-SMPT/RobotManipulation-PT-00020/RF-03.smt2,unsat,0.0040283203125
/20220307-SMPT/RobotManipulation-PT-00020/RC-01.smt2,sat,0.003412485122680664
/20220307-SMPT/RobotManipulation-PT-00020/RF-00.smt2,unsat,0.005259513854980469
/20220307-SMPT/RobotManipulation-PT-00020/RC-04.smt2,unsat,0.004602670669555664
/20220307-SMPT/RobotManipulation-PT-00020/RF-11.smt2,unsat,0.004808664321899414
/20220307-SMPT/RobotManipulation-PT-00020/RC-13.smt2,sat,0.004477500915527344
/20220307-SMPT/RobotManipulation-PT-00020/RC-06.smt2,unsat,0.006043910980224609
/20220307-SMPT/RobotManipulation-PT-00020/RC-14.smt2,sat,0.005004405975341797
/20220307-SMPT/RobotManipulation-PT-00020/RC-10.smt2,sat,0.004220724105834961
/20220307-SMPT/RobotManipulation-PT-00020/RF-04.smt2,sat,0.003573894500732422
/20220307-SMPT/RobotManipulation-PT-00020/RF-01.smt2,sat,0.003735065460205078
/20220307-SMPT/RobotManipulation-PT-00020/RF-13.smt2,sat,0.004134178161621094
/20220307-SMPT/RobotManipulation-PT-00020/RC-05.smt2,sat,0.00410151481628418
/20220307-SMPT/RobotManipulation-PT-00020/RC-00.smt2,sat,0.0041086673736572266
/20220307-SMPT/RobotManipulation-PT-00020/RF-05.smt2,sat,0.00484156608581543
/20220307-SMPT/RobotManipulation-PT-00020/RF-07.smt2,unsat,0.003264188766479492
/20220307-SMPT/RobotManipulation-PT-00020/RF-10.smt2,sat,0.0054552555084228516
/20220307-SMPT/RobotManipulation-PT-00020/RF-08.smt2,unsat,0.003951549530029297
/20220307-SMPT/RobotManipulation-PT-00020/RC-08.smt2,unsat,0.0031921863555908203
/20220307-SMPT/RobotManipulation-PT-00020/RF-15.smt2,unsat,0.0034322738647460938
/20220307-SMPT/RobotManipulation-PT-00020/RF-09.smt2,sat,0.003422975540161133
/20220307-SMPT/RobotManipulation-PT-00020/RC-07.smt2,sat,0.004271507263183594
/20220307-SMPT/RobotManipulation-PT-00020/RF-06.smt2,sat,0.004926443099975586
/20220307-SMPT/RobotManipulation-PT-00020/RC-09.smt2,unsat,0.0038480758666992188
/20220307-SMPT/RobotManipulation-PT-00020/RC-15.smt2,sat,0.0041713714599609375
/20220307-SMPT/RobotManipulation-PT-00020/RC-12.smt2,sat,0.004117250442504883
/20220307-SMPT/RobotManipulation-PT-00020/RF-14.smt2,unsat,0.0034742355346679688
/20220307-SMPT/HouseConstruction-PT-00050/RC-02.smt2,sat,0.0055391788482666016
/20220307-SMPT/HouseConstruction-PT-00050/RC-03.smt2,sat,0.004419088363647461
/20220307-SMPT/HouseConstruction-PT-00050/RC-11.smt2,sat,0.0034334659576416016
/20220307-SMPT/HouseConstruction-PT-00050/RF-03.smt2,sat,0.004248857498168945
/20220307-SMPT/HouseConstruction-PT-00050/RC-01.smt2,sat,0.0040683746337890625
/20220307-SMPT/HouseConstruction-PT-00050/RF-00.smt2,sat,0.004983425140380859
/20220307-SMPT/HouseConstruction-PT-00050/RC-04.smt2,sat,0.004705667495727539
/20220307-SMPT/HouseConstruction-PT-00050/RF-11.smt2,sat,0.002771139144897461
/20220307-SMPT/HouseConstruction-PT-00050/RC-13.smt2,sat,0.004204988479614258
/20220307-SMPT/HouseConstruction-PT-00050/RC-14.smt2,sat,0.0043315887451171875
/20220307-SMPT/HouseConstruction-PT-00050/RC-10.smt2,sat,0.003919124603271484
/20220307-SMPT/HouseConstruction-PT-00050/RF-04.smt2,sat,0.004709005355834961
/20220307-SMPT/HouseConstruction-PT-00050/RF-01.smt2,sat,0.004251718521118164
/20220307-SMPT/HouseConstruction-PT-00050/RC-05.smt2,sat,0.004312276840209961
/20220307-SMPT/HouseConstruction-PT-00050/RC-00.smt2,sat,0.0061075687408447266
/20220307-SMPT/HouseConstruction-PT-00050/RF-05.smt2,unsat,0.0031032562255859375
/20220307-SMPT/HouseConstruction-PT-00050/RF-07.smt2,sat,0.0037436485290527344
/20220307-SMPT/HouseConstruction-PT-00050/RF-10.smt2,sat,0.003693103790283203
/20220307-SMPT/HouseConstruction-PT-00050/RF-08.smt2,unsat,0.0035407543182373047
/20220307-SMPT/HouseConstruction-PT-00050/RC-08.smt2,sat,0.0057294368743896484
/20220307-SMPT/HouseConstruction-PT-00050/RF-15.smt2,sat,0.004533529281616211
/20220307-SMPT/HouseConstruction-PT-00050/RF-09.smt2,unsat,0.0037403106689453125
/20220307-SMPT/HouseConstruction-PT-00050/RC-07.smt2,sat,0.004113674163818359
/20220307-SMPT/HouseConstruction-PT-00050/RF-06.smt2,sat,0.00397181510925293
/20220307-SMPT/HouseConstruction-PT-00050/RC-09.smt2,sat,0.0028715133666992188
/20220307-SMPT/HouseConstruction-PT-00050/RC-12.smt2,unsat,0.0043125152587890625
/20220307-SMPT/Diffusion2D-PT-D30N150/RC-02.smt2,sat,0.03720736503601074
/20220307-SMPT/Diffusion2D-PT-D30N150/RF-12.smt2,sat,0.036258697509765625
/20220307-SMPT/Diffusion2D-PT-D30N150/RC-03.smt2,sat,0.04254746437072754
/20220307-SMPT/Diffusion2D-PT-D30N150/RF-02.smt2,sat,0.03984856605529785
/20220307-SMPT/Diffusion2D-PT-D30N150/RC-11.smt2,sat,0.038140296936035156
/20220307-SMPT/Diffusion2D-PT-D30N150/RF-03.smt2,sat,0.036635637283325195
/20220307-SMPT/Diffusion2D-PT-D30N150/RC-01.smt2,sat,0.03621983528137207
/20220307-SMPT/Diffusion2D-PT-D30N150/RF-00.smt2,sat,0.03794407844543457
/20220307-SMPT/Diffusion2D-PT-D30N150/RC-04.smt2,sat,0.03811764717102051
/20220307-SMPT/Diffusion2D-PT-D30N150/RF-11.smt2,sat,0.04021406173706055
/20220307-SMPT/Diffusion2D-PT-D30N150/RC-13.smt2,sat,0.0367581844329834
/20220307-SMPT/Diffusion2D-PT-D30N150/RC-06.smt2,sat,0.03904581069946289
/20220307-SMPT/Diffusion2D-PT-D30N150/RC-14.smt2,sat,0.03779101371765137
/20220307-SMPT/Diffusion2D-PT-D30N150/RC-10.smt2,sat,0.03800010681152344
/20220307-SMPT/Diffusion2D-PT-D30N150/RF-04.smt2,sat,0.0378265380859375
/20220307-SMPT/Diffusion2D-PT-D30N150/RF-01.smt2,sat,0.04272937774658203
/20220307-SMPT/Diffusion2D-PT-D30N150/RF-13.smt2,sat,0.04033303260803223
/20220307-SMPT/Diffusion2D-PT-D30N150/RC-05.smt2,sat,0.03788614273071289
/20220307-SMPT/Diffusion2D-PT-D30N150/RC-00.smt2,sat,0.038921356201171875
/20220307-SMPT/Diffusion2D-PT-D30N150/RF-05.smt2,sat,0.03705263137817383
/20220307-SMPT/Diffusion2D-PT-D30N150/RF-07.smt2,sat,0.04151201248168945
/20220307-SMPT/Diffusion2D-PT-D30N150/RF-10.smt2,sat,0.043123483657836914
/20220307-SMPT/Diffusion2D-PT-D30N150/RF-08.smt2,sat,0.038964033126831055
/20220307-SMPT/Diffusion2D-PT-D30N150/RC-08.smt2,sat,0.03856205940246582
/20220307-SMPT/Diffusion2D-PT-D30N150/RF-15.smt2,sat,0.03764224052429199
/20220307-SMPT/Diffusion2D-PT-D30N150/RF-09.smt2,sat,0.03722119331359863
/20220307-SMPT/Diffusion2D-PT-D30N150/RC-07.smt2,sat,0.038872718811035156
/20220307-SMPT/Diffusion2D-PT-D30N150/RF-06.smt2,sat,0.04078173637390137
/20220307-SMPT/Diffusion2D-PT-D30N150/RC-09.smt2,sat,0.03805875778198242
/20220307-SMPT/Diffusion2D-PT-D30N150/RC-15.smt2,sat,0.03611922264099121
/20220307-SMPT/Diffusion2D-PT-D30N150/RC-12.smt2,sat,0.042273521423339844
/20220307-SMPT/Diffusion2D-PT-D30N150/RF-14.smt2,sat,0.03853750228881836
/20220307-SMPT/RwMutex-PT-r1000w0010/RC-02.smt2,unsat,0.19503283500671387
/20220307-SMPT/RwMutex-PT-r1000w0010/RF-12.smt2,sat,0.23449277877807617
/20220307-SMPT/RwMutex-PT-r1000w0010/RC-03.smt2,unsat,0.245819091796875
/20220307-SMPT/RwMutex-PT-r1000w0010/RF-02.smt2,sat,0.2749795913696289
/20220307-SMPT/RwMutex-PT-r1000w0010/RC-11.smt2,unsat,0.20777368545532227
/20220307-SMPT/RwMutex-PT-r1000w0010/RF-03.smt2,sat,0.2960987091064453
/20220307-SMPT/RwMutex-PT-r1000w0010/RC-01.smt2,unsat,0.2151784896850586
/20220307-SMPT/RwMutex-PT-r1000w0010/RF-00.smt2,sat,0.2703375816345215
/20220307-SMPT/RwMutex-PT-r1000w0010/RC-04.smt2,sat,0.26806640625
/20220307-SMPT/RwMutex-PT-r1000w0010/RF-11.smt2,sat,0.273510217666626
/20220307-SMPT/RwMutex-PT-r1000w0010/RC-13.smt2,sat,0.259721040725708
/20220307-SMPT/RwMutex-PT-r1000w0010/RC-06.smt2,sat,0.26367831230163574
/20220307-SMPT/RwMutex-PT-r1000w0010/RC-14.smt2,unsat,0.2889132499694824
/20220307-SMPT/RwMutex-PT-r1000w0010/RC-10.smt2,sat,0.26656579971313477
/20220307-SMPT/RwMutex-PT-r1000w0010/RF-04.smt2,sat,0.2813279628753662
/20220307-SMPT/RwMutex-PT-r1000w0010/RF-01.smt2,sat,0.29756903648376465
/20220307-SMPT/RwMutex-PT-r1000w0010/RF-13.smt2,sat,0.2723076343536377
/20220307-SMPT/RwMutex-PT-r1000w0010/RC-05.smt2,unsat,0.22271347045898438
/20220307-SMPT/RwMutex-PT-r1000w0010/RC-00.smt2,sat,0.2768232822418213
/20220307-SMPT/RwMutex-PT-r1000w0010/RF-05.smt2,sat,0.2603187561035156
/20220307-SMPT/RwMutex-PT-r1000w0010/RF-07.smt2,sat,0.2591094970703125
/20220307-SMPT/RwMutex-PT-r1000w0010/RF-10.smt2,sat,0.2922019958496094
/20220307-SMPT/RwMutex-PT-r1000w0010/RF-08.smt2,sat,0.26351046562194824
/20220307-SMPT/RwMutex-PT-r1000w0010/RC-08.smt2,sat,0.2364814281463623
/20220307-SMPT/RwMutex-PT-r1000w0010/RF-15.smt2,sat,0.26890087127685547
/20220307-SMPT/RwMutex-PT-r1000w0010/RF-09.smt2,sat,0.23035430908203125
/20220307-SMPT/RwMutex-PT-r1000w0010/RC-07.smt2,unsat,0.1814103126525879
/20220307-SMPT/RwMutex-PT-r1000w0010/RF-06.smt2,sat,0.27403736114501953
/20220307-SMPT/RwMutex-PT-r1000w0010/RC-09.smt2,unsat,0.2057957649230957
/20220307-SMPT/RwMutex-PT-r1000w0010/RC-15.smt2,sat,0.2603442668914795
/20220307-SMPT/RwMutex-PT-r1000w0010/RC-12.smt2,unsat,0.23665356636047363
/20220307-SMPT/RwMutex-PT-r1000w0010/RF-14.smt2,sat,0.27250242233276367
/20220307-SMPT/RobotManipulation-PT-00050/RC-02.smt2,sat,0.0033299922943115234
/20220307-SMPT/RobotManipulation-PT-00050/RF-12.smt2,unsat,0.0055332183837890625
/20220307-SMPT/RobotManipulation-PT-00050/RC-03.smt2,unsat,0.004590272903442383
/20220307-SMPT/RobotManipulation-PT-00050/RF-02.smt2,sat,0.00481867790222168
/20220307-SMPT/RobotManipulation-PT-00050/RC-11.smt2,sat,0.004136562347412109
/20220307-SMPT/RobotManipulation-PT-00050/RF-03.smt2,sat,0.004872322082519531
/20220307-SMPT/RobotManipulation-PT-00050/RC-01.smt2,sat,0.005627632141113281
/20220307-SMPT/RobotManipulation-PT-00050/RF-00.smt2,sat,0.004471778869628906
/20220307-SMPT/RobotManipulation-PT-00050/RC-04.smt2,unsat,0.003991842269897461
/20220307-SMPT/RobotManipulation-PT-00050/RF-11.smt2,sat,0.0035343170166015625
/20220307-SMPT/RobotManipulation-PT-00050/RC-13.smt2,sat,0.003204345703125
/20220307-SMPT/RobotManipulation-PT-00050/RC-06.smt2,unsat,0.003195524215698242
/20220307-SMPT/RobotManipulation-PT-00050/RC-14.smt2,sat,0.004502058029174805
/20220307-SMPT/RobotManipulation-PT-00050/RC-10.smt2,unsat,0.00574183464050293
/20220307-SMPT/RobotManipulation-PT-00050/RF-04.smt2,sat,0.004739284515380859
/20220307-SMPT/RobotManipulation-PT-00050/RF-01.smt2,unsat,0.003494739532470703
/20220307-SMPT/RobotManipulation-PT-00050/RF-13.smt2,sat,0.0051991939544677734
/20220307-SMPT/RobotManipulation-PT-00050/RC-05.smt2,sat,0.004014730453491211
/20220307-SMPT/RobotManipulation-PT-00050/RC-00.smt2,unsat,0.004476785659790039
/20220307-SMPT/RobotManipulation-PT-00050/RF-05.smt2,unsat,0.005464792251586914
/20220307-SMPT/RobotManipulation-PT-00050/RF-07.smt2,unsat,0.0035135746002197266
/20220307-SMPT/RobotManipulation-PT-00050/RF-10.smt2,unsat,0.002203226089477539
/20220307-SMPT/RobotManipulation-PT-00050/RF-08.smt2,unsat,0.0037369728088378906
/20220307-SMPT/RobotManipulation-PT-00050/RC-08.smt2,sat,0.004357337951660156
/20220307-SMPT/RobotManipulation-PT-00050/RF-15.smt2,sat,0.004038572311401367
/20220307-SMPT/RobotManipulation-PT-00050/RF-09.smt2,unsat,0.0027604103088378906
/20220307-SMPT/RobotManipulation-PT-00050/RC-07.smt2,sat,0.004481315612792969
/20220307-SMPT/RobotManipulation-PT-00050/RC-09.smt2,sat,0.0038743019104003906
/20220307-SMPT/RobotManipulation-PT-00050/RC-15.smt2,sat,0.00434565544128418
/20220307-SMPT/RobotManipulation-PT-00050/RC-12.smt2,sat,0.003468036651611328
/20220307-SMPT/RobotManipulation-PT-00050/RF-14.smt2,sat,0.003573894500732422
/20220307-SMPT/SmallOperatingSystem-PT-MT4096DC1024/RC-02.smt2,sat,0.003510713577270508
/20220307-SMPT/SmallOperatingSystem-PT-MT4096DC1024/RF-12.smt2,sat,0.0029511451721191406
/20220307-SMPT/SmallOperatingSystem-PT-MT4096DC1024/RC-03.smt2,sat,0.00419926643371582
/20220307-SMPT/SmallOperatingSystem-PT-MT4096DC1024/RF-02.smt2,sat,0.003829479217529297
/20220307-SMPT/SmallOperatingSystem-PT-MT4096DC1024/RC-11.smt2,sat,0.003033161163330078
/20220307-SMPT/SmallOperatingSystem-PT-MT4096DC1024/RF-03.smt2,unsat,0.004692554473876953
/20220307-SMPT/SmallOperatingSystem-PT-MT4096DC1024/RC-01.smt2,sat,0.004469871520996094
/20220307-SMPT/SmallOperatingSystem-PT-MT4096DC1024/RF-00.smt2,sat,0.0037686824798583984
/20220307-SMPT/SmallOperatingSystem-PT-MT4096DC1024/RC-04.smt2,sat,0.0033631324768066406
/20220307-SMPT/SmallOperatingSystem-PT-MT4096DC1024/RC-13.smt2,unsat,0.002609729766845703
/20220307-SMPT/SmallOperatingSystem-PT-MT4096DC1024/RC-06.smt2,sat,0.0031478404998779297
/20220307-SMPT/SmallOperatingSystem-PT-MT4096DC1024/RC-14.smt2,unsat,0.0030622482299804688
/20220307-SMPT/SmallOperatingSystem-PT-MT4096DC1024/RC-10.smt2,unsat,0.003178834915161133
/20220307-SMPT/SmallOperatingSystem-PT-MT4096DC1024/RF-04.smt2,sat,0.003773927688598633
/20220307-SMPT/SmallOperatingSystem-PT-MT4096DC1024/RF-01.smt2,sat,0.0034596920013427734
/20220307-SMPT/SmallOperatingSystem-PT-MT4096DC1024/RC-05.smt2,sat,0.0045642852783203125
/20220307-SMPT/SmallOperatingSystem-PT-MT4096DC1024/RC-00.smt2,sat,0.004297971725463867
/20220307-SMPT/SmallOperatingSystem-PT-MT4096DC1024/RF-05.smt2,sat,0.0036749839782714844
/20220307-SMPT/SmallOperatingSystem-PT-MT4096DC1024/RF-07.smt2,sat,0.004064798355102539
/20220307-SMPT/SmallOperatingSystem-PT-MT4096DC1024/RF-10.smt2,sat,0.003681182861328125
/20220307-SMPT/SmallOperatingSystem-PT-MT4096DC1024/RF-08.smt2,sat,0.0042498111724853516
/20220307-SMPT/SmallOperatingSystem-PT-MT4096DC1024/RC-08.smt2,unsat,0.004353046417236328
/20220307-SMPT/SmallOperatingSystem-PT-MT4096DC1024/RF-15.smt2,sat,0.0051059722900390625
/20220307-SMPT/SmallOperatingSystem-PT-MT4096DC1024/RF-09.smt2,sat,0.004704713821411133
/20220307-SMPT/SmallOperatingSystem-PT-MT4096DC1024/RC-07.smt2,sat,0.0034508705139160156
/20220307-SMPT/SmallOperatingSystem-PT-MT4096DC1024/RC-09.smt2,sat,0.004285335540771484
/20220307-SMPT/SmallOperatingSystem-PT-MT4096DC1024/RC-15.smt2,sat,0.003612995147705078
/20220307-SMPT/SmallOperatingSystem-PT-MT4096DC1024/RC-12.smt2,sat,0.003179788589477539
/20220307-SMPT/SmallOperatingSystem-PT-MT4096DC1024/RF-14.smt2,unsat,0.00394129753112793
/20220307-SMPT/BART-PT-020/RC-02.smt2,unsat,0.12032341957092285
/20220307-SMPT/BART-PT-020/RF-12.smt2,sat,0.14770865440368652
/20220307-SMPT/BART-PT-020/RC-03.smt2,unsat,0.08469223976135254
/20220307-SMPT/BART-PT-020/RF-02.smt2,sat,0.1426706314086914
/20220307-SMPT/BART-PT-020/RC-11.smt2,sat,0.15092968940734863
/20220307-SMPT/BART-PT-020/RF-03.smt2,sat,0.12962555885314941
/20220307-SMPT/BART-PT-020/RC-01.smt2,sat,0.13453388214111328
/20220307-SMPT/BART-PT-020/RF-00.smt2,sat,0.11546111106872559
/20220307-SMPT/BART-PT-020/RC-04.smt2,sat,0.1307051181793213
/20220307-SMPT/BART-PT-020/RF-11.smt2,sat,0.12036395072937012
/20220307-SMPT/BART-PT-020/RC-13.smt2,sat,0.1290121078491211
/20220307-SMPT/BART-PT-020/RC-06.smt2,sat,0.12490081787109375
/20220307-SMPT/BART-PT-020/RC-14.smt2,sat,0.14565587043762207
/20220307-SMPT/BART-PT-020/RC-10.smt2,unsat,0.13317298889160156
/20220307-SMPT/BART-PT-020/RF-04.smt2,sat,0.12777924537658691
/20220307-SMPT/BART-PT-020/RF-01.smt2,sat,0.1397402286529541
/20220307-SMPT/BART-PT-020/RF-13.smt2,sat,0.1306602954864502
/20220307-SMPT/BART-PT-020/RC-05.smt2,unsat,0.12069034576416016
/20220307-SMPT/BART-PT-020/RC-00.smt2,unsat,0.13197636604309082
/20220307-SMPT/BART-PT-020/RF-05.smt2,sat,0.13698220252990723
/20220307-SMPT/BART-PT-020/RF-07.smt2,sat,0.11764073371887207
/20220307-SMPT/BART-PT-020/RF-10.smt2,sat,0.12630105018615723
/20220307-SMPT/BART-PT-020/RF-08.smt2,sat,0.13828730583190918
/20220307-SMPT/BART-PT-020/RC-08.smt2,unsat,0.12856650352478027
/20220307-SMPT/BART-PT-020/RF-15.smt2,sat,0.13403916358947754
/20220307-SMPT/BART-PT-020/RF-09.smt2,sat,0.13979077339172363
/20220307-SMPT/BART-PT-020/RC-07.smt2,sat,0.1390221118927002
/20220307-SMPT/BART-PT-020/RF-06.smt2,sat,0.12643766403198242
/20220307-SMPT/BART-PT-020/RC-09.smt2,sat,0.12736201286315918
/20220307-SMPT/BART-PT-020/RC-15.smt2,sat,0.12695717811584473
/20220307-SMPT/BART-PT-020/RC-12.smt2,unsat,0.12290191650390625
/20220307-SMPT/BART-PT-020/RF-14.smt2,sat,0.1215963363647461
/20220307-SMPT/Referendum-PT-010/RC-02.smt2,unsat,0.004687070846557617
/20220307-SMPT/Referendum-PT-010/RF-12.smt2,unsat,0.006494998931884766
/20220307-SMPT/Referendum-PT-010/RC-03.smt2,unsat,0.0030777454376220703
/20220307-SMPT/Referendum-PT-010/RF-02.smt2,sat,0.004743099212646484
/20220307-SMPT/Referendum-PT-010/RC-11.smt2,unsat,0.005727291107177734
/20220307-SMPT/Referendum-PT-010/RF-03.smt2,unsat,0.003958225250244141
/20220307-SMPT/Referendum-PT-010/RC-01.smt2,sat,0.005613088607788086
/20220307-SMPT/Referendum-PT-010/RF-00.smt2,unsat,0.00455784797668457
/20220307-SMPT/Referendum-PT-010/RC-04.smt2,unsat,0.0032303333282470703
/20220307-SMPT/Referendum-PT-010/RF-11.smt2,unsat,0.0037195682525634766
/20220307-SMPT/Referendum-PT-010/RC-13.smt2,unsat,0.004805326461791992
/20220307-SMPT/Referendum-PT-010/RC-06.smt2,unsat,0.003748655319213867
/20220307-SMPT/Referendum-PT-010/RC-14.smt2,unsat,0.004483222961425781
/20220307-SMPT/Referendum-PT-010/RC-10.smt2,unsat,0.003975629806518555
/20220307-SMPT/Referendum-PT-010/RF-04.smt2,sat,0.004541873931884766
/20220307-SMPT/Referendum-PT-010/RF-01.smt2,unsat,0.0039327144622802734
/20220307-SMPT/Referendum-PT-010/RF-13.smt2,unsat,0.0036547183990478516
/20220307-SMPT/Referendum-PT-010/RC-05.smt2,sat,0.0039904117584228516
/20220307-SMPT/Referendum-PT-010/RC-00.smt2,unsat,0.004658699035644531
/20220307-SMPT/Referendum-PT-010/RF-05.smt2,unsat,0.0031363964080810547
/20220307-SMPT/Referendum-PT-010/RF-07.smt2,unsat,0.0034151077270507812
/20220307-SMPT/Referendum-PT-010/RF-10.smt2,unsat,0.0032312870025634766
/20220307-SMPT/Referendum-PT-010/RF-08.smt2,unsat,0.002815723419189453
/20220307-SMPT/Referendum-PT-010/RC-08.smt2,unsat,0.00513768196105957
/20220307-SMPT/Referendum-PT-010/RF-15.smt2,sat,0.0037462711334228516
/20220307-SMPT/Referendum-PT-010/RF-09.smt2,unsat,0.003326416015625
/20220307-SMPT/Referendum-PT-010/RC-07.smt2,unsat,0.003401517868041992
/20220307-SMPT/Referendum-PT-010/RF-06.smt2,unsat,0.0056171417236328125
/20220307-SMPT/Referendum-PT-010/RC-09.smt2,unsat,0.004414081573486328
/20220307-SMPT/Referendum-PT-010/RC-15.smt2,unsat,0.0028829574584960938
/20220307-SMPT/Referendum-PT-010/RC-12.smt2,unsat,0.003714323043823242
/20220307-SMPT/Referendum-PT-010/RF-14.smt2,sat,0.00453495979309082
/20220307-SMPT/RwMutex-PT-r0500w0010/RC-02.smt2,unsat,0.17775201797485352
/20220307-SMPT/RwMutex-PT-r0500w0010/RF-12.smt2,sat,0.3149256706237793
/20220307-SMPT/RwMutex-PT-r0500w0010/RC-03.smt2,unsat,0.16833257675170898
/20220307-SMPT/RwMutex-PT-r0500w0010/RF-02.smt2,sat,0.31486988067626953
/20220307-SMPT/RwMutex-PT-r0500w0010/RC-11.smt2,unsat,0.3308291435241699
/20220307-SMPT/RwMutex-PT-r0500w0010/RF-03.smt2,sat,0.26478147506713867
/20220307-SMPT/RwMutex-PT-r0500w0010/RC-01.smt2,unsat,0.1732194423675537
/20220307-SMPT/RwMutex-PT-r0500w0010/RF-00.smt2,sat,0.32179737091064453
/20220307-SMPT/RwMutex-PT-r0500w0010/RC-04.smt2,sat,0.3269612789154053
/20220307-SMPT/RwMutex-PT-r0500w0010/RF-11.smt2,sat,0.38811659812927246
/20220307-SMPT/RwMutex-PT-r0500w0010/RC-13.smt2,unsat,0.1791830062866211
/20220307-SMPT/RwMutex-PT-r0500w0010/RC-06.smt2,sat,0.31943821907043457
/20220307-SMPT/RwMutex-PT-r0500w0010/RC-14.smt2,unsat,0.17912960052490234
/20220307-SMPT/RwMutex-PT-r0500w0010/RC-10.smt2,unsat,0.18634605407714844
/20220307-SMPT/RwMutex-PT-r0500w0010/RF-04.smt2,sat,0.2966289520263672
/20220307-SMPT/RwMutex-PT-r0500w0010/RF-01.smt2,sat,0.2688925266265869
/20220307-SMPT/RwMutex-PT-r0500w0010/RF-13.smt2,sat,0.2956702709197998
/20220307-SMPT/RwMutex-PT-r0500w0010/RC-05.smt2,sat,0.2989990711212158
/20220307-SMPT/RwMutex-PT-r0500w0010/RC-00.smt2,sat,0.33298206329345703
/20220307-SMPT/RwMutex-PT-r0500w0010/RF-05.smt2,sat,0.34385013580322266
/20220307-SMPT/RwMutex-PT-r0500w0010/RF-07.smt2,sat,0.3375852108001709
/20220307-SMPT/RwMutex-PT-r0500w0010/RF-10.smt2,sat,0.3087005615234375
/20220307-SMPT/RwMutex-PT-r0500w0010/RF-08.smt2,sat,0.33342480659484863
/20220307-SMPT/RwMutex-PT-r0500w0010/RC-08.smt2,unsat,0.32711362838745117
/20220307-SMPT/RwMutex-PT-r0500w0010/RF-15.smt2,sat,0.32427072525024414
/20220307-SMPT/RwMutex-PT-r0500w0010/RF-09.smt2,sat,0.292924165725708
/20220307-SMPT/RwMutex-PT-r0500w0010/RC-07.smt2,unsat,0.17952489852905273
/20220307-SMPT/RwMutex-PT-r0500w0010/RF-06.smt2,sat,0.33066511154174805
/20220307-SMPT/RwMutex-PT-r0500w0010/RC-09.smt2,unsat,0.1626901626586914
/20220307-SMPT/RwMutex-PT-r0500w0010/RC-15.smt2,unsat,0.1549079418182373
/20220307-SMPT/RwMutex-PT-r0500w0010/RC-12.smt2,unsat,0.3916647434234619
/20220307-SMPT/RwMutex-PT-r0500w0010/RF-14.smt2,sat,0.28779029846191406
/20220307-SMPT/HouseConstruction-PT-00100/RC-02.smt2,unsat,0.003060579299926758
/20220307-SMPT/HouseConstruction-PT-00100/RC-03.smt2,sat,0.005182504653930664
/20220307-SMPT/HouseConstruction-PT-00100/RF-02.smt2,sat,0.0045223236083984375
/20220307-SMPT/HouseConstruction-PT-00100/RC-11.smt2,sat,0.004021883010864258
/20220307-SMPT/HouseConstruction-PT-00100/RC-01.smt2,sat,0.004467964172363281
/20220307-SMPT/HouseConstruction-PT-00100/RF-00.smt2,sat,0.005151510238647461
/20220307-SMPT/HouseConstruction-PT-00100/RC-04.smt2,sat,0.0064296722412109375
/20220307-SMPT/HouseConstruction-PT-00100/RF-11.smt2,sat,0.0043561458587646484
/20220307-SMPT/HouseConstruction-PT-00100/RC-13.smt2,sat,0.004020214080810547
/20220307-SMPT/HouseConstruction-PT-00100/RC-06.smt2,sat,0.003362417221069336
/20220307-SMPT/HouseConstruction-PT-00100/RC-14.smt2,sat,0.004159450531005859
/20220307-SMPT/HouseConstruction-PT-00100/RC-10.smt2,sat,0.003977775573730469
/20220307-SMPT/HouseConstruction-PT-00100/RF-04.smt2,sat,0.003837108612060547
/20220307-SMPT/HouseConstruction-PT-00100/RF-01.smt2,sat,0.0046694278717041016
/20220307-SMPT/HouseConstruction-PT-00100/RF-13.smt2,sat,0.003945350646972656
/20220307-SMPT/HouseConstruction-PT-00100/RC-05.smt2,unsat,0.002733469009399414
/20220307-SMPT/HouseConstruction-PT-00100/RC-00.smt2,sat,0.004532814025878906
/20220307-SMPT/HouseConstruction-PT-00100/RF-05.smt2,sat,0.004477262496948242
/20220307-SMPT/HouseConstruction-PT-00100/RF-07.smt2,unsat,0.003914356231689453
/20220307-SMPT/HouseConstruction-PT-00100/RF-08.smt2,sat,0.004807710647583008
/20220307-SMPT/HouseConstruction-PT-00100/RC-08.smt2,sat,0.003059864044189453
/20220307-SMPT/HouseConstruction-PT-00100/RF-15.smt2,sat,0.0045244693756103516
/20220307-SMPT/HouseConstruction-PT-00100/RF-09.smt2,sat,0.003618478775024414
/20220307-SMPT/HouseConstruction-PT-00100/RC-07.smt2,unsat,0.003386259078979492
/20220307-SMPT/HouseConstruction-PT-00100/RF-06.smt2,sat,0.004423379898071289
/20220307-SMPT/HouseConstruction-PT-00100/RC-09.smt2,sat,0.004525184631347656
/20220307-SMPT/HouseConstruction-PT-00100/RC-15.smt2,sat,0.005112171173095703
/20220307-SMPT/HouseConstruction-PT-00100/RC-12.smt2,sat,0.0049896240234375
/20220307-SMPT/HouseConstruction-PT-00100/RF-14.smt2,sat,0.0047092437744140625
/20220307-SMPT/Diffusion2D-PT-D50N150/RC-02.smt2,sat,0.11007165908813477
/20220307-SMPT/Diffusion2D-PT-D50N150/RF-12.smt2,sat,0.09867715835571289
/20220307-SMPT/Diffusion2D-PT-D50N150/RC-03.smt2,sat,0.10215902328491211
/20220307-SMPT/Diffusion2D-PT-D50N150/RF-02.smt2,sat,0.09992194175720215
/20220307-SMPT/Diffusion2D-PT-D50N150/RC-11.smt2,sat,0.10887861251831055
/20220307-SMPT/Diffusion2D-PT-D50N150/RF-03.smt2,sat,0.10561203956604004
/20220307-SMPT/Diffusion2D-PT-D50N150/RC-01.smt2,sat,0.10503935813903809
/20220307-SMPT/Diffusion2D-PT-D50N150/RF-00.smt2,sat,0.09949827194213867
/20220307-SMPT/Diffusion2D-PT-D50N150/RC-04.smt2,sat,0.10569334030151367
/20220307-SMPT/Diffusion2D-PT-D50N150/RF-11.smt2,sat,0.10963630676269531
/20220307-SMPT/Diffusion2D-PT-D50N150/RC-13.smt2,sat,0.1092219352722168
/20220307-SMPT/Diffusion2D-PT-D50N150/RC-06.smt2,sat,0.11737823486328125
/20220307-SMPT/Diffusion2D-PT-D50N150/RC-14.smt2,sat,0.12405991554260254
/20220307-SMPT/Diffusion2D-PT-D50N150/RC-10.smt2,sat,0.11586856842041016
/20220307-SMPT/Diffusion2D-PT-D50N150/RF-04.smt2,sat,0.11100625991821289
/20220307-SMPT/Diffusion2D-PT-D50N150/RF-01.smt2,sat,0.10963773727416992
/20220307-SMPT/Diffusion2D-PT-D50N150/RF-13.smt2,sat,0.11475205421447754
/20220307-SMPT/Diffusion2D-PT-D50N150/RC-05.smt2,sat,0.10437726974487305
/20220307-SMPT/Diffusion2D-PT-D50N150/RC-00.smt2,sat,0.10962414741516113
/20220307-SMPT/Diffusion2D-PT-D50N150/RF-05.smt2,sat,0.10579466819763184
/20220307-SMPT/Diffusion2D-PT-D50N150/RF-07.smt2,sat,0.11104178428649902
/20220307-SMPT/Diffusion2D-PT-D50N150/RF-10.smt2,sat,0.11528754234313965
/20220307-SMPT/Diffusion2D-PT-D50N150/RF-08.smt2,sat,0.10809159278869629
/20220307-SMPT/Diffusion2D-PT-D50N150/RC-08.smt2,sat,0.10576057434082031
/20220307-SMPT/Diffusion2D-PT-D50N150/RF-15.smt2,sat,0.11490559577941895
/20220307-SMPT/Diffusion2D-PT-D50N150/RF-09.smt2,sat,0.11056303977966309
/20220307-SMPT/Diffusion2D-PT-D50N150/RC-07.smt2,sat,0.10809755325317383
/20220307-SMPT/Diffusion2D-PT-D50N150/RF-06.smt2,sat,0.09649658203125
/20220307-SMPT/Diffusion2D-PT-D50N150/RC-09.smt2,sat,0.1059722900390625
/20220307-SMPT/Diffusion2D-PT-D50N150/RC-15.smt2,sat,0.11962270736694336
/20220307-SMPT/Diffusion2D-PT-D50N150/RC-12.smt2,sat,0.111541748046875
/20220307-SMPT/Diffusion2D-PT-D50N150/RF-14.smt2,sat,0.10786175727844238
/20220307-SMPT/RobotManipulation-PT-00005/RC-02.smt2,sat,0.005167722702026367
/20220307-SMPT/RobotManipulation-PT-00005/RF-12.smt2,unsat,0.003660917282104492
/20220307-SMPT/RobotManipulation-PT-00005/RC-03.smt2,sat,0.004900217056274414
/20220307-SMPT/RobotManipulation-PT-00005/RF-02.smt2,sat,0.0036318302154541016
/20220307-SMPT/RobotManipulation-PT-00005/RC-11.smt2,unsat,0.003993511199951172
/20220307-SMPT/RobotManipulation-PT-00005/RF-03.smt2,sat,0.0037364959716796875
/20220307-SMPT/RobotManipulation-PT-00005/RC-01.smt2,sat,0.004181385040283203
/20220307-SMPT/RobotManipulation-PT-00005/RF-00.smt2,sat,0.004773378372192383
/20220307-SMPT/RobotManipulation-PT-00005/RC-04.smt2,unsat,0.005373954772949219
/20220307-SMPT/RobotManipulation-PT-00005/RF-11.smt2,unsat,0.003533601760864258
/20220307-SMPT/RobotManipulation-PT-00005/RC-06.smt2,sat,0.002813577651977539
/20220307-SMPT/RobotManipulation-PT-00005/RC-14.smt2,sat,0.004057884216308594
/20220307-SMPT/RobotManipulation-PT-00005/RC-10.smt2,sat,0.005329608917236328
/20220307-SMPT/RobotManipulation-PT-00005/RF-04.smt2,unsat,0.0034682750701904297
/20220307-SMPT/RobotManipulation-PT-00005/RF-01.smt2,sat,0.003615140914916992
/20220307-SMPT/RobotManipulation-PT-00005/RF-13.smt2,unsat,0.004671812057495117
/20220307-SMPT/RobotManipulation-PT-00005/RC-05.smt2,sat,0.004762887954711914
/20220307-SMPT/RobotManipulation-PT-00005/RC-00.smt2,sat,0.004256010055541992
/20220307-SMPT/RobotManipulation-PT-00005/RF-05.smt2,unsat,0.004296541213989258
/20220307-SMPT/RobotManipulation-PT-00005/RF-07.smt2,sat,0.003726482391357422
/20220307-SMPT/RobotManipulation-PT-00005/RF-10.smt2,unsat,0.003223419189453125
/20220307-SMPT/RobotManipulation-PT-00005/RF-08.smt2,unsat,0.004412412643432617
/20220307-SMPT/RobotManipulation-PT-00005/RC-08.smt2,sat,0.0038022994995117188
/20220307-SMPT/RobotManipulation-PT-00005/RF-15.smt2,sat,0.0041751861572265625
/20220307-SMPT/RobotManipulation-PT-00005/RF-09.smt2,sat,0.004141092300415039
/20220307-SMPT/RobotManipulation-PT-00005/RC-07.smt2,sat,0.0038034915924072266
/20220307-SMPT/RobotManipulation-PT-00005/RF-06.smt2,sat,0.004163503646850586
/20220307-SMPT/RobotManipulation-PT-00005/RC-09.smt2,sat,0.006222963333129883
/20220307-SMPT/RobotManipulation-PT-00005/RC-15.smt2,sat,0.004857063293457031
/20220307-SMPT/RobotManipulation-PT-00005/RC-12.smt2,unsat,0.0040323734283447266
/20220307-SMPT/RobotManipulation-PT-00005/RF-14.smt2,sat,0.003036022186279297
/20220307-SMPT/MAPK-PT-05120/RC-02.smt2,unsat,0.0055141448974609375
/20220307-SMPT/MAPK-PT-05120/RF-12.smt2,sat,0.005139827728271484
/20220307-SMPT/MAPK-PT-05120/RC-03.smt2,unsat,0.0033562183380126953
/20220307-SMPT/MAPK-PT-05120/RF-02.smt2,unsat,0.004600048065185547
/20220307-SMPT/MAPK-PT-05120/RC-11.smt2,sat,0.004178524017333984
/20220307-SMPT/MAPK-PT-05120/RF-03.smt2,unsat,0.004117012023925781
/20220307-SMPT/MAPK-PT-05120/RC-01.smt2,sat,0.0051190853118896484
/20220307-SMPT/MAPK-PT-05120/RF-00.smt2,unsat,0.004415035247802734
/20220307-SMPT/MAPK-PT-05120/RC-04.smt2,sat,0.004509687423706055
/20220307-SMPT/MAPK-PT-05120/RF-11.smt2,sat,0.006969928741455078
/20220307-SMPT/MAPK-PT-05120/RC-13.smt2,sat,0.00477147102355957
/20220307-SMPT/MAPK-PT-05120/RC-06.smt2,sat,0.005033254623413086
/20220307-SMPT/MAPK-PT-05120/RC-14.smt2,sat,0.004837512969970703
/20220307-SMPT/MAPK-PT-05120/RC-10.smt2,sat,0.0045740604400634766
/20220307-SMPT/MAPK-PT-05120/RF-04.smt2,sat,0.005014181137084961
/20220307-SMPT/MAPK-PT-05120/RF-01.smt2,sat,0.00526118278503418
/20220307-SMPT/MAPK-PT-05120/RF-13.smt2,sat,0.005930900573730469
/20220307-SMPT/MAPK-PT-05120/RC-05.smt2,sat,0.0035572052001953125
/20220307-SMPT/MAPK-PT-05120/RC-00.smt2,sat,0.004938364028930664
/20220307-SMPT/MAPK-PT-05120/RF-05.smt2,unsat,0.003336668014526367
/20220307-SMPT/MAPK-PT-05120/RF-07.smt2,sat,0.005755186080932617
/20220307-SMPT/MAPK-PT-05120/RF-10.smt2,sat,0.006284236907958984
/20220307-SMPT/MAPK-PT-05120/RF-08.smt2,sat,0.004469156265258789
/20220307-SMPT/MAPK-PT-05120/RC-08.smt2,sat,0.004724025726318359
/20220307-SMPT/MAPK-PT-05120/RF-15.smt2,sat,0.003743886947631836
/20220307-SMPT/MAPK-PT-05120/RC-07.smt2,sat,0.0041391849517822266
/20220307-SMPT/MAPK-PT-05120/RF-06.smt2,sat,0.004682779312133789
/20220307-SMPT/MAPK-PT-05120/RC-09.smt2,sat,0.004586458206176758
/20220307-SMPT/MAPK-PT-05120/RC-15.smt2,sat,0.004593610763549805
/20220307-SMPT/MAPK-PT-05120/RC-12.smt2,sat,0.0062329769134521484
/20220307-SMPT/SwimmingPool-PT-07/RC-02.smt2,sat,0.0022525787353515625
/20220307-SMPT/SwimmingPool-PT-07/RF-12.smt2,unsat,0.003811359405517578
/20220307-SMPT/SwimmingPool-PT-07/RC-03.smt2,sat,0.00404047966003418
/20220307-SMPT/SwimmingPool-PT-07/RF-02.smt2,sat,0.0040051937103271484
/20220307-SMPT/SwimmingPool-PT-07/RC-11.smt2,sat,0.0038728713989257812
/20220307-SMPT/SwimmingPool-PT-07/RF-03.smt2,sat,0.0031485557556152344
/20220307-SMPT/SwimmingPool-PT-07/RC-01.smt2,sat,0.0033111572265625
/20220307-SMPT/SwimmingPool-PT-07/RF-00.smt2,sat,0.003680706024169922
/20220307-SMPT/SwimmingPool-PT-07/RC-04.smt2,sat,0.0034215450286865234
/20220307-SMPT/SwimmingPool-PT-07/RC-13.smt2,unsat,0.0042514801025390625
/20220307-SMPT/SwimmingPool-PT-07/RC-06.smt2,sat,0.0030298233032226562
/20220307-SMPT/SwimmingPool-PT-07/RC-14.smt2,sat,0.0027666091918945312
/20220307-SMPT/SwimmingPool-PT-07/RC-10.smt2,sat,0.004552125930786133
/20220307-SMPT/SwimmingPool-PT-07/RF-04.smt2,unsat,0.004985809326171875
/20220307-SMPT/SwimmingPool-PT-07/RF-01.smt2,sat,0.00392460823059082
/20220307-SMPT/SwimmingPool-PT-07/RC-05.smt2,sat,0.004300594329833984
/20220307-SMPT/SwimmingPool-PT-07/RC-00.smt2,sat,0.0039005279541015625
/20220307-SMPT/SwimmingPool-PT-07/RF-10.smt2,sat,0.003490924835205078
/20220307-SMPT/SwimmingPool-PT-07/RC-08.smt2,sat,0.002462625503540039
/20220307-SMPT/SwimmingPool-PT-07/RF-15.smt2,sat,0.0035228729248046875
/20220307-SMPT/SwimmingPool-PT-07/RF-09.smt2,sat,0.003901958465576172
/20220307-SMPT/SwimmingPool-PT-07/RC-07.smt2,sat,0.005089998245239258
/20220307-SMPT/SwimmingPool-PT-07/RF-06.smt2,sat,0.0033473968505859375
/20220307-SMPT/SwimmingPool-PT-07/RC-09.smt2,sat,0.0037262439727783203
/20220307-SMPT/SwimmingPool-PT-07/RC-15.smt2,sat,0.0033283233642578125
/20220307-SMPT/SwimmingPool-PT-07/RC-12.smt2,sat,0.0037224292755126953
/20220307-SMPT/SwimmingPool-PT-07/RF-14.smt2,sat,0.002863645553588867
/20220307-SMPT/SmallOperatingSystem-PT-MT0032DC0008/RC-02.smt2,sat,0.004862308502197266
/20220307-SMPT/SmallOperatingSystem-PT-MT0032DC0008/RF-12.smt2,sat,0.0030934810638427734
/20220307-SMPT/SmallOperatingSystem-PT-MT0032DC0008/RC-03.smt2,unsat,0.0037038326263427734
/20220307-SMPT/SmallOperatingSystem-PT-MT0032DC0008/RF-02.smt2,sat,0.0033686161041259766
/20220307-SMPT/SmallOperatingSystem-PT-MT0032DC0008/RC-11.smt2,sat,0.0035135746002197266
/20220307-SMPT/SmallOperatingSystem-PT-MT0032DC0008/RF-03.smt2,unsat,0.0028257369995117188
/20220307-SMPT/SmallOperatingSystem-PT-MT0032DC0008/RC-01.smt2,sat,0.0053064823150634766
/20220307-SMPT/SmallOperatingSystem-PT-MT0032DC0008/RF-00.smt2,unsat,0.003176450729370117
/20220307-SMPT/SmallOperatingSystem-PT-MT0032DC0008/RC-04.smt2,unsat,0.003361940383911133
/20220307-SMPT/SmallOperatingSystem-PT-MT0032DC0008/RF-11.smt2,sat,0.0036144256591796875
/20220307-SMPT/SmallOperatingSystem-PT-MT0032DC0008/RC-13.smt2,unsat,0.0034923553466796875
/20220307-SMPT/SmallOperatingSystem-PT-MT0032DC0008/RC-06.smt2,unsat,0.003116607666015625
/20220307-SMPT/SmallOperatingSystem-PT-MT0032DC0008/RC-14.smt2,unsat,0.003924131393432617
/20220307-SMPT/SmallOperatingSystem-PT-MT0032DC0008/RC-10.smt2,sat,0.004247903823852539
/20220307-SMPT/SmallOperatingSystem-PT-MT0032DC0008/RF-04.smt2,unsat,0.005536556243896484
/20220307-SMPT/SmallOperatingSystem-PT-MT0032DC0008/RF-01.smt2,unsat,0.0036323070526123047
/20220307-SMPT/SmallOperatingSystem-PT-MT0032DC0008/RF-13.smt2,unsat,0.003504037857055664
/20220307-SMPT/SmallOperatingSystem-PT-MT0032DC0008/RC-05.smt2,unsat,0.004087686538696289
/20220307-SMPT/SmallOperatingSystem-PT-MT0032DC0008/RC-00.smt2,unsat,0.0033469200134277344
/20220307-SMPT/SmallOperatingSystem-PT-MT0032DC0008/RF-05.smt2,unsat,0.0034313201904296875
/20220307-SMPT/SmallOperatingSystem-PT-MT0032DC0008/RF-07.smt2,unsat,0.005371809005737305
/20220307-SMPT/SmallOperatingSystem-PT-MT0032DC0008/RF-10.smt2,unsat,0.003576517105102539
/20220307-SMPT/SmallOperatingSystem-PT-MT0032DC0008/RF-08.smt2,unsat,0.004148006439208984
/20220307-SMPT/SmallOperatingSystem-PT-MT0032DC0008/RC-08.smt2,sat,0.003808259963989258
/20220307-SMPT/SmallOperatingSystem-PT-MT0032DC0008/RF-15.smt2,unsat,0.0027129650115966797
/20220307-SMPT/SmallOperatingSystem-PT-MT0032DC0008/RF-09.smt2,unsat,0.0038220882415771484
/20220307-SMPT/SmallOperatingSystem-PT-MT0032DC0008/RC-07.smt2,unsat,0.0020775794982910156
/20220307-SMPT/SmallOperatingSystem-PT-MT0032DC0008/RF-06.smt2,unsat,0.003496408462524414
/20220307-SMPT/SmallOperatingSystem-PT-MT0032DC0008/RC-09.smt2,sat,0.0036611557006835938
/20220307-SMPT/SmallOperatingSystem-PT-MT0032DC0008/RC-15.smt2,sat,0.0038831233978271484
/20220307-SMPT/SmallOperatingSystem-PT-MT0032DC0008/RC-12.smt2,unsat,0.006495475769042969
/20220307-SMPT/SmallOperatingSystem-PT-MT0032DC0008/RF-14.smt2,unsat,0.0036211013793945312
/20220307-SMPT/SmallOperatingSystem-PT-MT8192DC4096/RC-02.smt2,unsat,0.002988100051879883
/20220307-SMPT/SmallOperatingSystem-PT-MT8192DC4096/RF-12.smt2,unsat,0.003988027572631836
/20220307-SMPT/SmallOperatingSystem-PT-MT8192DC4096/RC-03.smt2,unsat,0.002448558807373047
/20220307-SMPT/SmallOperatingSystem-PT-MT8192DC4096/RF-02.smt2,unsat,0.0040667057037353516
/20220307-SMPT/SmallOperatingSystem-PT-MT8192DC4096/RC-11.smt2,sat,0.004524946212768555
/20220307-SMPT/SmallOperatingSystem-PT-MT8192DC4096/RF-03.smt2,sat,0.0037734508514404297
/20220307-SMPT/SmallOperatingSystem-PT-MT8192DC4096/RC-01.smt2,unsat,0.0038399696350097656
/20220307-SMPT/SmallOperatingSystem-PT-MT8192DC4096/RF-00.smt2,sat,0.003341197967529297
/20220307-SMPT/SmallOperatingSystem-PT-MT8192DC4096/RC-04.smt2,unsat,0.0021314620971679688
/20220307-SMPT/SmallOperatingSystem-PT-MT8192DC4096/RF-11.smt2,sat,0.0042552947998046875
/20220307-SMPT/SmallOperatingSystem-PT-MT8192DC4096/RC-13.smt2,sat,0.003904104232788086
/20220307-SMPT/SmallOperatingSystem-PT-MT8192DC4096/RC-06.smt2,sat,0.0027420520782470703
/20220307-SMPT/SmallOperatingSystem-PT-MT8192DC4096/RC-14.smt2,sat,0.003940105438232422
/20220307-SMPT/SmallOperatingSystem-PT-MT8192DC4096/RC-10.smt2,sat,0.002895355224609375
/20220307-SMPT/SmallOperatingSystem-PT-MT8192DC4096/RF-04.smt2,sat,0.003995180130004883
/20220307-SMPT/SmallOperatingSystem-PT-MT8192DC4096/RF-01.smt2,sat,0.002133607864379883
/20220307-SMPT/SmallOperatingSystem-PT-MT8192DC4096/RF-13.smt2,unsat,0.0034918785095214844
/20220307-SMPT/SmallOperatingSystem-PT-MT8192DC4096/RC-05.smt2,sat,0.0036706924438476562
/20220307-SMPT/SmallOperatingSystem-PT-MT8192DC4096/RC-00.smt2,sat,0.004934787750244141
/20220307-SMPT/SmallOperatingSystem-PT-MT8192DC4096/RF-05.smt2,sat,0.003743410110473633
/20220307-SMPT/SmallOperatingSystem-PT-MT8192DC4096/RF-07.smt2,sat,0.004135847091674805
/20220307-SMPT/SmallOperatingSystem-PT-MT8192DC4096/RF-10.smt2,unsat,0.0030803680419921875
/20220307-SMPT/SmallOperatingSystem-PT-MT8192DC4096/RF-08.smt2,sat,0.004650592803955078
/20220307-SMPT/SmallOperatingSystem-PT-MT8192DC4096/RC-08.smt2,unsat,0.00433659553527832
/20220307-SMPT/SmallOperatingSystem-PT-MT8192DC4096/RF-09.smt2,sat,0.0031747817993164062
/20220307-SMPT/SmallOperatingSystem-PT-MT8192DC4096/RC-07.smt2,unsat,0.002903461456298828
/20220307-SMPT/SmallOperatingSystem-PT-MT8192DC4096/RF-06.smt2,unsat,0.003431558609008789
/20220307-SMPT/SmallOperatingSystem-PT-MT8192DC4096/RC-09.smt2,sat,0.003906965255737305
/20220307-SMPT/SmallOperatingSystem-PT-MT8192DC4096/RC-15.smt2,unsat,0.0037794113159179688
/20220307-SMPT/SmallOperatingSystem-PT-MT8192DC4096/RC-12.smt2,unsat,0.0028257369995117188
/20220307-SMPT/SmallOperatingSystem-PT-MT8192DC4096/RF-14.smt2,sat,0.004098176956176758
/20220307-SMPT/Diffusion2D-PT-D50N010/RC-02.smt2,sat,0.11977577209472656
/20220307-SMPT/Diffusion2D-PT-D50N010/RF-12.smt2,sat,0.12042450904846191
/20220307-SMPT/Diffusion2D-PT-D50N010/RC-03.smt2,sat,0.11391949653625488
/20220307-SMPT/Diffusion2D-PT-D50N010/RF-02.smt2,sat,0.10551142692565918
/20220307-SMPT/Diffusion2D-PT-D50N010/RC-11.smt2,sat,0.10396122932434082
/20220307-SMPT/Diffusion2D-PT-D50N010/RF-03.smt2,sat,0.10736322402954102
/20220307-SMPT/Diffusion2D-PT-D50N010/RC-01.smt2,sat,0.09798216819763184
/20220307-SMPT/Diffusion2D-PT-D50N010/RF-00.smt2,sat,0.11681556701660156
/20220307-SMPT/Diffusion2D-PT-D50N010/RC-04.smt2,sat,0.11200904846191406
/20220307-SMPT/Diffusion2D-PT-D50N010/RF-11.smt2,sat,0.10846090316772461
/20220307-SMPT/Diffusion2D-PT-D50N010/RC-13.smt2,sat,0.0976111888885498
/20220307-SMPT/Diffusion2D-PT-D50N010/RC-06.smt2,sat,0.11369037628173828
/20220307-SMPT/Diffusion2D-PT-D50N010/RC-14.smt2,sat,0.11133646965026855
/20220307-SMPT/Diffusion2D-PT-D50N010/RC-10.smt2,sat,0.10935401916503906
/20220307-SMPT/Diffusion2D-PT-D50N010/RF-04.smt2,sat,0.10963249206542969
/20220307-SMPT/Diffusion2D-PT-D50N010/RF-01.smt2,sat,0.10886931419372559
/20220307-SMPT/Diffusion2D-PT-D50N010/RF-13.smt2,sat,0.10600900650024414
/20220307-SMPT/Diffusion2D-PT-D50N010/RC-05.smt2,sat,0.1165001392364502
/20220307-SMPT/Diffusion2D-PT-D50N010/RC-00.smt2,sat,0.11634945869445801
/20220307-SMPT/Diffusion2D-PT-D50N010/RF-05.smt2,sat,0.12284684181213379
/20220307-SMPT/Diffusion2D-PT-D50N010/RF-07.smt2,sat,0.11333298683166504
/20220307-SMPT/Diffusion2D-PT-D50N010/RF-10.smt2,sat,0.10572052001953125
/20220307-SMPT/Diffusion2D-PT-D50N010/RF-08.smt2,sat,0.11525416374206543
/20220307-SMPT/Diffusion2D-PT-D50N010/RC-08.smt2,sat,0.11146259307861328
/20220307-SMPT/Diffusion2D-PT-D50N010/RF-15.smt2,sat,0.10216736793518066
/20220307-SMPT/Diffusion2D-PT-D50N010/RF-09.smt2,sat,0.09912371635437012
/20220307-SMPT/Diffusion2D-PT-D50N010/RC-07.smt2,sat,0.11386513710021973
/20220307-SMPT/Diffusion2D-PT-D50N010/RF-06.smt2,sat,0.11062145233154297
/20220307-SMPT/Diffusion2D-PT-D50N010/RC-09.smt2,sat,0.09576725959777832
/20220307-SMPT/Diffusion2D-PT-D50N010/RC-15.smt2,sat,0.1052560806274414
/20220307-SMPT/Diffusion2D-PT-D50N010/RC-12.smt2,sat,0.11281704902648926
/20220307-SMPT/Diffusion2D-PT-D50N010/RF-14.smt2,sat,0.10344243049621582
/20220307-SMPT/Kanban-PT-00500/RC-02.smt2,sat,0.005705595016479492
/20220307-SMPT/Kanban-PT-00500/RF-12.smt2,sat,0.004415988922119141
/20220307-SMPT/Kanban-PT-00500/RC-03.smt2,sat,0.0034546852111816406
/20220307-SMPT/Kanban-PT-00500/RF-02.smt2,sat,0.004295825958251953
/20220307-SMPT/Kanban-PT-00500/RC-11.smt2,sat,0.005879640579223633
/20220307-SMPT/Kanban-PT-00500/RF-03.smt2,unsat,0.004885196685791016
/20220307-SMPT/Kanban-PT-00500/RC-01.smt2,sat,0.003268718719482422
/20220307-SMPT/Kanban-PT-00500/RF-00.smt2,sat,0.005082368850708008
/20220307-SMPT/Kanban-PT-00500/RC-04.smt2,sat,0.0031108856201171875
/20220307-SMPT/Kanban-PT-00500/RF-11.smt2,sat,0.0040280818939208984
/20220307-SMPT/Kanban-PT-00500/RC-13.smt2,unsat,0.0030968189239501953
/20220307-SMPT/Kanban-PT-00500/RC-06.smt2,sat,0.004673480987548828
/20220307-SMPT/Kanban-PT-00500/RC-14.smt2,sat,0.003557443618774414
/20220307-SMPT/Kanban-PT-00500/RC-10.smt2,sat,0.005495548248291016
/20220307-SMPT/Kanban-PT-00500/RF-04.smt2,sat,0.0032079219818115234
/20220307-SMPT/Kanban-PT-00500/RF-01.smt2,sat,0.004144430160522461
/20220307-SMPT/Kanban-PT-00500/RF-13.smt2,sat,0.0030791759490966797
/20220307-SMPT/Kanban-PT-00500/RC-05.smt2,sat,0.0028715133666992188
/20220307-SMPT/Kanban-PT-00500/RC-00.smt2,sat,0.0040361881256103516
/20220307-SMPT/Kanban-PT-00500/RF-05.smt2,unsat,0.0031745433807373047
/20220307-SMPT/Kanban-PT-00500/RF-07.smt2,sat,0.003640413284301758
/20220307-SMPT/Kanban-PT-00500/RF-10.smt2,sat,0.003943204879760742
/20220307-SMPT/Kanban-PT-00500/RF-08.smt2,sat,0.003875255584716797
/20220307-SMPT/Kanban-PT-00500/RC-08.smt2,unsat,0.0028645992279052734
/20220307-SMPT/Kanban-PT-00500/RF-15.smt2,sat,0.0038056373596191406
/20220307-SMPT/Kanban-PT-00500/RF-09.smt2,sat,0.003876209259033203
/20220307-SMPT/Kanban-PT-00500/RC-07.smt2,sat,0.00489044189453125
/20220307-SMPT/Kanban-PT-00500/RF-06.smt2,sat,0.004324436187744141
/20220307-SMPT/Kanban-PT-00500/RC-09.smt2,unsat,0.0035371780395507812
/20220307-SMPT/Kanban-PT-00500/RC-15.smt2,sat,0.0043544769287109375
/20220307-SMPT/Kanban-PT-00500/RC-12.smt2,sat,0.003976583480834961
/20220307-SMPT/Kanban-PT-00500/RF-14.smt2,sat,0.003931760787963867
/20220307-SMPT/Diffusion2D-PT-D05N350/RC-02.smt2,unsat,0.0023360252380371094
/20220307-SMPT/Diffusion2D-PT-D05N350/RF-12.smt2,sat,0.004384756088256836
/20220307-SMPT/Diffusion2D-PT-D05N350/RC-03.smt2,unsat,0.003456592559814453
/20220307-SMPT/Diffusion2D-PT-D05N350/RF-02.smt2,sat,0.003302335739135742
/20220307-SMPT/Diffusion2D-PT-D05N350/RC-11.smt2,sat,0.005581855773925781
/20220307-SMPT/Diffusion2D-PT-D05N350/RF-03.smt2,sat,0.00532841682434082
/20220307-SMPT/Diffusion2D-PT-D05N350/RC-01.smt2,unsat,0.0035448074340820312
/20220307-SMPT/Diffusion2D-PT-D05N350/RF-00.smt2,unsat,0.00540471076965332
/20220307-SMPT/Diffusion2D-PT-D05N350/RC-04.smt2,sat,0.0047686100006103516
/20220307-SMPT/Diffusion2D-PT-D05N350/RC-13.smt2,sat,0.0059735774993896484
/20220307-SMPT/Diffusion2D-PT-D05N350/RC-06.smt2,sat,0.004626750946044922
/20220307-SMPT/Diffusion2D-PT-D05N350/RC-14.smt2,sat,0.004693269729614258
/20220307-SMPT/Diffusion2D-PT-D05N350/RC-10.smt2,sat,0.004477977752685547
/20220307-SMPT/Diffusion2D-PT-D05N350/RF-04.smt2,sat,0.0044019222259521484
/20220307-SMPT/Diffusion2D-PT-D05N350/RF-01.smt2,sat,0.005042552947998047
/20220307-SMPT/Diffusion2D-PT-D05N350/RC-05.smt2,sat,0.004527568817138672
/20220307-SMPT/Diffusion2D-PT-D05N350/RC-00.smt2,sat,0.0044536590576171875
/20220307-SMPT/Diffusion2D-PT-D05N350/RF-05.smt2,unsat,0.004067659378051758
/20220307-SMPT/Diffusion2D-PT-D05N350/RF-07.smt2,sat,0.005683183670043945
/20220307-SMPT/Diffusion2D-PT-D05N350/RF-10.smt2,unsat,0.003874540328979492
/20220307-SMPT/Diffusion2D-PT-D05N350/RF-08.smt2,unsat,0.003555774688720703
/20220307-SMPT/Diffusion2D-PT-D05N350/RC-08.smt2,sat,0.004228830337524414
/20220307-SMPT/Diffusion2D-PT-D05N350/RF-15.smt2,sat,0.004889011383056641
/20220307-SMPT/Diffusion2D-PT-D05N350/RF-09.smt2,sat,0.004618406295776367
/20220307-SMPT/Diffusion2D-PT-D05N350/RC-07.smt2,sat,0.004186868667602539
/20220307-SMPT/Diffusion2D-PT-D05N350/RF-06.smt2,sat,0.003973722457885742
/20220307-SMPT/Diffusion2D-PT-D05N350/RC-09.smt2,sat,0.0035173892974853516
/20220307-SMPT/Diffusion2D-PT-D05N350/RC-15.smt2,sat,0.005446434020996094
/20220307-SMPT/Diffusion2D-PT-D05N350/RC-12.smt2,sat,0.00551152229309082
/20220307-SMPT/Diffusion2D-PT-D05N350/RF-14.smt2,sat,0.005438566207885742
/20220307-SMPT/Diffusion2D-PT-D10N100/RC-02.smt2,sat,0.008776187896728516
/20220307-SMPT/Diffusion2D-PT-D10N100/RF-12.smt2,sat,0.009474992752075195
/20220307-SMPT/Diffusion2D-PT-D10N100/RC-03.smt2,sat,0.006711483001708984
/20220307-SMPT/Diffusion2D-PT-D10N100/RF-02.smt2,sat,0.008812189102172852
/20220307-SMPT/Diffusion2D-PT-D10N100/RC-11.smt2,sat,0.007006645202636719
/20220307-SMPT/Diffusion2D-PT-D10N100/RF-03.smt2,sat,0.0072917938232421875
/20220307-SMPT/Diffusion2D-PT-D10N100/RC-01.smt2,sat,0.00661015510559082
/20220307-SMPT/Diffusion2D-PT-D10N100/RF-00.smt2,sat,0.007317304611206055
/20220307-SMPT/Diffusion2D-PT-D10N100/RC-04.smt2,sat,0.0057163238525390625
/20220307-SMPT/Diffusion2D-PT-D10N100/RF-11.smt2,sat,0.0065708160400390625
/20220307-SMPT/Diffusion2D-PT-D10N100/RC-13.smt2,sat,0.006836891174316406
/20220307-SMPT/Diffusion2D-PT-D10N100/RC-06.smt2,sat,0.006983757019042969
/20220307-SMPT/Diffusion2D-PT-D10N100/RC-14.smt2,sat,0.007603645324707031
/20220307-SMPT/Diffusion2D-PT-D10N100/RC-10.smt2,sat,0.007942676544189453
/20220307-SMPT/Diffusion2D-PT-D10N100/RF-04.smt2,sat,0.00713348388671875
/20220307-SMPT/Diffusion2D-PT-D10N100/RF-01.smt2,sat,0.006353139877319336
/20220307-SMPT/Diffusion2D-PT-D10N100/RF-13.smt2,sat,0.007380008697509766
/20220307-SMPT/Diffusion2D-PT-D10N100/RC-05.smt2,sat,0.007082223892211914
/20220307-SMPT/Diffusion2D-PT-D10N100/RC-00.smt2,sat,0.006949901580810547
/20220307-SMPT/Diffusion2D-PT-D10N100/RF-05.smt2,sat,0.007158041000366211
/20220307-SMPT/Diffusion2D-PT-D10N100/RF-07.smt2,sat,0.008272409439086914
/20220307-SMPT/Diffusion2D-PT-D10N100/RF-10.smt2,sat,0.00850677490234375
/20220307-SMPT/Diffusion2D-PT-D10N100/RF-08.smt2,sat,0.006830930709838867
/20220307-SMPT/Diffusion2D-PT-D10N100/RC-08.smt2,sat,0.007303953170776367
/20220307-SMPT/Diffusion2D-PT-D10N100/RF-15.smt2,sat,0.008268117904663086
/20220307-SMPT/Diffusion2D-PT-D10N100/RF-09.smt2,sat,0.005894660949707031
/20220307-SMPT/Diffusion2D-PT-D10N100/RC-07.smt2,sat,0.00671839714050293
/20220307-SMPT/Diffusion2D-PT-D10N100/RF-06.smt2,sat,0.008930444717407227
/20220307-SMPT/Diffusion2D-PT-D10N100/RC-09.smt2,sat,0.00791478157043457
/20220307-SMPT/Diffusion2D-PT-D10N100/RC-15.smt2,sat,0.00714874267578125
/20220307-SMPT/Diffusion2D-PT-D10N100/RC-12.smt2,sat,0.006562948226928711
/20220307-SMPT/Diffusion2D-PT-D10N100/RF-14.smt2,sat,0.008818626403808594
/20220307-SMPT/RwMutex-PT-r0010w0500/RC-02.smt2,sat,0.21837663650512695
/20220307-SMPT/RwMutex-PT-r0010w0500/RF-12.smt2,sat,0.23132872581481934
/20220307-SMPT/RwMutex-PT-r0010w0500/RC-03.smt2,sat,0.3378489017486572
/20220307-SMPT/RwMutex-PT-r0010w0500/RF-02.smt2,sat,0.527550220489502
/20220307-SMPT/RwMutex-PT-r0010w0500/RC-11.smt2,sat,0.396925687789917
/20220307-SMPT/RwMutex-PT-r0010w0500/RF-03.smt2,unsat,0.3982064723968506
/20220307-SMPT/RwMutex-PT-r0010w0500/RC-01.smt2,sat,0.19817638397216797
/20220307-SMPT/RwMutex-PT-r0010w0500/RF-00.smt2,sat,0.29804539680480957
/20220307-SMPT/RwMutex-PT-r0010w0500/RC-04.smt2,sat,0.36870288848876953
/20220307-SMPT/RwMutex-PT-r0010w0500/RF-11.smt2,sat,0.21303629875183105
/20220307-SMPT/RwMutex-PT-r0010w0500/RC-13.smt2,unsat,0.2397165298461914
/20220307-SMPT/RwMutex-PT-r0010w0500/RC-06.smt2,sat,0.27307939529418945
/20220307-SMPT/RwMutex-PT-r0010w0500/RC-14.smt2,sat,0.23675537109375
/20220307-SMPT/RwMutex-PT-r0010w0500/RC-10.smt2,unsat,0.25833559036254883
/20220307-SMPT/RwMutex-PT-r0010w0500/RF-04.smt2,sat,0.23464417457580566
/20220307-SMPT/RwMutex-PT-r0010w0500/RF-01.smt2,sat,0.5179369449615479
/20220307-SMPT/RwMutex-PT-r0010w0500/RF-13.smt2,sat,0.2271251678466797
/20220307-SMPT/RwMutex-PT-r0010w0500/RC-05.smt2,sat,0.22852230072021484
/20220307-SMPT/RwMutex-PT-r0010w0500/RC-00.smt2,sat,0.21367740631103516
/20220307-SMPT/RwMutex-PT-r0010w0500/RF-05.smt2,sat,0.51837158203125
/20220307-SMPT/RwMutex-PT-r0010w0500/RF-07.smt2,sat,0.22290468215942383
/20220307-SMPT/RwMutex-PT-r0010w0500/RF-10.smt2,sat,0.41029834747314453
/20220307-SMPT/RwMutex-PT-r0010w0500/RF-08.smt2,sat,0.22669482231140137
/20220307-SMPT/RwMutex-PT-r0010w0500/RC-08.smt2,unsat,0.1956315040588379
/20220307-SMPT/RwMutex-PT-r0010w0500/RF-15.smt2,unsat,0.37095165252685547
/20220307-SMPT/RwMutex-PT-r0010w0500/RF-09.smt2,unsat,0.32684874534606934
/20220307-SMPT/RwMutex-PT-r0010w0500/RC-07.smt2,sat,0.20441842079162598
/20220307-SMPT/RwMutex-PT-r0010w0500/RF-06.smt2,sat,0.19927668571472168
/20220307-SMPT/RwMutex-PT-r0010w0500/RC-09.smt2,sat,0.37784790992736816
/20220307-SMPT/RwMutex-PT-r0010w0500/RC-15.smt2,sat,0.21598267555236816
/20220307-SMPT/RwMutex-PT-r0010w0500/RC-12.smt2,sat,0.256819486618042
/20220307-SMPT/RwMutex-PT-r0010w0500/RF-14.smt2,sat,0.22420930862426758
/20220307-SMPT/Kanban-PT-20000/RC-02.smt2,unsat,0.0042307376861572266
/20220307-SMPT/Kanban-PT-20000/RF-12.smt2,sat,0.003668069839477539
/20220307-SMPT/Kanban-PT-20000/RC-03.smt2,sat,0.004159688949584961
/20220307-SMPT/Kanban-PT-20000/RF-02.smt2,sat,0.0032837390899658203
/20220307-SMPT/Kanban-PT-20000/RC-11.smt2,sat,0.003337860107421875
/20220307-SMPT/Kanban-PT-20000/RF-03.smt2,sat,0.003432750701904297
/20220307-SMPT/Kanban-PT-20000/RC-01.smt2,sat,0.0031385421752929688
/20220307-SMPT/Kanban-PT-20000/RF-00.smt2,sat,0.003598451614379883
/20220307-SMPT/Kanban-PT-20000/RC-04.smt2,sat,0.004298686981201172
/20220307-SMPT/Kanban-PT-20000/RF-11.smt2,unsat,0.0050165653228759766
/20220307-SMPT/Kanban-PT-20000/RC-13.smt2,sat,0.00516510009765625
/20220307-SMPT/Kanban-PT-20000/RC-06.smt2,sat,0.004296302795410156
/20220307-SMPT/Kanban-PT-20000/RC-14.smt2,sat,0.0048983097076416016
/20220307-SMPT/Kanban-PT-20000/RC-10.smt2,sat,0.004504203796386719
/20220307-SMPT/Kanban-PT-20000/RF-04.smt2,unsat,0.00385284423828125
/20220307-SMPT/Kanban-PT-20000/RF-01.smt2,sat,0.002671957015991211
/20220307-SMPT/Kanban-PT-20000/RF-13.smt2,unsat,0.0032384395599365234
/20220307-SMPT/Kanban-PT-20000/RC-05.smt2,unsat,0.004253387451171875
/20220307-SMPT/Kanban-PT-20000/RC-00.smt2,sat,0.0035161972045898438
/20220307-SMPT/Kanban-PT-20000/RF-05.smt2,unsat,0.0038640499114990234
/20220307-SMPT/Kanban-PT-20000/RF-07.smt2,unsat,0.003658771514892578
/20220307-SMPT/Kanban-PT-20000/RF-10.smt2,unsat,0.004025697708129883
/20220307-SMPT/Kanban-PT-20000/RF-08.smt2,sat,0.003824949264526367
/20220307-SMPT/Kanban-PT-20000/RC-08.smt2,sat,0.0041277408599853516
/20220307-SMPT/Kanban-PT-20000/RF-09.smt2,sat,0.005057573318481445
/20220307-SMPT/Kanban-PT-20000/RC-07.smt2,sat,0.003720998764038086
/20220307-SMPT/Kanban-PT-20000/RF-06.smt2,sat,0.004094839096069336
/20220307-SMPT/Kanban-PT-20000/RC-09.smt2,sat,0.003938198089599609
/20220307-SMPT/Kanban-PT-20000/RC-15.smt2,sat,0.0037949085235595703
/20220307-SMPT/Kanban-PT-20000/RC-12.smt2,sat,0.005166292190551758
/20220307-SMPT/Kanban-PT-20000/RF-14.smt2,unsat,0.0033020973205566406
/20220307-SMPT/SmallOperatingSystem-PT-MT0256DC0064/RC-02.smt2,sat,0.0033864974975585938
/20220307-SMPT/SmallOperatingSystem-PT-MT0256DC0064/RF-12.smt2,sat,0.002892732620239258
/20220307-SMPT/SmallOperatingSystem-PT-MT0256DC0064/RC-03.smt2,sat,0.0035767555236816406
/20220307-SMPT/SmallOperatingSystem-PT-MT0256DC0064/RF-02.smt2,unsat,0.004084587097167969
/20220307-SMPT/SmallOperatingSystem-PT-MT0256DC0064/RC-11.smt2,unsat,0.005005359649658203
/20220307-SMPT/SmallOperatingSystem-PT-MT0256DC0064/RF-03.smt2,unsat,0.0032601356506347656
/20220307-SMPT/SmallOperatingSystem-PT-MT0256DC0064/RC-01.smt2,sat,0.003821849822998047
/20220307-SMPT/SmallOperatingSystem-PT-MT0256DC0064/RF-00.smt2,sat,0.0034341812133789062
/20220307-SMPT/SmallOperatingSystem-PT-MT0256DC0064/RC-04.smt2,unsat,0.003258943557739258
/20220307-SMPT/SmallOperatingSystem-PT-MT0256DC0064/RC-13.smt2,sat,0.005975008010864258
/20220307-SMPT/SmallOperatingSystem-PT-MT0256DC0064/RC-06.smt2,sat,0.003960371017456055
/20220307-SMPT/SmallOperatingSystem-PT-MT0256DC0064/RC-14.smt2,sat,0.0031113624572753906
/20220307-SMPT/SmallOperatingSystem-PT-MT0256DC0064/RC-10.smt2,sat,0.004274129867553711
/20220307-SMPT/SmallOperatingSystem-PT-MT0256DC0064/RF-04.smt2,sat,0.003452301025390625
/20220307-SMPT/SmallOperatingSystem-PT-MT0256DC0064/RF-01.smt2,sat,0.0029404163360595703
/20220307-SMPT/SmallOperatingSystem-PT-MT0256DC0064/RF-13.smt2,sat,0.0047109127044677734
/20220307-SMPT/SmallOperatingSystem-PT-MT0256DC0064/RC-05.smt2,sat,0.003774881362915039
/20220307-SMPT/SmallOperatingSystem-PT-MT0256DC0064/RC-00.smt2,unsat,0.00339508056640625
/20220307-SMPT/SmallOperatingSystem-PT-MT0256DC0064/RF-10.smt2,unsat,0.004717350006103516
/20220307-SMPT/SmallOperatingSystem-PT-MT0256DC0064/RF-08.smt2,sat,0.0035715103149414062
/20220307-SMPT/SmallOperatingSystem-PT-MT0256DC0064/RC-08.smt2,sat,0.0037865638732910156
/20220307-SMPT/SmallOperatingSystem-PT-MT0256DC0064/RF-15.smt2,unsat,0.0043141841888427734
/20220307-SMPT/SmallOperatingSystem-PT-MT0256DC0064/RC-07.smt2,sat,0.0025358200073242188
/20220307-SMPT/SmallOperatingSystem-PT-MT0256DC0064/RC-09.smt2,sat,0.003583669662475586
/20220307-SMPT/SmallOperatingSystem-PT-MT0256DC0064/RC-15.smt2,sat,0.013515710830688477
/20220307-SMPT/SmallOperatingSystem-PT-MT0256DC0064/RC-12.smt2,sat,0.0030786991119384766
/20220307-SMPT/SmallOperatingSystem-PT-MT0256DC0064/RF-14.smt2,sat,0.0035276412963867188
/20220307-SMPT/HouseConstruction-PT-32000/RC-02.smt2,sat,0.0038814544677734375
/20220307-SMPT/HouseConstruction-PT-32000/RF-12.smt2,sat,0.00432896614074707
/20220307-SMPT/HouseConstruction-PT-32000/RC-03.smt2,sat,0.0040395259857177734
/20220307-SMPT/HouseConstruction-PT-32000/RF-02.smt2,sat,0.004912137985229492
/20220307-SMPT/HouseConstruction-PT-32000/RC-11.smt2,sat,0.004822492599487305
/20220307-SMPT/HouseConstruction-PT-32000/RF-03.smt2,unsat,0.0033006668090820312
/20220307-SMPT/HouseConstruction-PT-32000/RC-01.smt2,sat,0.004064321517944336
/20220307-SMPT/HouseConstruction-PT-32000/RF-00.smt2,unsat,0.0043637752532958984
/20220307-SMPT/HouseConstruction-PT-32000/RC-04.smt2,sat,0.005330324172973633
/20220307-SMPT/HouseConstruction-PT-32000/RF-11.smt2,sat,0.004570484161376953
/20220307-SMPT/HouseConstruction-PT-32000/RC-13.smt2,sat,0.004788637161254883
/20220307-SMPT/HouseConstruction-PT-32000/RC-06.smt2,sat,0.00458073616027832
/20220307-SMPT/HouseConstruction-PT-32000/RC-14.smt2,sat,0.004426479339599609
/20220307-SMPT/HouseConstruction-PT-32000/RC-10.smt2,sat,0.004061460494995117
/20220307-SMPT/HouseConstruction-PT-32000/RF-04.smt2,sat,0.002787351608276367
/20220307-SMPT/HouseConstruction-PT-32000/RF-01.smt2,sat,0.004802703857421875
/20220307-SMPT/HouseConstruction-PT-32000/RF-13.smt2,sat,0.0031697750091552734
/20220307-SMPT/HouseConstruction-PT-32000/RC-05.smt2,sat,0.005112886428833008
/20220307-SMPT/HouseConstruction-PT-32000/RC-00.smt2,unsat,0.004660606384277344
/20220307-SMPT/HouseConstruction-PT-32000/RF-05.smt2,sat,0.003955364227294922
/20220307-SMPT/HouseConstruction-PT-32000/RF-07.smt2,sat,0.003393411636352539
/20220307-SMPT/HouseConstruction-PT-32000/RF-10.smt2,sat,0.0052144527435302734
/20220307-SMPT/HouseConstruction-PT-32000/RF-08.smt2,sat,0.004882097244262695
/20220307-SMPT/HouseConstruction-PT-32000/RC-08.smt2,sat,0.00417327880859375
/20220307-SMPT/HouseConstruction-PT-32000/RF-15.smt2,sat,0.005403280258178711
/20220307-SMPT/HouseConstruction-PT-32000/RF-09.smt2,sat,0.0036182403564453125
/20220307-SMPT/HouseConstruction-PT-32000/RC-07.smt2,sat,0.003803253173828125
/20220307-SMPT/HouseConstruction-PT-32000/RF-06.smt2,sat,0.006639003753662109
/20220307-SMPT/HouseConstruction-PT-32000/RC-09.smt2,sat,0.0054547786712646484
/20220307-SMPT/HouseConstruction-PT-32000/RC-15.smt2,sat,0.004048585891723633
/20220307-SMPT/HouseConstruction-PT-32000/RC-12.smt2,sat,0.0062103271484375
/20220307-SMPT/HouseConstruction-PT-32000/RF-14.smt2,sat,0.0042879581451416016
/20220307-SMPT/ERK-PT-001000/RC-02.smt2,unsat,0.004067420959472656
/20220307-SMPT/ERK-PT-001000/RF-12.smt2,sat,0.004769325256347656
/20220307-SMPT/ERK-PT-001000/RC-03.smt2,sat,0.003195047378540039
/20220307-SMPT/ERK-PT-001000/RF-02.smt2,sat,0.003907442092895508
/20220307-SMPT/ERK-PT-001000/RC-11.smt2,sat,0.003959178924560547
/20220307-SMPT/ERK-PT-001000/RF-03.smt2,unsat,0.00402379035949707
/20220307-SMPT/ERK-PT-001000/RC-01.smt2,sat,0.004743814468383789
/20220307-SMPT/ERK-PT-001000/RF-00.smt2,unsat,0.003063201904296875
/20220307-SMPT/ERK-PT-001000/RC-04.smt2,sat,0.0027353763580322266
/20220307-SMPT/ERK-PT-001000/RF-11.smt2,unsat,0.004078388214111328
/20220307-SMPT/ERK-PT-001000/RC-13.smt2,sat,0.0032529830932617188
/20220307-SMPT/ERK-PT-001000/RC-06.smt2,sat,0.004321098327636719
/20220307-SMPT/ERK-PT-001000/RC-14.smt2,sat,0.004408121109008789
/20220307-SMPT/ERK-PT-001000/RC-10.smt2,sat,0.004918098449707031
/20220307-SMPT/ERK-PT-001000/RF-04.smt2,sat,0.004131793975830078
/20220307-SMPT/ERK-PT-001000/RF-01.smt2,unsat,0.008518457412719727
/20220307-SMPT/ERK-PT-001000/RF-13.smt2,sat,0.0053863525390625
/20220307-SMPT/ERK-PT-001000/RC-05.smt2,sat,0.0037949085235595703
/20220307-SMPT/ERK-PT-001000/RC-00.smt2,sat,0.004633188247680664
/20220307-SMPT/ERK-PT-001000/RF-05.smt2,sat,0.003313779830932617
/20220307-SMPT/ERK-PT-001000/RF-07.smt2,sat,0.004227399826049805
/20220307-SMPT/ERK-PT-001000/RF-10.smt2,sat,0.0034804344177246094
/20220307-SMPT/ERK-PT-001000/RF-08.smt2,sat,0.0036973953247070312
/20220307-SMPT/ERK-PT-001000/RC-08.smt2,unsat,0.0033478736877441406
/20220307-SMPT/ERK-PT-001000/RF-15.smt2,sat,0.003770589828491211
/20220307-SMPT/ERK-PT-001000/RF-09.smt2,sat,0.004678964614868164
/20220307-SMPT/ERK-PT-001000/RC-07.smt2,unsat,0.003696918487548828
/20220307-SMPT/ERK-PT-001000/RF-06.smt2,sat,0.003689289093017578
/20220307-SMPT/ERK-PT-001000/RC-09.smt2,unsat,0.003444671630859375
/20220307-SMPT/ERK-PT-001000/RC-15.smt2,sat,0.004183769226074219
/20220307-SMPT/ERK-PT-001000/RC-12.smt2,sat,0.0033462047576904297
/20220307-SMPT/Kanban-PT-05000/RC-02.smt2,sat,0.004598855972290039
/20220307-SMPT/Kanban-PT-05000/RF-12.smt2,unsat,0.004398345947265625
/20220307-SMPT/Kanban-PT-05000/RC-03.smt2,sat,0.005376577377319336
/20220307-SMPT/Kanban-PT-05000/RF-02.smt2,unsat,0.003488302230834961
/20220307-SMPT/Kanban-PT-05000/RC-11.smt2,sat,0.0045659542083740234
/20220307-SMPT/Kanban-PT-05000/RF-03.smt2,sat,0.003692626953125
/20220307-SMPT/Kanban-PT-05000/RC-01.smt2,sat,0.004804849624633789
/20220307-SMPT/Kanban-PT-05000/RF-00.smt2,sat,0.003211498260498047
/20220307-SMPT/Kanban-PT-05000/RC-04.smt2,sat,0.00502324104309082
/20220307-SMPT/Kanban-PT-05000/RF-11.smt2,unsat,0.004235029220581055
/20220307-SMPT/Kanban-PT-05000/RC-13.smt2,sat,0.003626108169555664
/20220307-SMPT/Kanban-PT-05000/RC-06.smt2,sat,0.004952430725097656
/20220307-SMPT/Kanban-PT-05000/RC-14.smt2,sat,0.003627777099609375
/20220307-SMPT/Kanban-PT-05000/RC-10.smt2,sat,0.003014802932739258
/20220307-SMPT/Kanban-PT-05000/RF-04.smt2,sat,0.006479978561401367
/20220307-SMPT/Kanban-PT-05000/RF-01.smt2,sat,0.0038344860076904297
/20220307-SMPT/Kanban-PT-05000/RF-13.smt2,unsat,0.003551959991455078
/20220307-SMPT/Kanban-PT-05000/RC-05.smt2,unsat,0.0035347938537597656
/20220307-SMPT/Kanban-PT-05000/RC-00.smt2,unsat,0.004186868667602539
/20220307-SMPT/Kanban-PT-05000/RF-05.smt2,unsat,0.003634929656982422
/20220307-SMPT/Kanban-PT-05000/RF-08.smt2,sat,0.002592802047729492
/20220307-SMPT/Kanban-PT-05000/RC-08.smt2,sat,0.004334688186645508
/20220307-SMPT/Kanban-PT-05000/RF-15.smt2,unsat,0.004180431365966797
/20220307-SMPT/Kanban-PT-05000/RF-09.smt2,sat,0.004017353057861328
/20220307-SMPT/Kanban-PT-05000/RC-07.smt2,sat,0.004069089889526367
/20220307-SMPT/Kanban-PT-05000/RF-06.smt2,sat,0.0033652782440185547
/20220307-SMPT/Kanban-PT-05000/RC-09.smt2,sat,0.004010677337646484
/20220307-SMPT/Kanban-PT-05000/RC-15.smt2,sat,0.004276275634765625
/20220307-SMPT/Kanban-PT-05000/RC-12.smt2,sat,0.004625082015991211
/20220307-SMPT/Kanban-PT-05000/RF-14.smt2,unsat,0.00574183464050293
/20220307-SMPT/Kanban-PT-10000/RC-02.smt2,sat,0.006279468536376953
/20220307-SMPT/Kanban-PT-10000/RF-12.smt2,sat,0.006868839263916016
/20220307-SMPT/Kanban-PT-10000/RC-03.smt2,sat,0.003941774368286133
/20220307-SMPT/Kanban-PT-10000/RF-02.smt2,unsat,0.0034270286560058594
/20220307-SMPT/Kanban-PT-10000/RC-11.smt2,sat,0.004721641540527344
/20220307-SMPT/Kanban-PT-10000/RF-03.smt2,sat,0.00371551513671875
/20220307-SMPT/Kanban-PT-10000/RC-01.smt2,sat,0.0036983489990234375
/20220307-SMPT/Kanban-PT-10000/RF-00.smt2,sat,0.005315303802490234
/20220307-SMPT/Kanban-PT-10000/RC-04.smt2,sat,0.005135774612426758
/20220307-SMPT/Kanban-PT-10000/RF-11.smt2,sat,0.0060079097747802734
/20220307-SMPT/Kanban-PT-10000/RC-13.smt2,sat,0.0031549930572509766
/20220307-SMPT/Kanban-PT-10000/RC-06.smt2,sat,0.004730939865112305
/20220307-SMPT/Kanban-PT-10000/RC-14.smt2,sat,0.004766225814819336
/20220307-SMPT/Kanban-PT-10000/RC-10.smt2,sat,0.0034780502319335938
/20220307-SMPT/Kanban-PT-10000/RF-04.smt2,sat,0.0037393569946289062
/20220307-SMPT/Kanban-PT-10000/RF-01.smt2,unsat,0.005577564239501953
/20220307-SMPT/Kanban-PT-10000/RF-13.smt2,unsat,0.0033147335052490234
/20220307-SMPT/Kanban-PT-10000/RC-05.smt2,sat,0.004387378692626953
/20220307-SMPT/Kanban-PT-10000/RC-00.smt2,sat,0.003789663314819336
/20220307-SMPT/Kanban-PT-10000/RF-05.smt2,sat,0.003673076629638672
/20220307-SMPT/Kanban-PT-10000/RF-07.smt2,sat,0.0029420852661132812
/20220307-SMPT/Kanban-PT-10000/RF-10.smt2,sat,0.00504302978515625
/20220307-SMPT/Kanban-PT-10000/RF-08.smt2,unsat,0.004659891128540039
/20220307-SMPT/Kanban-PT-10000/RC-08.smt2,sat,0.005386829376220703
/20220307-SMPT/Kanban-PT-10000/RF-15.smt2,unsat,0.003972053527832031
/20220307-SMPT/Kanban-PT-10000/RF-09.smt2,sat,0.0034825801849365234
/20220307-SMPT/Kanban-PT-10000/RC-07.smt2,sat,0.003804445266723633
/20220307-SMPT/Kanban-PT-10000/RF-06.smt2,sat,0.0038766860961914062
/20220307-SMPT/Kanban-PT-10000/RC-09.smt2,sat,0.004022121429443359
/20220307-SMPT/Kanban-PT-10000/RC-15.smt2,sat,0.0035614967346191406
/20220307-SMPT/Kanban-PT-10000/RF-14.smt2,unsat,0.005086421966552734
/20220307-SMPT/SmallOperatingSystem-PT-MT2048DC1024/RC-02.smt2,unsat,0.003809213638305664
/20220307-SMPT/SmallOperatingSystem-PT-MT2048DC1024/RF-12.smt2,sat,0.0036606788635253906
/20220307-SMPT/SmallOperatingSystem-PT-MT2048DC1024/RC-03.smt2,unsat,0.0033659934997558594
/20220307-SMPT/SmallOperatingSystem-PT-MT2048DC1024/RF-02.smt2,sat,0.003797769546508789
/20220307-SMPT/SmallOperatingSystem-PT-MT2048DC1024/RC-11.smt2,sat,0.0033712387084960938
/20220307-SMPT/SmallOperatingSystem-PT-MT2048DC1024/RF-03.smt2,sat,0.004152774810791016
/20220307-SMPT/SmallOperatingSystem-PT-MT2048DC1024/RC-01.smt2,sat,0.00435328483581543
/20220307-SMPT/SmallOperatingSystem-PT-MT2048DC1024/RF-00.smt2,sat,0.0034744739532470703
/20220307-SMPT/SmallOperatingSystem-PT-MT2048DC1024/RC-04.smt2,sat,0.0035042762756347656
/20220307-SMPT/SmallOperatingSystem-PT-MT2048DC1024/RF-11.smt2,sat,0.00429987907409668
/20220307-SMPT/SmallOperatingSystem-PT-MT2048DC1024/RC-13.smt2,sat,0.0055999755859375
/20220307-SMPT/SmallOperatingSystem-PT-MT2048DC1024/RC-06.smt2,sat,0.0038290023803710938
/20220307-SMPT/SmallOperatingSystem-PT-MT2048DC1024/RC-14.smt2,sat,0.00512385368347168
/20220307-SMPT/SmallOperatingSystem-PT-MT2048DC1024/RC-10.smt2,unsat,0.004481315612792969
/20220307-SMPT/SmallOperatingSystem-PT-MT2048DC1024/RF-04.smt2,unsat,0.005640506744384766
/20220307-SMPT/SmallOperatingSystem-PT-MT2048DC1024/RF-01.smt2,unsat,0.0034554004669189453
/20220307-SMPT/SmallOperatingSystem-PT-MT2048DC1024/RF-13.smt2,sat,0.003999233245849609
/20220307-SMPT/SmallOperatingSystem-PT-MT2048DC1024/RC-05.smt2,sat,0.003839254379272461
/20220307-SMPT/SmallOperatingSystem-PT-MT2048DC1024/RC-00.smt2,sat,0.00403285026550293
/20220307-SMPT/SmallOperatingSystem-PT-MT2048DC1024/RF-07.smt2,unsat,0.004769802093505859
/20220307-SMPT/SmallOperatingSystem-PT-MT2048DC1024/RF-08.smt2,sat,0.0031707286834716797
/20220307-SMPT/SmallOperatingSystem-PT-MT2048DC1024/RC-08.smt2,unsat,0.0032570362091064453
/20220307-SMPT/SmallOperatingSystem-PT-MT2048DC1024/RF-15.smt2,sat,0.00341796875
/20220307-SMPT/SmallOperatingSystem-PT-MT2048DC1024/RF-09.smt2,unsat,0.0049974918365478516
/20220307-SMPT/SmallOperatingSystem-PT-MT2048DC1024/RC-07.smt2,sat,0.004079103469848633
/20220307-SMPT/SmallOperatingSystem-PT-MT2048DC1024/RF-06.smt2,sat,0.003612995147705078
/20220307-SMPT/SmallOperatingSystem-PT-MT2048DC1024/RC-09.smt2,sat,0.0032486915588378906
/20220307-SMPT/SmallOperatingSystem-PT-MT2048DC1024/RC-15.smt2,unsat,0.0036504268646240234
/20220307-SMPT/SmallOperatingSystem-PT-MT2048DC1024/RC-12.smt2,unsat,0.0030591487884521484
/20220307-SMPT/SmallOperatingSystem-PT-MT4096DC2048/RC-02.smt2,sat,0.0031719207763671875
/20220307-SMPT/SmallOperatingSystem-PT-MT4096DC2048/RF-12.smt2,unsat,0.004346370697021484
/20220307-SMPT/SmallOperatingSystem-PT-MT4096DC2048/RC-03.smt2,sat,0.0036232471466064453
/20220307-SMPT/SmallOperatingSystem-PT-MT4096DC2048/RF-02.smt2,sat,0.003123760223388672
/20220307-SMPT/SmallOperatingSystem-PT-MT4096DC2048/RC-11.smt2,unsat,0.004778623580932617
/20220307-SMPT/SmallOperatingSystem-PT-MT4096DC2048/RC-01.smt2,unsat,0.004039287567138672
/20220307-SMPT/SmallOperatingSystem-PT-MT4096DC2048/RF-00.smt2,sat,0.004595756530761719
/20220307-SMPT/SmallOperatingSystem-PT-MT4096DC2048/RC-04.smt2,unsat,0.0037169456481933594
/20220307-SMPT/SmallOperatingSystem-PT-MT4096DC2048/RF-11.smt2,unsat,0.0036242008209228516
/20220307-SMPT/SmallOperatingSystem-PT-MT4096DC2048/RC-13.smt2,unsat,0.003263711929321289
/20220307-SMPT/SmallOperatingSystem-PT-MT4096DC2048/RC-06.smt2,unsat,0.002765655517578125
/20220307-SMPT/SmallOperatingSystem-PT-MT4096DC2048/RC-14.smt2,unsat,0.005159139633178711
/20220307-SMPT/SmallOperatingSystem-PT-MT4096DC2048/RC-10.smt2,sat,0.0038220882415771484
/20220307-SMPT/SmallOperatingSystem-PT-MT4096DC2048/RF-01.smt2,sat,0.0041561126708984375
/20220307-SMPT/SmallOperatingSystem-PT-MT4096DC2048/RF-13.smt2,sat,0.0036079883575439453
/20220307-SMPT/SmallOperatingSystem-PT-MT4096DC2048/RC-05.smt2,unsat,0.008710384368896484
/20220307-SMPT/SmallOperatingSystem-PT-MT4096DC2048/RC-00.smt2,sat,0.0036559104919433594
/20220307-SMPT/SmallOperatingSystem-PT-MT4096DC2048/RF-05.smt2,unsat,0.0040209293365478516
/20220307-SMPT/SmallOperatingSystem-PT-MT4096DC2048/RF-07.smt2,sat,0.004431247711181641
/20220307-SMPT/SmallOperatingSystem-PT-MT4096DC2048/RF-10.smt2,sat,0.0036225318908691406
/20220307-SMPT/SmallOperatingSystem-PT-MT4096DC2048/RC-08.smt2,unsat,0.0028777122497558594
/20220307-SMPT/SmallOperatingSystem-PT-MT4096DC2048/RF-09.smt2,sat,0.004430055618286133
/20220307-SMPT/SmallOperatingSystem-PT-MT4096DC2048/RC-07.smt2,sat,0.003039121627807617
/20220307-SMPT/SmallOperatingSystem-PT-MT4096DC2048/RF-06.smt2,sat,0.004065275192260742
/20220307-SMPT/SmallOperatingSystem-PT-MT4096DC2048/RC-09.smt2,unsat,0.0035092830657958984
/20220307-SMPT/SmallOperatingSystem-PT-MT4096DC2048/RC-15.smt2,sat,0.001993894577026367
/20220307-SMPT/SmallOperatingSystem-PT-MT4096DC2048/RC-12.smt2,unsat,0.0033164024353027344
/20220307-SMPT/Referendum-PT-1000/RC-02.smt2,sat,0.5915005207061768
/20220307-SMPT/Referendum-PT-1000/RF-12.smt2,sat,0.12443280220031738
/20220307-SMPT/Referendum-PT-1000/RC-03.smt2,sat,0.20484161376953125
/20220307-SMPT/Referendum-PT-1000/RF-02.smt2,unsat,0.37986016273498535
/20220307-SMPT/Referendum-PT-1000/RC-11.smt2,unsat,0.061429738998413086
/20220307-SMPT/Referendum-PT-1000/RF-03.smt2,sat,0.13500595092773438
/20220307-SMPT/Referendum-PT-1000/RC-01.smt2,sat,0.15654850006103516
/20220307-SMPT/Referendum-PT-1000/RF-00.smt2,unsat,0.05885720252990723
/20220307-SMPT/Referendum-PT-1000/RC-04.smt2,unsat,0.059354543685913086
/20220307-SMPT/Referendum-PT-1000/RF-11.smt2,sat,0.1377565860748291
/20220307-SMPT/Referendum-PT-1000/RC-13.smt2,sat,0.1216888427734375
/20220307-SMPT/Referendum-PT-1000/RC-06.smt2,unsat,0.04344439506530762
/20220307-SMPT/Referendum-PT-1000/RC-14.smt2,unsat,0.06503653526306152
/20220307-SMPT/Referendum-PT-1000/RC-10.smt2,unsat,0.06711697578430176
/20220307-SMPT/Referendum-PT-1000/RF-04.smt2,unsat,0.36904072761535645
/20220307-SMPT/Referendum-PT-1000/RF-01.smt2,unsat,0.05907797813415527
/20220307-SMPT/Referendum-PT-1000/RF-13.smt2,sat,0.1279149055480957
/20220307-SMPT/Referendum-PT-1000/RC-05.smt2,unsat,0.06875920295715332
/20220307-SMPT/Referendum-PT-1000/RC-00.smt2,unsat,0.30008506774902344
/20220307-SMPT/Referendum-PT-1000/RF-05.smt2,unsat,0.06832718849182129
/20220307-SMPT/Referendum-PT-1000/RF-07.smt2,unsat,0.07107830047607422
/20220307-SMPT/Referendum-PT-1000/RF-10.smt2,sat,0.13335037231445312
/20220307-SMPT/Referendum-PT-1000/RF-08.smt2,sat,0.1313328742980957
/20220307-SMPT/Referendum-PT-1000/RC-08.smt2,unsat,0.07062363624572754
/20220307-SMPT/Referendum-PT-1000/RF-15.smt2,sat,0.14030838012695312
/20220307-SMPT/Referendum-PT-1000/RF-09.smt2,sat,0.12647390365600586
/20220307-SMPT/Referendum-PT-1000/RC-07.smt2,unsat,0.04015636444091797
/20220307-SMPT/Referendum-PT-1000/RF-06.smt2,unsat,0.06194472312927246
/20220307-SMPT/Referendum-PT-1000/RC-09.smt2,sat,0.12811970710754395
/20220307-SMPT/Referendum-PT-1000/RC-15.smt2,unsat,0.05782270431518555
/20220307-SMPT/Referendum-PT-1000/RC-12.smt2,unsat,0.06089043617248535
/20220307-SMPT/Referendum-PT-1000/RF-14.smt2,sat,0.12442779541015625
/20220307-SMPT/Eratosthenes-PT-500/RC-02.smt2,unsat,0.009748697280883789
/20220307-SMPT/Eratosthenes-PT-500/RF-12.smt2,sat,0.009449243545532227
/20220307-SMPT/Eratosthenes-PT-500/RC-03.smt2,unsat,0.009381771087646484
/20220307-SMPT/Eratosthenes-PT-500/RF-02.smt2,sat,0.008743762969970703
/20220307-SMPT/Eratosthenes-PT-500/RC-11.smt2,unsat,0.010289192199707031
/20220307-SMPT/Eratosthenes-PT-500/RF-03.smt2,sat,0.010460615158081055
/20220307-SMPT/Eratosthenes-PT-500/RC-01.smt2,unsat,0.008915185928344727
/20220307-SMPT/Eratosthenes-PT-500/RF-00.smt2,sat,0.011884450912475586
/20220307-SMPT/Eratosthenes-PT-500/RC-04.smt2,unsat,0.010474205017089844
/20220307-SMPT/Eratosthenes-PT-500/RF-11.smt2,sat,0.010831356048583984
/20220307-SMPT/Eratosthenes-PT-500/RC-13.smt2,unsat,0.007374763488769531
/20220307-SMPT/Eratosthenes-PT-500/RC-06.smt2,unsat,0.0077402591705322266
/20220307-SMPT/Eratosthenes-PT-500/RC-14.smt2,unsat,0.007246494293212891
/20220307-SMPT/Eratosthenes-PT-500/RC-10.smt2,unsat,0.011198759078979492
/20220307-SMPT/Eratosthenes-PT-500/RF-04.smt2,sat,0.008427619934082031
/20220307-SMPT/Eratosthenes-PT-500/RF-01.smt2,sat,0.009152412414550781
/20220307-SMPT/Eratosthenes-PT-500/RF-13.smt2,sat,0.010720014572143555
/20220307-SMPT/Eratosthenes-PT-500/RC-05.smt2,unsat,0.012284040451049805
/20220307-SMPT/Eratosthenes-PT-500/RC-00.smt2,unsat,0.009293079376220703
/20220307-SMPT/Eratosthenes-PT-500/RF-05.smt2,sat,0.009685993194580078
/20220307-SMPT/Eratosthenes-PT-500/RF-07.smt2,sat,0.008971214294433594
/20220307-SMPT/Eratosthenes-PT-500/RF-10.smt2,sat,0.012402534484863281
/20220307-SMPT/Eratosthenes-PT-500/RF-08.smt2,sat,0.010404586791992188
/20220307-SMPT/Eratosthenes-PT-500/RC-08.smt2,unsat,0.007266044616699219
/20220307-SMPT/Eratosthenes-PT-500/RF-15.smt2,sat,0.009377241134643555
/20220307-SMPT/Eratosthenes-PT-500/RF-09.smt2,sat,0.010085105895996094
/20220307-SMPT/Eratosthenes-PT-500/RC-07.smt2,unsat,0.011786937713623047
/20220307-SMPT/Eratosthenes-PT-500/RF-06.smt2,sat,0.009800910949707031
/20220307-SMPT/Eratosthenes-PT-500/RC-09.smt2,unsat,0.008259057998657227
/20220307-SMPT/Eratosthenes-PT-500/RC-15.smt2,unsat,0.009550809860229492
/20220307-SMPT/Eratosthenes-PT-500/RC-12.smt2,sat,0.009876012802124023
/20220307-SMPT/Eratosthenes-PT-500/RF-14.smt2,sat,0.009936809539794922
/20220307-SMPT/Referendum-PT-015/RC-02.smt2,unsat,0.003134489059448242
/20220307-SMPT/Referendum-PT-015/RF-12.smt2,unsat,0.005175352096557617
/20220307-SMPT/Referendum-PT-015/RC-03.smt2,sat,0.005407810211181641
/20220307-SMPT/Referendum-PT-015/RF-02.smt2,unsat,0.004900693893432617
/20220307-SMPT/Referendum-PT-015/RC-11.smt2,unsat,0.004570960998535156
/20220307-SMPT/Referendum-PT-015/RF-03.smt2,sat,0.0050547122955322266
/20220307-SMPT/Referendum-PT-015/RC-01.smt2,unsat,0.004864692687988281
/20220307-SMPT/Referendum-PT-015/RF-00.smt2,unsat,0.00538182258605957
/20220307-SMPT/Referendum-PT-015/RC-04.smt2,unsat,0.0042705535888671875
/20220307-SMPT/Referendum-PT-015/RF-11.smt2,unsat,0.0031180381774902344
/20220307-SMPT/Referendum-PT-015/RC-13.smt2,unsat,0.0049896240234375
/20220307-SMPT/Referendum-PT-015/RC-06.smt2,unsat,0.004489421844482422
/20220307-SMPT/Referendum-PT-015/RC-14.smt2,unsat,0.0046482086181640625
/20220307-SMPT/Referendum-PT-015/RC-10.smt2,unsat,0.005101442337036133
/20220307-SMPT/Referendum-PT-015/RF-04.smt2,unsat,0.004451274871826172
/20220307-SMPT/Referendum-PT-015/RF-01.smt2,unsat,0.004216670989990234
/20220307-SMPT/Referendum-PT-015/RF-13.smt2,unsat,0.004668712615966797
/20220307-SMPT/Referendum-PT-015/RC-05.smt2,unsat,0.005913257598876953
/20220307-SMPT/Referendum-PT-015/RC-00.smt2,unsat,0.006576061248779297
/20220307-SMPT/Referendum-PT-015/RF-05.smt2,sat,0.0049321651458740234
/20220307-SMPT/Referendum-PT-015/RF-07.smt2,unsat,0.0057659149169921875
/20220307-SMPT/Referendum-PT-015/RF-10.smt2,unsat,0.0033464431762695312
/20220307-SMPT/Referendum-PT-015/RF-08.smt2,unsat,0.006074428558349609
/20220307-SMPT/Referendum-PT-015/RC-08.smt2,unsat,0.004648923873901367
/20220307-SMPT/Referendum-PT-015/RF-15.smt2,sat,0.004616498947143555
/20220307-SMPT/Referendum-PT-015/RF-09.smt2,unsat,0.005117177963256836
/20220307-SMPT/Referendum-PT-015/RC-07.smt2,sat,0.004826784133911133
/20220307-SMPT/Referendum-PT-015/RF-06.smt2,sat,0.0057718753814697266
/20220307-SMPT/Referendum-PT-015/RC-09.smt2,unsat,0.0043332576751708984
/20220307-SMPT/Referendum-PT-015/RC-15.smt2,unsat,0.004030466079711914
/20220307-SMPT/Referendum-PT-015/RC-12.smt2,unsat,0.004192829132080078
/20220307-SMPT/Referendum-PT-015/RF-14.smt2,unsat,0.00445103645324707
/20220307-SMPT/IOTPpurchase-PT-C12M10P15D17/RC-02.smt2,sat,0.00720524787902832
/20220307-SMPT/IOTPpurchase-PT-C12M10P15D17/RF-12.smt2,sat,0.006901741027832031
/20220307-SMPT/IOTPpurchase-PT-C12M10P15D17/RC-03.smt2,sat,0.00785207748413086
/20220307-SMPT/IOTPpurchase-PT-C12M10P15D17/RF-02.smt2,sat,0.00674891471862793
/20220307-SMPT/IOTPpurchase-PT-C12M10P15D17/RC-11.smt2,unsat,0.00635075569152832
/20220307-SMPT/IOTPpurchase-PT-C12M10P15D17/RF-03.smt2,sat,0.008031368255615234
/20220307-SMPT/IOTPpurchase-PT-C12M10P15D17/RC-01.smt2,unsat,0.005770683288574219
/20220307-SMPT/IOTPpurchase-PT-C12M10P15D17/RF-00.smt2,sat,0.00771784782409668
/20220307-SMPT/IOTPpurchase-PT-C12M10P15D17/RC-04.smt2,sat,0.006604909896850586
/20220307-SMPT/IOTPpurchase-PT-C12M10P15D17/RF-11.smt2,sat,0.007448673248291016
/20220307-SMPT/IOTPpurchase-PT-C12M10P15D17/RC-13.smt2,sat,0.0072307586669921875
/20220307-SMPT/IOTPpurchase-PT-C12M10P15D17/RC-06.smt2,sat,0.006371021270751953
/20220307-SMPT/IOTPpurchase-PT-C12M10P15D17/RC-14.smt2,sat,0.007143735885620117
/20220307-SMPT/IOTPpurchase-PT-C12M10P15D17/RC-10.smt2,sat,0.007384777069091797
/20220307-SMPT/IOTPpurchase-PT-C12M10P15D17/RF-04.smt2,sat,0.0061473846435546875
/20220307-SMPT/IOTPpurchase-PT-C12M10P15D17/RF-01.smt2,sat,0.006868839263916016
/20220307-SMPT/IOTPpurchase-PT-C12M10P15D17/RF-13.smt2,sat,0.005913496017456055
/20220307-SMPT/IOTPpurchase-PT-C12M10P15D17/RC-05.smt2,sat,0.0064508914947509766
/20220307-SMPT/IOTPpurchase-PT-C12M10P15D17/RC-00.smt2,sat,0.006936550140380859
/20220307-SMPT/IOTPpurchase-PT-C12M10P15D17/RF-05.smt2,sat,0.006336212158203125
/20220307-SMPT/IOTPpurchase-PT-C12M10P15D17/RF-07.smt2,unsat,0.006602287292480469
/20220307-SMPT/IOTPpurchase-PT-C12M10P15D17/RF-10.smt2,sat,0.007195234298706055
/20220307-SMPT/IOTPpurchase-PT-C12M10P15D17/RF-08.smt2,sat,0.007210254669189453
/20220307-SMPT/IOTPpurchase-PT-C12M10P15D17/RC-08.smt2,sat,0.006943941116333008
/20220307-SMPT/IOTPpurchase-PT-C12M10P15D17/RF-15.smt2,sat,0.007934331893920898
/20220307-SMPT/IOTPpurchase-PT-C12M10P15D17/RF-09.smt2,sat,0.008252143859863281
/20220307-SMPT/IOTPpurchase-PT-C12M10P15D17/RC-07.smt2,sat,0.008764028549194336
/20220307-SMPT/IOTPpurchase-PT-C12M10P15D17/RF-06.smt2,sat,0.0072956085205078125
/20220307-SMPT/IOTPpurchase-PT-C12M10P15D17/RC-09.smt2,sat,0.007168769836425781
/20220307-SMPT/IOTPpurchase-PT-C12M10P15D17/RC-15.smt2,sat,0.007243156433105469
/20220307-SMPT/IOTPpurchase-PT-C12M10P15D17/RC-12.smt2,sat,0.007021903991699219
/20220307-SMPT/IOTPpurchase-PT-C12M10P15D17/RF-14.smt2,sat,0.008795499801635742
/20220307-SMPT/IOTPpurchase-PT-C03M03P03D03/RC-02.smt2,unsat,0.005879640579223633
/20220307-SMPT/IOTPpurchase-PT-C03M03P03D03/RF-12.smt2,sat,0.0068247318267822266
/20220307-SMPT/IOTPpurchase-PT-C03M03P03D03/RC-03.smt2,sat,0.006277799606323242
/20220307-SMPT/IOTPpurchase-PT-C03M03P03D03/RF-02.smt2,sat,0.006552696228027344
/20220307-SMPT/IOTPpurchase-PT-C03M03P03D03/RC-11.smt2,unsat,0.007130622863769531
/20220307-SMPT/IOTPpurchase-PT-C03M03P03D03/RF-03.smt2,sat,0.008583784103393555
/20220307-SMPT/IOTPpurchase-PT-C03M03P03D03/RC-01.smt2,unsat,0.006775617599487305
/20220307-SMPT/IOTPpurchase-PT-C03M03P03D03/RF-00.smt2,sat,0.00739598274230957
/20220307-SMPT/IOTPpurchase-PT-C03M03P03D03/RC-04.smt2,sat,0.0062677860260009766
/20220307-SMPT/IOTPpurchase-PT-C03M03P03D03/RF-11.smt2,sat,0.008026838302612305
/20220307-SMPT/IOTPpurchase-PT-C03M03P03D03/RC-13.smt2,sat,0.006827116012573242
/20220307-SMPT/IOTPpurchase-PT-C03M03P03D03/RC-06.smt2,sat,0.007387638092041016
/20220307-SMPT/IOTPpurchase-PT-C03M03P03D03/RC-14.smt2,unsat,0.006631612777709961
/20220307-SMPT/IOTPpurchase-PT-C03M03P03D03/RC-10.smt2,unsat,0.007782936096191406
/20220307-SMPT/IOTPpurchase-PT-C03M03P03D03/RF-04.smt2,sat,0.0067386627197265625
/20220307-SMPT/IOTPpurchase-PT-C03M03P03D03/RF-01.smt2,sat,0.009210586547851562
/20220307-SMPT/IOTPpurchase-PT-C03M03P03D03/RF-13.smt2,sat,0.0064809322357177734
/20220307-SMPT/IOTPpurchase-PT-C03M03P03D03/RC-05.smt2,sat,0.0070078372955322266
/20220307-SMPT/IOTPpurchase-PT-C03M03P03D03/RC-00.smt2,sat,0.0067882537841796875
/20220307-SMPT/IOTPpurchase-PT-C03M03P03D03/RF-05.smt2,sat,0.005978107452392578
/20220307-SMPT/IOTPpurchase-PT-C03M03P03D03/RF-07.smt2,sat,0.006894588470458984
/20220307-SMPT/IOTPpurchase-PT-C03M03P03D03/RF-10.smt2,sat,0.005368709564208984
/20220307-SMPT/IOTPpurchase-PT-C03M03P03D03/RF-08.smt2,sat,0.0074574947357177734
/20220307-SMPT/IOTPpurchase-PT-C03M03P03D03/RC-08.smt2,sat,0.00664830207824707
/20220307-SMPT/IOTPpurchase-PT-C03M03P03D03/RF-15.smt2,sat,0.008147716522216797
/20220307-SMPT/IOTPpurchase-PT-C03M03P03D03/RF-09.smt2,sat,0.006649017333984375
/20220307-SMPT/IOTPpurchase-PT-C03M03P03D03/RC-07.smt2,unsat,0.006182670593261719
/20220307-SMPT/IOTPpurchase-PT-C03M03P03D03/RF-06.smt2,unsat,0.006125926971435547
/20220307-SMPT/IOTPpurchase-PT-C03M03P03D03/RC-09.smt2,unsat,0.006743192672729492
/20220307-SMPT/IOTPpurchase-PT-C03M03P03D03/RC-15.smt2,sat,0.00632166862487793
/20220307-SMPT/IOTPpurchase-PT-C03M03P03D03/RC-12.smt2,sat,0.006664276123046875
/20220307-SMPT/IOTPpurchase-PT-C03M03P03D03/RF-14.smt2,sat,0.007370948791503906
/20220307-SMPT/SharedMemory-PT-000020/RC-02.smt2,unsat,0.09619832038879395
/20220307-SMPT/SharedMemory-PT-000020/RF-12.smt2,unsat,0.12473702430725098
/20220307-SMPT/SharedMemory-PT-000020/RC-03.smt2,sat,0.09365129470825195
/20220307-SMPT/SharedMemory-PT-000020/RF-02.smt2,unsat,0.07818245887756348
/20220307-SMPT/SharedMemory-PT-000020/RC-11.smt2,unsat,0.09318685531616211
/20220307-SMPT/SharedMemory-PT-000020/RF-03.smt2,sat,0.13129401206970215
/20220307-SMPT/SharedMemory-PT-000020/RC-01.smt2,sat,0.09674525260925293
/20220307-SMPT/SharedMemory-PT-000020/RF-00.smt2,unsat,0.0775444507598877
/20220307-SMPT/SharedMemory-PT-000020/RC-04.smt2,unsat,0.09502887725830078
/20220307-SMPT/SharedMemory-PT-000020/RF-11.smt2,unsat,0.11557197570800781
/20220307-SMPT/SharedMemory-PT-000020/RC-13.smt2,unsat,0.0921018123626709
/20220307-SMPT/SharedMemory-PT-000020/RC-06.smt2,unsat,0.08924102783203125
/20220307-SMPT/SharedMemory-PT-000020/RC-14.smt2,unsat,0.08567976951599121
/20220307-SMPT/SharedMemory-PT-000020/RC-10.smt2,unsat,0.0941171646118164
/20220307-SMPT/SharedMemory-PT-000020/RF-04.smt2,sat,0.09831857681274414
/20220307-SMPT/SharedMemory-PT-000020/RF-01.smt2,sat,0.14744949340820312
/20220307-SMPT/SharedMemory-PT-000020/RF-13.smt2,unsat,0.08736515045166016
/20220307-SMPT/SharedMemory-PT-000020/RC-05.smt2,unsat,0.08247160911560059
/20220307-SMPT/SharedMemory-PT-000020/RC-00.smt2,sat,0.09181976318359375
/20220307-SMPT/SharedMemory-PT-000020/RF-05.smt2,unsat,0.07226228713989258
/20220307-SMPT/SharedMemory-PT-000020/RF-07.smt2,sat,0.11401486396789551
/20220307-SMPT/SharedMemory-PT-000020/RF-10.smt2,unsat,0.12177515029907227
/20220307-SMPT/SharedMemory-PT-000020/RF-08.smt2,unsat,0.13561773300170898
/20220307-SMPT/SharedMemory-PT-000020/RC-08.smt2,unsat,0.11644673347473145
/20220307-SMPT/SharedMemory-PT-000020/RF-15.smt2,unsat,0.13616371154785156
/20220307-SMPT/SharedMemory-PT-000020/RF-09.smt2,unsat,0.11974358558654785
/20220307-SMPT/SharedMemory-PT-000020/RC-07.smt2,unsat,0.08542180061340332
/20220307-SMPT/SharedMemory-PT-000020/RF-06.smt2,sat,0.09494328498840332
/20220307-SMPT/SharedMemory-PT-000020/RC-09.smt2,unsat,0.08854842185974121
/20220307-SMPT/SharedMemory-PT-000020/RC-15.smt2,unsat,0.12415170669555664
/20220307-SMPT/SharedMemory-PT-000020/RC-12.smt2,unsat,0.12183380126953125
/20220307-SMPT/SharedMemory-PT-000020/RF-14.smt2,unsat,0.09308981895446777
/20220307-SMPT/SharedMemory-PT-000005/RC-02.smt2,sat,0.007139921188354492
/20220307-SMPT/SharedMemory-PT-000005/RF-12.smt2,sat,0.006367921829223633
/20220307-SMPT/SharedMemory-PT-000005/RC-03.smt2,sat,0.009654045104980469
/20220307-SMPT/SharedMemory-PT-000005/RF-02.smt2,sat,0.008130311965942383
/20220307-SMPT/SharedMemory-PT-000005/RC-11.smt2,sat,0.007082462310791016
/20220307-SMPT/SharedMemory-PT-000005/RF-03.smt2,unsat,0.006103038787841797
/20220307-SMPT/SharedMemory-PT-000005/RC-01.smt2,unsat,0.005979776382446289
/20220307-SMPT/SharedMemory-PT-000005/RF-00.smt2,sat,0.0076792240142822266
/20220307-SMPT/SharedMemory-PT-000005/RC-04.smt2,sat,0.006178140640258789
/20220307-SMPT/SharedMemory-PT-000005/RF-11.smt2,sat,0.007227420806884766
/20220307-SMPT/SharedMemory-PT-000005/RC-13.smt2,sat,0.0075778961181640625
/20220307-SMPT/SharedMemory-PT-000005/RC-06.smt2,sat,0.006283283233642578
/20220307-SMPT/SharedMemory-PT-000005/RC-14.smt2,sat,0.006891012191772461
/20220307-SMPT/SharedMemory-PT-000005/RC-10.smt2,sat,0.007130622863769531
/20220307-SMPT/SharedMemory-PT-000005/RF-04.smt2,sat,0.007667064666748047
/20220307-SMPT/SharedMemory-PT-000005/RF-01.smt2,sat,0.008420228958129883
/20220307-SMPT/SharedMemory-PT-000005/RF-13.smt2,sat,0.008186578750610352
/20220307-SMPT/SharedMemory-PT-000005/RC-05.smt2,sat,0.008071184158325195
/20220307-SMPT/SharedMemory-PT-000005/RC-00.smt2,sat,0.0064241886138916016
/20220307-SMPT/SharedMemory-PT-000005/RF-05.smt2,sat,0.006161689758300781
/20220307-SMPT/SharedMemory-PT-000005/RF-07.smt2,sat,0.008569955825805664
/20220307-SMPT/SharedMemory-PT-000005/RF-10.smt2,sat,0.005877494812011719
/20220307-SMPT/SharedMemory-PT-000005/RF-08.smt2,sat,0.0063092708587646484
/20220307-SMPT/SharedMemory-PT-000005/RC-08.smt2,unsat,0.0063631534576416016
/20220307-SMPT/SharedMemory-PT-000005/RF-15.smt2,sat,0.009109258651733398
/20220307-SMPT/SharedMemory-PT-000005/RF-09.smt2,sat,0.007264852523803711
/20220307-SMPT/SharedMemory-PT-000005/RC-07.smt2,sat,0.007178544998168945
/20220307-SMPT/SharedMemory-PT-000005/RF-06.smt2,sat,0.007566213607788086
/20220307-SMPT/SharedMemory-PT-000005/RC-09.smt2,sat,0.0061588287353515625
/20220307-SMPT/SharedMemory-PT-000005/RC-15.smt2,unsat,0.007621049880981445
/20220307-SMPT/SharedMemory-PT-000005/RC-12.smt2,unsat,0.005542755126953125
/20220307-SMPT/SharedMemory-PT-000005/RF-14.smt2,sat,0.007063627243041992
/20220307-SMPT/CircularTrains-PT-024/RC-02.smt2,unsat,0.00492405891418457
/20220307-SMPT/CircularTrains-PT-024/RF-12.smt2,unsat,0.0043904781341552734
/20220307-SMPT/CircularTrains-PT-024/RC-03.smt2,unsat,0.005296230316162109
/20220307-SMPT/CircularTrains-PT-024/RF-02.smt2,unsat,0.0052165985107421875
/20220307-SMPT/CircularTrains-PT-024/RC-11.smt2,unsat,0.0035512447357177734
/20220307-SMPT/CircularTrains-PT-024/RF-03.smt2,unsat,0.004876613616943359
/20220307-SMPT/CircularTrains-PT-024/RC-01.smt2,unsat,0.004335641860961914
/20220307-SMPT/CircularTrains-PT-024/RF-00.smt2,unsat,0.004246950149536133
/20220307-SMPT/CircularTrains-PT-024/RC-04.smt2,unsat,0.0053637027740478516
/20220307-SMPT/CircularTrains-PT-024/RF-11.smt2,unsat,0.005383968353271484
/20220307-SMPT/CircularTrains-PT-024/RC-13.smt2,unsat,0.0051686763763427734
/20220307-SMPT/CircularTrains-PT-024/RC-06.smt2,unsat,0.005788564682006836
/20220307-SMPT/CircularTrains-PT-024/RC-14.smt2,unsat,0.00563812255859375
/20220307-SMPT/CircularTrains-PT-024/RC-10.smt2,unsat,0.005095243453979492
/20220307-SMPT/CircularTrains-PT-024/RF-04.smt2,unsat,0.005431652069091797
/20220307-SMPT/CircularTrains-PT-024/RF-01.smt2,unsat,0.0062105655670166016
/20220307-SMPT/CircularTrains-PT-024/RF-13.smt2,unsat,0.005522727966308594
/20220307-SMPT/CircularTrains-PT-024/RC-05.smt2,unsat,0.0052487850189208984
/20220307-SMPT/CircularTrains-PT-024/RC-00.smt2,unsat,0.005564212799072266
/20220307-SMPT/CircularTrains-PT-024/RF-05.smt2,unsat,0.004778861999511719
/20220307-SMPT/CircularTrains-PT-024/RF-07.smt2,sat,0.00491642951965332
/20220307-SMPT/CircularTrains-PT-024/RF-10.smt2,unsat,0.005877494812011719
/20220307-SMPT/CircularTrains-PT-024/RF-08.smt2,unsat,0.0060961246490478516
/20220307-SMPT/CircularTrains-PT-024/RC-08.smt2,unsat,0.003651142120361328
/20220307-SMPT/CircularTrains-PT-024/RF-15.smt2,unsat,0.005681514739990234
/20220307-SMPT/CircularTrains-PT-024/RF-09.smt2,unsat,0.006333827972412109
/20220307-SMPT/CircularTrains-PT-024/RC-07.smt2,unsat,0.0041730403900146484
/20220307-SMPT/CircularTrains-PT-024/RF-06.smt2,sat,0.005281686782836914
/20220307-SMPT/CircularTrains-PT-024/RC-09.smt2,sat,0.005391359329223633
/20220307-SMPT/CircularTrains-PT-024/RC-15.smt2,unsat,0.0035555362701416016
/20220307-SMPT/CircularTrains-PT-024/RC-12.smt2,unsat,0.005239248275756836
/20220307-SMPT/CircularTrains-PT-024/RF-14.smt2,unsat,0.005341529846191406
/20220307-SMPT/Diffusion2D-PT-D20N100/RC-02.smt2,sat,0.0188291072845459
/20220307-SMPT/Diffusion2D-PT-D20N100/RF-12.smt2,sat,0.018556833267211914
/20220307-SMPT/Diffusion2D-PT-D20N100/RC-03.smt2,sat,0.019963502883911133
/20220307-SMPT/Diffusion2D-PT-D20N100/RF-02.smt2,sat,0.017892837524414062
/20220307-SMPT/Diffusion2D-PT-D20N100/RC-11.smt2,sat,0.02039194107055664
/20220307-SMPT/Diffusion2D-PT-D20N100/RF-03.smt2,sat,0.018982410430908203
/20220307-SMPT/Diffusion2D-PT-D20N100/RC-01.smt2,sat,0.020132780075073242
/20220307-SMPT/Diffusion2D-PT-D20N100/RF-00.smt2,sat,0.01913928985595703
/20220307-SMPT/Diffusion2D-PT-D20N100/RC-04.smt2,sat,0.019332170486450195
/20220307-SMPT/Diffusion2D-PT-D20N100/RF-11.smt2,sat,0.01905369758605957
/20220307-SMPT/Diffusion2D-PT-D20N100/RC-13.smt2,sat,0.021015167236328125
/20220307-SMPT/Diffusion2D-PT-D20N100/RC-06.smt2,sat,0.01656365394592285
/20220307-SMPT/Diffusion2D-PT-D20N100/RC-14.smt2,sat,0.018510818481445312
/20220307-SMPT/Diffusion2D-PT-D20N100/RC-10.smt2,sat,0.020081281661987305
/20220307-SMPT/Diffusion2D-PT-D20N100/RF-04.smt2,sat,0.01737380027770996
/20220307-SMPT/Diffusion2D-PT-D20N100/RF-01.smt2,sat,0.01849508285522461
/20220307-SMPT/Diffusion2D-PT-D20N100/RF-13.smt2,sat,0.018826723098754883
/20220307-SMPT/Diffusion2D-PT-D20N100/RC-05.smt2,sat,0.018305301666259766
/20220307-SMPT/Diffusion2D-PT-D20N100/RC-00.smt2,sat,0.018075227737426758
/20220307-SMPT/Diffusion2D-PT-D20N100/RF-05.smt2,sat,0.01733994483947754
/20220307-SMPT/Diffusion2D-PT-D20N100/RF-07.smt2,sat,0.01917886734008789
/20220307-SMPT/Diffusion2D-PT-D20N100/RF-10.smt2,sat,0.0204470157623291
/20220307-SMPT/Diffusion2D-PT-D20N100/RF-08.smt2,sat,0.018889665603637695
/20220307-SMPT/Diffusion2D-PT-D20N100/RC-08.smt2,sat,0.020695924758911133
/20220307-SMPT/Diffusion2D-PT-D20N100/RF-15.smt2,sat,0.02148270606994629
/20220307-SMPT/Diffusion2D-PT-D20N100/RF-09.smt2,sat,0.021155357360839844
/20220307-SMPT/Diffusion2D-PT-D20N100/RC-07.smt2,sat,0.0181577205657959
/20220307-SMPT/Diffusion2D-PT-D20N100/RF-06.smt2,sat,0.02028346061706543
/20220307-SMPT/Diffusion2D-PT-D20N100/RC-09.smt2,sat,0.01816534996032715
/20220307-SMPT/Diffusion2D-PT-D20N100/RC-15.smt2,sat,0.01920795440673828
/20220307-SMPT/Diffusion2D-PT-D20N100/RC-12.smt2,sat,0.018451452255249023
/20220307-SMPT/Diffusion2D-PT-D20N100/RF-14.smt2,sat,0.01947927474975586
/20220307-SMPT/ERK-PT-010000/RC-02.smt2,sat,0.003454446792602539
/20220307-SMPT/ERK-PT-010000/RF-12.smt2,sat,0.003888368606567383
/20220307-SMPT/ERK-PT-010000/RC-03.smt2,sat,0.002605915069580078
/20220307-SMPT/ERK-PT-010000/RF-02.smt2,unsat,0.00527191162109375
/20220307-SMPT/ERK-PT-010000/RC-11.smt2,sat,0.00431370735168457
/20220307-SMPT/ERK-PT-010000/RF-03.smt2,sat,0.0040340423583984375
/20220307-SMPT/ERK-PT-010000/RC-01.smt2,unsat,0.0032982826232910156
/20220307-SMPT/ERK-PT-010000/RF-00.smt2,sat,0.0039098262786865234
/20220307-SMPT/ERK-PT-010000/RC-04.smt2,sat,0.0036551952362060547
/20220307-SMPT/ERK-PT-010000/RF-11.smt2,sat,0.004268169403076172
/20220307-SMPT/ERK-PT-010000/RC-13.smt2,sat,0.004968166351318359
/20220307-SMPT/ERK-PT-010000/RC-06.smt2,unsat,0.0036902427673339844
/20220307-SMPT/ERK-PT-010000/RC-14.smt2,sat,0.003885507583618164
/20220307-SMPT/ERK-PT-010000/RC-10.smt2,sat,0.0039005279541015625
/20220307-SMPT/ERK-PT-010000/RF-01.smt2,sat,0.003994941711425781
/20220307-SMPT/ERK-PT-010000/RC-05.smt2,unsat,0.003911733627319336
/20220307-SMPT/ERK-PT-010000/RC-00.smt2,sat,0.003747701644897461
/20220307-SMPT/ERK-PT-010000/RF-05.smt2,sat,0.004121541976928711
/20220307-SMPT/ERK-PT-010000/RF-07.smt2,sat,0.004456281661987305
/20220307-SMPT/ERK-PT-010000/RF-10.smt2,sat,0.0029468536376953125
/20220307-SMPT/ERK-PT-010000/RC-08.smt2,sat,0.003422260284423828
/20220307-SMPT/ERK-PT-010000/RF-09.smt2,sat,0.003838062286376953
/20220307-SMPT/ERK-PT-010000/RC-07.smt2,sat,0.0026073455810546875
/20220307-SMPT/ERK-PT-010000/RC-09.smt2,sat,0.003928422927856445
/20220307-SMPT/ERK-PT-010000/RC-15.smt2,sat,0.003488779067993164
/20220307-SMPT/ERK-PT-010000/RC-12.smt2,sat,0.003721475601196289
/20220307-SMPT/ERK-PT-010000/RF-14.smt2,sat,0.0040781497955322266
/20220307-SMPT/Diffusion2D-PT-D40N100/RC-02.smt2,sat,0.0637674331665039
/20220307-SMPT/Diffusion2D-PT-D40N100/RF-12.smt2,sat,0.07165360450744629
/20220307-SMPT/Diffusion2D-PT-D40N100/RC-03.smt2,sat,0.06960916519165039
/20220307-SMPT/Diffusion2D-PT-D40N100/RF-02.smt2,sat,0.07459783554077148
/20220307-SMPT/Diffusion2D-PT-D40N100/RC-11.smt2,sat,0.0685126781463623
/20220307-SMPT/Diffusion2D-PT-D40N100/RF-03.smt2,sat,0.07388591766357422
/20220307-SMPT/Diffusion2D-PT-D40N100/RC-01.smt2,sat,0.0642397403717041
/20220307-SMPT/Diffusion2D-PT-D40N100/RF-00.smt2,sat,0.06944465637207031
/20220307-SMPT/Diffusion2D-PT-D40N100/RC-04.smt2,sat,0.07414436340332031
/20220307-SMPT/Diffusion2D-PT-D40N100/RF-11.smt2,sat,0.07138657569885254
/20220307-SMPT/Diffusion2D-PT-D40N100/RC-13.smt2,sat,0.07630538940429688
/20220307-SMPT/Diffusion2D-PT-D40N100/RC-06.smt2,sat,0.07619929313659668
/20220307-SMPT/Diffusion2D-PT-D40N100/RC-14.smt2,sat,0.06691217422485352
/20220307-SMPT/Diffusion2D-PT-D40N100/RC-10.smt2,sat,0.06626653671264648
/20220307-SMPT/Diffusion2D-PT-D40N100/RF-04.smt2,sat,0.06524944305419922
/20220307-SMPT/Diffusion2D-PT-D40N100/RF-01.smt2,sat,0.06937026977539062
/20220307-SMPT/Diffusion2D-PT-D40N100/RF-13.smt2,sat,0.07050418853759766
/20220307-SMPT/Diffusion2D-PT-D40N100/RC-05.smt2,sat,0.07610058784484863
/20220307-SMPT/Diffusion2D-PT-D40N100/RC-00.smt2,sat,0.06675028800964355
/20220307-SMPT/Diffusion2D-PT-D40N100/RF-05.smt2,sat,0.07265543937683105
/20220307-SMPT/Diffusion2D-PT-D40N100/RF-07.smt2,sat,0.06988191604614258
/20220307-SMPT/Diffusion2D-PT-D40N100/RF-10.smt2,sat,0.06779789924621582
/20220307-SMPT/Diffusion2D-PT-D40N100/RF-08.smt2,sat,0.06694817543029785
/20220307-SMPT/Diffusion2D-PT-D40N100/RC-08.smt2,sat,0.06660056114196777
/20220307-SMPT/Diffusion2D-PT-D40N100/RF-15.smt2,sat,0.06642866134643555
/20220307-SMPT/Diffusion2D-PT-D40N100/RF-09.smt2,sat,0.06766843795776367
/20220307-SMPT/Diffusion2D-PT-D40N100/RC-07.smt2,sat,0.06951093673706055
/20220307-SMPT/Diffusion2D-PT-D40N100/RF-06.smt2,sat,0.07128381729125977
/20220307-SMPT/Diffusion2D-PT-D40N100/RC-09.smt2,sat,0.06926226615905762
/20220307-SMPT/Diffusion2D-PT-D40N100/RC-15.smt2,sat,0.0720357894897461
/20220307-SMPT/Diffusion2D-PT-D40N100/RC-12.smt2,sat,0.07211709022521973
/20220307-SMPT/Diffusion2D-PT-D40N100/RF-14.smt2,sat,0.07245135307312012
/20220307-SMPT/Diffusion2D-PT-D50N050/RC-02.smt2,sat,0.10796856880187988
/20220307-SMPT/Diffusion2D-PT-D50N050/RF-12.smt2,sat,0.11434030532836914
/20220307-SMPT/Diffusion2D-PT-D50N050/RC-03.smt2,sat,0.11224937438964844
/20220307-SMPT/Diffusion2D-PT-D50N050/RF-02.smt2,sat,0.09822511672973633
/20220307-SMPT/Diffusion2D-PT-D50N050/RC-11.smt2,sat,0.10811042785644531
/20220307-SMPT/Diffusion2D-PT-D50N050/RF-03.smt2,sat,0.10813474655151367
/20220307-SMPT/Diffusion2D-PT-D50N050/RC-01.smt2,sat,0.1169590950012207
/20220307-SMPT/Diffusion2D-PT-D50N050/RF-00.smt2,sat,0.10804057121276855
/20220307-SMPT/Diffusion2D-PT-D50N050/RC-04.smt2,sat,0.11639761924743652
/20220307-SMPT/Diffusion2D-PT-D50N050/RF-11.smt2,sat,0.10727453231811523
/20220307-SMPT/Diffusion2D-PT-D50N050/RC-13.smt2,sat,0.10242843627929688
/20220307-SMPT/Diffusion2D-PT-D50N050/RC-06.smt2,sat,0.11069011688232422
/20220307-SMPT/Diffusion2D-PT-D50N050/RC-14.smt2,sat,0.11066913604736328
/20220307-SMPT/Diffusion2D-PT-D50N050/RC-10.smt2,sat,0.12742018699645996
/20220307-SMPT/Diffusion2D-PT-D50N050/RF-04.smt2,sat,0.12379980087280273
/20220307-SMPT/Diffusion2D-PT-D50N050/RF-01.smt2,sat,0.12073731422424316
/20220307-SMPT/Diffusion2D-PT-D50N050/RF-13.smt2,sat,0.12070941925048828
/20220307-SMPT/Diffusion2D-PT-D50N050/RC-05.smt2,sat,0.10460138320922852
/20220307-SMPT/Diffusion2D-PT-D50N050/RC-00.smt2,sat,0.1070547103881836
/20220307-SMPT/Diffusion2D-PT-D50N050/RF-05.smt2,sat,0.10932040214538574
/20220307-SMPT/Diffusion2D-PT-D50N050/RF-07.smt2,sat,0.12094497680664062
/20220307-SMPT/Diffusion2D-PT-D50N050/RF-10.smt2,sat,0.10248756408691406
/20220307-SMPT/Diffusion2D-PT-D50N050/RF-08.smt2,sat,0.11223530769348145
/20220307-SMPT/Diffusion2D-PT-D50N050/RC-08.smt2,sat,0.09867691993713379
/20220307-SMPT/Diffusion2D-PT-D50N050/RF-15.smt2,sat,0.11571526527404785
/20220307-SMPT/Diffusion2D-PT-D50N050/RF-09.smt2,sat,0.10347914695739746
/20220307-SMPT/Diffusion2D-PT-D50N050/RC-07.smt2,sat,0.11596035957336426
/20220307-SMPT/Diffusion2D-PT-D50N050/RF-06.smt2,sat,0.11419296264648438
/20220307-SMPT/Diffusion2D-PT-D50N050/RC-09.smt2,sat,0.13460636138916016
/20220307-SMPT/Diffusion2D-PT-D50N050/RC-15.smt2,sat,0.0998373031616211
/20220307-SMPT/Diffusion2D-PT-D50N050/RC-12.smt2,sat,0.12340641021728516
/20220307-SMPT/Diffusion2D-PT-D50N050/RF-14.smt2,sat,0.10604596138000488
/20220307-SMPT/Diffusion2D-PT-D50N100/RC-02.smt2,sat,0.11338090896606445
/20220307-SMPT/Diffusion2D-PT-D50N100/RF-12.smt2,sat,0.10969185829162598
/20220307-SMPT/Diffusion2D-PT-D50N100/RC-03.smt2,sat,0.12131214141845703
/20220307-SMPT/Diffusion2D-PT-D50N100/RF-02.smt2,sat,0.1209869384765625
/20220307-SMPT/Diffusion2D-PT-D50N100/RC-11.smt2,sat,0.11113452911376953
/20220307-SMPT/Diffusion2D-PT-D50N100/RF-03.smt2,sat,0.09869742393493652
/20220307-SMPT/Diffusion2D-PT-D50N100/RC-01.smt2,sat,0.11426115036010742
/20220307-SMPT/Diffusion2D-PT-D50N100/RF-00.smt2,sat,0.10578298568725586
/20220307-SMPT/Diffusion2D-PT-D50N100/RC-04.smt2,sat,0.09478116035461426
/20220307-SMPT/Diffusion2D-PT-D50N100/RF-11.smt2,sat,0.1107022762298584
/20220307-SMPT/Diffusion2D-PT-D50N100/RC-13.smt2,sat,0.12416934967041016
/20220307-SMPT/Diffusion2D-PT-D50N100/RC-06.smt2,sat,0.10093951225280762
/20220307-SMPT/Diffusion2D-PT-D50N100/RC-14.smt2,sat,0.10945677757263184
/20220307-SMPT/Diffusion2D-PT-D50N100/RC-10.smt2,sat,0.1143648624420166
/20220307-SMPT/Diffusion2D-PT-D50N100/RF-04.smt2,sat,0.10764145851135254
/20220307-SMPT/Diffusion2D-PT-D50N100/RF-01.smt2,sat,0.10695338249206543
/20220307-SMPT/Diffusion2D-PT-D50N100/RF-13.smt2,sat,0.10973596572875977
/20220307-SMPT/Diffusion2D-PT-D50N100/RC-05.smt2,sat,0.11490726470947266
/20220307-SMPT/Diffusion2D-PT-D50N100/RC-00.smt2,sat,0.10499715805053711
/20220307-SMPT/Diffusion2D-PT-D50N100/RF-05.smt2,sat,0.11012506484985352
/20220307-SMPT/Diffusion2D-PT-D50N100/RF-07.smt2,sat,0.10691547393798828
/20220307-SMPT/Diffusion2D-PT-D50N100/RF-10.smt2,sat,0.10677170753479004
/20220307-SMPT/Diffusion2D-PT-D50N100/RF-08.smt2,sat,0.10506868362426758
/20220307-SMPT/Diffusion2D-PT-D50N100/RC-08.smt2,sat,0.11492371559143066
/20220307-SMPT/Diffusion2D-PT-D50N100/RF-15.smt2,sat,0.11157727241516113
/20220307-SMPT/Diffusion2D-PT-D50N100/RF-09.smt2,sat,0.1062006950378418
/20220307-SMPT/Diffusion2D-PT-D50N100/RC-07.smt2,sat,0.11239314079284668
/20220307-SMPT/Diffusion2D-PT-D50N100/RF-06.smt2,sat,0.10602164268493652
/20220307-SMPT/Diffusion2D-PT-D50N100/RC-09.smt2,sat,0.11565804481506348
/20220307-SMPT/Diffusion2D-PT-D50N100/RC-15.smt2,sat,0.10433268547058105
/20220307-SMPT/Diffusion2D-PT-D50N100/RC-12.smt2,sat,0.11883974075317383
/20220307-SMPT/Diffusion2D-PT-D50N100/RF-14.smt2,sat,0.11629843711853027
/20220307-SMPT/MAPK-PT-00008/RC-02.smt2,sat,0.0035767555236816406
/20220307-SMPT/MAPK-PT-00008/RF-12.smt2,sat,0.004994630813598633
/20220307-SMPT/MAPK-PT-00008/RC-03.smt2,unsat,0.006143093109130859
/20220307-SMPT/MAPK-PT-00008/RF-02.smt2,sat,0.0033872127532958984
/20220307-SMPT/MAPK-PT-00008/RC-11.smt2,sat,0.0045201778411865234
/20220307-SMPT/MAPK-PT-00008/RF-03.smt2,unsat,0.003972768783569336
/20220307-SMPT/MAPK-PT-00008/RC-01.smt2,sat,0.003525257110595703
/20220307-SMPT/MAPK-PT-00008/RF-00.smt2,unsat,0.005093097686767578
/20220307-SMPT/MAPK-PT-00008/RC-04.smt2,sat,0.003597259521484375
/20220307-SMPT/MAPK-PT-00008/RF-11.smt2,sat,0.004854679107666016
/20220307-SMPT/MAPK-PT-00008/RC-13.smt2,unsat,0.005350828170776367
/20220307-SMPT/MAPK-PT-00008/RC-06.smt2,sat,0.005159616470336914
/20220307-SMPT/MAPK-PT-00008/RC-14.smt2,unsat,0.006081819534301758
/20220307-SMPT/MAPK-PT-00008/RC-10.smt2,sat,0.004423618316650391
/20220307-SMPT/MAPK-PT-00008/RF-04.smt2,unsat,0.006656646728515625
/20220307-SMPT/MAPK-PT-00008/RF-01.smt2,unsat,0.003111124038696289
/20220307-SMPT/MAPK-PT-00008/RF-13.smt2,sat,0.006815433502197266
/20220307-SMPT/MAPK-PT-00008/RC-05.smt2,sat,0.00541377067565918
/20220307-SMPT/MAPK-PT-00008/RC-00.smt2,sat,0.0044345855712890625
/20220307-SMPT/MAPK-PT-00008/RF-05.smt2,sat,0.00428318977355957
/20220307-SMPT/MAPK-PT-00008/RF-07.smt2,unsat,0.0029261112213134766
/20220307-SMPT/MAPK-PT-00008/RF-10.smt2,sat,0.004990100860595703
/20220307-SMPT/MAPK-PT-00008/RF-08.smt2,unsat,0.004683256149291992
/20220307-SMPT/MAPK-PT-00008/RC-08.smt2,sat,0.004520893096923828
/20220307-SMPT/MAPK-PT-00008/RF-15.smt2,sat,0.005008220672607422
/20220307-SMPT/MAPK-PT-00008/RF-09.smt2,unsat,0.004244804382324219
/20220307-SMPT/MAPK-PT-00008/RC-07.smt2,unsat,0.003532886505126953
/20220307-SMPT/MAPK-PT-00008/RF-06.smt2,sat,0.004659891128540039
/20220307-SMPT/MAPK-PT-00008/RC-09.smt2,sat,0.004713773727416992
/20220307-SMPT/MAPK-PT-00008/RC-15.smt2,unsat,0.003977060317993164
/20220307-SMPT/MAPK-PT-00008/RC-12.smt2,sat,0.0045719146728515625
/20220307-SMPT/MAPK-PT-00008/RF-14.smt2,sat,0.006078958511352539
/20220307-SMPT/RwMutex-PT-r0100w0010/RC-02.smt2,sat,0.04533791542053223
/20220307-SMPT/RwMutex-PT-r0100w0010/RF-12.smt2,sat,0.040491580963134766
/20220307-SMPT/RwMutex-PT-r0100w0010/RC-03.smt2,unsat,0.029085159301757812
/20220307-SMPT/RwMutex-PT-r0100w0010/RF-02.smt2,unsat,0.03793907165527344
/20220307-SMPT/RwMutex-PT-r0100w0010/RC-11.smt2,unsat,0.03380084037780762
/20220307-SMPT/RwMutex-PT-r0100w0010/RF-03.smt2,sat,0.03899502754211426
/20220307-SMPT/RwMutex-PT-r0100w0010/RC-01.smt2,sat,0.04753232002258301
/20220307-SMPT/RwMutex-PT-r0100w0010/RF-00.smt2,sat,0.03750181198120117
/20220307-SMPT/RwMutex-PT-r0100w0010/RC-04.smt2,sat,0.03340554237365723
/20220307-SMPT/RwMutex-PT-r0100w0010/RF-11.smt2,sat,0.05377507209777832
/20220307-SMPT/RwMutex-PT-r0100w0010/RC-13.smt2,sat,0.03828120231628418
/20220307-SMPT/RwMutex-PT-r0100w0010/RC-06.smt2,unsat,0.03103041648864746
/20220307-SMPT/RwMutex-PT-r0100w0010/RC-14.smt2,unsat,0.02651691436767578
/20220307-SMPT/RwMutex-PT-r0100w0010/RC-10.smt2,unsat,0.02839040756225586
/20220307-SMPT/RwMutex-PT-r0100w0010/RF-04.smt2,sat,0.03798699378967285
/20220307-SMPT/RwMutex-PT-r0100w0010/RF-01.smt2,sat,0.03897500038146973
/20220307-SMPT/RwMutex-PT-r0100w0010/RF-13.smt2,sat,0.05044722557067871
/20220307-SMPT/RwMutex-PT-r0100w0010/RC-05.smt2,unsat,0.02838134765625
/20220307-SMPT/RwMutex-PT-r0100w0010/RC-00.smt2,sat,0.04003024101257324
/20220307-SMPT/RwMutex-PT-r0100w0010/RF-05.smt2,sat,0.040843963623046875
/20220307-SMPT/RwMutex-PT-r0100w0010/RF-07.smt2,sat,0.04828906059265137
/20220307-SMPT/RwMutex-PT-r0100w0010/RF-10.smt2,unsat,0.03494977951049805
/20220307-SMPT/RwMutex-PT-r0100w0010/RF-08.smt2,sat,0.047518014907836914
/20220307-SMPT/RwMutex-PT-r0100w0010/RC-08.smt2,unsat,0.033354759216308594
/20220307-SMPT/RwMutex-PT-r0100w0010/RF-15.smt2,sat,0.0396265983581543
/20220307-SMPT/RwMutex-PT-r0100w0010/RF-09.smt2,unsat,0.02812671661376953
/20220307-SMPT/RwMutex-PT-r0100w0010/RC-07.smt2,sat,0.03754162788391113
/20220307-SMPT/RwMutex-PT-r0100w0010/RF-06.smt2,sat,0.04079246520996094
/20220307-SMPT/RwMutex-PT-r0100w0010/RC-09.smt2,sat,0.03899431228637695
/20220307-SMPT/RwMutex-PT-r0100w0010/RC-15.smt2,unsat,0.029851198196411133
/20220307-SMPT/RwMutex-PT-r0100w0010/RC-12.smt2,unsat,0.02980494499206543
/20220307-SMPT/RwMutex-PT-r0100w0010/RF-14.smt2,sat,0.04699277877807617
/20220307-SMPT/SwimmingPool-PT-06/RC-02.smt2,sat,0.004265308380126953
/20220307-SMPT/SwimmingPool-PT-06/RF-12.smt2,sat,0.0041046142578125
/20220307-SMPT/SwimmingPool-PT-06/RC-03.smt2,sat,0.0038602352142333984
/20220307-SMPT/SwimmingPool-PT-06/RF-02.smt2,sat,0.0032689571380615234
/20220307-SMPT/SwimmingPool-PT-06/RC-11.smt2,sat,0.0034503936767578125
/20220307-SMPT/SwimmingPool-PT-06/RF-03.smt2,sat,0.004611492156982422
/20220307-SMPT/SwimmingPool-PT-06/RC-01.smt2,sat,0.0038895606994628906
/20220307-SMPT/SwimmingPool-PT-06/RF-00.smt2,sat,0.0030469894409179688
/20220307-SMPT/SwimmingPool-PT-06/RC-04.smt2,sat,0.0029947757720947266
/20220307-SMPT/SwimmingPool-PT-06/RF-11.smt2,sat,0.005041360855102539
/20220307-SMPT/SwimmingPool-PT-06/RC-13.smt2,sat,0.0031986236572265625
/20220307-SMPT/SwimmingPool-PT-06/RC-06.smt2,sat,0.00424647331237793
/20220307-SMPT/SwimmingPool-PT-06/RC-14.smt2,sat,0.004090785980224609
/20220307-SMPT/SwimmingPool-PT-06/RC-10.smt2,unsat,0.0032739639282226562
/20220307-SMPT/SwimmingPool-PT-06/RF-01.smt2,unsat,0.0023956298828125
/20220307-SMPT/SwimmingPool-PT-06/RF-13.smt2,unsat,0.003264904022216797
/20220307-SMPT/SwimmingPool-PT-06/RC-05.smt2,sat,0.00635838508605957
/20220307-SMPT/SwimmingPool-PT-06/RC-00.smt2,sat,0.005079507827758789
/20220307-SMPT/SwimmingPool-PT-06/RF-05.smt2,unsat,0.003241300582885742
/20220307-SMPT/SwimmingPool-PT-06/RF-07.smt2,unsat,0.0028502941131591797
/20220307-SMPT/SwimmingPool-PT-06/RF-08.smt2,sat,0.004285335540771484
/20220307-SMPT/SwimmingPool-PT-06/RC-08.smt2,sat,0.002927541732788086
/20220307-SMPT/SwimmingPool-PT-06/RF-09.smt2,sat,0.004828214645385742
/20220307-SMPT/SwimmingPool-PT-06/RC-07.smt2,sat,0.00442957878112793
/20220307-SMPT/SwimmingPool-PT-06/RC-09.smt2,sat,0.005235433578491211
/20220307-SMPT/SwimmingPool-PT-06/RC-15.smt2,unsat,0.003247976303100586
/20220307-SMPT/SwimmingPool-PT-06/RC-12.smt2,sat,0.0041370391845703125
/20220307-SMPT/SwimmingPool-PT-06/RF-14.smt2,unsat,0.0035567283630371094
/20220307-SMPT/NeighborGrid-PT-d5n4m1t35/RC-02.smt2,sat,0.044920921325683594
/20220307-SMPT/NeighborGrid-PT-d5n4m1t35/RF-12.smt2,sat,0.04189562797546387
/20220307-SMPT/NeighborGrid-PT-d5n4m1t35/RC-03.smt2,sat,0.04306817054748535
/20220307-SMPT/NeighborGrid-PT-d5n4m1t35/RF-02.smt2,sat,0.04591727256774902
/20220307-SMPT/NeighborGrid-PT-d5n4m1t35/RC-11.smt2,sat,0.04122495651245117
/20220307-SMPT/NeighborGrid-PT-d5n4m1t35/RF-03.smt2,sat,0.04161214828491211
/20220307-SMPT/NeighborGrid-PT-d5n4m1t35/RC-01.smt2,sat,0.04377031326293945
/20220307-SMPT/NeighborGrid-PT-d5n4m1t35/RF-00.smt2,sat,0.04496479034423828
/20220307-SMPT/NeighborGrid-PT-d5n4m1t35/RC-04.smt2,sat,0.044405221939086914
/20220307-SMPT/NeighborGrid-PT-d5n4m1t35/RF-11.smt2,sat,0.04902243614196777
/20220307-SMPT/NeighborGrid-PT-d5n4m1t35/RC-13.smt2,sat,0.04489421844482422
/20220307-SMPT/NeighborGrid-PT-d5n4m1t35/RC-06.smt2,sat,0.04490256309509277
/20220307-SMPT/NeighborGrid-PT-d5n4m1t35/RC-14.smt2,sat,0.04890632629394531
/20220307-SMPT/NeighborGrid-PT-d5n4m1t35/RC-10.smt2,sat,0.043715715408325195
/20220307-SMPT/NeighborGrid-PT-d5n4m1t35/RF-04.smt2,sat,0.045401811599731445
/20220307-SMPT/NeighborGrid-PT-d5n4m1t35/RF-01.smt2,sat,0.04793810844421387
/20220307-SMPT/NeighborGrid-PT-d5n4m1t35/RF-13.smt2,sat,0.04331612586975098
/20220307-SMPT/NeighborGrid-PT-d5n4m1t35/RC-05.smt2,sat,0.0433802604675293
/20220307-SMPT/NeighborGrid-PT-d5n4m1t35/RC-00.smt2,sat,0.04257369041442871
/20220307-SMPT/NeighborGrid-PT-d5n4m1t35/RF-05.smt2,sat,0.04515409469604492
/20220307-SMPT/NeighborGrid-PT-d5n4m1t35/RF-07.smt2,sat,0.049492835998535156
/20220307-SMPT/NeighborGrid-PT-d5n4m1t35/RF-10.smt2,sat,0.04243969917297363
/20220307-SMPT/NeighborGrid-PT-d5n4m1t35/RF-08.smt2,sat,0.04552459716796875
/20220307-SMPT/NeighborGrid-PT-d5n4m1t35/RC-08.smt2,sat,0.04641842842102051
/20220307-SMPT/NeighborGrid-PT-d5n4m1t35/RF-15.smt2,sat,0.04285907745361328
/20220307-SMPT/NeighborGrid-PT-d5n4m1t35/RF-09.smt2,sat,0.04167914390563965
/20220307-SMPT/NeighborGrid-PT-d5n4m1t35/RC-07.smt2,sat,0.0465238094329834
/20220307-SMPT/NeighborGrid-PT-d5n4m1t35/RF-06.smt2,sat,0.04253506660461426
/20220307-SMPT/NeighborGrid-PT-d5n4m1t35/RC-09.smt2,sat,0.04978203773498535
/20220307-SMPT/NeighborGrid-PT-d5n4m1t35/RC-15.smt2,sat,0.0448908805847168
/20220307-SMPT/NeighborGrid-PT-d5n4m1t35/RC-12.smt2,sat,0.04205608367919922
/20220307-SMPT/NeighborGrid-PT-d5n4m1t35/RF-14.smt2,sat,0.048933982849121094
/20220307-SMPT/BART-PT-005/RC-02.smt2,sat,0.032793521881103516
/20220307-SMPT/BART-PT-005/RF-12.smt2,sat,0.03325486183166504
/20220307-SMPT/BART-PT-005/RC-03.smt2,unsat,0.021251678466796875
/20220307-SMPT/BART-PT-005/RF-02.smt2,unsat,0.033568620681762695
/20220307-SMPT/BART-PT-005/RC-11.smt2,unsat,0.03290224075317383
/20220307-SMPT/BART-PT-005/RF-03.smt2,sat,0.033618927001953125
/20220307-SMPT/BART-PT-005/RC-01.smt2,unsat,0.03375053405761719
/20220307-SMPT/BART-PT-005/RF-00.smt2,sat,0.0355074405670166
/20220307-SMPT/BART-PT-005/RC-04.smt2,unsat,0.03593778610229492
/20220307-SMPT/BART-PT-005/RF-11.smt2,sat,0.03298211097717285
/20220307-SMPT/BART-PT-005/RC-13.smt2,unsat,0.03631925582885742
/20220307-SMPT/BART-PT-005/RC-06.smt2,sat,0.032288312911987305
/20220307-SMPT/BART-PT-005/RC-14.smt2,unsat,0.03596782684326172
/20220307-SMPT/BART-PT-005/RC-10.smt2,unsat,0.03638505935668945
/20220307-SMPT/BART-PT-005/RF-04.smt2,unsat,0.036057472229003906
/20220307-SMPT/BART-PT-005/RF-01.smt2,unsat,0.035440921783447266
/20220307-SMPT/BART-PT-005/RF-13.smt2,sat,0.03186917304992676
/20220307-SMPT/BART-PT-005/RC-05.smt2,sat,0.0336604118347168
/20220307-SMPT/BART-PT-005/RC-00.smt2,sat,0.03370213508605957
/20220307-SMPT/BART-PT-005/RF-05.smt2,sat,0.0343785285949707
/20220307-SMPT/BART-PT-005/RF-07.smt2,sat,0.03394126892089844
/20220307-SMPT/BART-PT-005/RF-10.smt2,sat,0.03307318687438965
/20220307-SMPT/BART-PT-005/RF-08.smt2,sat,0.03576493263244629
/20220307-SMPT/BART-PT-005/RC-08.smt2,unsat,0.034357309341430664
/20220307-SMPT/BART-PT-005/RF-15.smt2,unsat,0.03228282928466797
/20220307-SMPT/BART-PT-005/RF-09.smt2,sat,0.03419327735900879
/20220307-SMPT/BART-PT-005/RC-07.smt2,sat,0.03233695030212402
/20220307-SMPT/BART-PT-005/RF-06.smt2,sat,0.03508925437927246
/20220307-SMPT/BART-PT-005/RC-09.smt2,unsat,0.03448915481567383
/20220307-SMPT/BART-PT-005/RC-15.smt2,unsat,0.021436691284179688
/20220307-SMPT/BART-PT-005/RC-12.smt2,unsat,0.035164833068847656
/20220307-SMPT/BART-PT-005/RF-14.smt2,sat,0.03318667411804199
/20220307-SMPT/FMS-PT-00500/RC-02.smt2,sat,0.004363298416137695
/20220307-SMPT/FMS-PT-00500/RC-03.smt2,sat,0.005595684051513672
/20220307-SMPT/FMS-PT-00500/RF-02.smt2,sat,0.005547761917114258
/20220307-SMPT/FMS-PT-00500/RC-11.smt2,sat,0.005863189697265625
/20220307-SMPT/FMS-PT-00500/RF-03.smt2,sat,0.0037965774536132812
/20220307-SMPT/FMS-PT-00500/RC-01.smt2,sat,0.003136873245239258
/20220307-SMPT/FMS-PT-00500/RF-00.smt2,sat,0.0038635730743408203
/20220307-SMPT/FMS-PT-00500/RF-11.smt2,sat,0.0036089420318603516
/20220307-SMPT/FMS-PT-00500/RC-13.smt2,sat,0.0034475326538085938
/20220307-SMPT/FMS-PT-00500/RC-06.smt2,sat,0.0036318302154541016
/20220307-SMPT/FMS-PT-00500/RC-14.smt2,sat,0.0036017894744873047
/20220307-SMPT/FMS-PT-00500/RC-10.smt2,sat,0.004419803619384766
/20220307-SMPT/FMS-PT-00500/RF-04.smt2,sat,0.003670215606689453
/20220307-SMPT/FMS-PT-00500/RF-01.smt2,sat,0.0047149658203125
/20220307-SMPT/FMS-PT-00500/RF-13.smt2,sat,0.005430459976196289
/20220307-SMPT/FMS-PT-00500/RC-05.smt2,sat,0.004161357879638672
/20220307-SMPT/FMS-PT-00500/RC-00.smt2,sat,0.003309965133666992
/20220307-SMPT/FMS-PT-00500/RF-07.smt2,sat,0.004494667053222656
/20220307-SMPT/FMS-PT-00500/RF-10.smt2,sat,0.004526853561401367
/20220307-SMPT/FMS-PT-00500/RF-08.smt2,sat,0.003567218780517578
/20220307-SMPT/FMS-PT-00500/RC-08.smt2,unsat,0.0037305355072021484
/20220307-SMPT/FMS-PT-00500/RF-09.smt2,sat,0.004199028015136719
/20220307-SMPT/FMS-PT-00500/RC-07.smt2,sat,0.005825042724609375
/20220307-SMPT/FMS-PT-00500/RF-06.smt2,sat,0.0035676956176757812
/20220307-SMPT/FMS-PT-00500/RC-09.smt2,sat,0.00374603271484375
/20220307-SMPT/FMS-PT-00500/RC-15.smt2,sat,0.003824949264526367
/20220307-SMPT/FMS-PT-00500/RC-12.smt2,unsat,0.0029020309448242188
/20220307-SMPT/FMS-PT-00500/RF-14.smt2,unsat,0.004415273666381836
/20220307-SMPT/SwimmingPool-PT-09/RC-02.smt2,unsat,0.003040790557861328
/20220307-SMPT/SwimmingPool-PT-09/RF-12.smt2,unsat,0.0030035972595214844
/20220307-SMPT/SwimmingPool-PT-09/RC-03.smt2,sat,0.0037364959716796875
/20220307-SMPT/SwimmingPool-PT-09/RF-02.smt2,sat,0.0047452449798583984
/20220307-SMPT/SwimmingPool-PT-09/RC-11.smt2,sat,0.004248142242431641
/20220307-SMPT/SwimmingPool-PT-09/RF-03.smt2,sat,0.0031180381774902344
/20220307-SMPT/SwimmingPool-PT-09/RC-01.smt2,unsat,0.004060029983520508
/20220307-SMPT/SwimmingPool-PT-09/RF-00.smt2,unsat,0.004469156265258789
/20220307-SMPT/SwimmingPool-PT-09/RC-04.smt2,sat,0.0030090808868408203
/20220307-SMPT/SwimmingPool-PT-09/RF-11.smt2,sat,0.0033006668090820312
/20220307-SMPT/SwimmingPool-PT-09/RC-13.smt2,sat,0.0036144256591796875
/20220307-SMPT/SwimmingPool-PT-09/RC-06.smt2,sat,0.003437519073486328
/20220307-SMPT/SwimmingPool-PT-09/RC-14.smt2,sat,0.0031452178955078125
/20220307-SMPT/SwimmingPool-PT-09/RC-10.smt2,sat,0.0051801204681396484
/20220307-SMPT/SwimmingPool-PT-09/RF-04.smt2,sat,0.0028533935546875
/20220307-SMPT/SwimmingPool-PT-09/RF-01.smt2,sat,0.003667593002319336
/20220307-SMPT/SwimmingPool-PT-09/RF-13.smt2,unsat,0.005894660949707031
/20220307-SMPT/SwimmingPool-PT-09/RC-05.smt2,unsat,0.004094362258911133
/20220307-SMPT/SwimmingPool-PT-09/RC-00.smt2,sat,0.004322528839111328
/20220307-SMPT/SwimmingPool-PT-09/RF-07.smt2,unsat,0.004225969314575195
/20220307-SMPT/SwimmingPool-PT-09/RC-08.smt2,sat,0.003950834274291992
/20220307-SMPT/SwimmingPool-PT-09/RF-15.smt2,unsat,0.0024580955505371094
/20220307-SMPT/SwimmingPool-PT-09/RF-09.smt2,unsat,0.0048902034759521484
/20220307-SMPT/SwimmingPool-PT-09/RC-07.smt2,sat,0.0037419795989990234
/20220307-SMPT/SwimmingPool-PT-09/RF-06.smt2,sat,0.0034410953521728516
/20220307-SMPT/SwimmingPool-PT-09/RC-09.smt2,unsat,0.0035092830657958984
/20220307-SMPT/SwimmingPool-PT-09/RC-15.smt2,sat,0.0034008026123046875
/20220307-SMPT/SwimmingPool-PT-09/RC-12.smt2,sat,0.004164457321166992
/20220307-SMPT/SwimmingPool-PT-09/RF-14.smt2,sat,0.0032052993774414062
/20220307-SMPT/HouseConstruction-PT-00200/RC-02.smt2,sat,0.005211353302001953
/20220307-SMPT/HouseConstruction-PT-00200/RF-12.smt2,sat,0.004076480865478516
/20220307-SMPT/HouseConstruction-PT-00200/RC-03.smt2,sat,0.004157304763793945
/20220307-SMPT/HouseConstruction-PT-00200/RF-02.smt2,sat,0.005324125289916992
/20220307-SMPT/HouseConstruction-PT-00200/RC-11.smt2,sat,0.004656314849853516
/20220307-SMPT/HouseConstruction-PT-00200/RF-03.smt2,sat,0.0044291019439697266
/20220307-SMPT/HouseConstruction-PT-00200/RC-01.smt2,sat,0.005914926528930664
/20220307-SMPT/HouseConstruction-PT-00200/RF-00.smt2,sat,0.005980968475341797
/20220307-SMPT/HouseConstruction-PT-00200/RC-04.smt2,sat,0.00470280647277832
/20220307-SMPT/HouseConstruction-PT-00200/RF-11.smt2,sat,0.004003286361694336
/20220307-SMPT/HouseConstruction-PT-00200/RC-13.smt2,unsat,0.0038068294525146484
/20220307-SMPT/HouseConstruction-PT-00200/RC-06.smt2,sat,0.005632877349853516
/20220307-SMPT/HouseConstruction-PT-00200/RC-14.smt2,unsat,0.0045871734619140625
/20220307-SMPT/HouseConstruction-PT-00200/RC-10.smt2,sat,0.0040204524993896484
/20220307-SMPT/HouseConstruction-PT-00200/RF-04.smt2,sat,0.0045812129974365234
/20220307-SMPT/HouseConstruction-PT-00200/RF-01.smt2,sat,0.004069805145263672
/20220307-SMPT/HouseConstruction-PT-00200/RF-13.smt2,sat,0.004364728927612305
/20220307-SMPT/HouseConstruction-PT-00200/RC-05.smt2,unsat,0.003351449966430664
/20220307-SMPT/HouseConstruction-PT-00200/RC-00.smt2,sat,0.005748271942138672
/20220307-SMPT/HouseConstruction-PT-00200/RF-05.smt2,sat,0.004776954650878906
/20220307-SMPT/HouseConstruction-PT-00200/RF-10.smt2,sat,0.005409717559814453
/20220307-SMPT/HouseConstruction-PT-00200/RF-08.smt2,unsat,0.003249645233154297
/20220307-SMPT/HouseConstruction-PT-00200/RC-08.smt2,unsat,0.005286693572998047
/20220307-SMPT/HouseConstruction-PT-00200/RF-15.smt2,sat,0.004578113555908203
/20220307-SMPT/HouseConstruction-PT-00200/RF-09.smt2,sat,0.003942251205444336
/20220307-SMPT/HouseConstruction-PT-00200/RC-07.smt2,sat,0.0035371780395507812
/20220307-SMPT/HouseConstruction-PT-00200/RF-06.smt2,sat,0.0051784515380859375
/20220307-SMPT/HouseConstruction-PT-00200/RC-09.smt2,sat,0.004131317138671875
/20220307-SMPT/HouseConstruction-PT-00200/RC-15.smt2,sat,0.005616664886474609
/20220307-SMPT/HouseConstruction-PT-00200/RC-12.smt2,sat,0.004631519317626953
/20220307-SMPT/HouseConstruction-PT-00200/RF-14.smt2,sat,0.004563331604003906
/20220307-SMPT/Diffusion2D-PT-D40N010/RC-02.smt2,sat,0.07012009620666504
/20220307-SMPT/Diffusion2D-PT-D40N010/RF-12.smt2,sat,0.06982040405273438
/20220307-SMPT/Diffusion2D-PT-D40N010/RC-03.smt2,sat,0.06516647338867188
/20220307-SMPT/Diffusion2D-PT-D40N010/RF-02.smt2,sat,0.06990289688110352
/20220307-SMPT/Diffusion2D-PT-D40N010/RC-11.smt2,sat,0.07111358642578125
/20220307-SMPT/Diffusion2D-PT-D40N010/RF-03.smt2,sat,0.0688018798828125
/20220307-SMPT/Diffusion2D-PT-D40N010/RC-01.smt2,sat,0.06478095054626465
/20220307-SMPT/Diffusion2D-PT-D40N010/RF-00.smt2,sat,0.06725835800170898
/20220307-SMPT/Diffusion2D-PT-D40N010/RC-04.smt2,sat,0.07462215423583984
/20220307-SMPT/Diffusion2D-PT-D40N010/RF-11.smt2,sat,0.07602214813232422
/20220307-SMPT/Diffusion2D-PT-D40N010/RC-13.smt2,sat,0.06863880157470703
/20220307-SMPT/Diffusion2D-PT-D40N010/RC-06.smt2,sat,0.06558966636657715
/20220307-SMPT/Diffusion2D-PT-D40N010/RC-14.smt2,sat,0.07067751884460449
/20220307-SMPT/Diffusion2D-PT-D40N010/RC-10.smt2,sat,0.06935739517211914
/20220307-SMPT/Diffusion2D-PT-D40N010/RF-04.smt2,sat,0.06812310218811035
/20220307-SMPT/Diffusion2D-PT-D40N010/RF-01.smt2,sat,0.07275867462158203
/20220307-SMPT/Diffusion2D-PT-D40N010/RF-13.smt2,sat,0.0676572322845459
/20220307-SMPT/Diffusion2D-PT-D40N010/RC-05.smt2,sat,0.06814122200012207
/20220307-SMPT/Diffusion2D-PT-D40N010/RC-00.smt2,sat,0.07129454612731934
/20220307-SMPT/Diffusion2D-PT-D40N010/RF-05.smt2,sat,0.07242655754089355
/20220307-SMPT/Diffusion2D-PT-D40N010/RF-07.smt2,sat,0.07420802116394043
/20220307-SMPT/Diffusion2D-PT-D40N010/RF-10.smt2,sat,0.0683591365814209
/20220307-SMPT/Diffusion2D-PT-D40N010/RF-08.smt2,sat,0.08367609977722168
/20220307-SMPT/Diffusion2D-PT-D40N010/RC-08.smt2,sat,0.06730365753173828
/20220307-SMPT/Diffusion2D-PT-D40N010/RF-15.smt2,sat,0.0715939998626709
/20220307-SMPT/Diffusion2D-PT-D40N010/RF-09.smt2,sat,0.06685185432434082
/20220307-SMPT/Diffusion2D-PT-D40N010/RC-07.smt2,sat,0.0647726058959961
/20220307-SMPT/Diffusion2D-PT-D40N010/RF-06.smt2,sat,0.06889200210571289
/20220307-SMPT/Diffusion2D-PT-D40N010/RC-09.smt2,sat,0.06676340103149414
/20220307-SMPT/Diffusion2D-PT-D40N010/RC-15.smt2,sat,0.06725311279296875
/20220307-SMPT/Diffusion2D-PT-D40N010/RC-12.smt2,sat,0.06998419761657715
/20220307-SMPT/Diffusion2D-PT-D40N010/RF-14.smt2,sat,0.06627917289733887
/20220307-SMPT/SmallOperatingSystem-PT-MT1024DC0256/RC-02.smt2,sat,0.004529476165771484
/20220307-SMPT/SmallOperatingSystem-PT-MT1024DC0256/RF-12.smt2,sat,0.003397226333618164
/20220307-SMPT/SmallOperatingSystem-PT-MT1024DC0256/RC-03.smt2,unsat,0.002283811569213867
/20220307-SMPT/SmallOperatingSystem-PT-MT1024DC0256/RF-02.smt2,sat,0.00515437126159668
/20220307-SMPT/SmallOperatingSystem-PT-MT1024DC0256/RC-11.smt2,sat,0.0030488967895507812
/20220307-SMPT/SmallOperatingSystem-PT-MT1024DC0256/RF-03.smt2,sat,0.0042536258697509766
/20220307-SMPT/SmallOperatingSystem-PT-MT1024DC0256/RC-01.smt2,sat,0.0029723644256591797
/20220307-SMPT/SmallOperatingSystem-PT-MT1024DC0256/RF-00.smt2,sat,0.003330230712890625
/20220307-SMPT/SmallOperatingSystem-PT-MT1024DC0256/RC-04.smt2,sat,0.003627777099609375
/20220307-SMPT/SmallOperatingSystem-PT-MT1024DC0256/RF-11.smt2,sat,0.003537893295288086
/20220307-SMPT/SmallOperatingSystem-PT-MT1024DC0256/RC-13.smt2,unsat,0.0041239261627197266
/20220307-SMPT/SmallOperatingSystem-PT-MT1024DC0256/RC-06.smt2,unsat,0.004183769226074219
/20220307-SMPT/SmallOperatingSystem-PT-MT1024DC0256/RC-14.smt2,sat,0.0038022994995117188
/20220307-SMPT/SmallOperatingSystem-PT-MT1024DC0256/RC-10.smt2,sat,0.0038814544677734375
/20220307-SMPT/SmallOperatingSystem-PT-MT1024DC0256/RF-01.smt2,unsat,0.003053426742553711
/20220307-SMPT/SmallOperatingSystem-PT-MT1024DC0256/RF-13.smt2,sat,0.0035681724548339844
/20220307-SMPT/SmallOperatingSystem-PT-MT1024DC0256/RC-05.smt2,unsat,0.002934694290161133
/20220307-SMPT/SmallOperatingSystem-PT-MT1024DC0256/RC-00.smt2,sat,0.0043332576751708984
/20220307-SMPT/SmallOperatingSystem-PT-MT1024DC0256/RF-07.smt2,unsat,0.003123044967651367
/20220307-SMPT/SmallOperatingSystem-PT-MT1024DC0256/RF-10.smt2,sat,0.003668069839477539
/20220307-SMPT/SmallOperatingSystem-PT-MT1024DC0256/RC-08.smt2,sat,0.0036857128143310547
/20220307-SMPT/SmallOperatingSystem-PT-MT1024DC0256/RF-15.smt2,sat,0.003223896026611328
/20220307-SMPT/SmallOperatingSystem-PT-MT1024DC0256/RF-09.smt2,unsat,0.0036771297454833984
/20220307-SMPT/SmallOperatingSystem-PT-MT1024DC0256/RC-07.smt2,unsat,0.003992795944213867
/20220307-SMPT/SmallOperatingSystem-PT-MT1024DC0256/RF-06.smt2,unsat,0.004444122314453125
/20220307-SMPT/SmallOperatingSystem-PT-MT1024DC0256/RC-09.smt2,sat,0.0031812191009521484
/20220307-SMPT/SmallOperatingSystem-PT-MT1024DC0256/RC-15.smt2,sat,0.003677845001220703
/20220307-SMPT/SmallOperatingSystem-PT-MT1024DC0256/RC-12.smt2,unsat,0.0039522647857666016
/20220307-SMPT/SmallOperatingSystem-PT-MT1024DC0256/RF-14.smt2,unsat,0.0031423568725585938
/20220307-SMPT/Referendum-PT-0500/RC-02.smt2,unsat,0.034824371337890625
/20220307-SMPT/Referendum-PT-0500/RF-12.smt2,sat,0.05896425247192383
/20220307-SMPT/Referendum-PT-0500/RC-03.smt2,sat,0.10770463943481445
/20220307-SMPT/Referendum-PT-0500/RF-02.smt2,unsat,0.03838825225830078
/20220307-SMPT/Referendum-PT-0500/RC-11.smt2,unsat,0.05458354949951172
/20220307-SMPT/Referendum-PT-0500/RF-03.smt2,sat,0.06826138496398926
/20220307-SMPT/Referendum-PT-0500/RC-01.smt2,unsat,0.19237995147705078
/20220307-SMPT/Referendum-PT-0500/RF-00.smt2,unsat,0.04125618934631348
/20220307-SMPT/Referendum-PT-0500/RC-04.smt2,sat,0.15668702125549316
/20220307-SMPT/Referendum-PT-0500/RF-11.smt2,sat,0.05994844436645508
/20220307-SMPT/Referendum-PT-0500/RC-13.smt2,sat,0.06026768684387207
/20220307-SMPT/Referendum-PT-0500/RC-06.smt2,unsat,0.16066670417785645
/20220307-SMPT/Referendum-PT-0500/RC-14.smt2,sat,0.05784177780151367
/20220307-SMPT/Referendum-PT-0500/RC-10.smt2,unsat,0.04412102699279785
/20220307-SMPT/Referendum-PT-0500/RF-04.smt2,unsat,0.04530835151672363
/20220307-SMPT/Referendum-PT-0500/RF-01.smt2,unsat,0.038782596588134766
/20220307-SMPT/Referendum-PT-0500/RF-13.smt2,sat,0.06612658500671387
/20220307-SMPT/Referendum-PT-0500/RC-05.smt2,sat,0.07780003547668457
/20220307-SMPT/Referendum-PT-0500/RC-00.smt2,unsat,0.04131007194519043
/20220307-SMPT/Referendum-PT-0500/RF-05.smt2,sat,0.06330251693725586
/20220307-SMPT/Referendum-PT-0500/RF-07.smt2,sat,0.06790852546691895
/20220307-SMPT/Referendum-PT-0500/RF-10.smt2,sat,0.06252026557922363
/20220307-SMPT/Referendum-PT-0500/RF-08.smt2,sat,0.05786299705505371
/20220307-SMPT/Referendum-PT-0500/RC-08.smt2,unsat,0.04506039619445801
/20220307-SMPT/Referendum-PT-0500/RF-15.smt2,sat,0.057225942611694336
/20220307-SMPT/Referendum-PT-0500/RF-09.smt2,sat,0.06145930290222168
/20220307-SMPT/Referendum-PT-0500/RC-07.smt2,sat,0.1319139003753662
/20220307-SMPT/Referendum-PT-0500/RF-06.smt2,unsat,0.041907548904418945
/20220307-SMPT/Referendum-PT-0500/RC-09.smt2,unsat,0.04221940040588379
/20220307-SMPT/Referendum-PT-0500/RC-15.smt2,unsat,0.03767204284667969
/20220307-SMPT/Referendum-PT-0500/RC-12.smt2,unsat,0.04044175148010254
/20220307-SMPT/Referendum-PT-0500/RF-14.smt2,sat,0.05338311195373535
/20220307-SMPT/MAPK-PT-00020/RC-02.smt2,sat,0.0067005157470703125
/20220307-SMPT/MAPK-PT-00020/RF-12.smt2,sat,0.004690408706665039
/20220307-SMPT/MAPK-PT-00020/RC-03.smt2,sat,0.004967451095581055
/20220307-SMPT/MAPK-PT-00020/RF-02.smt2,sat,0.004698753356933594
/20220307-SMPT/MAPK-PT-00020/RC-11.smt2,sat,0.0034363269805908203
/20220307-SMPT/MAPK-PT-00020/RF-03.smt2,sat,0.006497383117675781
/20220307-SMPT/MAPK-PT-00020/RC-01.smt2,sat,0.0057315826416015625
/20220307-SMPT/MAPK-PT-00020/RF-00.smt2,sat,0.0046405792236328125
/20220307-SMPT/MAPK-PT-00020/RC-04.smt2,sat,0.004534006118774414
/20220307-SMPT/MAPK-PT-00020/RF-11.smt2,sat,0.004943132400512695
/20220307-SMPT/MAPK-PT-00020/RC-13.smt2,sat,0.004616260528564453
/20220307-SMPT/MAPK-PT-00020/RC-06.smt2,unsat,0.004111766815185547
/20220307-SMPT/MAPK-PT-00020/RC-14.smt2,sat,0.005185365676879883
/20220307-SMPT/MAPK-PT-00020/RC-10.smt2,sat,0.003934383392333984
/20220307-SMPT/MAPK-PT-00020/RF-04.smt2,unsat,0.004107475280761719
/20220307-SMPT/MAPK-PT-00020/RF-01.smt2,sat,0.006347179412841797
/20220307-SMPT/MAPK-PT-00020/RF-13.smt2,unsat,0.005172014236450195
/20220307-SMPT/MAPK-PT-00020/RC-05.smt2,sat,0.006632089614868164
/20220307-SMPT/MAPK-PT-00020/RC-00.smt2,sat,0.004346370697021484
/20220307-SMPT/MAPK-PT-00020/RF-05.smt2,sat,0.004177093505859375
/20220307-SMPT/MAPK-PT-00020/RF-07.smt2,unsat,0.0032842159271240234
/20220307-SMPT/MAPK-PT-00020/RF-10.smt2,sat,0.0056912899017333984
/20220307-SMPT/MAPK-PT-00020/RF-08.smt2,unsat,0.003022432327270508
/20220307-SMPT/MAPK-PT-00020/RC-08.smt2,sat,0.004274606704711914
/20220307-SMPT/MAPK-PT-00020/RF-15.smt2,sat,0.005026817321777344
/20220307-SMPT/MAPK-PT-00020/RF-09.smt2,unsat,0.0044901371002197266
/20220307-SMPT/MAPK-PT-00020/RC-07.smt2,unsat,0.004927158355712891
/20220307-SMPT/MAPK-PT-00020/RF-06.smt2,unsat,0.004938364028930664
/20220307-SMPT/MAPK-PT-00020/RC-09.smt2,unsat,0.004805803298950195
/20220307-SMPT/MAPK-PT-00020/RC-15.smt2,sat,0.004375457763671875
/20220307-SMPT/MAPK-PT-00020/RC-12.smt2,sat,0.004016876220703125
/20220307-SMPT/MAPK-PT-00020/RF-14.smt2,unsat,0.006041288375854492
/20220307-SMPT/SmallOperatingSystem-PT-MT0016DC0008/RC-02.smt2,unsat,0.0035123825073242188
/20220307-SMPT/SmallOperatingSystem-PT-MT0016DC0008/RF-12.smt2,unsat,0.004453182220458984
/20220307-SMPT/SmallOperatingSystem-PT-MT0016DC0008/RC-03.smt2,unsat,0.003203153610229492
/20220307-SMPT/SmallOperatingSystem-PT-MT0016DC0008/RF-02.smt2,unsat,0.003464221954345703
/20220307-SMPT/SmallOperatingSystem-PT-MT0016DC0008/RC-11.smt2,unsat,0.0022461414337158203
/20220307-SMPT/SmallOperatingSystem-PT-MT0016DC0008/RF-03.smt2,unsat,0.0047109127044677734
/20220307-SMPT/SmallOperatingSystem-PT-MT0016DC0008/RC-01.smt2,sat,0.003395557403564453
/20220307-SMPT/SmallOperatingSystem-PT-MT0016DC0008/RF-00.smt2,sat,0.003442049026489258
/20220307-SMPT/SmallOperatingSystem-PT-MT0016DC0008/RC-04.smt2,sat,0.0034084320068359375
/20220307-SMPT/SmallOperatingSystem-PT-MT0016DC0008/RF-11.smt2,unsat,0.004325151443481445
/20220307-SMPT/SmallOperatingSystem-PT-MT0016DC0008/RC-13.smt2,unsat,0.004236936569213867
/20220307-SMPT/SmallOperatingSystem-PT-MT0016DC0008/RC-06.smt2,sat,0.003012418746948242
/20220307-SMPT/SmallOperatingSystem-PT-MT0016DC0008/RC-14.smt2,unsat,0.0037522315979003906
/20220307-SMPT/SmallOperatingSystem-PT-MT0016DC0008/RC-10.smt2,unsat,0.004888057708740234
/20220307-SMPT/SmallOperatingSystem-PT-MT0016DC0008/RF-04.smt2,unsat,0.011459589004516602
/20220307-SMPT/SmallOperatingSystem-PT-MT0016DC0008/RF-01.smt2,unsat,0.0027687549591064453
/20220307-SMPT/SmallOperatingSystem-PT-MT0016DC0008/RF-13.smt2,unsat,0.004304647445678711
/20220307-SMPT/SmallOperatingSystem-PT-MT0016DC0008/RC-05.smt2,unsat,0.002803802490234375
/20220307-SMPT/SmallOperatingSystem-PT-MT0016DC0008/RC-00.smt2,sat,0.003111600875854492
/20220307-SMPT/SmallOperatingSystem-PT-MT0016DC0008/RF-05.smt2,unsat,0.004342079162597656
/20220307-SMPT/SmallOperatingSystem-PT-MT0016DC0008/RF-07.smt2,unsat,0.0028095245361328125
/20220307-SMPT/SmallOperatingSystem-PT-MT0016DC0008/RF-10.smt2,unsat,0.0033948421478271484
/20220307-SMPT/SmallOperatingSystem-PT-MT0016DC0008/RF-08.smt2,unsat,0.003345012664794922
/20220307-SMPT/SmallOperatingSystem-PT-MT0016DC0008/RC-08.smt2,sat,0.003039836883544922
/20220307-SMPT/SmallOperatingSystem-PT-MT0016DC0008/RF-15.smt2,unsat,0.003129720687866211
/20220307-SMPT/SmallOperatingSystem-PT-MT0016DC0008/RF-09.smt2,unsat,0.004303932189941406
/20220307-SMPT/SmallOperatingSystem-PT-MT0016DC0008/RC-07.smt2,unsat,0.0031316280364990234
/20220307-SMPT/SmallOperatingSystem-PT-MT0016DC0008/RF-06.smt2,sat,0.0038182735443115234
/20220307-SMPT/SmallOperatingSystem-PT-MT0016DC0008/RC-09.smt2,sat,0.0034418106079101562
/20220307-SMPT/SmallOperatingSystem-PT-MT0016DC0008/RC-15.smt2,unsat,0.003607034683227539
/20220307-SMPT/SmallOperatingSystem-PT-MT0016DC0008/RC-12.smt2,unsat,0.0024061203002929688
/20220307-SMPT/SmallOperatingSystem-PT-MT0016DC0008/RF-14.smt2,unsat,0.003961801528930664
/20220307-SMPT/Diffusion2D-PT-D20N150/RC-02.smt2,sat,0.015900135040283203
/20220307-SMPT/Diffusion2D-PT-D20N150/RF-12.smt2,sat,0.020545005798339844
/20220307-SMPT/Diffusion2D-PT-D20N150/RC-03.smt2,sat,0.018817901611328125
/20220307-SMPT/Diffusion2D-PT-D20N150/RF-02.smt2,sat,0.01921367645263672
/20220307-SMPT/Diffusion2D-PT-D20N150/RC-11.smt2,sat,0.026224851608276367
/20220307-SMPT/Diffusion2D-PT-D20N150/RF-03.smt2,sat,0.018433332443237305
/20220307-SMPT/Diffusion2D-PT-D20N150/RC-01.smt2,sat,0.017436981201171875
/20220307-SMPT/Diffusion2D-PT-D20N150/RF-00.smt2,sat,0.018372058868408203
/20220307-SMPT/Diffusion2D-PT-D20N150/RC-04.smt2,sat,0.018542766571044922
/20220307-SMPT/Diffusion2D-PT-D20N150/RF-11.smt2,sat,0.018538713455200195
/20220307-SMPT/Diffusion2D-PT-D20N150/RC-13.smt2,sat,0.017917871475219727
/20220307-SMPT/Diffusion2D-PT-D20N150/RC-06.smt2,sat,0.020143747329711914
/20220307-SMPT/Diffusion2D-PT-D20N150/RC-14.smt2,sat,0.02025461196899414
/20220307-SMPT/Diffusion2D-PT-D20N150/RC-10.smt2,sat,0.01779031753540039
/20220307-SMPT/Diffusion2D-PT-D20N150/RF-04.smt2,sat,0.019211769104003906
/20220307-SMPT/Diffusion2D-PT-D20N150/RF-01.smt2,sat,0.0202789306640625
/20220307-SMPT/Diffusion2D-PT-D20N150/RF-13.smt2,sat,0.02048492431640625
/20220307-SMPT/Diffusion2D-PT-D20N150/RC-05.smt2,sat,0.019932985305786133
/20220307-SMPT/Diffusion2D-PT-D20N150/RC-00.smt2,sat,0.018118619918823242
/20220307-SMPT/Diffusion2D-PT-D20N150/RF-05.smt2,sat,0.018079280853271484
/20220307-SMPT/Diffusion2D-PT-D20N150/RF-07.smt2,sat,0.01905965805053711
/20220307-SMPT/Diffusion2D-PT-D20N150/RF-10.smt2,sat,0.02152228355407715
/20220307-SMPT/Diffusion2D-PT-D20N150/RF-08.smt2,sat,0.01793503761291504
/20220307-SMPT/Diffusion2D-PT-D20N150/RC-08.smt2,sat,0.019410133361816406
/20220307-SMPT/Diffusion2D-PT-D20N150/RF-15.smt2,sat,0.018799304962158203
/20220307-SMPT/Diffusion2D-PT-D20N150/RF-09.smt2,sat,0.01854991912841797
/20220307-SMPT/Diffusion2D-PT-D20N150/RC-07.smt2,sat,0.020422697067260742
/20220307-SMPT/Diffusion2D-PT-D20N150/RF-06.smt2,sat,0.02026510238647461
/20220307-SMPT/Diffusion2D-PT-D20N150/RC-09.smt2,sat,0.018107175827026367
/20220307-SMPT/Diffusion2D-PT-D20N150/RC-15.smt2,sat,0.02039361000061035
/20220307-SMPT/Diffusion2D-PT-D20N150/RC-12.smt2,sat,0.01828169822692871
/20220307-SMPT/Diffusion2D-PT-D20N150/RF-14.smt2,sat,0.01823902130126953
/20220307-SMPT/Diffusion2D-PT-D10N050/RC-02.smt2,sat,0.0077974796295166016
/20220307-SMPT/Diffusion2D-PT-D10N050/RF-12.smt2,sat,0.006154060363769531
/20220307-SMPT/Diffusion2D-PT-D10N050/RC-03.smt2,sat,0.008547782897949219
/20220307-SMPT/Diffusion2D-PT-D10N050/RF-02.smt2,sat,0.005374908447265625
/20220307-SMPT/Diffusion2D-PT-D10N050/RC-11.smt2,sat,0.008575916290283203
/20220307-SMPT/Diffusion2D-PT-D10N050/RF-03.smt2,sat,0.0075531005859375
/20220307-SMPT/Diffusion2D-PT-D10N050/RC-01.smt2,sat,0.007120847702026367
/20220307-SMPT/Diffusion2D-PT-D10N050/RF-00.smt2,sat,0.007944345474243164
/20220307-SMPT/Diffusion2D-PT-D10N050/RC-04.smt2,sat,0.00731348991394043
/20220307-SMPT/Diffusion2D-PT-D10N050/RF-11.smt2,sat,0.008403301239013672
/20220307-SMPT/Diffusion2D-PT-D10N050/RC-13.smt2,sat,0.00660252571105957
/20220307-SMPT/Diffusion2D-PT-D10N050/RC-06.smt2,sat,0.0072476863861083984
/20220307-SMPT/Diffusion2D-PT-D10N050/RC-14.smt2,sat,0.0066852569580078125
/20220307-SMPT/Diffusion2D-PT-D10N050/RC-10.smt2,unsat,0.007702350616455078
/20220307-SMPT/Diffusion2D-PT-D10N050/RF-04.smt2,sat,0.00674748420715332
/20220307-SMPT/Diffusion2D-PT-D10N050/RF-01.smt2,sat,0.006245613098144531
/20220307-SMPT/Diffusion2D-PT-D10N050/RF-13.smt2,sat,0.006647825241088867
/20220307-SMPT/Diffusion2D-PT-D10N050/RC-05.smt2,sat,0.006777048110961914
/20220307-SMPT/Diffusion2D-PT-D10N050/RC-00.smt2,sat,0.007543802261352539
/20220307-SMPT/Diffusion2D-PT-D10N050/RF-05.smt2,sat,0.008961915969848633
/20220307-SMPT/Diffusion2D-PT-D10N050/RF-07.smt2,sat,0.005473136901855469
/20220307-SMPT/Diffusion2D-PT-D10N050/RF-10.smt2,sat,0.007028102874755859
/20220307-SMPT/Diffusion2D-PT-D10N050/RF-08.smt2,sat,0.007422447204589844
/20220307-SMPT/Diffusion2D-PT-D10N050/RC-08.smt2,sat,0.007220745086669922
/20220307-SMPT/Diffusion2D-PT-D10N050/RF-15.smt2,sat,0.006990671157836914
/20220307-SMPT/Diffusion2D-PT-D10N050/RF-09.smt2,sat,0.005797147750854492
/20220307-SMPT/Diffusion2D-PT-D10N050/RC-07.smt2,sat,0.006994009017944336
/20220307-SMPT/Diffusion2D-PT-D10N050/RF-06.smt2,sat,0.0064907073974609375
/20220307-SMPT/Diffusion2D-PT-D10N050/RC-09.smt2,sat,0.006624460220336914
/20220307-SMPT/Diffusion2D-PT-D10N050/RC-15.smt2,sat,0.008465051651000977
/20220307-SMPT/Diffusion2D-PT-D10N050/RC-12.smt2,sat,0.006911516189575195
/20220307-SMPT/Diffusion2D-PT-D10N050/RF-14.smt2,sat,0.007477760314941406
/20220307-SMPT/ERK-PT-000100/RC-02.smt2,sat,0.005845785140991211
/20220307-SMPT/ERK-PT-000100/RF-12.smt2,sat,0.007343769073486328
/20220307-SMPT/ERK-PT-000100/RC-03.smt2,sat,0.0034236907958984375
/20220307-SMPT/ERK-PT-000100/RF-02.smt2,unsat,0.003887176513671875
/20220307-SMPT/ERK-PT-000100/RC-11.smt2,sat,0.0042438507080078125
/20220307-SMPT/ERK-PT-000100/RF-03.smt2,sat,0.0056111812591552734
/20220307-SMPT/ERK-PT-000100/RC-01.smt2,sat,0.0036118030548095703
/20220307-SMPT/ERK-PT-000100/RF-00.smt2,unsat,0.004011869430541992
/20220307-SMPT/ERK-PT-000100/RC-04.smt2,sat,0.004724979400634766
/20220307-SMPT/ERK-PT-000100/RF-11.smt2,sat,0.0038077831268310547
/20220307-SMPT/ERK-PT-000100/RC-13.smt2,sat,0.003572702407836914
/20220307-SMPT/ERK-PT-000100/RC-06.smt2,sat,0.0032579898834228516
/20220307-SMPT/ERK-PT-000100/RC-14.smt2,sat,0.0061092376708984375
/20220307-SMPT/ERK-PT-000100/RC-10.smt2,sat,0.005399465560913086
/20220307-SMPT/ERK-PT-000100/RF-04.smt2,unsat,0.002565622329711914
/20220307-SMPT/ERK-PT-000100/RF-01.smt2,unsat,0.004506111145019531
/20220307-SMPT/ERK-PT-000100/RF-13.smt2,sat,0.0043964385986328125
/20220307-SMPT/ERK-PT-000100/RC-05.smt2,sat,0.004091739654541016
/20220307-SMPT/ERK-PT-000100/RC-00.smt2,sat,0.004102945327758789
/20220307-SMPT/ERK-PT-000100/RF-05.smt2,sat,0.004637241363525391
/20220307-SMPT/ERK-PT-000100/RF-07.smt2,sat,0.0035016536712646484
/20220307-SMPT/ERK-PT-000100/RF-10.smt2,sat,0.00538325309753418
/20220307-SMPT/ERK-PT-000100/RF-08.smt2,sat,0.005808591842651367
/20220307-SMPT/ERK-PT-000100/RC-08.smt2,unsat,0.004046201705932617
/20220307-SMPT/ERK-PT-000100/RF-15.smt2,sat,0.004158735275268555
/20220307-SMPT/ERK-PT-000100/RF-09.smt2,sat,0.004955291748046875
/20220307-SMPT/ERK-PT-000100/RC-07.smt2,sat,0.003562450408935547
/20220307-SMPT/ERK-PT-000100/RF-06.smt2,sat,0.0037326812744140625
/20220307-SMPT/ERK-PT-000100/RC-09.smt2,unsat,0.0030260086059570312
/20220307-SMPT/ERK-PT-000100/RC-15.smt2,sat,0.004387855529785156
/20220307-SMPT/ERK-PT-000100/RC-12.smt2,sat,0.003976106643676758
/20220307-SMPT/FMS-PT-01000/RC-02.smt2,sat,0.0061185359954833984
/20220307-SMPT/FMS-PT-01000/RF-12.smt2,sat,0.005157470703125
/20220307-SMPT/FMS-PT-01000/RC-03.smt2,sat,0.005063295364379883
/20220307-SMPT/FMS-PT-01000/RF-02.smt2,sat,0.00429987907409668
/20220307-SMPT/FMS-PT-01000/RC-11.smt2,sat,0.0044574737548828125
/20220307-SMPT/FMS-PT-01000/RF-03.smt2,sat,0.0040166378021240234
/20220307-SMPT/FMS-PT-01000/RC-01.smt2,unsat,0.003933906555175781
/20220307-SMPT/FMS-PT-01000/RF-00.smt2,sat,0.004700422286987305
/20220307-SMPT/FMS-PT-01000/RC-04.smt2,sat,0.003528118133544922
/20220307-SMPT/FMS-PT-01000/RF-11.smt2,sat,0.004157304763793945
/20220307-SMPT/FMS-PT-01000/RC-13.smt2,sat,0.003760099411010742
/20220307-SMPT/FMS-PT-01000/RC-06.smt2,sat,0.004104137420654297
/20220307-SMPT/FMS-PT-01000/RC-14.smt2,unsat,0.0044977664947509766
/20220307-SMPT/FMS-PT-01000/RC-10.smt2,sat,0.003635406494140625
/20220307-SMPT/FMS-PT-01000/RF-04.smt2,sat,0.0034732818603515625
/20220307-SMPT/FMS-PT-01000/RF-01.smt2,sat,0.00399470329284668
/20220307-SMPT/FMS-PT-01000/RF-13.smt2,sat,0.0035851001739501953
/20220307-SMPT/FMS-PT-01000/RC-05.smt2,sat,0.004018068313598633
/20220307-SMPT/FMS-PT-01000/RC-00.smt2,sat,0.002531290054321289
/20220307-SMPT/FMS-PT-01000/RF-05.smt2,sat,0.004494190216064453
/20220307-SMPT/FMS-PT-01000/RF-07.smt2,sat,0.0059702396392822266
/20220307-SMPT/FMS-PT-01000/RF-10.smt2,unsat,0.003534078598022461
/20220307-SMPT/FMS-PT-01000/RF-08.smt2,sat,0.003981828689575195
/20220307-SMPT/FMS-PT-01000/RC-08.smt2,sat,0.0034637451171875
/20220307-SMPT/FMS-PT-01000/RF-15.smt2,sat,0.004122018814086914
/20220307-SMPT/FMS-PT-01000/RF-09.smt2,sat,0.0053195953369140625
/20220307-SMPT/FMS-PT-01000/RC-07.smt2,sat,0.003227710723876953
/20220307-SMPT/FMS-PT-01000/RF-06.smt2,sat,0.003946781158447266
/20220307-SMPT/FMS-PT-01000/RC-09.smt2,unsat,0.0063555240631103516
/20220307-SMPT/FMS-PT-01000/RC-15.smt2,unsat,0.00324249267578125
/20220307-SMPT/FMS-PT-01000/RC-12.smt2,sat,0.0050885677337646484
/20220307-SMPT/FMS-PT-01000/RF-14.smt2,sat,0.0053560733795166016
/20220307-SMPT/BART-PT-002/RC-02.smt2,unsat,0.01860952377319336
/20220307-SMPT/BART-PT-002/RF-12.smt2,unsat,0.019647598266601562
/20220307-SMPT/BART-PT-002/RC-03.smt2,unsat,0.013150691986083984
/20220307-SMPT/BART-PT-002/RF-02.smt2,sat,0.017310142517089844
/20220307-SMPT/BART-PT-002/RC-11.smt2,sat,0.018239974975585938
/20220307-SMPT/BART-PT-002/RF-03.smt2,sat,0.01794576644897461
/20220307-SMPT/BART-PT-002/RC-01.smt2,unsat,0.019242048263549805
/20220307-SMPT/BART-PT-002/RF-00.smt2,unsat,0.019484758377075195
/20220307-SMPT/BART-PT-002/RC-04.smt2,unsat,0.012273550033569336
/20220307-SMPT/BART-PT-002/RF-11.smt2,unsat,0.019619226455688477
/20220307-SMPT/BART-PT-002/RC-13.smt2,unsat,0.011196613311767578
/20220307-SMPT/BART-PT-002/RC-06.smt2,unsat,0.012803316116333008
/20220307-SMPT/BART-PT-002/RC-14.smt2,unsat,0.01856541633605957
/20220307-SMPT/BART-PT-002/RC-10.smt2,unsat,0.012700557708740234
/20220307-SMPT/BART-PT-002/RF-04.smt2,sat,0.017243623733520508
/20220307-SMPT/BART-PT-002/RF-01.smt2,sat,0.01752185821533203
/20220307-SMPT/BART-PT-002/RF-13.smt2,sat,0.017325878143310547
/20220307-SMPT/BART-PT-002/RC-05.smt2,unsat,0.012121915817260742
/20220307-SMPT/BART-PT-002/RC-00.smt2,unsat,0.01105046272277832
/20220307-SMPT/BART-PT-002/RF-05.smt2,unsat,0.018176794052124023
/20220307-SMPT/BART-PT-002/RF-07.smt2,unsat,0.014322519302368164
/20220307-SMPT/BART-PT-002/RF-10.smt2,sat,0.021265268325805664
/20220307-SMPT/BART-PT-002/RF-08.smt2,sat,0.01813030242919922
/20220307-SMPT/BART-PT-002/RC-08.smt2,unsat,0.012055158615112305
/20220307-SMPT/BART-PT-002/RF-15.smt2,sat,0.020681142807006836
/20220307-SMPT/BART-PT-002/RC-07.smt2,unsat,0.018889904022216797
/20220307-SMPT/BART-PT-002/RF-06.smt2,unsat,0.018916845321655273
/20220307-SMPT/BART-PT-002/RC-09.smt2,unsat,0.011888980865478516
/20220307-SMPT/BART-PT-002/RC-15.smt2,unsat,0.01016378402709961
/20220307-SMPT/BART-PT-002/RC-12.smt2,unsat,0.011420965194702148
/20220307-SMPT/BART-PT-002/RF-14.smt2,unsat,0.019951581954956055
/20220307-SMPT/Kanban-PT-50000/RC-02.smt2,sat,0.0033431053161621094
/20220307-SMPT/Kanban-PT-50000/RF-12.smt2,sat,0.0024747848510742188
/20220307-SMPT/Kanban-PT-50000/RC-03.smt2,sat,0.0038156509399414062
/20220307-SMPT/Kanban-PT-50000/RF-02.smt2,sat,0.005384206771850586
/20220307-SMPT/Kanban-PT-50000/RC-11.smt2,sat,0.0038018226623535156
/20220307-SMPT/Kanban-PT-50000/RF-03.smt2,sat,0.003972530364990234
/20220307-SMPT/Kanban-PT-50000/RC-01.smt2,sat,0.002803802490234375
/20220307-SMPT/Kanban-PT-50000/RF-00.smt2,unsat,0.0030395984649658203
/20220307-SMPT/Kanban-PT-50000/RC-04.smt2,unsat,0.0037605762481689453
/20220307-SMPT/Kanban-PT-50000/RC-13.smt2,sat,0.004323720932006836
/20220307-SMPT/Kanban-PT-50000/RC-06.smt2,sat,0.006385326385498047
/20220307-SMPT/Kanban-PT-50000/RC-14.smt2,sat,0.003805875778198242
/20220307-SMPT/Kanban-PT-50000/RC-10.smt2,sat,0.004334926605224609
/20220307-SMPT/Kanban-PT-50000/RF-04.smt2,sat,0.004502773284912109
/20220307-SMPT/Kanban-PT-50000/RF-01.smt2,sat,0.006356000900268555
/20220307-SMPT/Kanban-PT-50000/RF-13.smt2,sat,0.0034155845642089844
/20220307-SMPT/Kanban-PT-50000/RC-05.smt2,sat,0.0037391185760498047
/20220307-SMPT/Kanban-PT-50000/RC-00.smt2,sat,0.003662109375
/20220307-SMPT/Kanban-PT-50000/RF-05.smt2,unsat,0.0031054019927978516
/20220307-SMPT/Kanban-PT-50000/RF-07.smt2,unsat,0.003969669342041016
/20220307-SMPT/Kanban-PT-50000/RF-10.smt2,sat,0.0044896602630615234
/20220307-SMPT/Kanban-PT-50000/RF-08.smt2,sat,0.0037689208984375
/20220307-SMPT/Kanban-PT-50000/RC-08.smt2,sat,0.003912687301635742
/20220307-SMPT/Kanban-PT-50000/RF-15.smt2,unsat,0.003222227096557617
/20220307-SMPT/Kanban-PT-50000/RF-09.smt2,sat,0.003754138946533203
/20220307-SMPT/Kanban-PT-50000/RC-07.smt2,sat,0.0035364627838134766
/20220307-SMPT/Kanban-PT-50000/RF-06.smt2,sat,0.004482269287109375
/20220307-SMPT/Kanban-PT-50000/RC-09.smt2,sat,0.0028121471405029297
/20220307-SMPT/Kanban-PT-50000/RC-15.smt2,unsat,0.0033185482025146484
/20220307-SMPT/Kanban-PT-50000/RC-12.smt2,sat,0.0033423900604248047
/20220307-SMPT/Kanban-PT-50000/RF-14.smt2,sat,0.005941629409790039
/20220307-SMPT/NeighborGrid-PT-d4n3m2c23/RC-02.smt2,sat,0.006897926330566406
/20220307-SMPT/NeighborGrid-PT-d4n3m2c23/RF-12.smt2,sat,0.006589651107788086
/20220307-SMPT/NeighborGrid-PT-d4n3m2c23/RC-03.smt2,sat,0.0058329105377197266
/20220307-SMPT/NeighborGrid-PT-d4n3m2c23/RF-02.smt2,sat,0.007546901702880859
/20220307-SMPT/NeighborGrid-PT-d4n3m2c23/RC-11.smt2,sat,0.007833003997802734
/20220307-SMPT/NeighborGrid-PT-d4n3m2c23/RF-03.smt2,sat,0.007082223892211914
/20220307-SMPT/NeighborGrid-PT-d4n3m2c23/RC-01.smt2,sat,0.0058629512786865234
/20220307-SMPT/NeighborGrid-PT-d4n3m2c23/RF-00.smt2,sat,0.006509065628051758
/20220307-SMPT/NeighborGrid-PT-d4n3m2c23/RC-04.smt2,sat,0.006769657135009766
/20220307-SMPT/NeighborGrid-PT-d4n3m2c23/RF-11.smt2,sat,0.0060939788818359375
/20220307-SMPT/NeighborGrid-PT-d4n3m2c23/RC-13.smt2,sat,0.00638127326965332
/20220307-SMPT/NeighborGrid-PT-d4n3m2c23/RC-06.smt2,sat,0.0062236785888671875
/20220307-SMPT/NeighborGrid-PT-d4n3m2c23/RC-14.smt2,sat,0.006517171859741211
/20220307-SMPT/NeighborGrid-PT-d4n3m2c23/RC-10.smt2,sat,0.009023189544677734
/20220307-SMPT/NeighborGrid-PT-d4n3m2c23/RF-04.smt2,sat,0.00865483283996582
/20220307-SMPT/NeighborGrid-PT-d4n3m2c23/RF-01.smt2,sat,0.006362438201904297
/20220307-SMPT/NeighborGrid-PT-d4n3m2c23/RF-13.smt2,sat,0.00832676887512207
/20220307-SMPT/NeighborGrid-PT-d4n3m2c23/RC-05.smt2,sat,0.006300687789916992
/20220307-SMPT/NeighborGrid-PT-d4n3m2c23/RC-00.smt2,sat,0.007990360260009766
/20220307-SMPT/NeighborGrid-PT-d4n3m2c23/RF-05.smt2,sat,0.009299516677856445
/20220307-SMPT/NeighborGrid-PT-d4n3m2c23/RF-07.smt2,sat,0.00652003288269043
/20220307-SMPT/NeighborGrid-PT-d4n3m2c23/RF-10.smt2,sat,0.006807088851928711
/20220307-SMPT/NeighborGrid-PT-d4n3m2c23/RF-08.smt2,sat,0.004855155944824219
/20220307-SMPT/NeighborGrid-PT-d4n3m2c23/RC-08.smt2,sat,0.005784273147583008
/20220307-SMPT/NeighborGrid-PT-d4n3m2c23/RF-15.smt2,sat,0.007306098937988281
/20220307-SMPT/NeighborGrid-PT-d4n3m2c23/RF-09.smt2,sat,0.008949041366577148
/20220307-SMPT/NeighborGrid-PT-d4n3m2c23/RC-07.smt2,sat,0.00572967529296875
/20220307-SMPT/NeighborGrid-PT-d4n3m2c23/RF-06.smt2,sat,0.005410909652709961
/20220307-SMPT/NeighborGrid-PT-d4n3m2c23/RC-09.smt2,sat,0.006077289581298828
/20220307-SMPT/NeighborGrid-PT-d4n3m2c23/RC-15.smt2,sat,0.007188558578491211
/20220307-SMPT/NeighborGrid-PT-d4n3m2c23/RC-12.smt2,sat,0.006331682205200195
/20220307-SMPT/HouseConstruction-PT-01000/RC-02.smt2,sat,0.004449129104614258
/20220307-SMPT/HouseConstruction-PT-01000/RF-12.smt2,sat,0.0049021244049072266
/20220307-SMPT/HouseConstruction-PT-01000/RC-03.smt2,sat,0.004831552505493164
/20220307-SMPT/HouseConstruction-PT-01000/RF-02.smt2,sat,0.006853580474853516
/20220307-SMPT/HouseConstruction-PT-01000/RC-11.smt2,sat,0.0036814212799072266
/20220307-SMPT/HouseConstruction-PT-01000/RF-03.smt2,sat,0.007498741149902344
/20220307-SMPT/HouseConstruction-PT-01000/RC-01.smt2,sat,0.00351715087890625
/20220307-SMPT/HouseConstruction-PT-01000/RF-00.smt2,sat,0.004316568374633789
/20220307-SMPT/HouseConstruction-PT-01000/RC-04.smt2,sat,0.004741191864013672
/20220307-SMPT/HouseConstruction-PT-01000/RF-11.smt2,sat,0.0056934356689453125
/20220307-SMPT/HouseConstruction-PT-01000/RC-13.smt2,sat,0.004879474639892578
/20220307-SMPT/HouseConstruction-PT-01000/RC-06.smt2,sat,0.0041179656982421875
/20220307-SMPT/HouseConstruction-PT-01000/RC-14.smt2,sat,0.002766132354736328
/20220307-SMPT/HouseConstruction-PT-01000/RC-10.smt2,sat,0.005842924118041992
/20220307-SMPT/HouseConstruction-PT-01000/RF-04.smt2,sat,0.004477739334106445
/20220307-SMPT/HouseConstruction-PT-01000/RF-01.smt2,unsat,0.004126071929931641
/20220307-SMPT/HouseConstruction-PT-01000/RF-13.smt2,sat,0.004535675048828125
/20220307-SMPT/HouseConstruction-PT-01000/RC-05.smt2,sat,0.004180431365966797
/20220307-SMPT/HouseConstruction-PT-01000/RC-00.smt2,sat,0.004488706588745117
/20220307-SMPT/HouseConstruction-PT-01000/RF-05.smt2,sat,0.004146575927734375
/20220307-SMPT/HouseConstruction-PT-01000/RF-07.smt2,sat,0.0045549869537353516
/20220307-SMPT/HouseConstruction-PT-01000/RF-10.smt2,sat,0.003905773162841797
/20220307-SMPT/HouseConstruction-PT-01000/RF-08.smt2,sat,0.003319263458251953
/20220307-SMPT/HouseConstruction-PT-01000/RC-08.smt2,sat,0.0045223236083984375
/20220307-SMPT/HouseConstruction-PT-01000/RF-09.smt2,sat,0.0040416717529296875
/20220307-SMPT/HouseConstruction-PT-01000/RC-07.smt2,sat,0.0049016475677490234
/20220307-SMPT/HouseConstruction-PT-01000/RF-06.smt2,sat,0.004912376403808594
/20220307-SMPT/HouseConstruction-PT-01000/RC-09.smt2,sat,0.003481149673461914
/20220307-SMPT/HouseConstruction-PT-01000/RC-15.smt2,sat,0.003977537155151367
/20220307-SMPT/HouseConstruction-PT-01000/RC-12.smt2,unsat,0.006879091262817383
/20220307-SMPT/HouseConstruction-PT-01000/RF-14.smt2,sat,0.004417896270751953
/20220307-SMPT/MAPK-PT-02560/RC-02.smt2,sat,0.00486445426940918
/20220307-SMPT/MAPK-PT-02560/RF-12.smt2,sat,0.004838466644287109
/20220307-SMPT/MAPK-PT-02560/RC-03.smt2,sat,0.004931211471557617
/20220307-SMPT/MAPK-PT-02560/RF-02.smt2,sat,0.004739284515380859
/20220307-SMPT/MAPK-PT-02560/RC-11.smt2,sat,0.004423856735229492
/20220307-SMPT/MAPK-PT-02560/RF-03.smt2,sat,0.004426479339599609
/20220307-SMPT/MAPK-PT-02560/RC-01.smt2,sat,0.004462003707885742
/20220307-SMPT/MAPK-PT-02560/RF-00.smt2,sat,0.006784200668334961
/20220307-SMPT/MAPK-PT-02560/RC-04.smt2,sat,0.0038743019104003906
/20220307-SMPT/MAPK-PT-02560/RF-11.smt2,sat,0.006727457046508789
/20220307-SMPT/MAPK-PT-02560/RC-13.smt2,sat,0.003620147705078125
/20220307-SMPT/MAPK-PT-02560/RC-06.smt2,sat,0.0034055709838867188
/20220307-SMPT/MAPK-PT-02560/RC-14.smt2,sat,0.004933595657348633
/20220307-SMPT/MAPK-PT-02560/RC-10.smt2,sat,0.004576444625854492
/20220307-SMPT/MAPK-PT-02560/RF-04.smt2,sat,0.0036296844482421875
/20220307-SMPT/MAPK-PT-02560/RF-01.smt2,unsat,0.003551483154296875
/20220307-SMPT/MAPK-PT-02560/RF-13.smt2,sat,0.004495382308959961
/20220307-SMPT/MAPK-PT-02560/RC-05.smt2,unsat,0.003976106643676758
/20220307-SMPT/MAPK-PT-02560/RC-00.smt2,sat,0.0058133602142333984
/20220307-SMPT/MAPK-PT-02560/RF-05.smt2,sat,0.005461454391479492
/20220307-SMPT/MAPK-PT-02560/RF-07.smt2,sat,0.0032944679260253906
/20220307-SMPT/MAPK-PT-02560/RF-10.smt2,sat,0.004912137985229492
/20220307-SMPT/MAPK-PT-02560/RF-08.smt2,sat,0.004365444183349609
/20220307-SMPT/MAPK-PT-02560/RC-08.smt2,sat,0.004362583160400391
/20220307-SMPT/MAPK-PT-02560/RF-15.smt2,sat,0.0045778751373291016
/20220307-SMPT/MAPK-PT-02560/RF-09.smt2,sat,0.003934621810913086
/20220307-SMPT/MAPK-PT-02560/RC-07.smt2,sat,0.003907918930053711
/20220307-SMPT/MAPK-PT-02560/RF-06.smt2,sat,0.0048563480377197266
/20220307-SMPT/MAPK-PT-02560/RC-09.smt2,sat,0.0055997371673583984
/20220307-SMPT/MAPK-PT-02560/RC-15.smt2,sat,0.006715536117553711
/20220307-SMPT/MAPK-PT-02560/RC-12.smt2,sat,0.005219936370849609
/20220307-SMPT/MAPK-PT-02560/RF-14.smt2,sat,0.0044422149658203125
/20220307-SMPT/SharedMemory-PT-000050/RC-02.smt2,sat,1.2255587577819824
/20220307-SMPT/SharedMemory-PT-000050/RF-12.smt2,unsat,5.601329326629639
/20220307-SMPT/SharedMemory-PT-000050/RC-03.smt2,unsat,0.969412088394165
/20220307-SMPT/SharedMemory-PT-000050/RF-02.smt2,unsat,1.2456715106964111
/20220307-SMPT/SharedMemory-PT-000050/RC-11.smt2,sat,6.2216620445251465
/20220307-SMPT/SharedMemory-PT-000050/RF-03.smt2,unsat,0.14062237739562988
/20220307-SMPT/SharedMemory-PT-000050/RC-01.smt2,sat,12.640539407730103
/20220307-SMPT/SharedMemory-PT-000050/RF-00.smt2,sat,1.227311372756958
/20220307-SMPT/SharedMemory-PT-000050/RC-04.smt2,unsat,0.12100863456726074
/20220307-SMPT/SharedMemory-PT-000050/RF-11.smt2,sat,7.798349857330322
/20220307-SMPT/SharedMemory-PT-000050/RC-13.smt2,unsat,4.516375541687012
/20220307-SMPT/SharedMemory-PT-000050/RC-06.smt2,sat,1.2448298931121826
/20220307-SMPT/SharedMemory-PT-000050/RC-14.smt2,unsat,1.1797020435333252
/20220307-SMPT/SharedMemory-PT-000050/RC-10.smt2,unsat,4.829288005828857
/20220307-SMPT/SharedMemory-PT-000050/RF-04.smt2,sat,1.4184908866882324
/20220307-SMPT/SharedMemory-PT-000050/RF-01.smt2,sat,6.325932025909424
/20220307-SMPT/SharedMemory-PT-000050/RF-13.smt2,sat,6.421980857849121
/20220307-SMPT/SharedMemory-PT-000050/RC-05.smt2,sat,1.2577645778656006
/20220307-SMPT/SharedMemory-PT-000050/RC-00.smt2,unsat,0.9635493755340576
/20220307-SMPT/SharedMemory-PT-000050/RF-05.smt2,sat,1.2568914890289307
/20220307-SMPT/SharedMemory-PT-000050/RF-07.smt2,unsat,0.10504388809204102
/20220307-SMPT/SharedMemory-PT-000050/RF-10.smt2,unsat,6.491628408432007
/20220307-SMPT/SharedMemory-PT-000050/RF-08.smt2,unsat,1.1332149505615234
/20220307-SMPT/SharedMemory-PT-000050/RC-08.smt2,unsat,1.099611520767212
/20220307-SMPT/SharedMemory-PT-000050/RF-15.smt2,sat,8.516381740570068
/20220307-SMPT/SharedMemory-PT-000050/RF-09.smt2,sat,12.638402462005615
/20220307-SMPT/SharedMemory-PT-000050/RC-07.smt2,unsat,9.107100486755371
/20220307-SMPT/SharedMemory-PT-000050/RF-06.smt2,sat,1.2654516696929932
/20220307-SMPT/SharedMemory-PT-000050/RC-09.smt2,unsat,1.284665584564209
/20220307-SMPT/SharedMemory-PT-000050/RC-15.smt2,sat,8.371244668960571
/20220307-SMPT/SharedMemory-PT-000050/RC-12.smt2,sat,6.762172698974609
/20220307-SMPT/SharedMemory-PT-000050/RF-14.smt2,sat,10.154227495193481
/20220307-SMPT/SharedMemory-PT-000200/RC-02.smt2,failed,1200.0
/20220307-SMPT/SharedMemory-PT-000200/RF-12.smt2,failed,1200.0
/20220307-SMPT/SharedMemory-PT-000200/RC-03.smt2,failed,1200.0
/20220307-SMPT/SharedMemory-PT-000200/RF-02.smt2,failed,1200.0
/20220307-SMPT/SharedMemory-PT-000200/RC-11.smt2,failed,1200.0
/20220307-SMPT/SharedMemory-PT-000200/RF-03.smt2,failed,1200.0
/20220307-SMPT/SharedMemory-PT-000200/RC-01.smt2,failed,1200.0
/20220307-SMPT/SharedMemory-PT-000200/RF-00.smt2,failed,1200.0
/20220307-SMPT/SharedMemory-PT-000200/RC-04.smt2,failed,1200.0
/20220307-SMPT/SharedMemory-PT-000200/RF-11.smt2,failed,1200.0
/20220307-SMPT/SharedMemory-PT-000200/RC-13.smt2,failed,1200.0
/20220307-SMPT/SharedMemory-PT-000200/RC-06.smt2,failed,1200.0
/20220307-SMPT/SharedMemory-PT-000200/RC-14.smt2,failed,1200.0
/20220307-SMPT/SharedMemory-PT-000200/RC-10.smt2,failed,1200.0
/20220307-SMPT/SharedMemory-PT-000200/RF-04.smt2,failed,1200.0
/20220307-SMPT/SharedMemory-PT-000200/RF-01.smt2,failed,1200.0
/20220307-SMPT/SharedMemory-PT-000200/RF-13.smt2,failed,1200.0
/20220307-SMPT/SharedMemory-PT-000200/RC-05.smt2,failed,1200.0
/20220307-SMPT/SharedMemory-PT-000200/RC-00.smt2,failed,1200.0
/20220307-SMPT/SharedMemory-PT-000200/RF-05.smt2,failed,1200.0
/20220307-SMPT/SharedMemory-PT-000200/RF-07.smt2,failed,1200.0
/20220307-SMPT/SharedMemory-PT-000200/RF-10.smt2,failed,1200.0
/20220307-SMPT/SharedMemory-PT-000200/RF-08.smt2,failed,1200.0
/20220307-SMPT/SharedMemory-PT-000200/RC-08.smt2,failed,1200.0
/20220307-SMPT/SharedMemory-PT-000200/RF-15.smt2,failed,1200.0
/20220307-SMPT/SharedMemory-PT-000200/RF-09.smt2,failed,1200.0
/20220307-SMPT/SharedMemory-PT-000200/RC-07.smt2,failed,1200.0
/20220307-SMPT/SharedMemory-PT-000200/RF-06.smt2,failed,1200.0
/20220307-SMPT/SharedMemory-PT-000200/RC-09.smt2,failed,1200.0
/20220307-SMPT/SharedMemory-PT-000200/RC-15.smt2,failed,1200.0
/20220307-SMPT/SharedMemory-PT-000200/RC-12.smt2,failed,1200.0
/20220307-SMPT/SharedMemory-PT-000200/RF-14.smt2,failed,1200.0
/20220307-SMPT/CircularTrains-PT-048/RC-02.smt2,sat,0.007360935211181641
/20220307-SMPT/CircularTrains-PT-048/RC-03.smt2,unsat,0.007167816162109375
/20220307-SMPT/CircularTrains-PT-048/RF-02.smt2,sat,0.00748896598815918
/20220307-SMPT/CircularTrains-PT-048/RC-11.smt2,unsat,0.008376836776733398
/20220307-SMPT/CircularTrains-PT-048/RF-03.smt2,sat,0.008326053619384766
/20220307-SMPT/CircularTrains-PT-048/RC-01.smt2,unsat,0.006557941436767578
/20220307-SMPT/CircularTrains-PT-048/RF-00.smt2,sat,0.007148027420043945
/20220307-SMPT/CircularTrains-PT-048/RC-04.smt2,unsat,0.0068509578704833984
/20220307-SMPT/CircularTrains-PT-048/RF-11.smt2,sat,0.006883144378662109
/20220307-SMPT/CircularTrains-PT-048/RC-13.smt2,unsat,0.007163286209106445
/20220307-SMPT/CircularTrains-PT-048/RC-06.smt2,unsat,0.006653785705566406
/20220307-SMPT/CircularTrains-PT-048/RC-14.smt2,unsat,0.007612943649291992
/20220307-SMPT/CircularTrains-PT-048/RC-10.smt2,unsat,0.0070476531982421875
/20220307-SMPT/CircularTrains-PT-048/RF-04.smt2,sat,0.00771021842956543
/20220307-SMPT/CircularTrains-PT-048/RF-01.smt2,unsat,0.006593227386474609
/20220307-SMPT/CircularTrains-PT-048/RF-13.smt2,sat,0.006578683853149414
/20220307-SMPT/CircularTrains-PT-048/RC-05.smt2,unsat,0.006657838821411133
/20220307-SMPT/CircularTrains-PT-048/RC-00.smt2,unsat,0.006982326507568359
/20220307-SMPT/CircularTrains-PT-048/RF-05.smt2,sat,0.0058672428131103516
/20220307-SMPT/CircularTrains-PT-048/RF-07.smt2,unsat,0.005777120590209961
/20220307-SMPT/CircularTrains-PT-048/RF-10.smt2,sat,0.007092475891113281
/20220307-SMPT/CircularTrains-PT-048/RF-08.smt2,sat,0.007279157638549805
/20220307-SMPT/CircularTrains-PT-048/RC-08.smt2,unsat,0.008190393447875977
/20220307-SMPT/CircularTrains-PT-048/RF-15.smt2,sat,0.00750732421875
/20220307-SMPT/CircularTrains-PT-048/RF-09.smt2,sat,0.008412361145019531
/20220307-SMPT/CircularTrains-PT-048/RC-07.smt2,unsat,0.006710529327392578
/20220307-SMPT/CircularTrains-PT-048/RF-06.smt2,sat,0.007852554321289062
/20220307-SMPT/CircularTrains-PT-048/RC-09.smt2,unsat,0.007103681564331055
/20220307-SMPT/CircularTrains-PT-048/RC-15.smt2,sat,0.0068585872650146484
/20220307-SMPT/CircularTrains-PT-048/RC-12.smt2,unsat,0.007776021957397461
/20220307-SMPT/CircularTrains-PT-048/RF-14.smt2,sat,0.006612539291381836
/20220307-SMPT/DatabaseWithMutex-PT-02/RC-02.smt2,sat,0.006085395812988281
/20220307-SMPT/DatabaseWithMutex-PT-02/RF-12.smt2,sat,0.005699634552001953
/20220307-SMPT/DatabaseWithMutex-PT-02/RC-03.smt2,sat,0.0051136016845703125
/20220307-SMPT/DatabaseWithMutex-PT-02/RF-02.smt2,sat,0.004370212554931641
/20220307-SMPT/DatabaseWithMutex-PT-02/RC-11.smt2,sat,0.005817890167236328
/20220307-SMPT/DatabaseWithMutex-PT-02/RF-03.smt2,sat,0.0044405460357666016
/20220307-SMPT/DatabaseWithMutex-PT-02/RF-00.smt2,sat,0.005518198013305664
/20220307-SMPT/DatabaseWithMutex-PT-02/RC-04.smt2,sat,0.005493640899658203
/20220307-SMPT/DatabaseWithMutex-PT-02/RF-11.smt2,sat,0.004921913146972656
/20220307-SMPT/DatabaseWithMutex-PT-02/RC-13.smt2,unsat,0.005687236785888672
/20220307-SMPT/DatabaseWithMutex-PT-02/RC-06.smt2,sat,0.005328178405761719
/20220307-SMPT/DatabaseWithMutex-PT-02/RC-14.smt2,sat,0.005710124969482422
/20220307-SMPT/DatabaseWithMutex-PT-02/RC-10.smt2,sat,0.00418400764465332
/20220307-SMPT/DatabaseWithMutex-PT-02/RF-04.smt2,sat,0.005350828170776367
/20220307-SMPT/DatabaseWithMutex-PT-02/RF-01.smt2,sat,0.005436897277832031
/20220307-SMPT/DatabaseWithMutex-PT-02/RF-13.smt2,sat,0.004282712936401367
/20220307-SMPT/DatabaseWithMutex-PT-02/RC-05.smt2,sat,0.005131959915161133
/20220307-SMPT/DatabaseWithMutex-PT-02/RC-00.smt2,sat,0.00618290901184082
/20220307-SMPT/DatabaseWithMutex-PT-02/RF-05.smt2,sat,0.006428718566894531
/20220307-SMPT/DatabaseWithMutex-PT-02/RF-07.smt2,sat,0.005342721939086914
/20220307-SMPT/DatabaseWithMutex-PT-02/RF-10.smt2,sat,0.007140398025512695
/20220307-SMPT/DatabaseWithMutex-PT-02/RF-08.smt2,sat,0.004767894744873047
/20220307-SMPT/DatabaseWithMutex-PT-02/RC-08.smt2,sat,0.003786802291870117
/20220307-SMPT/DatabaseWithMutex-PT-02/RF-15.smt2,sat,0.006096839904785156
/20220307-SMPT/DatabaseWithMutex-PT-02/RF-09.smt2,sat,0.00521540641784668
/20220307-SMPT/DatabaseWithMutex-PT-02/RC-07.smt2,sat,0.004623889923095703
/20220307-SMPT/DatabaseWithMutex-PT-02/RF-06.smt2,sat,0.005505561828613281
/20220307-SMPT/DatabaseWithMutex-PT-02/RC-09.smt2,sat,0.004416942596435547
/20220307-SMPT/DatabaseWithMutex-PT-02/RC-15.smt2,sat,0.007176399230957031
/20220307-SMPT/DatabaseWithMutex-PT-02/RC-12.smt2,unsat,0.006781101226806641
/20220307-SMPT/DatabaseWithMutex-PT-02/RF-14.smt2,sat,0.006048679351806641
/20220307-SMPT/Kanban-PT-01000/RC-02.smt2,sat,0.003443002700805664
/20220307-SMPT/Kanban-PT-01000/RF-12.smt2,sat,0.0049648284912109375
/20220307-SMPT/Kanban-PT-01000/RC-03.smt2,sat,0.002646923065185547
/20220307-SMPT/Kanban-PT-01000/RF-02.smt2,unsat,0.004753589630126953
/20220307-SMPT/Kanban-PT-01000/RC-11.smt2,sat,0.0029222965240478516
/20220307-SMPT/Kanban-PT-01000/RF-03.smt2,sat,0.003999948501586914
/20220307-SMPT/Kanban-PT-01000/RC-01.smt2,sat,0.005003690719604492
/20220307-SMPT/Kanban-PT-01000/RF-00.smt2,sat,0.005004167556762695
/20220307-SMPT/Kanban-PT-01000/RC-04.smt2,sat,0.003538370132446289
/20220307-SMPT/Kanban-PT-01000/RF-11.smt2,unsat,0.003838062286376953
/20220307-SMPT/Kanban-PT-01000/RC-13.smt2,sat,0.006043195724487305
/20220307-SMPT/Kanban-PT-01000/RC-06.smt2,sat,0.003155231475830078
/20220307-SMPT/Kanban-PT-01000/RC-14.smt2,sat,0.0035009384155273438
/20220307-SMPT/Kanban-PT-01000/RC-10.smt2,sat,0.0040340423583984375
/20220307-SMPT/Kanban-PT-01000/RF-04.smt2,sat,0.00417637825012207
/20220307-SMPT/Kanban-PT-01000/RF-01.smt2,sat,0.004153013229370117
/20220307-SMPT/Kanban-PT-01000/RF-13.smt2,sat,0.005221366882324219
/20220307-SMPT/Kanban-PT-01000/RC-05.smt2,sat,0.0036177635192871094
/20220307-SMPT/Kanban-PT-01000/RC-00.smt2,sat,0.004086971282958984
/20220307-SMPT/Kanban-PT-01000/RF-05.smt2,sat,0.0041277408599853516
/20220307-SMPT/Kanban-PT-01000/RF-07.smt2,unsat,0.004203081130981445
/20220307-SMPT/Kanban-PT-01000/RF-10.smt2,sat,0.0032033920288085938
/20220307-SMPT/Kanban-PT-01000/RF-08.smt2,unsat,0.003375530242919922
/20220307-SMPT/Kanban-PT-01000/RC-08.smt2,sat,0.0036079883575439453
/20220307-SMPT/Kanban-PT-01000/RF-15.smt2,unsat,0.00411224365234375
/20220307-SMPT/Kanban-PT-01000/RF-09.smt2,sat,0.005736351013183594
/20220307-SMPT/Kanban-PT-01000/RC-07.smt2,sat,0.006087779998779297
/20220307-SMPT/Kanban-PT-01000/RF-06.smt2,sat,0.005522251129150391
/20220307-SMPT/Kanban-PT-01000/RC-09.smt2,sat,0.0038378238677978516
/20220307-SMPT/Kanban-PT-01000/RC-15.smt2,sat,0.004503488540649414
/20220307-SMPT/Kanban-PT-01000/RC-12.smt2,sat,0.004511117935180664
/20220307-SMPT/Kanban-PT-01000/RF-14.smt2,unsat,0.00379180908203125
/20220307-SMPT/Kanban-PT-00200/RC-02.smt2,unsat,0.0021843910217285156
/20220307-SMPT/Kanban-PT-00200/RF-12.smt2,sat,0.004439115524291992
/20220307-SMPT/Kanban-PT-00200/RC-03.smt2,sat,0.003194570541381836
/20220307-SMPT/Kanban-PT-00200/RF-02.smt2,unsat,0.00220489501953125
/20220307-SMPT/Kanban-PT-00200/RC-11.smt2,sat,0.0033609867095947266
/20220307-SMPT/Kanban-PT-00200/RC-01.smt2,sat,0.003742694854736328
/20220307-SMPT/Kanban-PT-00200/RF-00.smt2,sat,0.004225969314575195
/20220307-SMPT/Kanban-PT-00200/RC-04.smt2,sat,0.004209756851196289
/20220307-SMPT/Kanban-PT-00200/RF-11.smt2,unsat,0.003664255142211914
/20220307-SMPT/Kanban-PT-00200/RC-13.smt2,sat,0.0031452178955078125
/20220307-SMPT/Kanban-PT-00200/RC-06.smt2,sat,0.004097938537597656
/20220307-SMPT/Kanban-PT-00200/RC-14.smt2,sat,0.0027298927307128906
/20220307-SMPT/Kanban-PT-00200/RC-10.smt2,sat,0.004361867904663086
/20220307-SMPT/Kanban-PT-00200/RF-04.smt2,sat,0.004836559295654297
/20220307-SMPT/Kanban-PT-00200/RF-01.smt2,sat,0.003902435302734375
/20220307-SMPT/Kanban-PT-00200/RF-13.smt2,sat,0.0059397220611572266
/20220307-SMPT/Kanban-PT-00200/RC-05.smt2,sat,0.004372119903564453
/20220307-SMPT/Kanban-PT-00200/RC-00.smt2,sat,0.00426793098449707
/20220307-SMPT/Kanban-PT-00200/RF-05.smt2,sat,0.0034704208374023438
/20220307-SMPT/Kanban-PT-00200/RF-07.smt2,unsat,0.0035800933837890625
/20220307-SMPT/Kanban-PT-00200/RF-10.smt2,sat,0.004400491714477539
/20220307-SMPT/Kanban-PT-00200/RF-08.smt2,sat,0.0033648014068603516
/20220307-SMPT/Kanban-PT-00200/RC-08.smt2,sat,0.003028392791748047
/20220307-SMPT/Kanban-PT-00200/RF-15.smt2,sat,0.0033416748046875
/20220307-SMPT/Kanban-PT-00200/RF-09.smt2,sat,0.005548954010009766
/20220307-SMPT/Kanban-PT-00200/RC-07.smt2,sat,0.005120754241943359
/20220307-SMPT/Kanban-PT-00200/RF-06.smt2,unsat,0.005129575729370117
/20220307-SMPT/Kanban-PT-00200/RC-09.smt2,sat,0.0053369998931884766
/20220307-SMPT/Kanban-PT-00200/RC-15.smt2,sat,0.003618001937866211
/20220307-SMPT/Kanban-PT-00200/RC-12.smt2,sat,0.0038604736328125
/20220307-SMPT/Kanban-PT-00200/RF-14.smt2,unsat,0.004348039627075195
/20220307-SMPT/HouseConstruction-PT-04000/RC-02.smt2,sat,0.005414485931396484
/20220307-SMPT/HouseConstruction-PT-04000/RF-12.smt2,sat,0.003905057907104492
/20220307-SMPT/HouseConstruction-PT-04000/RC-03.smt2,sat,0.005121707916259766
/20220307-SMPT/HouseConstruction-PT-04000/RF-02.smt2,sat,0.005043745040893555
/20220307-SMPT/HouseConstruction-PT-04000/RC-11.smt2,sat,0.004229068756103516
/20220307-SMPT/HouseConstruction-PT-04000/RF-03.smt2,unsat,0.004514455795288086
/20220307-SMPT/HouseConstruction-PT-04000/RC-01.smt2,sat,0.00442051887512207
/20220307-SMPT/HouseConstruction-PT-04000/RF-00.smt2,sat,0.0049893856048583984
/20220307-SMPT/HouseConstruction-PT-04000/RC-04.smt2,sat,0.004542350769042969
/20220307-SMPT/HouseConstruction-PT-04000/RF-11.smt2,sat,0.004075050354003906
/20220307-SMPT/HouseConstruction-PT-04000/RC-13.smt2,sat,0.004118442535400391
/20220307-SMPT/HouseConstruction-PT-04000/RC-06.smt2,sat,0.004470109939575195
/20220307-SMPT/HouseConstruction-PT-04000/RC-14.smt2,sat,0.0043256282806396484
/20220307-SMPT/HouseConstruction-PT-04000/RC-10.smt2,sat,0.0036084651947021484
/20220307-SMPT/HouseConstruction-PT-04000/RF-04.smt2,sat,0.0055806636810302734
/20220307-SMPT/HouseConstruction-PT-04000/RF-01.smt2,sat,0.006392002105712891
/20220307-SMPT/HouseConstruction-PT-04000/RF-13.smt2,sat,0.004723787307739258
/20220307-SMPT/HouseConstruction-PT-04000/RC-05.smt2,sat,0.004109382629394531
/20220307-SMPT/HouseConstruction-PT-04000/RC-00.smt2,sat,0.004099845886230469
/20220307-SMPT/HouseConstruction-PT-04000/RF-05.smt2,sat,0.007084369659423828
/20220307-SMPT/HouseConstruction-PT-04000/RF-07.smt2,sat,0.00399017333984375
/20220307-SMPT/HouseConstruction-PT-04000/RF-10.smt2,sat,0.005375862121582031
/20220307-SMPT/HouseConstruction-PT-04000/RF-08.smt2,unsat,0.004665374755859375
/20220307-SMPT/HouseConstruction-PT-04000/RC-08.smt2,sat,0.003681182861328125
/20220307-SMPT/HouseConstruction-PT-04000/RF-15.smt2,sat,0.005324602127075195
/20220307-SMPT/HouseConstruction-PT-04000/RF-09.smt2,sat,0.004842042922973633
/20220307-SMPT/HouseConstruction-PT-04000/RC-07.smt2,sat,0.004472017288208008
/20220307-SMPT/HouseConstruction-PT-04000/RF-06.smt2,sat,0.004790544509887695
/20220307-SMPT/HouseConstruction-PT-04000/RC-09.smt2,unsat,0.005091428756713867
/20220307-SMPT/HouseConstruction-PT-04000/RC-15.smt2,sat,0.004018545150756836
/20220307-SMPT/HouseConstruction-PT-04000/RC-12.smt2,sat,0.0032074451446533203
/20220307-SMPT/HouseConstruction-PT-04000/RF-14.smt2,unsat,0.0049533843994140625
/20220307-SMPT/Diffusion2D-PT-D10N200/RC-02.smt2,sat,0.007243156433105469
/20220307-SMPT/Diffusion2D-PT-D10N200/RF-12.smt2,sat,0.006376743316650391
/20220307-SMPT/Diffusion2D-PT-D10N200/RC-03.smt2,sat,0.006670236587524414
/20220307-SMPT/Diffusion2D-PT-D10N200/RF-02.smt2,sat,0.007771968841552734
/20220307-SMPT/Diffusion2D-PT-D10N200/RC-11.smt2,sat,0.009158611297607422
/20220307-SMPT/Diffusion2D-PT-D10N200/RF-03.smt2,sat,0.0059545040130615234
/20220307-SMPT/Diffusion2D-PT-D10N200/RC-01.smt2,sat,0.007628917694091797
/20220307-SMPT/Diffusion2D-PT-D10N200/RF-00.smt2,sat,0.006817340850830078
/20220307-SMPT/Diffusion2D-PT-D10N200/RC-04.smt2,sat,0.007622957229614258
/20220307-SMPT/Diffusion2D-PT-D10N200/RF-11.smt2,sat,0.008125543594360352
/20220307-SMPT/Diffusion2D-PT-D10N200/RC-13.smt2,sat,0.0074024200439453125
/20220307-SMPT/Diffusion2D-PT-D10N200/RC-06.smt2,sat,0.007494926452636719
/20220307-SMPT/Diffusion2D-PT-D10N200/RC-14.smt2,sat,0.006920576095581055
/20220307-SMPT/Diffusion2D-PT-D10N200/RC-10.smt2,sat,0.007821083068847656
/20220307-SMPT/Diffusion2D-PT-D10N200/RF-04.smt2,sat,0.007441520690917969
/20220307-SMPT/Diffusion2D-PT-D10N200/RF-01.smt2,sat,0.007997512817382812
/20220307-SMPT/Diffusion2D-PT-D10N200/RF-13.smt2,sat,0.008433341979980469
/20220307-SMPT/Diffusion2D-PT-D10N200/RC-05.smt2,sat,0.007169008255004883
/20220307-SMPT/Diffusion2D-PT-D10N200/RC-00.smt2,sat,0.006691694259643555
/20220307-SMPT/Diffusion2D-PT-D10N200/RF-05.smt2,sat,0.007153511047363281
/20220307-SMPT/Diffusion2D-PT-D10N200/RF-07.smt2,sat,0.006780385971069336
/20220307-SMPT/Diffusion2D-PT-D10N200/RF-10.smt2,sat,0.0066204071044921875
/20220307-SMPT/Diffusion2D-PT-D10N200/RF-08.smt2,sat,0.006866455078125
/20220307-SMPT/Diffusion2D-PT-D10N200/RC-08.smt2,sat,0.00748133659362793
/20220307-SMPT/Diffusion2D-PT-D10N200/RF-15.smt2,sat,0.006767988204956055
/20220307-SMPT/Diffusion2D-PT-D10N200/RF-09.smt2,sat,0.006638526916503906
/20220307-SMPT/Diffusion2D-PT-D10N200/RC-07.smt2,sat,0.007079124450683594
/20220307-SMPT/Diffusion2D-PT-D10N200/RF-06.smt2,sat,0.007035970687866211
/20220307-SMPT/Diffusion2D-PT-D10N200/RC-09.smt2,sat,0.007857561111450195
/20220307-SMPT/Diffusion2D-PT-D10N200/RC-15.smt2,sat,0.008505582809448242
/20220307-SMPT/Diffusion2D-PT-D10N200/RC-12.smt2,sat,0.008944511413574219
/20220307-SMPT/Diffusion2D-PT-D10N200/RF-14.smt2,sat,0.0062372684478759766
/20220307-SMPT/SmallOperatingSystem-PT-MT0128DC0064/RC-02.smt2,sat,0.0039598941802978516
/20220307-SMPT/SmallOperatingSystem-PT-MT0128DC0064/RF-12.smt2,unsat,0.004830121994018555
/20220307-SMPT/SmallOperatingSystem-PT-MT0128DC0064/RC-03.smt2,unsat,0.0037276744842529297
/20220307-SMPT/SmallOperatingSystem-PT-MT0128DC0064/RF-02.smt2,unsat,0.004201173782348633
/20220307-SMPT/SmallOperatingSystem-PT-MT0128DC0064/RC-11.smt2,sat,0.005118846893310547
/20220307-SMPT/SmallOperatingSystem-PT-MT0128DC0064/RF-03.smt2,sat,0.005148887634277344
/20220307-SMPT/SmallOperatingSystem-PT-MT0128DC0064/RC-01.smt2,sat,0.003984689712524414
/20220307-SMPT/SmallOperatingSystem-PT-MT0128DC0064/RF-00.smt2,unsat,0.0033371448516845703
/20220307-SMPT/SmallOperatingSystem-PT-MT0128DC0064/RC-04.smt2,sat,0.0035903453826904297
/20220307-SMPT/SmallOperatingSystem-PT-MT0128DC0064/RF-11.smt2,sat,0.004889726638793945
/20220307-SMPT/SmallOperatingSystem-PT-MT0128DC0064/RC-13.smt2,sat,0.002904176712036133
/20220307-SMPT/SmallOperatingSystem-PT-MT0128DC0064/RC-06.smt2,sat,0.004049777984619141
/20220307-SMPT/SmallOperatingSystem-PT-MT0128DC0064/RC-14.smt2,unsat,0.003605365753173828
/20220307-SMPT/SmallOperatingSystem-PT-MT0128DC0064/RC-10.smt2,unsat,0.003582477569580078
/20220307-SMPT/SmallOperatingSystem-PT-MT0128DC0064/RF-04.smt2,unsat,0.0031647682189941406
/20220307-SMPT/SmallOperatingSystem-PT-MT0128DC0064/RF-01.smt2,sat,0.003228902816772461
/20220307-SMPT/SmallOperatingSystem-PT-MT0128DC0064/RF-13.smt2,sat,0.0031456947326660156
/20220307-SMPT/SmallOperatingSystem-PT-MT0128DC0064/RC-05.smt2,sat,0.003703594207763672
/20220307-SMPT/SmallOperatingSystem-PT-MT0128DC0064/RC-00.smt2,sat,0.0036864280700683594
/20220307-SMPT/SmallOperatingSystem-PT-MT0128DC0064/RF-05.smt2,sat,0.003624439239501953
/20220307-SMPT/SmallOperatingSystem-PT-MT0128DC0064/RF-07.smt2,sat,0.00549626350402832
/20220307-SMPT/SmallOperatingSystem-PT-MT0128DC0064/RF-10.smt2,sat,0.004167795181274414
/20220307-SMPT/SmallOperatingSystem-PT-MT0128DC0064/RF-08.smt2,sat,0.003017425537109375
/20220307-SMPT/SmallOperatingSystem-PT-MT0128DC0064/RC-08.smt2,sat,0.0033817291259765625
/20220307-SMPT/SmallOperatingSystem-PT-MT0128DC0064/RF-15.smt2,sat,0.002941608428955078
/20220307-SMPT/SmallOperatingSystem-PT-MT0128DC0064/RF-09.smt2,unsat,0.003134012222290039
/20220307-SMPT/SmallOperatingSystem-PT-MT0128DC0064/RC-07.smt2,sat,0.005131721496582031
/20220307-SMPT/SmallOperatingSystem-PT-MT0128DC0064/RF-06.smt2,unsat,0.0043141841888427734
/20220307-SMPT/SmallOperatingSystem-PT-MT0128DC0064/RC-09.smt2,unsat,0.0032978057861328125
/20220307-SMPT/SmallOperatingSystem-PT-MT0128DC0064/RC-15.smt2,sat,0.0039403438568115234
/20220307-SMPT/SmallOperatingSystem-PT-MT0128DC0064/RC-12.smt2,unsat,0.004397869110107422
/20220307-SMPT/FMS-PT-00050/RC-02.smt2,sat,0.0037789344787597656
/20220307-SMPT/FMS-PT-00050/RF-12.smt2,sat,0.0041582584381103516
/20220307-SMPT/FMS-PT-00050/RC-03.smt2,sat,0.005121707916259766
/20220307-SMPT/FMS-PT-00050/RF-02.smt2,sat,0.004374504089355469
/20220307-SMPT/FMS-PT-00050/RC-11.smt2,sat,0.0051424503326416016
/20220307-SMPT/FMS-PT-00050/RF-03.smt2,sat,0.002927064895629883
/20220307-SMPT/FMS-PT-00050/RC-01.smt2,sat,0.003729581832885742
/20220307-SMPT/FMS-PT-00050/RF-00.smt2,sat,0.0049588680267333984
/20220307-SMPT/FMS-PT-00050/RC-04.smt2,unsat,0.003938198089599609
/20220307-SMPT/FMS-PT-00050/RF-11.smt2,sat,0.0028312206268310547
/20220307-SMPT/FMS-PT-00050/RC-13.smt2,sat,0.005209684371948242
/20220307-SMPT/FMS-PT-00050/RC-06.smt2,sat,0.004087209701538086
/20220307-SMPT/FMS-PT-00050/RC-14.smt2,sat,0.0032660961151123047
/20220307-SMPT/FMS-PT-00050/RC-10.smt2,sat,0.005463123321533203
/20220307-SMPT/FMS-PT-00050/RF-04.smt2,sat,0.0038869380950927734
/20220307-SMPT/FMS-PT-00050/RF-01.smt2,sat,0.0038063526153564453
/20220307-SMPT/FMS-PT-00050/RF-13.smt2,sat,0.0038290023803710938
/20220307-SMPT/FMS-PT-00050/RC-05.smt2,sat,0.0039920806884765625
/20220307-SMPT/FMS-PT-00050/RC-00.smt2,sat,0.005349874496459961
/20220307-SMPT/FMS-PT-00050/RF-05.smt2,sat,0.004080533981323242
/20220307-SMPT/FMS-PT-00050/RF-07.smt2,sat,0.003459930419921875
/20220307-SMPT/FMS-PT-00050/RF-10.smt2,sat,0.00316619873046875
/20220307-SMPT/FMS-PT-00050/RF-08.smt2,sat,0.004006385803222656
/20220307-SMPT/FMS-PT-00050/RC-08.smt2,sat,0.004329204559326172
/20220307-SMPT/FMS-PT-00050/RF-15.smt2,sat,0.004386186599731445
/20220307-SMPT/FMS-PT-00050/RF-09.smt2,sat,0.004683256149291992
/20220307-SMPT/FMS-PT-00050/RC-07.smt2,sat,0.003931522369384766
/20220307-SMPT/FMS-PT-00050/RF-06.smt2,unsat,0.003715038299560547
/20220307-SMPT/FMS-PT-00050/RC-09.smt2,sat,0.0037398338317871094
/20220307-SMPT/FMS-PT-00050/RC-15.smt2,sat,0.006023883819580078
/20220307-SMPT/FMS-PT-00050/RC-12.smt2,sat,0.0039048194885253906
/20220307-SMPT/FMS-PT-00050/RF-14.smt2,sat,0.00501704216003418
/20220307-SMPT/FMS-PT-00100/RC-02.smt2,sat,0.0055408477783203125
/20220307-SMPT/FMS-PT-00100/RF-12.smt2,sat,0.0037889480590820312
/20220307-SMPT/FMS-PT-00100/RC-03.smt2,sat,0.0034732818603515625
/20220307-SMPT/FMS-PT-00100/RF-02.smt2,sat,0.005965232849121094
/20220307-SMPT/FMS-PT-00100/RC-11.smt2,sat,0.0035424232482910156
/20220307-SMPT/FMS-PT-00100/RF-03.smt2,sat,0.004597663879394531
/20220307-SMPT/FMS-PT-00100/RC-01.smt2,sat,0.003289461135864258
/20220307-SMPT/FMS-PT-00100/RF-00.smt2,sat,0.005557537078857422
/20220307-SMPT/FMS-PT-00100/RC-04.smt2,sat,0.003969907760620117
/20220307-SMPT/FMS-PT-00100/RF-11.smt2,sat,0.005095958709716797
/20220307-SMPT/FMS-PT-00100/RC-06.smt2,sat,0.004614353179931641
/20220307-SMPT/FMS-PT-00100/RC-14.smt2,sat,0.00682520866394043
/20220307-SMPT/FMS-PT-00100/RC-10.smt2,sat,0.004609346389770508
/20220307-SMPT/FMS-PT-00100/RF-04.smt2,sat,0.003510713577270508
/20220307-SMPT/FMS-PT-00100/RF-01.smt2,sat,0.0028676986694335938
/20220307-SMPT/FMS-PT-00100/RF-13.smt2,sat,0.005157470703125
/20220307-SMPT/FMS-PT-00100/RC-05.smt2,sat,0.006650209426879883
/20220307-SMPT/FMS-PT-00100/RC-00.smt2,sat,0.003312826156616211
/20220307-SMPT/FMS-PT-00100/RF-07.smt2,sat,0.0040433406829833984
/20220307-SMPT/FMS-PT-00100/RF-10.smt2,unsat,0.004606962203979492
/20220307-SMPT/FMS-PT-00100/RF-08.smt2,sat,0.004335641860961914
/20220307-SMPT/FMS-PT-00100/RC-08.smt2,sat,0.005263328552246094
/20220307-SMPT/FMS-PT-00100/RF-15.smt2,sat,0.003907203674316406
/20220307-SMPT/FMS-PT-00100/RF-09.smt2,sat,0.003907918930053711
/20220307-SMPT/FMS-PT-00100/RC-07.smt2,sat,0.005653858184814453
/20220307-SMPT/FMS-PT-00100/RF-06.smt2,sat,0.004425525665283203
/20220307-SMPT/FMS-PT-00100/RC-09.smt2,sat,0.0034880638122558594
/20220307-SMPT/FMS-PT-00100/RC-15.smt2,unsat,0.0045011043548583984
/20220307-SMPT/FMS-PT-00100/RC-12.smt2,sat,0.008655071258544922
/20220307-SMPT/FMS-PT-00100/RF-14.smt2,unsat,0.003331422805786133
/20220307-SMPT/Referendum-PT-0100/RC-02.smt2,sat,0.03329968452453613
/20220307-SMPT/Referendum-PT-0100/RF-12.smt2,sat,0.012593984603881836
/20220307-SMPT/Referendum-PT-0100/RC-03.smt2,unsat,0.015460491180419922
/20220307-SMPT/Referendum-PT-0100/RF-02.smt2,unsat,0.017022371292114258
/20220307-SMPT/Referendum-PT-0100/RC-11.smt2,sat,0.014318466186523438
/20220307-SMPT/Referendum-PT-0100/RF-03.smt2,unsat,0.01582956314086914
/20220307-SMPT/Referendum-PT-0100/RC-01.smt2,unsat,0.006905078887939453
/20220307-SMPT/Referendum-PT-0100/RF-00.smt2,unsat,0.008219480514526367
/20220307-SMPT/Referendum-PT-0100/RC-04.smt2,sat,0.03288006782531738
/20220307-SMPT/Referendum-PT-0100/RF-11.smt2,sat,0.01529693603515625
/20220307-SMPT/Referendum-PT-0100/RC-13.smt2,sat,0.012391805648803711
/20220307-SMPT/Referendum-PT-0100/RC-06.smt2,unsat,0.013625144958496094
/20220307-SMPT/Referendum-PT-0100/RC-14.smt2,sat,0.013911247253417969
/20220307-SMPT/Referendum-PT-0100/RC-10.smt2,unsat,0.01323843002319336
/20220307-SMPT/Referendum-PT-0100/RF-04.smt2,unsat,0.014980316162109375
/20220307-SMPT/Referendum-PT-0100/RF-01.smt2,unsat,0.011898994445800781
/20220307-SMPT/Referendum-PT-0100/RF-13.smt2,sat,0.014904499053955078
/20220307-SMPT/Referendum-PT-0100/RC-05.smt2,unsat,0.013363361358642578
/20220307-SMPT/Referendum-PT-0100/RC-00.smt2,unsat,0.01116323471069336
/20220307-SMPT/Referendum-PT-0100/RF-05.smt2,unsat,0.012176990509033203
/20220307-SMPT/Referendum-PT-0100/RF-07.smt2,unsat,0.017337560653686523
/20220307-SMPT/Referendum-PT-0100/RF-10.smt2,sat,0.013410329818725586
/20220307-SMPT/Referendum-PT-0100/RF-08.smt2,sat,0.013579607009887695
/20220307-SMPT/Referendum-PT-0100/RC-08.smt2,unsat,0.013318777084350586
/20220307-SMPT/Referendum-PT-0100/RF-15.smt2,sat,0.014592885971069336
/20220307-SMPT/Referendum-PT-0100/RF-09.smt2,sat,0.01628875732421875
/20220307-SMPT/Referendum-PT-0100/RC-07.smt2,unsat,0.013243675231933594
/20220307-SMPT/Referendum-PT-0100/RF-06.smt2,unsat,0.00777745246887207
/20220307-SMPT/Referendum-PT-0100/RC-09.smt2,unsat,0.015281915664672852
/20220307-SMPT/Referendum-PT-0100/RC-15.smt2,unsat,0.013569116592407227
/20220307-SMPT/Referendum-PT-0100/RC-12.smt2,unsat,0.011809825897216797
/20220307-SMPT/Referendum-PT-0100/RF-14.smt2,sat,0.013509750366210938
/20220307-SMPT/FMS-PT-10000/RC-02.smt2,sat,0.003739595413208008
/20220307-SMPT/FMS-PT-10000/RF-12.smt2,sat,0.00372314453125
/20220307-SMPT/FMS-PT-10000/RC-03.smt2,sat,0.004019260406494141
/20220307-SMPT/FMS-PT-10000/RF-02.smt2,sat,0.004076242446899414
/20220307-SMPT/FMS-PT-10000/RC-11.smt2,sat,0.0036106109619140625
/20220307-SMPT/FMS-PT-10000/RF-03.smt2,sat,0.0049571990966796875
/20220307-SMPT/FMS-PT-10000/RC-01.smt2,unsat,0.0025205612182617188
/20220307-SMPT/FMS-PT-10000/RF-00.smt2,sat,0.004296064376831055
/20220307-SMPT/FMS-PT-10000/RC-04.smt2,sat,0.0031557083129882812
/20220307-SMPT/FMS-PT-10000/RF-11.smt2,sat,0.004045248031616211
/20220307-SMPT/FMS-PT-10000/RC-13.smt2,sat,0.006248950958251953
/20220307-SMPT/FMS-PT-10000/RC-06.smt2,sat,0.0027892589569091797
/20220307-SMPT/FMS-PT-10000/RC-14.smt2,unsat,0.004225969314575195
/20220307-SMPT/FMS-PT-10000/RC-10.smt2,unsat,0.005441188812255859
/20220307-SMPT/FMS-PT-10000/RF-04.smt2,sat,0.004408359527587891
/20220307-SMPT/FMS-PT-10000/RF-01.smt2,sat,0.003368377685546875
/20220307-SMPT/FMS-PT-10000/RF-13.smt2,sat,0.004447460174560547
/20220307-SMPT/FMS-PT-10000/RC-05.smt2,sat,0.004889011383056641
/20220307-SMPT/FMS-PT-10000/RC-00.smt2,sat,0.004517793655395508
/20220307-SMPT/FMS-PT-10000/RF-05.smt2,sat,0.003256082534790039
/20220307-SMPT/FMS-PT-10000/RF-07.smt2,sat,0.0043909549713134766
/20220307-SMPT/FMS-PT-10000/RF-10.smt2,sat,0.004072666168212891
/20220307-SMPT/FMS-PT-10000/RF-08.smt2,sat,0.004172563552856445
/20220307-SMPT/FMS-PT-10000/RC-08.smt2,sat,0.00409698486328125
/20220307-SMPT/FMS-PT-10000/RF-15.smt2,sat,0.006297111511230469
/20220307-SMPT/FMS-PT-10000/RF-09.smt2,sat,0.0038080215454101562
/20220307-SMPT/FMS-PT-10000/RC-07.smt2,sat,0.0052032470703125
/20220307-SMPT/FMS-PT-10000/RF-06.smt2,sat,0.004107475280761719
/20220307-SMPT/FMS-PT-10000/RC-09.smt2,sat,0.0057811737060546875
/20220307-SMPT/FMS-PT-10000/RC-15.smt2,sat,0.0042476654052734375
/20220307-SMPT/FMS-PT-10000/RC-12.smt2,sat,0.0038373470306396484
/20220307-SMPT/FMS-PT-10000/RF-14.smt2,sat,0.0042955875396728516
/20220307-SMPT/Referendum-PT-0200/RC-02.smt2,sat,0.08102989196777344
/20220307-SMPT/Referendum-PT-0200/RF-12.smt2,sat,0.02545762062072754
/20220307-SMPT/Referendum-PT-0200/RC-03.smt2,sat,0.06539440155029297
/20220307-SMPT/Referendum-PT-0200/RF-02.smt2,unsat,0.015460729598999023
/20220307-SMPT/Referendum-PT-0200/RC-11.smt2,unsat,0.022483110427856445
/20220307-SMPT/Referendum-PT-0200/RF-03.smt2,sat,0.024837493896484375
/20220307-SMPT/Referendum-PT-0200/RC-01.smt2,unsat,0.022227764129638672
/20220307-SMPT/Referendum-PT-0200/RF-00.smt2,unsat,0.014178752899169922
/20220307-SMPT/Referendum-PT-0200/RC-04.smt2,sat,0.05030322074890137
/20220307-SMPT/Referendum-PT-0200/RF-11.smt2,sat,0.022205114364624023
/20220307-SMPT/Referendum-PT-0200/RC-13.smt2,unsat,0.023125410079956055
/20220307-SMPT/Referendum-PT-0200/RC-06.smt2,unsat,0.02571392059326172
/20220307-SMPT/Referendum-PT-0200/RC-14.smt2,sat,0.02572011947631836
/20220307-SMPT/Referendum-PT-0200/RC-10.smt2,sat,0.023183107376098633
/20220307-SMPT/Referendum-PT-0200/RF-04.smt2,sat,0.028737306594848633
/20220307-SMPT/Referendum-PT-0200/RF-01.smt2,unsat,0.017606019973754883
/20220307-SMPT/Referendum-PT-0200/RF-13.smt2,sat,0.023308992385864258
/20220307-SMPT/Referendum-PT-0200/RC-05.smt2,unsat,0.02310967445373535
/20220307-SMPT/Referendum-PT-0200/RC-00.smt2,sat,0.1338033676147461
/20220307-SMPT/Referendum-PT-0200/RF-05.smt2,unsat,0.03428506851196289
/20220307-SMPT/Referendum-PT-0200/RF-07.smt2,unsat,0.022755861282348633
/20220307-SMPT/Referendum-PT-0200/RF-10.smt2,sat,0.023752212524414062
/20220307-SMPT/Referendum-PT-0200/RF-08.smt2,sat,0.024572372436523438
/20220307-SMPT/Referendum-PT-0200/RC-08.smt2,sat,0.027721405029296875
/20220307-SMPT/Referendum-PT-0200/RF-15.smt2,sat,0.024276018142700195
/20220307-SMPT/Referendum-PT-0200/RF-09.smt2,sat,0.02512669563293457
/20220307-SMPT/Referendum-PT-0200/RC-07.smt2,unsat,0.03205561637878418
/20220307-SMPT/Referendum-PT-0200/RF-06.smt2,sat,0.025136709213256836
/20220307-SMPT/Referendum-PT-0200/RC-09.smt2,sat,0.02382683753967285
/20220307-SMPT/Referendum-PT-0200/RC-15.smt2,sat,0.02300882339477539
/20220307-SMPT/Referendum-PT-0200/RC-12.smt2,sat,0.023470163345336914
/20220307-SMPT/Referendum-PT-0200/RF-14.smt2,sat,0.022125959396362305
/20220307-SMPT/FMS-PT-00020/RC-02.smt2,sat,0.004399776458740234
/20220307-SMPT/FMS-PT-00020/RF-12.smt2,sat,0.0034186840057373047
/20220307-SMPT/FMS-PT-00020/RC-03.smt2,sat,0.0022840499877929688
/20220307-SMPT/FMS-PT-00020/RF-02.smt2,sat,0.004984855651855469
/20220307-SMPT/FMS-PT-00020/RC-11.smt2,sat,0.003671407699584961
/20220307-SMPT/FMS-PT-00020/RF-03.smt2,sat,0.004135608673095703
/20220307-SMPT/FMS-PT-00020/RC-01.smt2,sat,0.00454401969909668
/20220307-SMPT/FMS-PT-00020/RF-00.smt2,sat,0.003759622573852539
/20220307-SMPT/FMS-PT-00020/RC-04.smt2,sat,0.004083871841430664
/20220307-SMPT/FMS-PT-00020/RF-11.smt2,unsat,0.003281831741333008
/20220307-SMPT/FMS-PT-00020/RC-13.smt2,sat,0.0036635398864746094
/20220307-SMPT/FMS-PT-00020/RC-06.smt2,sat,0.00396418571472168
/20220307-SMPT/FMS-PT-00020/RC-14.smt2,sat,0.003941535949707031
/20220307-SMPT/FMS-PT-00020/RC-10.smt2,sat,0.004301786422729492
/20220307-SMPT/FMS-PT-00020/RF-04.smt2,sat,0.0046880245208740234
/20220307-SMPT/FMS-PT-00020/RF-01.smt2,sat,0.0050466060638427734
/20220307-SMPT/FMS-PT-00020/RF-13.smt2,sat,0.006086111068725586
/20220307-SMPT/FMS-PT-00020/RC-05.smt2,sat,0.0038285255432128906
/20220307-SMPT/FMS-PT-00020/RC-00.smt2,sat,0.003809213638305664
/20220307-SMPT/FMS-PT-00020/RF-05.smt2,sat,0.003529787063598633
/20220307-SMPT/FMS-PT-00020/RF-07.smt2,sat,0.0038847923278808594
/20220307-SMPT/FMS-PT-00020/RF-10.smt2,sat,0.003686189651489258
/20220307-SMPT/FMS-PT-00020/RF-08.smt2,sat,0.0048978328704833984
/20220307-SMPT/FMS-PT-00020/RC-08.smt2,sat,0.0047779083251953125
/20220307-SMPT/FMS-PT-00020/RF-15.smt2,sat,0.003435850143432617
/20220307-SMPT/FMS-PT-00020/RF-09.smt2,sat,0.0037949085235595703
/20220307-SMPT/FMS-PT-00020/RC-07.smt2,sat,0.003989458084106445
/20220307-SMPT/FMS-PT-00020/RF-06.smt2,unsat,0.0031676292419433594
/20220307-SMPT/FMS-PT-00020/RC-09.smt2,sat,0.00508570671081543
/20220307-SMPT/FMS-PT-00020/RC-15.smt2,sat,0.0037555694580078125
/20220307-SMPT/FMS-PT-00020/RC-12.smt2,sat,0.0062487125396728516
/20220307-SMPT/FMS-PT-00020/RF-14.smt2,sat,0.004110813140869141
/20220307-SMPT/Referendum-PT-0050/RC-02.smt2,unsat,0.010491371154785156
/20220307-SMPT/Referendum-PT-0050/RF-12.smt2,sat,0.010764360427856445
/20220307-SMPT/Referendum-PT-0050/RC-03.smt2,sat,0.010848760604858398
/20220307-SMPT/Referendum-PT-0050/RF-02.smt2,unsat,0.005717039108276367
/20220307-SMPT/Referendum-PT-0050/RC-11.smt2,unsat,0.008093595504760742
/20220307-SMPT/Referendum-PT-0050/RF-03.smt2,unsat,0.009689092636108398
/20220307-SMPT/Referendum-PT-0050/RC-01.smt2,unsat,0.007912397384643555
/20220307-SMPT/Referendum-PT-0050/RF-00.smt2,sat,0.008925914764404297
/20220307-SMPT/Referendum-PT-0050/RC-04.smt2,unsat,0.008146286010742188
/20220307-SMPT/Referendum-PT-0050/RF-11.smt2,sat,0.009062051773071289
/20220307-SMPT/Referendum-PT-0050/RC-13.smt2,unsat,0.007463693618774414
/20220307-SMPT/Referendum-PT-0050/RC-06.smt2,unsat,0.00818943977355957
/20220307-SMPT/Referendum-PT-0050/RC-14.smt2,unsat,0.008312463760375977
/20220307-SMPT/Referendum-PT-0050/RC-10.smt2,sat,0.008256912231445312
/20220307-SMPT/Referendum-PT-0050/RF-04.smt2,unsat,0.009698867797851562
/20220307-SMPT/Referendum-PT-0050/RF-01.smt2,unsat,0.01088571548461914
/20220307-SMPT/Referendum-PT-0050/RF-13.smt2,sat,0.011693239212036133
/20220307-SMPT/Referendum-PT-0050/RC-05.smt2,sat,0.014197587966918945
/20220307-SMPT/Referendum-PT-0050/RC-00.smt2,unsat,0.005494117736816406
/20220307-SMPT/Referendum-PT-0050/RF-05.smt2,sat,0.008945465087890625
/20220307-SMPT/Referendum-PT-0050/RF-07.smt2,unsat,0.007500886917114258
/20220307-SMPT/Referendum-PT-0050/RF-10.smt2,sat,0.007534980773925781
/20220307-SMPT/Referendum-PT-0050/RF-08.smt2,sat,0.009289979934692383
/20220307-SMPT/Referendum-PT-0050/RC-08.smt2,unsat,0.00800776481628418
/20220307-SMPT/Referendum-PT-0050/RF-15.smt2,sat,0.00938272476196289
/20220307-SMPT/Referendum-PT-0050/RF-09.smt2,sat,0.007616996765136719
/20220307-SMPT/Referendum-PT-0050/RC-07.smt2,sat,0.014689445495605469
/20220307-SMPT/Referendum-PT-0050/RF-06.smt2,unsat,0.009812355041503906
/20220307-SMPT/Referendum-PT-0050/RC-09.smt2,unsat,0.008263587951660156
/20220307-SMPT/Referendum-PT-0050/RC-15.smt2,unsat,0.008488893508911133
/20220307-SMPT/Referendum-PT-0050/RC-12.smt2,sat,0.009788036346435547
/20220307-SMPT/Referendum-PT-0050/RF-14.smt2,sat,0.008152008056640625
/20220307-SMPT/SmallOperatingSystem-PT-MT1024DC0512/RC-02.smt2,sat,0.0039331912994384766
/20220307-SMPT/SmallOperatingSystem-PT-MT1024DC0512/RF-12.smt2,unsat,0.0035309791564941406
/20220307-SMPT/SmallOperatingSystem-PT-MT1024DC0512/RC-03.smt2,unsat,0.00404047966003418
/20220307-SMPT/SmallOperatingSystem-PT-MT1024DC0512/RF-02.smt2,unsat,0.006639957427978516
/20220307-SMPT/SmallOperatingSystem-PT-MT1024DC0512/RC-11.smt2,unsat,0.0023174285888671875
/20220307-SMPT/SmallOperatingSystem-PT-MT1024DC0512/RF-03.smt2,unsat,0.004769563674926758
/20220307-SMPT/SmallOperatingSystem-PT-MT1024DC0512/RC-01.smt2,unsat,0.003423452377319336
/20220307-SMPT/SmallOperatingSystem-PT-MT1024DC0512/RF-00.smt2,unsat,0.004690647125244141
/20220307-SMPT/SmallOperatingSystem-PT-MT1024DC0512/RC-04.smt2,unsat,0.0018570423126220703
/20220307-SMPT/SmallOperatingSystem-PT-MT1024DC0512/RF-11.smt2,unsat,0.004683017730712891
/20220307-SMPT/SmallOperatingSystem-PT-MT1024DC0512/RC-13.smt2,sat,0.0033571720123291016
/20220307-SMPT/SmallOperatingSystem-PT-MT1024DC0512/RC-06.smt2,unsat,0.003257274627685547
/20220307-SMPT/SmallOperatingSystem-PT-MT1024DC0512/RC-14.smt2,unsat,0.0044100284576416016
/20220307-SMPT/SmallOperatingSystem-PT-MT1024DC0512/RC-10.smt2,unsat,0.0031595230102539062
/20220307-SMPT/SmallOperatingSystem-PT-MT1024DC0512/RF-04.smt2,sat,0.003466367721557617
/20220307-SMPT/SmallOperatingSystem-PT-MT1024DC0512/RF-01.smt2,unsat,0.0055162906646728516
/20220307-SMPT/SmallOperatingSystem-PT-MT1024DC0512/RC-05.smt2,sat,0.003017902374267578
/20220307-SMPT/SmallOperatingSystem-PT-MT1024DC0512/RC-00.smt2,sat,0.0036962032318115234
/20220307-SMPT/SmallOperatingSystem-PT-MT1024DC0512/RF-05.smt2,sat,0.003070354461669922
/20220307-SMPT/SmallOperatingSystem-PT-MT1024DC0512/RF-07.smt2,unsat,0.003388643264770508
/20220307-SMPT/SmallOperatingSystem-PT-MT1024DC0512/RF-08.smt2,unsat,0.0034666061401367188
/20220307-SMPT/SmallOperatingSystem-PT-MT1024DC0512/RC-08.smt2,sat,0.0030672550201416016
/20220307-SMPT/SmallOperatingSystem-PT-MT1024DC0512/RF-15.smt2,sat,0.0019741058349609375
/20220307-SMPT/SmallOperatingSystem-PT-MT1024DC0512/RC-07.smt2,unsat,0.0037577152252197266
/20220307-SMPT/SmallOperatingSystem-PT-MT1024DC0512/RF-06.smt2,sat,0.0036690235137939453
/20220307-SMPT/SmallOperatingSystem-PT-MT1024DC0512/RC-09.smt2,sat,0.003803730010986328
/20220307-SMPT/SmallOperatingSystem-PT-MT1024DC0512/RC-15.smt2,unsat,0.003103494644165039
/20220307-SMPT/SmallOperatingSystem-PT-MT1024DC0512/RC-12.smt2,sat,0.004220008850097656
/20220307-SMPT/SmallOperatingSystem-PT-MT1024DC0512/RF-14.smt2,unsat,0.0030803680419921875
/20220307-SMPT/Kanban-PT-00020/RC-02.smt2,sat,0.0055828094482421875
/20220307-SMPT/Kanban-PT-00020/RF-12.smt2,sat,0.003031492233276367
/20220307-SMPT/Kanban-PT-00020/RC-03.smt2,sat,0.005300283432006836
/20220307-SMPT/Kanban-PT-00020/RF-02.smt2,sat,0.0035767555236816406
/20220307-SMPT/Kanban-PT-00020/RC-11.smt2,sat,0.0038433074951171875
/20220307-SMPT/Kanban-PT-00020/RF-03.smt2,unsat,0.004386186599731445
/20220307-SMPT/Kanban-PT-00020/RC-01.smt2,sat,0.0049707889556884766
/20220307-SMPT/Kanban-PT-00020/RF-00.smt2,unsat,0.003627777099609375
/20220307-SMPT/Kanban-PT-00020/RC-04.smt2,sat,0.004418134689331055
/20220307-SMPT/Kanban-PT-00020/RF-11.smt2,sat,0.004726409912109375
/20220307-SMPT/Kanban-PT-00020/RC-13.smt2,sat,0.0032706260681152344
/20220307-SMPT/Kanban-PT-00020/RC-06.smt2,sat,0.0025603771209716797
/20220307-SMPT/Kanban-PT-00020/RC-14.smt2,sat,0.004282474517822266
/20220307-SMPT/Kanban-PT-00020/RC-10.smt2,sat,0.004517078399658203
/20220307-SMPT/Kanban-PT-00020/RF-04.smt2,unsat,0.00417327880859375
/20220307-SMPT/Kanban-PT-00020/RF-01.smt2,sat,0.0036368370056152344
/20220307-SMPT/Kanban-PT-00020/RF-13.smt2,unsat,0.003813028335571289
/20220307-SMPT/Kanban-PT-00020/RC-05.smt2,sat,0.004294633865356445
/20220307-SMPT/Kanban-PT-00020/RC-00.smt2,sat,0.0044596195220947266
/20220307-SMPT/Kanban-PT-00020/RF-05.smt2,sat,0.0032660961151123047
/20220307-SMPT/Kanban-PT-00020/RF-07.smt2,unsat,0.004022121429443359
/20220307-SMPT/Kanban-PT-00020/RF-10.smt2,sat,0.0045583248138427734
/20220307-SMPT/Kanban-PT-00020/RF-08.smt2,sat,0.005068063735961914
/20220307-SMPT/Kanban-PT-00020/RC-08.smt2,sat,0.0038526058197021484
/20220307-SMPT/Kanban-PT-00020/RF-15.smt2,sat,0.004022121429443359
/20220307-SMPT/Kanban-PT-00020/RF-09.smt2,sat,0.005617380142211914
/20220307-SMPT/Kanban-PT-00020/RC-07.smt2,sat,0.004721403121948242
/20220307-SMPT/Kanban-PT-00020/RF-06.smt2,sat,0.0037980079650878906
/20220307-SMPT/Kanban-PT-00020/RC-09.smt2,sat,0.002839803695678711
/20220307-SMPT/Kanban-PT-00020/RC-15.smt2,sat,0.0036890506744384766
/20220307-SMPT/Kanban-PT-00020/RC-12.smt2,sat,0.0039038658142089844
/20220307-SMPT/Kanban-PT-00020/RF-14.smt2,sat,0.0040683746337890625
/20220307-SMPT/Kanban-PT-00100/RC-02.smt2,sat,0.0044307708740234375
/20220307-SMPT/Kanban-PT-00100/RF-12.smt2,sat,0.005011081695556641
/20220307-SMPT/Kanban-PT-00100/RC-03.smt2,sat,0.003992795944213867
/20220307-SMPT/Kanban-PT-00100/RF-02.smt2,sat,0.00538182258605957
/20220307-SMPT/Kanban-PT-00100/RC-11.smt2,sat,0.004649162292480469
/20220307-SMPT/Kanban-PT-00100/RF-03.smt2,unsat,0.003312826156616211
/20220307-SMPT/Kanban-PT-00100/RC-01.smt2,sat,0.0036721229553222656
/20220307-SMPT/Kanban-PT-00100/RF-00.smt2,sat,0.004332065582275391
/20220307-SMPT/Kanban-PT-00100/RC-04.smt2,sat,0.0039997100830078125
/20220307-SMPT/Kanban-PT-00100/RC-13.smt2,sat,0.0034270286560058594
/20220307-SMPT/Kanban-PT-00100/RC-06.smt2,sat,0.003805398941040039
/20220307-SMPT/Kanban-PT-00100/RC-14.smt2,sat,0.003137350082397461
/20220307-SMPT/Kanban-PT-00100/RC-10.smt2,unsat,0.00445246696472168
/20220307-SMPT/Kanban-PT-00100/RF-04.smt2,sat,0.0025484561920166016
/20220307-SMPT/Kanban-PT-00100/RF-01.smt2,unsat,0.003250598907470703
/20220307-SMPT/Kanban-PT-00100/RF-13.smt2,unsat,0.003023386001586914
/20220307-SMPT/Kanban-PT-00100/RC-05.smt2,sat,0.005357265472412109
/20220307-SMPT/Kanban-PT-00100/RC-00.smt2,sat,0.004379987716674805
/20220307-SMPT/Kanban-PT-00100/RF-05.smt2,sat,0.003778696060180664
/20220307-SMPT/Kanban-PT-00100/RF-07.smt2,sat,0.004168033599853516
/20220307-SMPT/Kanban-PT-00100/RF-10.smt2,sat,0.00458526611328125
/20220307-SMPT/Kanban-PT-00100/RF-08.smt2,unsat,0.0044002532958984375
/20220307-SMPT/Kanban-PT-00100/RC-08.smt2,sat,0.0034863948822021484
/20220307-SMPT/Kanban-PT-00100/RF-15.smt2,unsat,0.003773927688598633
/20220307-SMPT/Kanban-PT-00100/RF-09.smt2,sat,0.003012418746948242
/20220307-SMPT/Kanban-PT-00100/RC-07.smt2,sat,0.003806591033935547
/20220307-SMPT/Kanban-PT-00100/RF-06.smt2,sat,0.003683805465698242
/20220307-SMPT/Kanban-PT-00100/RC-09.smt2,sat,0.0036535263061523438
/20220307-SMPT/Kanban-PT-00100/RC-15.smt2,unsat,0.003133535385131836
/20220307-SMPT/Kanban-PT-00100/RC-12.smt2,sat,0.003282785415649414
/20220307-SMPT/Kanban-PT-00100/RF-14.smt2,unsat,0.0037767887115478516
/CAV_2009_benchmarks/smt/25-vars/problem_2__027.smt2,sat,11.816701412200928
/CAV_2009_benchmarks/smt/25-vars/problem_2__017.smt2,sat,0.8964266777038574
/CAV_2009_benchmarks/smt/25-vars/problem__007.smt2,sat,0.038793087005615234
/CAV_2009_benchmarks/smt/25-vars/problem_2__020.smt2,sat,0.006682395935058594
/CAV_2009_benchmarks/smt/25-vars/problem__028.smt2,sat,19.987812995910645
/CAV_2009_benchmarks/smt/25-vars/problem_2__016.smt2,sat,0.3834059238433838
/CAV_2009_benchmarks/smt/25-vars/problem_2__003.smt2,sat,0.0036773681640625
/CAV_2009_benchmarks/smt/25-vars/problem_2__015.smt2,sat,0.10703349113464355
/CAV_2009_benchmarks/smt/25-vars/problem__035.smt2,sat,1.1649010181427002
/CAV_2009_benchmarks/smt/25-vars/problem_2__013.smt2,sat,0.020939350128173828
/CAV_2009_benchmarks/smt/25-vars/problem__015.smt2,sat,0.335369348526001
/CAV_2009_benchmarks/smt/25-vars/problem__029.smt2,sat,2.697366714477539
/CAV_2009_benchmarks/smt/25-vars/problem__020.smt2,sat,0.3351562023162842
/CAV_2009_benchmarks/smt/25-vars/problem__033.smt2,sat,1.753260850906372
/CAV_2009_benchmarks/smt/25-vars/problem_2__024.smt2,sat,1.0811994075775146
/CAV_2009_benchmarks/smt/25-vars/problem__019.smt2,sat,0.5417683124542236
/CAV_2009_benchmarks/smt/25-vars/problem_2__028.smt2,sat,1.00032377243042
/CAV_2009_benchmarks/smt/25-vars/problem__030.smt2,sat,2.619577169418335
/CAV_2009_benchmarks/smt/25-vars/problem__023.smt2,sat,0.43994927406311035
/CAV_2009_benchmarks/smt/25-vars/problem_2__010.smt2,sat,0.005064725875854492
/CAV_2009_benchmarks/smt/25-vars/problem__012.smt2,sat,0.8036823272705078
/CAV_2009_benchmarks/smt/25-vars/problem__024.smt2,sat,0.3208198547363281
/CAV_2009_benchmarks/smt/25-vars/problem__032.smt2,unsat,0.026897192001342773
/CAV_2009_benchmarks/smt/25-vars/problem__027.smt2,sat,0.8403158187866211
/CAV_2009_benchmarks/smt/25-vars/problem_2__022.smt2,sat,0.542879581451416
/CAV_2009_benchmarks/smt/25-vars/problem__016.smt2,sat,0.32732677459716797
/CAV_2009_benchmarks/smt/25-vars/problem__025.smt2,sat,0.6556751728057861
/CAV_2009_benchmarks/smt/25-vars/problem_2__030.smt2,sat,0.17856884002685547
/CAV_2009_benchmarks/smt/25-vars/problem_2__019.smt2,sat,0.39576125144958496
/CAV_2009_benchmarks/smt/25-vars/problem__018.smt2,sat,0.2622110843658447
/CAV_2009_benchmarks/smt/25-vars/problem_2__031.smt2,unsat,0.03472018241882324
/CAV_2009_benchmarks/smt/25-vars/problem__013.smt2,sat,0.04176068305969238
/CAV_2009_benchmarks/smt/25-vars/problem__009.smt2,sat,0.027324438095092773
/CAV_2009_benchmarks/smt/25-vars/problem__017.smt2,sat,0.03078603744506836
/CAV_2009_benchmarks/smt/25-vars/problem_2__012.smt2,sat,0.3613100051879883
/CAV_2009_benchmarks/smt/25-vars/problem_2__005.smt2,sat,0.004678964614868164
/CAV_2009_benchmarks/smt/25-vars/problem_2__011.smt2,sat,0.036336421966552734
/CAV_2009_benchmarks/smt/25-vars/problem_2__018.smt2,sat,0.031503915786743164
/CAV_2009_benchmarks/smt/25-vars/problem__014.smt2,sat,0.3572976589202881
/CAV_2009_benchmarks/smt/25-vars/problem__008.smt2,sat,0.027313947677612305
/CAV_2009_benchmarks/smt/25-vars/problem_2__014.smt2,sat,0.03608393669128418
/CAV_2009_benchmarks/smt/25-vars/problem_2__007.smt2,sat,0.005048036575317383
/CAV_2009_benchmarks/smt/25-vars/problem_2__001.smt2,sat,0.004940509796142578
/CAV_2009_benchmarks/smt/25-vars/problem_2__026.smt2,sat,1.1371111869812012
/CAV_2009_benchmarks/smt/25-vars/problem__011.smt2,sat,0.28386592864990234
/CAV_2009_benchmarks/smt/25-vars/problem_2__032.smt2,sat,1.8155460357666016
/CAV_2009_benchmarks/smt/25-vars/problem_2__006.smt2,sat,0.034261226654052734
/CAV_2009_benchmarks/smt/25-vars/problem_2__029.smt2,unsat,0.02340865135192871
/CAV_2009_benchmarks/smt/25-vars/problem__005.smt2,sat,0.009511232376098633
/CAV_2009_benchmarks/smt/25-vars/problem_2__034.smt2,sat,1.3191723823547363
/CAV_2009_benchmarks/smt/25-vars/problem_2__004.smt2,sat,0.004847049713134766
/CAV_2009_benchmarks/smt/25-vars/problem__003.smt2,sat,0.007271289825439453
/CAV_2009_benchmarks/smt/25-vars/problem__034.smt2,unsat,0.05749821662902832
/CAV_2009_benchmarks/smt/25-vars/problem_2__002.smt2,sat,0.006109714508056641
/CAV_2009_benchmarks/smt/25-vars/problem_2__035.smt2,sat,1.2425987720489502
/CAV_2009_benchmarks/smt/25-vars/problem__021.smt2,sat,10.340017318725586
/CAV_2009_benchmarks/smt/25-vars/problem_2__009.smt2,sat,0.006635427474975586
/CAV_2009_benchmarks/smt/25-vars/problem_2__008.smt2,sat,0.00622868537902832
/CAV_2009_benchmarks/smt/25-vars/problem_2__033.smt2,unsat,0.01750969886779785
/CAV_2009_benchmarks/smt/25-vars/problem__002.smt2,sat,0.0034074783325195312
/CAV_2009_benchmarks/smt/25-vars/problem__001.smt2,sat,0.003725290298461914
/CAV_2009_benchmarks/smt/25-vars/problem__010.smt2,sat,0.07036495208740234
/CAV_2009_benchmarks/smt/25-vars/problem__026.smt2,sat,0.9393339157104492
/CAV_2009_benchmarks/smt/25-vars/problem__004.smt2,sat,0.004305124282836914
/CAV_2009_benchmarks/smt/25-vars/problem__031.smt2,unsat,0.03577876091003418
/CAV_2009_benchmarks/smt/25-vars/problem_2__025.smt2,sat,0.023283958435058594
/CAV_2009_benchmarks/smt/25-vars/problem_2__023.smt2,sat,0.3701310157775879
/CAV_2009_benchmarks/smt/25-vars/problem__022.smt2,unsat,0.05748295783996582
/CAV_2009_benchmarks/smt/25-vars/problem__006.smt2,sat,0.04646754264831543
/CAV_2009_benchmarks/smt/25-vars/problem_2__021.smt2,sat,0.5250868797302246
/CAV_2009_benchmarks/smt/35-vars/problem_2__027.smt2,sat,11.062050819396973
/CAV_2009_benchmarks/smt/35-vars/problem_2__017.smt2,sat,1.3691456317901611
/CAV_2009_benchmarks/smt/35-vars/problem__007.smt2,sat,0.025287151336669922
/CAV_2009_benchmarks/smt/35-vars/problem_2__020.smt2,sat,0.006032705307006836
/CAV_2009_benchmarks/smt/35-vars/problem__028.smt2,sat,0.47330307960510254
/CAV_2009_benchmarks/smt/35-vars/problem_2__016.smt2,sat,2.767516613006592
/CAV_2009_benchmarks/smt/35-vars/problem_2__003.smt2,sat,0.006138324737548828
/CAV_2009_benchmarks/smt/35-vars/problem_2__015.smt2,sat,0.3010866641998291
/CAV_2009_benchmarks/smt/35-vars/problem__035.smt2,sat,20.011106967926025
/CAV_2009_benchmarks/smt/35-vars/problem_2__013.smt2,sat,0.03400897979736328
/CAV_2009_benchmarks/smt/35-vars/problem__015.smt2,sat,0.1347651481628418
/CAV_2009_benchmarks/smt/35-vars/problem__029.smt2,sat,20.00179696083069
/CAV_2009_benchmarks/smt/35-vars/problem__020.smt2,sat,1.6994411945343018
/CAV_2009_benchmarks/smt/35-vars/problem__033.smt2,sat,15.558823585510254
/CAV_2009_benchmarks/smt/35-vars/problem_2__024.smt2,sat,5.562011957168579
/CAV_2009_benchmarks/smt/35-vars/problem__019.smt2,sat,0.08955669403076172
/CAV_2009_benchmarks/smt/35-vars/problem_2__028.smt2,sat,120.12675070762634
/CAV_2009_benchmarks/smt/35-vars/problem__030.smt2,sat,22.3146071434021
/CAV_2009_benchmarks/smt/35-vars/problem__023.smt2,sat,78.32161068916321
/CAV_2009_benchmarks/smt/35-vars/problem_2__010.smt2,sat,0.004453182220458984
/CAV_2009_benchmarks/smt/35-vars/problem__012.smt2,sat,0.09221673011779785
/CAV_2009_benchmarks/smt/35-vars/problem__024.smt2,sat,23.15746808052063
/CAV_2009_benchmarks/smt/35-vars/problem__032.smt2,sat,107.49121904373169
/CAV_2009_benchmarks/smt/35-vars/problem__027.smt2,sat,40.64000415802002
/CAV_2009_benchmarks/smt/35-vars/problem_2__022.smt2,sat,3.8854987621307373
/CAV_2009_benchmarks/smt/35-vars/problem__016.smt2,sat,0.04687833786010742
/CAV_2009_benchmarks/smt/35-vars/problem__025.smt2,sat,11.357285976409912
/CAV_2009_benchmarks/smt/35-vars/problem_2__030.smt2,sat,105.25439739227295
/CAV_2009_benchmarks/smt/35-vars/problem_2__019.smt2,sat,0.3834571838378906
/CAV_2009_benchmarks/smt/35-vars/problem__018.smt2,sat,19.32809281349182
/CAV_2009_benchmarks/smt/35-vars/problem_2__031.smt2,sat,28.694318056106567
/CAV_2009_benchmarks/smt/35-vars/problem__013.smt2,sat,0.030831575393676758
/CAV_2009_benchmarks/smt/35-vars/problem__009.smt2,sat,0.019334077835083008
/CAV_2009_benchmarks/smt/35-vars/problem__017.smt2,sat,1.5843794345855713
/CAV_2009_benchmarks/smt/35-vars/problem_2__012.smt2,sat,0.06061553955078125
/CAV_2009_benchmarks/smt/35-vars/problem_2__005.smt2,sat,0.0042345523834228516
/CAV_2009_benchmarks/smt/35-vars/problem_2__011.smt2,sat,0.201887845993042
/CAV_2009_benchmarks/smt/35-vars/problem_2__018.smt2,sat,0.14646148681640625
/CAV_2009_benchmarks/smt/35-vars/problem__014.smt2,sat,0.18965625762939453
/CAV_2009_benchmarks/smt/35-vars/problem__008.smt2,sat,0.028484821319580078
/CAV_2009_benchmarks/smt/35-vars/problem_2__014.smt2,sat,0.07287430763244629
/CAV_2009_benchmarks/smt/35-vars/problem_2__007.smt2,sat,0.0305941104888916
/CAV_2009_benchmarks/smt/35-vars/problem_2__001.smt2,sat,0.004877567291259766
/CAV_2009_benchmarks/smt/35-vars/problem_2__026.smt2,sat,10.037992000579834
/CAV_2009_benchmarks/smt/35-vars/problem__011.smt2,sat,0.030488014221191406
/CAV_2009_benchmarks/smt/35-vars/problem_2__032.smt2,sat,12.007001876831055
/CAV_2009_benchmarks/smt/35-vars/problem_2__006.smt2,sat,0.0378265380859375
/CAV_2009_benchmarks/smt/35-vars/problem_2__029.smt2,sat,20.945945501327515
/CAV_2009_benchmarks/smt/35-vars/problem__005.smt2,sat,0.005280256271362305
/CAV_2009_benchmarks/smt/35-vars/problem_2__034.smt2,sat,29.768290281295776
/CAV_2009_benchmarks/smt/35-vars/problem_2__004.smt2,sat,0.005546092987060547
/CAV_2009_benchmarks/smt/35-vars/problem__003.smt2,sat,0.002824544906616211
/CAV_2009_benchmarks/smt/35-vars/problem__034.smt2,sat,126.98703193664551
/CAV_2009_benchmarks/smt/35-vars/problem_2__002.smt2,sat,0.013434171676635742
/CAV_2009_benchmarks/smt/35-vars/problem_2__035.smt2,sat,9.940102338790894
/CAV_2009_benchmarks/smt/35-vars/problem__021.smt2,sat,39.29198956489563
/CAV_2009_benchmarks/smt/35-vars/problem_2__009.smt2,sat,0.005147457122802734
/CAV_2009_benchmarks/smt/35-vars/problem_2__008.smt2,sat,0.0227200984954834
/CAV_2009_benchmarks/smt/35-vars/problem_2__033.smt2,sat,13.692339181900024
/CAV_2009_benchmarks/smt/35-vars/problem__002.smt2,sat,0.004659414291381836
/CAV_2009_benchmarks/smt/35-vars/problem__001.smt2,sat,0.0057621002197265625
/CAV_2009_benchmarks/smt/35-vars/problem__010.smt2,sat,0.06481289863586426
/CAV_2009_benchmarks/smt/35-vars/problem__026.smt2,sat,1.2141916751861572
/CAV_2009_benchmarks/smt/35-vars/problem__004.smt2,sat,0.005547761917114258
/CAV_2009_benchmarks/smt/35-vars/problem__031.smt2,sat,23.03684902191162
/CAV_2009_benchmarks/smt/35-vars/problem_2__025.smt2,sat,49.86599564552307
/CAV_2009_benchmarks/smt/35-vars/problem_2__023.smt2,sat,11.254628658294678
/CAV_2009_benchmarks/smt/35-vars/problem__022.smt2,sat,5.790657997131348
/CAV_2009_benchmarks/smt/35-vars/problem__006.smt2,sat,0.2538728713989258
/CAV_2009_benchmarks/smt/35-vars/problem_2__021.smt2,sat,10.092264175415039
/CAV_2009_benchmarks/smt/20-vars/problem_2__027.smt2,unsat,0.010369300842285156
/CAV_2009_benchmarks/smt/20-vars/problem_2__017.smt2,sat,0.0873117446899414
/CAV_2009_benchmarks/smt/20-vars/problem__007.smt2,sat,0.0052490234375
/CAV_2009_benchmarks/smt/20-vars/problem_2__020.smt2,sat,0.03420829772949219
/CAV_2009_benchmarks/smt/20-vars/problem__028.smt2,sat,1.3611836433410645
/CAV_2009_benchmarks/smt/20-vars/problem_2__016.smt2,sat,0.008668184280395508
/CAV_2009_benchmarks/smt/20-vars/problem_2__003.smt2,sat,0.0041773319244384766
/CAV_2009_benchmarks/smt/20-vars/problem_2__015.smt2,sat,0.02775883674621582
/CAV_2009_benchmarks/smt/20-vars/problem__035.smt2,unsat,0.010508298873901367
/CAV_2009_benchmarks/smt/20-vars/problem_2__013.smt2,sat,0.03640127182006836
/CAV_2009_benchmarks/smt/20-vars/problem__015.smt2,sat,0.027637481689453125
/CAV_2009_benchmarks/smt/20-vars/problem__029.smt2,unsat,0.019558429718017578
/CAV_2009_benchmarks/smt/20-vars/problem__020.smt2,sat,0.06716036796569824
/CAV_2009_benchmarks/smt/20-vars/problem__033.smt2,unsat,0.02184319496154785
/CAV_2009_benchmarks/smt/20-vars/problem_2__024.smt2,sat,0.049690961837768555
/CAV_2009_benchmarks/smt/20-vars/problem__019.smt2,sat,0.31085205078125
/CAV_2009_benchmarks/smt/20-vars/problem_2__028.smt2,sat,0.2806575298309326
/CAV_2009_benchmarks/smt/20-vars/problem__030.smt2,sat,0.08613109588623047
/CAV_2009_benchmarks/smt/20-vars/problem__023.smt2,unsat,0.007110595703125
/CAV_2009_benchmarks/smt/20-vars/problem_2__010.smt2,sat,0.008519411087036133
/CAV_2009_benchmarks/smt/20-vars/problem__012.smt2,sat,0.024599313735961914
/CAV_2009_benchmarks/smt/20-vars/problem__024.smt2,sat,0.12445807456970215
/CAV_2009_benchmarks/smt/20-vars/problem__032.smt2,unsat,0.00923299789428711
/CAV_2009_benchmarks/smt/20-vars/problem__027.smt2,unsat,0.012560367584228516
/CAV_2009_benchmarks/smt/20-vars/problem_2__022.smt2,sat,0.26718640327453613
/CAV_2009_benchmarks/smt/20-vars/problem__016.smt2,unsat,0.006949901580810547
/CAV_2009_benchmarks/smt/20-vars/problem__025.smt2,unsat,0.0111541748046875
/CAV_2009_benchmarks/smt/20-vars/problem_2__030.smt2,unsat,0.008753538131713867
/CAV_2009_benchmarks/smt/20-vars/problem_2__019.smt2,sat,0.26517271995544434
/CAV_2009_benchmarks/smt/20-vars/problem__018.smt2,unsat,0.005813121795654297
/CAV_2009_benchmarks/smt/20-vars/problem_2__031.smt2,unsat,0.0187835693359375
/CAV_2009_benchmarks/smt/20-vars/problem__013.smt2,sat,0.017894506454467773
/CAV_2009_benchmarks/smt/20-vars/problem__009.smt2,sat,0.037142038345336914
/CAV_2009_benchmarks/smt/20-vars/problem__017.smt2,sat,0.09215450286865234
/CAV_2009_benchmarks/smt/20-vars/problem_2__012.smt2,sat,0.04595351219177246
/CAV_2009_benchmarks/smt/20-vars/problem_2__005.smt2,sat,0.003854513168334961
/CAV_2009_benchmarks/smt/20-vars/problem_2__011.smt2,sat,0.01230311393737793
/CAV_2009_benchmarks/smt/20-vars/problem_2__018.smt2,sat,0.09022331237792969
/CAV_2009_benchmarks/smt/20-vars/problem__014.smt2,unsat,0.8335301876068115
/CAV_2009_benchmarks/smt/20-vars/problem__008.smt2,sat,0.0047245025634765625
/CAV_2009_benchmarks/smt/20-vars/problem_2__014.smt2,sat,0.11245346069335938
/CAV_2009_benchmarks/smt/20-vars/problem_2__007.smt2,sat,0.005186557769775391
/CAV_2009_benchmarks/smt/20-vars/problem_2__001.smt2,sat,0.0032160282135009766
/CAV_2009_benchmarks/smt/20-vars/problem_2__026.smt2,unsat,0.011797189712524414
/CAV_2009_benchmarks/smt/20-vars/problem__011.smt2,sat,0.07525849342346191
/CAV_2009_benchmarks/smt/20-vars/problem_2__032.smt2,unsat,0.006510257720947266
/CAV_2009_benchmarks/smt/20-vars/problem_2__006.smt2,sat,0.006206512451171875
/CAV_2009_benchmarks/smt/20-vars/problem_2__029.smt2,sat,0.450512170791626
/CAV_2009_benchmarks/smt/20-vars/problem__005.smt2,sat,0.003601551055908203
/CAV_2009_benchmarks/smt/20-vars/problem_2__034.smt2,unsat,0.010035514831542969
/CAV_2009_benchmarks/smt/20-vars/problem_2__004.smt2,sat,0.006080150604248047
/CAV_2009_benchmarks/smt/20-vars/problem__003.smt2,sat,0.00505375862121582
/CAV_2009_benchmarks/smt/20-vars/problem__034.smt2,unsat,0.02443408966064453
/CAV_2009_benchmarks/smt/20-vars/problem_2__002.smt2,sat,0.003625154495239258
/CAV_2009_benchmarks/smt/20-vars/problem_2__035.smt2,sat,0.3629889488220215
/CAV_2009_benchmarks/smt/20-vars/problem__021.smt2,sat,0.49544763565063477
/CAV_2009_benchmarks/smt/20-vars/problem_2__009.smt2,sat,0.004473686218261719
/CAV_2009_benchmarks/smt/20-vars/problem_2__008.smt2,sat,0.045011281967163086
/CAV_2009_benchmarks/smt/20-vars/problem_2__033.smt2,unsat,0.01427769660949707
/CAV_2009_benchmarks/smt/20-vars/problem__002.smt2,sat,0.003682851791381836
/CAV_2009_benchmarks/smt/20-vars/problem__001.smt2,sat,0.004935026168823242
/CAV_2009_benchmarks/smt/20-vars/problem__010.smt2,sat,0.008419513702392578
/CAV_2009_benchmarks/smt/20-vars/problem__026.smt2,sat,0.25679993629455566
/CAV_2009_benchmarks/smt/20-vars/problem__004.smt2,sat,0.004771232604980469
/CAV_2009_benchmarks/smt/20-vars/problem__031.smt2,unsat,0.01407003402709961
/CAV_2009_benchmarks/smt/20-vars/problem_2__025.smt2,sat,0.35874509811401367
/CAV_2009_benchmarks/smt/20-vars/problem_2__023.smt2,unsat,0.06305599212646484
/CAV_2009_benchmarks/smt/20-vars/problem__022.smt2,sat,0.014512777328491211
/CAV_2009_benchmarks/smt/20-vars/problem__006.smt2,sat,0.00580596923828125
/CAV_2009_benchmarks/smt/20-vars/problem_2__021.smt2,sat,0.21669816970825195
/CAV_2009_benchmarks/smt/45-vars/problem_2__027.smt2,sat,28.924927473068237
/CAV_2009_benchmarks/smt/45-vars/problem_2__017.smt2,sat,146.47256231307983
/CAV_2009_benchmarks/smt/45-vars/problem__007.smt2,sat,0.3645284175872803
/CAV_2009_benchmarks/smt/45-vars/problem_2__020.smt2,sat,0.5681357383728027
/CAV_2009_benchmarks/smt/45-vars/problem__028.smt2,sat,287.6022369861603
/CAV_2009_benchmarks/smt/45-vars/problem_2__016.smt2,sat,15.374245643615723
/CAV_2009_benchmarks/smt/45-vars/problem_2__003.smt2,sat,0.008825540542602539
/CAV_2009_benchmarks/smt/45-vars/problem_2__015.smt2,sat,0.07073712348937988
/CAV_2009_benchmarks/smt/45-vars/problem__035.smt2,sat,70.8371651172638
/CAV_2009_benchmarks/smt/45-vars/problem_2__013.smt2,sat,0.02639913558959961
/CAV_2009_benchmarks/smt/45-vars/problem__015.smt2,sat,0.01798224449157715
/CAV_2009_benchmarks/smt/45-vars/problem__029.smt2,sat,0.18639349937438965
/CAV_2009_benchmarks/smt/45-vars/problem__020.smt2,sat,0.08810305595397949
/CAV_2009_benchmarks/smt/45-vars/problem__033.smt2,sat,114.97991394996643
/CAV_2009_benchmarks/smt/45-vars/problem_2__024.smt2,sat,21.14202380180359
/CAV_2009_benchmarks/smt/45-vars/problem__019.smt2,sat,12.091705322265625
/CAV_2009_benchmarks/smt/45-vars/problem_2__028.smt2,sat,124.27972364425659
/CAV_2009_benchmarks/smt/45-vars/problem__030.smt2,sat,153.0942645072937
/CAV_2009_benchmarks/smt/45-vars/problem__023.smt2,sat,13.055641412734985
/CAV_2009_benchmarks/smt/45-vars/problem_2__010.smt2,sat,0.02974557876586914
/CAV_2009_benchmarks/smt/45-vars/problem__012.smt2,sat,0.005684375762939453
/CAV_2009_benchmarks/smt/45-vars/problem__024.smt2,sat,26.65109419822693
/CAV_2009_benchmarks/smt/45-vars/problem__032.smt2,sat,160.2149362564087
/CAV_2009_benchmarks/smt/45-vars/problem__027.smt2,sat,19.52735185623169
/CAV_2009_benchmarks/smt/45-vars/problem_2__022.smt2,sat,0.6480123996734619
/CAV_2009_benchmarks/smt/45-vars/problem__016.smt2,sat,0.03254294395446777
/CAV_2009_benchmarks/smt/45-vars/problem__025.smt2,sat,189.81563448905945
/CAV_2009_benchmarks/smt/45-vars/problem_2__030.smt2,sat,29.55890393257141
/CAV_2009_benchmarks/smt/45-vars/problem_2__019.smt2,sat,122.47082090377808
/CAV_2009_benchmarks/smt/45-vars/problem__018.smt2,sat,0.35390424728393555
/CAV_2009_benchmarks/smt/45-vars/problem_2__031.smt2,sat,638.0758600234985
/CAV_2009_benchmarks/smt/45-vars/problem__013.smt2,sat,0.030210018157958984
/CAV_2009_benchmarks/smt/45-vars/problem__009.smt2,sat,0.023468494415283203
/CAV_2009_benchmarks/smt/45-vars/problem__017.smt2,sat,30.996156215667725
/CAV_2009_benchmarks/smt/45-vars/problem_2__012.smt2,sat,0.2901010513305664
/CAV_2009_benchmarks/smt/45-vars/problem_2__005.smt2,sat,0.0064508914947509766
/CAV_2009_benchmarks/smt/45-vars/problem_2__011.smt2,sat,0.028766632080078125
/CAV_2009_benchmarks/smt/45-vars/problem_2__018.smt2,sat,0.007020235061645508
/CAV_2009_benchmarks/smt/45-vars/problem__014.smt2,sat,0.021536827087402344
/CAV_2009_benchmarks/smt/45-vars/problem__008.smt2,sat,0.02023458480834961
/CAV_2009_benchmarks/smt/45-vars/problem_2__014.smt2,sat,0.36522912979125977
/CAV_2009_benchmarks/smt/45-vars/problem_2__007.smt2,sat,0.0053577423095703125
/CAV_2009_benchmarks/smt/45-vars/problem_2__001.smt2,sat,0.006951093673706055
/CAV_2009_benchmarks/smt/45-vars/problem_2__026.smt2,sat,274.9644629955292
/CAV_2009_benchmarks/smt/45-vars/problem__011.smt2,sat,0.3825371265411377
/CAV_2009_benchmarks/smt/45-vars/problem_2__032.smt2,sat,0.03708934783935547
/CAV_2009_benchmarks/smt/45-vars/problem_2__006.smt2,sat,0.005350828170776367
/CAV_2009_benchmarks/smt/45-vars/problem_2__029.smt2,sat,80.84185576438904
/CAV_2009_benchmarks/smt/45-vars/problem__005.smt2,sat,0.006520509719848633
/CAV_2009_benchmarks/smt/45-vars/problem_2__034.smt2,sat,68.59140658378601
/CAV_2009_benchmarks/smt/45-vars/problem_2__004.smt2,sat,0.019136667251586914
/CAV_2009_benchmarks/smt/45-vars/problem__003.smt2,sat,0.004870414733886719
/CAV_2009_benchmarks/smt/45-vars/problem__034.smt2,sat,197.94635653495789
/CAV_2009_benchmarks/smt/45-vars/problem_2__002.smt2,sat,0.005212306976318359
/CAV_2009_benchmarks/smt/45-vars/problem_2__035.smt2,sat,762.0744757652283
/CAV_2009_benchmarks/smt/45-vars/problem__021.smt2,sat,33.5041880607605
/CAV_2009_benchmarks/smt/45-vars/problem_2__009.smt2,sat,0.021819591522216797
/CAV_2009_benchmarks/smt/45-vars/problem_2__008.smt2,sat,0.003964662551879883
/CAV_2009_benchmarks/smt/45-vars/problem_2__033.smt2,sat,146.85257148742676
/CAV_2009_benchmarks/smt/45-vars/problem__002.smt2,sat,0.005971670150756836
/CAV_2009_benchmarks/smt/45-vars/problem__001.smt2,sat,0.004820108413696289
/CAV_2009_benchmarks/smt/45-vars/problem__010.smt2,sat,0.03834986686706543
/CAV_2009_benchmarks/smt/45-vars/problem__026.smt2,sat,184.04120588302612
/CAV_2009_benchmarks/smt/45-vars/problem__004.smt2,sat,0.006555318832397461
/CAV_2009_benchmarks/smt/45-vars/problem__031.smt2,sat,197.85711073875427
/CAV_2009_benchmarks/smt/45-vars/problem_2__025.smt2,sat,111.54723715782166
/CAV_2009_benchmarks/smt/45-vars/problem_2__023.smt2,sat,14.620316505432129
/CAV_2009_benchmarks/smt/45-vars/problem__022.smt2,sat,114.91492915153503
/CAV_2009_benchmarks/smt/45-vars/problem__006.smt2,sat,0.005574226379394531
/CAV_2009_benchmarks/smt/45-vars/problem_2__021.smt2,sat,382.47102212905884
/CAV_2009_benchmarks/smt/30-vars/problem_2__027.smt2,sat,14.172439336776733
/CAV_2009_benchmarks/smt/30-vars/problem_2__017.smt2,sat,0.8719320297241211
/CAV_2009_benchmarks/smt/30-vars/problem__007.smt2,sat,0.0048334598541259766
/CAV_2009_benchmarks/smt/30-vars/problem_2__020.smt2,sat,1.4848999977111816
/CAV_2009_benchmarks/smt/30-vars/problem__028.smt2,sat,32.380706548690796
/CAV_2009_benchmarks/smt/30-vars/problem_2__016.smt2,sat,12.91073727607727
/CAV_2009_benchmarks/smt/30-vars/problem_2__003.smt2,sat,0.004880189895629883
/CAV_2009_benchmarks/smt/30-vars/problem_2__015.smt2,sat,0.2674374580383301
/CAV_2009_benchmarks/smt/30-vars/problem__035.smt2,sat,3.799614191055298
/CAV_2009_benchmarks/smt/30-vars/problem_2__013.smt2,sat,0.1127309799194336
/CAV_2009_benchmarks/smt/30-vars/problem__015.smt2,sat,0.435960054397583
/CAV_2009_benchmarks/smt/30-vars/problem__029.smt2,sat,16.78933835029602
/CAV_2009_benchmarks/smt/30-vars/problem__020.smt2,sat,0.38618969917297363
/CAV_2009_benchmarks/smt/30-vars/problem__033.smt2,sat,53.89832067489624
/CAV_2009_benchmarks/smt/30-vars/problem_2__024.smt2,sat,0.0059168338775634766
/CAV_2009_benchmarks/smt/30-vars/problem__019.smt2,sat,1.0929830074310303
/CAV_2009_benchmarks/smt/30-vars/problem_2__028.smt2,sat,17.48532795906067
/CAV_2009_benchmarks/smt/30-vars/problem__030.smt2,sat,1.676879644393921
/CAV_2009_benchmarks/smt/30-vars/problem__023.smt2,sat,2.0781607627868652
/CAV_2009_benchmarks/smt/30-vars/problem_2__010.smt2,sat,0.021761417388916016
/CAV_2009_benchmarks/smt/30-vars/problem__012.smt2,sat,0.46700048446655273
/CAV_2009_benchmarks/smt/30-vars/problem__024.smt2,sat,0.07084131240844727
/CAV_2009_benchmarks/smt/30-vars/problem__032.smt2,unsat,0.037932634353637695
/CAV_2009_benchmarks/smt/30-vars/problem__027.smt2,sat,4.932629108428955
/CAV_2009_benchmarks/smt/30-vars/problem_2__022.smt2,sat,18.825997591018677
/CAV_2009_benchmarks/smt/30-vars/problem__016.smt2,sat,2.9865894317626953
/CAV_2009_benchmarks/smt/30-vars/problem__025.smt2,sat,20.039902210235596
/CAV_2009_benchmarks/smt/30-vars/problem_2__030.smt2,sat,27.8767249584198
/CAV_2009_benchmarks/smt/30-vars/problem_2__019.smt2,sat,0.14096283912658691
/CAV_2009_benchmarks/smt/30-vars/problem__018.smt2,sat,1.519812822341919
/CAV_2009_benchmarks/smt/30-vars/problem_2__031.smt2,sat,5.521800994873047
/CAV_2009_benchmarks/smt/30-vars/problem__013.smt2,sat,0.09846997261047363
/CAV_2009_benchmarks/smt/30-vars/problem__009.smt2,sat,0.00581049919128418
/CAV_2009_benchmarks/smt/30-vars/problem__017.smt2,sat,1.1095623970031738
/CAV_2009_benchmarks/smt/30-vars/problem_2__012.smt2,sat,0.006181478500366211
/CAV_2009_benchmarks/smt/30-vars/problem_2__005.smt2,sat,0.0044896602630615234
/CAV_2009_benchmarks/smt/30-vars/problem_2__011.smt2,sat,0.00479888916015625
/CAV_2009_benchmarks/smt/30-vars/problem_2__018.smt2,sat,0.11655235290527344
/CAV_2009_benchmarks/smt/30-vars/problem__014.smt2,sat,0.02759552001953125
/CAV_2009_benchmarks/smt/30-vars/problem__008.smt2,sat,0.0234375
/CAV_2009_benchmarks/smt/30-vars/problem_2__014.smt2,sat,0.4872715473175049
/CAV_2009_benchmarks/smt/30-vars/problem_2__007.smt2,sat,0.021181583404541016
/CAV_2009_benchmarks/smt/30-vars/problem_2__001.smt2,sat,0.0054111480712890625
/CAV_2009_benchmarks/smt/30-vars/problem_2__026.smt2,sat,12.223425149917603
/CAV_2009_benchmarks/smt/30-vars/problem__011.smt2,sat,1.0199494361877441
/CAV_2009_benchmarks/smt/30-vars/problem_2__032.smt2,sat,14.052201986312866
/CAV_2009_benchmarks/smt/30-vars/problem_2__006.smt2,sat,0.019670724868774414
/CAV_2009_benchmarks/smt/30-vars/problem_2__029.smt2,sat,2.7875170707702637
/CAV_2009_benchmarks/smt/30-vars/problem__005.smt2,sat,0.006624698638916016
/CAV_2009_benchmarks/smt/30-vars/problem_2__034.smt2,sat,10.645329236984253
/CAV_2009_benchmarks/smt/30-vars/problem_2__004.smt2,sat,0.003992557525634766
/CAV_2009_benchmarks/smt/30-vars/problem__003.smt2,sat,0.01898050308227539
/CAV_2009_benchmarks/smt/30-vars/problem__034.smt2,sat,4.110409736633301
/CAV_2009_benchmarks/smt/30-vars/problem_2__002.smt2,sat,0.002851247787475586
/CAV_2009_benchmarks/smt/30-vars/problem_2__035.smt2,sat,72.89250755310059
/CAV_2009_benchmarks/smt/30-vars/problem__021.smt2,sat,11.904172897338867
/CAV_2009_benchmarks/smt/30-vars/problem_2__009.smt2,sat,0.004241466522216797
/CAV_2009_benchmarks/smt/30-vars/problem_2__008.smt2,sat,0.0046808719635009766
/CAV_2009_benchmarks/smt/30-vars/problem_2__033.smt2,sat,35.41508102416992
/CAV_2009_benchmarks/smt/30-vars/problem__002.smt2,sat,0.019649267196655273
/CAV_2009_benchmarks/smt/30-vars/problem__001.smt2,sat,0.0045893192291259766
/CAV_2009_benchmarks/smt/30-vars/problem__010.smt2,sat,0.01843738555908203
/CAV_2009_benchmarks/smt/30-vars/problem__026.smt2,sat,18.97147798538208
/CAV_2009_benchmarks/smt/30-vars/problem__004.smt2,sat,0.004801511764526367
/CAV_2009_benchmarks/smt/30-vars/problem__031.smt2,sat,13.349391460418701
/CAV_2009_benchmarks/smt/30-vars/problem_2__025.smt2,sat,18.6394944190979
/CAV_2009_benchmarks/smt/30-vars/problem_2__023.smt2,sat,1.8801562786102295
/CAV_2009_benchmarks/smt/30-vars/problem__022.smt2,sat,28.978334426879883
/CAV_2009_benchmarks/smt/30-vars/problem__006.smt2,sat,0.0042133331298828125
/CAV_2009_benchmarks/smt/30-vars/problem_2__021.smt2,sat,0.005437135696411133
/CAV_2009_benchmarks/smt/40-vars/problem_2__027.smt2,sat,125.86558103561401
/CAV_2009_benchmarks/smt/40-vars/problem_2__017.smt2,sat,14.543991327285767
/CAV_2009_benchmarks/smt/40-vars/problem__007.smt2,sat,0.00464940071105957
/CAV_2009_benchmarks/smt/40-vars/problem_2__020.smt2,sat,0.030980825424194336
/CAV_2009_benchmarks/smt/40-vars/problem__028.smt2,sat,30.99821972846985
/CAV_2009_benchmarks/smt/40-vars/problem_2__016.smt2,sat,10.751687288284302
/CAV_2009_benchmarks/smt/40-vars/problem_2__003.smt2,sat,0.004683494567871094
/CAV_2009_benchmarks/smt/40-vars/problem_2__015.smt2,sat,0.623863697052002
/CAV_2009_benchmarks/smt/40-vars/problem__035.smt2,sat,139.14380645751953
/CAV_2009_benchmarks/smt/40-vars/problem_2__013.smt2,sat,0.023549556732177734
/CAV_2009_benchmarks/smt/40-vars/problem__015.smt2,sat,0.2687811851501465
/CAV_2009_benchmarks/smt/40-vars/problem__029.smt2,sat,17.152749061584473
/CAV_2009_benchmarks/smt/40-vars/problem__020.smt2,sat,17.272319555282593
/CAV_2009_benchmarks/smt/40-vars/problem__033.smt2,sat,36.072288274765015
/CAV_2009_benchmarks/smt/40-vars/problem_2__024.smt2,sat,126.92982244491577
/CAV_2009_benchmarks/smt/40-vars/problem__019.smt2,sat,1.657982349395752
/CAV_2009_benchmarks/smt/40-vars/problem_2__028.smt2,sat,110.55944347381592
/CAV_2009_benchmarks/smt/40-vars/problem__030.smt2,sat,55.40494227409363
/CAV_2009_benchmarks/smt/40-vars/problem__023.smt2,sat,118.15680932998657
/CAV_2009_benchmarks/smt/40-vars/problem_2__010.smt2,sat,0.028861284255981445
/CAV_2009_benchmarks/smt/40-vars/problem__012.smt2,sat,15.384118795394897
/CAV_2009_benchmarks/smt/40-vars/problem__024.smt2,sat,30.61960768699646
/CAV_2009_benchmarks/smt/40-vars/problem__032.smt2,sat,70.49635004997253
/CAV_2009_benchmarks/smt/40-vars/problem__027.smt2,sat,117.35135984420776
/CAV_2009_benchmarks/smt/40-vars/problem_2__022.smt2,sat,0.0183260440826416
/CAV_2009_benchmarks/smt/40-vars/problem__016.smt2,sat,51.706374406814575
/CAV_2009_benchmarks/smt/40-vars/problem__025.smt2,sat,0.27991247177124023
/CAV_2009_benchmarks/smt/40-vars/problem_2__030.smt2,sat,20.021915674209595
/CAV_2009_benchmarks/smt/40-vars/problem_2__019.smt2,sat,0.03872179985046387
/CAV_2009_benchmarks/smt/40-vars/problem__018.smt2,sat,0.37550902366638184
/CAV_2009_benchmarks/smt/40-vars/problem_2__031.smt2,sat,372.4921360015869
/CAV_2009_benchmarks/smt/40-vars/problem__013.smt2,sat,0.2511754035949707
/CAV_2009_benchmarks/smt/40-vars/problem__009.smt2,sat,0.023192405700683594
/CAV_2009_benchmarks/smt/40-vars/problem__017.smt2,sat,0.034998178482055664
/CAV_2009_benchmarks/smt/40-vars/problem_2__012.smt2,sat,3.007998466491699
/CAV_2009_benchmarks/smt/40-vars/problem_2__005.smt2,sat,0.0040645599365234375
/CAV_2009_benchmarks/smt/40-vars/problem_2__011.smt2,sat,0.02409672737121582
/CAV_2009_benchmarks/smt/40-vars/problem_2__018.smt2,sat,0.06126570701599121
/CAV_2009_benchmarks/smt/40-vars/problem__014.smt2,sat,0.328904390335083
/CAV_2009_benchmarks/smt/40-vars/problem__008.smt2,sat,0.024504661560058594
/CAV_2009_benchmarks/smt/40-vars/problem_2__014.smt2,sat,0.005937337875366211
/CAV_2009_benchmarks/smt/40-vars/problem_2__007.smt2,sat,0.016798973083496094
/CAV_2009_benchmarks/smt/40-vars/problem_2__001.smt2,sat,0.005959033966064453
/CAV_2009_benchmarks/smt/40-vars/problem_2__026.smt2,sat,28.64792823791504
/CAV_2009_benchmarks/smt/40-vars/problem__011.smt2,sat,0.005639791488647461
/CAV_2009_benchmarks/smt/40-vars/problem_2__032.smt2,sat,33.87450122833252
/CAV_2009_benchmarks/smt/40-vars/problem_2__006.smt2,sat,0.05546689033508301
/CAV_2009_benchmarks/smt/40-vars/problem_2__029.smt2,sat,277.5014545917511
/CAV_2009_benchmarks/smt/40-vars/problem__005.smt2,sat,0.005576372146606445
/CAV_2009_benchmarks/smt/40-vars/problem_2__034.smt2,sat,122.46725988388062
/CAV_2009_benchmarks/smt/40-vars/problem_2__004.smt2,sat,0.004116535186767578
/CAV_2009_benchmarks/smt/40-vars/problem__003.smt2,sat,0.004529476165771484
/CAV_2009_benchmarks/smt/40-vars/problem__034.smt2,sat,39.65502405166626
/CAV_2009_benchmarks/smt/40-vars/problem_2__002.smt2,sat,0.005938291549682617
/CAV_2009_benchmarks/smt/40-vars/problem_2__035.smt2,sat,25.288918256759644
/CAV_2009_benchmarks/smt/40-vars/problem__021.smt2,sat,40.60857939720154
/CAV_2009_benchmarks/smt/40-vars/problem_2__009.smt2,sat,0.024256229400634766
/CAV_2009_benchmarks/smt/40-vars/problem_2__008.smt2,sat,0.052999019622802734
/CAV_2009_benchmarks/smt/40-vars/problem_2__033.smt2,sat,235.0633625984192
/CAV_2009_benchmarks/smt/40-vars/problem__002.smt2,sat,0.02762126922607422
/CAV_2009_benchmarks/smt/40-vars/problem__001.smt2,sat,0.007095813751220703
/CAV_2009_benchmarks/smt/40-vars/problem__010.smt2,sat,0.004976034164428711
/CAV_2009_benchmarks/smt/40-vars/problem__026.smt2,sat,18.33776879310608
/CAV_2009_benchmarks/smt/40-vars/problem__004.smt2,sat,0.01272439956665039
/CAV_2009_benchmarks/smt/40-vars/problem__031.smt2,sat,38.40639901161194
/CAV_2009_benchmarks/smt/40-vars/problem_2__025.smt2,sat,0.0901327133178711
/CAV_2009_benchmarks/smt/40-vars/problem_2__023.smt2,sat,11.562768936157227
/CAV_2009_benchmarks/smt/40-vars/problem__022.smt2,sat,13.808937549591064
/CAV_2009_benchmarks/smt/40-vars/problem__006.smt2,sat,0.00446319580078125
/CAV_2009_benchmarks/smt/40-vars/problem_2__021.smt2,sat,25.240880012512207
/CAV_2009_benchmarks/smt/10-vars/problem_2__027.smt2,unsat,0.004422664642333984
/CAV_2009_benchmarks/smt/10-vars/problem_2__017.smt2,sat,0.005152702331542969
/CAV_2009_benchmarks/smt/10-vars/problem__007.smt2,sat,0.003020048141479492
/CAV_2009_benchmarks/smt/10-vars/problem_2__020.smt2,sat,0.00411534309387207
/CAV_2009_benchmarks/smt/10-vars/problem__028.smt2,unsat,0.0051305294036865234
/CAV_2009_benchmarks/smt/10-vars/problem_2__016.smt2,unsat,0.004893064498901367
/CAV_2009_benchmarks/smt/10-vars/problem_2__003.smt2,sat,0.0025177001953125
/CAV_2009_benchmarks/smt/10-vars/problem_2__015.smt2,sat,0.0032062530517578125
/CAV_2009_benchmarks/smt/10-vars/problem__035.smt2,unsat,0.005128622055053711
/CAV_2009_benchmarks/smt/10-vars/problem_2__013.smt2,sat,0.0028867721557617188
/CAV_2009_benchmarks/smt/10-vars/problem__015.smt2,sat,0.0042726993560791016
/CAV_2009_benchmarks/smt/10-vars/problem__029.smt2,unsat,0.003899812698364258
/CAV_2009_benchmarks/smt/10-vars/problem__020.smt2,unsat,0.004828929901123047
/CAV_2009_benchmarks/smt/10-vars/problem__033.smt2,unsat,0.003218412399291992
/CAV_2009_benchmarks/smt/10-vars/problem_2__024.smt2,unsat,0.0038166046142578125
/CAV_2009_benchmarks/smt/10-vars/problem__019.smt2,sat,0.0035309791564941406
/CAV_2009_benchmarks/smt/10-vars/problem_2__028.smt2,unsat,0.005306720733642578
/CAV_2009_benchmarks/smt/10-vars/problem__030.smt2,unsat,0.004626035690307617
/CAV_2009_benchmarks/smt/10-vars/problem__023.smt2,sat,0.002309083938598633
/CAV_2009_benchmarks/smt/10-vars/problem_2__010.smt2,sat,0.0030350685119628906
/CAV_2009_benchmarks/smt/10-vars/problem__012.smt2,sat,0.0038466453552246094
/CAV_2009_benchmarks/smt/10-vars/problem__024.smt2,unsat,0.0034837722778320312
/CAV_2009_benchmarks/smt/10-vars/problem__032.smt2,unsat,0.003789663314819336
/CAV_2009_benchmarks/smt/10-vars/problem__027.smt2,unsat,0.003403902053833008
/CAV_2009_benchmarks/smt/10-vars/problem_2__022.smt2,sat,0.004772663116455078
/CAV_2009_benchmarks/smt/10-vars/problem__016.smt2,unsat,0.002941131591796875
/CAV_2009_benchmarks/smt/10-vars/problem__025.smt2,unsat,0.00432896614074707
/CAV_2009_benchmarks/smt/10-vars/problem_2__030.smt2,unsat,0.0047075748443603516
/CAV_2009_benchmarks/smt/10-vars/problem_2__019.smt2,unsat,0.005552768707275391
/CAV_2009_benchmarks/smt/10-vars/problem__018.smt2,sat,0.010273218154907227
/CAV_2009_benchmarks/smt/10-vars/problem_2__031.smt2,unsat,0.0043866634368896484
/CAV_2009_benchmarks/smt/10-vars/problem__013.smt2,sat,0.002542734146118164
/CAV_2009_benchmarks/smt/10-vars/problem__009.smt2,sat,0.004458189010620117
/CAV_2009_benchmarks/smt/10-vars/problem__017.smt2,unsat,0.003814697265625
/CAV_2009_benchmarks/smt/10-vars/problem_2__012.smt2,unsat,0.0043849945068359375
/CAV_2009_benchmarks/smt/10-vars/problem_2__005.smt2,sat,0.004572391510009766
/CAV_2009_benchmarks/smt/10-vars/problem_2__011.smt2,sat,0.0054242610931396484
/CAV_2009_benchmarks/smt/10-vars/problem_2__018.smt2,sat,0.003610849380493164
/CAV_2009_benchmarks/smt/10-vars/problem__014.smt2,sat,0.004344463348388672
/CAV_2009_benchmarks/smt/10-vars/problem__008.smt2,sat,0.0033044815063476562
/CAV_2009_benchmarks/smt/10-vars/problem_2__014.smt2,sat,0.0028815269470214844
/CAV_2009_benchmarks/smt/10-vars/problem_2__007.smt2,sat,0.00556635856628418
/CAV_2009_benchmarks/smt/10-vars/problem_2__001.smt2,sat,0.003435373306274414
/CAV_2009_benchmarks/smt/10-vars/problem_2__026.smt2,unsat,0.004005908966064453
/CAV_2009_benchmarks/smt/10-vars/problem__011.smt2,unsat,0.0034182071685791016
/CAV_2009_benchmarks/smt/10-vars/problem_2__032.smt2,unsat,0.003973722457885742
/CAV_2009_benchmarks/smt/10-vars/problem_2__006.smt2,sat,0.003707408905029297
/CAV_2009_benchmarks/smt/10-vars/problem_2__029.smt2,unsat,0.0035467147827148438
/CAV_2009_benchmarks/smt/10-vars/problem__005.smt2,sat,0.002400636672973633
/CAV_2009_benchmarks/smt/10-vars/problem_2__034.smt2,unsat,0.0037391185760498047
/CAV_2009_benchmarks/smt/10-vars/problem_2__004.smt2,sat,0.00299835205078125
/CAV_2009_benchmarks/smt/10-vars/problem__003.smt2,sat,0.0036208629608154297
/CAV_2009_benchmarks/smt/10-vars/problem__034.smt2,unsat,0.003216266632080078
/CAV_2009_benchmarks/smt/10-vars/problem_2__002.smt2,sat,0.003141164779663086
/CAV_2009_benchmarks/smt/10-vars/problem_2__035.smt2,unsat,0.00519561767578125
/CAV_2009_benchmarks/smt/10-vars/problem__021.smt2,unsat,0.0043849945068359375
/CAV_2009_benchmarks/smt/10-vars/problem_2__009.smt2,sat,0.004823207855224609
/CAV_2009_benchmarks/smt/10-vars/problem_2__008.smt2,sat,0.003972530364990234
/CAV_2009_benchmarks/smt/10-vars/problem_2__033.smt2,unsat,0.005281209945678711
/CAV_2009_benchmarks/smt/10-vars/problem__002.smt2,sat,0.0042266845703125
/CAV_2009_benchmarks/smt/10-vars/problem__001.smt2,sat,0.003928661346435547
/CAV_2009_benchmarks/smt/10-vars/problem__010.smt2,sat,0.004059314727783203
/CAV_2009_benchmarks/smt/10-vars/problem__026.smt2,unsat,0.003791332244873047
/CAV_2009_benchmarks/smt/10-vars/problem__004.smt2,unsat,0.0034928321838378906
/CAV_2009_benchmarks/smt/10-vars/problem__031.smt2,unsat,0.0032951831817626953
/CAV_2009_benchmarks/smt/10-vars/problem_2__025.smt2,unsat,0.003964662551879883
/CAV_2009_benchmarks/smt/10-vars/problem_2__023.smt2,sat,0.004283428192138672
/CAV_2009_benchmarks/smt/10-vars/problem__022.smt2,unsat,0.0044519901275634766
/CAV_2009_benchmarks/smt/10-vars/problem__006.smt2,sat,0.004749774932861328
/CAV_2009_benchmarks/smt/10-vars/problem_2__021.smt2,unsat,0.004463672637939453
/CAV_2009_benchmarks/smt/15-vars/problem_2__017.smt2,sat,0.024990320205688477
/CAV_2009_benchmarks/smt/15-vars/problem__007.smt2,sat,0.003994464874267578
/CAV_2009_benchmarks/smt/15-vars/problem_2__020.smt2,unsat,0.0045778751373291016
/CAV_2009_benchmarks/smt/15-vars/problem_2__016.smt2,sat,0.0049190521240234375
/CAV_2009_benchmarks/smt/15-vars/problem_2__003.smt2,sat,0.004392385482788086
/CAV_2009_benchmarks/smt/15-vars/problem_2__015.smt2,sat,0.02103900909423828
/CAV_2009_benchmarks/smt/15-vars/problem_2__013.smt2,sat,0.005648136138916016
/CAV_2009_benchmarks/smt/15-vars/problem__015.smt2,sat,0.0051059722900390625
/CAV_2009_benchmarks/smt/15-vars/problem__020.smt2,sat,0.005014657974243164
/CAV_2009_benchmarks/smt/15-vars/problem_2__024.smt2,unsat,0.00433349609375
/CAV_2009_benchmarks/smt/15-vars/problem__019.smt2,sat,0.003519773483276367
/CAV_2009_benchmarks/smt/15-vars/problem__023.smt2,unsat,0.004326581954956055
/CAV_2009_benchmarks/smt/15-vars/problem_2__010.smt2,sat,0.004727840423583984
/CAV_2009_benchmarks/smt/15-vars/problem__012.smt2,sat,0.007645606994628906
/CAV_2009_benchmarks/smt/15-vars/problem__024.smt2,unsat,0.004584550857543945
/CAV_2009_benchmarks/smt/15-vars/problem_2__022.smt2,unsat,0.005655527114868164
/CAV_2009_benchmarks/smt/15-vars/problem__016.smt2,unsat,0.0042972564697265625
/CAV_2009_benchmarks/smt/15-vars/problem__025.smt2,unsat,0.004546642303466797
/CAV_2009_benchmarks/smt/15-vars/problem_2__019.smt2,unsat,0.0054569244384765625
/CAV_2009_benchmarks/smt/15-vars/problem__018.smt2,sat,0.005380392074584961
/CAV_2009_benchmarks/smt/15-vars/problem__013.smt2,sat,0.004948139190673828
/CAV_2009_benchmarks/smt/15-vars/problem__009.smt2,sat,0.012895822525024414
/CAV_2009_benchmarks/smt/15-vars/problem__017.smt2,sat,0.009096860885620117
/CAV_2009_benchmarks/smt/15-vars/problem_2__012.smt2,sat,0.0041387081146240234
/CAV_2009_benchmarks/smt/15-vars/problem_2__005.smt2,sat,0.002973318099975586
/CAV_2009_benchmarks/smt/15-vars/problem_2__011.smt2,unsat,0.004904985427856445
/CAV_2009_benchmarks/smt/15-vars/problem_2__018.smt2,sat,0.034249305725097656
/CAV_2009_benchmarks/smt/15-vars/problem__014.smt2,sat,0.00458836555480957
/CAV_2009_benchmarks/smt/15-vars/problem__008.smt2,sat,0.0047190189361572266
/CAV_2009_benchmarks/smt/15-vars/problem_2__014.smt2,sat,0.024709701538085938
/CAV_2009_benchmarks/smt/15-vars/problem_2__007.smt2,sat,0.004216194152832031
/CAV_2009_benchmarks/smt/15-vars/problem_2__001.smt2,sat,0.004354000091552734
/CAV_2009_benchmarks/smt/15-vars/problem__011.smt2,sat,0.005220174789428711
/CAV_2009_benchmarks/smt/15-vars/problem_2__006.smt2,sat,0.00475311279296875
/CAV_2009_benchmarks/smt/15-vars/problem__005.smt2,sat,0.0042781829833984375
/CAV_2009_benchmarks/smt/15-vars/problem_2__004.smt2,sat,0.005010843276977539
/CAV_2009_benchmarks/smt/15-vars/problem__003.smt2,sat,0.0031104087829589844
/CAV_2009_benchmarks/smt/15-vars/problem_2__002.smt2,sat,0.0038433074951171875
/CAV_2009_benchmarks/smt/15-vars/problem__021.smt2,sat,0.005717754364013672
/CAV_2009_benchmarks/smt/15-vars/problem_2__009.smt2,sat,0.004713535308837891
/CAV_2009_benchmarks/smt/15-vars/problem_2__008.smt2,sat,0.0057103633880615234
/CAV_2009_benchmarks/smt/15-vars/problem__002.smt2,sat,0.004183053970336914
/CAV_2009_benchmarks/smt/15-vars/problem__001.smt2,sat,0.0038394927978515625
/CAV_2009_benchmarks/smt/15-vars/problem__010.smt2,sat,0.00307464599609375
/CAV_2009_benchmarks/smt/15-vars/problem__004.smt2,sat,0.005150556564331055
/CAV_2009_benchmarks/smt/15-vars/problem_2__025.smt2,unsat,0.014145851135253906
/CAV_2009_benchmarks/smt/15-vars/problem_2__023.smt2,sat,0.015965938568115234
/CAV_2009_benchmarks/smt/15-vars/problem__022.smt2,unsat,0.005133152008056641
/CAV_2009_benchmarks/smt/15-vars/problem__006.smt2,sat,0.006411314010620117
/CAV_2009_benchmarks/smt/15-vars/problem_2__021.smt2,unsat,0.0040476322174072266
/CAV_2009_benchmarks/coef-size/smt/size-30/problem__005.smt2,sat,0.10400533676147461
/CAV_2009_benchmarks/coef-size/smt/size-30/problem__003.smt2,sat,0.12649226188659668
/CAV_2009_benchmarks/coef-size/smt/size-30/problem__002.smt2,sat,0.12435054779052734
/CAV_2009_benchmarks/coef-size/smt/size-30/problem__004.smt2,sat,0.1002039909362793
/CAV_2009_benchmarks/coef-size/smt/size-30/problem__006.smt2,unsat,0.0047512054443359375
/CAV_2009_benchmarks/coef-size/smt/size-100/problem__005.smt2,sat,0.16473102569580078
/CAV_2009_benchmarks/coef-size/smt/size-100/problem__003.smt2,sat,0.08909821510314941
/CAV_2009_benchmarks/coef-size/smt/size-100/problem__002.smt2,sat,0.27570176124572754
/CAV_2009_benchmarks/coef-size/smt/size-100/problem__004.smt2,sat,0.10373806953430176
/CAV_2009_benchmarks/coef-size/smt/size-100/problem__006.smt2,unsat,0.005929231643676758
/CAV_2009_benchmarks/coef-size/smt/size-10/problem__005.smt2,sat,0.09695291519165039
/CAV_2009_benchmarks/coef-size/smt/size-10/problem__003.smt2,unsat,0.08184933662414551
/CAV_2009_benchmarks/coef-size/smt/size-10/problem__002.smt2,unsat,0.006313800811767578
/CAV_2009_benchmarks/coef-size/smt/size-10/problem__001.smt2,sat,0.002972841262817383
/CAV_2009_benchmarks/coef-size/smt/size-10/problem__004.smt2,sat,0.047533512115478516
/CAV_2009_benchmarks/coef-size/smt/size-10/problem__006.smt2,sat,0.29621028900146484
/CAV_2009_benchmarks/coef-size/smt/size-60/problem__005.smt2,sat,0.06762146949768066
/CAV_2009_benchmarks/coef-size/smt/size-60/problem__003.smt2,sat,0.1111137866973877
/CAV_2009_benchmarks/coef-size/smt/size-60/problem__002.smt2,sat,0.25096607208251953
/CAV_2009_benchmarks/coef-size/smt/size-60/problem__004.smt2,unsat,0.006739377975463867
/CAV_2009_benchmarks/coef-size/smt/size-60/problem__006.smt2,sat,0.2153313159942627
/CAV_2009_benchmarks/coef-size/smt/size-50/problem__005.smt2,sat,0.29044413566589355
/CAV_2009_benchmarks/coef-size/smt/size-50/problem__003.smt2,sat,0.13461732864379883
/CAV_2009_benchmarks/coef-size/smt/size-50/problem__002.smt2,unsat,0.006804943084716797
/CAV_2009_benchmarks/coef-size/smt/size-50/problem__004.smt2,sat,0.06460762023925781
/CAV_2009_benchmarks/coef-size/smt/size-50/problem__006.smt2,unsat,0.005013942718505859
/CAV_2009_benchmarks/coef-size/smt/size-40/problem__005.smt2,sat,0.10106348991394043
/CAV_2009_benchmarks/coef-size/smt/size-40/problem__003.smt2,sat,0.23821091651916504
/CAV_2009_benchmarks/coef-size/smt/size-40/problem__002.smt2,unsat,0.005532741546630859
/CAV_2009_benchmarks/coef-size/smt/size-40/problem__004.smt2,sat,0.2622225284576416
/CAV_2009_benchmarks/coef-size/smt/size-40/problem__006.smt2,sat,0.5502355098724365
/CAV_2009_benchmarks/coef-size/smt/size-80/problem__005.smt2,sat,0.3087587356567383
/CAV_2009_benchmarks/coef-size/smt/size-80/problem__003.smt2,sat,0.14412760734558105
/CAV_2009_benchmarks/coef-size/smt/size-80/problem__002.smt2,sat,0.10657787322998047
/CAV_2009_benchmarks/coef-size/smt/size-80/problem__004.smt2,sat,0.09982085227966309
/CAV_2009_benchmarks/coef-size/smt/size-80/problem__006.smt2,sat,0.2826807498931885
/CAV_2009_benchmarks/coef-size/smt/size-20/problem__005.smt2,sat,0.16376495361328125
/CAV_2009_benchmarks/coef-size/smt/size-20/problem__003.smt2,sat,0.08629560470581055
/CAV_2009_benchmarks/coef-size/smt/size-20/problem__002.smt2,sat,0.04244685173034668
/CAV_2009_benchmarks/coef-size/smt/size-20/problem__004.smt2,unsat,0.0052220821380615234
/CAV_2009_benchmarks/coef-size/smt/size-20/problem__006.smt2,sat,0.09361100196838379
/CAV_2009_benchmarks/coef-size/smt/size-70/problem__005.smt2,sat,0.31934690475463867
/CAV_2009_benchmarks/coef-size/smt/size-70/problem__003.smt2,sat,0.08849811553955078
/CAV_2009_benchmarks/coef-size/smt/size-70/problem__002.smt2,sat,0.1968064308166504
/CAV_2009_benchmarks/coef-size/smt/size-70/problem__004.smt2,sat,0.14748907089233398
/CAV_2009_benchmarks/coef-size/smt/size-70/problem__006.smt2,sat,0.2758147716522217
/CAV_2009_benchmarks/coef-size/smt/size-90/problem__005.smt2,unsat,0.006125926971435547
/CAV_2009_benchmarks/coef-size/smt/size-90/problem__003.smt2,sat,0.2566828727722168
/CAV_2009_benchmarks/coef-size/smt/size-90/problem__002.smt2,sat,0.0885770320892334
/CAV_2009_benchmarks/coef-size/smt/size-90/problem__004.smt2,sat,0.23035144805908203
/CAV_2009_benchmarks/coef-size/smt/size-90/problem__006.smt2,sat,0.17282724380493164
/check/int_incompleteness1.smt2,unsat,0.0030345916748046875
/check/int_incompleteness3.smt2,unsat,0.01600790023803711
/check/bignum_lia1.smt2,unsat,0.0032799243927001953
/check/bignum_lia2.smt2,sat,0.005642890930175781
/check/int_incompleteness2.smt2,unsat,0.004200935363769531
/mathsat/FISCHER11-9-fair.smt2,unsat,0.33307981491088867
/mathsat/FISCHER8-1-fair.smt2,sat,0.009027242660522461
/mathsat/FISCHER7-1-fair.smt2,sat,0.00931096076965332
/mathsat/FISCHER3-7-fair.smt2,unsat,0.053351640701293945
/mathsat/FISCHER4-8-fair.smt2,unsat,0.08560538291931152
/mathsat/FISCHER10-1-fair.smt2,sat,0.012909889221191406
/mathsat/FISCHER2-6-fair.smt2,unsat,0.026197195053100586
/mathsat/FISCHER10-4-fair.smt2,unsat,0.08144354820251465
/mathsat/FISCHER7-7-fair.smt2,unsat,0.1101987361907959
/mathsat/FISCHER8-11-fair.smt2,unsat,0.5640263557434082
/mathsat/FISCHER5-6-fair.smt2,unsat,0.08153700828552246
/mathsat/FISCHER10-6-fair.smt2,unsat,0.1269383430480957
/mathsat/FISCHER7-5-fair.smt2,unsat,0.09042167663574219
/mathsat/FISCHER9-12-fair.smt2,unsat,1.4161500930786133
/mathsat/FISCHER9-11-fair.smt2,unsat,0.5867187976837158
/mathsat/FISCHER11-2-fair.smt2,unsat,0.05054283142089844
/mathsat/FISCHER5-9-fair.smt2,unsat,0.1182851791381836
/mathsat/FISCHER10-14-fair.smt2,unsat,10.60356092453003
/mathsat/FISCHER9-3-fair.smt2,unsat,0.060694217681884766
/mathsat/FISCHER11-7-fair.smt2,unsat,0.1734018325805664
/mathsat/FISCHER8-9-fair.smt2,unsat,0.18596458435058594
/mathsat/FISCHER1-6-fair.smt2,unsat,0.008982419967651367
/mathsat/FISCHER10-2-fair.smt2,unsat,0.04391741752624512
/mathsat/FISCHER10-3-fair.smt2,unsat,0.0676126480102539
/mathsat/FISCHER6-11-fair.smt2,sat,0.2198946475982666
/mathsat/FISCHER11-5-fair.smt2,unsat,0.11558294296264648
/mathsat/FISCHER8-8-fair.smt2,unsat,0.1656787395477295
/mathsat/FISCHER7-8-fair.smt2,unsat,0.13769817352294922
/mathsat/FISCHER9-13-fair.smt2,unsat,3.399024486541748
/mathsat/FISCHER11-13-fair.smt2,unsat,5.431434631347656
/mathsat/FISCHER10-8-fair.smt2,unsat,0.18868565559387207
/mathsat/FISCHER10-9-fair.smt2,unsat,0.2972452640533447
/mathsat/FISCHER11-12-fair.smt2,unsat,1.9759278297424316
/mathsat/FISCHER9-7-fair.smt2,unsat,0.14358830451965332
/mathsat/FISCHER7-2-fair.smt2,unsat,0.02591419219970703
/mathsat/FISCHER6-10-fair.smt2,unsat,0.21947026252746582
/mathsat/FISCHER9-9-fair.smt2,unsat,0.2556471824645996
/mathsat/FISCHER9-6-fair.smt2,unsat,0.1310286521911621
/mathsat/FISCHER7-6-fair.smt2,unsat,0.09662580490112305
/mathsat/FISCHER9-8-fair.smt2,unsat,0.17831039428710938
/mathsat/FISCHER3-5-fair.smt2,unsat,0.03343796730041504
/mathsat/FISCHER8-3-fair.smt2,unsat,0.05647611618041992
/mathsat/FISCHER6-3-fair.smt2,unsat,0.03948044776916504
/mathsat/FISCHER6-5-fair.smt2,unsat,0.06979560852050781
/mathsat/FISCHER8-12-fair.smt2,unsat,1.271615982055664
/mathsat/FISCHER5-5-fair.smt2,unsat,0.056247711181640625
/mathsat/FISCHER2-7-fair.smt2,sat,0.029312849044799805
/mathsat/FISCHER1-4-fair.smt2,unsat,0.007342338562011719
/mathsat/FISCHER3-3-fair.smt2,unsat,0.015764713287353516
/mathsat/FISCHER1-3-fair.smt2,unsat,0.006008148193359375
/mathsat/FISCHER3-8-fair.smt2,sat,0.05988669395446777
/mathsat/FISCHER1-2-fair.smt2,unsat,0.004904270172119141
/mathsat/FISCHER10-13-fair.smt2,unsat,4.622140645980835
/mathsat/FISCHER10-7-fair.smt2,unsat,0.16305875778198242
/mathsat/FISCHER8-2-fair.smt2,unsat,0.03233480453491211
/mathsat/FISCHER11-15-fair.smt2,unsat,42.75909471511841
/mathsat/FISCHER11-16-fair.smt2,sat,14.379961252212524
/mathsat/FISCHER3-4-fair.smt2,unsat,0.024377822875976562
/mathsat/FISCHER5-10-fair.smt2,sat,0.13130688667297363
/mathsat/FISCHER11-11-fair.smt2,unsat,1.0339200496673584
/mathsat/FISCHER7-9-fair.smt2,unsat,0.1773073673248291
/mathsat/FISCHER8-13-fair.smt2,sat,0.788609504699707
/mathsat/FISCHER5-7-fair.smt2,unsat,0.08330416679382324
/mathsat/FISCHER11-6-fair.smt2,unsat,0.15818452835083008
/mathsat/FISCHER9-2-fair.smt2,unsat,0.04029703140258789
/mathsat/FISCHER1-1-fair.smt2,sat,0.003072023391723633
/mathsat/FISCHER11-4-fair.smt2,unsat,0.08854317665100098
/mathsat/FISCHER5-4-fair.smt2,unsat,0.05124211311340332
/mathsat/FISCHER4-1-fair.smt2,sat,0.006884098052978516
/mathsat/FISCHER10-12-fair.smt2,unsat,1.6111760139465332
/mathsat/FISCHER6-8-fair.smt2,unsat,0.1086580753326416
/mathsat/FISCHER3-1-fair.smt2,sat,0.005636930465698242
/mathsat/FISCHER7-3-fair.smt2,unsat,0.05112719535827637
/mathsat/FISCHER3-2-fair.smt2,unsat,0.010415792465209961
/mathsat/FISCHER4-6-fair.smt2,unsat,0.06135892868041992
/mathsat/FISCHER2-4-fair.smt2,unsat,0.014325380325317383
/mathsat/FISCHER10-15-fair.smt2,sat,2.5770809650421143
/mathsat/FISCHER8-5-fair.smt2,unsat,0.09953737258911133
/mathsat/FISCHER5-2-fair.smt2,unsat,0.016079425811767578
/mathsat/FISCHER11-14-fair.smt2,unsat,13.725359678268433
/mathsat/FISCHER6-1-fair.smt2,sat,0.006853342056274414
/mathsat/FISCHER9-4-fair.smt2,unsat,0.07688403129577637
/mathsat/FISCHER5-1-fair.smt2,sat,0.008160114288330078
/mathsat/FISCHER8-6-fair.smt2,unsat,0.1052861213684082
/mathsat/FISCHER2-3-fair.smt2,unsat,0.010020256042480469
/mathsat/FISCHER2-2-fair.smt2,unsat,0.009015321731567383
/mathsat/FISCHER11-10-fair.smt2,unsat,0.4493858814239502
/mathsat/FISCHER8-7-fair.smt2,unsat,0.11925482749938965
/mathsat/FISCHER4-5-fair.smt2,unsat,0.04812169075012207
/mathsat/FISCHER5-8-fair.smt2,unsat,0.0966956615447998
/mathsat/FISCHER6-4-fair.smt2,unsat,0.05427837371826172
/mathsat/FISCHER4-9-fair.smt2,sat,0.09620070457458496
/mathsat/FISCHER6-2-fair.smt2,unsat,0.023832321166992188
/mathsat/FISCHER6-7-fair.smt2,unsat,0.0924992561340332
/mathsat/FISCHER6-6-fair.smt2,unsat,0.09240221977233887
/mathsat/FISCHER11-3-fair.smt2,unsat,0.07088327407836914
/mathsat/FISCHER2-5-fair.smt2,unsat,0.017407894134521484
/mathsat/FISCHER9-14-fair.smt2,sat,2.113882303237915
/mathsat/FISCHER8-4-fair.smt2,unsat,0.07581925392150879
/mathsat/FISCHER7-10-fair.smt2,unsat,0.2612483501434326
/mathsat/FISCHER11-8-fair.smt2,unsat,0.22664856910705566
/mathsat/FISCHER8-10-fair.smt2,unsat,0.28286004066467285
/mathsat/FISCHER4-7-fair.smt2,unsat,0.06941390037536621
/mathsat/FISCHER9-10-fair.smt2,unsat,0.31110429763793945
/mathsat/FISCHER10-10-fair.smt2,unsat,0.4486820697784424
/mathsat/FISCHER4-3-fair.smt2,unsat,0.021795272827148438
/mathsat/FISCHER11-1-fair.smt2,sat,0.012691497802734375
/mathsat/FISCHER9-5-fair.smt2,unsat,0.10184216499328613
/mathsat/FISCHER9-1-fair.smt2,sat,0.010564088821411133
/mathsat/FISCHER4-2-fair.smt2,unsat,0.01277923583984375
/mathsat/FISCHER10-5-fair.smt2,unsat,0.13033747673034668
/mathsat/FISCHER7-4-fair.smt2,unsat,0.06754946708679199
/mathsat/FISCHER5-3-fair.smt2,unsat,0.030642032623291016
/mathsat/FISCHER7-12-fair.smt2,sat,0.40400099754333496
/mathsat/FISCHER1-5-fair.smt2,unsat,0.008436441421508789
/mathsat/FISCHER3-6-fair.smt2,unsat,0.04195284843444824
/mathsat/FISCHER10-11-fair.smt2,unsat,0.7299172878265381
/mathsat/FISCHER2-1-fair.smt2,sat,0.004445075988769531
/mathsat/FISCHER7-11-fair.smt2,unsat,0.4865128993988037
/mathsat/FISCHER6-9-fair.smt2,unsat,0.13833975791931152
/mathsat/FISCHER4-4-fair.smt2,unsat,0.03458905220031738
/cut_lemmas/20-vars/cut_lemma_03_007.smt2,unsat,2.2218868732452393
/cut_lemmas/20-vars/cut_lemma_02_008.smt2,unsat,0.07744860649108887
/cut_lemmas/20-vars/cut_lemma_03_004.smt2,unsat,0.12694573402404785
/cut_lemmas/20-vars/cut_lemma_02_015.smt2,unsat,0.26940250396728516
/cut_lemmas/20-vars/cut_lemma_02_016.smt2,unsat,0.38793063163757324
/cut_lemmas/20-vars/cut_lemma_01_014.smt2,unsat,0.06621742248535156
/cut_lemmas/20-vars/cut_lemma_03_017.smt2,unsat,2.1761457920074463
/cut_lemmas/20-vars/cut_lemma_03_013.smt2,unsat,6.8471832275390625
/cut_lemmas/20-vars/cut_lemma_03_011.smt2,unsat,0.3346073627471924
/cut_lemmas/20-vars/cut_lemma_02_010.smt2,unsat,0.42151737213134766
/cut_lemmas/20-vars/cut_lemma_01_011.smt2,unsat,0.11195063591003418
/cut_lemmas/20-vars/cut_lemma_02_003.smt2,unsat,0.11238908767700195
/cut_lemmas/20-vars/cut_lemma_01_004.smt2,unsat,0.13305449485778809
/cut_lemmas/20-vars/cut_lemma_02_012.smt2,unsat,1.2425835132598877
/cut_lemmas/20-vars/cut_lemma_03_016.smt2,unsat,2.4905617237091064
/cut_lemmas/20-vars/cut_lemma_03_014.smt2,unsat,0.6419315338134766
/cut_lemmas/20-vars/cut_lemma_03_012.smt2,unsat,0.5183629989624023
/cut_lemmas/20-vars/cut_lemma_01_016.smt2,unsat,0.058159828186035156
/cut_lemmas/20-vars/cut_lemma_03_008.smt2,unsat,0.005053997039794922
/cut_lemmas/20-vars/cut_lemma_03_019.smt2,unsat,1.0473265647888184
/cut_lemmas/20-vars/cut_lemma_03_005.smt2,unsat,10.256298303604126
/cut_lemmas/20-vars/cut_lemma_03_018.smt2,unsat,1.1141698360443115
/cut_lemmas/20-vars/cut_lemma_01_010.smt2,unsat,0.06257438659667969
/cut_lemmas/20-vars/cut_lemma_01_008.smt2,unsat,0.005009889602661133
/cut_lemmas/20-vars/cut_lemma_03_006.smt2,unsat,0.0038383007049560547
/cut_lemmas/20-vars/cut_lemma_02_014.smt2,unsat,3.5298192501068115
/cut_lemmas/20-vars/cut_lemma_01_009.smt2,unsat,0.03668713569641113
/cut_lemmas/20-vars/cut_lemma_02_002.smt2,unsat,0.0924835205078125
/cut_lemmas/20-vars/cut_lemma_01_013.smt2,unsat,0.17356371879577637
/cut_lemmas/20-vars/cut_lemma_01_002.smt2,unsat,0.14067721366882324
/cut_lemmas/20-vars/cut_lemma_01_012.smt2,unsat,0.020067453384399414
/cut_lemmas/20-vars/cut_lemma_01_005.smt2,unsat,0.13645720481872559
/cut_lemmas/20-vars/cut_lemma_03_003.smt2,unsat,0.053763389587402344
/cut_lemmas/20-vars/cut_lemma_03_009.smt2,unsat,0.47502875328063965
/cut_lemmas/20-vars/cut_lemma_02_004.smt2,unsat,0.4317004680633545
/cut_lemmas/20-vars/cut_lemma_01_015.smt2,unsat,0.004861593246459961
/cut_lemmas/20-vars/cut_lemma_02_001.smt2,unsat,0.26839208602905273
/cut_lemmas/20-vars/cut_lemma_01_001.smt2,unsat,0.6589915752410889
/cut_lemmas/20-vars/cut_lemma_02_009.smt2,unsat,0.1655569076538086
/cut_lemmas/20-vars/cut_lemma_03_002.smt2,unsat,3.5341689586639404
/cut_lemmas/20-vars/cut_lemma_01_007.smt2,unsat,0.016527175903320312
/cut_lemmas/20-vars/cut_lemma_03_020.smt2,unsat,0.2798733711242676
/cut_lemmas/20-vars/cut_lemma_03_015.smt2,unsat,1.898420810699463
/cut_lemmas/20-vars/cut_lemma_03_010.smt2,unsat,0.32763123512268066
/cut_lemmas/20-vars/cut_lemma_02_007.smt2,unsat,0.17155051231384277
/cut_lemmas/20-vars/cut_lemma_02_006.smt2,unsat,0.12263703346252441
/cut_lemmas/20-vars/cut_lemma_01_006.smt2,unsat,0.26632046699523926
/cut_lemmas/20-vars/cut_lemma_02_005.smt2,unsat,0.10429215431213379
/cut_lemmas/20-vars/cut_lemma_02_013.smt2,unsat,0.10800004005432129
/cut_lemmas/20-vars/cut_lemma_03_001.smt2,unsat,2.0838351249694824
/cut_lemmas/20-vars/cut_lemma_01_003.smt2,unsat,0.14539813995361328
/cut_lemmas/10-vars/cut_lemma_02_008.smt2,unsat,0.0037064552307128906
/cut_lemmas/10-vars/cut_lemma_02_010.smt2,unsat,0.0033969879150390625
/cut_lemmas/10-vars/cut_lemma_02_003.smt2,unsat,0.0023283958435058594
/cut_lemmas/10-vars/cut_lemma_02_001.smt2,unsat,0.0019316673278808594
/cut_lemmas/10-vars/cut_lemma_01_001.smt2,unsat,0.003806591033935547
/cut_lemmas/10-vars/cut_lemma_02_009.smt2,unsat,0.0028696060180664062
/cut_lemmas/10-vars/cut_lemma_02_005.smt2,unsat,0.003969669342041016
/cut_lemmas/15-vars/cut_lemma_03_007.smt2,unsat,0.010047197341918945
/cut_lemmas/15-vars/cut_lemma_02_008.smt2,unsat,0.003828763961791992
/cut_lemmas/15-vars/cut_lemma_03_004.smt2,unsat,0.004057884216308594
/cut_lemmas/15-vars/cut_lemma_01_014.smt2,unsat,0.10860943794250488
/cut_lemmas/15-vars/cut_lemma_03_013.smt2,unsat,0.003287076950073242
/cut_lemmas/15-vars/cut_lemma_03_011.smt2,unsat,0.011684894561767578
/cut_lemmas/15-vars/cut_lemma_01_011.smt2,unsat,0.01852893829345703
/cut_lemmas/15-vars/cut_lemma_02_003.smt2,unsat,0.006832599639892578
/cut_lemmas/15-vars/cut_lemma_01_004.smt2,unsat,0.011989116668701172
/cut_lemmas/15-vars/cut_lemma_03_014.smt2,unsat,0.02123093605041504
/cut_lemmas/15-vars/cut_lemma_03_012.smt2,unsat,0.035492897033691406
/cut_lemmas/15-vars/cut_lemma_03_008.smt2,unsat,0.0042552947998046875
/cut_lemmas/15-vars/cut_lemma_03_005.smt2,unsat,0.025681257247924805
/cut_lemmas/15-vars/cut_lemma_01_010.smt2,unsat,0.06826663017272949
/cut_lemmas/15-vars/cut_lemma_01_008.smt2,unsat,0.005885601043701172
/cut_lemmas/15-vars/cut_lemma_03_006.smt2,unsat,0.010608673095703125
/cut_lemmas/15-vars/cut_lemma_01_009.smt2,unsat,0.02436971664428711
/cut_lemmas/15-vars/cut_lemma_02_002.smt2,unsat,0.0034525394439697266
/cut_lemmas/15-vars/cut_lemma_01_013.smt2,unsat,0.020371675491333008
/cut_lemmas/15-vars/cut_lemma_01_002.smt2,unsat,0.02253270149230957
/cut_lemmas/15-vars/cut_lemma_01_012.smt2,unsat,0.004540443420410156
/cut_lemmas/15-vars/cut_lemma_01_005.smt2,unsat,0.09605145454406738
/cut_lemmas/15-vars/cut_lemma_03_003.smt2,unsat,0.006173610687255859
/cut_lemmas/15-vars/cut_lemma_02_004.smt2,unsat,0.003904104232788086
/cut_lemmas/15-vars/cut_lemma_02_001.smt2,unsat,0.00295257568359375
/cut_lemmas/15-vars/cut_lemma_01_001.smt2,unsat,0.0075495243072509766
/cut_lemmas/15-vars/cut_lemma_02_009.smt2,unsat,0.004575252532958984
/cut_lemmas/15-vars/cut_lemma_03_002.smt2,unsat,0.0060596466064453125
/cut_lemmas/15-vars/cut_lemma_01_007.smt2,unsat,0.006951808929443359
/cut_lemmas/15-vars/cut_lemma_03_010.smt2,unsat,0.012479305267333984
/cut_lemmas/15-vars/cut_lemma_02_006.smt2,unsat,0.004321098327636719
/cut_lemmas/15-vars/cut_lemma_01_006.smt2,unsat,0.0484004020690918
/cut_lemmas/15-vars/cut_lemma_02_005.smt2,unsat,0.003581523895263672
/cut_lemmas/15-vars/cut_lemma_03_001.smt2,unsat,0.004001140594482422
/cut_lemmas/15-vars/cut_lemma_01_003.smt2,unsat,0.01065516471862793
/Averest/parallel_prefix_sum/ParallelPrefixSum_live_bgmc000.smt2,sat,0.012334823608398438
/Averest/parallel_prefix_sum/ParallelPrefixSum_safe_blmc007.smt2,sat,18.311632871627808
/Averest/parallel_prefix_sum/ParallelPrefixSum_safe_blmc004.smt2,unsat,0.2476332187652588
/Averest/parallel_prefix_sum/ParallelPrefixSum_safe_bgmc004.smt2,unsat,0.031003475189208984
/Averest/parallel_prefix_sum/ParallelPrefixSum_live_bgmc003.smt2,unsat,0.023302078247070312
/Averest/parallel_prefix_sum/ParallelPrefixSum_safe_blmc002.smt2,unsat,0.13480257987976074
/Averest/parallel_prefix_sum/ParallelPrefixSum_safe_blmc001.smt2,sat,0.24885344505310059
/Averest/parallel_prefix_sum/ParallelPrefixSum_live_bgmc002.smt2,sat,0.0224153995513916
/Averest/parallel_prefix_sum/ParallelPrefixSum_safe_blmc008.smt2,sat,12.850329160690308
/Averest/parallel_prefix_sum/ParallelPrefixSum_safe_blmc005.smt2,sat,2.106867551803589
/Averest/parallel_prefix_sum/ParallelPrefixSum_safe_bgmc002.smt2,unsat,0.013465166091918945
/Averest/parallel_prefix_sum/ParallelPrefixSum_safe_blmc003.smt2,sat,0.5431408882141113
/Averest/parallel_prefix_sum/ParallelPrefixSum_live_blmc000.smt2,sat,0.026841163635253906
/Averest/parallel_prefix_sum/ParallelPrefixSum_live_blmc002.smt2,unsat,0.04346108436584473
/Averest/parallel_prefix_sum/ParallelPrefixSum_safe_bgmc005.smt2,unsat,0.04535055160522461
/Averest/parallel_prefix_sum/ParallelPrefixSum_safe_blmc000.smt2,unsat,0.04691600799560547
/Averest/parallel_prefix_sum/ParallelPrefixSum_safe_blmc006.smt2,unsat,0.38858532905578613
/Averest/parallel_prefix_sum/ParallelPrefixSum_safe_bgmc003.smt2,unsat,0.020044326782226562
/Averest/parallel_prefix_sum/ParallelPrefixSum_safe_bgmc006.smt2,sat,0.05413508415222168
/calypto/problem-004316.cvc.1.smt2,unsat,0.01059865951538086
/calypto/problem-004337.cvc.1.smt2,unsat,0.011593341827392578
/calypto/problem-001595.cvc.1.smt2,sat,0.013215780258178711
/calypto/problem-004353.cvc.1.smt2,unsat,0.00882863998413086
/calypto/problem-004350.cvc.1.smt2,unsat,0.011946439743041992
/calypto/problem-004296.cvc.1.smt2,sat,0.010519742965698242
/calypto/problem-004286.cvc.1.smt2,sat,0.00960683822631836
/calypto/problem-004303.cvc.1.smt2,sat,0.009714841842651367
/calypto/problem-004341.cvc.1.smt2,sat,0.009065389633178711
/calypto/problem-004335.cvc.1.smt2,sat,0.009942293167114258
/calypto/problem-001649.cvc.1.smt2,sat,0.012850046157836914
/calypto/problem-004308.cvc.1.smt2,sat,0.009638071060180664
/calypto/problem-005839.cvc.1.smt2,sat,0.005957126617431641
/calypto/problem-004317.cvc.1.smt2,sat,0.010664701461791992
/calypto/problem-004292.cvc.1.smt2,sat,0.009564876556396484
/calypto/problem-005676.cvc.2.smt2,sat,0.00735163688659668
/calypto/problem-001553.cvc.1.smt2,unsat,0.020182371139526367
/calypto/problem-002666.cvc.1.smt2,unsat,0.007466316223144531
/calypto/problem-005675.cvc.2.smt2,sat,0.011985301971435547
/calypto/problem-002267.cvc.1.smt2,unsat,0.012983083724975586
/calypto/problem-004293.cvc.1.smt2,sat,0.009234905242919922
/calypto/problem-005840.cvc.1.smt2,sat,0.0057065486907958984
/calypto/problem-004344.cvc.1.smt2,unsat,0.008760929107666016
/calypto/problem-004299.cvc.1.smt2,unsat,0.00876164436340332
/calypto/problem-004284.cvc.1.smt2,sat,0.007990121841430664
/calypto/problem-001542.cvc.1.smt2,unsat,0.025979280471801758
/calypto/problem-005677.cvc.1.smt2,sat,0.012049198150634766
/calypto/problem-002673.cvc.1.smt2,unsat,0.007954835891723633
/calypto/problem-004346.cvc.1.smt2,unsat,0.008609533309936523
/calypto/problem-005844.cvc.1.smt2,sat,0.005598306655883789
/calypto/problem-006045.cvc.1.smt2,unsat,0.07961893081665039
/calypto/problem-004327.cvc.1.smt2,sat,0.008558988571166992
/calypto/problem-001566.cvc.1.smt2,sat,0.011394500732421875
/calypto/problem-004282.cvc.1.smt2,sat,0.009346246719360352
/calypto/problem-004307.cvc.1.smt2,sat,0.00889730453491211
/calypto/problem-001586.cvc.1.smt2,sat,0.013656854629516602
/calypto/problem-004285.cvc.1.smt2,sat,0.009397745132446289
/CIRC/simplebitadder/SIMPLEBITADDER_COMPOSE_2.msat.smt2,unsat,0.0032072067260742188
/CIRC/simplebitadder/SIMPLEBITADDER_COMPOSE_32.msat.smt2,failed,1200.0
/CIRC/simplebitadder/SIMPLEBITADDER_COMPOSE_14.msat.smt2,failed,1200.0
/CIRC/simplebitadder/SIMPLEBITADDER_COMPOSE_9.msat.smt2,unsat,0.6388800144195557
/CIRC/simplebitadder/SIMPLEBITADDER_COMPOSE_15.msat.smt2,failed,1200.0
/CIRC/simplebitadder/SIMPLEBITADDER_COMPOSE_64.msat.smt2,failed,1200.0
/CIRC/simplebitadder/SIMPLEBITADDER_COMPOSE_11.msat.smt2,unsat,19.149494886398315
/CIRC/simplebitadder/SIMPLEBITADDER_COMPOSE_10.msat.smt2,unsat,186.05937600135803
/CIRC/simplebitadder/SIMPLEBITADDER_COMPOSE_16.msat.smt2,failed,1200.0
/CIRC/simplebitadder/SIMPLEBITADDER_COMPOSE_5.msat.smt2,unsat,0.026546716690063477
/CIRC/simplebitadder/SIMPLEBITADDER_COMPOSE_12.msat.smt2,unsat,175.0498490333557
/CIRC/simplebitadder/SIMPLEBITADDER_COMPOSE_3.msat.smt2,unsat,0.006120443344116211
/CIRC/simplebitadder/SIMPLEBITADDER_COMPOSE_6.msat.smt2,unsat,0.09200453758239746
/CIRC/simplebitadder/SIMPLEBITADDER_COMPOSE_13.msat.smt2,unsat,959.6566755771637
/CIRC/simplebitadder/SIMPLEBITADDER_COMPOSE_7.msat.smt2,unsat,0.2729203701019287
/CIRC/simplebitadder/SIMPLEBITADDER_COMPOSE_4.msat.smt2,unsat,0.008834123611450195
/CIRC/simplebitadder/SIMPLEBITADDER_COMPOSE_8.msat.smt2,unsat,0.31586384773254395
/CIRC/multiplier_prime/MULTIPLIER_PRIME_7.msat.smt2,sat,0.005128383636474609
/CIRC/multiplier_prime/MULTIPLIER_PRIME_2.msat.smt2,sat,0.004087209701538086
/CIRC/multiplier_prime/MULTIPLIER_PRIME_32.msat.smt2,sat,0.012882232666015625
/CIRC/multiplier_prime/MULTIPLIER_PRIME_15.msat.smt2,sat,0.009075164794921875
/CIRC/multiplier_prime/MULTIPLIER_PRIME_13.msat.smt2,sat,0.008183717727661133
/CIRC/multiplier_prime/MULTIPLIER_PRIME_4.msat.smt2,sat,0.00392603874206543
/CIRC/multiplier_prime/MULTIPLIER_PRIME_12.msat.smt2,sat,0.006404876708984375
/CIRC/multiplier_prime/MULTIPLIER_PRIME_5.msat.smt2,sat,0.0038805007934570312
/CIRC/multiplier_prime/MULTIPLIER_PRIME_10.msat.smt2,sat,0.005799531936645508
/CIRC/multiplier_prime/MULTIPLIER_PRIME_16.msat.smt2,sat,0.010963916778564453
/CIRC/multiplier_prime/MULTIPLIER_PRIME_8.msat.smt2,sat,0.005573272705078125
/CIRC/multiplier_prime/MULTIPLIER_PRIME_3.msat.smt2,sat,0.0037958621978759766
/CIRC/multiplier_prime/MULTIPLIER_PRIME_6.msat.smt2,sat,0.005502939224243164
/CIRC/multiplier_prime/MULTIPLIER_PRIME_11.msat.smt2,sat,0.006829977035522461
/CIRC/multiplier_prime/MULTIPLIER_PRIME_9.msat.smt2,sat,0.007462263107299805
/CIRC/multiplier_prime/MULTIPLIER_PRIME_14.msat.smt2,sat,0.00806427001953125
/CIRC/multiplier_prime/MULTIPLIER_PRIME_64.msat.smt2,sat,0.017781734466552734
/CIRC/multiplier/MULTIPLIER_7.msat.smt2,unsat,0.11693120002746582
/CIRC/multiplier/MULTIPLIER_6.msat.smt2,unsat,0.07231712341308594
/CIRC/multiplier/MULTIPLIER_12.msat.smt2,unsat,188.77465438842773
/CIRC/multiplier/MULTIPLIER_4.msat.smt2,unsat,0.007764339447021484
/CIRC/multiplier/MULTIPLIER_10.msat.smt2,unsat,179.30401420593262
/CIRC/multiplier/MULTIPLIER_3.msat.smt2,unsat,0.005858659744262695
/CIRC/multiplier/MULTIPLIER_15.msat.smt2,failed,1200.0
/CIRC/multiplier/MULTIPLIER_11.msat.smt2,unsat,28.125572443008423
/CIRC/multiplier/MULTIPLIER_14.msat.smt2,failed,1200.0
/CIRC/multiplier/MULTIPLIER_8.msat.smt2,unsat,0.2742483615875244
/CIRC/multiplier/MULTIPLIER_13.msat.smt2,unsat,1048.408759355545
/CIRC/multiplier/MULTIPLIER_16.msat.smt2,failed,1200.0
/CIRC/multiplier/MULTIPLIER_64.msat.smt2,sat,0.01631927490234375
/CIRC/multiplier/MULTIPLIER_9.msat.smt2,unsat,0.7704908847808838
/CIRC/multiplier/MULTIPLIER_5.msat.smt2,unsat,0.023995399475097656
/CIRC/multiplier/MULTIPLIER_32.msat.smt2,failed,1200.0
/CIRC/multiplier/MULTIPLIER_2.msat.smt2,unsat,0.005199909210205078
/RTCL/b04_tf_20/ckt_PROP0_tf_20.smt2,sat,0.08835411071777344
/RTCL/b04_tf_15/ckt_PROP0_tf_15.smt2,sat,0.05643439292907715
/slacks/35-15.slack.smt2,sat,0.04105973243713379
/slacks/45-3.slack.smt2,sat,0.007587432861328125
/slacks/40-26.slack.smt2,failed,1200.0
/slacks/40-29.slack.smt2,sat,639.7065064907074
/slacks/35-28.slack.smt2,sat,100.24447751045227
/slacks/35-23.slack.smt2,sat,640.0454866886139
/slacks/35-16.slack.smt2,sat,0.08501124382019043
/slacks/25-1.slack.smt2,sat,0.004311323165893555
/slacks/30-8.slack.smt2,sat,0.027436494827270508
/slacks/35-8.slack.smt2,sat,0.05155634880065918
/slacks/40-34.slack.smt2,failed,1200.0
/slacks/10-28.slack.smt2,sat,0.003863096237182617
/slacks/35-29.slack.smt2,sat,359.9486634731293
/slacks/30-16.slack.smt2,sat,1148.4681723117828
/slacks/40-22.slack.smt2,failed,1200.0
/slacks/30-27.slack.smt2,sat,281.55713629722595
/slacks/10-34.slack.smt2,sat,0.003740549087524414
/slacks/25-35.slack.smt2,sat,27.255176782608032
/slacks/35-31.slack.smt2,sat,679.0030772686005
/slacks/20-1.slack.smt2,sat,0.0042760372161865234
/slacks/25-24.slack.smt2,sat,0.2932760715484619
/slacks/35-4.slack.smt2,sat,0.0044612884521484375
/slacks/25-23.slack.smt2,sat,12.484815120697021
/slacks/35-30.slack.smt2,failed,1200.0
/slacks/40-23.slack.smt2,failed,1200.0
/slacks/45-10.slack.smt2,sat,0.03207206726074219
/slacks/20-26.slack.smt2,sat,0.050241947174072266
/slacks/15-14.slack.smt2,sat,0.0028259754180908203
/slacks/30-6.slack.smt2,sat,0.007719278335571289
/slacks/35-7.slack.smt2,sat,0.006184577941894531
/slacks/40-10.slack.smt2,sat,0.008281946182250977
/slacks/45-19.slack.smt2,sat,0.033036231994628906
/slacks/15-21.slack.smt2,sat,0.021012544631958008
/slacks/30-35.slack.smt2,sat,88.95048809051514
/slacks/40-9.slack.smt2,sat,0.006972074508666992
/slacks/45-18.slack.smt2,sat,0.06992530822753906
/slacks/40-21.slack.smt2,sat,0.16671156883239746
/slacks/45-24.slack.smt2,failed,1200.0
/slacks/30-30.slack.smt2,sat,279.3756983280182
/slacks/10-13.slack.smt2,sat,0.0041735172271728516
/slacks/45-29.slack.smt2,sat,0.2634305953979492
/slacks/30-22.slack.smt2,sat,180.89907383918762
/slacks/45-4.slack.smt2,sat,0.005624294281005859
/slacks/30-19.slack.smt2,sat,349.6690309047699
/slacks/15-18.slack.smt2,sat,0.028824329376220703
/slacks/20-13.slack.smt2,sat,0.05713176727294922
/slacks/35-17.slack.smt2,sat,281.723619222641
/slacks/40-16.slack.smt2,sat,0.39243650436401367
/slacks/25-16.slack.smt2,sat,0.26489710807800293
/slacks/35-11.slack.smt2,sat,0.03127622604370117
/slacks/20-24.slack.smt2,sat,0.03776979446411133
/slacks/25-31.slack.smt2,unsat,0.5695762634277344
/slacks/20-6.slack.smt2,sat,0.0052988529205322266
/slacks/15-4.slack.smt2,sat,0.004027128219604492
/slacks/40-6.slack.smt2,sat,0.005949735641479492
/slacks/35-35.slack.smt2,sat,586.7872462272644
/slacks/25-9.slack.smt2,sat,0.03252696990966797
/slacks/45-32.slack.smt2,failed,1200.0
/slacks/45-35.slack.smt2,failed,1200.0
/slacks/20-9.slack.smt2,sat,0.03172659873962402
/slacks/35-34.slack.smt2,sat,543.2722589969635
/slacks/25-10.slack.smt2,sat,0.049574851989746094
/slacks/35-33.slack.smt2,sat,524.7107679843903
/slacks/35-10.slack.smt2,sat,0.03221869468688965
/slacks/40-15.slack.smt2,sat,0.052979230880737305
/slacks/30-20.slack.smt2,sat,0.05104851722717285
/slacks/40-14.slack.smt2,sat,0.0503849983215332
/slacks/10-36.slack.smt2,sat,0.006387233734130859
/slacks/25-33.slack.smt2,sat,124.32946920394897
/slacks/30-18.slack.smt2,sat,0.18511557579040527
/slacks/25-12.slack.smt2,sat,15.772177696228027
/slacks/20-28.slack.smt2,sat,11.664539813995361
/slacks/10-45.slack.smt2,sat,0.005288124084472656
/slacks/40-4.slack.smt2,sat,0.006973981857299805
/slacks/35-25.slack.smt2,sat,644.966123342514
/slacks/20-7.slack.smt2,sat,0.032390594482421875
/slacks/20-22.slack.smt2,sat,0.006061077117919922
/slacks/35-24.slack.smt2,sat,362.3240382671356
/slacks/45-30.slack.smt2,failed,1200.0
/slacks/10-41.slack.smt2,sat,0.003680706024169922
/slacks/35-2.slack.smt2,sat,0.03987765312194824
/slacks/20-16.slack.smt2,sat,0.031797170639038086
/slacks/15-2.slack.smt2,sat,0.005056142807006836
/slacks/40-12.slack.smt2,sat,0.05794358253479004
/slacks/10-21.slack.smt2,sat,0.003956317901611328
/slacks/35-14.slack.smt2,sat,0.04334545135498047
/slacks/10-12.slack.smt2,sat,0.0029153823852539062
/slacks/15-9.slack.smt2,sat,0.025862932205200195
/slacks/10-35.slack.smt2,sat,0.004163503646850586
/slacks/15-13.slack.smt2,sat,0.0051975250244140625
/slacks/20-17.slack.smt2,sat,0.0666818618774414
/slacks/30-13.slack.smt2,sat,19.237372636795044
/slacks/40-18.slack.smt2,sat,100.67700815200806
/slacks/30-9.slack.smt2,sat,0.024500608444213867
/slacks/35-6.slack.smt2,sat,0.026131153106689453
/slacks/45-33.slack.smt2,failed,1200.0
/slacks/25-17.slack.smt2,sat,0.030915021896362305
/slacks/40-20.slack.smt2,sat,100.27577018737793
/slacks/10-4.slack.smt2,sat,0.0041201114654541016
/slacks/25-11.slack.smt2,sat,0.03817892074584961
/slacks/30-5.slack.smt2,sat,0.005114078521728516
/slacks/25-18.slack.smt2,sat,0.07738542556762695
/slacks/15-7.slack.smt2,sat,0.023781776428222656
/slacks/45-6.slack.smt2,sat,0.047409772872924805
/slacks/45-20.slack.smt2,sat,0.1812443733215332
/slacks/45-23.slack.smt2,failed,1200.0
/slacks/45-17.slack.smt2,sat,100.41373705863953
/slacks/35-22.slack.smt2,sat,1021.479469537735
/slacks/10-31.slack.smt2,sat,0.003954172134399414
/slacks/40-7.slack.smt2,sat,0.006409645080566406
/slacks/45-1.slack.smt2,sat,0.0059049129486083984
/slacks/40-32.slack.smt2,failed,1200.0
/slacks/30-17.slack.smt2,sat,363.49971985816956
/slacks/35-5.slack.smt2,sat,0.0357818603515625
/slacks/40-31.slack.smt2,failed,1200.0
/slacks/25-30.slack.smt2,sat,21.870302438735962
/slacks/25-29.slack.smt2,sat,36.84065842628479
/slacks/40-24.slack.smt2,failed,1200.0
/slacks/25-21.slack.smt2,sat,45.05876851081848
/slacks/35-19.slack.smt2,sat,0.03267097473144531
/slacks/10-40.slack.smt2,sat,0.004605770111083984
/slacks/35-20.slack.smt2,sat,0.043296098709106445
/slacks/30-15.slack.smt2,sat,0.028229951858520508
/slacks/30-31.slack.smt2,sat,204.6496455669403
/slacks/30-11.slack.smt2,sat,0.006183147430419922
/slacks/20-19.slack.smt2,sat,1.5499048233032227
/slacks/25-25.slack.smt2,sat,0.4754042625427246
/slacks/30-21.slack.smt2,sat,219.43962168693542
/slacks/45-8.slack.smt2,sat,0.007050991058349609
/slacks/20-14.slack.smt2,unsat,53.459625482559204
/slacks/45-16.slack.smt2,sat,100.31910800933838
/slacks/25-6.slack.smt2,sat,0.40132999420166016
/slacks/35-12.slack.smt2,sat,0.03313255310058594
/slacks/20-30.slack.smt2,sat,1.0827162265777588
/slacks/40-11.slack.smt2,sat,0.05255270004272461
/slacks/25-27.slack.smt2,sat,33.85648226737976
/slacks/25-8.slack.smt2,sat,0.005152463912963867
/slacks/25-28.slack.smt2,sat,123.4776713848114
/slacks/25-2.slack.smt2,sat,0.07828927040100098
/slacks/20-10.slack.smt2,sat,0.006161928176879883
/slacks/10-37.slack.smt2,sat,0.004488229751586914
/slacks/15-20.slack.smt2,sat,0.0064809322357177734
/slacks/40-27.slack.smt2,sat,925.1966009140015
/slacks/25-14.slack.smt2,sat,0.44733762741088867
/slacks/30-1.slack.smt2,sat,0.006472110748291016
/slacks/25-4.slack.smt2,sat,0.003543853759765625
/slacks/45-26.slack.smt2,failed,1200.0
/slacks/20-8.slack.smt2,sat,0.005604267120361328
/slacks/20-15.slack.smt2,sat,0.030875444412231445
/slacks/25-26.slack.smt2,sat,37.39860558509827
/slacks/45-25.slack.smt2,failed,1200.0
/slacks/15-15.slack.smt2,sat,0.02333211898803711
/slacks/45-2.slack.smt2,sat,0.00783395767211914
/slacks/20-21.slack.smt2,sat,12.625500917434692
/slacks/35-32.slack.smt2,sat,879.2972974777222
/slacks/30-26.slack.smt2,sat,318.8677065372467
/slacks/45-12.slack.smt2,sat,0.006988048553466797
/slacks/30-12.slack.smt2,sat,0.04066109657287598
/slacks/20-5.slack.smt2,sat,0.018912792205810547
/slacks/45-15.slack.smt2,sat,0.04108834266662598
/slacks/45-11.slack.smt2,sat,0.03491854667663574
/slacks/35-13.slack.smt2,sat,0.03826308250427246
/slacks/25-7.slack.smt2,sat,0.03952932357788086
/slacks/30-3.slack.smt2,sat,0.0040435791015625
/slacks/40-5.slack.smt2,sat,0.004778861999511719
/slacks/25-13.slack.smt2,sat,0.026844024658203125
/slacks/40-25.slack.smt2,sat,0.4055657386779785
/slacks/40-19.slack.smt2,sat,1042.1360483169556
/slacks/20-2.slack.smt2,sat,0.004594326019287109
/slacks/30-10.slack.smt2,sat,0.03439617156982422
/slacks/15-3.slack.smt2,sat,0.002859830856323242
/slacks/30-7.slack.smt2,sat,0.07088279724121094
/slacks/25-20.slack.smt2,sat,0.08559989929199219
/slacks/35-3.slack.smt2,sat,0.012811660766601562
/slacks/30-24.slack.smt2,sat,430.6624963283539
/slacks/30-29.slack.smt2,sat,0.03780055046081543
/slacks/30-2.slack.smt2,sat,0.040122032165527344
/slacks/35-9.slack.smt2,sat,0.024684906005859375
/slacks/15-1.slack.smt2,sat,0.004487276077270508
/slacks/45-31.slack.smt2,failed,1200.0
/slacks/15-6.slack.smt2,sat,0.004727602005004883
/slacks/45-21.slack.smt2,sat,100.20190143585205
/slacks/15-17.slack.smt2,sat,0.010635852813720703
/slacks/15-19.slack.smt2,sat,0.021382570266723633
/slacks/40-2.slack.smt2,sat,0.04980611801147461
/slacks/45-13.slack.smt2,sat,0.04285860061645508
/slacks/25-15.slack.smt2,sat,1.411285161972046
/slacks/35-18.slack.smt2,sat,268.9643905162811
/slacks/20-12.slack.smt2,sat,0.004748821258544922
/slacks/45-22.slack.smt2,failed,1200.0
/slacks/30-25.slack.smt2,sat,94.1492600440979
/slacks/40-17.slack.smt2,sat,0.2141270637512207
/slacks/15-10.slack.smt2,sat,0.008052825927734375
/slacks/25-19.slack.smt2,sat,10.405335903167725
/slacks/15-11.slack.smt2,sat,0.0401310920715332
/slacks/30-4.slack.smt2,sat,0.0060083866119384766
/slacks/45-7.slack.smt2,sat,0.08629274368286133
/slacks/30-23.slack.smt2,sat,44.912556648254395
/slacks/25-22.slack.smt2,unsat,0.3586299419403076
/slacks/30-14.slack.smt2,sat,0.18232464790344238
/slacks/20-3.slack.smt2,sat,0.0050373077392578125
/slacks/45-27.slack.smt2,failed,1200.0
/slacks/25-5.slack.smt2,sat,0.00518035888671875
/slacks/45-34.slack.smt2,failed,1200.0
/slacks/45-28.slack.smt2,failed,1200.0
/slacks/15-8.slack.smt2,sat,0.003908395767211914
/slacks/20-11.slack.smt2,sat,0.5339510440826416
/slacks/20-20.slack.smt2,sat,0.12163877487182617
/slacks/40-1.slack.smt2,sat,0.005489826202392578
/slacks/45-5.slack.smt2,sat,0.004603862762451172
/slacks/15-5.slack.smt2,sat,0.005518198013305664
/slacks/40-3.slack.smt2,sat,0.006653785705566406
/slacks/40-13.slack.smt2,sat,0.0477452278137207
/slacks/15-12.slack.smt2,sat,0.16135835647583008
/slacks/30-33.slack.smt2,sat,174.79641556739807
/slacks/35-27.slack.smt2,failed,1200.0
/slacks/30-28.slack.smt2,sat,290.67345547676086
/slacks/45-9.slack.smt2,sat,0.007418632507324219
/slacks/25-3.slack.smt2,sat,0.02863478660583496
/slacks/40-33.slack.smt2,failed,1200.0
/slacks/40-28.slack.smt2,sat,0.35178685188293457
/slacks/40-35.slack.smt2,failed,1200.0
/slacks/20-4.slack.smt2,sat,0.05472087860107422
/slacks/40-30.slack.smt2,failed,1200.0
/slacks/45-14.slack.smt2,sat,0.0656273365020752
/slacks/30-34.slack.smt2,sat,365.9737675189972
/slacks/10-30.slack.smt2,sat,0.0028955936431884766
/slacks/10-29.slack.smt2,sat,0.004673004150390625
/slacks/10-20.slack.smt2,sat,0.0030586719512939453
/slacks/40-8.slack.smt2,sat,0.06259036064147949
/slacks/35-1.slack.smt2,sat,0.005264759063720703
/slacks/35-26.slack.smt2,sat,891.9365081787109
/slacks/35-21.slack.smt2,sat,394.6336467266083
/rings_preprocessed/ring_2exp8_6vars_2ite_unsat.smt2,unsat,0.022166013717651367
/rings_preprocessed/ring_2exp14_9vars_8ite_unsat.smt2,failed,1200.0
/rings_preprocessed/ring_2exp8_6vars_4ite_unsat.smt2,unsat,0.678431510925293
/rings_preprocessed/ring_2exp12_3vars_0ite_unsat.smt2,unsat,0.005771160125732422
/rings_preprocessed/ring_2exp6_6vars_5ite_unsat.smt2,unsat,14.387546062469482
/rings_preprocessed/ring_2exp10_9vars_2ite_unsat.smt2,unsat,0.03283286094665527
/rings_preprocessed/ring_2exp14_9vars_6ite_unsat.smt2,unsat,29.844810724258423
/rings_preprocessed/ring_2exp16_4vars_1ite_unsat.smt2,unsat,0.020620107650756836
/rings_preprocessed/ring_2exp10_7vars_1ite_unsat.smt2,unsat,0.007378339767456055
/rings_preprocessed/ring_2exp10_3vars_1ite_unsat.smt2,unsat,0.006881237030029297
/rings_preprocessed/ring_2exp16_9vars_1ite_unsat.smt2,unsat,0.012284040451049805
/rings_preprocessed/ring_2exp14_8vars_4ite_unsat.smt2,unsat,0.3034932613372803
/rings_preprocessed/ring_2exp8_7vars_5ite_unsat.smt2,unsat,0.27219223976135254
/rings_preprocessed/ring_2exp4_4vars_3ite_unsat.smt2,unsat,0.05307412147521973
/rings_preprocessed/ring_2exp14_6vars_0ite_unsat.smt2,unsat,0.005481719970703125
/rings_preprocessed/ring_2exp16_4vars_3ite_unsat.smt2,unsat,0.04467582702636719
/rings_preprocessed/ring_2exp4_6vars_5ite_unsat.smt2,unsat,0.30410194396972656
/rings_preprocessed/ring_2exp12_7vars_4ite_unsat.smt2,unsat,0.3240985870361328
/rings_preprocessed/ring_2exp4_8vars_1ite_unsat.smt2,unsat,0.007361888885498047
/rings_preprocessed/ring_2exp4_9vars_8ite_unsat.smt2,unsat,2.319149971008301
/rings_preprocessed/ring_2exp12_5vars_3ite_unsat.smt2,unsat,0.04531049728393555
/rings_preprocessed/ring_2exp14_5vars_2ite_unsat.smt2,unsat,0.025361299514770508
/rings_preprocessed/ring_2exp8_6vars_5ite_unsat.smt2,unsat,0.19414377212524414
/rings_preprocessed/ring_2exp16_9vars_3ite_unsat.smt2,unsat,0.028298616409301758
/rings_preprocessed/ring_2exp4_9vars_0ite_unsat.smt2,unsat,0.006988048553466797
/rings_preprocessed/ring_2exp10_7vars_5ite_unsat.smt2,unsat,0.4523494243621826
/rings_preprocessed/ring_2exp10_9vars_0ite_unsat.smt2,unsat,0.008908987045288086
/rings_preprocessed/ring_2exp10_7vars_6ite_unsat.smt2,unsat,399.0412528514862
/rings_preprocessed/ring_2exp8_4vars_1ite_unsat.smt2,unsat,0.02370595932006836
/rings_preprocessed/ring_2exp6_6vars_1ite_unsat.smt2,unsat,0.008466720581054688
/rings_preprocessed/ring_2exp12_9vars_4ite_unsat.smt2,unsat,0.32892608642578125
/rings_preprocessed/ring_2exp14_8vars_3ite_unsat.smt2,unsat,0.1039133071899414
/rings_preprocessed/ring_2exp14_7vars_6ite_unsat.smt2,unsat,29.738742113113403
/rings_preprocessed/ring_2exp16_6vars_1ite_unsat.smt2,unsat,0.009945154190063477
/rings_preprocessed/ring_2exp12_6vars_3ite_unsat.smt2,unsat,0.07434463500976562
/rings_preprocessed/ring_2exp6_5vars_2ite_unsat.smt2,unsat,0.018575429916381836
/rings_preprocessed/ring_2exp8_5vars_0ite_unsat.smt2,unsat,0.005140066146850586
/rings_preprocessed/ring_2exp8_8vars_0ite_unsat.smt2,unsat,0.007587432861328125
/rings_preprocessed/ring_2exp8_5vars_1ite_unsat.smt2,unsat,0.030431509017944336
/rings_preprocessed/ring_2exp12_9vars_2ite_unsat.smt2,unsat,0.03316187858581543
/rings_preprocessed/ring_2exp14_6vars_3ite_unsat.smt2,unsat,0.10534238815307617
/rings_preprocessed/ring_2exp6_9vars_2ite_unsat.smt2,unsat,0.019964218139648438
/rings_preprocessed/ring_2exp14_6vars_5ite_unsat.smt2,unsat,31.23335337638855
/rings_preprocessed/ring_2exp16_8vars_6ite_unsat.smt2,unsat,31.003202199935913
/rings_preprocessed/ring_2exp12_6vars_2ite_unsat.smt2,unsat,0.09790515899658203
/rings_preprocessed/ring_2exp16_8vars_3ite_unsat.smt2,unsat,0.1331956386566162
/rings_preprocessed/ring_2exp4_7vars_3ite_unsat.smt2,unsat,0.03631997108459473
/rings_preprocessed/ring_2exp10_4vars_0ite_unsat.smt2,unsat,0.0043332576751708984
/rings_preprocessed/ring_2exp14_4vars_0ite_unsat.smt2,unsat,0.004758596420288086
/rings_preprocessed/ring_2exp10_8vars_4ite_unsat.smt2,unsat,0.15043354034423828
/rings_preprocessed/ring_2exp6_4vars_2ite_unsat.smt2,unsat,0.05085134506225586
/rings_preprocessed/ring_2exp10_5vars_1ite_unsat.smt2,unsat,0.03098297119140625
/rings_preprocessed/ring_2exp16_6vars_2ite_unsat.smt2,unsat,0.07796525955200195
/rings_preprocessed/ring_2exp6_9vars_6ite_unsat.smt2,unsat,53.909504652023315
/rings_preprocessed/ring_2exp6_9vars_0ite_unsat.smt2,unsat,0.0071561336517333984
/rings_preprocessed/ring_2exp6_5vars_3ite_unsat.smt2,unsat,0.14168143272399902
/rings_preprocessed/ring_2exp14_7vars_4ite_unsat.smt2,unsat,0.3306610584259033
/rings_preprocessed/ring_2exp16_5vars_4ite_unsat.smt2,unsat,0.5974216461181641
/rings_preprocessed/ring_2exp6_7vars_0ite_unsat.smt2,unsat,0.006501436233520508
/rings_preprocessed/ring_2exp12_7vars_3ite_unsat.smt2,unsat,0.09150147438049316
/rings_preprocessed/ring_2exp16_9vars_6ite_unsat.smt2,unsat,10.083088636398315
/rings_preprocessed/ring_2exp10_6vars_5ite_unsat.smt2,unsat,4.583819389343262
/rings_preprocessed/ring_2exp10_4vars_2ite_unsat.smt2,unsat,0.048633575439453125
/rings_preprocessed/ring_2exp4_6vars_3ite_unsat.smt2,unsat,0.03278470039367676
/rings_preprocessed/ring_2exp6_7vars_2ite_unsat.smt2,unsat,0.049050331115722656
/rings_preprocessed/ring_2exp6_7vars_6ite_unsat.smt2,unsat,58.978403091430664
/rings_preprocessed/ring_2exp8_3vars_2ite_unsat.smt2,unsat,0.006455659866333008
/rings_preprocessed/ring_2exp4_9vars_4ite_unsat.smt2,unsat,0.36586976051330566
/rings_preprocessed/ring_2exp6_9vars_8ite_unsat.smt2,unsat,185.74161386489868
/rings_preprocessed/ring_2exp4_7vars_4ite_unsat.smt2,unsat,0.07262992858886719
/rings_preprocessed/ring_2exp12_9vars_6ite_unsat.smt2,unsat,10.672519207000732
/rings_preprocessed/ring_2exp8_8vars_3ite_unsat.smt2,unsat,0.05270218849182129
/rings_preprocessed/ring_2exp4_7vars_5ite_unsat.smt2,unsat,0.13808488845825195
/rings_preprocessed/ring_2exp14_5vars_3ite_unsat.smt2,unsat,0.046755313873291016
/rings_preprocessed/ring_2exp12_8vars_5ite_unsat.smt2,unsat,1.3379511833190918
/rings_preprocessed/ring_2exp8_7vars_6ite_unsat.smt2,unsat,1095.2236196994781
/rings_preprocessed/ring_2exp4_8vars_7ite_unsat.smt2,unsat,0.4045557975769043
/rings_preprocessed/ring_2exp8_9vars_2ite_unsat.smt2,unsat,0.08792448043823242
/rings_preprocessed/ring_2exp12_9vars_8ite_unsat.smt2,failed,1200.0
/rings_preprocessed/ring_2exp6_3vars_0ite_unsat.smt2,unsat,0.003737926483154297
/rings_preprocessed/ring_2exp14_7vars_3ite_unsat.smt2,unsat,0.08669090270996094
/rings_preprocessed/ring_2exp4_9vars_3ite_unsat.smt2,unsat,0.01636219024658203
/rings_preprocessed/ring_2exp10_8vars_2ite_unsat.smt2,unsat,0.02878284454345703
/rings_preprocessed/ring_2exp8_8vars_1ite_unsat.smt2,unsat,0.01050710678100586
/rings_preprocessed/ring_2exp10_8vars_0ite_unsat.smt2,unsat,0.0081024169921875
/rings_preprocessed/ring_2exp10_9vars_8ite_unsat.smt2,failed,1200.0
/rings_preprocessed/ring_2exp16_8vars_7ite_unsat.smt2,unsat,1100.4642627239227
/rings_preprocessed/ring_2exp10_8vars_6ite_unsat.smt2,unsat,29.046793699264526
/rings_preprocessed/ring_2exp16_9vars_8ite_unsat.smt2,failed,1200.0
/rings_preprocessed/ring_2exp8_7vars_4ite_unsat.smt2,unsat,0.303926944732666
/rings_preprocessed/ring_2exp16_8vars_1ite_unsat.smt2,unsat,0.015810251235961914
/rings_preprocessed/ring_2exp6_5vars_4ite_unsat.smt2,unsat,0.6085808277130127
/rings_preprocessed/ring_2exp4_8vars_4ite_unsat.smt2,unsat,0.11047244071960449
/rings_preprocessed/ring_2exp14_8vars_7ite_unsat.smt2,unsat,667.9428195953369
/rings_preprocessed/ring_2exp12_3vars_2ite_unsat.smt2,unsat,0.006780147552490234
/rings_preprocessed/ring_2exp12_4vars_2ite_unsat.smt2,unsat,0.04697084426879883
/rings_preprocessed/ring_2exp8_6vars_0ite_unsat.smt2,unsat,0.006841182708740234
/rings_preprocessed/ring_2exp16_7vars_2ite_unsat.smt2,unsat,0.028955698013305664
/rings_preprocessed/ring_2exp4_3vars_2ite_unsat.smt2,unsat,0.006830930709838867
/rings_preprocessed/ring_2exp10_9vars_3ite_unsat.smt2,unsat,0.09029197692871094
/rings_preprocessed/ring_2exp16_5vars_0ite_unsat.smt2,unsat,0.007210493087768555
/rings_preprocessed/ring_2exp14_7vars_0ite_unsat.smt2,unsat,0.006524324417114258
/rings_preprocessed/ring_2exp12_9vars_0ite_unsat.smt2,unsat,0.008013486862182617
/rings_preprocessed/ring_2exp14_3vars_2ite_unsat.smt2,unsat,0.007130861282348633
/rings_preprocessed/ring_2exp16_9vars_5ite_unsat.smt2,unsat,0.9043784141540527
/rings_preprocessed/ring_2exp10_8vars_3ite_unsat.smt2,unsat,0.09209823608398438
/rings_preprocessed/ring_2exp6_7vars_1ite_unsat.smt2,unsat,0.01086568832397461
/rings_preprocessed/ring_2exp4_5vars_0ite_unsat.smt2,unsat,0.004888772964477539
/rings_preprocessed/ring_2exp8_9vars_3ite_unsat.smt2,unsat,0.05068182945251465
/rings_preprocessed/ring_2exp10_9vars_6ite_unsat.smt2,unsat,276.49416637420654
/rings_preprocessed/ring_2exp16_4vars_2ite_unsat.smt2,unsat,0.04934573173522949
/rings_preprocessed/ring_2exp16_5vars_1ite_unsat.smt2,unsat,0.02230048179626465
/rings_preprocessed/ring_2exp4_8vars_5ite_unsat.smt2,unsat,0.04484915733337402
/rings_preprocessed/ring_2exp12_8vars_1ite_unsat.smt2,unsat,0.012145757675170898
/rings_preprocessed/ring_2exp4_3vars_0ite_unsat.smt2,unsat,0.0023000240325927734
/rings_preprocessed/ring_2exp14_5vars_0ite_unsat.smt2,unsat,0.00642085075378418
/rings_preprocessed/ring_2exp6_9vars_1ite_unsat.smt2,unsat,0.00941324234008789
/rings_preprocessed/ring_2exp4_9vars_6ite_unsat.smt2,unsat,0.8583011627197266
/rings_preprocessed/ring_2exp14_6vars_4ite_unsat.smt2,unsat,0.532174825668335
/rings_preprocessed/ring_2exp16_8vars_0ite_unsat.smt2,unsat,0.008855581283569336
/rings_preprocessed/ring_2exp16_8vars_5ite_unsat.smt2,unsat,2.4830193519592285
/rings_preprocessed/ring_2exp12_7vars_0ite_unsat.smt2,unsat,0.005189657211303711
/rings_preprocessed/ring_2exp8_5vars_2ite_unsat.smt2,unsat,0.025580883026123047
/rings_preprocessed/ring_2exp14_4vars_1ite_unsat.smt2,unsat,0.02244424819946289
/rings_preprocessed/ring_2exp4_8vars_6ite_unsat.smt2,unsat,0.7191379070281982
/rings_preprocessed/ring_2exp4_6vars_4ite_unsat.smt2,unsat,0.11488056182861328
/rings_preprocessed/ring_2exp8_5vars_4ite_unsat.smt2,unsat,0.6040878295898438
/rings_preprocessed/ring_2exp12_7vars_2ite_unsat.smt2,unsat,0.02013540267944336
/rings_preprocessed/ring_2exp12_9vars_5ite_unsat.smt2,unsat,1.989441156387329
/rings_preprocessed/ring_2exp4_8vars_2ite_unsat.smt2,unsat,0.028119564056396484
/rings_preprocessed/ring_2exp4_6vars_2ite_unsat.smt2,unsat,0.011547088623046875
/rings_preprocessed/ring_2exp4_9vars_2ite_unsat.smt2,unsat,0.02251267433166504
/rings_preprocessed/ring_2exp12_8vars_4ite_unsat.smt2,unsat,0.27556395530700684
/rings_preprocessed/ring_2exp10_7vars_4ite_unsat.smt2,unsat,0.2687370777130127
/rings_preprocessed/ring_2exp12_8vars_3ite_unsat.smt2,unsat,0.07793092727661133
/rings_preprocessed/ring_2exp10_5vars_2ite_unsat.smt2,unsat,0.026457548141479492
/rings_preprocessed/ring_2exp14_8vars_2ite_unsat.smt2,unsat,0.07713603973388672
/rings_preprocessed/ring_2exp6_7vars_3ite_unsat.smt2,unsat,0.08320331573486328
/rings_preprocessed/ring_2exp6_8vars_4ite_unsat.smt2,unsat,0.20833468437194824
/rings_preprocessed/ring_2exp8_9vars_6ite_unsat.smt2,unsat,157.9698612689972
/rings_preprocessed/ring_2exp8_8vars_7ite_unsat.smt2,unsat,458.51127767562866
/rings_preprocessed/ring_2exp4_7vars_0ite_unsat.smt2,unsat,0.0065801143646240234
/rings_preprocessed/ring_2exp6_6vars_3ite_unsat.smt2,unsat,0.02689957618713379
/rings_preprocessed/ring_2exp14_5vars_1ite_unsat.smt2,unsat,0.02105998992919922
/rings_preprocessed/ring_2exp4_4vars_1ite_unsat.smt2,unsat,0.03268933296203613
/rings_preprocessed/ring_2exp8_7vars_3ite_unsat.smt2,unsat,0.12487673759460449
/rings_preprocessed/ring_2exp4_3vars_1ite_unsat.smt2,unsat,0.007233858108520508
/rings_preprocessed/ring_2exp10_9vars_7ite_unsat.smt2,failed,1200.0
/rings_preprocessed/ring_2exp6_5vars_0ite_unsat.smt2,unsat,0.005044698715209961
/rings_preprocessed/ring_2exp6_9vars_5ite_unsat.smt2,unsat,2.3842689990997314
/rings_preprocessed/ring_2exp8_7vars_2ite_unsat.smt2,unsat,0.02968907356262207
/rings_preprocessed/ring_2exp10_6vars_2ite_unsat.smt2,unsat,0.013311624526977539
/rings_preprocessed/ring_2exp4_6vars_1ite_unsat.smt2,unsat,0.0046198368072509766
/rings_preprocessed/ring_2exp4_5vars_1ite_unsat.smt2,unsat,0.07620596885681152
/rings_preprocessed/ring_2exp8_9vars_8ite_unsat.smt2,failed,1200.0
/rings_preprocessed/ring_2exp14_8vars_1ite_unsat.smt2,unsat,0.013530254364013672
/rings_preprocessed/ring_2exp4_7vars_2ite_unsat.smt2,unsat,0.016891956329345703
/rings_preprocessed/ring_2exp10_8vars_7ite_unsat.smt2,unsat,451.8236484527588
/rings_preprocessed/ring_2exp14_4vars_3ite_unsat.smt2,unsat,0.043787240982055664
/rings_preprocessed/ring_2exp10_3vars_0ite_unsat.smt2,unsat,0.004048585891723633
/rings_preprocessed/ring_2exp10_8vars_1ite_unsat.smt2,unsat,0.012573957443237305
/rings_preprocessed/ring_2exp10_9vars_4ite_unsat.smt2,unsat,0.29390645027160645
/rings_preprocessed/ring_2exp6_7vars_5ite_unsat.smt2,unsat,36.786144495010376
/rings_preprocessed/ring_2exp6_4vars_0ite_unsat.smt2,unsat,0.004695415496826172
/rings_preprocessed/ring_2exp12_4vars_3ite_unsat.smt2,unsat,0.043932437896728516
/rings_preprocessed/ring_2exp8_3vars_1ite_unsat.smt2,unsat,0.006539106369018555
/rings_preprocessed/ring_2exp12_9vars_7ite_unsat.smt2,unsat,142.07068037986755
/rings_preprocessed/ring_2exp16_6vars_3ite_unsat.smt2,unsat,0.08334469795227051
/rings_preprocessed/ring_2exp10_6vars_1ite_unsat.smt2,unsat,0.0112152099609375
/rings_preprocessed/ring_2exp6_6vars_0ite_unsat.smt2,unsat,0.005693912506103516
/rings_preprocessed/ring_2exp16_5vars_3ite_unsat.smt2,unsat,0.04847359657287598
/rings_preprocessed/ring_2exp16_8vars_4ite_unsat.smt2,unsat,0.32468199729919434
/rings_preprocessed/ring_2exp10_3vars_2ite_unsat.smt2,unsat,0.005987644195556641
/rings_preprocessed/ring_2exp6_4vars_3ite_unsat.smt2,unsat,0.041877031326293945
/rings_preprocessed/ring_2exp12_8vars_2ite_unsat.smt2,unsat,0.026977062225341797
/rings_preprocessed/ring_2exp16_6vars_5ite_unsat.smt2,unsat,32.91993427276611
/rings_preprocessed/ring_2exp8_8vars_4ite_unsat.smt2,unsat,0.8166067600250244
/rings_preprocessed/ring_2exp8_4vars_0ite_unsat.smt2,unsat,0.005505800247192383
/rings_preprocessed/ring_2exp16_6vars_4ite_unsat.smt2,unsat,0.5312314033508301
/rings_preprocessed/ring_2exp10_9vars_1ite_unsat.smt2,unsat,0.012175798416137695
/rings_preprocessed/ring_2exp8_8vars_2ite_unsat.smt2,unsat,0.032033443450927734
/rings_preprocessed/ring_2exp16_4vars_0ite_unsat.smt2,unsat,0.004532575607299805
/rings_preprocessed/ring_2exp12_7vars_5ite_unsat.smt2,unsat,0.2828829288482666
/rings_preprocessed/ring_2exp14_3vars_1ite_unsat.smt2,unsat,0.007533550262451172
/rings_preprocessed/ring_2exp14_9vars_4ite_unsat.smt2,unsat,0.16246724128723145
/rings_preprocessed/ring_2exp12_5vars_0ite_unsat.smt2,unsat,0.006720781326293945
/rings_preprocessed/ring_2exp10_7vars_3ite_unsat.smt2,unsat,0.05061602592468262
/rings_preprocessed/ring_2exp14_9vars_1ite_unsat.smt2,unsat,0.01188802719116211
/rings_preprocessed/ring_2exp8_9vars_5ite_unsat.smt2,unsat,430.89529299736023
/rings_preprocessed/ring_2exp12_7vars_6ite_unsat.smt2,unsat,1024.8979277610779
/rings_preprocessed/ring_2exp14_4vars_2ite_unsat.smt2,unsat,0.04931759834289551
/rings_preprocessed/ring_2exp8_8vars_6ite_unsat.smt2,unsat,221.50881052017212
/rings_preprocessed/ring_2exp6_8vars_2ite_unsat.smt2,unsat,0.03197503089904785
/rings_preprocessed/ring_2exp6_9vars_4ite_unsat.smt2,unsat,0.11974787712097168
/rings_preprocessed/ring_2exp12_8vars_6ite_unsat.smt2,unsat,246.4366569519043
/rings_preprocessed/ring_2exp6_9vars_7ite_unsat.smt2,unsat,29.305767059326172
/rings_preprocessed/ring_2exp14_6vars_1ite_unsat.smt2,unsat,0.01116800308227539
/rings_preprocessed/ring_2exp10_9vars_5ite_unsat.smt2,unsat,3.746384859085083
/rings_preprocessed/ring_2exp4_9vars_7ite_unsat.smt2,unsat,0.6521177291870117
/rings_preprocessed/ring_2exp10_4vars_1ite_unsat.smt2,unsat,0.02059030532836914
/rings_preprocessed/ring_2exp8_9vars_1ite_unsat.smt2,unsat,0.011295795440673828
/rings_preprocessed/ring_2exp14_8vars_5ite_unsat.smt2,unsat,2.3492677211761475
/rings_preprocessed/ring_2exp10_5vars_0ite_unsat.smt2,unsat,0.005727529525756836
/rings_preprocessed/ring_2exp14_7vars_1ite_unsat.smt2,unsat,0.006666421890258789
/rings_preprocessed/ring_2exp14_9vars_3ite_unsat.smt2,unsat,0.07069897651672363
/rings_preprocessed/ring_2exp6_9vars_3ite_unsat.smt2,unsat,0.041504859924316406
/rings_preprocessed/ring_2exp8_9vars_0ite_unsat.smt2,unsat,0.008405685424804688
/rings_preprocessed/ring_2exp14_5vars_4ite_unsat.smt2,unsat,0.5589165687561035
/rings_preprocessed/ring_2exp16_9vars_4ite_unsat.smt2,unsat,0.23120856285095215
/rings_preprocessed/ring_2exp16_5vars_2ite_unsat.smt2,unsat,0.026885986328125
/rings_preprocessed/ring_2exp6_8vars_3ite_unsat.smt2,unsat,0.06275343894958496
/rings_preprocessed/ring_2exp6_8vars_7ite_unsat.smt2,unsat,446.8757529258728
/rings_preprocessed/ring_2exp4_5vars_2ite_unsat.smt2,unsat,0.01636528968811035
/rings_preprocessed/ring_2exp16_3vars_1ite_unsat.smt2,unsat,0.007113218307495117
/rings_preprocessed/ring_2exp16_7vars_1ite_unsat.smt2,unsat,0.007523775100708008
/rings_preprocessed/ring_2exp6_7vars_4ite_unsat.smt2,unsat,2.06793212890625
/rings_preprocessed/ring_2exp14_9vars_7ite_unsat.smt2,unsat,46.52263569831848
/rings_preprocessed/ring_2exp12_5vars_1ite_unsat.smt2,unsat,0.020191431045532227
/rings_preprocessed/ring_2exp16_3vars_2ite_unsat.smt2,unsat,0.006031990051269531
/rings_preprocessed/ring_2exp16_7vars_4ite_unsat.smt2,unsat,0.3264303207397461
/rings_preprocessed/ring_2exp12_6vars_1ite_unsat.smt2,unsat,0.010344505310058594
/rings_preprocessed/ring_2exp16_9vars_0ite_unsat.smt2,unsat,0.0072803497314453125
/rings_preprocessed/ring_2exp4_7vars_1ite_unsat.smt2,unsat,0.006953716278076172
/rings_preprocessed/ring_2exp14_9vars_2ite_unsat.smt2,unsat,0.03375601768493652
/rings_preprocessed/ring_2exp12_9vars_3ite_unsat.smt2,unsat,0.07827448844909668
/rings_preprocessed/ring_2exp12_9vars_1ite_unsat.smt2,unsat,0.012122631072998047
/rings_preprocessed/ring_2exp8_3vars_0ite_unsat.smt2,unsat,0.002978086471557617
/rings_preprocessed/ring_2exp16_9vars_7ite_unsat.smt2,unsat,26.68316102027893
/rings_preprocessed/ring_2exp6_4vars_1ite_unsat.smt2,unsat,0.01954936981201172
/rings_preprocessed/ring_2exp4_4vars_2ite_unsat.smt2,unsat,0.05085611343383789
/rings_preprocessed/ring_2exp14_9vars_0ite_unsat.smt2,unsat,0.008402824401855469
/rings_preprocessed/ring_2exp16_7vars_0ite_unsat.smt2,unsat,0.006485462188720703
/rings_preprocessed/ring_2exp4_9vars_5ite_unsat.smt2,unsat,0.050981760025024414
/rings_preprocessed/ring_2exp6_8vars_1ite_unsat.smt2,unsat,0.00926518440246582
/rings_preprocessed/ring_2exp16_9vars_2ite_unsat.smt2,unsat,0.032376766204833984
/rings_preprocessed/ring_2exp16_7vars_3ite_unsat.smt2,unsat,0.0901803970336914
/rings_preprocessed/ring_2exp8_8vars_5ite_unsat.smt2,unsat,1.174558401107788
/rings_preprocessed/ring_2exp4_6vars_0ite_unsat.smt2,unsat,0.005165815353393555
/rings_preprocessed/ring_2exp4_5vars_3ite_unsat.smt2,unsat,0.16520047187805176
/rings_preprocessed/ring_2exp10_5vars_4ite_unsat.smt2,unsat,0.5258519649505615
/rings_preprocessed/ring_2exp10_6vars_4ite_unsat.smt2,unsat,0.7426984310150146
/rings_preprocessed/ring_2exp10_6vars_0ite_unsat.smt2,unsat,0.008944988250732422
/rings_preprocessed/ring_2exp12_6vars_4ite_unsat.smt2,unsat,0.2541165351867676
/rings_preprocessed/ring_2exp14_9vars_5ite_unsat.smt2,unsat,0.3183763027191162
/rings_preprocessed/ring_2exp12_3vars_1ite_unsat.smt2,unsat,0.008045673370361328
/rings_preprocessed/ring_2exp8_4vars_3ite_unsat.smt2,unsat,0.04170680046081543
/rings_preprocessed/ring_2exp8_7vars_1ite_unsat.smt2,unsat,0.00815129280090332
/rings_preprocessed/ring_2exp8_6vars_1ite_unsat.smt2,unsat,0.01587057113647461
/rings_preprocessed/ring_2exp10_7vars_2ite_unsat.smt2,unsat,0.045829057693481445
/rings_preprocessed/ring_2exp8_9vars_7ite_unsat.smt2,failed,1200.0
/rings_preprocessed/ring_2exp12_5vars_2ite_unsat.smt2,unsat,0.02464461326599121
/rings_preprocessed/ring_2exp14_6vars_2ite_unsat.smt2,unsat,0.07522964477539062
/rings_preprocessed/ring_2exp8_9vars_4ite_unsat.smt2,unsat,0.5796046257019043
/rings_preprocessed/ring_2exp6_3vars_2ite_unsat.smt2,unsat,0.007466793060302734
/rings_preprocessed/ring_2exp4_4vars_0ite_unsat.smt2,unsat,0.0043735504150390625
/rings_preprocessed/ring_2exp6_3vars_1ite_unsat.smt2,unsat,0.006130218505859375
/rings_preprocessed/ring_2exp10_7vars_0ite_unsat.smt2,unsat,0.007941246032714844
/rings_preprocessed/ring_2exp12_4vars_1ite_unsat.smt2,unsat,0.022649049758911133
/rings_preprocessed/ring_2exp6_8vars_6ite_unsat.smt2,unsat,29.033259868621826
/rings_preprocessed/ring_2exp4_8vars_3ite_unsat.smt2,unsat,0.015099763870239258
/rings_preprocessed/ring_2exp12_8vars_7ite_unsat.smt2,unsat,1179.3379263877869
/rings_preprocessed/ring_2exp8_7vars_0ite_unsat.smt2,unsat,0.0073506832122802734
/rings_preprocessed/ring_2exp14_8vars_0ite_unsat.smt2,unsat,0.006650447845458984
/rings_preprocessed/ring_2exp12_8vars_0ite_unsat.smt2,unsat,0.012778282165527344
/rings_preprocessed/ring_2exp8_5vars_3ite_unsat.smt2,unsat,0.06318044662475586
/rings_preprocessed/ring_2exp10_6vars_3ite_unsat.smt2,unsat,0.0801553726196289
/rings_preprocessed/ring_2exp12_4vars_0ite_unsat.smt2,unsat,0.004483222961425781
/rings_preprocessed/ring_2exp12_6vars_0ite_unsat.smt2,unsat,0.005889892578125
/rings_preprocessed/ring_2exp4_7vars_6ite_unsat.smt2,unsat,0.362581729888916
/rings_preprocessed/ring_2exp14_8vars_6ite_unsat.smt2,unsat,62.37112808227539
/rings_preprocessed/ring_2exp6_8vars_0ite_unsat.smt2,unsat,0.007179737091064453
/rings_preprocessed/ring_2exp14_3vars_0ite_unsat.smt2,unsat,0.004634857177734375
/rings_preprocessed/ring_2exp12_5vars_4ite_unsat.smt2,unsat,0.6032063961029053
/rings_preprocessed/ring_2exp12_6vars_5ite_unsat.smt2,unsat,3.059370756149292
/rings_preprocessed/ring_2exp10_4vars_3ite_unsat.smt2,unsat,0.04236936569213867
/rings_preprocessed/ring_2exp8_4vars_2ite_unsat.smt2,unsat,0.050147294998168945
/rings_preprocessed/ring_2exp16_7vars_5ite_unsat.smt2,unsat,0.608954668045044
/rings_preprocessed/ring_2exp6_6vars_2ite_unsat.smt2,unsat,0.07809066772460938
/rings_preprocessed/ring_2exp14_7vars_2ite_unsat.smt2,unsat,0.03656196594238281
/rings_preprocessed/ring_2exp16_3vars_0ite_unsat.smt2,unsat,0.003935813903808594
/rings_preprocessed/ring_2exp10_8vars_5ite_unsat.smt2,unsat,1.9682209491729736
/rings_preprocessed/ring_2exp16_8vars_2ite_unsat.smt2,unsat,0.0830991268157959
/rings_preprocessed/ring_2exp6_5vars_1ite_unsat.smt2,unsat,0.020479202270507812
/rings_preprocessed/ring_2exp12_7vars_1ite_unsat.smt2,unsat,0.007820844650268555
/rings_preprocessed/ring_2exp14_7vars_5ite_unsat.smt2,unsat,0.1596391201019287
/rings_preprocessed/ring_2exp10_5vars_3ite_unsat.smt2,unsat,0.04657554626464844
/rings_preprocessed/ring_2exp4_9vars_1ite_unsat.smt2,unsat,0.00911402702331543
/rings_preprocessed/ring_2exp8_6vars_3ite_unsat.smt2,unsat,0.1708531379699707
/rings_preprocessed/ring_2exp6_8vars_5ite_unsat.smt2,unsat,1.0598373413085938
/rings_preprocessed/ring_2exp4_5vars_4ite_unsat.smt2,unsat,0.2860848903656006
/rings_preprocessed/ring_2exp16_7vars_6ite_unsat.smt2,unsat,28.666833877563477
/rings_preprocessed/ring_2exp4_8vars_0ite_unsat.smt2,unsat,0.007243633270263672
/rings_preprocessed/ring_2exp16_6vars_0ite_unsat.smt2,unsat,0.006070375442504883
/rings_preprocessed/ring_2exp6_6vars_4ite_unsat.smt2,unsat,116.30478143692017
/bofill-scheduling/SMT_random_LIA/ex10100_2600_100.smt2,unsat,0.04249763488769531
/bofill-scheduling/SMT_random_LIA/ex18300_2600_100.smt2,sat,0.07702445983886719
/bofill-scheduling/SMT_random_LIA/ex16500_2600_100.smt2,sat,0.2718503475189209
/bofill-scheduling/SMT_random_LIA/ex7600_2600_100.smt2,unsat,0.04251980781555176
/bofill-scheduling/SMT_random_LIA/ex25900_2600_100.smt2,sat,0.051756858825683594
/bofill-scheduling/SMT_random_LIA/ex19200_2600_100.smt2,sat,0.06842350959777832
/bofill-scheduling/SMT_random_LIA/ex16900_2600_100.smt2,sat,0.2446575164794922
/bofill-scheduling/SMT_random_LIA/ex13200_2600_100.smt2,unsat,0.044826507568359375
/bofill-scheduling/SMT_random_LIA/ex25600_2600_100.smt2,sat,0.051880598068237305
/bofill-scheduling/SMT_random_LIA/ex12200_2600_100.smt2,unsat,0.03983759880065918
/bofill-scheduling/SMT_random_LIA/ex7200_2600_100.smt2,unsat,0.03991580009460449
/bofill-scheduling/SMT_random_LIA/ex24800_2600_100.smt2,sat,0.0467379093170166
/bofill-scheduling/SMT_random_LIA/ex9700_2600_100.smt2,unsat,0.04109811782836914
/bofill-scheduling/SMT_random_LIA/ex25400_2600_100.smt2,sat,0.04688119888305664
/bofill-scheduling/SMT_random_LIA/ex18000_2600_100.smt2,sat,0.059899330139160156
/bofill-scheduling/SMT_random_LIA/ex6000_2600_100.smt2,unsat,0.041132211685180664
/bofill-scheduling/SMT_random_LIA/ex24400_2600_100.smt2,sat,0.048746585845947266
/bofill-scheduling/SMT_random_LIA/ex5900_2600_100.smt2,unsat,0.04146599769592285
/bofill-scheduling/SMT_random_LIA/ex17000_2600_100.smt2,sat,0.23235535621643066
/bofill-scheduling/SMT_random_LIA/ex28800_2600_100.smt2,sat,0.044142961502075195
/bofill-scheduling/SMT_random_LIA/ex27000_2600_100.smt2,sat,0.04666852951049805
/bofill-scheduling/SMT_random_LIA/ex10700_2600_100.smt2,unsat,0.04478263854980469
/bofill-scheduling/SMT_random_LIA/ex23100_2600_100.smt2,sat,0.04683279991149902
/bofill-scheduling/SMT_random_LIA/ex26700_2600_100.smt2,sat,0.047482967376708984
/bofill-scheduling/SMT_random_LIA/ex21600_2600_100.smt2,sat,0.04799771308898926
/bofill-scheduling/SMT_random_LIA/ex10600_2600_100.smt2,unsat,0.04071807861328125
/bofill-scheduling/SMT_random_LIA/ex17200_2600_100.smt2,sat,0.38562726974487305
/bofill-scheduling/SMT_random_LIA/ex10500_2600_100.smt2,unsat,0.04063153266906738
/bofill-scheduling/SMT_random_LIA/ex20900_2600_100.smt2,sat,0.05706214904785156
/bofill-scheduling/SMT_random_LIA/ex18500_2600_100.smt2,sat,0.2789456844329834
/bofill-scheduling/SMT_random_LIA/ex14800_2600_100.smt2,sat,0.5924174785614014
/bofill-scheduling/SMT_random_LIA/ex23700_2600_100.smt2,sat,0.04610109329223633
/bofill-scheduling/SMT_random_LIA/ex10300_2600_100.smt2,unsat,0.04457402229309082
/bofill-scheduling/SMT_random_LIA/ex15600_2600_100.smt2,sat,0.2599339485168457
/bofill-scheduling/SMT_random_LIA/ex29300_2600_100.smt2,sat,0.04918217658996582
/bofill-scheduling/SMT_random_LIA/ex24600_2600_100.smt2,sat,0.04378247261047363
/bofill-scheduling/SMT_random_LIA/ex6300_2600_100.smt2,unsat,0.04150652885437012
/bofill-scheduling/SMT_random_LIA/ex16700_2600_100.smt2,sat,0.2296593189239502
/bofill-scheduling/SMT_random_LIA/ex11000_2600_100.smt2,unsat,0.042159318923950195
/bofill-scheduling/SMT_random_LIA/ex7100_2600_100.smt2,unsat,0.042775869369506836
/bofill-scheduling/SMT_random_LIA/ex21300_2600_100.smt2,sat,0.04859447479248047
/bofill-scheduling/SMT_random_LIA/ex26300_2600_100.smt2,sat,0.046120643615722656
/bofill-scheduling/SMT_random_LIA/ex7300_2600_100.smt2,unsat,0.04099225997924805
/bofill-scheduling/SMT_random_LIA/ex18100_2600_100.smt2,sat,0.0599672794342041
/bofill-scheduling/SMT_random_LIA/ex17700_2600_100.smt2,sat,0.2586531639099121
/bofill-scheduling/SMT_random_LIA/ex21800_2600_100.smt2,sat,0.04819345474243164
/bofill-scheduling/SMT_random_LIA/ex9500_2600_100.smt2,unsat,0.04305768013000488
/bofill-scheduling/SMT_random_LIA/ex22300_2600_100.smt2,sat,0.045043230056762695
/bofill-scheduling/SMT_random_LIA/ex12400_2600_100.smt2,unsat,0.041660308837890625
/bofill-scheduling/SMT_random_LIA/ex22400_2600_100.smt2,sat,0.04624319076538086
/bofill-scheduling/SMT_random_LIA/ex19300_2600_100.smt2,sat,0.06910467147827148
/bofill-scheduling/SMT_random_LIA/ex26200_2600_100.smt2,sat,0.04380011558532715
/bofill-scheduling/SMT_random_LIA/ex20200_2600_100.smt2,sat,0.22845458984375
/bofill-scheduling/SMT_random_LIA/ex27300_2600_100.smt2,sat,0.049707889556884766
/bofill-scheduling/SMT_random_LIA/ex26400_2600_100.smt2,sat,0.045043230056762695
/bofill-scheduling/SMT_random_LIA/ex14500_2600_100.smt2,sat,0.4500243663787842
/bofill-scheduling/SMT_random_LIA/ex29100_2600_100.smt2,sat,0.04726219177246094
/bofill-scheduling/SMT_random_LIA/ex29800_2600_100.smt2,sat,0.04725837707519531
/bofill-scheduling/SMT_random_LIA/ex29500_2600_100.smt2,sat,0.042713165283203125
/bofill-scheduling/SMT_random_LIA/ex9100_2600_100.smt2,unsat,0.04866957664489746
/bofill-scheduling/SMT_random_LIA/ex8500_2600_100.smt2,unsat,0.04465126991271973
/bofill-scheduling/SMT_random_LIA/ex11100_2600_100.smt2,unsat,0.042016029357910156
/bofill-scheduling/SMT_random_LIA/ex9600_2600_100.smt2,unsat,0.04661917686462402
/bofill-scheduling/SMT_random_LIA/ex19100_2600_100.smt2,sat,0.06596899032592773
/bofill-scheduling/SMT_random_LIA/ex18200_2600_100.smt2,sat,0.05939459800720215
/bofill-scheduling/SMT_random_LIA/ex16200_2600_100.smt2,sat,0.26213598251342773
/bofill-scheduling/SMT_random_LIA/ex19600_2600_100.smt2,sat,0.06340527534484863
/bofill-scheduling/SMT_random_LIA/ex29000_2600_100.smt2,sat,0.04450845718383789
/bofill-scheduling/SMT_random_LIA/ex16300_2600_100.smt2,sat,0.2405552864074707
/bofill-scheduling/SMT_random_LIA/ex13000_2600_100.smt2,unsat,0.04669356346130371
/bofill-scheduling/SMT_random_LIA/ex28300_2600_100.smt2,sat,0.0466766357421875
/bofill-scheduling/SMT_random_LIA/ex8800_2600_100.smt2,unsat,0.04555821418762207
/bofill-scheduling/SMT_random_LIA/ex5100_2600_100.smt2,unsat,0.0411067008972168
/bofill-scheduling/SMT_random_LIA/ex16000_2600_100.smt2,sat,0.27368664741516113
/bofill-scheduling/SMT_random_LIA/ex15300_2600_100.smt2,sat,0.298612117767334
/bofill-scheduling/SMT_random_LIA/ex8100_2600_100.smt2,unsat,0.04124712944030762
/bofill-scheduling/SMT_random_LIA/ex22000_2600_100.smt2,sat,0.05008101463317871
/bofill-scheduling/SMT_random_LIA/ex6600_2600_100.smt2,unsat,0.043378591537475586
/bofill-scheduling/SMT_random_LIA/ex15700_2600_100.smt2,sat,0.277449369430542
/bofill-scheduling/SMT_random_LIA/ex22500_2600_100.smt2,sat,0.045710086822509766
/bofill-scheduling/SMT_random_LIA/ex23000_2600_100.smt2,sat,0.045351266860961914
/bofill-scheduling/SMT_random_LIA/ex14300_2600_100.smt2,unsat,0.23633384704589844
/bofill-scheduling/SMT_random_LIA/ex5400_2600_100.smt2,unsat,0.040105342864990234
/bofill-scheduling/SMT_random_LIA/ex16800_2600_100.smt2,sat,0.24641108512878418
/bofill-scheduling/SMT_random_LIA/ex13600_2600_100.smt2,unsat,0.07399964332580566
/bofill-scheduling/SMT_random_LIA/ex26800_2600_100.smt2,sat,0.04822945594787598
/bofill-scheduling/SMT_random_LIA/ex23200_2600_100.smt2,sat,0.045372724533081055
/bofill-scheduling/SMT_random_LIA/ex21700_2600_100.smt2,sat,0.04782247543334961
/bofill-scheduling/SMT_random_LIA/ex10400_2600_100.smt2,unsat,0.042281150817871094
/bofill-scheduling/SMT_random_LIA/ex13300_2600_100.smt2,unsat,0.03864765167236328
/bofill-scheduling/SMT_random_LIA/ex22100_2600_100.smt2,sat,0.04559779167175293
/bofill-scheduling/SMT_random_LIA/ex20100_2600_100.smt2,sat,0.06560993194580078
/bofill-scheduling/SMT_random_LIA/ex25100_2600_100.smt2,sat,0.05083632469177246
/bofill-scheduling/SMT_random_LIA/ex11800_2600_100.smt2,unsat,0.040125370025634766
/bofill-scheduling/SMT_random_LIA/ex28900_2600_100.smt2,sat,0.04979562759399414
/bofill-scheduling/SMT_random_LIA/ex16600_2600_100.smt2,sat,0.27599048614501953
/bofill-scheduling/SMT_random_LIA/ex30000_2600_100.smt2,sat,0.043351173400878906
/bofill-scheduling/SMT_random_LIA/ex20600_2600_100.smt2,sat,0.0641787052154541
/bofill-scheduling/SMT_random_LIA/ex16400_2600_100.smt2,sat,0.23394465446472168
/bofill-scheduling/SMT_random_LIA/ex10200_2600_100.smt2,unsat,0.04077720642089844
/bofill-scheduling/SMT_random_LIA/ex5500_2600_100.smt2,unsat,0.042058467864990234
/bofill-scheduling/SMT_random_LIA/ex9300_2600_100.smt2,unsat,0.04551243782043457
/bofill-scheduling/SMT_random_LIA/ex27600_2600_100.smt2,sat,0.043410539627075195
/bofill-scheduling/SMT_random_LIA/ex12100_2600_100.smt2,unsat,0.040715694427490234
/bofill-scheduling/SMT_random_LIA/ex15000_2600_100.smt2,sat,0.367722749710083
/bofill-scheduling/SMT_random_LIA/ex12900_2600_100.smt2,unsat,0.04481625556945801
/bofill-scheduling/SMT_random_LIA/ex29700_2600_100.smt2,sat,0.049361467361450195
/bofill-scheduling/SMT_random_LIA/ex28400_2600_100.smt2,sat,0.04874300956726074
/bofill-scheduling/SMT_random_LIA/ex26900_2600_100.smt2,sat,0.04583287239074707
/bofill-scheduling/SMT_random_LIA/ex8300_2600_100.smt2,unsat,0.04319262504577637
/bofill-scheduling/SMT_random_LIA/ex21900_2600_100.smt2,sat,0.05129718780517578
/bofill-scheduling/SMT_random_LIA/ex8600_2600_100.smt2,unsat,0.038755178451538086
/bofill-scheduling/SMT_random_LIA/ex9400_2600_100.smt2,unsat,0.0408017635345459
/bofill-scheduling/SMT_random_LIA/ex28200_2600_100.smt2,sat,0.047016143798828125
/bofill-scheduling/SMT_random_LIA/ex20000_2600_100.smt2,sat,0.06921863555908203
/bofill-scheduling/SMT_random_LIA/ex24100_2600_100.smt2,sat,0.04271340370178223
/bofill-scheduling/SMT_random_LIA/ex29400_2600_100.smt2,sat,0.04501080513000488
/bofill-scheduling/SMT_random_LIA/ex23800_2600_100.smt2,sat,0.05062556266784668
/bofill-scheduling/SMT_random_LIA/ex13800_2600_100.smt2,unsat,0.10540032386779785
/bofill-scheduling/SMT_random_LIA/ex26600_2600_100.smt2,sat,0.052893877029418945
/bofill-scheduling/SMT_random_LIA/ex26000_2600_100.smt2,sat,0.04919171333312988
/bofill-scheduling/SMT_random_LIA/ex9900_2600_100.smt2,unsat,0.04326057434082031
/bofill-scheduling/SMT_random_LIA/ex19500_2600_100.smt2,sat,0.23942828178405762
/bofill-scheduling/SMT_random_LIA/ex20500_2600_100.smt2,sat,0.06350994110107422
/bofill-scheduling/SMT_random_LIA/ex9200_2600_100.smt2,unsat,0.0438389778137207
/bofill-scheduling/SMT_random_LIA/ex24200_2600_100.smt2,sat,0.05291152000427246
/bofill-scheduling/SMT_random_LIA/ex5300_2600_100.smt2,unsat,0.042586565017700195
/bofill-scheduling/SMT_random_LIA/ex15200_2600_100.smt2,sat,0.48272109031677246
/bofill-scheduling/SMT_random_LIA/ex17800_2600_100.smt2,sat,0.09031319618225098
/bofill-scheduling/SMT_random_LIA/ex18400_2600_100.smt2,sat,0.19638442993164062
/bofill-scheduling/SMT_random_LIA/ex21000_2600_100.smt2,sat,0.04697680473327637
/bofill-scheduling/SMT_random_LIA/ex27100_2600_100.smt2,sat,0.04800271987915039
/bofill-scheduling/SMT_random_LIA/ex12700_2600_100.smt2,unsat,0.04656195640563965
/bofill-scheduling/SMT_random_LIA/ex29600_2600_100.smt2,sat,0.046877384185791016
/bofill-scheduling/SMT_random_LIA/ex17500_2600_100.smt2,sat,0.25443267822265625
/bofill-scheduling/SMT_random_LIA/ex28100_2600_100.smt2,sat,0.04532337188720703
/bofill-scheduling/SMT_random_LIA/ex11600_2600_100.smt2,unsat,0.042879343032836914
/bofill-scheduling/SMT_random_LIA/ex5600_2600_100.smt2,unsat,0.045607805252075195
/bofill-scheduling/SMT_random_LIA/ex19700_2600_100.smt2,sat,0.06629180908203125
/bofill-scheduling/SMT_random_LIA/ex29900_2600_100.smt2,sat,0.04716038703918457
/bofill-scheduling/SMT_random_LIA/ex24700_2600_100.smt2,sat,0.04712533950805664
/bofill-scheduling/SMT_random_LIA/ex11200_2600_100.smt2,unsat,0.03962111473083496
/bofill-scheduling/SMT_random_LIA/ex10000_2600_100.smt2,unsat,0.042157888412475586
/bofill-scheduling/SMT_random_LIA/ex7900_2600_100.smt2,unsat,0.04294586181640625
/bofill-scheduling/SMT_random_LIA/ex7000_2600_100.smt2,unsat,0.04283571243286133
/bofill-scheduling/SMT_random_LIA/ex14900_2600_100.smt2,sat,0.3893706798553467
/bofill-scheduling/SMT_random_LIA/ex5200_2600_100.smt2,unsat,0.04208874702453613
/bofill-scheduling/SMT_random_LIA/ex22600_2600_100.smt2,sat,0.04492354393005371
/bofill-scheduling/SMT_random_LIA/ex23600_2600_100.smt2,sat,0.04709744453430176
/bofill-scheduling/SMT_random_LIA/ex27200_2600_100.smt2,sat,0.04451894760131836
/bofill-scheduling/SMT_random_LIA/ex22800_2600_100.smt2,sat,0.046245574951171875
/bofill-scheduling/SMT_random_LIA/ex13500_2600_100.smt2,unsat,0.3205149173736572
/bofill-scheduling/SMT_random_LIA/ex15100_2600_100.smt2,sat,0.26865315437316895
/bofill-scheduling/SMT_random_LIA/ex9000_2600_100.smt2,unsat,0.042888641357421875
/bofill-scheduling/SMT_random_LIA/ex26500_2600_100.smt2,sat,0.049160003662109375
/bofill-scheduling/SMT_random_LIA/ex27500_2600_100.smt2,sat,0.04389548301696777
/bofill-scheduling/SMT_random_LIA/ex5000_2600_100.smt2,unsat,0.0457911491394043
/bofill-scheduling/SMT_random_LIA/ex14000_2600_100.smt2,unsat,0.10792851448059082
/bofill-scheduling/SMT_random_LIA/ex19000_2600_100.smt2,sat,0.3611726760864258
/bofill-scheduling/SMT_random_LIA/ex15500_2600_100.smt2,sat,0.37351250648498535
/bofill-scheduling/SMT_random_LIA/ex12500_2600_100.smt2,unsat,0.0385746955871582
/bofill-scheduling/SMT_random_LIA/ex18700_2600_100.smt2,sat,0.31392478942871094
/bofill-scheduling/SMT_random_LIA/ex8700_2600_100.smt2,unsat,0.04014229774475098
/bofill-scheduling/SMT_random_LIA/ex23400_2600_100.smt2,sat,0.04984855651855469
/bofill-scheduling/SMT_random_LIA/ex15400_2600_100.smt2,sat,0.2602839469909668
/bofill-scheduling/SMT_random_LIA/ex24900_2600_100.smt2,sat,0.047499895095825195
/bofill-scheduling/SMT_random_LIA/ex17900_2600_100.smt2,sat,0.24041008949279785
/bofill-scheduling/SMT_random_LIA/ex27400_2600_100.smt2,sat,0.04513835906982422
/bofill-scheduling/SMT_random_LIA/ex13100_2600_100.smt2,unsat,0.04420876502990723
/bofill-scheduling/SMT_random_LIA/ex22200_2600_100.smt2,sat,0.042572021484375
/bofill-scheduling/SMT_random_LIA/ex8000_2600_100.smt2,unsat,0.04122304916381836
/bofill-scheduling/SMT_random_LIA/ex10800_2600_100.smt2,unsat,0.047119855880737305
/bofill-scheduling/SMT_random_LIA/ex23900_2600_100.smt2,sat,0.04338192939758301
/bofill-scheduling/SMT_random_LIA/ex19800_2600_100.smt2,sat,0.22510647773742676
/bofill-scheduling/SMT_random_LIA/ex7800_2600_100.smt2,unsat,0.0453033447265625
/bofill-scheduling/SMT_random_LIA/ex16100_2600_100.smt2,sat,0.36986255645751953
/bofill-scheduling/SMT_random_LIA/ex19900_2600_100.smt2,sat,0.059761762619018555
/bofill-scheduling/SMT_random_LIA/ex26100_2600_100.smt2,sat,0.049329280853271484
/bofill-scheduling/SMT_random_LIA/ex28700_2600_100.smt2,sat,0.04566383361816406
/bofill-scheduling/SMT_random_LIA/ex23500_2600_100.smt2,sat,0.04510211944580078
/bofill-scheduling/SMT_random_LIA/ex15800_2600_100.smt2,sat,0.3380157947540283
/bofill-scheduling/SMT_random_LIA/ex6800_2600_100.smt2,unsat,0.03975534439086914
/bofill-scheduling/SMT_random_LIA/ex27700_2600_100.smt2,sat,0.04691433906555176
/bofill-scheduling/SMT_random_LIA/ex17300_2600_100.smt2,sat,0.07713460922241211
/bofill-scheduling/SMT_random_LIA/ex9800_2600_100.smt2,unsat,0.04158139228820801
/bofill-scheduling/SMT_random_LIA/ex27800_2600_100.smt2,sat,0.04503321647644043
/bofill-scheduling/SMT_random_LIA/ex6900_2600_100.smt2,unsat,0.043163299560546875
/bofill-scheduling/SMT_random_LIA/ex10900_2600_100.smt2,unsat,0.039586782455444336
/bofill-scheduling/SMT_random_LIA/ex7700_2600_100.smt2,unsat,0.03968310356140137
/bofill-scheduling/SMT_random_LIA/ex6100_2600_100.smt2,unsat,0.04023170471191406
/bofill-scheduling/SMT_random_LIA/ex25800_2600_100.smt2,sat,0.04846906661987305
/bofill-scheduling/SMT_random_LIA/ex27900_2600_100.smt2,sat,0.04481649398803711
/bofill-scheduling/SMT_random_LIA/ex6400_2600_100.smt2,unsat,0.039635658264160156
/bofill-scheduling/SMT_random_LIA/ex19400_2600_100.smt2,sat,0.22818756103515625
/bofill-scheduling/SMT_random_LIA/ex20300_2600_100.smt2,sat,0.22719764709472656
/bofill-scheduling/SMT_random_LIA/ex21200_2600_100.smt2,sat,0.05035662651062012
/bofill-scheduling/SMT_random_LIA/ex14100_2600_100.smt2,unsat,0.1142587661743164
/bofill-scheduling/SMT_random_LIA/ex13700_2600_100.smt2,unsat,0.2442164421081543
/bofill-scheduling/SMT_random_LIA/ex12800_2600_100.smt2,unsat,0.042675018310546875
/bofill-scheduling/SMT_random_LIA/ex25700_2600_100.smt2,sat,0.04733586311340332
/bofill-scheduling/SMT_random_LIA/ex7500_2600_100.smt2,unsat,0.039978742599487305
/bofill-scheduling/SMT_random_LIA/ex11900_2600_100.smt2,unsat,0.04085254669189453
/bofill-scheduling/SMT_random_LIA/ex25300_2600_100.smt2,sat,0.047885894775390625
/bofill-scheduling/SMT_random_LIA/ex28000_2600_100.smt2,sat,0.04793381690979004
/bofill-scheduling/SMT_random_LIA/ex20400_2600_100.smt2,sat,0.2842988967895508
/bofill-scheduling/SMT_random_LIA/ex21400_2600_100.smt2,sat,0.04583883285522461
/bofill-scheduling/SMT_random_LIA/ex25500_2600_100.smt2,sat,0.045495033264160156
/bofill-scheduling/SMT_random_LIA/ex13400_2600_100.smt2,unsat,0.09486174583435059
/bofill-scheduling/SMT_random_LIA/ex23300_2600_100.smt2,sat,0.04484963417053223
/bofill-scheduling/SMT_random_LIA/ex12600_2600_100.smt2,unsat,0.04182577133178711
/bofill-scheduling/SMT_random_LIA/ex22700_2600_100.smt2,sat,0.046738386154174805
/bofill-scheduling/SMT_random_LIA/ex17600_2600_100.smt2,sat,0.07296395301818848
/bofill-scheduling/SMT_random_LIA/ex11500_2600_100.smt2,unsat,0.04301643371582031
/bofill-scheduling/SMT_random_LIA/ex17100_2600_100.smt2,sat,0.29755187034606934
/bofill-scheduling/SMT_random_LIA/ex25200_2600_100.smt2,sat,0.04715991020202637
/bofill-scheduling/SMT_random_LIA/ex8200_2600_100.smt2,unsat,0.04503154754638672
/bofill-scheduling/SMT_random_LIA/ex14600_2600_100.smt2,sat,0.4874567985534668
/bofill-scheduling/SMT_random_LIA/ex28600_2600_100.smt2,sat,0.04799318313598633
/bofill-scheduling/SMT_random_LIA/ex21500_2600_100.smt2,sat,0.04451632499694824
/bofill-scheduling/SMT_random_LIA/ex25000_2600_100.smt2,sat,0.04617786407470703
/bofill-scheduling/SMT_random_LIA/ex24500_2600_100.smt2,sat,0.04953742027282715
/bofill-scheduling/SMT_random_LIA/ex11400_2600_100.smt2,unsat,0.04112696647644043
/bofill-scheduling/SMT_random_LIA/ex14700_2600_100.smt2,sat,0.5557413101196289
/bofill-scheduling/SMT_random_LIA/ex14400_2600_100.smt2,unsat,0.10228300094604492
/bofill-scheduling/SMT_random_LIA/ex20700_2600_100.smt2,sat,0.05764460563659668
/bofill-scheduling/SMT_random_LIA/ex18600_2600_100.smt2,sat,0.06450271606445312
/bofill-scheduling/SMT_random_LIA/ex24300_2600_100.smt2,sat,0.050345420837402344
/bofill-scheduling/SMT_random_LIA/ex14200_2600_100.smt2,unsat,0.0953974723815918
/bofill-scheduling/SMT_random_LIA/ex18800_2600_100.smt2,sat,0.22445058822631836
/bofill-scheduling/SMT_random_LIA/ex11300_2600_100.smt2,unsat,0.04027867317199707
/bofill-scheduling/SMT_random_LIA/ex5700_2600_100.smt2,unsat,0.04187273979187012
/bofill-scheduling/SMT_random_LIA/ex29200_2600_100.smt2,sat,0.04526376724243164
/bofill-scheduling/SMT_random_LIA/ex12300_2600_100.smt2,unsat,0.037957191467285156
/bofill-scheduling/SMT_random_LIA/ex15900_2600_100.smt2,sat,0.39099836349487305
/bofill-scheduling/SMT_random_LIA/ex6500_2600_100.smt2,unsat,0.04320883750915527
/bofill-scheduling/SMT_random_LIA/ex28500_2600_100.smt2,sat,0.04504847526550293
/bofill-scheduling/SMT_random_LIA/ex17400_2600_100.smt2,sat,0.24971461296081543
/bofill-scheduling/SMT_random_LIA/ex6200_2600_100.smt2,unsat,0.044977426528930664
/bofill-scheduling/SMT_random_LIA/ex24000_2600_100.smt2,sat,0.04755973815917969
/bofill-scheduling/SMT_random_LIA/ex5800_2600_100.smt2,unsat,0.044016122817993164
/bofill-scheduling/SMT_random_LIA/ex22900_2600_100.smt2,sat,0.04801797866821289
/bofill-scheduling/SMT_random_LIA/ex12000_2600_100.smt2,unsat,0.0415036678314209
/bofill-scheduling/SMT_random_LIA/ex13900_2600_100.smt2,unsat,0.30988001823425293
/bofill-scheduling/SMT_random_LIA/ex8400_2600_100.smt2,unsat,0.040424346923828125
/bofill-scheduling/SMT_random_LIA/ex20800_2600_100.smt2,sat,0.05768585205078125
/bofill-scheduling/SMT_random_LIA/ex11700_2600_100.smt2,unsat,0.038549184799194336
/bofill-scheduling/SMT_random_LIA/ex18900_2600_100.smt2,sat,0.23988127708435059
/bofill-scheduling/SMT_random_LIA/ex6700_2600_100.smt2,unsat,0.04100823402404785
/bofill-scheduling/SMT_random_LIA/ex21100_2600_100.smt2,sat,0.046044349670410156
/bofill-scheduling/SMT_random_LIA/ex8900_2600_100.smt2,unsat,0.043462514877319336
/bofill-scheduling/SMT_random_LIA/ex7400_2600_100.smt2,unsat,0.03939199447631836
/bofill-scheduling/SMT_real_LIA/ex9620_2400_100.smt2,sat,0.036458492279052734
/bofill-scheduling/SMT_real_LIA/ex6740_2400_100.smt2,sat,0.1468055248260498
/bofill-scheduling/SMT_real_LIA/ex8840_2400_100.smt2,sat,0.040079355239868164
/bofill-scheduling/SMT_real_LIA/ex8580_2400_100.smt2,sat,0.041805267333984375
/bofill-scheduling/SMT_real_LIA/ex3480_2400_100.smt2,unsat,0.03365826606750488
/bofill-scheduling/SMT_real_LIA/ex4900_2400_100.smt2,unsat,0.08967328071594238
/bofill-scheduling/SMT_real_LIA/ex8400_2400_100.smt2,sat,0.03863954544067383
/bofill-scheduling/SMT_real_LIA/ex3840_2400_100.smt2,unsat,0.0337672233581543
/bofill-scheduling/SMT_real_LIA/ex8420_2400_100.smt2,sat,0.044844627380371094
/bofill-scheduling/SMT_real_LIA/ex8120_2400_100.smt2,sat,0.04812026023864746
/bofill-scheduling/SMT_real_LIA/ex6980_2400_100.smt2,sat,0.052160024642944336
/bofill-scheduling/SMT_real_LIA/ex9480_2400_100.smt2,sat,0.03755640983581543
/bofill-scheduling/SMT_real_LIA/ex7040_2400_100.smt2,sat,0.10637760162353516
/bofill-scheduling/SMT_real_LIA/ex6860_2400_100.smt2,sat,0.0442814826965332
/bofill-scheduling/SMT_real_LIA/ex9920_2400_100.smt2,sat,0.03711438179016113
/bofill-scheduling/SMT_real_LIA/ex4220_2400_100.smt2,unsat,0.03261232376098633
/bofill-scheduling/SMT_real_LIA/ex2680_2400_100.smt2,unsat,0.03459811210632324
/bofill-scheduling/SMT_real_LIA/ex8380_2400_100.smt2,sat,0.0454707145690918
/bofill-scheduling/SMT_real_LIA/ex7240_2400_100.smt2,sat,0.11503171920776367
/bofill-scheduling/SMT_real_LIA/ex7080_2400_100.smt2,sat,0.12112092971801758
/bofill-scheduling/SMT_real_LIA/ex2400_2400_100.smt2,unsat,0.03867936134338379
/bofill-scheduling/SMT_real_LIA/ex4060_2400_100.smt2,unsat,0.0316312313079834
/bofill-scheduling/SMT_real_LIA/ex3100_2400_100.smt2,unsat,0.03307533264160156
/bofill-scheduling/SMT_real_LIA/ex6840_2400_100.smt2,sat,0.15550470352172852
/bofill-scheduling/SMT_real_LIA/ex3080_2400_100.smt2,unsat,0.03282523155212402
/bofill-scheduling/SMT_real_LIA/ex8460_2400_100.smt2,sat,0.040598154067993164
/bofill-scheduling/SMT_real_LIA/ex6440_2400_100.smt2,sat,0.16681861877441406
/bofill-scheduling/SMT_real_LIA/ex4020_2400_100.smt2,unsat,0.03391861915588379
/bofill-scheduling/SMT_real_LIA/ex2580_2400_100.smt2,unsat,0.03493952751159668
/bofill-scheduling/SMT_real_LIA/ex5080_2400_100.smt2,sat,4.022573232650757
/bofill-scheduling/SMT_real_LIA/ex5180_2400_100.smt2,sat,2.817577600479126
/bofill-scheduling/SMT_real_LIA/ex5560_2400_100.smt2,sat,0.5764904022216797
/bofill-scheduling/SMT_real_LIA/ex6140_2400_100.smt2,sat,0.05008196830749512
/bofill-scheduling/SMT_real_LIA/ex7440_2400_100.smt2,sat,0.1156926155090332
/bofill-scheduling/SMT_real_LIA/ex7940_2400_100.smt2,sat,0.04820084571838379
/bofill-scheduling/SMT_real_LIA/ex9120_2400_100.smt2,sat,0.036145687103271484
/bofill-scheduling/SMT_real_LIA/ex6200_2400_100.smt2,sat,0.1661982536315918
/bofill-scheduling/SMT_real_LIA/ex7700_2400_100.smt2,sat,0.11346840858459473
/bofill-scheduling/SMT_real_LIA/ex4660_2400_100.smt2,unsat,0.03281426429748535
/bofill-scheduling/SMT_real_LIA/ex5920_2400_100.smt2,sat,0.32725000381469727
/bofill-scheduling/SMT_real_LIA/ex2460_2400_100.smt2,unsat,0.03265023231506348
/bofill-scheduling/SMT_real_LIA/ex9540_2400_100.smt2,sat,0.03750324249267578
/bofill-scheduling/SMT_real_LIA/ex7100_2400_100.smt2,sat,0.11807799339294434
/bofill-scheduling/SMT_real_LIA/ex6700_2400_100.smt2,sat,0.12280416488647461
/bofill-scheduling/SMT_real_LIA/ex2480_2400_100.smt2,unsat,0.03732872009277344
/bofill-scheduling/SMT_real_LIA/ex4420_2400_100.smt2,unsat,0.03430008888244629
/bofill-scheduling/SMT_real_LIA/ex5720_2400_100.smt2,sat,0.3744170665740967
/bofill-scheduling/SMT_real_LIA/ex3920_2400_100.smt2,unsat,0.0329587459564209
/bofill-scheduling/SMT_real_LIA/ex9960_2400_100.smt2,sat,0.03800153732299805
/bofill-scheduling/SMT_real_LIA/ex5880_2400_100.smt2,sat,0.16520452499389648
/bofill-scheduling/SMT_real_LIA/ex6360_2400_100.smt2,sat,0.18932819366455078
/bofill-scheduling/SMT_real_LIA/ex5300_2400_100.smt2,sat,1.0628747940063477
/bofill-scheduling/SMT_real_LIA/ex3680_2400_100.smt2,unsat,0.03095245361328125
/bofill-scheduling/SMT_real_LIA/ex6300_2400_100.smt2,sat,0.1466841697692871
/bofill-scheduling/SMT_real_LIA/ex4100_2400_100.smt2,unsat,0.031096458435058594
/bofill-scheduling/SMT_real_LIA/ex8920_2400_100.smt2,sat,0.04117274284362793
/bofill-scheduling/SMT_real_LIA/ex8500_2400_100.smt2,sat,0.044127464294433594
/bofill-scheduling/SMT_real_LIA/ex3380_2400_100.smt2,unsat,0.03389167785644531
/bofill-scheduling/SMT_real_LIA/ex9040_2400_100.smt2,sat,0.03507733345031738
/bofill-scheduling/SMT_real_LIA/ex7400_2400_100.smt2,sat,0.1426410675048828
/bofill-scheduling/SMT_real_LIA/ex10000_2400_100.smt2,sat,0.03533291816711426
/bofill-scheduling/SMT_real_LIA/ex3620_2400_100.smt2,unsat,0.0315091609954834
/bofill-scheduling/SMT_real_LIA/ex4480_2400_100.smt2,unsat,0.03143048286437988
/bofill-scheduling/SMT_real_LIA/ex9000_2400_100.smt2,sat,0.039388418197631836
/bofill-scheduling/SMT_real_LIA/ex5380_2400_100.smt2,sat,1.4479374885559082
/bofill-scheduling/SMT_real_LIA/ex7640_2400_100.smt2,sat,0.13322854042053223
/bofill-scheduling/SMT_real_LIA/ex3900_2400_100.smt2,unsat,0.03284573554992676
/bofill-scheduling/SMT_real_LIA/ex2980_2400_100.smt2,unsat,0.032457828521728516
/bofill-scheduling/SMT_real_LIA/ex5700_2400_100.smt2,sat,0.543022632598877
/bofill-scheduling/SMT_real_LIA/ex9860_2400_100.smt2,sat,0.03567147254943848
/bofill-scheduling/SMT_real_LIA/ex7480_2400_100.smt2,sat,0.13737106323242188
/bofill-scheduling/SMT_real_LIA/ex8640_2400_100.smt2,sat,0.04331851005554199
/bofill-scheduling/SMT_real_LIA/ex8360_2400_100.smt2,sat,0.044116973876953125
/bofill-scheduling/SMT_real_LIA/ex6780_2400_100.smt2,sat,0.17194461822509766
/bofill-scheduling/SMT_real_LIA/ex7660_2400_100.smt2,sat,0.12442326545715332
/bofill-scheduling/SMT_real_LIA/ex7060_2400_100.smt2,sat,0.11007976531982422
/bofill-scheduling/SMT_real_LIA/ex5540_2400_100.smt2,sat,0.6042990684509277
/bofill-scheduling/SMT_real_LIA/ex4460_2400_100.smt2,unsat,0.034024953842163086
/bofill-scheduling/SMT_real_LIA/ex2800_2400_100.smt2,unsat,0.033925771713256836
/bofill-scheduling/SMT_real_LIA/ex7360_2400_100.smt2,sat,0.16976284980773926
/bofill-scheduling/SMT_real_LIA/ex2520_2400_100.smt2,unsat,0.0337529182434082
/bofill-scheduling/SMT_real_LIA/ex2720_2400_100.smt2,unsat,0.036374568939208984
/bofill-scheduling/SMT_real_LIA/ex9200_2400_100.smt2,sat,0.0379641056060791
/bofill-scheduling/SMT_real_LIA/ex3760_2400_100.smt2,unsat,0.03427720069885254
/bofill-scheduling/SMT_real_LIA/ex9020_2400_100.smt2,sat,0.0360722541809082
/bofill-scheduling/SMT_real_LIA/ex3660_2400_100.smt2,unsat,0.03412437438964844
/bofill-scheduling/SMT_real_LIA/ex3640_2400_100.smt2,unsat,0.03143930435180664
/bofill-scheduling/SMT_real_LIA/ex5520_2400_100.smt2,sat,0.6884841918945312
/bofill-scheduling/SMT_real_LIA/ex4800_2400_100.smt2,unsat,0.03300619125366211
/bofill-scheduling/SMT_real_LIA/ex4740_2400_100.smt2,unsat,0.03347969055175781
/bofill-scheduling/SMT_real_LIA/ex8560_2400_100.smt2,sat,0.04513263702392578
/bofill-scheduling/SMT_real_LIA/ex6760_2400_100.smt2,sat,0.19545912742614746
/bofill-scheduling/SMT_real_LIA/ex9600_2400_100.smt2,sat,0.03739595413208008
/bofill-scheduling/SMT_real_LIA/ex7020_2400_100.smt2,sat,0.14971303939819336
/bofill-scheduling/SMT_real_LIA/ex8140_2400_100.smt2,sat,0.04596209526062012
/bofill-scheduling/SMT_real_LIA/ex6880_2400_100.smt2,sat,0.04636740684509277
/bofill-scheduling/SMT_real_LIA/ex7980_2400_100.smt2,sat,0.04366159439086914
/bofill-scheduling/SMT_real_LIA/ex4880_2400_100.smt2,unsat,0.03786468505859375
/bofill-scheduling/SMT_real_LIA/ex6220_2400_100.smt2,sat,0.1708240509033203
/bofill-scheduling/SMT_real_LIA/ex5580_2400_100.smt2,sat,0.4149022102355957
/bofill-scheduling/SMT_real_LIA/ex9260_2400_100.smt2,sat,0.0360865592956543
/bofill-scheduling/SMT_real_LIA/ex3560_2400_100.smt2,unsat,0.0367281436920166
/bofill-scheduling/SMT_real_LIA/ex4320_2400_100.smt2,unsat,0.03213071823120117
/bofill-scheduling/SMT_real_LIA/ex9460_2400_100.smt2,sat,0.04142284393310547
/bofill-scheduling/SMT_real_LIA/ex4360_2400_100.smt2,unsat,0.03350019454956055
/bofill-scheduling/SMT_real_LIA/ex7880_2400_100.smt2,sat,0.11525177955627441
/bofill-scheduling/SMT_real_LIA/ex5820_2400_100.smt2,sat,0.35497045516967773
/bofill-scheduling/SMT_real_LIA/ex2380_2400_100.smt2,unsat,0.03376269340515137
/bofill-scheduling/SMT_real_LIA/ex8760_2400_100.smt2,sat,0.03953957557678223
/bofill-scheduling/SMT_real_LIA/ex5760_2400_100.smt2,sat,0.3671426773071289
/bofill-scheduling/SMT_real_LIA/ex4040_2400_100.smt2,unsat,0.032790184020996094
/bofill-scheduling/SMT_real_LIA/ex8100_2400_100.smt2,sat,0.04681134223937988
/bofill-scheduling/SMT_real_LIA/ex8860_2400_100.smt2,sat,0.03799557685852051
/bofill-scheduling/SMT_real_LIA/ex9560_2400_100.smt2,sat,0.039362430572509766
/bofill-scheduling/SMT_real_LIA/ex3460_2400_100.smt2,unsat,0.035056352615356445
/bofill-scheduling/SMT_real_LIA/ex9060_2400_100.smt2,sat,0.04023909568786621
/bofill-scheduling/SMT_real_LIA/ex5900_2400_100.smt2,sat,0.17536664009094238
/bofill-scheduling/SMT_real_LIA/ex6720_2400_100.smt2,sat,0.15505480766296387
/bofill-scheduling/SMT_real_LIA/ex6620_2400_100.smt2,sat,0.046340227127075195
/bofill-scheduling/SMT_real_LIA/ex9440_2400_100.smt2,sat,0.03783535957336426
/bofill-scheduling/SMT_real_LIA/ex4080_2400_100.smt2,unsat,0.03358721733093262
/bofill-scheduling/SMT_real_LIA/ex9380_2400_100.smt2,sat,0.03698897361755371
/bofill-scheduling/SMT_real_LIA/ex8220_2400_100.smt2,sat,0.04344820976257324
/bofill-scheduling/SMT_real_LIA/ex3780_2400_100.smt2,unsat,0.03292083740234375
/bofill-scheduling/SMT_real_LIA/ex9400_2400_100.smt2,sat,0.10371065139770508
/bofill-scheduling/SMT_real_LIA/ex8520_2400_100.smt2,sat,0.04266810417175293
/bofill-scheduling/SMT_real_LIA/ex9940_2400_100.smt2,sat,0.0361790657043457
/bofill-scheduling/SMT_real_LIA/ex9320_2400_100.smt2,sat,0.03480386734008789
/bofill-scheduling/SMT_real_LIA/ex9300_2400_100.smt2,sat,0.037245988845825195
/bofill-scheduling/SMT_real_LIA/ex5100_2400_100.smt2,sat,2.936133623123169
/bofill-scheduling/SMT_real_LIA/ex5020_2400_100.smt2,sat,53.82011675834656
/bofill-scheduling/SMT_real_LIA/ex5780_2400_100.smt2,sat,0.26360034942626953
/bofill-scheduling/SMT_real_LIA/ex2880_2400_100.smt2,unsat,0.03368067741394043
/bofill-scheduling/SMT_real_LIA/ex4700_2400_100.smt2,unsat,0.032828330993652344
/bofill-scheduling/SMT_real_LIA/ex3240_2400_100.smt2,unsat,0.032070159912109375
/bofill-scheduling/SMT_real_LIA/ex4920_2400_100.smt2,unsat,0.03861570358276367
/bofill-scheduling/SMT_real_LIA/ex3500_2400_100.smt2,unsat,0.03175091743469238
/bofill-scheduling/SMT_real_LIA/ex2820_2400_100.smt2,unsat,0.035077810287475586
/bofill-scheduling/SMT_real_LIA/ex3260_2400_100.smt2,unsat,0.03299427032470703
/bofill-scheduling/SMT_real_LIA/ex6260_2400_100.smt2,sat,0.058855533599853516
/bofill-scheduling/SMT_real_LIA/ex5860_2400_100.smt2,sat,0.41117119789123535
/bofill-scheduling/SMT_real_LIA/ex4560_2400_100.smt2,unsat,0.03365182876586914
/bofill-scheduling/SMT_real_LIA/ex8780_2400_100.smt2,sat,0.038956642150878906
/bofill-scheduling/SMT_real_LIA/ex3060_2400_100.smt2,unsat,0.02993917465209961
/bofill-scheduling/SMT_real_LIA/ex6660_2400_100.smt2,sat,0.2679927349090576
/bofill-scheduling/SMT_real_LIA/ex4960_2400_100.smt2,unsat,0.11979794502258301
/bofill-scheduling/SMT_real_LIA/ex6800_2400_100.smt2,sat,0.14206957817077637
/bofill-scheduling/SMT_real_LIA/ex7560_2400_100.smt2,sat,0.12816691398620605
/bofill-scheduling/SMT_real_LIA/ex4940_2400_100.smt2,unsat,0.10902237892150879
/bofill-scheduling/SMT_real_LIA/ex7260_2400_100.smt2,sat,0.12017154693603516
/bofill-scheduling/SMT_real_LIA/ex6160_2400_100.smt2,sat,0.17769718170166016
/bofill-scheduling/SMT_real_LIA/ex3980_2400_100.smt2,unsat,0.03321552276611328
/bofill-scheduling/SMT_real_LIA/ex6820_2400_100.smt2,sat,0.1380326747894287
/bofill-scheduling/SMT_real_LIA/ex8680_2400_100.smt2,sat,0.037621498107910156
/bofill-scheduling/SMT_real_LIA/ex5360_2400_100.smt2,sat,1.1805331707000732
/bofill-scheduling/SMT_real_LIA/ex8600_2400_100.smt2,sat,0.046163320541381836
/bofill-scheduling/SMT_real_LIA/ex7780_2400_100.smt2,sat,0.09843254089355469
/bofill-scheduling/SMT_real_LIA/ex3020_2400_100.smt2,unsat,0.033921241760253906
/bofill-scheduling/SMT_real_LIA/ex4400_2400_100.smt2,unsat,0.03630685806274414
/bofill-scheduling/SMT_real_LIA/ex6380_2400_100.smt2,sat,0.13800859451293945
/bofill-scheduling/SMT_real_LIA/ex7140_2400_100.smt2,sat,0.13621234893798828
/bofill-scheduling/SMT_real_LIA/ex3340_2400_100.smt2,unsat,0.03297996520996094
/bofill-scheduling/SMT_real_LIA/ex2700_2400_100.smt2,unsat,0.03222846984863281
/bofill-scheduling/SMT_real_LIA/ex8720_2400_100.smt2,sat,0.04123735427856445
/bofill-scheduling/SMT_real_LIA/ex9800_2400_100.smt2,sat,0.03627729415893555
/bofill-scheduling/SMT_real_LIA/ex2640_2400_100.smt2,unsat,0.032041311264038086
/bofill-scheduling/SMT_real_LIA/ex6480_2400_100.smt2,sat,0.05789327621459961
/bofill-scheduling/SMT_real_LIA/ex3700_2400_100.smt2,unsat,0.03516268730163574
/bofill-scheduling/SMT_real_LIA/ex6520_2400_100.smt2,sat,0.04844212532043457
/bofill-scheduling/SMT_real_LIA/ex7760_2400_100.smt2,sat,0.09374475479125977
/bofill-scheduling/SMT_real_LIA/ex8000_2400_100.smt2,sat,0.045594215393066406
/bofill-scheduling/SMT_real_LIA/ex8340_2400_100.smt2,sat,0.044617414474487305
/bofill-scheduling/SMT_real_LIA/ex4540_2400_100.smt2,unsat,0.0345606803894043
/bofill-scheduling/SMT_real_LIA/ex5500_2400_100.smt2,sat,0.43605995178222656
/bofill-scheduling/SMT_real_LIA/ex5480_2400_100.smt2,sat,0.39868855476379395
/bofill-scheduling/SMT_real_LIA/ex4240_2400_100.smt2,unsat,0.033699989318847656
/bofill-scheduling/SMT_real_LIA/ex7840_2400_100.smt2,sat,0.13755130767822266
/bofill-scheduling/SMT_real_LIA/ex2440_2400_100.smt2,unsat,0.03837180137634277
/bofill-scheduling/SMT_real_LIA/ex4680_2400_100.smt2,unsat,0.031493425369262695
/bofill-scheduling/SMT_real_LIA/ex3360_2400_100.smt2,unsat,0.03554368019104004
/bofill-scheduling/SMT_real_LIA/ex2540_2400_100.smt2,unsat,0.03119349479675293
/bofill-scheduling/SMT_real_LIA/ex2660_2400_100.smt2,unsat,0.031140565872192383
/bofill-scheduling/SMT_real_LIA/ex9980_2400_100.smt2,sat,0.03609633445739746
/bofill-scheduling/SMT_real_LIA/ex9740_2400_100.smt2,sat,0.03665900230407715
/bofill-scheduling/SMT_real_LIA/ex5980_2400_100.smt2,sat,0.184783935546875
/bofill-scheduling/SMT_real_LIA/ex9160_2400_100.smt2,sat,0.038953542709350586
/bofill-scheduling/SMT_real_LIA/ex5680_2400_100.smt2,sat,0.328524112701416
/bofill-scheduling/SMT_real_LIA/ex5440_2400_100.smt2,sat,0.698596715927124
/bofill-scheduling/SMT_real_LIA/ex6240_2400_100.smt2,sat,0.3151662349700928
/bofill-scheduling/SMT_real_LIA/ex9680_2400_100.smt2,sat,0.03818821907043457
/bofill-scheduling/SMT_real_LIA/ex4760_2400_100.smt2,unsat,0.03310585021972656
/bofill-scheduling/SMT_real_LIA/ex5160_2400_100.smt2,sat,2.4641737937927246
/bofill-scheduling/SMT_real_LIA/ex7720_2400_100.smt2,sat,0.12519288063049316
/bofill-scheduling/SMT_real_LIA/ex7300_2400_100.smt2,sat,0.11348891258239746
/bofill-scheduling/SMT_real_LIA/ex6420_2400_100.smt2,sat,0.16994071006774902
/bofill-scheduling/SMT_real_LIA/ex5940_2400_100.smt2,sat,0.27480363845825195
/bofill-scheduling/SMT_real_LIA/ex9340_2400_100.smt2,sat,0.038628339767456055
/bofill-scheduling/SMT_real_LIA/ex3000_2400_100.smt2,unsat,0.03279876708984375
/bofill-scheduling/SMT_real_LIA/ex5840_2400_100.smt2,sat,0.31157565116882324
/bofill-scheduling/SMT_real_LIA/ex4520_2400_100.smt2,unsat,0.03550553321838379
/bofill-scheduling/SMT_real_LIA/ex9180_2400_100.smt2,sat,0.035807132720947266
/bofill-scheduling/SMT_real_LIA/ex4300_2400_100.smt2,unsat,0.03249788284301758
/bofill-scheduling/SMT_real_LIA/ex9500_2400_100.smt2,sat,0.03873944282531738
/bofill-scheduling/SMT_real_LIA/ex8440_2400_100.smt2,sat,0.040251970291137695
/bofill-scheduling/SMT_real_LIA/ex6500_2400_100.smt2,sat,0.1753525733947754
/bofill-scheduling/SMT_real_LIA/ex8240_2400_100.smt2,sat,0.0417022705078125
/bofill-scheduling/SMT_real_LIA/ex3800_2400_100.smt2,unsat,0.03494119644165039
/bofill-scheduling/SMT_real_LIA/ex7280_2400_100.smt2,sat,0.10424423217773438
/bofill-scheduling/SMT_real_LIA/ex2280_2400_100.smt2,unsat,0.03187251091003418
/bofill-scheduling/SMT_real_LIA/ex8740_2400_100.smt2,sat,0.03673505783081055
/bofill-scheduling/SMT_real_LIA/ex6100_2400_100.smt2,sat,0.051364898681640625
/bofill-scheduling/SMT_real_LIA/ex8540_2400_100.smt2,sat,0.04374361038208008
/bofill-scheduling/SMT_real_LIA/ex8820_2400_100.smt2,sat,0.03951549530029297
/bofill-scheduling/SMT_real_LIA/ex3940_2400_100.smt2,unsat,0.03379106521606445
/bofill-scheduling/SMT_real_LIA/ex4640_2400_100.smt2,unsat,0.03038930892944336
/bofill-scheduling/SMT_real_LIA/ex3120_2400_100.smt2,unsat,0.03187704086303711
/bofill-scheduling/SMT_real_LIA/ex6000_2400_100.smt2,sat,0.36234045028686523
/bofill-scheduling/SMT_real_LIA/ex6120_2400_100.smt2,sat,0.15688562393188477
/bofill-scheduling/SMT_real_LIA/ex7380_2400_100.smt2,sat,0.13091230392456055
/bofill-scheduling/SMT_real_LIA/ex5400_2400_100.smt2,sat,0.4914829730987549
/bofill-scheduling/SMT_real_LIA/ex2780_2400_100.smt2,unsat,0.03379106521606445
/bofill-scheduling/SMT_real_LIA/ex4440_2400_100.smt2,unsat,0.031822919845581055
/bofill-scheduling/SMT_real_LIA/ex6580_2400_100.smt2,sat,0.12440657615661621
/bofill-scheduling/SMT_real_LIA/ex2060_2400_100.smt2,unsat,0.03302288055419922
/bofill-scheduling/SMT_real_LIA/ex6560_2400_100.smt2,sat,0.1427912712097168
/bofill-scheduling/SMT_real_LIA/ex7340_2400_100.smt2,sat,0.1720867156982422
/bofill-scheduling/SMT_real_LIA/ex5040_2400_100.smt2,sat,147.00635480880737
/bofill-scheduling/SMT_real_LIA/ex8940_2400_100.smt2,sat,0.03861856460571289
/bofill-scheduling/SMT_real_LIA/ex6020_2400_100.smt2,sat,0.3125333786010742
/bofill-scheduling/SMT_real_LIA/ex6900_2400_100.smt2,sat,0.1198880672454834
/bofill-scheduling/SMT_real_LIA/ex3540_2400_100.smt2,unsat,0.03381013870239258
/bofill-scheduling/SMT_real_LIA/ex8900_2400_100.smt2,sat,0.03991842269897461
/bofill-scheduling/SMT_real_LIA/ex9080_2400_100.smt2,sat,0.03642606735229492
/bofill-scheduling/SMT_real_LIA/ex7540_2400_100.smt2,sat,0.1226186752319336
/bofill-scheduling/SMT_real_LIA/ex9720_2400_100.smt2,sat,0.037897348403930664
/bofill-scheduling/SMT_real_LIA/ex5660_2400_100.smt2,sat,0.45652079582214355
/bofill-scheduling/SMT_real_LIA/ex7420_2400_100.smt2,sat,0.1165916919708252
/bofill-scheduling/SMT_real_LIA/ex2560_2400_100.smt2,unsat,0.0328974723815918
/bofill-scheduling/SMT_real_LIA/ex8480_2400_100.smt2,sat,0.041945695877075195
/bofill-scheduling/SMT_real_LIA/ex8160_2400_100.smt2,sat,0.04140472412109375
/bofill-scheduling/SMT_real_LIA/ex5600_2400_100.smt2,sat,0.5894925594329834
/bofill-scheduling/SMT_real_LIA/ex9660_2400_100.smt2,sat,0.036715030670166016
/bofill-scheduling/SMT_real_LIA/ex6060_2400_100.smt2,sat,0.17391228675842285
/bofill-scheduling/SMT_real_LIA/ex2960_2400_100.smt2,unsat,0.03271842002868652
/bofill-scheduling/SMT_real_LIA/ex7580_2400_100.smt2,sat,0.1257932186126709
/bofill-scheduling/SMT_real_LIA/ex5460_2400_100.smt2,sat,0.5448172092437744
/bofill-scheduling/SMT_real_LIA/ex5200_2400_100.smt2,sat,2.0306992530822754
/bofill-scheduling/SMT_real_LIA/ex8960_2400_100.smt2,sat,0.043093204498291016
/bofill-scheduling/SMT_real_LIA/ex3200_2400_100.smt2,unsat,0.0315396785736084
/bofill-scheduling/SMT_real_LIA/ex3820_2400_100.smt2,unsat,0.03161144256591797
/bofill-scheduling/SMT_real_LIA/ex2360_2400_100.smt2,unsat,0.036711931228637695
/bofill-scheduling/SMT_real_LIA/ex2620_2400_100.smt2,unsat,0.03152108192443848
/bofill-scheduling/SMT_real_LIA/ex4180_2400_100.smt2,unsat,0.03265523910522461
/bofill-scheduling/SMT_real_LIA/ex4620_2400_100.smt2,unsat,0.034301042556762695
/bofill-scheduling/SMT_real_LIA/ex4000_2400_100.smt2,unsat,0.03434896469116211
/bofill-scheduling/SMT_real_LIA/ex9100_2400_100.smt2,sat,0.037464141845703125
/bofill-scheduling/SMT_real_LIA/ex5620_2400_100.smt2,sat,0.5055744647979736
/bofill-scheduling/SMT_real_LIA/ex3960_2400_100.smt2,unsat,0.03516960144042969
/bofill-scheduling/SMT_real_LIA/ex7740_2400_100.smt2,sat,0.11950182914733887
/bofill-scheduling/SMT_real_LIA/ex5420_2400_100.smt2,sat,0.6361567974090576
/bofill-scheduling/SMT_real_LIA/ex4980_2400_100.smt2,unsat,0.1387171745300293
/bofill-scheduling/SMT_real_LIA/ex2740_2400_100.smt2,unsat,0.03362107276916504
/bofill-scheduling/SMT_real_LIA/ex9140_2400_100.smt2,sat,0.036917924880981445
/bofill-scheduling/SMT_real_LIA/ex3880_2400_100.smt2,unsat,0.03168988227844238
/bofill-scheduling/SMT_real_LIA/ex4260_2400_100.smt2,unsat,0.03206586837768555
/bofill-scheduling/SMT_real_LIA/ex2940_2400_100.smt2,unsat,0.03387904167175293
/bofill-scheduling/SMT_real_LIA/ex6080_2400_100.smt2,sat,0.22632098197937012
/bofill-scheduling/SMT_real_LIA/ex4860_2400_100.smt2,unsat,0.032401084899902344
/bofill-scheduling/SMT_real_LIA/ex5220_2400_100.smt2,sat,1.3572232723236084
/bofill-scheduling/SMT_real_LIA/ex3720_2400_100.smt2,unsat,0.03437447547912598
/bofill-scheduling/SMT_real_LIA/ex9360_2400_100.smt2,sat,0.03493046760559082
/bofill-scheduling/SMT_real_LIA/ex4160_2400_100.smt2,unsat,0.03255319595336914
/bofill-scheduling/SMT_real_LIA/ex7920_2400_100.smt2,sat,0.04442095756530762
/bofill-scheduling/SMT_real_LIA/ex2260_2400_100.smt2,unsat,0.0329136848449707
/bofill-scheduling/SMT_real_LIA/ex5140_2400_100.smt2,sat,25.01375389099121
/bofill-scheduling/SMT_real_LIA/ex3740_2400_100.smt2,unsat,0.03399395942687988
/bofill-scheduling/SMT_real_LIA/ex8660_2400_100.smt2,sat,0.04149484634399414
/bofill-scheduling/SMT_real_LIA/ex2120_2400_100.smt2,unsat,0.03460383415222168
/bofill-scheduling/SMT_real_LIA/ex2420_2400_100.smt2,unsat,0.0342557430267334
/bofill-scheduling/SMT_real_LIA/ex9520_2400_100.smt2,sat,0.035858869552612305
/bofill-scheduling/SMT_real_LIA/ex2200_2400_100.smt2,unsat,0.036571502685546875
/bofill-scheduling/SMT_real_LIA/ex9580_2400_100.smt2,sat,0.038573503494262695
/bofill-scheduling/SMT_real_LIA/ex7520_2400_100.smt2,sat,0.12382674217224121
/bofill-scheduling/SMT_real_LIA/ex8200_2400_100.smt2,sat,0.04158425331115723
/bofill-scheduling/SMT_real_LIA/ex6540_2400_100.smt2,sat,0.043514251708984375
/bofill-scheduling/SMT_real_LIA/ex2160_2400_100.smt2,unsat,0.03401970863342285
/bofill-scheduling/SMT_real_LIA/ex3180_2400_100.smt2,unsat,0.03213953971862793
/bofill-scheduling/SMT_real_LIA/ex2220_2400_100.smt2,unsat,0.032427072525024414
/bofill-scheduling/SMT_real_LIA/ex9420_2400_100.smt2,sat,0.038799285888671875
/bofill-scheduling/SMT_real_LIA/ex3040_2400_100.smt2,unsat,0.03480076789855957
/bofill-scheduling/SMT_real_LIA/ex7160_2400_100.smt2,sat,0.13559508323669434
/bofill-scheduling/SMT_real_LIA/ex2100_2400_100.smt2,unsat,0.036475419998168945
/bofill-scheduling/SMT_real_LIA/ex3600_2400_100.smt2,unsat,0.03238272666931152
/bofill-scheduling/SMT_real_LIA/ex6960_2400_100.smt2,sat,0.05428194999694824
/bofill-scheduling/SMT_real_LIA/ex9760_2400_100.smt2,sat,0.036562204360961914
/bofill-scheduling/SMT_real_LIA/ex7680_2400_100.smt2,sat,0.1236410140991211
/bofill-scheduling/SMT_real_LIA/ex5260_2400_100.smt2,sat,1.9148223400115967
/bofill-scheduling/SMT_real_LIA/ex4340_2400_100.smt2,unsat,0.03369474411010742
/bofill-scheduling/SMT_real_LIA/ex8700_2400_100.smt2,sat,0.03860878944396973
/bofill-scheduling/SMT_real_LIA/ex2300_2400_100.smt2,unsat,0.03376293182373047
/bofill-scheduling/SMT_real_LIA/ex2840_2400_100.smt2,unsat,0.03205561637878418
/bofill-scheduling/SMT_real_LIA/ex2040_2400_100.smt2,unsat,0.031587839126586914
/bofill-scheduling/SMT_real_LIA/ex5340_2400_100.smt2,sat,1.6946306228637695
/bofill-scheduling/SMT_real_LIA/ex9840_2400_100.smt2,sat,0.03780221939086914
/bofill-scheduling/SMT_real_LIA/ex9280_2400_100.smt2,sat,0.039780616760253906
/bofill-scheduling/SMT_real_LIA/ex2180_2400_100.smt2,unsat,0.03581547737121582
/bofill-scheduling/SMT_real_LIA/ex3860_2400_100.smt2,unsat,0.03399348258972168
/bofill-scheduling/SMT_real_LIA/ex6040_2400_100.smt2,sat,0.15079188346862793
/bofill-scheduling/SMT_real_LIA/ex7500_2400_100.smt2,sat,0.11646819114685059
/bofill-scheduling/SMT_real_LIA/ex9220_2400_100.smt2,sat,0.03958463668823242
/bofill-scheduling/SMT_real_LIA/ex9240_2400_100.smt2,sat,0.03761601448059082
/bofill-scheduling/SMT_real_LIA/ex3320_2400_100.smt2,unsat,0.03591656684875488
/bofill-scheduling/SMT_real_LIA/ex7220_2400_100.smt2,sat,0.1383976936340332
/bofill-scheduling/SMT_real_LIA/ex2920_2400_100.smt2,unsat,0.032453298568725586
/bofill-scheduling/SMT_real_LIA/ex6600_2400_100.smt2,sat,0.05183100700378418
/bofill-scheduling/SMT_real_LIA/ex7820_2400_100.smt2,sat,0.11718916893005371
/bofill-scheduling/SMT_real_LIA/ex9880_2400_100.smt2,sat,0.03423166275024414
/bofill-scheduling/SMT_real_LIA/ex3520_2400_100.smt2,unsat,0.03207731246948242
/bofill-scheduling/SMT_real_LIA/ex7800_2400_100.smt2,sat,0.09670352935791016
/bofill-scheduling/SMT_real_LIA/ex2140_2400_100.smt2,unsat,0.03220844268798828
/bofill-scheduling/SMT_real_LIA/ex5960_2400_100.smt2,sat,0.18076157569885254
/bofill-scheduling/SMT_real_LIA/ex7860_2400_100.smt2,sat,0.11152148246765137
/bofill-scheduling/SMT_real_LIA/ex8280_2400_100.smt2,sat,0.09921407699584961
/bofill-scheduling/SMT_real_LIA/ex6920_2400_100.smt2,sat,0.14231395721435547
/bofill-scheduling/SMT_real_LIA/ex5740_2400_100.smt2,sat,0.4889953136444092
/bofill-scheduling/SMT_real_LIA/ex6280_2400_100.smt2,sat,0.20138120651245117
/bofill-scheduling/SMT_real_LIA/ex6400_2400_100.smt2,sat,0.16087055206298828
/bofill-scheduling/SMT_real_LIA/ex6460_2400_100.smt2,sat,0.133056640625
/bofill-scheduling/SMT_real_LIA/ex7620_2400_100.smt2,sat,0.11468052864074707
/bofill-scheduling/SMT_real_LIA/ex7320_2400_100.smt2,sat,0.1409287452697754
/bofill-scheduling/SMT_real_LIA/ex8620_2400_100.smt2,sat,0.04194140434265137
/bofill-scheduling/SMT_real_LIA/ex7180_2400_100.smt2,sat,0.17323541641235352
/bofill-scheduling/SMT_real_LIA/ex8980_2400_100.smt2,sat,0.04216194152832031
/bofill-scheduling/SMT_real_LIA/ex7900_2400_100.smt2,sat,0.1321423053741455
/bofill-scheduling/SMT_real_LIA/ex8080_2400_100.smt2,sat,0.04686546325683594
/bofill-scheduling/SMT_real_LIA/ex5060_2400_100.smt2,sat,12.736331939697266
/bofill-scheduling/SMT_real_LIA/ex4780_2400_100.smt2,unsat,0.03268766403198242
/bofill-scheduling/SMT_real_LIA/ex4280_2400_100.smt2,unsat,0.032639265060424805
/bofill-scheduling/SMT_real_LIA/ex4140_2400_100.smt2,unsat,0.031859397888183594
/bofill-scheduling/SMT_real_LIA/ex2000_2400_100.smt2,unsat,0.0337064266204834
/bofill-scheduling/SMT_real_LIA/ex8040_2400_100.smt2,sat,0.047164201736450195
/bofill-scheduling/SMT_real_LIA/ex2320_2400_100.smt2,unsat,0.035445213317871094
/bofill-scheduling/SMT_real_LIA/ex2860_2400_100.smt2,unsat,0.0338594913482666
/bofill-scheduling/SMT_real_LIA/ex8180_2400_100.smt2,sat,0.039922237396240234
/bofill-scheduling/SMT_real_LIA/ex3300_2400_100.smt2,unsat,0.030400514602661133
/bofill-scheduling/SMT_real_LIA/ex2760_2400_100.smt2,unsat,0.0368657112121582
/bofill-scheduling/SMT_real_LIA/ex3420_2400_100.smt2,unsat,0.03404712677001953
/bofill-scheduling/SMT_real_LIA/ex4580_2400_100.smt2,unsat,0.030901670455932617
/bofill-scheduling/SMT_real_LIA/ex7200_2400_100.smt2,sat,0.13510394096374512
/bofill-scheduling/SMT_real_LIA/ex5120_2400_100.smt2,sat,27.130322217941284
/bofill-scheduling/SMT_real_LIA/ex8800_2400_100.smt2,sat,0.038973331451416016
/bofill-scheduling/SMT_real_LIA/ex2500_2400_100.smt2,unsat,0.03262019157409668
/bofill-scheduling/SMT_real_LIA/ex3400_2400_100.smt2,unsat,0.0369105339050293
/bofill-scheduling/SMT_real_LIA/ex3140_2400_100.smt2,unsat,0.032510995864868164
/bofill-scheduling/SMT_real_LIA/ex8260_2400_100.smt2,sat,0.09800982475280762
/bofill-scheduling/SMT_real_LIA/ex5640_2400_100.smt2,sat,0.5083103179931641
/bofill-scheduling/SMT_real_LIA/ex4500_2400_100.smt2,unsat,0.031409263610839844
/bofill-scheduling/SMT_real_LIA/ex3220_2400_100.smt2,unsat,0.03610849380493164
/bofill-scheduling/SMT_real_LIA/ex5240_2400_100.smt2,sat,1.701904058456421
/bofill-scheduling/SMT_real_LIA/ex8060_2400_100.smt2,sat,0.04593515396118164
/bofill-scheduling/SMT_real_LIA/ex8320_2400_100.smt2,sat,0.043535709381103516
/bofill-scheduling/SMT_real_LIA/ex6320_2400_100.smt2,sat,0.12634611129760742
/bofill-scheduling/SMT_real_LIA/ex8020_2400_100.smt2,sat,0.048015594482421875
/bofill-scheduling/SMT_real_LIA/ex4380_2400_100.smt2,unsat,0.033106327056884766
/bofill-scheduling/SMT_real_LIA/ex3440_2400_100.smt2,unsat,0.0337982177734375
/bofill-scheduling/SMT_real_LIA/ex5000_2400_100.smt2,sat,18.310258865356445
/bofill-scheduling/SMT_real_LIA/ex2900_2400_100.smt2,unsat,0.031934499740600586
/bofill-scheduling/SMT_real_LIA/ex5800_2400_100.smt2,sat,0.17637252807617188
/bofill-scheduling/SMT_real_LIA/ex7460_2400_100.smt2,sat,0.12431502342224121
/bofill-scheduling/SMT_real_LIA/ex6340_2400_100.smt2,sat,0.18212676048278809
/bofill-scheduling/SMT_real_LIA/ex7600_2400_100.smt2,sat,0.12512946128845215
/bofill-scheduling/SMT_real_LIA/ex4720_2400_100.smt2,unsat,0.03115534782409668
/bofill-scheduling/SMT_real_LIA/ex9820_2400_100.smt2,sat,0.03592681884765625
/bofill-scheduling/SMT_real_LIA/ex9640_2400_100.smt2,sat,0.03762245178222656
/bofill-scheduling/SMT_real_LIA/ex7120_2400_100.smt2,sat,0.11582183837890625
/bofill-scheduling/SMT_real_LIA/ex3580_2400_100.smt2,unsat,0.03335070610046387
/bofill-scheduling/SMT_real_LIA/ex3160_2400_100.smt2,unsat,0.03405308723449707
/bofill-scheduling/SMT_real_LIA/ex2080_2400_100.smt2,unsat,0.0305330753326416
/bofill-scheduling/SMT_real_LIA/ex2020_2400_100.smt2,unsat,0.03253602981567383
/bofill-scheduling/SMT_real_LIA/ex8880_2400_100.smt2,sat,0.03924989700317383
/bofill-scheduling/SMT_real_LIA/ex7000_2400_100.smt2,sat,0.14987778663635254
/bofill-scheduling/SMT_real_LIA/ex6940_2400_100.smt2,sat,0.16382145881652832
/bofill-scheduling/SMT_real_LIA/ex3280_2400_100.smt2,unsat,0.03189587593078613
/bofill-scheduling/SMT_real_LIA/ex2340_2400_100.smt2,unsat,0.0341181755065918
/bofill-scheduling/SMT_real_LIA/ex9780_2400_100.smt2,sat,0.03903341293334961
/bofill-scheduling/SMT_real_LIA/ex2600_2400_100.smt2,unsat,0.03089165687561035
/bofill-scheduling/SMT_real_LIA/ex9700_2400_100.smt2,sat,0.037448883056640625
/bofill-scheduling/SMT_real_LIA/ex8300_2400_100.smt2,sat,0.044351816177368164
/bofill-scheduling/SMT_real_LIA/ex7960_2400_100.smt2,sat,0.04656362533569336
/bofill-scheduling/SMT_real_LIA/ex4600_2400_100.smt2,unsat,0.03337430953979492
/bofill-scheduling/SMT_real_LIA/ex4120_2400_100.smt2,unsat,0.033516645431518555
/bofill-scheduling/SMT_real_LIA/ex4820_2400_100.smt2,unsat,0.03541898727416992
/bofill-scheduling/SMT_real_LIA/ex5280_2400_100.smt2,sat,1.7836589813232422
/bofill-scheduling/SMT_real_LIA/ex2240_2400_100.smt2,unsat,0.03155708312988281
/bofill-scheduling/SMT_real_LIA/ex9900_2400_100.smt2,sat,0.037509918212890625
/bofill-scheduling/SMT_real_LIA/ex6680_2400_100.smt2,sat,0.16112875938415527
/bofill-scheduling/SMT_real_LIA/ex4840_2400_100.smt2,unsat,0.03169965744018555
/bofill-scheduling/SMT_real_LIA/ex5320_2400_100.smt2,sat,1.5958232879638672
/bofill-scheduling/SMT_real_LIA/ex4200_2400_100.smt2,unsat,0.032697439193725586
/bofill-scheduling/SMT_real_LIA/ex6640_2400_100.smt2,sat,0.04769539833068848
/bofill-scheduling/SMT_real_LIA/ex6180_2400_100.smt2,sat,0.16296744346618652
