/wisa/wisa2.smt2,failed,1200.0
/wisa/wisa4.smt2,sat,0.1
/wisa/wisa1.smt2,sat,0.08
/wisa/wisa3.smt2,sat,0.17
/wisa/wisa5.smt2,unsat,0.5
/tropical-matrix/constraint-704423.smt2,sat,0.74
/tropical-matrix/constraint-1361831.smt2,sat,6.3
/tropical-matrix/constraint-705295.smt2,sat,1.25
/tropical-matrix/constraint-729964.smt2,sat,2.93
/tropical-matrix/constraint-651478.smt2,sat,1.5
/tropical-matrix/constraint-247831.smt2,sat,8.28
/tropical-matrix/constraint-526870.smt2,sat,1.16
/tropical-matrix/constraint-495763.smt2,sat,0.55
/tropical-matrix/constraint-1265513.smt2,sat,3.57
/tropical-matrix/constraint-1192684.smt2,sat,0.36
/tropical-matrix/constraint-649834.smt2,sat,0.93
/tropical-matrix/constraint-496502.smt2,sat,0.33
/tropical-matrix/constraint-794687.smt2,sat,2.12
/tropical-matrix/constraint-497601.smt2,sat,0.2
/tropical-matrix/constraint-1495125.smt2,sat,8.0
/tropical-matrix/constraint-369883.smt2,sat,2.84
/tropical-matrix/constraint-861420.smt2,sat,29.04
/tropical-matrix/constraint-1206577.smt2,sat,5.63
/tropical-matrix/constraint-255468.smt2,sat,0.28
/tropical-matrix/constraint-579281.smt2,sat,125.83
/tropical-matrix/constraint-321761.smt2,sat,20.79
/tropical-matrix/constraint-505409.smt2,sat,0.17
/tropical-matrix/constraint-373262.smt2,sat,167.63
/tropical-matrix/constraint-2783581.smt2,sat,61.8
/tropical-matrix/constraint-479884.smt2,sat,2.53
/tropical-matrix/constraint-413904.smt2,sat,0.72
/tropical-matrix/constraint-703279.smt2,sat,0.48
/tropical-matrix/constraint-1333327.smt2,sat,2.75
/tropical-matrix/constraint-2121292.smt2,sat,15.61
/tropical-matrix/constraint-496324.smt2,sat,4.25
/tropical-matrix/constraint-329386.smt2,sat,1.38
/tropical-matrix/constraint-917322.smt2,sat,1.97
/tropical-matrix/constraint-2085483.smt2,sat,9.03
/tropical-matrix/constraint-221609.smt2,sat,5.12
/tropical-matrix/constraint-916807.smt2,sat,0.31
/tropical-matrix/constraint-523123.smt2,sat,0.29
/tropical-matrix/constraint-3956027.smt2,sat,1078.69
/tropical-matrix/constraint-299856.smt2,sat,1.88
/tropical-matrix/constraint-1072007.smt2,sat,4.74
/tropical-matrix/constraint-390915.smt2,sat,0.19
/tropical-matrix/constraint-1317230.smt2,sat,4.3
/tropical-matrix/constraint-687179.smt2,sat,3.07
/tropical-matrix/constraint-1262176.smt2,sat,5.5
/tropical-matrix/constraint-735583.smt2,sat,751.51
/tropical-matrix/constraint-658040.smt2,sat,4.91
/tropical-matrix/constraint-495717.smt2,sat,2.02
/tropical-matrix/constraint-3427750.smt2,sat,48.7
/tropical-matrix/constraint-343499.smt2,sat,0.65
/tropical-matrix/constraint-3055292.smt2,sat,88.28
/tropical-matrix/constraint-851594.smt2,sat,25.61
/tropical-matrix/constraint-2876125.smt2,sat,1.96
/tropical-matrix/constraint-1915015.smt2,sat,8.99
/tropical-matrix/constraint-645855.smt2,sat,7.17
/tropical-matrix/constraint-740637.smt2,sat,258.18
/tropical-matrix/constraint-517804.smt2,sat,0.73
/tropical-matrix/constraint-394532.smt2,sat,24.49
/tropical-matrix/constraint-797738.smt2,sat,57.18
/tropical-matrix/constraint-603294.smt2,sat,72.05
/tropical-matrix/constraint-463860.smt2,sat,0.18
/tropical-matrix/constraint-178902.smt2,sat,5.85
/tropical-matrix/constraint-645054.smt2,sat,0.91
/tropical-matrix/constraint-556171.smt2,sat,103.49
/tropical-matrix/constraint-515686.smt2,sat,0.28
/tropical-matrix/constraint-737829.smt2,sat,6.86
/tropical-matrix/constraint-696340.smt2,sat,257.45
/tropical-matrix/constraint-1345233.smt2,sat,9.21
/tropical-matrix/constraint-2465898.smt2,sat,35.19
/tropical-matrix/constraint-2306960.smt2,sat,0.98
/tropical-matrix/constraint-2186643.smt2,sat,28.39
/tropical-matrix/constraint-4033959.smt2,sat,162.81
/tropical-matrix/constraint-244431.smt2,sat,0.91
/tropical-matrix/constraint-762853.smt2,sat,7.75
/tropical-matrix/constraint-901996.smt2,sat,3.5
/tropical-matrix/constraint-206132.smt2,sat,0.58
/tropical-matrix/constraint-187292.smt2,sat,0.32
/tropical-matrix/constraint-758897.smt2,sat,0.5
/tropical-matrix/constraint-269353.smt2,sat,6.85
/tropical-matrix/constraint-2061672.smt2,sat,58.71
/tropical-matrix/constraint-679470.smt2,sat,1.35
/tropical-matrix/constraint-1285151.smt2,sat,108.61
/tropical-matrix/constraint-1330141.smt2,sat,215.75
/tropical-matrix/constraint-1290859.smt2,sat,3.63
/tropical-matrix/constraint-1452366.smt2,sat,4.19
/tropical-matrix/constraint-1015084.smt2,sat,3.01
/tropical-matrix/constraint-170961.smt2,sat,0.06
/tropical-matrix/constraint-1791895.smt2,sat,6.61
/tropical-matrix/constraint-416752.smt2,sat,8.19
/tropical-matrix/constraint-1635444.smt2,sat,6.95
/tropical-matrix/constraint-527358.smt2,sat,0.92
/tropical-matrix/constraint-319990.smt2,sat,2.6
/tropical-matrix/constraint-989891.smt2,sat,61.34
/tropical-matrix/constraint-283008.smt2,sat,3.91
/tropical-matrix/constraint-1138192.smt2,sat,4.54
/tropical-matrix/constraint-278378.smt2,sat,0.77
/tropical-matrix/constraint-285271.smt2,sat,1.57
/tropical-matrix/constraint-715402.smt2,sat,272.13
/tropical-matrix/constraint-906586.smt2,sat,3.14
/tropical-matrix/constraint-983194.smt2,sat,24.18
/tropical-matrix/constraint-642278.smt2,sat,0.95
/tropical-matrix/constraint-396616.smt2,sat,0.23
/tropical-matrix/constraint-1270998.smt2,sat,2.99
/tropical-matrix/constraint-570196.smt2,sat,1.03
/tropical-matrix/constraint-1682901.smt2,sat,5.47
/tropical-matrix/constraint-368069.smt2,sat,4.53
/tropical-matrix/constraint-1908553.smt2,sat,8.41
/tropical-matrix/constraint-1270163.smt2,sat,2.68
/tropical-matrix/constraint-1268455.smt2,sat,1.27
/tropical-matrix/constraint-614657.smt2,sat,3.51
/arctic-matrix/constraint-1633815.smt2,sat,24.1
/arctic-matrix/constraint-906218.smt2,sat,2.13
/arctic-matrix/constraint-985918.smt2,failed,1200.0
/arctic-matrix/constraint-644686.smt2,sat,0.33
/arctic-matrix/constraint-551279.smt2,sat,8.27
/arctic-matrix/constraint-449698.smt2,sat,0.35
/arctic-matrix/constraint-655888.smt2,sat,1.82
/arctic-matrix/constraint-1008025.smt2,sat,3.93
/arctic-matrix/constraint-863289.smt2,sat,37.77
/arctic-matrix/constraint-1107622.smt2,sat,4.92
/arctic-matrix/constraint-1148089.smt2,sat,3.42
/arctic-matrix/constraint-518109.smt2,sat,2.77
/arctic-matrix/constraint-987361.smt2,sat,70.39
/arctic-matrix/constraint-618384.smt2,sat,4.13
/arctic-matrix/constraint-764693.smt2,sat,0.78
/arctic-matrix/constraint-928134.smt2,sat,2.68
/arctic-matrix/constraint-1060546.smt2,sat,21.6
/arctic-matrix/constraint-1576874.smt2,sat,123.3
/arctic-matrix/constraint-1686226.smt2,sat,119.92
/arctic-matrix/constraint-1365816.smt2,sat,6.09
/arctic-matrix/constraint-1491754.smt2,sat,57.83
/arctic-matrix/constraint-993227.smt2,sat,645.86
/arctic-matrix/constraint-1096871.smt2,sat,5.53
/arctic-matrix/constraint-478122.smt2,sat,3.27
/arctic-matrix/constraint-394240.smt2,sat,0.41
/arctic-matrix/constraint-777746.smt2,sat,48.02
/arctic-matrix/constraint-392137.smt2,sat,0.13
/arctic-matrix/constraint-415996.smt2,sat,1.69
/arctic-matrix/constraint-644402.smt2,sat,18.82
/arctic-matrix/constraint-267105.smt2,sat,3.64
/arctic-matrix/constraint-864173.smt2,sat,0.32
/arctic-matrix/constraint-873799.smt2,sat,50.19
/arctic-matrix/constraint-687518.smt2,sat,96.3
/arctic-matrix/constraint-1648145.smt2,sat,5.44
/arctic-matrix/constraint-1185949.smt2,sat,0.57
/arctic-matrix/constraint-1634698.smt2,sat,24.29
/arctic-matrix/constraint-772500.smt2,sat,1.82
/arctic-matrix/constraint-533042.smt2,sat,14.89
/arctic-matrix/constraint-1400961.smt2,sat,19.17
/arctic-matrix/constraint-1145584.smt2,sat,8.05
/arctic-matrix/constraint-2407640.smt2,sat,857.25
/arctic-matrix/constraint-1729671.smt2,sat,445.45
/arctic-matrix/constraint-1007795.smt2,sat,3.71
/arctic-matrix/constraint-506600.smt2,sat,17.35
/arctic-matrix/constraint-1275621.smt2,sat,1.88
/arctic-matrix/constraint-2580015.smt2,sat,23.42
/arctic-matrix/constraint-882710.smt2,sat,0.73
/arctic-matrix/constraint-1205831.smt2,sat,3.66
/arctic-matrix/constraint-689472.smt2,sat,1.56
/arctic-matrix/constraint-1546761.smt2,sat,16.09
/arctic-matrix/constraint-654327.smt2,sat,48.32
/arctic-matrix/constraint-1360077.smt2,sat,7.62
/arctic-matrix/constraint-649088.smt2,sat,1.56
/arctic-matrix/constraint-808692.smt2,sat,1.86
/arctic-matrix/constraint-902192.smt2,sat,116.2
/arctic-matrix/constraint-487307.smt2,sat,7.03
/arctic-matrix/constraint-928960.smt2,sat,6.39
/arctic-matrix/constraint-1228327.smt2,sat,23.52
/arctic-matrix/constraint-363570.smt2,sat,0.54
/arctic-matrix/constraint-365451.smt2,sat,0.44
/arctic-matrix/constraint-1765766.smt2,sat,15.87
/arctic-matrix/constraint-706002.smt2,sat,1.42
/arctic-matrix/constraint-1389427.smt2,sat,23.01
/arctic-matrix/constraint-1564491.smt2,sat,23.76
/arctic-matrix/constraint-472438.smt2,sat,0.65
/arctic-matrix/constraint-1317511.smt2,sat,4.01
/arctic-matrix/constraint-1065256.smt2,sat,34.67
/arctic-matrix/constraint-481231.smt2,sat,0.55
/arctic-matrix/constraint-943653.smt2,sat,5.4
/arctic-matrix/constraint-916576.smt2,sat,2.59
/arctic-matrix/constraint-394244.smt2,sat,0.48
/arctic-matrix/constraint-804609.smt2,sat,22.78
/arctic-matrix/constraint-2050620.smt2,sat,360.19
/arctic-matrix/constraint-336780.smt2,sat,0.1
/arctic-matrix/constraint-1000539.smt2,sat,6.05
/arctic-matrix/constraint-440125.smt2,sat,0.6
/arctic-matrix/constraint-3784100.smt2,sat,47.76
/arctic-matrix/constraint-2069156.smt2,sat,20.25
/arctic-matrix/constraint-605010.smt2,sat,2.05
/arctic-matrix/constraint-391798.smt2,sat,2.24
/arctic-matrix/constraint-765743.smt2,sat,74.92
/arctic-matrix/constraint-1727138.smt2,sat,14.11
/arctic-matrix/constraint-526410.smt2,sat,0.56
/arctic-matrix/constraint-2094073.smt2,sat,262.02
/arctic-matrix/constraint-3187060.smt2,failed,1200.0
/arctic-matrix/constraint-569261.smt2,sat,8.56
/arctic-matrix/constraint-1551672.smt2,sat,5.65
/arctic-matrix/constraint-379665.smt2,sat,0.14
/arctic-matrix/constraint-985518.smt2,sat,75.48
/arctic-matrix/constraint-904583.smt2,sat,28.96
/arctic-matrix/constraint-1121941.smt2,sat,2.03
/arctic-matrix/constraint-1545063.smt2,sat,9.63
/arctic-matrix/constraint-1657774.smt2,sat,15.97
/arctic-matrix/constraint-968440.smt2,sat,522.58
/arctic-matrix/constraint-357303.smt2,sat,3.82
/arctic-matrix/constraint-901628.smt2,sat,5.37
/arctic-matrix/constraint-408585.smt2,sat,2.92
/arctic-matrix/constraint-1122096.smt2,sat,59.6
/arctic-matrix/constraint-1199432.smt2,sat,360.8
/arctic-matrix/constraint-1472027.smt2,sat,14.98
/nec-smt/med/getoption_group/prp-25-41.smt2,sat,1.46
/nec-smt/med/getoption_group/prp-26-41.smt2,sat,1.42
/nec-smt/med/config_read_line/prp-0-49.smt2,unsat,1.46
/nec-smt/med/config_read_line/prp-0-48.smt2,unsat,1.12
/nec-smt/med/config_read_line/prp-2-46.smt2,unsat,1.19
/nec-smt/med/config_read_line/prp-4-48.smt2,unsat,1.25
/nec-smt/med/config_read_line/prp-1-48.smt2,sat,1.59
/nec-smt/med/config_read_line/prp-0-50.smt2,unsat,1.02
/nec-smt/med/config_read_line/prp-1-35.smt2,sat,0.37
/nec-smt/med/config_read_line/prp-5-46.smt2,unsat,1.13
/nec-smt/med/config_read_line/prp-0-47.smt2,unsat,1.11
/nec-smt/med/config_read_line/prp-3-49.smt2,sat,1.92
/nec-smt/med/config_read_line/prp-1-44.smt2,sat,1.18
/nec-smt/med/config_read_line/prp-2-47.smt2,unsat,1.15
/nec-smt/med/config_read_line/prp-4-49.smt2,unsat,1.38
/nec-smt/med/config_read_line/prp-3-46.smt2,sat,1.36
/nec-smt/med/config_read_line/prp-4-46.smt2,unsat,0.96
/nec-smt/med/config_read_line/prp-2-50.smt2,unsat,1.26
/nec-smt/med/config_read_line/prp-3-37.smt2,sat,0.47
/nec-smt/med/config_read_line/prp-5-49.smt2,unsat,1.16
/nec-smt/med/config_read_line/prp-2-49.smt2,unsat,1.36
/nec-smt/med/config_read_line/prp-5-47.smt2,unsat,0.92
/nec-smt/med/config_read_line/prp-4-47.smt2,unsat,0.88
/nec-smt/med/config_read_line/prp-0-46.smt2,unsat,0.98
/nec-smt/med/config_read_line/prp-2-48.smt2,unsat,1.25
/nec-smt/med/config_read_line/prp-3-45.smt2,sat,1.26
/nec-smt/med/config_read_line/prp-3-50.smt2,sat,2.11
/nec-smt/med/config_read_line/prp-5-50.smt2,unsat,1.25
/nec-smt/med/config_read_line/prp-5-48.smt2,unsat,0.98
/nec-smt/med/config_read_line/prp-4-50.smt2,unsat,1.34
/nec-smt/med/int_from_list/prp-23-35.smt2,unsat,2.97
/nec-smt/med/int_from_list/prp-29-30.smt2,unsat,0.45
/nec-smt/med/int_from_list/prp-38-32.smt2,unsat,1.0
/nec-smt/med/int_from_list/prp-9-28.smt2,unsat,0.24
/nec-smt/med/int_from_list/prp-32-36.smt2,sat,3.39
/nec-smt/med/int_from_list/prp-33-37.smt2,unsat,4.9
/nec-smt/med/int_from_list/prp-6-26.smt2,unsat,0.12
/nec-smt/med/int_from_list/prp-22-29.smt2,unsat,0.33
/nec-smt/med/int_from_list/prp-14-32.smt2,sat,0.72
/nec-smt/med/int_from_list/prp-27-39.smt2,unsat,8.98
/nec-smt/med/int_from_list/prp-42-39.smt2,unsat,8.33
/nec-smt/med/int_from_list/prp-10-31.smt2,unsat,0.71
/nec-smt/med/int_from_list/prp-16-25.smt2,unsat,0.09
/nec-smt/med/int_from_list/prp-27-38.smt2,unsat,7.21
/nec-smt/med/int_from_list/prp-10-27.smt2,unsat,0.16
/nec-smt/med/int_from_list/prp-24-39.smt2,unsat,9.9
/nec-smt/med/int_from_list/prp-41-37.smt2,unsat,4.71
/nec-smt/med/int_from_list/prp-14-33.smt2,unsat,1.39
/nec-smt/med/int_from_list/prp-29-28.smt2,unsat,0.24
/nec-smt/med/int_from_list/prp-30-31.smt2,unsat,0.7
/nec-smt/med/int_from_list/prp-10-28.smt2,sat,0.31
/nec-smt/med/int_from_list/prp-18-24.smt2,unsat,0.06
/nec-smt/med/int_from_list/prp-9-25.smt2,unsat,0.09
/nec-smt/med/int_from_list/prp-24-40.smt2,unsat,13.43
/nec-smt/med/int_from_list/prp-13-30.smt2,unsat,0.5
/nec-smt/med/int_from_list/prp-39-35.smt2,unsat,2.79
/nec-smt/med/int_from_list/prp-18-26.smt2,unsat,0.11
/nec-smt/med/int_from_list/prp-9-26.smt2,unsat,0.12
/nec-smt/med/int_from_list/prp-32-38.smt2,unsat,7.12
/nec-smt/med/int_from_list/prp-15-36.smt2,unsat,3.81
/nec-smt/med/int_from_list/prp-33-40.smt2,unsat,11.93
/nec-smt/med/int_from_list/prp-9-24.smt2,unsat,0.07
/nec-smt/med/int_from_list/prp-39-36.smt2,sat,2.56
/nec-smt/med/int_from_list/prp-27-40.smt2,unsat,13.91
/nec-smt/med/int_from_list/prp-38-33.smt2,unsat,1.47
/nec-smt/med/int_from_list/prp-23-34.smt2,unsat,2.03
/nec-smt/med/int_from_list/prp-6-25.smt2,unsat,0.09
/nec-smt/med/int_from_list/prp-19-29.smt2,unsat,0.33
/nec-smt/med/int_from_list/prp-33-39.smt2,unsat,9.1
/nec-smt/med/int_from_list/prp-10-29.smt2,unsat,0.37
/nec-smt/med/int_from_list/prp-6-24.smt2,sat,0.07
/nec-smt/med/int_from_list/prp-19-28.smt2,sat,0.3
/nec-smt/med/int_from_list/prp-31-34.smt2,unsat,1.9
/nec-smt/med/int_from_list/prp-15-35.smt2,unsat,3.17
/nec-smt/med/int_from_list/prp-13-31.smt2,unsat,0.71
/nec-smt/med/int_from_list/prp-25-36.smt2,unsat,3.89
/nec-smt/med/int_from_list/prp-38-35.smt2,unsat,2.75
/nec-smt/med/int_from_list/prp-30-32.smt2,sat,0.92
/nec-smt/med/int_from_list/prp-19-26.smt2,unsat,0.12
/nec-smt/med/int_from_list/prp-21-37.smt2,unsat,6.36
/nec-smt/med/int_from_list/prp-13-29.smt2,unsat,0.36
/nec-smt/med/int_from_list/prp-23-33.smt2,unsat,1.35
/nec-smt/med/int_from_list/prp-31-33.smt2,unsat,1.31
/nec-smt/med/int_from_list/prp-41-40.smt2,unsat,9.28
/nec-smt/med/int_from_list/prp-28-29.smt2,unsat,0.31
/nec-smt/med/int_from_list/prp-29-31.smt2,unsat,0.65
/nec-smt/med/int_from_list/prp-39-37.smt2,unsat,5.58
/nec-smt/med/int_from_list/prp-14-36.smt2,unsat,3.71
/nec-smt/med/int_from_list/prp-26-39.smt2,unsat,8.14
/nec-smt/med/int_from_list/prp-9-27.smt2,unsat,0.18
/nec-smt/med/int_from_list/prp-31-35.smt2,unsat,2.58
/nec-smt/med/int_from_list/prp-30-34.smt2,unsat,2.15
/nec-smt/med/int_from_list/prp-21-39.smt2,unsat,9.37
/nec-smt/med/int_from_list/prp-23-31.smt2,unsat,0.69
/nec-smt/med/int_from_list/prp-41-39.smt2,unsat,9.33
/nec-smt/med/int_from_list/prp-22-30.smt2,unsat,0.44
/nec-smt/med/int_from_list/prp-25-35.smt2,unsat,2.86
/nec-smt/med/int_from_list/prp-25-37.smt2,unsat,5.59
/nec-smt/med/int_from_list/prp-22-28.smt2,unsat,0.24
/nec-smt/med/int_from_list/prp-15-37.smt2,unsat,5.43
/nec-smt/med/int_from_list/prp-19-30.smt2,unsat,0.48
/nec-smt/med/int_from_list/prp-26-40.smt2,unsat,9.35
/nec-smt/med/int_from_list/prp-30-33.smt2,unsat,1.44
/nec-smt/med/int_from_list/prp-26-36.smt2,sat,3.39
/nec-smt/med/int_from_list/prp-18-25.smt2,unsat,0.08
/nec-smt/med/int_from_list/prp-32-35.smt2,unsat,2.43
/nec-smt/med/int_from_list/prp-33-38.smt2,unsat,7.21
/nec-smt/med/int_from_list/prp-39-34.smt2,unsat,1.94
/nec-smt/med/int_from_list/prp-15-34.smt2,unsat,2.17
/nec-smt/med/int_from_list/prp-21-38.smt2,unsat,6.91
/nec-smt/med/int_from_list/prp-31-36.smt2,unsat,3.2
/nec-smt/med/int_from_list/prp-26-38.smt2,unsat,7.52
/nec-smt/med/int_from_list/prp-14-34.smt2,unsat,2.07
/nec-smt/med/int_from_list/prp-25-34.smt2,unsat,1.86
/nec-smt/med/int_from_list/prp-41-38.smt2,unsat,6.67
/nec-smt/med/int_from_list/prp-15-38.smt2,unsat,6.33
/nec-smt/med/int_from_list/prp-31-32.smt2,unsat,0.97
/nec-smt/med/int_from_list/prp-18-27.smt2,unsat,0.16
/nec-smt/med/int_from_list/prp-28-27.smt2,unsat,0.16
/nec-smt/med/int_from_list/prp-42-40.smt2,sat,6.16
/nec-smt/med/int_from_list/prp-19-27.smt2,unsat,0.16
/nec-smt/med/int_from_list/prp-41-36.smt2,unsat,3.88
/nec-smt/med/int_from_list/prp-22-32.smt2,unsat,0.95
/nec-smt/med/int_from_list/prp-38-34.smt2,unsat,1.82
/nec-smt/med/int_from_list/prp-30-30.smt2,unsat,0.45
/nec-smt/med/int_from_list/prp-32-39.smt2,unsat,8.94
/nec-smt/med/int_from_list/prp-22-31.smt2,unsat,0.63
/nec-smt/med/int_from_list/prp-10-30.smt2,unsat,0.46
/nec-smt/med/int_from_list/prp-36-31.smt2,unsat,0.66
/nec-smt/med/int_from_list/prp-32-37.smt2,unsat,4.85
/nec-smt/med/int_from_list/prp-39-38.smt2,unsat,6.17
/nec-smt/med/int_from_list/prp-14-35.smt2,unsat,3.3
/nec-smt/med/int_from_list/prp-36-33.smt2,unsat,1.54
/nec-smt/med/int_from_list/prp-21-40.smt2,unsat,13.51
/nec-smt/med/int_from_list/prp-23-32.smt2,sat,0.77
/nec-smt/med/int_from_list/prp-13-32.smt2,unsat,1.0
/nec-smt/med/int_from_list/prp-25-33.smt2,unsat,1.25
/nec-smt/med/int_from_list/prp-34-40.smt2,sat,9.18
/nec-smt/med/int_from_list/prp-13-33.smt2,unsat,1.41
/nec-smt/med/int_from_list/prp-26-37.smt2,unsat,5.59
/nec-smt/med/int_from_list/prp-29-29.smt2,unsat,0.33
/nec-smt/med/mygetpwnam/prp-0-45.smt2,sat,6.73
/nec-smt/med/mygetpwnam/prp-1-46.smt2,sat,7.96
/nec-smt/med/checkpass_pwd/prp-17-30.smt2,sat,4.74
/nec-smt/med/checkpass_pwd/prp-20-33.smt2,sat,16.61
/nec-smt/med/checkpass_pwd/prp-3-26.smt2,sat,0.68
/nec-smt/med/checkpass_pwd/prp-7-28.smt2,sat,1.88
/nec-smt/med/checkpass_pwd/prp-14-27.smt2,unsat,2.78
/nec-smt/med/checkpass_pwd/prp-10-22.smt2,sat,0.33
/nec-smt/med/checkpass_pwd/prp-32-33.smt2,unsat,22.34
/nec-smt/med/checkpass_pwd/prp-4-20.smt2,sat,0.22
/nec-smt/med/checkpass_pwd/prp-17-31.smt2,sat,6.64
/nec-smt/med/checkpass_pwd/prp-4-23.smt2,sat,0.46
/nec-smt/med/checkpass_pwd/prp-21-28.smt2,sat,1.92
/nec-smt/med/checkpass_pwd/prp-7-24.smt2,sat,0.57
/nec-smt/med/checkpass_pwd/prp-8-19.smt2,sat,0.16
/nec-smt/med/checkpass_pwd/prp-25-31.smt2,sat,7.24
/nec-smt/med/checkpass_pwd/prp-28-30.smt2,unsat,7.4
/nec-smt/med/checkpass_pwd/prp-2-27.smt2,sat,0.87
/nec-smt/med/checkpass_pwd/prp-28-31.smt2,unsat,9.06
/nec-smt/med/checkpass_pwd/prp-5-19.smt2,sat,0.17
/nec-smt/med/checkpass_pwd/prp-8-30.smt2,sat,4.4
/nec-smt/med/checkpass_pwd/prp-4-27.smt2,sat,1.41
/nec-smt/med/checkpass_pwd/prp-8-27.smt2,sat,1.98
/nec-smt/med/checkpass_pwd/prp-22-29.smt2,unsat,6.27
/nec-smt/med/checkpass_pwd/prp-11-25.smt2,sat,0.92
/nec-smt/med/checkpass_pwd/prp-15-33.smt2,sat,4.71
/nec-smt/med/checkpass_pwd/prp-9-20.smt2,sat,0.22
/nec-smt/med/checkpass_pwd/prp-14-32.smt2,sat,16.1
/nec-smt/med/checkpass_pwd/prp-25-30.smt2,sat,5.59
/nec-smt/med/checkpass_pwd/prp-0-19.smt2,sat,0.18
/nec-smt/med/checkpass_pwd/prp-6-28.smt2,sat,0.91
/nec-smt/med/checkpass_pwd/prp-10-31.smt2,sat,3.75
/nec-smt/med/checkpass_pwd/prp-8-29.smt2,sat,3.09
/nec-smt/med/checkpass_pwd/prp-20-29.smt2,unsat,4.54
/nec-smt/med/checkpass_pwd/prp-3-27.smt2,unsat,2.96
/nec-smt/med/checkpass_pwd/prp-15-28.smt2,sat,1.74
/nec-smt/med/checkpass_pwd/prp-9-30.smt2,unsat,7.55
/nec-smt/med/checkpass_pwd/prp-0-25.smt2,unsat,1.45
/nec-smt/med/checkpass_pwd/prp-5-33.smt2,sat,5.9
/nec-smt/med/checkpass_pwd/prp-11-30.smt2,sat,2.8
/nec-smt/med/checkpass_pwd/prp-14-33.smt2,sat,24.46
/nec-smt/med/checkpass_pwd/prp-8-32.smt2,sat,6.51
/nec-smt/med/checkpass_pwd/prp-8-31.smt2,sat,4.67
/nec-smt/med/checkpass_pwd/prp-33-33.smt2,sat,13.86
/nec-smt/med/checkpass_pwd/prp-27-32.smt2,unsat,15.41
/nec-smt/med/checkpass_pwd/prp-29-32.smt2,unsat,17.82
/nec-smt/med/checkpass_pwd/prp-21-30.smt2,sat,4.37
/nec-smt/med/checkpass_pwd/prp-4-33.smt2,sat,7.55
/nec-smt/med/checkpass_pwd/prp-20-31.smt2,sat,9.01
/nec-smt/med/checkpass_pwd/prp-8-20.smt2,unsat,0.19
/nec-smt/med/checkpass_pwd/prp-30-31.smt2,unsat,11.54
/nec-smt/med/checkpass_pwd/prp-2-28.smt2,unsat,4.81
/nec-smt/med/checkpass_pwd/prp-26-32.smt2,sat,3.96
/nec-smt/med/checkpass_pwd/prp-12-24.smt2,sat,0.47
/nec-smt/med/checkpass_pwd/prp-27-33.smt2,sat,20.0
/nec-smt/med/checkpass_pwd/prp-24-31.smt2,sat,14.21
/nec-smt/med/checkpass_pwd/prp-5-21.smt2,sat,0.27
/nec-smt/med/checkpass_pwd/prp-8-21.smt2,sat,0.29
/nec-smt/med/checkpass_pwd/prp-0-26.smt2,sat,1.0
/nec-smt/med/checkpass_pwd/prp-10-26.smt2,sat,0.87
/nec-smt/med/checkpass_pwd/prp-17-28.smt2,sat,2.46
/nec-smt/med/checkpass_pwd/prp-5-27.smt2,sat,1.68
/nec-smt/med/checkpass_pwd/prp-13-26.smt2,sat,1.67
/nec-smt/med/checkpass_pwd/prp-13-30.smt2,sat,4.01
/nec-smt/med/checkpass_pwd/prp-3-29.smt2,unsat,5.22
/nec-smt/med/checkpass_pwd/prp-9-22.smt2,sat,0.33
/nec-smt/med/checkpass_pwd/prp-6-32.smt2,sat,2.84
/nec-smt/med/checkpass_pwd/prp-28-32.smt2,unsat,17.4
/nec-smt/med/checkpass_pwd/prp-33-32.smt2,unsat,11.64
/nec-smt/med/checkpass_pwd/prp-34-33.smt2,unsat,19.12
/nec-smt/med/checkpass_pwd/prp-5-22.smt2,sat,0.36
/nec-smt/med/checkpass_pwd/prp-7-25.smt2,sat,0.99
/nec-smt/med/checkpass_pwd/prp-19-32.smt2,sat,12.18
/nec-smt/med/checkpass_pwd/prp-21-32.smt2,sat,6.65
/nec-smt/med/checkpass_pwd/prp-4-19.smt2,sat,0.17
/nec-smt/med/checkpass_pwd/prp-4-29.smt2,sat,2.59
/nec-smt/med/checkpass_pwd/prp-18-29.smt2,sat,4.22
/nec-smt/med/checkpass_pwd/prp-4-32.smt2,sat,5.75
/nec-smt/med/checkpass_pwd/prp-2-25.smt2,sat,0.71
/nec-smt/med/checkpass_pwd/prp-16-29.smt2,sat,5.47
/nec-smt/med/checkpass_pwd/prp-27-30.smt2,unsat,7.7
/nec-smt/med/checkpass_pwd/prp-3-24.smt2,sat,0.46
/nec-smt/med/checkpass_pwd/prp-24-32.smt2,unsat,17.46
/nec-smt/med/checkpass_pwd/prp-22-33.smt2,sat,19.37
/nec-smt/med/checkpass_pwd/prp-7-33.smt2,sat,7.96
/nec-smt/med/checkpass_pwd/prp-8-25.smt2,sat,0.73
/nec-smt/med/checkpass_pwd/prp-19-31.smt2,sat,6.34
/nec-smt/med/checkpass_pwd/prp-7-19.smt2,sat,0.16
/nec-smt/med/checkpass_pwd/prp-24-29.smt2,unsat,6.23
/nec-smt/med/checkpass_pwd/prp-6-25.smt2,sat,0.52
/nec-smt/med/checkpass_pwd/prp-2-20.smt2,sat,0.21
/nec-smt/med/checkpass_pwd/prp-4-22.smt2,sat,0.35
/nec-smt/med/checkpass_pwd/prp-19-29.smt2,unsat,4.81
/nec-smt/med/checkpass_pwd/prp-26-30.smt2,sat,2.27
/nec-smt/med/checkpass_pwd/prp-16-30.smt2,sat,4.51
/nec-smt/med/checkpass_pwd/prp-10-29.smt2,sat,3.7
/nec-smt/med/checkpass_pwd/prp-23-29.smt2,sat,2.41
/nec-smt/med/checkpass_pwd/prp-19-28.smt2,sat,2.99
/nec-smt/med/checkpass_pwd/prp-18-30.smt2,sat,6.17
/nec-smt/med/checkpass_pwd/prp-1-24.smt2,unsat,1.0
/nec-smt/med/checkpass_pwd/prp-8-24.smt2,sat,0.54
/nec-smt/med/checkpass_pwd/prp-14-31.smt2,sat,7.68
/nec-smt/med/checkpass_pwd/prp-27-31.smt2,unsat,11.77
/nec-smt/med/checkpass_pwd/prp-10-32.smt2,unsat,13.27
/nec-smt/med/checkpass_pwd/prp-7-27.smt2,unsat,3.17
/nec-smt/med/checkpass_pwd/prp-10-24.smt2,sat,0.44
/nec-smt/med/checkpass_pwd/prp-13-31.smt2,sat,5.81
/nec-smt/med/checkpass_pwd/prp-11-32.smt2,sat,4.13
/nec-smt/med/checkpass_pwd/prp-30-32.smt2,sat,8.96
/nec-smt/med/checkpass_pwd/prp-20-28.smt2,sat,2.88
/nec-smt/med/checkpass_pwd/prp-8-26.smt2,sat,1.19
/nec-smt/med/checkpass_pwd/prp-13-29.smt2,sat,2.51
/nec-smt/med/checkpass_pwd/prp-16-32.smt2,sat,8.38
/nec-smt/med/checkpass_pwd/prp-10-33.smt2,sat,5.22
/nec-smt/med/checkpass_pwd/prp-23-33.smt2,sat,9.66
/nec-smt/med/checkpass_pwd/prp-3-19.smt2,sat,0.17
/nec-smt/med/checkpass_pwd/prp-2-26.smt2,unsat,2.11
/nec-smt/med/checkpass_pwd/prp-32-32.smt2,unsat,13.46
/nec-smt/med/checkpass_pwd/prp-29-31.smt2,unsat,11.17
/nec-smt/med/checkpass_pwd/prp-1-25.smt2,sat,0.46
/nec-smt/med/checkpass_pwd/prp-14-29.smt2,unsat,6.82
/nec-smt/med/checkpass_pwd/prp-5-28.smt2,sat,1.18
/nec-smt/med/checkpass_pwd/prp-18-33.smt2,sat,19.07
/nec-smt/med/checkpass_pwd/prp-29-33.smt2,sat,24.49
/nec-smt/med/checkpass_pwd/prp-16-33.smt2,sat,8.55
/nec-smt/med/checkpass_pwd/prp-6-29.smt2,sat,1.3
/nec-smt/med/checkpass_pwd/prp-6-20.smt2,sat,0.21
/nec-smt/med/checkpass_pwd/prp-9-27.smt2,sat,0.85
/nec-smt/med/checkpass_pwd/prp-14-25.smt2,unsat,1.44
/nec-smt/med/checkpass_pwd/prp-20-30.smt2,sat,6.91
/nec-smt/med/checkpass_pwd/prp-7-32.smt2,sat,5.51
/nec-smt/med/checkpass_pwd/prp-20-32.smt2,sat,9.52
/nec-smt/med/checkpass_pwd/prp-6-21.smt2,sat,0.25
/nec-smt/med/checkpass_pwd/prp-2-29.smt2,sat,1.82
/nec-smt/med/checkpass_pwd/prp-0-22.smt2,sat,0.3
/nec-smt/med/checkpass_pwd/prp-5-29.smt2,sat,2.65
/nec-smt/med/checkpass_pwd/prp-9-31.smt2,sat,3.31
/nec-smt/med/checkpass_pwd/prp-15-26.smt2,sat,0.7
/nec-smt/med/checkpass_pwd/prp-23-31.smt2,sat,3.45
/nec-smt/med/checkpass_pwd/prp-8-22.smt2,sat,0.38
/nec-smt/med/checkpass_pwd/prp-13-24.smt2,unsat,0.96
/nec-smt/med/checkpass_pwd/prp-22-30.smt2,unsat,8.47
/nec-smt/med/checkpass_pwd/prp-14-26.smt2,unsat,2.04
/nec-smt/med/checkpass_pwd/prp-18-28.smt2,sat,3.24
/nec-smt/med/checkpass_pwd/prp-22-28.smt2,unsat,4.48
/nec-smt/med/checkpass_pwd/prp-19-30.smt2,sat,5.84
/nec-smt/med/checkpass_pwd/prp-5-31.smt2,sat,3.76
/nec-smt/med/checkpass_pwd/prp-30-33.smt2,sat,16.94
/nec-smt/med/checkpass_pwd/prp-24-30.smt2,unsat,9.09
/nec-smt/med/checkpass_pwd/prp-7-30.smt2,sat,3.32
/nec-smt/med/checkpass_pwd/prp-4-28.smt2,sat,1.9
/nec-smt/med/checkpass_pwd/prp-12-31.smt2,sat,5.82
/nec-smt/med/checkpass_pwd/prp-2-23.smt2,sat,0.39
/nec-smt/med/checkpass_pwd/prp-17-26.smt2,sat,1.39
/nec-smt/med/checkpass_pwd/prp-1-21.smt2,sat,0.25
/nec-smt/med/checkpass_pwd/prp-8-23.smt2,sat,0.46
/nec-smt/med/checkpass_pwd/prp-8-33.smt2,sat,7.04
/nec-smt/med/checkpass_pwd/prp-5-30.smt2,sat,2.63
/nec-smt/med/checkpass_pwd/prp-26-33.smt2,sat,9.23
/nec-smt/med/checkpass_pwd/prp-17-33.smt2,sat,12.22
/nec-smt/med/checkpass_pwd/prp-13-27.smt2,sat,0.96
/nec-smt/med/checkpass_pwd/prp-11-33.smt2,unsat,21.64
/nec-smt/med/checkpass_pwd/prp-5-24.smt2,sat,0.53
/nec-smt/med/checkpass_pwd/prp-14-30.smt2,sat,6.56
/nec-smt/med/checkpass_pwd/prp-31-32.smt2,sat,2.32
/nec-smt/med/checkpass_pwd/prp-12-29.smt2,sat,1.25
/nec-smt/med/checkpass_pwd/prp-18-27.smt2,unsat,3.23
/nec-smt/med/checkpass_pwd/prp-3-28.smt2,sat,2.49
/nec-smt/med/checkpass_pwd/prp-3-21.smt2,sat,0.26
/nec-smt/med/checkpass_pwd/prp-24-33.smt2,sat,22.01
/nec-smt/med/checkpass_pwd/prp-4-31.smt2,sat,3.99
/nec-smt/med/checkpass_pwd/prp-12-27.smt2,sat,1.04
/nec-smt/med/checkpass_pwd/prp-19-27.smt2,unsat,2.74
/nec-smt/med/checkpass_pwd/prp-8-28.smt2,sat,1.68
/nec-smt/med/checkpass_pwd/prp-0-23.smt2,sat,0.37
/nec-smt/med/checkpass_pwd/prp-22-32.smt2,unsat,14.22
/nec-smt/med/checkpass_pwd/prp-7-26.smt2,sat,0.94
/nec-smt/med/checkpass_pwd/prp-18-31.smt2,sat,9.86
/nec-smt/med/checkpass_pwd/prp-12-26.smt2,sat,0.78
/nec-smt/med/checkpass_pwd/prp-5-25.smt2,sat,0.7
/nec-smt/med/checkpass_pwd/prp-7-21.smt2,sat,0.29
/nec-smt/med/checkpass_pwd/prp-22-31.smt2,sat,8.27
/nec-smt/med/checkpass_pwd/prp-18-32.smt2,sat,16.09
/nec-smt/med/checkpass_pwd/prp-13-28.smt2,sat,2.2
/nec-smt/med/checkpass_pwd/prp-5-26.smt2,sat,0.83
/nec-smt/med/checkpass_pwd/prp-11-23.smt2,sat,0.39
/nec-smt/med/checkpass_pwd/prp-13-25.smt2,sat,1.02
/nec-smt/med/checkpass_pwd/prp-16-31.smt2,sat,4.83
/nec-smt/med/checkpass_pwd/prp-7-23.smt2,sat,0.45
/nec-smt/med/checkpass_pwd/prp-7-29.smt2,sat,3.27
/nec-smt/med/checkpass_pwd/prp-4-26.smt2,sat,0.8
/nec-smt/med/checkpass_pwd/prp-6-31.smt2,unsat,11.23
/nec-smt/med/checkpass_pwd/prp-20-27.smt2,unsat,2.95
/nec-smt/med/checkpass_pwd/prp-16-26.smt2,sat,1.28
/nec-smt/med/checkpass_pwd/prp-3-30.smt2,sat,2.53
/nec-smt/med/checkpass_pwd/prp-5-20.smt2,sat,0.22
/nec-smt/med/checkpass_pwd/prp-7-31.smt2,sat,5.4
/nec-smt/med/checkpass_pwd/prp-5-32.smt2,sat,5.73
/nec-smt/med/checkpass_pwd/prp-14-28.smt2,sat,3.75
/nec-smt/med/checkpass_pwd/prp-19-33.smt2,sat,19.91
/nec-smt/med/checkpass_pwd/prp-28-33.smt2,sat,18.71
/nec-smt/med/checkpass_pwd/prp-4-21.smt2,sat,0.27
/nec-smt/med/checkpass_pwd/prp-13-32.smt2,sat,6.62
/nec-smt/med/checkpass_pwd/prp-25-32.smt2,sat,15.7
/nec-smt/med/checkpass_pwd/prp-25-33.smt2,sat,17.2
/nec-smt/med/checkpass_pwd/prp-11-27.smt2,sat,1.28
/nec-smt/med/checkpass_pwd/prp-6-23.smt2,sat,0.36
/nec-smt/med/checkpass_pwd/prp-17-32.smt2,sat,9.35
/nec-smt/med/checkpass_pwd/prp-13-33.smt2,sat,14.52
/nec-smt/med/checkpass_pwd/prp-16-28.smt2,sat,2.51
/nec-smt/med/checkpass_pwd/prp-4-30.smt2,sat,3.39
/nec-smt/med/checkpass_pwd/prp-17-29.smt2,sat,4.03
/nec-smt/med/checkpass_pwd/prp-4-24.smt2,sat,0.52
/nec-smt/med/checkpass_pwd/prp-7-22.smt2,sat,0.35
/nec-smt/med/checkpass_pwd/prp-7-20.smt2,unsat,0.17
/nec-smt/med/checkpass_pwd/prp-5-23.smt2,sat,0.43
/nec-smt/med/checkpass_pwd/prp-25-29.smt2,unsat,4.96
/nec-smt/med/print_file/prp-0-49.smt2,sat,0.96
/nec-smt/med/print_file/prp-1-49.smt2,sat,1.01
/nec-smt/med/print_file/prp-0-48.smt2,sat,0.78
/nec-smt/med/print_file/prp-1-48.smt2,sat,1.17
/nec-smt/med/print_file/prp-0-50.smt2,sat,1.11
/nec-smt/med/print_file/prp-1-50.smt2,sat,1.57
/nec-smt/small/config_read_line/prp-1-22.smt2,sat,0.02
/nec-smt/small/config_read_line/prp-1-31.smt2,sat,0.19
/nec-smt/small/int_from_list/prp-3-18.smt2,unsat,0.01
/nec-smt/small/int_from_list/prp-5-21.smt2,unsat,0.03
/nec-smt/small/int_from_list/prp-16-23.smt2,unsat,0.04
/nec-smt/small/int_from_list/prp-2-19.smt2,unsat,0.02
/nec-smt/small/int_from_list/prp-5-22.smt2,unsat,0.04
/nec-smt/small/int_from_list/prp-4-19.smt2,unsat,0.02
/nec-smt/small/int_from_list/prp-2-17.smt2,unsat,0.01
/nec-smt/small/int_from_list/prp-6-22.smt2,unsat,0.04
/nec-smt/small/int_from_list/prp-3-19.smt2,unsat,0.02
/nec-smt/small/int_from_list/prp-3-20.smt2,unsat,0.02
/nec-smt/small/int_from_list/prp-3-21.smt2,unsat,0.03
/nec-smt/small/int_from_list/prp-5-20.smt2,unsat,0.02
/nec-smt/small/int_from_list/prp-4-21.smt2,unsat,0.03
/nec-smt/small/int_from_list/prp-6-23.smt2,unsat,0.04
/nec-smt/small/int_from_list/prp-5-23.smt2,unsat,0.05
/nec-smt/small/checkpass_pwd/prp-1-16.smt2,sat,0.05
/nec-smt/small/checkpass_pwd/prp-6-18.smt2,sat,0.11
/nec-smt/small/checkpass_pwd/prp-4-17.smt2,sat,0.07
/nec-smt/small/checkpass_pwd/prp-0-12.smt2,sat,0.01
/nec-smt/small/checkpass_pwd/prp-2-18.smt2,sat,0.09
/nec-smt/small/checkpass_pwd/prp-3-17.smt2,sat,0.08
/nec-smt/small/checkpass_pwd/prp-0-14.smt2,sat,0.03
/nec-smt/small/checkpass_pwd/prp-0-15.smt2,sat,0.04
/nec-smt/small/checkpass_pwd/prp-1-14.smt2,sat,0.03
/nec-smt/small/checkpass_pwd/prp-7-18.smt2,unsat,0.09
/nec-smt/small/checkpass_pwd/prp-8-18.smt2,unsat,0.08
/nec-smt/small/checkpass_pwd/prp-2-16.smt2,sat,0.06
/nec-smt/small/checkpass_pwd/prp-5-17.smt2,sat,0.06
/nec-smt/small/checkpass_pwd/prp-0-17.smt2,sat,0.07
/nec-smt/small/print_file/prp-0-47.smt2,sat,0.73
/nec-smt/small/print_file/prp-1-46.smt2,sat,0.56
/nec-smt/small/print_file/prp-0-46.smt2,sat,0.68
/nec-smt/small/print_file/prp-1-47.smt2,sat,1.22
/nec-smt/large/getoption_directories/prp-11-48.smt2,unsat,215.72
/nec-smt/large/getoption_directories/prp-13-47.smt2,unsat,131.0
/nec-smt/large/getoption_directories/prp-10-46.smt2,unsat,134.07
/nec-smt/large/getoption_directories/prp-1-110.smt2,failed,1200.0
/nec-smt/large/getoption_directories/prp-7-50.smt2,unsat,300.03
/nec-smt/large/getoption_directories/prp-13-48.smt2,unsat,139.28
/nec-smt/large/getoption_directories/prp-9-47.smt2,sat,165.98
/nec-smt/large/getoption_directories/prp-12-46.smt2,unsat,116.98
/nec-smt/large/getoption_directories/prp-9-49.smt2,sat,298.61
/nec-smt/large/getoption_directories/prp-6-49.smt2,unsat,227.78
/nec-smt/large/getoption_directories/prp-4-111.smt2,failed,1200.0
/nec-smt/large/getoption_directories/prp-13-50.smt2,unsat,180.86
/nec-smt/large/getoption_directories/prp-11-46.smt2,unsat,137.29
/nec-smt/large/getoption_directories/prp-4-110.smt2,failed,1200.0
/nec-smt/large/getoption_directories/prp-1-109.smt2,failed,1200.0
/nec-smt/large/getoption_directories/prp-11-50.smt2,unsat,240.21
/nec-smt/large/getoption_directories/prp-2-111.smt2,failed,1200.0
/nec-smt/large/getoption_directories/prp-5-46.smt2,unsat,146.97
/nec-smt/large/getoption_directories/prp-0-113.smt2,failed,1200.0
/nec-smt/large/getoption_directories/prp-8-47.smt2,sat,186.03
/nec-smt/large/getoption_directories/prp-13-49.smt2,unsat,224.72
/nec-smt/large/getoption_directories/prp-6-50.smt2,unsat,281.1
/nec-smt/large/getoption_directories/prp-3-113.smt2,failed,1200.0
/nec-smt/large/getoption_directories/prp-13-46.smt2,unsat,144.29
/nec-smt/large/getoption_directories/prp-8-50.smt2,sat,282.64
/nec-smt/large/getoption_directories/prp-6-48.smt2,unsat,206.53
/nec-smt/large/getoption_directories/prp-9-46.smt2,sat,154.56
/nec-smt/large/getoption_directories/prp-7-48.smt2,unsat,190.27
/nec-smt/large/getoption_directories/prp-7-49.smt2,unsat,268.06
/nec-smt/large/getoption_directories/prp-1-112.smt2,failed,1200.0
/nec-smt/large/getoption_directories/prp-9-48.smt2,sat,204.24
/nec-smt/large/getoption_directories/prp-0-110.smt2,failed,1200.0
/nec-smt/large/getoption_directories/prp-11-47.smt2,unsat,211.72
/nec-smt/large/getoption_directories/prp-2-110.smt2,failed,1200.0
/nec-smt/large/getoption_directories/prp-3-112.smt2,failed,1200.0
/nec-smt/large/getoption_directories/prp-12-47.smt2,unsat,131.99
/nec-smt/large/getoption_directories/prp-5-49.smt2,unsat,63.76
/nec-smt/large/getoption_directories/prp-12-48.smt2,unsat,186.16
/nec-smt/large/getoption_directories/prp-7-47.smt2,unsat,186.06
/nec-smt/large/getoption_directories/prp-5-47.smt2,unsat,210.03
/nec-smt/large/getoption_directories/prp-10-48.smt2,unsat,205.76
/nec-smt/large/getoption_directories/prp-8-48.smt2,sat,191.19
/nec-smt/large/getoption_directories/prp-2-112.smt2,failed,1200.0
/nec-smt/large/getoption_directories/prp-4-112.smt2,failed,1200.0
/nec-smt/large/getoption_directories/prp-0-111.smt2,failed,1200.0
/nec-smt/large/getoption_directories/prp-3-111.smt2,failed,1200.0
/nec-smt/large/getoption_directories/prp-12-50.smt2,unsat,288.46
/nec-smt/large/getoption_directories/prp-8-46.smt2,sat,158.5
/nec-smt/large/getoption_directories/prp-10-47.smt2,unsat,166.83
/nec-smt/large/getoption_directories/prp-6-47.smt2,unsat,181.03
/nec-smt/large/getoption_directories/prp-10-50.smt2,unsat,328.79
/nec-smt/large/getoption_directories/prp-4-113.smt2,failed,1200.0
/nec-smt/large/getoption_directories/prp-7-46.smt2,unsat,145.87
/nec-smt/large/getoption_directories/prp-10-49.smt2,unsat,206.71
/nec-smt/large/getoption_directories/prp-12-49.smt2,unsat,189.55
/nec-smt/large/getoption_directories/prp-2-113.smt2,failed,1200.0
/nec-smt/large/getoption_directories/prp-9-50.smt2,sat,314.47
/nec-smt/large/getoption_directories/prp-6-46.smt2,unsat,173.58
/nec-smt/large/getoption_directories/prp-11-49.smt2,unsat,276.56
/nec-smt/large/getoption_directories/prp-5-50.smt2,unsat,249.62
/nec-smt/large/getoption_directories/prp-3-110.smt2,failed,1200.0
/nec-smt/large/getoption_directories/prp-1-111.smt2,failed,1200.0
/nec-smt/large/getoption_directories/prp-5-48.smt2,unsat,219.69
/nec-smt/large/getoption_directories/prp-0-112.smt2,failed,1200.0
/nec-smt/large/getoption_directories/prp-8-49.smt2,sat,225.06
/nec-smt/large/handler_sigchld/prp-3-48.smt2,unsat,14.28
/nec-smt/large/handler_sigchld/prp-16-50.smt2,unsat,20.64
/nec-smt/large/handler_sigchld/prp-11-48.smt2,unsat,9.32
/nec-smt/large/handler_sigchld/prp-0-49.smt2,unsat,11.21
/nec-smt/large/handler_sigchld/prp-1-49.smt2,unsat,20.07
/nec-smt/large/handler_sigchld/prp-13-47.smt2,unsat,10.66
/nec-smt/large/handler_sigchld/prp-10-46.smt2,unsat,7.59
/nec-smt/large/handler_sigchld/prp-25-48.smt2,unsat,13.48
/nec-smt/large/handler_sigchld/prp-7-50.smt2,unsat,19.97
/nec-smt/large/handler_sigchld/prp-0-48.smt2,unsat,9.03
/nec-smt/large/handler_sigchld/prp-13-48.smt2,unsat,13.65
/nec-smt/large/handler_sigchld/prp-25-49.smt2,unsat,15.82
/nec-smt/large/handler_sigchld/prp-25-46.smt2,unsat,7.34
/nec-smt/large/handler_sigchld/prp-22-50.smt2,unsat,18.68
/nec-smt/large/handler_sigchld/prp-9-47.smt2,sat,14.27
/nec-smt/large/handler_sigchld/prp-15-49.smt2,unsat,14.73
/nec-smt/large/handler_sigchld/prp-12-46.smt2,sat,10.0
/nec-smt/large/handler_sigchld/prp-9-49.smt2,unsat,21.42
/nec-smt/large/handler_sigchld/prp-6-49.smt2,unsat,19.93
/nec-smt/large/handler_sigchld/prp-20-48.smt2,unsat,10.84
/nec-smt/large/handler_sigchld/prp-2-46.smt2,sat,16.44
/nec-smt/large/handler_sigchld/prp-4-48.smt2,unsat,14.75
/nec-smt/large/handler_sigchld/prp-18-50.smt2,unsat,21.61
/nec-smt/large/handler_sigchld/prp-1-48.smt2,unsat,14.66
/nec-smt/large/handler_sigchld/prp-23-47.smt2,unsat,10.1
/nec-smt/large/handler_sigchld/prp-17-50.smt2,unsat,22.94
/nec-smt/large/handler_sigchld/prp-23-48.smt2,unsat,11.96
/nec-smt/large/handler_sigchld/prp-0-50.smt2,unsat,14.01
/nec-smt/large/handler_sigchld/prp-15-46.smt2,unsat,7.93
/nec-smt/large/handler_sigchld/prp-13-50.smt2,unsat,19.02
/nec-smt/large/handler_sigchld/prp-20-49.smt2,unsat,17.25
/nec-smt/large/handler_sigchld/prp-11-46.smt2,unsat,7.5
/nec-smt/large/handler_sigchld/prp-20-46.smt2,unsat,8.31
/nec-smt/large/handler_sigchld/prp-18-49.smt2,unsat,13.6
/nec-smt/large/handler_sigchld/prp-11-50.smt2,unsat,20.04
/nec-smt/large/handler_sigchld/prp-19-47.smt2,unsat,11.28
/nec-smt/large/handler_sigchld/prp-15-48.smt2,unsat,16.46
/nec-smt/large/handler_sigchld/prp-5-46.smt2,unsat,10.03
/nec-smt/large/handler_sigchld/prp-16-47.smt2,unsat,9.78
/nec-smt/large/handler_sigchld/prp-8-47.smt2,sat,17.05
/nec-smt/large/handler_sigchld/prp-0-47.smt2,unsat,6.24
/nec-smt/large/handler_sigchld/prp-13-49.smt2,unsat,18.29
/nec-smt/large/handler_sigchld/prp-6-50.smt2,unsat,22.5
/nec-smt/large/handler_sigchld/prp-13-46.smt2,unsat,7.88
/nec-smt/large/handler_sigchld/prp-22-46.smt2,unsat,8.85
/nec-smt/large/handler_sigchld/prp-18-48.smt2,unsat,12.02
/nec-smt/large/handler_sigchld/prp-18-47.smt2,unsat,8.37
/nec-smt/large/handler_sigchld/prp-19-46.smt2,unsat,7.64
/nec-smt/large/handler_sigchld/prp-15-50.smt2,unsat,17.84
/nec-smt/large/handler_sigchld/prp-23-50.smt2,unsat,19.23
/nec-smt/large/handler_sigchld/prp-3-49.smt2,unsat,16.4
/nec-smt/large/handler_sigchld/prp-8-50.smt2,sat,33.62
/nec-smt/large/handler_sigchld/prp-14-46.smt2,unsat,7.27
/nec-smt/large/handler_sigchld/prp-21-48.smt2,unsat,12.14
/nec-smt/large/handler_sigchld/prp-6-48.smt2,unsat,14.15
/nec-smt/large/handler_sigchld/prp-2-47.smt2,sat,19.84
/nec-smt/large/handler_sigchld/prp-9-46.smt2,sat,7.94
/nec-smt/large/handler_sigchld/prp-4-49.smt2,unsat,18.3
/nec-smt/large/handler_sigchld/prp-3-46.smt2,unsat,8.45
/nec-smt/large/handler_sigchld/prp-7-48.smt2,unsat,13.61
/nec-smt/large/handler_sigchld/prp-7-49.smt2,unsat,18.06
/nec-smt/large/handler_sigchld/prp-4-46.smt2,unsat,8.39
/nec-smt/large/handler_sigchld/prp-2-50.smt2,sat,57.25
/nec-smt/large/handler_sigchld/prp-9-48.smt2,sat,19.49
/nec-smt/large/handler_sigchld/prp-21-50.smt2,unsat,19.59
/nec-smt/large/handler_sigchld/prp-11-47.smt2,unsat,8.92
/nec-smt/large/handler_sigchld/prp-24-47.smt2,unsat,9.09
/nec-smt/large/handler_sigchld/prp-19-49.smt2,unsat,14.78
/nec-smt/large/handler_sigchld/prp-16-49.smt2,unsat,13.94
/nec-smt/large/handler_sigchld/prp-14-50.smt2,unsat,20.3
/nec-smt/large/handler_sigchld/prp-12-47.smt2,sat,16.47
/nec-smt/large/handler_sigchld/prp-20-47.smt2,unsat,11.84
/nec-smt/large/handler_sigchld/prp-24-50.smt2,unsat,19.41
/nec-smt/large/handler_sigchld/prp-5-49.smt2,unsat,17.63
/nec-smt/large/handler_sigchld/prp-12-48.smt2,unsat,12.94
/nec-smt/large/handler_sigchld/prp-7-47.smt2,unsat,11.7
/nec-smt/large/handler_sigchld/prp-23-49.smt2,unsat,17.2
/nec-smt/large/handler_sigchld/prp-23-46.smt2,unsat,6.71
/nec-smt/large/handler_sigchld/prp-2-49.smt2,unsat,14.83
/nec-smt/large/handler_sigchld/prp-24-48.smt2,unsat,12.51
/nec-smt/large/handler_sigchld/prp-5-47.smt2,unsat,11.77
/nec-smt/large/handler_sigchld/prp-1-50.smt2,unsat,26.09
/nec-smt/large/handler_sigchld/prp-10-48.smt2,unsat,13.2
/nec-smt/large/handler_sigchld/prp-25-47.smt2,unsat,8.26
/nec-smt/large/handler_sigchld/prp-21-49.smt2,unsat,14.05
/nec-smt/large/handler_sigchld/prp-16-46.smt2,unsat,7.98
/nec-smt/large/handler_sigchld/prp-8-48.smt2,unsat,12.18
/nec-smt/large/handler_sigchld/prp-19-50.smt2,unsat,18.61
/nec-smt/large/handler_sigchld/prp-1-46.smt2,unsat,10.47
/nec-smt/large/handler_sigchld/prp-21-47.smt2,unsat,9.73
/nec-smt/large/handler_sigchld/prp-19-48.smt2,unsat,12.35
/nec-smt/large/handler_sigchld/prp-16-48.smt2,unsat,13.36
/nec-smt/large/handler_sigchld/prp-18-46.smt2,unsat,8.87
/nec-smt/large/handler_sigchld/prp-4-47.smt2,unsat,11.69
/nec-smt/large/handler_sigchld/prp-0-46.smt2,unsat,3.52
/nec-smt/large/handler_sigchld/prp-24-49.smt2,unsat,14.22
/nec-smt/large/handler_sigchld/prp-24-46.smt2,unsat,8.19
/nec-smt/large/handler_sigchld/prp-14-47.smt2,unsat,9.61
/nec-smt/large/handler_sigchld/prp-12-50.smt2,unsat,22.51
/nec-smt/large/handler_sigchld/prp-2-48.smt2,unsat,10.89
/nec-smt/large/handler_sigchld/prp-17-47.smt2,unsat,8.44
/nec-smt/large/handler_sigchld/prp-8-46.smt2,sat,15.18
/nec-smt/large/handler_sigchld/prp-10-47.smt2,unsat,10.82
/nec-smt/large/handler_sigchld/prp-22-48.smt2,unsat,11.75
/nec-smt/large/handler_sigchld/prp-6-47.smt2,unsat,9.34
/nec-smt/large/handler_sigchld/prp-22-47.smt2,unsat,9.37
/nec-smt/large/handler_sigchld/prp-17-46.smt2,unsat,7.65
/nec-smt/large/handler_sigchld/prp-10-50.smt2,sat,36.3
/nec-smt/large/handler_sigchld/prp-3-47.smt2,unsat,10.16
/nec-smt/large/handler_sigchld/prp-7-46.smt2,unsat,7.41
/nec-smt/large/handler_sigchld/prp-14-48.smt2,unsat,12.72
/nec-smt/large/handler_sigchld/prp-17-48.smt2,unsat,11.3
/nec-smt/large/handler_sigchld/prp-10-49.smt2,sat,24.52
/nec-smt/large/handler_sigchld/prp-1-47.smt2,unsat,12.16
/nec-smt/large/handler_sigchld/prp-12-49.smt2,unsat,16.87
/nec-smt/large/handler_sigchld/prp-17-49.smt2,unsat,13.08
/nec-smt/large/handler_sigchld/prp-15-47.smt2,unsat,8.34
/nec-smt/large/handler_sigchld/prp-21-46.smt2,unsat,8.48
/nec-smt/large/handler_sigchld/prp-9-50.smt2,sat,36.41
/nec-smt/large/handler_sigchld/prp-6-46.smt2,unsat,8.37
/nec-smt/large/handler_sigchld/prp-25-50.smt2,unsat,20.75
/nec-smt/large/handler_sigchld/prp-11-49.smt2,unsat,18.63
/nec-smt/large/handler_sigchld/prp-3-50.smt2,unsat,18.82
/nec-smt/large/handler_sigchld/prp-14-49.smt2,unsat,13.91
/nec-smt/large/handler_sigchld/prp-22-49.smt2,unsat,13.56
/nec-smt/large/handler_sigchld/prp-5-50.smt2,unsat,18.82
/nec-smt/large/handler_sigchld/prp-20-50.smt2,unsat,18.65
/nec-smt/large/handler_sigchld/prp-5-48.smt2,unsat,14.78
/nec-smt/large/handler_sigchld/prp-4-50.smt2,unsat,22.03
/nec-smt/large/handler_sigchld/prp-8-49.smt2,sat,29.22
/nec-smt/large/getoption_group/prp-58-48.smt2,unsat,11.65
/nec-smt/large/getoption_group/prp-61-49.smt2,sat,33.33
/nec-smt/large/getoption_group/prp-3-48.smt2,sat,24.61
/nec-smt/large/getoption_group/prp-16-50.smt2,sat,248.45
/nec-smt/large/getoption_group/prp-58-50.smt2,unsat,21.64
/nec-smt/large/getoption_group/prp-11-48.smt2,sat,27.99
/nec-smt/large/getoption_group/prp-0-49.smt2,unsat,1.31
/nec-smt/large/getoption_group/prp-1-49.smt2,unsat,34.71
/nec-smt/large/getoption_group/prp-61-46.smt2,unsat,5.81
/nec-smt/large/getoption_group/prp-13-47.smt2,sat,22.98
/nec-smt/large/getoption_group/prp-33-47.smt2,sat,29.73
/nec-smt/large/getoption_group/prp-10-46.smt2,sat,21.82
/nec-smt/large/getoption_group/prp-33-46.smt2,unsat,12.41
/nec-smt/large/getoption_group/prp-25-48.smt2,unsat,26.24
/nec-smt/large/getoption_group/prp-7-50.smt2,sat,111.39
/nec-smt/large/getoption_group/prp-81-49.smt2,unsat,12.01
/nec-smt/large/getoption_group/prp-28-50.smt2,unsat,215.67
/nec-smt/large/getoption_group/prp-0-48.smt2,unsat,1.2
/nec-smt/large/getoption_group/prp-56-50.smt2,unsat,29.24
/nec-smt/large/getoption_group/prp-34-49.smt2,sat,94.51
/nec-smt/large/getoption_group/prp-13-48.smt2,sat,21.88
/nec-smt/large/getoption_group/prp-51-46.smt2,unsat,5.82
/nec-smt/large/getoption_group/prp-47-48.smt2,unsat,14.38
/nec-smt/large/getoption_group/prp-25-49.smt2,unsat,44.13
/nec-smt/large/getoption_group/prp-22-50.smt2,sat,117.11
/nec-smt/large/getoption_group/prp-63-48.smt2,unsat,21.95
/nec-smt/large/getoption_group/prp-9-47.smt2,sat,99.86
/nec-smt/large/getoption_group/prp-66-48.smt2,unsat,12.91
/nec-smt/large/getoption_group/prp-67-50.smt2,unsat,37.64
/nec-smt/large/getoption_group/prp-35-48.smt2,sat,45.57
/nec-smt/large/getoption_group/prp-49-46.smt2,unsat,7.07
/nec-smt/large/getoption_group/prp-54-49.smt2,unsat,18.47
/nec-smt/large/getoption_group/prp-43-47.smt2,unsat,13.84
/nec-smt/large/getoption_group/prp-28-49.smt2,unsat,100.43
/nec-smt/large/getoption_group/prp-65-49.smt2,unsat,17.56
/nec-smt/large/getoption_group/prp-72-50.smt2,unsat,26.8
/nec-smt/large/getoption_group/prp-15-49.smt2,sat,96.9
/nec-smt/large/getoption_group/prp-12-46.smt2,sat,10.16
/nec-smt/large/getoption_group/prp-9-49.smt2,sat,130.2
/nec-smt/large/getoption_group/prp-74-48.smt2,unsat,12.37
/nec-smt/large/getoption_group/prp-6-49.smt2,sat,67.56
/nec-smt/large/getoption_group/prp-33-48.smt2,sat,56.37
/nec-smt/large/getoption_group/prp-60-47.smt2,unsat,9.15
/nec-smt/large/getoption_group/prp-60-49.smt2,unsat,23.72
/nec-smt/large/getoption_group/prp-46-50.smt2,sat,113.91
/nec-smt/large/getoption_group/prp-59-47.smt2,unsat,9.3
/nec-smt/large/getoption_group/prp-71-50.smt2,unsat,27.23
/nec-smt/large/getoption_group/prp-20-48.smt2,sat,38.93
/nec-smt/large/getoption_group/prp-30-49.smt2,sat,32.66
/nec-smt/large/getoption_group/prp-2-46.smt2,sat,11.87
/nec-smt/large/getoption_group/prp-62-48.smt2,unsat,18.3
/nec-smt/large/getoption_group/prp-4-48.smt2,sat,30.21
/nec-smt/large/getoption_group/prp-70-49.smt2,unsat,15.34
/nec-smt/large/getoption_group/prp-36-48.smt2,sat,29.59
/nec-smt/large/getoption_group/prp-42-49.smt2,sat,86.9
/nec-smt/large/getoption_group/prp-56-46.smt2,unsat,6.55
/nec-smt/large/getoption_group/prp-59-50.smt2,unsat,23.92
/nec-smt/large/getoption_group/prp-78-50.smt2,unsat,24.8
/nec-smt/large/getoption_group/prp-34-45.smt2,sat,3.35
/nec-smt/large/getoption_group/prp-49-47.smt2,unsat,9.92
/nec-smt/large/getoption_group/prp-18-50.smt2,sat,189.61
/nec-smt/large/getoption_group/prp-31-49.smt2,sat,36.85
/nec-smt/large/getoption_group/prp-1-48.smt2,unsat,24.6
/nec-smt/large/getoption_group/prp-23-47.smt2,sat,32.07
/nec-smt/large/getoption_group/prp-63-50.smt2,unsat,27.75
/nec-smt/large/getoption_group/prp-17-50.smt2,sat,111.35
/nec-smt/large/getoption_group/prp-38-49.smt2,sat,29.81
/nec-smt/large/getoption_group/prp-39-50.smt2,unsat,36.61
/nec-smt/large/getoption_group/prp-23-48.smt2,sat,35.43
/nec-smt/large/getoption_group/prp-52-47.smt2,unsat,8.43
/nec-smt/large/getoption_group/prp-29-48.smt2,unsat,36.16
/nec-smt/large/getoption_group/prp-61-47.smt2,unsat,7.41
/nec-smt/large/getoption_group/prp-0-50.smt2,unsat,2.25
/nec-smt/large/getoption_group/prp-15-46.smt2,sat,7.56
/nec-smt/large/getoption_group/prp-30-50.smt2,sat,97.73
/nec-smt/large/getoption_group/prp-13-50.smt2,sat,170.79
/nec-smt/large/getoption_group/prp-20-49.smt2,sat,56.3
/nec-smt/large/getoption_group/prp-11-46.smt2,sat,8.84
/nec-smt/large/getoption_group/prp-20-46.smt2,sat,5.82
/nec-smt/large/getoption_group/prp-31-50.smt2,sat,241.94
/nec-smt/large/getoption_group/prp-18-49.smt2,sat,100.89
/nec-smt/large/getoption_group/prp-60-46.smt2,unsat,4.26
/nec-smt/large/getoption_group/prp-11-50.smt2,sat,169.66
/nec-smt/large/getoption_group/prp-28-43.smt2,sat,2.81
/nec-smt/large/getoption_group/prp-19-47.smt2,sat,24.32
/nec-smt/large/getoption_group/prp-40-50.smt2,sat,116.36
/nec-smt/large/getoption_group/prp-15-48.smt2,sat,26.35
/nec-smt/large/getoption_group/prp-42-50.smt2,sat,86.24
/nec-smt/large/getoption_group/prp-70-50.smt2,unsat,22.07
/nec-smt/large/getoption_group/prp-5-46.smt2,sat,24.31
/nec-smt/large/getoption_group/prp-81-50.smt2,unsat,37.21
/nec-smt/large/getoption_group/prp-72-49.smt2,unsat,10.82
/nec-smt/large/getoption_group/prp-16-47.smt2,sat,22.28
/nec-smt/large/getoption_group/prp-8-47.smt2,sat,12.7
/nec-smt/large/getoption_group/prp-0-47.smt2,unsat,1.28
/nec-smt/large/getoption_group/prp-36-45.smt2,sat,5.08
/nec-smt/large/getoption_group/prp-43-46.smt2,unsat,9.2
/nec-smt/large/getoption_group/prp-74-49.smt2,unsat,25.62
/nec-smt/large/getoption_group/prp-79-50.smt2,unsat,21.08
/nec-smt/large/getoption_group/prp-13-49.smt2,sat,129.15
/nec-smt/large/getoption_group/prp-6-50.smt2,sat,27.7
/nec-smt/large/getoption_group/prp-46-46.smt2,sat,10.06
/nec-smt/large/getoption_group/prp-46-49.smt2,sat,73.99
/nec-smt/large/getoption_group/prp-50-48.smt2,unsat,12.39
/nec-smt/large/getoption_group/prp-52-50.smt2,unsat,27.33
/nec-smt/large/getoption_group/prp-55-50.smt2,unsat,33.09
/nec-smt/large/getoption_group/prp-13-46.smt2,unsat,14.28
/nec-smt/large/getoption_group/prp-55-48.smt2,unsat,13.02
/nec-smt/large/getoption_group/prp-22-46.smt2,unsat,18.58
/nec-smt/large/getoption_group/prp-43-48.smt2,unsat,20.69
/nec-smt/large/getoption_group/prp-67-47.smt2,unsat,7.36
/nec-smt/large/getoption_group/prp-48-48.smt2,sat,34.17
/nec-smt/large/getoption_group/prp-80-50.smt2,unsat,24.9
/nec-smt/large/getoption_group/prp-18-48.smt2,sat,34.59
/nec-smt/large/getoption_group/prp-66-50.smt2,unsat,24.38
/nec-smt/large/getoption_group/prp-18-47.smt2,sat,28.19
/nec-smt/large/getoption_group/prp-44-47.smt2,unsat,12.63
/nec-smt/large/getoption_group/prp-62-50.smt2,unsat,33.65
/nec-smt/large/getoption_group/prp-19-46.smt2,sat,27.64
/nec-smt/large/getoption_group/prp-40-47.smt2,sat,17.68
/nec-smt/large/getoption_group/prp-15-50.smt2,sat,114.52
/nec-smt/large/getoption_group/prp-23-50.smt2,sat,258.88
/nec-smt/large/getoption_group/prp-39-48.smt2,sat,110.07
/nec-smt/large/getoption_group/prp-3-49.smt2,sat,221.03
/nec-smt/large/getoption_group/prp-54-46.smt2,unsat,4.45
/nec-smt/large/getoption_group/prp-53-48.smt2,unsat,15.36
/nec-smt/large/getoption_group/prp-8-50.smt2,failed,1200.0
/nec-smt/large/getoption_group/prp-14-46.smt2,sat,10.52
/nec-smt/large/getoption_group/prp-59-49.smt2,unsat,10.51
/nec-smt/large/getoption_group/prp-21-48.smt2,sat,32.9
/nec-smt/large/getoption_group/prp-26-50.smt2,unsat,190.91
/nec-smt/large/getoption_group/prp-52-46.smt2,unsat,6.74
/nec-smt/large/getoption_group/prp-65-50.smt2,unsat,25.98
/nec-smt/large/getoption_group/prp-29-43.smt2,sat,3.34
/nec-smt/large/getoption_group/prp-6-48.smt2,sat,39.54
/nec-smt/large/getoption_group/prp-36-49.smt2,sat,36.56
/nec-smt/large/getoption_group/prp-32-46.smt2,unsat,14.63
/nec-smt/large/getoption_group/prp-40-46.smt2,unsat,8.07
/nec-smt/large/getoption_group/prp-37-48.smt2,unsat,34.65
/nec-smt/large/getoption_group/prp-2-47.smt2,sat,21.73
/nec-smt/large/getoption_group/prp-9-46.smt2,sat,24.39
/nec-smt/large/getoption_group/prp-51-47.smt2,unsat,9.1
/nec-smt/large/getoption_group/prp-56-47.smt2,unsat,8.48
/nec-smt/large/getoption_group/prp-28-48.smt2,unsat,19.99
/nec-smt/large/getoption_group/prp-4-49.smt2,sat,108.43
/nec-smt/large/getoption_group/prp-3-46.smt2,sat,25.37
/nec-smt/large/getoption_group/prp-43-50.smt2,unsat,279.1
/nec-smt/large/getoption_group/prp-7-48.smt2,sat,38.34
/nec-smt/large/getoption_group/prp-7-49.smt2,sat,75.52
/nec-smt/large/getoption_group/prp-29-50.smt2,unsat,100.54
/nec-smt/large/getoption_group/prp-4-46.smt2,sat,22.83
/nec-smt/large/getoption_group/prp-37-50.smt2,sat,180.03
/nec-smt/large/getoption_group/prp-38-50.smt2,sat,166.72
/nec-smt/large/getoption_group/prp-54-50.smt2,unsat,37.79
/nec-smt/large/getoption_group/prp-36-47.smt2,sat,14.68
/nec-smt/large/getoption_group/prp-2-50.smt2,sat,137.35
/nec-smt/large/getoption_group/prp-71-49.smt2,unsat,21.86
/nec-smt/large/getoption_group/prp-9-48.smt2,sat,34.01
/nec-smt/large/getoption_group/prp-44-46.smt2,unsat,7.44
/nec-smt/large/getoption_group/prp-35-49.smt2,sat,110.82
/nec-smt/large/getoption_group/prp-48-50.smt2,sat,118.92
/nec-smt/large/getoption_group/prp-30-46.smt2,sat,10.7
/nec-smt/large/getoption_group/prp-53-46.smt2,unsat,5.93
/nec-smt/large/getoption_group/prp-42-47.smt2,sat,23.62
/nec-smt/large/getoption_group/prp-26-49.smt2,unsat,47.96
/nec-smt/large/getoption_group/prp-68-49.smt2,unsat,18.37
/nec-smt/large/getoption_group/prp-64-47.smt2,unsat,8.52
/nec-smt/large/getoption_group/prp-41-46.smt2,unsat,11.44
/nec-smt/large/getoption_group/prp-46-47.smt2,sat,20.8
/nec-smt/large/getoption_group/prp-62-47.smt2,unsat,11.02
/nec-smt/large/getoption_group/prp-21-50.smt2,sat,86.45
/nec-smt/large/getoption_group/prp-41-50.smt2,unsat,44.6
/nec-smt/large/getoption_group/prp-58-47.smt2,unsat,13.06
/nec-smt/large/getoption_group/prp-52-48.smt2,unsat,15.18
/nec-smt/large/getoption_group/prp-11-47.smt2,sat,27.23
/nec-smt/large/getoption_group/prp-55-46.smt2,unsat,6.78
/nec-smt/large/getoption_group/prp-27-48.smt2,unsat,111.02
/nec-smt/large/getoption_group/prp-33-50.smt2,sat,278.36
/nec-smt/large/getoption_group/prp-55-47.smt2,unsat,9.81
/nec-smt/large/getoption_group/prp-49-48.smt2,unsat,21.51
/nec-smt/large/getoption_group/prp-51-49.smt2,unsat,34.76
/nec-smt/large/getoption_group/prp-24-47.smt2,sat,31.91
/nec-smt/large/getoption_group/prp-50-49.smt2,unsat,24.37
/nec-smt/large/getoption_group/prp-38-48.smt2,unsat,27.61
/nec-smt/large/getoption_group/prp-19-49.smt2,sat,46.89
/nec-smt/large/getoption_group/prp-45-49.smt2,sat,73.3
/nec-smt/large/getoption_group/prp-16-49.smt2,sat,68.55
/nec-smt/large/getoption_group/prp-14-50.smt2,sat,174.72
/nec-smt/large/getoption_group/prp-53-49.smt2,unsat,16.24
/nec-smt/large/getoption_group/prp-39-46.smt2,sat,37.14
/nec-smt/large/getoption_group/prp-75-49.smt2,unsat,18.02
/nec-smt/large/getoption_group/prp-27-50.smt2,unsat,204.03
/nec-smt/large/getoption_group/prp-56-49.smt2,unsat,13.52
/nec-smt/large/getoption_group/prp-60-50.smt2,unsat,39.89
/nec-smt/large/getoption_group/prp-40-49.smt2,sat,39.97
/nec-smt/large/getoption_group/prp-35-47.smt2,sat,40.54
/nec-smt/large/getoption_group/prp-64-49.smt2,unsat,22.11
/nec-smt/large/getoption_group/prp-73-50.smt2,unsat,24.76
/nec-smt/large/getoption_group/prp-12-47.smt2,sat,28.93
/nec-smt/large/getoption_group/prp-66-49.smt2,unsat,20.54
/nec-smt/large/getoption_group/prp-20-47.smt2,sat,34.81
/nec-smt/large/getoption_group/prp-75-50.smt2,unsat,27.27
/nec-smt/large/getoption_group/prp-37-46.smt2,sat,28.19
/nec-smt/large/getoption_group/prp-56-48.smt2,unsat,19.48
/nec-smt/large/getoption_group/prp-24-50.smt2,sat,78.1
/nec-smt/large/getoption_group/prp-5-49.smt2,sat,29.08
/nec-smt/large/getoption_group/prp-12-48.smt2,sat,33.64
/nec-smt/large/getoption_group/prp-7-47.smt2,sat,14.95
/nec-smt/large/getoption_group/prp-31-47.smt2,sat,39.23
/nec-smt/large/getoption_group/prp-23-49.smt2,sat,75.76
/nec-smt/large/getoption_group/prp-63-49.smt2,unsat,14.79
/nec-smt/large/getoption_group/prp-42-46.smt2,sat,22.92
/nec-smt/large/getoption_group/prp-34-46.smt2,sat,12.74
/nec-smt/large/getoption_group/prp-30-48.smt2,sat,25.12
/nec-smt/large/getoption_group/prp-46-48.smt2,sat,39.71
/nec-smt/large/getoption_group/prp-23-46.smt2,unsat,11.15
/nec-smt/large/getoption_group/prp-51-50.smt2,unsat,23.45
/nec-smt/large/getoption_group/prp-27-46.smt2,sat,23.62
/nec-smt/large/getoption_group/prp-50-46.smt2,unsat,7.6
/nec-smt/large/getoption_group/prp-2-49.smt2,sat,129.86
/nec-smt/large/getoption_group/prp-24-48.smt2,sat,41.42
/nec-smt/large/getoption_group/prp-5-47.smt2,sat,22.95
/nec-smt/large/getoption_group/prp-75-48.smt2,unsat,10.77
/nec-smt/large/getoption_group/prp-1-50.smt2,sat,46.84
/nec-smt/large/getoption_group/prp-55-49.smt2,unsat,21.98
/nec-smt/large/getoption_group/prp-68-50.smt2,unsat,29.98
/nec-smt/large/getoption_group/prp-10-48.smt2,sat,34.61
/nec-smt/large/getoption_group/prp-25-47.smt2,unsat,25.87
/nec-smt/large/getoption_group/prp-21-49.smt2,sat,34.4
/nec-smt/large/getoption_group/prp-32-50.smt2,sat,131.14
/nec-smt/large/getoption_group/prp-67-48.smt2,unsat,20.92
/nec-smt/large/getoption_group/prp-16-46.smt2,sat,24.36
/nec-smt/large/getoption_group/prp-8-48.smt2,sat,72.26
/nec-smt/large/getoption_group/prp-57-47.smt2,unsat,11.82
/nec-smt/large/getoption_group/prp-19-50.smt2,sat,63.44
/nec-smt/large/getoption_group/prp-1-46.smt2,unsat,13.43
/nec-smt/large/getoption_group/prp-21-47.smt2,sat,29.64
/nec-smt/large/getoption_group/prp-47-50.smt2,sat,69.71
/nec-smt/large/getoption_group/prp-69-50.smt2,unsat,27.25
/nec-smt/large/getoption_group/prp-19-48.smt2,sat,34.81
/nec-smt/large/getoption_group/prp-41-48.smt2,sat,30.44
/nec-smt/large/getoption_group/prp-38-47.smt2,unsat,21.51
/nec-smt/large/getoption_group/prp-63-47.smt2,unsat,8.74
/nec-smt/large/getoption_group/prp-26-48.smt2,unsat,22.46
/nec-smt/large/getoption_group/prp-37-47.smt2,sat,29.24
/nec-smt/large/getoption_group/prp-39-49.smt2,sat,67.9
/nec-smt/large/getoption_group/prp-16-48.smt2,sat,28.64
/nec-smt/large/getoption_group/prp-64-50.smt2,unsat,25.22
/nec-smt/large/getoption_group/prp-47-46.smt2,unsat,5.11
/nec-smt/large/getoption_group/prp-37-49.smt2,sat,43.17
/nec-smt/large/getoption_group/prp-35-46.smt2,unsat,13.02
/nec-smt/large/getoption_group/prp-18-46.smt2,sat,11.34
/nec-smt/large/getoption_group/prp-76-50.smt2,unsat,39.44
/nec-smt/large/getoption_group/prp-4-47.smt2,sat,30.11
/nec-smt/large/getoption_group/prp-0-46.smt2,unsat,0.76
/nec-smt/large/getoption_group/prp-24-49.smt2,sat,129.7
/nec-smt/large/getoption_group/prp-45-50.smt2,sat,207.42
/nec-smt/large/getoption_group/prp-24-46.smt2,unsat,9.2
/nec-smt/large/getoption_group/prp-61-48.smt2,unsat,14.95
/nec-smt/large/getoption_group/prp-14-47.smt2,sat,24.42
/nec-smt/large/getoption_group/prp-33-49.smt2,sat,117.62
/nec-smt/large/getoption_group/prp-12-50.smt2,sat,95.21
/nec-smt/large/getoption_group/prp-48-46.smt2,unsat,8.56
/nec-smt/large/getoption_group/prp-2-48.smt2,sat,25.78
/nec-smt/large/getoption_group/prp-50-47.smt2,unsat,13.45
/nec-smt/large/getoption_group/prp-27-47.smt2,unsat,22.47
/nec-smt/large/getoption_group/prp-17-47.smt2,unsat,48.57
/nec-smt/large/getoption_group/prp-8-46.smt2,unsat,27.44
/nec-smt/large/getoption_group/prp-10-47.smt2,sat,13.65
/nec-smt/large/getoption_group/prp-22-48.smt2,unsat,34.27
/nec-smt/large/getoption_group/prp-6-47.smt2,sat,23.77
/nec-smt/large/getoption_group/prp-57-49.smt2,unsat,25.86
/nec-smt/large/getoption_group/prp-32-47.smt2,sat,64.85
/nec-smt/large/getoption_group/prp-22-47.smt2,unsat,35.78
/nec-smt/large/getoption_group/prp-61-50.smt2,sat,78.94
/nec-smt/large/getoption_group/prp-48-49.smt2,sat,98.12
/nec-smt/large/getoption_group/prp-47-47.smt2,unsat,8.68
/nec-smt/large/getoption_group/prp-47-49.smt2,sat,30.08
/nec-smt/large/getoption_group/prp-32-49.smt2,sat,117.93
/nec-smt/large/getoption_group/prp-58-49.smt2,unsat,20.62
/nec-smt/large/getoption_group/prp-17-46.smt2,unsat,29.97
/nec-smt/large/getoption_group/prp-10-50.smt2,failed,1200.0
/nec-smt/large/getoption_group/prp-28-42.smt2,sat,1.86
/nec-smt/large/getoption_group/prp-58-46.smt2,unsat,7.14
/nec-smt/large/getoption_group/prp-41-47.smt2,unsat,12.11
/nec-smt/large/getoption_group/prp-65-48.smt2,unsat,12.34
/nec-smt/large/getoption_group/prp-49-49.smt2,unsat,30.1
/nec-smt/large/getoption_group/prp-3-47.smt2,sat,29.57
/nec-smt/large/getoption_group/prp-7-46.smt2,sat,22.08
/nec-smt/large/getoption_group/prp-14-48.smt2,sat,25.14
/nec-smt/large/getoption_group/prp-45-46.smt2,unsat,8.13
/nec-smt/large/getoption_group/prp-32-48.smt2,sat,52.66
/nec-smt/large/getoption_group/prp-31-46.smt2,sat,26.19
/nec-smt/large/getoption_group/prp-54-47.smt2,unsat,7.39
/nec-smt/large/getoption_group/prp-17-48.smt2,sat,91.07
/nec-smt/large/getoption_group/prp-36-46.smt2,sat,7.24
/nec-smt/large/getoption_group/prp-45-48.smt2,sat,39.87
/nec-smt/large/getoption_group/prp-52-49.smt2,unsat,15.21
/nec-smt/large/getoption_group/prp-10-49.smt2,sat,51.69
/nec-smt/large/getoption_group/prp-1-47.smt2,unsat,18.35
/nec-smt/large/getoption_group/prp-12-49.smt2,sat,57.0
/nec-smt/large/getoption_group/prp-57-46.smt2,unsat,6.21
/nec-smt/large/getoption_group/prp-51-48.smt2,unsat,19.81
/nec-smt/large/getoption_group/prp-50-50.smt2,unsat,68.13
/nec-smt/large/getoption_group/prp-74-50.smt2,unsat,21.47
/nec-smt/large/getoption_group/prp-77-50.smt2,unsat,19.35
/nec-smt/large/getoption_group/prp-35-50.smt2,failed,1200.0
/nec-smt/large/getoption_group/prp-17-49.smt2,sat,35.23
/nec-smt/large/getoption_group/prp-41-49.smt2,sat,43.84
/nec-smt/large/getoption_group/prp-44-50.smt2,unsat,29.88
/nec-smt/large/getoption_group/prp-34-47.smt2,sat,21.3
/nec-smt/large/getoption_group/prp-62-49.smt2,unsat,24.12
/nec-smt/large/getoption_group/prp-42-48.smt2,sat,38.45
/nec-smt/large/getoption_group/prp-15-47.smt2,sat,8.05
/nec-smt/large/getoption_group/prp-53-50.smt2,unsat,26.77
/nec-smt/large/getoption_group/prp-38-46.smt2,unsat,8.02
/nec-smt/large/getoption_group/prp-21-46.smt2,sat,24.52
/nec-smt/large/getoption_group/prp-9-50.smt2,failed,1200.0
/nec-smt/large/getoption_group/prp-53-47.smt2,unsat,9.38
/nec-smt/large/getoption_group/prp-6-46.smt2,sat,13.35
/nec-smt/large/getoption_group/prp-25-50.smt2,failed,1200.0
/nec-smt/large/getoption_group/prp-11-49.smt2,sat,118.67
/nec-smt/large/getoption_group/prp-39-47.smt2,sat,28.81
/nec-smt/large/getoption_group/prp-67-49.smt2,unsat,22.24
/nec-smt/large/getoption_group/prp-59-46.smt2,unsat,4.75
/nec-smt/large/getoption_group/prp-3-50.smt2,sat,132.44
/nec-smt/large/getoption_group/prp-14-49.smt2,sat,35.21
/nec-smt/large/getoption_group/prp-73-49.smt2,unsat,28.79
/nec-smt/large/getoption_group/prp-45-47.smt2,unsat,10.6
/nec-smt/large/getoption_group/prp-54-48.smt2,unsat,21.22
/nec-smt/large/getoption_group/prp-22-49.smt2,sat,99.2
/nec-smt/large/getoption_group/prp-60-48.smt2,unsat,12.39
/nec-smt/large/getoption_group/prp-64-48.smt2,unsat,19.16
/nec-smt/large/getoption_group/prp-64-46.smt2,unsat,7.18
/nec-smt/large/getoption_group/prp-26-47.smt2,unsat,18.42
/nec-smt/large/getoption_group/prp-57-48.smt2,unsat,22.15
/nec-smt/large/getoption_group/prp-44-48.smt2,unsat,16.99
/nec-smt/large/getoption_group/prp-5-50.smt2,sat,107.41
/nec-smt/large/getoption_group/prp-49-50.smt2,sat,98.94
/nec-smt/large/getoption_group/prp-31-48.smt2,sat,130.81
/nec-smt/large/getoption_group/prp-44-49.smt2,unsat,24.66
/nec-smt/large/getoption_group/prp-20-50.smt2,sat,329.2
/nec-smt/large/getoption_group/prp-5-48.smt2,sat,29.75
/nec-smt/large/getoption_group/prp-27-49.smt2,unsat,82.25
/nec-smt/large/getoption_group/prp-4-50.smt2,failed,1200.0
/nec-smt/large/getoption_group/prp-40-48.smt2,sat,31.78
/nec-smt/large/getoption_group/prp-69-49.smt2,unsat,10.81
/nec-smt/large/getoption_group/prp-29-49.smt2,unsat,331.27
/nec-smt/large/getoption_group/prp-59-48.smt2,unsat,11.15
/nec-smt/large/getoption_group/prp-57-50.smt2,unsat,37.1
/nec-smt/large/getoption_group/prp-43-49.smt2,unsat,30.2
/nec-smt/large/getoption_group/prp-8-49.smt2,sat,114.46
/nec-smt/large/getoption_group/prp-34-48.smt2,sat,80.02
/nec-smt/large/getoption_group/prp-29-42.smt2,sat,3.06
/nec-smt/large/getoption_group/prp-30-47.smt2,sat,27.66
/nec-smt/large/getoption_group/prp-48-47.smt2,unsat,8.81
/nec-smt/large/checkpass/prp-28-44.smt2,sat,18.18
/nec-smt/large/checkpass/prp-3-48.smt2,unsat,100.02
/nec-smt/large/checkpass/prp-16-50.smt2,unsat,163.41
/nec-smt/large/checkpass/prp-58-50.smt2,sat,211.76
/nec-smt/large/checkpass/prp-11-48.smt2,unsat,111.09
/nec-smt/large/checkpass/prp-1-49.smt2,unsat,135.57
/nec-smt/large/checkpass/prp-13-47.smt2,unsat,92.31
/nec-smt/large/checkpass/prp-33-47.smt2,unsat,64.74
/nec-smt/large/checkpass/prp-10-46.smt2,unsat,49.87
/nec-smt/large/checkpass/prp-33-46.smt2,sat,59.6
/nec-smt/large/checkpass/prp-25-48.smt2,unsat,112.13
/nec-smt/large/checkpass/prp-7-50.smt2,unsat,185.42
/nec-smt/large/checkpass/prp-56-50.smt2,unsat,186.23
/nec-smt/large/checkpass/prp-34-49.smt2,unsat,123.86
/nec-smt/large/checkpass/prp-13-48.smt2,unsat,86.28
/nec-smt/large/checkpass/prp-25-49.smt2,unsat,157.97
/nec-smt/large/checkpass/prp-25-46.smt2,sat,54.93
/nec-smt/large/checkpass/prp-22-50.smt2,unsat,167.88
/nec-smt/large/checkpass/prp-9-47.smt2,unsat,65.69
/nec-smt/large/checkpass/prp-35-48.smt2,unsat,76.77
/nec-smt/large/checkpass/prp-43-47.smt2,unsat,78.8
/nec-smt/large/checkpass/prp-28-49.smt2,sat,149.84
/nec-smt/large/checkpass/prp-15-49.smt2,unsat,155.92
/nec-smt/large/checkpass/prp-12-46.smt2,unsat,67.68
/nec-smt/large/checkpass/prp-9-49.smt2,unsat,128.82
/nec-smt/large/checkpass/prp-6-49.smt2,unsat,123.22
/nec-smt/large/checkpass/prp-33-48.smt2,sat,119.34
/nec-smt/large/checkpass/prp-46-50.smt2,unsat,161.91
/nec-smt/large/checkpass/prp-20-48.smt2,unsat,105.36
/nec-smt/large/checkpass/prp-30-49.smt2,sat,126.06
/nec-smt/large/checkpass/prp-2-46.smt2,unsat,75.88
/nec-smt/large/checkpass/prp-4-48.smt2,unsat,116.4
/nec-smt/large/checkpass/prp-42-49.smt2,unsat,115.11
/nec-smt/large/checkpass/prp-18-50.smt2,unsat,150.65
/nec-smt/large/checkpass/prp-31-49.smt2,unsat,120.45
/nec-smt/large/checkpass/prp-1-48.smt2,unsat,120.81
/nec-smt/large/checkpass/prp-23-47.smt2,unsat,59.1
/nec-smt/large/checkpass/prp-63-50.smt2,unsat,201.97
/nec-smt/large/checkpass/prp-17-50.smt2,unsat,184.99
/nec-smt/large/checkpass/prp-38-49.smt2,unsat,123.35
/nec-smt/large/checkpass/prp-39-50.smt2,unsat,154.69
/nec-smt/large/checkpass/prp-23-48.smt2,unsat,104.26
/nec-smt/large/checkpass/prp-29-48.smt2,sat,89.95
/nec-smt/large/checkpass/prp-15-46.smt2,unsat,59.32
/nec-smt/large/checkpass/prp-30-50.smt2,sat,194.91
/nec-smt/large/checkpass/prp-13-50.smt2,unsat,268.26
/nec-smt/large/checkpass/prp-20-49.smt2,unsat,141.07
/nec-smt/large/checkpass/prp-11-46.smt2,unsat,64.71
/nec-smt/large/checkpass/prp-20-46.smt2,unsat,45.31
/nec-smt/large/checkpass/prp-31-50.smt2,unsat,168.45
/nec-smt/large/checkpass/prp-18-49.smt2,unsat,119.15
/nec-smt/large/checkpass/prp-11-50.smt2,unsat,198.18
/nec-smt/large/checkpass/prp-19-47.smt2,unsat,78.25
/nec-smt/large/checkpass/prp-40-50.smt2,unsat,175.82
/nec-smt/large/checkpass/prp-15-48.smt2,unsat,104.59
/nec-smt/large/checkpass/prp-42-50.smt2,unsat,129.16
/nec-smt/large/checkpass/prp-5-46.smt2,unsat,56.11
/nec-smt/large/checkpass/prp-16-47.smt2,unsat,76.32
/nec-smt/large/checkpass/prp-8-47.smt2,unsat,78.76
/nec-smt/large/checkpass/prp-36-45.smt2,unsat,27.65
/nec-smt/large/checkpass/prp-29-46.smt2,sat,65.07
/nec-smt/large/checkpass/prp-43-46.smt2,unsat,54.68
/nec-smt/large/checkpass/prp-13-49.smt2,unsat,121.96
/nec-smt/large/checkpass/prp-6-50.smt2,unsat,166.65
/nec-smt/large/checkpass/prp-46-49.smt2,unsat,90.57
/nec-smt/large/checkpass/prp-52-50.smt2,unsat,153.21
/nec-smt/large/checkpass/prp-55-50.smt2,unsat,161.84
/nec-smt/large/checkpass/prp-13-46.smt2,unsat,52.12
/nec-smt/large/checkpass/prp-22-46.smt2,unsat,61.24
/nec-smt/large/checkpass/prp-43-48.smt2,unsat,101.03
/nec-smt/large/checkpass/prp-18-48.smt2,unsat,82.71
/nec-smt/large/checkpass/prp-18-47.smt2,unsat,79.67
/nec-smt/large/checkpass/prp-44-47.smt2,unsat,79.84
/nec-smt/large/checkpass/prp-19-46.smt2,unsat,47.87
/nec-smt/large/checkpass/prp-40-47.smt2,unsat,62.26
/nec-smt/large/checkpass/prp-26-45.smt2,sat,24.76
/nec-smt/large/checkpass/prp-15-50.smt2,unsat,189.77
/nec-smt/large/checkpass/prp-23-50.smt2,unsat,188.88
/nec-smt/large/checkpass/prp-39-48.smt2,unsat,109.81
/nec-smt/large/checkpass/prp-3-49.smt2,unsat,147.27
/nec-smt/large/checkpass/prp-8-50.smt2,unsat,161.68
/nec-smt/large/checkpass/prp-14-46.smt2,unsat,63.57
/nec-smt/large/checkpass/prp-21-48.smt2,unsat,110.79
/nec-smt/large/checkpass/prp-26-50.smt2,sat,192.79
/nec-smt/large/checkpass/prp-6-48.smt2,unsat,105.83
/nec-smt/large/checkpass/prp-32-46.smt2,unsat,60.46
/nec-smt/large/checkpass/prp-33-45.smt2,sat,29.08
/nec-smt/large/checkpass/prp-40-46.smt2,unsat,48.45
/nec-smt/large/checkpass/prp-37-48.smt2,unsat,93.96
/nec-smt/large/checkpass/prp-2-47.smt2,unsat,79.36
/nec-smt/large/checkpass/prp-9-46.smt2,unsat,40.43
/nec-smt/large/checkpass/prp-28-48.smt2,unsat,108.62
/nec-smt/large/checkpass/prp-4-49.smt2,unsat,151.5
/nec-smt/large/checkpass/prp-3-46.smt2,unsat,57.38
/nec-smt/large/checkpass/prp-43-50.smt2,unsat,166.42
/nec-smt/large/checkpass/prp-7-48.smt2,unsat,108.41
/nec-smt/large/checkpass/prp-7-49.smt2,unsat,143.36
/nec-smt/large/checkpass/prp-29-50.smt2,unsat,212.97
/nec-smt/large/checkpass/prp-4-46.smt2,unsat,43.86
/nec-smt/large/checkpass/prp-37-50.smt2,unsat,161.94
/nec-smt/large/checkpass/prp-38-50.smt2,unsat,169.64
/nec-smt/large/checkpass/prp-54-50.smt2,unsat,159.09
/nec-smt/large/checkpass/prp-36-47.smt2,unsat,61.22
/nec-smt/large/checkpass/prp-2-50.smt2,unsat,182.65
/nec-smt/large/checkpass/prp-9-48.smt2,unsat,101.75
/nec-smt/large/checkpass/prp-44-46.smt2,unsat,56.57
/nec-smt/large/checkpass/prp-35-49.smt2,unsat,152.92
/nec-smt/large/checkpass/prp-48-50.smt2,unsat,159.46
/nec-smt/large/checkpass/prp-30-46.smt2,sat,42.51
/nec-smt/large/checkpass/prp-42-47.smt2,unsat,79.27
/nec-smt/large/checkpass/prp-41-46.smt2,unsat,65.51
/nec-smt/large/checkpass/prp-21-50.smt2,unsat,204.16
/nec-smt/large/checkpass/prp-11-47.smt2,unsat,78.6
/nec-smt/large/checkpass/prp-27-48.smt2,unsat,91.08
/nec-smt/large/checkpass/prp-33-50.smt2,sat,175.49
/nec-smt/large/checkpass/prp-24-47.smt2,sat,71.77
/nec-smt/large/checkpass/prp-50-49.smt2,unsat,143.84
/nec-smt/large/checkpass/prp-38-48.smt2,unsat,96.22
/nec-smt/large/checkpass/prp-19-49.smt2,unsat,154.32
/nec-smt/large/checkpass/prp-45-49.smt2,unsat,167.65
/nec-smt/large/checkpass/prp-16-49.smt2,unsat,127.99
/nec-smt/large/checkpass/prp-14-50.smt2,unsat,170.74
/nec-smt/large/checkpass/prp-39-46.smt2,unsat,42.91
/nec-smt/large/checkpass/prp-27-50.smt2,unsat,155.69
/nec-smt/large/checkpass/prp-40-49.smt2,unsat,101.04
/nec-smt/large/checkpass/prp-35-47.smt2,unsat,75.38
/nec-smt/large/checkpass/prp-12-47.smt2,unsat,83.55
/nec-smt/large/checkpass/prp-20-47.smt2,unsat,58.37
/nec-smt/large/checkpass/prp-37-46.smt2,unsat,42.49
/nec-smt/large/checkpass/prp-34-50.smt2,unsat,155.07
/nec-smt/large/checkpass/prp-24-50.smt2,unsat,173.61
/nec-smt/large/checkpass/prp-5-49.smt2,unsat,126.09
/nec-smt/large/checkpass/prp-12-48.smt2,unsat,109.33
/nec-smt/large/checkpass/prp-7-47.smt2,unsat,60.3
/nec-smt/large/checkpass/prp-31-47.smt2,unsat,77.27
/nec-smt/large/checkpass/prp-23-49.smt2,unsat,176.74
/nec-smt/large/checkpass/prp-42-46.smt2,unsat,61.98
/nec-smt/large/checkpass/prp-34-46.smt2,unsat,68.56
/nec-smt/large/checkpass/prp-30-48.smt2,sat,80.21
/nec-smt/large/checkpass/prp-46-48.smt2,unsat,95.76
/nec-smt/large/checkpass/prp-23-46.smt2,unsat,63.88
/nec-smt/large/checkpass/prp-51-50.smt2,sat,185.17
/nec-smt/large/checkpass/prp-27-46.smt2,unsat,34.66
/nec-smt/large/checkpass/prp-2-49.smt2,unsat,128.65
/nec-smt/large/checkpass/prp-24-48.smt2,sat,90.97
/nec-smt/large/checkpass/prp-5-47.smt2,unsat,82.63
/nec-smt/large/checkpass/prp-26-43.smt2,sat,9.63
/nec-smt/large/checkpass/prp-1-50.smt2,unsat,193.72
/nec-smt/large/checkpass/prp-25-43.smt2,unsat,11.14
/nec-smt/large/checkpass/prp-10-48.smt2,unsat,113.6
/nec-smt/large/checkpass/prp-21-49.smt2,unsat,151.37
/nec-smt/large/checkpass/prp-32-50.smt2,unsat,210.54
/nec-smt/large/checkpass/prp-16-46.smt2,unsat,61.19
/nec-smt/large/checkpass/prp-8-48.smt2,unsat,110.98
/nec-smt/large/checkpass/prp-19-50.smt2,unsat,202.57
/nec-smt/large/checkpass/prp-1-46.smt2,unsat,60.95
/nec-smt/large/checkpass/prp-21-47.smt2,unsat,71.44
/nec-smt/large/checkpass/prp-19-48.smt2,unsat,110.85
/nec-smt/large/checkpass/prp-41-48.smt2,unsat,104.43
/nec-smt/large/checkpass/prp-38-47.smt2,unsat,78.89
/nec-smt/large/checkpass/prp-26-48.smt2,sat,68.92
/nec-smt/large/checkpass/prp-37-47.smt2,unsat,79.76
/nec-smt/large/checkpass/prp-39-49.smt2,unsat,117.4
/nec-smt/large/checkpass/prp-16-48.smt2,unsat,80.84
/nec-smt/large/checkpass/prp-37-49.smt2,unsat,125.26
/nec-smt/large/checkpass/prp-35-46.smt2,unsat,59.7
/nec-smt/large/checkpass/prp-18-46.smt2,unsat,48.36
/nec-smt/large/checkpass/prp-29-47.smt2,sat,63.75
/nec-smt/large/checkpass/prp-4-47.smt2,unsat,81.16
/nec-smt/large/checkpass/prp-24-49.smt2,unsat,123.31
/nec-smt/large/checkpass/prp-24-46.smt2,unsat,41.0
/nec-smt/large/checkpass/prp-14-47.smt2,unsat,83.84
/nec-smt/large/checkpass/prp-12-50.smt2,unsat,181.6
/nec-smt/large/checkpass/prp-2-48.smt2,unsat,99.17
/nec-smt/large/checkpass/prp-27-47.smt2,unsat,81.56
/nec-smt/large/checkpass/prp-17-47.smt2,unsat,75.25
/nec-smt/large/checkpass/prp-8-46.smt2,unsat,43.47
/nec-smt/large/checkpass/prp-10-47.smt2,unsat,78.1
/nec-smt/large/checkpass/prp-28-46.smt2,sat,60.18
/nec-smt/large/checkpass/prp-22-48.smt2,unsat,94.43
/nec-smt/large/checkpass/prp-6-47.smt2,unsat,74.41
/nec-smt/large/checkpass/prp-57-49.smt2,sat,157.76
/nec-smt/large/checkpass/prp-32-47.smt2,unsat,72.29
/nec-smt/large/checkpass/prp-22-47.smt2,unsat,71.18
/nec-smt/large/checkpass/prp-48-49.smt2,unsat,98.84
/nec-smt/large/checkpass/prp-47-47.smt2,sat,72.06
/nec-smt/large/checkpass/prp-47-49.smt2,sat,125.0
/nec-smt/large/checkpass/prp-32-49.smt2,unsat,112.07
/nec-smt/large/checkpass/prp-58-49.smt2,unsat,151.28
/nec-smt/large/checkpass/prp-17-46.smt2,unsat,59.19
/nec-smt/large/checkpass/prp-10-50.smt2,unsat,223.22
/nec-smt/large/checkpass/prp-28-42.smt2,sat,9.18
/nec-smt/large/checkpass/prp-41-47.smt2,unsat,83.26
/nec-smt/large/checkpass/prp-49-49.smt2,unsat,102.34
/nec-smt/large/checkpass/prp-3-47.smt2,unsat,76.57
/nec-smt/large/checkpass/prp-45-45.smt2,sat,20.25
/nec-smt/large/checkpass/prp-7-46.smt2,unsat,62.32
/nec-smt/large/checkpass/prp-14-48.smt2,unsat,113.93
/nec-smt/large/checkpass/prp-32-48.smt2,unsat,91.32
/nec-smt/large/checkpass/prp-31-46.smt2,unsat,35.73
/nec-smt/large/checkpass/prp-17-48.smt2,unsat,102.07
/nec-smt/large/checkpass/prp-36-46.smt2,unsat,51.74
/nec-smt/large/checkpass/prp-10-49.smt2,unsat,143.93
/nec-smt/large/checkpass/prp-1-47.smt2,unsat,82.06
/nec-smt/large/checkpass/prp-12-49.smt2,unsat,137.69
/nec-smt/large/checkpass/prp-51-48.smt2,sat,70.0
/nec-smt/large/checkpass/prp-50-50.smt2,unsat,144.42
/nec-smt/large/checkpass/prp-35-50.smt2,unsat,147.93
/nec-smt/large/checkpass/prp-17-49.smt2,unsat,117.48
/nec-smt/large/checkpass/prp-41-49.smt2,unsat,117.61
/nec-smt/large/checkpass/prp-44-50.smt2,unsat,138.74
/nec-smt/large/checkpass/prp-34-47.smt2,unsat,83.28
/nec-smt/large/checkpass/prp-42-48.smt2,unsat,89.05
/nec-smt/large/checkpass/prp-15-47.smt2,unsat,74.46
/nec-smt/large/checkpass/prp-53-50.smt2,unsat,194.93
/nec-smt/large/checkpass/prp-38-46.smt2,unsat,65.1
/nec-smt/large/checkpass/prp-21-46.smt2,unsat,42.1
/nec-smt/large/checkpass/prp-9-50.smt2,unsat,174.78
/nec-smt/large/checkpass/prp-6-46.smt2,unsat,49.22
/nec-smt/large/checkpass/prp-25-50.smt2,sat,209.54
/nec-smt/large/checkpass/prp-11-49.smt2,unsat,129.88
/nec-smt/large/checkpass/prp-39-47.smt2,unsat,66.55
/nec-smt/large/checkpass/prp-3-50.smt2,unsat,225.41
/nec-smt/large/checkpass/prp-14-49.smt2,unsat,141.52
/nec-smt/large/checkpass/prp-45-47.smt2,sat,45.17
/nec-smt/large/checkpass/prp-22-49.smt2,unsat,125.69
/nec-smt/large/checkpass/prp-26-47.smt2,unsat,83.62
/nec-smt/large/checkpass/prp-44-48.smt2,unsat,102.11
/nec-smt/large/checkpass/prp-5-50.smt2,unsat,205.34
/nec-smt/large/checkpass/prp-49-50.smt2,unsat,144.0
/nec-smt/large/checkpass/prp-31-48.smt2,unsat,98.6
/nec-smt/large/checkpass/prp-44-49.smt2,unsat,131.78
/nec-smt/large/checkpass/prp-20-50.smt2,unsat,151.27
/nec-smt/large/checkpass/prp-5-48.smt2,unsat,104.65
/nec-smt/large/checkpass/prp-27-49.smt2,unsat,131.11
/nec-smt/large/checkpass/prp-4-50.smt2,unsat,198.36
/nec-smt/large/checkpass/prp-40-48.smt2,unsat,94.57
/nec-smt/large/checkpass/prp-29-49.smt2,sat,128.52
/nec-smt/large/checkpass/prp-43-49.smt2,unsat,137.95
/nec-smt/large/checkpass/prp-8-49.smt2,unsat,152.95
/nec-smt/large/checkpass/prp-34-48.smt2,unsat,110.93
/nec-smt/large/checkpass/prp-30-47.smt2,sat,67.64
/nec-smt/large/bftpd_login/prp-58-48.smt2,unsat,4.49
/nec-smt/large/bftpd_login/prp-61-49.smt2,unsat,5.78
/nec-smt/large/bftpd_login/prp-3-48.smt2,unsat,4.56
/nec-smt/large/bftpd_login/prp-55-45.smt2,unsat,3.05
/nec-smt/large/bftpd_login/prp-16-50.smt2,unsat,6.62
/nec-smt/large/bftpd_login/prp-58-50.smt2,unsat,7.37
/nec-smt/large/bftpd_login/prp-11-48.smt2,unsat,5.01
/nec-smt/large/bftpd_login/prp-0-49.smt2,unsat,6.06
/nec-smt/large/bftpd_login/prp-61-46.smt2,unsat,3.61
/nec-smt/large/bftpd_login/prp-13-47.smt2,unsat,4.56
/nec-smt/large/bftpd_login/prp-26-46.smt2,unsat,3.62
/nec-smt/large/bftpd_login/prp-33-47.smt2,unsat,5.1
/nec-smt/large/bftpd_login/prp-10-46.smt2,unsat,3.86
/nec-smt/large/bftpd_login/prp-33-46.smt2,unsat,3.39
/nec-smt/large/bftpd_login/prp-25-48.smt2,unsat,4.92
/nec-smt/large/bftpd_login/prp-7-50.smt2,unsat,6.15
/nec-smt/large/bftpd_login/prp-28-50.smt2,unsat,6.15
/nec-smt/large/bftpd_login/prp-0-48.smt2,unsat,4.81
/nec-smt/large/bftpd_login/prp-56-50.smt2,unsat,6.64
/nec-smt/large/bftpd_login/prp-34-49.smt2,unsat,5.65
/nec-smt/large/bftpd_login/prp-13-48.smt2,unsat,5.7
/nec-smt/large/bftpd_login/prp-38-45.smt2,unsat,2.83
/nec-smt/large/bftpd_login/prp-51-46.smt2,unsat,3.43
/nec-smt/large/bftpd_login/prp-53-45.smt2,unsat,2.75
/nec-smt/large/bftpd_login/prp-41-45.smt2,unsat,2.81
/nec-smt/large/bftpd_login/prp-37-41.smt2,unsat,1.32
/nec-smt/large/bftpd_login/prp-47-48.smt2,unsat,4.65
/nec-smt/large/bftpd_login/prp-25-49.smt2,unsat,6.38
/nec-smt/large/bftpd_login/prp-25-46.smt2,unsat,3.51
/nec-smt/large/bftpd_login/prp-22-50.smt2,unsat,6.72
/nec-smt/large/bftpd_login/prp-63-48.smt2,unsat,4.81
/nec-smt/large/bftpd_login/prp-9-47.smt2,unsat,4.15
/nec-smt/large/bftpd_login/prp-66-48.smt2,unsat,4.92
/nec-smt/large/bftpd_login/prp-67-50.smt2,unsat,7.08
/nec-smt/large/bftpd_login/prp-49-46.smt2,unsat,3.52
/nec-smt/large/bftpd_login/prp-54-49.smt2,unsat,5.34
/nec-smt/large/bftpd_login/prp-28-49.smt2,unsat,6.31
/nec-smt/large/bftpd_login/prp-65-49.smt2,unsat,5.76
/nec-smt/large/bftpd_login/prp-72-50.smt2,unsat,6.71
/nec-smt/large/bftpd_login/prp-15-49.smt2,unsat,6.01
/nec-smt/large/bftpd_login/prp-12-46.smt2,unsat,3.21
/nec-smt/large/bftpd_login/prp-9-49.smt2,unsat,5.76
/nec-smt/large/bftpd_login/prp-74-48.smt2,unsat,4.64
/nec-smt/large/bftpd_login/prp-6-49.smt2,unsat,5.87
/nec-smt/large/bftpd_login/prp-33-48.smt2,unsat,4.62
/nec-smt/large/bftpd_login/prp-60-47.smt2,unsat,4.36
/nec-smt/large/bftpd_login/prp-60-49.smt2,unsat,5.72
/nec-smt/large/bftpd_login/prp-59-47.smt2,unsat,4.16
/nec-smt/large/bftpd_login/prp-71-50.smt2,unsat,6.94
/nec-smt/large/bftpd_login/prp-20-48.smt2,unsat,4.6
/nec-smt/large/bftpd_login/prp-30-49.smt2,unsat,5.57
/nec-smt/large/bftpd_login/prp-2-46.smt2,unsat,3.49
/nec-smt/large/bftpd_login/prp-62-48.smt2,unsat,5.14
/nec-smt/large/bftpd_login/prp-4-48.smt2,unsat,4.66
/nec-smt/large/bftpd_login/prp-70-49.smt2,unsat,6.41
/nec-smt/large/bftpd_login/prp-36-48.smt2,unsat,4.58
/nec-smt/large/bftpd_login/prp-42-49.smt2,unsat,6.4
/nec-smt/large/bftpd_login/prp-56-46.smt2,unsat,3.41
/nec-smt/large/bftpd_login/prp-59-50.smt2,unsat,6.07
/nec-smt/large/bftpd_login/prp-78-50.smt2,unsat,7.35
/nec-smt/large/bftpd_login/prp-49-47.smt2,unsat,4.48
/nec-smt/large/bftpd_login/prp-18-50.smt2,unsat,6.68
/nec-smt/large/bftpd_login/prp-31-49.smt2,unsat,6.08
/nec-smt/large/bftpd_login/prp-23-47.smt2,unsat,4.18
/nec-smt/large/bftpd_login/prp-83-50.smt2,unsat,7.46
/nec-smt/large/bftpd_login/prp-17-50.smt2,unsat,7.37
/nec-smt/large/bftpd_login/prp-71-47.smt2,unsat,5.4
/nec-smt/large/bftpd_login/prp-23-48.smt2,unsat,4.95
/nec-smt/large/bftpd_login/prp-52-47.smt2,unsat,4.06
/nec-smt/large/bftpd_login/prp-29-48.smt2,unsat,4.54
/nec-smt/large/bftpd_login/prp-61-47.smt2,unsat,4.3
/nec-smt/large/bftpd_login/prp-0-50.smt2,unsat,6.51
/nec-smt/large/bftpd_login/prp-15-46.smt2,unsat,3.86
/nec-smt/large/bftpd_login/prp-30-50.smt2,unsat,6.45
/nec-smt/large/bftpd_login/prp-13-50.smt2,unsat,6.61
/nec-smt/large/bftpd_login/prp-20-49.smt2,unsat,5.56
/nec-smt/large/bftpd_login/prp-11-46.smt2,unsat,3.39
/nec-smt/large/bftpd_login/prp-20-46.smt2,unsat,3.81
/nec-smt/large/bftpd_login/prp-31-50.smt2,unsat,7.39
/nec-smt/large/bftpd_login/prp-18-49.smt2,unsat,5.45
/nec-smt/large/bftpd_login/prp-60-46.smt2,unsat,3.66
/nec-smt/large/bftpd_login/prp-11-50.smt2,unsat,6.76
/nec-smt/large/bftpd_login/prp-19-47.smt2,unsat,4.36
/nec-smt/large/bftpd_login/prp-15-48.smt2,unsat,4.78
/nec-smt/large/bftpd_login/prp-42-50.smt2,unsat,6.39
/nec-smt/large/bftpd_login/prp-70-50.smt2,unsat,7.57
/nec-smt/large/bftpd_login/prp-5-46.smt2,unsat,4.2
/nec-smt/large/bftpd_login/prp-81-50.smt2,unsat,6.83
/nec-smt/large/bftpd_login/prp-63-46.smt2,unsat,3.83
/nec-smt/large/bftpd_login/prp-72-49.smt2,unsat,5.65
/nec-smt/large/bftpd_login/prp-16-47.smt2,unsat,4.7
/nec-smt/large/bftpd_login/prp-8-47.smt2,unsat,4.14
/nec-smt/large/bftpd_login/prp-0-47.smt2,unsat,3.68
/nec-smt/large/bftpd_login/prp-36-45.smt2,unsat,2.93
/nec-smt/large/bftpd_login/prp-29-46.smt2,unsat,3.46
/nec-smt/large/bftpd_login/prp-74-49.smt2,unsat,5.72
/nec-smt/large/bftpd_login/prp-79-50.smt2,unsat,9.95
/nec-smt/large/bftpd_login/prp-13-49.smt2,unsat,4.89
/nec-smt/large/bftpd_login/prp-6-50.smt2,unsat,8.17
/nec-smt/large/bftpd_login/prp-46-46.smt2,unsat,3.44
/nec-smt/large/bftpd_login/prp-50-48.smt2,unsat,5.36
/nec-smt/large/bftpd_login/prp-13-46.smt2,unsat,3.76
/nec-smt/large/bftpd_login/prp-22-46.smt2,unsat,3.72
/nec-smt/large/bftpd_login/prp-67-47.smt2,unsat,4.33
/nec-smt/large/bftpd_login/prp-48-48.smt2,unsat,4.54
/nec-smt/large/bftpd_login/prp-80-50.smt2,unsat,7.27
/nec-smt/large/bftpd_login/prp-18-48.smt2,unsat,4.68
/nec-smt/large/bftpd_login/prp-18-47.smt2,unsat,4.06
/nec-smt/large/bftpd_login/prp-44-47.smt2,unsat,3.95
/nec-smt/large/bftpd_login/prp-62-50.smt2,unsat,7.43
/nec-smt/large/bftpd_login/prp-19-46.smt2,unsat,3.43
/nec-smt/large/bftpd_login/prp-79-49.smt2,unsat,6.14
/nec-smt/large/bftpd_login/prp-40-47.smt2,unsat,4.49
/nec-smt/large/bftpd_login/prp-28-47.smt2,unsat,4.13
/nec-smt/large/bftpd_login/prp-15-50.smt2,unsat,7.03
/nec-smt/large/bftpd_login/prp-23-50.smt2,unsat,7.61
/nec-smt/large/bftpd_login/prp-3-49.smt2,unsat,5.36
/nec-smt/large/bftpd_login/prp-53-48.smt2,unsat,4.94
/nec-smt/large/bftpd_login/prp-8-50.smt2,unsat,7.06
/nec-smt/large/bftpd_login/prp-14-46.smt2,unsat,3.66
/nec-smt/large/bftpd_login/prp-59-49.smt2,unsat,6.15
/nec-smt/large/bftpd_login/prp-21-48.smt2,unsat,4.53
/nec-smt/large/bftpd_login/prp-26-50.smt2,unsat,6.15
/nec-smt/large/bftpd_login/prp-65-50.smt2,unsat,6.71
/nec-smt/large/bftpd_login/prp-6-48.smt2,unsat,5.12
/nec-smt/large/bftpd_login/prp-36-49.smt2,unsat,6.02
/nec-smt/large/bftpd_login/prp-32-46.smt2,unsat,3.55
/nec-smt/large/bftpd_login/prp-40-46.smt2,unsat,3.77
/nec-smt/large/bftpd_login/prp-2-47.smt2,unsat,4.13
/nec-smt/large/bftpd_login/prp-9-46.smt2,unsat,3.41
/nec-smt/large/bftpd_login/prp-51-47.smt2,unsat,4.49
/nec-smt/large/bftpd_login/prp-56-47.smt2,unsat,4.25
/nec-smt/large/bftpd_login/prp-28-48.smt2,unsat,4.43
/nec-smt/large/bftpd_login/prp-4-49.smt2,unsat,5.51
/nec-smt/large/bftpd_login/prp-3-46.smt2,unsat,3.46
/nec-smt/large/bftpd_login/prp-7-48.smt2,unsat,4.59
/nec-smt/large/bftpd_login/prp-7-49.smt2,unsat,5.28
/nec-smt/large/bftpd_login/prp-29-50.smt2,unsat,6.66
/nec-smt/large/bftpd_login/prp-77-49.smt2,unsat,6.18
/nec-smt/large/bftpd_login/prp-38-42.smt2,unsat,1.61
/nec-smt/large/bftpd_login/prp-4-46.smt2,unsat,3.66
/nec-smt/large/bftpd_login/prp-37-50.smt2,unsat,7.0
/nec-smt/large/bftpd_login/prp-38-50.smt2,unsat,6.63
/nec-smt/large/bftpd_login/prp-54-50.smt2,unsat,6.28
/nec-smt/large/bftpd_login/prp-36-47.smt2,unsat,4.02
/nec-smt/large/bftpd_login/prp-2-50.smt2,unsat,6.61
/nec-smt/large/bftpd_login/prp-71-49.smt2,unsat,6.91
/nec-smt/large/bftpd_login/prp-9-48.smt2,unsat,5.0
/nec-smt/large/bftpd_login/prp-44-46.smt2,unsat,3.63
/nec-smt/large/bftpd_login/prp-35-49.smt2,unsat,6.03
/nec-smt/large/bftpd_login/prp-71-48.smt2,unsat,5.06
/nec-smt/large/bftpd_login/prp-48-50.smt2,unsat,7.08
/nec-smt/large/bftpd_login/prp-30-46.smt2,unsat,3.38
/nec-smt/large/bftpd_login/prp-42-47.smt2,unsat,3.97
/nec-smt/large/bftpd_login/prp-62-46.smt2,unsat,3.73
/nec-smt/large/bftpd_login/prp-26-49.smt2,unsat,5.44
/nec-smt/large/bftpd_login/prp-68-48.smt2,unsat,5.32
/nec-smt/large/bftpd_login/prp-68-49.smt2,unsat,5.23
/nec-smt/large/bftpd_login/prp-64-47.smt2,unsat,4.23
/nec-smt/large/bftpd_login/prp-62-47.smt2,unsat,3.94
/nec-smt/large/bftpd_login/prp-21-50.smt2,unsat,6.1
/nec-smt/large/bftpd_login/prp-41-50.smt2,unsat,7.05
/nec-smt/large/bftpd_login/prp-58-47.smt2,unsat,4.8
/nec-smt/large/bftpd_login/prp-11-47.smt2,unsat,4.38
/nec-smt/large/bftpd_login/prp-55-46.smt2,unsat,3.21
/nec-smt/large/bftpd_login/prp-70-47.smt2,unsat,4.27
/nec-smt/large/bftpd_login/prp-27-48.smt2,unsat,5.24
/nec-smt/large/bftpd_login/prp-33-50.smt2,unsat,7.7
/nec-smt/large/bftpd_login/prp-73-48.smt2,unsat,4.65
/nec-smt/large/bftpd_login/prp-55-47.smt2,unsat,4.32
/nec-smt/large/bftpd_login/prp-49-48.smt2,unsat,4.99
/nec-smt/large/bftpd_login/prp-51-49.smt2,unsat,6.04
/nec-smt/large/bftpd_login/prp-24-47.smt2,unsat,4.31
/nec-smt/large/bftpd_login/prp-50-49.smt2,unsat,5.77
/nec-smt/large/bftpd_login/prp-68-46.smt2,unsat,3.76
/nec-smt/large/bftpd_login/prp-35-39.smt2,unsat,0.77
/nec-smt/large/bftpd_login/prp-19-49.smt2,unsat,5.38
/nec-smt/large/bftpd_login/prp-16-49.smt2,unsat,5.32
/nec-smt/large/bftpd_login/prp-14-50.smt2,unsat,7.89
/nec-smt/large/bftpd_login/prp-53-49.smt2,unsat,5.71
/nec-smt/large/bftpd_login/prp-68-47.smt2,unsat,4.3
/nec-smt/large/bftpd_login/prp-39-43.smt2,unsat,1.92
/nec-smt/large/bftpd_login/prp-39-41.smt2,unsat,1.21
/nec-smt/large/bftpd_login/prp-75-49.smt2,unsat,5.89
/nec-smt/large/bftpd_login/prp-27-50.smt2,unsat,6.36
/nec-smt/large/bftpd_login/prp-56-49.smt2,unsat,5.74
/nec-smt/large/bftpd_login/prp-60-50.smt2,unsat,6.84
/nec-smt/large/bftpd_login/prp-40-49.smt2,unsat,6.09
/nec-smt/large/bftpd_login/prp-64-49.smt2,unsat,5.61
/nec-smt/large/bftpd_login/prp-73-50.smt2,unsat,6.84
/nec-smt/large/bftpd_login/prp-12-47.smt2,unsat,4.34
/nec-smt/large/bftpd_login/prp-66-49.smt2,unsat,5.78
/nec-smt/large/bftpd_login/prp-20-47.smt2,unsat,4.4
/nec-smt/large/bftpd_login/prp-75-50.smt2,unsat,7.96
/nec-smt/large/bftpd_login/prp-56-48.smt2,unsat,4.89
/nec-smt/large/bftpd_login/prp-34-50.smt2,unsat,7.38
/nec-smt/large/bftpd_login/prp-24-50.smt2,unsat,6.08
/nec-smt/large/bftpd_login/prp-5-49.smt2,unsat,5.18
/nec-smt/large/bftpd_login/prp-12-48.smt2,unsat,4.9
/nec-smt/large/bftpd_login/prp-7-47.smt2,unsat,3.86
/nec-smt/large/bftpd_login/prp-31-47.smt2,unsat,4.61
/nec-smt/large/bftpd_login/prp-23-49.smt2,unsat,5.86
/nec-smt/large/bftpd_login/prp-63-49.smt2,unsat,6.04
/nec-smt/large/bftpd_login/prp-42-46.smt2,unsat,4.01
/nec-smt/large/bftpd_login/prp-34-46.smt2,unsat,3.65
/nec-smt/large/bftpd_login/prp-30-48.smt2,unsat,4.97
/nec-smt/large/bftpd_login/prp-46-44.smt2,unsat,2.43
/nec-smt/large/bftpd_login/prp-46-48.smt2,unsat,4.45
/nec-smt/large/bftpd_login/prp-69-48.smt2,unsat,5.06
/nec-smt/large/bftpd_login/prp-23-46.smt2,unsat,3.95
/nec-smt/large/bftpd_login/prp-51-50.smt2,unsat,6.71
/nec-smt/large/bftpd_login/prp-27-46.smt2,unsat,3.82
/nec-smt/large/bftpd_login/prp-50-46.smt2,unsat,3.46
/nec-smt/large/bftpd_login/prp-2-49.smt2,unsat,5.32
/nec-smt/large/bftpd_login/prp-24-48.smt2,unsat,4.97
/nec-smt/large/bftpd_login/prp-5-47.smt2,unsat,3.98
/nec-smt/large/bftpd_login/prp-41-43.smt2,unsat,2.03
/nec-smt/large/bftpd_login/prp-76-49.smt2,unsat,5.72
/nec-smt/large/bftpd_login/prp-67-46.smt2,unsat,3.8
/nec-smt/large/bftpd_login/prp-68-50.smt2,unsat,7.01
/nec-smt/large/bftpd_login/prp-10-48.smt2,unsat,4.96
/nec-smt/large/bftpd_login/prp-37-40.smt2,unsat,0.99
/nec-smt/large/bftpd_login/prp-21-49.smt2,unsat,5.83
/nec-smt/large/bftpd_login/prp-32-50.smt2,unsat,7.43
/nec-smt/large/bftpd_login/prp-67-48.smt2,unsat,5.05
/nec-smt/large/bftpd_login/prp-16-46.smt2,unsat,3.38
/nec-smt/large/bftpd_login/prp-8-48.smt2,unsat,4.74
/nec-smt/large/bftpd_login/prp-35-40.smt2,unsat,0.93
/nec-smt/large/bftpd_login/prp-57-47.smt2,unsat,4.21
/nec-smt/large/bftpd_login/prp-19-50.smt2,unsat,6.32
/nec-smt/large/bftpd_login/prp-43-42.smt2,unsat,1.54
/nec-smt/large/bftpd_login/prp-21-47.smt2,unsat,4.02
/nec-smt/large/bftpd_login/prp-47-50.smt2,unsat,6.92
/nec-smt/large/bftpd_login/prp-69-50.smt2,unsat,6.24
/nec-smt/large/bftpd_login/prp-19-48.smt2,unsat,4.23
/nec-smt/large/bftpd_login/prp-38-47.smt2,unsat,4.46
/nec-smt/large/bftpd_login/prp-26-48.smt2,unsat,4.68
/nec-smt/large/bftpd_login/prp-43-44.smt2,unsat,2.49
/nec-smt/large/bftpd_login/prp-39-49.smt2,unsat,6.01
/nec-smt/large/bftpd_login/prp-16-48.smt2,unsat,4.62
/nec-smt/large/bftpd_login/prp-70-48.smt2,unsat,4.63
/nec-smt/large/bftpd_login/prp-64-50.smt2,unsat,6.63
/nec-smt/large/bftpd_login/prp-47-46.smt2,unsat,3.5
/nec-smt/large/bftpd_login/prp-18-46.smt2,unsat,3.65
/nec-smt/large/bftpd_login/prp-66-47.smt2,unsat,4.3
/nec-smt/large/bftpd_login/prp-76-50.smt2,unsat,7.57
/nec-smt/large/bftpd_login/prp-29-47.smt2,unsat,4.41
/nec-smt/large/bftpd_login/prp-36-50.smt2,unsat,6.86
/nec-smt/large/bftpd_login/prp-4-47.smt2,unsat,4.17
/nec-smt/large/bftpd_login/prp-82-50.smt2,unsat,7.29
/nec-smt/large/bftpd_login/prp-24-49.smt2,unsat,5.12
/nec-smt/large/bftpd_login/prp-72-48.smt2,unsat,4.63
/nec-smt/large/bftpd_login/prp-24-46.smt2,unsat,3.96
/nec-smt/large/bftpd_login/prp-14-47.smt2,unsat,4.97
/nec-smt/large/bftpd_login/prp-33-49.smt2,unsat,5.37
/nec-smt/large/bftpd_login/prp-12-50.smt2,unsat,7.1
/nec-smt/large/bftpd_login/prp-78-49.smt2,unsat,6.05
/nec-smt/large/bftpd_login/prp-48-46.smt2,unsat,3.41
/nec-smt/large/bftpd_login/prp-45-44.smt2,unsat,2.39
/nec-smt/large/bftpd_login/prp-54-45.smt2,unsat,2.87
/nec-smt/large/bftpd_login/prp-2-48.smt2,unsat,5.05
/nec-smt/large/bftpd_login/prp-50-47.smt2,unsat,4.45
/nec-smt/large/bftpd_login/prp-27-47.smt2,unsat,4.5
/nec-smt/large/bftpd_login/prp-17-47.smt2,unsat,3.85
/nec-smt/large/bftpd_login/prp-8-46.smt2,unsat,4.32
/nec-smt/large/bftpd_login/prp-66-46.smt2,unsat,3.56
/nec-smt/large/bftpd_login/prp-10-47.smt2,unsat,4.38
/nec-smt/large/bftpd_login/prp-28-46.smt2,unsat,3.36
/nec-smt/large/bftpd_login/prp-22-48.smt2,unsat,4.33
/nec-smt/large/bftpd_login/prp-6-47.smt2,unsat,4.26
/nec-smt/large/bftpd_login/prp-57-49.smt2,unsat,5.54
/nec-smt/large/bftpd_login/prp-32-47.smt2,unsat,4.73
/nec-smt/large/bftpd_login/prp-22-47.smt2,unsat,4.36
/nec-smt/large/bftpd_login/prp-61-50.smt2,unsat,7.18
/nec-smt/large/bftpd_login/prp-48-49.smt2,unsat,5.55
/nec-smt/large/bftpd_login/prp-47-47.smt2,unsat,4.78
/nec-smt/large/bftpd_login/prp-47-49.smt2,unsat,6.03
/nec-smt/large/bftpd_login/prp-32-49.smt2,unsat,5.9
/nec-smt/large/bftpd_login/prp-58-49.smt2,unsat,5.43
/nec-smt/large/bftpd_login/prp-17-46.smt2,unsat,3.71
/nec-smt/large/bftpd_login/prp-10-50.smt2,unsat,8.11
/nec-smt/large/bftpd_login/prp-41-44.smt2,unsat,2.38
/nec-smt/large/bftpd_login/prp-58-46.smt2,unsat,3.53
/nec-smt/large/bftpd_login/prp-65-48.smt2,unsat,4.53
/nec-smt/large/bftpd_login/prp-49-49.smt2,unsat,6.19
/nec-smt/large/bftpd_login/prp-3-47.smt2,unsat,4.6
/nec-smt/large/bftpd_login/prp-45-45.smt2,unsat,3.04
/nec-smt/large/bftpd_login/prp-7-46.smt2,unsat,3.6
/nec-smt/large/bftpd_login/prp-14-48.smt2,unsat,5.53
/nec-smt/large/bftpd_login/prp-45-46.smt2,unsat,3.54
/nec-smt/large/bftpd_login/prp-32-48.smt2,unsat,5.2
/nec-smt/large/bftpd_login/prp-31-46.smt2,unsat,3.9
/nec-smt/large/bftpd_login/prp-54-47.smt2,unsat,4.23
/nec-smt/large/bftpd_login/prp-17-48.smt2,unsat,4.97
/nec-smt/large/bftpd_login/prp-45-48.smt2,unsat,6.18
/nec-smt/large/bftpd_login/prp-52-49.smt2,unsat,6.06
/nec-smt/large/bftpd_login/prp-10-49.smt2,unsat,5.26
/nec-smt/large/bftpd_login/prp-12-49.smt2,unsat,5.72
/nec-smt/large/bftpd_login/prp-57-46.smt2,unsat,3.29
/nec-smt/large/bftpd_login/prp-51-48.smt2,unsat,4.89
/nec-smt/large/bftpd_login/prp-50-50.smt2,unsat,6.8
/nec-smt/large/bftpd_login/prp-74-50.smt2,unsat,7.57
/nec-smt/large/bftpd_login/prp-77-50.smt2,unsat,7.51
/nec-smt/large/bftpd_login/prp-35-50.smt2,unsat,6.32
/nec-smt/large/bftpd_login/prp-17-49.smt2,unsat,5.65
/nec-smt/large/bftpd_login/prp-44-50.smt2,unsat,6.77
/nec-smt/large/bftpd_login/prp-34-47.smt2,unsat,4.52
/nec-smt/large/bftpd_login/prp-40-45.smt2,unsat,3.02
/nec-smt/large/bftpd_login/prp-62-49.smt2,unsat,5.75
/nec-smt/large/bftpd_login/prp-42-48.smt2,unsat,5.23
/nec-smt/large/bftpd_login/prp-15-47.smt2,unsat,4.51
/nec-smt/large/bftpd_login/prp-53-50.smt2,unsat,7.27
/nec-smt/large/bftpd_login/prp-21-46.smt2,unsat,3.41
/nec-smt/large/bftpd_login/prp-9-50.smt2,unsat,6.66
/nec-smt/large/bftpd_login/prp-53-47.smt2,unsat,4.12
/nec-smt/large/bftpd_login/prp-52-45.smt2,unsat,2.92
/nec-smt/large/bftpd_login/prp-6-46.smt2,unsat,4.37
/nec-smt/large/bftpd_login/prp-25-50.smt2,unsat,7.3
/nec-smt/large/bftpd_login/prp-11-49.smt2,unsat,5.58
/nec-smt/large/bftpd_login/prp-65-46.smt2,unsat,3.68
/nec-smt/large/bftpd_login/prp-38-43.smt2,unsat,2.23
/nec-smt/large/bftpd_login/prp-85-50.smt2,unsat,7.04
/nec-smt/large/bftpd_login/prp-67-49.smt2,unsat,5.42
/nec-smt/large/bftpd_login/prp-59-46.smt2,unsat,3.74
/nec-smt/large/bftpd_login/prp-3-50.smt2,unsat,7.45
/nec-smt/large/bftpd_login/prp-37-42.smt2,unsat,1.54
/nec-smt/large/bftpd_login/prp-14-49.smt2,unsat,5.41
/nec-smt/large/bftpd_login/prp-45-47.smt2,unsat,4.2
/nec-smt/large/bftpd_login/prp-54-48.smt2,unsat,4.59
/nec-smt/large/bftpd_login/prp-22-49.smt2,unsat,5.78
/nec-smt/large/bftpd_login/prp-60-48.smt2,unsat,5.04
/nec-smt/large/bftpd_login/prp-64-48.smt2,unsat,4.74
/nec-smt/large/bftpd_login/prp-64-46.smt2,unsat,3.83
/nec-smt/large/bftpd_login/prp-69-46.smt2,unsat,3.62
/nec-smt/large/bftpd_login/prp-26-47.smt2,unsat,4.67
/nec-smt/large/bftpd_login/prp-57-48.smt2,unsat,4.47
/nec-smt/large/bftpd_login/prp-69-47.smt2,unsat,4.45
/nec-smt/large/bftpd_login/prp-44-48.smt2,unsat,4.62
/nec-smt/large/bftpd_login/prp-5-50.smt2,unsat,6.77
/nec-smt/large/bftpd_login/prp-49-50.smt2,unsat,7.77
/nec-smt/large/bftpd_login/prp-65-47.smt2,unsat,4.54
/nec-smt/large/bftpd_login/prp-31-48.smt2,unsat,4.95
/nec-smt/large/bftpd_login/prp-84-50.smt2,unsat,6.99
/nec-smt/large/bftpd_login/prp-44-49.smt2,unsat,5.74
/nec-smt/large/bftpd_login/prp-20-50.smt2,unsat,6.94
/nec-smt/large/bftpd_login/prp-5-48.smt2,unsat,4.73
/nec-smt/large/bftpd_login/prp-41-42.smt2,unsat,1.72
/nec-smt/large/bftpd_login/prp-27-49.smt2,unsat,5.83
/nec-smt/large/bftpd_login/prp-4-50.smt2,unsat,7.92
/nec-smt/large/bftpd_login/prp-40-48.smt2,unsat,5.06
/nec-smt/large/bftpd_login/prp-69-49.smt2,unsat,5.48
/nec-smt/large/bftpd_login/prp-29-49.smt2,unsat,5.41
/nec-smt/large/bftpd_login/prp-59-48.smt2,unsat,5.2
/nec-smt/large/bftpd_login/prp-57-50.smt2,unsat,6.77
/nec-smt/large/bftpd_login/prp-87-50.smt2,unsat,7.08
/nec-smt/large/bftpd_login/prp-86-50.smt2,unsat,6.81
/nec-smt/large/bftpd_login/prp-43-49.smt2,unsat,6.37
/nec-smt/large/bftpd_login/prp-8-49.smt2,unsat,5.64
/nec-smt/large/bftpd_login/prp-34-48.smt2,unsat,4.81
/nec-smt/large/bftpd_login/prp-30-47.smt2,unsat,5.15
/nec-smt/large/bftpd_login/prp-48-47.smt2,unsat,4.35
/nec-smt/large/int_from_list/prp-58-48.smt2,unsat,29.28
/nec-smt/large/int_from_list/prp-61-49.smt2,unsat,36.56
/nec-smt/large/int_from_list/prp-58-50.smt2,unsat,44.81
/nec-smt/large/int_from_list/prp-11-48.smt2,unsat,24.76
/nec-smt/large/int_from_list/prp-0-49.smt2,sat,58.33
/nec-smt/large/int_from_list/prp-1-49.smt2,sat,39.13
/nec-smt/large/int_from_list/prp-61-46.smt2,unsat,22.63
/nec-smt/large/int_from_list/prp-44-43.smt2,unsat,21.88
/nec-smt/large/int_from_list/prp-7-50.smt2,unsat,36.73
/nec-smt/large/int_from_list/prp-0-48.smt2,sat,38.64
/nec-smt/large/int_from_list/prp-56-50.smt2,unsat,36.25
/nec-smt/large/int_from_list/prp-51-46.smt2,sat,30.05
/nec-smt/large/int_from_list/prp-47-48.smt2,unsat,48.53
/nec-smt/large/int_from_list/prp-63-48.smt2,unsat,27.17
/nec-smt/large/int_from_list/prp-27-42.smt2,unsat,16.48
/nec-smt/large/int_from_list/prp-49-46.smt2,sat,50.34
/nec-smt/large/int_from_list/prp-54-49.smt2,unsat,27.46
/nec-smt/large/int_from_list/prp-43-47.smt2,sat,45.35
/nec-smt/large/int_from_list/prp-12-46.smt2,sat,15.33
/nec-smt/large/int_from_list/prp-60-47.smt2,unsat,25.18
/nec-smt/large/int_from_list/prp-60-49.smt2,unsat,38.08
/nec-smt/large/int_from_list/prp-46-50.smt2,sat,101.69
/nec-smt/large/int_from_list/prp-59-47.smt2,unsat,15.39
/nec-smt/large/int_from_list/prp-20-48.smt2,unsat,16.9
/nec-smt/large/int_from_list/prp-62-48.smt2,unsat,26.39
/nec-smt/large/int_from_list/prp-24-43.smt2,unsat,17.84
/nec-smt/large/int_from_list/prp-34-44.smt2,unsat,25.12
/nec-smt/large/int_from_list/prp-42-43.smt2,unsat,18.5
/nec-smt/large/int_from_list/prp-56-46.smt2,unsat,13.9
/nec-smt/large/int_from_list/prp-59-50.smt2,unsat,33.25
/nec-smt/large/int_from_list/prp-49-47.smt2,sat,51.93
/nec-smt/large/int_from_list/prp-35-43.smt2,unsat,17.77
/nec-smt/large/int_from_list/prp-1-48.smt2,sat,39.38
/nec-smt/large/int_from_list/prp-63-50.smt2,unsat,37.03
/nec-smt/large/int_from_list/prp-17-50.smt2,unsat,29.8
/nec-smt/large/int_from_list/prp-52-47.smt2,unsat,19.01
/nec-smt/large/int_from_list/prp-61-47.smt2,unsat,13.34
/nec-smt/large/int_from_list/prp-0-50.smt2,sat,55.35
/nec-smt/large/int_from_list/prp-20-49.smt2,unsat,28.41
/nec-smt/large/int_from_list/prp-11-46.smt2,unsat,20.2
/nec-smt/large/int_from_list/prp-20-46.smt2,unsat,16.66
/nec-smt/large/int_from_list/prp-42-42.smt2,unsat,8.56
/nec-smt/large/int_from_list/prp-60-46.smt2,unsat,16.92
/nec-smt/large/int_from_list/prp-11-50.smt2,unsat,34.39
/nec-smt/large/int_from_list/prp-40-50.smt2,sat,78.53
/nec-smt/large/int_from_list/prp-34-43.smt2,unsat,22.8
/nec-smt/large/int_from_list/prp-8-47.smt2,sat,25.19
/nec-smt/large/int_from_list/prp-0-47.smt2,sat,38.57
/nec-smt/large/int_from_list/prp-43-46.smt2,sat,49.44
/nec-smt/large/int_from_list/prp-46-46.smt2,sat,56.69
/nec-smt/large/int_from_list/prp-46-49.smt2,sat,81.41
/nec-smt/large/int_from_list/prp-50-48.smt2,unsat,25.82
/nec-smt/large/int_from_list/prp-35-42.smt2,unsat,15.51
/nec-smt/large/int_from_list/prp-52-50.smt2,unsat,37.54
/nec-smt/large/int_from_list/prp-55-50.smt2,unsat,37.99
/nec-smt/large/int_from_list/prp-55-48.smt2,unsat,32.75
/nec-smt/large/int_from_list/prp-43-48.smt2,sat,72.1
/nec-smt/large/int_from_list/prp-48-48.smt2,unsat,29.82
/nec-smt/large/int_from_list/prp-62-50.smt2,unsat,36.29
/nec-smt/large/int_from_list/prp-40-47.smt2,sat,48.82
/nec-smt/large/int_from_list/prp-54-46.smt2,unsat,19.94
/nec-smt/large/int_from_list/prp-53-48.smt2,unsat,25.42
/nec-smt/large/int_from_list/prp-8-50.smt2,sat,51.02
/nec-smt/large/int_from_list/prp-59-49.smt2,unsat,27.57
/nec-smt/large/int_from_list/prp-52-46.smt2,unsat,19.39
/nec-smt/large/int_from_list/prp-40-46.smt2,sat,47.37
/nec-smt/large/int_from_list/prp-37-48.smt2,sat,27.56
/nec-smt/large/int_from_list/prp-33-41.smt2,unsat,13.34
/nec-smt/large/int_from_list/prp-51-47.smt2,sat,60.84
/nec-smt/large/int_from_list/prp-56-47.smt2,unsat,25.93
/nec-smt/large/int_from_list/prp-43-50.smt2,sat,74.18
/nec-smt/large/int_from_list/prp-7-48.smt2,unsat,13.38
/nec-smt/large/int_from_list/prp-7-49.smt2,unsat,12.49
/nec-smt/large/int_from_list/prp-37-50.smt2,sat,59.13
/nec-smt/large/int_from_list/prp-54-50.smt2,unsat,34.67
/nec-smt/large/int_from_list/prp-48-50.smt2,unsat,44.34
/nec-smt/large/int_from_list/prp-53-46.smt2,unsat,25.52
/nec-smt/large/int_from_list/prp-62-46.smt2,unsat,22.8
/nec-smt/large/int_from_list/prp-46-47.smt2,unsat,43.49
/nec-smt/large/int_from_list/prp-62-47.smt2,unsat,27.94
/nec-smt/large/int_from_list/prp-58-47.smt2,unsat,24.84
/nec-smt/large/int_from_list/prp-52-48.smt2,unsat,23.29
/nec-smt/large/int_from_list/prp-11-47.smt2,unsat,22.69
/nec-smt/large/int_from_list/prp-55-46.smt2,unsat,24.86
/nec-smt/large/int_from_list/prp-55-47.smt2,unsat,24.85
/nec-smt/large/int_from_list/prp-42-41.smt2,unsat,7.32
/nec-smt/large/int_from_list/prp-49-48.smt2,sat,71.61
/nec-smt/large/int_from_list/prp-51-49.smt2,sat,64.24
/nec-smt/large/int_from_list/prp-50-49.smt2,unsat,33.93
/nec-smt/large/int_from_list/prp-53-49.smt2,unsat,34.46
/nec-smt/large/int_from_list/prp-56-49.smt2,unsat,23.35
/nec-smt/large/int_from_list/prp-60-50.smt2,unsat,35.65
/nec-smt/large/int_from_list/prp-40-49.smt2,sat,53.54
/nec-smt/large/int_from_list/prp-12-47.smt2,sat,34.08
/nec-smt/large/int_from_list/prp-24-42.smt2,unsat,15.95
/nec-smt/large/int_from_list/prp-20-47.smt2,unsat,10.4
/nec-smt/large/int_from_list/prp-37-46.smt2,sat,46.91
/nec-smt/large/int_from_list/prp-56-48.smt2,unsat,28.78
/nec-smt/large/int_from_list/prp-12-48.smt2,sat,29.24
/nec-smt/large/int_from_list/prp-7-47.smt2,unsat,23.35
/nec-smt/large/int_from_list/prp-63-49.smt2,unsat,34.55
/nec-smt/large/int_from_list/prp-46-48.smt2,sat,61.6
/nec-smt/large/int_from_list/prp-35-45.smt2,unsat,33.9
/nec-smt/large/int_from_list/prp-51-50.smt2,sat,81.36
/nec-smt/large/int_from_list/prp-50-46.smt2,unsat,22.46
/nec-smt/large/int_from_list/prp-1-50.smt2,sat,51.87
/nec-smt/large/int_from_list/prp-55-49.smt2,unsat,35.46
/nec-smt/large/int_from_list/prp-21-41.smt2,unsat,8.23
/nec-smt/large/int_from_list/prp-8-48.smt2,sat,21.43
/nec-smt/large/int_from_list/prp-34-41.smt2,unsat,10.81
/nec-smt/large/int_from_list/prp-57-47.smt2,unsat,21.97
/nec-smt/large/int_from_list/prp-1-46.smt2,sat,10.05
/nec-smt/large/int_from_list/prp-34-42.smt2,unsat,17.66
/nec-smt/large/int_from_list/prp-47-50.smt2,unsat,64.78
/nec-smt/large/int_from_list/prp-63-47.smt2,unsat,24.11
/nec-smt/large/int_from_list/prp-35-44.smt2,unsat,25.76
/nec-smt/large/int_from_list/prp-37-47.smt2,unsat,42.23
/nec-smt/large/int_from_list/prp-47-46.smt2,unsat,29.25
/nec-smt/large/int_from_list/prp-37-49.smt2,sat,55.41
/nec-smt/large/int_from_list/prp-35-46.smt2,unsat,25.99
/nec-smt/large/int_from_list/prp-0-46.smt2,sat,27.55
/nec-smt/large/int_from_list/prp-44-44.smt2,unsat,26.6
/nec-smt/large/int_from_list/prp-27-41.smt2,unsat,15.05
/nec-smt/large/int_from_list/prp-61-48.smt2,unsat,14.48
/nec-smt/large/int_from_list/prp-12-50.smt2,sat,29.93
/nec-smt/large/int_from_list/prp-48-46.smt2,unsat,11.14
/nec-smt/large/int_from_list/prp-45-44.smt2,sat,24.67
/nec-smt/large/int_from_list/prp-50-47.smt2,unsat,20.39
/nec-smt/large/int_from_list/prp-17-47.smt2,unsat,12.02
/nec-smt/large/int_from_list/prp-8-46.smt2,sat,23.67
/nec-smt/large/int_from_list/prp-57-49.smt2,unsat,26.46
/nec-smt/large/int_from_list/prp-61-50.smt2,unsat,37.34
/nec-smt/large/int_from_list/prp-48-49.smt2,unsat,34.84
/nec-smt/large/int_from_list/prp-47-47.smt2,unsat,38.56
/nec-smt/large/int_from_list/prp-47-49.smt2,unsat,64.04
/nec-smt/large/int_from_list/prp-58-49.smt2,unsat,31.38
/nec-smt/large/int_from_list/prp-17-46.smt2,unsat,19.78
/nec-smt/large/int_from_list/prp-58-46.smt2,unsat,18.06
/nec-smt/large/int_from_list/prp-49-49.smt2,sat,65.81
/nec-smt/large/int_from_list/prp-45-45.smt2,unsat,29.71
/nec-smt/large/int_from_list/prp-24-41.smt2,unsat,16.98
/nec-smt/large/int_from_list/prp-7-46.smt2,unsat,19.77
/nec-smt/large/int_from_list/prp-45-46.smt2,unsat,35.31
/nec-smt/large/int_from_list/prp-54-47.smt2,unsat,22.36
/nec-smt/large/int_from_list/prp-17-48.smt2,unsat,26.23
/nec-smt/large/int_from_list/prp-45-48.smt2,unsat,48.24
/nec-smt/large/int_from_list/prp-44-41.smt2,unsat,13.98
/nec-smt/large/int_from_list/prp-52-49.smt2,unsat,34.6
/nec-smt/large/int_from_list/prp-1-47.smt2,sat,34.62
/nec-smt/large/int_from_list/prp-12-49.smt2,sat,45.97
/nec-smt/large/int_from_list/prp-57-46.smt2,unsat,23.03
/nec-smt/large/int_from_list/prp-51-48.smt2,sat,68.35
/nec-smt/large/int_from_list/prp-50-50.smt2,unsat,29.5
/nec-smt/large/int_from_list/prp-17-49.smt2,unsat,22.56
/nec-smt/large/int_from_list/prp-44-42.smt2,unsat,18.78
/nec-smt/large/int_from_list/prp-62-49.smt2,unsat,12.31
/nec-smt/large/int_from_list/prp-53-50.smt2,unsat,23.57
/nec-smt/large/int_from_list/prp-53-47.smt2,unsat,25.3
/nec-smt/large/int_from_list/prp-11-49.smt2,unsat,28.52
/nec-smt/large/int_from_list/prp-59-46.smt2,unsat,21.56
/nec-smt/large/int_from_list/prp-45-47.smt2,unsat,49.28
/nec-smt/large/int_from_list/prp-54-48.smt2,unsat,28.48
/nec-smt/large/int_from_list/prp-60-48.smt2,unsat,27.25
/nec-smt/large/int_from_list/prp-57-48.smt2,unsat,35.25
/nec-smt/large/int_from_list/prp-49-50.smt2,sat,111.33
/nec-smt/large/int_from_list/prp-20-50.smt2,unsat,39.43
/nec-smt/large/int_from_list/prp-40-48.smt2,sat,76.14
/nec-smt/large/int_from_list/prp-59-48.smt2,unsat,30.09
/nec-smt/large/int_from_list/prp-57-50.smt2,unsat,16.06
/nec-smt/large/int_from_list/prp-44-45.smt2,unsat,19.45
/nec-smt/large/int_from_list/prp-43-49.smt2,sat,78.36
/nec-smt/large/int_from_list/prp-8-49.smt2,sat,26.74
/nec-smt/large/int_from_list/prp-48-47.smt2,unsat,21.38
/nec-smt/large/mygetpwnam/prp-0-49.smt2,sat,27.65
/nec-smt/large/mygetpwnam/prp-1-49.smt2,sat,34.97
/nec-smt/large/mygetpwnam/prp-0-48.smt2,sat,35.56
/nec-smt/large/mygetpwnam/prp-1-48.smt2,sat,15.19
/nec-smt/large/mygetpwnam/prp-0-50.smt2,sat,41.32
/nec-smt/large/mygetpwnam/prp-0-47.smt2,sat,12.43
/nec-smt/large/mygetpwnam/prp-1-50.smt2,sat,12.61
/nec-smt/large/mygetpwnam/prp-1-47.smt2,unsat,13.17
/nec-smt/large/checkpass_pwd/prp-28-44.smt2,sat,207.88
/nec-smt/large/checkpass_pwd/prp-14-45.smt2,sat,266.77
/nec-smt/large/checkpass_pwd/prp-38-41.smt2,sat,236.42
/nec-smt/large/checkpass_pwd/prp-16-41.smt2,sat,88.0
/nec-smt/large/checkpass_pwd/prp-58-48.smt2,unsat,524.85
/nec-smt/large/checkpass_pwd/prp-25-41.smt2,sat,122.96
/nec-smt/large/checkpass_pwd/prp-8-45.smt2,sat,152.23
/nec-smt/large/checkpass_pwd/prp-32-34.smt2,unsat,30.36
/nec-smt/large/checkpass_pwd/prp-61-49.smt2,unsat,438.29
/nec-smt/large/checkpass_pwd/prp-40-37.smt2,unsat,64.76
/nec-smt/large/checkpass_pwd/prp-13-37.smt2,sat,48.2
/nec-smt/large/checkpass_pwd/prp-16-50.smt2,sat,301.65
/nec-smt/large/checkpass_pwd/prp-58-50.smt2,unsat,981.91
/nec-smt/large/checkpass_pwd/prp-44-39.smt2,unsat,74.84
/nec-smt/large/checkpass_pwd/prp-52-44.smt2,unsat,221.82
/nec-smt/large/checkpass_pwd/prp-27-35.smt2,sat,52.05
/nec-smt/large/checkpass_pwd/prp-13-47.smt2,sat,300.49
/nec-smt/large/checkpass_pwd/prp-29-35.smt2,sat,47.71
/nec-smt/large/checkpass_pwd/prp-8-40.smt2,sat,88.55
/nec-smt/large/checkpass_pwd/prp-33-47.smt2,sat,282.4
/nec-smt/large/checkpass_pwd/prp-44-43.smt2,unsat,224.48
/nec-smt/large/checkpass_pwd/prp-33-46.smt2,sat,296.22
/nec-smt/large/checkpass_pwd/prp-51-45.smt2,unsat,254.64
/nec-smt/large/checkpass_pwd/prp-25-48.smt2,sat,475.47
/nec-smt/large/checkpass_pwd/prp-7-50.smt2,sat,266.7
/nec-smt/large/checkpass_pwd/prp-4-43.smt2,sat,104.17
/nec-smt/large/checkpass_pwd/prp-29-38.smt2,sat,84.27
/nec-smt/large/checkpass_pwd/prp-20-42.smt2,sat,195.82
/nec-smt/large/checkpass_pwd/prp-32-40.smt2,sat,119.25
/nec-smt/large/checkpass_pwd/prp-28-50.smt2,sat,539.38
/nec-smt/large/checkpass_pwd/prp-4-38.smt2,sat,48.97
/nec-smt/large/checkpass_pwd/prp-56-50.smt2,sat,566.12
/nec-smt/large/checkpass_pwd/prp-34-49.smt2,sat,365.62
/nec-smt/large/checkpass_pwd/prp-25-38.smt2,sat,58.33
/nec-smt/large/checkpass_pwd/prp-13-48.smt2,sat,308.39
/nec-smt/large/checkpass_pwd/prp-19-40.smt2,sat,90.18
/nec-smt/large/checkpass_pwd/prp-38-45.smt2,sat,273.53
/nec-smt/large/checkpass_pwd/prp-7-39.smt2,sat,47.56
/nec-smt/large/checkpass_pwd/prp-51-46.smt2,unsat,543.14
/nec-smt/large/checkpass_pwd/prp-53-45.smt2,unsat,264.53
/nec-smt/large/checkpass_pwd/prp-11-36.smt2,sat,22.7
/nec-smt/large/checkpass_pwd/prp-41-45.smt2,failed,1200.0
/nec-smt/large/checkpass_pwd/prp-47-48.smt2,failed,1200.0
/nec-smt/large/checkpass_pwd/prp-37-37.smt2,sat,28.98
/nec-smt/large/checkpass_pwd/prp-11-35.smt2,unsat,37.75
/nec-smt/large/checkpass_pwd/prp-25-49.smt2,sat,443.68
/nec-smt/large/checkpass_pwd/prp-25-46.smt2,sat,258.66
/nec-smt/large/checkpass_pwd/prp-22-50.smt2,sat,404.02
/nec-smt/large/checkpass_pwd/prp-14-43.smt2,sat,156.95
/nec-smt/large/checkpass_pwd/prp-27-42.smt2,sat,152.34
/nec-smt/large/checkpass_pwd/prp-34-37.smt2,failed,1200.0
/nec-smt/large/checkpass_pwd/prp-32-36.smt2,unsat,49.51
/nec-smt/large/checkpass_pwd/prp-37-35.smt2,sat,11.58
/nec-smt/large/checkpass_pwd/prp-40-39.smt2,unsat,95.48
/nec-smt/large/checkpass_pwd/prp-33-37.smt2,sat,70.27
/nec-smt/large/checkpass_pwd/prp-24-35.smt2,sat,45.4
/nec-smt/large/checkpass_pwd/prp-4-35.smt2,sat,18.9
/nec-smt/large/checkpass_pwd/prp-49-46.smt2,unsat,458.17
/nec-smt/large/checkpass_pwd/prp-54-49.smt2,sat,969.14
/nec-smt/large/checkpass_pwd/prp-25-45.smt2,sat,185.22
/nec-smt/large/checkpass_pwd/prp-43-47.smt2,sat,451.72
/nec-smt/large/checkpass_pwd/prp-32-41.smt2,sat,204.68
/nec-smt/large/checkpass_pwd/prp-38-38.smt2,unsat,104.2
/nec-smt/large/checkpass_pwd/prp-28-49.smt2,sat,586.41
/nec-smt/large/checkpass_pwd/prp-45-42.smt2,unsat,196.56
/nec-smt/large/checkpass_pwd/prp-22-45.smt2,sat,246.45
/nec-smt/large/checkpass_pwd/prp-20-35.smt2,sat,29.21
/nec-smt/large/checkpass_pwd/prp-4-34.smt2,sat,15.07
/nec-smt/large/checkpass_pwd/prp-45-41.smt2,unsat,134.48
/nec-smt/large/checkpass_pwd/prp-19-42.smt2,sat,119.67
/nec-smt/large/checkpass_pwd/prp-8-44.smt2,sat,116.56
/nec-smt/large/checkpass_pwd/prp-33-48.smt2,sat,441.44
/nec-smt/large/checkpass_pwd/prp-27-39.smt2,sat,137.32
/nec-smt/large/checkpass_pwd/prp-60-49.smt2,unsat,710.65
/nec-smt/large/checkpass_pwd/prp-46-50.smt2,sat,592.59
/nec-smt/large/checkpass_pwd/prp-5-42.smt2,sat,86.65
/nec-smt/large/checkpass_pwd/prp-42-39.smt2,unsat,91.74
/nec-smt/large/checkpass_pwd/prp-20-48.smt2,sat,303.5
/nec-smt/large/checkpass_pwd/prp-30-49.smt2,sat,380.91
/nec-smt/large/checkpass_pwd/prp-12-38.smt2,sat,15.09
/nec-smt/large/checkpass_pwd/prp-20-38.smt2,sat,86.5
/nec-smt/large/checkpass_pwd/prp-4-48.smt2,sat,186.99
/nec-smt/large/checkpass_pwd/prp-24-43.smt2,sat,132.94
/nec-smt/large/checkpass_pwd/prp-36-48.smt2,sat,478.96
/nec-smt/large/checkpass_pwd/prp-5-38.smt2,sat,50.8
/nec-smt/large/checkpass_pwd/prp-14-39.smt2,sat,81.01
/nec-smt/large/checkpass_pwd/prp-28-40.smt2,sat,122.4
/nec-smt/large/checkpass_pwd/prp-42-49.smt2,sat,837.95
/nec-smt/large/checkpass_pwd/prp-34-44.smt2,sat,183.89
/nec-smt/large/checkpass_pwd/prp-42-43.smt2,sat,269.6
/nec-smt/large/checkpass_pwd/prp-56-46.smt2,unsat,259.58
/nec-smt/large/checkpass_pwd/prp-59-50.smt2,unsat,676.93
/nec-smt/large/checkpass_pwd/prp-7-43.smt2,sat,142.29
/nec-smt/large/checkpass_pwd/prp-27-38.smt2,sat,83.48
/nec-smt/large/checkpass_pwd/prp-23-38.smt2,sat,27.5
/nec-smt/large/checkpass_pwd/prp-36-44.smt2,sat,242.91
/nec-smt/large/checkpass_pwd/prp-34-45.smt2,sat,255.15
/nec-smt/large/checkpass_pwd/prp-49-47.smt2,sat,613.08
/nec-smt/large/checkpass_pwd/prp-18-50.smt2,sat,462.92
/nec-smt/large/checkpass_pwd/prp-35-43.smt2,sat,93.52
/nec-smt/large/checkpass_pwd/prp-22-43.smt2,sat,187.69
/nec-smt/large/checkpass_pwd/prp-24-39.smt2,failed,1200.0
/nec-smt/large/checkpass_pwd/prp-19-34.smt2,sat,27.09
/nec-smt/large/checkpass_pwd/prp-19-43.smt2,sat,154.37
/nec-smt/large/checkpass_pwd/prp-24-36.smt2,sat,49.34
/nec-smt/large/checkpass_pwd/prp-45-40.smt2,unsat,98.65
/nec-smt/large/checkpass_pwd/prp-8-42.smt2,sat,93.41
/nec-smt/large/checkpass_pwd/prp-20-37.smt2,sat,57.01
/nec-smt/large/checkpass_pwd/prp-63-50.smt2,unsat,718.28
/nec-smt/large/checkpass_pwd/prp-44-40.smt2,unsat,114.32
/nec-smt/large/checkpass_pwd/prp-17-50.smt2,sat,445.63
/nec-smt/large/checkpass_pwd/prp-38-49.smt2,sat,632.69
/nec-smt/large/checkpass_pwd/prp-34-38.smt2,sat,88.4
/nec-smt/large/checkpass_pwd/prp-39-50.smt2,sat,895.33
/nec-smt/large/checkpass_pwd/prp-52-47.smt2,unsat,409.77
/nec-smt/large/checkpass_pwd/prp-29-48.smt2,sat,443.99
/nec-smt/large/checkpass_pwd/prp-25-40.smt2,sat,112.58
/nec-smt/large/checkpass_pwd/prp-28-41.smt2,sat,171.45
/nec-smt/large/checkpass_pwd/prp-28-45.smt2,sat,306.47
/nec-smt/large/checkpass_pwd/prp-18-35.smt2,sat,44.94
/nec-smt/large/checkpass_pwd/prp-7-36.smt2,sat,28.81
/nec-smt/large/checkpass_pwd/prp-48-45.smt2,unsat,297.37
/nec-smt/large/checkpass_pwd/prp-30-50.smt2,sat,401.13
/nec-smt/large/checkpass_pwd/prp-13-50.smt2,sat,360.16
/nec-smt/large/checkpass_pwd/prp-43-43.smt2,sat,235.93
/nec-smt/large/checkpass_pwd/prp-20-49.smt2,sat,451.52
/nec-smt/large/checkpass_pwd/prp-37-45.smt2,unsat,325.41
/nec-smt/large/checkpass_pwd/prp-18-38.smt2,sat,55.78
/nec-smt/large/checkpass_pwd/prp-27-37.smt2,failed,1200.0
/nec-smt/large/checkpass_pwd/prp-33-36.smt2,sat,48.89
/nec-smt/large/checkpass_pwd/prp-30-39.smt2,sat,77.96
/nec-smt/large/checkpass_pwd/prp-28-38.smt2,sat,89.95
/nec-smt/large/checkpass_pwd/prp-34-34.smt2,unsat,28.89
/nec-smt/large/checkpass_pwd/prp-48-41.smt2,unsat,114.32
/nec-smt/large/checkpass_pwd/prp-24-37.smt2,sat,79.92
/nec-smt/large/checkpass_pwd/prp-20-46.smt2,sat,198.18
/nec-smt/large/checkpass_pwd/prp-18-49.smt2,sat,339.9
/nec-smt/large/checkpass_pwd/prp-13-45.smt2,sat,242.82
/nec-smt/large/checkpass_pwd/prp-42-42.smt2,unsat,235.79
/nec-smt/large/checkpass_pwd/prp-28-43.smt2,sat,226.12
/nec-smt/large/checkpass_pwd/prp-19-47.smt2,sat,294.46
/nec-smt/large/checkpass_pwd/prp-40-50.smt2,sat,720.09
/nec-smt/large/checkpass_pwd/prp-42-50.smt2,sat,706.03
/nec-smt/large/checkpass_pwd/prp-33-43.smt2,sat,151.42
/nec-smt/large/checkpass_pwd/prp-43-45.smt2,sat,427.44
/nec-smt/large/checkpass_pwd/prp-5-46.smt2,sat,140.77
/nec-smt/large/checkpass_pwd/prp-28-34.smt2,unsat,25.95
/nec-smt/large/checkpass_pwd/prp-34-43.smt2,sat,233.56
/nec-smt/large/checkpass_pwd/prp-17-37.smt2,sat,48.0
/nec-smt/large/checkpass_pwd/prp-16-47.smt2,sat,180.98
/nec-smt/large/checkpass_pwd/prp-7-44.smt2,sat,105.68
/nec-smt/large/checkpass_pwd/prp-28-39.smt2,sat,113.74
/nec-smt/large/checkpass_pwd/prp-47-41.smt2,unsat,174.5
/nec-smt/large/checkpass_pwd/prp-10-34.smt2,unsat,25.17
/nec-smt/large/checkpass_pwd/prp-36-35.smt2,unsat,30.62
/nec-smt/large/checkpass_pwd/prp-26-35.smt2,sat,7.22
/nec-smt/large/checkpass_pwd/prp-8-47.smt2,sat,159.17
/nec-smt/large/checkpass_pwd/prp-36-45.smt2,sat,321.26
/nec-smt/large/checkpass_pwd/prp-29-46.smt2,sat,382.64
/nec-smt/large/checkpass_pwd/prp-43-46.smt2,sat,464.23
/nec-smt/large/checkpass_pwd/prp-13-49.smt2,sat,317.82
/nec-smt/large/checkpass_pwd/prp-5-44.smt2,sat,117.54
/nec-smt/large/checkpass_pwd/prp-46-46.smt2,sat,358.28
/nec-smt/large/checkpass_pwd/prp-42-38.smt2,unsat,75.22
/nec-smt/large/checkpass_pwd/prp-46-49.smt2,sat,725.21
/nec-smt/large/checkpass_pwd/prp-43-39.smt2,unsat,101.46
/nec-smt/large/checkpass_pwd/prp-29-45.smt2,sat,225.73
/nec-smt/large/checkpass_pwd/prp-50-48.smt2,unsat,507.94
/nec-smt/large/checkpass_pwd/prp-19-39.smt2,sat,83.07
/nec-smt/large/checkpass_pwd/prp-52-50.smt2,unsat,638.95
/nec-smt/large/checkpass_pwd/prp-4-41.smt2,sat,122.92
/nec-smt/large/checkpass_pwd/prp-55-50.smt2,unsat,525.41
/nec-smt/large/checkpass_pwd/prp-22-44.smt2,sat,211.19
/nec-smt/large/checkpass_pwd/prp-39-44.smt2,unsat,335.78
/nec-smt/large/checkpass_pwd/prp-24-40.smt2,sat,101.34
/nec-smt/large/checkpass_pwd/prp-7-35.smt2,sat,17.11
/nec-smt/large/checkpass_pwd/prp-13-46.smt2,sat,183.95
/nec-smt/large/checkpass_pwd/prp-16-40.smt2,sat,90.99
/nec-smt/large/checkpass_pwd/prp-18-39.smt2,sat,83.8
/nec-smt/large/checkpass_pwd/prp-55-48.smt2,unsat,562.46
/nec-smt/large/checkpass_pwd/prp-22-46.smt2,sat,320.83
/nec-smt/large/checkpass_pwd/prp-43-48.smt2,sat,673.03
/nec-smt/large/checkpass_pwd/prp-13-44.smt2,sat,184.07
/nec-smt/large/checkpass_pwd/prp-48-48.smt2,unsat,702.6
/nec-smt/large/checkpass_pwd/prp-18-48.smt2,sat,300.93
/nec-smt/large/checkpass_pwd/prp-18-47.smt2,sat,330.13
/nec-smt/large/checkpass_pwd/prp-44-47.smt2,sat,586.79
/nec-smt/large/checkpass_pwd/prp-29-39.smt2,sat,115.43
/nec-smt/large/checkpass_pwd/prp-38-37.smt2,unsat,70.71
/nec-smt/large/checkpass_pwd/prp-40-38.smt2,unsat,67.79
/nec-smt/large/checkpass_pwd/prp-62-50.smt2,unsat,710.95
/nec-smt/large/checkpass_pwd/prp-19-46.smt2,sat,232.55
/nec-smt/large/checkpass_pwd/prp-43-40.smt2,sat,108.1
/nec-smt/large/checkpass_pwd/prp-40-47.smt2,sat,503.95
/nec-smt/large/checkpass_pwd/prp-32-38.smt2,sat,89.06
/nec-smt/large/checkpass_pwd/prp-37-39.smt2,sat,46.18
/nec-smt/large/checkpass_pwd/prp-28-47.smt2,sat,305.74
/nec-smt/large/checkpass_pwd/prp-15-36.smt2,unsat,49.28
/nec-smt/large/checkpass_pwd/prp-36-43.smt2,sat,217.2
/nec-smt/large/checkpass_pwd/prp-39-48.smt2,sat,712.53
/nec-smt/large/checkpass_pwd/prp-54-46.smt2,unsat,460.57
/nec-smt/large/checkpass_pwd/prp-53-48.smt2,unsat,454.99
/nec-smt/large/checkpass_pwd/prp-20-34.smt2,sat,28.81
/nec-smt/large/checkpass_pwd/prp-8-50.smt2,sat,279.16
/nec-smt/large/checkpass_pwd/prp-14-46.smt2,sat,234.93
/nec-smt/large/checkpass_pwd/prp-33-40.smt2,sat,110.27
/nec-smt/large/checkpass_pwd/prp-46-41.smt2,sat,135.37
/nec-smt/large/checkpass_pwd/prp-59-49.smt2,unsat,727.91
/nec-smt/large/checkpass_pwd/prp-30-36.smt2,sat,42.83
/nec-smt/large/checkpass_pwd/prp-52-46.smt2,unsat,461.74
/nec-smt/large/checkpass_pwd/prp-29-43.smt2,sat,177.41
/nec-smt/large/checkpass_pwd/prp-23-41.smt2,unsat,154.17
/nec-smt/large/checkpass_pwd/prp-5-39.smt2,sat,50.88
/nec-smt/large/checkpass_pwd/prp-14-41.smt2,sat,138.56
/nec-smt/large/checkpass_pwd/prp-36-49.smt2,sat,808.03
/nec-smt/large/checkpass_pwd/prp-32-46.smt2,sat,225.96
/nec-smt/large/checkpass_pwd/prp-20-41.smt2,sat,86.73
/nec-smt/large/checkpass_pwd/prp-33-45.smt2,sat,224.55
/nec-smt/large/checkpass_pwd/prp-40-46.smt2,sat,536.5
/nec-smt/large/checkpass_pwd/prp-37-48.smt2,sat,223.0
/nec-smt/large/checkpass_pwd/prp-50-45.smt2,unsat,362.64
/nec-smt/large/checkpass_pwd/prp-28-35.smt2,sat,53.74
/nec-smt/large/checkpass_pwd/prp-33-41.smt2,sat,113.14
/nec-smt/large/checkpass_pwd/prp-16-34.smt2,sat,17.49
/nec-smt/large/checkpass_pwd/prp-39-36.smt2,unsat,43.02
/nec-smt/large/checkpass_pwd/prp-51-47.smt2,unsat,457.4
/nec-smt/large/checkpass_pwd/prp-56-47.smt2,unsat,62.75
/nec-smt/large/checkpass_pwd/prp-8-36.smt2,sat,25.35
/nec-smt/large/checkpass_pwd/prp-28-48.smt2,sat,419.31
/nec-smt/large/checkpass_pwd/prp-4-37.smt2,sat,25.61
/nec-smt/large/checkpass_pwd/prp-4-49.smt2,sat,199.35
/nec-smt/large/checkpass_pwd/prp-27-40.smt2,sat,114.48
/nec-smt/large/checkpass_pwd/prp-43-50.smt2,sat,632.33
/nec-smt/large/checkpass_pwd/prp-7-48.smt2,sat,274.95
/nec-smt/large/checkpass_pwd/prp-7-49.smt2,sat,346.73
/nec-smt/large/checkpass_pwd/prp-8-39.smt2,sat,57.07
/nec-smt/large/checkpass_pwd/prp-29-50.smt2,sat,543.31
/nec-smt/large/checkpass_pwd/prp-38-42.smt2,failed,1200.0
/nec-smt/large/checkpass_pwd/prp-41-41.smt2,unsat,108.77
/nec-smt/large/checkpass_pwd/prp-4-46.smt2,sat,123.05
/nec-smt/large/checkpass_pwd/prp-35-34.smt2,sat,14.26
/nec-smt/large/checkpass_pwd/prp-38-50.smt2,sat,577.96
/nec-smt/large/checkpass_pwd/prp-54-50.smt2,sat,845.46
/nec-smt/large/checkpass_pwd/prp-36-47.smt2,sat,607.83
/nec-smt/large/checkpass_pwd/prp-17-41.smt2,sat,107.26
/nec-smt/large/checkpass_pwd/prp-44-46.smt2,unsat,431.63
/nec-smt/large/checkpass_pwd/prp-40-43.smt2,sat,306.37
/nec-smt/large/checkpass_pwd/prp-48-50.smt2,failed,1200.0
/nec-smt/large/checkpass_pwd/prp-30-46.smt2,sat,238.44
/nec-smt/large/checkpass_pwd/prp-5-34.smt2,sat,9.21
/nec-smt/large/checkpass_pwd/prp-53-46.smt2,unsat,367.72
/nec-smt/large/checkpass_pwd/prp-42-47.smt2,sat,542.97
/nec-smt/large/checkpass_pwd/prp-7-37.smt2,sat,18.61
/nec-smt/large/checkpass_pwd/prp-33-34.smt2,sat,26.29
/nec-smt/large/checkpass_pwd/prp-13-34.smt2,sat,17.27
/nec-smt/large/checkpass_pwd/prp-48-44.smt2,unsat,235.62
/nec-smt/large/checkpass_pwd/prp-24-44.smt2,sat,191.55
/nec-smt/large/checkpass_pwd/prp-11-34.smt2,sat,9.65
/nec-smt/large/checkpass_pwd/prp-41-46.smt2,unsat,421.61
/nec-smt/large/checkpass_pwd/prp-16-37.smt2,sat,48.04
/nec-smt/large/checkpass_pwd/prp-22-36.smt2,sat,51.19
/nec-smt/large/checkpass_pwd/prp-8-38.smt2,sat,29.81
/nec-smt/large/checkpass_pwd/prp-46-47.smt2,sat,338.37
/nec-smt/large/checkpass_pwd/prp-8-35.smt2,sat,9.82
/nec-smt/large/checkpass_pwd/prp-29-37.smt2,sat,78.37
/nec-smt/large/checkpass_pwd/prp-17-38.smt2,sat,54.49
/nec-smt/large/checkpass_pwd/prp-41-50.smt2,sat,1076.45
/nec-smt/large/checkpass_pwd/prp-58-47.smt2,unsat,370.11
/nec-smt/large/checkpass_pwd/prp-52-48.smt2,unsat,554.13
/nec-smt/large/checkpass_pwd/prp-33-39.smt2,sat,84.98
/nec-smt/large/checkpass_pwd/prp-29-34.smt2,unsat,26.85
/nec-smt/large/checkpass_pwd/prp-55-46.smt2,unsat,283.56
/nec-smt/large/checkpass_pwd/prp-34-35.smt2,failed,1200.0
/nec-smt/large/checkpass_pwd/prp-49-44.smt2,unsat,267.47
/nec-smt/large/checkpass_pwd/prp-46-40.smt2,unsat,87.48
/nec-smt/large/checkpass_pwd/prp-27-48.smt2,sat,331.42
/nec-smt/large/checkpass_pwd/prp-5-45.smt2,sat,132.31
/nec-smt/large/checkpass_pwd/prp-33-50.smt2,sat,484.96
/nec-smt/large/checkpass_pwd/prp-19-38.smt2,sat,60.8
/nec-smt/large/checkpass_pwd/prp-55-47.smt2,unsat,503.72
/nec-smt/large/checkpass_pwd/prp-42-41.smt2,unsat,70.47
/nec-smt/large/checkpass_pwd/prp-39-45.smt2,failed,1200.0
/nec-smt/large/checkpass_pwd/prp-49-48.smt2,unsat,552.64
/nec-smt/large/checkpass_pwd/prp-45-43.smt2,sat,291.48
/nec-smt/large/checkpass_pwd/prp-51-49.smt2,sat,846.65
/nec-smt/large/checkpass_pwd/prp-24-47.smt2,sat,269.11
/nec-smt/large/checkpass_pwd/prp-50-49.smt2,sat,868.35
/nec-smt/large/checkpass_pwd/prp-24-34.smt2,sat,24.75
/nec-smt/large/checkpass_pwd/prp-38-48.smt2,sat,566.14
/nec-smt/large/checkpass_pwd/prp-30-42.smt2,sat,172.09
/nec-smt/large/checkpass_pwd/prp-34-39.smt2,sat,116.65
/nec-smt/large/checkpass_pwd/prp-5-35.smt2,sat,14.9
/nec-smt/large/checkpass_pwd/prp-19-49.smt2,sat,282.72
/nec-smt/large/checkpass_pwd/prp-16-39.smt2,sat,71.61
/nec-smt/large/checkpass_pwd/prp-45-49.smt2,sat,782.41
/nec-smt/large/checkpass_pwd/prp-31-42.smt2,unsat,218.7
/nec-smt/large/checkpass_pwd/prp-16-49.smt2,sat,395.9
/nec-smt/large/checkpass_pwd/prp-49-41.smt2,unsat,109.48
/nec-smt/large/checkpass_pwd/prp-14-50.smt2,sat,414.94
/nec-smt/large/checkpass_pwd/prp-53-49.smt2,unsat,481.15
/nec-smt/large/checkpass_pwd/prp-31-34.smt2,sat,7.37
/nec-smt/large/checkpass_pwd/prp-17-35.smt2,sat,17.46
/nec-smt/large/checkpass_pwd/prp-30-41.smt2,sat,151.75
/nec-smt/large/checkpass_pwd/prp-39-43.smt2,sat,248.32
/nec-smt/large/checkpass_pwd/prp-27-34.smt2,unsat,32.98
/nec-smt/large/checkpass_pwd/prp-25-42.smt2,sat,153.0
/nec-smt/large/checkpass_pwd/prp-39-46.smt2,sat,465.34
/nec-smt/large/checkpass_pwd/prp-39-41.smt2,unsat,188.08
/nec-smt/large/checkpass_pwd/prp-36-41.smt2,sat,152.4
/nec-smt/large/checkpass_pwd/prp-27-50.smt2,sat,574.56
/nec-smt/large/checkpass_pwd/prp-56-49.smt2,sat,886.82
/nec-smt/large/checkpass_pwd/prp-25-36.smt2,sat,42.42
/nec-smt/large/checkpass_pwd/prp-60-50.smt2,unsat,835.14
/nec-smt/large/checkpass_pwd/prp-27-45.smt2,sat,306.93
/nec-smt/large/checkpass_pwd/prp-38-35.smt2,unsat,35.5
/nec-smt/large/checkpass_pwd/prp-40-49.smt2,failed,1200.0
/nec-smt/large/checkpass_pwd/prp-35-47.smt2,failed,1200.0
/nec-smt/large/checkpass_pwd/prp-22-40.smt2,sat,139.48
/nec-smt/large/checkpass_pwd/prp-21-37.smt2,sat,47.82
/nec-smt/large/checkpass_pwd/prp-18-43.smt2,sat,200.87
/nec-smt/large/checkpass_pwd/prp-48-40.smt2,unsat,96.96
/nec-smt/large/checkpass_pwd/prp-20-45.smt2,sat,191.74
/nec-smt/large/checkpass_pwd/prp-24-42.smt2,sat,135.5
/nec-smt/large/checkpass_pwd/prp-20-47.smt2,sat,359.94
/nec-smt/large/checkpass_pwd/prp-43-41.smt2,sat,207.46
/nec-smt/large/checkpass_pwd/prp-37-46.smt2,sat,184.18
/nec-smt/large/checkpass_pwd/prp-56-48.smt2,unsat,427.88
/nec-smt/large/checkpass_pwd/prp-4-39.smt2,sat,37.93
/nec-smt/large/checkpass_pwd/prp-4-45.smt2,sat,91.55
/nec-smt/large/checkpass_pwd/prp-34-50.smt2,sat,494.22
/nec-smt/large/checkpass_pwd/prp-24-50.smt2,sat,455.41
/nec-smt/large/checkpass_pwd/prp-5-49.smt2,sat,306.46
/nec-smt/large/checkpass_pwd/prp-5-41.smt2,sat,78.27
/nec-smt/large/checkpass_pwd/prp-13-43.smt2,sat,179.23
/nec-smt/large/checkpass_pwd/prp-7-47.smt2,sat,186.52
/nec-smt/large/checkpass_pwd/prp-16-35.smt2,sat,26.94
/nec-smt/large/checkpass_pwd/prp-39-39.smt2,unsat,61.05
/nec-smt/large/checkpass_pwd/prp-12-37.smt2,unsat,69.8
/nec-smt/large/checkpass_pwd/prp-8-37.smt2,sat,19.8
/nec-smt/large/checkpass_pwd/prp-42-46.smt2,sat,492.63
/nec-smt/large/checkpass_pwd/prp-34-46.smt2,sat,359.58
/nec-smt/large/checkpass_pwd/prp-28-36.smt2,sat,62.26
/nec-smt/large/checkpass_pwd/prp-36-42.smt2,sat,242.47
/nec-smt/large/checkpass_pwd/prp-46-42.smt2,sat,241.55
/nec-smt/large/checkpass_pwd/prp-30-48.smt2,sat,282.39
/nec-smt/large/checkpass_pwd/prp-46-44.smt2,sat,291.62
/nec-smt/large/checkpass_pwd/prp-49-45.smt2,unsat,336.75
/nec-smt/large/checkpass_pwd/prp-49-43.smt2,unsat,268.18
/nec-smt/large/checkpass_pwd/prp-46-48.smt2,sat,551.37
/nec-smt/large/checkpass_pwd/prp-35-45.smt2,sat,215.75
/nec-smt/large/checkpass_pwd/prp-41-40.smt2,unsat,115.68
/nec-smt/large/checkpass_pwd/prp-51-50.smt2,unsat,805.63
/nec-smt/large/checkpass_pwd/prp-14-40.smt2,sat,92.51
/nec-smt/large/checkpass_pwd/prp-27-46.smt2,sat,280.9
/nec-smt/large/checkpass_pwd/prp-42-44.smt2,unsat,296.72
/nec-smt/large/checkpass_pwd/prp-31-43.smt2,sat,113.23
/nec-smt/large/checkpass_pwd/prp-50-46.smt2,unsat,440.19
/nec-smt/large/checkpass_pwd/prp-29-36.smt2,sat,60.18
/nec-smt/large/checkpass_pwd/prp-42-45.smt2,sat,418.93
/nec-smt/large/checkpass_pwd/prp-18-34.smt2,sat,23.99
/nec-smt/large/checkpass_pwd/prp-24-48.smt2,sat,422.96
/nec-smt/large/checkpass_pwd/prp-20-43.smt2,sat,179.77
/nec-smt/large/checkpass_pwd/prp-39-37.smt2,unsat,34.44
/nec-smt/large/checkpass_pwd/prp-5-47.smt2,sat,187.06
/nec-smt/large/checkpass_pwd/prp-26-43.smt2,unsat,244.95
/nec-smt/large/checkpass_pwd/prp-40-44.smt2,sat,460.23
/nec-smt/large/checkpass_pwd/prp-30-38.smt2,sat,51.51
/nec-smt/large/checkpass_pwd/prp-14-36.smt2,sat,54.61
/nec-smt/large/checkpass_pwd/prp-46-45.smt2,sat,367.7
/nec-smt/large/checkpass_pwd/prp-38-44.smt2,sat,367.27
/nec-smt/large/checkpass_pwd/prp-35-38.smt2,sat,19.77
/nec-smt/large/checkpass_pwd/prp-38-36.smt2,unsat,36.73
/nec-smt/large/checkpass_pwd/prp-26-44.smt2,sat,129.67
/nec-smt/large/checkpass_pwd/prp-41-43.smt2,unsat,236.1
/nec-smt/large/checkpass_pwd/prp-22-34.smt2,sat,39.35
/nec-smt/large/checkpass_pwd/prp-51-44.smt2,unsat,204.37
/nec-smt/large/checkpass_pwd/prp-32-44.smt2,sat,242.39
/nec-smt/large/checkpass_pwd/prp-50-44.smt2,unsat,320.1
/nec-smt/large/checkpass_pwd/prp-29-40.smt2,sat,120.23
/nec-smt/large/checkpass_pwd/prp-25-43.smt2,sat,162.82
/nec-smt/large/checkpass_pwd/prp-38-39.smt2,sat,144.37
/nec-smt/large/checkpass_pwd/prp-55-49.smt2,unsat,458.21
/nec-smt/large/checkpass_pwd/prp-19-41.smt2,sat,121.23
/nec-smt/large/checkpass_pwd/prp-33-42.smt2,sat,166.86
/nec-smt/large/checkpass_pwd/prp-25-47.smt2,sat,196.7
/nec-smt/large/checkpass_pwd/prp-17-40.smt2,sat,80.75
/nec-smt/large/checkpass_pwd/prp-7-45.smt2,sat,174.12
/nec-smt/large/checkpass_pwd/prp-32-50.smt2,sat,359.18
/nec-smt/large/checkpass_pwd/prp-22-39.smt2,sat,109.75
/nec-smt/large/checkpass_pwd/prp-16-38.smt2,sat,49.66
/nec-smt/large/checkpass_pwd/prp-16-46.smt2,sat,341.59
/nec-smt/large/checkpass_pwd/prp-21-35.smt2,sat,16.37
/nec-smt/large/checkpass_pwd/prp-14-44.smt2,sat,193.99
/nec-smt/large/checkpass_pwd/prp-36-39.smt2,sat,139.49
/nec-smt/large/checkpass_pwd/prp-30-34.smt2,sat,27.73
/nec-smt/large/checkpass_pwd/prp-21-41.smt2,sat,72.3
/nec-smt/large/checkpass_pwd/prp-8-48.smt2,sat,277.3
/nec-smt/large/checkpass_pwd/prp-16-43.smt2,sat,164.83
/nec-smt/large/checkpass_pwd/prp-40-40.smt2,unsat,103.99
/nec-smt/large/checkpass_pwd/prp-48-42.smt2,unsat,203.03
/nec-smt/large/checkpass_pwd/prp-27-44.smt2,sat,286.13
/nec-smt/large/checkpass_pwd/prp-13-41.smt2,sat,91.52
/nec-smt/large/checkpass_pwd/prp-22-37.smt2,sat,62.21
/nec-smt/large/checkpass_pwd/prp-34-41.smt2,sat,144.08
/nec-smt/large/checkpass_pwd/prp-18-42.smt2,sat,182.55
/nec-smt/large/checkpass_pwd/prp-21-39.smt2,sat,67.85
/nec-smt/large/checkpass_pwd/prp-57-47.smt2,unsat,264.92
/nec-smt/large/checkpass_pwd/prp-19-50.smt2,sat,403.55
/nec-smt/large/checkpass_pwd/prp-43-42.smt2,sat,264.38
/nec-smt/large/checkpass_pwd/prp-4-36.smt2,sat,21.63
/nec-smt/large/checkpass_pwd/prp-34-42.smt2,sat,201.5
/nec-smt/large/checkpass_pwd/prp-41-39.smt2,unsat,91.81
/nec-smt/large/checkpass_pwd/prp-47-50.smt2,sat,908.06
/nec-smt/large/checkpass_pwd/prp-19-48.smt2,sat,290.54
/nec-smt/large/checkpass_pwd/prp-16-36.smt2,sat,48.61
/nec-smt/large/checkpass_pwd/prp-41-48.smt2,sat,801.9
/nec-smt/large/checkpass_pwd/prp-38-40.smt2,unsat,142.87
/nec-smt/large/checkpass_pwd/prp-38-47.smt2,sat,541.73
/nec-smt/large/checkpass_pwd/prp-26-41.smt2,sat,71.2
/nec-smt/large/checkpass_pwd/prp-17-34.smt2,sat,17.15
/nec-smt/large/checkpass_pwd/prp-25-35.smt2,sat,44.79
/nec-smt/large/checkpass_pwd/prp-35-44.smt2,unsat,166.55
/nec-smt/large/checkpass_pwd/prp-20-40.smt2,sat,83.89
/nec-smt/large/checkpass_pwd/prp-16-44.smt2,sat,151.89
/nec-smt/large/checkpass_pwd/prp-43-44.smt2,sat,332.01
/nec-smt/large/checkpass_pwd/prp-37-47.smt2,unsat,460.93
/nec-smt/large/checkpass_pwd/prp-5-37.smt2,sat,17.72
/nec-smt/large/checkpass_pwd/prp-39-49.smt2,sat,777.21
/nec-smt/large/checkpass_pwd/prp-14-42.smt2,sat,155.9
/nec-smt/large/checkpass_pwd/prp-16-48.smt2,sat,278.25
/nec-smt/large/checkpass_pwd/prp-25-37.smt2,sat,68.28
/nec-smt/large/checkpass_pwd/prp-30-44.smt2,sat,213.85
/nec-smt/large/checkpass_pwd/prp-49-42.smt2,unsat,134.9
/nec-smt/large/checkpass_pwd/prp-15-37.smt2,sat,23.37
/nec-smt/large/checkpass_pwd/prp-43-38.smt2,unsat,78.7
/nec-smt/large/checkpass_pwd/prp-32-42.smt2,sat,183.09
/nec-smt/large/checkpass_pwd/prp-26-40.smt2,sat,48.48
/nec-smt/large/checkpass_pwd/prp-47-46.smt2,unsat,350.81
/nec-smt/large/checkpass_pwd/prp-40-42.smt2,unsat,190.65
/nec-smt/large/checkpass_pwd/prp-30-37.smt2,sat,73.69
/nec-smt/large/checkpass_pwd/prp-35-46.smt2,unsat,385.4
/nec-smt/large/checkpass_pwd/prp-18-46.smt2,sat,306.76
/nec-smt/large/checkpass_pwd/prp-35-41.smt2,sat,198.53
/nec-smt/large/checkpass_pwd/prp-19-37.smt2,sat,57.81
/nec-smt/large/checkpass_pwd/prp-14-37.smt2,sat,57.66
/nec-smt/large/checkpass_pwd/prp-22-42.smt2,sat,168.89
/nec-smt/large/checkpass_pwd/prp-19-35.smt2,sat,47.73
/nec-smt/large/checkpass_pwd/prp-29-47.smt2,sat,355.43
/nec-smt/large/checkpass_pwd/prp-36-50.smt2,sat,548.22
/nec-smt/large/checkpass_pwd/prp-4-47.smt2,sat,168.83
/nec-smt/large/checkpass_pwd/prp-47-45.smt2,sat,581.92
/nec-smt/large/checkpass_pwd/prp-32-35.smt2,sat,49.66
/nec-smt/large/checkpass_pwd/prp-44-44.smt2,unsat,310.32
/nec-smt/large/checkpass_pwd/prp-50-43.smt2,unsat,229.89
/nec-smt/large/checkpass_pwd/prp-7-38.smt2,sat,41.44
/nec-smt/large/checkpass_pwd/prp-29-44.smt2,sat,215.71
/nec-smt/large/checkpass_pwd/prp-33-38.smt2,sat,76.91
/nec-smt/large/checkpass_pwd/prp-24-49.smt2,sat,505.94
/nec-smt/large/checkpass_pwd/prp-5-36.smt2,sat,19.24
/nec-smt/large/checkpass_pwd/prp-45-50.smt2,sat,979.45
/nec-smt/large/checkpass_pwd/prp-27-41.smt2,sat,184.82
/nec-smt/large/checkpass_pwd/prp-4-42.smt2,sat,74.96
/nec-smt/large/checkpass_pwd/prp-7-41.smt2,sat,57.8
/nec-smt/large/checkpass_pwd/prp-34-36.smt2,unsat,54.74
/nec-smt/large/checkpass_pwd/prp-21-38.smt2,unsat,47.77
/nec-smt/large/checkpass_pwd/prp-18-40.smt2,sat,122.77
/nec-smt/large/checkpass_pwd/prp-23-36.smt2,sat,27.35
/nec-smt/large/checkpass_pwd/prp-24-46.smt2,sat,290.42
/nec-smt/large/checkpass_pwd/prp-14-47.smt2,sat,274.79
/nec-smt/large/checkpass_pwd/prp-33-49.smt2,sat,394.11
/nec-smt/large/checkpass_pwd/prp-48-46.smt2,unsat,352.13
/nec-smt/large/checkpass_pwd/prp-14-34.smt2,sat,22.46
/nec-smt/large/checkpass_pwd/prp-45-44.smt2,unsat,227.44
/nec-smt/large/checkpass_pwd/prp-35-36.smt2,sat,24.7
/nec-smt/large/checkpass_pwd/prp-37-44.smt2,sat,165.44
/nec-smt/large/checkpass_pwd/prp-8-34.smt2,sat,16.43
/nec-smt/large/checkpass_pwd/prp-54-45.smt2,unsat,230.21
/nec-smt/large/checkpass_pwd/prp-25-34.smt2,sat,29.31
/nec-smt/large/checkpass_pwd/prp-22-35.smt2,sat,24.05
/nec-smt/large/checkpass_pwd/prp-36-40.smt2,failed,1200.0
/nec-smt/large/checkpass_pwd/prp-13-38.smt2,sat,53.3
/nec-smt/large/checkpass_pwd/prp-50-47.smt2,sat,504.13
/nec-smt/large/checkpass_pwd/prp-7-40.smt2,sat,50.39
/nec-smt/large/checkpass_pwd/prp-41-38.smt2,unsat,71.12
/nec-smt/large/checkpass_pwd/prp-27-47.smt2,sat,421.35
/nec-smt/large/checkpass_pwd/prp-17-47.smt2,sat,295.05
/nec-smt/large/checkpass_pwd/prp-39-42.smt2,unsat,271.3
/nec-smt/large/checkpass_pwd/prp-17-45.smt2,sat,205.94
/nec-smt/large/checkpass_pwd/prp-8-46.smt2,sat,138.66
/nec-smt/large/checkpass_pwd/prp-28-46.smt2,sat,411.0
/nec-smt/large/checkpass_pwd/prp-22-48.smt2,sat,509.51
/nec-smt/large/checkpass_pwd/prp-17-44.smt2,sat,174.6
/nec-smt/large/checkpass_pwd/prp-57-49.smt2,unsat,651.59
/nec-smt/large/checkpass_pwd/prp-13-42.smt2,sat,166.25
/nec-smt/large/checkpass_pwd/prp-12-35.smt2,sat,15.67
/nec-smt/large/checkpass_pwd/prp-32-47.smt2,sat,476.95
/nec-smt/large/checkpass_pwd/prp-5-40.smt2,sat,46.73
/nec-smt/large/checkpass_pwd/prp-22-47.smt2,sat,434.55
/nec-smt/large/checkpass_pwd/prp-61-50.smt2,unsat,697.95
/nec-smt/large/checkpass_pwd/prp-23-42.smt2,sat,77.49
/nec-smt/large/checkpass_pwd/prp-48-49.smt2,sat,847.59
/nec-smt/large/checkpass_pwd/prp-4-40.smt2,sat,46.04
/nec-smt/large/checkpass_pwd/prp-5-43.smt2,sat,105.65
/nec-smt/large/checkpass_pwd/prp-47-47.smt2,sat,415.3
/nec-smt/large/checkpass_pwd/prp-47-49.smt2,sat,770.42
/nec-smt/large/checkpass_pwd/prp-47-42.smt2,unsat,116.6
/nec-smt/large/checkpass_pwd/prp-32-49.smt2,sat,517.59
/nec-smt/large/checkpass_pwd/prp-58-49.smt2,unsat,539.4
/nec-smt/large/checkpass_pwd/prp-45-39.smt2,unsat,81.12
/nec-smt/large/checkpass_pwd/prp-17-46.smt2,sat,214.16
/nec-smt/large/checkpass_pwd/prp-33-44.smt2,sat,171.28
/nec-smt/large/checkpass_pwd/prp-8-43.smt2,sat,111.89
/nec-smt/large/checkpass_pwd/prp-41-44.smt2,unsat,251.7
/nec-smt/large/checkpass_pwd/prp-50-42.smt2,unsat,143.5
/nec-smt/large/checkpass_pwd/prp-28-42.smt2,sat,150.84
/nec-smt/large/checkpass_pwd/prp-46-43.smt2,sat,213.42
/nec-smt/large/checkpass_pwd/prp-48-43.smt2,unsat,174.59
/nec-smt/large/checkpass_pwd/prp-42-40.smt2,unsat,143.82
/nec-smt/large/checkpass_pwd/prp-22-38.smt2,sat,84.69
/nec-smt/large/checkpass_pwd/prp-41-47.smt2,sat,700.79
/nec-smt/large/checkpass_pwd/prp-49-49.smt2,sat,944.11
/nec-smt/large/checkpass_pwd/prp-30-35.smt2,sat,43.95
/nec-smt/large/checkpass_pwd/prp-45-45.smt2,sat,199.03
/nec-smt/large/checkpass_pwd/prp-14-38.smt2,sat,52.55
/nec-smt/large/checkpass_pwd/prp-24-41.smt2,sat,144.74
/nec-smt/large/checkpass_pwd/prp-32-45.smt2,sat,388.18
/nec-smt/large/checkpass_pwd/prp-30-43.smt2,sat,178.18
/nec-smt/large/checkpass_pwd/prp-7-46.smt2,sat,183.54
/nec-smt/large/checkpass_pwd/prp-40-41.smt2,sat,268.31
/nec-smt/large/checkpass_pwd/prp-14-48.smt2,sat,294.9
/nec-smt/large/checkpass_pwd/prp-45-46.smt2,failed,1200.0
/nec-smt/large/checkpass_pwd/prp-32-48.smt2,sat,430.05
/nec-smt/large/checkpass_pwd/prp-13-39.smt2,sat,58.69
/nec-smt/large/checkpass_pwd/prp-54-47.smt2,unsat,464.13
/nec-smt/large/checkpass_pwd/prp-17-48.smt2,sat,153.67
/nec-smt/large/checkpass_pwd/prp-36-46.smt2,sat,308.59
/nec-smt/large/checkpass_pwd/prp-45-48.smt2,sat,641.89
/nec-smt/large/checkpass_pwd/prp-44-41.smt2,unsat,99.63
/nec-smt/large/checkpass_pwd/prp-52-49.smt2,unsat,789.31
/nec-smt/large/checkpass_pwd/prp-32-39.smt2,sat,118.1
/nec-smt/large/checkpass_pwd/prp-22-41.smt2,sat,136.18
/nec-smt/large/checkpass_pwd/prp-36-34.smt2,unsat,23.89
/nec-smt/large/checkpass_pwd/prp-51-48.smt2,unsat,586.02
/nec-smt/large/checkpass_pwd/prp-50-50.smt2,sat,965.68
/nec-smt/large/checkpass_pwd/prp-16-45.smt2,sat,179.41
/nec-smt/large/checkpass_pwd/prp-17-42.smt2,sat,116.22
/nec-smt/large/checkpass_pwd/prp-39-40.smt2,unsat,113.55
/nec-smt/large/checkpass_pwd/prp-17-39.smt2,sat,59.67
/nec-smt/large/checkpass_pwd/prp-30-45.smt2,sat,174.46
/nec-smt/large/checkpass_pwd/prp-36-36.smt2,unsat,30.65
/nec-smt/large/checkpass_pwd/prp-20-39.smt2,sat,80.68
/nec-smt/large/checkpass_pwd/prp-24-45.smt2,sat,214.94
/nec-smt/large/checkpass_pwd/prp-13-36.smt2,sat,50.8
/nec-smt/large/checkpass_pwd/prp-17-49.smt2,sat,334.5
/nec-smt/large/checkpass_pwd/prp-41-49.smt2,sat,977.53
/nec-smt/large/checkpass_pwd/prp-32-43.smt2,sat,348.91
/nec-smt/large/checkpass_pwd/prp-51-43.smt2,unsat,128.39
/nec-smt/large/checkpass_pwd/prp-44-42.smt2,unsat,77.1
/nec-smt/large/checkpass_pwd/prp-44-50.smt2,sat,599.3
/nec-smt/large/checkpass_pwd/prp-34-47.smt2,sat,288.53
/nec-smt/large/checkpass_pwd/prp-40-45.smt2,sat,428.56
/nec-smt/large/checkpass_pwd/prp-29-41.smt2,sat,148.35
/nec-smt/large/checkpass_pwd/prp-23-40.smt2,sat,73.44
/nec-smt/large/checkpass_pwd/prp-4-44.smt2,sat,93.25
/nec-smt/large/checkpass_pwd/prp-36-38.smt2,unsat,92.7
/nec-smt/large/checkpass_pwd/prp-62-49.smt2,unsat,380.48
/nec-smt/large/checkpass_pwd/prp-24-38.smt2,sat,77.74
/nec-smt/large/checkpass_pwd/prp-42-48.smt2,sat,730.94
/nec-smt/large/checkpass_pwd/prp-25-39.smt2,sat,90.18
/nec-smt/large/checkpass_pwd/prp-18-44.smt2,sat,208.4
/nec-smt/large/checkpass_pwd/prp-7-42.smt2,sat,52.91
/nec-smt/large/checkpass_pwd/prp-53-50.smt2,unsat,1195.7
/nec-smt/large/checkpass_pwd/prp-18-41.smt2,sat,110.98
/nec-smt/large/checkpass_pwd/prp-38-46.smt2,sat,281.41
/nec-smt/large/checkpass_pwd/prp-32-37.smt2,sat,73.73
/nec-smt/large/checkpass_pwd/prp-17-36.smt2,sat,45.99
/nec-smt/large/checkpass_pwd/prp-33-35.smt2,sat,45.08
/nec-smt/large/checkpass_pwd/prp-18-37.smt2,sat,46.21
/nec-smt/large/checkpass_pwd/prp-18-36.smt2,sat,55.17
/nec-smt/large/checkpass_pwd/prp-53-47.smt2,unsat,441.67
/nec-smt/large/checkpass_pwd/prp-52-45.smt2,unsat,375.39
/nec-smt/large/checkpass_pwd/prp-27-36.smt2,sat,55.99
/nec-smt/large/checkpass_pwd/prp-39-38.smt2,unsat,82.48
/nec-smt/large/checkpass_pwd/prp-14-35.smt2,sat,42.51
/nec-smt/large/checkpass_pwd/prp-25-50.smt2,sat,410.38
/nec-smt/large/checkpass_pwd/prp-47-40.smt2,unsat,77.67
/nec-smt/large/checkpass_pwd/prp-39-47.smt2,sat,448.46
/nec-smt/large/checkpass_pwd/prp-38-43.smt2,sat,243.54
/nec-smt/large/checkpass_pwd/prp-46-39.smt2,unsat,70.35
/nec-smt/large/checkpass_pwd/prp-37-42.smt2,sat,51.26
/nec-smt/large/checkpass_pwd/prp-31-39.smt2,sat,13.8
/nec-smt/large/checkpass_pwd/prp-14-49.smt2,sat,417.98
/nec-smt/large/checkpass_pwd/prp-25-44.smt2,sat,210.25
/nec-smt/large/checkpass_pwd/prp-21-40.smt2,unsat,112.13
/nec-smt/large/checkpass_pwd/prp-45-47.smt2,sat,409.65
/nec-smt/large/checkpass_pwd/prp-28-37.smt2,sat,70.49
/nec-smt/large/checkpass_pwd/prp-54-48.smt2,sat,814.37
/nec-smt/large/checkpass_pwd/prp-12-34.smt2,sat,6.0
/nec-smt/large/checkpass_pwd/prp-22-49.smt2,sat,364.79
/nec-smt/large/checkpass_pwd/prp-30-40.smt2,sat,115.14
/nec-smt/large/checkpass_pwd/prp-60-48.smt2,unsat,471.08
/nec-smt/large/checkpass_pwd/prp-20-36.smt2,sat,55.25
/nec-smt/large/checkpass_pwd/prp-18-45.smt2,sat,204.98
/nec-smt/large/checkpass_pwd/prp-47-43.smt2,unsat,213.22
/nec-smt/large/checkpass_pwd/prp-19-44.smt2,sat,210.36
/nec-smt/large/checkpass_pwd/prp-57-48.smt2,unsat,454.7
/nec-smt/large/checkpass_pwd/prp-44-48.smt2,sat,759.47
/nec-smt/large/checkpass_pwd/prp-5-50.smt2,sat,251.95
/nec-smt/large/checkpass_pwd/prp-49-50.smt2,sat,1071.51
/nec-smt/large/checkpass_pwd/prp-20-44.smt2,sat,172.9
/nec-smt/large/checkpass_pwd/prp-13-40.smt2,sat,76.52
/nec-smt/large/checkpass_pwd/prp-44-49.smt2,sat,924.56
/nec-smt/large/checkpass_pwd/prp-47-44.smt2,unsat,313.31
/nec-smt/large/checkpass_pwd/prp-20-50.smt2,sat,436.62
/nec-smt/large/checkpass_pwd/prp-34-40.smt2,sat,154.64
/nec-smt/large/checkpass_pwd/prp-27-43.smt2,sat,254.43
/nec-smt/large/checkpass_pwd/prp-7-34.smt2,sat,18.18
/nec-smt/large/checkpass_pwd/prp-5-48.smt2,sat,173.78
/nec-smt/large/checkpass_pwd/prp-41-42.smt2,unsat,168.33
/nec-smt/large/checkpass_pwd/prp-23-39.smt2,unsat,101.93
/nec-smt/large/checkpass_pwd/prp-27-49.smt2,sat,536.51
/nec-smt/large/checkpass_pwd/prp-26-37.smt2,sat,8.45
/nec-smt/large/checkpass_pwd/prp-4-50.smt2,sat,194.06
/nec-smt/large/checkpass_pwd/prp-8-41.smt2,sat,58.7
/nec-smt/large/checkpass_pwd/prp-19-36.smt2,sat,53.43
/nec-smt/large/checkpass_pwd/prp-36-37.smt2,sat,76.39
/nec-smt/large/checkpass_pwd/prp-40-48.smt2,sat,631.63
/nec-smt/large/checkpass_pwd/prp-17-43.smt2,sat,167.96
/nec-smt/large/checkpass_pwd/prp-29-49.smt2,sat,373.46
/nec-smt/large/checkpass_pwd/prp-59-48.smt2,unsat,396.71
/nec-smt/large/checkpass_pwd/prp-57-50.smt2,unsat,652.14
/nec-smt/large/checkpass_pwd/prp-44-45.smt2,sat,497.81
/nec-smt/large/checkpass_pwd/prp-13-35.smt2,sat,24.13
/nec-smt/large/checkpass_pwd/prp-43-49.smt2,sat,467.49
/nec-smt/large/checkpass_pwd/prp-19-45.smt2,sat,290.53
/nec-smt/large/checkpass_pwd/prp-8-49.smt2,sat,285.81
/nec-smt/large/checkpass_pwd/prp-10-35.smt2,sat,12.86
/nec-smt/large/checkpass_pwd/prp-34-48.smt2,sat,363.47
/nec-smt/large/checkpass_pwd/prp-29-42.smt2,sat,176.68
/nec-smt/large/checkpass_pwd/prp-16-42.smt2,sat,154.58
/nec-smt/large/checkpass_pwd/prp-30-47.smt2,sat,359.36
/nec-smt/large/checkpass_pwd/prp-48-47.smt2,sat,513.62
/nec-smt/large/getoption_user/prp-3-48.smt2,unsat,175.6
/nec-smt/large/getoption_user/prp-16-50.smt2,unsat,160.92
/nec-smt/large/getoption_user/prp-11-48.smt2,unsat,140.66
/nec-smt/large/getoption_user/prp-0-49.smt2,sat,384.51
/nec-smt/large/getoption_user/prp-1-49.smt2,sat,365.85
/nec-smt/large/getoption_user/prp-13-47.smt2,unsat,160.67
/nec-smt/large/getoption_user/prp-26-46.smt2,sat,153.87
/nec-smt/large/getoption_user/prp-33-47.smt2,unsat,141.14
/nec-smt/large/getoption_user/prp-10-46.smt2,unsat,121.37
/nec-smt/large/getoption_user/prp-33-46.smt2,unsat,145.1
/nec-smt/large/getoption_user/prp-25-48.smt2,unsat,145.09
/nec-smt/large/getoption_user/prp-7-50.smt2,sat,349.38
/nec-smt/large/getoption_user/prp-28-50.smt2,unsat,356.35
/nec-smt/large/getoption_user/prp-0-48.smt2,sat,319.57
/nec-smt/large/getoption_user/prp-34-49.smt2,sat,358.34
/nec-smt/large/getoption_user/prp-13-48.smt2,unsat,184.28
/nec-smt/large/getoption_user/prp-47-48.smt2,sat,229.43
/nec-smt/large/getoption_user/prp-25-49.smt2,unsat,168.87
/nec-smt/large/getoption_user/prp-25-46.smt2,unsat,104.88
/nec-smt/large/getoption_user/prp-22-50.smt2,unsat,233.53
/nec-smt/large/getoption_user/prp-9-47.smt2,unsat,180.82
/nec-smt/large/getoption_user/prp-35-48.smt2,sat,242.83
/nec-smt/large/getoption_user/prp-49-46.smt2,unsat,94.27
/nec-smt/large/getoption_user/prp-43-47.smt2,unsat,102.4
/nec-smt/large/getoption_user/prp-28-49.smt2,unsat,370.7
/nec-smt/large/getoption_user/prp-15-49.smt2,sat,368.54
/nec-smt/large/getoption_user/prp-12-46.smt2,sat,215.67
/nec-smt/large/getoption_user/prp-9-49.smt2,unsat,230.97
/nec-smt/large/getoption_user/prp-6-49.smt2,sat,302.48
/nec-smt/large/getoption_user/prp-33-48.smt2,unsat,185.77
/nec-smt/large/getoption_user/prp-46-50.smt2,unsat,198.28
/nec-smt/large/getoption_user/prp-20-48.smt2,sat,237.02
/nec-smt/large/getoption_user/prp-30-49.smt2,unsat,198.6
/nec-smt/large/getoption_user/prp-2-46.smt2,unsat,132.24
/nec-smt/large/getoption_user/prp-4-48.smt2,sat,366.01
/nec-smt/large/getoption_user/prp-36-48.smt2,sat,301.48
/nec-smt/large/getoption_user/prp-42-49.smt2,unsat,182.4
/nec-smt/large/getoption_user/prp-49-47.smt2,unsat,118.14
/nec-smt/large/getoption_user/prp-18-50.smt2,sat,433.29
/nec-smt/large/getoption_user/prp-31-49.smt2,sat,233.53
/nec-smt/large/getoption_user/prp-1-48.smt2,sat,318.41
/nec-smt/large/getoption_user/prp-23-47.smt2,unsat,121.08
/nec-smt/large/getoption_user/prp-17-50.smt2,unsat,162.96
/nec-smt/large/getoption_user/prp-38-49.smt2,unsat,193.14
/nec-smt/large/getoption_user/prp-39-50.smt2,sat,338.72
/nec-smt/large/getoption_user/prp-23-48.smt2,unsat,115.13
/nec-smt/large/getoption_user/prp-29-48.smt2,unsat,201.21
/nec-smt/large/getoption_user/prp-0-50.smt2,sat,307.19
/nec-smt/large/getoption_user/prp-15-46.smt2,sat,131.33
/nec-smt/large/getoption_user/prp-30-50.smt2,unsat,278.02
/nec-smt/large/getoption_user/prp-13-50.smt2,unsat,282.13
/nec-smt/large/getoption_user/prp-20-49.smt2,sat,239.87
/nec-smt/large/getoption_user/prp-11-46.smt2,unsat,108.67
/nec-smt/large/getoption_user/prp-20-46.smt2,sat,102.21
/nec-smt/large/getoption_user/prp-31-50.smt2,sat,265.72
/nec-smt/large/getoption_user/prp-18-49.smt2,sat,368.47
/nec-smt/large/getoption_user/prp-11-50.smt2,unsat,205.33
/nec-smt/large/getoption_user/prp-19-47.smt2,unsat,110.66
/nec-smt/large/getoption_user/prp-40-50.smt2,unsat,236.47
/nec-smt/large/getoption_user/prp-15-48.smt2,sat,296.5
/nec-smt/large/getoption_user/prp-42-50.smt2,unsat,282.98
/nec-smt/large/getoption_user/prp-5-46.smt2,sat,222.32
/nec-smt/large/getoption_user/prp-16-47.smt2,unsat,144.32
/nec-smt/large/getoption_user/prp-8-47.smt2,unsat,116.92
/nec-smt/large/getoption_user/prp-0-47.smt2,sat,264.89
/nec-smt/large/getoption_user/prp-29-46.smt2,unsat,129.79
/nec-smt/large/getoption_user/prp-43-46.smt2,unsat,92.47
/nec-smt/large/getoption_user/prp-13-49.smt2,unsat,198.17
/nec-smt/large/getoption_user/prp-6-50.smt2,sat,326.92
/nec-smt/large/getoption_user/prp-46-46.smt2,unsat,105.84
/nec-smt/large/getoption_user/prp-46-49.smt2,unsat,131.35
/nec-smt/large/getoption_user/prp-50-48.smt2,sat,247.18
/nec-smt/large/getoption_user/prp-13-46.smt2,unsat,90.78
/nec-smt/large/getoption_user/prp-22-46.smt2,unsat,102.25
/nec-smt/large/getoption_user/prp-43-48.smt2,unsat,145.42
/nec-smt/large/getoption_user/prp-48-48.smt2,unsat,139.48
/nec-smt/large/getoption_user/prp-18-48.smt2,sat,297.95
/nec-smt/large/getoption_user/prp-18-47.smt2,sat,276.8
/nec-smt/large/getoption_user/prp-44-47.smt2,unsat,133.87
/nec-smt/large/getoption_user/prp-19-46.smt2,unsat,98.22
/nec-smt/large/getoption_user/prp-40-47.smt2,unsat,144.87
/nec-smt/large/getoption_user/prp-28-47.smt2,unsat,162.74
/nec-smt/large/getoption_user/prp-15-50.smt2,sat,458.34
/nec-smt/large/getoption_user/prp-23-50.smt2,unsat,153.76
/nec-smt/large/getoption_user/prp-39-48.smt2,unsat,164.58
/nec-smt/large/getoption_user/prp-3-49.smt2,unsat,234.86
/nec-smt/large/getoption_user/prp-8-50.smt2,unsat,281.6
/nec-smt/large/getoption_user/prp-14-46.smt2,sat,235.73
/nec-smt/large/getoption_user/prp-21-48.smt2,sat,289.5
/nec-smt/large/getoption_user/prp-26-50.smt2,sat,232.07
/nec-smt/large/getoption_user/prp-6-48.smt2,sat,268.62
/nec-smt/large/getoption_user/prp-36-49.smt2,sat,358.94
/nec-smt/large/getoption_user/prp-32-46.smt2,unsat,90.39
/nec-smt/large/getoption_user/prp-40-46.smt2,unsat,123.6
/nec-smt/large/getoption_user/prp-37-48.smt2,unsat,129.75
/nec-smt/large/getoption_user/prp-2-47.smt2,unsat,154.95
/nec-smt/large/getoption_user/prp-9-46.smt2,unsat,131.67
/nec-smt/large/getoption_user/prp-51-47.smt2,unsat,131.16
/nec-smt/large/getoption_user/prp-28-48.smt2,unsat,203.16
/nec-smt/large/getoption_user/prp-4-49.smt2,sat,359.51
/nec-smt/large/getoption_user/prp-3-46.smt2,unsat,129.56
/nec-smt/large/getoption_user/prp-43-50.smt2,unsat,243.25
/nec-smt/large/getoption_user/prp-7-48.smt2,sat,215.64
/nec-smt/large/getoption_user/prp-7-49.smt2,sat,122.62
/nec-smt/large/getoption_user/prp-29-50.smt2,unsat,338.25
/nec-smt/large/getoption_user/prp-4-46.smt2,sat,225.01
/nec-smt/large/getoption_user/prp-37-50.smt2,unsat,226.69
/nec-smt/large/getoption_user/prp-38-50.smt2,unsat,205.35
/nec-smt/large/getoption_user/prp-36-47.smt2,sat,201.32
/nec-smt/large/getoption_user/prp-2-50.smt2,unsat,287.19
/nec-smt/large/getoption_user/prp-9-48.smt2,unsat,215.44
/nec-smt/large/getoption_user/prp-44-46.smt2,unsat,105.13
/nec-smt/large/getoption_user/prp-35-49.smt2,sat,274.56
/nec-smt/large/getoption_user/prp-48-50.smt2,unsat,200.97
/nec-smt/large/getoption_user/prp-30-46.smt2,unsat,142.45
/nec-smt/large/getoption_user/prp-42-47.smt2,unsat,150.1
/nec-smt/large/getoption_user/prp-26-49.smt2,sat,233.26
/nec-smt/large/getoption_user/prp-41-46.smt2,unsat,120.32
/nec-smt/large/getoption_user/prp-46-47.smt2,unsat,114.34
/nec-smt/large/getoption_user/prp-21-50.smt2,sat,433.88
/nec-smt/large/getoption_user/prp-41-50.smt2,unsat,224.13
/nec-smt/large/getoption_user/prp-11-47.smt2,unsat,153.53
/nec-smt/large/getoption_user/prp-27-48.smt2,sat,288.36
/nec-smt/large/getoption_user/prp-33-50.smt2,unsat,350.67
/nec-smt/large/getoption_user/prp-49-48.smt2,unsat,145.26
/nec-smt/large/getoption_user/prp-51-49.smt2,unsat,195.8
/nec-smt/large/getoption_user/prp-24-47.smt2,sat,232.21
/nec-smt/large/getoption_user/prp-50-49.smt2,unsat,188.94
/nec-smt/large/getoption_user/prp-38-48.smt2,unsat,154.61
/nec-smt/large/getoption_user/prp-19-49.smt2,unsat,145.05
/nec-smt/large/getoption_user/prp-45-49.smt2,unsat,177.66
/nec-smt/large/getoption_user/prp-16-49.smt2,unsat,188.83
/nec-smt/large/getoption_user/prp-14-50.smt2,sat,442.59
/nec-smt/large/getoption_user/prp-39-46.smt2,unsat,100.76
/nec-smt/large/getoption_user/prp-27-50.smt2,sat,267.16
/nec-smt/large/getoption_user/prp-40-49.smt2,unsat,247.93
/nec-smt/large/getoption_user/prp-35-47.smt2,sat,174.55
/nec-smt/large/getoption_user/prp-12-47.smt2,sat,309.01
/nec-smt/large/getoption_user/prp-20-47.smt2,sat,173.11
/nec-smt/large/getoption_user/prp-37-46.smt2,unsat,106.41
/nec-smt/large/getoption_user/prp-34-50.smt2,unsat,225.0
/nec-smt/large/getoption_user/prp-24-50.smt2,sat,456.1
/nec-smt/large/getoption_user/prp-5-49.smt2,sat,355.38
/nec-smt/large/getoption_user/prp-12-48.smt2,sat,401.72
/nec-smt/large/getoption_user/prp-7-47.smt2,sat,210.73
/nec-smt/large/getoption_user/prp-31-47.smt2,sat,177.92
/nec-smt/large/getoption_user/prp-23-49.smt2,unsat,220.26
/nec-smt/large/getoption_user/prp-42-46.smt2,unsat,99.77
/nec-smt/large/getoption_user/prp-34-46.smt2,sat,181.85
/nec-smt/large/getoption_user/prp-30-48.smt2,unsat,216.86
/nec-smt/large/getoption_user/prp-46-48.smt2,unsat,132.76
/nec-smt/large/getoption_user/prp-23-46.smt2,unsat,113.2
/nec-smt/large/getoption_user/prp-51-50.smt2,unsat,223.0
/nec-smt/large/getoption_user/prp-27-46.smt2,sat,165.19
/nec-smt/large/getoption_user/prp-50-46.smt2,sat,175.99
/nec-smt/large/getoption_user/prp-2-49.smt2,unsat,263.57
/nec-smt/large/getoption_user/prp-24-48.smt2,sat,234.35
/nec-smt/large/getoption_user/prp-5-47.smt2,sat,245.13
/nec-smt/large/getoption_user/prp-1-50.smt2,sat,451.27
/nec-smt/large/getoption_user/prp-10-48.smt2,unsat,151.78
/nec-smt/large/getoption_user/prp-25-47.smt2,unsat,93.98
/nec-smt/large/getoption_user/prp-21-49.smt2,sat,338.58
/nec-smt/large/getoption_user/prp-32-50.smt2,unsat,197.09
/nec-smt/large/getoption_user/prp-16-46.smt2,unsat,106.67
/nec-smt/large/getoption_user/prp-8-48.smt2,unsat,196.37
/nec-smt/large/getoption_user/prp-19-50.smt2,unsat,184.92
/nec-smt/large/getoption_user/prp-1-46.smt2,sat,207.12
/nec-smt/large/getoption_user/prp-21-47.smt2,sat,263.76
/nec-smt/large/getoption_user/prp-47-50.smt2,unsat,202.23
/nec-smt/large/getoption_user/prp-19-48.smt2,unsat,122.86
/nec-smt/large/getoption_user/prp-41-48.smt2,unsat,184.65
/nec-smt/large/getoption_user/prp-38-47.smt2,unsat,101.84
/nec-smt/large/getoption_user/prp-26-48.smt2,sat,234.73
/nec-smt/large/getoption_user/prp-37-47.smt2,unsat,132.73
/nec-smt/large/getoption_user/prp-39-49.smt2,unsat,221.73
/nec-smt/large/getoption_user/prp-16-48.smt2,unsat,166.26
/nec-smt/large/getoption_user/prp-47-46.smt2,sat,155.2
/nec-smt/large/getoption_user/prp-37-49.smt2,unsat,177.55
/nec-smt/large/getoption_user/prp-35-46.smt2,sat,169.96
/nec-smt/large/getoption_user/prp-18-46.smt2,sat,237.17
/nec-smt/large/getoption_user/prp-29-47.smt2,sat,257.6
/nec-smt/large/getoption_user/prp-36-50.smt2,sat,274.24
/nec-smt/large/getoption_user/prp-4-47.smt2,sat,278.02
/nec-smt/large/getoption_user/prp-0-46.smt2,sat,214.81
/nec-smt/large/getoption_user/prp-24-49.smt2,sat,363.22
/nec-smt/large/getoption_user/prp-45-50.smt2,unsat,228.22
/nec-smt/large/getoption_user/prp-24-46.smt2,sat,150.52
/nec-smt/large/getoption_user/prp-14-47.smt2,sat,257.23
/nec-smt/large/getoption_user/prp-33-49.smt2,unsat,321.2
/nec-smt/large/getoption_user/prp-12-50.smt2,sat,478.08
/nec-smt/large/getoption_user/prp-48-46.smt2,unsat,80.64
/nec-smt/large/getoption_user/prp-2-48.smt2,unsat,161.89
/nec-smt/large/getoption_user/prp-50-47.smt2,unsat,141.97
/nec-smt/large/getoption_user/prp-27-47.smt2,sat,212.47
/nec-smt/large/getoption_user/prp-17-47.smt2,unsat,99.49
/nec-smt/large/getoption_user/prp-8-46.smt2,unsat,107.14
/nec-smt/large/getoption_user/prp-10-47.smt2,unsat,148.95
/nec-smt/large/getoption_user/prp-28-46.smt2,unsat,151.86
/nec-smt/large/getoption_user/prp-22-48.smt2,unsat,100.85
/nec-smt/large/getoption_user/prp-6-47.smt2,sat,147.8
/nec-smt/large/getoption_user/prp-32-47.smt2,unsat,122.88
/nec-smt/large/getoption_user/prp-22-47.smt2,unsat,131.35
/nec-smt/large/getoption_user/prp-48-49.smt2,unsat,41.54
/nec-smt/large/getoption_user/prp-47-47.smt2,unsat,131.2
/nec-smt/large/getoption_user/prp-47-49.smt2,unsat,205.07
/nec-smt/large/getoption_user/prp-32-49.smt2,unsat,168.64
/nec-smt/large/getoption_user/prp-17-46.smt2,unsat,112.48
/nec-smt/large/getoption_user/prp-10-50.smt2,unsat,285.03
/nec-smt/large/getoption_user/prp-41-47.smt2,unsat,122.06
/nec-smt/large/getoption_user/prp-49-49.smt2,unsat,180.34
/nec-smt/large/getoption_user/prp-3-47.smt2,unsat,161.67
/nec-smt/large/getoption_user/prp-7-46.smt2,sat,121.59
/nec-smt/large/getoption_user/prp-14-48.smt2,sat,289.66
/nec-smt/large/getoption_user/prp-45-46.smt2,unsat,88.73
/nec-smt/large/getoption_user/prp-32-48.smt2,unsat,88.64
/nec-smt/large/getoption_user/prp-31-46.smt2,sat,154.35
/nec-smt/large/getoption_user/prp-17-48.smt2,unsat,167.99
/nec-smt/large/getoption_user/prp-36-46.smt2,sat,179.06
/nec-smt/large/getoption_user/prp-45-48.smt2,unsat,163.53
/nec-smt/large/getoption_user/prp-10-49.smt2,unsat,170.01
/nec-smt/large/getoption_user/prp-1-47.smt2,sat,284.56
/nec-smt/large/getoption_user/prp-12-49.smt2,sat,446.81
/nec-smt/large/getoption_user/prp-51-48.smt2,unsat,138.64
/nec-smt/large/getoption_user/prp-50-50.smt2,sat,416.1
/nec-smt/large/getoption_user/prp-35-50.smt2,sat,323.1
/nec-smt/large/getoption_user/prp-17-49.smt2,unsat,143.22
/nec-smt/large/getoption_user/prp-41-49.smt2,unsat,257.03
/nec-smt/large/getoption_user/prp-44-50.smt2,unsat,275.64
/nec-smt/large/getoption_user/prp-34-47.smt2,unsat,135.06
/nec-smt/large/getoption_user/prp-42-48.smt2,unsat,178.86
/nec-smt/large/getoption_user/prp-15-47.smt2,sat,258.2
/nec-smt/large/getoption_user/prp-38-46.smt2,unsat,91.8
/nec-smt/large/getoption_user/prp-21-46.smt2,sat,198.78
/nec-smt/large/getoption_user/prp-9-50.smt2,unsat,324.4
/nec-smt/large/getoption_user/prp-6-46.smt2,sat,153.02
/nec-smt/large/getoption_user/prp-25-50.smt2,unsat,189.82
/nec-smt/large/getoption_user/prp-11-49.smt2,unsat,234.51
/nec-smt/large/getoption_user/prp-39-47.smt2,sat,206.5
/nec-smt/large/getoption_user/prp-3-50.smt2,unsat,306.56
/nec-smt/large/getoption_user/prp-14-49.smt2,sat,410.75
/nec-smt/large/getoption_user/prp-45-47.smt2,unsat,130.9
/nec-smt/large/getoption_user/prp-22-49.smt2,unsat,170.4
/nec-smt/large/getoption_user/prp-26-47.smt2,sat,200.94
/nec-smt/large/getoption_user/prp-44-48.smt2,unsat,157.21
/nec-smt/large/getoption_user/prp-5-50.smt2,sat,414.62
/nec-smt/large/getoption_user/prp-49-50.smt2,unsat,167.11
/nec-smt/large/getoption_user/prp-31-48.smt2,sat,233.67
/nec-smt/large/getoption_user/prp-44-49.smt2,sat,274.7
/nec-smt/large/getoption_user/prp-20-50.smt2,sat,260.32
/nec-smt/large/getoption_user/prp-5-48.smt2,sat,332.74
/nec-smt/large/getoption_user/prp-27-49.smt2,sat,262.72
/nec-smt/large/getoption_user/prp-4-50.smt2,sat,483.75
/nec-smt/large/getoption_user/prp-40-48.smt2,unsat,201.79
/nec-smt/large/getoption_user/prp-29-49.smt2,unsat,205.58
/nec-smt/large/getoption_user/prp-43-49.smt2,unsat,142.12
/nec-smt/large/getoption_user/prp-8-49.smt2,unsat,247.49
/nec-smt/large/getoption_user/prp-34-48.smt2,unsat,164.56
/nec-smt/large/getoption_user/prp-30-47.smt2,unsat,165.57
/nec-smt/large/getoption_user/prp-48-47.smt2,unsat,119.81
/nec-smt/large/getoption/prp-1-198.smt2,unsat,212.4
/nec-smt/large/getoption/prp-2-196.smt2,failed,1200.0
/nec-smt/large/getoption/prp-3-200.smt2,failed,1200.0
/nec-smt/large/getoption/prp-0-200.smt2,failed,1200.0
/nec-smt/large/getoption/prp-1-199.smt2,unsat,153.45
/nec-smt/large/getoption/prp-2-200.smt2,failed,1200.0
/nec-smt/large/getoption/prp-3-198.smt2,failed,1200.0
/nec-smt/large/getoption/prp-0-196.smt2,failed,1200.0
/nec-smt/large/getoption/prp-0-198.smt2,failed,1200.0
/nec-smt/large/getoption/prp-2-198.smt2,failed,1200.0
/nec-smt/large/getoption/prp-0-197.smt2,failed,1200.0
/nec-smt/large/getoption/prp-0-199.smt2,failed,1200.0
/nec-smt/large/getoption/prp-1-196.smt2,unsat,186.15
/nec-smt/large/getoption/prp-1-200.smt2,unsat,127.7
/nec-smt/large/getoption/prp-2-197.smt2,failed,1200.0
/nec-smt/large/getoption/prp-3-197.smt2,failed,1200.0
/nec-smt/large/getoption/prp-3-199.smt2,failed,1200.0
/nec-smt/large/getoption/prp-1-197.smt2,unsat,171.03
/nec-smt/large/getoption/prp-2-199.smt2,failed,1200.0
/nec-smt/large/getoption/prp-3-196.smt2,failed,1200.0
/nec-smt/large/user_is_in_group/prp-3-48.smt2,sat,217.43
/nec-smt/large/user_is_in_group/prp-16-50.smt2,sat,586.4
/nec-smt/large/user_is_in_group/prp-11-48.smt2,sat,368.11
/nec-smt/large/user_is_in_group/prp-0-49.smt2,sat,254.47
/nec-smt/large/user_is_in_group/prp-1-49.smt2,sat,423.0
/nec-smt/large/user_is_in_group/prp-13-47.smt2,sat,346.77
/nec-smt/large/user_is_in_group/prp-10-46.smt2,sat,176.73
/nec-smt/large/user_is_in_group/prp-7-50.smt2,sat,421.4
/nec-smt/large/user_is_in_group/prp-0-48.smt2,sat,189.64
/nec-smt/large/user_is_in_group/prp-13-48.smt2,sat,333.57
/nec-smt/large/user_is_in_group/prp-22-50.smt2,sat,311.95
/nec-smt/large/user_is_in_group/prp-9-47.smt2,sat,189.3
/nec-smt/large/user_is_in_group/prp-15-49.smt2,sat,435.1
/nec-smt/large/user_is_in_group/prp-12-46.smt2,sat,289.96
/nec-smt/large/user_is_in_group/prp-9-49.smt2,sat,365.59
/nec-smt/large/user_is_in_group/prp-6-49.smt2,sat,386.92
/nec-smt/large/user_is_in_group/prp-20-48.smt2,sat,334.65
/nec-smt/large/user_is_in_group/prp-2-46.smt2,sat,236.15
/nec-smt/large/user_is_in_group/prp-4-48.smt2,sat,553.01
/nec-smt/large/user_is_in_group/prp-18-50.smt2,sat,147.48
/nec-smt/large/user_is_in_group/prp-1-48.smt2,sat,347.55
/nec-smt/large/user_is_in_group/prp-23-47.smt2,sat,277.58
/nec-smt/large/user_is_in_group/prp-17-50.smt2,sat,188.43
/nec-smt/large/user_is_in_group/prp-23-48.smt2,sat,405.9
/nec-smt/large/user_is_in_group/prp-0-50.smt2,sat,304.56
/nec-smt/large/user_is_in_group/prp-15-46.smt2,sat,154.69
/nec-smt/large/user_is_in_group/prp-13-50.smt2,sat,398.55
/nec-smt/large/user_is_in_group/prp-20-49.smt2,sat,145.99
/nec-smt/large/user_is_in_group/prp-11-46.smt2,sat,159.95
/nec-smt/large/user_is_in_group/prp-20-46.smt2,sat,215.48
/nec-smt/large/user_is_in_group/prp-18-49.smt2,sat,150.84
/nec-smt/large/user_is_in_group/prp-11-50.smt2,sat,456.88
/nec-smt/large/user_is_in_group/prp-19-47.smt2,sat,305.63
/nec-smt/large/user_is_in_group/prp-15-48.smt2,sat,104.33
/nec-smt/large/user_is_in_group/prp-5-46.smt2,sat,213.44
/nec-smt/large/user_is_in_group/prp-16-47.smt2,sat,198.0
/nec-smt/large/user_is_in_group/prp-8-47.smt2,sat,213.5
/nec-smt/large/user_is_in_group/prp-0-47.smt2,sat,196.32
/nec-smt/large/user_is_in_group/prp-13-49.smt2,sat,365.29
/nec-smt/large/user_is_in_group/prp-6-50.smt2,sat,369.73
/nec-smt/large/user_is_in_group/prp-13-46.smt2,sat,268.48
/nec-smt/large/user_is_in_group/prp-22-46.smt2,sat,265.36
/nec-smt/large/user_is_in_group/prp-18-48.smt2,sat,121.13
/nec-smt/large/user_is_in_group/prp-18-47.smt2,sat,120.88
/nec-smt/large/user_is_in_group/prp-19-46.smt2,sat,300.41
/nec-smt/large/user_is_in_group/prp-15-50.smt2,sat,851.48
/nec-smt/large/user_is_in_group/prp-23-50.smt2,sat,519.95
/nec-smt/large/user_is_in_group/prp-3-49.smt2,sat,305.53
/nec-smt/large/user_is_in_group/prp-8-50.smt2,sat,384.0
/nec-smt/large/user_is_in_group/prp-14-46.smt2,sat,170.15
/nec-smt/large/user_is_in_group/prp-21-48.smt2,sat,483.71
/nec-smt/large/user_is_in_group/prp-6-48.smt2,sat,341.52
/nec-smt/large/user_is_in_group/prp-2-47.smt2,sat,175.2
/nec-smt/large/user_is_in_group/prp-9-46.smt2,sat,278.45
/nec-smt/large/user_is_in_group/prp-4-49.smt2,sat,291.87
/nec-smt/large/user_is_in_group/prp-3-46.smt2,sat,180.45
/nec-smt/large/user_is_in_group/prp-7-48.smt2,sat,301.31
/nec-smt/large/user_is_in_group/prp-7-49.smt2,sat,345.27
/nec-smt/large/user_is_in_group/prp-4-46.smt2,sat,287.07
/nec-smt/large/user_is_in_group/prp-2-50.smt2,sat,254.49
/nec-smt/large/user_is_in_group/prp-9-48.smt2,sat,191.85
/nec-smt/large/user_is_in_group/prp-21-50.smt2,sat,460.04
/nec-smt/large/user_is_in_group/prp-11-47.smt2,sat,304.1
/nec-smt/large/user_is_in_group/prp-24-47.smt2,sat,400.7
/nec-smt/large/user_is_in_group/prp-19-49.smt2,sat,558.52
/nec-smt/large/user_is_in_group/prp-16-49.smt2,sat,336.97
/nec-smt/large/user_is_in_group/prp-14-50.smt2,sat,336.76
/nec-smt/large/user_is_in_group/prp-12-47.smt2,sat,355.32
/nec-smt/large/user_is_in_group/prp-20-47.smt2,sat,394.58
/nec-smt/large/user_is_in_group/prp-24-50.smt2,sat,455.08
/nec-smt/large/user_is_in_group/prp-5-49.smt2,sat,610.41
/nec-smt/large/user_is_in_group/prp-12-48.smt2,sat,395.03
/nec-smt/large/user_is_in_group/prp-7-47.smt2,sat,422.06
/nec-smt/large/user_is_in_group/prp-23-49.smt2,sat,486.81
/nec-smt/large/user_is_in_group/prp-23-46.smt2,sat,149.56
/nec-smt/large/user_is_in_group/prp-2-49.smt2,sat,666.49
/nec-smt/large/user_is_in_group/prp-24-48.smt2,sat,417.23
/nec-smt/large/user_is_in_group/prp-5-47.smt2,sat,299.45
/nec-smt/large/user_is_in_group/prp-1-50.smt2,sat,450.05
/nec-smt/large/user_is_in_group/prp-10-48.smt2,sat,203.67
/nec-smt/large/user_is_in_group/prp-21-49.smt2,sat,297.94
/nec-smt/large/user_is_in_group/prp-16-46.smt2,sat,213.55
/nec-smt/large/user_is_in_group/prp-8-48.smt2,sat,381.52
/nec-smt/large/user_is_in_group/prp-19-50.smt2,sat,552.5
/nec-smt/large/user_is_in_group/prp-1-46.smt2,sat,114.71
/nec-smt/large/user_is_in_group/prp-21-47.smt2,sat,322.16
/nec-smt/large/user_is_in_group/prp-19-48.smt2,sat,364.24
/nec-smt/large/user_is_in_group/prp-16-48.smt2,sat,445.27
/nec-smt/large/user_is_in_group/prp-18-46.smt2,sat,84.43
/nec-smt/large/user_is_in_group/prp-4-47.smt2,sat,421.9
/nec-smt/large/user_is_in_group/prp-0-46.smt2,sat,122.13
/nec-smt/large/user_is_in_group/prp-24-49.smt2,sat,628.08
/nec-smt/large/user_is_in_group/prp-24-46.smt2,sat,320.38
/nec-smt/large/user_is_in_group/prp-14-47.smt2,sat,289.28
/nec-smt/large/user_is_in_group/prp-12-50.smt2,sat,743.91
/nec-smt/large/user_is_in_group/prp-2-48.smt2,sat,170.17
/nec-smt/large/user_is_in_group/prp-17-47.smt2,sat,358.82
/nec-smt/large/user_is_in_group/prp-8-46.smt2,sat,183.33
/nec-smt/large/user_is_in_group/prp-10-47.smt2,sat,201.12
/nec-smt/large/user_is_in_group/prp-22-48.smt2,sat,332.38
/nec-smt/large/user_is_in_group/prp-6-47.smt2,sat,300.05
/nec-smt/large/user_is_in_group/prp-22-47.smt2,sat,305.3
/nec-smt/large/user_is_in_group/prp-17-46.smt2,sat,229.91
/nec-smt/large/user_is_in_group/prp-10-50.smt2,sat,333.29
/nec-smt/large/user_is_in_group/prp-3-47.smt2,sat,184.62
/nec-smt/large/user_is_in_group/prp-7-46.smt2,sat,284.08
/nec-smt/large/user_is_in_group/prp-14-48.smt2,sat,177.12
/nec-smt/large/user_is_in_group/prp-17-48.smt2,sat,425.14
/nec-smt/large/user_is_in_group/prp-10-49.smt2,sat,185.85
/nec-smt/large/user_is_in_group/prp-1-47.smt2,sat,244.82
/nec-smt/large/user_is_in_group/prp-12-49.smt2,sat,477.49
/nec-smt/large/user_is_in_group/prp-17-49.smt2,sat,469.63
/nec-smt/large/user_is_in_group/prp-15-47.smt2,sat,106.32
/nec-smt/large/user_is_in_group/prp-21-46.smt2,sat,318.38
/nec-smt/large/user_is_in_group/prp-9-50.smt2,sat,546.86
/nec-smt/large/user_is_in_group/prp-6-46.smt2,sat,274.87
/nec-smt/large/user_is_in_group/prp-11-49.smt2,sat,707.62
/nec-smt/large/user_is_in_group/prp-3-50.smt2,sat,504.4
/nec-smt/large/user_is_in_group/prp-14-49.smt2,sat,366.69
/nec-smt/large/user_is_in_group/prp-22-49.smt2,sat,369.24
/nec-smt/large/user_is_in_group/prp-5-50.smt2,sat,589.13
/nec-smt/large/user_is_in_group/prp-20-50.smt2,sat,532.96
/nec-smt/large/user_is_in_group/prp-5-48.smt2,sat,440.3
/nec-smt/large/user_is_in_group/prp-4-50.smt2,sat,771.22
/nec-smt/large/user_is_in_group/prp-8-49.smt2,sat,415.0
/20230321-UltimateAutomizerSvcomp2023/jain_5-2.c_1.smt2,sat,0.0
/20230321-UltimateAutomizerSvcomp2023/jain_5-2.c_7.smt2,sat,0.0
/pidgeons/pigeon-hole-15.smt2,unsat,0.01
/pidgeons/pigeon-hole-10.smt2,unsat,0.0
/pidgeons/pigeon-hole-18.smt2,unsat,0.01
/pidgeons/pigeon-hole-12.smt2,unsat,0.0
/pidgeons/pigeon-hole-4.smt2,unsat,0.0
/pidgeons/pigeon-hole-2.smt2,unsat,0.0
/pidgeons/pigeon-hole-13.smt2,unsat,0.01
/pidgeons/pigeon-hole-14.smt2,unsat,0.01
/pidgeons/pigeon-hole-7.smt2,unsat,0.0
/pidgeons/pigeon-hole-16.smt2,unsat,0.01
/pidgeons/pigeon-hole-20.smt2,unsat,0.01
/pidgeons/pigeon-hole-9.smt2,unsat,0.0
/pidgeons/pigeon-hole-11.smt2,unsat,0.0
/pidgeons/pigeon-hole-6.smt2,unsat,0.01
/pidgeons/pigeon-hole-19.smt2,unsat,0.01
/pidgeons/pigeon-hole-8.smt2,unsat,0.0
/pidgeons/pigeon-hole-5.smt2,unsat,0.0
/pidgeons/pigeon-hole-3.smt2,unsat,0.0
/pidgeons/pigeon-hole-17.smt2,unsat,0.01
/2019-cmodelsdiff/wireRouting/p15.smt2,failed,1200.0
/2019-cmodelsdiff/wireRouting/wire.12.x.12.b.5.a.20_unsat.data.smt2,unsat,19.75
/2019-cmodelsdiff/wireRouting/fig9.smt2,unsat,0.37
/2019-cmodelsdiff/wireRouting/wire.10.x.10.b.5.a.25_sat.data.smt2,sat,1.19
/2019-cmodelsdiff/wireRouting/wire.12.x.12.b.5.a.15_unsat.data.smt2,unsat,196.76
/2019-cmodelsdiff/wireRouting/p7.smt2,unsat,0.86
/2019-cmodelsdiff/wireRouting/wire.10.x.10.b.5.a.20_unsat.data.smt2,unsat,1.65
/2019-cmodelsdiff/wireRouting/wire.10.x.10.b.5.a.35_sat.data.smt2,sat,1.05
/2019-cmodelsdiff/wireRouting/p25.smt2,failed,1200.0
/2019-cmodelsdiff/wireRouting/p20.smt2,failed,1200.0
/2019-cmodelsdiff/labyrinth/0143-labyrinth-14-0.smt2,failed,1200.0
/2019-cmodelsdiff/labyrinth/0051-labyrinth-12-0.smt2,failed,1200.0
/2019-cmodelsdiff/labyrinth/0084-labyrinth-17-0.smt2,failed,1200.0
/2019-cmodelsdiff/labyrinth/0003-labyrinth-11-0.smt2,failed,1200.0
/2019-cmodelsdiff/labyrinth/0092-labyrinth-17-0.smt2,failed,1200.0
/2019-cmodelsdiff/labyrinth/0110-labyrinth-16-0.smt2,failed,1200.0
/2019-cmodelsdiff/labyrinth/0125-labyrinth-23-0.smt2,failed,1200.0
/2019-cmodelsdiff/labyrinth/0198-labyrinth-19-0.smt2,failed,1200.0
/2019-cmodelsdiff/labyrinth/0075-labyrinth-13-0.smt2,failed,1200.0
/2019-cmodelsdiff/labyrinth/0181-labyrinth-17-0.smt2,failed,1200.0
/2019-cmodelsdiff/labyrinth/0036-labyrinth-17-0.smt2,failed,1200.0
/2019-cmodelsdiff/labyrinth/0043-labyrinth-13-0.smt2,failed,1200.0
/2019-cmodelsdiff/labyrinth/0117-labyrinth-23-0.smt2,failed,1200.0
/2019-cmodelsdiff/labyrinth/0100-labyrinth-17-0.smt2,failed,1200.0
/2019-cmodelsdiff/labyrinth/0233-labyrinth-22-0.smt2,failed,1200.0
/2019-cmodelsdiff/labyrinth/0018-labyrinth-11-0.smt2,failed,1200.0
/2019-cmodelsdiff/labyrinth/0206-labyrinth-20-0.smt2,failed,1200.0
/2019-cmodelsdiff/labyrinth/0150-labyrinth-16-0.smt2,failed,1200.0
/2019-cmodelsdiff/labyrinth/0159-labyrinth-20-0.smt2,failed,1200.0
/2019-cmodelsdiff/labyrinth/0190-labyrinth-18-0.smt2,failed,1200.0
/2019-cmodelsdiff/labyrinth/0225-labyrinth-21-0.smt2,failed,1200.0
/2019-cmodelsdiff/labyrinth/0165-labyrinth-13-0.smt2,failed,1200.0
/2019-cmodelsdiff/labyrinth/0238-labyrinth-22-0.smt2,failed,1200.0
/2019-cmodelsdiff/labyrinth/0011-labyrinth-12-0.smt2,failed,1200.0
/2019-cmodelsdiff/labyrinth/0216-labyrinth-21-0.smt2,failed,1200.0
/2019-cmodelsdiff/labyrinth/0067-labyrinth-18-0.smt2,failed,1200.0
/2019-cmodelsdiff/labyrinth/0059-labyrinth-13-0.smt2,failed,1200.0
/2019-cmodelsdiff/labyrinth/0028-labyrinth-12-0.smt2,failed,1200.0
/2019-cmodelsdiff/labyrinth/0132-labyrinth-12-0.smt2,failed,1200.0
/2019-cmodelsdiff/labyrinth/0175-labyrinth-15-0.smt2,failed,1200.0
/2019-cmodelsdiff/hamiltonianCircuit/14.lp.smt2,sat,0.13
/2019-cmodelsdiff/hamiltonianCircuit/24.lp.smt2,sat,0.18
/2019-cmodelsdiff/hamiltonianCircuit/21.lp.smt2,sat,0.16
/2019-cmodelsdiff/hamiltonianCircuit/37.lp.smt2,sat,0.13
/2019-cmodelsdiff/hamiltonianCircuit/38.lp.smt2,sat,0.17
/2019-cmodelsdiff/hamiltonianCircuit/41.lp.smt2,sat,0.19
/2019-cmodelsdiff/hamiltonianCircuit/39.lp.smt2,sat,0.09
/2019-cmodelsdiff/hamiltonianCircuit/22.lp.smt2,sat,0.13
/2019-cmodelsdiff/hamiltonianCircuit/5.lp.smt2,sat,0.16
/2019-cmodelsdiff/hamiltonianCircuit/26.lp.smt2,sat,0.11
/2019-cmodelsdiff/hamiltonianCircuit/43.lp.smt2,sat,0.15
/2019-cmodelsdiff/hamiltonianCircuit/28.lp.smt2,sat,0.14
/2019-cmodelsdiff/hamiltonianCircuit/18.lp.smt2,sat,0.16
/2019-cmodelsdiff/hamiltonianCircuit/4.lp.smt2,sat,0.11
/2019-cmodelsdiff/hamiltonianCircuit/32.lp.smt2,sat,0.15
/2019-cmodelsdiff/hamiltonianCircuit/1.lp.smt2,sat,0.15
/2019-cmodelsdiff/hamiltonianCircuit/25.lp.smt2,sat,0.15
/2019-cmodelsdiff/hamiltonianCircuit/19.lp.smt2,sat,0.14
/2019-cmodelsdiff/hamiltonianCircuit/12.lp.smt2,sat,0.13
/2019-cmodelsdiff/hamiltonianCircuit/40.lp.smt2,sat,0.15
/2019-cmodelsdiff/hamiltonianCircuit/29.lp.smt2,sat,0.18
/2019-cmodelsdiff/hamiltonianCircuit/7.lp.smt2,sat,0.12
/2019-cmodelsdiff/hamiltonianCircuit/44.lp.smt2,sat,0.13
/2019-cmodelsdiff/hamiltonianCircuit/0.lp.smt2,sat,0.14
/2019-cmodelsdiff/hamiltonianCircuit/11.lp.smt2,sat,0.15
/2019-cmodelsdiff/hamiltonianCircuit/35.lp.smt2,sat,0.14
/2019-cmodelsdiff/hamiltonianCircuit/23.lp.smt2,sat,0.18
/2019-cmodelsdiff/hamiltonianCircuit/36.lp.smt2,sat,0.13
/2019-cmodelsdiff/hamiltonianCircuit/30.lp.smt2,sat,0.13
/2019-cmodelsdiff/hamiltonianCircuit/8.lp.smt2,sat,0.15
/2019-cmodelsdiff/hamiltonianCircuit/13.lp.smt2,sat,0.15
/2019-cmodelsdiff/hamiltonianCircuit/33.lp.smt2,sat,0.11
/2019-cmodelsdiff/hamiltonianCircuit/47.lp.smt2,sat,0.15
/2019-cmodelsdiff/hamiltonianCircuit/6.lp.smt2,sat,0.16
/2019-cmodelsdiff/hamiltonianCircuit/9.lp.smt2,sat,0.12
/2019-cmodelsdiff/hamiltonianCircuit/48.lp.smt2,sat,0.13
/2019-cmodelsdiff/hamiltonianCircuit/20.lp.smt2,sat,0.13
/2019-cmodelsdiff/hamiltonianCircuit/3.lp.smt2,sat,0.13
/2019-cmodelsdiff/hamiltonianCircuit/34.lp.smt2,sat,0.17
/2019-cmodelsdiff/hamiltonianCircuit/31.lp.smt2,sat,0.19
/2019-cmodelsdiff/hamiltonianCircuit/49.lp.smt2,sat,0.14
/2019-cmodelsdiff/hamiltonianCircuit/46.lp.smt2,sat,0.14
/2019-cmodelsdiff/hamiltonianCircuit/45.lp.smt2,sat,0.13
/2019-cmodelsdiff/hamiltonianCircuit/42.lp.smt2,sat,0.14
/2019-cmodelsdiff/hamiltonianCircuit/15.lp.smt2,sat,0.11
/2019-cmodelsdiff/hamiltonianCircuit/17.lp.smt2,sat,0.12
/2019-cmodelsdiff/hamiltonianCircuit/16.lp.smt2,sat,0.15
/2019-cmodelsdiff/hamiltonianCircuit/27.lp.smt2,sat,0.16
/2019-cmodelsdiff/hamiltonianCircuit/10.lp.smt2,sat,0.13
/2019-cmodelsdiff/hamiltonianCircuit/2.lp.smt2,sat,0.14
/2019-cmodelsdiff/randomNontight/n40-sat-b4.lp.smt2,sat,0.1
/2019-cmodelsdiff/randomNontight/n40-sat-b17.lp.smt2,sat,0.1
/2019-cmodelsdiff/randomNontight/n40-sat-b3.lp.smt2,sat,0.1
/2019-cmodelsdiff/randomNontight/n40-sat-b6.lp.smt2,sat,0.11
/2019-cmodelsdiff/randomNontight/n40-sat-b14.lp.smt2,sat,0.11
/2019-cmodelsdiff/randomNontight/n40-sat-b7.lp.smt2,sat,0.1
/2019-cmodelsdiff/randomNontight/n40-sat-b2.lp.smt2,sat,0.11
/2019-cmodelsdiff/randomNontight/n40-sat-b1.lp.smt2,sat,0.11
/2019-cmodelsdiff/randomNontight/n40-sat-b20.lp.smt2,sat,0.1
/2019-cmodelsdiff/randomNontight/n40-sat-b13.lp.smt2,sat,0.1
/2019-cmodelsdiff/randomNontight/n40-sat-b19.lp.smt2,sat,0.1
/2019-cmodelsdiff/randomNontight/n40-sat-b9.lp.smt2,sat,0.1
/2019-cmodelsdiff/randomNontight/n40-sat-b5.lp.smt2,sat,0.1
/2019-cmodelsdiff/randomNontight/n40-sat-b12.lp.smt2,sat,0.09
/2019-cmodelsdiff/randomNontight/n40-sat-b11.lp.smt2,sat,0.11
/2019-cmodelsdiff/randomNontight/n40-sat-b16.lp.smt2,sat,0.09
/2019-cmodelsdiff/randomNontight/n40-sat-b10.lp.smt2,sat,0.1
/2019-cmodelsdiff/randomNontight/n40-sat-b18.lp.smt2,sat,0.09
/2019-cmodelsdiff/randomNontight/n40-sat-b15.lp.smt2,sat,0.11
/2019-cmodelsdiff/randomNontight/n40-sat-b8.lp.smt2,sat,0.1
/2019-cmodelsdiff/stillLive/0001-still_live-6-1.smt2,sat,0.1
/2019-cmodelsdiff/stillLive/0025-still_live-30-1.smt2,failed,1200.0
/2019-cmodelsdiff/stillLive/0009-still_live-14-1.smt2,sat,1.67
/2019-cmodelsdiff/stillLive/0026-still_live-31-1.smt2,failed,1200.0
/2019-cmodelsdiff/stillLive/0019-still_live-24-1.smt2,failed,1200.0
/2019-cmodelsdiff/stillLive/0004-still_live-9-1.smt2,sat,0.34
/2019-cmodelsdiff/stillLive/0008-still_live-13-1.smt2,sat,1.33
/2019-cmodelsdiff/stillLive/0012-still_live-17-1.smt2,failed,1200.0
/2019-cmodelsdiff/stillLive/0003-still_live-8-1.smt2,sat,0.25
/2019-cmodelsdiff/stillLive/0020-still_live-25-1.smt2,failed,1200.0
/2019-cmodelsdiff/stillLive/0006-still_live-11-1.smt2,sat,0.79
/2019-cmodelsdiff/stillLive/0017-still_live-22-1.smt2,failed,1200.0
/2019-cmodelsdiff/stillLive/0016-still_live-21-1.smt2,failed,1200.0
/2019-cmodelsdiff/stillLive/0011-still_live-16-1.smt2,failed,1200.0
/2019-cmodelsdiff/stillLive/0024-still_live-29-1.smt2,failed,1200.0
/2019-cmodelsdiff/stillLive/0013-still_live-18-1.smt2,failed,1200.0
/2019-cmodelsdiff/stillLive/0023-still_live-28-1.smt2,failed,1200.0
/2019-cmodelsdiff/stillLive/0021-still_live-26-1.smt2,failed,1200.0
/2019-cmodelsdiff/stillLive/0002-still_live-7-1.smt2,sat,0.15
/2019-cmodelsdiff/stillLive/0010-still_live-15-1.smt2,sat,2.22
/2019-cmodelsdiff/stillLive/0018-still_live-23-1.smt2,failed,1200.0
/2019-cmodelsdiff/stillLive/0014-still_live-19-1.smt2,failed,1200.0
/2019-cmodelsdiff/stillLive/0007-still_live-12-1.smt2,sat,1.08
/2019-cmodelsdiff/stillLive/0022-still_live-27-1.smt2,failed,1200.0
/2019-cmodelsdiff/stillLive/0005-still_live-10-1.smt2,sat,0.46
/2019-cmodelsdiff/stillLive/0015-still_live-20-1.smt2,failed,1200.0
/2019-cmodelsdiff/mutualExclusion/mutex4.smt2,sat,9.81
/2019-cmodelsdiff/mutualExclusion/mutex1.smt2,sat,0.09
/2019-cmodelsdiff/mutualExclusion/mutex3.smt2,sat,0.09
/2019-cmodelsdiff/mutualExclusion/mutex2.smt2,sat,0.01
/2019-cmodelsdiff/mutualExclusion/mutex0.smt2,sat,0.01
/2019-cmodelsdiff/boundsmodels/dp_10.formula1-s-O2-b9.smo2.smt2,sat,0.18
/2019-cmodelsdiff/boundsmodels/dp_8.formula1-s-O2-b8.smo2.smt2,sat,0.11
/2019-cmodelsdiff/boundsmodels/dp_12.formula1-i-O2-b14.smo2.smt2,sat,0.45
/2019-cmodelsdiff/boundsmodels/dp_10.formula1-i-O2-b12.smo2.smt2,sat,0.29
/2019-cmodelsdiff/boundsmodels/dp_8.formula1-i-O2-b10.smo2.smt2,sat,0.21
/2019-cmodelsdiff/boundsmodels/dp_6.formula1-s-O2-b7.smo2.smt2,sat,0.05
/2019-cmodelsdiff/boundsmodels/dp_12.formula1-s-O2-b10.smo2.smt2,sat,0.31
/2019-cmodelsdiff/boundsmodels/dp_6.formula1-i-O2-b8.smo2.smt2,sat,0.13
/convert/convert-jpg2gif-query-1560.smt2,sat,1.92
/convert/convert-jpg2gif-query-1232.smt2,unsat,0.03
/convert/convert-jpg2gif-query-1616.smt2,sat,4.24
/convert/convert-jpg2gif-query-1454.smt2,sat,0.39
/convert/convert-jpg2gif-query-1173.smt2,sat,0.07
/convert/convert-jpg2gif-query-1535.smt2,sat,1.69
/convert/convert-jpg2gif-query-1575.smt2,sat,1.81
/convert/convert-jpg2gif-query-1619.smt2,sat,3.54
/convert/convert-jpg2gif-query-2132.smt2,unsat,0.03
/convert/convert-jpg2gif-query-1194.smt2,sat,0.17
/convert/convert-jpg2gif-query-1179.smt2,sat,0.13
/convert/convert-jpg2gif-query-1538.smt2,sat,1.26
/convert/convert-jpg2gif-query-1359.smt2,sat,0.24
/convert/convert-jpg2gif-query-1243.smt2,unsat,0.06
/convert/convert-jpg2gif-query-2120.smt2,unsat,0.03
/convert/convert-jpg2gif-query-1504.smt2,sat,1.01
/convert/convert-jpg2gif-query-1191.smt2,sat,0.13
/convert/convert-jpg2gif-query-1551.smt2,sat,2.32
/convert/convert-jpg2gif-query-2133.smt2,unsat,0.05
/convert/convert-jpg2gif-query-1498.smt2,sat,0.97
/convert/convert-jpg2gif-query-1601.smt2,sat,1.32
/convert/convert-jpg2gif-query-1600.smt2,sat,0.53
/convert/convert-jpg2gif-query-1511.smt2,sat,1.1
/convert/convert-jpg2gif-query-2122.smt2,unsat,0.03
/convert/convert-jpg2gif-query-1434.smt2,sat,0.52
/convert/convert-jpg2gif-query-1421.smt2,sat,0.38
/convert/convert-jpg2gif-query-1189.smt2,sat,0.11
/convert/convert-jpg2gif-query-1404.smt2,sat,0.38
/convert/convert-jpg2gif-query-1523.smt2,sat,0.75
/convert/convert-jpg2gif-query-1394.smt2,sat,0.17
/convert/convert-jpg2gif-query-1208.smt2,sat,0.16
/convert/convert-jpg2gif-query-1460.smt2,sat,0.42
/convert/convert-jpg2gif-query-1171.smt2,sat,0.09
/convert/convert-jpg2gif-query-1502.smt2,sat,1.01
/convert/convert-jpg2gif-query-1406.smt2,sat,0.38
/convert/convert-jpg2gif-query-1610.smt2,sat,0.69
/convert/convert-jpg2gif-query-2136.smt2,failed,1200.0
/convert/convert-jpg2gif-query-1419.smt2,sat,0.32
/convert/convert-jpg2gif-query-1595.smt2,sat,1.96
/convert/convert-jpg2gif-query-1223.smt2,unsat,0.09
/convert/convert-jpg2gif-query-1418.smt2,sat,0.26
/convert/convert-jpg2gif-query-1379.smt2,sat,0.2
/convert/convert-jpg2gif-query-1370.smt2,sat,0.23
/convert/convert-jpg2gif-query-1408.smt2,sat,0.28
/convert/convert-jpg2gif-query-1553.smt2,sat,3.63
/convert/convert-jpg2gif-query-1534.smt2,sat,0.74
/convert/convert-jpg2gif-query-1550.smt2,sat,1.18
/convert/convert-jpg2gif-query-1430.smt2,sat,0.35
/convert/convert-jpg2gif-query-1596.smt2,sat,1.33
/convert/convert-jpg2gif-query-1148.smt2,sat,0.05
/convert/convert-jpg2gif-query-1525.smt2,sat,0.94
/convert/convert-jpg2gif-query-1474.smt2,sat,0.88
/convert/convert-jpg2gif-query-1609.smt2,sat,1.55
/convert/convert-jpg2gif-query-1192.smt2,sat,0.26
/convert/convert-jpg2gif-query-1565.smt2,sat,0.9
/convert/convert-jpg2gif-query-1584.smt2,sat,2.99
/convert/convert-jpg2gif-query-1497.smt2,sat,0.76
/convert/convert-jpg2gif-query-1427.smt2,sat,0.32
/convert/convert-jpg2gif-query-1172.smt2,sat,0.1
/convert/convert-jpg2gif-query-1160.smt2,sat,0.1
/convert/convert-jpg2gif-query-2130.smt2,unsat,0.04
/convert/convert-jpg2gif-query-2138.smt2,unsat,0.03
/convert/convert-jpg2gif-query-1602.smt2,sat,1.61
/convert/convert-jpg2gif-query-1442.smt2,sat,0.3
/convert/convert-jpg2gif-query-1559.smt2,sat,1.72
/convert/convert-jpg2gif-query-1416.smt2,sat,0.36
/convert/convert-jpg2gif-query-1154.smt2,sat,0.1
/convert/convert-jpg2gif-query-1413.smt2,sat,0.25
/convert/convert-jpg2gif-query-1347.smt2,sat,0.26
/convert/convert-jpg2gif-query-1182.smt2,sat,0.17
/convert/convert-jpg2gif-query-1569.smt2,sat,2.18
/convert/convert-jpg2gif-query-1486.smt2,sat,1.76
/convert/convert-jpg2gif-query-1453.smt2,sat,0.35
/convert/convert-jpg2gif-query-1533.smt2,sat,1.49
/convert/convert-jpg2gif-query-1447.smt2,sat,0.29
/convert/convert-jpg2gif-query-1152.smt2,sat,0.1
/convert/convert-jpg2gif-query-1212.smt2,unsat,0.04
/convert/convert-jpg2gif-query-1441.smt2,sat,0.23
/convert/convert-jpg2gif-query-1512.smt2,sat,0.56
/convert/convert-jpg2gif-query-1439.smt2,sat,0.23
/convert/convert-jpg2gif-query-2139.smt2,failed,1200.0
/convert/convert-jpg2gif-query-1144.smt2,sat,0.09
/convert/convert-jpg2gif-query-1140.smt2,sat,0.06
/convert/convert-jpg2gif-query-1614.smt2,sat,2.42
/convert/convert-jpg2gif-query-1405.smt2,sat,0.25
/convert/convert-jpg2gif-query-1607.smt2,sat,1.45
/convert/convert-jpg2gif-query-1386.smt2,sat,0.36
/convert/convert-jpg2gif-query-1174.smt2,sat,0.09
/convert/convert-jpg2gif-query-2121.smt2,unsat,0.03
/convert/convert-jpg2gif-query-1518.smt2,sat,1.46
/convert/convert-jpg2gif-query-1198.smt2,sat,0.17
/convert/convert-jpg2gif-query-1585.smt2,sat,1.43
/convert/convert-jpg2gif-query-1425.smt2,sat,0.29
/convert/convert-jpg2gif-query-1147.smt2,sat,0.1
/convert/convert-jpg2gif-query-1388.smt2,sat,0.33
/convert/convert-jpg2gif-query-1337.smt2,sat,0.18
/convert/convert-jpg2gif-query-1380.smt2,sat,0.25
/convert/convert-jpg2gif-query-1417.smt2,sat,0.27
/convert/convert-jpg2gif-query-1583.smt2,sat,1.72
/convert/convert-jpg2gif-query-1516.smt2,sat,0.58
/convert/convert-jpg2gif-query-1431.smt2,sat,0.19
/convert/convert-jpg2gif-query-1193.smt2,sat,0.12
/convert/convert-jpg2gif-query-1593.smt2,sat,1.8
/convert/convert-jpg2gif-query-1581.smt2,sat,2.33
/convert/convert-jpg2gif-query-1392.smt2,sat,0.35
/convert/convert-jpg2gif-query-1165.smt2,sat,0.1
/convert/convert-jpg2gif-query-1348.smt2,sat,0.22
/convert/convert-jpg2gif-query-1591.smt2,sat,1.27
/convert/convert-jpg2gif-query-1412.smt2,sat,0.31
/convert/convert-jpg2gif-query-1484.smt2,sat,1.7
/convert/convert-jpg2gif-query-1168.smt2,sat,0.08
/convert/convert-jpg2gif-query-1437.smt2,sat,0.34
/convert/convert-jpg2gif-query-1238.smt2,unsat,0.02
/convert/convert-jpg2gif-query-1577.smt2,unsat,0.48
/convert/convert-jpg2gif-query-1429.smt2,sat,0.23
/convert/convert-jpg2gif-query-1146.smt2,sat,0.09
/convert/convert-jpg2gif-query-1496.smt2,sat,0.55
/convert/convert-jpg2gif-query-1351.smt2,sat,0.23
/convert/convert-jpg2gif-query-1451.smt2,sat,0.37
/convert/convert-jpg2gif-query-1594.smt2,sat,1.58
/convert/convert-jpg2gif-query-1178.smt2,sat,0.21
/convert/convert-jpg2gif-query-2127.smt2,unsat,0.05
/convert/convert-jpg2gif-query-1438.smt2,sat,0.29
/convert/convert-jpg2gif-query-1228.smt2,unsat,0.06
/convert/convert-jpg2gif-query-1166.smt2,sat,0.1
/convert/convert-jpg2gif-query-1539.smt2,sat,2.68
/convert/convert-jpg2gif-query-1608.smt2,sat,1.22
/convert/convert-jpg2gif-query-1464.smt2,sat,0.39
/convert/convert-jpg2gif-query-1181.smt2,sat,0.14
/convert/convert-jpg2gif-query-1443.smt2,sat,0.66
/convert/convert-jpg2gif-query-1396.smt2,sat,0.4
/convert/convert-jpg2gif-query-2141.smt2,unsat,0.03
/convert/convert-jpg2gif-query-1526.smt2,sat,1.32
/convert/convert-jpg2gif-query-1491.smt2,sat,1.36
/convert/convert-jpg2gif-query-1167.smt2,sat,0.08
/convert/convert-jpg2gif-query-1476.smt2,sat,0.85
/convert/convert-jpg2gif-query-1445.smt2,sat,0.24
/convert/convert-jpg2gif-query-2140.smt2,unsat,0.04
/convert/convert-jpg2gif-query-1617.smt2,sat,4.34
/convert/convert-jpg2gif-query-1557.smt2,sat,1.31
/convert/convert-jpg2gif-query-1503.smt2,sat,0.45
/convert/convert-jpg2gif-query-1195.smt2,sat,0.09
/convert/convert-jpg2gif-query-1213.smt2,unsat,0.03
/convert/convert-jpg2gif-query-1457.smt2,sat,0.34
/convert/convert-jpg2gif-query-1450.smt2,sat,0.41
/convert/convert-jpg2gif-query-1142.smt2,sat,0.1
/convert/convert-jpg2gif-query-1556.smt2,sat,3.16
/convert/convert-jpg2gif-query-1428.smt2,sat,0.39
/convert/convert-jpg2gif-query-1483.smt2,sat,0.8
/convert/convert-jpg2gif-query-1597.smt2,sat,1.41
/convert/convert-jpg2gif-query-1415.smt2,sat,0.24
/convert/convert-jpg2gif-query-1477.smt2,sat,0.85
/convert/convert-jpg2gif-query-1242.smt2,unsat,0.03
/convert/convert-jpg2gif-query-1224.smt2,unsat,0.04
/convert/convert-jpg2gif-query-1463.smt2,sat,0.37
/convert/convert-tiff2jpg-query-1831.smt2,unsat,0.01
/convert/convert-jpg2gif-query-1391.smt2,sat,0.23
/convert/convert-jpg2gif-query-1155.smt2,sat,0.09
/convert/convert-jpg2gif-query-1169.smt2,sat,0.11
/convert/convert-jpg2gif-query-1371.smt2,sat,0.22
/convert/convert-jpg2gif-query-1422.smt2,sat,0.31
/convert/convert-jpg2gif-query-1163.smt2,sat,0.09
/convert/convert-jpg2gif-query-1580.smt2,sat,2.24
/convert/convert-jpg2gif-query-1586.smt2,sat,1.07
/convert/convert-jpg2gif-query-1605.smt2,sat,3.28
/convert/convert-jpg2gif-query-1217.smt2,unsat,0.02
/convert/convert-jpg2gif-query-1549.smt2,sat,1.44
/convert/convert-jpg2gif-query-1480.smt2,sat,1.19
/convert/convert-jpg2gif-query-1423.smt2,sat,0.35
/convert/convert-jpg2gif-query-1611.smt2,sat,1.13
/convert/convert-jpg2gif-query-1209.smt2,unsat,0.02
/convert/convert-jpg2gif-query-1207.smt2,sat,0.15
/convert/convert-jpg2gif-query-1372.smt2,sat,0.17
/convert/convert-jpg2gif-query-1613.smt2,sat,1.95
/convert/convert-jpg2gif-query-1543.smt2,sat,1.24
/convert/convert-jpg2gif-query-1606.smt2,sat,2.39
/convert/convert-jpg2gif-query-2126.smt2,unsat,0.02
/convert/convert-jpg2gif-query-1164.smt2,sat,0.07
/convert/convert-jpg2gif-query-1468.smt2,sat,0.32
/convert/convert-jpg2gif-query-1150.smt2,sat,0.1
/convert/convert-jpg2gif-query-1566.smt2,sat,2.31
/convert/convert-jpg2gif-query-1544.smt2,sat,2.65
/convert/convert-jpg2gif-query-1414.smt2,sat,0.27
/convert/convert-jpg2gif-query-1234.smt2,unsat,0.03
/convert/convert-jpg2gif-query-1170.smt2,sat,0.11
/convert/convert-jpg2gif-query-1452.smt2,sat,0.33
/convert/convert-jpg2gif-query-1466.smt2,sat,0.2
/convert/convert-jpg2gif-query-1141.smt2,unsat,0.07
/convert/convert-jpg2gif-query-1157.smt2,sat,0.11
/convert/convert-jpg2gif-query-1411.smt2,sat,0.32
/convert/convert-jpg2gif-query-1229.smt2,unsat,0.03
/convert/convert-jpg2gif-query-1546.smt2,sat,1.72
/convert/convert-jpg2gif-query-1395.smt2,sat,0.21
/convert/convert-jpg2gif-query-1407.smt2,sat,0.34
/convert/convert-jpg2gif-query-1426.smt2,sat,0.28
/convert/convert-jpg2gif-query-1204.smt2,sat,0.21
/convert/convert-jpg2gif-query-1343.smt2,sat,0.17
/convert/convert-jpg2gif-query-901.smt2,sat,0.02
/convert/convert-jpg2gif-query-1461.smt2,sat,0.41
/convert/convert-jpg2gif-query-1604.smt2,sat,2.67
/convert/convert-jpg2gif-query-1183.smt2,sat,0.14
/convert/convert-jpg2gif-query-1462.smt2,sat,0.3
/convert/convert-jpg2gif-query-1587.smt2,sat,5.64
/convert/convert-jpg2gif-query-1576.smt2,sat,0.87
/convert/convert-jpg2gif-query-1222.smt2,unsat,0.03
/convert/convert-jpg2gif-query-1492.smt2,sat,0.88
/convert/convert-jpg2gif-query-1558.smt2,sat,2.79
/convert/convert-jpg2gif-query-1180.smt2,sat,0.12
/convert/convert-jpg2gif-query-1458.smt2,sat,0.31
/convert/convert-jpg2gif-query-1519.smt2,sat,1.09
/convert/convert-jpg2gif-query-1579.smt2,sat,1.25
/convert/convert-jpg2gif-query-1501.smt2,sat,0.44
/convert/convert-jpg2gif-query-1433.smt2,sat,0.18
/convert/convert-jpg2gif-query-1206.smt2,sat,0.19
/convert/convert-jpg2gif-query-1342.smt2,sat,0.21
/convert/convert-jpg2gif-query-1201.smt2,sat,0.17
/convert/convert-jpg2gif-query-1373.smt2,sat,0.17
/convert/convert-jpg2gif-query-1571.smt2,sat,2.09
/convert/convert-jpg2gif-query-1365.smt2,sat,0.21
/convert/convert-jpg2gif-query-1202.smt2,sat,0.23
/convert/convert-jpg2gif-query-1227.smt2,failed,1200.0
/convert/convert-jpg2gif-query-1570.smt2,sat,1.11
/convert/convert-jpg2gif-query-1470.smt2,sat,0.36
/convert/convert-jpg2gif-query-1158.smt2,sat,0.13
/convert/convert-jpg2gif-query-1588.smt2,sat,1.17
/convert/convert-jpg2gif-query-1540.smt2,sat,0.92
/convert/convert-jpg2gif-query-1402.smt2,sat,0.3
/convert/convert-jpg2gif-query-1444.smt2,sat,0.3
/convert/convert-jpg2gif-query-1352.smt2,sat,0.21
/convert/convert-jpg2gif-query-1219.smt2,unsat,0.04
/convert/convert-jpg2gif-query-1598.smt2,sat,1.64
/convert/convert-jpg2gif-query-1547.smt2,sat,0.82
/convert/convert-jpg2gif-query-1573.smt2,sat,1.11
/convert/convert-jpg2gif-query-1448.smt2,sat,0.28
/convert/convert-jpg2gif-query-1475.smt2,sat,0.67
/convert/convert-jpg2gif-query-1410.smt2,sat,0.42
/convert/convert-jpg2gif-query-1485.smt2,sat,0.65
/convert/convert-jpg2gif-query-1387.smt2,sat,0.15
/convert/convert-jpg2gif-query-1590.smt2,sat,3.37
/convert/convert-jpg2gif-query-1139.smt2,sat,0.1
/convert/convert-jpg2gif-query-1446.smt2,sat,0.41
/convert/convert-jpg2gif-query-1618.smt2,sat,4.32
/convert/convert-jpg2gif-query-1545.smt2,sat,1.4
/convert/convert-jpg2gif-query-1603.smt2,sat,2.64
/convert/convert-jpg2gif-query-1353.smt2,sat,0.18
/convert/convert-jpg2gif-query-1552.smt2,sat,2.72
/convert/convert-jpg2gif-query-1420.smt2,sat,0.22
/convert/convert-jpg2gif-query-1237.smt2,unsat,0.02
/convert/convert-jpg2gif-query-1184.smt2,sat,0.15
/convert/convert-jpg2gif-query-1471.smt2,sat,1.98
/convert/convert-jpg2gif-query-1188.smt2,sat,0.34
/convert/convert-jpg2gif-query-1177.smt2,sat,0.1
/convert/convert-jpg2gif-query-1176.smt2,sat,0.11
/convert/convert-jpg2gif-query-1572.smt2,sat,1.74
/convert/convert-jpg2gif-query-1582.smt2,sat,1.45
/convert/convert-jpg2gif-query-1612.smt2,sat,1.64
/convert/convert-jpg2gif-query-1432.smt2,sat,0.41
/convert/convert-jpg2gif-query-1554.smt2,sat,1.95
/convert/convert-jpg2gif-query-1481.smt2,sat,0.89
/convert/convert-jpg2gif-query-1472.smt2,sat,0.5
/convert/convert-jpg2gif-query-1162.smt2,sat,0.1
/convert/convert-jpg2gif-query-1440.smt2,sat,0.32
/convert/convert-jpg2gif-query-1409.smt2,sat,0.25
/convert/convert-jpg2gif-query-1218.smt2,failed,1200.0
/convert/convert-jpg2gif-query-1156.smt2,sat,0.06
/convert/convert-jpg2gif-query-1562.smt2,sat,2.43
/convert/convert-jpg2gif-query-1469.smt2,sat,0.58
/convert/convert-jpg2gif-query-1190.smt2,sat,0.16
/convert/convert-jpg2gif-query-1149.smt2,sat,0.09
/convert/convert-jpg2gif-query-1197.smt2,sat,0.2
/convert/convert-jpg2gif-query-1145.smt2,sat,0.11
/convert/convert-jpg2gif-query-1561.smt2,sat,1.18
/convert/convert-jpg2gif-query-1574.smt2,sat,2.38
/convert/convert-jpg2gif-query-1435.smt2,sat,0.32
/convert/convert-jpg2gif-query-1153.smt2,sat,0.1
/convert/convert-jpg2gif-query-1239.smt2,unsat,0.04
/convert/convert-jpg2gif-query-1175.smt2,sat,0.11
/convert/convert-jpg2gif-query-1449.smt2,sat,0.25
/convert/convert-jpg2gif-query-1505.smt2,sat,1.73
/convert/convert-jpg2gif-query-1436.smt2,sat,0.39
/convert/convert-jpg2gif-query-1338.smt2,sat,0.13
/convert/convert-jpg2gif-query-1567.smt2,sat,1.41
/convert/convert-jpg2gif-query-1563.smt2,sat,1.19
/convert/convert-jpg2gif-query-1589.smt2,sat,1.15
/convert/convert-jpg2gif-query-1555.smt2,sat,2.2
/convert/convert-jpg2gif-query-1185.smt2,sat,0.25
/convert/convert-jpg2gif-query-2134.smt2,unsat,0.03
/convert/convert-jpg2gif-query-1564.smt2,sat,2.49
/convert/convert-jpg2gif-query-1424.smt2,sat,0.49
/convert/convert-jpg2gif-query-1568.smt2,sat,2.34
/convert/convert-jpg2gif-query-1467.smt2,sat,0.38
/convert/convert-jpg2gif-query-1473.smt2,sat,0.44
/convert/convert-jpg2gif-query-1465.smt2,sat,0.25
/convert/convert-jpg2gif-query-1532.smt2,sat,1.23
/convert/convert-jpg2gif-query-1548.smt2,sat,1.08
/convert/convert-jpg2gif-query-1522.smt2,sat,0.99
/convert/convert-jpg2gif-query-1159.smt2,sat,0.06
/convert/convert-jpg2gif-query-1385.smt2,sat,0.3
/convert/convert-jpg2gif-query-1456.smt2,sat,0.32
/convert/convert-jpg2gif-query-1233.smt2,unsat,0.03
/convert/convert-jpg2gif-query-1200.smt2,sat,0.17
/convert/convert-jpg2gif-query-1199.smt2,sat,0.49
/convert/convert-jpg2gif-query-1541.smt2,sat,0.81
/convert/convert-jpg2gif-query-1203.smt2,sat,0.29
/convert/convert-jpg2gif-query-1578.smt2,sat,1.4
/convert/convert-jpg2gif-query-1214.smt2,unsat,0.06
/convert/convert-jpg2gif-query-1143.smt2,sat,0.09
/convert/convert-jpg2gif-query-1524.smt2,sat,0.66
/convert/convert-jpg2gif-query-1363.smt2,sat,0.22
/convert/convert-jpg2gif-query-1615.smt2,sat,4.89
/convert/convert-jpg2gif-query-1151.smt2,sat,0.09
/convert/convert-jpg2gif-query-1455.smt2,sat,0.34
/convert/convert-jpg2gif-query-1196.smt2,sat,0.12
/convert/convert-jpg2gif-query-1358.smt2,sat,0.14
/convert/convert-jpg2gif-query-1459.smt2,sat,0.26
/convert/convert-jpg2gif-query-1592.smt2,sat,1.72
/convert/convert-jpg2gif-query-1161.smt2,sat,0.11
/convert/convert-jpg2gif-query-1599.smt2,sat,1.76
/convert/convert-jpg2gif-query-2124.smt2,unsat,0.03
/fft/Sz32_455.smt2,unsat,0.05
/fft/Sz256_6615.smt2,failed,1200.0
/fft/Sz128_2824.smt2,sat,0.03
/fft/Sz256_6616.smt2,failed,1200.0
/fft/Sz64_1160.smt2,sat,0.01
/fft/Sz128_2823.smt2,unsat,10.67
/fft/Sz32_456.smt2,sat,0.03
/fft/Sz64_1159.smt2,unsat,0.01
/fft/Sz256_6664.smt2,sat,0.42
/dillig/15-17.smt2,sat,0.01
/dillig/45-10.smt2,sat,0.0
/dillig/20-28.smt2,sat,0.06
/dillig/30-22.smt2,sat,7.28
/dillig/25-35.smt2,sat,3.67
/dillig/45-29.smt2,sat,81.76
/dillig/25-29.smt2,sat,3.56
/dillig/20-5.smt2,sat,0.01
/dillig/30-24.smt2,sat,4.26
/dillig/45-20.smt2,sat,66.93
/dillig/20-7.smt2,sat,0.01
/dillig/25-1.smt2,sat,0.0
/dillig/25-27.smt2,sat,2.49
/dillig/35-5.smt2,sat,0.01
/dillig/40-21.smt2,sat,4.69
/dillig/30-35.smt2,sat,21.19
/dillig/40-24.smt2,sat,39.57
/dillig/10-29.smt2,failed,1200.0
/dillig/35-10.smt2,sat,0.03
/dillig/10-28.smt2,failed,1200.0
/dillig/45-32.smt2,sat,138.47
/dillig/25-2.smt2,sat,0.01
/dillig/35-23.smt2,sat,39.86
/dillig/45-19.smt2,sat,69.89
/dillig/25-31.smt2,unsat,0.05
/dillig/20-12.smt2,sat,0.01
/dillig/35-24.smt2,sat,37.11
/dillig/25-14.smt2,sat,0.15
/dillig/40-1.smt2,sat,0.01
/dillig/10-4.smt2,sat,0.0
/dillig/35-14.smt2,sat,0.34
/dillig/20-2.smt2,sat,0.0
/dillig/30-21.smt2,sat,3.72
/dillig/40-7.smt2,sat,0.11
/dillig/40-13.smt2,sat,8.02
/dillig/35-13.smt2,sat,0.01
/dillig/45-3.smt2,sat,0.0
/dillig/20-11.smt2,sat,0.11
/dillig/40-8.smt2,sat,2.65
/dillig/15-14.smt2,sat,0.0
/dillig/20-9.smt2,sat,0.01
/dillig/40-15.smt2,sat,5.92
/dillig/45-21.smt2,sat,96.43
/dillig/15-19.smt2,sat,0.01
/dillig/25-15.smt2,sat,0.08
/dillig/35-1.smt2,failed,1200.0
/dillig/40-27.smt2,sat,86.33
/dillig/40-14.smt2,sat,1.97
/dillig/40-11.smt2,sat,0.08
/dillig/20-14.smt2,unsat,0.91
/dillig/45-13.smt2,sat,1.34
/dillig/15-8.smt2,sat,0.0
/dillig/20-3.smt2,sat,0.01
/dillig/15-11.smt2,sat,0.0
/dillig/30-30.smt2,sat,6.25
/dillig/45-6.smt2,sat,0.04
/dillig/15-3.smt2,sat,0.0
/dillig/45-12.smt2,sat,0.01
/dillig/30-2.smt2,sat,0.03
/dillig/20-10.smt2,sat,0.0
/dillig/45-16.smt2,sat,9.5
/dillig/35-9.smt2,sat,0.01
/dillig/20-30.smt2,sat,0.4
/dillig/20-20.smt2,sat,0.23
/dillig/25-24.smt2,sat,1.96
/dillig/30-26.smt2,sat,6.93
/dillig/20-24.smt2,sat,0.31
/dillig/20-21.smt2,sat,0.39
/dillig/25-23.smt2,sat,1.3
/dillig/30-16.smt2,sat,2.09
/dillig/35-18.smt2,sat,3.21
/dillig/25-6.smt2,sat,0.04
/dillig/25-25.smt2,sat,1.9
/dillig/35-28.smt2,sat,37.62
/dillig/20-22.smt2,sat,0.01
/dillig/15-18.smt2,sat,0.01
/dillig/25-13.smt2,sat,0.0
/dillig/40-22.smt2,sat,79.94
/dillig/30-18.smt2,sat,1.45
/dillig/45-11.smt2,sat,56.31
/dillig/25-4.smt2,sat,0.0
/dillig/30-1.smt2,sat,0.01
/dillig/10-15.smt2,sat,0.0
/dillig/15-15.smt2,sat,0.0
/dillig/25-21.smt2,sat,2.37
/dillig/45-7.smt2,sat,0.01
/dillig/30-27.smt2,sat,6.41
/dillig/25-26.smt2,sat,1.94
/dillig/20-13.smt2,sat,0.02
/dillig/15-6.smt2,sat,0.0
/dillig/20-26.smt2,sat,0.01
/dillig/30-9.smt2,sat,0.01
/dillig/30-5.smt2,sat,0.01
/dillig/45-30.smt2,sat,87.38
/dillig/20-6.smt2,sat,0.01
/dillig/10-3.smt2,sat,0.0
/dillig/25-5.smt2,sat,0.0
/dillig/40-5.smt2,sat,0.0
/dillig/40-35.smt2,sat,77.19
/dillig/35-7.smt2,sat,0.0
/dillig/45-25.smt2,sat,83.24
/dillig/30-33.smt2,sat,9.1
/dillig/15-4.smt2,sat,0.0
/dillig/25-20.smt2,sat,1.32
/dillig/40-23.smt2,sat,47.17
/dillig/35-11.smt2,sat,0.06
/dillig/10-45.smt2,failed,1200.0
/dillig/45-15.smt2,sat,5.85
/dillig/15-20.smt2,sat,0.01
/dillig/30-11.smt2,sat,0.82
/dillig/10-31.smt2,sat,0.0
/dillig/45-17.smt2,sat,96.43
/dillig/45-9.smt2,sat,0.01
/dillig/30-23.smt2,sat,1.99
/dillig/10-35.smt2,sat,0.0
/dillig/45-31.smt2,sat,109.61
/dillig/45-34.smt2,sat,220.17
/dillig/40-29.smt2,sat,54.83
/dillig/40-18.smt2,sat,2.98
/dillig/40-3.smt2,sat,0.0
/dillig/35-33.smt2,sat,4.63
/dillig/10-36.smt2,sat,0.0
/dillig/20-8.smt2,sat,0.01
/dillig/15-7.smt2,sat,0.01
/dillig/30-4.smt2,sat,0.01
/dillig/30-6.smt2,sat,0.0
/dillig/10-30.smt2,sat,0.0
/dillig/40-33.smt2,sat,91.84
/dillig/25-18.smt2,sat,0.25
/dillig/30-34.smt2,sat,4.72
/dillig/30-17.smt2,sat,1.61
/dillig/15-21.smt2,sat,0.0
/dillig/45-22.smt2,sat,136.63
/dillig/15-5.smt2,sat,0.0
/dillig/40-28.smt2,sat,71.73
/dillig/35-17.smt2,sat,8.33
/dillig/30-10.smt2,sat,0.01
/dillig/30-20.smt2,sat,3.1
/dillig/25-19.smt2,sat,0.91
/dillig/25-8.smt2,sat,0.0
/dillig/30-28.smt2,sat,22.55
/dillig/45-8.smt2,failed,1200.0
/dillig/35-12.smt2,sat,0.01
/dillig/10-9.smt2,sat,0.0
/dillig/30-14.smt2,sat,1.06
/dillig/35-35.smt2,sat,23.84
/dillig/30-13.smt2,sat,0.82
/dillig/40-16.smt2,sat,30.36
/dillig/45-14.smt2,sat,55.92
/dillig/35-15.smt2,sat,0.03
/dillig/35-8.smt2,sat,0.51
/dillig/35-3.smt2,sat,0.01
/dillig/35-19.smt2,sat,1.42
/dillig/40-25.smt2,sat,35.85
/dillig/20-19.smt2,sat,0.04
/dillig/35-20.smt2,sat,2.65
/dillig/25-22.smt2,unsat,0.04
/dillig/10-40.smt2,failed,1200.0
/dillig/30-8.smt2,sat,0.0
/dillig/45-28.smt2,sat,132.04
/dillig/20-4.smt2,sat,0.0
/dillig/35-22.smt2,sat,33.55
/dillig/40-30.smt2,sat,47.87
/dillig/35-2.smt2,sat,0.0
/dillig/30-15.smt2,sat,1.47
/dillig/45-33.smt2,sat,217.5
/dillig/40-4.smt2,sat,0.0
/dillig/40-32.smt2,sat,117.34
/dillig/45-35.smt2,sat,112.72
/dillig/30-25.smt2,sat,7.32
/dillig/10-41.smt2,sat,0.0
/dillig/20-15.smt2,sat,0.01
/dillig/35-6.smt2,sat,0.02
/dillig/25-17.smt2,sat,1.09
/dillig/15-1.smt2,sat,0.0
/dillig/40-17.smt2,sat,49.15
/dillig/45-1.smt2,sat,0.01
/dillig/15-13.smt2,sat,0.0
/dillig/45-27.smt2,sat,112.81
/dillig/25-28.smt2,sat,1.63
/dillig/15-10.smt2,sat,0.0
/dillig/30-12.smt2,sat,1.33
/dillig/15-2.smt2,sat,0.0
/dillig/25-10.smt2,sat,0.16
/dillig/40-34.smt2,sat,65.33
/dillig/30-29.smt2,sat,2.29
/dillig/30-31.smt2,sat,1.8
/dillig/30-3.smt2,sat,0.0
/dillig/25-11.smt2,sat,0.07
/dillig/15-12.smt2,sat,0.0
/dillig/25-12.smt2,sat,0.34
/dillig/35-34.smt2,sat,54.66
/dillig/45-18.smt2,sat,54.41
/dillig/25-30.smt2,sat,2.55
/dillig/10-34.smt2,sat,0.0
/dillig/35-32.smt2,sat,9.61
/dillig/35-25.smt2,sat,8.76
/dillig/35-26.smt2,sat,6.39
/dillig/25-33.smt2,sat,5.74
/dillig/10-21.smt2,sat,0.01
/dillig/35-21.smt2,sat,5.85
/dillig/45-24.smt2,sat,46.0
/dillig/35-4.smt2,failed,1200.0
/dillig/35-29.smt2,sat,36.07
/dillig/25-9.smt2,sat,0.33
/dillig/35-31.smt2,sat,17.92
/dillig/45-23.smt2,sat,67.09
/dillig/25-7.smt2,sat,0.02
/dillig/25-3.smt2,failed,1200.0
/dillig/40-20.smt2,sat,33.7
/dillig/35-16.smt2,sat,6.43
/dillig/20-17.smt2,sat,0.16
/dillig/40-2.smt2,sat,0.01
/dillig/20-16.smt2,sat,0.01
/dillig/35-27.smt2,sat,8.38
/dillig/40-31.smt2,sat,74.44
/dillig/45-4.smt2,sat,0.0
/dillig/15-9.smt2,sat,0.01
/dillig/30-19.smt2,sat,0.03
/dillig/40-12.smt2,sat,0.37
/dillig/45-2.smt2,sat,0.01
/dillig/35-30.smt2,sat,19.65
/dillig/45-5.smt2,sat,0.01
/dillig/40-19.smt2,sat,41.88
/dillig/45-26.smt2,sat,194.53
/dillig/25-16.smt2,sat,0.32
/dillig/40-9.smt2,sat,0.01
/dillig/20-1.smt2,sat,0.0
/dillig/40-10.smt2,sat,0.0
/dillig/30-7.smt2,sat,0.0
/dillig/40-26.smt2,sat,70.63
/dillig/10-37.smt2,sat,0.0
/dillig/40-6.smt2,sat,0.01
/rings/ring_2exp8_6vars_2ite_unsat.smt2,unsat,0.02
/rings/ring_2exp14_9vars_8ite_unsat.smt2,failed,1200.0
/rings/ring_2exp8_6vars_4ite_unsat.smt2,unsat,0.14
/rings/ring_2exp12_3vars_0ite_unsat.smt2,unsat,0.01
/rings/ring_2exp6_6vars_5ite_unsat.smt2,unsat,3.62
/rings/ring_2exp10_9vars_2ite_unsat.smt2,unsat,0.03
/rings/ring_2exp14_9vars_6ite_unsat.smt2,unsat,43.85
/rings/ring_2exp16_4vars_1ite_unsat.smt2,unsat,0.02
/rings/ring_2exp10_7vars_1ite_unsat.smt2,unsat,0.02
/rings/ring_2exp10_3vars_1ite_unsat.smt2,unsat,0.01
/rings/ring_2exp16_9vars_1ite_unsat.smt2,unsat,0.03
/rings/ring_2exp14_8vars_4ite_unsat.smt2,unsat,0.2
/rings/ring_2exp8_7vars_5ite_unsat.smt2,unsat,2.66
/rings/ring_2exp4_4vars_3ite_unsat.smt2,unsat,0.08
/rings/ring_2exp14_6vars_0ite_unsat.smt2,unsat,0.01
/rings/ring_2exp16_4vars_3ite_unsat.smt2,unsat,0.07
/rings/ring_2exp4_6vars_5ite_unsat.smt2,unsat,0.69
/rings/ring_2exp12_7vars_4ite_unsat.smt2,unsat,0.08
/rings/ring_2exp4_8vars_1ite_unsat.smt2,unsat,0.03
/rings/ring_2exp4_9vars_8ite_unsat.smt2,unsat,87.27
/rings/ring_2exp12_5vars_3ite_unsat.smt2,unsat,0.07
/rings/ring_2exp14_5vars_2ite_unsat.smt2,unsat,0.03
/rings/ring_2exp8_6vars_5ite_unsat.smt2,unsat,1.77
/rings/ring_2exp16_9vars_3ite_unsat.smt2,unsat,0.09
/rings/ring_2exp4_9vars_0ite_unsat.smt2,unsat,0.02
/rings/ring_2exp10_7vars_5ite_unsat.smt2,unsat,1.47
/rings/ring_2exp10_9vars_0ite_unsat.smt2,unsat,0.03
/rings/ring_2exp10_7vars_6ite_unsat.smt2,unsat,59.95
/rings/ring_2exp8_4vars_1ite_unsat.smt2,unsat,0.02
/rings/ring_2exp6_6vars_1ite_unsat.smt2,unsat,0.02
/rings/ring_2exp12_9vars_4ite_unsat.smt2,unsat,0.3
/rings/ring_2exp14_8vars_3ite_unsat.smt2,unsat,0.06
/rings/ring_2exp14_7vars_6ite_unsat.smt2,unsat,115.55
/rings/ring_2exp16_6vars_1ite_unsat.smt2,unsat,0.01
/rings/ring_2exp12_6vars_3ite_unsat.smt2,unsat,0.05
/rings/ring_2exp6_5vars_2ite_unsat.smt2,unsat,0.02
/rings/ring_2exp8_5vars_0ite_unsat.smt2,unsat,0.01
/rings/ring_2exp8_8vars_0ite_unsat.smt2,unsat,0.02
/rings/ring_2exp8_5vars_1ite_unsat.smt2,unsat,0.01
/rings/ring_2exp12_9vars_2ite_unsat.smt2,unsat,0.03
/rings/ring_2exp14_6vars_3ite_unsat.smt2,unsat,0.06
/rings/ring_2exp6_9vars_2ite_unsat.smt2,unsat,0.04
/rings/ring_2exp14_6vars_5ite_unsat.smt2,unsat,1.61
/rings/ring_2exp16_8vars_6ite_unsat.smt2,unsat,56.95
/rings/ring_2exp12_6vars_2ite_unsat.smt2,unsat,0.02
/rings/ring_2exp16_8vars_3ite_unsat.smt2,unsat,0.08
/rings/ring_2exp4_7vars_3ite_unsat.smt2,unsat,0.09
/rings/ring_2exp10_4vars_0ite_unsat.smt2,unsat,0.01
/rings/ring_2exp14_4vars_0ite_unsat.smt2,unsat,0.01
/rings/ring_2exp10_8vars_4ite_unsat.smt2,unsat,0.44
/rings/ring_2exp6_4vars_2ite_unsat.smt2,unsat,0.03
/rings/ring_2exp10_5vars_1ite_unsat.smt2,unsat,0.01
/rings/ring_2exp16_6vars_2ite_unsat.smt2,unsat,0.03
/rings/ring_2exp6_9vars_6ite_unsat.smt2,unsat,45.87
/rings/ring_2exp6_9vars_0ite_unsat.smt2,unsat,0.03
/rings/ring_2exp6_5vars_3ite_unsat.smt2,unsat,0.05
/rings/ring_2exp14_7vars_4ite_unsat.smt2,unsat,0.18
/rings/ring_2exp16_5vars_4ite_unsat.smt2,unsat,1.52
/rings/ring_2exp6_7vars_0ite_unsat.smt2,unsat,0.02
/rings/ring_2exp12_7vars_3ite_unsat.smt2,unsat,0.07
/rings/ring_2exp16_9vars_6ite_unsat.smt2,unsat,70.31
/rings/ring_2exp10_6vars_5ite_unsat.smt2,unsat,2.26
/rings/ring_2exp10_4vars_2ite_unsat.smt2,unsat,0.03
/rings/ring_2exp4_6vars_3ite_unsat.smt2,unsat,0.06
/rings/ring_2exp6_7vars_2ite_unsat.smt2,unsat,0.02
/rings/ring_2exp6_7vars_6ite_unsat.smt2,unsat,36.31
/rings/ring_2exp8_3vars_2ite_unsat.smt2,unsat,0.01
/rings/ring_2exp4_9vars_4ite_unsat.smt2,unsat,1.72
/rings/ring_2exp6_9vars_8ite_unsat.smt2,failed,1200.0
/rings/ring_2exp4_7vars_4ite_unsat.smt2,unsat,0.56
/rings/ring_2exp12_9vars_6ite_unsat.smt2,unsat,78.7
/rings/ring_2exp8_8vars_3ite_unsat.smt2,unsat,0.07
/rings/ring_2exp4_7vars_5ite_unsat.smt2,unsat,2.88
/rings/ring_2exp14_5vars_3ite_unsat.smt2,unsat,0.05
/rings/ring_2exp12_8vars_5ite_unsat.smt2,unsat,1.97
/rings/ring_2exp8_7vars_6ite_unsat.smt2,unsat,79.32
/rings/ring_2exp4_8vars_7ite_unsat.smt2,unsat,28.27
/rings/ring_2exp8_9vars_2ite_unsat.smt2,unsat,0.04
/rings/ring_2exp12_9vars_8ite_unsat.smt2,failed,1200.0
/rings/ring_2exp6_3vars_0ite_unsat.smt2,unsat,0.01
/rings/ring_2exp14_7vars_3ite_unsat.smt2,unsat,0.07
/rings/ring_2exp4_9vars_3ite_unsat.smt2,unsat,0.04
/rings/ring_2exp10_8vars_2ite_unsat.smt2,unsat,0.04
/rings/ring_2exp8_8vars_1ite_unsat.smt2,unsat,0.03
/rings/ring_2exp10_8vars_0ite_unsat.smt2,unsat,0.02
/rings/ring_2exp10_9vars_8ite_unsat.smt2,failed,1200.0
/rings/ring_2exp16_8vars_7ite_unsat.smt2,unsat,89.65
/rings/ring_2exp10_8vars_6ite_unsat.smt2,unsat,37.13
/rings/ring_2exp16_9vars_8ite_unsat.smt2,failed,1200.0
/rings/ring_2exp8_7vars_4ite_unsat.smt2,unsat,0.24
/rings/ring_2exp16_8vars_1ite_unsat.smt2,unsat,0.03
/rings/ring_2exp6_5vars_4ite_unsat.smt2,unsat,0.82
/rings/ring_2exp4_8vars_4ite_unsat.smt2,unsat,0.83
/rings/ring_2exp14_8vars_7ite_unsat.smt2,unsat,143.62
/rings/ring_2exp12_3vars_2ite_unsat.smt2,unsat,0.01
/rings/ring_2exp12_4vars_2ite_unsat.smt2,unsat,0.03
/rings/ring_2exp8_6vars_0ite_unsat.smt2,unsat,0.01
/rings/ring_2exp16_7vars_2ite_unsat.smt2,unsat,0.03
/rings/ring_2exp4_3vars_2ite_unsat.smt2,unsat,0.01
/rings/ring_2exp10_9vars_3ite_unsat.smt2,unsat,0.07
/rings/ring_2exp16_5vars_0ite_unsat.smt2,unsat,0.01
/rings/ring_2exp14_7vars_0ite_unsat.smt2,unsat,0.02
/rings/ring_2exp12_9vars_0ite_unsat.smt2,failed,1200.0
/rings/ring_2exp14_3vars_2ite_unsat.smt2,unsat,0.01
/rings/ring_2exp16_9vars_5ite_unsat.smt2,unsat,0.69
/rings/ring_2exp10_8vars_3ite_unsat.smt2,unsat,0.06
/rings/ring_2exp6_7vars_1ite_unsat.smt2,unsat,0.02
/rings/ring_2exp4_5vars_0ite_unsat.smt2,unsat,0.01
/rings/ring_2exp8_9vars_3ite_unsat.smt2,unsat,0.07
/rings/ring_2exp10_9vars_6ite_unsat.smt2,unsat,144.92
/rings/ring_2exp16_4vars_2ite_unsat.smt2,unsat,0.03
/rings/ring_2exp16_5vars_1ite_unsat.smt2,unsat,0.01
/rings/ring_2exp4_8vars_5ite_unsat.smt2,unsat,8.68
/rings/ring_2exp12_8vars_1ite_unsat.smt2,unsat,0.02
/rings/ring_2exp4_3vars_0ite_unsat.smt2,unsat,0.01
/rings/ring_2exp14_5vars_0ite_unsat.smt2,failed,1200.0
/rings/ring_2exp6_9vars_1ite_unsat.smt2,unsat,0.03
/rings/ring_2exp4_9vars_6ite_unsat.smt2,unsat,23.59
/rings/ring_2exp14_6vars_4ite_unsat.smt2,unsat,0.08
/rings/ring_2exp16_8vars_0ite_unsat.smt2,unsat,0.01
/rings/ring_2exp16_8vars_5ite_unsat.smt2,unsat,1.86
/rings/ring_2exp12_7vars_0ite_unsat.smt2,failed,1200.0
/rings/ring_2exp8_5vars_2ite_unsat.smt2,unsat,0.02
/rings/ring_2exp14_4vars_1ite_unsat.smt2,unsat,0.03
/rings/ring_2exp4_8vars_6ite_unsat.smt2,unsat,22.75
/rings/ring_2exp4_6vars_4ite_unsat.smt2,unsat,1.89
/rings/ring_2exp8_5vars_4ite_unsat.smt2,unsat,2.32
/rings/ring_2exp12_7vars_2ite_unsat.smt2,unsat,0.03
/rings/ring_2exp12_9vars_5ite_unsat.smt2,unsat,0.85
/rings/ring_2exp4_8vars_2ite_unsat.smt2,unsat,0.06
/rings/ring_2exp4_6vars_2ite_unsat.smt2,unsat,0.04
/rings/ring_2exp4_9vars_2ite_unsat.smt2,unsat,0.05
/rings/ring_2exp12_8vars_4ite_unsat.smt2,unsat,0.27
/rings/ring_2exp10_7vars_4ite_unsat.smt2,unsat,0.13
/rings/ring_2exp12_8vars_3ite_unsat.smt2,unsat,0.07
/rings/ring_2exp10_5vars_2ite_unsat.smt2,unsat,0.02
/rings/ring_2exp14_8vars_2ite_unsat.smt2,unsat,0.03
/rings/ring_2exp6_7vars_3ite_unsat.smt2,unsat,0.07
/rings/ring_2exp6_8vars_4ite_unsat.smt2,unsat,0.28
/rings/ring_2exp8_9vars_6ite_unsat.smt2,unsat,74.83
/rings/ring_2exp8_8vars_7ite_unsat.smt2,unsat,85.87
/rings/ring_2exp4_7vars_0ite_unsat.smt2,unsat,0.01
/rings/ring_2exp6_6vars_3ite_unsat.smt2,unsat,0.05
/rings/ring_2exp14_5vars_1ite_unsat.smt2,unsat,0.01
/rings/ring_2exp4_4vars_1ite_unsat.smt2,unsat,0.03
/rings/ring_2exp8_7vars_3ite_unsat.smt2,unsat,0.08
/rings/ring_2exp4_3vars_1ite_unsat.smt2,unsat,0.01
/rings/ring_2exp10_9vars_7ite_unsat.smt2,failed,1200.0
/rings/ring_2exp6_5vars_0ite_unsat.smt2,unsat,0.01
/rings/ring_2exp6_9vars_5ite_unsat.smt2,unsat,1.5
/rings/ring_2exp8_7vars_2ite_unsat.smt2,unsat,0.03
/rings/ring_2exp10_6vars_2ite_unsat.smt2,unsat,0.02
/rings/ring_2exp4_6vars_1ite_unsat.smt2,unsat,0.03
/rings/ring_2exp4_5vars_1ite_unsat.smt2,unsat,0.02
/rings/ring_2exp8_9vars_8ite_unsat.smt2,failed,1200.0
/rings/ring_2exp14_8vars_1ite_unsat.smt2,unsat,0.02
/rings/ring_2exp4_7vars_2ite_unsat.smt2,unsat,0.05
/rings/ring_2exp10_8vars_7ite_unsat.smt2,unsat,92.27
/rings/ring_2exp14_4vars_3ite_unsat.smt2,unsat,0.07
/rings/ring_2exp10_3vars_0ite_unsat.smt2,unsat,0.01
/rings/ring_2exp10_8vars_1ite_unsat.smt2,unsat,0.03
/rings/ring_2exp10_9vars_4ite_unsat.smt2,unsat,0.3
/rings/ring_2exp6_7vars_5ite_unsat.smt2,unsat,3.43
/rings/ring_2exp6_4vars_0ite_unsat.smt2,unsat,0.01
/rings/ring_2exp12_4vars_3ite_unsat.smt2,unsat,0.06
/rings/ring_2exp8_3vars_1ite_unsat.smt2,unsat,0.01
/rings/ring_2exp12_9vars_7ite_unsat.smt2,failed,1200.0
/rings/ring_2exp16_6vars_3ite_unsat.smt2,unsat,0.07
/rings/ring_2exp10_6vars_1ite_unsat.smt2,unsat,0.01
/rings/ring_2exp6_6vars_0ite_unsat.smt2,unsat,0.01
/rings/ring_2exp16_5vars_3ite_unsat.smt2,unsat,0.08
/rings/ring_2exp16_8vars_4ite_unsat.smt2,unsat,0.26
/rings/ring_2exp10_3vars_2ite_unsat.smt2,unsat,0.01
/rings/ring_2exp6_4vars_3ite_unsat.smt2,unsat,0.08
/rings/ring_2exp12_8vars_2ite_unsat.smt2,unsat,0.04
/rings/ring_2exp16_6vars_5ite_unsat.smt2,unsat,1.22
/rings/ring_2exp8_8vars_4ite_unsat.smt2,unsat,0.2
/rings/ring_2exp8_4vars_0ite_unsat.smt2,unsat,0.01
/rings/ring_2exp16_6vars_4ite_unsat.smt2,unsat,0.15
/rings/ring_2exp10_9vars_1ite_unsat.smt2,unsat,0.04
/rings/ring_2exp8_8vars_2ite_unsat.smt2,unsat,0.03
/rings/ring_2exp16_4vars_0ite_unsat.smt2,unsat,0.01
/rings/ring_2exp12_7vars_5ite_unsat.smt2,unsat,1.54
/rings/ring_2exp14_3vars_1ite_unsat.smt2,unsat,0.02
/rings/ring_2exp14_9vars_4ite_unsat.smt2,unsat,0.35
/rings/ring_2exp12_5vars_0ite_unsat.smt2,unsat,0.01
/rings/ring_2exp10_7vars_3ite_unsat.smt2,unsat,0.08
/rings/ring_2exp14_9vars_1ite_unsat.smt2,unsat,0.03
/rings/ring_2exp8_9vars_5ite_unsat.smt2,unsat,1.44
/rings/ring_2exp12_7vars_6ite_unsat.smt2,unsat,71.27
/rings/ring_2exp14_4vars_2ite_unsat.smt2,unsat,0.03
/rings/ring_2exp8_8vars_6ite_unsat.smt2,unsat,46.89
/rings/ring_2exp6_8vars_2ite_unsat.smt2,unsat,0.03
/rings/ring_2exp6_9vars_4ite_unsat.smt2,unsat,0.26
/rings/ring_2exp12_8vars_6ite_unsat.smt2,unsat,54.46
/rings/ring_2exp6_9vars_7ite_unsat.smt2,unsat,269.66
/rings/ring_2exp14_6vars_1ite_unsat.smt2,unsat,0.02
/rings/ring_2exp10_9vars_5ite_unsat.smt2,unsat,0.54
/rings/ring_2exp4_9vars_7ite_unsat.smt2,unsat,47.21
/rings/ring_2exp10_4vars_1ite_unsat.smt2,unsat,0.03
/rings/ring_2exp8_9vars_1ite_unsat.smt2,unsat,0.04
/rings/ring_2exp14_8vars_5ite_unsat.smt2,unsat,1.66
/rings/ring_2exp10_5vars_0ite_unsat.smt2,unsat,0.01
/rings/ring_2exp14_7vars_1ite_unsat.smt2,unsat,0.02
/rings/ring_2exp14_9vars_3ite_unsat.smt2,unsat,0.08
/rings/ring_2exp6_9vars_3ite_unsat.smt2,unsat,0.08
/rings/ring_2exp8_9vars_0ite_unsat.smt2,unsat,0.01
/rings/ring_2exp14_5vars_4ite_unsat.smt2,unsat,2.5
/rings/ring_2exp16_9vars_4ite_unsat.smt2,unsat,0.31
/rings/ring_2exp16_5vars_2ite_unsat.smt2,unsat,0.02
/rings/ring_2exp6_8vars_3ite_unsat.smt2,unsat,0.06
/rings/ring_2exp6_8vars_7ite_unsat.smt2,unsat,87.49
/rings/ring_2exp4_5vars_2ite_unsat.smt2,unsat,0.03
/rings/ring_2exp16_3vars_1ite_unsat.smt2,unsat,0.01
/rings/ring_2exp16_7vars_1ite_unsat.smt2,unsat,0.02
/rings/ring_2exp6_7vars_4ite_unsat.smt2,unsat,0.48
/rings/ring_2exp14_9vars_7ite_unsat.smt2,failed,1200.0
/rings/ring_2exp12_5vars_1ite_unsat.smt2,unsat,0.02
/rings/ring_2exp16_3vars_2ite_unsat.smt2,unsat,0.01
/rings/ring_2exp16_7vars_4ite_unsat.smt2,unsat,0.17
/rings/ring_2exp12_6vars_1ite_unsat.smt2,unsat,0.02
/rings/ring_2exp16_9vars_0ite_unsat.smt2,unsat,0.02
/rings/ring_2exp4_7vars_1ite_unsat.smt2,unsat,0.04
/rings/ring_2exp14_9vars_2ite_unsat.smt2,unsat,0.03
/rings/ring_2exp12_9vars_3ite_unsat.smt2,unsat,0.08
/rings/ring_2exp12_9vars_1ite_unsat.smt2,unsat,0.03
/rings/ring_2exp8_3vars_0ite_unsat.smt2,unsat,0.01
/rings/ring_2exp16_9vars_7ite_unsat.smt2,failed,1200.0
/rings/ring_2exp6_4vars_1ite_unsat.smt2,unsat,0.02
/rings/ring_2exp4_4vars_2ite_unsat.smt2,unsat,0.03
/rings/ring_2exp14_9vars_0ite_unsat.smt2,unsat,0.02
/rings/ring_2exp16_7vars_0ite_unsat.smt2,unsat,0.01
/rings/ring_2exp4_9vars_5ite_unsat.smt2,unsat,7.89
/rings/ring_2exp6_8vars_1ite_unsat.smt2,unsat,0.03
/rings/ring_2exp16_9vars_2ite_unsat.smt2,unsat,0.03
/rings/ring_2exp16_7vars_3ite_unsat.smt2,unsat,0.07
/rings/ring_2exp8_8vars_5ite_unsat.smt2,unsat,3.27
/rings/ring_2exp4_6vars_0ite_unsat.smt2,unsat,0.01
/rings/ring_2exp4_5vars_3ite_unsat.smt2,unsat,0.05
/rings/ring_2exp10_5vars_4ite_unsat.smt2,unsat,1.43
/rings/ring_2exp10_6vars_4ite_unsat.smt2,unsat,0.18
/rings/ring_2exp10_6vars_0ite_unsat.smt2,unsat,0.01
/rings/ring_2exp12_6vars_4ite_unsat.smt2,unsat,0.13
/rings/ring_2exp14_9vars_5ite_unsat.smt2,unsat,0.93
/rings/ring_2exp12_3vars_1ite_unsat.smt2,unsat,0.01
/rings/ring_2exp8_4vars_3ite_unsat.smt2,unsat,0.07
/rings/ring_2exp8_7vars_1ite_unsat.smt2,unsat,0.02
/rings/ring_2exp8_6vars_1ite_unsat.smt2,unsat,0.02
/rings/ring_2exp10_7vars_2ite_unsat.smt2,unsat,0.02
/rings/ring_2exp8_9vars_7ite_unsat.smt2,unsat,848.23
/rings/ring_2exp12_5vars_2ite_unsat.smt2,unsat,0.02
/rings/ring_2exp14_6vars_2ite_unsat.smt2,unsat,0.02
/rings/ring_2exp8_9vars_4ite_unsat.smt2,unsat,0.25
/rings/ring_2exp6_3vars_2ite_unsat.smt2,unsat,0.02
/rings/ring_2exp4_4vars_0ite_unsat.smt2,unsat,0.01
/rings/ring_2exp6_3vars_1ite_unsat.smt2,unsat,0.02
/rings/ring_2exp10_7vars_0ite_unsat.smt2,unsat,0.03
/rings/ring_2exp12_4vars_1ite_unsat.smt2,unsat,0.03
/rings/ring_2exp6_8vars_6ite_unsat.smt2,unsat,50.63
/rings/ring_2exp4_8vars_3ite_unsat.smt2,unsat,0.07
/rings/ring_2exp12_8vars_7ite_unsat.smt2,unsat,87.74
/rings/ring_2exp8_7vars_0ite_unsat.smt2,unsat,0.01
/rings/ring_2exp14_8vars_0ite_unsat.smt2,unsat,0.02
/rings/ring_2exp12_8vars_0ite_unsat.smt2,unsat,0.01
/rings/ring_2exp8_5vars_3ite_unsat.smt2,unsat,0.04
/rings/ring_2exp10_6vars_3ite_unsat.smt2,unsat,0.05
/rings/ring_2exp12_4vars_0ite_unsat.smt2,unsat,0.01
/rings/ring_2exp12_6vars_0ite_unsat.smt2,unsat,0.02
/rings/ring_2exp4_7vars_6ite_unsat.smt2,unsat,15.28
/rings/ring_2exp14_8vars_6ite_unsat.smt2,unsat,58.01
/rings/ring_2exp6_8vars_0ite_unsat.smt2,unsat,0.02
/rings/ring_2exp14_3vars_0ite_unsat.smt2,unsat,0.01
/rings/ring_2exp12_5vars_4ite_unsat.smt2,unsat,1.87
/rings/ring_2exp12_6vars_5ite_unsat.smt2,unsat,1.31
/rings/ring_2exp10_4vars_3ite_unsat.smt2,unsat,0.07
/rings/ring_2exp8_4vars_2ite_unsat.smt2,unsat,0.02
/rings/ring_2exp16_7vars_5ite_unsat.smt2,unsat,2.51
/rings/ring_2exp6_6vars_2ite_unsat.smt2,unsat,0.03
/rings/ring_2exp14_7vars_2ite_unsat.smt2,unsat,0.02
/rings/ring_2exp16_3vars_0ite_unsat.smt2,unsat,0.01
/rings/ring_2exp10_8vars_5ite_unsat.smt2,unsat,1.08
/rings/ring_2exp16_8vars_2ite_unsat.smt2,unsat,0.04
/rings/ring_2exp6_5vars_1ite_unsat.smt2,unsat,0.02
/rings/ring_2exp12_7vars_1ite_unsat.smt2,unsat,0.02
/rings/ring_2exp14_7vars_5ite_unsat.smt2,unsat,2.63
/rings/ring_2exp10_5vars_3ite_unsat.smt2,unsat,0.08
/rings/ring_2exp4_9vars_1ite_unsat.smt2,unsat,0.04
/rings/ring_2exp8_6vars_3ite_unsat.smt2,unsat,0.05
/rings/ring_2exp6_8vars_5ite_unsat.smt2,unsat,1.99
/rings/ring_2exp4_5vars_4ite_unsat.smt2,unsat,0.35
/rings/ring_2exp16_7vars_6ite_unsat.smt2,unsat,80.45
/rings/ring_2exp4_8vars_0ite_unsat.smt2,unsat,0.02
/rings/ring_2exp16_6vars_0ite_unsat.smt2,unsat,0.01
/rings/ring_2exp6_6vars_4ite_unsat.smt2,unsat,0.16
/tightrhombus/tightrhombus-273-245-5.smt2,unsat,0.02
/tightrhombus/tightrhombus-273-245-0.smt2,unsat,0.01
/tightrhombus/tightrhombus-283-245-4.smt2,unsat,0.09
/tightrhombus/tightrhombus-283-245-10.smt2,unsat,0.15
/tightrhombus/tightrhombus-283-245-1.smt2,failed,1200.0
/tightrhombus/tightrhombus-283-245-3.smt2,unsat,0.04
/tightrhombus/tightrhombus-283-245-7.smt2,unsat,0.01
/tightrhombus/tightrhombus-273-245-6.smt2,unsat,0.02
/tightrhombus/tightrhombus-273-245-8.smt2,unsat,0.01
/tightrhombus/tightrhombus-283-245-8.smt2,unsat,0.09
/tightrhombus/tightrhombus-273-245-1.smt2,unsat,0.01
/tightrhombus/tightrhombus-283-245-0.smt2,unsat,0.01
/tightrhombus/tightrhombus-273-245-7.smt2,unsat,0.03
/tightrhombus/tightrhombus-273-245-4.smt2,unsat,0.02
/tightrhombus/tightrhombus-273-245-10.smt2,unsat,0.03
/tightrhombus/tightrhombus-273-245-2.smt2,unsat,0.01
/tightrhombus/tightrhombus-283-245-9.smt2,unsat,0.16
/tightrhombus/tightrhombus-283-245-5.smt2,unsat,0.09
/tightrhombus/tightrhombus-273-245-9.smt2,unsat,0.01
/tightrhombus/tightrhombus-283-245-2.smt2,unsat,0.05
/tightrhombus/tightrhombus-273-245-3.smt2,unsat,0.02
/tightrhombus/tightrhombus-283-245-6.smt2,unsat,0.03
/prime-cone/prime_cone_unsat_7.smt2,unsat,0.0
/prime-cone/prime_cone_unsat_13.smt2,unsat,0.01
/prime-cone/prime_cone_sat_2.smt2,sat,0.0
/prime-cone/prime_cone_unsat_19.smt2,unsat,0.01
/prime-cone/prime_cone_sat_3.smt2,sat,0.0
/prime-cone/prime_cone_unsat_17.smt2,unsat,0.01
/prime-cone/prime_cone_unsat_8.smt2,unsat,0.0
/prime-cone/prime_cone_unsat_10.smt2,unsat,0.0
/prime-cone/prime_cone_sat_8.smt2,sat,0.0
/prime-cone/prime_cone_unsat_4.smt2,unsat,0.0
/prime-cone/prime_cone_sat_20.smt2,sat,0.02
/prime-cone/prime_cone_sat_17.smt2,sat,0.01
/prime-cone/prime_cone_sat_19.smt2,sat,0.01
/prime-cone/prime_cone_sat_16.smt2,sat,0.01
/prime-cone/prime_cone_sat_12.smt2,sat,0.0
/prime-cone/prime_cone_unsat_12.smt2,unsat,0.01
/prime-cone/prime_cone_sat_14.smt2,sat,0.01
/prime-cone/prime_cone_sat_10.smt2,failed,1200.0
/prime-cone/prime_cone_sat_5.smt2,sat,0.0
/prime-cone/prime_cone_unsat_11.smt2,unsat,0.0
/prime-cone/prime_cone_unsat_5.smt2,failed,1200.0
/prime-cone/prime_cone_unsat_3.smt2,unsat,0.0
/prime-cone/prime_cone_sat_18.smt2,sat,0.01
/prime-cone/prime_cone_unsat_14.smt2,unsat,0.01
/prime-cone/prime_cone_unsat_15.smt2,unsat,0.01
/prime-cone/prime_cone_sat_13.smt2,sat,0.01
/prime-cone/prime_cone_sat_4.smt2,sat,0.0
/prime-cone/prime_cone_unsat_6.smt2,unsat,0.0
/prime-cone/prime_cone_unsat_20.smt2,unsat,0.01
/prime-cone/prime_cone_sat_6.smt2,sat,0.0
/prime-cone/prime_cone_sat_11.smt2,sat,0.0
/prime-cone/prime_cone_unsat_9.smt2,unsat,0.01
/prime-cone/prime_cone_sat_15.smt2,sat,0.01
/prime-cone/prime_cone_sat_7.smt2,sat,0.0
/prime-cone/prime_cone_unsat_18.smt2,unsat,0.01
/prime-cone/prime_cone_sat_9.smt2,failed,1200.0
/prime-cone/prime_cone_unsat_16.smt2,unsat,0.01
/miplib2003/seymour.sat.smt2,sat,0.16
/miplib2003/p2756.sat.smt2,sat,0.82
/miplib2003/stp3d.sat.smt2,failed,1200.0
/miplib2003/mzzv42z.sat.smt2,sat,1.43
/miplib2003/harp2.sat.smt2,sat,0.09
/miplib2003/manna81.sat.smt2,sat,0.18
/miplib2003/air04.sat.smt2,failed,1200.0
/miplib2003/disctom.sat.smt2,failed,1200.0
/miplib2003/mzzv11.sat.smt2,sat,1.34
/miplib2003/air05.sat.smt2,sat,5.03
/miplib2003/nw04.sat.smt2,sat,11.34
/miplib2003/ds.sat.smt2,sat,12.34
/miplib2003/cap6000.sat.smt2,sat,0.42
/miplib2003/protfold.sat.smt2,failed,1200.0
/miplib2003/fast0507.sat.smt2,sat,3.41
/miplib2003/sp97ar.sat.smt2,sat,45.2
/20210219-Dartagnan/ConcurrencySafety-Main/04_incdec_cas-O0.smt2,failed,1200.0
/20210219-Dartagnan/ConcurrencySafety-Main/race-4_2-thread_local_vars-O0.smt2,sat,2.98
/20210219-Dartagnan/ConcurrencySafety-Main/race-4_1-thread_local_vars-O0.smt2,sat,2.54
/20210219-Dartagnan/ConcurrencySafety-Main/stack_longest-1-O0.smt2,sat,120.67
/20210219-Dartagnan/ConcurrencySafety-Main/race-1_1-join-O0.smt2,unsat,0.17
/20210219-Dartagnan/ConcurrencySafety-Main/38_rand_cas_vs_concur-O0.smt2,failed,1200.0
/20210219-Dartagnan/ConcurrencySafety-Main/45_monabsex1_vs-O0.smt2,unsat,1.11
/20210219-Dartagnan/ConcurrencySafety-Main/fib_bench_longer-1-O0.smt2,failed,1200.0
/20210219-Dartagnan/ConcurrencySafety-Main/fib_bench-1-O0.smt2,failed,1200.0
/20210219-Dartagnan/ConcurrencySafety-Main/03_incdec-O0.smt2,failed,1200.0
/20210219-Dartagnan/ConcurrencySafety-Main/fib_bench_longest-2-O0.smt2,failed,1200.0
/20210219-Dartagnan/ConcurrencySafety-Main/fib_bench_longest-1-O0.smt2,failed,1200.0
/20210219-Dartagnan/ConcurrencySafety-Main/26_stack_cas-O0.smt2,failed,1200.0
/20210219-Dartagnan/ConcurrencySafety-Main/stack_longer-1-O0.smt2,sat,16.85
/20210219-Dartagnan/ConcurrencySafety-Main/44_Solaris_space_map_sliced-O0.smt2,unsat,15.6
/20210219-Dartagnan/ConcurrencySafety-Main/stack-1-O0.smt2,unsat,18.62
/20210219-Dartagnan/ConcurrencySafety-Main/stack_longest-2-O0.smt2,unsat,103.24
/20210219-Dartagnan/ConcurrencySafety-Main/qrcu-2-O0.smt2,sat,3.72
/20210219-Dartagnan/ConcurrencySafety-Main/fib_bench_longer-2-O0.smt2,sat,58.64
/20210219-Dartagnan/ConcurrencySafety-Main/stack_longer-2-O0.smt2,unsat,19.94
/20210219-Dartagnan/ConcurrencySafety-Main/32_pthread5_vs-O0.smt2,failed,1200.0
/20210219-Dartagnan/ConcurrencySafety-Main/39_rand_lock_p0_vs-O0.smt2,failed,1200.0
/20210219-Dartagnan/ConcurrencySafety-Main/35_double_lock_p3_vs-O0.smt2,failed,1200.0
/20210219-Dartagnan/ConcurrencySafety-Main/30_Function_Pointer3_vs-O0.smt2,failed,1200.0
/20210219-Dartagnan/ConcurrencySafety-Main/29_conditionals_vs-O0.smt2,failed,1200.0
/20210219-Dartagnan/ConcurrencySafety-Main/race-1_2-join-O0.smt2,sat,0.29
/20210219-Dartagnan/ConcurrencySafety-Main/42_FreeBSD_rdma_addr_sliced-O0.smt2,failed,1200.0
/20210219-Dartagnan/ConcurrencySafety-Main/fk2012-O0.smt2,failed,1200.0
/20210219-Dartagnan/ConcurrencySafety-Main/43_NetBSD_sysmon_power_sliced-O0.smt2,failed,1200.0
/20210219-Dartagnan/ConcurrencySafety-Main/fib_bench-2-O0.smt2,failed,1200.0
/20210219-Dartagnan/ConcurrencySafety-Main/race-1_3-join-O0.smt2,sat,0.3
/20210219-Dartagnan/ConcurrencySafety-Main/25_stack-O0.smt2,failed,1200.0
/20210219-Dartagnan/ConcurrencySafety-Main/sync01-O0.smt2,unsat,1.49
/20210219-Dartagnan/ConcurrencySafety-Main/qrcu-1-O0.smt2,failed,1200.0
/20210219-Dartagnan/ConcurrencySafety-Main/stack-2-O0.smt2,sat,1.67
/20210219-Dartagnan/ReachSafety-Loops/MADWiFi-encode_ie_ok-O0.smt2,unsat,0.13
/20210219-Dartagnan/ReachSafety-Loops/benchmark18_conjunctive-O0.smt2,unsat,0.19
/20210219-Dartagnan/ReachSafety-Loops/mono-crafted_8-O0.smt2,unsat,0.18
/20210219-Dartagnan/ReachSafety-Loops/jm2006.c.i.v+cfa-reducer-O0.smt2,unsat,2.61
/20210219-Dartagnan/ReachSafety-Loops/bubble_sort-2-O0.smt2,failed,1200.0
/20210219-Dartagnan/ReachSafety-Loops/benchmark02_linear-O0.smt2,unsat,0.18
/20210219-Dartagnan/ReachSafety-Loops/in-de20-O0.smt2,unsat,0.58
/20210219-Dartagnan/ReachSafety-Loops/apache-get-tag-O0.smt2,unsat,2.57
/20210219-Dartagnan/ReachSafety-Loops/in-de42-O0.smt2,unsat,0.68
/20210219-Dartagnan/ReachSafety-Loops/up-O0.smt2,unsat,0.37
/20210219-Dartagnan/ReachSafety-Loops/terminator_01-O0.smt2,sat,0.05
/20210219-Dartagnan/ReachSafety-Loops/sum03-1-O0.smt2,unsat,0.34
/20210219-Dartagnan/ReachSafety-Loops/trex01-2-O0.smt2,unsat,0.38
/20210219-Dartagnan/ReachSafety-Loops/SpamAssassin-loop-O0.smt2,unsat,1.17
/20210219-Dartagnan/ReachSafety-Loops/id_build-O0.smt2,unsat,0.9
/20210219-Dartagnan/ReachSafety-Loops/cggmp2005-O0.smt2,unsat,0.03
/20210219-Dartagnan/ReachSafety-Loops/jm2006-O0.smt2,unsat,0.85
/20210219-Dartagnan/ReachSafety-Loops/down-O0.smt2,unsat,0.32
/20210219-Dartagnan/ReachSafety-Loops/cggmp2005b-O0.smt2,unsat,0.18
/20210219-Dartagnan/ReachSafety-Loops/SpamAssassin-loop.i.v+cfa-reducer-O0.smt2,unsat,0.23
/20210219-Dartagnan/ReachSafety-Loops/css2003-O0.smt2,failed,1200.0
/20210219-Dartagnan/ReachSafety-Loops/sum01-2-O0.smt2,unsat,0.36
/20210219-Dartagnan/ReachSafety-Loops/gsv2008.c.i.p+cfa-reducer-O0.smt2,unsat,0.15
/20210219-Dartagnan/ReachSafety-Loops/NetBSD_loop-O0.smt2,unsat,0.6
/20210219-Dartagnan/ReachSafety-Loops/underapprox_2-2-O0.smt2,unsat,0.03
/20210219-Dartagnan/ReachSafety-Loops/benchmark37_conjunctive-O0.smt2,unsat,0.16
/20210219-Dartagnan/ReachSafety-Loops/benchmark05_conjunctive-O0.smt2,unsat,0.65
/20210219-Dartagnan/ReachSafety-Loops/nested_delay_nd-O0.smt2,unsat,9.21
/20210219-Dartagnan/ReachSafety-Loops/Mono3_1-O0.smt2,unsat,1.97
/20210219-Dartagnan/ReachSafety-Loops/simple_vardep_2-O0.smt2,unsat,0.38
/20210219-Dartagnan/ReachSafety-Loops/in-de41-O0.smt2,unsat,0.62
/20210219-Dartagnan/ReachSafety-Loops/benchmark20_conjunctive-O0.smt2,unsat,0.17
/20210219-Dartagnan/ReachSafety-Loops/sum01_bug02_sum01_bug02_base.case-O0.smt2,sat,0.69
/20210219-Dartagnan/ReachSafety-Loops/mono-crafted_1-O0.smt2,unsat,0.23
/20210219-Dartagnan/ReachSafety-Loops/in-de51-O0.smt2,unsat,1.07
/20210219-Dartagnan/ReachSafety-Loops/sum_array-1-O0.smt2,unsat,2.19
/20210219-Dartagnan/ReachSafety-Loops/mono-crafted_3-O0.smt2,unsat,0.29
/20210219-Dartagnan/ReachSafety-Loops/jm2006_variant-O0.smt2,unsat,2.6
/20210219-Dartagnan/ReachSafety-Loops/gr2006-O0.smt2,unsat,1.14
/20210219-Dartagnan/ReachSafety-Loops/benchmark17_conjunctive-O0.smt2,unsat,0.26
/20210219-Dartagnan/ReachSafety-Loops/string_concat-noarr-O0.smt2,unsat,2.21
/20210219-Dartagnan/ReachSafety-Loops/apache-escape-absolute.i.v+cfa-reducer-O0.smt2,unsat,0.34
/20210219-Dartagnan/ReachSafety-Loops/benchmark04_conjunctive-O0.smt2,unsat,0.17
/20210219-Dartagnan/ReachSafety-Loops/insertion_sort-2-O0.smt2,unsat,0.58
/20210219-Dartagnan/ReachSafety-Loops/sum01_bug02-O0.smt2,sat,0.63
/20210219-Dartagnan/ReachSafety-Loops/benchmark25_linear-O0.smt2,unsat,0.2
/20210219-Dartagnan/ReachSafety-Loops/trex04-O0.smt2,unsat,2.52
/20210219-Dartagnan/ReachSafety-Loops/apache-escape-absolute-O0.smt2,unsat,3.67
/20210219-Dartagnan/ReachSafety-Loops/gsv2008.c.i.v+cfa-reducer-O0.smt2,unsat,0.15
/20210219-Dartagnan/ReachSafety-Loops/bhmr2007-O0.smt2,unsat,0.45
/20210219-Dartagnan/ReachSafety-Loops/eq1-O0.smt2,unsat,0.5
/20210219-Dartagnan/ReachSafety-Loops/nested6-O0.smt2,unsat,0.2
/20210219-Dartagnan/ReachSafety-Loops/terminator_03-2-O0.smt2,unsat,0.48
/20210219-Dartagnan/ReachSafety-Loops/count_by_k-O0.smt2,unsat,0.26
/20210219-Dartagnan/ReachSafety-Loops/gcnr2008-O0.smt2,sat,0.07
/20210219-Dartagnan/ReachSafety-Loops/afnp2014-O0.smt2,unsat,1.25
/20210219-Dartagnan/ReachSafety-Loops/gsv2008-O0.smt2,unsat,0.92
/20210219-Dartagnan/ReachSafety-Loops/underapprox_1-1-O0.smt2,sat,0.08
/20210219-Dartagnan/ReachSafety-Loops/simple_vardep_1-O0.smt2,unsat,0.12
/20210219-Dartagnan/ReachSafety-Loops/in-de31-O0.smt2,unsat,0.26
/20210219-Dartagnan/ReachSafety-Loops/in-de52-O0.smt2,unsat,1.14
/20210219-Dartagnan/ReachSafety-Loops/nested_delay_notd2-O0.smt2,unsat,9.27
/20210219-Dartagnan/ReachSafety-Loops/nested-1-O0.smt2,unsat,0.93
/20210219-Dartagnan/ReachSafety-Loops/terminator_02-1-O0.smt2,sat,0.06
/20210219-Dartagnan/ReachSafety-Loops/large_const-O0.smt2,failed,1200.0
/20210219-Dartagnan/ReachSafety-Loops/hhk2008-O0.smt2,unsat,0.22
/20210219-Dartagnan/ReachSafety-Loops/benchmark32_linear-O0.smt2,unsat,1.14
/20210219-Dartagnan/ReachSafety-Loops/trex01-1-O0.smt2,sat,0.07
/20210219-Dartagnan/ReachSafety-Loops/linear-inequality-inv-b-O0.smt2,unsat,1.42
/20210219-Dartagnan/ReachSafety-Loops/for_bounded_loop1-O0.smt2,sat,0.15
/20210219-Dartagnan/ReachSafety-Loops/sum01-1-O0.smt2,sat,1.9
/20210219-Dartagnan/ReachSafety-Loops/benchmark35_linear-O0.smt2,unsat,2.24
/20210219-Dartagnan/ReachSafety-Loops/underapprox_2-1-O0.smt2,sat,0.07
/20210219-Dartagnan/ReachSafety-Loops/benchmark10_conjunctive-O0.smt2,unsat,2.73
/20210219-Dartagnan/ReachSafety-Loops/invert_string-3-O0.smt2,unsat,0.04
/20210219-Dartagnan/ReachSafety-Loops/for_infinite_loop_1-O0.smt2,unsat,0.39
/20210219-Dartagnan/ReachSafety-Loops/terminator_02-2-O0.smt2,unsat,1.81
/20210219-Dartagnan/ReachSafety-Loops/count_up_down-2-O0.smt2,sat,0.05
/20210219-Dartagnan/ReachSafety-Loops/terminator_03-1-O0.smt2,sat,0.08
/20210219-Dartagnan/ReachSafety-Loops/gj2007b-O0.smt2,unsat,2.89
/20210219-Dartagnan/ReachSafety-Loops/in-de32-O0.smt2,unsat,0.29
/20210219-Dartagnan/ReachSafety-Loops/benchmark14_linear-O0.smt2,unsat,0.15
/20210219-Dartagnan/ReachSafety-Loops/for_infinite_loop_2-O0.smt2,unsat,0.39
/20210219-Dartagnan/ReachSafety-Loops/benchmark51_polynomial-O0.smt2,failed,1200.0
/20210219-Dartagnan/ReachSafety-Loops/id_build.i.v+lhb-reducer-O0.smt2,unsat,0.25
/20210219-Dartagnan/ReachSafety-Loops/fragtest_simple-O0.smt2,unsat,2.09
/20210219-Dartagnan/ReachSafety-Loops/benchmark19_conjunctive-O0.smt2,unsat,2.99
/20210219-Dartagnan/ReachSafety-Loops/cggmp2005_variant-O0.smt2,unsat,1.07
/20210219-Dartagnan/ReachSafety-Loops/trex02-2-O0.smt2,sat,0.06
/20210219-Dartagnan/ReachSafety-Loops/sum03-2-O0.smt2,unsat,0.2
/20210219-Dartagnan/ReachSafety-Loops/benchmark34_conjunctive-O0.smt2,unsat,3.08
/20210219-Dartagnan/ReachSafety-Loops/sum_array-2-O0.smt2,unsat,2.31
/20210219-Dartagnan/ReachSafety-Loops/nested_1b-O0.smt2,sat,0.11
/20210219-Dartagnan/ReachSafety-Loops/count_by_nondet-O0.smt2,unsat,0.16
/20210219-Dartagnan/ReachSafety-Loops/benchmark26_linear-O0.smt2,unsat,0.15
/20210219-Dartagnan/ReachSafety-Loops/apache-get-tag.i.v+lhb-reducer-O0.smt2,unsat,0.31
/20210219-Dartagnan/ReachSafety-Loops/benchmark09_conjunctive-O0.smt2,failed,1200.0
/20210219-Dartagnan/ReachSafety-Loops/seq-3-O0.smt2,unsat,0.6
/20210219-Dartagnan/ReachSafety-Loops/sendmail-close-angle-O0.smt2,unsat,0.4
/20210219-Dartagnan/ReachSafety-Loops/apache-get-tag.i.v+nlh-reducer-O0.smt2,unsat,0.31
/20210219-Dartagnan/ReachSafety-Loops/insertion_sort-1-O0.smt2,unsat,0.66
/20210219-Dartagnan/ReachSafety-Loops/linear-inequality-inv-a-O0.smt2,unsat,1.19
/20210219-Dartagnan/ReachSafety-Loops/gsv2008.c.i.v+lhb-reducer-O0.smt2,unsat,0.19
/20210219-Dartagnan/ReachSafety-Loops/benchmark11_linear-O0.smt2,unsat,0.22
/20210219-Dartagnan/ReachSafety-Loops/apache-get-tag.i.p+lhb-reducer-O0.smt2,unsat,1.83
/20210219-Dartagnan/ReachSafety-Loops/theatreSquare-O0.smt2,unsat,0.57
/20210219-Dartagnan/ReachSafety-Loops/Mono5_1-O0.smt2,unsat,1.33
/20210219-Dartagnan/ReachSafety-Loops/nested-3-O0.smt2,unsat,1.65
/20210219-Dartagnan/ReachSafety-Loops/benchmark23_conjunctive-O0.smt2,unsat,0.17
/20210219-Dartagnan/ReachSafety-Loops/nested9-O0.smt2,unsat,0.12
/20210219-Dartagnan/ReachSafety-Loops/nest-if3-O0.smt2,unsat,1.68
/20210219-Dartagnan/ReachSafety-Loops/benchmark33_linear-O0.smt2,unsat,2.47
/20210219-Dartagnan/ReachSafety-Loops/count_up_down-1-O0.smt2,unsat,0.06
/20210219-Dartagnan/ReachSafety-Loops/in-de62-O0.smt2,unsat,1.47
/20210219-Dartagnan/ReachSafety-Loops/in-de61-O0.smt2,unsat,1.57
/20210219-Dartagnan/ReachSafety-Loops/trex02-1-O0.smt2,unsat,3.91
/20210219-Dartagnan/ReachSafety-Loops/deep-nested-O0.smt2,unsat,0.02
/20210219-Dartagnan/ReachSafety-Loops/benchmark43_conjunctive-O0.smt2,unsat,0.71
/20180326-Bromberger/unbd-sage/unbd075v83c/unbd-sage16.smt2,sat,1059.59
/20180326-Bromberger/unbd-sage/unbd075v83c/unbd-sage20.smt2,failed,1200.0
/20180326-Bromberger/unbd-sage/unbd075v83c/unbd-sage0.smt2,failed,1200.0
/20180326-Bromberger/unbd-sage/unbd075v83c/unbd-sage3.smt2,failed,1200.0
/20180326-Bromberger/unbd-sage/unbd075v83c/unbd-sage9.smt2,failed,1200.0
/20180326-Bromberger/unbd-sage/unbd075v83c/unbd-sage5.smt2,failed,1200.0
/20180326-Bromberger/unbd-sage/unbd075v83c/unbd-sage18.smt2,failed,1200.0
/20180326-Bromberger/unbd-sage/unbd075v83c/unbd-sage8.smt2,failed,1200.0
/20180326-Bromberger/unbd-sage/unbd075v83c/unbd-sage6.smt2,failed,1200.0
/20180326-Bromberger/unbd-sage/unbd075v83c/unbd-sage19.smt2,failed,1200.0
/20180326-Bromberger/unbd-sage/unbd075v83c/unbd-sage2.smt2,failed,1200.0
/20180326-Bromberger/unbd-sage/unbd075v83c/unbd-sage15.smt2,failed,1200.0
/20180326-Bromberger/unbd-sage/unbd075v83c/unbd-sage7.smt2,failed,1200.0
/20180326-Bromberger/unbd-sage/unbd075v83c/unbd-sage12.smt2,failed,1200.0
/20180326-Bromberger/unbd-sage/unbd075v83c/unbd-sage17.smt2,failed,1200.0
/20180326-Bromberger/unbd-sage/unbd075v83c/unbd-sage10.smt2,failed,1200.0
/20180326-Bromberger/unbd-sage/unbd075v83c/unbd-sage13.smt2,failed,1200.0
/20180326-Bromberger/unbd-sage/unbd075v83c/unbd-sage11.smt2,failed,1200.0
/20180326-Bromberger/unbd-sage/unbd075v83c/unbd-sage1.smt2,failed,1200.0
/20180326-Bromberger/unbd-sage/unbd075v83c/unbd-sage24.smt2,failed,1200.0
/20180326-Bromberger/unbd-sage/unbd075v83c/unbd-sage21.smt2,failed,1200.0
/20180326-Bromberger/unbd-sage/unbd075v83c/unbd-sage23.smt2,failed,1200.0
/20180326-Bromberger/unbd-sage/unbd075v83c/unbd-sage4.smt2,failed,1200.0
/20180326-Bromberger/unbd-sage/unbd075v83c/unbd-sage22.smt2,failed,1200.0
/20180326-Bromberger/unbd-sage/unbd075v83c/unbd-sage14.smt2,sat,1084.73
/20180326-Bromberger/unbd-sage/unbd050v55c/unbd-sage16.smt2,sat,58.3
/20180326-Bromberger/unbd-sage/unbd050v55c/unbd-sage20.smt2,sat,79.41
/20180326-Bromberger/unbd-sage/unbd050v55c/unbd-sage0.smt2,sat,109.17
/20180326-Bromberger/unbd-sage/unbd050v55c/unbd-sage3.smt2,sat,127.13
/20180326-Bromberger/unbd-sage/unbd050v55c/unbd-sage9.smt2,sat,67.63
/20180326-Bromberger/unbd-sage/unbd050v55c/unbd-sage5.smt2,sat,28.65
/20180326-Bromberger/unbd-sage/unbd050v55c/unbd-sage18.smt2,sat,390.5
/20180326-Bromberger/unbd-sage/unbd050v55c/unbd-sage8.smt2,sat,60.47
/20180326-Bromberger/unbd-sage/unbd050v55c/unbd-sage6.smt2,sat,166.24
/20180326-Bromberger/unbd-sage/unbd050v55c/unbd-sage19.smt2,sat,222.3
/20180326-Bromberger/unbd-sage/unbd050v55c/unbd-sage2.smt2,sat,163.72
/20180326-Bromberger/unbd-sage/unbd050v55c/unbd-sage15.smt2,sat,139.59
/20180326-Bromberger/unbd-sage/unbd050v55c/unbd-sage7.smt2,sat,76.98
/20180326-Bromberger/unbd-sage/unbd050v55c/unbd-sage12.smt2,sat,204.92
/20180326-Bromberger/unbd-sage/unbd050v55c/unbd-sage17.smt2,sat,164.81
/20180326-Bromberger/unbd-sage/unbd050v55c/unbd-sage10.smt2,sat,111.59
/20180326-Bromberger/unbd-sage/unbd050v55c/unbd-sage13.smt2,sat,18.12
/20180326-Bromberger/unbd-sage/unbd050v55c/unbd-sage11.smt2,sat,78.19
/20180326-Bromberger/unbd-sage/unbd050v55c/unbd-sage1.smt2,sat,110.79
/20180326-Bromberger/unbd-sage/unbd050v55c/unbd-sage24.smt2,sat,162.06
/20180326-Bromberger/unbd-sage/unbd050v55c/unbd-sage21.smt2,sat,329.17
/20180326-Bromberger/unbd-sage/unbd050v55c/unbd-sage23.smt2,sat,63.9
/20180326-Bromberger/unbd-sage/unbd050v55c/unbd-sage4.smt2,sat,94.94
/20180326-Bromberger/unbd-sage/unbd050v55c/unbd-sage22.smt2,sat,151.18
/20180326-Bromberger/unbd-sage/unbd050v55c/unbd-sage14.smt2,sat,46.98
/20180326-Bromberger/unbd-sage/unbd010v15c/unbd-sage16.smt2,sat,0.01
/20180326-Bromberger/unbd-sage/unbd010v15c/unbd-sage20.smt2,sat,0.0
/20180326-Bromberger/unbd-sage/unbd010v15c/unbd-sage0.smt2,sat,0.0
/20180326-Bromberger/unbd-sage/unbd010v15c/unbd-sage3.smt2,sat,0.01
/20180326-Bromberger/unbd-sage/unbd010v15c/unbd-sage9.smt2,sat,0.02
/20180326-Bromberger/unbd-sage/unbd010v15c/unbd-sage5.smt2,sat,0.01
/20180326-Bromberger/unbd-sage/unbd010v15c/unbd-sage18.smt2,sat,0.0
/20180326-Bromberger/unbd-sage/unbd010v15c/unbd-sage8.smt2,sat,0.01
/20180326-Bromberger/unbd-sage/unbd010v15c/unbd-sage6.smt2,sat,0.01
/20180326-Bromberger/unbd-sage/unbd010v15c/unbd-sage19.smt2,sat,0.01
/20180326-Bromberger/unbd-sage/unbd010v15c/unbd-sage2.smt2,sat,0.01
/20180326-Bromberger/unbd-sage/unbd010v15c/unbd-sage15.smt2,sat,0.01
/20180326-Bromberger/unbd-sage/unbd010v15c/unbd-sage7.smt2,sat,0.01
/20180326-Bromberger/unbd-sage/unbd010v15c/unbd-sage12.smt2,sat,0.01
/20180326-Bromberger/unbd-sage/unbd010v15c/unbd-sage17.smt2,sat,0.01
/20180326-Bromberger/unbd-sage/unbd010v15c/unbd-sage10.smt2,sat,0.01
/20180326-Bromberger/unbd-sage/unbd010v15c/unbd-sage13.smt2,sat,0.01
/20180326-Bromberger/unbd-sage/unbd010v15c/unbd-sage11.smt2,sat,0.02
/20180326-Bromberger/unbd-sage/unbd010v15c/unbd-sage1.smt2,sat,0.0
/20180326-Bromberger/unbd-sage/unbd010v15c/unbd-sage24.smt2,sat,0.01
/20180326-Bromberger/unbd-sage/unbd010v15c/unbd-sage21.smt2,failed,1200.0
/20180326-Bromberger/unbd-sage/unbd010v15c/unbd-sage23.smt2,sat,0.01
/20180326-Bromberger/unbd-sage/unbd010v15c/unbd-sage4.smt2,sat,0.01
/20180326-Bromberger/unbd-sage/unbd010v15c/unbd-sage22.smt2,sat,0.01
/20180326-Bromberger/unbd-sage/unbd010v15c/unbd-sage14.smt2,sat,0.01
/20180326-Bromberger/unbd-sage/unbd025v30c/unbd-sage16.smt2,sat,3.06
/20180326-Bromberger/unbd-sage/unbd025v30c/unbd-sage20.smt2,sat,4.89
/20180326-Bromberger/unbd-sage/unbd025v30c/unbd-sage0.smt2,sat,2.39
/20180326-Bromberger/unbd-sage/unbd025v30c/unbd-sage3.smt2,sat,2.31
/20180326-Bromberger/unbd-sage/unbd025v30c/unbd-sage9.smt2,sat,1.9
/20180326-Bromberger/unbd-sage/unbd025v30c/unbd-sage5.smt2,sat,1.28
/20180326-Bromberger/unbd-sage/unbd025v30c/unbd-sage18.smt2,sat,2.87
/20180326-Bromberger/unbd-sage/unbd025v30c/unbd-sage8.smt2,sat,2.03
/20180326-Bromberger/unbd-sage/unbd025v30c/unbd-sage6.smt2,sat,1.93
/20180326-Bromberger/unbd-sage/unbd025v30c/unbd-sage19.smt2,sat,0.53
/20180326-Bromberger/unbd-sage/unbd025v30c/unbd-sage2.smt2,sat,1.6
/20180326-Bromberger/unbd-sage/unbd025v30c/unbd-sage15.smt2,sat,1.98
/20180326-Bromberger/unbd-sage/unbd025v30c/unbd-sage7.smt2,sat,1.47
/20180326-Bromberger/unbd-sage/unbd025v30c/unbd-sage12.smt2,sat,4.5
/20180326-Bromberger/unbd-sage/unbd025v30c/unbd-sage17.smt2,sat,3.15
/20180326-Bromberger/unbd-sage/unbd025v30c/unbd-sage10.smt2,sat,2.12
/20180326-Bromberger/unbd-sage/unbd025v30c/unbd-sage13.smt2,sat,2.51
/20180326-Bromberger/unbd-sage/unbd025v30c/unbd-sage11.smt2,sat,2.73
/20180326-Bromberger/unbd-sage/unbd025v30c/unbd-sage1.smt2,sat,3.06
/20180326-Bromberger/unbd-sage/unbd025v30c/unbd-sage24.smt2,sat,1.71
/20180326-Bromberger/unbd-sage/unbd025v30c/unbd-sage21.smt2,sat,2.03
/20180326-Bromberger/unbd-sage/unbd025v30c/unbd-sage23.smt2,sat,3.24
/20180326-Bromberger/unbd-sage/unbd025v30c/unbd-sage4.smt2,sat,2.97
/20180326-Bromberger/unbd-sage/unbd025v30c/unbd-sage22.smt2,sat,1.57
/20180326-Bromberger/unbd-sage/unbd025v30c/unbd-sage14.smt2,sat,4.17
/20180326-Bromberger/unbd-sage/unbd100v110c/unbd-sage16.smt2,failed,1200.0
/20180326-Bromberger/unbd-sage/unbd100v110c/unbd-sage20.smt2,failed,1200.0
/20180326-Bromberger/unbd-sage/unbd100v110c/unbd-sage0.smt2,failed,1200.0
/20180326-Bromberger/unbd-sage/unbd100v110c/unbd-sage3.smt2,failed,1200.0
/20180326-Bromberger/unbd-sage/unbd100v110c/unbd-sage9.smt2,failed,1200.0
/20180326-Bromberger/unbd-sage/unbd100v110c/unbd-sage5.smt2,failed,1200.0
/20180326-Bromberger/unbd-sage/unbd100v110c/unbd-sage18.smt2,failed,1200.0
/20180326-Bromberger/unbd-sage/unbd100v110c/unbd-sage8.smt2,failed,1200.0
/20180326-Bromberger/unbd-sage/unbd100v110c/unbd-sage6.smt2,failed,1200.0
/20180326-Bromberger/unbd-sage/unbd100v110c/unbd-sage19.smt2,failed,1200.0
/20180326-Bromberger/unbd-sage/unbd100v110c/unbd-sage2.smt2,failed,1200.0
/20180326-Bromberger/unbd-sage/unbd100v110c/unbd-sage15.smt2,failed,1200.0
/20180326-Bromberger/unbd-sage/unbd100v110c/unbd-sage7.smt2,failed,1200.0
/20180326-Bromberger/unbd-sage/unbd100v110c/unbd-sage12.smt2,failed,1200.0
/20180326-Bromberger/unbd-sage/unbd100v110c/unbd-sage17.smt2,failed,1200.0
/20180326-Bromberger/unbd-sage/unbd100v110c/unbd-sage10.smt2,failed,1200.0
/20180326-Bromberger/unbd-sage/unbd100v110c/unbd-sage13.smt2,failed,1200.0
/20180326-Bromberger/unbd-sage/unbd100v110c/unbd-sage11.smt2,failed,1200.0
/20180326-Bromberger/unbd-sage/unbd100v110c/unbd-sage1.smt2,failed,1200.0
/20180326-Bromberger/unbd-sage/unbd100v110c/unbd-sage24.smt2,failed,1200.0
/20180326-Bromberger/unbd-sage/unbd100v110c/unbd-sage21.smt2,failed,1200.0
/20180326-Bromberger/unbd-sage/unbd100v110c/unbd-sage23.smt2,failed,1200.0
/20180326-Bromberger/unbd-sage/unbd100v110c/unbd-sage4.smt2,failed,1200.0
/20180326-Bromberger/unbd-sage/unbd100v110c/unbd-sage22.smt2,failed,1200.0
/20180326-Bromberger/unbd-sage/unbd100v110c/unbd-sage14.smt2,failed,1200.0
/20180326-Bromberger/more_slacked/CAV_2009_benchmarks/smt/25-vars/v25_problem_2__033.smt2.slack.smt2,unsat,0.09
/20180326-Bromberger/more_slacked/CAV_2009_benchmarks/smt/25-vars/v25_problem__011.smt2.slack.smt2,sat,0.51
/20180326-Bromberger/more_slacked/CAV_2009_benchmarks/smt/25-vars/v25_problem_2__032.smt2.slack.smt2,sat,29.81
/20180326-Bromberger/more_slacked/CAV_2009_benchmarks/smt/25-vars/v25_problem_2__009.smt2.slack.smt2,sat,1.16
/20180326-Bromberger/more_slacked/CAV_2009_benchmarks/smt/25-vars/v25_problem__013.smt2.slack.smt2,sat,0.0
/20180326-Bromberger/more_slacked/CAV_2009_benchmarks/smt/25-vars/v25_problem__001.smt2.slack.smt2,sat,0.0
/20180326-Bromberger/more_slacked/CAV_2009_benchmarks/smt/25-vars/v25_problem_2__034.smt2.slack.smt2,sat,15.31
/20180326-Bromberger/more_slacked/CAV_2009_benchmarks/smt/25-vars/v25_problem__006.smt2.slack.smt2,sat,0.61
/20180326-Bromberger/more_slacked/CAV_2009_benchmarks/smt/25-vars/v25_problem__027.smt2.slack.smt2,sat,23.87
/20180326-Bromberger/more_slacked/CAV_2009_benchmarks/smt/25-vars/v25_problem_2__026.smt2.slack.smt2,sat,25.19
/20180326-Bromberger/more_slacked/CAV_2009_benchmarks/smt/25-vars/v25_problem__002.smt2.slack.smt2,sat,0.01
/20180326-Bromberger/more_slacked/CAV_2009_benchmarks/smt/25-vars/v25_problem__017.smt2.slack.smt2,sat,8.77
/20180326-Bromberger/more_slacked/CAV_2009_benchmarks/smt/25-vars/v25_problem_2__012.smt2.slack.smt2,sat,3.56
/20180326-Bromberger/more_slacked/CAV_2009_benchmarks/smt/25-vars/v25_problem_2__002.smt2.slack.smt2,sat,0.0
/20180326-Bromberger/more_slacked/CAV_2009_benchmarks/smt/25-vars/v25_problem__028.smt2.slack.smt2,sat,42.19
/20180326-Bromberger/more_slacked/CAV_2009_benchmarks/smt/25-vars/v25_problem__025.smt2.slack.smt2,sat,14.22
/20180326-Bromberger/more_slacked/CAV_2009_benchmarks/smt/25-vars/v25_problem_2__001.smt2.slack.smt2,sat,0.01
/20180326-Bromberger/more_slacked/CAV_2009_benchmarks/smt/25-vars/v25_problem__033.smt2.slack.smt2,sat,23.86
/20180326-Bromberger/more_slacked/CAV_2009_benchmarks/smt/25-vars/v25_problem__023.smt2.slack.smt2,sat,13.1
/20180326-Bromberger/more_slacked/CAV_2009_benchmarks/smt/25-vars/v25_problem_2__018.smt2.slack.smt2,sat,8.58
/20180326-Bromberger/more_slacked/CAV_2009_benchmarks/smt/25-vars/v25_problem_2__022.smt2.slack.smt2,sat,7.3
/20180326-Bromberger/more_slacked/CAV_2009_benchmarks/smt/25-vars/v25_problem__018.smt2.slack.smt2,sat,0.01
/20180326-Bromberger/more_slacked/CAV_2009_benchmarks/smt/25-vars/v25_problem__016.smt2.slack.smt2,sat,3.86
/20180326-Bromberger/more_slacked/CAV_2009_benchmarks/smt/25-vars/v25_problem__032.smt2.slack.smt2,unsat,0.06
/20180326-Bromberger/more_slacked/CAV_2009_benchmarks/smt/25-vars/v25_problem_2__024.smt2.slack.smt2,sat,20.63
/20180326-Bromberger/more_slacked/CAV_2009_benchmarks/smt/25-vars/v25_problem__005.smt2.slack.smt2,sat,0.01
/20180326-Bromberger/more_slacked/CAV_2009_benchmarks/smt/25-vars/v25_problem_2__021.smt2.slack.smt2,sat,21.16
/20180326-Bromberger/more_slacked/CAV_2009_benchmarks/smt/25-vars/v25_problem_2__019.smt2.slack.smt2,sat,14.11
/20180326-Bromberger/more_slacked/CAV_2009_benchmarks/smt/25-vars/v25_problem_2__006.smt2.slack.smt2,sat,0.0
/20180326-Bromberger/more_slacked/CAV_2009_benchmarks/smt/25-vars/v25_problem__019.smt2.slack.smt2,sat,12.52
/20180326-Bromberger/more_slacked/CAV_2009_benchmarks/smt/25-vars/v25_problem__004.smt2.slack.smt2,sat,0.0
/20180326-Bromberger/more_slacked/CAV_2009_benchmarks/smt/25-vars/v25_problem_2__016.smt2.slack.smt2,sat,9.44
/20180326-Bromberger/more_slacked/CAV_2009_benchmarks/smt/25-vars/v25_problem__026.smt2.slack.smt2,sat,33.39
/20180326-Bromberger/more_slacked/CAV_2009_benchmarks/smt/25-vars/v25_problem__012.smt2.slack.smt2,sat,6.65
/20180326-Bromberger/more_slacked/CAV_2009_benchmarks/smt/25-vars/v25_problem_2__017.smt2.slack.smt2,sat,13.46
/20180326-Bromberger/more_slacked/CAV_2009_benchmarks/smt/25-vars/v25_problem__007.smt2.slack.smt2,sat,2.01
/20180326-Bromberger/more_slacked/CAV_2009_benchmarks/smt/25-vars/v25_problem_2__025.smt2.slack.smt2,sat,13.88
/20180326-Bromberger/more_slacked/CAV_2009_benchmarks/smt/25-vars/v25_problem_2__014.smt2.slack.smt2,sat,9.96
/20180326-Bromberger/more_slacked/CAV_2009_benchmarks/smt/25-vars/v25_problem__020.smt2.slack.smt2,sat,0.01
/20180326-Bromberger/more_slacked/CAV_2009_benchmarks/smt/25-vars/v25_problem_2__004.smt2.slack.smt2,sat,0.01
/20180326-Bromberger/more_slacked/CAV_2009_benchmarks/smt/25-vars/v25_problem__030.smt2.slack.smt2,sat,23.67
/20180326-Bromberger/more_slacked/CAV_2009_benchmarks/smt/25-vars/v25_problem_2__029.smt2.slack.smt2,unsat,0.06
/20180326-Bromberger/more_slacked/CAV_2009_benchmarks/smt/25-vars/v25_problem__031.smt2.slack.smt2,unsat,0.4
/20180326-Bromberger/more_slacked/CAV_2009_benchmarks/smt/25-vars/v25_problem__010.smt2.slack.smt2,sat,0.01
/20180326-Bromberger/more_slacked/CAV_2009_benchmarks/smt/25-vars/v25_problem_2__020.smt2.slack.smt2,sat,10.27
/20180326-Bromberger/more_slacked/CAV_2009_benchmarks/smt/25-vars/v25_problem_2__035.smt2.slack.smt2,sat,24.77
/20180326-Bromberger/more_slacked/CAV_2009_benchmarks/smt/25-vars/v25_problem_2__003.smt2.slack.smt2,sat,0.0
/20180326-Bromberger/more_slacked/CAV_2009_benchmarks/smt/25-vars/v25_problem_2__013.smt2.slack.smt2,sat,2.28
/20180326-Bromberger/more_slacked/CAV_2009_benchmarks/smt/25-vars/v25_problem__008.smt2.slack.smt2,sat,1.01
/20180326-Bromberger/more_slacked/CAV_2009_benchmarks/smt/25-vars/v25_problem__029.smt2.slack.smt2,sat,18.91
/20180326-Bromberger/more_slacked/CAV_2009_benchmarks/smt/25-vars/v25_problem_2__030.smt2.slack.smt2,sat,28.64
/20180326-Bromberger/more_slacked/CAV_2009_benchmarks/smt/25-vars/v25_problem_2__011.smt2.slack.smt2,failed,1200.0
/20180326-Bromberger/more_slacked/CAV_2009_benchmarks/smt/25-vars/v25_problem_2__015.smt2.slack.smt2,sat,0.96
/20180326-Bromberger/more_slacked/CAV_2009_benchmarks/smt/25-vars/v25_problem_2__010.smt2.slack.smt2,sat,0.0
/20180326-Bromberger/more_slacked/CAV_2009_benchmarks/smt/25-vars/v25_problem_2__027.smt2.slack.smt2,sat,24.96
/20180326-Bromberger/more_slacked/CAV_2009_benchmarks/smt/25-vars/v25_problem__024.smt2.slack.smt2,sat,31.3
/20180326-Bromberger/more_slacked/CAV_2009_benchmarks/smt/25-vars/v25_problem_2__031.smt2.slack.smt2,unsat,0.08
/20180326-Bromberger/more_slacked/CAV_2009_benchmarks/smt/25-vars/v25_problem_2__023.smt2.slack.smt2,sat,29.29
/20180326-Bromberger/more_slacked/CAV_2009_benchmarks/smt/25-vars/v25_problem__009.smt2.slack.smt2,sat,0.03
/20180326-Bromberger/more_slacked/CAV_2009_benchmarks/smt/25-vars/v25_problem_2__028.smt2.slack.smt2,sat,28.86
/20180326-Bromberger/more_slacked/CAV_2009_benchmarks/smt/25-vars/v25_problem__034.smt2.slack.smt2,unsat,0.09
/20180326-Bromberger/more_slacked/CAV_2009_benchmarks/smt/25-vars/v25_problem_2__007.smt2.slack.smt2,sat,0.59
/20180326-Bromberger/more_slacked/CAV_2009_benchmarks/smt/25-vars/v25_problem_2__005.smt2.slack.smt2,sat,0.01
/20180326-Bromberger/more_slacked/CAV_2009_benchmarks/smt/25-vars/v25_problem__022.smt2.slack.smt2,unsat,0.29
/20180326-Bromberger/more_slacked/CAV_2009_benchmarks/smt/25-vars/v25_problem__021.smt2.slack.smt2,sat,9.79
/20180326-Bromberger/more_slacked/CAV_2009_benchmarks/smt/25-vars/v25_problem__015.smt2.slack.smt2,sat,9.75
/20180326-Bromberger/more_slacked/CAV_2009_benchmarks/smt/25-vars/v25_problem__003.smt2.slack.smt2,sat,0.0
/20180326-Bromberger/more_slacked/CAV_2009_benchmarks/smt/25-vars/v25_problem__014.smt2.slack.smt2,sat,1.42
/20180326-Bromberger/more_slacked/CAV_2009_benchmarks/smt/25-vars/v25_problem_2__008.smt2.slack.smt2,sat,0.01
/20180326-Bromberger/more_slacked/CAV_2009_benchmarks/smt/25-vars/v25_problem__035.smt2.slack.smt2,sat,23.53
/20180326-Bromberger/more_slacked/CAV_2009_benchmarks/smt/35-vars/v35_problem__012.smt2.slack.smt2,sat,33.74
/20180326-Bromberger/more_slacked/CAV_2009_benchmarks/smt/35-vars/v35_problem__027.smt2.slack.smt2,sat,125.43
/20180326-Bromberger/more_slacked/CAV_2009_benchmarks/smt/35-vars/v35_problem_2__010.smt2.slack.smt2,sat,0.01
/20180326-Bromberger/more_slacked/CAV_2009_benchmarks/smt/35-vars/v35_problem_2__002.smt2.slack.smt2,sat,0.01
/20180326-Bromberger/more_slacked/CAV_2009_benchmarks/smt/35-vars/v35_problem__017.smt2.slack.smt2,sat,130.35
/20180326-Bromberger/more_slacked/CAV_2009_benchmarks/smt/35-vars/v35_problem__015.smt2.slack.smt2,sat,0.3
/20180326-Bromberger/more_slacked/CAV_2009_benchmarks/smt/35-vars/v35_problem_2__014.smt2.slack.smt2,sat,0.01
/20180326-Bromberger/more_slacked/CAV_2009_benchmarks/smt/35-vars/v35_problem_2__023.smt2.slack.smt2,sat,124.25
/20180326-Bromberger/more_slacked/CAV_2009_benchmarks/smt/35-vars/v35_problem_2__022.smt2.slack.smt2,sat,110.4
/20180326-Bromberger/more_slacked/CAV_2009_benchmarks/smt/35-vars/v35_problem_2__003.smt2.slack.smt2,sat,0.01
/20180326-Bromberger/more_slacked/CAV_2009_benchmarks/smt/35-vars/v35_problem__004.smt2.slack.smt2,sat,0.01
/20180326-Bromberger/more_slacked/CAV_2009_benchmarks/smt/35-vars/v35_problem__005.smt2.slack.smt2,sat,0.01
/20180326-Bromberger/more_slacked/CAV_2009_benchmarks/smt/35-vars/v35_problem_2__034.smt2.slack.smt2,sat,127.31
/20180326-Bromberger/more_slacked/CAV_2009_benchmarks/smt/35-vars/v35_problem_2__012.smt2.slack.smt2,sat,54.98
/20180326-Bromberger/more_slacked/CAV_2009_benchmarks/smt/35-vars/v35_problem_2__008.smt2.slack.smt2,sat,10.16
/20180326-Bromberger/more_slacked/CAV_2009_benchmarks/smt/35-vars/v35_problem_2__029.smt2.slack.smt2,sat,122.06
/20180326-Bromberger/more_slacked/CAV_2009_benchmarks/smt/35-vars/v35_problem__008.smt2.slack.smt2,sat,10.25
/20180326-Bromberger/more_slacked/CAV_2009_benchmarks/smt/35-vars/v35_problem_2__013.smt2.slack.smt2,sat,20.57
/20180326-Bromberger/more_slacked/CAV_2009_benchmarks/smt/35-vars/v35_problem__018.smt2.slack.smt2,sat,110.22
/20180326-Bromberger/more_slacked/CAV_2009_benchmarks/smt/35-vars/v35_problem__026.smt2.slack.smt2,sat,152.13
/20180326-Bromberger/more_slacked/CAV_2009_benchmarks/smt/35-vars/v35_problem_2__006.smt2.slack.smt2,sat,10.11
/20180326-Bromberger/more_slacked/CAV_2009_benchmarks/smt/35-vars/v35_problem__006.smt2.slack.smt2,sat,6.51
/20180326-Bromberger/more_slacked/CAV_2009_benchmarks/smt/35-vars/v35_problem_2__016.smt2.slack.smt2,sat,66.27
/20180326-Bromberger/more_slacked/CAV_2009_benchmarks/smt/35-vars/v35_problem_2__019.smt2.slack.smt2,sat,61.92
/20180326-Bromberger/more_slacked/CAV_2009_benchmarks/smt/35-vars/v35_problem_2__024.smt2.slack.smt2,sat,156.02
/20180326-Bromberger/more_slacked/CAV_2009_benchmarks/smt/35-vars/v35_problem_2__018.smt2.slack.smt2,sat,119.8
/20180326-Bromberger/more_slacked/CAV_2009_benchmarks/smt/35-vars/v35_problem__023.smt2.slack.smt2,sat,159.32
/20180326-Bromberger/more_slacked/CAV_2009_benchmarks/smt/35-vars/v35_problem__022.smt2.slack.smt2,sat,127.49
/20180326-Bromberger/more_slacked/CAV_2009_benchmarks/smt/35-vars/v35_problem__002.smt2.slack.smt2,sat,0.01
/20180326-Bromberger/more_slacked/CAV_2009_benchmarks/smt/35-vars/v35_problem_2__025.smt2.slack.smt2,sat,62.22
/20180326-Bromberger/more_slacked/CAV_2009_benchmarks/smt/35-vars/v35_problem__013.smt2.slack.smt2,sat,10.41
/20180326-Bromberger/more_slacked/CAV_2009_benchmarks/smt/35-vars/v35_problem__009.smt2.slack.smt2,sat,0.0
/20180326-Bromberger/more_slacked/CAV_2009_benchmarks/smt/35-vars/v35_problem__024.smt2.slack.smt2,sat,123.78
/20180326-Bromberger/more_slacked/CAV_2009_benchmarks/smt/35-vars/v35_problem_2__001.smt2.slack.smt2,sat,0.01
/20180326-Bromberger/more_slacked/CAV_2009_benchmarks/smt/35-vars/v35_problem__029.smt2.slack.smt2,sat,137.06
/20180326-Bromberger/more_slacked/CAV_2009_benchmarks/smt/35-vars/v35_problem_2__031.smt2.slack.smt2,sat,139.73
/20180326-Bromberger/more_slacked/CAV_2009_benchmarks/smt/35-vars/v35_problem__028.smt2.slack.smt2,sat,166.67
/20180326-Bromberger/more_slacked/CAV_2009_benchmarks/smt/35-vars/v35_problem_2__020.smt2.slack.smt2,sat,69.18
/20180326-Bromberger/more_slacked/CAV_2009_benchmarks/smt/35-vars/v35_problem__030.smt2.slack.smt2,sat,125.66
/20180326-Bromberger/more_slacked/CAV_2009_benchmarks/smt/35-vars/v35_problem_2__017.smt2.slack.smt2,sat,10.59
/20180326-Bromberger/more_slacked/CAV_2009_benchmarks/smt/35-vars/v35_problem__014.smt2.slack.smt2,sat,40.53
/20180326-Bromberger/more_slacked/CAV_2009_benchmarks/smt/35-vars/v35_problem_2__007.smt2.slack.smt2,sat,7.59
/20180326-Bromberger/more_slacked/CAV_2009_benchmarks/smt/35-vars/v35_problem_2__004.smt2.slack.smt2,sat,0.01
/20180326-Bromberger/more_slacked/CAV_2009_benchmarks/smt/35-vars/v35_problem_2__028.smt2.slack.smt2,sat,126.77
/20180326-Bromberger/more_slacked/CAV_2009_benchmarks/smt/35-vars/v35_problem__032.smt2.slack.smt2,sat,195.87
/20180326-Bromberger/more_slacked/CAV_2009_benchmarks/smt/35-vars/v35_problem__010.smt2.slack.smt2,sat,0.01
/20180326-Bromberger/more_slacked/CAV_2009_benchmarks/smt/35-vars/v35_problem__031.smt2.slack.smt2,sat,164.04
/20180326-Bromberger/more_slacked/CAV_2009_benchmarks/smt/35-vars/v35_problem__035.smt2.slack.smt2,sat,124.7
/20180326-Bromberger/more_slacked/CAV_2009_benchmarks/smt/35-vars/v35_problem__011.smt2.slack.smt2,sat,45.2
/20180326-Bromberger/more_slacked/CAV_2009_benchmarks/smt/35-vars/v35_problem__003.smt2.slack.smt2,sat,0.35
/20180326-Bromberger/more_slacked/CAV_2009_benchmarks/smt/35-vars/v35_problem_2__032.smt2.slack.smt2,sat,124.84
/20180326-Bromberger/more_slacked/CAV_2009_benchmarks/smt/35-vars/v35_problem_2__021.smt2.slack.smt2,sat,66.0
/20180326-Bromberger/more_slacked/CAV_2009_benchmarks/smt/35-vars/v35_problem__020.smt2.slack.smt2,sat,106.54
/20180326-Bromberger/more_slacked/CAV_2009_benchmarks/smt/35-vars/v35_problem_2__030.smt2.slack.smt2,sat,87.3
/20180326-Bromberger/more_slacked/CAV_2009_benchmarks/smt/35-vars/v35_problem_2__009.smt2.slack.smt2,sat,0.01
/20180326-Bromberger/more_slacked/CAV_2009_benchmarks/smt/35-vars/v35_problem__034.smt2.slack.smt2,sat,159.01
/20180326-Bromberger/more_slacked/CAV_2009_benchmarks/smt/35-vars/v35_problem_2__011.smt2.slack.smt2,sat,0.01
/20180326-Bromberger/more_slacked/CAV_2009_benchmarks/smt/35-vars/v35_problem__033.smt2.slack.smt2,sat,188.79
/20180326-Bromberger/more_slacked/CAV_2009_benchmarks/smt/35-vars/v35_problem__025.smt2.slack.smt2,sat,123.85
/20180326-Bromberger/more_slacked/CAV_2009_benchmarks/smt/35-vars/v35_problem__021.smt2.slack.smt2,sat,102.06
/20180326-Bromberger/more_slacked/CAV_2009_benchmarks/smt/35-vars/v35_problem_2__026.smt2.slack.smt2,sat,70.41
/20180326-Bromberger/more_slacked/CAV_2009_benchmarks/smt/35-vars/v35_problem_2__005.smt2.slack.smt2,sat,0.01
/20180326-Bromberger/more_slacked/CAV_2009_benchmarks/smt/35-vars/v35_problem_2__027.smt2.slack.smt2,sat,102.15
/20180326-Bromberger/more_slacked/CAV_2009_benchmarks/smt/35-vars/v35_problem_2__035.smt2.slack.smt2,sat,146.49
/20180326-Bromberger/more_slacked/CAV_2009_benchmarks/smt/35-vars/v35_problem__001.smt2.slack.smt2,sat,0.01
/20180326-Bromberger/more_slacked/CAV_2009_benchmarks/smt/35-vars/v35_problem__016.smt2.slack.smt2,sat,68.99
/20180326-Bromberger/more_slacked/CAV_2009_benchmarks/smt/35-vars/v35_problem_2__015.smt2.slack.smt2,sat,41.14
/20180326-Bromberger/more_slacked/CAV_2009_benchmarks/smt/35-vars/v35_problem__007.smt2.slack.smt2,sat,0.01
/20180326-Bromberger/more_slacked/CAV_2009_benchmarks/smt/35-vars/v35_problem_2__033.smt2.slack.smt2,sat,163.34
/20180326-Bromberger/more_slacked/CAV_2009_benchmarks/smt/35-vars/v35_problem__019.smt2.slack.smt2,sat,0.01
/20180326-Bromberger/more_slacked/CAV_2009_benchmarks/smt/20-vars/v20_problem__035.smt2.slack.smt2,unsat,0.02
/20180326-Bromberger/more_slacked/CAV_2009_benchmarks/smt/20-vars/v20_problem__020.smt2.slack.smt2,failed,1200.0
/20180326-Bromberger/more_slacked/CAV_2009_benchmarks/smt/20-vars/v20_problem_2__020.smt2.slack.smt2,sat,1.34
/20180326-Bromberger/more_slacked/CAV_2009_benchmarks/smt/20-vars/v20_problem_2__031.smt2.slack.smt2,unsat,0.02
/20180326-Bromberger/more_slacked/CAV_2009_benchmarks/smt/20-vars/v20_problem__015.smt2.slack.smt2,sat,0.48
/20180326-Bromberger/more_slacked/CAV_2009_benchmarks/smt/20-vars/v20_problem_2__011.smt2.slack.smt2,sat,0.02
/20180326-Bromberger/more_slacked/CAV_2009_benchmarks/smt/20-vars/v20_problem__028.smt2.slack.smt2,sat,0.77
/20180326-Bromberger/more_slacked/CAV_2009_benchmarks/smt/20-vars/v20_problem_2__019.smt2.slack.smt2,sat,0.56
/20180326-Bromberger/more_slacked/CAV_2009_benchmarks/smt/20-vars/v20_problem__032.smt2.slack.smt2,unsat,0.02
/20180326-Bromberger/more_slacked/CAV_2009_benchmarks/smt/20-vars/v20_problem_2__034.smt2.slack.smt2,unsat,0.03
/20180326-Bromberger/more_slacked/CAV_2009_benchmarks/smt/20-vars/v20_problem__024.smt2.slack.smt2,sat,4.21
/20180326-Bromberger/more_slacked/CAV_2009_benchmarks/smt/20-vars/v20_problem_2__003.smt2.slack.smt2,sat,0.0
/20180326-Bromberger/more_slacked/CAV_2009_benchmarks/smt/20-vars/v20_problem_2__023.smt2.slack.smt2,unsat,2.56
/20180326-Bromberger/more_slacked/CAV_2009_benchmarks/smt/20-vars/v20_problem_2__009.smt2.slack.smt2,sat,0.53
/20180326-Bromberger/more_slacked/CAV_2009_benchmarks/smt/20-vars/v20_problem__013.smt2.slack.smt2,sat,0.28
/20180326-Bromberger/more_slacked/CAV_2009_benchmarks/smt/20-vars/v20_problem_2__033.smt2.slack.smt2,unsat,0.01
/20180326-Bromberger/more_slacked/CAV_2009_benchmarks/smt/20-vars/v20_problem__003.smt2.slack.smt2,sat,0.07
/20180326-Bromberger/more_slacked/CAV_2009_benchmarks/smt/20-vars/v20_problem_2__006.smt2.slack.smt2,sat,0.01
/20180326-Bromberger/more_slacked/CAV_2009_benchmarks/smt/20-vars/v20_problem_2__015.smt2.slack.smt2,sat,0.58
/20180326-Bromberger/more_slacked/CAV_2009_benchmarks/smt/20-vars/v20_problem_2__024.smt2.slack.smt2,sat,0.93
/20180326-Bromberger/more_slacked/CAV_2009_benchmarks/smt/20-vars/v20_problem_2__001.smt2.slack.smt2,sat,0.0
/20180326-Bromberger/more_slacked/CAV_2009_benchmarks/smt/20-vars/v20_problem_2__029.smt2.slack.smt2,sat,3.87
/20180326-Bromberger/more_slacked/CAV_2009_benchmarks/smt/20-vars/v20_problem__029.smt2.slack.smt2,unsat,0.03
/20180326-Bromberger/more_slacked/CAV_2009_benchmarks/smt/20-vars/v20_problem__034.smt2.slack.smt2,unsat,0.03
/20180326-Bromberger/more_slacked/CAV_2009_benchmarks/smt/20-vars/v20_problem__030.smt2.slack.smt2,sat,1.64
/20180326-Bromberger/more_slacked/CAV_2009_benchmarks/smt/20-vars/v20_problem__005.smt2.slack.smt2,sat,0.0
/20180326-Bromberger/more_slacked/CAV_2009_benchmarks/smt/20-vars/v20_problem_2__012.smt2.slack.smt2,sat,0.57
/20180326-Bromberger/more_slacked/CAV_2009_benchmarks/smt/20-vars/v20_problem__002.smt2.slack.smt2,failed,1200.0
/20180326-Bromberger/more_slacked/CAV_2009_benchmarks/smt/20-vars/v20_problem__001.smt2.slack.smt2,failed,1200.0
/20180326-Bromberger/more_slacked/CAV_2009_benchmarks/smt/20-vars/v20_problem_2__005.smt2.slack.smt2,sat,0.01
/20180326-Bromberger/more_slacked/CAV_2009_benchmarks/smt/20-vars/v20_problem_2__008.smt2.slack.smt2,sat,0.15
/20180326-Bromberger/more_slacked/CAV_2009_benchmarks/smt/20-vars/v20_problem_2__007.smt2.slack.smt2,sat,0.01
/20180326-Bromberger/more_slacked/CAV_2009_benchmarks/smt/20-vars/v20_problem__010.smt2.slack.smt2,sat,0.01
/20180326-Bromberger/more_slacked/CAV_2009_benchmarks/smt/20-vars/v20_problem__011.smt2.slack.smt2,sat,0.5
/20180326-Bromberger/more_slacked/CAV_2009_benchmarks/smt/20-vars/v20_problem__026.smt2.slack.smt2,sat,1.43
/20180326-Bromberger/more_slacked/CAV_2009_benchmarks/smt/20-vars/v20_problem_2__022.smt2.slack.smt2,sat,2.25
/20180326-Bromberger/more_slacked/CAV_2009_benchmarks/smt/20-vars/v20_problem_2__032.smt2.slack.smt2,unsat,0.01
/20180326-Bromberger/more_slacked/CAV_2009_benchmarks/smt/20-vars/v20_problem__017.smt2.slack.smt2,sat,0.61
/20180326-Bromberger/more_slacked/CAV_2009_benchmarks/smt/20-vars/v20_problem__007.smt2.slack.smt2,sat,0.16
/20180326-Bromberger/more_slacked/CAV_2009_benchmarks/smt/20-vars/v20_problem_2__030.smt2.slack.smt2,unsat,0.01
/20180326-Bromberger/more_slacked/CAV_2009_benchmarks/smt/20-vars/v20_problem_2__017.smt2.slack.smt2,sat,0.58
/20180326-Bromberger/more_slacked/CAV_2009_benchmarks/smt/20-vars/v20_problem__022.smt2.slack.smt2,sat,0.24
/20180326-Bromberger/more_slacked/CAV_2009_benchmarks/smt/20-vars/v20_problem_2__014.smt2.slack.smt2,sat,0.89
/20180326-Bromberger/more_slacked/CAV_2009_benchmarks/smt/20-vars/v20_problem_2__021.smt2.slack.smt2,sat,1.58
/20180326-Bromberger/more_slacked/CAV_2009_benchmarks/smt/20-vars/v20_problem_2__035.smt2.slack.smt2,sat,2.04
/20180326-Bromberger/more_slacked/CAV_2009_benchmarks/smt/20-vars/v20_problem_2__010.smt2.slack.smt2,sat,0.01
/20180326-Bromberger/more_slacked/CAV_2009_benchmarks/smt/20-vars/v20_problem__004.smt2.slack.smt2,sat,0.01
/20180326-Bromberger/more_slacked/CAV_2009_benchmarks/smt/20-vars/v20_problem_2__004.smt2.slack.smt2,sat,0.01
/20180326-Bromberger/more_slacked/CAV_2009_benchmarks/smt/20-vars/v20_problem__018.smt2.slack.smt2,unsat,0.01
/20180326-Bromberger/more_slacked/CAV_2009_benchmarks/smt/20-vars/v20_problem__009.smt2.slack.smt2,sat,0.06
/20180326-Bromberger/more_slacked/CAV_2009_benchmarks/smt/20-vars/v20_problem_2__028.smt2.slack.smt2,sat,1.27
/20180326-Bromberger/more_slacked/CAV_2009_benchmarks/smt/20-vars/v20_problem__006.smt2.slack.smt2,sat,0.01
/20180326-Bromberger/more_slacked/CAV_2009_benchmarks/smt/20-vars/v20_problem_2__016.smt2.slack.smt2,sat,0.4
/20180326-Bromberger/more_slacked/CAV_2009_benchmarks/smt/20-vars/v20_problem_2__013.smt2.slack.smt2,sat,0.04
/20180326-Bromberger/more_slacked/CAV_2009_benchmarks/smt/20-vars/v20_problem__014.smt2.slack.smt2,unsat,28.42
/20180326-Bromberger/more_slacked/CAV_2009_benchmarks/smt/20-vars/v20_problem__025.smt2.slack.smt2,unsat,0.02
/20180326-Bromberger/more_slacked/CAV_2009_benchmarks/smt/20-vars/v20_problem_2__027.smt2.slack.smt2,unsat,0.02
/20180326-Bromberger/more_slacked/CAV_2009_benchmarks/smt/20-vars/v20_problem__023.smt2.slack.smt2,unsat,0.01
/20180326-Bromberger/more_slacked/CAV_2009_benchmarks/smt/20-vars/v20_problem_2__018.smt2.slack.smt2,sat,1.66
/20180326-Bromberger/more_slacked/CAV_2009_benchmarks/smt/20-vars/v20_problem__033.smt2.slack.smt2,unsat,0.03
/20180326-Bromberger/more_slacked/CAV_2009_benchmarks/smt/20-vars/v20_problem__019.smt2.slack.smt2,sat,2.1
/20180326-Bromberger/more_slacked/CAV_2009_benchmarks/smt/20-vars/v20_problem__027.smt2.slack.smt2,unsat,0.01
/20180326-Bromberger/more_slacked/CAV_2009_benchmarks/smt/20-vars/v20_problem_2__025.smt2.slack.smt2,sat,2.33
/20180326-Bromberger/more_slacked/CAV_2009_benchmarks/smt/20-vars/v20_problem_2__002.smt2.slack.smt2,sat,0.0
/20180326-Bromberger/more_slacked/CAV_2009_benchmarks/smt/20-vars/v20_problem__012.smt2.slack.smt2,sat,0.01
/20180326-Bromberger/more_slacked/CAV_2009_benchmarks/smt/20-vars/v20_problem__031.smt2.slack.smt2,unsat,0.02
/20180326-Bromberger/more_slacked/CAV_2009_benchmarks/smt/20-vars/v20_problem__016.smt2.slack.smt2,unsat,0.01
/20180326-Bromberger/more_slacked/CAV_2009_benchmarks/smt/20-vars/v20_problem__008.smt2.slack.smt2,sat,0.01
/20180326-Bromberger/more_slacked/CAV_2009_benchmarks/smt/20-vars/v20_problem_2__026.smt2.slack.smt2,unsat,0.02
/20180326-Bromberger/more_slacked/CAV_2009_benchmarks/smt/20-vars/v20_problem__021.smt2.slack.smt2,sat,4.26
/20180326-Bromberger/more_slacked/CAV_2009_benchmarks/smt/45-vars/v45_problem__016.smt2.slack.smt2,sat,0.01
/20180326-Bromberger/more_slacked/CAV_2009_benchmarks/smt/45-vars/v45_problem__027.smt2.slack.smt2,sat,317.42
/20180326-Bromberger/more_slacked/CAV_2009_benchmarks/smt/45-vars/v45_problem__030.smt2.slack.smt2,sat,592.25
/20180326-Bromberger/more_slacked/CAV_2009_benchmarks/smt/45-vars/v45_problem__006.smt2.slack.smt2,sat,14.57
/20180326-Bromberger/more_slacked/CAV_2009_benchmarks/smt/45-vars/v45_problem_2__029.smt2.slack.smt2,sat,365.82
/20180326-Bromberger/more_slacked/CAV_2009_benchmarks/smt/45-vars/v45_problem__014.smt2.slack.smt2,sat,158.87
/20180326-Bromberger/more_slacked/CAV_2009_benchmarks/smt/45-vars/v45_problem__035.smt2.slack.smt2,sat,496.21
/20180326-Bromberger/more_slacked/CAV_2009_benchmarks/smt/45-vars/v45_problem_2__034.smt2.slack.smt2,sat,543.27
/20180326-Bromberger/more_slacked/CAV_2009_benchmarks/smt/45-vars/v45_problem_2__026.smt2.slack.smt2,sat,467.98
/20180326-Bromberger/more_slacked/CAV_2009_benchmarks/smt/45-vars/v45_problem_2__016.smt2.slack.smt2,sat,218.04
/20180326-Bromberger/more_slacked/CAV_2009_benchmarks/smt/45-vars/v45_problem_2__015.smt2.slack.smt2,sat,0.01
/20180326-Bromberger/more_slacked/CAV_2009_benchmarks/smt/45-vars/v45_problem__007.smt2.slack.smt2,sat,11.65
/20180326-Bromberger/more_slacked/CAV_2009_benchmarks/smt/45-vars/v45_problem_2__005.smt2.slack.smt2,sat,0.01
/20180326-Bromberger/more_slacked/CAV_2009_benchmarks/smt/45-vars/v45_problem__012.smt2.slack.smt2,sat,0.01
/20180326-Bromberger/more_slacked/CAV_2009_benchmarks/smt/45-vars/v45_problem_2__021.smt2.slack.smt2,sat,648.83
/20180326-Bromberger/more_slacked/CAV_2009_benchmarks/smt/45-vars/v45_problem_2__033.smt2.slack.smt2,sat,525.09
/20180326-Bromberger/more_slacked/CAV_2009_benchmarks/smt/45-vars/v45_problem__017.smt2.slack.smt2,sat,225.24
/20180326-Bromberger/more_slacked/CAV_2009_benchmarks/smt/45-vars/v45_problem__013.smt2.slack.smt2,sat,124.63
/20180326-Bromberger/more_slacked/CAV_2009_benchmarks/smt/45-vars/v45_problem_2__019.smt2.slack.smt2,sat,241.51
/20180326-Bromberger/more_slacked/CAV_2009_benchmarks/smt/45-vars/v45_problem__026.smt2.slack.smt2,sat,377.23
/20180326-Bromberger/more_slacked/CAV_2009_benchmarks/smt/45-vars/v45_problem_2__014.smt2.slack.smt2,sat,10.2
/20180326-Bromberger/more_slacked/CAV_2009_benchmarks/smt/45-vars/v45_problem__031.smt2.slack.smt2,sat,541.57
/20180326-Bromberger/more_slacked/CAV_2009_benchmarks/smt/45-vars/v45_problem_2__018.smt2.slack.smt2,sat,194.2
/20180326-Bromberger/more_slacked/CAV_2009_benchmarks/smt/45-vars/v45_problem_2__032.smt2.slack.smt2,sat,11.2
/20180326-Bromberger/more_slacked/CAV_2009_benchmarks/smt/45-vars/v45_problem__010.smt2.slack.smt2,sat,0.01
/20180326-Bromberger/more_slacked/CAV_2009_benchmarks/smt/45-vars/v45_problem__003.smt2.slack.smt2,sat,0.01
/20180326-Bromberger/more_slacked/CAV_2009_benchmarks/smt/45-vars/v45_problem_2__012.smt2.slack.smt2,sat,21.44
/20180326-Bromberger/more_slacked/CAV_2009_benchmarks/smt/45-vars/v45_problem__028.smt2.slack.smt2,sat,273.55
/20180326-Bromberger/more_slacked/CAV_2009_benchmarks/smt/45-vars/v45_problem__011.smt2.slack.smt2,sat,54.72
/20180326-Bromberger/more_slacked/CAV_2009_benchmarks/smt/45-vars/v45_problem__029.smt2.slack.smt2,sat,393.24
/20180326-Bromberger/more_slacked/CAV_2009_benchmarks/smt/45-vars/v45_problem_2__027.smt2.slack.smt2,sat,545.39
/20180326-Bromberger/more_slacked/CAV_2009_benchmarks/smt/45-vars/v45_problem_2__030.smt2.slack.smt2,sat,360.87
/20180326-Bromberger/more_slacked/CAV_2009_benchmarks/smt/45-vars/v45_problem__024.smt2.slack.smt2,sat,255.58
/20180326-Bromberger/more_slacked/CAV_2009_benchmarks/smt/45-vars/v45_problem_2__022.smt2.slack.smt2,sat,251.45
/20180326-Bromberger/more_slacked/CAV_2009_benchmarks/smt/45-vars/v45_problem_2__004.smt2.slack.smt2,sat,0.83
/20180326-Bromberger/more_slacked/CAV_2009_benchmarks/smt/45-vars/v45_problem__020.smt2.slack.smt2,sat,148.21
/20180326-Bromberger/more_slacked/CAV_2009_benchmarks/smt/45-vars/v45_problem_2__001.smt2.slack.smt2,sat,0.01
/20180326-Bromberger/more_slacked/CAV_2009_benchmarks/smt/45-vars/v45_problem_2__031.smt2.slack.smt2,sat,504.95
/20180326-Bromberger/more_slacked/CAV_2009_benchmarks/smt/45-vars/v45_problem_2__007.smt2.slack.smt2,sat,0.01
/20180326-Bromberger/more_slacked/CAV_2009_benchmarks/smt/45-vars/v45_problem__022.smt2.slack.smt2,sat,343.34
/20180326-Bromberger/more_slacked/CAV_2009_benchmarks/smt/45-vars/v45_problem__032.smt2.slack.smt2,sat,382.33
/20180326-Bromberger/more_slacked/CAV_2009_benchmarks/smt/45-vars/v45_problem_2__035.smt2.slack.smt2,sat,527.65
/20180326-Bromberger/more_slacked/CAV_2009_benchmarks/smt/45-vars/v45_problem_2__025.smt2.slack.smt2,sat,419.03
/20180326-Bromberger/more_slacked/CAV_2009_benchmarks/smt/45-vars/v45_problem__018.smt2.slack.smt2,sat,290.5
/20180326-Bromberger/more_slacked/CAV_2009_benchmarks/smt/45-vars/v45_problem_2__013.smt2.slack.smt2,sat,202.75
/20180326-Bromberger/more_slacked/CAV_2009_benchmarks/smt/45-vars/v45_problem__023.smt2.slack.smt2,sat,265.51
/20180326-Bromberger/more_slacked/CAV_2009_benchmarks/smt/45-vars/v45_problem__001.smt2.slack.smt2,failed,1200.0
/20180326-Bromberger/more_slacked/CAV_2009_benchmarks/smt/45-vars/v45_problem_2__008.smt2.slack.smt2,sat,0.01
/20180326-Bromberger/more_slacked/CAV_2009_benchmarks/smt/45-vars/v45_problem__002.smt2.slack.smt2,sat,0.01
/20180326-Bromberger/more_slacked/CAV_2009_benchmarks/smt/45-vars/v45_problem_2__023.smt2.slack.smt2,sat,271.17
/20180326-Bromberger/more_slacked/CAV_2009_benchmarks/smt/45-vars/v45_problem__019.smt2.slack.smt2,sat,158.31
/20180326-Bromberger/more_slacked/CAV_2009_benchmarks/smt/45-vars/v45_problem__034.smt2.slack.smt2,sat,578.17
/20180326-Bromberger/more_slacked/CAV_2009_benchmarks/smt/45-vars/v45_problem__025.smt2.slack.smt2,sat,274.59
/20180326-Bromberger/more_slacked/CAV_2009_benchmarks/smt/45-vars/v45_problem_2__010.smt2.slack.smt2,sat,21.7
/20180326-Bromberger/more_slacked/CAV_2009_benchmarks/smt/45-vars/v45_problem_2__009.smt2.slack.smt2,sat,0.01
/20180326-Bromberger/more_slacked/CAV_2009_benchmarks/smt/45-vars/v45_problem__015.smt2.slack.smt2,sat,0.01
/20180326-Bromberger/more_slacked/CAV_2009_benchmarks/smt/45-vars/v45_problem__033.smt2.slack.smt2,sat,471.42
/20180326-Bromberger/more_slacked/CAV_2009_benchmarks/smt/45-vars/v45_problem__008.smt2.slack.smt2,sat,10.54
/20180326-Bromberger/more_slacked/CAV_2009_benchmarks/smt/45-vars/v45_problem_2__011.smt2.slack.smt2,sat,0.01
/20180326-Bromberger/more_slacked/CAV_2009_benchmarks/smt/45-vars/v45_problem_2__006.smt2.slack.smt2,sat,0.01
/20180326-Bromberger/more_slacked/CAV_2009_benchmarks/smt/45-vars/v45_problem_2__003.smt2.slack.smt2,sat,0.01
/20180326-Bromberger/more_slacked/CAV_2009_benchmarks/smt/45-vars/v45_problem__004.smt2.slack.smt2,sat,0.01
/20180326-Bromberger/more_slacked/CAV_2009_benchmarks/smt/45-vars/v45_problem_2__024.smt2.slack.smt2,sat,424.02
/20180326-Bromberger/more_slacked/CAV_2009_benchmarks/smt/45-vars/v45_problem__005.smt2.slack.smt2,sat,0.01
/20180326-Bromberger/more_slacked/CAV_2009_benchmarks/smt/45-vars/v45_problem_2__028.smt2.slack.smt2,sat,326.43
/20180326-Bromberger/more_slacked/CAV_2009_benchmarks/smt/45-vars/v45_problem_2__002.smt2.slack.smt2,sat,0.01
/20180326-Bromberger/more_slacked/CAV_2009_benchmarks/smt/45-vars/v45_problem__021.smt2.slack.smt2,sat,0.01
/20180326-Bromberger/more_slacked/CAV_2009_benchmarks/smt/45-vars/v45_problem__009.smt2.slack.smt2,failed,1200.0
/20180326-Bromberger/more_slacked/CAV_2009_benchmarks/smt/45-vars/v45_problem_2__020.smt2.slack.smt2,sat,236.2
/20180326-Bromberger/more_slacked/CAV_2009_benchmarks/smt/45-vars/v45_problem_2__017.smt2.slack.smt2,sat,171.28
/20180326-Bromberger/more_slacked/CAV_2009_benchmarks/smt/30-vars/v30_problem__021.smt2.slack.smt2,sat,56.77
/20180326-Bromberger/more_slacked/CAV_2009_benchmarks/smt/30-vars/v30_problem_2__021.smt2.slack.smt2,sat,45.25
/20180326-Bromberger/more_slacked/CAV_2009_benchmarks/smt/30-vars/v30_problem_2__013.smt2.slack.smt2,sat,18.93
/20180326-Bromberger/more_slacked/CAV_2009_benchmarks/smt/30-vars/v30_problem__024.smt2.slack.smt2,sat,55.59
/20180326-Bromberger/more_slacked/CAV_2009_benchmarks/smt/30-vars/v30_problem__028.smt2.slack.smt2,sat,39.97
/20180326-Bromberger/more_slacked/CAV_2009_benchmarks/smt/30-vars/v30_problem__017.smt2.slack.smt2,sat,30.23
/20180326-Bromberger/more_slacked/CAV_2009_benchmarks/smt/30-vars/v30_problem_2__002.smt2.slack.smt2,failed,1200.0
/20180326-Bromberger/more_slacked/CAV_2009_benchmarks/smt/30-vars/v30_problem__018.smt2.slack.smt2,sat,31.88
/20180326-Bromberger/more_slacked/CAV_2009_benchmarks/smt/30-vars/v30_problem_2__001.smt2.slack.smt2,sat,0.17
/20180326-Bromberger/more_slacked/CAV_2009_benchmarks/smt/30-vars/v30_problem_2__014.smt2.slack.smt2,sat,22.0
/20180326-Bromberger/more_slacked/CAV_2009_benchmarks/smt/30-vars/v30_problem_2__016.smt2.slack.smt2,sat,32.23
/20180326-Bromberger/more_slacked/CAV_2009_benchmarks/smt/30-vars/v30_problem__019.smt2.slack.smt2,sat,34.31
/20180326-Bromberger/more_slacked/CAV_2009_benchmarks/smt/30-vars/v30_problem_2__009.smt2.slack.smt2,sat,0.01
/20180326-Bromberger/more_slacked/CAV_2009_benchmarks/smt/30-vars/v30_problem_2__007.smt2.slack.smt2,sat,0.01
/20180326-Bromberger/more_slacked/CAV_2009_benchmarks/smt/30-vars/v30_problem__020.smt2.slack.smt2,sat,26.22
/20180326-Bromberger/more_slacked/CAV_2009_benchmarks/smt/30-vars/v30_problem_2__022.smt2.slack.smt2,sat,47.47
/20180326-Bromberger/more_slacked/CAV_2009_benchmarks/smt/30-vars/v30_problem__010.smt2.slack.smt2,sat,5.21
/20180326-Bromberger/more_slacked/CAV_2009_benchmarks/smt/30-vars/v30_problem_2__025.smt2.slack.smt2,sat,35.4
/20180326-Bromberger/more_slacked/CAV_2009_benchmarks/smt/30-vars/v30_problem_2__008.smt2.slack.smt2,sat,3.41
/20180326-Bromberger/more_slacked/CAV_2009_benchmarks/smt/30-vars/v30_problem__009.smt2.slack.smt2,sat,0.01
/20180326-Bromberger/more_slacked/CAV_2009_benchmarks/smt/30-vars/v30_problem_2__003.smt2.slack.smt2,sat,0.01
/20180326-Bromberger/more_slacked/CAV_2009_benchmarks/smt/30-vars/v30_problem__025.smt2.slack.smt2,sat,71.64
/20180326-Bromberger/more_slacked/CAV_2009_benchmarks/smt/30-vars/v30_problem_2__035.smt2.slack.smt2,sat,67.4
/20180326-Bromberger/more_slacked/CAV_2009_benchmarks/smt/30-vars/v30_problem__031.smt2.slack.smt2,sat,55.03
/20180326-Bromberger/more_slacked/CAV_2009_benchmarks/smt/30-vars/v30_problem_2__024.smt2.slack.smt2,sat,40.75
/20180326-Bromberger/more_slacked/CAV_2009_benchmarks/smt/30-vars/v30_problem_2__004.smt2.slack.smt2,sat,0.01
/20180326-Bromberger/more_slacked/CAV_2009_benchmarks/smt/30-vars/v30_problem_2__005.smt2.slack.smt2,sat,0.01
/20180326-Bromberger/more_slacked/CAV_2009_benchmarks/smt/30-vars/v30_problem_2__029.smt2.slack.smt2,sat,36.6
/20180326-Bromberger/more_slacked/CAV_2009_benchmarks/smt/30-vars/v30_problem__006.smt2.slack.smt2,sat,0.02
/20180326-Bromberger/more_slacked/CAV_2009_benchmarks/smt/30-vars/v30_problem__014.smt2.slack.smt2,sat,19.41
/20180326-Bromberger/more_slacked/CAV_2009_benchmarks/smt/30-vars/v30_problem__033.smt2.slack.smt2,sat,10.11
/20180326-Bromberger/more_slacked/CAV_2009_benchmarks/smt/30-vars/v30_problem_2__032.smt2.slack.smt2,sat,57.62
/20180326-Bromberger/more_slacked/CAV_2009_benchmarks/smt/30-vars/v30_problem__002.smt2.slack.smt2,sat,0.0
/20180326-Bromberger/more_slacked/CAV_2009_benchmarks/smt/30-vars/v30_problem__003.smt2.slack.smt2,sat,0.01
/20180326-Bromberger/more_slacked/CAV_2009_benchmarks/smt/30-vars/v30_problem__007.smt2.slack.smt2,sat,0.18
/20180326-Bromberger/more_slacked/CAV_2009_benchmarks/smt/30-vars/v30_problem__026.smt2.slack.smt2,sat,65.53
/20180326-Bromberger/more_slacked/CAV_2009_benchmarks/smt/30-vars/v30_problem__008.smt2.slack.smt2,sat,10.21
/20180326-Bromberger/more_slacked/CAV_2009_benchmarks/smt/30-vars/v30_problem_2__034.smt2.slack.smt2,sat,76.27
/20180326-Bromberger/more_slacked/CAV_2009_benchmarks/smt/30-vars/v30_problem_2__018.smt2.slack.smt2,sat,37.3
/20180326-Bromberger/more_slacked/CAV_2009_benchmarks/smt/30-vars/v30_problem__029.smt2.slack.smt2,sat,51.27
/20180326-Bromberger/more_slacked/CAV_2009_benchmarks/smt/30-vars/v30_problem__027.smt2.slack.smt2,sat,87.7
/20180326-Bromberger/more_slacked/CAV_2009_benchmarks/smt/30-vars/v30_problem__030.smt2.slack.smt2,sat,68.19
/20180326-Bromberger/more_slacked/CAV_2009_benchmarks/smt/30-vars/v30_problem__016.smt2.slack.smt2,sat,32.13
/20180326-Bromberger/more_slacked/CAV_2009_benchmarks/smt/30-vars/v30_problem_2__019.smt2.slack.smt2,sat,36.69
/20180326-Bromberger/more_slacked/CAV_2009_benchmarks/smt/30-vars/v30_problem_2__033.smt2.slack.smt2,sat,63.35
/20180326-Bromberger/more_slacked/CAV_2009_benchmarks/smt/30-vars/v30_problem_2__030.smt2.slack.smt2,sat,47.49
/20180326-Bromberger/more_slacked/CAV_2009_benchmarks/smt/30-vars/v30_problem__032.smt2.slack.smt2,unsat,0.09
/20180326-Bromberger/more_slacked/CAV_2009_benchmarks/smt/30-vars/v30_problem__001.smt2.slack.smt2,sat,0.0
/20180326-Bromberger/more_slacked/CAV_2009_benchmarks/smt/30-vars/v30_problem_2__012.smt2.slack.smt2,sat,0.01
/20180326-Bromberger/more_slacked/CAV_2009_benchmarks/smt/30-vars/v30_problem_2__015.smt2.slack.smt2,sat,23.63
/20180326-Bromberger/more_slacked/CAV_2009_benchmarks/smt/30-vars/v30_problem_2__023.smt2.slack.smt2,sat,43.3
/20180326-Bromberger/more_slacked/CAV_2009_benchmarks/smt/30-vars/v30_problem_2__026.smt2.slack.smt2,sat,37.79
/20180326-Bromberger/more_slacked/CAV_2009_benchmarks/smt/30-vars/v30_problem_2__011.smt2.slack.smt2,sat,10.14
/20180326-Bromberger/more_slacked/CAV_2009_benchmarks/smt/30-vars/v30_problem__034.smt2.slack.smt2,sat,40.35
/20180326-Bromberger/more_slacked/CAV_2009_benchmarks/smt/30-vars/v30_problem_2__010.smt2.slack.smt2,sat,0.0
/20180326-Bromberger/more_slacked/CAV_2009_benchmarks/smt/30-vars/v30_problem_2__028.smt2.slack.smt2,sat,69.36
/20180326-Bromberger/more_slacked/CAV_2009_benchmarks/smt/30-vars/v30_problem__022.smt2.slack.smt2,sat,48.75
/20180326-Bromberger/more_slacked/CAV_2009_benchmarks/smt/30-vars/v30_problem_2__020.smt2.slack.smt2,sat,37.35
/20180326-Bromberger/more_slacked/CAV_2009_benchmarks/smt/30-vars/v30_problem_2__027.smt2.slack.smt2,sat,31.19
/20180326-Bromberger/more_slacked/CAV_2009_benchmarks/smt/30-vars/v30_problem__023.smt2.slack.smt2,sat,63.46
/20180326-Bromberger/more_slacked/CAV_2009_benchmarks/smt/30-vars/v30_problem_2__006.smt2.slack.smt2,sat,7.77
/20180326-Bromberger/more_slacked/CAV_2009_benchmarks/smt/30-vars/v30_problem_2__017.smt2.slack.smt2,sat,35.53
/20180326-Bromberger/more_slacked/CAV_2009_benchmarks/smt/30-vars/v30_problem_2__031.smt2.slack.smt2,sat,70.66
/20180326-Bromberger/more_slacked/CAV_2009_benchmarks/smt/30-vars/v30_problem__015.smt2.slack.smt2,sat,14.69
/20180326-Bromberger/more_slacked/CAV_2009_benchmarks/smt/30-vars/v30_problem__011.smt2.slack.smt2,sat,10.07
/20180326-Bromberger/more_slacked/CAV_2009_benchmarks/smt/30-vars/v30_problem__004.smt2.slack.smt2,sat,0.0
/20180326-Bromberger/more_slacked/CAV_2009_benchmarks/smt/30-vars/v30_problem__012.smt2.slack.smt2,sat,25.26
/20180326-Bromberger/more_slacked/CAV_2009_benchmarks/smt/30-vars/v30_problem__035.smt2.slack.smt2,sat,10.81
/20180326-Bromberger/more_slacked/CAV_2009_benchmarks/smt/30-vars/v30_problem__005.smt2.slack.smt2,sat,0.01
/20180326-Bromberger/more_slacked/CAV_2009_benchmarks/smt/30-vars/v30_problem__013.smt2.slack.smt2,sat,21.3
/20180326-Bromberger/more_slacked/CAV_2009_benchmarks/smt/40-vars/v40_problem__007.smt2.slack.smt2,sat,27.82
/20180326-Bromberger/more_slacked/CAV_2009_benchmarks/smt/40-vars/v40_problem_2__026.smt2.slack.smt2,sat,158.24
/20180326-Bromberger/more_slacked/CAV_2009_benchmarks/smt/40-vars/v40_problem_2__034.smt2.slack.smt2,sat,352.04
/20180326-Bromberger/more_slacked/CAV_2009_benchmarks/smt/40-vars/v40_problem_2__021.smt2.slack.smt2,sat,190.67
/20180326-Bromberger/more_slacked/CAV_2009_benchmarks/smt/40-vars/v40_problem_2__030.smt2.slack.smt2,sat,317.66
/20180326-Bromberger/more_slacked/CAV_2009_benchmarks/smt/40-vars/v40_problem__033.smt2.slack.smt2,sat,334.19
/20180326-Bromberger/more_slacked/CAV_2009_benchmarks/smt/40-vars/v40_problem__021.smt2.slack.smt2,sat,24.0
/20180326-Bromberger/more_slacked/CAV_2009_benchmarks/smt/40-vars/v40_problem_2__014.smt2.slack.smt2,sat,68.76
/20180326-Bromberger/more_slacked/CAV_2009_benchmarks/smt/40-vars/v40_problem__014.smt2.slack.smt2,sat,0.01
/20180326-Bromberger/more_slacked/CAV_2009_benchmarks/smt/40-vars/v40_problem_2__027.smt2.slack.smt2,sat,172.74
/20180326-Bromberger/more_slacked/CAV_2009_benchmarks/smt/40-vars/v40_problem_2__024.smt2.slack.smt2,sat,219.08
/20180326-Bromberger/more_slacked/CAV_2009_benchmarks/smt/40-vars/v40_problem_2__031.smt2.slack.smt2,sat,359.94
/20180326-Bromberger/more_slacked/CAV_2009_benchmarks/smt/40-vars/v40_problem__005.smt2.slack.smt2,sat,0.0
/20180326-Bromberger/more_slacked/CAV_2009_benchmarks/smt/40-vars/v40_problem__015.smt2.slack.smt2,sat,85.15
/20180326-Bromberger/more_slacked/CAV_2009_benchmarks/smt/40-vars/v40_problem_2__003.smt2.slack.smt2,sat,0.0
/20180326-Bromberger/more_slacked/CAV_2009_benchmarks/smt/40-vars/v40_problem__019.smt2.slack.smt2,sat,156.9
/20180326-Bromberger/more_slacked/CAV_2009_benchmarks/smt/40-vars/v40_problem_2__005.smt2.slack.smt2,sat,0.0
/20180326-Bromberger/more_slacked/CAV_2009_benchmarks/smt/40-vars/v40_problem_2__023.smt2.slack.smt2,sat,377.02
/20180326-Bromberger/more_slacked/CAV_2009_benchmarks/smt/40-vars/v40_problem__013.smt2.slack.smt2,sat,75.85
/20180326-Bromberger/more_slacked/CAV_2009_benchmarks/smt/40-vars/v40_problem_2__035.smt2.slack.smt2,sat,223.6
/20180326-Bromberger/more_slacked/CAV_2009_benchmarks/smt/40-vars/v40_problem__035.smt2.slack.smt2,sat,288.16
/20180326-Bromberger/more_slacked/CAV_2009_benchmarks/smt/40-vars/v40_problem__026.smt2.slack.smt2,sat,207.36
/20180326-Bromberger/more_slacked/CAV_2009_benchmarks/smt/40-vars/v40_problem_2__006.smt2.slack.smt2,sat,18.92
/20180326-Bromberger/more_slacked/CAV_2009_benchmarks/smt/40-vars/v40_problem_2__018.smt2.slack.smt2,sat,58.58
/20180326-Bromberger/more_slacked/CAV_2009_benchmarks/smt/40-vars/v40_problem_2__015.smt2.slack.smt2,sat,0.01
/20180326-Bromberger/more_slacked/CAV_2009_benchmarks/smt/40-vars/v40_problem__020.smt2.slack.smt2,sat,123.79
/20180326-Bromberger/more_slacked/CAV_2009_benchmarks/smt/40-vars/v40_problem_2__007.smt2.slack.smt2,sat,0.01
/20180326-Bromberger/more_slacked/CAV_2009_benchmarks/smt/40-vars/v40_problem__034.smt2.slack.smt2,sat,301.83
/20180326-Bromberger/more_slacked/CAV_2009_benchmarks/smt/40-vars/v40_problem_2__019.smt2.slack.smt2,sat,123.99
/20180326-Bromberger/more_slacked/CAV_2009_benchmarks/smt/40-vars/v40_problem_2__022.smt2.slack.smt2,sat,0.01
/20180326-Bromberger/more_slacked/CAV_2009_benchmarks/smt/40-vars/v40_problem__002.smt2.slack.smt2,sat,0.01
/20180326-Bromberger/more_slacked/CAV_2009_benchmarks/smt/40-vars/v40_problem__022.smt2.slack.smt2,sat,208.68
/20180326-Bromberger/more_slacked/CAV_2009_benchmarks/smt/40-vars/v40_problem_2__010.smt2.slack.smt2,sat,64.12
/20180326-Bromberger/more_slacked/CAV_2009_benchmarks/smt/40-vars/v40_problem__030.smt2.slack.smt2,sat,180.14
/20180326-Bromberger/more_slacked/CAV_2009_benchmarks/smt/40-vars/v40_problem_2__017.smt2.slack.smt2,sat,97.62
/20180326-Bromberger/more_slacked/CAV_2009_benchmarks/smt/40-vars/v40_problem__009.smt2.slack.smt2,sat,0.01
/20180326-Bromberger/more_slacked/CAV_2009_benchmarks/smt/40-vars/v40_problem_2__004.smt2.slack.smt2,sat,0.01
/20180326-Bromberger/more_slacked/CAV_2009_benchmarks/smt/40-vars/v40_problem_2__020.smt2.slack.smt2,sat,216.86
/20180326-Bromberger/more_slacked/CAV_2009_benchmarks/smt/40-vars/v40_problem__017.smt2.slack.smt2,sat,120.06
/20180326-Bromberger/more_slacked/CAV_2009_benchmarks/smt/40-vars/v40_problem__001.smt2.slack.smt2,failed,1200.0
/20180326-Bromberger/more_slacked/CAV_2009_benchmarks/smt/40-vars/v40_problem_2__002.smt2.slack.smt2,sat,0.01
/20180326-Bromberger/more_slacked/CAV_2009_benchmarks/smt/40-vars/v40_problem__031.smt2.slack.smt2,sat,234.04
/20180326-Bromberger/more_slacked/CAV_2009_benchmarks/smt/40-vars/v40_problem_2__025.smt2.slack.smt2,sat,242.76
/20180326-Bromberger/more_slacked/CAV_2009_benchmarks/smt/40-vars/v40_problem_2__016.smt2.slack.smt2,sat,12.75
/20180326-Bromberger/more_slacked/CAV_2009_benchmarks/smt/40-vars/v40_problem_2__009.smt2.slack.smt2,sat,0.01
/20180326-Bromberger/more_slacked/CAV_2009_benchmarks/smt/40-vars/v40_problem_2__012.smt2.slack.smt2,sat,58.12
/20180326-Bromberger/more_slacked/CAV_2009_benchmarks/smt/40-vars/v40_problem__023.smt2.slack.smt2,sat,215.22
/20180326-Bromberger/more_slacked/CAV_2009_benchmarks/smt/40-vars/v40_problem_2__033.smt2.slack.smt2,sat,262.07
/20180326-Bromberger/more_slacked/CAV_2009_benchmarks/smt/40-vars/v40_problem__024.smt2.slack.smt2,sat,136.31
/20180326-Bromberger/more_slacked/CAV_2009_benchmarks/smt/40-vars/v40_problem__016.smt2.slack.smt2,sat,0.01
/20180326-Bromberger/more_slacked/CAV_2009_benchmarks/smt/40-vars/v40_problem_2__032.smt2.slack.smt2,sat,265.06
/20180326-Bromberger/more_slacked/CAV_2009_benchmarks/smt/40-vars/v40_problem__032.smt2.slack.smt2,sat,368.71
/20180326-Bromberger/more_slacked/CAV_2009_benchmarks/smt/40-vars/v40_problem__028.smt2.slack.smt2,sat,234.9
/20180326-Bromberger/more_slacked/CAV_2009_benchmarks/smt/40-vars/v40_problem__018.smt2.slack.smt2,sat,95.43
/20180326-Bromberger/more_slacked/CAV_2009_benchmarks/smt/40-vars/v40_problem_2__011.smt2.slack.smt2,failed,1200.0
/20180326-Bromberger/more_slacked/CAV_2009_benchmarks/smt/40-vars/v40_problem__003.smt2.slack.smt2,sat,0.01
/20180326-Bromberger/more_slacked/CAV_2009_benchmarks/smt/40-vars/v40_problem__025.smt2.slack.smt2,sat,257.23
/20180326-Bromberger/more_slacked/CAV_2009_benchmarks/smt/40-vars/v40_problem__011.smt2.slack.smt2,sat,20.78
/20180326-Bromberger/more_slacked/CAV_2009_benchmarks/smt/40-vars/v40_problem__010.smt2.slack.smt2,sat,0.0
/20180326-Bromberger/more_slacked/CAV_2009_benchmarks/smt/40-vars/v40_problem__029.smt2.slack.smt2,sat,188.56
/20180326-Bromberger/more_slacked/CAV_2009_benchmarks/smt/40-vars/v40_problem_2__013.smt2.slack.smt2,sat,44.87
/20180326-Bromberger/more_slacked/CAV_2009_benchmarks/smt/40-vars/v40_problem__006.smt2.slack.smt2,sat,0.01
/20180326-Bromberger/more_slacked/CAV_2009_benchmarks/smt/40-vars/v40_problem_2__028.smt2.slack.smt2,sat,266.39
/20180326-Bromberger/more_slacked/CAV_2009_benchmarks/smt/40-vars/v40_problem_2__001.smt2.slack.smt2,sat,0.0
/20180326-Bromberger/more_slacked/CAV_2009_benchmarks/smt/40-vars/v40_problem_2__008.smt2.slack.smt2,sat,0.02
/20180326-Bromberger/more_slacked/CAV_2009_benchmarks/smt/40-vars/v40_problem__012.smt2.slack.smt2,sat,69.38
/20180326-Bromberger/more_slacked/CAV_2009_benchmarks/smt/40-vars/v40_problem_2__029.smt2.slack.smt2,sat,227.23
/20180326-Bromberger/more_slacked/CAV_2009_benchmarks/smt/40-vars/v40_problem__004.smt2.slack.smt2,failed,1200.0
/20180326-Bromberger/more_slacked/CAV_2009_benchmarks/smt/40-vars/v40_problem__027.smt2.slack.smt2,sat,250.43
/20180326-Bromberger/more_slacked/CAV_2009_benchmarks/smt/40-vars/v40_problem__008.smt2.slack.smt2,sat,75.78
/20180326-Bromberger/more_slacked/CAV_2009_benchmarks/smt/10-vars/v10_problem_2__008.smt2.slack.smt2,sat,0.0
/20180326-Bromberger/more_slacked/CAV_2009_benchmarks/smt/10-vars/v10_problem_2__007.smt2.slack.smt2,sat,0.0
/20180326-Bromberger/more_slacked/CAV_2009_benchmarks/smt/10-vars/v10_problem__020.smt2.slack.smt2,unsat,0.0
/20180326-Bromberger/more_slacked/CAV_2009_benchmarks/smt/10-vars/v10_problem_2__015.smt2.slack.smt2,sat,0.0
/20180326-Bromberger/more_slacked/CAV_2009_benchmarks/smt/10-vars/v10_problem__015.smt2.slack.smt2,failed,1200.0
/20180326-Bromberger/more_slacked/CAV_2009_benchmarks/smt/10-vars/v10_problem_2__030.smt2.slack.smt2,unsat,0.0
/20180326-Bromberger/more_slacked/CAV_2009_benchmarks/smt/10-vars/v10_problem_2__024.smt2.slack.smt2,unsat,0.01
/20180326-Bromberger/more_slacked/CAV_2009_benchmarks/smt/10-vars/v10_problem_2__013.smt2.slack.smt2,sat,0.0
/20180326-Bromberger/more_slacked/CAV_2009_benchmarks/smt/10-vars/v10_problem__012.smt2.slack.smt2,sat,0.0
/20180326-Bromberger/more_slacked/CAV_2009_benchmarks/smt/10-vars/v10_problem_2__002.smt2.slack.smt2,sat,0.01
/20180326-Bromberger/more_slacked/CAV_2009_benchmarks/smt/10-vars/v10_problem__018.smt2.slack.smt2,sat,0.0
/20180326-Bromberger/more_slacked/CAV_2009_benchmarks/smt/10-vars/v10_problem_2__033.smt2.slack.smt2,unsat,0.0
/20180326-Bromberger/more_slacked/CAV_2009_benchmarks/smt/10-vars/v10_problem_2__014.smt2.slack.smt2,sat,0.0
/20180326-Bromberger/more_slacked/CAV_2009_benchmarks/smt/10-vars/v10_problem_2__010.smt2.slack.smt2,sat,0.0
/20180326-Bromberger/more_slacked/CAV_2009_benchmarks/smt/10-vars/v10_problem__029.smt2.slack.smt2,unsat,0.0
/20180326-Bromberger/more_slacked/CAV_2009_benchmarks/smt/10-vars/v10_problem__007.smt2.slack.smt2,sat,0.0
/20180326-Bromberger/more_slacked/CAV_2009_benchmarks/smt/10-vars/v10_problem_2__020.smt2.slack.smt2,sat,0.0
/20180326-Bromberger/more_slacked/CAV_2009_benchmarks/smt/10-vars/v10_problem_2__009.smt2.slack.smt2,sat,0.0
/20180326-Bromberger/more_slacked/CAV_2009_benchmarks/smt/10-vars/v10_problem__006.smt2.slack.smt2,sat,0.0
/20180326-Bromberger/more_slacked/CAV_2009_benchmarks/smt/10-vars/v10_problem__030.smt2.slack.smt2,unsat,0.0
/20180326-Bromberger/more_slacked/CAV_2009_benchmarks/smt/10-vars/v10_problem_2__029.smt2.slack.smt2,unsat,0.0
/20180326-Bromberger/more_slacked/CAV_2009_benchmarks/smt/10-vars/v10_problem__026.smt2.slack.smt2,unsat,0.0
/20180326-Bromberger/more_slacked/CAV_2009_benchmarks/smt/10-vars/v10_problem__014.smt2.slack.smt2,sat,0.0
/20180326-Bromberger/more_slacked/CAV_2009_benchmarks/smt/10-vars/v10_problem__016.smt2.slack.smt2,unsat,0.0
/20180326-Bromberger/more_slacked/CAV_2009_benchmarks/smt/10-vars/v10_problem__032.smt2.slack.smt2,unsat,0.0
/20180326-Bromberger/more_slacked/CAV_2009_benchmarks/smt/10-vars/v10_problem_2__035.smt2.slack.smt2,unsat,0.01
/20180326-Bromberger/more_slacked/CAV_2009_benchmarks/smt/10-vars/v10_problem_2__012.smt2.slack.smt2,unsat,0.01
/20180326-Bromberger/more_slacked/CAV_2009_benchmarks/smt/10-vars/v10_problem__031.smt2.slack.smt2,unsat,0.0
/20180326-Bromberger/more_slacked/CAV_2009_benchmarks/smt/10-vars/v10_problem_2__004.smt2.slack.smt2,sat,0.0
/20180326-Bromberger/more_slacked/CAV_2009_benchmarks/smt/10-vars/v10_problem_2__019.smt2.slack.smt2,unsat,0.0
/20180326-Bromberger/more_slacked/CAV_2009_benchmarks/smt/10-vars/v10_problem__009.smt2.slack.smt2,sat,0.01
/20180326-Bromberger/more_slacked/CAV_2009_benchmarks/smt/10-vars/v10_problem_2__017.smt2.slack.smt2,sat,0.01
/20180326-Bromberger/more_slacked/CAV_2009_benchmarks/smt/10-vars/v10_problem__034.smt2.slack.smt2,unsat,0.0
/20180326-Bromberger/more_slacked/CAV_2009_benchmarks/smt/10-vars/v10_problem__003.smt2.slack.smt2,sat,0.01
/20180326-Bromberger/more_slacked/CAV_2009_benchmarks/smt/10-vars/v10_problem_2__003.smt2.slack.smt2,sat,0.01
/20180326-Bromberger/more_slacked/CAV_2009_benchmarks/smt/10-vars/v10_problem_2__031.smt2.slack.smt2,unsat,0.0
/20180326-Bromberger/more_slacked/CAV_2009_benchmarks/smt/10-vars/v10_problem_2__025.smt2.slack.smt2,unsat,0.01
/20180326-Bromberger/more_slacked/CAV_2009_benchmarks/smt/10-vars/v10_problem__002.smt2.slack.smt2,sat,0.0
/20180326-Bromberger/more_slacked/CAV_2009_benchmarks/smt/10-vars/v10_problem_2__026.smt2.slack.smt2,failed,1200.0
/20180326-Bromberger/more_slacked/CAV_2009_benchmarks/smt/10-vars/v10_problem__027.smt2.slack.smt2,unsat,0.01
/20180326-Bromberger/more_slacked/CAV_2009_benchmarks/smt/10-vars/v10_problem_2__018.smt2.slack.smt2,sat,0.0
/20180326-Bromberger/more_slacked/CAV_2009_benchmarks/smt/10-vars/v10_problem_2__023.smt2.slack.smt2,sat,0.0
/20180326-Bromberger/more_slacked/CAV_2009_benchmarks/smt/10-vars/v10_problem_2__001.smt2.slack.smt2,sat,0.0
/20180326-Bromberger/more_slacked/CAV_2009_benchmarks/smt/10-vars/v10_problem_2__034.smt2.slack.smt2,unsat,0.0
/20180326-Bromberger/more_slacked/CAV_2009_benchmarks/smt/10-vars/v10_problem__019.smt2.slack.smt2,sat,0.0
/20180326-Bromberger/more_slacked/CAV_2009_benchmarks/smt/10-vars/v10_problem__013.smt2.slack.smt2,sat,0.01
/20180326-Bromberger/more_slacked/CAV_2009_benchmarks/smt/10-vars/v10_problem_2__022.smt2.slack.smt2,sat,0.0
/20180326-Bromberger/more_slacked/CAV_2009_benchmarks/smt/10-vars/v10_problem__017.smt2.slack.smt2,unsat,0.0
/20180326-Bromberger/more_slacked/CAV_2009_benchmarks/smt/10-vars/v10_problem_2__021.smt2.slack.smt2,unsat,0.01
/20180326-Bromberger/more_slacked/CAV_2009_benchmarks/smt/10-vars/v10_problem__035.smt2.slack.smt2,unsat,0.01
/20180326-Bromberger/more_slacked/CAV_2009_benchmarks/smt/10-vars/v10_problem__010.smt2.slack.smt2,sat,0.0
/20180326-Bromberger/more_slacked/CAV_2009_benchmarks/smt/10-vars/v10_problem_2__016.smt2.slack.smt2,unsat,0.01
/20180326-Bromberger/more_slacked/CAV_2009_benchmarks/smt/10-vars/v10_problem__021.smt2.slack.smt2,unsat,0.01
/20180326-Bromberger/more_slacked/CAV_2009_benchmarks/smt/10-vars/v10_problem_2__005.smt2.slack.smt2,sat,0.0
/20180326-Bromberger/more_slacked/CAV_2009_benchmarks/smt/10-vars/v10_problem__023.smt2.slack.smt2,failed,1200.0
/20180326-Bromberger/more_slacked/CAV_2009_benchmarks/smt/10-vars/v10_problem_2__032.smt2.slack.smt2,unsat,0.0
/20180326-Bromberger/more_slacked/CAV_2009_benchmarks/smt/10-vars/v10_problem__022.smt2.slack.smt2,unsat,0.01
/20180326-Bromberger/more_slacked/CAV_2009_benchmarks/smt/10-vars/v10_problem_2__006.smt2.slack.smt2,sat,0.0
/20180326-Bromberger/more_slacked/CAV_2009_benchmarks/smt/10-vars/v10_problem__005.smt2.slack.smt2,sat,0.0
/20180326-Bromberger/more_slacked/CAV_2009_benchmarks/smt/10-vars/v10_problem_2__028.smt2.slack.smt2,unsat,0.0
/20180326-Bromberger/more_slacked/CAV_2009_benchmarks/smt/10-vars/v10_problem__008.smt2.slack.smt2,sat,0.0
/20180326-Bromberger/more_slacked/CAV_2009_benchmarks/smt/10-vars/v10_problem__024.smt2.slack.smt2,unsat,0.0
/20180326-Bromberger/more_slacked/CAV_2009_benchmarks/smt/10-vars/v10_problem__001.smt2.slack.smt2,sat,0.0
/20180326-Bromberger/more_slacked/CAV_2009_benchmarks/smt/10-vars/v10_problem_2__027.smt2.slack.smt2,unsat,0.0
/20180326-Bromberger/more_slacked/CAV_2009_benchmarks/smt/10-vars/v10_problem__025.smt2.slack.smt2,failed,1200.0
/20180326-Bromberger/more_slacked/CAV_2009_benchmarks/smt/10-vars/v10_problem_2__011.smt2.slack.smt2,failed,1200.0
/20180326-Bromberger/more_slacked/CAV_2009_benchmarks/smt/10-vars/v10_problem__028.smt2.slack.smt2,unsat,0.0
/20180326-Bromberger/more_slacked/CAV_2009_benchmarks/smt/15-vars/v15_problem_2__022.smt2.slack.smt2,unsat,0.0
/20180326-Bromberger/more_slacked/CAV_2009_benchmarks/smt/15-vars/v15_problem_2__016.smt2.slack.smt2,sat,0.0
/20180326-Bromberger/more_slacked/CAV_2009_benchmarks/smt/15-vars/v15_problem__003.smt2.slack.smt2,sat,0.0
/20180326-Bromberger/more_slacked/CAV_2009_benchmarks/smt/15-vars/v15_problem_2__025.smt2.slack.smt2,unsat,0.05
/20180326-Bromberger/more_slacked/CAV_2009_benchmarks/smt/15-vars/v15_problem__012.smt2.slack.smt2,sat,0.08
/20180326-Bromberger/more_slacked/CAV_2009_benchmarks/smt/15-vars/v15_problem__002.smt2.slack.smt2,sat,0.0
/20180326-Bromberger/more_slacked/CAV_2009_benchmarks/smt/15-vars/v15_problem_2__020.smt2.slack.smt2,unsat,0.01
/20180326-Bromberger/more_slacked/CAV_2009_benchmarks/smt/15-vars/v15_problem_2__003.smt2.slack.smt2,sat,0.0
/20180326-Bromberger/more_slacked/CAV_2009_benchmarks/smt/15-vars/v15_problem_2__015.smt2.slack.smt2,sat,0.03
/20180326-Bromberger/more_slacked/CAV_2009_benchmarks/smt/15-vars/v15_problem_2__017.smt2.slack.smt2,sat,0.08
/20180326-Bromberger/more_slacked/CAV_2009_benchmarks/smt/15-vars/v15_problem_2__012.smt2.slack.smt2,sat,0.0
/20180326-Bromberger/more_slacked/CAV_2009_benchmarks/smt/15-vars/v15_problem__025.smt2.slack.smt2,unsat,0.0
/20180326-Bromberger/more_slacked/CAV_2009_benchmarks/smt/15-vars/v15_problem__016.smt2.slack.smt2,unsat,0.0
/20180326-Bromberger/more_slacked/CAV_2009_benchmarks/smt/15-vars/v15_problem_2__007.smt2.slack.smt2,sat,0.0
/20180326-Bromberger/more_slacked/CAV_2009_benchmarks/smt/15-vars/v15_problem_2__019.smt2.slack.smt2,unsat,0.01
/20180326-Bromberger/more_slacked/CAV_2009_benchmarks/smt/15-vars/v15_problem_2__023.smt2.slack.smt2,sat,0.01
/20180326-Bromberger/more_slacked/CAV_2009_benchmarks/smt/15-vars/v15_problem__006.smt2.slack.smt2,sat,0.0
/20180326-Bromberger/more_slacked/CAV_2009_benchmarks/smt/15-vars/v15_problem_2__018.smt2.slack.smt2,sat,0.0
/20180326-Bromberger/more_slacked/CAV_2009_benchmarks/smt/15-vars/v15_problem__009.smt2.slack.smt2,sat,0.01
/20180326-Bromberger/more_slacked/CAV_2009_benchmarks/smt/15-vars/v15_problem_2__014.smt2.slack.smt2,sat,0.01
/20180326-Bromberger/more_slacked/CAV_2009_benchmarks/smt/15-vars/v15_problem_2__024.smt2.slack.smt2,unsat,0.01
/20180326-Bromberger/more_slacked/CAV_2009_benchmarks/smt/15-vars/v15_problem__010.smt2.slack.smt2,sat,0.0
/20180326-Bromberger/more_slacked/CAV_2009_benchmarks/smt/15-vars/v15_problem_2__011.smt2.slack.smt2,failed,1200.0
/20180326-Bromberger/more_slacked/CAV_2009_benchmarks/smt/15-vars/v15_problem__001.smt2.slack.smt2,sat,0.0
/20180326-Bromberger/more_slacked/CAV_2009_benchmarks/smt/15-vars/v15_problem__013.smt2.slack.smt2,sat,0.0
/20180326-Bromberger/more_slacked/CAV_2009_benchmarks/smt/15-vars/v15_problem_2__001.smt2.slack.smt2,sat,0.0
/20180326-Bromberger/more_slacked/CAV_2009_benchmarks/smt/15-vars/v15_problem_2__005.smt2.slack.smt2,failed,1200.0
/20180326-Bromberger/more_slacked/CAV_2009_benchmarks/smt/15-vars/v15_problem__011.smt2.slack.smt2,sat,0.0
/20180326-Bromberger/more_slacked/CAV_2009_benchmarks/smt/15-vars/v15_problem__004.smt2.slack.smt2,sat,0.0
/20180326-Bromberger/more_slacked/CAV_2009_benchmarks/smt/15-vars/v15_problem_2__013.smt2.slack.smt2,sat,0.01
/20180326-Bromberger/more_slacked/CAV_2009_benchmarks/smt/15-vars/v15_problem_2__021.smt2.slack.smt2,failed,1200.0
/20180326-Bromberger/more_slacked/CAV_2009_benchmarks/smt/15-vars/v15_problem_2__002.smt2.slack.smt2,sat,0.01
/20180326-Bromberger/more_slacked/CAV_2009_benchmarks/smt/15-vars/v15_problem__021.smt2.slack.smt2,sat,0.0
/20180326-Bromberger/more_slacked/CAV_2009_benchmarks/smt/15-vars/v15_problem__018.smt2.slack.smt2,sat,0.0
/20180326-Bromberger/more_slacked/CAV_2009_benchmarks/smt/15-vars/v15_problem__022.smt2.slack.smt2,unsat,0.0
/20180326-Bromberger/more_slacked/CAV_2009_benchmarks/smt/15-vars/v15_problem__008.smt2.slack.smt2,sat,0.01
/20180326-Bromberger/more_slacked/CAV_2009_benchmarks/smt/15-vars/v15_problem__015.smt2.slack.smt2,sat,0.0
/20180326-Bromberger/more_slacked/CAV_2009_benchmarks/smt/15-vars/v15_problem__007.smt2.slack.smt2,sat,0.0
/20180326-Bromberger/more_slacked/CAV_2009_benchmarks/smt/15-vars/v15_problem_2__009.smt2.slack.smt2,failed,1200.0
/20180326-Bromberger/more_slacked/CAV_2009_benchmarks/smt/15-vars/v15_problem__014.smt2.slack.smt2,sat,0.0
/20180326-Bromberger/more_slacked/CAV_2009_benchmarks/smt/15-vars/v15_problem__019.smt2.slack.smt2,sat,0.01
/20180326-Bromberger/more_slacked/CAV_2009_benchmarks/smt/15-vars/v15_problem_2__004.smt2.slack.smt2,sat,0.0
/20180326-Bromberger/more_slacked/CAV_2009_benchmarks/smt/15-vars/v15_problem_2__010.smt2.slack.smt2,failed,1200.0
/20180326-Bromberger/more_slacked/CAV_2009_benchmarks/smt/15-vars/v15_problem__017.smt2.slack.smt2,sat,0.03
/20180326-Bromberger/more_slacked/CAV_2009_benchmarks/smt/15-vars/v15_problem__005.smt2.slack.smt2,sat,0.0
/20180326-Bromberger/more_slacked/CAV_2009_benchmarks/smt/15-vars/v15_problem_2__008.smt2.slack.smt2,sat,0.0
/20180326-Bromberger/more_slacked/CAV_2009_benchmarks/smt/15-vars/v15_problem__023.smt2.slack.smt2,unsat,0.0
/20180326-Bromberger/more_slacked/CAV_2009_benchmarks/smt/15-vars/v15_problem_2__006.smt2.slack.smt2,sat,0.01
/20180326-Bromberger/more_slacked/CAV_2009_benchmarks/smt/15-vars/v15_problem__020.smt2.slack.smt2,sat,0.01
/20180326-Bromberger/more_slacked/CAV_2009_benchmarks/smt/15-vars/v15_problem__024.smt2.slack.smt2,unsat,0.01
/20180326-Bromberger/more_slacked/CAV_2009_benchmarks/coef-size/smt/size-30/c30_problem__002.smt2.slack.smt2,sat,0.99
/20180326-Bromberger/more_slacked/CAV_2009_benchmarks/coef-size/smt/size-30/c30_problem__003.smt2.slack.smt2,sat,0.42
/20180326-Bromberger/more_slacked/CAV_2009_benchmarks/coef-size/smt/size-30/c30_problem__006.smt2.slack.smt2,unsat,0.01
/20180326-Bromberger/more_slacked/CAV_2009_benchmarks/coef-size/smt/size-30/c30_problem__005.smt2.slack.smt2,sat,0.88
/20180326-Bromberger/more_slacked/CAV_2009_benchmarks/coef-size/smt/size-30/c30_problem__004.smt2.slack.smt2,sat,1.25
/20180326-Bromberger/more_slacked/CAV_2009_benchmarks/coef-size/smt/size-100/c100_problem__005.smt2.slack.smt2,sat,0.33
/20180326-Bromberger/more_slacked/CAV_2009_benchmarks/coef-size/smt/size-100/c100_problem__002.smt2.slack.smt2,sat,0.24
/20180326-Bromberger/more_slacked/CAV_2009_benchmarks/coef-size/smt/size-100/c100_problem__004.smt2.slack.smt2,sat,0.29
/20180326-Bromberger/more_slacked/CAV_2009_benchmarks/coef-size/smt/size-100/c100_problem__006.smt2.slack.smt2,unsat,0.01
/20180326-Bromberger/more_slacked/CAV_2009_benchmarks/coef-size/smt/size-100/c100_problem__003.smt2.slack.smt2,sat,4.41
/20180326-Bromberger/more_slacked/CAV_2009_benchmarks/coef-size/smt/size-10/c10_problem__005.smt2.slack.smt2,sat,0.2
/20180326-Bromberger/more_slacked/CAV_2009_benchmarks/coef-size/smt/size-10/c10_problem__003.smt2.slack.smt2,unsat,80.36
/20180326-Bromberger/more_slacked/CAV_2009_benchmarks/coef-size/smt/size-10/c10_problem__002.smt2.slack.smt2,unsat,0.0
/20180326-Bromberger/more_slacked/CAV_2009_benchmarks/coef-size/smt/size-10/c10_problem__004.smt2.slack.smt2,sat,0.28
/20180326-Bromberger/more_slacked/CAV_2009_benchmarks/coef-size/smt/size-10/c10_problem__006.smt2.slack.smt2,sat,0.09
/20180326-Bromberger/more_slacked/CAV_2009_benchmarks/coef-size/smt/size-10/c10_problem__001.smt2.slack.smt2,sat,0.0
/20180326-Bromberger/more_slacked/CAV_2009_benchmarks/coef-size/smt/size-60/c60_problem__005.smt2.slack.smt2,sat,1.16
/20180326-Bromberger/more_slacked/CAV_2009_benchmarks/coef-size/smt/size-60/c60_problem__002.smt2.slack.smt2,sat,2.08
/20180326-Bromberger/more_slacked/CAV_2009_benchmarks/coef-size/smt/size-60/c60_problem__004.smt2.slack.smt2,unsat,57.55
/20180326-Bromberger/more_slacked/CAV_2009_benchmarks/coef-size/smt/size-60/c60_problem__003.smt2.slack.smt2,sat,0.21
/20180326-Bromberger/more_slacked/CAV_2009_benchmarks/coef-size/smt/size-60/c60_problem__006.smt2.slack.smt2,sat,0.94
/20180326-Bromberger/more_slacked/CAV_2009_benchmarks/coef-size/smt/size-50/c50_problem__006.smt2.slack.smt2,unsat,0.01
/20180326-Bromberger/more_slacked/CAV_2009_benchmarks/coef-size/smt/size-50/c50_problem__003.smt2.slack.smt2,sat,0.1
/20180326-Bromberger/more_slacked/CAV_2009_benchmarks/coef-size/smt/size-50/c50_problem__004.smt2.slack.smt2,sat,0.37
/20180326-Bromberger/more_slacked/CAV_2009_benchmarks/coef-size/smt/size-50/c50_problem__005.smt2.slack.smt2,sat,1.37
/20180326-Bromberger/more_slacked/CAV_2009_benchmarks/coef-size/smt/size-50/c50_problem__002.smt2.slack.smt2,unsat,0.0
/20180326-Bromberger/more_slacked/CAV_2009_benchmarks/coef-size/smt/size-40/c40_problem__004.smt2.slack.smt2,sat,0.44
/20180326-Bromberger/more_slacked/CAV_2009_benchmarks/coef-size/smt/size-40/c40_problem__002.smt2.slack.smt2,unsat,0.01
/20180326-Bromberger/more_slacked/CAV_2009_benchmarks/coef-size/smt/size-40/c40_problem__005.smt2.slack.smt2,sat,8.14
/20180326-Bromberger/more_slacked/CAV_2009_benchmarks/coef-size/smt/size-40/c40_problem__006.smt2.slack.smt2,sat,0.07
/20180326-Bromberger/more_slacked/CAV_2009_benchmarks/coef-size/smt/size-40/c40_problem__003.smt2.slack.smt2,sat,0.24
/20180326-Bromberger/more_slacked/CAV_2009_benchmarks/coef-size/smt/size-80/c80_problem__006.smt2.slack.smt2,sat,0.75
/20180326-Bromberger/more_slacked/CAV_2009_benchmarks/coef-size/smt/size-80/c80_problem__004.smt2.slack.smt2,sat,0.18
/20180326-Bromberger/more_slacked/CAV_2009_benchmarks/coef-size/smt/size-80/c80_problem__005.smt2.slack.smt2,sat,0.33
/20180326-Bromberger/more_slacked/CAV_2009_benchmarks/coef-size/smt/size-80/c80_problem__003.smt2.slack.smt2,sat,0.84
/20180326-Bromberger/more_slacked/CAV_2009_benchmarks/coef-size/smt/size-80/c80_problem__002.smt2.slack.smt2,sat,0.29
/20180326-Bromberger/more_slacked/CAV_2009_benchmarks/coef-size/smt/size-20/c20_problem__003.smt2.slack.smt2,sat,0.4
/20180326-Bromberger/more_slacked/CAV_2009_benchmarks/coef-size/smt/size-20/c20_problem__004.smt2.slack.smt2,unsat,0.01
/20180326-Bromberger/more_slacked/CAV_2009_benchmarks/coef-size/smt/size-20/c20_problem__002.smt2.slack.smt2,sat,1.75
/20180326-Bromberger/more_slacked/CAV_2009_benchmarks/coef-size/smt/size-20/c20_problem__006.smt2.slack.smt2,sat,1.06
/20180326-Bromberger/more_slacked/CAV_2009_benchmarks/coef-size/smt/size-20/c20_problem__005.smt2.slack.smt2,sat,0.53
/20180326-Bromberger/more_slacked/CAV_2009_benchmarks/coef-size/smt/size-70/c70_problem__006.smt2.slack.smt2,sat,0.39
/20180326-Bromberger/more_slacked/CAV_2009_benchmarks/coef-size/smt/size-70/c70_problem__005.smt2.slack.smt2,sat,0.21
/20180326-Bromberger/more_slacked/CAV_2009_benchmarks/coef-size/smt/size-70/c70_problem__004.smt2.slack.smt2,sat,0.38
/20180326-Bromberger/more_slacked/CAV_2009_benchmarks/coef-size/smt/size-70/c70_problem__002.smt2.slack.smt2,sat,10.35
/20180326-Bromberger/more_slacked/CAV_2009_benchmarks/coef-size/smt/size-70/c70_problem__003.smt2.slack.smt2,sat,5.97
/20180326-Bromberger/more_slacked/CAV_2009_benchmarks/coef-size/smt/size-90/c90_problem__005.smt2.slack.smt2,unsat,0.01
/20180326-Bromberger/more_slacked/CAV_2009_benchmarks/coef-size/smt/size-90/c90_problem__003.smt2.slack.smt2,sat,0.18
/20180326-Bromberger/more_slacked/CAV_2009_benchmarks/coef-size/smt/size-90/c90_problem__004.smt2.slack.smt2,sat,0.82
/20180326-Bromberger/more_slacked/CAV_2009_benchmarks/coef-size/smt/size-90/c90_problem__006.smt2.slack.smt2,sat,744.86
/20180326-Bromberger/more_slacked/CAV_2009_benchmarks/coef-size/smt/size-90/c90_problem__002.smt2.slack.smt2,sat,0.24
/20180326-Bromberger/more_slacked/cut_lemmas/20-vars/cut_lemma_02_009.smt2.slack.smt2,unsat,0.16
/20180326-Bromberger/more_slacked/cut_lemmas/20-vars/cut_lemma_03_020.smt2.slack.smt2,unsat,0.02
/20180326-Bromberger/more_slacked/cut_lemmas/20-vars/cut_lemma_03_005.smt2.slack.smt2,unsat,0.16
/20180326-Bromberger/more_slacked/cut_lemmas/20-vars/cut_lemma_02_001.smt2.slack.smt2,unsat,0.19
/20180326-Bromberger/more_slacked/cut_lemmas/20-vars/cut_lemma_03_016.smt2.slack.smt2,unsat,0.76
/20180326-Bromberger/more_slacked/cut_lemmas/20-vars/cut_lemma_01_008.smt2.slack.smt2,failed,1200.0
/20180326-Bromberger/more_slacked/cut_lemmas/20-vars/cut_lemma_01_012.smt2.slack.smt2,unsat,0.64
/20180326-Bromberger/more_slacked/cut_lemmas/20-vars/cut_lemma_03_009.smt2.slack.smt2,unsat,0.03
/20180326-Bromberger/more_slacked/cut_lemmas/20-vars/cut_lemma_02_016.smt2.slack.smt2,unsat,0.37
/20180326-Bromberger/more_slacked/cut_lemmas/20-vars/cut_lemma_01_015.smt2.slack.smt2,unsat,0.01
/20180326-Bromberger/more_slacked/cut_lemmas/20-vars/cut_lemma_01_016.smt2.slack.smt2,unsat,0.02
/20180326-Bromberger/more_slacked/cut_lemmas/20-vars/cut_lemma_03_015.smt2.slack.smt2,unsat,0.07
/20180326-Bromberger/more_slacked/cut_lemmas/20-vars/cut_lemma_03_002.smt2.slack.smt2,unsat,2.57
/20180326-Bromberger/more_slacked/cut_lemmas/20-vars/cut_lemma_03_006.smt2.slack.smt2,unsat,0.01
/20180326-Bromberger/more_slacked/cut_lemmas/20-vars/cut_lemma_03_014.smt2.slack.smt2,unsat,0.18
/20180326-Bromberger/more_slacked/cut_lemmas/20-vars/cut_lemma_01_004.smt2.slack.smt2,unsat,0.14
/20180326-Bromberger/more_slacked/cut_lemmas/20-vars/cut_lemma_03_018.smt2.slack.smt2,unsat,0.2
/20180326-Bromberger/more_slacked/cut_lemmas/20-vars/cut_lemma_02_002.smt2.slack.smt2,unsat,0.2
/20180326-Bromberger/more_slacked/cut_lemmas/20-vars/cut_lemma_03_008.smt2.slack.smt2,unsat,0.0
/20180326-Bromberger/more_slacked/cut_lemmas/20-vars/cut_lemma_01_006.smt2.slack.smt2,unsat,0.22
/20180326-Bromberger/more_slacked/cut_lemmas/20-vars/cut_lemma_03_003.smt2.slack.smt2,unsat,0.02
/20180326-Bromberger/more_slacked/cut_lemmas/20-vars/cut_lemma_01_001.smt2.slack.smt2,unsat,0.19
/20180326-Bromberger/more_slacked/cut_lemmas/20-vars/cut_lemma_02_003.smt2.slack.smt2,unsat,0.06
/20180326-Bromberger/more_slacked/cut_lemmas/20-vars/cut_lemma_03_011.smt2.slack.smt2,unsat,0.04
/20180326-Bromberger/more_slacked/cut_lemmas/20-vars/cut_lemma_03_004.smt2.slack.smt2,unsat,0.05
/20180326-Bromberger/more_slacked/cut_lemmas/20-vars/cut_lemma_02_004.smt2.slack.smt2,unsat,0.39
/20180326-Bromberger/more_slacked/cut_lemmas/20-vars/cut_lemma_01_003.smt2.slack.smt2,unsat,0.78
/20180326-Bromberger/more_slacked/cut_lemmas/20-vars/cut_lemma_01_007.smt2.slack.smt2,unsat,0.03
/20180326-Bromberger/more_slacked/cut_lemmas/20-vars/cut_lemma_02_006.smt2.slack.smt2,unsat,0.12
/20180326-Bromberger/more_slacked/cut_lemmas/20-vars/cut_lemma_02_012.smt2.slack.smt2,unsat,0.56
/20180326-Bromberger/more_slacked/cut_lemmas/20-vars/cut_lemma_02_005.smt2.slack.smt2,unsat,0.05
/20180326-Bromberger/more_slacked/cut_lemmas/20-vars/cut_lemma_01_002.smt2.slack.smt2,unsat,0.47
/20180326-Bromberger/more_slacked/cut_lemmas/20-vars/cut_lemma_03_012.smt2.slack.smt2,unsat,0.03
/20180326-Bromberger/more_slacked/cut_lemmas/20-vars/cut_lemma_03_013.smt2.slack.smt2,unsat,0.28
/20180326-Bromberger/more_slacked/cut_lemmas/20-vars/cut_lemma_01_005.smt2.slack.smt2,unsat,0.03
/20180326-Bromberger/more_slacked/cut_lemmas/20-vars/cut_lemma_03_007.smt2.slack.smt2,unsat,1.82
/20180326-Bromberger/more_slacked/cut_lemmas/20-vars/cut_lemma_01_010.smt2.slack.smt2,unsat,0.12
/20180326-Bromberger/more_slacked/cut_lemmas/20-vars/cut_lemma_01_009.smt2.slack.smt2,unsat,0.25
/20180326-Bromberger/more_slacked/cut_lemmas/20-vars/cut_lemma_02_008.smt2.slack.smt2,unsat,0.03
/20180326-Bromberger/more_slacked/cut_lemmas/20-vars/cut_lemma_01_011.smt2.slack.smt2,unsat,0.08
/20180326-Bromberger/more_slacked/cut_lemmas/20-vars/cut_lemma_03_001.smt2.slack.smt2,unsat,0.54
/20180326-Bromberger/more_slacked/cut_lemmas/20-vars/cut_lemma_03_010.smt2.slack.smt2,unsat,0.16
/20180326-Bromberger/more_slacked/cut_lemmas/20-vars/cut_lemma_02_007.smt2.slack.smt2,unsat,0.22
/20180326-Bromberger/more_slacked/cut_lemmas/20-vars/cut_lemma_01_014.smt2.slack.smt2,unsat,0.02
/20180326-Bromberger/more_slacked/cut_lemmas/20-vars/cut_lemma_02_010.smt2.slack.smt2,unsat,0.36
/20180326-Bromberger/more_slacked/cut_lemmas/20-vars/cut_lemma_03_019.smt2.slack.smt2,unsat,0.54
/20180326-Bromberger/more_slacked/cut_lemmas/20-vars/cut_lemma_02_014.smt2.slack.smt2,unsat,0.11
/20180326-Bromberger/more_slacked/cut_lemmas/20-vars/cut_lemma_02_015.smt2.slack.smt2,unsat,0.33
/20180326-Bromberger/more_slacked/cut_lemmas/20-vars/cut_lemma_03_017.smt2.slack.smt2,unsat,0.61
/20180326-Bromberger/more_slacked/cut_lemmas/20-vars/cut_lemma_01_013.smt2.slack.smt2,unsat,0.43
/20180326-Bromberger/more_slacked/cut_lemmas/20-vars/cut_lemma_02_013.smt2.slack.smt2,unsat,0.1
/20180326-Bromberger/more_slacked/cut_lemmas/10-vars/cut_lemma_02_009.smt2.slack.smt2,unsat,0.0
/20180326-Bromberger/more_slacked/cut_lemmas/10-vars/cut_lemma_02_001.smt2.slack.smt2,failed,1200.0
/20180326-Bromberger/more_slacked/cut_lemmas/10-vars/cut_lemma_01_001.smt2.slack.smt2,unsat,0.0
/20180326-Bromberger/more_slacked/cut_lemmas/10-vars/cut_lemma_02_003.smt2.slack.smt2,failed,1200.0
/20180326-Bromberger/more_slacked/cut_lemmas/10-vars/cut_lemma_02_005.smt2.slack.smt2,unsat,0.0
/20180326-Bromberger/more_slacked/cut_lemmas/10-vars/cut_lemma_02_008.smt2.slack.smt2,unsat,0.0
/20180326-Bromberger/more_slacked/cut_lemmas/10-vars/cut_lemma_02_010.smt2.slack.smt2,unsat,0.0
/20180326-Bromberger/more_slacked/cut_lemmas/15-vars/cut_lemma_02_009.smt2.slack.smt2,unsat,0.0
/20180326-Bromberger/more_slacked/cut_lemmas/15-vars/cut_lemma_03_005.smt2.slack.smt2,unsat,0.03
/20180326-Bromberger/more_slacked/cut_lemmas/15-vars/cut_lemma_02_001.smt2.slack.smt2,unsat,0.0
/20180326-Bromberger/more_slacked/cut_lemmas/15-vars/cut_lemma_01_008.smt2.slack.smt2,unsat,0.02
/20180326-Bromberger/more_slacked/cut_lemmas/15-vars/cut_lemma_01_012.smt2.slack.smt2,unsat,0.0
/20180326-Bromberger/more_slacked/cut_lemmas/15-vars/cut_lemma_03_002.smt2.slack.smt2,unsat,0.0
/20180326-Bromberger/more_slacked/cut_lemmas/15-vars/cut_lemma_03_006.smt2.slack.smt2,unsat,0.02
/20180326-Bromberger/more_slacked/cut_lemmas/15-vars/cut_lemma_03_014.smt2.slack.smt2,unsat,0.02
/20180326-Bromberger/more_slacked/cut_lemmas/15-vars/cut_lemma_01_004.smt2.slack.smt2,unsat,0.02
/20180326-Bromberger/more_slacked/cut_lemmas/15-vars/cut_lemma_02_002.smt2.slack.smt2,unsat,0.0
/20180326-Bromberger/more_slacked/cut_lemmas/15-vars/cut_lemma_03_008.smt2.slack.smt2,unsat,0.0
/20180326-Bromberger/more_slacked/cut_lemmas/15-vars/cut_lemma_01_006.smt2.slack.smt2,unsat,0.06
/20180326-Bromberger/more_slacked/cut_lemmas/15-vars/cut_lemma_03_003.smt2.slack.smt2,unsat,0.02
/20180326-Bromberger/more_slacked/cut_lemmas/15-vars/cut_lemma_01_001.smt2.slack.smt2,unsat,0.01
/20180326-Bromberger/more_slacked/cut_lemmas/15-vars/cut_lemma_02_003.smt2.slack.smt2,unsat,0.01
/20180326-Bromberger/more_slacked/cut_lemmas/15-vars/cut_lemma_03_011.smt2.slack.smt2,unsat,0.01
/20180326-Bromberger/more_slacked/cut_lemmas/15-vars/cut_lemma_03_004.smt2.slack.smt2,unsat,0.0
/20180326-Bromberger/more_slacked/cut_lemmas/15-vars/cut_lemma_02_004.smt2.slack.smt2,unsat,0.0
/20180326-Bromberger/more_slacked/cut_lemmas/15-vars/cut_lemma_01_003.smt2.slack.smt2,unsat,0.01
/20180326-Bromberger/more_slacked/cut_lemmas/15-vars/cut_lemma_01_007.smt2.slack.smt2,unsat,0.02
/20180326-Bromberger/more_slacked/cut_lemmas/15-vars/cut_lemma_02_006.smt2.slack.smt2,unsat,0.01
/20180326-Bromberger/more_slacked/cut_lemmas/15-vars/cut_lemma_02_005.smt2.slack.smt2,unsat,0.0
/20180326-Bromberger/more_slacked/cut_lemmas/15-vars/cut_lemma_01_002.smt2.slack.smt2,unsat,0.06
/20180326-Bromberger/more_slacked/cut_lemmas/15-vars/cut_lemma_03_012.smt2.slack.smt2,unsat,0.04
/20180326-Bromberger/more_slacked/cut_lemmas/15-vars/cut_lemma_03_013.smt2.slack.smt2,unsat,0.0
/20180326-Bromberger/more_slacked/cut_lemmas/15-vars/cut_lemma_01_005.smt2.slack.smt2,unsat,0.01
/20180326-Bromberger/more_slacked/cut_lemmas/15-vars/cut_lemma_03_007.smt2.slack.smt2,unsat,0.01
/20180326-Bromberger/more_slacked/cut_lemmas/15-vars/cut_lemma_01_010.smt2.slack.smt2,unsat,0.07
/20180326-Bromberger/more_slacked/cut_lemmas/15-vars/cut_lemma_01_009.smt2.slack.smt2,unsat,0.02
/20180326-Bromberger/more_slacked/cut_lemmas/15-vars/cut_lemma_02_008.smt2.slack.smt2,unsat,0.0
/20180326-Bromberger/more_slacked/cut_lemmas/15-vars/cut_lemma_01_011.smt2.slack.smt2,unsat,0.06
/20180326-Bromberger/more_slacked/cut_lemmas/15-vars/cut_lemma_03_001.smt2.slack.smt2,unsat,0.0
/20180326-Bromberger/more_slacked/cut_lemmas/15-vars/cut_lemma_03_010.smt2.slack.smt2,unsat,0.04
/20180326-Bromberger/more_slacked/cut_lemmas/15-vars/cut_lemma_01_014.smt2.slack.smt2,unsat,0.2
/20180326-Bromberger/more_slacked/cut_lemmas/15-vars/cut_lemma_01_013.smt2.slack.smt2,unsat,0.05
/2019-ezsmt/routingMax/SCC/p50.56.smt2,sat,1.08
/2019-ezsmt/routingMin/SCC/d40.5.smt2,sat,0.06
/2019-ezsmt/routingMin/SCC/d80.3.smt2,sat,0.06
/2019-ezsmt/routingMin/SCC/d90.7.smt2,sat,0.06
/2019-ezsmt/routingMin/SCC/d70.3.smt2,sat,0.06
/2019-ezsmt/routingMin/SCC/d130.1.smt2,sat,0.04
/2019-ezsmt/routingMin/SCC/d60.2.smt2,sat,0.11
/2019-ezsmt/routingMin/SCC/d120.7.smt2,sat,0.05
/2019-ezsmt/routingMin/SCC/d50.9.smt2,sat,0.06
/2019-ezsmt/routingMin/SCC/d100.1.smt2,sat,0.06
/2019-ezsmt/routingMin/SCC/d110.6.smt2,failed,1200.0
/2019-ezsmt/travellingSalesperson/SCC/tsp_rand_70_300_1155482584_5.lp.smt2,sat,0.39
/2019-ezsmt/travellingSalesperson/SCC/rand_70_300_1155482584_7.lp.smt2,sat,0.47
/2019-ezsmt/travellingSalesperson/SCC/dom_rand_70_300_1155482584_3.lp.smt2,sat,0.42
/2019-ezsmt/travellingSalesperson/SCC/rand_70_300_1155482584_12.lp.smt2,sat,0.35
/2019-ezsmt/travellingSalesperson/SCC/rand_70_300_1155482584_3.lp.smt2,sat,0.68
/2019-ezsmt/travellingSalesperson/SCC/rand_80_340_1159656267_10.lp.smt2,sat,0.5
/2019-ezsmt/travellingSalesperson/SCC/rand_70_300_1155482584_5.lp.smt2,sat,0.42
/2019-ezsmt/travellingSalesperson/SCC/rand_80_340_1159656267_11.lp.smt2,sat,0.57
/2019-ezsmt/travellingSalesperson/SCC/tsp_rand_70_300_1155482584_12.lp.smt2,sat,0.54
/2019-ezsmt/travellingSalesperson/SCC/rand_70_300_1155482584_4.lp.smt2,sat,0.6
/2019-ezsmt/travellingSalesperson/SCC/rand_80_340_1159656267_16.lp.smt2,sat,0.65
/2019-ezsmt/travellingSalesperson/SCC/rand_80_340_1159656267_13.lp.smt2,sat,16.8
/2019-ezsmt/travellingSalesperson/SCC/tsp_rand_70_300_1155482584_0.lp.smt2,sat,0.43
/2019-ezsmt/travellingSalesperson/SCC/rand_80_340_1159656267_6.lp.smt2,sat,14.69
/2019-ezsmt/travellingSalesperson/SCC/tsp_rand_70_300_1155482584_14.lp.smt2,sat,5.3
/2019-ezsmt/travellingSalesperson/SCC/rand_80_340_1159656267_15.lp.smt2,sat,0.52
/2019-ezsmt/travellingSalesperson/SCC/tsp_rand_70_300_1155482584_11.lp.smt2,sat,0.5
/2019-ezsmt/travellingSalesperson/SCC/rand_70_300_1155482584_14.lp.smt2,sat,6.46
/2019-ezsmt/travellingSalesperson/SCC/rand_70_300_1155482584_11.lp.smt2,sat,0.57
/2019-ezsmt/travellingSalesperson/SCC/tsp_rand_70_300_1155482584_8.lp.smt2,sat,0.78
/2019-ezsmt/travellingSalesperson/SCC/tsp_rand_70_300_1155482584_7.lp.smt2,sat,12.25
/2019-ezsmt/travellingSalesperson/SCC/rand_70_300_1155482584_9.lp.smt2,sat,0.53
/2019-ezsmt/travellingSalesperson/SCC/tsp_rand_70_300_1155482584_9.lp.smt2,sat,0.47
/2019-ezsmt/travellingSalesperson/SCC/rand_80_340_1159656267_17.lp.smt2,sat,0.61
/2019-ezsmt/travellingSalesperson/SCC/rand_70_300_1155482584_0.lp.smt2,sat,3.85
/2019-ezsmt/travellingSalesperson/SCC/rand_80_340_1159656267_0.lp.smt2,sat,0.64
/2019-ezsmt/travellingSalesperson/SCC/rand_70_300_1155482584_8.lp.smt2,sat,0.44
/2019-ezsmt/travellingSalesperson/SCC/rand_80_340_1159656267_4.lp.smt2,sat,0.69
/2019-ezsmt/travellingSalesperson/SCC/rand_80_340_1159656267_18.lp.smt2,sat,0.64
/2019-ezsmt/travellingSalesperson/SCC/tsp_rand_70_300_1155482584_4.lp.smt2,sat,12.08
/2019-ezsmt/incrementalScheduling/383-incremental_scheduling-75000-0.smt2,failed,1200.0
/2019-ezsmt/incrementalScheduling/141-incremental_scheduling-17280-0.smt2,sat,0.17
/2019-ezsmt/incrementalScheduling/379-incremental_scheduling-78325-0.smt2,unsat,0.36
/2019-ezsmt/incrementalScheduling/219-incremental_scheduling-28080-0.smt2,sat,0.13
/2019-ezsmt/incrementalScheduling/115-incremental_scheduling-17280-0.smt2,sat,0.15
/2019-ezsmt/incrementalScheduling/064-incremental_scheduling-15092-0.smt2,unsat,2.28
/2019-ezsmt/incrementalScheduling/102-incremental_scheduling-18468-0.smt2,unsat,0.16
/2019-ezsmt/incrementalScheduling/214-incremental_scheduling-27000-0.smt2,sat,2.94
/2019-ezsmt/incrementalScheduling/090-incremental_scheduling-15444-0.smt2,unsat,0.12
/2019-ezsmt/incrementalScheduling/105-incremental_scheduling-17280-0.smt2,sat,0.17
/2019-ezsmt/incrementalScheduling/329-incremental_scheduling-50260-0.smt2,unsat,0.2
/2019-ezsmt/incrementalScheduling/182-incremental_scheduling-17280-0.smt2,sat,0.26
/2019-ezsmt/incrementalScheduling/099-incremental_scheduling-15631-0.smt2,unsat,0.08
/2019-ezsmt/incrementalScheduling/251-incremental_scheduling-40518-0.smt2,unsat,0.16
/2019-ezsmt/incrementalScheduling/305-incremental_scheduling-50100-0.smt2,unsat,0.19
/2019-ezsmt/incrementalScheduling/295-incremental_scheduling-40626-0.smt2,failed,1200.0
/2019-ezsmt/incrementalScheduling/165-incremental_scheduling-18180-0.smt2,unsat,0.21
/2019-ezsmt/incrementalScheduling/170-incremental_scheduling-18108-0.smt2,unsat,0.15
/2019-ezsmt/incrementalScheduling/241-incremental_scheduling-28320-0.smt2,unsat,0.14
/2019-ezsmt/incrementalScheduling/298-incremental_scheduling-40824-0.smt2,unsat,0.17
/2019-ezsmt/incrementalScheduling/359-incremental_scheduling-75000-0.smt2,failed,1200.0
/2019-ezsmt/incrementalScheduling/135-incremental_scheduling-17280-0.smt2,sat,0.13
/2019-ezsmt/incrementalScheduling/153-incremental_scheduling-17280-0.smt2,sat,0.09
/2019-ezsmt/incrementalScheduling/140-incremental_scheduling-18576-0.smt2,sat,0.77
/2019-ezsmt/incrementalScheduling/360-incremental_scheduling-75000-0.smt2,failed,1200.0
/2019-ezsmt/incrementalScheduling/264-incremental_scheduling-40968-0.smt2,unsat,0.24
/2019-ezsmt/incrementalScheduling/332-incremental_scheduling-50480-0.smt2,unsat,1.39
/2019-ezsmt/incrementalScheduling/138-incremental_scheduling-17280-0.smt2,sat,0.1
/2019-ezsmt/incrementalScheduling/289-incremental_scheduling-38880-0.smt2,failed,1200.0
/2019-ezsmt/incrementalScheduling/258-incremental_scheduling-40698-0.smt2,unsat,13.88
/2019-ezsmt/weightedSequence/29-treeWeight-431-8leaves.smt2,sat,0.09
/2019-ezsmt/weightedSequence/28-treeWeight-411-8leaves.smt2,sat,0.08
/2019-ezsmt/weightedSequence/03-treeWeight-679-8leaves.smt2,sat,0.15
/2019-ezsmt/weightedSequence/08-treeWeight-591-8leaves.smt2,sat,0.13
/2019-ezsmt/weightedSequence/01-treeWeight-495-8leaves.smt2,sat,0.09
/2019-ezsmt/weightedSequence/22-treeWeight-641-8leaves.smt2,sat,0.09
/2019-ezsmt/weightedSequence/09-treeWeight-729-8leaves.smt2,sat,0.11
/2019-ezsmt/weightedSequence/15-treeWeight-228-8leaves.smt2,sat,0.09
/2019-ezsmt/weightedSequence/07-treeWeight-569-8leaves.smt2,sat,0.09
/2019-ezsmt/weightedSequence/11-treeWeight-302-8leaves.smt2,sat,0.1
/2019-ezsmt/weightedSequence/30-treeWeight-486-8leaves.smt2,sat,0.13
/2019-ezsmt/weightedSequence/02-treeWeight-570-8leaves.smt2,sat,0.09
/2019-ezsmt/weightedSequence/17-treeWeight-351-8leaves.smt2,sat,0.17
/2019-ezsmt/weightedSequence/10-treeWeight-445-8leaves.smt2,sat,0.07
/2019-ezsmt/weightedSequence/26-treeWeight-528-8leaves.smt2,sat,0.09
/2019-ezsmt/weightedSequence/27-treeWeight-542-8leaves.smt2,sat,0.4
/2019-ezsmt/weightedSequence/24-treeWeight-533-8leaves.smt2,failed,1200.0
/2019-ezsmt/weightedSequence/23-treeWeight-542-8leaves.smt2,sat,0.2
/2019-ezsmt/weightedSequence/04-treeWeight-560-8leaves.smt2,sat,0.1
/2019-ezsmt/weightedSequence/06-treeWeight-739-8leaves.smt2,sat,0.16
/2019-ezsmt/weightedSequence/12-treeWeight-651-8leaves.smt2,sat,0.19
/2019-ezsmt/weightedSequence/16-treeWeight-281-8leaves.smt2,sat,0.09
/2019-ezsmt/weightedSequence/20-treeWeight-544-8leaves.smt2,sat,0.09
/2019-ezsmt/weightedSequence/14-treeWeight-537-8leaves.smt2,sat,0.1
/2019-ezsmt/weightedSequence/19-treeWeight-772-8leaves.smt2,sat,0.09
/2019-ezsmt/weightedSequence/05-treeWeight-497-8leaves.smt2,sat,0.1
/2019-ezsmt/weightedSequence/13-treeWeight-513-8leaves.smt2,sat,0.12
/2019-ezsmt/weightedSequence/21-treeWeight-714-8leaves.smt2,sat,0.14
/2019-ezsmt/weightedSequence/25-treeWeight-539-8leaves.smt2,sat,0.2
/2019-ezsmt/weightedSequence/18-treeWeight-375-8leaves.smt2,sat,0.08
/2019-ezsmt/Labyrinth/SCC/0143-labyrinth-14-0.smt2,failed,1200.0
/2019-ezsmt/Labyrinth/SCC/0051-labyrinth-12-0.smt2,failed,1200.0
/2019-ezsmt/Labyrinth/SCC/0084-labyrinth-17-0.smt2,failed,1200.0
/2019-ezsmt/Labyrinth/SCC/0003-labyrinth-11-0.smt2,failed,1200.0
/2019-ezsmt/Labyrinth/SCC/0092-labyrinth-17-0.smt2,failed,1200.0
/2019-ezsmt/Labyrinth/SCC/0110-labyrinth-16-0.smt2,failed,1200.0
/2019-ezsmt/Labyrinth/SCC/0198-labyrinth-19-0.smt2,failed,1200.0
/2019-ezsmt/Labyrinth/SCC/0075-labyrinth-13-0.smt2,failed,1200.0
/2019-ezsmt/Labyrinth/SCC/0036-labyrinth-17-0.smt2,failed,1200.0
/2019-ezsmt/Labyrinth/SCC/0043-labyrinth-13-0.smt2,failed,1200.0
/2019-ezsmt/Labyrinth/SCC/0100-labyrinth-17-0.smt2,failed,1200.0
/2019-ezsmt/Labyrinth/SCC/0018-labyrinth-11-0.smt2,failed,1200.0
/2019-ezsmt/Labyrinth/SCC/0206-labyrinth-20-0.smt2,failed,1200.0
/2019-ezsmt/Labyrinth/SCC/0150-labyrinth-16-0.smt2,failed,1200.0
/2019-ezsmt/Labyrinth/SCC/0159-labyrinth-20-0.smt2,failed,1200.0
/2019-ezsmt/Labyrinth/SCC/0165-labyrinth-13-0.smt2,failed,1200.0
/2019-ezsmt/Labyrinth/SCC/0011-labyrinth-12-0.smt2,failed,1200.0
/2019-ezsmt/Labyrinth/SCC/0067-labyrinth-18-0.smt2,failed,1200.0
/2019-ezsmt/Labyrinth/SCC/0059-labyrinth-13-0.smt2,failed,1200.0
/2019-ezsmt/Labyrinth/SCC/0028-labyrinth-12-0.smt2,failed,1200.0
/2019-ezsmt/Labyrinth/SCC/0132-labyrinth-12-0.smt2,failed,1200.0
/2019-ezsmt/Labyrinth/SCC/0175-labyrinth-15-0.smt2,failed,1200.0
/pb2010/normalized-j6027_4-unsat.smt2,unsat,0.26
/pb2010/normalized-j12016_4-sat.smt2,failed,1200.0
/pb2010/normalized-j906_2-sat.smt2,sat,84.66
/pb2010/normalized-j3020_1-sat.smt2,sat,0.36
/pb2010/normalized-j12041_4-unsat.smt2,failed,1200.0
/pb2010/normalized-j12032_8-unsat.smt2,failed,1200.0
/pb2010/normalized-j12034_4-sat.smt2,failed,1200.0
/pb2010/normalized-j9028_2-unsat.smt2,unsat,0.59
/pb2010/normalized-j1208_10-unsat.smt2,failed,1200.0
/pb2010/normalized-j12021_4-sat.smt2,failed,1200.0
/pb2010/normalized-j9048_1-unsat.smt2,unsat,0.7
/pb2010/normalized-j12013_1-unsat.smt2,unsat,1.52
/pb2010/normalized-j6013_2-unsat.smt2,failed,1200.0
/pb2010/normalized-j6041_4-sat.smt2,failed,1200.0
/pb2010/normalized-j6035_10-sat.smt2,sat,1.4
/pb2010/normalized-j12033_3-sat.smt2,failed,1200.0
/pb2010/normalized-j309_10-unsat.smt2,failed,1200.0
/pb2010/normalized-j6010_2-unsat.smt2,unsat,0.27
/pb2010/normalized-j602_7-unsat.smt2,unsat,0.51
/pb2010/normalized-j12037_7-sat.smt2,failed,1200.0
/pb2010/normalized-j12056_10-unsat.smt2,failed,1200.0
/pb2010/normalized-j605_1-unsat.smt2,failed,1200.0
/pb2010/normalized-j12027_7-unsat.smt2,failed,1200.0
/pb2010/normalized-j301_4-unsat.smt2,unsat,0.93
/pb2010/normalized-j9015_10-unsat.smt2,unsat,0.54
/pb2010/normalized-j308_6-sat.smt2,sat,0.23
/pb2010/normalized-j12047_10-unsat.smt2,failed,1200.0
/pb2010/normalized-j3025_7-sat.smt2,failed,1200.0
/pb2010/normalized-j1205_1-unsat.smt2,unsat,0.86
/pb2010/normalized-j1209_4-sat.smt2,failed,1200.0
/pb2010/normalized-1096.cudf.paranoid.smt2,sat,0.01
/pb2010/normalized-j6015_4-sat.smt2,sat,15.23
/pb2010/normalized-j12015_3-unsat.smt2,unsat,0.87
/pb2010/normalized-j3025_1-sat.smt2,failed,1200.0
/pb2010/normalized-j3029_6-sat.smt2,failed,1200.0
/pb2010/normalized-j6022_1-sat.smt2,sat,16.0
/pb2010/normalized-j308_1-unsat.smt2,unsat,0.08
/pb2010/normalized-j3027_8-sat.smt2,sat,0.78
/pb2010/normalized-j12038_8-unsat.smt2,failed,1200.0
/pb2010/normalized-j1203_2-sat.smt2,sat,182.25
/pb2010/normalized-j9035_5-sat.smt2,sat,7.01
/pb2010/normalized-j12023_3-unsat.smt2,unsat,1.04
/pb2010/normalized-j6030_9-unsat.smt2,unsat,0.53
/pb2010/normalized-j907_8-unsat.smt2,unsat,0.42
/pb2010/normalized-j9027_5-sat.smt2,sat,8.63
/pb2010/normalized-j12032_3-unsat.smt2,failed,1200.0
/pb2010/normalized-j605_7-sat.smt2,failed,1200.0
/pb2010/normalized-j9042_5-sat.smt2,failed,1200.0
/pb2010/normalized-j12026_5-unsat.smt2,failed,1200.0
/pb2010/normalized-j9043_2-sat.smt2,sat,82.97
/pb2010/normalized-j12036_3-sat.smt2,failed,1200.0
/pb2010/normalized-j9014_1-unsat.smt2,unsat,0.68
/pb2010/normalized-j605_10-unsat.smt2,failed,1200.0
/pb2010/normalized-j9010_8-sat.smt2,failed,1200.0
/pb2010/normalized-j9035_1-unsat.smt2,unsat,1.81
/pb2010/normalized-j6048_4-sat.smt2,sat,1.73
/pb2010/normalized-j309_9-sat.smt2,failed,1200.0
/pb2010/normalized-j3037_5-sat.smt2,sat,27.42
/pb2010/normalized-j6040_1-sat.smt2,sat,0.99
/pb2010/normalized-j9010_6-unsat.smt2,unsat,0.71
/pb2010/normalized-j3029_8-unsat.smt2,failed,1200.0
/pb2010/normalized-j903_10-unsat.smt2,unsat,0.44
/pb2010/normalized-j12045_10-sat.smt2,sat,144.34
/pb2010/normalized-j603_2-unsat.smt2,unsat,0.29
/pb2010/normalized-j9012_2-unsat.smt2,unsat,0.44
/pb2010/normalized-j12058_4-sat.smt2,failed,1200.0
/pb2010/normalized-j6033_2-unsat.smt2,unsat,1.34
/pb2010/normalized-j9012_5-sat.smt2,sat,3.94
/pb2010/normalized-j3031_7-sat.smt2,sat,1.39
/pb2010/normalized-j9039_3-unsat.smt2,unsat,0.66
/pb2010/normalized-j606_1-unsat.smt2,unsat,0.23
/pb2010/normalized-j3046_4-unsat.smt2,unsat,19.89
/pb2010/normalized-j12036_4-sat.smt2,failed,1200.0
/pb2010/normalized-j3024_4-sat.smt2,sat,0.96
/pb2010/normalized-j3041_4-unsat.smt2,failed,1200.0
/pb2010/normalized-j3048_8-sat.smt2,sat,0.24
/pb2010/normalized-j12010_10-sat.smt2,sat,149.1
/pb2010/normalized-j12022_9-sat.smt2,failed,1200.0
/pb2010/normalized-j12052_5-unsat.smt2,failed,1200.0
/pb2010/normalized-j6018_3-sat.smt2,sat,3.29
/pb2010/normalized-j1201_5-sat.smt2,failed,1200.0
/RWS/Example_19.txt.smt2,failed,1200.0
/RWS/Example_14.txt.smt2,sat,0.49
/RWS/Example_8.txt.smt2,sat,0.63
/RWS/Example_10.txt.smt2,sat,893.03
/RWS/Example_16.txt.smt2,sat,1.33
/RWS/Example_12.txt.smt2,sat,9.94
/RWS/Example_2.txt.smt2,sat,0.16
/RWS/Example_13.txt.smt2,sat,2.48
/RWS/Example_1.txt.smt2,sat,0.19
/RWS/Example_7.txt.smt2,failed,1200.0
/RWS/Example_6.txt.smt2,sat,0.31
/RWS/Example_5.txt.smt2,sat,0.33
/RWS/Example_9.txt.smt2,failed,1200.0
/RWS/Example_11.txt.smt2,sat,155.42
/RWS/Example_18.txt.smt2,failed,1200.0
/RWS/Example_3.txt.smt2,sat,5.98
/RWS/Example_4.txt.smt2,sat,0.24
/RWS/Example_17.txt.smt2,sat,2.74
/RWS/Example_20.txt.smt2,failed,1200.0
/RWS/Example_15.txt.smt2,failed,1200.0
/20220307-SMPT/MAPK-PT-00640/RC-02.smt2,sat,0.01
/20220307-SMPT/MAPK-PT-00640/RF-12.smt2,sat,0.01
/20220307-SMPT/MAPK-PT-00640/RC-03.smt2,sat,0.01
/20220307-SMPT/MAPK-PT-00640/RF-02.smt2,sat,0.01
/20220307-SMPT/MAPK-PT-00640/RC-11.smt2,unsat,0.01
/20220307-SMPT/MAPK-PT-00640/RF-03.smt2,sat,0.01
/20220307-SMPT/MAPK-PT-00640/RC-01.smt2,sat,0.01
/20220307-SMPT/MAPK-PT-00640/RF-00.smt2,sat,0.01
/20220307-SMPT/MAPK-PT-00640/RC-04.smt2,sat,0.01
/20220307-SMPT/MAPK-PT-00640/RF-11.smt2,unsat,0.01
/20220307-SMPT/MAPK-PT-00640/RC-13.smt2,sat,0.01
/20220307-SMPT/MAPK-PT-00640/RC-06.smt2,sat,0.01
/20220307-SMPT/MAPK-PT-00640/RC-14.smt2,sat,0.01
/20220307-SMPT/MAPK-PT-00640/RC-10.smt2,sat,0.01
/20220307-SMPT/MAPK-PT-00640/RF-04.smt2,sat,0.01
/20220307-SMPT/MAPK-PT-00640/RF-01.smt2,sat,0.01
/20220307-SMPT/MAPK-PT-00640/RF-13.smt2,sat,0.01
/20220307-SMPT/MAPK-PT-00640/RC-05.smt2,unsat,0.01
/20220307-SMPT/MAPK-PT-00640/RC-00.smt2,sat,0.01
/20220307-SMPT/MAPK-PT-00640/RF-07.smt2,sat,0.01
/20220307-SMPT/MAPK-PT-00640/RF-10.smt2,sat,0.01
/20220307-SMPT/MAPK-PT-00640/RF-08.smt2,sat,0.01
/20220307-SMPT/MAPK-PT-00640/RC-08.smt2,sat,0.01
/20220307-SMPT/MAPK-PT-00640/RF-15.smt2,sat,0.01
/20220307-SMPT/MAPK-PT-00640/RF-09.smt2,unsat,0.01
/20220307-SMPT/MAPK-PT-00640/RC-07.smt2,sat,0.01
/20220307-SMPT/MAPK-PT-00640/RF-06.smt2,sat,0.01
/20220307-SMPT/MAPK-PT-00640/RC-09.smt2,sat,0.01
/20220307-SMPT/MAPK-PT-00640/RC-15.smt2,sat,0.01
/20220307-SMPT/MAPK-PT-00640/RC-12.smt2,sat,0.01
/20220307-SMPT/MAPK-PT-00640/RF-14.smt2,sat,0.01
/20220307-SMPT/HypertorusGrid-PT-d2k1p8b00/RC-02.smt2,sat,0.01
/20220307-SMPT/HypertorusGrid-PT-d2k1p8b00/RF-12.smt2,unsat,0.01
/20220307-SMPT/HypertorusGrid-PT-d2k1p8b00/RC-03.smt2,sat,0.01
/20220307-SMPT/HypertorusGrid-PT-d2k1p8b00/RF-02.smt2,unsat,0.01
/20220307-SMPT/HypertorusGrid-PT-d2k1p8b00/RC-11.smt2,unsat,0.01
/20220307-SMPT/HypertorusGrid-PT-d2k1p8b00/RF-03.smt2,unsat,0.01
/20220307-SMPT/HypertorusGrid-PT-d2k1p8b00/RC-01.smt2,sat,0.01
/20220307-SMPT/HypertorusGrid-PT-d2k1p8b00/RF-00.smt2,sat,0.01
/20220307-SMPT/HypertorusGrid-PT-d2k1p8b00/RC-04.smt2,sat,0.01
/20220307-SMPT/HypertorusGrid-PT-d2k1p8b00/RF-11.smt2,unsat,0.01
/20220307-SMPT/HypertorusGrid-PT-d2k1p8b00/RC-13.smt2,unsat,0.01
/20220307-SMPT/HypertorusGrid-PT-d2k1p8b00/RC-06.smt2,unsat,0.01
/20220307-SMPT/HypertorusGrid-PT-d2k1p8b00/RC-14.smt2,sat,0.01
/20220307-SMPT/HypertorusGrid-PT-d2k1p8b00/RC-10.smt2,sat,0.01
/20220307-SMPT/HypertorusGrid-PT-d2k1p8b00/RF-04.smt2,unsat,0.01
/20220307-SMPT/HypertorusGrid-PT-d2k1p8b00/RF-01.smt2,unsat,0.01
/20220307-SMPT/HypertorusGrid-PT-d2k1p8b00/RF-13.smt2,unsat,0.01
/20220307-SMPT/HypertorusGrid-PT-d2k1p8b00/RC-05.smt2,sat,0.01
/20220307-SMPT/HypertorusGrid-PT-d2k1p8b00/RC-00.smt2,sat,0.01
/20220307-SMPT/HypertorusGrid-PT-d2k1p8b00/RF-05.smt2,unsat,0.01
/20220307-SMPT/HypertorusGrid-PT-d2k1p8b00/RF-07.smt2,unsat,0.01
/20220307-SMPT/HypertorusGrid-PT-d2k1p8b00/RF-10.smt2,unsat,0.01
/20220307-SMPT/HypertorusGrid-PT-d2k1p8b00/RF-08.smt2,unsat,0.01
/20220307-SMPT/HypertorusGrid-PT-d2k1p8b00/RC-08.smt2,unsat,0.01
/20220307-SMPT/HypertorusGrid-PT-d2k1p8b00/RF-15.smt2,unsat,0.01
/20220307-SMPT/HypertorusGrid-PT-d2k1p8b00/RF-09.smt2,unsat,0.01
/20220307-SMPT/HypertorusGrid-PT-d2k1p8b00/RC-07.smt2,unsat,0.01
/20220307-SMPT/HypertorusGrid-PT-d2k1p8b00/RF-06.smt2,unsat,0.01
/20220307-SMPT/HypertorusGrid-PT-d2k1p8b00/RC-09.smt2,sat,0.01
/20220307-SMPT/HypertorusGrid-PT-d2k1p8b00/RC-15.smt2,sat,0.01
/20220307-SMPT/HypertorusGrid-PT-d2k1p8b00/RC-12.smt2,sat,0.01
/20220307-SMPT/HypertorusGrid-PT-d2k1p8b00/RF-14.smt2,unsat,0.01
/20220307-SMPT/NeighborGrid-PT-d2n3m1t12/RC-02.smt2,unsat,0.01
/20220307-SMPT/NeighborGrid-PT-d2n3m1t12/RF-12.smt2,unsat,0.01
/20220307-SMPT/NeighborGrid-PT-d2n3m1t12/RC-03.smt2,unsat,0.01
/20220307-SMPT/NeighborGrid-PT-d2n3m1t12/RF-02.smt2,unsat,0.01
/20220307-SMPT/NeighborGrid-PT-d2n3m1t12/RC-11.smt2,unsat,0.01
/20220307-SMPT/NeighborGrid-PT-d2n3m1t12/RF-03.smt2,unsat,0.01
/20220307-SMPT/NeighborGrid-PT-d2n3m1t12/RC-01.smt2,unsat,0.01
/20220307-SMPT/NeighborGrid-PT-d2n3m1t12/RF-00.smt2,unsat,0.01
/20220307-SMPT/NeighborGrid-PT-d2n3m1t12/RC-04.smt2,sat,0.01
/20220307-SMPT/NeighborGrid-PT-d2n3m1t12/RF-11.smt2,unsat,0.01
/20220307-SMPT/NeighborGrid-PT-d2n3m1t12/RC-13.smt2,unsat,0.01
/20220307-SMPT/NeighborGrid-PT-d2n3m1t12/RC-06.smt2,unsat,0.01
/20220307-SMPT/NeighborGrid-PT-d2n3m1t12/RC-14.smt2,sat,0.01
/20220307-SMPT/NeighborGrid-PT-d2n3m1t12/RC-10.smt2,unsat,0.01
/20220307-SMPT/NeighborGrid-PT-d2n3m1t12/RF-04.smt2,unsat,0.01
/20220307-SMPT/NeighborGrid-PT-d2n3m1t12/RF-01.smt2,sat,0.01
/20220307-SMPT/NeighborGrid-PT-d2n3m1t12/RF-13.smt2,unsat,0.01
/20220307-SMPT/NeighborGrid-PT-d2n3m1t12/RC-05.smt2,unsat,0.01
/20220307-SMPT/NeighborGrid-PT-d2n3m1t12/RC-00.smt2,unsat,0.01
/20220307-SMPT/NeighborGrid-PT-d2n3m1t12/RF-05.smt2,sat,0.01
/20220307-SMPT/NeighborGrid-PT-d2n3m1t12/RF-07.smt2,sat,0.01
/20220307-SMPT/NeighborGrid-PT-d2n3m1t12/RF-10.smt2,unsat,0.01
/20220307-SMPT/NeighborGrid-PT-d2n3m1t12/RF-08.smt2,sat,0.01
/20220307-SMPT/NeighborGrid-PT-d2n3m1t12/RC-08.smt2,unsat,0.01
/20220307-SMPT/NeighborGrid-PT-d2n3m1t12/RF-15.smt2,sat,0.01
/20220307-SMPT/NeighborGrid-PT-d2n3m1t12/RF-09.smt2,unsat,0.01
/20220307-SMPT/NeighborGrid-PT-d2n3m1t12/RC-07.smt2,unsat,0.01
/20220307-SMPT/NeighborGrid-PT-d2n3m1t12/RF-06.smt2,unsat,0.01
/20220307-SMPT/NeighborGrid-PT-d2n3m1t12/RC-09.smt2,unsat,0.01
/20220307-SMPT/NeighborGrid-PT-d2n3m1t12/RC-15.smt2,sat,0.01
/20220307-SMPT/NeighborGrid-PT-d2n3m1t12/RC-12.smt2,sat,0.01
/20220307-SMPT/NeighborGrid-PT-d2n3m1t12/RF-14.smt2,sat,0.01
/20220307-SMPT/HouseConstruction-PT-00010/RC-02.smt2,sat,0.01
/20220307-SMPT/HouseConstruction-PT-00010/RF-12.smt2,sat,0.01
/20220307-SMPT/HouseConstruction-PT-00010/RC-03.smt2,sat,0.01
/20220307-SMPT/HouseConstruction-PT-00010/RF-02.smt2,unsat,0.01
/20220307-SMPT/HouseConstruction-PT-00010/RC-11.smt2,sat,0.01
/20220307-SMPT/HouseConstruction-PT-00010/RF-03.smt2,sat,0.01
/20220307-SMPT/HouseConstruction-PT-00010/RC-01.smt2,sat,0.01
/20220307-SMPT/HouseConstruction-PT-00010/RF-00.smt2,sat,0.01
/20220307-SMPT/HouseConstruction-PT-00010/RC-04.smt2,sat,0.01
/20220307-SMPT/HouseConstruction-PT-00010/RF-11.smt2,sat,0.01
/20220307-SMPT/HouseConstruction-PT-00010/RC-13.smt2,sat,0.01
/20220307-SMPT/HouseConstruction-PT-00010/RC-06.smt2,sat,0.01
/20220307-SMPT/HouseConstruction-PT-00010/RC-14.smt2,sat,0.01
/20220307-SMPT/HouseConstruction-PT-00010/RC-10.smt2,sat,0.01
/20220307-SMPT/HouseConstruction-PT-00010/RF-04.smt2,sat,0.01
/20220307-SMPT/HouseConstruction-PT-00010/RF-01.smt2,sat,0.01
/20220307-SMPT/HouseConstruction-PT-00010/RF-13.smt2,unsat,0.01
/20220307-SMPT/HouseConstruction-PT-00010/RC-05.smt2,unsat,0.01
/20220307-SMPT/HouseConstruction-PT-00010/RC-00.smt2,sat,0.01
/20220307-SMPT/HouseConstruction-PT-00010/RF-05.smt2,sat,0.01
/20220307-SMPT/HouseConstruction-PT-00010/RF-07.smt2,unsat,0.01
/20220307-SMPT/HouseConstruction-PT-00010/RF-10.smt2,sat,0.01
/20220307-SMPT/HouseConstruction-PT-00010/RF-08.smt2,sat,0.01
/20220307-SMPT/HouseConstruction-PT-00010/RC-08.smt2,sat,0.01
/20220307-SMPT/HouseConstruction-PT-00010/RF-15.smt2,sat,0.01
/20220307-SMPT/HouseConstruction-PT-00010/RF-09.smt2,unsat,0.01
/20220307-SMPT/HouseConstruction-PT-00010/RC-07.smt2,sat,0.01
/20220307-SMPT/HouseConstruction-PT-00010/RF-06.smt2,sat,0.01
/20220307-SMPT/HouseConstruction-PT-00010/RC-09.smt2,sat,0.01
/20220307-SMPT/HouseConstruction-PT-00010/RC-15.smt2,sat,0.01
/20220307-SMPT/HouseConstruction-PT-00010/RC-12.smt2,sat,0.01
/20220307-SMPT/HouseConstruction-PT-00010/RF-14.smt2,sat,0.01
/20220307-SMPT/Eratosthenes-PT-010/RC-02.smt2,failed,1200.0
/20220307-SMPT/Eratosthenes-PT-010/RF-12.smt2,sat,0.02
/20220307-SMPT/Eratosthenes-PT-010/RC-03.smt2,sat,0.01
/20220307-SMPT/Eratosthenes-PT-010/RF-02.smt2,sat,0.01
/20220307-SMPT/Eratosthenes-PT-010/RC-11.smt2,unsat,0.01
/20220307-SMPT/Eratosthenes-PT-010/RF-03.smt2,sat,0.02
/20220307-SMPT/Eratosthenes-PT-010/RC-01.smt2,unsat,0.02
/20220307-SMPT/Eratosthenes-PT-010/RF-00.smt2,sat,0.01
/20220307-SMPT/Eratosthenes-PT-010/RC-04.smt2,sat,0.01
/20220307-SMPT/Eratosthenes-PT-010/RF-11.smt2,sat,0.01
/20220307-SMPT/Eratosthenes-PT-010/RC-13.smt2,sat,0.01
/20220307-SMPT/Eratosthenes-PT-010/RC-06.smt2,unsat,0.02
/20220307-SMPT/Eratosthenes-PT-010/RC-14.smt2,unsat,0.01
/20220307-SMPT/Eratosthenes-PT-010/RC-10.smt2,failed,1200.0
/20220307-SMPT/Eratosthenes-PT-010/RF-04.smt2,sat,0.01
/20220307-SMPT/Eratosthenes-PT-010/RF-01.smt2,sat,0.01
/20220307-SMPT/Eratosthenes-PT-010/RF-13.smt2,failed,1200.0
/20220307-SMPT/Eratosthenes-PT-010/RC-05.smt2,unsat,0.01
/20220307-SMPT/Eratosthenes-PT-010/RC-00.smt2,sat,0.01
/20220307-SMPT/Eratosthenes-PT-010/RF-05.smt2,sat,0.01
/20220307-SMPT/Eratosthenes-PT-010/RF-07.smt2,sat,0.01
/20220307-SMPT/Eratosthenes-PT-010/RF-10.smt2,sat,0.01
/20220307-SMPT/Eratosthenes-PT-010/RF-08.smt2,sat,0.01
/20220307-SMPT/Eratosthenes-PT-010/RC-08.smt2,sat,0.02
/20220307-SMPT/Eratosthenes-PT-010/RF-15.smt2,sat,0.01
/20220307-SMPT/Eratosthenes-PT-010/RF-09.smt2,sat,0.01
/20220307-SMPT/Eratosthenes-PT-010/RC-07.smt2,failed,1200.0
/20220307-SMPT/Eratosthenes-PT-010/RF-06.smt2,sat,0.01
/20220307-SMPT/Eratosthenes-PT-010/RC-09.smt2,sat,0.02
/20220307-SMPT/Eratosthenes-PT-010/RC-15.smt2,sat,0.02
/20220307-SMPT/Eratosthenes-PT-010/RC-12.smt2,sat,0.02
/20220307-SMPT/Eratosthenes-PT-010/RF-14.smt2,sat,0.01
/20220307-SMPT/Referendum-PT-020/RC-02.smt2,unsat,0.01
/20220307-SMPT/Referendum-PT-020/RF-12.smt2,sat,0.01
/20220307-SMPT/Referendum-PT-020/RC-03.smt2,unsat,0.01
/20220307-SMPT/Referendum-PT-020/RF-02.smt2,sat,0.01
/20220307-SMPT/Referendum-PT-020/RC-11.smt2,unsat,0.01
/20220307-SMPT/Referendum-PT-020/RF-03.smt2,unsat,0.01
/20220307-SMPT/Referendum-PT-020/RC-01.smt2,unsat,0.01
/20220307-SMPT/Referendum-PT-020/RF-00.smt2,unsat,0.01
/20220307-SMPT/Referendum-PT-020/RC-04.smt2,sat,0.01
/20220307-SMPT/Referendum-PT-020/RF-11.smt2,sat,0.01
/20220307-SMPT/Referendum-PT-020/RC-13.smt2,unsat,0.01
/20220307-SMPT/Referendum-PT-020/RC-06.smt2,unsat,0.01
/20220307-SMPT/Referendum-PT-020/RC-14.smt2,unsat,0.01
/20220307-SMPT/Referendum-PT-020/RC-10.smt2,unsat,0.01
/20220307-SMPT/Referendum-PT-020/RF-04.smt2,unsat,0.01
/20220307-SMPT/Referendum-PT-020/RF-01.smt2,unsat,0.01
/20220307-SMPT/Referendum-PT-020/RF-13.smt2,sat,0.01
/20220307-SMPT/Referendum-PT-020/RC-05.smt2,unsat,0.01
/20220307-SMPT/Referendum-PT-020/RC-00.smt2,unsat,0.01
/20220307-SMPT/Referendum-PT-020/RF-05.smt2,unsat,0.01
/20220307-SMPT/Referendum-PT-020/RF-07.smt2,unsat,0.01
/20220307-SMPT/Referendum-PT-020/RF-10.smt2,unsat,0.01
/20220307-SMPT/Referendum-PT-020/RF-08.smt2,sat,0.01
/20220307-SMPT/Referendum-PT-020/RC-08.smt2,unsat,0.01
/20220307-SMPT/Referendum-PT-020/RF-15.smt2,sat,0.01
/20220307-SMPT/Referendum-PT-020/RF-09.smt2,sat,0.01
/20220307-SMPT/Referendum-PT-020/RC-07.smt2,unsat,0.01
/20220307-SMPT/Referendum-PT-020/RF-06.smt2,unsat,0.01
/20220307-SMPT/Referendum-PT-020/RC-09.smt2,unsat,0.01
/20220307-SMPT/Referendum-PT-020/RC-15.smt2,unsat,0.01
/20220307-SMPT/Referendum-PT-020/RC-12.smt2,sat,0.01
/20220307-SMPT/Referendum-PT-020/RF-14.smt2,sat,0.01
/20220307-SMPT/BART-PT-050/RC-02.smt2,sat,0.36
/20220307-SMPT/BART-PT-050/RF-12.smt2,sat,0.63
/20220307-SMPT/BART-PT-050/RC-03.smt2,sat,0.36
/20220307-SMPT/BART-PT-050/RF-02.smt2,sat,0.46
/20220307-SMPT/BART-PT-050/RC-11.smt2,sat,0.35
/20220307-SMPT/BART-PT-050/RF-03.smt2,sat,0.46
/20220307-SMPT/BART-PT-050/RC-01.smt2,sat,0.31
/20220307-SMPT/BART-PT-050/RF-00.smt2,sat,0.78
/20220307-SMPT/BART-PT-050/RC-04.smt2,sat,0.36
/20220307-SMPT/BART-PT-050/RF-11.smt2,sat,0.71
/20220307-SMPT/BART-PT-050/RC-13.smt2,unsat,0.75
/20220307-SMPT/BART-PT-050/RC-06.smt2,sat,0.36
/20220307-SMPT/BART-PT-050/RC-14.smt2,sat,0.35
/20220307-SMPT/BART-PT-050/RC-10.smt2,sat,0.37
/20220307-SMPT/BART-PT-050/RF-04.smt2,sat,0.62
/20220307-SMPT/BART-PT-050/RF-01.smt2,sat,0.36
/20220307-SMPT/BART-PT-050/RF-13.smt2,sat,0.48
/20220307-SMPT/BART-PT-050/RC-05.smt2,unsat,0.33
/20220307-SMPT/BART-PT-050/RC-00.smt2,sat,0.34
/20220307-SMPT/BART-PT-050/RF-05.smt2,sat,0.68
/20220307-SMPT/BART-PT-050/RF-07.smt2,sat,0.65
/20220307-SMPT/BART-PT-050/RF-10.smt2,sat,0.35
/20220307-SMPT/BART-PT-050/RF-08.smt2,sat,0.7
/20220307-SMPT/BART-PT-050/RC-08.smt2,sat,0.35
/20220307-SMPT/BART-PT-050/RF-15.smt2,sat,0.61
/20220307-SMPT/BART-PT-050/RF-09.smt2,sat,0.56
/20220307-SMPT/BART-PT-050/RC-07.smt2,sat,0.5
/20220307-SMPT/BART-PT-050/RF-06.smt2,sat,0.41
/20220307-SMPT/BART-PT-050/RC-09.smt2,unsat,0.62
/20220307-SMPT/BART-PT-050/RC-15.smt2,unsat,0.8
/20220307-SMPT/BART-PT-050/RC-12.smt2,sat,0.29
/20220307-SMPT/BART-PT-050/RF-14.smt2,sat,0.83
/20220307-SMPT/SmallOperatingSystem-PT-MT0064DC0016/RC-02.smt2,sat,0.01
/20220307-SMPT/SmallOperatingSystem-PT-MT0064DC0016/RF-12.smt2,sat,0.01
/20220307-SMPT/SmallOperatingSystem-PT-MT0064DC0016/RC-03.smt2,sat,0.01
/20220307-SMPT/SmallOperatingSystem-PT-MT0064DC0016/RF-02.smt2,unsat,0.01
/20220307-SMPT/SmallOperatingSystem-PT-MT0064DC0016/RC-11.smt2,sat,0.01
/20220307-SMPT/SmallOperatingSystem-PT-MT0064DC0016/RF-03.smt2,unsat,0.01
/20220307-SMPT/SmallOperatingSystem-PT-MT0064DC0016/RC-01.smt2,sat,0.01
/20220307-SMPT/SmallOperatingSystem-PT-MT0064DC0016/RF-00.smt2,unsat,0.01
/20220307-SMPT/SmallOperatingSystem-PT-MT0064DC0016/RC-04.smt2,unsat,0.01
/20220307-SMPT/SmallOperatingSystem-PT-MT0064DC0016/RF-11.smt2,unsat,0.01
/20220307-SMPT/SmallOperatingSystem-PT-MT0064DC0016/RC-13.smt2,sat,0.01
/20220307-SMPT/SmallOperatingSystem-PT-MT0064DC0016/RC-06.smt2,unsat,0.01
/20220307-SMPT/SmallOperatingSystem-PT-MT0064DC0016/RC-14.smt2,unsat,0.01
/20220307-SMPT/SmallOperatingSystem-PT-MT0064DC0016/RC-10.smt2,sat,0.01
/20220307-SMPT/SmallOperatingSystem-PT-MT0064DC0016/RF-04.smt2,unsat,0.01
/20220307-SMPT/SmallOperatingSystem-PT-MT0064DC0016/RF-01.smt2,sat,0.01
/20220307-SMPT/SmallOperatingSystem-PT-MT0064DC0016/RF-13.smt2,sat,0.01
/20220307-SMPT/SmallOperatingSystem-PT-MT0064DC0016/RC-05.smt2,sat,0.01
/20220307-SMPT/SmallOperatingSystem-PT-MT0064DC0016/RC-00.smt2,unsat,0.01
/20220307-SMPT/SmallOperatingSystem-PT-MT0064DC0016/RF-05.smt2,unsat,0.01
/20220307-SMPT/SmallOperatingSystem-PT-MT0064DC0016/RF-07.smt2,sat,0.01
/20220307-SMPT/SmallOperatingSystem-PT-MT0064DC0016/RF-10.smt2,unsat,0.01
/20220307-SMPT/SmallOperatingSystem-PT-MT0064DC0016/RF-08.smt2,unsat,0.01
/20220307-SMPT/SmallOperatingSystem-PT-MT0064DC0016/RC-08.smt2,unsat,0.01
/20220307-SMPT/SmallOperatingSystem-PT-MT0064DC0016/RF-15.smt2,unsat,0.01
/20220307-SMPT/SmallOperatingSystem-PT-MT0064DC0016/RF-09.smt2,unsat,0.01
/20220307-SMPT/SmallOperatingSystem-PT-MT0064DC0016/RC-07.smt2,sat,0.01
/20220307-SMPT/SmallOperatingSystem-PT-MT0064DC0016/RF-06.smt2,unsat,0.01
/20220307-SMPT/SmallOperatingSystem-PT-MT0064DC0016/RC-09.smt2,unsat,0.01
/20220307-SMPT/SmallOperatingSystem-PT-MT0064DC0016/RC-15.smt2,sat,0.01
/20220307-SMPT/SmallOperatingSystem-PT-MT0064DC0016/RC-12.smt2,unsat,0.01
/20220307-SMPT/SmallOperatingSystem-PT-MT0064DC0016/RF-14.smt2,unsat,0.01
/20220307-SMPT/Diffusion2D-PT-D05N300/RC-02.smt2,sat,0.01
/20220307-SMPT/Diffusion2D-PT-D05N300/RF-12.smt2,sat,0.01
/20220307-SMPT/Diffusion2D-PT-D05N300/RC-03.smt2,sat,0.01
/20220307-SMPT/Diffusion2D-PT-D05N300/RF-02.smt2,unsat,0.01
/20220307-SMPT/Diffusion2D-PT-D05N300/RC-11.smt2,unsat,0.01
/20220307-SMPT/Diffusion2D-PT-D05N300/RF-03.smt2,sat,0.01
/20220307-SMPT/Diffusion2D-PT-D05N300/RC-01.smt2,unsat,0.01
/20220307-SMPT/Diffusion2D-PT-D05N300/RF-00.smt2,sat,0.01
/20220307-SMPT/Diffusion2D-PT-D05N300/RC-04.smt2,sat,0.01
/20220307-SMPT/Diffusion2D-PT-D05N300/RF-11.smt2,sat,0.01
/20220307-SMPT/Diffusion2D-PT-D05N300/RC-13.smt2,sat,0.01
/20220307-SMPT/Diffusion2D-PT-D05N300/RC-06.smt2,sat,0.01
/20220307-SMPT/Diffusion2D-PT-D05N300/RC-14.smt2,sat,0.01
/20220307-SMPT/Diffusion2D-PT-D05N300/RC-10.smt2,unsat,0.01
/20220307-SMPT/Diffusion2D-PT-D05N300/RF-04.smt2,sat,0.01
/20220307-SMPT/Diffusion2D-PT-D05N300/RF-01.smt2,sat,0.01
/20220307-SMPT/Diffusion2D-PT-D05N300/RF-13.smt2,sat,0.01
/20220307-SMPT/Diffusion2D-PT-D05N300/RC-05.smt2,unsat,0.01
/20220307-SMPT/Diffusion2D-PT-D05N300/RC-00.smt2,sat,0.01
/20220307-SMPT/Diffusion2D-PT-D05N300/RF-05.smt2,unsat,0.01
/20220307-SMPT/Diffusion2D-PT-D05N300/RF-07.smt2,sat,0.01
/20220307-SMPT/Diffusion2D-PT-D05N300/RF-10.smt2,sat,0.01
/20220307-SMPT/Diffusion2D-PT-D05N300/RF-08.smt2,sat,0.01
/20220307-SMPT/Diffusion2D-PT-D05N300/RC-08.smt2,sat,0.01
/20220307-SMPT/Diffusion2D-PT-D05N300/RF-15.smt2,sat,0.01
/20220307-SMPT/Diffusion2D-PT-D05N300/RF-09.smt2,sat,0.01
/20220307-SMPT/Diffusion2D-PT-D05N300/RC-07.smt2,sat,0.01
/20220307-SMPT/Diffusion2D-PT-D05N300/RF-06.smt2,unsat,0.01
/20220307-SMPT/Diffusion2D-PT-D05N300/RC-09.smt2,sat,0.01
/20220307-SMPT/Diffusion2D-PT-D05N300/RC-15.smt2,sat,0.01
/20220307-SMPT/Diffusion2D-PT-D05N300/RC-12.smt2,sat,0.01
/20220307-SMPT/Diffusion2D-PT-D05N300/RF-14.smt2,sat,0.01
/20220307-SMPT/SwimmingPool-PT-08/RC-02.smt2,sat,0.01
/20220307-SMPT/SwimmingPool-PT-08/RF-12.smt2,unsat,0.01
/20220307-SMPT/SwimmingPool-PT-08/RC-03.smt2,unsat,0.0
/20220307-SMPT/SwimmingPool-PT-08/RF-02.smt2,sat,0.01
/20220307-SMPT/SwimmingPool-PT-08/RC-11.smt2,sat,0.01
/20220307-SMPT/SwimmingPool-PT-08/RF-03.smt2,sat,0.01
/20220307-SMPT/SwimmingPool-PT-08/RC-01.smt2,sat,0.0
/20220307-SMPT/SwimmingPool-PT-08/RF-00.smt2,sat,0.0
/20220307-SMPT/SwimmingPool-PT-08/RC-04.smt2,sat,0.0
/20220307-SMPT/SwimmingPool-PT-08/RF-11.smt2,unsat,0.01
/20220307-SMPT/SwimmingPool-PT-08/RC-13.smt2,sat,0.01
/20220307-SMPT/SwimmingPool-PT-08/RC-06.smt2,sat,0.01
/20220307-SMPT/SwimmingPool-PT-08/RC-14.smt2,sat,0.0
/20220307-SMPT/SwimmingPool-PT-08/RC-10.smt2,sat,0.0
/20220307-SMPT/SwimmingPool-PT-08/RF-04.smt2,sat,0.0
/20220307-SMPT/SwimmingPool-PT-08/RF-01.smt2,unsat,0.01
/20220307-SMPT/SwimmingPool-PT-08/RC-05.smt2,sat,0.0
/20220307-SMPT/SwimmingPool-PT-08/RC-00.smt2,sat,0.01
/20220307-SMPT/SwimmingPool-PT-08/RF-05.smt2,sat,0.0
/20220307-SMPT/SwimmingPool-PT-08/RF-08.smt2,sat,0.0
/20220307-SMPT/SwimmingPool-PT-08/RC-08.smt2,sat,0.01
/20220307-SMPT/SwimmingPool-PT-08/RF-15.smt2,sat,0.01
/20220307-SMPT/SwimmingPool-PT-08/RC-07.smt2,sat,0.0
/20220307-SMPT/SwimmingPool-PT-08/RF-06.smt2,sat,0.01
/20220307-SMPT/SwimmingPool-PT-08/RC-09.smt2,unsat,0.01
/20220307-SMPT/SwimmingPool-PT-08/RC-15.smt2,sat,0.01
/20220307-SMPT/SwimmingPool-PT-08/RC-12.smt2,unsat,0.01
/20220307-SMPT/SwimmingPool-PT-08/RF-14.smt2,failed,1200.0
/20220307-SMPT/HouseConstruction-PT-00020/RC-02.smt2,sat,0.01
/20220307-SMPT/HouseConstruction-PT-00020/RF-12.smt2,sat,0.01
/20220307-SMPT/HouseConstruction-PT-00020/RC-03.smt2,sat,0.01
/20220307-SMPT/HouseConstruction-PT-00020/RF-02.smt2,unsat,0.01
/20220307-SMPT/HouseConstruction-PT-00020/RC-11.smt2,sat,0.01
/20220307-SMPT/HouseConstruction-PT-00020/RF-03.smt2,sat,0.01
/20220307-SMPT/HouseConstruction-PT-00020/RC-01.smt2,sat,0.01
/20220307-SMPT/HouseConstruction-PT-00020/RF-00.smt2,sat,0.01
/20220307-SMPT/HouseConstruction-PT-00020/RC-04.smt2,sat,0.01
/20220307-SMPT/HouseConstruction-PT-00020/RF-11.smt2,sat,0.01
/20220307-SMPT/HouseConstruction-PT-00020/RC-13.smt2,sat,0.01
/20220307-SMPT/HouseConstruction-PT-00020/RC-06.smt2,unsat,0.01
/20220307-SMPT/HouseConstruction-PT-00020/RC-14.smt2,sat,0.01
/20220307-SMPT/HouseConstruction-PT-00020/RC-10.smt2,unsat,0.01
/20220307-SMPT/HouseConstruction-PT-00020/RF-04.smt2,sat,0.01
/20220307-SMPT/HouseConstruction-PT-00020/RF-01.smt2,sat,0.01
/20220307-SMPT/HouseConstruction-PT-00020/RF-13.smt2,sat,0.01
/20220307-SMPT/HouseConstruction-PT-00020/RC-05.smt2,sat,0.01
/20220307-SMPT/HouseConstruction-PT-00020/RC-00.smt2,sat,0.01
/20220307-SMPT/HouseConstruction-PT-00020/RF-05.smt2,sat,0.01
/20220307-SMPT/HouseConstruction-PT-00020/RF-10.smt2,sat,0.01
/20220307-SMPT/HouseConstruction-PT-00020/RF-08.smt2,unsat,0.01
/20220307-SMPT/HouseConstruction-PT-00020/RC-08.smt2,sat,0.01
/20220307-SMPT/HouseConstruction-PT-00020/RF-15.smt2,sat,0.01
/20220307-SMPT/HouseConstruction-PT-00020/RF-09.smt2,sat,0.01
/20220307-SMPT/HouseConstruction-PT-00020/RC-07.smt2,sat,0.01
/20220307-SMPT/HouseConstruction-PT-00020/RF-06.smt2,sat,0.01
/20220307-SMPT/HouseConstruction-PT-00020/RC-09.smt2,sat,0.01
/20220307-SMPT/HouseConstruction-PT-00020/RC-12.smt2,sat,0.01
/20220307-SMPT/Diffusion2D-PT-D20N050/RC-02.smt2,sat,0.04
/20220307-SMPT/Diffusion2D-PT-D20N050/RF-12.smt2,sat,0.05
/20220307-SMPT/Diffusion2D-PT-D20N050/RC-03.smt2,sat,0.04
/20220307-SMPT/Diffusion2D-PT-D20N050/RF-02.smt2,sat,0.04
/20220307-SMPT/Diffusion2D-PT-D20N050/RC-11.smt2,failed,1200.0
/20220307-SMPT/Diffusion2D-PT-D20N050/RF-03.smt2,sat,0.04
/20220307-SMPT/Diffusion2D-PT-D20N050/RC-01.smt2,sat,0.04
/20220307-SMPT/Diffusion2D-PT-D20N050/RF-00.smt2,sat,0.04
/20220307-SMPT/Diffusion2D-PT-D20N050/RC-04.smt2,sat,0.03
/20220307-SMPT/Diffusion2D-PT-D20N050/RF-11.smt2,sat,0.03
/20220307-SMPT/Diffusion2D-PT-D20N050/RC-13.smt2,sat,0.03
/20220307-SMPT/Diffusion2D-PT-D20N050/RC-06.smt2,sat,0.05
/20220307-SMPT/Diffusion2D-PT-D20N050/RC-14.smt2,sat,0.04
/20220307-SMPT/Diffusion2D-PT-D20N050/RC-10.smt2,failed,1200.0
/20220307-SMPT/Diffusion2D-PT-D20N050/RF-04.smt2,sat,0.03
/20220307-SMPT/Diffusion2D-PT-D20N050/RF-01.smt2,sat,0.03
/20220307-SMPT/Diffusion2D-PT-D20N050/RF-13.smt2,sat,0.05
/20220307-SMPT/Diffusion2D-PT-D20N050/RC-05.smt2,sat,0.04
/20220307-SMPT/Diffusion2D-PT-D20N050/RC-00.smt2,sat,0.04
/20220307-SMPT/Diffusion2D-PT-D20N050/RF-05.smt2,sat,0.04
/20220307-SMPT/Diffusion2D-PT-D20N050/RF-07.smt2,sat,0.06
/20220307-SMPT/Diffusion2D-PT-D20N050/RF-10.smt2,sat,0.05
/20220307-SMPT/Diffusion2D-PT-D20N050/RF-08.smt2,sat,0.03
/20220307-SMPT/Diffusion2D-PT-D20N050/RC-08.smt2,sat,0.04
/20220307-SMPT/Diffusion2D-PT-D20N050/RF-15.smt2,sat,0.04
/20220307-SMPT/Diffusion2D-PT-D20N050/RF-09.smt2,sat,0.04
/20220307-SMPT/Diffusion2D-PT-D20N050/RC-07.smt2,sat,0.04
/20220307-SMPT/Diffusion2D-PT-D20N050/RF-06.smt2,sat,0.04
/20220307-SMPT/Diffusion2D-PT-D20N050/RC-09.smt2,sat,0.04
/20220307-SMPT/Diffusion2D-PT-D20N050/RC-15.smt2,sat,0.03
/20220307-SMPT/Diffusion2D-PT-D20N050/RC-12.smt2,failed,1200.0
/20220307-SMPT/Diffusion2D-PT-D20N050/RF-14.smt2,sat,0.03
/20220307-SMPT/ERK-PT-100000/RC-02.smt2,sat,0.01
/20220307-SMPT/ERK-PT-100000/RF-12.smt2,sat,0.01
/20220307-SMPT/ERK-PT-100000/RC-03.smt2,sat,0.01
/20220307-SMPT/ERK-PT-100000/RF-02.smt2,unsat,0.01
/20220307-SMPT/ERK-PT-100000/RC-11.smt2,sat,0.01
/20220307-SMPT/ERK-PT-100000/RF-03.smt2,unsat,0.01
/20220307-SMPT/ERK-PT-100000/RC-01.smt2,sat,0.01
/20220307-SMPT/ERK-PT-100000/RF-00.smt2,sat,0.01
/20220307-SMPT/ERK-PT-100000/RC-04.smt2,sat,0.01
/20220307-SMPT/ERK-PT-100000/RF-11.smt2,sat,0.01
/20220307-SMPT/ERK-PT-100000/RC-13.smt2,unsat,0.01
/20220307-SMPT/ERK-PT-100000/RC-06.smt2,unsat,0.01
/20220307-SMPT/ERK-PT-100000/RC-14.smt2,sat,0.01
/20220307-SMPT/ERK-PT-100000/RC-10.smt2,sat,0.01
/20220307-SMPT/ERK-PT-100000/RF-01.smt2,sat,0.01
/20220307-SMPT/ERK-PT-100000/RF-13.smt2,unsat,0.01
/20220307-SMPT/ERK-PT-100000/RC-05.smt2,sat,0.01
/20220307-SMPT/ERK-PT-100000/RC-00.smt2,unsat,0.01
/20220307-SMPT/ERK-PT-100000/RF-05.smt2,sat,0.01
/20220307-SMPT/ERK-PT-100000/RF-07.smt2,sat,0.01
/20220307-SMPT/ERK-PT-100000/RF-10.smt2,sat,0.01
/20220307-SMPT/ERK-PT-100000/RF-08.smt2,sat,0.01
/20220307-SMPT/ERK-PT-100000/RC-08.smt2,sat,0.01
/20220307-SMPT/ERK-PT-100000/RF-15.smt2,unsat,0.01
/20220307-SMPT/ERK-PT-100000/RF-09.smt2,sat,0.01
/20220307-SMPT/ERK-PT-100000/RC-07.smt2,unsat,0.01
/20220307-SMPT/ERK-PT-100000/RF-06.smt2,sat,0.01
/20220307-SMPT/ERK-PT-100000/RC-09.smt2,sat,0.01
/20220307-SMPT/ERK-PT-100000/RC-15.smt2,sat,0.01
/20220307-SMPT/ERK-PT-100000/RC-12.smt2,sat,0.01
/20220307-SMPT/ERK-PT-100000/RF-14.smt2,sat,0.01
/20220307-SMPT/ERK-PT-000010/RC-02.smt2,unsat,0.01
/20220307-SMPT/ERK-PT-000010/RF-12.smt2,unsat,0.01
/20220307-SMPT/ERK-PT-000010/RC-03.smt2,sat,0.01
/20220307-SMPT/ERK-PT-000010/RF-02.smt2,unsat,0.01
/20220307-SMPT/ERK-PT-000010/RC-11.smt2,unsat,0.01
/20220307-SMPT/ERK-PT-000010/RF-03.smt2,unsat,0.01
/20220307-SMPT/ERK-PT-000010/RC-01.smt2,sat,0.01
/20220307-SMPT/ERK-PT-000010/RF-00.smt2,unsat,0.01
/20220307-SMPT/ERK-PT-000010/RC-04.smt2,unsat,0.01
/20220307-SMPT/ERK-PT-000010/RF-11.smt2,failed,1200.0
/20220307-SMPT/ERK-PT-000010/RC-13.smt2,unsat,0.01
/20220307-SMPT/ERK-PT-000010/RC-06.smt2,unsat,0.01
/20220307-SMPT/ERK-PT-000010/RC-14.smt2,unsat,0.01
/20220307-SMPT/ERK-PT-000010/RC-10.smt2,unsat,0.01
/20220307-SMPT/ERK-PT-000010/RF-04.smt2,unsat,0.01
/20220307-SMPT/ERK-PT-000010/RF-01.smt2,unsat,0.01
/20220307-SMPT/ERK-PT-000010/RF-13.smt2,sat,0.01
/20220307-SMPT/ERK-PT-000010/RC-05.smt2,sat,0.01
/20220307-SMPT/ERK-PT-000010/RC-00.smt2,unsat,0.01
/20220307-SMPT/ERK-PT-000010/RF-05.smt2,unsat,0.01
/20220307-SMPT/ERK-PT-000010/RF-07.smt2,unsat,0.01
/20220307-SMPT/ERK-PT-000010/RF-10.smt2,unsat,0.01
/20220307-SMPT/ERK-PT-000010/RF-08.smt2,unsat,0.01
/20220307-SMPT/ERK-PT-000010/RC-08.smt2,sat,0.01
/20220307-SMPT/ERK-PT-000010/RF-15.smt2,unsat,0.01
/20220307-SMPT/ERK-PT-000010/RF-09.smt2,unsat,0.01
/20220307-SMPT/ERK-PT-000010/RC-07.smt2,sat,0.01
/20220307-SMPT/ERK-PT-000010/RF-06.smt2,unsat,0.01
/20220307-SMPT/ERK-PT-000010/RC-09.smt2,unsat,0.01
/20220307-SMPT/ERK-PT-000010/RC-15.smt2,sat,0.01
/20220307-SMPT/ERK-PT-000010/RF-14.smt2,unsat,0.01
/20220307-SMPT/BART-PT-010/RC-02.smt2,unsat,0.14
/20220307-SMPT/BART-PT-010/RF-12.smt2,sat,0.13
/20220307-SMPT/BART-PT-010/RC-03.smt2,unsat,0.15
/20220307-SMPT/BART-PT-010/RF-02.smt2,sat,0.17
/20220307-SMPT/BART-PT-010/RC-11.smt2,sat,0.14
/20220307-SMPT/BART-PT-010/RF-03.smt2,sat,0.12
/20220307-SMPT/BART-PT-010/RC-01.smt2,unsat,0.17
/20220307-SMPT/BART-PT-010/RF-00.smt2,sat,0.14
/20220307-SMPT/BART-PT-010/RC-04.smt2,unsat,0.12
/20220307-SMPT/BART-PT-010/RF-11.smt2,sat,0.13
/20220307-SMPT/BART-PT-010/RC-13.smt2,sat,0.15
/20220307-SMPT/BART-PT-010/RC-06.smt2,unsat,0.21
/20220307-SMPT/BART-PT-010/RC-14.smt2,sat,0.12
/20220307-SMPT/BART-PT-010/RC-10.smt2,unsat,0.05
/20220307-SMPT/BART-PT-010/RF-04.smt2,sat,0.15
/20220307-SMPT/BART-PT-010/RF-01.smt2,sat,0.14
/20220307-SMPT/BART-PT-010/RF-13.smt2,sat,0.13
/20220307-SMPT/BART-PT-010/RC-05.smt2,unsat,0.19
/20220307-SMPT/BART-PT-010/RC-00.smt2,sat,0.12
/20220307-SMPT/BART-PT-010/RF-05.smt2,sat,0.13
/20220307-SMPT/BART-PT-010/RF-07.smt2,sat,0.14
/20220307-SMPT/BART-PT-010/RF-10.smt2,sat,0.1
/20220307-SMPT/BART-PT-010/RF-08.smt2,sat,0.11
/20220307-SMPT/BART-PT-010/RC-08.smt2,unsat,0.12
/20220307-SMPT/BART-PT-010/RF-15.smt2,sat,0.15
/20220307-SMPT/BART-PT-010/RF-09.smt2,sat,0.15
/20220307-SMPT/BART-PT-010/RC-07.smt2,sat,0.14
/20220307-SMPT/BART-PT-010/RF-06.smt2,sat,0.15
/20220307-SMPT/BART-PT-010/RC-09.smt2,unsat,0.11
/20220307-SMPT/BART-PT-010/RC-15.smt2,unsat,0.13
/20220307-SMPT/BART-PT-010/RC-12.smt2,sat,0.1
/20220307-SMPT/BART-PT-010/RF-14.smt2,sat,0.14
/20220307-SMPT/NeighborGrid-PT-d3n3m1t11/RC-02.smt2,sat,0.01
/20220307-SMPT/NeighborGrid-PT-d3n3m1t11/RF-12.smt2,sat,0.01
/20220307-SMPT/NeighborGrid-PT-d3n3m1t11/RC-03.smt2,sat,0.01
/20220307-SMPT/NeighborGrid-PT-d3n3m1t11/RF-02.smt2,sat,0.01
/20220307-SMPT/NeighborGrid-PT-d3n3m1t11/RC-11.smt2,sat,0.01
/20220307-SMPT/NeighborGrid-PT-d3n3m1t11/RF-03.smt2,sat,0.01
/20220307-SMPT/NeighborGrid-PT-d3n3m1t11/RC-01.smt2,sat,0.01
/20220307-SMPT/NeighborGrid-PT-d3n3m1t11/RF-00.smt2,sat,0.01
/20220307-SMPT/NeighborGrid-PT-d3n3m1t11/RC-04.smt2,sat,0.01
/20220307-SMPT/NeighborGrid-PT-d3n3m1t11/RF-11.smt2,sat,0.01
/20220307-SMPT/NeighborGrid-PT-d3n3m1t11/RC-13.smt2,sat,0.01
/20220307-SMPT/NeighborGrid-PT-d3n3m1t11/RC-06.smt2,sat,0.01
/20220307-SMPT/NeighborGrid-PT-d3n3m1t11/RC-14.smt2,sat,0.01
/20220307-SMPT/NeighborGrid-PT-d3n3m1t11/RC-10.smt2,sat,0.01
/20220307-SMPT/NeighborGrid-PT-d3n3m1t11/RF-04.smt2,sat,0.01
/20220307-SMPT/NeighborGrid-PT-d3n3m1t11/RF-01.smt2,sat,0.01
/20220307-SMPT/NeighborGrid-PT-d3n3m1t11/RF-13.smt2,failed,1200.0
/20220307-SMPT/NeighborGrid-PT-d3n3m1t11/RC-05.smt2,sat,0.01
/20220307-SMPT/NeighborGrid-PT-d3n3m1t11/RC-00.smt2,sat,0.01
/20220307-SMPT/NeighborGrid-PT-d3n3m1t11/RF-05.smt2,sat,0.0
/20220307-SMPT/NeighborGrid-PT-d3n3m1t11/RF-07.smt2,sat,0.01
/20220307-SMPT/NeighborGrid-PT-d3n3m1t11/RF-10.smt2,sat,0.01
/20220307-SMPT/NeighborGrid-PT-d3n3m1t11/RF-08.smt2,failed,1200.0
/20220307-SMPT/NeighborGrid-PT-d3n3m1t11/RC-08.smt2,sat,0.01
/20220307-SMPT/NeighborGrid-PT-d3n3m1t11/RF-15.smt2,sat,0.01
/20220307-SMPT/NeighborGrid-PT-d3n3m1t11/RF-09.smt2,sat,0.03
/20220307-SMPT/NeighborGrid-PT-d3n3m1t11/RC-07.smt2,sat,0.01
/20220307-SMPT/NeighborGrid-PT-d3n3m1t11/RF-06.smt2,sat,0.01
/20220307-SMPT/NeighborGrid-PT-d3n3m1t11/RC-09.smt2,failed,1200.0
/20220307-SMPT/NeighborGrid-PT-d3n3m1t11/RC-15.smt2,unsat,0.01
/20220307-SMPT/NeighborGrid-PT-d3n3m1t11/RC-12.smt2,sat,0.01
/20220307-SMPT/NeighborGrid-PT-d3n3m1t11/RF-14.smt2,sat,0.01
/20220307-SMPT/SwimmingPool-PT-05/RC-02.smt2,sat,0.01
/20220307-SMPT/SwimmingPool-PT-05/RF-12.smt2,sat,0.01
/20220307-SMPT/SwimmingPool-PT-05/RC-03.smt2,sat,0.01
/20220307-SMPT/SwimmingPool-PT-05/RF-02.smt2,sat,0.01
/20220307-SMPT/SwimmingPool-PT-05/RC-11.smt2,sat,0.01
/20220307-SMPT/SwimmingPool-PT-05/RF-03.smt2,sat,0.01
/20220307-SMPT/SwimmingPool-PT-05/RC-01.smt2,sat,0.01
/20220307-SMPT/SwimmingPool-PT-05/RF-00.smt2,sat,0.01
/20220307-SMPT/SwimmingPool-PT-05/RC-04.smt2,sat,0.01
/20220307-SMPT/SwimmingPool-PT-05/RC-13.smt2,sat,0.01
/20220307-SMPT/SwimmingPool-PT-05/RC-06.smt2,sat,0.01
/20220307-SMPT/SwimmingPool-PT-05/RC-14.smt2,sat,0.01
/20220307-SMPT/SwimmingPool-PT-05/RC-10.smt2,sat,0.01
/20220307-SMPT/SwimmingPool-PT-05/RF-04.smt2,sat,0.01
/20220307-SMPT/SwimmingPool-PT-05/RF-01.smt2,sat,0.01
/20220307-SMPT/SwimmingPool-PT-05/RF-13.smt2,sat,0.01
/20220307-SMPT/SwimmingPool-PT-05/RC-05.smt2,sat,0.01
/20220307-SMPT/SwimmingPool-PT-05/RC-00.smt2,sat,0.01
/20220307-SMPT/SwimmingPool-PT-05/RF-05.smt2,sat,0.01
/20220307-SMPT/SwimmingPool-PT-05/RF-07.smt2,sat,0.01
/20220307-SMPT/SwimmingPool-PT-05/RF-10.smt2,sat,0.01
/20220307-SMPT/SwimmingPool-PT-05/RC-08.smt2,sat,0.01
/20220307-SMPT/SwimmingPool-PT-05/RF-15.smt2,sat,0.01
/20220307-SMPT/SwimmingPool-PT-05/RF-09.smt2,sat,0.01
/20220307-SMPT/SwimmingPool-PT-05/RC-07.smt2,sat,0.01
/20220307-SMPT/SwimmingPool-PT-05/RF-06.smt2,unsat,0.01
/20220307-SMPT/SwimmingPool-PT-05/RC-09.smt2,sat,0.01
/20220307-SMPT/SwimmingPool-PT-05/RC-15.smt2,sat,0.01
/20220307-SMPT/SwimmingPool-PT-05/RC-12.smt2,unsat,0.01
/20220307-SMPT/SwimmingPool-PT-05/RF-14.smt2,sat,0.01
/20220307-SMPT/RobotManipulation-PT-00010/RC-02.smt2,unsat,0.01
/20220307-SMPT/RobotManipulation-PT-00010/RF-12.smt2,sat,0.02
/20220307-SMPT/RobotManipulation-PT-00010/RC-03.smt2,sat,0.01
/20220307-SMPT/RobotManipulation-PT-00010/RC-11.smt2,sat,0.01
/20220307-SMPT/RobotManipulation-PT-00010/RF-03.smt2,sat,0.01
/20220307-SMPT/RobotManipulation-PT-00010/RC-01.smt2,sat,0.01
/20220307-SMPT/RobotManipulation-PT-00010/RF-00.smt2,sat,0.02
/20220307-SMPT/RobotManipulation-PT-00010/RC-04.smt2,sat,0.01
/20220307-SMPT/RobotManipulation-PT-00010/RC-13.smt2,unsat,0.01
/20220307-SMPT/RobotManipulation-PT-00010/RC-06.smt2,sat,0.01
/20220307-SMPT/RobotManipulation-PT-00010/RC-14.smt2,sat,0.01
/20220307-SMPT/RobotManipulation-PT-00010/RC-10.smt2,sat,0.01
/20220307-SMPT/RobotManipulation-PT-00010/RF-04.smt2,unsat,0.01
/20220307-SMPT/RobotManipulation-PT-00010/RF-01.smt2,sat,0.01
/20220307-SMPT/RobotManipulation-PT-00010/RC-05.smt2,sat,0.01
/20220307-SMPT/RobotManipulation-PT-00010/RC-00.smt2,sat,0.01
/20220307-SMPT/RobotManipulation-PT-00010/RF-05.smt2,unsat,0.01
/20220307-SMPT/RobotManipulation-PT-00010/RF-07.smt2,sat,0.01
/20220307-SMPT/RobotManipulation-PT-00010/RF-10.smt2,sat,0.03
/20220307-SMPT/RobotManipulation-PT-00010/RF-08.smt2,sat,0.01
/20220307-SMPT/RobotManipulation-PT-00010/RC-08.smt2,failed,1200.0
/20220307-SMPT/RobotManipulation-PT-00010/RF-15.smt2,unsat,0.01
/20220307-SMPT/RobotManipulation-PT-00010/RF-09.smt2,sat,0.01
/20220307-SMPT/RobotManipulation-PT-00010/RC-07.smt2,sat,0.01
/20220307-SMPT/RobotManipulation-PT-00010/RF-06.smt2,sat,0.01
/20220307-SMPT/RobotManipulation-PT-00010/RC-09.smt2,sat,0.01
/20220307-SMPT/RobotManipulation-PT-00010/RC-15.smt2,unsat,0.01
/20220307-SMPT/RobotManipulation-PT-00010/RC-12.smt2,sat,0.01
/20220307-SMPT/RobotManipulation-PT-00010/RF-14.smt2,sat,0.01
/20220307-SMPT/IOTPpurchase-PT-C05M04P03D02/RC-02.smt2,sat,0.02
/20220307-SMPT/IOTPpurchase-PT-C05M04P03D02/RF-12.smt2,sat,0.01
/20220307-SMPT/IOTPpurchase-PT-C05M04P03D02/RC-03.smt2,sat,0.02
/20220307-SMPT/IOTPpurchase-PT-C05M04P03D02/RF-02.smt2,sat,0.01
/20220307-SMPT/IOTPpurchase-PT-C05M04P03D02/RC-11.smt2,sat,0.01
/20220307-SMPT/IOTPpurchase-PT-C05M04P03D02/RF-03.smt2,sat,0.02
/20220307-SMPT/IOTPpurchase-PT-C05M04P03D02/RC-01.smt2,sat,0.01
/20220307-SMPT/IOTPpurchase-PT-C05M04P03D02/RF-00.smt2,sat,0.01
/20220307-SMPT/IOTPpurchase-PT-C05M04P03D02/RC-04.smt2,sat,0.01
/20220307-SMPT/IOTPpurchase-PT-C05M04P03D02/RF-11.smt2,sat,0.02
/20220307-SMPT/IOTPpurchase-PT-C05M04P03D02/RC-13.smt2,failed,1200.0
/20220307-SMPT/IOTPpurchase-PT-C05M04P03D02/RC-06.smt2,sat,0.01
/20220307-SMPT/IOTPpurchase-PT-C05M04P03D02/RC-14.smt2,sat,0.01
/20220307-SMPT/IOTPpurchase-PT-C05M04P03D02/RC-10.smt2,sat,0.02
/20220307-SMPT/IOTPpurchase-PT-C05M04P03D02/RF-04.smt2,sat,0.01
/20220307-SMPT/IOTPpurchase-PT-C05M04P03D02/RF-01.smt2,sat,0.01
/20220307-SMPT/IOTPpurchase-PT-C05M04P03D02/RF-13.smt2,sat,0.01
/20220307-SMPT/IOTPpurchase-PT-C05M04P03D02/RC-05.smt2,sat,0.01
/20220307-SMPT/IOTPpurchase-PT-C05M04P03D02/RC-00.smt2,sat,0.01
/20220307-SMPT/IOTPpurchase-PT-C05M04P03D02/RF-05.smt2,sat,0.01
/20220307-SMPT/IOTPpurchase-PT-C05M04P03D02/RF-07.smt2,sat,0.02
/20220307-SMPT/IOTPpurchase-PT-C05M04P03D02/RF-10.smt2,sat,0.01
/20220307-SMPT/IOTPpurchase-PT-C05M04P03D02/RF-08.smt2,sat,0.02
/20220307-SMPT/IOTPpurchase-PT-C05M04P03D02/RC-08.smt2,sat,0.01
/20220307-SMPT/IOTPpurchase-PT-C05M04P03D02/RF-15.smt2,sat,0.01
/20220307-SMPT/IOTPpurchase-PT-C05M04P03D02/RF-09.smt2,sat,0.01
/20220307-SMPT/IOTPpurchase-PT-C05M04P03D02/RC-07.smt2,sat,0.01
/20220307-SMPT/IOTPpurchase-PT-C05M04P03D02/RF-06.smt2,sat,0.01
/20220307-SMPT/IOTPpurchase-PT-C05M04P03D02/RC-09.smt2,unsat,0.01
/20220307-SMPT/IOTPpurchase-PT-C05M04P03D02/RC-15.smt2,sat,0.01
/20220307-SMPT/IOTPpurchase-PT-C05M04P03D02/RC-12.smt2,sat,0.01
/20220307-SMPT/IOTPpurchase-PT-C05M04P03D02/RF-14.smt2,sat,0.02
/20220307-SMPT/HouseConstruction-PT-08000/RC-02.smt2,sat,0.01
/20220307-SMPT/HouseConstruction-PT-08000/RF-12.smt2,sat,0.01
/20220307-SMPT/HouseConstruction-PT-08000/RC-03.smt2,sat,0.01
/20220307-SMPT/HouseConstruction-PT-08000/RF-02.smt2,sat,0.01
/20220307-SMPT/HouseConstruction-PT-08000/RC-11.smt2,sat,0.01
/20220307-SMPT/HouseConstruction-PT-08000/RF-03.smt2,unsat,0.01
/20220307-SMPT/HouseConstruction-PT-08000/RC-01.smt2,sat,0.01
/20220307-SMPT/HouseConstruction-PT-08000/RF-00.smt2,sat,0.01
/20220307-SMPT/HouseConstruction-PT-08000/RC-04.smt2,unsat,0.01
/20220307-SMPT/HouseConstruction-PT-08000/RF-11.smt2,sat,0.01
/20220307-SMPT/HouseConstruction-PT-08000/RC-13.smt2,sat,0.01
/20220307-SMPT/HouseConstruction-PT-08000/RC-06.smt2,sat,0.01
/20220307-SMPT/HouseConstruction-PT-08000/RC-14.smt2,sat,0.01
/20220307-SMPT/HouseConstruction-PT-08000/RC-10.smt2,sat,0.01
/20220307-SMPT/HouseConstruction-PT-08000/RF-04.smt2,sat,0.01
/20220307-SMPT/HouseConstruction-PT-08000/RF-13.smt2,sat,0.01
/20220307-SMPT/HouseConstruction-PT-08000/RC-05.smt2,sat,0.01
/20220307-SMPT/HouseConstruction-PT-08000/RC-00.smt2,sat,0.01
/20220307-SMPT/HouseConstruction-PT-08000/RF-05.smt2,sat,0.01
/20220307-SMPT/HouseConstruction-PT-08000/RF-07.smt2,sat,0.01
/20220307-SMPT/HouseConstruction-PT-08000/RF-10.smt2,sat,0.01
/20220307-SMPT/HouseConstruction-PT-08000/RF-08.smt2,sat,0.01
/20220307-SMPT/HouseConstruction-PT-08000/RC-08.smt2,sat,0.01
/20220307-SMPT/HouseConstruction-PT-08000/RF-15.smt2,sat,0.01
/20220307-SMPT/HouseConstruction-PT-08000/RF-09.smt2,sat,0.01
/20220307-SMPT/HouseConstruction-PT-08000/RC-07.smt2,sat,0.01
/20220307-SMPT/HouseConstruction-PT-08000/RC-09.smt2,sat,0.01
/20220307-SMPT/HouseConstruction-PT-08000/RC-15.smt2,sat,0.01
/20220307-SMPT/HouseConstruction-PT-08000/RC-12.smt2,sat,0.01
/20220307-SMPT/HouseConstruction-PT-08000/RF-14.smt2,unsat,0.01
/20220307-SMPT/RobotManipulation-PT-00100/RC-02.smt2,unsat,0.01
/20220307-SMPT/RobotManipulation-PT-00100/RF-12.smt2,unsat,0.01
/20220307-SMPT/RobotManipulation-PT-00100/RC-03.smt2,sat,0.01
/20220307-SMPT/RobotManipulation-PT-00100/RF-02.smt2,sat,0.01
/20220307-SMPT/RobotManipulation-PT-00100/RC-11.smt2,sat,0.01
/20220307-SMPT/RobotManipulation-PT-00100/RF-03.smt2,sat,0.01
/20220307-SMPT/RobotManipulation-PT-00100/RC-01.smt2,sat,0.01
/20220307-SMPT/RobotManipulation-PT-00100/RF-00.smt2,sat,0.01
/20220307-SMPT/RobotManipulation-PT-00100/RC-04.smt2,unsat,0.01
/20220307-SMPT/RobotManipulation-PT-00100/RF-11.smt2,sat,0.01
/20220307-SMPT/RobotManipulation-PT-00100/RC-13.smt2,sat,0.01
/20220307-SMPT/RobotManipulation-PT-00100/RC-06.smt2,sat,0.01
/20220307-SMPT/RobotManipulation-PT-00100/RC-14.smt2,sat,0.01
/20220307-SMPT/RobotManipulation-PT-00100/RC-10.smt2,sat,0.01
/20220307-SMPT/RobotManipulation-PT-00100/RF-04.smt2,unsat,0.01
/20220307-SMPT/RobotManipulation-PT-00100/RF-01.smt2,sat,0.01
/20220307-SMPT/RobotManipulation-PT-00100/RF-13.smt2,unsat,0.01
/20220307-SMPT/RobotManipulation-PT-00100/RC-05.smt2,sat,0.01
/20220307-SMPT/RobotManipulation-PT-00100/RC-00.smt2,sat,0.01
/20220307-SMPT/RobotManipulation-PT-00100/RF-05.smt2,unsat,0.01
/20220307-SMPT/RobotManipulation-PT-00100/RF-07.smt2,unsat,0.01
/20220307-SMPT/RobotManipulation-PT-00100/RF-10.smt2,sat,0.01
/20220307-SMPT/RobotManipulation-PT-00100/RF-08.smt2,sat,0.01
/20220307-SMPT/RobotManipulation-PT-00100/RC-08.smt2,sat,0.01
/20220307-SMPT/RobotManipulation-PT-00100/RF-15.smt2,unsat,0.01
/20220307-SMPT/RobotManipulation-PT-00100/RF-09.smt2,unsat,0.01
/20220307-SMPT/RobotManipulation-PT-00100/RC-07.smt2,sat,0.01
/20220307-SMPT/RobotManipulation-PT-00100/RF-06.smt2,unsat,0.01
/20220307-SMPT/RobotManipulation-PT-00100/RC-09.smt2,sat,0.01
/20220307-SMPT/RobotManipulation-PT-00100/RC-15.smt2,unsat,0.01
/20220307-SMPT/RobotManipulation-PT-00100/RC-12.smt2,sat,0.01
/20220307-SMPT/RobotManipulation-PT-00100/RF-14.smt2,unsat,0.01
/20220307-SMPT/RwMutex-PT-r0010w0020/RC-02.smt2,sat,0.02
/20220307-SMPT/RwMutex-PT-r0010w0020/RF-12.smt2,failed,1200.0
/20220307-SMPT/RwMutex-PT-r0010w0020/RC-03.smt2,sat,0.03
/20220307-SMPT/RwMutex-PT-r0010w0020/RF-02.smt2,sat,0.03
/20220307-SMPT/RwMutex-PT-r0010w0020/RC-11.smt2,sat,0.02
/20220307-SMPT/RwMutex-PT-r0010w0020/RF-03.smt2,sat,0.02
/20220307-SMPT/RwMutex-PT-r0010w0020/RC-01.smt2,sat,0.02
/20220307-SMPT/RwMutex-PT-r0010w0020/RF-00.smt2,sat,0.09
/20220307-SMPT/RwMutex-PT-r0010w0020/RC-04.smt2,sat,0.02
/20220307-SMPT/RwMutex-PT-r0010w0020/RF-11.smt2,unsat,0.02
/20220307-SMPT/RwMutex-PT-r0010w0020/RC-13.smt2,sat,0.02
/20220307-SMPT/RwMutex-PT-r0010w0020/RC-06.smt2,unsat,0.02
/20220307-SMPT/RwMutex-PT-r0010w0020/RC-14.smt2,sat,0.02
/20220307-SMPT/RwMutex-PT-r0010w0020/RC-10.smt2,sat,0.02
/20220307-SMPT/RwMutex-PT-r0010w0020/RF-04.smt2,sat,0.02
/20220307-SMPT/RwMutex-PT-r0010w0020/RF-01.smt2,sat,0.03
/20220307-SMPT/RwMutex-PT-r0010w0020/RC-05.smt2,sat,0.02
/20220307-SMPT/RwMutex-PT-r0010w0020/RC-00.smt2,sat,0.02
/20220307-SMPT/RwMutex-PT-r0010w0020/RF-05.smt2,sat,0.02
/20220307-SMPT/RwMutex-PT-r0010w0020/RF-07.smt2,sat,0.02
/20220307-SMPT/RwMutex-PT-r0010w0020/RF-10.smt2,failed,1200.0
/20220307-SMPT/RwMutex-PT-r0010w0020/RF-08.smt2,failed,1200.0
/20220307-SMPT/RwMutex-PT-r0010w0020/RC-08.smt2,sat,0.03
/20220307-SMPT/RwMutex-PT-r0010w0020/RF-15.smt2,sat,0.03
/20220307-SMPT/RwMutex-PT-r0010w0020/RF-09.smt2,sat,0.03
/20220307-SMPT/RwMutex-PT-r0010w0020/RC-07.smt2,unsat,0.03
/20220307-SMPT/RwMutex-PT-r0010w0020/RF-06.smt2,unsat,0.03
/20220307-SMPT/RwMutex-PT-r0010w0020/RC-09.smt2,sat,0.03
/20220307-SMPT/RwMutex-PT-r0010w0020/RC-15.smt2,unsat,0.02
/20220307-SMPT/RwMutex-PT-r0010w0020/RC-12.smt2,sat,0.03
/20220307-SMPT/RwMutex-PT-r0010w0020/RF-14.smt2,sat,0.02
/20220307-SMPT/RobotManipulation-PT-00500/RC-02.smt2,sat,0.01
/20220307-SMPT/RobotManipulation-PT-00500/RF-12.smt2,sat,0.01
/20220307-SMPT/RobotManipulation-PT-00500/RC-03.smt2,unsat,0.01
/20220307-SMPT/RobotManipulation-PT-00500/RF-02.smt2,sat,0.01
/20220307-SMPT/RobotManipulation-PT-00500/RC-11.smt2,sat,0.01
/20220307-SMPT/RobotManipulation-PT-00500/RF-03.smt2,unsat,0.01
/20220307-SMPT/RobotManipulation-PT-00500/RC-01.smt2,unsat,0.01
/20220307-SMPT/RobotManipulation-PT-00500/RF-00.smt2,unsat,0.01
/20220307-SMPT/RobotManipulation-PT-00500/RC-04.smt2,sat,0.01
/20220307-SMPT/RobotManipulation-PT-00500/RF-11.smt2,unsat,0.01
/20220307-SMPT/RobotManipulation-PT-00500/RC-13.smt2,unsat,0.01
/20220307-SMPT/RobotManipulation-PT-00500/RC-06.smt2,unsat,0.01
/20220307-SMPT/RobotManipulation-PT-00500/RC-14.smt2,unsat,0.01
/20220307-SMPT/RobotManipulation-PT-00500/RC-10.smt2,sat,0.01
/20220307-SMPT/RobotManipulation-PT-00500/RF-04.smt2,unsat,0.01
/20220307-SMPT/RobotManipulation-PT-00500/RF-01.smt2,sat,0.01
/20220307-SMPT/RobotManipulation-PT-00500/RF-13.smt2,unsat,0.01
/20220307-SMPT/RobotManipulation-PT-00500/RC-05.smt2,sat,0.01
/20220307-SMPT/RobotManipulation-PT-00500/RC-00.smt2,unsat,0.01
/20220307-SMPT/RobotManipulation-PT-00500/RF-05.smt2,sat,0.01
/20220307-SMPT/RobotManipulation-PT-00500/RF-07.smt2,unsat,0.01
/20220307-SMPT/RobotManipulation-PT-00500/RF-08.smt2,sat,0.01
/20220307-SMPT/RobotManipulation-PT-00500/RC-08.smt2,sat,0.01
/20220307-SMPT/RobotManipulation-PT-00500/RF-15.smt2,unsat,0.01
/20220307-SMPT/RobotManipulation-PT-00500/RF-09.smt2,unsat,0.01
/20220307-SMPT/RobotManipulation-PT-00500/RC-07.smt2,sat,0.01
/20220307-SMPT/RobotManipulation-PT-00500/RF-06.smt2,unsat,0.01
/20220307-SMPT/RobotManipulation-PT-00500/RC-09.smt2,sat,0.01
/20220307-SMPT/RobotManipulation-PT-00500/RC-15.smt2,sat,0.01
/20220307-SMPT/RobotManipulation-PT-00500/RC-12.smt2,sat,0.01
/20220307-SMPT/FMS-PT-00010/RC-02.smt2,sat,0.01
/20220307-SMPT/FMS-PT-00010/RF-12.smt2,sat,0.01
/20220307-SMPT/FMS-PT-00010/RC-03.smt2,sat,0.01
/20220307-SMPT/FMS-PT-00010/RF-02.smt2,sat,0.01
/20220307-SMPT/FMS-PT-00010/RC-11.smt2,unsat,0.01
/20220307-SMPT/FMS-PT-00010/RF-03.smt2,sat,0.01
/20220307-SMPT/FMS-PT-00010/RC-01.smt2,unsat,0.01
/20220307-SMPT/FMS-PT-00010/RF-00.smt2,sat,0.01
/20220307-SMPT/FMS-PT-00010/RC-04.smt2,sat,0.01
/20220307-SMPT/FMS-PT-00010/RF-11.smt2,unsat,0.01
/20220307-SMPT/FMS-PT-00010/RC-06.smt2,unsat,0.01
/20220307-SMPT/FMS-PT-00010/RC-14.smt2,unsat,0.01
/20220307-SMPT/FMS-PT-00010/RC-10.smt2,sat,0.01
/20220307-SMPT/FMS-PT-00010/RF-04.smt2,failed,1200.0
/20220307-SMPT/FMS-PT-00010/RF-01.smt2,sat,0.01
/20220307-SMPT/FMS-PT-00010/RF-13.smt2,sat,0.01
/20220307-SMPT/FMS-PT-00010/RC-05.smt2,sat,0.01
/20220307-SMPT/FMS-PT-00010/RC-00.smt2,unsat,0.01
/20220307-SMPT/FMS-PT-00010/RF-05.smt2,sat,0.01
/20220307-SMPT/FMS-PT-00010/RF-07.smt2,sat,0.01
/20220307-SMPT/FMS-PT-00010/RF-10.smt2,sat,0.01
/20220307-SMPT/FMS-PT-00010/RF-08.smt2,sat,0.01
/20220307-SMPT/FMS-PT-00010/RC-08.smt2,sat,0.01
/20220307-SMPT/FMS-PT-00010/RF-15.smt2,sat,0.01
/20220307-SMPT/FMS-PT-00010/RC-07.smt2,sat,0.01
/20220307-SMPT/FMS-PT-00010/RF-06.smt2,sat,0.01
/20220307-SMPT/FMS-PT-00010/RC-09.smt2,sat,0.01
/20220307-SMPT/FMS-PT-00010/RC-15.smt2,sat,0.01
/20220307-SMPT/FMS-PT-00010/RC-12.smt2,sat,0.01
/20220307-SMPT/SmallOperatingSystem-PT-MT0256DC0128/RC-02.smt2,sat,0.01
/20220307-SMPT/SmallOperatingSystem-PT-MT0256DC0128/RF-12.smt2,sat,0.01
/20220307-SMPT/SmallOperatingSystem-PT-MT0256DC0128/RC-03.smt2,unsat,0.01
/20220307-SMPT/SmallOperatingSystem-PT-MT0256DC0128/RF-02.smt2,sat,0.01
/20220307-SMPT/SmallOperatingSystem-PT-MT0256DC0128/RC-11.smt2,sat,0.01
/20220307-SMPT/SmallOperatingSystem-PT-MT0256DC0128/RF-03.smt2,unsat,0.01
/20220307-SMPT/SmallOperatingSystem-PT-MT0256DC0128/RC-01.smt2,unsat,0.01
/20220307-SMPT/SmallOperatingSystem-PT-MT0256DC0128/RF-00.smt2,sat,0.01
/20220307-SMPT/SmallOperatingSystem-PT-MT0256DC0128/RC-04.smt2,sat,0.01
/20220307-SMPT/SmallOperatingSystem-PT-MT0256DC0128/RF-11.smt2,sat,0.01
/20220307-SMPT/SmallOperatingSystem-PT-MT0256DC0128/RC-13.smt2,sat,0.01
/20220307-SMPT/SmallOperatingSystem-PT-MT0256DC0128/RC-06.smt2,sat,0.01
/20220307-SMPT/SmallOperatingSystem-PT-MT0256DC0128/RC-10.smt2,sat,0.01
/20220307-SMPT/SmallOperatingSystem-PT-MT0256DC0128/RF-04.smt2,sat,0.01
/20220307-SMPT/SmallOperatingSystem-PT-MT0256DC0128/RF-01.smt2,unsat,0.01
/20220307-SMPT/SmallOperatingSystem-PT-MT0256DC0128/RF-13.smt2,sat,0.01
/20220307-SMPT/SmallOperatingSystem-PT-MT0256DC0128/RC-05.smt2,sat,0.01
/20220307-SMPT/SmallOperatingSystem-PT-MT0256DC0128/RC-00.smt2,sat,0.01
/20220307-SMPT/SmallOperatingSystem-PT-MT0256DC0128/RF-05.smt2,sat,0.01
/20220307-SMPT/SmallOperatingSystem-PT-MT0256DC0128/RF-08.smt2,unsat,0.01
/20220307-SMPT/SmallOperatingSystem-PT-MT0256DC0128/RC-08.smt2,sat,0.01
/20220307-SMPT/SmallOperatingSystem-PT-MT0256DC0128/RF-15.smt2,unsat,0.01
/20220307-SMPT/SmallOperatingSystem-PT-MT0256DC0128/RC-07.smt2,sat,0.01
/20220307-SMPT/SmallOperatingSystem-PT-MT0256DC0128/RF-06.smt2,sat,0.01
/20220307-SMPT/SmallOperatingSystem-PT-MT0256DC0128/RC-09.smt2,unsat,0.01
/20220307-SMPT/SmallOperatingSystem-PT-MT0256DC0128/RC-15.smt2,sat,0.01
/20220307-SMPT/SmallOperatingSystem-PT-MT0256DC0128/RC-12.smt2,sat,0.01
/20220307-SMPT/FMS-PT-00200/RC-02.smt2,sat,0.01
/20220307-SMPT/FMS-PT-00200/RF-12.smt2,sat,0.01
/20220307-SMPT/FMS-PT-00200/RC-03.smt2,sat,0.01
/20220307-SMPT/FMS-PT-00200/RF-02.smt2,sat,0.01
/20220307-SMPT/FMS-PT-00200/RC-11.smt2,unsat,0.01
/20220307-SMPT/FMS-PT-00200/RF-03.smt2,sat,0.01
/20220307-SMPT/FMS-PT-00200/RC-01.smt2,sat,0.01
/20220307-SMPT/FMS-PT-00200/RF-00.smt2,sat,0.01
/20220307-SMPT/FMS-PT-00200/RC-04.smt2,sat,0.01
/20220307-SMPT/FMS-PT-00200/RF-11.smt2,sat,0.01
/20220307-SMPT/FMS-PT-00200/RC-13.smt2,sat,0.01
/20220307-SMPT/FMS-PT-00200/RC-06.smt2,sat,0.01
/20220307-SMPT/FMS-PT-00200/RC-14.smt2,sat,0.01
/20220307-SMPT/FMS-PT-00200/RC-10.smt2,sat,0.01
/20220307-SMPT/FMS-PT-00200/RF-04.smt2,sat,0.01
/20220307-SMPT/FMS-PT-00200/RF-01.smt2,sat,0.01
/20220307-SMPT/FMS-PT-00200/RC-05.smt2,sat,0.01
/20220307-SMPT/FMS-PT-00200/RC-00.smt2,sat,0.01
/20220307-SMPT/FMS-PT-00200/RF-05.smt2,sat,0.01
/20220307-SMPT/FMS-PT-00200/RF-07.smt2,sat,0.01
/20220307-SMPT/FMS-PT-00200/RF-10.smt2,sat,0.01
/20220307-SMPT/FMS-PT-00200/RF-08.smt2,unsat,0.01
/20220307-SMPT/FMS-PT-00200/RC-08.smt2,sat,0.01
/20220307-SMPT/FMS-PT-00200/RF-15.smt2,unsat,0.01
/20220307-SMPT/FMS-PT-00200/RF-09.smt2,sat,0.01
/20220307-SMPT/FMS-PT-00200/RC-07.smt2,sat,0.01
/20220307-SMPT/FMS-PT-00200/RF-06.smt2,sat,0.01
/20220307-SMPT/FMS-PT-00200/RC-09.smt2,sat,0.01
/20220307-SMPT/FMS-PT-00200/RC-15.smt2,sat,0.01
/20220307-SMPT/FMS-PT-00200/RC-12.smt2,sat,0.01
/20220307-SMPT/FMS-PT-00200/RF-14.smt2,sat,0.01
/20220307-SMPT/MAPK-PT-00160/RC-02.smt2,sat,0.01
/20220307-SMPT/MAPK-PT-00160/RF-12.smt2,sat,0.01
/20220307-SMPT/MAPK-PT-00160/RC-03.smt2,sat,0.01
/20220307-SMPT/MAPK-PT-00160/RF-02.smt2,sat,0.01
/20220307-SMPT/MAPK-PT-00160/RC-11.smt2,sat,0.01
/20220307-SMPT/MAPK-PT-00160/RF-03.smt2,sat,0.01
/20220307-SMPT/MAPK-PT-00160/RC-01.smt2,sat,0.01
/20220307-SMPT/MAPK-PT-00160/RF-00.smt2,unsat,0.01
/20220307-SMPT/MAPK-PT-00160/RC-04.smt2,sat,0.01
/20220307-SMPT/MAPK-PT-00160/RF-11.smt2,unsat,0.01
/20220307-SMPT/MAPK-PT-00160/RC-13.smt2,sat,0.01
/20220307-SMPT/MAPK-PT-00160/RC-06.smt2,sat,0.01
/20220307-SMPT/MAPK-PT-00160/RC-14.smt2,sat,0.01
/20220307-SMPT/MAPK-PT-00160/RC-10.smt2,sat,0.01
/20220307-SMPT/MAPK-PT-00160/RF-04.smt2,sat,0.01
/20220307-SMPT/MAPK-PT-00160/RF-01.smt2,sat,0.01
/20220307-SMPT/MAPK-PT-00160/RF-13.smt2,sat,0.01
/20220307-SMPT/MAPK-PT-00160/RC-05.smt2,unsat,0.01
/20220307-SMPT/MAPK-PT-00160/RC-00.smt2,sat,0.01
/20220307-SMPT/MAPK-PT-00160/RF-05.smt2,sat,0.01
/20220307-SMPT/MAPK-PT-00160/RF-07.smt2,sat,0.01
/20220307-SMPT/MAPK-PT-00160/RF-10.smt2,sat,0.01
/20220307-SMPT/MAPK-PT-00160/RF-08.smt2,sat,0.01
/20220307-SMPT/MAPK-PT-00160/RC-08.smt2,sat,0.01
/20220307-SMPT/MAPK-PT-00160/RF-15.smt2,sat,0.01
/20220307-SMPT/MAPK-PT-00160/RF-09.smt2,sat,0.01
/20220307-SMPT/MAPK-PT-00160/RC-07.smt2,unsat,0.01
/20220307-SMPT/MAPK-PT-00160/RF-06.smt2,unsat,0.02
/20220307-SMPT/MAPK-PT-00160/RC-09.smt2,sat,0.01
/20220307-SMPT/MAPK-PT-00160/RC-15.smt2,sat,0.01
/20220307-SMPT/MAPK-PT-00160/RC-12.smt2,sat,0.01
/20220307-SMPT/MAPK-PT-00160/RF-14.smt2,unsat,0.01
/20220307-SMPT/HouseConstruction-PT-00005/RC-02.smt2,sat,0.01
/20220307-SMPT/HouseConstruction-PT-00005/RF-12.smt2,sat,0.03
/20220307-SMPT/HouseConstruction-PT-00005/RC-03.smt2,unsat,0.01
/20220307-SMPT/HouseConstruction-PT-00005/RF-02.smt2,unsat,0.01
/20220307-SMPT/HouseConstruction-PT-00005/RC-11.smt2,sat,0.01
/20220307-SMPT/HouseConstruction-PT-00005/RF-03.smt2,failed,1200.0
/20220307-SMPT/HouseConstruction-PT-00005/RC-01.smt2,sat,0.01
/20220307-SMPT/HouseConstruction-PT-00005/RF-00.smt2,sat,0.01
/20220307-SMPT/HouseConstruction-PT-00005/RC-04.smt2,sat,0.01
/20220307-SMPT/HouseConstruction-PT-00005/RF-11.smt2,sat,0.01
/20220307-SMPT/HouseConstruction-PT-00005/RC-13.smt2,sat,0.01
/20220307-SMPT/HouseConstruction-PT-00005/RC-06.smt2,sat,0.01
/20220307-SMPT/HouseConstruction-PT-00005/RC-14.smt2,sat,0.01
/20220307-SMPT/HouseConstruction-PT-00005/RC-10.smt2,unsat,0.01
/20220307-SMPT/HouseConstruction-PT-00005/RF-04.smt2,sat,0.01
/20220307-SMPT/HouseConstruction-PT-00005/RF-01.smt2,sat,0.01
/20220307-SMPT/HouseConstruction-PT-00005/RF-13.smt2,sat,0.01
/20220307-SMPT/HouseConstruction-PT-00005/RC-05.smt2,sat,0.01
/20220307-SMPT/HouseConstruction-PT-00005/RC-00.smt2,unsat,0.01
/20220307-SMPT/HouseConstruction-PT-00005/RF-05.smt2,failed,1200.0
/20220307-SMPT/HouseConstruction-PT-00005/RF-07.smt2,sat,0.01
/20220307-SMPT/HouseConstruction-PT-00005/RF-10.smt2,sat,0.01
/20220307-SMPT/HouseConstruction-PT-00005/RF-08.smt2,sat,0.02
/20220307-SMPT/HouseConstruction-PT-00005/RC-08.smt2,unsat,0.01
/20220307-SMPT/HouseConstruction-PT-00005/RF-15.smt2,sat,0.01
/20220307-SMPT/HouseConstruction-PT-00005/RF-09.smt2,sat,0.01
/20220307-SMPT/HouseConstruction-PT-00005/RC-07.smt2,sat,0.01
/20220307-SMPT/HouseConstruction-PT-00005/RF-06.smt2,unsat,0.01
/20220307-SMPT/HouseConstruction-PT-00005/RC-09.smt2,sat,0.03
/20220307-SMPT/HouseConstruction-PT-00005/RC-15.smt2,sat,0.03
/20220307-SMPT/HouseConstruction-PT-00005/RC-12.smt2,sat,0.01
/20220307-SMPT/HouseConstruction-PT-00005/RF-14.smt2,sat,0.01
/20220307-SMPT/CircularTrains-PT-192/RC-02.smt2,sat,0.04
/20220307-SMPT/CircularTrains-PT-192/RF-12.smt2,failed,1200.0
/20220307-SMPT/CircularTrains-PT-192/RC-03.smt2,sat,0.03
/20220307-SMPT/CircularTrains-PT-192/RF-02.smt2,sat,0.03
/20220307-SMPT/CircularTrains-PT-192/RC-11.smt2,failed,1200.0
/20220307-SMPT/CircularTrains-PT-192/RF-03.smt2,sat,0.04
/20220307-SMPT/CircularTrains-PT-192/RC-01.smt2,unsat,0.03
/20220307-SMPT/CircularTrains-PT-192/RF-00.smt2,sat,0.04
/20220307-SMPT/CircularTrains-PT-192/RC-04.smt2,unsat,0.03
/20220307-SMPT/CircularTrains-PT-192/RC-13.smt2,sat,0.04
/20220307-SMPT/CircularTrains-PT-192/RC-06.smt2,unsat,0.03
/20220307-SMPT/CircularTrains-PT-192/RC-14.smt2,sat,0.03
/20220307-SMPT/CircularTrains-PT-192/RC-10.smt2,failed,1200.0
/20220307-SMPT/CircularTrains-PT-192/RF-04.smt2,unsat,0.04
/20220307-SMPT/CircularTrains-PT-192/RF-01.smt2,sat,0.04
/20220307-SMPT/CircularTrains-PT-192/RF-13.smt2,sat,0.03
/20220307-SMPT/CircularTrains-PT-192/RC-05.smt2,sat,0.03
/20220307-SMPT/CircularTrains-PT-192/RC-00.smt2,sat,0.03
/20220307-SMPT/CircularTrains-PT-192/RF-05.smt2,sat,0.04
/20220307-SMPT/CircularTrains-PT-192/RF-07.smt2,sat,0.04
/20220307-SMPT/CircularTrains-PT-192/RF-10.smt2,failed,1200.0
/20220307-SMPT/CircularTrains-PT-192/RF-08.smt2,sat,0.04
/20220307-SMPT/CircularTrains-PT-192/RC-08.smt2,unsat,0.04
/20220307-SMPT/CircularTrains-PT-192/RF-15.smt2,sat,0.04
/20220307-SMPT/CircularTrains-PT-192/RF-09.smt2,sat,0.04
/20220307-SMPT/CircularTrains-PT-192/RC-07.smt2,sat,0.04
/20220307-SMPT/CircularTrains-PT-192/RF-06.smt2,sat,0.05
/20220307-SMPT/CircularTrains-PT-192/RC-09.smt2,unsat,0.04
/20220307-SMPT/CircularTrains-PT-192/RC-15.smt2,unsat,0.03
/20220307-SMPT/CircularTrains-PT-192/RC-12.smt2,unsat,0.05
/20220307-SMPT/CircularTrains-PT-192/RF-14.smt2,sat,0.04
/20220307-SMPT/SmallOperatingSystem-PT-MT0128DC0032/RC-02.smt2,unsat,0.01
/20220307-SMPT/SmallOperatingSystem-PT-MT0128DC0032/RF-12.smt2,sat,0.01
/20220307-SMPT/SmallOperatingSystem-PT-MT0128DC0032/RC-03.smt2,sat,0.01
/20220307-SMPT/SmallOperatingSystem-PT-MT0128DC0032/RC-11.smt2,unsat,0.01
/20220307-SMPT/SmallOperatingSystem-PT-MT0128DC0032/RF-03.smt2,sat,0.01
/20220307-SMPT/SmallOperatingSystem-PT-MT0128DC0032/RC-01.smt2,sat,0.01
/20220307-SMPT/SmallOperatingSystem-PT-MT0128DC0032/RF-00.smt2,sat,0.01
/20220307-SMPT/SmallOperatingSystem-PT-MT0128DC0032/RC-04.smt2,sat,0.01
/20220307-SMPT/SmallOperatingSystem-PT-MT0128DC0032/RF-11.smt2,sat,0.01
/20220307-SMPT/SmallOperatingSystem-PT-MT0128DC0032/RC-13.smt2,unsat,0.01
/20220307-SMPT/SmallOperatingSystem-PT-MT0128DC0032/RC-06.smt2,sat,0.01
/20220307-SMPT/SmallOperatingSystem-PT-MT0128DC0032/RC-14.smt2,sat,0.01
/20220307-SMPT/SmallOperatingSystem-PT-MT0128DC0032/RC-10.smt2,sat,0.01
/20220307-SMPT/SmallOperatingSystem-PT-MT0128DC0032/RF-04.smt2,unsat,0.01
/20220307-SMPT/SmallOperatingSystem-PT-MT0128DC0032/RF-01.smt2,sat,0.01
/20220307-SMPT/SmallOperatingSystem-PT-MT0128DC0032/RF-13.smt2,sat,0.01
/20220307-SMPT/SmallOperatingSystem-PT-MT0128DC0032/RC-00.smt2,sat,0.01
/20220307-SMPT/SmallOperatingSystem-PT-MT0128DC0032/RF-07.smt2,sat,0.01
/20220307-SMPT/SmallOperatingSystem-PT-MT0128DC0032/RF-10.smt2,unsat,0.01
/20220307-SMPT/SmallOperatingSystem-PT-MT0128DC0032/RF-08.smt2,sat,0.01
/20220307-SMPT/SmallOperatingSystem-PT-MT0128DC0032/RF-15.smt2,sat,0.01
/20220307-SMPT/SmallOperatingSystem-PT-MT0128DC0032/RC-07.smt2,sat,0.01
/20220307-SMPT/SmallOperatingSystem-PT-MT0128DC0032/RC-09.smt2,unsat,0.01
/20220307-SMPT/SmallOperatingSystem-PT-MT0128DC0032/RC-15.smt2,unsat,0.01
/20220307-SMPT/SmallOperatingSystem-PT-MT0128DC0032/RC-12.smt2,sat,0.01
/20220307-SMPT/RobotManipulation-PT-00002/RC-02.smt2,sat,0.01
/20220307-SMPT/RobotManipulation-PT-00002/RF-12.smt2,sat,0.01
/20220307-SMPT/RobotManipulation-PT-00002/RC-03.smt2,sat,0.01
/20220307-SMPT/RobotManipulation-PT-00002/RF-02.smt2,sat,0.01
/20220307-SMPT/RobotManipulation-PT-00002/RC-11.smt2,unsat,0.01
/20220307-SMPT/RobotManipulation-PT-00002/RF-03.smt2,sat,0.01
/20220307-SMPT/RobotManipulation-PT-00002/RC-01.smt2,sat,0.01
/20220307-SMPT/RobotManipulation-PT-00002/RF-00.smt2,sat,0.02
/20220307-SMPT/RobotManipulation-PT-00002/RC-04.smt2,sat,0.01
/20220307-SMPT/RobotManipulation-PT-00002/RF-11.smt2,sat,0.01
/20220307-SMPT/RobotManipulation-PT-00002/RC-13.smt2,sat,0.01
/20220307-SMPT/RobotManipulation-PT-00002/RC-06.smt2,sat,0.01
/20220307-SMPT/RobotManipulation-PT-00002/RC-14.smt2,sat,0.01
/20220307-SMPT/RobotManipulation-PT-00002/RC-10.smt2,sat,0.01
/20220307-SMPT/RobotManipulation-PT-00002/RF-04.smt2,sat,0.01
/20220307-SMPT/RobotManipulation-PT-00002/RF-01.smt2,sat,0.01
/20220307-SMPT/RobotManipulation-PT-00002/RF-13.smt2,sat,0.01
/20220307-SMPT/RobotManipulation-PT-00002/RC-05.smt2,sat,0.01
/20220307-SMPT/RobotManipulation-PT-00002/RC-00.smt2,failed,1200.0
/20220307-SMPT/RobotManipulation-PT-00002/RF-05.smt2,sat,0.01
/20220307-SMPT/RobotManipulation-PT-00002/RF-07.smt2,sat,0.01
/20220307-SMPT/RobotManipulation-PT-00002/RF-08.smt2,sat,0.01
/20220307-SMPT/RobotManipulation-PT-00002/RC-08.smt2,sat,0.01
/20220307-SMPT/RobotManipulation-PT-00002/RF-15.smt2,sat,0.01
/20220307-SMPT/RobotManipulation-PT-00002/RF-09.smt2,sat,0.01
/20220307-SMPT/RobotManipulation-PT-00002/RC-07.smt2,sat,0.01
/20220307-SMPT/RobotManipulation-PT-00002/RF-06.smt2,sat,0.01
/20220307-SMPT/RobotManipulation-PT-00002/RC-09.smt2,sat,0.01
/20220307-SMPT/RobotManipulation-PT-00002/RC-15.smt2,sat,0.01
/20220307-SMPT/RobotManipulation-PT-00002/RC-12.smt2,sat,0.01
/20220307-SMPT/RobotManipulation-PT-00002/RF-14.smt2,sat,0.01
/20220307-SMPT/SwimmingPool-PT-03/RC-02.smt2,sat,0.01
/20220307-SMPT/SwimmingPool-PT-03/RF-12.smt2,sat,0.01
/20220307-SMPT/SwimmingPool-PT-03/RC-03.smt2,sat,0.01
/20220307-SMPT/SwimmingPool-PT-03/RF-02.smt2,unsat,0.01
/20220307-SMPT/SwimmingPool-PT-03/RC-11.smt2,sat,0.01
/20220307-SMPT/SwimmingPool-PT-03/RF-03.smt2,sat,0.01
/20220307-SMPT/SwimmingPool-PT-03/RC-01.smt2,sat,0.01
/20220307-SMPT/SwimmingPool-PT-03/RF-00.smt2,sat,0.01
/20220307-SMPT/SwimmingPool-PT-03/RC-04.smt2,sat,0.01
/20220307-SMPT/SwimmingPool-PT-03/RF-11.smt2,unsat,0.01
/20220307-SMPT/SwimmingPool-PT-03/RC-13.smt2,sat,0.01
/20220307-SMPT/SwimmingPool-PT-03/RC-06.smt2,sat,0.01
/20220307-SMPT/SwimmingPool-PT-03/RC-14.smt2,unsat,0.01
/20220307-SMPT/SwimmingPool-PT-03/RC-10.smt2,sat,0.01
/20220307-SMPT/SwimmingPool-PT-03/RF-04.smt2,sat,0.01
/20220307-SMPT/SwimmingPool-PT-03/RF-01.smt2,sat,0.01
/20220307-SMPT/SwimmingPool-PT-03/RF-13.smt2,sat,0.01
/20220307-SMPT/SwimmingPool-PT-03/RC-00.smt2,sat,0.01
/20220307-SMPT/SwimmingPool-PT-03/RF-05.smt2,unsat,0.01
/20220307-SMPT/SwimmingPool-PT-03/RF-10.smt2,sat,0.01
/20220307-SMPT/SwimmingPool-PT-03/RC-08.smt2,sat,0.01
/20220307-SMPT/SwimmingPool-PT-03/RC-07.smt2,sat,0.01
/20220307-SMPT/SwimmingPool-PT-03/RF-06.smt2,unsat,0.01
/20220307-SMPT/SwimmingPool-PT-03/RC-09.smt2,sat,0.01
/20220307-SMPT/SwimmingPool-PT-03/RC-15.smt2,unsat,0.01
/20220307-SMPT/SwimmingPool-PT-03/RC-12.smt2,sat,0.01
/20220307-SMPT/SwimmingPool-PT-03/RF-14.smt2,sat,0.01
/20220307-SMPT/FamilyReunion-PT-L00400M0040C020P020G001/RC-02.smt2,failed,1200.0
/20220307-SMPT/FamilyReunion-PT-L00400M0040C020P020G001/RF-12.smt2,failed,1200.0
/20220307-SMPT/FamilyReunion-PT-L00400M0040C020P020G001/RC-03.smt2,failed,1200.0
/20220307-SMPT/FamilyReunion-PT-L00400M0040C020P020G001/RF-02.smt2,failed,1200.0
/20220307-SMPT/FamilyReunion-PT-L00400M0040C020P020G001/RC-11.smt2,failed,1200.0
/20220307-SMPT/FamilyReunion-PT-L00400M0040C020P020G001/RF-03.smt2,failed,1200.0
/20220307-SMPT/FamilyReunion-PT-L00400M0040C020P020G001/RC-01.smt2,failed,1200.0
/20220307-SMPT/FamilyReunion-PT-L00400M0040C020P020G001/RF-00.smt2,failed,1200.0
/20220307-SMPT/FamilyReunion-PT-L00400M0040C020P020G001/RC-04.smt2,failed,1200.0
/20220307-SMPT/FamilyReunion-PT-L00400M0040C020P020G001/RF-11.smt2,failed,1200.0
/20220307-SMPT/FamilyReunion-PT-L00400M0040C020P020G001/RC-13.smt2,failed,1200.0
/20220307-SMPT/FamilyReunion-PT-L00400M0040C020P020G001/RC-06.smt2,failed,1200.0
/20220307-SMPT/FamilyReunion-PT-L00400M0040C020P020G001/RC-14.smt2,failed,1200.0
/20220307-SMPT/FamilyReunion-PT-L00400M0040C020P020G001/RC-10.smt2,failed,1200.0
/20220307-SMPT/FamilyReunion-PT-L00400M0040C020P020G001/RF-04.smt2,failed,1200.0
/20220307-SMPT/FamilyReunion-PT-L00400M0040C020P020G001/RF-01.smt2,failed,1200.0
/20220307-SMPT/FamilyReunion-PT-L00400M0040C020P020G001/RF-13.smt2,failed,1200.0
/20220307-SMPT/FamilyReunion-PT-L00400M0040C020P020G001/RC-05.smt2,failed,1200.0
/20220307-SMPT/FamilyReunion-PT-L00400M0040C020P020G001/RC-00.smt2,failed,1200.0
/20220307-SMPT/FamilyReunion-PT-L00400M0040C020P020G001/RF-05.smt2,failed,1200.0
/20220307-SMPT/FamilyReunion-PT-L00400M0040C020P020G001/RF-07.smt2,failed,1200.0
/20220307-SMPT/FamilyReunion-PT-L00400M0040C020P020G001/RF-10.smt2,failed,1200.0
/20220307-SMPT/FamilyReunion-PT-L00400M0040C020P020G001/RF-08.smt2,failed,1200.0
/20220307-SMPT/FamilyReunion-PT-L00400M0040C020P020G001/RC-08.smt2,failed,1200.0
/20220307-SMPT/FamilyReunion-PT-L00400M0040C020P020G001/RF-15.smt2,failed,1200.0
/20220307-SMPT/FamilyReunion-PT-L00400M0040C020P020G001/RF-09.smt2,failed,1200.0
/20220307-SMPT/FamilyReunion-PT-L00400M0040C020P020G001/RC-07.smt2,failed,1200.0
/20220307-SMPT/FamilyReunion-PT-L00400M0040C020P020G001/RF-06.smt2,failed,1200.0
/20220307-SMPT/FamilyReunion-PT-L00400M0040C020P020G001/RC-09.smt2,failed,1200.0
/20220307-SMPT/FamilyReunion-PT-L00400M0040C020P020G001/RC-15.smt2,failed,1200.0
/20220307-SMPT/FamilyReunion-PT-L00400M0040C020P020G001/RC-12.smt2,failed,1200.0
/20220307-SMPT/FamilyReunion-PT-L00400M0040C020P020G001/RF-14.smt2,failed,1200.0
/20220307-SMPT/Kanban-PT-00050/RC-02.smt2,failed,1200.0
/20220307-SMPT/Kanban-PT-00050/RF-12.smt2,sat,0.01
/20220307-SMPT/Kanban-PT-00050/RC-03.smt2,sat,0.01
/20220307-SMPT/Kanban-PT-00050/RF-02.smt2,sat,0.01
/20220307-SMPT/Kanban-PT-00050/RC-11.smt2,sat,0.03
/20220307-SMPT/Kanban-PT-00050/RF-03.smt2,unsat,0.01
/20220307-SMPT/Kanban-PT-00050/RC-01.smt2,unsat,0.01
/20220307-SMPT/Kanban-PT-00050/RF-00.smt2,sat,0.01
/20220307-SMPT/Kanban-PT-00050/RC-04.smt2,sat,0.01
/20220307-SMPT/Kanban-PT-00050/RF-11.smt2,sat,0.01
/20220307-SMPT/Kanban-PT-00050/RC-13.smt2,sat,0.01
/20220307-SMPT/Kanban-PT-00050/RC-06.smt2,sat,0.01
/20220307-SMPT/Kanban-PT-00050/RC-14.smt2,sat,0.01
/20220307-SMPT/Kanban-PT-00050/RC-10.smt2,sat,0.01
/20220307-SMPT/Kanban-PT-00050/RF-04.smt2,unsat,0.01
/20220307-SMPT/Kanban-PT-00050/RF-01.smt2,sat,0.01
/20220307-SMPT/Kanban-PT-00050/RF-13.smt2,sat,0.01
/20220307-SMPT/Kanban-PT-00050/RC-05.smt2,sat,0.01
/20220307-SMPT/Kanban-PT-00050/RC-00.smt2,sat,0.01
/20220307-SMPT/Kanban-PT-00050/RF-05.smt2,sat,0.01
/20220307-SMPT/Kanban-PT-00050/RF-07.smt2,sat,0.01
/20220307-SMPT/Kanban-PT-00050/RF-10.smt2,sat,0.01
/20220307-SMPT/Kanban-PT-00050/RF-08.smt2,sat,0.01
/20220307-SMPT/Kanban-PT-00050/RC-08.smt2,sat,0.01
/20220307-SMPT/Kanban-PT-00050/RF-15.smt2,sat,0.01
/20220307-SMPT/Kanban-PT-00050/RF-09.smt2,sat,0.01
/20220307-SMPT/Kanban-PT-00050/RC-07.smt2,sat,0.01
/20220307-SMPT/Kanban-PT-00050/RF-06.smt2,sat,0.01
/20220307-SMPT/Kanban-PT-00050/RC-09.smt2,sat,0.01
/20220307-SMPT/Kanban-PT-00050/RC-15.smt2,sat,0.01
/20220307-SMPT/Kanban-PT-00050/RC-12.smt2,sat,0.01
/20220307-SMPT/Kanban-PT-00050/RF-14.smt2,sat,0.01
/20220307-SMPT/SmallOperatingSystem-PT-MT0512DC0256/RC-02.smt2,sat,0.01
/20220307-SMPT/SmallOperatingSystem-PT-MT0512DC0256/RF-12.smt2,sat,0.01
/20220307-SMPT/SmallOperatingSystem-PT-MT0512DC0256/RC-03.smt2,sat,0.01
/20220307-SMPT/SmallOperatingSystem-PT-MT0512DC0256/RF-02.smt2,sat,0.01
/20220307-SMPT/SmallOperatingSystem-PT-MT0512DC0256/RC-11.smt2,sat,0.01
/20220307-SMPT/SmallOperatingSystem-PT-MT0512DC0256/RF-03.smt2,unsat,0.01
/20220307-SMPT/SmallOperatingSystem-PT-MT0512DC0256/RC-01.smt2,sat,0.01
/20220307-SMPT/SmallOperatingSystem-PT-MT0512DC0256/RF-00.smt2,unsat,0.01
/20220307-SMPT/SmallOperatingSystem-PT-MT0512DC0256/RC-04.smt2,sat,0.01
/20220307-SMPT/SmallOperatingSystem-PT-MT0512DC0256/RF-11.smt2,unsat,0.01
/20220307-SMPT/SmallOperatingSystem-PT-MT0512DC0256/RC-13.smt2,unsat,0.01
/20220307-SMPT/SmallOperatingSystem-PT-MT0512DC0256/RC-06.smt2,unsat,0.01
/20220307-SMPT/SmallOperatingSystem-PT-MT0512DC0256/RC-14.smt2,unsat,0.01
/20220307-SMPT/SmallOperatingSystem-PT-MT0512DC0256/RC-10.smt2,sat,0.01
/20220307-SMPT/SmallOperatingSystem-PT-MT0512DC0256/RF-04.smt2,sat,0.01
/20220307-SMPT/SmallOperatingSystem-PT-MT0512DC0256/RF-01.smt2,sat,0.01
/20220307-SMPT/SmallOperatingSystem-PT-MT0512DC0256/RF-13.smt2,unsat,0.01
/20220307-SMPT/SmallOperatingSystem-PT-MT0512DC0256/RC-05.smt2,unsat,0.01
/20220307-SMPT/SmallOperatingSystem-PT-MT0512DC0256/RC-00.smt2,sat,0.01
/20220307-SMPT/SmallOperatingSystem-PT-MT0512DC0256/RF-05.smt2,sat,0.01
/20220307-SMPT/SmallOperatingSystem-PT-MT0512DC0256/RF-07.smt2,sat,0.01
/20220307-SMPT/SmallOperatingSystem-PT-MT0512DC0256/RF-10.smt2,sat,0.01
/20220307-SMPT/SmallOperatingSystem-PT-MT0512DC0256/RF-08.smt2,unsat,0.01
/20220307-SMPT/SmallOperatingSystem-PT-MT0512DC0256/RC-08.smt2,sat,0.01
/20220307-SMPT/SmallOperatingSystem-PT-MT0512DC0256/RF-15.smt2,sat,0.01
/20220307-SMPT/SmallOperatingSystem-PT-MT0512DC0256/RF-09.smt2,sat,0.01
/20220307-SMPT/SmallOperatingSystem-PT-MT0512DC0256/RF-06.smt2,sat,0.01
/20220307-SMPT/SmallOperatingSystem-PT-MT0512DC0256/RC-09.smt2,unsat,0.01
/20220307-SMPT/SmallOperatingSystem-PT-MT0512DC0256/RC-15.smt2,sat,0.01
/20220307-SMPT/SmallOperatingSystem-PT-MT0512DC0256/RC-12.smt2,unsat,0.01
/20220307-SMPT/SmallOperatingSystem-PT-MT0512DC0256/RF-14.smt2,sat,0.01
/20220307-SMPT/RwMutex-PT-r0010w0100/RC-02.smt2,unsat,0.08
/20220307-SMPT/RwMutex-PT-r0010w0100/RF-12.smt2,sat,0.09
/20220307-SMPT/RwMutex-PT-r0010w0100/RC-03.smt2,sat,0.09
/20220307-SMPT/RwMutex-PT-r0010w0100/RF-02.smt2,sat,0.09
/20220307-SMPT/RwMutex-PT-r0010w0100/RC-11.smt2,sat,0.09
/20220307-SMPT/RwMutex-PT-r0010w0100/RF-03.smt2,sat,0.13
/20220307-SMPT/RwMutex-PT-r0010w0100/RC-01.smt2,unsat,0.08
/20220307-SMPT/RwMutex-PT-r0010w0100/RF-00.smt2,unsat,0.12
/20220307-SMPT/RwMutex-PT-r0010w0100/RC-04.smt2,sat,0.11
/20220307-SMPT/RwMutex-PT-r0010w0100/RF-11.smt2,sat,0.1
/20220307-SMPT/RwMutex-PT-r0010w0100/RC-13.smt2,sat,0.13
/20220307-SMPT/RwMutex-PT-r0010w0100/RC-06.smt2,sat,0.07
/20220307-SMPT/RwMutex-PT-r0010w0100/RC-14.smt2,sat,0.08
/20220307-SMPT/RwMutex-PT-r0010w0100/RC-10.smt2,sat,0.11
/20220307-SMPT/RwMutex-PT-r0010w0100/RF-04.smt2,sat,0.08
/20220307-SMPT/RwMutex-PT-r0010w0100/RF-01.smt2,sat,0.09
/20220307-SMPT/RwMutex-PT-r0010w0100/RF-13.smt2,sat,0.09
/20220307-SMPT/RwMutex-PT-r0010w0100/RC-05.smt2,sat,0.08
/20220307-SMPT/RwMutex-PT-r0010w0100/RC-00.smt2,sat,0.11
/20220307-SMPT/RwMutex-PT-r0010w0100/RF-05.smt2,sat,0.11
/20220307-SMPT/RwMutex-PT-r0010w0100/RF-07.smt2,sat,0.11
/20220307-SMPT/RwMutex-PT-r0010w0100/RF-10.smt2,sat,0.09
/20220307-SMPT/RwMutex-PT-r0010w0100/RF-08.smt2,sat,0.09
/20220307-SMPT/RwMutex-PT-r0010w0100/RC-08.smt2,sat,0.1
/20220307-SMPT/RwMutex-PT-r0010w0100/RF-15.smt2,sat,0.1
/20220307-SMPT/RwMutex-PT-r0010w0100/RF-09.smt2,sat,0.09
/20220307-SMPT/RwMutex-PT-r0010w0100/RC-07.smt2,sat,0.1
/20220307-SMPT/RwMutex-PT-r0010w0100/RF-06.smt2,sat,0.09
/20220307-SMPT/RwMutex-PT-r0010w0100/RC-09.smt2,sat,0.09
/20220307-SMPT/RwMutex-PT-r0010w0100/RC-15.smt2,sat,0.1
/20220307-SMPT/RwMutex-PT-r0010w0100/RC-12.smt2,sat,0.11
/20220307-SMPT/RwMutex-PT-r0010w0100/RF-14.smt2,sat,0.08
/20220307-SMPT/BART-PT-030/RC-02.smt2,sat,0.43
/20220307-SMPT/BART-PT-030/RF-12.smt2,sat,0.41
/20220307-SMPT/BART-PT-030/RC-03.smt2,sat,0.42
/20220307-SMPT/BART-PT-030/RF-02.smt2,sat,0.33
/20220307-SMPT/BART-PT-030/RC-11.smt2,sat,0.46
/20220307-SMPT/BART-PT-030/RF-03.smt2,sat,0.53
/20220307-SMPT/BART-PT-030/RC-01.smt2,unsat,0.18
/20220307-SMPT/BART-PT-030/RF-00.smt2,sat,0.5
/20220307-SMPT/BART-PT-030/RC-04.smt2,sat,0.36
/20220307-SMPT/BART-PT-030/RF-11.smt2,sat,0.46
/20220307-SMPT/BART-PT-030/RC-13.smt2,unsat,0.46
/20220307-SMPT/BART-PT-030/RC-06.smt2,unsat,0.34
/20220307-SMPT/BART-PT-030/RC-14.smt2,sat,0.45
/20220307-SMPT/BART-PT-030/RC-10.smt2,unsat,0.37
/20220307-SMPT/BART-PT-030/RF-04.smt2,sat,0.56
/20220307-SMPT/BART-PT-030/RF-01.smt2,sat,0.33
/20220307-SMPT/BART-PT-030/RF-13.smt2,sat,0.51
/20220307-SMPT/BART-PT-030/RC-05.smt2,unsat,0.43
/20220307-SMPT/BART-PT-030/RC-00.smt2,unsat,0.34
/20220307-SMPT/BART-PT-030/RF-05.smt2,sat,0.41
/20220307-SMPT/BART-PT-030/RF-07.smt2,sat,0.36
/20220307-SMPT/BART-PT-030/RF-10.smt2,sat,0.37
/20220307-SMPT/BART-PT-030/RF-08.smt2,sat,0.43
/20220307-SMPT/BART-PT-030/RC-08.smt2,sat,0.29
/20220307-SMPT/BART-PT-030/RF-15.smt2,sat,0.66
/20220307-SMPT/BART-PT-030/RF-09.smt2,sat,0.31
/20220307-SMPT/BART-PT-030/RC-07.smt2,unsat,0.38
/20220307-SMPT/BART-PT-030/RF-06.smt2,unsat,0.35
/20220307-SMPT/BART-PT-030/RC-09.smt2,sat,0.36
/20220307-SMPT/BART-PT-030/RC-15.smt2,unsat,0.41
/20220307-SMPT/BART-PT-030/RC-12.smt2,sat,0.36
/20220307-SMPT/BART-PT-030/RF-14.smt2,sat,0.29
/20220307-SMPT/SmallOperatingSystem-PT-MT0032DC0016/RC-02.smt2,unsat,0.01
/20220307-SMPT/SmallOperatingSystem-PT-MT0032DC0016/RF-12.smt2,unsat,0.01
/20220307-SMPT/SmallOperatingSystem-PT-MT0032DC0016/RC-03.smt2,unsat,0.01
/20220307-SMPT/SmallOperatingSystem-PT-MT0032DC0016/RF-02.smt2,sat,0.01
/20220307-SMPT/SmallOperatingSystem-PT-MT0032DC0016/RC-11.smt2,unsat,0.01
/20220307-SMPT/SmallOperatingSystem-PT-MT0032DC0016/RF-03.smt2,unsat,0.01
/20220307-SMPT/SmallOperatingSystem-PT-MT0032DC0016/RC-01.smt2,unsat,0.01
/20220307-SMPT/SmallOperatingSystem-PT-MT0032DC0016/RF-00.smt2,unsat,0.01
/20220307-SMPT/SmallOperatingSystem-PT-MT0032DC0016/RC-04.smt2,unsat,0.01
/20220307-SMPT/SmallOperatingSystem-PT-MT0032DC0016/RF-11.smt2,unsat,0.01
/20220307-SMPT/SmallOperatingSystem-PT-MT0032DC0016/RC-13.smt2,unsat,0.01
/20220307-SMPT/SmallOperatingSystem-PT-MT0032DC0016/RC-06.smt2,unsat,0.01
/20220307-SMPT/SmallOperatingSystem-PT-MT0032DC0016/RC-14.smt2,failed,1200.0
/20220307-SMPT/SmallOperatingSystem-PT-MT0032DC0016/RC-10.smt2,unsat,0.01
/20220307-SMPT/SmallOperatingSystem-PT-MT0032DC0016/RF-04.smt2,sat,0.01
/20220307-SMPT/SmallOperatingSystem-PT-MT0032DC0016/RF-01.smt2,sat,0.01
/20220307-SMPT/SmallOperatingSystem-PT-MT0032DC0016/RF-13.smt2,unsat,0.01
/20220307-SMPT/SmallOperatingSystem-PT-MT0032DC0016/RC-05.smt2,unsat,0.01
/20220307-SMPT/SmallOperatingSystem-PT-MT0032DC0016/RC-00.smt2,unsat,0.01
/20220307-SMPT/SmallOperatingSystem-PT-MT0032DC0016/RF-05.smt2,unsat,0.01
/20220307-SMPT/SmallOperatingSystem-PT-MT0032DC0016/RF-07.smt2,unsat,0.01
/20220307-SMPT/SmallOperatingSystem-PT-MT0032DC0016/RF-10.smt2,unsat,0.01
/20220307-SMPT/SmallOperatingSystem-PT-MT0032DC0016/RF-08.smt2,unsat,0.01
/20220307-SMPT/SmallOperatingSystem-PT-MT0032DC0016/RC-08.smt2,sat,0.01
/20220307-SMPT/SmallOperatingSystem-PT-MT0032DC0016/RF-15.smt2,sat,0.01
/20220307-SMPT/SmallOperatingSystem-PT-MT0032DC0016/RF-09.smt2,unsat,0.01
/20220307-SMPT/SmallOperatingSystem-PT-MT0032DC0016/RC-07.smt2,sat,0.01
/20220307-SMPT/SmallOperatingSystem-PT-MT0032DC0016/RF-06.smt2,unsat,0.01
/20220307-SMPT/SmallOperatingSystem-PT-MT0032DC0016/RC-09.smt2,sat,0.01
/20220307-SMPT/SmallOperatingSystem-PT-MT0032DC0016/RC-15.smt2,unsat,0.01
/20220307-SMPT/SmallOperatingSystem-PT-MT0032DC0016/RC-12.smt2,unsat,0.01
/20220307-SMPT/SmallOperatingSystem-PT-MT0032DC0016/RF-14.smt2,unsat,0.01
/20220307-SMPT/FMS-PT-20000/RC-02.smt2,sat,0.01
/20220307-SMPT/FMS-PT-20000/RF-12.smt2,sat,0.01
/20220307-SMPT/FMS-PT-20000/RC-03.smt2,sat,0.01
/20220307-SMPT/FMS-PT-20000/RF-02.smt2,sat,0.01
/20220307-SMPT/FMS-PT-20000/RC-11.smt2,sat,0.01
/20220307-SMPT/FMS-PT-20000/RF-03.smt2,unsat,0.01
/20220307-SMPT/FMS-PT-20000/RC-01.smt2,sat,0.01
/20220307-SMPT/FMS-PT-20000/RF-00.smt2,sat,0.01
/20220307-SMPT/FMS-PT-20000/RC-04.smt2,sat,0.01
/20220307-SMPT/FMS-PT-20000/RF-11.smt2,unsat,0.02
/20220307-SMPT/FMS-PT-20000/RC-06.smt2,unsat,0.01
/20220307-SMPT/FMS-PT-20000/RC-14.smt2,sat,0.01
/20220307-SMPT/FMS-PT-20000/RC-10.smt2,sat,0.02
/20220307-SMPT/FMS-PT-20000/RF-04.smt2,sat,0.01
/20220307-SMPT/FMS-PT-20000/RF-01.smt2,sat,0.01
/20220307-SMPT/FMS-PT-20000/RF-13.smt2,sat,0.01
/20220307-SMPT/FMS-PT-20000/RC-05.smt2,unsat,0.01
/20220307-SMPT/FMS-PT-20000/RC-00.smt2,sat,0.01
/20220307-SMPT/FMS-PT-20000/RF-05.smt2,unsat,0.01
/20220307-SMPT/FMS-PT-20000/RF-07.smt2,sat,0.01
/20220307-SMPT/FMS-PT-20000/RF-10.smt2,sat,0.01
/20220307-SMPT/FMS-PT-20000/RF-08.smt2,sat,0.01
/20220307-SMPT/FMS-PT-20000/RC-08.smt2,unsat,0.01
/20220307-SMPT/FMS-PT-20000/RF-15.smt2,failed,1200.0
/20220307-SMPT/FMS-PT-20000/RF-09.smt2,sat,0.01
/20220307-SMPT/FMS-PT-20000/RC-07.smt2,sat,0.01
/20220307-SMPT/FMS-PT-20000/RF-06.smt2,sat,0.01
/20220307-SMPT/FMS-PT-20000/RC-09.smt2,unsat,0.01
/20220307-SMPT/FMS-PT-20000/RC-15.smt2,sat,0.01
/20220307-SMPT/FMS-PT-20000/RC-12.smt2,sat,0.01
/20220307-SMPT/FMS-PT-20000/RF-14.smt2,sat,0.01
/20220307-SMPT/Diffusion2D-PT-D05N010/RC-02.smt2,sat,0.01
/20220307-SMPT/Diffusion2D-PT-D05N010/RF-12.smt2,sat,0.01
/20220307-SMPT/Diffusion2D-PT-D05N010/RC-03.smt2,sat,0.01
/20220307-SMPT/Diffusion2D-PT-D05N010/RF-02.smt2,failed,1200.0
/20220307-SMPT/Diffusion2D-PT-D05N010/RC-11.smt2,sat,0.01
/20220307-SMPT/Diffusion2D-PT-D05N010/RC-01.smt2,sat,0.01
/20220307-SMPT/Diffusion2D-PT-D05N010/RF-00.smt2,failed,1200.0
/20220307-SMPT/Diffusion2D-PT-D05N010/RC-04.smt2,sat,0.01
/20220307-SMPT/Diffusion2D-PT-D05N010/RF-11.smt2,sat,0.01
/20220307-SMPT/Diffusion2D-PT-D05N010/RC-13.smt2,sat,0.01
/20220307-SMPT/Diffusion2D-PT-D05N010/RC-06.smt2,sat,0.01
/20220307-SMPT/Diffusion2D-PT-D05N010/RC-14.smt2,unsat,0.01
/20220307-SMPT/Diffusion2D-PT-D05N010/RC-10.smt2,sat,0.01
/20220307-SMPT/Diffusion2D-PT-D05N010/RF-04.smt2,unsat,0.01
/20220307-SMPT/Diffusion2D-PT-D05N010/RF-01.smt2,sat,0.01
/20220307-SMPT/Diffusion2D-PT-D05N010/RF-13.smt2,sat,0.01
/20220307-SMPT/Diffusion2D-PT-D05N010/RC-05.smt2,sat,0.01
/20220307-SMPT/Diffusion2D-PT-D05N010/RC-00.smt2,sat,0.01
/20220307-SMPT/Diffusion2D-PT-D05N010/RF-07.smt2,sat,0.01
/20220307-SMPT/Diffusion2D-PT-D05N010/RF-10.smt2,sat,0.01
/20220307-SMPT/Diffusion2D-PT-D05N010/RF-08.smt2,unsat,0.01
/20220307-SMPT/Diffusion2D-PT-D05N010/RC-08.smt2,sat,0.01
/20220307-SMPT/Diffusion2D-PT-D05N010/RF-09.smt2,sat,0.03
/20220307-SMPT/Diffusion2D-PT-D05N010/RC-07.smt2,sat,0.01
/20220307-SMPT/Diffusion2D-PT-D05N010/RF-06.smt2,sat,0.01
/20220307-SMPT/Diffusion2D-PT-D05N010/RC-09.smt2,unsat,0.01
/20220307-SMPT/Diffusion2D-PT-D05N010/RC-15.smt2,sat,0.01
/20220307-SMPT/Diffusion2D-PT-D05N010/RC-12.smt2,sat,0.01
/20220307-SMPT/Diffusion2D-PT-D05N010/RF-14.smt2,sat,0.01
/20220307-SMPT/HouseConstruction-PT-00002/RC-02.smt2,sat,0.01
/20220307-SMPT/HouseConstruction-PT-00002/RF-12.smt2,sat,0.01
/20220307-SMPT/HouseConstruction-PT-00002/RC-03.smt2,sat,0.01
/20220307-SMPT/HouseConstruction-PT-00002/RF-02.smt2,sat,0.01
/20220307-SMPT/HouseConstruction-PT-00002/RC-11.smt2,sat,0.01
/20220307-SMPT/HouseConstruction-PT-00002/RF-03.smt2,sat,0.02
/20220307-SMPT/HouseConstruction-PT-00002/RC-01.smt2,sat,0.01
/20220307-SMPT/HouseConstruction-PT-00002/RF-00.smt2,sat,0.01
/20220307-SMPT/HouseConstruction-PT-00002/RC-04.smt2,sat,0.01
/20220307-SMPT/HouseConstruction-PT-00002/RF-11.smt2,unsat,0.02
/20220307-SMPT/HouseConstruction-PT-00002/RC-13.smt2,sat,0.01
/20220307-SMPT/HouseConstruction-PT-00002/RC-06.smt2,sat,0.01
/20220307-SMPT/HouseConstruction-PT-00002/RC-14.smt2,sat,0.01
/20220307-SMPT/HouseConstruction-PT-00002/RC-10.smt2,sat,0.01
/20220307-SMPT/HouseConstruction-PT-00002/RF-04.smt2,sat,0.01
/20220307-SMPT/HouseConstruction-PT-00002/RF-01.smt2,sat,0.01
/20220307-SMPT/HouseConstruction-PT-00002/RF-13.smt2,sat,0.01
/20220307-SMPT/HouseConstruction-PT-00002/RC-05.smt2,sat,0.01
/20220307-SMPT/HouseConstruction-PT-00002/RC-00.smt2,sat,0.01
/20220307-SMPT/HouseConstruction-PT-00002/RF-05.smt2,failed,1200.0
/20220307-SMPT/HouseConstruction-PT-00002/RF-07.smt2,sat,0.01
/20220307-SMPT/HouseConstruction-PT-00002/RF-08.smt2,sat,0.03
/20220307-SMPT/HouseConstruction-PT-00002/RC-08.smt2,sat,0.01
/20220307-SMPT/HouseConstruction-PT-00002/RF-15.smt2,sat,0.01
/20220307-SMPT/HouseConstruction-PT-00002/RF-09.smt2,unsat,0.01
/20220307-SMPT/HouseConstruction-PT-00002/RC-07.smt2,sat,0.03
/20220307-SMPT/HouseConstruction-PT-00002/RF-06.smt2,sat,0.01
/20220307-SMPT/HouseConstruction-PT-00002/RC-09.smt2,unsat,0.01
/20220307-SMPT/HouseConstruction-PT-00002/RC-15.smt2,sat,0.02
/20220307-SMPT/HouseConstruction-PT-00002/RC-12.smt2,sat,0.01
/20220307-SMPT/HouseConstruction-PT-00002/RF-14.smt2,sat,0.01
/20220307-SMPT/RwMutex-PT-r2000w0010/RC-02.smt2,unsat,1.9
/20220307-SMPT/RwMutex-PT-r2000w0010/RF-12.smt2,sat,2.49
/20220307-SMPT/RwMutex-PT-r2000w0010/RC-03.smt2,sat,3.13
/20220307-SMPT/RwMutex-PT-r2000w0010/RF-02.smt2,sat,2.57
/20220307-SMPT/RwMutex-PT-r2000w0010/RC-11.smt2,sat,2.15
/20220307-SMPT/RwMutex-PT-r2000w0010/RF-03.smt2,sat,3.25
/20220307-SMPT/RwMutex-PT-r2000w0010/RC-01.smt2,unsat,2.12
/20220307-SMPT/RwMutex-PT-r2000w0010/RF-00.smt2,sat,2.94
/20220307-SMPT/RwMutex-PT-r2000w0010/RC-04.smt2,sat,2.73
/20220307-SMPT/RwMutex-PT-r2000w0010/RF-11.smt2,sat,2.72
/20220307-SMPT/RwMutex-PT-r2000w0010/RC-13.smt2,unsat,1.93
/20220307-SMPT/RwMutex-PT-r2000w0010/RC-06.smt2,sat,3.79
/20220307-SMPT/RwMutex-PT-r2000w0010/RC-14.smt2,sat,2.67
/20220307-SMPT/RwMutex-PT-r2000w0010/RC-10.smt2,unsat,2.19
/20220307-SMPT/RwMutex-PT-r2000w0010/RF-04.smt2,sat,3.06
/20220307-SMPT/RwMutex-PT-r2000w0010/RF-01.smt2,sat,3.16
/20220307-SMPT/RwMutex-PT-r2000w0010/RF-13.smt2,sat,3.36
/20220307-SMPT/RwMutex-PT-r2000w0010/RC-05.smt2,unsat,1.89
/20220307-SMPT/RwMutex-PT-r2000w0010/RC-00.smt2,unsat,3.1
/20220307-SMPT/RwMutex-PT-r2000w0010/RF-05.smt2,sat,3.37
/20220307-SMPT/RwMutex-PT-r2000w0010/RF-07.smt2,sat,2.02
/20220307-SMPT/RwMutex-PT-r2000w0010/RF-10.smt2,sat,2.98
/20220307-SMPT/RwMutex-PT-r2000w0010/RF-08.smt2,sat,3.27
/20220307-SMPT/RwMutex-PT-r2000w0010/RC-08.smt2,unsat,1.99
/20220307-SMPT/RwMutex-PT-r2000w0010/RF-15.smt2,sat,2.24
/20220307-SMPT/RwMutex-PT-r2000w0010/RF-09.smt2,sat,2.18
/20220307-SMPT/RwMutex-PT-r2000w0010/RC-07.smt2,sat,2.13
/20220307-SMPT/RwMutex-PT-r2000w0010/RF-06.smt2,sat,3.35
/20220307-SMPT/RwMutex-PT-r2000w0010/RC-09.smt2,sat,2.3
/20220307-SMPT/RwMutex-PT-r2000w0010/RC-15.smt2,sat,3.96
/20220307-SMPT/RwMutex-PT-r2000w0010/RC-12.smt2,sat,2.9
/20220307-SMPT/RwMutex-PT-r2000w0010/RF-14.smt2,sat,2.71
/20220307-SMPT/Sudoku-PT-BN01/RC-02.smt2,sat,0.01
/20220307-SMPT/Sudoku-PT-BN01/RF-12.smt2,sat,0.01
/20220307-SMPT/Sudoku-PT-BN01/RC-03.smt2,failed,1200.0
/20220307-SMPT/Sudoku-PT-BN01/RF-02.smt2,unsat,0.01
/20220307-SMPT/Sudoku-PT-BN01/RC-11.smt2,sat,0.01
/20220307-SMPT/Sudoku-PT-BN01/RF-03.smt2,sat,0.01
/20220307-SMPT/Sudoku-PT-BN01/RC-01.smt2,sat,0.01
/20220307-SMPT/Sudoku-PT-BN01/RF-00.smt2,sat,0.01
/20220307-SMPT/Sudoku-PT-BN01/RC-04.smt2,sat,0.01
/20220307-SMPT/Sudoku-PT-BN01/RF-11.smt2,unsat,0.01
/20220307-SMPT/Sudoku-PT-BN01/RC-13.smt2,sat,0.01
/20220307-SMPT/Sudoku-PT-BN01/RC-06.smt2,sat,0.01
/20220307-SMPT/Sudoku-PT-BN01/RC-14.smt2,sat,0.01
/20220307-SMPT/Sudoku-PT-BN01/RC-10.smt2,sat,0.01
/20220307-SMPT/Sudoku-PT-BN01/RF-04.smt2,sat,0.01
/20220307-SMPT/Sudoku-PT-BN01/RF-01.smt2,sat,0.01
/20220307-SMPT/Sudoku-PT-BN01/RF-13.smt2,sat,0.01
/20220307-SMPT/Sudoku-PT-BN01/RC-05.smt2,sat,0.01
/20220307-SMPT/Sudoku-PT-BN01/RC-00.smt2,sat,0.01
/20220307-SMPT/Sudoku-PT-BN01/RF-05.smt2,unsat,0.01
/20220307-SMPT/Sudoku-PT-BN01/RF-07.smt2,sat,0.01
/20220307-SMPT/Sudoku-PT-BN01/RF-10.smt2,sat,0.01
/20220307-SMPT/Sudoku-PT-BN01/RF-08.smt2,sat,0.01
/20220307-SMPT/Sudoku-PT-BN01/RC-08.smt2,sat,0.01
/20220307-SMPT/Sudoku-PT-BN01/RF-15.smt2,unsat,0.01
/20220307-SMPT/Sudoku-PT-BN01/RF-09.smt2,sat,0.01
/20220307-SMPT/Sudoku-PT-BN01/RC-07.smt2,unsat,0.01
/20220307-SMPT/Sudoku-PT-BN01/RF-06.smt2,unsat,0.01
/20220307-SMPT/Sudoku-PT-BN01/RC-09.smt2,unsat,0.01
/20220307-SMPT/Sudoku-PT-BN01/RC-15.smt2,sat,0.01
/20220307-SMPT/Sudoku-PT-BN01/RC-12.smt2,unsat,0.01
/20220307-SMPT/Sudoku-PT-BN01/RF-14.smt2,sat,0.01
/20220307-SMPT/FMS-PT-02000/RC-02.smt2,sat,0.01
/20220307-SMPT/FMS-PT-02000/RF-12.smt2,sat,0.01
/20220307-SMPT/FMS-PT-02000/RC-03.smt2,sat,0.01
/20220307-SMPT/FMS-PT-02000/RF-02.smt2,sat,0.01
/20220307-SMPT/FMS-PT-02000/RC-11.smt2,sat,0.01
/20220307-SMPT/FMS-PT-02000/RF-03.smt2,sat,0.01
/20220307-SMPT/FMS-PT-02000/RC-01.smt2,sat,0.01
/20220307-SMPT/FMS-PT-02000/RF-00.smt2,sat,0.01
/20220307-SMPT/FMS-PT-02000/RC-04.smt2,failed,1200.0
/20220307-SMPT/FMS-PT-02000/RF-11.smt2,sat,0.01
/20220307-SMPT/FMS-PT-02000/RC-13.smt2,sat,0.01
/20220307-SMPT/FMS-PT-02000/RC-06.smt2,sat,0.01
/20220307-SMPT/FMS-PT-02000/RC-14.smt2,sat,0.01
/20220307-SMPT/FMS-PT-02000/RC-10.smt2,sat,0.01
/20220307-SMPT/FMS-PT-02000/RF-04.smt2,sat,0.01
/20220307-SMPT/FMS-PT-02000/RF-01.smt2,sat,0.01
/20220307-SMPT/FMS-PT-02000/RF-13.smt2,sat,0.01
/20220307-SMPT/FMS-PT-02000/RC-05.smt2,sat,0.01
/20220307-SMPT/FMS-PT-02000/RC-00.smt2,sat,0.01
/20220307-SMPT/FMS-PT-02000/RF-05.smt2,sat,0.03
/20220307-SMPT/FMS-PT-02000/RF-07.smt2,sat,0.01
/20220307-SMPT/FMS-PT-02000/RF-10.smt2,sat,0.01
/20220307-SMPT/FMS-PT-02000/RF-08.smt2,sat,0.01
/20220307-SMPT/FMS-PT-02000/RC-08.smt2,sat,0.01
/20220307-SMPT/FMS-PT-02000/RF-15.smt2,sat,0.01
/20220307-SMPT/FMS-PT-02000/RF-09.smt2,sat,0.01
/20220307-SMPT/FMS-PT-02000/RC-07.smt2,sat,0.01
/20220307-SMPT/FMS-PT-02000/RF-06.smt2,sat,0.01
/20220307-SMPT/FMS-PT-02000/RC-09.smt2,unsat,0.01
/20220307-SMPT/FMS-PT-02000/RC-15.smt2,unsat,0.01
/20220307-SMPT/FMS-PT-02000/RC-12.smt2,sat,0.01
/20220307-SMPT/FMS-PT-02000/RF-14.smt2,sat,0.01
/20220307-SMPT/RobotManipulation-PT-00200/RC-02.smt2,sat,0.01
/20220307-SMPT/RobotManipulation-PT-00200/RF-12.smt2,sat,0.01
/20220307-SMPT/RobotManipulation-PT-00200/RC-03.smt2,sat,0.01
/20220307-SMPT/RobotManipulation-PT-00200/RF-02.smt2,sat,0.01
/20220307-SMPT/RobotManipulation-PT-00200/RC-11.smt2,unsat,0.01
/20220307-SMPT/RobotManipulation-PT-00200/RC-01.smt2,sat,0.01
/20220307-SMPT/RobotManipulation-PT-00200/RF-00.smt2,sat,0.01
/20220307-SMPT/RobotManipulation-PT-00200/RC-04.smt2,sat,0.01
/20220307-SMPT/RobotManipulation-PT-00200/RF-11.smt2,sat,0.01
/20220307-SMPT/RobotManipulation-PT-00200/RC-13.smt2,sat,0.01
/20220307-SMPT/RobotManipulation-PT-00200/RC-06.smt2,sat,0.01
/20220307-SMPT/RobotManipulation-PT-00200/RC-10.smt2,unsat,0.01
/20220307-SMPT/RobotManipulation-PT-00200/RF-04.smt2,unsat,0.01
/20220307-SMPT/RobotManipulation-PT-00200/RC-05.smt2,sat,0.01
/20220307-SMPT/RobotManipulation-PT-00200/RC-00.smt2,sat,0.01
/20220307-SMPT/RobotManipulation-PT-00200/RF-05.smt2,sat,0.01
/20220307-SMPT/RobotManipulation-PT-00200/RF-07.smt2,sat,0.01
/20220307-SMPT/RobotManipulation-PT-00200/RF-10.smt2,sat,0.01
/20220307-SMPT/RobotManipulation-PT-00200/RF-08.smt2,sat,0.01
/20220307-SMPT/RobotManipulation-PT-00200/RC-08.smt2,sat,0.01
/20220307-SMPT/RobotManipulation-PT-00200/RF-15.smt2,sat,0.01
/20220307-SMPT/RobotManipulation-PT-00200/RF-09.smt2,sat,0.01
/20220307-SMPT/RobotManipulation-PT-00200/RC-07.smt2,sat,0.01
/20220307-SMPT/RobotManipulation-PT-00200/RC-09.smt2,unsat,0.01
/20220307-SMPT/RobotManipulation-PT-00200/RC-15.smt2,sat,0.01
/20220307-SMPT/RobotManipulation-PT-00200/RC-12.smt2,sat,0.01
/20220307-SMPT/RobotManipulation-PT-00200/RF-14.smt2,sat,0.01
/20220307-SMPT/Kanban-PT-00005/RC-02.smt2,sat,0.01
/20220307-SMPT/Kanban-PT-00005/RF-12.smt2,unsat,0.01
/20220307-SMPT/Kanban-PT-00005/RC-03.smt2,sat,0.01
/20220307-SMPT/Kanban-PT-00005/RF-02.smt2,unsat,0.01
/20220307-SMPT/Kanban-PT-00005/RC-11.smt2,sat,0.01
/20220307-SMPT/Kanban-PT-00005/RF-03.smt2,unsat,0.01
/20220307-SMPT/Kanban-PT-00005/RC-01.smt2,sat,0.01
/20220307-SMPT/Kanban-PT-00005/RF-00.smt2,sat,0.01
/20220307-SMPT/Kanban-PT-00005/RC-04.smt2,sat,0.01
/20220307-SMPT/Kanban-PT-00005/RF-11.smt2,unsat,0.01
/20220307-SMPT/Kanban-PT-00005/RC-13.smt2,sat,0.01
/20220307-SMPT/Kanban-PT-00005/RC-06.smt2,sat,0.01
/20220307-SMPT/Kanban-PT-00005/RC-14.smt2,unsat,0.01
/20220307-SMPT/Kanban-PT-00005/RC-10.smt2,sat,0.01
/20220307-SMPT/Kanban-PT-00005/RF-04.smt2,unsat,0.01
/20220307-SMPT/Kanban-PT-00005/RF-01.smt2,unsat,0.01
/20220307-SMPT/Kanban-PT-00005/RF-13.smt2,sat,0.01
/20220307-SMPT/Kanban-PT-00005/RC-05.smt2,sat,0.01
/20220307-SMPT/Kanban-PT-00005/RC-00.smt2,sat,0.01
/20220307-SMPT/Kanban-PT-00005/RF-05.smt2,unsat,0.01
/20220307-SMPT/Kanban-PT-00005/RF-07.smt2,sat,0.01
/20220307-SMPT/Kanban-PT-00005/RF-10.smt2,unsat,0.01
/20220307-SMPT/Kanban-PT-00005/RF-08.smt2,sat,0.01
/20220307-SMPT/Kanban-PT-00005/RC-08.smt2,sat,0.01
/20220307-SMPT/Kanban-PT-00005/RF-15.smt2,unsat,0.01
/20220307-SMPT/Kanban-PT-00005/RF-09.smt2,unsat,0.01
/20220307-SMPT/Kanban-PT-00005/RC-07.smt2,sat,0.01
/20220307-SMPT/Kanban-PT-00005/RF-06.smt2,unsat,0.01
/20220307-SMPT/Kanban-PT-00005/RC-09.smt2,sat,0.01
/20220307-SMPT/Kanban-PT-00005/RC-15.smt2,sat,0.01
/20220307-SMPT/Kanban-PT-00005/RC-12.smt2,sat,0.01
/20220307-SMPT/Kanban-PT-00005/RF-14.smt2,sat,0.01
/20220307-SMPT/CircularTrains-PT-096/RC-02.smt2,unsat,0.02
/20220307-SMPT/CircularTrains-PT-096/RF-12.smt2,failed,1200.0
/20220307-SMPT/CircularTrains-PT-096/RC-03.smt2,sat,0.03
/20220307-SMPT/CircularTrains-PT-096/RF-02.smt2,sat,0.02
/20220307-SMPT/CircularTrains-PT-096/RC-11.smt2,unsat,0.02
/20220307-SMPT/CircularTrains-PT-096/RF-03.smt2,sat,0.02
/20220307-SMPT/CircularTrains-PT-096/RC-01.smt2,sat,0.03
/20220307-SMPT/CircularTrains-PT-096/RF-00.smt2,sat,0.02
/20220307-SMPT/CircularTrains-PT-096/RC-04.smt2,failed,1200.0
/20220307-SMPT/CircularTrains-PT-096/RF-11.smt2,sat,0.02
/20220307-SMPT/CircularTrains-PT-096/RC-13.smt2,sat,0.03
/20220307-SMPT/CircularTrains-PT-096/RC-06.smt2,unsat,0.02
/20220307-SMPT/CircularTrains-PT-096/RC-14.smt2,sat,0.04
/20220307-SMPT/CircularTrains-PT-096/RC-10.smt2,unsat,0.02
/20220307-SMPT/CircularTrains-PT-096/RF-04.smt2,sat,0.02
/20220307-SMPT/CircularTrains-PT-096/RF-01.smt2,sat,0.02
/20220307-SMPT/CircularTrains-PT-096/RF-13.smt2,sat,0.01
/20220307-SMPT/CircularTrains-PT-096/RC-05.smt2,unsat,0.03
/20220307-SMPT/CircularTrains-PT-096/RC-00.smt2,unsat,0.02
/20220307-SMPT/CircularTrains-PT-096/RF-05.smt2,unsat,0.02
/20220307-SMPT/CircularTrains-PT-096/RF-07.smt2,failed,1200.0
/20220307-SMPT/CircularTrains-PT-096/RF-10.smt2,sat,0.02
/20220307-SMPT/CircularTrains-PT-096/RF-08.smt2,sat,0.02
/20220307-SMPT/CircularTrains-PT-096/RC-08.smt2,unsat,0.02
/20220307-SMPT/CircularTrains-PT-096/RF-15.smt2,sat,0.01
/20220307-SMPT/CircularTrains-PT-096/RF-09.smt2,sat,0.02
/20220307-SMPT/CircularTrains-PT-096/RC-07.smt2,failed,1200.0
/20220307-SMPT/CircularTrains-PT-096/RF-06.smt2,sat,0.02
/20220307-SMPT/CircularTrains-PT-096/RC-09.smt2,sat,0.02
/20220307-SMPT/CircularTrains-PT-096/RC-15.smt2,unsat,0.02
/20220307-SMPT/CircularTrains-PT-096/RC-12.smt2,unsat,0.02
/20220307-SMPT/CircularTrains-PT-096/RF-14.smt2,sat,0.01
/20220307-SMPT/Diffusion2D-PT-D20N010/RC-02.smt2,sat,0.04
/20220307-SMPT/Diffusion2D-PT-D20N010/RF-12.smt2,sat,0.03
/20220307-SMPT/Diffusion2D-PT-D20N010/RC-03.smt2,sat,0.04
/20220307-SMPT/Diffusion2D-PT-D20N010/RF-02.smt2,sat,0.03
/20220307-SMPT/Diffusion2D-PT-D20N010/RC-11.smt2,sat,0.04
/20220307-SMPT/Diffusion2D-PT-D20N010/RF-03.smt2,sat,0.03
/20220307-SMPT/Diffusion2D-PT-D20N010/RC-01.smt2,sat,0.04
/20220307-SMPT/Diffusion2D-PT-D20N010/RF-00.smt2,sat,0.05
/20220307-SMPT/Diffusion2D-PT-D20N010/RC-04.smt2,sat,0.03
/20220307-SMPT/Diffusion2D-PT-D20N010/RF-11.smt2,sat,0.03
/20220307-SMPT/Diffusion2D-PT-D20N010/RC-13.smt2,sat,0.04
/20220307-SMPT/Diffusion2D-PT-D20N010/RC-06.smt2,sat,0.03
/20220307-SMPT/Diffusion2D-PT-D20N010/RC-14.smt2,sat,0.04
/20220307-SMPT/Diffusion2D-PT-D20N010/RC-10.smt2,sat,0.04
/20220307-SMPT/Diffusion2D-PT-D20N010/RF-04.smt2,sat,0.04
/20220307-SMPT/Diffusion2D-PT-D20N010/RF-01.smt2,sat,0.05
/20220307-SMPT/Diffusion2D-PT-D20N010/RF-13.smt2,sat,0.03
/20220307-SMPT/Diffusion2D-PT-D20N010/RC-05.smt2,sat,0.03
/20220307-SMPT/Diffusion2D-PT-D20N010/RC-00.smt2,sat,0.13
/20220307-SMPT/Diffusion2D-PT-D20N010/RF-05.smt2,failed,1200.0
/20220307-SMPT/Diffusion2D-PT-D20N010/RF-07.smt2,sat,0.03
/20220307-SMPT/Diffusion2D-PT-D20N010/RF-10.smt2,sat,0.04
/20220307-SMPT/Diffusion2D-PT-D20N010/RF-08.smt2,sat,0.04
/20220307-SMPT/Diffusion2D-PT-D20N010/RC-08.smt2,sat,0.03
/20220307-SMPT/Diffusion2D-PT-D20N010/RF-15.smt2,sat,0.04
/20220307-SMPT/Diffusion2D-PT-D20N010/RF-09.smt2,sat,0.03
/20220307-SMPT/Diffusion2D-PT-D20N010/RC-07.smt2,sat,0.06
/20220307-SMPT/Diffusion2D-PT-D20N010/RF-06.smt2,sat,0.04
/20220307-SMPT/Diffusion2D-PT-D20N010/RC-09.smt2,sat,0.02
/20220307-SMPT/Diffusion2D-PT-D20N010/RC-15.smt2,sat,0.03
/20220307-SMPT/Diffusion2D-PT-D20N010/RC-12.smt2,sat,0.03
/20220307-SMPT/Diffusion2D-PT-D20N010/RF-14.smt2,sat,0.03
/20220307-SMPT/Diffusion2D-PT-D05N200/RC-02.smt2,sat,0.01
/20220307-SMPT/Diffusion2D-PT-D05N200/RC-03.smt2,sat,0.01
/20220307-SMPT/Diffusion2D-PT-D05N200/RF-02.smt2,sat,0.01
/20220307-SMPT/Diffusion2D-PT-D05N200/RC-11.smt2,sat,0.01
/20220307-SMPT/Diffusion2D-PT-D05N200/RF-03.smt2,sat,0.01
/20220307-SMPT/Diffusion2D-PT-D05N200/RC-01.smt2,sat,0.01
/20220307-SMPT/Diffusion2D-PT-D05N200/RF-00.smt2,sat,0.01
/20220307-SMPT/Diffusion2D-PT-D05N200/RC-04.smt2,sat,0.01
/20220307-SMPT/Diffusion2D-PT-D05N200/RF-11.smt2,sat,0.01
/20220307-SMPT/Diffusion2D-PT-D05N200/RC-13.smt2,sat,0.01
/20220307-SMPT/Diffusion2D-PT-D05N200/RC-06.smt2,unsat,0.01
/20220307-SMPT/Diffusion2D-PT-D05N200/RC-14.smt2,sat,0.01
/20220307-SMPT/Diffusion2D-PT-D05N200/RC-10.smt2,unsat,0.01
/20220307-SMPT/Diffusion2D-PT-D05N200/RF-01.smt2,sat,0.01
/20220307-SMPT/Diffusion2D-PT-D05N200/RF-13.smt2,sat,0.01
/20220307-SMPT/Diffusion2D-PT-D05N200/RC-05.smt2,sat,0.01
/20220307-SMPT/Diffusion2D-PT-D05N200/RC-00.smt2,sat,0.01
/20220307-SMPT/Diffusion2D-PT-D05N200/RF-07.smt2,sat,0.01
/20220307-SMPT/Diffusion2D-PT-D05N200/RF-10.smt2,sat,0.01
/20220307-SMPT/Diffusion2D-PT-D05N200/RF-08.smt2,failed,1200.0
/20220307-SMPT/Diffusion2D-PT-D05N200/RC-08.smt2,sat,0.01
/20220307-SMPT/Diffusion2D-PT-D05N200/RF-15.smt2,sat,0.01
/20220307-SMPT/Diffusion2D-PT-D05N200/RF-09.smt2,unsat,0.01
/20220307-SMPT/Diffusion2D-PT-D05N200/RC-07.smt2,sat,0.01
/20220307-SMPT/Diffusion2D-PT-D05N200/RF-06.smt2,unsat,0.01
/20220307-SMPT/Diffusion2D-PT-D05N200/RC-09.smt2,sat,0.01
/20220307-SMPT/Diffusion2D-PT-D05N200/RC-15.smt2,sat,0.01
/20220307-SMPT/Diffusion2D-PT-D05N200/RC-12.smt2,sat,0.01
/20220307-SMPT/RobotManipulation-PT-01000/RC-02.smt2,sat,0.01
/20220307-SMPT/RobotManipulation-PT-01000/RF-12.smt2,sat,0.01
/20220307-SMPT/RobotManipulation-PT-01000/RC-03.smt2,sat,0.01
/20220307-SMPT/RobotManipulation-PT-01000/RF-02.smt2,sat,0.01
/20220307-SMPT/RobotManipulation-PT-01000/RC-11.smt2,sat,0.01
/20220307-SMPT/RobotManipulation-PT-01000/RF-03.smt2,unsat,0.01
/20220307-SMPT/RobotManipulation-PT-01000/RC-01.smt2,unsat,0.01
/20220307-SMPT/RobotManipulation-PT-01000/RF-00.smt2,sat,0.01
/20220307-SMPT/RobotManipulation-PT-01000/RC-04.smt2,sat,0.01
/20220307-SMPT/RobotManipulation-PT-01000/RF-11.smt2,unsat,0.01
/20220307-SMPT/RobotManipulation-PT-01000/RC-13.smt2,sat,0.01
/20220307-SMPT/RobotManipulation-PT-01000/RC-06.smt2,sat,0.01
/20220307-SMPT/RobotManipulation-PT-01000/RC-14.smt2,sat,0.01
/20220307-SMPT/RobotManipulation-PT-01000/RC-10.smt2,sat,0.01
/20220307-SMPT/RobotManipulation-PT-01000/RF-04.smt2,sat,0.01
/20220307-SMPT/RobotManipulation-PT-01000/RF-01.smt2,unsat,0.01
/20220307-SMPT/RobotManipulation-PT-01000/RF-13.smt2,sat,0.01
/20220307-SMPT/RobotManipulation-PT-01000/RC-05.smt2,sat,0.01
/20220307-SMPT/RobotManipulation-PT-01000/RC-00.smt2,sat,0.01
/20220307-SMPT/RobotManipulation-PT-01000/RF-05.smt2,unsat,0.01
/20220307-SMPT/RobotManipulation-PT-01000/RF-07.smt2,unsat,0.01
/20220307-SMPT/RobotManipulation-PT-01000/RF-10.smt2,sat,0.01
/20220307-SMPT/RobotManipulation-PT-01000/RC-08.smt2,unsat,0.01
/20220307-SMPT/RobotManipulation-PT-01000/RF-15.smt2,sat,0.01
/20220307-SMPT/RobotManipulation-PT-01000/RF-09.smt2,sat,0.01
/20220307-SMPT/RobotManipulation-PT-01000/RF-06.smt2,sat,0.01
/20220307-SMPT/RobotManipulation-PT-01000/RC-09.smt2,unsat,0.01
/20220307-SMPT/RobotManipulation-PT-01000/RC-15.smt2,sat,0.01
/20220307-SMPT/RobotManipulation-PT-01000/RC-12.smt2,sat,0.01
/20220307-SMPT/RobotManipulation-PT-01000/RF-14.smt2,sat,0.01
/20220307-SMPT/SmallOperatingSystem-PT-MT0512DC0128/RC-02.smt2,sat,0.01
/20220307-SMPT/SmallOperatingSystem-PT-MT0512DC0128/RF-12.smt2,sat,0.01
/20220307-SMPT/SmallOperatingSystem-PT-MT0512DC0128/RC-03.smt2,sat,0.01
/20220307-SMPT/SmallOperatingSystem-PT-MT0512DC0128/RF-02.smt2,failed,1200.0
/20220307-SMPT/SmallOperatingSystem-PT-MT0512DC0128/RC-11.smt2,sat,0.01
/20220307-SMPT/SmallOperatingSystem-PT-MT0512DC0128/RF-03.smt2,sat,0.02
/20220307-SMPT/SmallOperatingSystem-PT-MT0512DC0128/RC-01.smt2,sat,0.01
/20220307-SMPT/SmallOperatingSystem-PT-MT0512DC0128/RF-00.smt2,sat,0.01
/20220307-SMPT/SmallOperatingSystem-PT-MT0512DC0128/RC-04.smt2,sat,0.01
/20220307-SMPT/SmallOperatingSystem-PT-MT0512DC0128/RF-11.smt2,sat,0.01
/20220307-SMPT/SmallOperatingSystem-PT-MT0512DC0128/RC-13.smt2,sat,0.01
/20220307-SMPT/SmallOperatingSystem-PT-MT0512DC0128/RC-06.smt2,unsat,0.01
/20220307-SMPT/SmallOperatingSystem-PT-MT0512DC0128/RC-14.smt2,unsat,0.01
/20220307-SMPT/SmallOperatingSystem-PT-MT0512DC0128/RC-10.smt2,unsat,0.01
/20220307-SMPT/SmallOperatingSystem-PT-MT0512DC0128/RF-04.smt2,unsat,0.01
/20220307-SMPT/SmallOperatingSystem-PT-MT0512DC0128/RF-01.smt2,sat,0.01
/20220307-SMPT/SmallOperatingSystem-PT-MT0512DC0128/RC-05.smt2,sat,0.01
/20220307-SMPT/SmallOperatingSystem-PT-MT0512DC0128/RC-00.smt2,sat,0.01
/20220307-SMPT/SmallOperatingSystem-PT-MT0512DC0128/RF-07.smt2,unsat,0.01
/20220307-SMPT/SmallOperatingSystem-PT-MT0512DC0128/RF-08.smt2,sat,0.02
/20220307-SMPT/SmallOperatingSystem-PT-MT0512DC0128/RC-08.smt2,unsat,0.01
/20220307-SMPT/SmallOperatingSystem-PT-MT0512DC0128/RF-15.smt2,sat,0.01
/20220307-SMPT/SmallOperatingSystem-PT-MT0512DC0128/RF-09.smt2,sat,0.01
/20220307-SMPT/SmallOperatingSystem-PT-MT0512DC0128/RC-07.smt2,unsat,0.01
/20220307-SMPT/SmallOperatingSystem-PT-MT0512DC0128/RF-06.smt2,sat,0.01
/20220307-SMPT/SmallOperatingSystem-PT-MT0512DC0128/RC-09.smt2,failed,1200.0
/20220307-SMPT/SmallOperatingSystem-PT-MT0512DC0128/RC-15.smt2,sat,0.02
/20220307-SMPT/SmallOperatingSystem-PT-MT0512DC0128/RC-12.smt2,unsat,0.01
/20220307-SMPT/SmallOperatingSystem-PT-MT0512DC0128/RF-14.smt2,unsat,0.01
/20220307-SMPT/RwMutex-PT-r0010w1000/RC-02.smt2,unsat,0.69
/20220307-SMPT/RwMutex-PT-r0010w1000/RF-12.smt2,unsat,2.11
/20220307-SMPT/RwMutex-PT-r0010w1000/RC-03.smt2,unsat,1.07
/20220307-SMPT/RwMutex-PT-r0010w1000/RF-02.smt2,unsat,1.45
/20220307-SMPT/RwMutex-PT-r0010w1000/RC-11.smt2,unsat,0.56
/20220307-SMPT/RwMutex-PT-r0010w1000/RF-03.smt2,unsat,0.81
/20220307-SMPT/RwMutex-PT-r0010w1000/RC-01.smt2,unsat,0.97
/20220307-SMPT/RwMutex-PT-r0010w1000/RF-00.smt2,unsat,1.0
/20220307-SMPT/RwMutex-PT-r0010w1000/RC-04.smt2,unsat,0.93
/20220307-SMPT/RwMutex-PT-r0010w1000/RF-11.smt2,unsat,2.16
/20220307-SMPT/RwMutex-PT-r0010w1000/RC-13.smt2,unsat,1.32
/20220307-SMPT/RwMutex-PT-r0010w1000/RC-06.smt2,unsat,0.67
/20220307-SMPT/RwMutex-PT-r0010w1000/RC-14.smt2,unsat,1.21
/20220307-SMPT/RwMutex-PT-r0010w1000/RC-10.smt2,unsat,0.5
/20220307-SMPT/RwMutex-PT-r0010w1000/RF-04.smt2,unsat,2.54
/20220307-SMPT/RwMutex-PT-r0010w1000/RF-01.smt2,unsat,2.16
/20220307-SMPT/RwMutex-PT-r0010w1000/RF-13.smt2,unsat,2.25
/20220307-SMPT/RwMutex-PT-r0010w1000/RC-05.smt2,unsat,1.36
/20220307-SMPT/RwMutex-PT-r0010w1000/RC-00.smt2,unsat,0.92
/20220307-SMPT/RwMutex-PT-r0010w1000/RF-05.smt2,unsat,1.4
/20220307-SMPT/RwMutex-PT-r0010w1000/RF-07.smt2,unsat,1.77
/20220307-SMPT/RwMutex-PT-r0010w1000/RF-10.smt2,unsat,1.55
/20220307-SMPT/RwMutex-PT-r0010w1000/RF-08.smt2,unsat,1.3
/20220307-SMPT/RwMutex-PT-r0010w1000/RC-08.smt2,unsat,0.67
/20220307-SMPT/RwMutex-PT-r0010w1000/RF-15.smt2,unsat,1.33
/20220307-SMPT/RwMutex-PT-r0010w1000/RF-09.smt2,unsat,1.53
/20220307-SMPT/RwMutex-PT-r0010w1000/RC-07.smt2,unsat,0.59
/20220307-SMPT/RwMutex-PT-r0010w1000/RF-06.smt2,unsat,1.6
/20220307-SMPT/RwMutex-PT-r0010w1000/RC-09.smt2,unsat,0.83
/20220307-SMPT/RwMutex-PT-r0010w1000/RC-15.smt2,unsat,1.15
/20220307-SMPT/RwMutex-PT-r0010w1000/RC-12.smt2,unsat,0.58
/20220307-SMPT/RwMutex-PT-r0010w1000/RF-14.smt2,unsat,0.95
/20220307-SMPT/RwMutex-PT-r0010w2000/RC-02.smt2,unsat,3.69
/20220307-SMPT/RwMutex-PT-r0010w2000/RF-12.smt2,unsat,4.48
/20220307-SMPT/RwMutex-PT-r0010w2000/RC-03.smt2,unsat,1.57
/20220307-SMPT/RwMutex-PT-r0010w2000/RF-02.smt2,unsat,9.65
/20220307-SMPT/RwMutex-PT-r0010w2000/RC-11.smt2,unsat,1.53
/20220307-SMPT/RwMutex-PT-r0010w2000/RF-03.smt2,unsat,6.84
/20220307-SMPT/RwMutex-PT-r0010w2000/RC-01.smt2,unsat,1.39
/20220307-SMPT/RwMutex-PT-r0010w2000/RF-00.smt2,unsat,8.8
/20220307-SMPT/RwMutex-PT-r0010w2000/RC-04.smt2,unsat,1.87
/20220307-SMPT/RwMutex-PT-r0010w2000/RF-11.smt2,unsat,3.27
/20220307-SMPT/RwMutex-PT-r0010w2000/RC-13.smt2,unsat,1.46
/20220307-SMPT/RwMutex-PT-r0010w2000/RC-06.smt2,unsat,3.94
/20220307-SMPT/RwMutex-PT-r0010w2000/RC-14.smt2,unsat,5.9
/20220307-SMPT/RwMutex-PT-r0010w2000/RC-10.smt2,unsat,1.83
/20220307-SMPT/RwMutex-PT-r0010w2000/RF-04.smt2,unsat,4.17
/20220307-SMPT/RwMutex-PT-r0010w2000/RF-01.smt2,unsat,10.11
/20220307-SMPT/RwMutex-PT-r0010w2000/RF-13.smt2,unsat,3.51
/20220307-SMPT/RwMutex-PT-r0010w2000/RC-05.smt2,unsat,1.81
/20220307-SMPT/RwMutex-PT-r0010w2000/RC-00.smt2,unsat,2.88
/20220307-SMPT/RwMutex-PT-r0010w2000/RF-05.smt2,unsat,4.66
/20220307-SMPT/RwMutex-PT-r0010w2000/RF-07.smt2,unsat,8.82
/20220307-SMPT/RwMutex-PT-r0010w2000/RF-10.smt2,unsat,8.04
/20220307-SMPT/RwMutex-PT-r0010w2000/RF-08.smt2,unsat,2.11
/20220307-SMPT/RwMutex-PT-r0010w2000/RC-08.smt2,unsat,6.09
/20220307-SMPT/RwMutex-PT-r0010w2000/RF-15.smt2,unsat,1.68
/20220307-SMPT/RwMutex-PT-r0010w2000/RF-09.smt2,unsat,8.95
/20220307-SMPT/RwMutex-PT-r0010w2000/RC-07.smt2,unsat,1.57
/20220307-SMPT/RwMutex-PT-r0010w2000/RF-06.smt2,unsat,5.41
/20220307-SMPT/RwMutex-PT-r0010w2000/RC-09.smt2,unsat,3.11
/20220307-SMPT/RwMutex-PT-r0010w2000/RC-15.smt2,unsat,1.81
/20220307-SMPT/RwMutex-PT-r0010w2000/RC-12.smt2,unsat,3.57
/20220307-SMPT/RwMutex-PT-r0010w2000/RF-14.smt2,unsat,7.03
/20220307-SMPT/RobotManipulation-PT-10000/RC-02.smt2,sat,0.01
/20220307-SMPT/RobotManipulation-PT-10000/RF-12.smt2,unsat,0.01
/20220307-SMPT/RobotManipulation-PT-10000/RC-03.smt2,sat,0.01
/20220307-SMPT/RobotManipulation-PT-10000/RF-02.smt2,unsat,0.01
/20220307-SMPT/RobotManipulation-PT-10000/RC-11.smt2,sat,0.01
/20220307-SMPT/RobotManipulation-PT-10000/RF-03.smt2,sat,0.01
/20220307-SMPT/RobotManipulation-PT-10000/RC-01.smt2,sat,0.01
/20220307-SMPT/RobotManipulation-PT-10000/RF-00.smt2,sat,0.01
/20220307-SMPT/RobotManipulation-PT-10000/RC-04.smt2,sat,0.01
/20220307-SMPT/RobotManipulation-PT-10000/RF-11.smt2,unsat,0.01
/20220307-SMPT/RobotManipulation-PT-10000/RC-06.smt2,unsat,0.01
/20220307-SMPT/RobotManipulation-PT-10000/RC-14.smt2,unsat,0.01
/20220307-SMPT/RobotManipulation-PT-10000/RC-10.smt2,unsat,0.01
/20220307-SMPT/RobotManipulation-PT-10000/RF-04.smt2,sat,0.01
/20220307-SMPT/RobotManipulation-PT-10000/RF-01.smt2,sat,0.01
/20220307-SMPT/RobotManipulation-PT-10000/RF-13.smt2,unsat,0.01
/20220307-SMPT/RobotManipulation-PT-10000/RC-05.smt2,unsat,0.01
/20220307-SMPT/RobotManipulation-PT-10000/RC-00.smt2,unsat,0.01
/20220307-SMPT/RobotManipulation-PT-10000/RF-07.smt2,sat,0.01
/20220307-SMPT/RobotManipulation-PT-10000/RF-10.smt2,sat,0.01
/20220307-SMPT/RobotManipulation-PT-10000/RF-08.smt2,sat,0.03
/20220307-SMPT/RobotManipulation-PT-10000/RC-08.smt2,failed,1200.0
/20220307-SMPT/RobotManipulation-PT-10000/RF-15.smt2,sat,0.01
/20220307-SMPT/RobotManipulation-PT-10000/RF-09.smt2,sat,0.01
/20220307-SMPT/RobotManipulation-PT-10000/RC-07.smt2,sat,0.01
/20220307-SMPT/RobotManipulation-PT-10000/RF-06.smt2,sat,0.01
/20220307-SMPT/RobotManipulation-PT-10000/RC-09.smt2,sat,0.01
/20220307-SMPT/RobotManipulation-PT-10000/RC-15.smt2,sat,0.01
/20220307-SMPT/RobotManipulation-PT-10000/RC-12.smt2,sat,0.01
/20220307-SMPT/RobotManipulation-PT-10000/RF-14.smt2,sat,0.01
/20220307-SMPT/Diffusion2D-PT-D40N050/RC-02.smt2,sat,0.16
/20220307-SMPT/Diffusion2D-PT-D40N050/RF-12.smt2,sat,0.16
/20220307-SMPT/Diffusion2D-PT-D40N050/RC-03.smt2,sat,0.15
/20220307-SMPT/Diffusion2D-PT-D40N050/RF-02.smt2,sat,0.16
/20220307-SMPT/Diffusion2D-PT-D40N050/RC-11.smt2,sat,0.18
/20220307-SMPT/Diffusion2D-PT-D40N050/RF-03.smt2,sat,0.14
/20220307-SMPT/Diffusion2D-PT-D40N050/RC-01.smt2,sat,0.15
/20220307-SMPT/Diffusion2D-PT-D40N050/RF-00.smt2,sat,0.16
/20220307-SMPT/Diffusion2D-PT-D40N050/RC-04.smt2,sat,0.19
/20220307-SMPT/Diffusion2D-PT-D40N050/RF-11.smt2,sat,0.16
/20220307-SMPT/Diffusion2D-PT-D40N050/RC-13.smt2,sat,0.07
/20220307-SMPT/Diffusion2D-PT-D40N050/RC-06.smt2,sat,0.19
/20220307-SMPT/Diffusion2D-PT-D40N050/RC-14.smt2,sat,0.13
/20220307-SMPT/Diffusion2D-PT-D40N050/RC-10.smt2,sat,0.13
/20220307-SMPT/Diffusion2D-PT-D40N050/RF-04.smt2,sat,0.18
/20220307-SMPT/Diffusion2D-PT-D40N050/RF-01.smt2,sat,0.07
/20220307-SMPT/Diffusion2D-PT-D40N050/RF-13.smt2,sat,0.14
/20220307-SMPT/Diffusion2D-PT-D40N050/RC-05.smt2,sat,0.16
/20220307-SMPT/Diffusion2D-PT-D40N050/RC-00.smt2,sat,0.07
/20220307-SMPT/Diffusion2D-PT-D40N050/RF-05.smt2,sat,0.13
/20220307-SMPT/Diffusion2D-PT-D40N050/RF-07.smt2,sat,0.07
/20220307-SMPT/Diffusion2D-PT-D40N050/RF-10.smt2,sat,0.15
/20220307-SMPT/Diffusion2D-PT-D40N050/RF-08.smt2,sat,0.16
/20220307-SMPT/Diffusion2D-PT-D40N050/RC-08.smt2,sat,0.16
/20220307-SMPT/Diffusion2D-PT-D40N050/RF-15.smt2,sat,0.17
/20220307-SMPT/Diffusion2D-PT-D40N050/RF-09.smt2,sat,0.19
/20220307-SMPT/Diffusion2D-PT-D40N050/RC-07.smt2,sat,0.16
/20220307-SMPT/Diffusion2D-PT-D40N050/RF-06.smt2,sat,0.19
/20220307-SMPT/Diffusion2D-PT-D40N050/RC-09.smt2,sat,0.17
/20220307-SMPT/Diffusion2D-PT-D40N050/RC-15.smt2,sat,0.16
/20220307-SMPT/Diffusion2D-PT-D40N050/RC-12.smt2,sat,0.16
/20220307-SMPT/Diffusion2D-PT-D40N050/RF-14.smt2,sat,0.19
/20220307-SMPT/Sudoku-PT-AN01/RC-02.smt2,sat,0.01
/20220307-SMPT/Sudoku-PT-AN01/RF-12.smt2,sat,0.01
/20220307-SMPT/Sudoku-PT-AN01/RC-03.smt2,unsat,0.01
/20220307-SMPT/Sudoku-PT-AN01/RF-02.smt2,sat,0.01
/20220307-SMPT/Sudoku-PT-AN01/RC-11.smt2,unsat,0.01
/20220307-SMPT/Sudoku-PT-AN01/RF-03.smt2,sat,0.01
/20220307-SMPT/Sudoku-PT-AN01/RC-01.smt2,sat,0.01
/20220307-SMPT/Sudoku-PT-AN01/RF-00.smt2,sat,0.01
/20220307-SMPT/Sudoku-PT-AN01/RC-04.smt2,unsat,0.01
/20220307-SMPT/Sudoku-PT-AN01/RC-13.smt2,sat,0.01
/20220307-SMPT/Sudoku-PT-AN01/RC-06.smt2,sat,0.01
/20220307-SMPT/Sudoku-PT-AN01/RC-14.smt2,sat,0.01
/20220307-SMPT/Sudoku-PT-AN01/RC-10.smt2,sat,0.01
/20220307-SMPT/Sudoku-PT-AN01/RF-04.smt2,sat,0.01
/20220307-SMPT/Sudoku-PT-AN01/RF-01.smt2,sat,0.01
/20220307-SMPT/Sudoku-PT-AN01/RF-13.smt2,sat,0.01
/20220307-SMPT/Sudoku-PT-AN01/RC-00.smt2,sat,0.01
/20220307-SMPT/Sudoku-PT-AN01/RF-05.smt2,sat,0.01
/20220307-SMPT/Sudoku-PT-AN01/RF-10.smt2,sat,0.01
/20220307-SMPT/Sudoku-PT-AN01/RC-08.smt2,unsat,0.01
/20220307-SMPT/Sudoku-PT-AN01/RF-09.smt2,sat,0.01
/20220307-SMPT/Sudoku-PT-AN01/RC-07.smt2,sat,0.01
/20220307-SMPT/Sudoku-PT-AN01/RF-06.smt2,sat,0.01
/20220307-SMPT/Sudoku-PT-AN01/RC-09.smt2,sat,0.01
/20220307-SMPT/Sudoku-PT-AN01/RC-15.smt2,sat,0.01
/20220307-SMPT/Eratosthenes-PT-050/RC-02.smt2,unsat,0.03
/20220307-SMPT/Eratosthenes-PT-050/RF-12.smt2,sat,0.03
/20220307-SMPT/Eratosthenes-PT-050/RC-03.smt2,unsat,0.03
/20220307-SMPT/Eratosthenes-PT-050/RF-02.smt2,failed,1200.0
/20220307-SMPT/Eratosthenes-PT-050/RC-11.smt2,failed,1200.0
/20220307-SMPT/Eratosthenes-PT-050/RF-03.smt2,sat,0.01
/20220307-SMPT/Eratosthenes-PT-050/RC-01.smt2,unsat,0.01
/20220307-SMPT/Eratosthenes-PT-050/RF-00.smt2,sat,0.03
/20220307-SMPT/Eratosthenes-PT-050/RC-04.smt2,unsat,0.03
/20220307-SMPT/Eratosthenes-PT-050/RF-11.smt2,sat,0.01
/20220307-SMPT/Eratosthenes-PT-050/RC-13.smt2,unsat,0.01
/20220307-SMPT/Eratosthenes-PT-050/RC-06.smt2,unsat,0.01
/20220307-SMPT/Eratosthenes-PT-050/RC-14.smt2,unsat,0.02
/20220307-SMPT/Eratosthenes-PT-050/RC-10.smt2,unsat,0.03
/20220307-SMPT/Eratosthenes-PT-050/RF-04.smt2,sat,0.01
/20220307-SMPT/Eratosthenes-PT-050/RF-01.smt2,sat,0.01
/20220307-SMPT/Eratosthenes-PT-050/RF-13.smt2,failed,1200.0
/20220307-SMPT/Eratosthenes-PT-050/RC-05.smt2,unsat,0.03
/20220307-SMPT/Eratosthenes-PT-050/RC-00.smt2,unsat,0.01
/20220307-SMPT/Eratosthenes-PT-050/RF-05.smt2,unsat,0.01
/20220307-SMPT/Eratosthenes-PT-050/RF-07.smt2,sat,0.01
/20220307-SMPT/Eratosthenes-PT-050/RF-10.smt2,failed,1200.0
/20220307-SMPT/Eratosthenes-PT-050/RF-08.smt2,unsat,0.01
/20220307-SMPT/Eratosthenes-PT-050/RC-08.smt2,unsat,0.03
/20220307-SMPT/Eratosthenes-PT-050/RF-15.smt2,sat,0.01
/20220307-SMPT/Eratosthenes-PT-050/RF-09.smt2,unsat,0.01
/20220307-SMPT/Eratosthenes-PT-050/RC-07.smt2,unsat,0.01
/20220307-SMPT/Eratosthenes-PT-050/RF-06.smt2,sat,0.01
/20220307-SMPT/Eratosthenes-PT-050/RC-09.smt2,unsat,0.03
/20220307-SMPT/Eratosthenes-PT-050/RC-15.smt2,unsat,0.01
/20220307-SMPT/Eratosthenes-PT-050/RC-12.smt2,unsat,0.03
/20220307-SMPT/Eratosthenes-PT-050/RF-14.smt2,sat,0.01
/20220307-SMPT/2PhLockVParam/RC-02.smt2,unsat,0.01
/20220307-SMPT/2PhLockVParam/RF-12.smt2,unsat,0.01
/20220307-SMPT/2PhLockVParam/RC-03.smt2,sat,0.01
/20220307-SMPT/2PhLockVParam/RF-02.smt2,sat,0.01
/20220307-SMPT/2PhLockVParam/RC-11.smt2,sat,0.01
/20220307-SMPT/2PhLockVParam/RF-03.smt2,sat,0.01
/20220307-SMPT/2PhLockVParam/RC-01.smt2,sat,0.01
/20220307-SMPT/2PhLockVParam/RF-00.smt2,unsat,0.01
/20220307-SMPT/2PhLockVParam/RC-04.smt2,sat,0.01
/20220307-SMPT/2PhLockVParam/RF-11.smt2,unsat,0.01
/20220307-SMPT/2PhLockVParam/RC-13.smt2,sat,0.01
/20220307-SMPT/2PhLockVParam/RC-06.smt2,sat,0.01
/20220307-SMPT/2PhLockVParam/RC-14.smt2,sat,0.01
/20220307-SMPT/2PhLockVParam/RC-10.smt2,sat,0.01
/20220307-SMPT/2PhLockVParam/RF-04.smt2,sat,0.01
/20220307-SMPT/2PhLockVParam/RF-01.smt2,sat,0.01
/20220307-SMPT/2PhLockVParam/RC-05.smt2,sat,0.01
/20220307-SMPT/2PhLockVParam/RC-00.smt2,sat,0.01
/20220307-SMPT/2PhLockVParam/RF-05.smt2,sat,0.01
/20220307-SMPT/2PhLockVParam/RF-07.smt2,sat,0.01
/20220307-SMPT/2PhLockVParam/RF-10.smt2,sat,0.01
/20220307-SMPT/2PhLockVParam/RF-08.smt2,sat,0.01
/20220307-SMPT/2PhLockVParam/RC-08.smt2,unsat,0.01
/20220307-SMPT/2PhLockVParam/RF-15.smt2,sat,0.01
/20220307-SMPT/2PhLockVParam/RF-09.smt2,sat,0.01
/20220307-SMPT/2PhLockVParam/RC-07.smt2,unsat,0.01
/20220307-SMPT/2PhLockVParam/RF-06.smt2,unsat,0.01
/20220307-SMPT/2PhLockVParam/RC-09.smt2,sat,0.01
/20220307-SMPT/2PhLockVParam/RC-15.smt2,unsat,0.01
/20220307-SMPT/2PhLockVParam/RC-12.smt2,sat,0.01
/20220307-SMPT/2PhLockVParam/RF-14.smt2,failed,1200.0
/20220307-SMPT/MAPK-PT-00080/RC-02.smt2,sat,0.01
/20220307-SMPT/MAPK-PT-00080/RF-12.smt2,sat,0.01
/20220307-SMPT/MAPK-PT-00080/RC-03.smt2,sat,0.01
/20220307-SMPT/MAPK-PT-00080/RF-02.smt2,unsat,0.01
/20220307-SMPT/MAPK-PT-00080/RC-11.smt2,sat,0.03
/20220307-SMPT/MAPK-PT-00080/RF-03.smt2,sat,0.01
/20220307-SMPT/MAPK-PT-00080/RC-01.smt2,unsat,0.01
/20220307-SMPT/MAPK-PT-00080/RF-00.smt2,sat,0.01
/20220307-SMPT/MAPK-PT-00080/RC-04.smt2,sat,0.01
/20220307-SMPT/MAPK-PT-00080/RF-11.smt2,sat,0.01
/20220307-SMPT/MAPK-PT-00080/RC-13.smt2,sat,0.01
/20220307-SMPT/MAPK-PT-00080/RC-06.smt2,sat,0.01
/20220307-SMPT/MAPK-PT-00080/RC-14.smt2,sat,0.01
/20220307-SMPT/MAPK-PT-00080/RC-10.smt2,sat,0.01
/20220307-SMPT/MAPK-PT-00080/RF-04.smt2,sat,0.01
/20220307-SMPT/MAPK-PT-00080/RF-01.smt2,sat,0.01
/20220307-SMPT/MAPK-PT-00080/RF-13.smt2,unsat,0.01
/20220307-SMPT/MAPK-PT-00080/RC-05.smt2,sat,0.01
/20220307-SMPT/MAPK-PT-00080/RC-00.smt2,sat,0.01
/20220307-SMPT/MAPK-PT-00080/RF-05.smt2,sat,0.01
/20220307-SMPT/MAPK-PT-00080/RF-07.smt2,sat,0.01
/20220307-SMPT/MAPK-PT-00080/RF-10.smt2,sat,0.01
/20220307-SMPT/MAPK-PT-00080/RF-08.smt2,sat,0.01
/20220307-SMPT/MAPK-PT-00080/RC-08.smt2,sat,0.01
/20220307-SMPT/MAPK-PT-00080/RF-15.smt2,sat,0.01
/20220307-SMPT/MAPK-PT-00080/RF-09.smt2,sat,0.01
/20220307-SMPT/MAPK-PT-00080/RC-07.smt2,sat,0.01
/20220307-SMPT/MAPK-PT-00080/RF-06.smt2,sat,0.01
/20220307-SMPT/MAPK-PT-00080/RC-09.smt2,sat,0.01
/20220307-SMPT/MAPK-PT-00080/RC-15.smt2,sat,0.01
/20220307-SMPT/MAPK-PT-00080/RC-12.smt2,sat,0.01
/20220307-SMPT/MAPK-PT-00080/RF-14.smt2,unsat,0.01
/20220307-SMPT/BART-PT-060/RC-02.smt2,sat,0.85
/20220307-SMPT/BART-PT-060/RF-12.smt2,sat,0.87
/20220307-SMPT/BART-PT-060/RC-03.smt2,sat,0.91
/20220307-SMPT/BART-PT-060/RF-02.smt2,sat,0.51
/20220307-SMPT/BART-PT-060/RC-11.smt2,sat,0.8
/20220307-SMPT/BART-PT-060/RF-03.smt2,sat,1.03
/20220307-SMPT/BART-PT-060/RC-01.smt2,unsat,1.17
/20220307-SMPT/BART-PT-060/RF-00.smt2,sat,0.69
/20220307-SMPT/BART-PT-060/RC-04.smt2,unsat,0.63
/20220307-SMPT/BART-PT-060/RF-11.smt2,sat,0.78
/20220307-SMPT/BART-PT-060/RC-13.smt2,unsat,0.5
/20220307-SMPT/BART-PT-060/RC-06.smt2,sat,1.06
/20220307-SMPT/BART-PT-060/RC-14.smt2,sat,0.71
/20220307-SMPT/BART-PT-060/RC-10.smt2,sat,0.99
/20220307-SMPT/BART-PT-060/RF-04.smt2,sat,0.76
/20220307-SMPT/BART-PT-060/RF-01.smt2,sat,0.59
/20220307-SMPT/BART-PT-060/RF-13.smt2,sat,1.07
/20220307-SMPT/BART-PT-060/RC-05.smt2,unsat,0.67
/20220307-SMPT/BART-PT-060/RC-00.smt2,sat,0.83
/20220307-SMPT/BART-PT-060/RF-05.smt2,sat,1.06
/20220307-SMPT/BART-PT-060/RF-07.smt2,unsat,0.65
/20220307-SMPT/BART-PT-060/RF-10.smt2,sat,1.25
/20220307-SMPT/BART-PT-060/RF-08.smt2,sat,1.42
/20220307-SMPT/BART-PT-060/RC-08.smt2,unsat,0.63
/20220307-SMPT/BART-PT-060/RF-15.smt2,sat,0.83
/20220307-SMPT/BART-PT-060/RF-09.smt2,sat,0.79
/20220307-SMPT/BART-PT-060/RC-07.smt2,sat,0.66
/20220307-SMPT/BART-PT-060/RF-06.smt2,sat,0.67
/20220307-SMPT/BART-PT-060/RC-09.smt2,sat,0.84
/20220307-SMPT/BART-PT-060/RC-15.smt2,sat,1.21
/20220307-SMPT/BART-PT-060/RC-12.smt2,unsat,1.07
/20220307-SMPT/BART-PT-060/RF-14.smt2,sat,0.85
/20220307-SMPT/IOTPpurchase-PT-C01M01P01D01/RC-02.smt2,sat,0.02
/20220307-SMPT/IOTPpurchase-PT-C01M01P01D01/RF-12.smt2,sat,0.02
/20220307-SMPT/IOTPpurchase-PT-C01M01P01D01/RC-03.smt2,sat,0.02
/20220307-SMPT/IOTPpurchase-PT-C01M01P01D01/RF-02.smt2,unsat,0.05
/20220307-SMPT/IOTPpurchase-PT-C01M01P01D01/RC-11.smt2,sat,0.03
/20220307-SMPT/IOTPpurchase-PT-C01M01P01D01/RF-03.smt2,sat,0.02
/20220307-SMPT/IOTPpurchase-PT-C01M01P01D01/RC-01.smt2,sat,0.01
/20220307-SMPT/IOTPpurchase-PT-C01M01P01D01/RF-00.smt2,sat,0.01
/20220307-SMPT/IOTPpurchase-PT-C01M01P01D01/RC-04.smt2,sat,0.03
/20220307-SMPT/IOTPpurchase-PT-C01M01P01D01/RF-11.smt2,unsat,0.02
/20220307-SMPT/IOTPpurchase-PT-C01M01P01D01/RC-13.smt2,unsat,0.02
/20220307-SMPT/IOTPpurchase-PT-C01M01P01D01/RC-06.smt2,sat,0.02
/20220307-SMPT/IOTPpurchase-PT-C01M01P01D01/RC-14.smt2,sat,0.02
/20220307-SMPT/IOTPpurchase-PT-C01M01P01D01/RC-10.smt2,sat,0.02
/20220307-SMPT/IOTPpurchase-PT-C01M01P01D01/RF-04.smt2,sat,0.01
/20220307-SMPT/IOTPpurchase-PT-C01M01P01D01/RF-01.smt2,unsat,0.02
/20220307-SMPT/IOTPpurchase-PT-C01M01P01D01/RF-13.smt2,sat,0.02
/20220307-SMPT/IOTPpurchase-PT-C01M01P01D01/RC-05.smt2,unsat,0.02
/20220307-SMPT/IOTPpurchase-PT-C01M01P01D01/RC-00.smt2,sat,0.02
/20220307-SMPT/IOTPpurchase-PT-C01M01P01D01/RF-05.smt2,sat,0.02
/20220307-SMPT/IOTPpurchase-PT-C01M01P01D01/RF-07.smt2,sat,0.02
/20220307-SMPT/IOTPpurchase-PT-C01M01P01D01/RF-10.smt2,sat,0.02
/20220307-SMPT/IOTPpurchase-PT-C01M01P01D01/RF-08.smt2,sat,0.02
/20220307-SMPT/IOTPpurchase-PT-C01M01P01D01/RC-08.smt2,sat,0.02
/20220307-SMPT/IOTPpurchase-PT-C01M01P01D01/RF-15.smt2,unsat,0.02
/20220307-SMPT/IOTPpurchase-PT-C01M01P01D01/RF-09.smt2,unsat,0.02
/20220307-SMPT/IOTPpurchase-PT-C01M01P01D01/RC-07.smt2,sat,0.02
/20220307-SMPT/IOTPpurchase-PT-C01M01P01D01/RF-06.smt2,sat,0.02
/20220307-SMPT/IOTPpurchase-PT-C01M01P01D01/RC-09.smt2,sat,0.02
/20220307-SMPT/IOTPpurchase-PT-C01M01P01D01/RC-15.smt2,sat,0.01
/20220307-SMPT/IOTPpurchase-PT-C01M01P01D01/RC-12.smt2,failed,1200.0
/20220307-SMPT/IOTPpurchase-PT-C01M01P01D01/RF-14.smt2,sat,0.02
/20220307-SMPT/RobotManipulation-PT-05000/RC-02.smt2,sat,0.01
/20220307-SMPT/RobotManipulation-PT-05000/RC-03.smt2,unsat,0.01
/20220307-SMPT/RobotManipulation-PT-05000/RF-02.smt2,sat,0.01
/20220307-SMPT/RobotManipulation-PT-05000/RC-11.smt2,sat,0.01
/20220307-SMPT/RobotManipulation-PT-05000/RF-03.smt2,sat,0.01
/20220307-SMPT/RobotManipulation-PT-05000/RC-01.smt2,sat,0.01
/20220307-SMPT/RobotManipulation-PT-05000/RF-00.smt2,unsat,0.01
/20220307-SMPT/RobotManipulation-PT-05000/RC-04.smt2,sat,0.01
/20220307-SMPT/RobotManipulation-PT-05000/RF-11.smt2,sat,0.01
/20220307-SMPT/RobotManipulation-PT-05000/RC-13.smt2,sat,0.01
/20220307-SMPT/RobotManipulation-PT-05000/RC-06.smt2,sat,0.01
/20220307-SMPT/RobotManipulation-PT-05000/RC-14.smt2,unsat,0.01
/20220307-SMPT/RobotManipulation-PT-05000/RC-10.smt2,sat,0.01
/20220307-SMPT/RobotManipulation-PT-05000/RF-04.smt2,unsat,0.01
/20220307-SMPT/RobotManipulation-PT-05000/RF-01.smt2,sat,0.01
/20220307-SMPT/RobotManipulation-PT-05000/RC-05.smt2,sat,0.01
/20220307-SMPT/RobotManipulation-PT-05000/RC-00.smt2,sat,0.01
/20220307-SMPT/RobotManipulation-PT-05000/RF-05.smt2,unsat,0.01
/20220307-SMPT/RobotManipulation-PT-05000/RF-07.smt2,unsat,0.01
/20220307-SMPT/RobotManipulation-PT-05000/RF-10.smt2,sat,0.01
/20220307-SMPT/RobotManipulation-PT-05000/RF-08.smt2,unsat,0.01
/20220307-SMPT/RobotManipulation-PT-05000/RC-08.smt2,sat,0.01
/20220307-SMPT/RobotManipulation-PT-05000/RF-15.smt2,unsat,0.01
/20220307-SMPT/RobotManipulation-PT-05000/RF-09.smt2,sat,0.01
/20220307-SMPT/RobotManipulation-PT-05000/RC-07.smt2,unsat,0.01
/20220307-SMPT/RobotManipulation-PT-05000/RF-06.smt2,unsat,0.01
/20220307-SMPT/RobotManipulation-PT-05000/RC-09.smt2,sat,0.01
/20220307-SMPT/RobotManipulation-PT-05000/RC-15.smt2,sat,0.01
/20220307-SMPT/RobotManipulation-PT-05000/RC-12.smt2,sat,0.01
/20220307-SMPT/RobotManipulation-PT-05000/RF-14.smt2,sat,0.01
/20220307-SMPT/Diffusion2D-PT-D05N100/RC-02.smt2,sat,0.01
/20220307-SMPT/Diffusion2D-PT-D05N100/RF-12.smt2,sat,0.01
/20220307-SMPT/Diffusion2D-PT-D05N100/RC-03.smt2,sat,0.01
/20220307-SMPT/Diffusion2D-PT-D05N100/RF-02.smt2,sat,0.01
/20220307-SMPT/Diffusion2D-PT-D05N100/RC-11.smt2,sat,0.01
/20220307-SMPT/Diffusion2D-PT-D05N100/RF-03.smt2,sat,0.01
/20220307-SMPT/Diffusion2D-PT-D05N100/RC-01.smt2,sat,0.01
/20220307-SMPT/Diffusion2D-PT-D05N100/RF-00.smt2,sat,0.01
/20220307-SMPT/Diffusion2D-PT-D05N100/RC-04.smt2,sat,0.01
/20220307-SMPT/Diffusion2D-PT-D05N100/RF-11.smt2,sat,0.01
/20220307-SMPT/Diffusion2D-PT-D05N100/RC-13.smt2,sat,0.01
/20220307-SMPT/Diffusion2D-PT-D05N100/RC-06.smt2,sat,0.01
/20220307-SMPT/Diffusion2D-PT-D05N100/RC-14.smt2,sat,0.01
/20220307-SMPT/Diffusion2D-PT-D05N100/RC-10.smt2,sat,0.01
/20220307-SMPT/Diffusion2D-PT-D05N100/RF-04.smt2,sat,0.01
/20220307-SMPT/Diffusion2D-PT-D05N100/RF-01.smt2,sat,0.01
/20220307-SMPT/Diffusion2D-PT-D05N100/RF-13.smt2,sat,0.01
/20220307-SMPT/Diffusion2D-PT-D05N100/RC-05.smt2,sat,0.01
/20220307-SMPT/Diffusion2D-PT-D05N100/RC-00.smt2,sat,0.01
/20220307-SMPT/Diffusion2D-PT-D05N100/RF-05.smt2,sat,0.01
/20220307-SMPT/Diffusion2D-PT-D05N100/RF-07.smt2,unsat,0.01
/20220307-SMPT/Diffusion2D-PT-D05N100/RF-10.smt2,unsat,0.01
/20220307-SMPT/Diffusion2D-PT-D05N100/RF-08.smt2,sat,0.01
/20220307-SMPT/Diffusion2D-PT-D05N100/RC-08.smt2,sat,0.01
/20220307-SMPT/Diffusion2D-PT-D05N100/RF-15.smt2,unsat,0.01
/20220307-SMPT/Diffusion2D-PT-D05N100/RF-09.smt2,sat,0.01
/20220307-SMPT/Diffusion2D-PT-D05N100/RC-07.smt2,sat,0.01
/20220307-SMPT/Diffusion2D-PT-D05N100/RF-06.smt2,sat,0.01
/20220307-SMPT/Diffusion2D-PT-D05N100/RC-09.smt2,sat,0.01
/20220307-SMPT/Diffusion2D-PT-D05N100/RC-15.smt2,sat,0.01
/20220307-SMPT/Diffusion2D-PT-D05N100/RC-12.smt2,sat,0.01
/20220307-SMPT/Diffusion2D-PT-D05N100/RF-14.smt2,sat,0.01
/20220307-SMPT/NeighborGrid-PT-d2n3m1c12/RC-02.smt2,unsat,0.01
/20220307-SMPT/NeighborGrid-PT-d2n3m1c12/RF-12.smt2,unsat,0.01
/20220307-SMPT/NeighborGrid-PT-d2n3m1c12/RC-03.smt2,failed,1200.0
/20220307-SMPT/NeighborGrid-PT-d2n3m1c12/RF-02.smt2,unsat,0.01
/20220307-SMPT/NeighborGrid-PT-d2n3m1c12/RC-11.smt2,unsat,0.01
/20220307-SMPT/NeighborGrid-PT-d2n3m1c12/RF-03.smt2,sat,0.01
/20220307-SMPT/NeighborGrid-PT-d2n3m1c12/RC-01.smt2,unsat,0.01
/20220307-SMPT/NeighborGrid-PT-d2n3m1c12/RF-00.smt2,unsat,0.01
/20220307-SMPT/NeighborGrid-PT-d2n3m1c12/RC-04.smt2,unsat,0.01
/20220307-SMPT/NeighborGrid-PT-d2n3m1c12/RF-11.smt2,unsat,0.01
/20220307-SMPT/NeighborGrid-PT-d2n3m1c12/RC-13.smt2,unsat,0.01
/20220307-SMPT/NeighborGrid-PT-d2n3m1c12/RC-06.smt2,sat,0.01
/20220307-SMPT/NeighborGrid-PT-d2n3m1c12/RC-14.smt2,sat,0.01
/20220307-SMPT/NeighborGrid-PT-d2n3m1c12/RC-10.smt2,unsat,0.01
/20220307-SMPT/NeighborGrid-PT-d2n3m1c12/RF-04.smt2,sat,0.01
/20220307-SMPT/NeighborGrid-PT-d2n3m1c12/RF-01.smt2,unsat,0.01
/20220307-SMPT/NeighborGrid-PT-d2n3m1c12/RF-13.smt2,unsat,0.01
/20220307-SMPT/NeighborGrid-PT-d2n3m1c12/RC-05.smt2,unsat,0.01
/20220307-SMPT/NeighborGrid-PT-d2n3m1c12/RC-00.smt2,sat,0.01
/20220307-SMPT/NeighborGrid-PT-d2n3m1c12/RF-05.smt2,unsat,0.01
/20220307-SMPT/NeighborGrid-PT-d2n3m1c12/RF-07.smt2,unsat,0.01
/20220307-SMPT/NeighborGrid-PT-d2n3m1c12/RF-10.smt2,unsat,0.01
/20220307-SMPT/NeighborGrid-PT-d2n3m1c12/RF-08.smt2,sat,0.01
/20220307-SMPT/NeighborGrid-PT-d2n3m1c12/RC-08.smt2,unsat,0.01
/20220307-SMPT/NeighborGrid-PT-d2n3m1c12/RF-15.smt2,sat,0.01
/20220307-SMPT/NeighborGrid-PT-d2n3m1c12/RF-09.smt2,unsat,0.02
/20220307-SMPT/NeighborGrid-PT-d2n3m1c12/RC-07.smt2,failed,1200.0
/20220307-SMPT/NeighborGrid-PT-d2n3m1c12/RF-06.smt2,unsat,0.01
/20220307-SMPT/NeighborGrid-PT-d2n3m1c12/RC-09.smt2,unsat,0.01
/20220307-SMPT/NeighborGrid-PT-d2n3m1c12/RC-12.smt2,sat,0.01
/20220307-SMPT/NeighborGrid-PT-d2n3m1c12/RF-14.smt2,unsat,0.01
/20220307-SMPT/Diffusion2D-PT-D05N150/RC-02.smt2,sat,0.01
/20220307-SMPT/Diffusion2D-PT-D05N150/RF-12.smt2,sat,0.01
/20220307-SMPT/Diffusion2D-PT-D05N150/RC-03.smt2,sat,0.01
/20220307-SMPT/Diffusion2D-PT-D05N150/RF-02.smt2,sat,0.01
/20220307-SMPT/Diffusion2D-PT-D05N150/RC-11.smt2,sat,0.01
/20220307-SMPT/Diffusion2D-PT-D05N150/RF-03.smt2,sat,0.01
/20220307-SMPT/Diffusion2D-PT-D05N150/RC-01.smt2,sat,0.01
/20220307-SMPT/Diffusion2D-PT-D05N150/RF-00.smt2,sat,0.02
/20220307-SMPT/Diffusion2D-PT-D05N150/RC-04.smt2,sat,0.01
/20220307-SMPT/Diffusion2D-PT-D05N150/RF-11.smt2,sat,0.01
/20220307-SMPT/Diffusion2D-PT-D05N150/RC-13.smt2,sat,0.01
/20220307-SMPT/Diffusion2D-PT-D05N150/RC-06.smt2,sat,0.01
/20220307-SMPT/Diffusion2D-PT-D05N150/RC-14.smt2,sat,0.01
/20220307-SMPT/Diffusion2D-PT-D05N150/RC-10.smt2,failed,1200.0
/20220307-SMPT/Diffusion2D-PT-D05N150/RF-01.smt2,sat,0.01
/20220307-SMPT/Diffusion2D-PT-D05N150/RF-13.smt2,sat,0.01
/20220307-SMPT/Diffusion2D-PT-D05N150/RC-05.smt2,sat,0.01
/20220307-SMPT/Diffusion2D-PT-D05N150/RC-00.smt2,sat,0.01
/20220307-SMPT/Diffusion2D-PT-D05N150/RF-05.smt2,sat,0.01
/20220307-SMPT/Diffusion2D-PT-D05N150/RF-07.smt2,unsat,0.01
/20220307-SMPT/Diffusion2D-PT-D05N150/RF-08.smt2,sat,0.01
/20220307-SMPT/Diffusion2D-PT-D05N150/RC-08.smt2,sat,0.01
/20220307-SMPT/Diffusion2D-PT-D05N150/RF-15.smt2,sat,0.01
/20220307-SMPT/Diffusion2D-PT-D05N150/RF-09.smt2,sat,0.01
/20220307-SMPT/Diffusion2D-PT-D05N150/RC-07.smt2,unsat,0.01
/20220307-SMPT/Diffusion2D-PT-D05N150/RF-06.smt2,unsat,0.01
/20220307-SMPT/Diffusion2D-PT-D05N150/RC-09.smt2,sat,0.01
/20220307-SMPT/Diffusion2D-PT-D05N150/RC-15.smt2,sat,0.01
/20220307-SMPT/Diffusion2D-PT-D05N150/RC-12.smt2,sat,0.01
/20220307-SMPT/Eratosthenes-PT-020/RC-02.smt2,unsat,0.01
/20220307-SMPT/Eratosthenes-PT-020/RF-12.smt2,sat,0.01
/20220307-SMPT/Eratosthenes-PT-020/RC-03.smt2,unsat,0.01
/20220307-SMPT/Eratosthenes-PT-020/RF-02.smt2,unsat,0.01
/20220307-SMPT/Eratosthenes-PT-020/RC-11.smt2,unsat,0.01
/20220307-SMPT/Eratosthenes-PT-020/RF-03.smt2,unsat,0.01
/20220307-SMPT/Eratosthenes-PT-020/RC-01.smt2,unsat,0.01
/20220307-SMPT/Eratosthenes-PT-020/RF-00.smt2,unsat,0.01
/20220307-SMPT/Eratosthenes-PT-020/RC-04.smt2,unsat,0.01
/20220307-SMPT/Eratosthenes-PT-020/RF-11.smt2,unsat,0.01
/20220307-SMPT/Eratosthenes-PT-020/RC-13.smt2,unsat,0.01
/20220307-SMPT/Eratosthenes-PT-020/RC-06.smt2,unsat,0.01
/20220307-SMPT/Eratosthenes-PT-020/RC-14.smt2,unsat,0.01
/20220307-SMPT/Eratosthenes-PT-020/RC-10.smt2,unsat,0.01
/20220307-SMPT/Eratosthenes-PT-020/RF-04.smt2,unsat,0.01
/20220307-SMPT/Eratosthenes-PT-020/RF-01.smt2,unsat,0.01
/20220307-SMPT/Eratosthenes-PT-020/RF-13.smt2,unsat,0.01
/20220307-SMPT/Eratosthenes-PT-020/RC-05.smt2,unsat,0.01
/20220307-SMPT/Eratosthenes-PT-020/RC-00.smt2,unsat,0.01
/20220307-SMPT/Eratosthenes-PT-020/RF-05.smt2,unsat,0.01
/20220307-SMPT/Eratosthenes-PT-020/RF-07.smt2,unsat,0.01
/20220307-SMPT/Eratosthenes-PT-020/RF-10.smt2,unsat,0.01
/20220307-SMPT/Eratosthenes-PT-020/RF-08.smt2,unsat,0.01
/20220307-SMPT/Eratosthenes-PT-020/RC-08.smt2,unsat,0.01
/20220307-SMPT/Eratosthenes-PT-020/RF-15.smt2,sat,0.01
/20220307-SMPT/Eratosthenes-PT-020/RF-09.smt2,unsat,0.01
/20220307-SMPT/Eratosthenes-PT-020/RC-07.smt2,unsat,0.01
/20220307-SMPT/Eratosthenes-PT-020/RF-06.smt2,unsat,0.01
/20220307-SMPT/Eratosthenes-PT-020/RC-09.smt2,unsat,0.01
/20220307-SMPT/Eratosthenes-PT-020/RC-15.smt2,unsat,0.01
/20220307-SMPT/Eratosthenes-PT-020/RC-12.smt2,unsat,0.01
/20220307-SMPT/Eratosthenes-PT-020/RF-14.smt2,unsat,0.01
/20220307-SMPT/RwMutex-PT-r0020w0010/RC-02.smt2,unsat,0.04
/20220307-SMPT/RwMutex-PT-r0020w0010/RF-12.smt2,unsat,0.03
/20220307-SMPT/RwMutex-PT-r0020w0010/RC-03.smt2,unsat,0.03
/20220307-SMPT/RwMutex-PT-r0020w0010/RF-02.smt2,unsat,0.03
/20220307-SMPT/RwMutex-PT-r0020w0010/RC-11.smt2,unsat,0.03
/20220307-SMPT/RwMutex-PT-r0020w0010/RF-03.smt2,unsat,0.02
/20220307-SMPT/RwMutex-PT-r0020w0010/RC-01.smt2,failed,1200.0
/20220307-SMPT/RwMutex-PT-r0020w0010/RF-00.smt2,unsat,0.02
/20220307-SMPT/RwMutex-PT-r0020w0010/RC-04.smt2,unsat,0.02
/20220307-SMPT/RwMutex-PT-r0020w0010/RF-11.smt2,unsat,0.12
/20220307-SMPT/RwMutex-PT-r0020w0010/RC-13.smt2,unsat,0.02
/20220307-SMPT/RwMutex-PT-r0020w0010/RC-06.smt2,unsat,0.02
/20220307-SMPT/RwMutex-PT-r0020w0010/RC-14.smt2,unsat,0.02
/20220307-SMPT/RwMutex-PT-r0020w0010/RC-10.smt2,unsat,0.02
/20220307-SMPT/RwMutex-PT-r0020w0010/RF-04.smt2,unsat,0.03
/20220307-SMPT/RwMutex-PT-r0020w0010/RF-01.smt2,unsat,0.04
/20220307-SMPT/RwMutex-PT-r0020w0010/RF-13.smt2,unsat,0.03
/20220307-SMPT/RwMutex-PT-r0020w0010/RC-05.smt2,unsat,0.02
/20220307-SMPT/RwMutex-PT-r0020w0010/RC-00.smt2,unsat,0.02
/20220307-SMPT/RwMutex-PT-r0020w0010/RF-05.smt2,unsat,0.03
/20220307-SMPT/RwMutex-PT-r0020w0010/RF-07.smt2,unsat,0.02
/20220307-SMPT/RwMutex-PT-r0020w0010/RF-10.smt2,unsat,0.03
/20220307-SMPT/RwMutex-PT-r0020w0010/RF-08.smt2,unsat,0.02
/20220307-SMPT/RwMutex-PT-r0020w0010/RC-08.smt2,unsat,0.02
/20220307-SMPT/RwMutex-PT-r0020w0010/RF-15.smt2,unsat,0.02
/20220307-SMPT/RwMutex-PT-r0020w0010/RF-09.smt2,unsat,0.02
/20220307-SMPT/RwMutex-PT-r0020w0010/RC-07.smt2,unsat,0.05
/20220307-SMPT/RwMutex-PT-r0020w0010/RF-06.smt2,failed,1200.0
/20220307-SMPT/RwMutex-PT-r0020w0010/RC-09.smt2,unsat,0.02
/20220307-SMPT/RwMutex-PT-r0020w0010/RC-15.smt2,failed,1200.0
/20220307-SMPT/RwMutex-PT-r0020w0010/RC-12.smt2,unsat,0.03
/20220307-SMPT/RwMutex-PT-r0020w0010/RF-14.smt2,unsat,0.06
/20220307-SMPT/SwimmingPool-PT-10/RC-02.smt2,sat,0.01
/20220307-SMPT/SwimmingPool-PT-10/RF-12.smt2,sat,0.01
/20220307-SMPT/SwimmingPool-PT-10/RC-03.smt2,sat,0.01
/20220307-SMPT/SwimmingPool-PT-10/RF-02.smt2,unsat,0.01
/20220307-SMPT/SwimmingPool-PT-10/RC-11.smt2,sat,0.01
/20220307-SMPT/SwimmingPool-PT-10/RF-03.smt2,sat,0.01
/20220307-SMPT/SwimmingPool-PT-10/RC-01.smt2,sat,0.01
/20220307-SMPT/SwimmingPool-PT-10/RF-00.smt2,sat,0.01
/20220307-SMPT/SwimmingPool-PT-10/RC-04.smt2,sat,0.01
/20220307-SMPT/SwimmingPool-PT-10/RF-11.smt2,unsat,0.01
/20220307-SMPT/SwimmingPool-PT-10/RC-13.smt2,sat,0.01
/20220307-SMPT/SwimmingPool-PT-10/RC-06.smt2,sat,0.01
/20220307-SMPT/SwimmingPool-PT-10/RC-14.smt2,sat,0.01
/20220307-SMPT/SwimmingPool-PT-10/RC-10.smt2,sat,0.01
/20220307-SMPT/SwimmingPool-PT-10/RF-04.smt2,sat,0.01
/20220307-SMPT/SwimmingPool-PT-10/RF-01.smt2,unsat,0.01
/20220307-SMPT/SwimmingPool-PT-10/RF-13.smt2,sat,0.01
/20220307-SMPT/SwimmingPool-PT-10/RC-05.smt2,sat,0.01
/20220307-SMPT/SwimmingPool-PT-10/RC-00.smt2,sat,0.01
/20220307-SMPT/SwimmingPool-PT-10/RF-05.smt2,unsat,0.01
/20220307-SMPT/SwimmingPool-PT-10/RF-07.smt2,sat,0.01
/20220307-SMPT/SwimmingPool-PT-10/RF-10.smt2,sat,0.01
/20220307-SMPT/SwimmingPool-PT-10/RF-08.smt2,sat,0.01
/20220307-SMPT/SwimmingPool-PT-10/RC-08.smt2,sat,0.01
/20220307-SMPT/SwimmingPool-PT-10/RF-15.smt2,unsat,0.01
/20220307-SMPT/SwimmingPool-PT-10/RF-09.smt2,sat,0.01
/20220307-SMPT/SwimmingPool-PT-10/RC-07.smt2,sat,0.01
/20220307-SMPT/SwimmingPool-PT-10/RF-06.smt2,sat,0.01
/20220307-SMPT/SwimmingPool-PT-10/RC-09.smt2,sat,0.01
/20220307-SMPT/SwimmingPool-PT-10/RC-15.smt2,sat,0.01
/20220307-SMPT/SwimmingPool-PT-10/RC-12.smt2,sat,0.01
/20220307-SMPT/SwimmingPool-PT-10/RF-14.smt2,sat,0.01
/20220307-SMPT/HouseConstruction-PT-02000/RC-02.smt2,sat,0.01
/20220307-SMPT/HouseConstruction-PT-02000/RF-12.smt2,sat,0.01
/20220307-SMPT/HouseConstruction-PT-02000/RC-03.smt2,sat,0.01
/20220307-SMPT/HouseConstruction-PT-02000/RF-02.smt2,sat,0.01
/20220307-SMPT/HouseConstruction-PT-02000/RC-11.smt2,sat,0.01
/20220307-SMPT/HouseConstruction-PT-02000/RF-03.smt2,sat,0.01
/20220307-SMPT/HouseConstruction-PT-02000/RC-01.smt2,sat,0.01
/20220307-SMPT/HouseConstruction-PT-02000/RF-00.smt2,sat,0.01
/20220307-SMPT/HouseConstruction-PT-02000/RC-04.smt2,sat,0.01
/20220307-SMPT/HouseConstruction-PT-02000/RF-11.smt2,sat,0.01
/20220307-SMPT/HouseConstruction-PT-02000/RC-13.smt2,sat,0.01
/20220307-SMPT/HouseConstruction-PT-02000/RC-06.smt2,sat,0.01
/20220307-SMPT/HouseConstruction-PT-02000/RC-14.smt2,unsat,0.01
/20220307-SMPT/HouseConstruction-PT-02000/RC-10.smt2,unsat,0.01
/20220307-SMPT/HouseConstruction-PT-02000/RF-04.smt2,sat,0.01
/20220307-SMPT/HouseConstruction-PT-02000/RF-01.smt2,sat,0.01
/20220307-SMPT/HouseConstruction-PT-02000/RF-13.smt2,sat,0.01
/20220307-SMPT/HouseConstruction-PT-02000/RC-05.smt2,sat,0.01
/20220307-SMPT/HouseConstruction-PT-02000/RC-00.smt2,sat,0.02
/20220307-SMPT/HouseConstruction-PT-02000/RF-05.smt2,sat,0.01
/20220307-SMPT/HouseConstruction-PT-02000/RF-07.smt2,sat,0.01
/20220307-SMPT/HouseConstruction-PT-02000/RF-10.smt2,sat,0.01
/20220307-SMPT/HouseConstruction-PT-02000/RF-08.smt2,sat,0.01
/20220307-SMPT/HouseConstruction-PT-02000/RC-08.smt2,unsat,0.01
/20220307-SMPT/HouseConstruction-PT-02000/RF-15.smt2,sat,0.01
/20220307-SMPT/HouseConstruction-PT-02000/RF-09.smt2,sat,0.01
/20220307-SMPT/HouseConstruction-PT-02000/RC-07.smt2,sat,0.01
/20220307-SMPT/HouseConstruction-PT-02000/RF-06.smt2,sat,0.01
/20220307-SMPT/HouseConstruction-PT-02000/RC-09.smt2,sat,0.01
/20220307-SMPT/HouseConstruction-PT-02000/RC-15.smt2,sat,0.01
/20220307-SMPT/HouseConstruction-PT-02000/RC-12.smt2,sat,0.01
/20220307-SMPT/HouseConstruction-PT-02000/RF-14.smt2,unsat,0.01
/20220307-SMPT/RwMutex-PT-r0010w0010/RC-02.smt2,sat,0.02
/20220307-SMPT/RwMutex-PT-r0010w0010/RF-12.smt2,unsat,0.02
/20220307-SMPT/RwMutex-PT-r0010w0010/RC-03.smt2,sat,0.02
/20220307-SMPT/RwMutex-PT-r0010w0010/RF-02.smt2,sat,0.02
/20220307-SMPT/RwMutex-PT-r0010w0010/RC-11.smt2,sat,0.02
/20220307-SMPT/RwMutex-PT-r0010w0010/RF-03.smt2,sat,0.02
/20220307-SMPT/RwMutex-PT-r0010w0010/RC-01.smt2,sat,0.02
/20220307-SMPT/RwMutex-PT-r0010w0010/RF-00.smt2,sat,0.02
/20220307-SMPT/RwMutex-PT-r0010w0010/RC-04.smt2,sat,0.02
/20220307-SMPT/RwMutex-PT-r0010w0010/RF-11.smt2,sat,0.02
/20220307-SMPT/RwMutex-PT-r0010w0010/RC-13.smt2,sat,0.02
/20220307-SMPT/RwMutex-PT-r0010w0010/RC-06.smt2,unsat,0.01
/20220307-SMPT/RwMutex-PT-r0010w0010/RC-14.smt2,unsat,0.02
/20220307-SMPT/RwMutex-PT-r0010w0010/RC-10.smt2,sat,0.02
/20220307-SMPT/RwMutex-PT-r0010w0010/RF-04.smt2,sat,0.02
/20220307-SMPT/RwMutex-PT-r0010w0010/RF-01.smt2,sat,0.01
/20220307-SMPT/RwMutex-PT-r0010w0010/RF-13.smt2,sat,0.02
/20220307-SMPT/RwMutex-PT-r0010w0010/RC-05.smt2,unsat,0.01
/20220307-SMPT/RwMutex-PT-r0010w0010/RC-00.smt2,sat,0.02
/20220307-SMPT/RwMutex-PT-r0010w0010/RF-05.smt2,sat,0.02
/20220307-SMPT/RwMutex-PT-r0010w0010/RF-07.smt2,sat,0.02
/20220307-SMPT/RwMutex-PT-r0010w0010/RF-10.smt2,sat,0.01
/20220307-SMPT/RwMutex-PT-r0010w0010/RF-08.smt2,sat,0.02
/20220307-SMPT/RwMutex-PT-r0010w0010/RC-08.smt2,sat,0.02
/20220307-SMPT/RwMutex-PT-r0010w0010/RF-15.smt2,sat,0.01
/20220307-SMPT/RwMutex-PT-r0010w0010/RF-09.smt2,sat,0.02
/20220307-SMPT/RwMutex-PT-r0010w0010/RC-07.smt2,sat,0.01
/20220307-SMPT/RwMutex-PT-r0010w0010/RF-06.smt2,sat,0.02
/20220307-SMPT/RwMutex-PT-r0010w0010/RC-09.smt2,unsat,0.02
/20220307-SMPT/RwMutex-PT-r0010w0010/RC-15.smt2,sat,0.02
/20220307-SMPT/RwMutex-PT-r0010w0010/RC-12.smt2,sat,0.02
/20220307-SMPT/RwMutex-PT-r0010w0010/RF-14.smt2,unsat,0.02
/20220307-SMPT/HouseConstruction-PT-00500/RC-02.smt2,sat,0.01
/20220307-SMPT/HouseConstruction-PT-00500/RF-12.smt2,sat,0.01
/20220307-SMPT/HouseConstruction-PT-00500/RC-03.smt2,sat,0.01
/20220307-SMPT/HouseConstruction-PT-00500/RF-02.smt2,sat,0.01
/20220307-SMPT/HouseConstruction-PT-00500/RC-11.smt2,sat,0.01
/20220307-SMPT/HouseConstruction-PT-00500/RF-03.smt2,sat,0.01
/20220307-SMPT/HouseConstruction-PT-00500/RC-01.smt2,sat,0.01
/20220307-SMPT/HouseConstruction-PT-00500/RF-00.smt2,unsat,0.01
/20220307-SMPT/HouseConstruction-PT-00500/RC-04.smt2,sat,0.01
/20220307-SMPT/HouseConstruction-PT-00500/RF-11.smt2,sat,0.01
/20220307-SMPT/HouseConstruction-PT-00500/RC-13.smt2,sat,0.01
/20220307-SMPT/HouseConstruction-PT-00500/RC-06.smt2,sat,0.01
/20220307-SMPT/HouseConstruction-PT-00500/RC-14.smt2,sat,0.01
/20220307-SMPT/HouseConstruction-PT-00500/RC-10.smt2,sat,0.01
/20220307-SMPT/HouseConstruction-PT-00500/RF-04.smt2,sat,0.01
/20220307-SMPT/HouseConstruction-PT-00500/RF-01.smt2,sat,0.01
/20220307-SMPT/HouseConstruction-PT-00500/RF-13.smt2,sat,0.01
/20220307-SMPT/HouseConstruction-PT-00500/RC-05.smt2,sat,0.01
/20220307-SMPT/HouseConstruction-PT-00500/RC-00.smt2,sat,0.01
/20220307-SMPT/HouseConstruction-PT-00500/RF-05.smt2,sat,0.01
/20220307-SMPT/HouseConstruction-PT-00500/RF-07.smt2,unsat,0.01
/20220307-SMPT/HouseConstruction-PT-00500/RF-10.smt2,sat,0.01
/20220307-SMPT/HouseConstruction-PT-00500/RF-08.smt2,sat,0.01
/20220307-SMPT/HouseConstruction-PT-00500/RC-08.smt2,unsat,0.01
/20220307-SMPT/HouseConstruction-PT-00500/RF-15.smt2,unsat,0.01
/20220307-SMPT/HouseConstruction-PT-00500/RF-09.smt2,sat,0.01
/20220307-SMPT/HouseConstruction-PT-00500/RC-07.smt2,sat,0.01
/20220307-SMPT/HouseConstruction-PT-00500/RF-06.smt2,unsat,0.01
/20220307-SMPT/HouseConstruction-PT-00500/RC-09.smt2,sat,0.01
/20220307-SMPT/HouseConstruction-PT-00500/RC-15.smt2,sat,0.01
/20220307-SMPT/HouseConstruction-PT-00500/RC-12.smt2,sat,0.01
/20220307-SMPT/HouseConstruction-PT-00500/RF-14.smt2,sat,0.01
/20220307-SMPT/MAPK-PT-10240/RC-02.smt2,sat,0.01
/20220307-SMPT/MAPK-PT-10240/RF-12.smt2,failed,1200.0
/20220307-SMPT/MAPK-PT-10240/RC-03.smt2,failed,1200.0
/20220307-SMPT/MAPK-PT-10240/RF-02.smt2,sat,0.01
/20220307-SMPT/MAPK-PT-10240/RC-11.smt2,sat,0.01
/20220307-SMPT/MAPK-PT-10240/RF-03.smt2,unsat,0.01
/20220307-SMPT/MAPK-PT-10240/RC-01.smt2,sat,0.01
/20220307-SMPT/MAPK-PT-10240/RF-00.smt2,sat,0.01
/20220307-SMPT/MAPK-PT-10240/RC-04.smt2,sat,0.01
/20220307-SMPT/MAPK-PT-10240/RF-11.smt2,sat,0.01
/20220307-SMPT/MAPK-PT-10240/RC-13.smt2,sat,0.01
/20220307-SMPT/MAPK-PT-10240/RC-06.smt2,sat,0.01
/20220307-SMPT/MAPK-PT-10240/RC-14.smt2,sat,0.02
/20220307-SMPT/MAPK-PT-10240/RC-10.smt2,sat,0.01
/20220307-SMPT/MAPK-PT-10240/RF-04.smt2,sat,0.01
/20220307-SMPT/MAPK-PT-10240/RF-01.smt2,sat,0.01
/20220307-SMPT/MAPK-PT-10240/RF-13.smt2,sat,0.01
/20220307-SMPT/MAPK-PT-10240/RC-05.smt2,sat,0.01
/20220307-SMPT/MAPK-PT-10240/RC-00.smt2,sat,0.01
/20220307-SMPT/MAPK-PT-10240/RF-05.smt2,unsat,0.03
/20220307-SMPT/MAPK-PT-10240/RF-07.smt2,sat,0.01
/20220307-SMPT/MAPK-PT-10240/RF-10.smt2,sat,0.02
/20220307-SMPT/MAPK-PT-10240/RF-08.smt2,sat,0.01
/20220307-SMPT/MAPK-PT-10240/RC-08.smt2,sat,0.01
/20220307-SMPT/MAPK-PT-10240/RF-15.smt2,sat,0.01
/20220307-SMPT/MAPK-PT-10240/RF-09.smt2,sat,0.01
/20220307-SMPT/MAPK-PT-10240/RC-07.smt2,sat,0.01
/20220307-SMPT/MAPK-PT-10240/RF-06.smt2,sat,0.02
/20220307-SMPT/MAPK-PT-10240/RC-09.smt2,sat,0.03
/20220307-SMPT/MAPK-PT-10240/RC-15.smt2,sat,0.01
/20220307-SMPT/MAPK-PT-10240/RC-12.smt2,sat,0.01
/20220307-SMPT/MAPK-PT-10240/RF-14.smt2,unsat,0.01
/20220307-SMPT/ERK-PT-000001/RC-02.smt2,sat,0.01
/20220307-SMPT/ERK-PT-000001/RC-03.smt2,sat,0.01
/20220307-SMPT/ERK-PT-000001/RF-02.smt2,sat,0.01
/20220307-SMPT/ERK-PT-000001/RC-11.smt2,sat,0.01
/20220307-SMPT/ERK-PT-000001/RF-03.smt2,sat,0.01
/20220307-SMPT/ERK-PT-000001/RC-01.smt2,sat,0.01
/20220307-SMPT/ERK-PT-000001/RF-00.smt2,sat,0.01
/20220307-SMPT/ERK-PT-000001/RC-04.smt2,unsat,0.01
/20220307-SMPT/ERK-PT-000001/RF-11.smt2,sat,0.01
/20220307-SMPT/ERK-PT-000001/RC-13.smt2,sat,0.01
/20220307-SMPT/ERK-PT-000001/RC-06.smt2,sat,0.01
/20220307-SMPT/ERK-PT-000001/RC-14.smt2,sat,0.01
/20220307-SMPT/ERK-PT-000001/RC-10.smt2,sat,0.01
/20220307-SMPT/ERK-PT-000001/RF-04.smt2,sat,0.01
/20220307-SMPT/ERK-PT-000001/RF-01.smt2,unsat,0.01
/20220307-SMPT/ERK-PT-000001/RF-13.smt2,sat,0.01
/20220307-SMPT/ERK-PT-000001/RC-05.smt2,unsat,0.01
/20220307-SMPT/ERK-PT-000001/RC-00.smt2,unsat,0.01
/20220307-SMPT/ERK-PT-000001/RF-05.smt2,sat,0.01
/20220307-SMPT/ERK-PT-000001/RF-07.smt2,sat,0.01
/20220307-SMPT/ERK-PT-000001/RF-10.smt2,sat,0.01
/20220307-SMPT/ERK-PT-000001/RF-08.smt2,sat,0.01
/20220307-SMPT/ERK-PT-000001/RC-08.smt2,sat,0.01
/20220307-SMPT/ERK-PT-000001/RF-15.smt2,sat,0.01
/20220307-SMPT/ERK-PT-000001/RC-07.smt2,unsat,0.01
/20220307-SMPT/ERK-PT-000001/RC-09.smt2,unsat,0.01
/20220307-SMPT/ERK-PT-000001/RC-15.smt2,sat,0.01
/20220307-SMPT/ERK-PT-000001/RC-12.smt2,unsat,0.01
/20220307-SMPT/ERK-PT-000001/RF-14.smt2,sat,0.01
/20220307-SMPT/SharedMemory-PT-000100/RC-02.smt2,unsat,10.93
/20220307-SMPT/SharedMemory-PT-000100/RF-12.smt2,sat,966.51
/20220307-SMPT/SharedMemory-PT-000100/RC-03.smt2,unsat,13.19
/20220307-SMPT/SharedMemory-PT-000100/RF-02.smt2,sat,20.36
/20220307-SMPT/SharedMemory-PT-000100/RC-11.smt2,failed,1200.0
/20220307-SMPT/SharedMemory-PT-000100/RF-03.smt2,sat,19.74
/20220307-SMPT/SharedMemory-PT-000100/RC-01.smt2,sat,21.43
/20220307-SMPT/SharedMemory-PT-000100/RF-00.smt2,sat,17.22
/20220307-SMPT/SharedMemory-PT-000100/RC-04.smt2,sat,15.82
/20220307-SMPT/SharedMemory-PT-000100/RF-11.smt2,unsat,551.83
/20220307-SMPT/SharedMemory-PT-000100/RC-13.smt2,sat,602.15
/20220307-SMPT/SharedMemory-PT-000100/RC-06.smt2,unsat,15.29
/20220307-SMPT/SharedMemory-PT-000100/RC-14.smt2,sat,645.88
/20220307-SMPT/SharedMemory-PT-000100/RC-10.smt2,sat,616.31
/20220307-SMPT/SharedMemory-PT-000100/RF-04.smt2,sat,29.21
/20220307-SMPT/SharedMemory-PT-000100/RF-01.smt2,unsat,1.41
/20220307-SMPT/SharedMemory-PT-000100/RF-13.smt2,unsat,121.75
/20220307-SMPT/SharedMemory-PT-000100/RC-05.smt2,unsat,12.46
/20220307-SMPT/SharedMemory-PT-000100/RC-00.smt2,unsat,19.5
/20220307-SMPT/SharedMemory-PT-000100/RF-05.smt2,sat,18.95
/20220307-SMPT/SharedMemory-PT-000100/RF-10.smt2,failed,1200.0
/20220307-SMPT/SharedMemory-PT-000100/RF-08.smt2,failed,1200.0
/20220307-SMPT/SharedMemory-PT-000100/RC-08.smt2,sat,424.56
/20220307-SMPT/SharedMemory-PT-000100/RF-15.smt2,unsat,937.37
/20220307-SMPT/SharedMemory-PT-000100/RF-09.smt2,unsat,706.57
/20220307-SMPT/SharedMemory-PT-000100/RC-07.smt2,unsat,16.53
/20220307-SMPT/SharedMemory-PT-000100/RF-06.smt2,failed,1200.0
/20220307-SMPT/SharedMemory-PT-000100/RC-09.smt2,sat,859.57
/20220307-SMPT/SharedMemory-PT-000100/RC-15.smt2,sat,409.33
/20220307-SMPT/SharedMemory-PT-000100/RC-12.smt2,failed,1200.0
/20220307-SMPT/SharedMemory-PT-000100/RF-14.smt2,unsat,1032.31
/20220307-SMPT/RobotManipulation-PT-02000/RC-02.smt2,sat,0.01
/20220307-SMPT/RobotManipulation-PT-02000/RC-03.smt2,sat,0.01
/20220307-SMPT/RobotManipulation-PT-02000/RF-02.smt2,sat,0.01
/20220307-SMPT/RobotManipulation-PT-02000/RC-11.smt2,sat,0.01
/20220307-SMPT/RobotManipulation-PT-02000/RF-03.smt2,sat,0.01
/20220307-SMPT/RobotManipulation-PT-02000/RC-01.smt2,sat,0.01
/20220307-SMPT/RobotManipulation-PT-02000/RF-00.smt2,sat,0.01
/20220307-SMPT/RobotManipulation-PT-02000/RC-04.smt2,sat,0.01
/20220307-SMPT/RobotManipulation-PT-02000/RF-11.smt2,unsat,0.01
/20220307-SMPT/RobotManipulation-PT-02000/RC-13.smt2,sat,0.01
/20220307-SMPT/RobotManipulation-PT-02000/RC-06.smt2,unsat,0.01
/20220307-SMPT/RobotManipulation-PT-02000/RC-14.smt2,sat,0.01
/20220307-SMPT/RobotManipulation-PT-02000/RC-10.smt2,sat,0.01
/20220307-SMPT/RobotManipulation-PT-02000/RF-04.smt2,unsat,0.01
/20220307-SMPT/RobotManipulation-PT-02000/RF-01.smt2,sat,0.01
/20220307-SMPT/RobotManipulation-PT-02000/RC-05.smt2,unsat,0.01
/20220307-SMPT/RobotManipulation-PT-02000/RC-00.smt2,sat,0.01
/20220307-SMPT/RobotManipulation-PT-02000/RF-05.smt2,sat,0.01
/20220307-SMPT/RobotManipulation-PT-02000/RF-07.smt2,sat,0.01
/20220307-SMPT/RobotManipulation-PT-02000/RF-10.smt2,sat,0.01
/20220307-SMPT/RobotManipulation-PT-02000/RF-15.smt2,unsat,0.01
/20220307-SMPT/RobotManipulation-PT-02000/RF-09.smt2,sat,0.01
/20220307-SMPT/RobotManipulation-PT-02000/RC-07.smt2,sat,0.01
/20220307-SMPT/RobotManipulation-PT-02000/RF-06.smt2,unsat,0.01
/20220307-SMPT/RobotManipulation-PT-02000/RC-09.smt2,sat,0.01
/20220307-SMPT/RobotManipulation-PT-02000/RC-15.smt2,sat,0.01
/20220307-SMPT/RobotManipulation-PT-02000/RC-12.smt2,sat,0.01
/20220307-SMPT/RobotManipulation-PT-02000/RF-14.smt2,unsat,0.01
/20220307-SMPT/SwimmingPool-PT-02/RC-02.smt2,sat,0.01
/20220307-SMPT/SwimmingPool-PT-02/RC-03.smt2,sat,0.01
/20220307-SMPT/SwimmingPool-PT-02/RF-02.smt2,sat,0.01
/20220307-SMPT/SwimmingPool-PT-02/RC-11.smt2,sat,0.01
/20220307-SMPT/SwimmingPool-PT-02/RF-03.smt2,unsat,0.01
/20220307-SMPT/SwimmingPool-PT-02/RC-01.smt2,unsat,0.01
/20220307-SMPT/SwimmingPool-PT-02/RF-00.smt2,unsat,0.01
/20220307-SMPT/SwimmingPool-PT-02/RC-04.smt2,sat,0.01
/20220307-SMPT/SwimmingPool-PT-02/RF-11.smt2,unsat,0.01
/20220307-SMPT/SwimmingPool-PT-02/RC-13.smt2,sat,0.01
/20220307-SMPT/SwimmingPool-PT-02/RC-06.smt2,sat,0.01
/20220307-SMPT/SwimmingPool-PT-02/RC-14.smt2,sat,0.01
/20220307-SMPT/SwimmingPool-PT-02/RC-10.smt2,sat,0.01
/20220307-SMPT/SwimmingPool-PT-02/RF-04.smt2,unsat,0.01
/20220307-SMPT/SwimmingPool-PT-02/RF-01.smt2,unsat,0.01
/20220307-SMPT/SwimmingPool-PT-02/RC-05.smt2,sat,0.01
/20220307-SMPT/SwimmingPool-PT-02/RC-00.smt2,sat,0.01
/20220307-SMPT/SwimmingPool-PT-02/RF-05.smt2,sat,0.01
/20220307-SMPT/SwimmingPool-PT-02/RF-07.smt2,unsat,0.01
/20220307-SMPT/SwimmingPool-PT-02/RF-10.smt2,sat,0.01
/20220307-SMPT/SwimmingPool-PT-02/RC-08.smt2,sat,0.01
/20220307-SMPT/SwimmingPool-PT-02/RC-07.smt2,sat,0.01
/20220307-SMPT/SwimmingPool-PT-02/RF-06.smt2,unsat,0.01
/20220307-SMPT/SwimmingPool-PT-02/RC-09.smt2,sat,0.01
/20220307-SMPT/SwimmingPool-PT-02/RC-15.smt2,unsat,0.01
/20220307-SMPT/SwimmingPool-PT-02/RC-12.smt2,unsat,0.01
/20220307-SMPT/SwimmingPool-PT-02/RF-14.smt2,sat,0.01
/20220307-SMPT/SharedMemory-PT-000010/RC-02.smt2,unsat,0.02
/20220307-SMPT/SharedMemory-PT-000010/RF-12.smt2,unsat,0.04
/20220307-SMPT/SharedMemory-PT-000010/RC-03.smt2,sat,0.04
/20220307-SMPT/SharedMemory-PT-000010/RF-02.smt2,sat,0.02
/20220307-SMPT/SharedMemory-PT-000010/RC-11.smt2,failed,1200.0
/20220307-SMPT/SharedMemory-PT-000010/RF-03.smt2,sat,0.04
/20220307-SMPT/SharedMemory-PT-000010/RC-01.smt2,failed,1200.0
/20220307-SMPT/SharedMemory-PT-000010/RF-00.smt2,sat,0.05
/20220307-SMPT/SharedMemory-PT-000010/RC-04.smt2,sat,0.02
/20220307-SMPT/SharedMemory-PT-000010/RF-11.smt2,sat,0.02
/20220307-SMPT/SharedMemory-PT-000010/RC-13.smt2,unsat,0.05
/20220307-SMPT/SharedMemory-PT-000010/RC-06.smt2,sat,0.04
/20220307-SMPT/SharedMemory-PT-000010/RC-14.smt2,unsat,0.05
/20220307-SMPT/SharedMemory-PT-000010/RC-10.smt2,unsat,0.04
/20220307-SMPT/SharedMemory-PT-000010/RF-04.smt2,unsat,0.02
/20220307-SMPT/SharedMemory-PT-000010/RF-01.smt2,sat,0.04
/20220307-SMPT/SharedMemory-PT-000010/RF-13.smt2,unsat,0.04
/20220307-SMPT/SharedMemory-PT-000010/RC-05.smt2,unsat,0.03
/20220307-SMPT/SharedMemory-PT-000010/RC-00.smt2,failed,1200.0
/20220307-SMPT/SharedMemory-PT-000010/RF-07.smt2,sat,0.06
/20220307-SMPT/SharedMemory-PT-000010/RF-10.smt2,unsat,0.05
/20220307-SMPT/SharedMemory-PT-000010/RF-08.smt2,unsat,0.05
/20220307-SMPT/SharedMemory-PT-000010/RC-08.smt2,unsat,0.04
/20220307-SMPT/SharedMemory-PT-000010/RF-15.smt2,unsat,0.03
/20220307-SMPT/SharedMemory-PT-000010/RF-09.smt2,unsat,0.02
/20220307-SMPT/SharedMemory-PT-000010/RC-09.smt2,unsat,0.05
/20220307-SMPT/SharedMemory-PT-000010/RC-15.smt2,unsat,0.04
/20220307-SMPT/SharedMemory-PT-000010/RC-12.smt2,unsat,0.05
/20220307-SMPT/SharedMemory-PT-000010/RF-14.smt2,unsat,0.02
/20220307-SMPT/MAPK-PT-00040/RC-02.smt2,sat,0.01
/20220307-SMPT/MAPK-PT-00040/RF-12.smt2,unsat,0.01
/20220307-SMPT/MAPK-PT-00040/RC-03.smt2,sat,0.01
/20220307-SMPT/MAPK-PT-00040/RF-02.smt2,sat,0.01
/20220307-SMPT/MAPK-PT-00040/RC-11.smt2,sat,0.01
/20220307-SMPT/MAPK-PT-00040/RF-03.smt2,sat,0.01
/20220307-SMPT/MAPK-PT-00040/RC-01.smt2,sat,0.01
/20220307-SMPT/MAPK-PT-00040/RF-00.smt2,sat,0.01
/20220307-SMPT/MAPK-PT-00040/RC-04.smt2,sat,0.01
/20220307-SMPT/MAPK-PT-00040/RF-11.smt2,sat,0.01
/20220307-SMPT/MAPK-PT-00040/RC-13.smt2,sat,0.01
/20220307-SMPT/MAPK-PT-00040/RC-06.smt2,sat,0.01
/20220307-SMPT/MAPK-PT-00040/RC-14.smt2,sat,0.01
/20220307-SMPT/MAPK-PT-00040/RC-10.smt2,sat,0.01
/20220307-SMPT/MAPK-PT-00040/RF-04.smt2,unsat,0.01
/20220307-SMPT/MAPK-PT-00040/RF-01.smt2,sat,0.01
/20220307-SMPT/MAPK-PT-00040/RF-13.smt2,sat,0.01
/20220307-SMPT/MAPK-PT-00040/RC-05.smt2,sat,0.01
/20220307-SMPT/MAPK-PT-00040/RC-00.smt2,sat,0.01
/20220307-SMPT/MAPK-PT-00040/RF-05.smt2,sat,0.01
/20220307-SMPT/MAPK-PT-00040/RF-07.smt2,sat,0.01
/20220307-SMPT/MAPK-PT-00040/RF-10.smt2,sat,0.01
/20220307-SMPT/MAPK-PT-00040/RF-08.smt2,unsat,0.01
/20220307-SMPT/MAPK-PT-00040/RC-08.smt2,sat,0.01
/20220307-SMPT/MAPK-PT-00040/RF-15.smt2,unsat,0.01
/20220307-SMPT/MAPK-PT-00040/RF-09.smt2,unsat,0.01
/20220307-SMPT/MAPK-PT-00040/RC-07.smt2,sat,0.01
/20220307-SMPT/MAPK-PT-00040/RF-06.smt2,sat,0.01
/20220307-SMPT/MAPK-PT-00040/RC-09.smt2,sat,0.01
/20220307-SMPT/MAPK-PT-00040/RC-15.smt2,sat,0.01
/20220307-SMPT/MAPK-PT-00040/RC-12.smt2,sat,0.01
/20220307-SMPT/MAPK-PT-00040/RF-14.smt2,unsat,0.01
/20220307-SMPT/Diffusion2D-PT-D10N150/RC-02.smt2,sat,0.02
/20220307-SMPT/Diffusion2D-PT-D10N150/RF-12.smt2,sat,0.01
/20220307-SMPT/Diffusion2D-PT-D10N150/RC-03.smt2,failed,1200.0
/20220307-SMPT/Diffusion2D-PT-D10N150/RF-02.smt2,sat,0.01
/20220307-SMPT/Diffusion2D-PT-D10N150/RC-11.smt2,sat,0.01
/20220307-SMPT/Diffusion2D-PT-D10N150/RF-03.smt2,sat,0.02
/20220307-SMPT/Diffusion2D-PT-D10N150/RC-01.smt2,sat,0.01
/20220307-SMPT/Diffusion2D-PT-D10N150/RF-00.smt2,sat,0.01
/20220307-SMPT/Diffusion2D-PT-D10N150/RC-04.smt2,sat,0.01
/20220307-SMPT/Diffusion2D-PT-D10N150/RF-11.smt2,sat,0.02
/20220307-SMPT/Diffusion2D-PT-D10N150/RC-13.smt2,sat,0.02
/20220307-SMPT/Diffusion2D-PT-D10N150/RC-06.smt2,sat,0.02
/20220307-SMPT/Diffusion2D-PT-D10N150/RC-14.smt2,sat,0.01
/20220307-SMPT/Diffusion2D-PT-D10N150/RC-10.smt2,sat,0.02
/20220307-SMPT/Diffusion2D-PT-D10N150/RF-04.smt2,sat,0.01
/20220307-SMPT/Diffusion2D-PT-D10N150/RF-01.smt2,sat,0.01
/20220307-SMPT/Diffusion2D-PT-D10N150/RF-13.smt2,sat,0.02
/20220307-SMPT/Diffusion2D-PT-D10N150/RC-05.smt2,sat,0.01
/20220307-SMPT/Diffusion2D-PT-D10N150/RC-00.smt2,sat,0.02
/20220307-SMPT/Diffusion2D-PT-D10N150/RF-05.smt2,sat,0.01
/20220307-SMPT/Diffusion2D-PT-D10N150/RF-07.smt2,sat,0.02
/20220307-SMPT/Diffusion2D-PT-D10N150/RF-10.smt2,sat,0.02
/20220307-SMPT/Diffusion2D-PT-D10N150/RF-08.smt2,sat,0.01
/20220307-SMPT/Diffusion2D-PT-D10N150/RC-08.smt2,sat,0.01
/20220307-SMPT/Diffusion2D-PT-D10N150/RF-15.smt2,sat,0.01
/20220307-SMPT/Diffusion2D-PT-D10N150/RF-09.smt2,sat,0.02
/20220307-SMPT/Diffusion2D-PT-D10N150/RC-07.smt2,sat,0.02
/20220307-SMPT/Diffusion2D-PT-D10N150/RF-06.smt2,sat,0.01
/20220307-SMPT/Diffusion2D-PT-D10N150/RC-09.smt2,sat,0.01
/20220307-SMPT/Diffusion2D-PT-D10N150/RC-15.smt2,sat,0.01
/20220307-SMPT/Diffusion2D-PT-D10N150/RC-12.smt2,sat,0.01
/20220307-SMPT/Diffusion2D-PT-D10N150/RF-14.smt2,sat,0.02
/20220307-SMPT/FMS-PT-00005/RC-02.smt2,sat,0.01
/20220307-SMPT/FMS-PT-00005/RF-12.smt2,sat,0.01
/20220307-SMPT/FMS-PT-00005/RC-03.smt2,unsat,0.01
/20220307-SMPT/FMS-PT-00005/RF-02.smt2,failed,1200.0
/20220307-SMPT/FMS-PT-00005/RC-11.smt2,sat,0.01
/20220307-SMPT/FMS-PT-00005/RF-03.smt2,sat,0.01
/20220307-SMPT/FMS-PT-00005/RC-01.smt2,unsat,0.01
/20220307-SMPT/FMS-PT-00005/RF-00.smt2,unsat,0.01
/20220307-SMPT/FMS-PT-00005/RC-04.smt2,sat,0.01
/20220307-SMPT/FMS-PT-00005/RF-11.smt2,unsat,0.01
/20220307-SMPT/FMS-PT-00005/RC-13.smt2,sat,0.01
/20220307-SMPT/FMS-PT-00005/RC-06.smt2,sat,0.01
/20220307-SMPT/FMS-PT-00005/RC-14.smt2,sat,0.01
/20220307-SMPT/FMS-PT-00005/RC-10.smt2,sat,0.01
/20220307-SMPT/FMS-PT-00005/RF-04.smt2,failed,1200.0
/20220307-SMPT/FMS-PT-00005/RF-01.smt2,unsat,0.01
/20220307-SMPT/FMS-PT-00005/RF-13.smt2,unsat,0.01
/20220307-SMPT/FMS-PT-00005/RC-05.smt2,sat,0.01
/20220307-SMPT/FMS-PT-00005/RC-00.smt2,sat,0.0
/20220307-SMPT/FMS-PT-00005/RF-05.smt2,sat,0.01
/20220307-SMPT/FMS-PT-00005/RF-07.smt2,unsat,0.01
/20220307-SMPT/FMS-PT-00005/RF-10.smt2,sat,0.01
/20220307-SMPT/FMS-PT-00005/RF-08.smt2,sat,0.01
/20220307-SMPT/FMS-PT-00005/RC-08.smt2,unsat,0.01
/20220307-SMPT/FMS-PT-00005/RF-15.smt2,sat,0.01
/20220307-SMPT/FMS-PT-00005/RF-09.smt2,sat,0.03
/20220307-SMPT/FMS-PT-00005/RC-07.smt2,sat,0.01
/20220307-SMPT/FMS-PT-00005/RF-06.smt2,sat,0.01
/20220307-SMPT/FMS-PT-00005/RC-09.smt2,unsat,0.01
/20220307-SMPT/FMS-PT-00005/RC-15.smt2,sat,0.01
/20220307-SMPT/FMS-PT-00005/RC-12.smt2,sat,0.01
/20220307-SMPT/FMS-PT-00005/RF-14.smt2,sat,0.01
/20220307-SMPT/Kanban-PT-00010/RC-02.smt2,unsat,0.01
/20220307-SMPT/Kanban-PT-00010/RF-12.smt2,sat,0.01
/20220307-SMPT/Kanban-PT-00010/RC-03.smt2,sat,0.01
/20220307-SMPT/Kanban-PT-00010/RF-02.smt2,unsat,0.01
/20220307-SMPT/Kanban-PT-00010/RC-11.smt2,sat,0.01
/20220307-SMPT/Kanban-PT-00010/RF-03.smt2,sat,0.01
/20220307-SMPT/Kanban-PT-00010/RC-01.smt2,sat,0.01
/20220307-SMPT/Kanban-PT-00010/RF-00.smt2,sat,0.01
/20220307-SMPT/Kanban-PT-00010/RC-04.smt2,sat,0.01
/20220307-SMPT/Kanban-PT-00010/RF-11.smt2,sat,0.01
/20220307-SMPT/Kanban-PT-00010/RC-13.smt2,sat,0.01
/20220307-SMPT/Kanban-PT-00010/RC-06.smt2,sat,0.01
/20220307-SMPT/Kanban-PT-00010/RC-14.smt2,sat,0.01
/20220307-SMPT/Kanban-PT-00010/RC-10.smt2,sat,0.01
/20220307-SMPT/Kanban-PT-00010/RF-04.smt2,unsat,0.01
/20220307-SMPT/Kanban-PT-00010/RF-01.smt2,sat,0.01
/20220307-SMPT/Kanban-PT-00010/RF-13.smt2,sat,0.01
/20220307-SMPT/Kanban-PT-00010/RC-05.smt2,sat,0.01
/20220307-SMPT/Kanban-PT-00010/RC-00.smt2,sat,0.01
/20220307-SMPT/Kanban-PT-00010/RF-05.smt2,unsat,0.01
/20220307-SMPT/Kanban-PT-00010/RF-07.smt2,sat,0.02
/20220307-SMPT/Kanban-PT-00010/RF-10.smt2,unsat,0.01
/20220307-SMPT/Kanban-PT-00010/RF-08.smt2,sat,0.01
/20220307-SMPT/Kanban-PT-00010/RC-08.smt2,sat,0.01
/20220307-SMPT/Kanban-PT-00010/RF-15.smt2,failed,1200.0
/20220307-SMPT/Kanban-PT-00010/RF-09.smt2,sat,0.01
/20220307-SMPT/Kanban-PT-00010/RC-07.smt2,sat,0.01
/20220307-SMPT/Kanban-PT-00010/RF-06.smt2,sat,0.01
/20220307-SMPT/Kanban-PT-00010/RC-09.smt2,sat,0.01
/20220307-SMPT/Kanban-PT-00010/RC-15.smt2,sat,0.01
/20220307-SMPT/Kanban-PT-00010/RC-12.smt2,sat,0.01
/20220307-SMPT/Kanban-PT-00010/RF-14.smt2,sat,0.01
/20220307-SMPT/SwimmingPool-PT-01/RC-02.smt2,sat,0.01
/20220307-SMPT/SwimmingPool-PT-01/RF-12.smt2,failed,1200.0
/20220307-SMPT/SwimmingPool-PT-01/RC-03.smt2,unsat,0.01
/20220307-SMPT/SwimmingPool-PT-01/RF-02.smt2,sat,0.01
/20220307-SMPT/SwimmingPool-PT-01/RC-11.smt2,unsat,0.01
/20220307-SMPT/SwimmingPool-PT-01/RF-03.smt2,sat,0.01
/20220307-SMPT/SwimmingPool-PT-01/RC-01.smt2,sat,0.01
/20220307-SMPT/SwimmingPool-PT-01/RF-00.smt2,sat,0.01
/20220307-SMPT/SwimmingPool-PT-01/RC-04.smt2,sat,0.01
/20220307-SMPT/SwimmingPool-PT-01/RF-11.smt2,unsat,0.01
/20220307-SMPT/SwimmingPool-PT-01/RC-13.smt2,unsat,0.01
/20220307-SMPT/SwimmingPool-PT-01/RC-06.smt2,sat,0.01
/20220307-SMPT/SwimmingPool-PT-01/RC-14.smt2,sat,0.01
/20220307-SMPT/SwimmingPool-PT-01/RC-10.smt2,sat,0.01
/20220307-SMPT/SwimmingPool-PT-01/RF-04.smt2,sat,0.01
/20220307-SMPT/SwimmingPool-PT-01/RF-01.smt2,sat,0.01
/20220307-SMPT/SwimmingPool-PT-01/RF-13.smt2,sat,0.0
/20220307-SMPT/SwimmingPool-PT-01/RC-05.smt2,sat,0.01
/20220307-SMPT/SwimmingPool-PT-01/RC-00.smt2,unsat,0.01
/20220307-SMPT/SwimmingPool-PT-01/RF-05.smt2,sat,0.01
/20220307-SMPT/SwimmingPool-PT-01/RF-07.smt2,sat,0.01
/20220307-SMPT/SwimmingPool-PT-01/RF-10.smt2,sat,0.01
/20220307-SMPT/SwimmingPool-PT-01/RF-08.smt2,failed,1200.0
/20220307-SMPT/SwimmingPool-PT-01/RC-08.smt2,unsat,0.01
/20220307-SMPT/SwimmingPool-PT-01/RF-15.smt2,unsat,0.01
/20220307-SMPT/SwimmingPool-PT-01/RF-09.smt2,sat,0.01
/20220307-SMPT/SwimmingPool-PT-01/RC-07.smt2,sat,0.01
/20220307-SMPT/SwimmingPool-PT-01/RF-06.smt2,unsat,0.01
/20220307-SMPT/SwimmingPool-PT-01/RC-09.smt2,sat,0.02
/20220307-SMPT/SwimmingPool-PT-01/RC-15.smt2,sat,0.02
/20220307-SMPT/SwimmingPool-PT-01/RC-12.smt2,sat,0.01
/20220307-SMPT/SwimmingPool-PT-01/RF-14.smt2,sat,0.01
/20220307-SMPT/BART-PT-040/RC-02.smt2,unsat,0.63
/20220307-SMPT/BART-PT-040/RF-12.smt2,sat,0.62
/20220307-SMPT/BART-PT-040/RC-03.smt2,unsat,0.45
/20220307-SMPT/BART-PT-040/RF-02.smt2,sat,0.45
/20220307-SMPT/BART-PT-040/RC-11.smt2,unsat,0.59
/20220307-SMPT/BART-PT-040/RF-03.smt2,sat,0.94
/20220307-SMPT/BART-PT-040/RC-01.smt2,unsat,0.55
/20220307-SMPT/BART-PT-040/RF-00.smt2,sat,0.65
/20220307-SMPT/BART-PT-040/RC-04.smt2,sat,0.59
/20220307-SMPT/BART-PT-040/RF-11.smt2,sat,1.08
/20220307-SMPT/BART-PT-040/RC-13.smt2,sat,0.81
/20220307-SMPT/BART-PT-040/RC-06.smt2,sat,0.73
/20220307-SMPT/BART-PT-040/RC-14.smt2,unsat,0.66
/20220307-SMPT/BART-PT-040/RC-10.smt2,sat,0.5
/20220307-SMPT/BART-PT-040/RF-04.smt2,sat,0.68
/20220307-SMPT/BART-PT-040/RF-01.smt2,sat,0.6
/20220307-SMPT/BART-PT-040/RF-13.smt2,sat,0.45
/20220307-SMPT/BART-PT-040/RC-05.smt2,unsat,0.31
/20220307-SMPT/BART-PT-040/RC-00.smt2,sat,0.77
/20220307-SMPT/BART-PT-040/RF-05.smt2,sat,0.85
/20220307-SMPT/BART-PT-040/RF-07.smt2,sat,0.77
/20220307-SMPT/BART-PT-040/RF-10.smt2,sat,0.59
/20220307-SMPT/BART-PT-040/RF-08.smt2,sat,0.49
/20220307-SMPT/BART-PT-040/RC-08.smt2,unsat,0.69
/20220307-SMPT/BART-PT-040/RF-15.smt2,sat,0.63
/20220307-SMPT/BART-PT-040/RF-09.smt2,sat,0.67
/20220307-SMPT/BART-PT-040/RC-07.smt2,sat,0.56
/20220307-SMPT/BART-PT-040/RF-06.smt2,sat,0.55
/20220307-SMPT/BART-PT-040/RC-09.smt2,unsat,0.83
/20220307-SMPT/BART-PT-040/RC-15.smt2,sat,0.74
/20220307-SMPT/BART-PT-040/RC-12.smt2,unsat,0.57
/20220307-SMPT/BART-PT-040/RF-14.smt2,sat,0.52
/20220307-SMPT/Eratosthenes-PT-100/RC-02.smt2,unsat,0.01
/20220307-SMPT/Eratosthenes-PT-100/RF-12.smt2,sat,0.03
/20220307-SMPT/Eratosthenes-PT-100/RC-03.smt2,failed,1200.0
/20220307-SMPT/Eratosthenes-PT-100/RF-02.smt2,sat,0.01
/20220307-SMPT/Eratosthenes-PT-100/RC-11.smt2,unsat,0.01
/20220307-SMPT/Eratosthenes-PT-100/RF-03.smt2,sat,0.01
/20220307-SMPT/Eratosthenes-PT-100/RC-01.smt2,unsat,0.01
/20220307-SMPT/Eratosthenes-PT-100/RF-00.smt2,sat,0.01
/20220307-SMPT/Eratosthenes-PT-100/RC-04.smt2,unsat,0.01
/20220307-SMPT/Eratosthenes-PT-100/RF-11.smt2,sat,0.01
/20220307-SMPT/Eratosthenes-PT-100/RC-13.smt2,failed,1200.0
/20220307-SMPT/Eratosthenes-PT-100/RC-06.smt2,sat,0.01
/20220307-SMPT/Eratosthenes-PT-100/RC-14.smt2,unsat,0.01
/20220307-SMPT/Eratosthenes-PT-100/RC-10.smt2,unsat,0.01
/20220307-SMPT/Eratosthenes-PT-100/RF-04.smt2,sat,0.01
/20220307-SMPT/Eratosthenes-PT-100/RF-01.smt2,sat,0.01
/20220307-SMPT/Eratosthenes-PT-100/RF-13.smt2,sat,0.01
/20220307-SMPT/Eratosthenes-PT-100/RC-05.smt2,unsat,0.01
/20220307-SMPT/Eratosthenes-PT-100/RC-00.smt2,unsat,0.01
/20220307-SMPT/Eratosthenes-PT-100/RF-05.smt2,failed,1200.0
/20220307-SMPT/Eratosthenes-PT-100/RF-07.smt2,failed,1200.0
/20220307-SMPT/Eratosthenes-PT-100/RF-10.smt2,sat,0.01
/20220307-SMPT/Eratosthenes-PT-100/RF-08.smt2,sat,0.01
/20220307-SMPT/Eratosthenes-PT-100/RC-08.smt2,unsat,0.01
/20220307-SMPT/Eratosthenes-PT-100/RF-15.smt2,failed,1200.0
/20220307-SMPT/Eratosthenes-PT-100/RF-09.smt2,sat,0.01
/20220307-SMPT/Eratosthenes-PT-100/RC-07.smt2,unsat,0.01
/20220307-SMPT/Eratosthenes-PT-100/RF-06.smt2,unsat,0.01
/20220307-SMPT/Eratosthenes-PT-100/RC-09.smt2,unsat,0.03
/20220307-SMPT/Eratosthenes-PT-100/RC-15.smt2,unsat,0.01
/20220307-SMPT/Eratosthenes-PT-100/RC-12.smt2,unsat,0.01
/20220307-SMPT/Eratosthenes-PT-100/RF-14.smt2,sat,0.01
/20220307-SMPT/SmallOperatingSystem-PT-MT8192DC2048/RC-02.smt2,sat,0.01
/20220307-SMPT/SmallOperatingSystem-PT-MT8192DC2048/RF-12.smt2,sat,0.01
/20220307-SMPT/SmallOperatingSystem-PT-MT8192DC2048/RC-03.smt2,sat,0.01
/20220307-SMPT/SmallOperatingSystem-PT-MT8192DC2048/RF-02.smt2,sat,0.01
/20220307-SMPT/SmallOperatingSystem-PT-MT8192DC2048/RC-11.smt2,sat,0.01
/20220307-SMPT/SmallOperatingSystem-PT-MT8192DC2048/RF-03.smt2,failed,1200.0
/20220307-SMPT/SmallOperatingSystem-PT-MT8192DC2048/RC-01.smt2,sat,0.01
/20220307-SMPT/SmallOperatingSystem-PT-MT8192DC2048/RF-00.smt2,sat,0.01
/20220307-SMPT/SmallOperatingSystem-PT-MT8192DC2048/RC-04.smt2,sat,0.01
/20220307-SMPT/SmallOperatingSystem-PT-MT8192DC2048/RC-13.smt2,sat,0.01
/20220307-SMPT/SmallOperatingSystem-PT-MT8192DC2048/RC-06.smt2,sat,0.01
/20220307-SMPT/SmallOperatingSystem-PT-MT8192DC2048/RC-14.smt2,sat,0.01
/20220307-SMPT/SmallOperatingSystem-PT-MT8192DC2048/RC-10.smt2,sat,0.01
/20220307-SMPT/SmallOperatingSystem-PT-MT8192DC2048/RF-04.smt2,sat,0.01
/20220307-SMPT/SmallOperatingSystem-PT-MT8192DC2048/RF-01.smt2,unsat,0.01
/20220307-SMPT/SmallOperatingSystem-PT-MT8192DC2048/RF-13.smt2,sat,0.01
/20220307-SMPT/SmallOperatingSystem-PT-MT8192DC2048/RC-05.smt2,sat,0.01
/20220307-SMPT/SmallOperatingSystem-PT-MT8192DC2048/RC-00.smt2,sat,0.01
/20220307-SMPT/SmallOperatingSystem-PT-MT8192DC2048/RF-05.smt2,unsat,0.01
/20220307-SMPT/SmallOperatingSystem-PT-MT8192DC2048/RF-10.smt2,sat,0.01
/20220307-SMPT/SmallOperatingSystem-PT-MT8192DC2048/RF-08.smt2,sat,0.01
/20220307-SMPT/SmallOperatingSystem-PT-MT8192DC2048/RC-08.smt2,unsat,0.01
/20220307-SMPT/SmallOperatingSystem-PT-MT8192DC2048/RF-15.smt2,unsat,0.01
/20220307-SMPT/SmallOperatingSystem-PT-MT8192DC2048/RF-09.smt2,sat,0.01
/20220307-SMPT/SmallOperatingSystem-PT-MT8192DC2048/RC-07.smt2,sat,0.01
/20220307-SMPT/SmallOperatingSystem-PT-MT8192DC2048/RF-06.smt2,sat,0.01
/20220307-SMPT/SmallOperatingSystem-PT-MT8192DC2048/RC-09.smt2,sat,0.01
/20220307-SMPT/SmallOperatingSystem-PT-MT8192DC2048/RC-15.smt2,unsat,0.01
/20220307-SMPT/SmallOperatingSystem-PT-MT8192DC2048/RC-12.smt2,unsat,0.01
/20220307-SMPT/SmallOperatingSystem-PT-MT8192DC2048/RF-14.smt2,sat,0.01
/20220307-SMPT/HouseConstruction-PT-16000/RC-02.smt2,sat,0.01
/20220307-SMPT/HouseConstruction-PT-16000/RF-12.smt2,sat,0.01
/20220307-SMPT/HouseConstruction-PT-16000/RC-03.smt2,sat,0.01
/20220307-SMPT/HouseConstruction-PT-16000/RF-02.smt2,unsat,0.01
/20220307-SMPT/HouseConstruction-PT-16000/RC-11.smt2,sat,0.01
/20220307-SMPT/HouseConstruction-PT-16000/RF-03.smt2,sat,0.01
/20220307-SMPT/HouseConstruction-PT-16000/RC-01.smt2,sat,0.01
/20220307-SMPT/HouseConstruction-PT-16000/RF-00.smt2,unsat,0.01
/20220307-SMPT/HouseConstruction-PT-16000/RC-04.smt2,sat,0.01
/20220307-SMPT/HouseConstruction-PT-16000/RF-11.smt2,sat,0.01
/20220307-SMPT/HouseConstruction-PT-16000/RC-13.smt2,unsat,0.01
/20220307-SMPT/HouseConstruction-PT-16000/RC-06.smt2,sat,0.01
/20220307-SMPT/HouseConstruction-PT-16000/RC-14.smt2,sat,0.01
/20220307-SMPT/HouseConstruction-PT-16000/RC-10.smt2,sat,0.01
/20220307-SMPT/HouseConstruction-PT-16000/RF-04.smt2,sat,0.01
/20220307-SMPT/HouseConstruction-PT-16000/RF-01.smt2,sat,0.01
/20220307-SMPT/HouseConstruction-PT-16000/RF-13.smt2,unsat,0.01
/20220307-SMPT/HouseConstruction-PT-16000/RC-05.smt2,sat,0.01
/20220307-SMPT/HouseConstruction-PT-16000/RC-00.smt2,sat,0.01
/20220307-SMPT/HouseConstruction-PT-16000/RF-05.smt2,sat,0.01
/20220307-SMPT/HouseConstruction-PT-16000/RF-07.smt2,sat,0.01
/20220307-SMPT/HouseConstruction-PT-16000/RF-10.smt2,sat,0.01
/20220307-SMPT/HouseConstruction-PT-16000/RF-08.smt2,sat,0.01
/20220307-SMPT/HouseConstruction-PT-16000/RC-08.smt2,sat,0.01
/20220307-SMPT/HouseConstruction-PT-16000/RF-15.smt2,sat,0.01
/20220307-SMPT/HouseConstruction-PT-16000/RF-09.smt2,unsat,0.01
/20220307-SMPT/HouseConstruction-PT-16000/RC-07.smt2,sat,0.01
/20220307-SMPT/HouseConstruction-PT-16000/RF-06.smt2,sat,0.01
/20220307-SMPT/HouseConstruction-PT-16000/RC-09.smt2,sat,0.01
/20220307-SMPT/HouseConstruction-PT-16000/RC-15.smt2,sat,0.01
/20220307-SMPT/HouseConstruction-PT-16000/RC-12.smt2,sat,0.01
/20220307-SMPT/HouseConstruction-PT-16000/RF-14.smt2,sat,0.01
/20220307-SMPT/CircularTrains-PT-012/RC-02.smt2,sat,0.01
/20220307-SMPT/CircularTrains-PT-012/RF-12.smt2,sat,0.01
/20220307-SMPT/CircularTrains-PT-012/RC-03.smt2,sat,0.01
/20220307-SMPT/CircularTrains-PT-012/RF-02.smt2,sat,0.01
/20220307-SMPT/CircularTrains-PT-012/RC-11.smt2,sat,0.01
/20220307-SMPT/CircularTrains-PT-012/RF-03.smt2,sat,0.01
/20220307-SMPT/CircularTrains-PT-012/RC-01.smt2,sat,0.01
/20220307-SMPT/CircularTrains-PT-012/RF-00.smt2,sat,0.01
/20220307-SMPT/CircularTrains-PT-012/RC-04.smt2,sat,0.01
/20220307-SMPT/CircularTrains-PT-012/RF-11.smt2,sat,0.01
/20220307-SMPT/CircularTrains-PT-012/RC-13.smt2,sat,0.01
/20220307-SMPT/CircularTrains-PT-012/RC-06.smt2,unsat,0.01
/20220307-SMPT/CircularTrains-PT-012/RC-14.smt2,unsat,0.01
/20220307-SMPT/CircularTrains-PT-012/RC-10.smt2,unsat,0.01
/20220307-SMPT/CircularTrains-PT-012/RF-04.smt2,sat,0.01
/20220307-SMPT/CircularTrains-PT-012/RF-01.smt2,unsat,0.01
/20220307-SMPT/CircularTrains-PT-012/RF-13.smt2,sat,0.01
/20220307-SMPT/CircularTrains-PT-012/RC-05.smt2,sat,0.01
/20220307-SMPT/CircularTrains-PT-012/RC-00.smt2,unsat,0.01
/20220307-SMPT/CircularTrains-PT-012/RF-05.smt2,sat,0.01
/20220307-SMPT/CircularTrains-PT-012/RF-07.smt2,sat,0.01
/20220307-SMPT/CircularTrains-PT-012/RF-10.smt2,sat,0.01
/20220307-SMPT/CircularTrains-PT-012/RF-08.smt2,sat,0.01
/20220307-SMPT/CircularTrains-PT-012/RC-08.smt2,sat,0.01
/20220307-SMPT/CircularTrains-PT-012/RF-15.smt2,sat,0.01
/20220307-SMPT/CircularTrains-PT-012/RF-09.smt2,sat,0.01
/20220307-SMPT/CircularTrains-PT-012/RC-07.smt2,sat,0.01
/20220307-SMPT/CircularTrains-PT-012/RF-06.smt2,sat,0.01
/20220307-SMPT/CircularTrains-PT-012/RC-09.smt2,sat,0.01
/20220307-SMPT/CircularTrains-PT-012/RC-15.smt2,unsat,0.01
/20220307-SMPT/CircularTrains-PT-012/RC-12.smt2,sat,0.01
/20220307-SMPT/CircularTrains-PT-012/RF-14.smt2,sat,0.01
/20220307-SMPT/Eratosthenes-PT-200/RC-02.smt2,failed,1200.0
/20220307-SMPT/Eratosthenes-PT-200/RF-12.smt2,sat,0.01
/20220307-SMPT/Eratosthenes-PT-200/RC-03.smt2,unsat,0.01
/20220307-SMPT/Eratosthenes-PT-200/RF-02.smt2,sat,0.01
/20220307-SMPT/Eratosthenes-PT-200/RC-11.smt2,unsat,0.01
/20220307-SMPT/Eratosthenes-PT-200/RF-03.smt2,failed,1200.0
/20220307-SMPT/Eratosthenes-PT-200/RC-01.smt2,unsat,0.01
/20220307-SMPT/Eratosthenes-PT-200/RF-00.smt2,sat,0.01
/20220307-SMPT/Eratosthenes-PT-200/RC-04.smt2,unsat,0.01
/20220307-SMPT/Eratosthenes-PT-200/RF-11.smt2,sat,0.07
/20220307-SMPT/Eratosthenes-PT-200/RC-13.smt2,unsat,0.01
/20220307-SMPT/Eratosthenes-PT-200/RC-06.smt2,sat,0.01
/20220307-SMPT/Eratosthenes-PT-200/RC-14.smt2,unsat,0.01
/20220307-SMPT/Eratosthenes-PT-200/RC-10.smt2,unsat,0.01
/20220307-SMPT/Eratosthenes-PT-200/RF-04.smt2,sat,0.08
/20220307-SMPT/Eratosthenes-PT-200/RF-01.smt2,sat,0.01
/20220307-SMPT/Eratosthenes-PT-200/RF-13.smt2,sat,0.01
/20220307-SMPT/Eratosthenes-PT-200/RC-05.smt2,unsat,0.01
/20220307-SMPT/Eratosthenes-PT-200/RC-00.smt2,unsat,0.01
/20220307-SMPT/Eratosthenes-PT-200/RF-05.smt2,sat,0.01
/20220307-SMPT/Eratosthenes-PT-200/RF-07.smt2,sat,0.01
/20220307-SMPT/Eratosthenes-PT-200/RF-10.smt2,sat,0.01
/20220307-SMPT/Eratosthenes-PT-200/RF-08.smt2,sat,0.01
/20220307-SMPT/Eratosthenes-PT-200/RC-08.smt2,sat,0.02
/20220307-SMPT/Eratosthenes-PT-200/RF-15.smt2,failed,1200.0
/20220307-SMPT/Eratosthenes-PT-200/RF-09.smt2,failed,1200.0
/20220307-SMPT/Eratosthenes-PT-200/RC-07.smt2,unsat,0.07
/20220307-SMPT/Eratosthenes-PT-200/RF-06.smt2,sat,0.01
/20220307-SMPT/Eratosthenes-PT-200/RC-09.smt2,sat,0.01
/20220307-SMPT/Eratosthenes-PT-200/RC-15.smt2,failed,1200.0
/20220307-SMPT/Eratosthenes-PT-200/RC-12.smt2,unsat,0.01
/20220307-SMPT/Eratosthenes-PT-200/RF-14.smt2,sat,0.07
/20220307-SMPT/Diffusion2D-PT-D40N150/RC-02.smt2,sat,0.15
/20220307-SMPT/Diffusion2D-PT-D40N150/RF-12.smt2,sat,0.16
/20220307-SMPT/Diffusion2D-PT-D40N150/RC-03.smt2,sat,0.15
/20220307-SMPT/Diffusion2D-PT-D40N150/RF-02.smt2,sat,0.15
/20220307-SMPT/Diffusion2D-PT-D40N150/RC-11.smt2,sat,0.18
/20220307-SMPT/Diffusion2D-PT-D40N150/RF-03.smt2,sat,0.14
/20220307-SMPT/Diffusion2D-PT-D40N150/RC-01.smt2,sat,0.15
/20220307-SMPT/Diffusion2D-PT-D40N150/RF-00.smt2,sat,0.17
/20220307-SMPT/Diffusion2D-PT-D40N150/RC-04.smt2,sat,0.2
/20220307-SMPT/Diffusion2D-PT-D40N150/RF-11.smt2,sat,0.15
/20220307-SMPT/Diffusion2D-PT-D40N150/RC-13.smt2,sat,0.15
/20220307-SMPT/Diffusion2D-PT-D40N150/RC-06.smt2,sat,0.18
/20220307-SMPT/Diffusion2D-PT-D40N150/RC-14.smt2,sat,0.11
/20220307-SMPT/Diffusion2D-PT-D40N150/RC-10.smt2,sat,0.21
/20220307-SMPT/Diffusion2D-PT-D40N150/RF-04.smt2,sat,0.1
/20220307-SMPT/Diffusion2D-PT-D40N150/RF-01.smt2,sat,0.11
/20220307-SMPT/Diffusion2D-PT-D40N150/RF-13.smt2,sat,0.14
/20220307-SMPT/Diffusion2D-PT-D40N150/RC-05.smt2,sat,0.14
/20220307-SMPT/Diffusion2D-PT-D40N150/RC-00.smt2,sat,0.16
/20220307-SMPT/Diffusion2D-PT-D40N150/RF-05.smt2,sat,0.14
/20220307-SMPT/Diffusion2D-PT-D40N150/RF-07.smt2,sat,0.16
/20220307-SMPT/Diffusion2D-PT-D40N150/RF-10.smt2,sat,0.13
/20220307-SMPT/Diffusion2D-PT-D40N150/RF-08.smt2,sat,0.16
/20220307-SMPT/Diffusion2D-PT-D40N150/RC-08.smt2,sat,0.16
/20220307-SMPT/Diffusion2D-PT-D40N150/RF-15.smt2,sat,0.17
/20220307-SMPT/Diffusion2D-PT-D40N150/RF-09.smt2,sat,0.16
/20220307-SMPT/Diffusion2D-PT-D40N150/RC-07.smt2,sat,0.17
/20220307-SMPT/Diffusion2D-PT-D40N150/RF-06.smt2,sat,0.16
/20220307-SMPT/Diffusion2D-PT-D40N150/RC-09.smt2,sat,0.12
/20220307-SMPT/Diffusion2D-PT-D40N150/RC-15.smt2,sat,0.12
/20220307-SMPT/Diffusion2D-PT-D40N150/RC-12.smt2,sat,0.16
/20220307-SMPT/Diffusion2D-PT-D40N150/RF-14.smt2,sat,0.14
/20220307-SMPT/RobotManipulation-PT-00001/RC-02.smt2,sat,0.01
/20220307-SMPT/RobotManipulation-PT-00001/RF-12.smt2,sat,0.01
/20220307-SMPT/RobotManipulation-PT-00001/RC-03.smt2,sat,0.01
/20220307-SMPT/RobotManipulation-PT-00001/RF-02.smt2,sat,0.01
/20220307-SMPT/RobotManipulation-PT-00001/RC-11.smt2,unsat,0.01
/20220307-SMPT/RobotManipulation-PT-00001/RF-03.smt2,sat,0.01
/20220307-SMPT/RobotManipulation-PT-00001/RC-01.smt2,sat,0.01
/20220307-SMPT/RobotManipulation-PT-00001/RF-00.smt2,sat,0.01
/20220307-SMPT/RobotManipulation-PT-00001/RC-04.smt2,unsat,0.01
/20220307-SMPT/RobotManipulation-PT-00001/RF-11.smt2,sat,0.01
/20220307-SMPT/RobotManipulation-PT-00001/RC-13.smt2,sat,0.01
/20220307-SMPT/RobotManipulation-PT-00001/RC-06.smt2,sat,0.01
/20220307-SMPT/RobotManipulation-PT-00001/RC-14.smt2,sat,0.01
/20220307-SMPT/RobotManipulation-PT-00001/RC-10.smt2,sat,0.01
/20220307-SMPT/RobotManipulation-PT-00001/RF-04.smt2,sat,0.01
/20220307-SMPT/RobotManipulation-PT-00001/RF-01.smt2,sat,0.01
/20220307-SMPT/RobotManipulation-PT-00001/RF-13.smt2,sat,0.01
/20220307-SMPT/RobotManipulation-PT-00001/RC-05.smt2,sat,0.01
/20220307-SMPT/RobotManipulation-PT-00001/RC-00.smt2,sat,0.01
/20220307-SMPT/RobotManipulation-PT-00001/RF-05.smt2,sat,0.01
/20220307-SMPT/RobotManipulation-PT-00001/RF-07.smt2,sat,0.01
/20220307-SMPT/RobotManipulation-PT-00001/RF-10.smt2,sat,0.01
/20220307-SMPT/RobotManipulation-PT-00001/RF-08.smt2,sat,0.01
/20220307-SMPT/RobotManipulation-PT-00001/RC-08.smt2,sat,0.01
/20220307-SMPT/RobotManipulation-PT-00001/RF-15.smt2,sat,0.01
/20220307-SMPT/RobotManipulation-PT-00001/RF-09.smt2,sat,0.01
/20220307-SMPT/RobotManipulation-PT-00001/RC-07.smt2,sat,0.01
/20220307-SMPT/RobotManipulation-PT-00001/RF-06.smt2,sat,0.01
/20220307-SMPT/RobotManipulation-PT-00001/RC-09.smt2,sat,0.01
/20220307-SMPT/RobotManipulation-PT-00001/RC-15.smt2,unsat,0.01
/20220307-SMPT/RobotManipulation-PT-00001/RC-12.smt2,sat,0.01
/20220307-SMPT/RobotManipulation-PT-00001/RF-14.smt2,sat,0.01
/20220307-SMPT/RwMutex-PT-r0010w0050/RC-02.smt2,sat,0.05
/20220307-SMPT/RwMutex-PT-r0010w0050/RF-12.smt2,sat,0.05
/20220307-SMPT/RwMutex-PT-r0010w0050/RC-03.smt2,sat,0.05
/20220307-SMPT/RwMutex-PT-r0010w0050/RF-02.smt2,unsat,0.03
/20220307-SMPT/RwMutex-PT-r0010w0050/RC-11.smt2,sat,0.05
/20220307-SMPT/RwMutex-PT-r0010w0050/RF-03.smt2,sat,0.07
/20220307-SMPT/RwMutex-PT-r0010w0050/RC-01.smt2,sat,0.05
/20220307-SMPT/RwMutex-PT-r0010w0050/RF-00.smt2,failed,1200.0
/20220307-SMPT/RwMutex-PT-r0010w0050/RC-04.smt2,unsat,0.05
/20220307-SMPT/RwMutex-PT-r0010w0050/RF-11.smt2,sat,0.06
/20220307-SMPT/RwMutex-PT-r0010w0050/RC-13.smt2,sat,0.05
/20220307-SMPT/RwMutex-PT-r0010w0050/RC-06.smt2,sat,0.05
/20220307-SMPT/RwMutex-PT-r0010w0050/RC-14.smt2,failed,1200.0
/20220307-SMPT/RwMutex-PT-r0010w0050/RC-10.smt2,failed,1200.0
/20220307-SMPT/RwMutex-PT-r0010w0050/RF-04.smt2,sat,0.05
/20220307-SMPT/RwMutex-PT-r0010w0050/RF-01.smt2,sat,0.06
/20220307-SMPT/RwMutex-PT-r0010w0050/RF-13.smt2,sat,0.05
/20220307-SMPT/RwMutex-PT-r0010w0050/RC-05.smt2,sat,0.05
/20220307-SMPT/RwMutex-PT-r0010w0050/RC-00.smt2,sat,0.05
/20220307-SMPT/RwMutex-PT-r0010w0050/RF-05.smt2,sat,0.05
/20220307-SMPT/RwMutex-PT-r0010w0050/RF-07.smt2,sat,0.05
/20220307-SMPT/RwMutex-PT-r0010w0050/RF-10.smt2,sat,0.07
/20220307-SMPT/RwMutex-PT-r0010w0050/RF-08.smt2,sat,0.06
/20220307-SMPT/RwMutex-PT-r0010w0050/RC-08.smt2,unsat,0.05
/20220307-SMPT/RwMutex-PT-r0010w0050/RF-15.smt2,sat,0.06
/20220307-SMPT/RwMutex-PT-r0010w0050/RC-07.smt2,sat,0.05
/20220307-SMPT/RwMutex-PT-r0010w0050/RF-06.smt2,sat,0.07
/20220307-SMPT/RwMutex-PT-r0010w0050/RC-09.smt2,sat,0.06
/20220307-SMPT/RwMutex-PT-r0010w0050/RC-15.smt2,sat,0.06
/20220307-SMPT/RwMutex-PT-r0010w0050/RC-12.smt2,sat,0.05
/20220307-SMPT/RwMutex-PT-r0010w0050/RF-14.smt2,sat,0.05
/20220307-SMPT/Diffusion2D-PT-D30N050/RC-02.smt2,sat,0.08
/20220307-SMPT/Diffusion2D-PT-D30N050/RF-12.smt2,sat,0.08
/20220307-SMPT/Diffusion2D-PT-D30N050/RC-03.smt2,sat,0.08
/20220307-SMPT/Diffusion2D-PT-D30N050/RF-02.smt2,sat,0.1
/20220307-SMPT/Diffusion2D-PT-D30N050/RC-11.smt2,sat,0.08
/20220307-SMPT/Diffusion2D-PT-D30N050/RF-03.smt2,sat,0.07
/20220307-SMPT/Diffusion2D-PT-D30N050/RC-01.smt2,sat,0.07
/20220307-SMPT/Diffusion2D-PT-D30N050/RF-00.smt2,sat,0.1
/20220307-SMPT/Diffusion2D-PT-D30N050/RC-04.smt2,sat,0.08
/20220307-SMPT/Diffusion2D-PT-D30N050/RF-11.smt2,sat,0.04
/20220307-SMPT/Diffusion2D-PT-D30N050/RC-13.smt2,sat,0.03
/20220307-SMPT/Diffusion2D-PT-D30N050/RC-06.smt2,sat,0.08
/20220307-SMPT/Diffusion2D-PT-D30N050/RC-14.smt2,sat,0.08
/20220307-SMPT/Diffusion2D-PT-D30N050/RC-10.smt2,sat,0.08
/20220307-SMPT/Diffusion2D-PT-D30N050/RF-04.smt2,sat,0.04
/20220307-SMPT/Diffusion2D-PT-D30N050/RF-01.smt2,sat,0.04
/20220307-SMPT/Diffusion2D-PT-D30N050/RF-13.smt2,sat,0.08
/20220307-SMPT/Diffusion2D-PT-D30N050/RC-05.smt2,sat,0.1
/20220307-SMPT/Diffusion2D-PT-D30N050/RC-00.smt2,sat,0.04
/20220307-SMPT/Diffusion2D-PT-D30N050/RF-05.smt2,sat,0.09
/20220307-SMPT/Diffusion2D-PT-D30N050/RF-07.smt2,sat,0.05
/20220307-SMPT/Diffusion2D-PT-D30N050/RF-10.smt2,sat,0.08
/20220307-SMPT/Diffusion2D-PT-D30N050/RF-08.smt2,sat,0.08
/20220307-SMPT/Diffusion2D-PT-D30N050/RC-08.smt2,sat,0.1
/20220307-SMPT/Diffusion2D-PT-D30N050/RF-15.smt2,sat,0.16
/20220307-SMPT/Diffusion2D-PT-D30N050/RF-09.smt2,sat,0.08
/20220307-SMPT/Diffusion2D-PT-D30N050/RC-07.smt2,sat,0.04
/20220307-SMPT/Diffusion2D-PT-D30N050/RF-06.smt2,sat,0.12
/20220307-SMPT/Diffusion2D-PT-D30N050/RC-09.smt2,sat,0.08
/20220307-SMPT/Diffusion2D-PT-D30N050/RC-15.smt2,sat,0.09
/20220307-SMPT/Diffusion2D-PT-D30N050/RC-12.smt2,sat,0.07
/20220307-SMPT/Diffusion2D-PT-D30N050/RF-14.smt2,sat,0.05
/20220307-SMPT/SmallOperatingSystem-PT-MT2048DC0512/RC-02.smt2,unsat,0.01
/20220307-SMPT/SmallOperatingSystem-PT-MT2048DC0512/RF-12.smt2,unsat,0.01
/20220307-SMPT/SmallOperatingSystem-PT-MT2048DC0512/RC-03.smt2,sat,0.01
/20220307-SMPT/SmallOperatingSystem-PT-MT2048DC0512/RC-11.smt2,sat,0.01
/20220307-SMPT/SmallOperatingSystem-PT-MT2048DC0512/RF-03.smt2,sat,0.01
/20220307-SMPT/SmallOperatingSystem-PT-MT2048DC0512/RC-01.smt2,sat,0.01
/20220307-SMPT/SmallOperatingSystem-PT-MT2048DC0512/RF-00.smt2,unsat,0.01
/20220307-SMPT/SmallOperatingSystem-PT-MT2048DC0512/RC-04.smt2,unsat,0.01
/20220307-SMPT/SmallOperatingSystem-PT-MT2048DC0512/RF-11.smt2,unsat,0.01
/20220307-SMPT/SmallOperatingSystem-PT-MT2048DC0512/RC-13.smt2,sat,0.01
/20220307-SMPT/SmallOperatingSystem-PT-MT2048DC0512/RC-06.smt2,unsat,0.01
/20220307-SMPT/SmallOperatingSystem-PT-MT2048DC0512/RC-14.smt2,sat,0.01
/20220307-SMPT/SmallOperatingSystem-PT-MT2048DC0512/RC-10.smt2,unsat,0.01
/20220307-SMPT/SmallOperatingSystem-PT-MT2048DC0512/RF-04.smt2,sat,0.01
/20220307-SMPT/SmallOperatingSystem-PT-MT2048DC0512/RF-01.smt2,sat,0.01
/20220307-SMPT/SmallOperatingSystem-PT-MT2048DC0512/RF-13.smt2,sat,0.01
/20220307-SMPT/SmallOperatingSystem-PT-MT2048DC0512/RC-05.smt2,sat,0.01
/20220307-SMPT/SmallOperatingSystem-PT-MT2048DC0512/RC-00.smt2,unsat,0.01
/20220307-SMPT/SmallOperatingSystem-PT-MT2048DC0512/RF-05.smt2,sat,0.01
/20220307-SMPT/SmallOperatingSystem-PT-MT2048DC0512/RF-10.smt2,unsat,0.01
/20220307-SMPT/SmallOperatingSystem-PT-MT2048DC0512/RF-08.smt2,sat,0.01
/20220307-SMPT/SmallOperatingSystem-PT-MT2048DC0512/RC-08.smt2,sat,0.01
/20220307-SMPT/SmallOperatingSystem-PT-MT2048DC0512/RF-15.smt2,sat,0.01
/20220307-SMPT/SmallOperatingSystem-PT-MT2048DC0512/RF-09.smt2,unsat,0.01
/20220307-SMPT/SmallOperatingSystem-PT-MT2048DC0512/RC-07.smt2,sat,0.01
/20220307-SMPT/SmallOperatingSystem-PT-MT2048DC0512/RF-06.smt2,unsat,0.01
/20220307-SMPT/SmallOperatingSystem-PT-MT2048DC0512/RC-09.smt2,unsat,0.01
/20220307-SMPT/SmallOperatingSystem-PT-MT2048DC0512/RC-15.smt2,unsat,0.01
/20220307-SMPT/SmallOperatingSystem-PT-MT2048DC0512/RC-12.smt2,sat,0.01
/20220307-SMPT/SmallOperatingSystem-PT-MT2048DC0512/RF-14.smt2,unsat,0.01
/20220307-SMPT/FMS-PT-50000/RC-02.smt2,sat,0.01
/20220307-SMPT/FMS-PT-50000/RF-12.smt2,sat,0.02
/20220307-SMPT/FMS-PT-50000/RC-03.smt2,sat,0.01
/20220307-SMPT/FMS-PT-50000/RF-02.smt2,sat,0.01
/20220307-SMPT/FMS-PT-50000/RC-11.smt2,sat,0.01
/20220307-SMPT/FMS-PT-50000/RF-03.smt2,sat,0.01
/20220307-SMPT/FMS-PT-50000/RC-01.smt2,sat,0.01
/20220307-SMPT/FMS-PT-50000/RF-00.smt2,sat,0.02
/20220307-SMPT/FMS-PT-50000/RC-04.smt2,sat,0.01
/20220307-SMPT/FMS-PT-50000/RC-13.smt2,unsat,0.01
/20220307-SMPT/FMS-PT-50000/RC-06.smt2,sat,0.01
/20220307-SMPT/FMS-PT-50000/RC-14.smt2,sat,0.01
/20220307-SMPT/FMS-PT-50000/RC-10.smt2,unsat,0.01
/20220307-SMPT/FMS-PT-50000/RF-04.smt2,sat,0.01
/20220307-SMPT/FMS-PT-50000/RF-01.smt2,sat,0.01
/20220307-SMPT/FMS-PT-50000/RF-13.smt2,sat,0.01
/20220307-SMPT/FMS-PT-50000/RC-05.smt2,sat,0.01
/20220307-SMPT/FMS-PT-50000/RC-00.smt2,sat,0.01
/20220307-SMPT/FMS-PT-50000/RF-05.smt2,failed,1200.0
/20220307-SMPT/FMS-PT-50000/RF-07.smt2,sat,0.01
/20220307-SMPT/FMS-PT-50000/RF-10.smt2,sat,0.02
/20220307-SMPT/FMS-PT-50000/RF-08.smt2,sat,0.01
/20220307-SMPT/FMS-PT-50000/RC-08.smt2,sat,0.01
/20220307-SMPT/FMS-PT-50000/RF-15.smt2,sat,0.01
/20220307-SMPT/FMS-PT-50000/RF-09.smt2,sat,0.01
/20220307-SMPT/FMS-PT-50000/RC-07.smt2,sat,0.01
/20220307-SMPT/FMS-PT-50000/RF-06.smt2,failed,1200.0
/20220307-SMPT/FMS-PT-50000/RC-09.smt2,sat,0.01
/20220307-SMPT/FMS-PT-50000/RC-15.smt2,sat,0.03
/20220307-SMPT/FMS-PT-50000/RC-12.smt2,sat,0.01
/20220307-SMPT/FMS-PT-50000/RF-14.smt2,sat,0.01
/20220307-SMPT/Diffusion2D-PT-D05N050/RC-02.smt2,sat,0.01
/20220307-SMPT/Diffusion2D-PT-D05N050/RF-12.smt2,sat,0.01
/20220307-SMPT/Diffusion2D-PT-D05N050/RC-03.smt2,sat,0.02
/20220307-SMPT/Diffusion2D-PT-D05N050/RF-02.smt2,sat,0.01
/20220307-SMPT/Diffusion2D-PT-D05N050/RC-11.smt2,sat,0.01
/20220307-SMPT/Diffusion2D-PT-D05N050/RF-03.smt2,unsat,0.01
/20220307-SMPT/Diffusion2D-PT-D05N050/RC-01.smt2,sat,0.01
/20220307-SMPT/Diffusion2D-PT-D05N050/RF-00.smt2,unsat,0.01
/20220307-SMPT/Diffusion2D-PT-D05N050/RC-04.smt2,sat,0.01
/20220307-SMPT/Diffusion2D-PT-D05N050/RF-11.smt2,sat,0.01
/20220307-SMPT/Diffusion2D-PT-D05N050/RC-13.smt2,unsat,0.01
/20220307-SMPT/Diffusion2D-PT-D05N050/RC-06.smt2,sat,0.01
/20220307-SMPT/Diffusion2D-PT-D05N050/RC-14.smt2,sat,0.01
/20220307-SMPT/Diffusion2D-PT-D05N050/RC-10.smt2,sat,0.01
/20220307-SMPT/Diffusion2D-PT-D05N050/RF-04.smt2,sat,0.01
/20220307-SMPT/Diffusion2D-PT-D05N050/RF-01.smt2,unsat,0.01
/20220307-SMPT/Diffusion2D-PT-D05N050/RF-13.smt2,unsat,0.01
/20220307-SMPT/Diffusion2D-PT-D05N050/RC-05.smt2,sat,0.01
/20220307-SMPT/Diffusion2D-PT-D05N050/RC-00.smt2,sat,0.01
/20220307-SMPT/Diffusion2D-PT-D05N050/RF-07.smt2,unsat,0.01
/20220307-SMPT/Diffusion2D-PT-D05N050/RF-10.smt2,sat,0.01
/20220307-SMPT/Diffusion2D-PT-D05N050/RF-08.smt2,sat,0.01
/20220307-SMPT/Diffusion2D-PT-D05N050/RC-08.smt2,sat,0.01
/20220307-SMPT/Diffusion2D-PT-D05N050/RF-15.smt2,sat,0.01
/20220307-SMPT/Diffusion2D-PT-D05N050/RF-09.smt2,sat,0.01
/20220307-SMPT/Diffusion2D-PT-D05N050/RC-07.smt2,sat,0.01
/20220307-SMPT/Diffusion2D-PT-D05N050/RF-06.smt2,sat,0.01
/20220307-SMPT/Diffusion2D-PT-D05N050/RC-09.smt2,sat,0.01
/20220307-SMPT/Diffusion2D-PT-D05N050/RC-15.smt2,sat,0.01
/20220307-SMPT/Diffusion2D-PT-D05N050/RC-12.smt2,failed,1200.0
/20220307-SMPT/Diffusion2D-PT-D05N050/RF-14.smt2,sat,0.01
/20220307-SMPT/Diffusion2D-PT-D10N010/RC-02.smt2,sat,0.02
/20220307-SMPT/Diffusion2D-PT-D10N010/RF-12.smt2,sat,0.02
/20220307-SMPT/Diffusion2D-PT-D10N010/RC-03.smt2,sat,0.02
/20220307-SMPT/Diffusion2D-PT-D10N010/RF-02.smt2,sat,0.01
/20220307-SMPT/Diffusion2D-PT-D10N010/RC-11.smt2,sat,0.01
/20220307-SMPT/Diffusion2D-PT-D10N010/RF-03.smt2,sat,0.01
/20220307-SMPT/Diffusion2D-PT-D10N010/RC-01.smt2,sat,0.01
/20220307-SMPT/Diffusion2D-PT-D10N010/RF-00.smt2,sat,0.02
/20220307-SMPT/Diffusion2D-PT-D10N010/RC-04.smt2,sat,0.01
/20220307-SMPT/Diffusion2D-PT-D10N010/RF-11.smt2,sat,0.02
/20220307-SMPT/Diffusion2D-PT-D10N010/RC-13.smt2,sat,0.02
/20220307-SMPT/Diffusion2D-PT-D10N010/RC-06.smt2,sat,0.01
/20220307-SMPT/Diffusion2D-PT-D10N010/RC-14.smt2,sat,0.01
/20220307-SMPT/Diffusion2D-PT-D10N010/RC-10.smt2,sat,0.01
/20220307-SMPT/Diffusion2D-PT-D10N010/RF-04.smt2,failed,1200.0
/20220307-SMPT/Diffusion2D-PT-D10N010/RF-01.smt2,sat,0.02
/20220307-SMPT/Diffusion2D-PT-D10N010/RF-13.smt2,sat,0.01
/20220307-SMPT/Diffusion2D-PT-D10N010/RC-05.smt2,sat,0.01
/20220307-SMPT/Diffusion2D-PT-D10N010/RC-00.smt2,sat,0.03
/20220307-SMPT/Diffusion2D-PT-D10N010/RF-05.smt2,sat,0.02
/20220307-SMPT/Diffusion2D-PT-D10N010/RF-07.smt2,sat,0.02
/20220307-SMPT/Diffusion2D-PT-D10N010/RF-10.smt2,sat,0.01
/20220307-SMPT/Diffusion2D-PT-D10N010/RF-08.smt2,sat,0.01
/20220307-SMPT/Diffusion2D-PT-D10N010/RC-08.smt2,sat,0.02
/20220307-SMPT/Diffusion2D-PT-D10N010/RF-15.smt2,sat,0.02
/20220307-SMPT/Diffusion2D-PT-D10N010/RF-09.smt2,failed,1200.0
/20220307-SMPT/Diffusion2D-PT-D10N010/RC-07.smt2,sat,0.02
/20220307-SMPT/Diffusion2D-PT-D10N010/RF-06.smt2,sat,0.01
/20220307-SMPT/Diffusion2D-PT-D10N010/RC-09.smt2,sat,0.01
/20220307-SMPT/Diffusion2D-PT-D10N010/RC-15.smt2,sat,0.02
/20220307-SMPT/Diffusion2D-PT-D10N010/RC-12.smt2,sat,0.02
/20220307-SMPT/Diffusion2D-PT-D10N010/RF-14.smt2,sat,0.02
/20220307-SMPT/MAPK-PT-01280/RC-02.smt2,failed,1200.0
/20220307-SMPT/MAPK-PT-01280/RF-12.smt2,unsat,0.01
/20220307-SMPT/MAPK-PT-01280/RC-03.smt2,sat,0.01
/20220307-SMPT/MAPK-PT-01280/RF-02.smt2,sat,0.01
/20220307-SMPT/MAPK-PT-01280/RC-11.smt2,failed,1200.0
/20220307-SMPT/MAPK-PT-01280/RF-03.smt2,sat,0.01
/20220307-SMPT/MAPK-PT-01280/RC-01.smt2,sat,0.01
/20220307-SMPT/MAPK-PT-01280/RF-00.smt2,sat,0.01
/20220307-SMPT/MAPK-PT-01280/RC-04.smt2,unsat,0.01
/20220307-SMPT/MAPK-PT-01280/RF-11.smt2,sat,0.01
/20220307-SMPT/MAPK-PT-01280/RC-13.smt2,sat,0.01
/20220307-SMPT/MAPK-PT-01280/RC-06.smt2,unsat,0.01
/20220307-SMPT/MAPK-PT-01280/RC-14.smt2,sat,0.01
/20220307-SMPT/MAPK-PT-01280/RC-10.smt2,sat,0.01
/20220307-SMPT/MAPK-PT-01280/RF-04.smt2,sat,0.01
/20220307-SMPT/MAPK-PT-01280/RF-01.smt2,unsat,0.01
/20220307-SMPT/MAPK-PT-01280/RF-13.smt2,sat,0.01
/20220307-SMPT/MAPK-PT-01280/RC-05.smt2,sat,0.01
/20220307-SMPT/MAPK-PT-01280/RC-00.smt2,sat,0.01
/20220307-SMPT/MAPK-PT-01280/RF-05.smt2,unsat,0.01
/20220307-SMPT/MAPK-PT-01280/RF-10.smt2,sat,0.01
/20220307-SMPT/MAPK-PT-01280/RF-08.smt2,unsat,0.01
/20220307-SMPT/MAPK-PT-01280/RC-08.smt2,sat,0.01
/20220307-SMPT/MAPK-PT-01280/RF-09.smt2,sat,0.01
/20220307-SMPT/MAPK-PT-01280/RC-07.smt2,sat,0.01
/20220307-SMPT/MAPK-PT-01280/RF-06.smt2,unsat,0.01
/20220307-SMPT/MAPK-PT-01280/RC-09.smt2,sat,0.01
/20220307-SMPT/MAPK-PT-01280/RC-15.smt2,sat,0.03
/20220307-SMPT/MAPK-PT-01280/RC-12.smt2,sat,0.01
/20220307-SMPT/MAPK-PT-01280/RF-14.smt2,sat,0.01
/20220307-SMPT/Diffusion2D-PT-D30N100/RC-02.smt2,sat,0.06
/20220307-SMPT/Diffusion2D-PT-D30N100/RF-12.smt2,sat,0.08
/20220307-SMPT/Diffusion2D-PT-D30N100/RC-03.smt2,sat,0.08
/20220307-SMPT/Diffusion2D-PT-D30N100/RF-02.smt2,sat,0.07
/20220307-SMPT/Diffusion2D-PT-D30N100/RC-11.smt2,sat,0.07
/20220307-SMPT/Diffusion2D-PT-D30N100/RF-03.smt2,sat,0.08
/20220307-SMPT/Diffusion2D-PT-D30N100/RC-01.smt2,sat,0.07
/20220307-SMPT/Diffusion2D-PT-D30N100/RF-00.smt2,sat,0.1
/20220307-SMPT/Diffusion2D-PT-D30N100/RC-04.smt2,sat,0.07
/20220307-SMPT/Diffusion2D-PT-D30N100/RF-11.smt2,sat,0.08
/20220307-SMPT/Diffusion2D-PT-D30N100/RC-13.smt2,sat,0.05
/20220307-SMPT/Diffusion2D-PT-D30N100/RC-06.smt2,sat,0.07
/20220307-SMPT/Diffusion2D-PT-D30N100/RC-14.smt2,sat,0.1
/20220307-SMPT/Diffusion2D-PT-D30N100/RC-10.smt2,sat,0.08
/20220307-SMPT/Diffusion2D-PT-D30N100/RF-04.smt2,sat,0.07
/20220307-SMPT/Diffusion2D-PT-D30N100/RF-01.smt2,sat,0.08
/20220307-SMPT/Diffusion2D-PT-D30N100/RF-13.smt2,sat,0.08
/20220307-SMPT/Diffusion2D-PT-D30N100/RC-05.smt2,sat,0.08
/20220307-SMPT/Diffusion2D-PT-D30N100/RC-00.smt2,sat,0.08
/20220307-SMPT/Diffusion2D-PT-D30N100/RF-05.smt2,sat,0.09
/20220307-SMPT/Diffusion2D-PT-D30N100/RF-07.smt2,sat,0.07
/20220307-SMPT/Diffusion2D-PT-D30N100/RF-10.smt2,sat,0.09
/20220307-SMPT/Diffusion2D-PT-D30N100/RF-08.smt2,sat,0.09
/20220307-SMPT/Diffusion2D-PT-D30N100/RC-08.smt2,sat,0.08
/20220307-SMPT/Diffusion2D-PT-D30N100/RF-15.smt2,sat,0.07
/20220307-SMPT/Diffusion2D-PT-D30N100/RF-09.smt2,sat,0.07
/20220307-SMPT/Diffusion2D-PT-D30N100/RC-07.smt2,sat,0.07
/20220307-SMPT/Diffusion2D-PT-D30N100/RF-06.smt2,sat,0.12
/20220307-SMPT/Diffusion2D-PT-D30N100/RC-09.smt2,sat,0.09
/20220307-SMPT/Diffusion2D-PT-D30N100/RC-15.smt2,sat,0.08
/20220307-SMPT/Diffusion2D-PT-D30N100/RC-12.smt2,sat,0.1
/20220307-SMPT/Diffusion2D-PT-D30N100/RF-14.smt2,sat,0.07
/20220307-SMPT/Diffusion2D-PT-D05N250/RC-02.smt2,sat,0.01
/20220307-SMPT/Diffusion2D-PT-D05N250/RF-12.smt2,sat,0.01
/20220307-SMPT/Diffusion2D-PT-D05N250/RC-03.smt2,sat,0.01
/20220307-SMPT/Diffusion2D-PT-D05N250/RF-02.smt2,sat,0.01
/20220307-SMPT/Diffusion2D-PT-D05N250/RC-11.smt2,sat,0.01
/20220307-SMPT/Diffusion2D-PT-D05N250/RF-03.smt2,sat,0.01
/20220307-SMPT/Diffusion2D-PT-D05N250/RC-01.smt2,sat,0.01
/20220307-SMPT/Diffusion2D-PT-D05N250/RF-00.smt2,sat,0.01
/20220307-SMPT/Diffusion2D-PT-D05N250/RC-04.smt2,sat,0.01
/20220307-SMPT/Diffusion2D-PT-D05N250/RF-11.smt2,unsat,0.01
/20220307-SMPT/Diffusion2D-PT-D05N250/RC-13.smt2,sat,0.01
/20220307-SMPT/Diffusion2D-PT-D05N250/RC-06.smt2,sat,0.01
/20220307-SMPT/Diffusion2D-PT-D05N250/RC-14.smt2,sat,0.01
/20220307-SMPT/Diffusion2D-PT-D05N250/RC-10.smt2,sat,0.01
/20220307-SMPT/Diffusion2D-PT-D05N250/RF-04.smt2,sat,0.01
/20220307-SMPT/Diffusion2D-PT-D05N250/RF-01.smt2,sat,0.01
/20220307-SMPT/Diffusion2D-PT-D05N250/RF-13.smt2,unsat,0.01
/20220307-SMPT/Diffusion2D-PT-D05N250/RC-05.smt2,sat,0.01
/20220307-SMPT/Diffusion2D-PT-D05N250/RC-00.smt2,sat,0.01
/20220307-SMPT/Diffusion2D-PT-D05N250/RF-08.smt2,sat,0.01
/20220307-SMPT/Diffusion2D-PT-D05N250/RC-08.smt2,sat,0.01
/20220307-SMPT/Diffusion2D-PT-D05N250/RF-15.smt2,sat,0.01
/20220307-SMPT/Diffusion2D-PT-D05N250/RF-09.smt2,sat,0.01
/20220307-SMPT/Diffusion2D-PT-D05N250/RC-07.smt2,unsat,0.01
/20220307-SMPT/Diffusion2D-PT-D05N250/RF-06.smt2,sat,0.01
/20220307-SMPT/Diffusion2D-PT-D05N250/RC-09.smt2,sat,0.01
/20220307-SMPT/Diffusion2D-PT-D05N250/RC-15.smt2,sat,0.01
/20220307-SMPT/Diffusion2D-PT-D05N250/RC-12.smt2,sat,0.01
/20220307-SMPT/Diffusion2D-PT-D05N250/RF-14.smt2,sat,0.01
/20220307-SMPT/Kanban-PT-02000/RC-02.smt2,sat,0.01
/20220307-SMPT/Kanban-PT-02000/RC-03.smt2,unsat,0.01
/20220307-SMPT/Kanban-PT-02000/RF-02.smt2,unsat,0.01
/20220307-SMPT/Kanban-PT-02000/RC-11.smt2,sat,0.01
/20220307-SMPT/Kanban-PT-02000/RF-03.smt2,sat,0.01
/20220307-SMPT/Kanban-PT-02000/RC-01.smt2,sat,0.01
/20220307-SMPT/Kanban-PT-02000/RF-00.smt2,sat,0.01
/20220307-SMPT/Kanban-PT-02000/RC-04.smt2,sat,0.01
/20220307-SMPT/Kanban-PT-02000/RF-11.smt2,unsat,0.01
/20220307-SMPT/Kanban-PT-02000/RC-13.smt2,sat,0.01
/20220307-SMPT/Kanban-PT-02000/RC-06.smt2,sat,0.01
/20220307-SMPT/Kanban-PT-02000/RC-14.smt2,unsat,0.01
/20220307-SMPT/Kanban-PT-02000/RC-10.smt2,sat,0.01
/20220307-SMPT/Kanban-PT-02000/RF-04.smt2,sat,0.01
/20220307-SMPT/Kanban-PT-02000/RF-01.smt2,sat,0.01
/20220307-SMPT/Kanban-PT-02000/RC-05.smt2,sat,0.01
/20220307-SMPT/Kanban-PT-02000/RC-00.smt2,sat,0.01
/20220307-SMPT/Kanban-PT-02000/RF-05.smt2,unsat,0.01
/20220307-SMPT/Kanban-PT-02000/RF-10.smt2,sat,0.01
/20220307-SMPT/Kanban-PT-02000/RF-08.smt2,sat,0.01
/20220307-SMPT/Kanban-PT-02000/RC-08.smt2,sat,0.01
/20220307-SMPT/Kanban-PT-02000/RF-15.smt2,sat,0.01
/20220307-SMPT/Kanban-PT-02000/RF-09.smt2,unsat,0.01
/20220307-SMPT/Kanban-PT-02000/RC-07.smt2,sat,0.01
/20220307-SMPT/Kanban-PT-02000/RF-06.smt2,unsat,0.01
/20220307-SMPT/Kanban-PT-02000/RC-09.smt2,sat,0.01
/20220307-SMPT/Kanban-PT-02000/RC-15.smt2,sat,0.01
/20220307-SMPT/Kanban-PT-02000/RC-12.smt2,sat,0.01
/20220307-SMPT/Kanban-PT-02000/RF-14.smt2,unsat,0.01
/20220307-SMPT/SwimmingPool-PT-04/RC-02.smt2,unsat,0.01
/20220307-SMPT/SwimmingPool-PT-04/RC-03.smt2,sat,0.01
/20220307-SMPT/SwimmingPool-PT-04/RF-02.smt2,unsat,0.01
/20220307-SMPT/SwimmingPool-PT-04/RC-11.smt2,sat,0.01
/20220307-SMPT/SwimmingPool-PT-04/RF-03.smt2,unsat,0.01
/20220307-SMPT/SwimmingPool-PT-04/RC-01.smt2,sat,0.01
/20220307-SMPT/SwimmingPool-PT-04/RF-00.smt2,sat,0.01
/20220307-SMPT/SwimmingPool-PT-04/RC-04.smt2,sat,0.01
/20220307-SMPT/SwimmingPool-PT-04/RF-11.smt2,sat,0.01
/20220307-SMPT/SwimmingPool-PT-04/RC-13.smt2,unsat,0.01
/20220307-SMPT/SwimmingPool-PT-04/RC-06.smt2,sat,0.01
/20220307-SMPT/SwimmingPool-PT-04/RC-14.smt2,sat,0.01
/20220307-SMPT/SwimmingPool-PT-04/RC-10.smt2,sat,0.01
/20220307-SMPT/SwimmingPool-PT-04/RF-04.smt2,unsat,0.01
/20220307-SMPT/SwimmingPool-PT-04/RF-01.smt2,unsat,0.01
/20220307-SMPT/SwimmingPool-PT-04/RF-13.smt2,failed,1200.0
/20220307-SMPT/SwimmingPool-PT-04/RC-05.smt2,sat,0.01
/20220307-SMPT/SwimmingPool-PT-04/RC-00.smt2,unsat,0.01
/20220307-SMPT/SwimmingPool-PT-04/RF-05.smt2,sat,0.01
/20220307-SMPT/SwimmingPool-PT-04/RF-10.smt2,sat,0.01
/20220307-SMPT/SwimmingPool-PT-04/RF-08.smt2,failed,1200.0
/20220307-SMPT/SwimmingPool-PT-04/RC-08.smt2,sat,0.02
/20220307-SMPT/SwimmingPool-PT-04/RF-15.smt2,sat,0.01
/20220307-SMPT/SwimmingPool-PT-04/RF-09.smt2,sat,0.01
/20220307-SMPT/SwimmingPool-PT-04/RC-07.smt2,sat,0.01
/20220307-SMPT/SwimmingPool-PT-04/RC-09.smt2,sat,0.01
/20220307-SMPT/SwimmingPool-PT-04/RC-15.smt2,sat,0.01
/20220307-SMPT/SwimmingPool-PT-04/RC-12.smt2,sat,0.01
/20220307-SMPT/SwimmingPool-PT-04/RF-14.smt2,unsat,0.01
/20220307-SMPT/Diffusion2D-PT-D30N010/RC-02.smt2,sat,0.09
/20220307-SMPT/Diffusion2D-PT-D30N010/RF-12.smt2,sat,0.07
/20220307-SMPT/Diffusion2D-PT-D30N010/RC-03.smt2,sat,0.09
/20220307-SMPT/Diffusion2D-PT-D30N010/RF-02.smt2,sat,0.14
/20220307-SMPT/Diffusion2D-PT-D30N010/RC-11.smt2,sat,0.07
/20220307-SMPT/Diffusion2D-PT-D30N010/RF-03.smt2,sat,0.1
/20220307-SMPT/Diffusion2D-PT-D30N010/RC-01.smt2,sat,0.13
/20220307-SMPT/Diffusion2D-PT-D30N010/RF-00.smt2,sat,0.1
/20220307-SMPT/Diffusion2D-PT-D30N010/RC-04.smt2,sat,0.09
/20220307-SMPT/Diffusion2D-PT-D30N010/RF-11.smt2,sat,0.09
/20220307-SMPT/Diffusion2D-PT-D30N010/RC-13.smt2,sat,0.1
/20220307-SMPT/Diffusion2D-PT-D30N010/RC-06.smt2,sat,0.1
/20220307-SMPT/Diffusion2D-PT-D30N010/RC-14.smt2,sat,0.09
/20220307-SMPT/Diffusion2D-PT-D30N010/RC-10.smt2,sat,0.08
/20220307-SMPT/Diffusion2D-PT-D30N010/RF-04.smt2,sat,0.08
/20220307-SMPT/Diffusion2D-PT-D30N010/RF-01.smt2,sat,0.07
/20220307-SMPT/Diffusion2D-PT-D30N010/RF-13.smt2,sat,0.09
/20220307-SMPT/Diffusion2D-PT-D30N010/RC-05.smt2,sat,0.09
/20220307-SMPT/Diffusion2D-PT-D30N010/RC-00.smt2,sat,0.1
/20220307-SMPT/Diffusion2D-PT-D30N010/RF-05.smt2,sat,0.09
/20220307-SMPT/Diffusion2D-PT-D30N010/RF-07.smt2,sat,0.07
/20220307-SMPT/Diffusion2D-PT-D30N010/RF-10.smt2,sat,0.08
/20220307-SMPT/Diffusion2D-PT-D30N010/RF-08.smt2,sat,0.1
/20220307-SMPT/Diffusion2D-PT-D30N010/RC-08.smt2,sat,0.09
/20220307-SMPT/Diffusion2D-PT-D30N010/RF-15.smt2,sat,0.09
/20220307-SMPT/Diffusion2D-PT-D30N010/RF-09.smt2,sat,0.08
/20220307-SMPT/Diffusion2D-PT-D30N010/RC-07.smt2,sat,0.09
/20220307-SMPT/Diffusion2D-PT-D30N010/RF-06.smt2,sat,0.09
/20220307-SMPT/Diffusion2D-PT-D30N010/RC-09.smt2,sat,0.11
/20220307-SMPT/Diffusion2D-PT-D30N010/RC-15.smt2,sat,0.08
/20220307-SMPT/Diffusion2D-PT-D30N010/RC-12.smt2,sat,0.11
/20220307-SMPT/Diffusion2D-PT-D30N010/RF-14.smt2,sat,0.07
/20220307-SMPT/FMS-PT-00002/RC-02.smt2,unsat,0.01
/20220307-SMPT/FMS-PT-00002/RF-12.smt2,unsat,0.01
/20220307-SMPT/FMS-PT-00002/RC-03.smt2,unsat,0.01
/20220307-SMPT/FMS-PT-00002/RF-02.smt2,unsat,0.01
/20220307-SMPT/FMS-PT-00002/RC-11.smt2,unsat,0.01
/20220307-SMPT/FMS-PT-00002/RF-03.smt2,unsat,0.01
/20220307-SMPT/FMS-PT-00002/RC-01.smt2,unsat,0.01
/20220307-SMPT/FMS-PT-00002/RF-00.smt2,unsat,0.01
/20220307-SMPT/FMS-PT-00002/RC-04.smt2,unsat,0.01
/20220307-SMPT/FMS-PT-00002/RF-11.smt2,unsat,0.01
/20220307-SMPT/FMS-PT-00002/RC-13.smt2,unsat,0.01
/20220307-SMPT/FMS-PT-00002/RC-06.smt2,unsat,0.01
/20220307-SMPT/FMS-PT-00002/RC-14.smt2,unsat,0.01
/20220307-SMPT/FMS-PT-00002/RC-10.smt2,unsat,0.01
/20220307-SMPT/FMS-PT-00002/RF-04.smt2,unsat,0.01
/20220307-SMPT/FMS-PT-00002/RF-01.smt2,unsat,0.01
/20220307-SMPT/FMS-PT-00002/RF-13.smt2,unsat,0.01
/20220307-SMPT/FMS-PT-00002/RC-05.smt2,unsat,0.01
/20220307-SMPT/FMS-PT-00002/RC-00.smt2,unsat,0.01
/20220307-SMPT/FMS-PT-00002/RF-05.smt2,unsat,0.01
/20220307-SMPT/FMS-PT-00002/RF-07.smt2,unsat,0.01
/20220307-SMPT/FMS-PT-00002/RF-10.smt2,unsat,0.01
/20220307-SMPT/FMS-PT-00002/RF-08.smt2,unsat,0.01
/20220307-SMPT/FMS-PT-00002/RC-08.smt2,unsat,0.01
/20220307-SMPT/FMS-PT-00002/RF-15.smt2,unsat,0.01
/20220307-SMPT/FMS-PT-00002/RF-09.smt2,unsat,0.01
/20220307-SMPT/FMS-PT-00002/RC-07.smt2,unsat,0.01
/20220307-SMPT/FMS-PT-00002/RF-06.smt2,sat,0.01
/20220307-SMPT/FMS-PT-00002/RC-09.smt2,unsat,0.01
/20220307-SMPT/FMS-PT-00002/RC-15.smt2,unsat,0.01
/20220307-SMPT/FMS-PT-00002/RC-12.smt2,unsat,0.01
/20220307-SMPT/FMS-PT-00002/RF-14.smt2,unsat,0.01
/20220307-SMPT/MAPK-PT-00320/RC-02.smt2,sat,0.01
/20220307-SMPT/MAPK-PT-00320/RF-12.smt2,sat,0.01
/20220307-SMPT/MAPK-PT-00320/RC-03.smt2,unsat,0.01
/20220307-SMPT/MAPK-PT-00320/RF-02.smt2,unsat,0.01
/20220307-SMPT/MAPK-PT-00320/RC-11.smt2,sat,0.01
/20220307-SMPT/MAPK-PT-00320/RF-03.smt2,sat,0.01
/20220307-SMPT/MAPK-PT-00320/RC-01.smt2,sat,0.01
/20220307-SMPT/MAPK-PT-00320/RF-00.smt2,sat,0.01
/20220307-SMPT/MAPK-PT-00320/RC-04.smt2,failed,1200.0
/20220307-SMPT/MAPK-PT-00320/RF-11.smt2,sat,0.01
/20220307-SMPT/MAPK-PT-00320/RC-13.smt2,sat,0.01
/20220307-SMPT/MAPK-PT-00320/RC-06.smt2,sat,0.01
/20220307-SMPT/MAPK-PT-00320/RC-10.smt2,sat,0.01
/20220307-SMPT/MAPK-PT-00320/RF-04.smt2,sat,0.01
/20220307-SMPT/MAPK-PT-00320/RF-01.smt2,sat,0.01
/20220307-SMPT/MAPK-PT-00320/RF-13.smt2,sat,0.01
/20220307-SMPT/MAPK-PT-00320/RC-05.smt2,sat,0.01
/20220307-SMPT/MAPK-PT-00320/RC-00.smt2,sat,0.01
/20220307-SMPT/MAPK-PT-00320/RF-05.smt2,sat,0.01
/20220307-SMPT/MAPK-PT-00320/RF-07.smt2,unsat,0.01
/20220307-SMPT/MAPK-PT-00320/RF-10.smt2,sat,0.01
/20220307-SMPT/MAPK-PT-00320/RF-08.smt2,sat,0.01
/20220307-SMPT/MAPK-PT-00320/RC-08.smt2,sat,0.01
/20220307-SMPT/MAPK-PT-00320/RF-15.smt2,sat,0.01
/20220307-SMPT/MAPK-PT-00320/RF-09.smt2,unsat,0.01
/20220307-SMPT/MAPK-PT-00320/RC-07.smt2,sat,0.01
/20220307-SMPT/MAPK-PT-00320/RF-06.smt2,sat,0.01
/20220307-SMPT/MAPK-PT-00320/RC-09.smt2,unsat,0.01
/20220307-SMPT/MAPK-PT-00320/RC-15.smt2,sat,0.01
/20220307-SMPT/MAPK-PT-00320/RC-12.smt2,sat,0.01
/20220307-SMPT/MAPK-PT-00320/RF-14.smt2,sat,0.01
/20220307-SMPT/FMS-PT-05000/RC-02.smt2,sat,0.01
/20220307-SMPT/FMS-PT-05000/RF-12.smt2,sat,0.01
/20220307-SMPT/FMS-PT-05000/RC-03.smt2,sat,0.01
/20220307-SMPT/FMS-PT-05000/RF-02.smt2,sat,0.01
/20220307-SMPT/FMS-PT-05000/RC-11.smt2,sat,0.01
/20220307-SMPT/FMS-PT-05000/RF-03.smt2,sat,0.01
/20220307-SMPT/FMS-PT-05000/RC-01.smt2,sat,0.01
/20220307-SMPT/FMS-PT-05000/RF-00.smt2,sat,0.01
/20220307-SMPT/FMS-PT-05000/RC-04.smt2,sat,0.01
/20220307-SMPT/FMS-PT-05000/RF-11.smt2,sat,0.01
/20220307-SMPT/FMS-PT-05000/RC-13.smt2,sat,0.01
/20220307-SMPT/FMS-PT-05000/RC-06.smt2,unsat,0.01
/20220307-SMPT/FMS-PT-05000/RC-14.smt2,sat,0.01
/20220307-SMPT/FMS-PT-05000/RC-10.smt2,sat,0.01
/20220307-SMPT/FMS-PT-05000/RF-04.smt2,sat,0.01
/20220307-SMPT/FMS-PT-05000/RF-01.smt2,sat,0.01
/20220307-SMPT/FMS-PT-05000/RF-13.smt2,sat,0.01
/20220307-SMPT/FMS-PT-05000/RC-05.smt2,unsat,0.01
/20220307-SMPT/FMS-PT-05000/RC-00.smt2,unsat,0.01
/20220307-SMPT/FMS-PT-05000/RF-05.smt2,sat,0.01
/20220307-SMPT/FMS-PT-05000/RF-07.smt2,sat,0.01
/20220307-SMPT/FMS-PT-05000/RF-10.smt2,failed,1200.0
/20220307-SMPT/FMS-PT-05000/RF-08.smt2,sat,0.03
/20220307-SMPT/FMS-PT-05000/RC-08.smt2,sat,0.01
/20220307-SMPT/FMS-PT-05000/RF-09.smt2,sat,0.01
/20220307-SMPT/FMS-PT-05000/RC-07.smt2,sat,0.01
/20220307-SMPT/FMS-PT-05000/RF-06.smt2,sat,0.01
/20220307-SMPT/FMS-PT-05000/RC-09.smt2,sat,0.01
/20220307-SMPT/FMS-PT-05000/RC-15.smt2,sat,0.01
/20220307-SMPT/FMS-PT-05000/RC-12.smt2,sat,0.01
/20220307-SMPT/FMS-PT-05000/RF-14.smt2,sat,0.01
/20220307-SMPT/SmallOperatingSystem-PT-MT0064DC0032/RC-02.smt2,unsat,0.01
/20220307-SMPT/SmallOperatingSystem-PT-MT0064DC0032/RF-12.smt2,unsat,0.01
/20220307-SMPT/SmallOperatingSystem-PT-MT0064DC0032/RC-03.smt2,sat,0.01
/20220307-SMPT/SmallOperatingSystem-PT-MT0064DC0032/RF-02.smt2,sat,0.01
/20220307-SMPT/SmallOperatingSystem-PT-MT0064DC0032/RC-11.smt2,sat,0.01
/20220307-SMPT/SmallOperatingSystem-PT-MT0064DC0032/RC-01.smt2,sat,0.01
/20220307-SMPT/SmallOperatingSystem-PT-MT0064DC0032/RF-00.smt2,sat,0.01
/20220307-SMPT/SmallOperatingSystem-PT-MT0064DC0032/RC-04.smt2,sat,0.01
/20220307-SMPT/SmallOperatingSystem-PT-MT0064DC0032/RC-13.smt2,unsat,0.01
/20220307-SMPT/SmallOperatingSystem-PT-MT0064DC0032/RC-06.smt2,sat,0.01
/20220307-SMPT/SmallOperatingSystem-PT-MT0064DC0032/RC-14.smt2,unsat,0.01
/20220307-SMPT/SmallOperatingSystem-PT-MT0064DC0032/RC-10.smt2,sat,0.01
/20220307-SMPT/SmallOperatingSystem-PT-MT0064DC0032/RF-01.smt2,sat,0.01
/20220307-SMPT/SmallOperatingSystem-PT-MT0064DC0032/RC-05.smt2,sat,0.01
/20220307-SMPT/SmallOperatingSystem-PT-MT0064DC0032/RC-00.smt2,sat,0.01
/20220307-SMPT/SmallOperatingSystem-PT-MT0064DC0032/RF-05.smt2,unsat,0.01
/20220307-SMPT/SmallOperatingSystem-PT-MT0064DC0032/RF-07.smt2,unsat,0.01
/20220307-SMPT/SmallOperatingSystem-PT-MT0064DC0032/RF-10.smt2,unsat,0.01
/20220307-SMPT/SmallOperatingSystem-PT-MT0064DC0032/RF-08.smt2,unsat,0.01
/20220307-SMPT/SmallOperatingSystem-PT-MT0064DC0032/RC-08.smt2,sat,0.01
/20220307-SMPT/SmallOperatingSystem-PT-MT0064DC0032/RF-15.smt2,unsat,0.01
/20220307-SMPT/SmallOperatingSystem-PT-MT0064DC0032/RF-09.smt2,unsat,0.02
/20220307-SMPT/SmallOperatingSystem-PT-MT0064DC0032/RC-07.smt2,sat,0.01
/20220307-SMPT/SmallOperatingSystem-PT-MT0064DC0032/RF-06.smt2,unsat,0.01
/20220307-SMPT/SmallOperatingSystem-PT-MT0064DC0032/RC-09.smt2,sat,0.01
/20220307-SMPT/SmallOperatingSystem-PT-MT0064DC0032/RC-15.smt2,unsat,0.01
/20220307-SMPT/SmallOperatingSystem-PT-MT0064DC0032/RC-12.smt2,unsat,0.01
/20220307-SMPT/SmallOperatingSystem-PT-MT0064DC0032/RF-14.smt2,failed,1200.0
/20220307-SMPT/RobotManipulation-PT-00020/RC-02.smt2,sat,0.01
/20220307-SMPT/RobotManipulation-PT-00020/RF-12.smt2,sat,0.01
/20220307-SMPT/RobotManipulation-PT-00020/RC-03.smt2,sat,0.01
/20220307-SMPT/RobotManipulation-PT-00020/RF-02.smt2,unsat,0.01
/20220307-SMPT/RobotManipulation-PT-00020/RC-11.smt2,sat,0.01
/20220307-SMPT/RobotManipulation-PT-00020/RF-03.smt2,unsat,0.01
/20220307-SMPT/RobotManipulation-PT-00020/RC-01.smt2,sat,0.01
/20220307-SMPT/RobotManipulation-PT-00020/RF-00.smt2,unsat,0.01
/20220307-SMPT/RobotManipulation-PT-00020/RC-04.smt2,unsat,0.01
/20220307-SMPT/RobotManipulation-PT-00020/RF-11.smt2,unsat,0.01
/20220307-SMPT/RobotManipulation-PT-00020/RC-13.smt2,sat,0.01
/20220307-SMPT/RobotManipulation-PT-00020/RC-06.smt2,unsat,0.01
/20220307-SMPT/RobotManipulation-PT-00020/RC-14.smt2,sat,0.01
/20220307-SMPT/RobotManipulation-PT-00020/RC-10.smt2,sat,0.01
/20220307-SMPT/RobotManipulation-PT-00020/RF-04.smt2,sat,0.01
/20220307-SMPT/RobotManipulation-PT-00020/RF-01.smt2,sat,0.01
/20220307-SMPT/RobotManipulation-PT-00020/RF-13.smt2,sat,0.01
/20220307-SMPT/RobotManipulation-PT-00020/RC-05.smt2,sat,0.01
/20220307-SMPT/RobotManipulation-PT-00020/RC-00.smt2,sat,0.01
/20220307-SMPT/RobotManipulation-PT-00020/RF-05.smt2,sat,0.01
/20220307-SMPT/RobotManipulation-PT-00020/RF-07.smt2,unsat,0.01
/20220307-SMPT/RobotManipulation-PT-00020/RF-10.smt2,sat,0.01
/20220307-SMPT/RobotManipulation-PT-00020/RF-08.smt2,unsat,0.01
/20220307-SMPT/RobotManipulation-PT-00020/RC-08.smt2,unsat,0.01
/20220307-SMPT/RobotManipulation-PT-00020/RF-15.smt2,unsat,0.01
/20220307-SMPT/RobotManipulation-PT-00020/RF-09.smt2,sat,0.01
/20220307-SMPT/RobotManipulation-PT-00020/RC-07.smt2,sat,0.01
/20220307-SMPT/RobotManipulation-PT-00020/RF-06.smt2,sat,0.01
/20220307-SMPT/RobotManipulation-PT-00020/RC-09.smt2,unsat,0.01
/20220307-SMPT/RobotManipulation-PT-00020/RC-15.smt2,sat,0.01
/20220307-SMPT/RobotManipulation-PT-00020/RC-12.smt2,sat,0.01
/20220307-SMPT/RobotManipulation-PT-00020/RF-14.smt2,failed,1200.0
/20220307-SMPT/HouseConstruction-PT-00050/RC-02.smt2,sat,0.01
/20220307-SMPT/HouseConstruction-PT-00050/RC-03.smt2,sat,0.01
/20220307-SMPT/HouseConstruction-PT-00050/RC-11.smt2,sat,0.01
/20220307-SMPT/HouseConstruction-PT-00050/RF-03.smt2,sat,0.01
/20220307-SMPT/HouseConstruction-PT-00050/RC-01.smt2,sat,0.01
/20220307-SMPT/HouseConstruction-PT-00050/RF-00.smt2,sat,0.01
/20220307-SMPT/HouseConstruction-PT-00050/RC-04.smt2,sat,0.01
/20220307-SMPT/HouseConstruction-PT-00050/RF-11.smt2,sat,0.01
/20220307-SMPT/HouseConstruction-PT-00050/RC-13.smt2,sat,0.01
/20220307-SMPT/HouseConstruction-PT-00050/RC-14.smt2,sat,0.01
/20220307-SMPT/HouseConstruction-PT-00050/RC-10.smt2,sat,0.01
/20220307-SMPT/HouseConstruction-PT-00050/RF-04.smt2,sat,0.01
/20220307-SMPT/HouseConstruction-PT-00050/RF-01.smt2,sat,0.01
/20220307-SMPT/HouseConstruction-PT-00050/RC-05.smt2,sat,0.01
/20220307-SMPT/HouseConstruction-PT-00050/RC-00.smt2,sat,0.01
/20220307-SMPT/HouseConstruction-PT-00050/RF-05.smt2,unsat,0.01
/20220307-SMPT/HouseConstruction-PT-00050/RF-07.smt2,sat,0.01
/20220307-SMPT/HouseConstruction-PT-00050/RF-10.smt2,sat,0.01
/20220307-SMPT/HouseConstruction-PT-00050/RF-08.smt2,unsat,0.01
/20220307-SMPT/HouseConstruction-PT-00050/RC-08.smt2,sat,0.01
/20220307-SMPT/HouseConstruction-PT-00050/RF-15.smt2,sat,0.01
/20220307-SMPT/HouseConstruction-PT-00050/RF-09.smt2,unsat,0.01
/20220307-SMPT/HouseConstruction-PT-00050/RC-07.smt2,sat,0.01
/20220307-SMPT/HouseConstruction-PT-00050/RF-06.smt2,sat,0.01
/20220307-SMPT/HouseConstruction-PT-00050/RC-09.smt2,sat,0.01
/20220307-SMPT/HouseConstruction-PT-00050/RC-12.smt2,unsat,0.01
/20220307-SMPT/Diffusion2D-PT-D30N150/RC-02.smt2,sat,0.06
/20220307-SMPT/Diffusion2D-PT-D30N150/RF-12.smt2,sat,0.08
/20220307-SMPT/Diffusion2D-PT-D30N150/RC-03.smt2,sat,0.08
/20220307-SMPT/Diffusion2D-PT-D30N150/RF-02.smt2,sat,0.08
/20220307-SMPT/Diffusion2D-PT-D30N150/RC-11.smt2,sat,0.08
/20220307-SMPT/Diffusion2D-PT-D30N150/RF-03.smt2,sat,0.09
/20220307-SMPT/Diffusion2D-PT-D30N150/RC-01.smt2,sat,0.07
/20220307-SMPT/Diffusion2D-PT-D30N150/RF-00.smt2,sat,0.07
/20220307-SMPT/Diffusion2D-PT-D30N150/RC-04.smt2,sat,0.08
/20220307-SMPT/Diffusion2D-PT-D30N150/RF-11.smt2,sat,0.09
/20220307-SMPT/Diffusion2D-PT-D30N150/RC-13.smt2,sat,0.08
/20220307-SMPT/Diffusion2D-PT-D30N150/RC-06.smt2,sat,0.07
/20220307-SMPT/Diffusion2D-PT-D30N150/RC-14.smt2,sat,0.07
/20220307-SMPT/Diffusion2D-PT-D30N150/RC-10.smt2,sat,0.08
/20220307-SMPT/Diffusion2D-PT-D30N150/RF-04.smt2,sat,0.07
/20220307-SMPT/Diffusion2D-PT-D30N150/RF-01.smt2,sat,0.07
/20220307-SMPT/Diffusion2D-PT-D30N150/RF-13.smt2,sat,0.08
/20220307-SMPT/Diffusion2D-PT-D30N150/RC-05.smt2,sat,0.09
/20220307-SMPT/Diffusion2D-PT-D30N150/RC-00.smt2,sat,0.08
/20220307-SMPT/Diffusion2D-PT-D30N150/RF-05.smt2,sat,0.08
/20220307-SMPT/Diffusion2D-PT-D30N150/RF-07.smt2,sat,0.08
/20220307-SMPT/Diffusion2D-PT-D30N150/RF-10.smt2,sat,0.08
/20220307-SMPT/Diffusion2D-PT-D30N150/RF-08.smt2,sat,0.08
/20220307-SMPT/Diffusion2D-PT-D30N150/RC-08.smt2,sat,0.08
/20220307-SMPT/Diffusion2D-PT-D30N150/RF-15.smt2,sat,0.09
/20220307-SMPT/Diffusion2D-PT-D30N150/RF-09.smt2,sat,0.07
/20220307-SMPT/Diffusion2D-PT-D30N150/RC-07.smt2,sat,0.06
/20220307-SMPT/Diffusion2D-PT-D30N150/RF-06.smt2,sat,0.09
/20220307-SMPT/Diffusion2D-PT-D30N150/RC-09.smt2,sat,0.08
/20220307-SMPT/Diffusion2D-PT-D30N150/RC-15.smt2,sat,0.09
/20220307-SMPT/Diffusion2D-PT-D30N150/RC-12.smt2,sat,0.07
/20220307-SMPT/Diffusion2D-PT-D30N150/RF-14.smt2,sat,0.07
/20220307-SMPT/RwMutex-PT-r1000w0010/RC-02.smt2,unsat,0.53
/20220307-SMPT/RwMutex-PT-r1000w0010/RF-12.smt2,sat,1.06
/20220307-SMPT/RwMutex-PT-r1000w0010/RC-03.smt2,unsat,0.93
/20220307-SMPT/RwMutex-PT-r1000w0010/RF-02.smt2,sat,1.06
/20220307-SMPT/RwMutex-PT-r1000w0010/RC-11.smt2,unsat,0.94
/20220307-SMPT/RwMutex-PT-r1000w0010/RF-03.smt2,sat,0.94
/20220307-SMPT/RwMutex-PT-r1000w0010/RC-01.smt2,unsat,0.71
/20220307-SMPT/RwMutex-PT-r1000w0010/RF-00.smt2,sat,1.23
/20220307-SMPT/RwMutex-PT-r1000w0010/RC-04.smt2,sat,1.04
/20220307-SMPT/RwMutex-PT-r1000w0010/RF-11.smt2,sat,1.74
/20220307-SMPT/RwMutex-PT-r1000w0010/RC-13.smt2,sat,0.76
/20220307-SMPT/RwMutex-PT-r1000w0010/RC-06.smt2,sat,1.19
/20220307-SMPT/RwMutex-PT-r1000w0010/RC-14.smt2,unsat,1.85
/20220307-SMPT/RwMutex-PT-r1000w0010/RC-10.smt2,sat,1.24
/20220307-SMPT/RwMutex-PT-r1000w0010/RF-04.smt2,sat,1.54
/20220307-SMPT/RwMutex-PT-r1000w0010/RF-01.smt2,sat,0.8
/20220307-SMPT/RwMutex-PT-r1000w0010/RF-13.smt2,sat,1.27
/20220307-SMPT/RwMutex-PT-r1000w0010/RC-05.smt2,unsat,0.89
/20220307-SMPT/RwMutex-PT-r1000w0010/RC-00.smt2,sat,0.71
/20220307-SMPT/RwMutex-PT-r1000w0010/RF-05.smt2,sat,1.08
/20220307-SMPT/RwMutex-PT-r1000w0010/RF-07.smt2,sat,0.72
/20220307-SMPT/RwMutex-PT-r1000w0010/RF-10.smt2,sat,0.95
/20220307-SMPT/RwMutex-PT-r1000w0010/RF-08.smt2,sat,0.97
/20220307-SMPT/RwMutex-PT-r1000w0010/RC-08.smt2,sat,1.25
/20220307-SMPT/RwMutex-PT-r1000w0010/RF-15.smt2,sat,0.73
/20220307-SMPT/RwMutex-PT-r1000w0010/RF-09.smt2,sat,1.22
/20220307-SMPT/RwMutex-PT-r1000w0010/RC-07.smt2,unsat,1.36
/20220307-SMPT/RwMutex-PT-r1000w0010/RF-06.smt2,sat,1.44
/20220307-SMPT/RwMutex-PT-r1000w0010/RC-09.smt2,unsat,1.22
/20220307-SMPT/RwMutex-PT-r1000w0010/RC-15.smt2,sat,0.9
/20220307-SMPT/RwMutex-PT-r1000w0010/RC-12.smt2,unsat,1.03
/20220307-SMPT/RwMutex-PT-r1000w0010/RF-14.smt2,sat,0.8
/20220307-SMPT/RobotManipulation-PT-00050/RC-02.smt2,sat,0.01
/20220307-SMPT/RobotManipulation-PT-00050/RF-12.smt2,unsat,0.01
/20220307-SMPT/RobotManipulation-PT-00050/RC-03.smt2,unsat,0.01
/20220307-SMPT/RobotManipulation-PT-00050/RF-02.smt2,sat,0.01
/20220307-SMPT/RobotManipulation-PT-00050/RC-11.smt2,sat,0.01
/20220307-SMPT/RobotManipulation-PT-00050/RF-03.smt2,sat,0.01
/20220307-SMPT/RobotManipulation-PT-00050/RC-01.smt2,sat,0.01
/20220307-SMPT/RobotManipulation-PT-00050/RF-00.smt2,sat,0.01
/20220307-SMPT/RobotManipulation-PT-00050/RC-04.smt2,unsat,0.01
/20220307-SMPT/RobotManipulation-PT-00050/RF-11.smt2,sat,0.01
/20220307-SMPT/RobotManipulation-PT-00050/RC-13.smt2,sat,0.02
/20220307-SMPT/RobotManipulation-PT-00050/RC-06.smt2,unsat,0.01
/20220307-SMPT/RobotManipulation-PT-00050/RC-14.smt2,sat,0.01
/20220307-SMPT/RobotManipulation-PT-00050/RC-10.smt2,unsat,0.01
/20220307-SMPT/RobotManipulation-PT-00050/RF-04.smt2,sat,0.01
/20220307-SMPT/RobotManipulation-PT-00050/RF-01.smt2,unsat,0.01
/20220307-SMPT/RobotManipulation-PT-00050/RF-13.smt2,sat,0.01
/20220307-SMPT/RobotManipulation-PT-00050/RC-05.smt2,sat,0.01
/20220307-SMPT/RobotManipulation-PT-00050/RC-00.smt2,unsat,0.01
/20220307-SMPT/RobotManipulation-PT-00050/RF-05.smt2,unsat,0.01
/20220307-SMPT/RobotManipulation-PT-00050/RF-07.smt2,unsat,0.01
/20220307-SMPT/RobotManipulation-PT-00050/RF-10.smt2,unsat,0.01
/20220307-SMPT/RobotManipulation-PT-00050/RF-08.smt2,unsat,0.01
/20220307-SMPT/RobotManipulation-PT-00050/RC-08.smt2,sat,0.01
/20220307-SMPT/RobotManipulation-PT-00050/RF-15.smt2,sat,0.01
/20220307-SMPT/RobotManipulation-PT-00050/RF-09.smt2,unsat,0.01
/20220307-SMPT/RobotManipulation-PT-00050/RC-07.smt2,sat,0.01
/20220307-SMPT/RobotManipulation-PT-00050/RC-09.smt2,failed,1200.0
/20220307-SMPT/RobotManipulation-PT-00050/RC-15.smt2,sat,0.01
/20220307-SMPT/RobotManipulation-PT-00050/RC-12.smt2,sat,0.01
/20220307-SMPT/RobotManipulation-PT-00050/RF-14.smt2,sat,0.01
/20220307-SMPT/SmallOperatingSystem-PT-MT4096DC1024/RC-02.smt2,sat,0.01
/20220307-SMPT/SmallOperatingSystem-PT-MT4096DC1024/RF-12.smt2,sat,0.01
/20220307-SMPT/SmallOperatingSystem-PT-MT4096DC1024/RC-03.smt2,sat,0.01
/20220307-SMPT/SmallOperatingSystem-PT-MT4096DC1024/RF-02.smt2,sat,0.01
/20220307-SMPT/SmallOperatingSystem-PT-MT4096DC1024/RC-11.smt2,sat,0.01
/20220307-SMPT/SmallOperatingSystem-PT-MT4096DC1024/RF-03.smt2,unsat,0.01
/20220307-SMPT/SmallOperatingSystem-PT-MT4096DC1024/RC-01.smt2,sat,0.01
/20220307-SMPT/SmallOperatingSystem-PT-MT4096DC1024/RF-00.smt2,sat,0.0
/20220307-SMPT/SmallOperatingSystem-PT-MT4096DC1024/RC-04.smt2,sat,0.01
/20220307-SMPT/SmallOperatingSystem-PT-MT4096DC1024/RC-13.smt2,unsat,0.01
/20220307-SMPT/SmallOperatingSystem-PT-MT4096DC1024/RC-06.smt2,sat,0.01
/20220307-SMPT/SmallOperatingSystem-PT-MT4096DC1024/RC-14.smt2,unsat,0.01
/20220307-SMPT/SmallOperatingSystem-PT-MT4096DC1024/RC-10.smt2,unsat,0.01
/20220307-SMPT/SmallOperatingSystem-PT-MT4096DC1024/RF-04.smt2,sat,0.01
/20220307-SMPT/SmallOperatingSystem-PT-MT4096DC1024/RF-01.smt2,sat,0.01
/20220307-SMPT/SmallOperatingSystem-PT-MT4096DC1024/RC-05.smt2,sat,0.01
/20220307-SMPT/SmallOperatingSystem-PT-MT4096DC1024/RC-00.smt2,sat,0.01
/20220307-SMPT/SmallOperatingSystem-PT-MT4096DC1024/RF-05.smt2,sat,0.01
/20220307-SMPT/SmallOperatingSystem-PT-MT4096DC1024/RF-07.smt2,sat,0.01
/20220307-SMPT/SmallOperatingSystem-PT-MT4096DC1024/RF-10.smt2,failed,1200.0
/20220307-SMPT/SmallOperatingSystem-PT-MT4096DC1024/RF-08.smt2,sat,0.01
/20220307-SMPT/SmallOperatingSystem-PT-MT4096DC1024/RC-08.smt2,unsat,0.01
/20220307-SMPT/SmallOperatingSystem-PT-MT4096DC1024/RF-15.smt2,sat,0.01
/20220307-SMPT/SmallOperatingSystem-PT-MT4096DC1024/RF-09.smt2,sat,0.01
/20220307-SMPT/SmallOperatingSystem-PT-MT4096DC1024/RC-07.smt2,sat,0.01
/20220307-SMPT/SmallOperatingSystem-PT-MT4096DC1024/RC-09.smt2,sat,0.01
/20220307-SMPT/SmallOperatingSystem-PT-MT4096DC1024/RC-15.smt2,sat,0.01
/20220307-SMPT/SmallOperatingSystem-PT-MT4096DC1024/RC-12.smt2,sat,0.01
/20220307-SMPT/SmallOperatingSystem-PT-MT4096DC1024/RF-14.smt2,unsat,0.01
/20220307-SMPT/BART-PT-020/RC-02.smt2,unsat,0.31
/20220307-SMPT/BART-PT-020/RF-12.smt2,sat,0.26
/20220307-SMPT/BART-PT-020/RC-03.smt2,unsat,0.17
/20220307-SMPT/BART-PT-020/RF-02.smt2,sat,0.21
/20220307-SMPT/BART-PT-020/RC-11.smt2,sat,0.43
/20220307-SMPT/BART-PT-020/RF-03.smt2,sat,0.34
/20220307-SMPT/BART-PT-020/RC-01.smt2,sat,0.29
/20220307-SMPT/BART-PT-020/RF-00.smt2,sat,0.22
/20220307-SMPT/BART-PT-020/RC-04.smt2,sat,0.3
/20220307-SMPT/BART-PT-020/RF-11.smt2,sat,0.35
/20220307-SMPT/BART-PT-020/RC-13.smt2,sat,0.36
/20220307-SMPT/BART-PT-020/RC-06.smt2,sat,0.35
/20220307-SMPT/BART-PT-020/RC-14.smt2,sat,0.24
/20220307-SMPT/BART-PT-020/RC-10.smt2,unsat,0.44
/20220307-SMPT/BART-PT-020/RF-04.smt2,sat,0.35
/20220307-SMPT/BART-PT-020/RF-01.smt2,sat,0.31
/20220307-SMPT/BART-PT-020/RF-13.smt2,sat,0.36
/20220307-SMPT/BART-PT-020/RC-05.smt2,unsat,0.19
/20220307-SMPT/BART-PT-020/RC-00.smt2,unsat,0.19
/20220307-SMPT/BART-PT-020/RF-05.smt2,sat,0.24
/20220307-SMPT/BART-PT-020/RF-07.smt2,sat,0.33
/20220307-SMPT/BART-PT-020/RF-10.smt2,sat,0.2
/20220307-SMPT/BART-PT-020/RF-08.smt2,sat,0.36
/20220307-SMPT/BART-PT-020/RC-08.smt2,unsat,0.31
/20220307-SMPT/BART-PT-020/RF-15.smt2,sat,0.35
/20220307-SMPT/BART-PT-020/RF-09.smt2,sat,0.56
/20220307-SMPT/BART-PT-020/RC-07.smt2,sat,0.66
/20220307-SMPT/BART-PT-020/RF-06.smt2,sat,0.23
/20220307-SMPT/BART-PT-020/RC-09.smt2,sat,0.27
/20220307-SMPT/BART-PT-020/RC-15.smt2,sat,0.31
/20220307-SMPT/BART-PT-020/RC-12.smt2,unsat,0.34
/20220307-SMPT/BART-PT-020/RF-14.smt2,sat,0.42
/20220307-SMPT/Referendum-PT-010/RC-02.smt2,unsat,0.01
/20220307-SMPT/Referendum-PT-010/RF-12.smt2,unsat,0.01
/20220307-SMPT/Referendum-PT-010/RC-03.smt2,unsat,0.01
/20220307-SMPT/Referendum-PT-010/RF-02.smt2,sat,0.01
/20220307-SMPT/Referendum-PT-010/RC-11.smt2,unsat,0.01
/20220307-SMPT/Referendum-PT-010/RF-03.smt2,unsat,0.01
/20220307-SMPT/Referendum-PT-010/RC-01.smt2,sat,0.01
/20220307-SMPT/Referendum-PT-010/RF-00.smt2,unsat,0.01
/20220307-SMPT/Referendum-PT-010/RC-04.smt2,unsat,0.01
/20220307-SMPT/Referendum-PT-010/RF-11.smt2,unsat,0.01
/20220307-SMPT/Referendum-PT-010/RC-13.smt2,unsat,0.01
/20220307-SMPT/Referendum-PT-010/RC-06.smt2,unsat,0.01
/20220307-SMPT/Referendum-PT-010/RC-14.smt2,unsat,0.01
/20220307-SMPT/Referendum-PT-010/RC-10.smt2,unsat,0.01
/20220307-SMPT/Referendum-PT-010/RF-04.smt2,sat,0.01
/20220307-SMPT/Referendum-PT-010/RF-01.smt2,unsat,0.01
/20220307-SMPT/Referendum-PT-010/RF-13.smt2,unsat,0.01
/20220307-SMPT/Referendum-PT-010/RC-05.smt2,sat,0.01
/20220307-SMPT/Referendum-PT-010/RC-00.smt2,unsat,0.01
/20220307-SMPT/Referendum-PT-010/RF-05.smt2,unsat,0.01
/20220307-SMPT/Referendum-PT-010/RF-07.smt2,unsat,0.01
/20220307-SMPT/Referendum-PT-010/RF-10.smt2,unsat,0.01
/20220307-SMPT/Referendum-PT-010/RF-08.smt2,unsat,0.01
/20220307-SMPT/Referendum-PT-010/RC-08.smt2,unsat,0.01
/20220307-SMPT/Referendum-PT-010/RF-15.smt2,sat,0.01
/20220307-SMPT/Referendum-PT-010/RF-09.smt2,unsat,0.01
/20220307-SMPT/Referendum-PT-010/RC-07.smt2,unsat,0.01
/20220307-SMPT/Referendum-PT-010/RF-06.smt2,unsat,0.01
/20220307-SMPT/Referendum-PT-010/RC-09.smt2,unsat,0.01
/20220307-SMPT/Referendum-PT-010/RC-15.smt2,unsat,0.01
/20220307-SMPT/Referendum-PT-010/RC-12.smt2,unsat,0.01
/20220307-SMPT/Referendum-PT-010/RF-14.smt2,sat,0.01
/20220307-SMPT/RwMutex-PT-r0500w0010/RC-02.smt2,unsat,0.71
/20220307-SMPT/RwMutex-PT-r0500w0010/RF-12.smt2,sat,0.4
/20220307-SMPT/RwMutex-PT-r0500w0010/RC-03.smt2,unsat,0.5
/20220307-SMPT/RwMutex-PT-r0500w0010/RF-02.smt2,sat,0.85
/20220307-SMPT/RwMutex-PT-r0500w0010/RC-11.smt2,unsat,0.51
/20220307-SMPT/RwMutex-PT-r0500w0010/RF-03.smt2,sat,0.75
/20220307-SMPT/RwMutex-PT-r0500w0010/RC-01.smt2,unsat,0.82
/20220307-SMPT/RwMutex-PT-r0500w0010/RF-00.smt2,sat,0.61
/20220307-SMPT/RwMutex-PT-r0500w0010/RC-04.smt2,sat,1.18
/20220307-SMPT/RwMutex-PT-r0500w0010/RF-11.smt2,sat,1.22
/20220307-SMPT/RwMutex-PT-r0500w0010/RC-13.smt2,unsat,0.8
/20220307-SMPT/RwMutex-PT-r0500w0010/RC-06.smt2,sat,0.89
/20220307-SMPT/RwMutex-PT-r0500w0010/RC-14.smt2,unsat,0.44
/20220307-SMPT/RwMutex-PT-r0500w0010/RC-10.smt2,unsat,0.64
/20220307-SMPT/RwMutex-PT-r0500w0010/RF-04.smt2,sat,0.69
/20220307-SMPT/RwMutex-PT-r0500w0010/RF-01.smt2,sat,0.76
/20220307-SMPT/RwMutex-PT-r0500w0010/RF-13.smt2,sat,0.85
/20220307-SMPT/RwMutex-PT-r0500w0010/RC-05.smt2,sat,1.0
/20220307-SMPT/RwMutex-PT-r0500w0010/RC-00.smt2,sat,0.86
/20220307-SMPT/RwMutex-PT-r0500w0010/RF-05.smt2,sat,0.76
/20220307-SMPT/RwMutex-PT-r0500w0010/RF-07.smt2,sat,1.07
/20220307-SMPT/RwMutex-PT-r0500w0010/RF-10.smt2,sat,0.49
/20220307-SMPT/RwMutex-PT-r0500w0010/RF-08.smt2,sat,1.39
/20220307-SMPT/RwMutex-PT-r0500w0010/RC-08.smt2,unsat,1.39
/20220307-SMPT/RwMutex-PT-r0500w0010/RF-15.smt2,sat,0.58
/20220307-SMPT/RwMutex-PT-r0500w0010/RF-09.smt2,sat,0.69
/20220307-SMPT/RwMutex-PT-r0500w0010/RC-07.smt2,unsat,0.73
/20220307-SMPT/RwMutex-PT-r0500w0010/RF-06.smt2,sat,0.62
/20220307-SMPT/RwMutex-PT-r0500w0010/RC-09.smt2,unsat,0.42
/20220307-SMPT/RwMutex-PT-r0500w0010/RC-15.smt2,unsat,0.9
/20220307-SMPT/RwMutex-PT-r0500w0010/RC-12.smt2,unsat,0.59
/20220307-SMPT/RwMutex-PT-r0500w0010/RF-14.smt2,sat,1.24
/20220307-SMPT/HouseConstruction-PT-00100/RC-02.smt2,unsat,0.01
/20220307-SMPT/HouseConstruction-PT-00100/RC-03.smt2,sat,0.01
/20220307-SMPT/HouseConstruction-PT-00100/RF-02.smt2,sat,0.0
/20220307-SMPT/HouseConstruction-PT-00100/RC-11.smt2,sat,0.01
/20220307-SMPT/HouseConstruction-PT-00100/RC-01.smt2,sat,0.01
/20220307-SMPT/HouseConstruction-PT-00100/RF-00.smt2,sat,0.01
/20220307-SMPT/HouseConstruction-PT-00100/RC-04.smt2,sat,0.01
/20220307-SMPT/HouseConstruction-PT-00100/RF-11.smt2,sat,0.03
/20220307-SMPT/HouseConstruction-PT-00100/RC-13.smt2,sat,0.01
/20220307-SMPT/HouseConstruction-PT-00100/RC-06.smt2,sat,0.01
/20220307-SMPT/HouseConstruction-PT-00100/RC-14.smt2,sat,0.01
/20220307-SMPT/HouseConstruction-PT-00100/RC-10.smt2,sat,0.01
/20220307-SMPT/HouseConstruction-PT-00100/RF-04.smt2,sat,0.01
/20220307-SMPT/HouseConstruction-PT-00100/RF-01.smt2,sat,0.01
/20220307-SMPT/HouseConstruction-PT-00100/RF-13.smt2,sat,0.01
/20220307-SMPT/HouseConstruction-PT-00100/RC-05.smt2,unsat,0.01
/20220307-SMPT/HouseConstruction-PT-00100/RC-00.smt2,sat,0.03
/20220307-SMPT/HouseConstruction-PT-00100/RF-05.smt2,sat,0.01
/20220307-SMPT/HouseConstruction-PT-00100/RF-07.smt2,unsat,0.01
/20220307-SMPT/HouseConstruction-PT-00100/RF-08.smt2,sat,0.01
/20220307-SMPT/HouseConstruction-PT-00100/RC-08.smt2,sat,0.01
/20220307-SMPT/HouseConstruction-PT-00100/RF-15.smt2,sat,0.01
/20220307-SMPT/HouseConstruction-PT-00100/RF-09.smt2,sat,0.01
/20220307-SMPT/HouseConstruction-PT-00100/RC-07.smt2,unsat,0.01
/20220307-SMPT/HouseConstruction-PT-00100/RF-06.smt2,sat,0.01
/20220307-SMPT/HouseConstruction-PT-00100/RC-09.smt2,sat,0.01
/20220307-SMPT/HouseConstruction-PT-00100/RC-15.smt2,sat,0.01
/20220307-SMPT/HouseConstruction-PT-00100/RC-12.smt2,sat,0.01
/20220307-SMPT/HouseConstruction-PT-00100/RF-14.smt2,sat,0.01
/20220307-SMPT/Diffusion2D-PT-D50N150/RC-02.smt2,sat,0.24
/20220307-SMPT/Diffusion2D-PT-D50N150/RF-12.smt2,sat,0.17
/20220307-SMPT/Diffusion2D-PT-D50N150/RC-03.smt2,sat,0.35
/20220307-SMPT/Diffusion2D-PT-D50N150/RF-02.smt2,sat,0.32
/20220307-SMPT/Diffusion2D-PT-D50N150/RC-11.smt2,sat,0.26
/20220307-SMPT/Diffusion2D-PT-D50N150/RF-03.smt2,sat,0.24
/20220307-SMPT/Diffusion2D-PT-D50N150/RC-01.smt2,sat,0.28
/20220307-SMPT/Diffusion2D-PT-D50N150/RF-00.smt2,sat,0.35
/20220307-SMPT/Diffusion2D-PT-D50N150/RC-04.smt2,sat,0.34
/20220307-SMPT/Diffusion2D-PT-D50N150/RF-11.smt2,sat,0.38
/20220307-SMPT/Diffusion2D-PT-D50N150/RC-13.smt2,sat,0.34
/20220307-SMPT/Diffusion2D-PT-D50N150/RC-06.smt2,sat,0.27
/20220307-SMPT/Diffusion2D-PT-D50N150/RC-14.smt2,sat,0.3
/20220307-SMPT/Diffusion2D-PT-D50N150/RC-10.smt2,sat,0.3
/20220307-SMPT/Diffusion2D-PT-D50N150/RF-04.smt2,sat,0.3
/20220307-SMPT/Diffusion2D-PT-D50N150/RF-01.smt2,sat,0.27
/20220307-SMPT/Diffusion2D-PT-D50N150/RF-13.smt2,sat,0.4
/20220307-SMPT/Diffusion2D-PT-D50N150/RC-05.smt2,sat,0.37
/20220307-SMPT/Diffusion2D-PT-D50N150/RC-00.smt2,sat,0.31
/20220307-SMPT/Diffusion2D-PT-D50N150/RF-05.smt2,sat,0.32
/20220307-SMPT/Diffusion2D-PT-D50N150/RF-07.smt2,sat,0.23
/20220307-SMPT/Diffusion2D-PT-D50N150/RF-10.smt2,sat,0.25
/20220307-SMPT/Diffusion2D-PT-D50N150/RF-08.smt2,sat,0.18
/20220307-SMPT/Diffusion2D-PT-D50N150/RC-08.smt2,sat,0.3
/20220307-SMPT/Diffusion2D-PT-D50N150/RF-15.smt2,sat,0.36
/20220307-SMPT/Diffusion2D-PT-D50N150/RF-09.smt2,sat,0.3
/20220307-SMPT/Diffusion2D-PT-D50N150/RC-07.smt2,sat,0.32
/20220307-SMPT/Diffusion2D-PT-D50N150/RF-06.smt2,sat,0.33
/20220307-SMPT/Diffusion2D-PT-D50N150/RC-09.smt2,sat,0.26
/20220307-SMPT/Diffusion2D-PT-D50N150/RC-15.smt2,sat,0.2
/20220307-SMPT/Diffusion2D-PT-D50N150/RC-12.smt2,sat,0.29
/20220307-SMPT/Diffusion2D-PT-D50N150/RF-14.smt2,sat,0.26
/20220307-SMPT/RobotManipulation-PT-00005/RC-02.smt2,sat,0.01
/20220307-SMPT/RobotManipulation-PT-00005/RF-12.smt2,unsat,0.01
/20220307-SMPT/RobotManipulation-PT-00005/RC-03.smt2,sat,0.01
/20220307-SMPT/RobotManipulation-PT-00005/RF-02.smt2,sat,0.01
/20220307-SMPT/RobotManipulation-PT-00005/RC-11.smt2,unsat,0.01
/20220307-SMPT/RobotManipulation-PT-00005/RF-03.smt2,sat,0.01
/20220307-SMPT/RobotManipulation-PT-00005/RC-01.smt2,sat,0.01
/20220307-SMPT/RobotManipulation-PT-00005/RF-00.smt2,sat,0.01
/20220307-SMPT/RobotManipulation-PT-00005/RC-04.smt2,unsat,0.01
/20220307-SMPT/RobotManipulation-PT-00005/RF-11.smt2,unsat,0.01
/20220307-SMPT/RobotManipulation-PT-00005/RC-06.smt2,sat,0.01
/20220307-SMPT/RobotManipulation-PT-00005/RC-14.smt2,sat,0.01
/20220307-SMPT/RobotManipulation-PT-00005/RC-10.smt2,sat,0.01
/20220307-SMPT/RobotManipulation-PT-00005/RF-04.smt2,unsat,0.01
/20220307-SMPT/RobotManipulation-PT-00005/RF-01.smt2,sat,0.01
/20220307-SMPT/RobotManipulation-PT-00005/RF-13.smt2,unsat,0.01
/20220307-SMPT/RobotManipulation-PT-00005/RC-05.smt2,sat,0.01
/20220307-SMPT/RobotManipulation-PT-00005/RC-00.smt2,sat,0.01
/20220307-SMPT/RobotManipulation-PT-00005/RF-05.smt2,unsat,0.01
/20220307-SMPT/RobotManipulation-PT-00005/RF-07.smt2,sat,0.01
/20220307-SMPT/RobotManipulation-PT-00005/RF-10.smt2,unsat,0.01
/20220307-SMPT/RobotManipulation-PT-00005/RF-08.smt2,unsat,0.01
/20220307-SMPT/RobotManipulation-PT-00005/RC-08.smt2,sat,0.01
/20220307-SMPT/RobotManipulation-PT-00005/RF-15.smt2,sat,0.01
/20220307-SMPT/RobotManipulation-PT-00005/RF-09.smt2,sat,0.01
/20220307-SMPT/RobotManipulation-PT-00005/RC-07.smt2,sat,0.01
/20220307-SMPT/RobotManipulation-PT-00005/RF-06.smt2,sat,0.01
/20220307-SMPT/RobotManipulation-PT-00005/RC-09.smt2,sat,0.01
/20220307-SMPT/RobotManipulation-PT-00005/RC-15.smt2,sat,0.01
/20220307-SMPT/RobotManipulation-PT-00005/RC-12.smt2,unsat,0.01
/20220307-SMPT/RobotManipulation-PT-00005/RF-14.smt2,sat,0.01
/20220307-SMPT/MAPK-PT-05120/RC-02.smt2,unsat,0.01
/20220307-SMPT/MAPK-PT-05120/RF-12.smt2,sat,0.01
/20220307-SMPT/MAPK-PT-05120/RC-03.smt2,unsat,0.01
/20220307-SMPT/MAPK-PT-05120/RF-02.smt2,unsat,0.01
/20220307-SMPT/MAPK-PT-05120/RC-11.smt2,sat,0.01
/20220307-SMPT/MAPK-PT-05120/RF-03.smt2,unsat,0.01
/20220307-SMPT/MAPK-PT-05120/RC-01.smt2,sat,0.01
/20220307-SMPT/MAPK-PT-05120/RF-00.smt2,unsat,0.01
/20220307-SMPT/MAPK-PT-05120/RC-04.smt2,sat,0.01
/20220307-SMPT/MAPK-PT-05120/RF-11.smt2,sat,0.01
/20220307-SMPT/MAPK-PT-05120/RC-13.smt2,sat,0.01
/20220307-SMPT/MAPK-PT-05120/RC-06.smt2,sat,0.01
/20220307-SMPT/MAPK-PT-05120/RC-14.smt2,sat,0.01
/20220307-SMPT/MAPK-PT-05120/RC-10.smt2,sat,0.01
/20220307-SMPT/MAPK-PT-05120/RF-04.smt2,sat,0.01
/20220307-SMPT/MAPK-PT-05120/RF-01.smt2,sat,0.01
/20220307-SMPT/MAPK-PT-05120/RF-13.smt2,sat,0.01
/20220307-SMPT/MAPK-PT-05120/RC-05.smt2,sat,0.01
/20220307-SMPT/MAPK-PT-05120/RC-00.smt2,sat,0.01
/20220307-SMPT/MAPK-PT-05120/RF-05.smt2,unsat,0.01
/20220307-SMPT/MAPK-PT-05120/RF-07.smt2,sat,0.01
/20220307-SMPT/MAPK-PT-05120/RF-10.smt2,sat,0.01
/20220307-SMPT/MAPK-PT-05120/RF-08.smt2,sat,0.01
/20220307-SMPT/MAPK-PT-05120/RC-08.smt2,sat,0.01
/20220307-SMPT/MAPK-PT-05120/RF-15.smt2,sat,0.01
/20220307-SMPT/MAPK-PT-05120/RC-07.smt2,sat,0.01
/20220307-SMPT/MAPK-PT-05120/RF-06.smt2,sat,0.01
/20220307-SMPT/MAPK-PT-05120/RC-09.smt2,sat,0.01
/20220307-SMPT/MAPK-PT-05120/RC-15.smt2,sat,0.01
/20220307-SMPT/MAPK-PT-05120/RC-12.smt2,sat,0.01
/20220307-SMPT/SwimmingPool-PT-07/RC-02.smt2,sat,0.01
/20220307-SMPT/SwimmingPool-PT-07/RF-12.smt2,unsat,0.01
/20220307-SMPT/SwimmingPool-PT-07/RC-03.smt2,sat,0.01
/20220307-SMPT/SwimmingPool-PT-07/RF-02.smt2,sat,0.01
/20220307-SMPT/SwimmingPool-PT-07/RC-11.smt2,sat,0.01
/20220307-SMPT/SwimmingPool-PT-07/RF-03.smt2,sat,0.01
/20220307-SMPT/SwimmingPool-PT-07/RC-01.smt2,sat,0.01
/20220307-SMPT/SwimmingPool-PT-07/RF-00.smt2,sat,0.01
/20220307-SMPT/SwimmingPool-PT-07/RC-04.smt2,sat,0.01
/20220307-SMPT/SwimmingPool-PT-07/RC-13.smt2,unsat,0.01
/20220307-SMPT/SwimmingPool-PT-07/RC-06.smt2,sat,0.01
/20220307-SMPT/SwimmingPool-PT-07/RC-14.smt2,sat,0.01
/20220307-SMPT/SwimmingPool-PT-07/RC-10.smt2,sat,0.01
/20220307-SMPT/SwimmingPool-PT-07/RF-04.smt2,unsat,0.01
/20220307-SMPT/SwimmingPool-PT-07/RF-01.smt2,sat,0.01
/20220307-SMPT/SwimmingPool-PT-07/RC-05.smt2,sat,0.01
/20220307-SMPT/SwimmingPool-PT-07/RC-00.smt2,sat,0.01
/20220307-SMPT/SwimmingPool-PT-07/RF-10.smt2,sat,0.01
/20220307-SMPT/SwimmingPool-PT-07/RC-08.smt2,sat,0.01
/20220307-SMPT/SwimmingPool-PT-07/RF-15.smt2,sat,0.01
/20220307-SMPT/SwimmingPool-PT-07/RF-09.smt2,sat,0.01
/20220307-SMPT/SwimmingPool-PT-07/RC-07.smt2,sat,0.01
/20220307-SMPT/SwimmingPool-PT-07/RF-06.smt2,sat,0.01
/20220307-SMPT/SwimmingPool-PT-07/RC-09.smt2,sat,0.01
/20220307-SMPT/SwimmingPool-PT-07/RC-15.smt2,sat,0.01
/20220307-SMPT/SwimmingPool-PT-07/RC-12.smt2,sat,0.01
/20220307-SMPT/SwimmingPool-PT-07/RF-14.smt2,sat,0.01
/20220307-SMPT/SmallOperatingSystem-PT-MT0032DC0008/RC-02.smt2,sat,0.01
/20220307-SMPT/SmallOperatingSystem-PT-MT0032DC0008/RF-12.smt2,sat,0.01
/20220307-SMPT/SmallOperatingSystem-PT-MT0032DC0008/RC-03.smt2,unsat,0.01
/20220307-SMPT/SmallOperatingSystem-PT-MT0032DC0008/RF-02.smt2,sat,0.01
/20220307-SMPT/SmallOperatingSystem-PT-MT0032DC0008/RC-11.smt2,sat,0.01
/20220307-SMPT/SmallOperatingSystem-PT-MT0032DC0008/RF-03.smt2,unsat,0.01
/20220307-SMPT/SmallOperatingSystem-PT-MT0032DC0008/RC-01.smt2,sat,0.01
/20220307-SMPT/SmallOperatingSystem-PT-MT0032DC0008/RF-00.smt2,unsat,0.01
/20220307-SMPT/SmallOperatingSystem-PT-MT0032DC0008/RC-04.smt2,unsat,0.01
/20220307-SMPT/SmallOperatingSystem-PT-MT0032DC0008/RF-11.smt2,sat,0.01
/20220307-SMPT/SmallOperatingSystem-PT-MT0032DC0008/RC-13.smt2,unsat,0.01
/20220307-SMPT/SmallOperatingSystem-PT-MT0032DC0008/RC-06.smt2,unsat,0.01
/20220307-SMPT/SmallOperatingSystem-PT-MT0032DC0008/RC-14.smt2,unsat,0.01
/20220307-SMPT/SmallOperatingSystem-PT-MT0032DC0008/RC-10.smt2,sat,0.01
/20220307-SMPT/SmallOperatingSystem-PT-MT0032DC0008/RF-04.smt2,unsat,0.01
/20220307-SMPT/SmallOperatingSystem-PT-MT0032DC0008/RF-01.smt2,unsat,0.01
/20220307-SMPT/SmallOperatingSystem-PT-MT0032DC0008/RF-13.smt2,unsat,0.01
/20220307-SMPT/SmallOperatingSystem-PT-MT0032DC0008/RC-05.smt2,unsat,0.01
/20220307-SMPT/SmallOperatingSystem-PT-MT0032DC0008/RC-00.smt2,unsat,0.01
/20220307-SMPT/SmallOperatingSystem-PT-MT0032DC0008/RF-05.smt2,unsat,0.01
/20220307-SMPT/SmallOperatingSystem-PT-MT0032DC0008/RF-07.smt2,unsat,0.01
/20220307-SMPT/SmallOperatingSystem-PT-MT0032DC0008/RF-10.smt2,unsat,0.01
/20220307-SMPT/SmallOperatingSystem-PT-MT0032DC0008/RF-08.smt2,unsat,0.01
/20220307-SMPT/SmallOperatingSystem-PT-MT0032DC0008/RC-08.smt2,sat,0.01
/20220307-SMPT/SmallOperatingSystem-PT-MT0032DC0008/RF-15.smt2,unsat,0.01
/20220307-SMPT/SmallOperatingSystem-PT-MT0032DC0008/RF-09.smt2,unsat,0.01
/20220307-SMPT/SmallOperatingSystem-PT-MT0032DC0008/RC-07.smt2,unsat,0.01
/20220307-SMPT/SmallOperatingSystem-PT-MT0032DC0008/RF-06.smt2,unsat,0.01
/20220307-SMPT/SmallOperatingSystem-PT-MT0032DC0008/RC-09.smt2,sat,0.01
/20220307-SMPT/SmallOperatingSystem-PT-MT0032DC0008/RC-15.smt2,sat,0.01
/20220307-SMPT/SmallOperatingSystem-PT-MT0032DC0008/RC-12.smt2,unsat,0.01
/20220307-SMPT/SmallOperatingSystem-PT-MT0032DC0008/RF-14.smt2,unsat,0.01
/20220307-SMPT/SmallOperatingSystem-PT-MT8192DC4096/RC-02.smt2,unsat,0.01
/20220307-SMPT/SmallOperatingSystem-PT-MT8192DC4096/RF-12.smt2,unsat,0.01
/20220307-SMPT/SmallOperatingSystem-PT-MT8192DC4096/RC-03.smt2,unsat,0.01
/20220307-SMPT/SmallOperatingSystem-PT-MT8192DC4096/RF-02.smt2,unsat,0.01
/20220307-SMPT/SmallOperatingSystem-PT-MT8192DC4096/RC-11.smt2,sat,0.01
/20220307-SMPT/SmallOperatingSystem-PT-MT8192DC4096/RF-03.smt2,sat,0.01
/20220307-SMPT/SmallOperatingSystem-PT-MT8192DC4096/RC-01.smt2,unsat,0.01
/20220307-SMPT/SmallOperatingSystem-PT-MT8192DC4096/RF-00.smt2,sat,0.01
/20220307-SMPT/SmallOperatingSystem-PT-MT8192DC4096/RC-04.smt2,unsat,0.01
/20220307-SMPT/SmallOperatingSystem-PT-MT8192DC4096/RF-11.smt2,sat,0.01
/20220307-SMPT/SmallOperatingSystem-PT-MT8192DC4096/RC-13.smt2,sat,0.01
/20220307-SMPT/SmallOperatingSystem-PT-MT8192DC4096/RC-06.smt2,sat,0.01
/20220307-SMPT/SmallOperatingSystem-PT-MT8192DC4096/RC-14.smt2,sat,0.01
/20220307-SMPT/SmallOperatingSystem-PT-MT8192DC4096/RC-10.smt2,sat,0.01
/20220307-SMPT/SmallOperatingSystem-PT-MT8192DC4096/RF-04.smt2,sat,0.01
/20220307-SMPT/SmallOperatingSystem-PT-MT8192DC4096/RF-01.smt2,sat,0.01
/20220307-SMPT/SmallOperatingSystem-PT-MT8192DC4096/RF-13.smt2,unsat,0.01
/20220307-SMPT/SmallOperatingSystem-PT-MT8192DC4096/RC-05.smt2,sat,0.01
/20220307-SMPT/SmallOperatingSystem-PT-MT8192DC4096/RC-00.smt2,sat,0.01
/20220307-SMPT/SmallOperatingSystem-PT-MT8192DC4096/RF-05.smt2,sat,0.01
/20220307-SMPT/SmallOperatingSystem-PT-MT8192DC4096/RF-07.smt2,sat,0.01
/20220307-SMPT/SmallOperatingSystem-PT-MT8192DC4096/RF-10.smt2,unsat,0.01
/20220307-SMPT/SmallOperatingSystem-PT-MT8192DC4096/RF-08.smt2,sat,0.01
/20220307-SMPT/SmallOperatingSystem-PT-MT8192DC4096/RC-08.smt2,unsat,0.01
/20220307-SMPT/SmallOperatingSystem-PT-MT8192DC4096/RF-09.smt2,sat,0.01
/20220307-SMPT/SmallOperatingSystem-PT-MT8192DC4096/RC-07.smt2,unsat,0.01
/20220307-SMPT/SmallOperatingSystem-PT-MT8192DC4096/RF-06.smt2,unsat,0.01
/20220307-SMPT/SmallOperatingSystem-PT-MT8192DC4096/RC-09.smt2,sat,0.01
/20220307-SMPT/SmallOperatingSystem-PT-MT8192DC4096/RC-15.smt2,unsat,0.01
/20220307-SMPT/SmallOperatingSystem-PT-MT8192DC4096/RC-12.smt2,unsat,0.01
/20220307-SMPT/SmallOperatingSystem-PT-MT8192DC4096/RF-14.smt2,sat,0.01
/20220307-SMPT/Diffusion2D-PT-D50N010/RC-02.smt2,sat,0.23
/20220307-SMPT/Diffusion2D-PT-D50N010/RF-12.smt2,sat,0.27
/20220307-SMPT/Diffusion2D-PT-D50N010/RC-03.smt2,sat,0.29
/20220307-SMPT/Diffusion2D-PT-D50N010/RF-02.smt2,sat,0.25
/20220307-SMPT/Diffusion2D-PT-D50N010/RC-11.smt2,sat,0.22
/20220307-SMPT/Diffusion2D-PT-D50N010/RF-03.smt2,sat,0.27
/20220307-SMPT/Diffusion2D-PT-D50N010/RC-01.smt2,sat,0.17
/20220307-SMPT/Diffusion2D-PT-D50N010/RF-00.smt2,sat,0.19
/20220307-SMPT/Diffusion2D-PT-D50N010/RC-04.smt2,sat,0.24
/20220307-SMPT/Diffusion2D-PT-D50N010/RF-11.smt2,sat,0.26
/20220307-SMPT/Diffusion2D-PT-D50N010/RC-13.smt2,sat,0.2
/20220307-SMPT/Diffusion2D-PT-D50N010/RC-06.smt2,sat,0.2
/20220307-SMPT/Diffusion2D-PT-D50N010/RC-14.smt2,sat,0.27
/20220307-SMPT/Diffusion2D-PT-D50N010/RC-10.smt2,sat,0.29
/20220307-SMPT/Diffusion2D-PT-D50N010/RF-04.smt2,sat,0.31
/20220307-SMPT/Diffusion2D-PT-D50N010/RF-01.smt2,sat,0.26
/20220307-SMPT/Diffusion2D-PT-D50N010/RF-13.smt2,sat,0.27
/20220307-SMPT/Diffusion2D-PT-D50N010/RC-05.smt2,sat,0.63
/20220307-SMPT/Diffusion2D-PT-D50N010/RC-00.smt2,sat,0.23
/20220307-SMPT/Diffusion2D-PT-D50N010/RF-05.smt2,sat,0.16
/20220307-SMPT/Diffusion2D-PT-D50N010/RF-07.smt2,sat,0.22
/20220307-SMPT/Diffusion2D-PT-D50N010/RF-10.smt2,sat,0.23
/20220307-SMPT/Diffusion2D-PT-D50N010/RF-08.smt2,sat,0.21
/20220307-SMPT/Diffusion2D-PT-D50N010/RC-08.smt2,sat,0.26
/20220307-SMPT/Diffusion2D-PT-D50N010/RF-15.smt2,sat,0.23
/20220307-SMPT/Diffusion2D-PT-D50N010/RF-09.smt2,sat,0.15
/20220307-SMPT/Diffusion2D-PT-D50N010/RC-07.smt2,sat,0.27
/20220307-SMPT/Diffusion2D-PT-D50N010/RF-06.smt2,sat,0.24
/20220307-SMPT/Diffusion2D-PT-D50N010/RC-09.smt2,sat,0.27
/20220307-SMPT/Diffusion2D-PT-D50N010/RC-15.smt2,sat,0.16
/20220307-SMPT/Diffusion2D-PT-D50N010/RC-12.smt2,sat,0.17
/20220307-SMPT/Diffusion2D-PT-D50N010/RF-14.smt2,sat,0.2
/20220307-SMPT/Kanban-PT-00500/RC-02.smt2,sat,0.01
/20220307-SMPT/Kanban-PT-00500/RF-12.smt2,sat,0.01
/20220307-SMPT/Kanban-PT-00500/RC-03.smt2,sat,0.01
/20220307-SMPT/Kanban-PT-00500/RF-02.smt2,sat,0.01
/20220307-SMPT/Kanban-PT-00500/RC-11.smt2,sat,0.01
/20220307-SMPT/Kanban-PT-00500/RF-03.smt2,unsat,0.01
/20220307-SMPT/Kanban-PT-00500/RC-01.smt2,sat,0.01
/20220307-SMPT/Kanban-PT-00500/RF-00.smt2,sat,0.01
/20220307-SMPT/Kanban-PT-00500/RC-04.smt2,sat,0.01
/20220307-SMPT/Kanban-PT-00500/RF-11.smt2,sat,0.01
/20220307-SMPT/Kanban-PT-00500/RC-13.smt2,unsat,0.01
/20220307-SMPT/Kanban-PT-00500/RC-06.smt2,sat,0.01
/20220307-SMPT/Kanban-PT-00500/RC-14.smt2,sat,0.01
/20220307-SMPT/Kanban-PT-00500/RC-10.smt2,sat,0.01
/20220307-SMPT/Kanban-PT-00500/RF-04.smt2,sat,0.01
/20220307-SMPT/Kanban-PT-00500/RF-01.smt2,sat,0.01
/20220307-SMPT/Kanban-PT-00500/RF-13.smt2,sat,0.01
/20220307-SMPT/Kanban-PT-00500/RC-05.smt2,sat,0.01
/20220307-SMPT/Kanban-PT-00500/RC-00.smt2,sat,0.01
/20220307-SMPT/Kanban-PT-00500/RF-05.smt2,unsat,0.01
/20220307-SMPT/Kanban-PT-00500/RF-07.smt2,sat,0.01
/20220307-SMPT/Kanban-PT-00500/RF-10.smt2,sat,0.01
/20220307-SMPT/Kanban-PT-00500/RF-08.smt2,sat,0.01
/20220307-SMPT/Kanban-PT-00500/RC-08.smt2,unsat,0.01
/20220307-SMPT/Kanban-PT-00500/RF-15.smt2,sat,0.01
/20220307-SMPT/Kanban-PT-00500/RF-09.smt2,sat,0.01
/20220307-SMPT/Kanban-PT-00500/RC-07.smt2,sat,0.01
/20220307-SMPT/Kanban-PT-00500/RF-06.smt2,sat,0.01
/20220307-SMPT/Kanban-PT-00500/RC-09.smt2,unsat,0.01
/20220307-SMPT/Kanban-PT-00500/RC-15.smt2,sat,0.01
/20220307-SMPT/Kanban-PT-00500/RC-12.smt2,sat,0.01
/20220307-SMPT/Kanban-PT-00500/RF-14.smt2,sat,0.01
/20220307-SMPT/Diffusion2D-PT-D05N350/RC-02.smt2,unsat,0.01
/20220307-SMPT/Diffusion2D-PT-D05N350/RF-12.smt2,sat,0.01
/20220307-SMPT/Diffusion2D-PT-D05N350/RC-03.smt2,unsat,0.01
/20220307-SMPT/Diffusion2D-PT-D05N350/RF-02.smt2,sat,0.01
/20220307-SMPT/Diffusion2D-PT-D05N350/RC-11.smt2,sat,0.01
/20220307-SMPT/Diffusion2D-PT-D05N350/RF-03.smt2,failed,1200.0
/20220307-SMPT/Diffusion2D-PT-D05N350/RC-01.smt2,unsat,0.01
/20220307-SMPT/Diffusion2D-PT-D05N350/RF-00.smt2,unsat,0.01
/20220307-SMPT/Diffusion2D-PT-D05N350/RC-04.smt2,sat,0.01
/20220307-SMPT/Diffusion2D-PT-D05N350/RC-13.smt2,sat,0.01
/20220307-SMPT/Diffusion2D-PT-D05N350/RC-06.smt2,sat,0.01
/20220307-SMPT/Diffusion2D-PT-D05N350/RC-14.smt2,sat,0.01
/20220307-SMPT/Diffusion2D-PT-D05N350/RC-10.smt2,sat,0.01
/20220307-SMPT/Diffusion2D-PT-D05N350/RF-04.smt2,sat,0.01
/20220307-SMPT/Diffusion2D-PT-D05N350/RF-01.smt2,sat,0.01
/20220307-SMPT/Diffusion2D-PT-D05N350/RC-05.smt2,sat,0.01
/20220307-SMPT/Diffusion2D-PT-D05N350/RC-00.smt2,sat,0.01
/20220307-SMPT/Diffusion2D-PT-D05N350/RF-05.smt2,unsat,0.01
/20220307-SMPT/Diffusion2D-PT-D05N350/RF-07.smt2,sat,0.01
/20220307-SMPT/Diffusion2D-PT-D05N350/RF-10.smt2,unsat,0.0
/20220307-SMPT/Diffusion2D-PT-D05N350/RF-08.smt2,unsat,0.01
/20220307-SMPT/Diffusion2D-PT-D05N350/RC-08.smt2,sat,0.01
/20220307-SMPT/Diffusion2D-PT-D05N350/RF-15.smt2,sat,0.01
/20220307-SMPT/Diffusion2D-PT-D05N350/RF-09.smt2,sat,0.01
/20220307-SMPT/Diffusion2D-PT-D05N350/RC-07.smt2,sat,0.01
/20220307-SMPT/Diffusion2D-PT-D05N350/RF-06.smt2,sat,0.01
/20220307-SMPT/Diffusion2D-PT-D05N350/RC-09.smt2,sat,0.01
/20220307-SMPT/Diffusion2D-PT-D05N350/RC-15.smt2,sat,0.01
/20220307-SMPT/Diffusion2D-PT-D05N350/RC-12.smt2,sat,0.01
/20220307-SMPT/Diffusion2D-PT-D05N350/RF-14.smt2,sat,0.01
/20220307-SMPT/Diffusion2D-PT-D10N100/RC-02.smt2,sat,0.02
/20220307-SMPT/Diffusion2D-PT-D10N100/RF-12.smt2,sat,0.07
/20220307-SMPT/Diffusion2D-PT-D10N100/RC-03.smt2,sat,0.02
/20220307-SMPT/Diffusion2D-PT-D10N100/RF-02.smt2,sat,0.02
/20220307-SMPT/Diffusion2D-PT-D10N100/RC-11.smt2,failed,1200.0
/20220307-SMPT/Diffusion2D-PT-D10N100/RF-03.smt2,sat,0.01
/20220307-SMPT/Diffusion2D-PT-D10N100/RC-01.smt2,sat,0.02
/20220307-SMPT/Diffusion2D-PT-D10N100/RF-00.smt2,sat,0.01
/20220307-SMPT/Diffusion2D-PT-D10N100/RC-04.smt2,sat,0.02
/20220307-SMPT/Diffusion2D-PT-D10N100/RF-11.smt2,sat,0.03
/20220307-SMPT/Diffusion2D-PT-D10N100/RC-13.smt2,sat,0.01
/20220307-SMPT/Diffusion2D-PT-D10N100/RC-06.smt2,sat,0.02
/20220307-SMPT/Diffusion2D-PT-D10N100/RC-14.smt2,sat,0.01
/20220307-SMPT/Diffusion2D-PT-D10N100/RC-10.smt2,sat,0.01
/20220307-SMPT/Diffusion2D-PT-D10N100/RF-04.smt2,sat,0.01
/20220307-SMPT/Diffusion2D-PT-D10N100/RF-01.smt2,sat,0.02
/20220307-SMPT/Diffusion2D-PT-D10N100/RF-13.smt2,failed,1200.0
/20220307-SMPT/Diffusion2D-PT-D10N100/RC-05.smt2,sat,0.02
/20220307-SMPT/Diffusion2D-PT-D10N100/RC-00.smt2,sat,0.02
/20220307-SMPT/Diffusion2D-PT-D10N100/RF-05.smt2,sat,0.02
/20220307-SMPT/Diffusion2D-PT-D10N100/RF-07.smt2,sat,0.02
/20220307-SMPT/Diffusion2D-PT-D10N100/RF-10.smt2,sat,0.01
/20220307-SMPT/Diffusion2D-PT-D10N100/RF-08.smt2,sat,0.01
/20220307-SMPT/Diffusion2D-PT-D10N100/RC-08.smt2,sat,0.01
/20220307-SMPT/Diffusion2D-PT-D10N100/RF-15.smt2,sat,0.01
/20220307-SMPT/Diffusion2D-PT-D10N100/RF-09.smt2,sat,0.02
/20220307-SMPT/Diffusion2D-PT-D10N100/RC-07.smt2,sat,0.01
/20220307-SMPT/Diffusion2D-PT-D10N100/RF-06.smt2,sat,0.02
/20220307-SMPT/Diffusion2D-PT-D10N100/RC-09.smt2,failed,1200.0
/20220307-SMPT/Diffusion2D-PT-D10N100/RC-15.smt2,sat,0.02
/20220307-SMPT/Diffusion2D-PT-D10N100/RC-12.smt2,sat,0.02
/20220307-SMPT/Diffusion2D-PT-D10N100/RF-14.smt2,sat,0.01
/20220307-SMPT/RwMutex-PT-r0010w0500/RC-02.smt2,sat,0.55
/20220307-SMPT/RwMutex-PT-r0010w0500/RF-12.smt2,sat,0.48
/20220307-SMPT/RwMutex-PT-r0010w0500/RC-03.smt2,sat,0.74
/20220307-SMPT/RwMutex-PT-r0010w0500/RF-02.smt2,sat,0.77
/20220307-SMPT/RwMutex-PT-r0010w0500/RC-11.smt2,sat,0.54
/20220307-SMPT/RwMutex-PT-r0010w0500/RF-03.smt2,unsat,0.8
/20220307-SMPT/RwMutex-PT-r0010w0500/RC-01.smt2,sat,0.43
/20220307-SMPT/RwMutex-PT-r0010w0500/RF-00.smt2,sat,0.62
/20220307-SMPT/RwMutex-PT-r0010w0500/RC-04.smt2,sat,0.71
/20220307-SMPT/RwMutex-PT-r0010w0500/RF-11.smt2,sat,0.49
/20220307-SMPT/RwMutex-PT-r0010w0500/RC-13.smt2,unsat,0.34
/20220307-SMPT/RwMutex-PT-r0010w0500/RC-06.smt2,sat,0.49
/20220307-SMPT/RwMutex-PT-r0010w0500/RC-14.smt2,sat,0.45
/20220307-SMPT/RwMutex-PT-r0010w0500/RC-10.smt2,unsat,0.43
/20220307-SMPT/RwMutex-PT-r0010w0500/RF-04.smt2,sat,0.44
/20220307-SMPT/RwMutex-PT-r0010w0500/RF-01.smt2,sat,0.7
/20220307-SMPT/RwMutex-PT-r0010w0500/RF-13.smt2,sat,0.36
/20220307-SMPT/RwMutex-PT-r0010w0500/RC-05.smt2,sat,0.55
/20220307-SMPT/RwMutex-PT-r0010w0500/RC-00.smt2,sat,0.35
/20220307-SMPT/RwMutex-PT-r0010w0500/RF-05.smt2,sat,0.62
/20220307-SMPT/RwMutex-PT-r0010w0500/RF-07.smt2,sat,0.36
/20220307-SMPT/RwMutex-PT-r0010w0500/RF-10.smt2,sat,0.76
/20220307-SMPT/RwMutex-PT-r0010w0500/RF-08.smt2,sat,0.31
/20220307-SMPT/RwMutex-PT-r0010w0500/RC-08.smt2,unsat,0.65
/20220307-SMPT/RwMutex-PT-r0010w0500/RF-15.smt2,unsat,1.1
/20220307-SMPT/RwMutex-PT-r0010w0500/RF-09.smt2,unsat,0.48
/20220307-SMPT/RwMutex-PT-r0010w0500/RC-07.smt2,sat,0.47
/20220307-SMPT/RwMutex-PT-r0010w0500/RF-06.smt2,sat,0.35
/20220307-SMPT/RwMutex-PT-r0010w0500/RC-09.smt2,sat,0.62
/20220307-SMPT/RwMutex-PT-r0010w0500/RC-15.smt2,sat,0.53
/20220307-SMPT/RwMutex-PT-r0010w0500/RC-12.smt2,sat,0.51
/20220307-SMPT/RwMutex-PT-r0010w0500/RF-14.smt2,sat,0.51
/20220307-SMPT/Kanban-PT-20000/RC-02.smt2,unsat,0.01
/20220307-SMPT/Kanban-PT-20000/RF-12.smt2,sat,0.01
/20220307-SMPT/Kanban-PT-20000/RC-03.smt2,sat,0.01
/20220307-SMPT/Kanban-PT-20000/RF-02.smt2,sat,0.01
/20220307-SMPT/Kanban-PT-20000/RC-11.smt2,sat,0.01
/20220307-SMPT/Kanban-PT-20000/RF-03.smt2,sat,0.01
/20220307-SMPT/Kanban-PT-20000/RC-01.smt2,sat,0.01
/20220307-SMPT/Kanban-PT-20000/RF-00.smt2,sat,0.01
/20220307-SMPT/Kanban-PT-20000/RC-04.smt2,sat,0.01
/20220307-SMPT/Kanban-PT-20000/RF-11.smt2,unsat,0.01
/20220307-SMPT/Kanban-PT-20000/RC-13.smt2,sat,0.01
/20220307-SMPT/Kanban-PT-20000/RC-06.smt2,sat,0.01
/20220307-SMPT/Kanban-PT-20000/RC-14.smt2,sat,0.01
/20220307-SMPT/Kanban-PT-20000/RC-10.smt2,sat,0.01
/20220307-SMPT/Kanban-PT-20000/RF-04.smt2,unsat,0.01
/20220307-SMPT/Kanban-PT-20000/RF-01.smt2,sat,0.01
/20220307-SMPT/Kanban-PT-20000/RF-13.smt2,unsat,0.01
/20220307-SMPT/Kanban-PT-20000/RC-05.smt2,unsat,0.01
/20220307-SMPT/Kanban-PT-20000/RC-00.smt2,sat,0.01
/20220307-SMPT/Kanban-PT-20000/RF-05.smt2,unsat,0.01
/20220307-SMPT/Kanban-PT-20000/RF-07.smt2,unsat,0.01
/20220307-SMPT/Kanban-PT-20000/RF-10.smt2,unsat,0.01
/20220307-SMPT/Kanban-PT-20000/RF-08.smt2,sat,0.01
/20220307-SMPT/Kanban-PT-20000/RC-08.smt2,sat,0.01
/20220307-SMPT/Kanban-PT-20000/RF-09.smt2,sat,0.01
/20220307-SMPT/Kanban-PT-20000/RC-07.smt2,sat,0.01
/20220307-SMPT/Kanban-PT-20000/RF-06.smt2,sat,0.01
/20220307-SMPT/Kanban-PT-20000/RC-09.smt2,sat,0.01
/20220307-SMPT/Kanban-PT-20000/RC-15.smt2,sat,0.01
/20220307-SMPT/Kanban-PT-20000/RC-12.smt2,sat,0.01
/20220307-SMPT/Kanban-PT-20000/RF-14.smt2,unsat,0.01
/20220307-SMPT/SmallOperatingSystem-PT-MT0256DC0064/RC-02.smt2,sat,0.01
/20220307-SMPT/SmallOperatingSystem-PT-MT0256DC0064/RF-12.smt2,sat,0.01
/20220307-SMPT/SmallOperatingSystem-PT-MT0256DC0064/RC-03.smt2,sat,0.01
/20220307-SMPT/SmallOperatingSystem-PT-MT0256DC0064/RF-02.smt2,unsat,0.01
/20220307-SMPT/SmallOperatingSystem-PT-MT0256DC0064/RC-11.smt2,unsat,0.01
/20220307-SMPT/SmallOperatingSystem-PT-MT0256DC0064/RF-03.smt2,unsat,0.01
/20220307-SMPT/SmallOperatingSystem-PT-MT0256DC0064/RC-01.smt2,sat,0.01
/20220307-SMPT/SmallOperatingSystem-PT-MT0256DC0064/RF-00.smt2,sat,0.01
/20220307-SMPT/SmallOperatingSystem-PT-MT0256DC0064/RC-04.smt2,unsat,0.01
/20220307-SMPT/SmallOperatingSystem-PT-MT0256DC0064/RC-13.smt2,sat,0.01
/20220307-SMPT/SmallOperatingSystem-PT-MT0256DC0064/RC-06.smt2,sat,0.01
/20220307-SMPT/SmallOperatingSystem-PT-MT0256DC0064/RC-14.smt2,sat,0.01
/20220307-SMPT/SmallOperatingSystem-PT-MT0256DC0064/RC-10.smt2,sat,0.01
/20220307-SMPT/SmallOperatingSystem-PT-MT0256DC0064/RF-04.smt2,sat,0.01
/20220307-SMPT/SmallOperatingSystem-PT-MT0256DC0064/RF-01.smt2,sat,0.01
/20220307-SMPT/SmallOperatingSystem-PT-MT0256DC0064/RF-13.smt2,sat,0.01
/20220307-SMPT/SmallOperatingSystem-PT-MT0256DC0064/RC-05.smt2,sat,0.01
/20220307-SMPT/SmallOperatingSystem-PT-MT0256DC0064/RC-00.smt2,unsat,0.01
/20220307-SMPT/SmallOperatingSystem-PT-MT0256DC0064/RF-10.smt2,unsat,0.01
/20220307-SMPT/SmallOperatingSystem-PT-MT0256DC0064/RF-08.smt2,sat,0.01
/20220307-SMPT/SmallOperatingSystem-PT-MT0256DC0064/RC-08.smt2,sat,0.01
/20220307-SMPT/SmallOperatingSystem-PT-MT0256DC0064/RF-15.smt2,unsat,0.01
/20220307-SMPT/SmallOperatingSystem-PT-MT0256DC0064/RC-07.smt2,sat,0.01
/20220307-SMPT/SmallOperatingSystem-PT-MT0256DC0064/RC-09.smt2,sat,0.01
/20220307-SMPT/SmallOperatingSystem-PT-MT0256DC0064/RC-15.smt2,sat,0.01
/20220307-SMPT/SmallOperatingSystem-PT-MT0256DC0064/RC-12.smt2,sat,0.01
/20220307-SMPT/SmallOperatingSystem-PT-MT0256DC0064/RF-14.smt2,sat,0.01
/20220307-SMPT/HouseConstruction-PT-32000/RC-02.smt2,sat,0.01
/20220307-SMPT/HouseConstruction-PT-32000/RF-12.smt2,sat,0.01
/20220307-SMPT/HouseConstruction-PT-32000/RC-03.smt2,sat,0.01
/20220307-SMPT/HouseConstruction-PT-32000/RF-02.smt2,sat,0.01
/20220307-SMPT/HouseConstruction-PT-32000/RC-11.smt2,sat,0.01
/20220307-SMPT/HouseConstruction-PT-32000/RF-03.smt2,unsat,0.02
/20220307-SMPT/HouseConstruction-PT-32000/RC-01.smt2,sat,0.01
/20220307-SMPT/HouseConstruction-PT-32000/RF-00.smt2,unsat,0.01
/20220307-SMPT/HouseConstruction-PT-32000/RC-04.smt2,sat,0.01
/20220307-SMPT/HouseConstruction-PT-32000/RF-11.smt2,sat,0.01
/20220307-SMPT/HouseConstruction-PT-32000/RC-13.smt2,sat,0.01
/20220307-SMPT/HouseConstruction-PT-32000/RC-06.smt2,sat,0.01
/20220307-SMPT/HouseConstruction-PT-32000/RC-14.smt2,sat,0.01
/20220307-SMPT/HouseConstruction-PT-32000/RC-10.smt2,sat,0.01
/20220307-SMPT/HouseConstruction-PT-32000/RF-04.smt2,sat,0.01
/20220307-SMPT/HouseConstruction-PT-32000/RF-01.smt2,sat,0.01
/20220307-SMPT/HouseConstruction-PT-32000/RF-13.smt2,sat,0.01
/20220307-SMPT/HouseConstruction-PT-32000/RC-05.smt2,sat,0.01
/20220307-SMPT/HouseConstruction-PT-32000/RC-00.smt2,unsat,0.01
/20220307-SMPT/HouseConstruction-PT-32000/RF-05.smt2,sat,0.0
/20220307-SMPT/HouseConstruction-PT-32000/RF-07.smt2,sat,0.01
/20220307-SMPT/HouseConstruction-PT-32000/RF-10.smt2,sat,0.01
/20220307-SMPT/HouseConstruction-PT-32000/RF-08.smt2,sat,0.01
/20220307-SMPT/HouseConstruction-PT-32000/RC-08.smt2,sat,0.01
/20220307-SMPT/HouseConstruction-PT-32000/RF-15.smt2,sat,0.03
/20220307-SMPT/HouseConstruction-PT-32000/RF-09.smt2,sat,0.01
/20220307-SMPT/HouseConstruction-PT-32000/RC-07.smt2,sat,0.01
/20220307-SMPT/HouseConstruction-PT-32000/RF-06.smt2,sat,0.01
/20220307-SMPT/HouseConstruction-PT-32000/RC-09.smt2,sat,0.01
/20220307-SMPT/HouseConstruction-PT-32000/RC-15.smt2,sat,0.01
/20220307-SMPT/HouseConstruction-PT-32000/RC-12.smt2,sat,0.01
/20220307-SMPT/HouseConstruction-PT-32000/RF-14.smt2,sat,0.01
/20220307-SMPT/ERK-PT-001000/RC-02.smt2,unsat,0.01
/20220307-SMPT/ERK-PT-001000/RF-12.smt2,sat,0.01
/20220307-SMPT/ERK-PT-001000/RC-03.smt2,sat,0.01
/20220307-SMPT/ERK-PT-001000/RF-02.smt2,sat,0.01
/20220307-SMPT/ERK-PT-001000/RC-11.smt2,sat,0.01
/20220307-SMPT/ERK-PT-001000/RF-03.smt2,unsat,0.0
/20220307-SMPT/ERK-PT-001000/RC-01.smt2,sat,0.01
/20220307-SMPT/ERK-PT-001000/RF-00.smt2,unsat,0.01
/20220307-SMPT/ERK-PT-001000/RC-04.smt2,sat,0.01
/20220307-SMPT/ERK-PT-001000/RF-11.smt2,unsat,0.01
/20220307-SMPT/ERK-PT-001000/RC-13.smt2,sat,0.01
/20220307-SMPT/ERK-PT-001000/RC-06.smt2,sat,0.01
/20220307-SMPT/ERK-PT-001000/RC-14.smt2,sat,0.01
/20220307-SMPT/ERK-PT-001000/RC-10.smt2,sat,0.01
/20220307-SMPT/ERK-PT-001000/RF-04.smt2,sat,0.01
/20220307-SMPT/ERK-PT-001000/RF-01.smt2,unsat,0.01
/20220307-SMPT/ERK-PT-001000/RF-13.smt2,sat,0.01
/20220307-SMPT/ERK-PT-001000/RC-05.smt2,sat,0.01
/20220307-SMPT/ERK-PT-001000/RC-00.smt2,sat,0.01
/20220307-SMPT/ERK-PT-001000/RF-05.smt2,sat,0.01
/20220307-SMPT/ERK-PT-001000/RF-07.smt2,sat,0.01
/20220307-SMPT/ERK-PT-001000/RF-10.smt2,sat,0.01
/20220307-SMPT/ERK-PT-001000/RF-08.smt2,sat,0.01
/20220307-SMPT/ERK-PT-001000/RC-08.smt2,unsat,0.01
/20220307-SMPT/ERK-PT-001000/RF-15.smt2,sat,0.01
/20220307-SMPT/ERK-PT-001000/RF-09.smt2,sat,0.01
/20220307-SMPT/ERK-PT-001000/RC-07.smt2,unsat,0.01
/20220307-SMPT/ERK-PT-001000/RF-06.smt2,sat,0.01
/20220307-SMPT/ERK-PT-001000/RC-09.smt2,unsat,0.01
/20220307-SMPT/ERK-PT-001000/RC-15.smt2,sat,0.01
/20220307-SMPT/ERK-PT-001000/RC-12.smt2,sat,0.01
/20220307-SMPT/Kanban-PT-05000/RC-02.smt2,sat,0.01
/20220307-SMPT/Kanban-PT-05000/RF-12.smt2,unsat,0.01
/20220307-SMPT/Kanban-PT-05000/RC-03.smt2,sat,0.01
/20220307-SMPT/Kanban-PT-05000/RF-02.smt2,unsat,0.01
/20220307-SMPT/Kanban-PT-05000/RC-11.smt2,sat,0.01
/20220307-SMPT/Kanban-PT-05000/RF-03.smt2,sat,0.01
/20220307-SMPT/Kanban-PT-05000/RC-01.smt2,sat,0.01
/20220307-SMPT/Kanban-PT-05000/RF-00.smt2,sat,0.01
/20220307-SMPT/Kanban-PT-05000/RC-04.smt2,sat,0.01
/20220307-SMPT/Kanban-PT-05000/RF-11.smt2,unsat,0.01
/20220307-SMPT/Kanban-PT-05000/RC-13.smt2,sat,0.01
/20220307-SMPT/Kanban-PT-05000/RC-06.smt2,sat,0.01
/20220307-SMPT/Kanban-PT-05000/RC-14.smt2,sat,0.01
/20220307-SMPT/Kanban-PT-05000/RC-10.smt2,sat,0.01
/20220307-SMPT/Kanban-PT-05000/RF-04.smt2,sat,0.01
/20220307-SMPT/Kanban-PT-05000/RF-01.smt2,sat,0.01
/20220307-SMPT/Kanban-PT-05000/RF-13.smt2,unsat,0.01
/20220307-SMPT/Kanban-PT-05000/RC-05.smt2,unsat,0.01
/20220307-SMPT/Kanban-PT-05000/RC-00.smt2,unsat,0.01
/20220307-SMPT/Kanban-PT-05000/RF-05.smt2,unsat,0.01
/20220307-SMPT/Kanban-PT-05000/RF-08.smt2,sat,0.01
/20220307-SMPT/Kanban-PT-05000/RC-08.smt2,sat,0.01
/20220307-SMPT/Kanban-PT-05000/RF-15.smt2,unsat,0.01
/20220307-SMPT/Kanban-PT-05000/RF-09.smt2,sat,0.01
/20220307-SMPT/Kanban-PT-05000/RC-07.smt2,sat,0.01
/20220307-SMPT/Kanban-PT-05000/RF-06.smt2,sat,0.01
/20220307-SMPT/Kanban-PT-05000/RC-09.smt2,sat,0.01
/20220307-SMPT/Kanban-PT-05000/RC-15.smt2,sat,0.01
/20220307-SMPT/Kanban-PT-05000/RC-12.smt2,sat,0.01
/20220307-SMPT/Kanban-PT-05000/RF-14.smt2,unsat,0.01
/20220307-SMPT/Kanban-PT-10000/RC-02.smt2,sat,0.01
/20220307-SMPT/Kanban-PT-10000/RF-12.smt2,sat,0.01
/20220307-SMPT/Kanban-PT-10000/RC-03.smt2,sat,0.01
/20220307-SMPT/Kanban-PT-10000/RF-02.smt2,unsat,0.01
/20220307-SMPT/Kanban-PT-10000/RC-11.smt2,sat,0.01
/20220307-SMPT/Kanban-PT-10000/RF-03.smt2,sat,0.01
/20220307-SMPT/Kanban-PT-10000/RC-01.smt2,sat,0.01
/20220307-SMPT/Kanban-PT-10000/RF-00.smt2,sat,0.01
/20220307-SMPT/Kanban-PT-10000/RC-04.smt2,sat,0.01
/20220307-SMPT/Kanban-PT-10000/RF-11.smt2,sat,0.01
/20220307-SMPT/Kanban-PT-10000/RC-13.smt2,sat,0.01
/20220307-SMPT/Kanban-PT-10000/RC-06.smt2,sat,0.01
/20220307-SMPT/Kanban-PT-10000/RC-14.smt2,sat,0.01
/20220307-SMPT/Kanban-PT-10000/RC-10.smt2,sat,0.01
/20220307-SMPT/Kanban-PT-10000/RF-04.smt2,sat,0.01
/20220307-SMPT/Kanban-PT-10000/RF-01.smt2,unsat,0.01
/20220307-SMPT/Kanban-PT-10000/RF-13.smt2,unsat,0.01
/20220307-SMPT/Kanban-PT-10000/RC-05.smt2,sat,0.01
/20220307-SMPT/Kanban-PT-10000/RC-00.smt2,sat,0.01
/20220307-SMPT/Kanban-PT-10000/RF-05.smt2,sat,0.01
/20220307-SMPT/Kanban-PT-10000/RF-07.smt2,sat,0.01
/20220307-SMPT/Kanban-PT-10000/RF-10.smt2,sat,0.01
/20220307-SMPT/Kanban-PT-10000/RF-08.smt2,unsat,0.01
/20220307-SMPT/Kanban-PT-10000/RC-08.smt2,sat,0.01
/20220307-SMPT/Kanban-PT-10000/RF-15.smt2,unsat,0.01
/20220307-SMPT/Kanban-PT-10000/RF-09.smt2,sat,0.01
/20220307-SMPT/Kanban-PT-10000/RC-07.smt2,sat,0.01
/20220307-SMPT/Kanban-PT-10000/RF-06.smt2,sat,0.01
/20220307-SMPT/Kanban-PT-10000/RC-09.smt2,sat,0.01
/20220307-SMPT/Kanban-PT-10000/RC-15.smt2,sat,0.01
/20220307-SMPT/Kanban-PT-10000/RF-14.smt2,unsat,0.01
/20220307-SMPT/SmallOperatingSystem-PT-MT2048DC1024/RC-02.smt2,unsat,0.01
/20220307-SMPT/SmallOperatingSystem-PT-MT2048DC1024/RF-12.smt2,sat,0.01
/20220307-SMPT/SmallOperatingSystem-PT-MT2048DC1024/RC-03.smt2,unsat,0.01
/20220307-SMPT/SmallOperatingSystem-PT-MT2048DC1024/RF-02.smt2,sat,0.01
/20220307-SMPT/SmallOperatingSystem-PT-MT2048DC1024/RC-11.smt2,sat,0.01
/20220307-SMPT/SmallOperatingSystem-PT-MT2048DC1024/RF-03.smt2,sat,0.01
/20220307-SMPT/SmallOperatingSystem-PT-MT2048DC1024/RC-01.smt2,sat,0.01
/20220307-SMPT/SmallOperatingSystem-PT-MT2048DC1024/RF-00.smt2,sat,0.01
/20220307-SMPT/SmallOperatingSystem-PT-MT2048DC1024/RC-04.smt2,sat,0.01
/20220307-SMPT/SmallOperatingSystem-PT-MT2048DC1024/RF-11.smt2,sat,0.01
/20220307-SMPT/SmallOperatingSystem-PT-MT2048DC1024/RC-13.smt2,sat,0.01
/20220307-SMPT/SmallOperatingSystem-PT-MT2048DC1024/RC-06.smt2,sat,0.01
/20220307-SMPT/SmallOperatingSystem-PT-MT2048DC1024/RC-14.smt2,sat,0.01
/20220307-SMPT/SmallOperatingSystem-PT-MT2048DC1024/RC-10.smt2,unsat,0.01
/20220307-SMPT/SmallOperatingSystem-PT-MT2048DC1024/RF-04.smt2,unsat,0.01
/20220307-SMPT/SmallOperatingSystem-PT-MT2048DC1024/RF-01.smt2,unsat,0.01
/20220307-SMPT/SmallOperatingSystem-PT-MT2048DC1024/RF-13.smt2,sat,0.01
/20220307-SMPT/SmallOperatingSystem-PT-MT2048DC1024/RC-05.smt2,sat,0.01
/20220307-SMPT/SmallOperatingSystem-PT-MT2048DC1024/RC-00.smt2,sat,0.01
/20220307-SMPT/SmallOperatingSystem-PT-MT2048DC1024/RF-07.smt2,unsat,0.01
/20220307-SMPT/SmallOperatingSystem-PT-MT2048DC1024/RF-08.smt2,sat,0.01
/20220307-SMPT/SmallOperatingSystem-PT-MT2048DC1024/RC-08.smt2,unsat,0.01
/20220307-SMPT/SmallOperatingSystem-PT-MT2048DC1024/RF-15.smt2,sat,0.01
/20220307-SMPT/SmallOperatingSystem-PT-MT2048DC1024/RF-09.smt2,unsat,0.01
/20220307-SMPT/SmallOperatingSystem-PT-MT2048DC1024/RC-07.smt2,sat,0.01
/20220307-SMPT/SmallOperatingSystem-PT-MT2048DC1024/RF-06.smt2,sat,0.01
/20220307-SMPT/SmallOperatingSystem-PT-MT2048DC1024/RC-09.smt2,sat,0.01
/20220307-SMPT/SmallOperatingSystem-PT-MT2048DC1024/RC-15.smt2,unsat,0.01
/20220307-SMPT/SmallOperatingSystem-PT-MT2048DC1024/RC-12.smt2,unsat,0.01
/20220307-SMPT/SmallOperatingSystem-PT-MT4096DC2048/RC-02.smt2,sat,0.01
/20220307-SMPT/SmallOperatingSystem-PT-MT4096DC2048/RF-12.smt2,unsat,0.01
/20220307-SMPT/SmallOperatingSystem-PT-MT4096DC2048/RC-03.smt2,sat,0.01
/20220307-SMPT/SmallOperatingSystem-PT-MT4096DC2048/RF-02.smt2,sat,0.01
/20220307-SMPT/SmallOperatingSystem-PT-MT4096DC2048/RC-11.smt2,failed,1200.0
/20220307-SMPT/SmallOperatingSystem-PT-MT4096DC2048/RC-01.smt2,unsat,0.01
/20220307-SMPT/SmallOperatingSystem-PT-MT4096DC2048/RF-00.smt2,sat,0.01
/20220307-SMPT/SmallOperatingSystem-PT-MT4096DC2048/RC-04.smt2,unsat,0.01
/20220307-SMPT/SmallOperatingSystem-PT-MT4096DC2048/RF-11.smt2,unsat,0.01
/20220307-SMPT/SmallOperatingSystem-PT-MT4096DC2048/RC-13.smt2,unsat,0.01
/20220307-SMPT/SmallOperatingSystem-PT-MT4096DC2048/RC-06.smt2,unsat,0.0
/20220307-SMPT/SmallOperatingSystem-PT-MT4096DC2048/RC-14.smt2,unsat,0.01
/20220307-SMPT/SmallOperatingSystem-PT-MT4096DC2048/RC-10.smt2,sat,0.01
/20220307-SMPT/SmallOperatingSystem-PT-MT4096DC2048/RF-01.smt2,sat,0.01
/20220307-SMPT/SmallOperatingSystem-PT-MT4096DC2048/RF-13.smt2,sat,0.01
/20220307-SMPT/SmallOperatingSystem-PT-MT4096DC2048/RC-05.smt2,unsat,0.01
/20220307-SMPT/SmallOperatingSystem-PT-MT4096DC2048/RC-00.smt2,sat,0.01
/20220307-SMPT/SmallOperatingSystem-PT-MT4096DC2048/RF-05.smt2,unsat,0.01
/20220307-SMPT/SmallOperatingSystem-PT-MT4096DC2048/RF-07.smt2,sat,0.01
/20220307-SMPT/SmallOperatingSystem-PT-MT4096DC2048/RF-10.smt2,sat,0.01
/20220307-SMPT/SmallOperatingSystem-PT-MT4096DC2048/RC-08.smt2,unsat,0.01
/20220307-SMPT/SmallOperatingSystem-PT-MT4096DC2048/RF-09.smt2,sat,0.01
/20220307-SMPT/SmallOperatingSystem-PT-MT4096DC2048/RC-07.smt2,sat,0.01
/20220307-SMPT/SmallOperatingSystem-PT-MT4096DC2048/RF-06.smt2,sat,0.01
/20220307-SMPT/SmallOperatingSystem-PT-MT4096DC2048/RC-09.smt2,unsat,0.0
/20220307-SMPT/SmallOperatingSystem-PT-MT4096DC2048/RC-15.smt2,sat,0.01
/20220307-SMPT/SmallOperatingSystem-PT-MT4096DC2048/RC-12.smt2,unsat,0.01
/20220307-SMPT/Referendum-PT-1000/RC-02.smt2,sat,17.64
/20220307-SMPT/Referendum-PT-1000/RF-12.smt2,sat,0.41
/20220307-SMPT/Referendum-PT-1000/RC-03.smt2,sat,0.38
/20220307-SMPT/Referendum-PT-1000/RF-02.smt2,unsat,0.71
/20220307-SMPT/Referendum-PT-1000/RC-11.smt2,unsat,0.29
/20220307-SMPT/Referendum-PT-1000/RF-03.smt2,sat,0.34
/20220307-SMPT/Referendum-PT-1000/RC-01.smt2,sat,2.0
/20220307-SMPT/Referendum-PT-1000/RF-00.smt2,unsat,0.17
/20220307-SMPT/Referendum-PT-1000/RC-04.smt2,unsat,0.3
/20220307-SMPT/Referendum-PT-1000/RF-11.smt2,sat,0.29
/20220307-SMPT/Referendum-PT-1000/RC-13.smt2,sat,0.21
/20220307-SMPT/Referendum-PT-1000/RC-06.smt2,unsat,0.13
/20220307-SMPT/Referendum-PT-1000/RC-14.smt2,unsat,0.28
/20220307-SMPT/Referendum-PT-1000/RC-10.smt2,unsat,0.29
/20220307-SMPT/Referendum-PT-1000/RF-04.smt2,unsat,0.76
/20220307-SMPT/Referendum-PT-1000/RF-01.smt2,unsat,0.09
/20220307-SMPT/Referendum-PT-1000/RF-13.smt2,sat,0.35
/20220307-SMPT/Referendum-PT-1000/RC-05.smt2,unsat,0.29
/20220307-SMPT/Referendum-PT-1000/RC-00.smt2,unsat,0.57
/20220307-SMPT/Referendum-PT-1000/RF-05.smt2,unsat,0.29
/20220307-SMPT/Referendum-PT-1000/RF-07.smt2,unsat,0.8
/20220307-SMPT/Referendum-PT-1000/RF-10.smt2,sat,0.37
/20220307-SMPT/Referendum-PT-1000/RF-08.smt2,sat,0.27
/20220307-SMPT/Referendum-PT-1000/RC-08.smt2,unsat,0.34
/20220307-SMPT/Referendum-PT-1000/RF-15.smt2,sat,0.2
/20220307-SMPT/Referendum-PT-1000/RF-09.smt2,sat,0.22
/20220307-SMPT/Referendum-PT-1000/RC-07.smt2,unsat,0.11
/20220307-SMPT/Referendum-PT-1000/RF-06.smt2,unsat,0.15
/20220307-SMPT/Referendum-PT-1000/RC-09.smt2,sat,0.38
/20220307-SMPT/Referendum-PT-1000/RC-15.smt2,unsat,0.34
/20220307-SMPT/Referendum-PT-1000/RC-12.smt2,unsat,0.4
/20220307-SMPT/Referendum-PT-1000/RF-14.smt2,sat,0.2
/20220307-SMPT/Eratosthenes-PT-500/RC-02.smt2,unsat,0.02
/20220307-SMPT/Eratosthenes-PT-500/RF-12.smt2,sat,0.02
/20220307-SMPT/Eratosthenes-PT-500/RC-03.smt2,unsat,0.02
/20220307-SMPT/Eratosthenes-PT-500/RF-02.smt2,sat,0.15
/20220307-SMPT/Eratosthenes-PT-500/RC-11.smt2,unsat,0.02
/20220307-SMPT/Eratosthenes-PT-500/RF-03.smt2,sat,0.02
/20220307-SMPT/Eratosthenes-PT-500/RC-01.smt2,unsat,0.02
/20220307-SMPT/Eratosthenes-PT-500/RF-00.smt2,sat,0.03
/20220307-SMPT/Eratosthenes-PT-500/RC-04.smt2,failed,1200.0
/20220307-SMPT/Eratosthenes-PT-500/RF-11.smt2,sat,0.03
/20220307-SMPT/Eratosthenes-PT-500/RC-13.smt2,failed,1200.0
/20220307-SMPT/Eratosthenes-PT-500/RC-06.smt2,unsat,0.01
/20220307-SMPT/Eratosthenes-PT-500/RC-14.smt2,failed,1200.0
/20220307-SMPT/Eratosthenes-PT-500/RC-10.smt2,unsat,0.02
/20220307-SMPT/Eratosthenes-PT-500/RF-04.smt2,sat,0.11
/20220307-SMPT/Eratosthenes-PT-500/RF-01.smt2,sat,0.02
/20220307-SMPT/Eratosthenes-PT-500/RF-13.smt2,failed,1200.0
/20220307-SMPT/Eratosthenes-PT-500/RC-05.smt2,unsat,0.02
/20220307-SMPT/Eratosthenes-PT-500/RC-00.smt2,unsat,0.01
/20220307-SMPT/Eratosthenes-PT-500/RF-05.smt2,sat,0.02
/20220307-SMPT/Eratosthenes-PT-500/RF-07.smt2,sat,0.02
/20220307-SMPT/Eratosthenes-PT-500/RF-10.smt2,sat,0.02
/20220307-SMPT/Eratosthenes-PT-500/RF-08.smt2,sat,0.02
/20220307-SMPT/Eratosthenes-PT-500/RC-08.smt2,unsat,0.03
/20220307-SMPT/Eratosthenes-PT-500/RF-15.smt2,failed,1200.0
/20220307-SMPT/Eratosthenes-PT-500/RF-09.smt2,sat,0.15
/20220307-SMPT/Eratosthenes-PT-500/RC-07.smt2,unsat,0.13
/20220307-SMPT/Eratosthenes-PT-500/RF-06.smt2,failed,1200.0
/20220307-SMPT/Eratosthenes-PT-500/RC-09.smt2,unsat,0.02
/20220307-SMPT/Eratosthenes-PT-500/RC-15.smt2,unsat,0.02
/20220307-SMPT/Eratosthenes-PT-500/RC-12.smt2,sat,0.03
/20220307-SMPT/Eratosthenes-PT-500/RF-14.smt2,sat,0.02
/20220307-SMPT/Referendum-PT-015/RC-02.smt2,unsat,0.01
/20220307-SMPT/Referendum-PT-015/RF-12.smt2,unsat,0.01
/20220307-SMPT/Referendum-PT-015/RC-03.smt2,sat,0.01
/20220307-SMPT/Referendum-PT-015/RF-02.smt2,unsat,0.02
/20220307-SMPT/Referendum-PT-015/RC-11.smt2,unsat,0.01
/20220307-SMPT/Referendum-PT-015/RF-03.smt2,sat,0.01
/20220307-SMPT/Referendum-PT-015/RC-01.smt2,unsat,0.01
/20220307-SMPT/Referendum-PT-015/RF-00.smt2,unsat,0.01
/20220307-SMPT/Referendum-PT-015/RC-04.smt2,unsat,0.01
/20220307-SMPT/Referendum-PT-015/RF-11.smt2,unsat,0.01
/20220307-SMPT/Referendum-PT-015/RC-13.smt2,unsat,0.01
/20220307-SMPT/Referendum-PT-015/RC-06.smt2,unsat,0.01
/20220307-SMPT/Referendum-PT-015/RC-14.smt2,unsat,0.01
/20220307-SMPT/Referendum-PT-015/RC-10.smt2,unsat,0.01
/20220307-SMPT/Referendum-PT-015/RF-04.smt2,unsat,0.01
/20220307-SMPT/Referendum-PT-015/RF-01.smt2,unsat,0.01
/20220307-SMPT/Referendum-PT-015/RF-13.smt2,unsat,0.01
/20220307-SMPT/Referendum-PT-015/RC-05.smt2,unsat,0.01
/20220307-SMPT/Referendum-PT-015/RC-00.smt2,unsat,0.01
/20220307-SMPT/Referendum-PT-015/RF-05.smt2,sat,0.01
/20220307-SMPT/Referendum-PT-015/RF-07.smt2,unsat,0.01
/20220307-SMPT/Referendum-PT-015/RF-10.smt2,unsat,0.01
/20220307-SMPT/Referendum-PT-015/RF-08.smt2,unsat,0.01
/20220307-SMPT/Referendum-PT-015/RC-08.smt2,unsat,0.01
/20220307-SMPT/Referendum-PT-015/RF-15.smt2,sat,0.01
/20220307-SMPT/Referendum-PT-015/RF-09.smt2,unsat,0.01
/20220307-SMPT/Referendum-PT-015/RC-07.smt2,sat,0.01
/20220307-SMPT/Referendum-PT-015/RF-06.smt2,sat,0.01
/20220307-SMPT/Referendum-PT-015/RC-09.smt2,unsat,0.01
/20220307-SMPT/Referendum-PT-015/RC-15.smt2,unsat,0.01
/20220307-SMPT/Referendum-PT-015/RC-12.smt2,unsat,0.01
/20220307-SMPT/Referendum-PT-015/RF-14.smt2,unsat,0.01
/20220307-SMPT/IOTPpurchase-PT-C12M10P15D17/RC-02.smt2,sat,0.02
/20220307-SMPT/IOTPpurchase-PT-C12M10P15D17/RF-12.smt2,sat,0.01
/20220307-SMPT/IOTPpurchase-PT-C12M10P15D17/RC-03.smt2,sat,0.02
/20220307-SMPT/IOTPpurchase-PT-C12M10P15D17/RF-02.smt2,sat,0.02
/20220307-SMPT/IOTPpurchase-PT-C12M10P15D17/RC-11.smt2,unsat,0.01
/20220307-SMPT/IOTPpurchase-PT-C12M10P15D17/RF-03.smt2,failed,1200.0
/20220307-SMPT/IOTPpurchase-PT-C12M10P15D17/RC-01.smt2,unsat,0.02
/20220307-SMPT/IOTPpurchase-PT-C12M10P15D17/RF-00.smt2,sat,0.02
/20220307-SMPT/IOTPpurchase-PT-C12M10P15D17/RC-04.smt2,sat,0.01
/20220307-SMPT/IOTPpurchase-PT-C12M10P15D17/RF-11.smt2,sat,0.03
/20220307-SMPT/IOTPpurchase-PT-C12M10P15D17/RC-13.smt2,sat,0.01
/20220307-SMPT/IOTPpurchase-PT-C12M10P15D17/RC-06.smt2,sat,0.02
/20220307-SMPT/IOTPpurchase-PT-C12M10P15D17/RC-14.smt2,sat,0.02
/20220307-SMPT/IOTPpurchase-PT-C12M10P15D17/RC-10.smt2,sat,0.01
/20220307-SMPT/IOTPpurchase-PT-C12M10P15D17/RF-04.smt2,sat,0.02
/20220307-SMPT/IOTPpurchase-PT-C12M10P15D17/RF-01.smt2,sat,0.02
/20220307-SMPT/IOTPpurchase-PT-C12M10P15D17/RF-13.smt2,sat,0.02
/20220307-SMPT/IOTPpurchase-PT-C12M10P15D17/RC-05.smt2,sat,0.02
/20220307-SMPT/IOTPpurchase-PT-C12M10P15D17/RC-00.smt2,sat,0.01
/20220307-SMPT/IOTPpurchase-PT-C12M10P15D17/RF-05.smt2,sat,0.02
/20220307-SMPT/IOTPpurchase-PT-C12M10P15D17/RF-07.smt2,unsat,0.01
/20220307-SMPT/IOTPpurchase-PT-C12M10P15D17/RF-10.smt2,sat,0.02
/20220307-SMPT/IOTPpurchase-PT-C12M10P15D17/RF-08.smt2,sat,0.01
/20220307-SMPT/IOTPpurchase-PT-C12M10P15D17/RC-08.smt2,sat,0.01
/20220307-SMPT/IOTPpurchase-PT-C12M10P15D17/RF-15.smt2,sat,0.01
/20220307-SMPT/IOTPpurchase-PT-C12M10P15D17/RF-09.smt2,sat,0.01
/20220307-SMPT/IOTPpurchase-PT-C12M10P15D17/RC-07.smt2,sat,0.01
/20220307-SMPT/IOTPpurchase-PT-C12M10P15D17/RF-06.smt2,sat,0.02
/20220307-SMPT/IOTPpurchase-PT-C12M10P15D17/RC-09.smt2,sat,0.01
/20220307-SMPT/IOTPpurchase-PT-C12M10P15D17/RC-15.smt2,failed,1200.0
/20220307-SMPT/IOTPpurchase-PT-C12M10P15D17/RC-12.smt2,sat,0.01
/20220307-SMPT/IOTPpurchase-PT-C12M10P15D17/RF-14.smt2,sat,0.02
/20220307-SMPT/IOTPpurchase-PT-C03M03P03D03/RC-02.smt2,unsat,0.01
/20220307-SMPT/IOTPpurchase-PT-C03M03P03D03/RF-12.smt2,sat,0.01
/20220307-SMPT/IOTPpurchase-PT-C03M03P03D03/RC-03.smt2,sat,0.01
/20220307-SMPT/IOTPpurchase-PT-C03M03P03D03/RF-02.smt2,sat,0.01
/20220307-SMPT/IOTPpurchase-PT-C03M03P03D03/RC-11.smt2,unsat,0.01
/20220307-SMPT/IOTPpurchase-PT-C03M03P03D03/RF-03.smt2,sat,0.01
/20220307-SMPT/IOTPpurchase-PT-C03M03P03D03/RC-01.smt2,unsat,0.01
/20220307-SMPT/IOTPpurchase-PT-C03M03P03D03/RF-00.smt2,sat,0.01
/20220307-SMPT/IOTPpurchase-PT-C03M03P03D03/RC-04.smt2,sat,0.01
/20220307-SMPT/IOTPpurchase-PT-C03M03P03D03/RF-11.smt2,sat,0.02
/20220307-SMPT/IOTPpurchase-PT-C03M03P03D03/RC-13.smt2,sat,0.01
/20220307-SMPT/IOTPpurchase-PT-C03M03P03D03/RC-06.smt2,sat,0.01
/20220307-SMPT/IOTPpurchase-PT-C03M03P03D03/RC-14.smt2,unsat,0.04
/20220307-SMPT/IOTPpurchase-PT-C03M03P03D03/RC-10.smt2,unsat,0.01
/20220307-SMPT/IOTPpurchase-PT-C03M03P03D03/RF-04.smt2,sat,0.01
/20220307-SMPT/IOTPpurchase-PT-C03M03P03D03/RF-01.smt2,sat,0.01
/20220307-SMPT/IOTPpurchase-PT-C03M03P03D03/RF-13.smt2,sat,0.01
/20220307-SMPT/IOTPpurchase-PT-C03M03P03D03/RC-05.smt2,sat,0.01
/20220307-SMPT/IOTPpurchase-PT-C03M03P03D03/RC-00.smt2,sat,0.01
/20220307-SMPT/IOTPpurchase-PT-C03M03P03D03/RF-05.smt2,sat,0.01
/20220307-SMPT/IOTPpurchase-PT-C03M03P03D03/RF-07.smt2,sat,0.01
/20220307-SMPT/IOTPpurchase-PT-C03M03P03D03/RF-10.smt2,sat,0.01
/20220307-SMPT/IOTPpurchase-PT-C03M03P03D03/RF-08.smt2,sat,0.01
/20220307-SMPT/IOTPpurchase-PT-C03M03P03D03/RC-08.smt2,sat,0.01
/20220307-SMPT/IOTPpurchase-PT-C03M03P03D03/RF-15.smt2,sat,0.02
/20220307-SMPT/IOTPpurchase-PT-C03M03P03D03/RF-09.smt2,sat,0.01
/20220307-SMPT/IOTPpurchase-PT-C03M03P03D03/RC-07.smt2,unsat,0.01
/20220307-SMPT/IOTPpurchase-PT-C03M03P03D03/RF-06.smt2,unsat,0.01
/20220307-SMPT/IOTPpurchase-PT-C03M03P03D03/RC-09.smt2,unsat,0.01
/20220307-SMPT/IOTPpurchase-PT-C03M03P03D03/RC-15.smt2,sat,0.01
/20220307-SMPT/IOTPpurchase-PT-C03M03P03D03/RC-12.smt2,sat,0.01
/20220307-SMPT/IOTPpurchase-PT-C03M03P03D03/RF-14.smt2,sat,0.01
/20220307-SMPT/SharedMemory-PT-000020/RC-02.smt2,unsat,0.26
/20220307-SMPT/SharedMemory-PT-000020/RF-12.smt2,unsat,0.22
/20220307-SMPT/SharedMemory-PT-000020/RC-03.smt2,sat,0.17
/20220307-SMPT/SharedMemory-PT-000020/RF-02.smt2,unsat,0.21
/20220307-SMPT/SharedMemory-PT-000020/RC-11.smt2,unsat,0.24
/20220307-SMPT/SharedMemory-PT-000020/RF-03.smt2,sat,0.18
/20220307-SMPT/SharedMemory-PT-000020/RC-01.smt2,sat,0.23
/20220307-SMPT/SharedMemory-PT-000020/RF-00.smt2,unsat,0.15
/20220307-SMPT/SharedMemory-PT-000020/RC-04.smt2,unsat,0.48
/20220307-SMPT/SharedMemory-PT-000020/RF-11.smt2,unsat,0.3
/20220307-SMPT/SharedMemory-PT-000020/RC-13.smt2,unsat,0.18
/20220307-SMPT/SharedMemory-PT-000020/RC-06.smt2,unsat,0.17
/20220307-SMPT/SharedMemory-PT-000020/RC-14.smt2,unsat,0.19
/20220307-SMPT/SharedMemory-PT-000020/RC-10.smt2,unsat,0.17
/20220307-SMPT/SharedMemory-PT-000020/RF-04.smt2,sat,0.25
/20220307-SMPT/SharedMemory-PT-000020/RF-01.smt2,sat,0.43
/20220307-SMPT/SharedMemory-PT-000020/RF-13.smt2,unsat,0.14
/20220307-SMPT/SharedMemory-PT-000020/RC-05.smt2,unsat,0.17
/20220307-SMPT/SharedMemory-PT-000020/RC-00.smt2,sat,0.14
/20220307-SMPT/SharedMemory-PT-000020/RF-05.smt2,unsat,0.17
/20220307-SMPT/SharedMemory-PT-000020/RF-07.smt2,sat,0.29
/20220307-SMPT/SharedMemory-PT-000020/RF-10.smt2,unsat,0.16
/20220307-SMPT/SharedMemory-PT-000020/RF-08.smt2,unsat,0.2
/20220307-SMPT/SharedMemory-PT-000020/RC-08.smt2,unsat,0.25
/20220307-SMPT/SharedMemory-PT-000020/RF-15.smt2,unsat,0.24
/20220307-SMPT/SharedMemory-PT-000020/RF-09.smt2,unsat,0.26
/20220307-SMPT/SharedMemory-PT-000020/RC-07.smt2,unsat,0.18
/20220307-SMPT/SharedMemory-PT-000020/RF-06.smt2,sat,0.21
/20220307-SMPT/SharedMemory-PT-000020/RC-09.smt2,unsat,0.21
/20220307-SMPT/SharedMemory-PT-000020/RC-15.smt2,unsat,0.24
/20220307-SMPT/SharedMemory-PT-000020/RC-12.smt2,unsat,0.18
/20220307-SMPT/SharedMemory-PT-000020/RF-14.smt2,unsat,0.2
/20220307-SMPT/SharedMemory-PT-000005/RC-02.smt2,sat,0.01
/20220307-SMPT/SharedMemory-PT-000005/RF-12.smt2,sat,0.02
/20220307-SMPT/SharedMemory-PT-000005/RC-03.smt2,sat,0.01
/20220307-SMPT/SharedMemory-PT-000005/RF-02.smt2,sat,0.02
/20220307-SMPT/SharedMemory-PT-000005/RC-11.smt2,sat,0.01
/20220307-SMPT/SharedMemory-PT-000005/RF-03.smt2,unsat,0.01
/20220307-SMPT/SharedMemory-PT-000005/RC-01.smt2,unsat,0.02
/20220307-SMPT/SharedMemory-PT-000005/RF-00.smt2,sat,0.01
/20220307-SMPT/SharedMemory-PT-000005/RC-04.smt2,sat,0.01
/20220307-SMPT/SharedMemory-PT-000005/RF-11.smt2,sat,0.01
/20220307-SMPT/SharedMemory-PT-000005/RC-13.smt2,sat,0.01
/20220307-SMPT/SharedMemory-PT-000005/RC-06.smt2,sat,0.01
/20220307-SMPT/SharedMemory-PT-000005/RC-14.smt2,sat,0.01
/20220307-SMPT/SharedMemory-PT-000005/RC-10.smt2,sat,0.01
/20220307-SMPT/SharedMemory-PT-000005/RF-04.smt2,sat,0.01
/20220307-SMPT/SharedMemory-PT-000005/RF-01.smt2,sat,0.01
/20220307-SMPT/SharedMemory-PT-000005/RF-13.smt2,sat,0.01
/20220307-SMPT/SharedMemory-PT-000005/RC-05.smt2,sat,0.01
/20220307-SMPT/SharedMemory-PT-000005/RC-00.smt2,sat,0.02
/20220307-SMPT/SharedMemory-PT-000005/RF-05.smt2,sat,0.01
/20220307-SMPT/SharedMemory-PT-000005/RF-07.smt2,sat,0.01
/20220307-SMPT/SharedMemory-PT-000005/RF-10.smt2,sat,0.01
/20220307-SMPT/SharedMemory-PT-000005/RF-08.smt2,sat,0.01
/20220307-SMPT/SharedMemory-PT-000005/RC-08.smt2,unsat,0.01
/20220307-SMPT/SharedMemory-PT-000005/RF-15.smt2,sat,0.01
/20220307-SMPT/SharedMemory-PT-000005/RF-09.smt2,sat,0.01
/20220307-SMPT/SharedMemory-PT-000005/RC-07.smt2,sat,0.01
/20220307-SMPT/SharedMemory-PT-000005/RF-06.smt2,sat,0.01
/20220307-SMPT/SharedMemory-PT-000005/RC-09.smt2,sat,0.01
/20220307-SMPT/SharedMemory-PT-000005/RC-15.smt2,unsat,0.01
/20220307-SMPT/SharedMemory-PT-000005/RC-12.smt2,unsat,0.01
/20220307-SMPT/SharedMemory-PT-000005/RF-14.smt2,sat,0.01
/20220307-SMPT/CircularTrains-PT-024/RC-02.smt2,unsat,0.01
/20220307-SMPT/CircularTrains-PT-024/RF-12.smt2,unsat,0.01
/20220307-SMPT/CircularTrains-PT-024/RC-03.smt2,unsat,0.01
/20220307-SMPT/CircularTrains-PT-024/RF-02.smt2,unsat,0.01
/20220307-SMPT/CircularTrains-PT-024/RC-11.smt2,unsat,0.01
/20220307-SMPT/CircularTrains-PT-024/RF-03.smt2,unsat,0.01
/20220307-SMPT/CircularTrains-PT-024/RC-01.smt2,unsat,0.01
/20220307-SMPT/CircularTrains-PT-024/RF-00.smt2,unsat,0.01
/20220307-SMPT/CircularTrains-PT-024/RC-04.smt2,unsat,0.01
/20220307-SMPT/CircularTrains-PT-024/RF-11.smt2,unsat,0.01
/20220307-SMPT/CircularTrains-PT-024/RC-13.smt2,unsat,0.01
/20220307-SMPT/CircularTrains-PT-024/RC-06.smt2,unsat,0.01
/20220307-SMPT/CircularTrains-PT-024/RC-14.smt2,unsat,0.01
/20220307-SMPT/CircularTrains-PT-024/RC-10.smt2,unsat,0.01
/20220307-SMPT/CircularTrains-PT-024/RF-04.smt2,unsat,0.01
/20220307-SMPT/CircularTrains-PT-024/RF-01.smt2,unsat,0.02
/20220307-SMPT/CircularTrains-PT-024/RF-13.smt2,unsat,0.01
/20220307-SMPT/CircularTrains-PT-024/RC-05.smt2,unsat,0.01
/20220307-SMPT/CircularTrains-PT-024/RC-00.smt2,unsat,0.01
/20220307-SMPT/CircularTrains-PT-024/RF-05.smt2,unsat,0.01
/20220307-SMPT/CircularTrains-PT-024/RF-07.smt2,sat,0.01
/20220307-SMPT/CircularTrains-PT-024/RF-10.smt2,unsat,0.01
/20220307-SMPT/CircularTrains-PT-024/RF-08.smt2,unsat,0.01
/20220307-SMPT/CircularTrains-PT-024/RC-08.smt2,unsat,0.01
/20220307-SMPT/CircularTrains-PT-024/RF-15.smt2,unsat,0.01
/20220307-SMPT/CircularTrains-PT-024/RF-09.smt2,unsat,0.01
/20220307-SMPT/CircularTrains-PT-024/RC-07.smt2,unsat,0.01
/20220307-SMPT/CircularTrains-PT-024/RF-06.smt2,sat,0.01
/20220307-SMPT/CircularTrains-PT-024/RC-09.smt2,sat,0.01
/20220307-SMPT/CircularTrains-PT-024/RC-15.smt2,unsat,0.01
/20220307-SMPT/CircularTrains-PT-024/RC-12.smt2,unsat,0.01
/20220307-SMPT/CircularTrains-PT-024/RF-14.smt2,unsat,0.01
/20220307-SMPT/Diffusion2D-PT-D20N100/RC-02.smt2,sat,0.04
/20220307-SMPT/Diffusion2D-PT-D20N100/RF-12.smt2,sat,0.05
/20220307-SMPT/Diffusion2D-PT-D20N100/RC-03.smt2,sat,0.04
/20220307-SMPT/Diffusion2D-PT-D20N100/RF-02.smt2,sat,0.04
/20220307-SMPT/Diffusion2D-PT-D20N100/RC-11.smt2,sat,0.05
/20220307-SMPT/Diffusion2D-PT-D20N100/RF-03.smt2,sat,0.16
/20220307-SMPT/Diffusion2D-PT-D20N100/RC-01.smt2,failed,1200.0
/20220307-SMPT/Diffusion2D-PT-D20N100/RF-00.smt2,sat,0.04
/20220307-SMPT/Diffusion2D-PT-D20N100/RC-04.smt2,sat,0.05
/20220307-SMPT/Diffusion2D-PT-D20N100/RF-11.smt2,failed,1200.0
/20220307-SMPT/Diffusion2D-PT-D20N100/RC-13.smt2,sat,0.04
/20220307-SMPT/Diffusion2D-PT-D20N100/RC-06.smt2,sat,0.04
/20220307-SMPT/Diffusion2D-PT-D20N100/RC-14.smt2,sat,0.05
/20220307-SMPT/Diffusion2D-PT-D20N100/RC-10.smt2,sat,0.08
/20220307-SMPT/Diffusion2D-PT-D20N100/RF-04.smt2,sat,0.05
/20220307-SMPT/Diffusion2D-PT-D20N100/RF-01.smt2,sat,0.04
/20220307-SMPT/Diffusion2D-PT-D20N100/RF-13.smt2,sat,0.04
/20220307-SMPT/Diffusion2D-PT-D20N100/RC-05.smt2,sat,0.04
/20220307-SMPT/Diffusion2D-PT-D20N100/RC-00.smt2,sat,0.03
/20220307-SMPT/Diffusion2D-PT-D20N100/RF-05.smt2,sat,0.04
/20220307-SMPT/Diffusion2D-PT-D20N100/RF-07.smt2,sat,0.03
/20220307-SMPT/Diffusion2D-PT-D20N100/RF-10.smt2,sat,0.07
/20220307-SMPT/Diffusion2D-PT-D20N100/RF-08.smt2,sat,0.17
/20220307-SMPT/Diffusion2D-PT-D20N100/RC-08.smt2,sat,0.03
/20220307-SMPT/Diffusion2D-PT-D20N100/RF-15.smt2,sat,0.04
/20220307-SMPT/Diffusion2D-PT-D20N100/RF-09.smt2,sat,0.04
/20220307-SMPT/Diffusion2D-PT-D20N100/RC-07.smt2,sat,0.08
/20220307-SMPT/Diffusion2D-PT-D20N100/RF-06.smt2,failed,1200.0
/20220307-SMPT/Diffusion2D-PT-D20N100/RC-09.smt2,sat,0.04
/20220307-SMPT/Diffusion2D-PT-D20N100/RC-15.smt2,failed,1200.0
/20220307-SMPT/Diffusion2D-PT-D20N100/RC-12.smt2,sat,0.04
/20220307-SMPT/Diffusion2D-PT-D20N100/RF-14.smt2,sat,0.04
/20220307-SMPT/ERK-PT-010000/RC-02.smt2,sat,0.01
/20220307-SMPT/ERK-PT-010000/RF-12.smt2,sat,0.01
/20220307-SMPT/ERK-PT-010000/RC-03.smt2,sat,0.01
/20220307-SMPT/ERK-PT-010000/RF-02.smt2,unsat,0.01
/20220307-SMPT/ERK-PT-010000/RC-11.smt2,sat,0.01
/20220307-SMPT/ERK-PT-010000/RF-03.smt2,sat,0.01
/20220307-SMPT/ERK-PT-010000/RC-01.smt2,unsat,0.01
/20220307-SMPT/ERK-PT-010000/RF-00.smt2,failed,1200.0
/20220307-SMPT/ERK-PT-010000/RC-04.smt2,sat,0.01
/20220307-SMPT/ERK-PT-010000/RF-11.smt2,sat,0.01
/20220307-SMPT/ERK-PT-010000/RC-13.smt2,sat,0.0
/20220307-SMPT/ERK-PT-010000/RC-06.smt2,unsat,0.01
/20220307-SMPT/ERK-PT-010000/RC-14.smt2,sat,0.01
/20220307-SMPT/ERK-PT-010000/RC-10.smt2,sat,0.01
/20220307-SMPT/ERK-PT-010000/RF-01.smt2,sat,0.01
/20220307-SMPT/ERK-PT-010000/RC-05.smt2,unsat,0.01
/20220307-SMPT/ERK-PT-010000/RC-00.smt2,sat,0.01
/20220307-SMPT/ERK-PT-010000/RF-05.smt2,sat,0.01
/20220307-SMPT/ERK-PT-010000/RF-07.smt2,sat,0.01
/20220307-SMPT/ERK-PT-010000/RF-10.smt2,failed,1200.0
/20220307-SMPT/ERK-PT-010000/RC-08.smt2,sat,0.01
/20220307-SMPT/ERK-PT-010000/RF-09.smt2,sat,0.01
/20220307-SMPT/ERK-PT-010000/RC-07.smt2,sat,0.01
/20220307-SMPT/ERK-PT-010000/RC-09.smt2,sat,0.01
/20220307-SMPT/ERK-PT-010000/RC-15.smt2,failed,1200.0
/20220307-SMPT/ERK-PT-010000/RC-12.smt2,sat,0.01
/20220307-SMPT/ERK-PT-010000/RF-14.smt2,sat,0.01
/20220307-SMPT/Diffusion2D-PT-D40N100/RC-02.smt2,sat,0.14
/20220307-SMPT/Diffusion2D-PT-D40N100/RF-12.smt2,sat,0.18
/20220307-SMPT/Diffusion2D-PT-D40N100/RC-03.smt2,sat,0.17
/20220307-SMPT/Diffusion2D-PT-D40N100/RF-02.smt2,sat,0.11
/20220307-SMPT/Diffusion2D-PT-D40N100/RC-11.smt2,sat,0.13
/20220307-SMPT/Diffusion2D-PT-D40N100/RF-03.smt2,sat,0.14
/20220307-SMPT/Diffusion2D-PT-D40N100/RC-01.smt2,sat,0.17
/20220307-SMPT/Diffusion2D-PT-D40N100/RF-00.smt2,sat,0.17
/20220307-SMPT/Diffusion2D-PT-D40N100/RC-04.smt2,sat,0.15
/20220307-SMPT/Diffusion2D-PT-D40N100/RF-11.smt2,sat,0.16
/20220307-SMPT/Diffusion2D-PT-D40N100/RC-13.smt2,sat,0.23
/20220307-SMPT/Diffusion2D-PT-D40N100/RC-06.smt2,sat,0.17
/20220307-SMPT/Diffusion2D-PT-D40N100/RC-14.smt2,sat,0.17
/20220307-SMPT/Diffusion2D-PT-D40N100/RC-10.smt2,sat,0.1
/20220307-SMPT/Diffusion2D-PT-D40N100/RF-04.smt2,sat,0.15
/20220307-SMPT/Diffusion2D-PT-D40N100/RF-01.smt2,sat,0.14
/20220307-SMPT/Diffusion2D-PT-D40N100/RF-13.smt2,sat,0.14
/20220307-SMPT/Diffusion2D-PT-D40N100/RC-05.smt2,sat,0.21
/20220307-SMPT/Diffusion2D-PT-D40N100/RC-00.smt2,sat,0.17
/20220307-SMPT/Diffusion2D-PT-D40N100/RF-05.smt2,sat,0.17
/20220307-SMPT/Diffusion2D-PT-D40N100/RF-07.smt2,sat,0.18
/20220307-SMPT/Diffusion2D-PT-D40N100/RF-10.smt2,sat,0.19
/20220307-SMPT/Diffusion2D-PT-D40N100/RF-08.smt2,sat,0.15
/20220307-SMPT/Diffusion2D-PT-D40N100/RC-08.smt2,sat,0.15
/20220307-SMPT/Diffusion2D-PT-D40N100/RF-15.smt2,sat,0.17
/20220307-SMPT/Diffusion2D-PT-D40N100/RF-09.smt2,sat,0.18
/20220307-SMPT/Diffusion2D-PT-D40N100/RC-07.smt2,sat,0.18
/20220307-SMPT/Diffusion2D-PT-D40N100/RF-06.smt2,sat,0.09
/20220307-SMPT/Diffusion2D-PT-D40N100/RC-09.smt2,sat,0.16
/20220307-SMPT/Diffusion2D-PT-D40N100/RC-15.smt2,sat,0.16
/20220307-SMPT/Diffusion2D-PT-D40N100/RC-12.smt2,sat,0.16
/20220307-SMPT/Diffusion2D-PT-D40N100/RF-14.smt2,sat,0.16
/20220307-SMPT/Diffusion2D-PT-D50N050/RC-02.smt2,sat,0.15
/20220307-SMPT/Diffusion2D-PT-D50N050/RF-12.smt2,sat,0.24
/20220307-SMPT/Diffusion2D-PT-D50N050/RC-03.smt2,sat,0.19
/20220307-SMPT/Diffusion2D-PT-D50N050/RF-02.smt2,sat,0.21
/20220307-SMPT/Diffusion2D-PT-D50N050/RC-11.smt2,sat,0.17
/20220307-SMPT/Diffusion2D-PT-D50N050/RF-03.smt2,sat,0.26
/20220307-SMPT/Diffusion2D-PT-D50N050/RC-01.smt2,sat,0.24
/20220307-SMPT/Diffusion2D-PT-D50N050/RF-00.smt2,sat,0.22
/20220307-SMPT/Diffusion2D-PT-D50N050/RC-04.smt2,sat,0.2
/20220307-SMPT/Diffusion2D-PT-D50N050/RF-11.smt2,sat,0.23
/20220307-SMPT/Diffusion2D-PT-D50N050/RC-13.smt2,sat,0.28
/20220307-SMPT/Diffusion2D-PT-D50N050/RC-06.smt2,sat,0.21
/20220307-SMPT/Diffusion2D-PT-D50N050/RC-14.smt2,sat,0.29
/20220307-SMPT/Diffusion2D-PT-D50N050/RC-10.smt2,sat,0.31
/20220307-SMPT/Diffusion2D-PT-D50N050/RF-04.smt2,sat,0.26
/20220307-SMPT/Diffusion2D-PT-D50N050/RF-01.smt2,sat,0.25
/20220307-SMPT/Diffusion2D-PT-D50N050/RF-13.smt2,sat,0.21
/20220307-SMPT/Diffusion2D-PT-D50N050/RC-05.smt2,sat,0.21
/20220307-SMPT/Diffusion2D-PT-D50N050/RC-00.smt2,sat,0.2
/20220307-SMPT/Diffusion2D-PT-D50N050/RF-05.smt2,sat,0.22
/20220307-SMPT/Diffusion2D-PT-D50N050/RF-07.smt2,sat,0.29
/20220307-SMPT/Diffusion2D-PT-D50N050/RF-10.smt2,sat,0.23
/20220307-SMPT/Diffusion2D-PT-D50N050/RF-08.smt2,sat,0.25
/20220307-SMPT/Diffusion2D-PT-D50N050/RC-08.smt2,sat,0.32
/20220307-SMPT/Diffusion2D-PT-D50N050/RF-15.smt2,sat,0.24
/20220307-SMPT/Diffusion2D-PT-D50N050/RF-09.smt2,sat,0.18
/20220307-SMPT/Diffusion2D-PT-D50N050/RC-07.smt2,sat,0.16
/20220307-SMPT/Diffusion2D-PT-D50N050/RF-06.smt2,sat,0.15
/20220307-SMPT/Diffusion2D-PT-D50N050/RC-09.smt2,sat,0.26
/20220307-SMPT/Diffusion2D-PT-D50N050/RC-15.smt2,sat,0.23
/20220307-SMPT/Diffusion2D-PT-D50N050/RC-12.smt2,sat,0.27
/20220307-SMPT/Diffusion2D-PT-D50N050/RF-14.smt2,sat,0.23
/20220307-SMPT/Diffusion2D-PT-D50N100/RC-02.smt2,sat,0.23
/20220307-SMPT/Diffusion2D-PT-D50N100/RF-12.smt2,sat,0.22
/20220307-SMPT/Diffusion2D-PT-D50N100/RC-03.smt2,sat,0.23
/20220307-SMPT/Diffusion2D-PT-D50N100/RF-02.smt2,sat,0.24
/20220307-SMPT/Diffusion2D-PT-D50N100/RC-11.smt2,sat,0.29
/20220307-SMPT/Diffusion2D-PT-D50N100/RF-03.smt2,sat,0.21
/20220307-SMPT/Diffusion2D-PT-D50N100/RC-01.smt2,sat,0.21
/20220307-SMPT/Diffusion2D-PT-D50N100/RF-00.smt2,sat,0.25
/20220307-SMPT/Diffusion2D-PT-D50N100/RC-04.smt2,sat,0.25
/20220307-SMPT/Diffusion2D-PT-D50N100/RF-11.smt2,sat,0.31
/20220307-SMPT/Diffusion2D-PT-D50N100/RC-13.smt2,sat,0.23
/20220307-SMPT/Diffusion2D-PT-D50N100/RC-06.smt2,sat,0.28
/20220307-SMPT/Diffusion2D-PT-D50N100/RC-14.smt2,sat,0.31
/20220307-SMPT/Diffusion2D-PT-D50N100/RC-10.smt2,sat,0.29
/20220307-SMPT/Diffusion2D-PT-D50N100/RF-04.smt2,sat,0.21
/20220307-SMPT/Diffusion2D-PT-D50N100/RF-01.smt2,sat,0.34
/20220307-SMPT/Diffusion2D-PT-D50N100/RF-13.smt2,sat,0.29
/20220307-SMPT/Diffusion2D-PT-D50N100/RC-05.smt2,sat,0.33
/20220307-SMPT/Diffusion2D-PT-D50N100/RC-00.smt2,sat,0.23
/20220307-SMPT/Diffusion2D-PT-D50N100/RF-05.smt2,sat,0.23
/20220307-SMPT/Diffusion2D-PT-D50N100/RF-07.smt2,sat,0.23
/20220307-SMPT/Diffusion2D-PT-D50N100/RF-10.smt2,sat,0.3
/20220307-SMPT/Diffusion2D-PT-D50N100/RF-08.smt2,sat,0.28
/20220307-SMPT/Diffusion2D-PT-D50N100/RC-08.smt2,sat,0.26
/20220307-SMPT/Diffusion2D-PT-D50N100/RF-15.smt2,sat,0.23
/20220307-SMPT/Diffusion2D-PT-D50N100/RF-09.smt2,sat,0.23
/20220307-SMPT/Diffusion2D-PT-D50N100/RC-07.smt2,sat,0.24
/20220307-SMPT/Diffusion2D-PT-D50N100/RF-06.smt2,sat,0.31
/20220307-SMPT/Diffusion2D-PT-D50N100/RC-09.smt2,sat,0.24
/20220307-SMPT/Diffusion2D-PT-D50N100/RC-15.smt2,sat,0.24
/20220307-SMPT/Diffusion2D-PT-D50N100/RC-12.smt2,sat,0.23
/20220307-SMPT/Diffusion2D-PT-D50N100/RF-14.smt2,sat,0.26
/20220307-SMPT/MAPK-PT-00008/RC-02.smt2,sat,0.01
/20220307-SMPT/MAPK-PT-00008/RF-12.smt2,sat,0.01
/20220307-SMPT/MAPK-PT-00008/RC-03.smt2,unsat,0.01
/20220307-SMPT/MAPK-PT-00008/RF-02.smt2,sat,0.01
/20220307-SMPT/MAPK-PT-00008/RC-11.smt2,sat,0.01
/20220307-SMPT/MAPK-PT-00008/RF-03.smt2,unsat,0.01
/20220307-SMPT/MAPK-PT-00008/RC-01.smt2,sat,0.01
/20220307-SMPT/MAPK-PT-00008/RF-00.smt2,unsat,0.01
/20220307-SMPT/MAPK-PT-00008/RC-04.smt2,sat,0.01
/20220307-SMPT/MAPK-PT-00008/RF-11.smt2,sat,0.01
/20220307-SMPT/MAPK-PT-00008/RC-13.smt2,unsat,0.01
/20220307-SMPT/MAPK-PT-00008/RC-06.smt2,sat,0.01
/20220307-SMPT/MAPK-PT-00008/RC-14.smt2,unsat,0.01
/20220307-SMPT/MAPK-PT-00008/RC-10.smt2,sat,0.01
/20220307-SMPT/MAPK-PT-00008/RF-04.smt2,unsat,0.01
/20220307-SMPT/MAPK-PT-00008/RF-01.smt2,unsat,0.01
/20220307-SMPT/MAPK-PT-00008/RF-13.smt2,sat,0.01
/20220307-SMPT/MAPK-PT-00008/RC-05.smt2,sat,0.01
/20220307-SMPT/MAPK-PT-00008/RC-00.smt2,sat,0.01
/20220307-SMPT/MAPK-PT-00008/RF-05.smt2,sat,0.01
/20220307-SMPT/MAPK-PT-00008/RF-07.smt2,unsat,0.01
/20220307-SMPT/MAPK-PT-00008/RF-10.smt2,sat,0.01
/20220307-SMPT/MAPK-PT-00008/RF-08.smt2,unsat,0.01
/20220307-SMPT/MAPK-PT-00008/RC-08.smt2,sat,0.01
/20220307-SMPT/MAPK-PT-00008/RF-15.smt2,sat,0.01
/20220307-SMPT/MAPK-PT-00008/RF-09.smt2,unsat,0.01
/20220307-SMPT/MAPK-PT-00008/RC-07.smt2,unsat,0.01
/20220307-SMPT/MAPK-PT-00008/RF-06.smt2,sat,0.01
/20220307-SMPT/MAPK-PT-00008/RC-09.smt2,sat,0.01
/20220307-SMPT/MAPK-PT-00008/RC-15.smt2,unsat,0.01
/20220307-SMPT/MAPK-PT-00008/RC-12.smt2,sat,0.01
/20220307-SMPT/MAPK-PT-00008/RF-14.smt2,sat,0.01
/20220307-SMPT/RwMutex-PT-r0100w0010/RC-02.smt2,sat,0.11
/20220307-SMPT/RwMutex-PT-r0100w0010/RF-12.smt2,sat,0.1
/20220307-SMPT/RwMutex-PT-r0100w0010/RC-03.smt2,unsat,0.16
/20220307-SMPT/RwMutex-PT-r0100w0010/RF-02.smt2,unsat,0.08
/20220307-SMPT/RwMutex-PT-r0100w0010/RC-11.smt2,unsat,0.1
/20220307-SMPT/RwMutex-PT-r0100w0010/RF-03.smt2,sat,0.1
/20220307-SMPT/RwMutex-PT-r0100w0010/RC-01.smt2,sat,0.14
/20220307-SMPT/RwMutex-PT-r0100w0010/RF-00.smt2,sat,0.11
/20220307-SMPT/RwMutex-PT-r0100w0010/RC-04.smt2,sat,0.16
/20220307-SMPT/RwMutex-PT-r0100w0010/RF-11.smt2,sat,0.12
/20220307-SMPT/RwMutex-PT-r0100w0010/RC-13.smt2,sat,0.12
/20220307-SMPT/RwMutex-PT-r0100w0010/RC-06.smt2,unsat,0.11
/20220307-SMPT/RwMutex-PT-r0100w0010/RC-14.smt2,unsat,0.08
/20220307-SMPT/RwMutex-PT-r0100w0010/RC-10.smt2,unsat,0.12
/20220307-SMPT/RwMutex-PT-r0100w0010/RF-04.smt2,sat,0.09
/20220307-SMPT/RwMutex-PT-r0100w0010/RF-01.smt2,sat,0.13
/20220307-SMPT/RwMutex-PT-r0100w0010/RF-13.smt2,sat,0.1
/20220307-SMPT/RwMutex-PT-r0100w0010/RC-05.smt2,unsat,0.1
/20220307-SMPT/RwMutex-PT-r0100w0010/RC-00.smt2,sat,0.09
/20220307-SMPT/RwMutex-PT-r0100w0010/RF-05.smt2,sat,0.11
/20220307-SMPT/RwMutex-PT-r0100w0010/RF-07.smt2,sat,0.11
/20220307-SMPT/RwMutex-PT-r0100w0010/RF-10.smt2,unsat,0.11
/20220307-SMPT/RwMutex-PT-r0100w0010/RF-08.smt2,sat,0.1
/20220307-SMPT/RwMutex-PT-r0100w0010/RC-08.smt2,unsat,0.09
/20220307-SMPT/RwMutex-PT-r0100w0010/RF-15.smt2,sat,0.11
/20220307-SMPT/RwMutex-PT-r0100w0010/RF-09.smt2,unsat,0.1
/20220307-SMPT/RwMutex-PT-r0100w0010/RC-07.smt2,sat,0.11
/20220307-SMPT/RwMutex-PT-r0100w0010/RF-06.smt2,sat,0.1
/20220307-SMPT/RwMutex-PT-r0100w0010/RC-09.smt2,sat,0.17
/20220307-SMPT/RwMutex-PT-r0100w0010/RC-15.smt2,unsat,0.1
/20220307-SMPT/RwMutex-PT-r0100w0010/RC-12.smt2,unsat,0.11
/20220307-SMPT/RwMutex-PT-r0100w0010/RF-14.smt2,sat,0.11
/20220307-SMPT/SwimmingPool-PT-06/RC-02.smt2,sat,0.01
/20220307-SMPT/SwimmingPool-PT-06/RF-12.smt2,failed,1200.0
/20220307-SMPT/SwimmingPool-PT-06/RC-03.smt2,sat,0.01
/20220307-SMPT/SwimmingPool-PT-06/RF-02.smt2,sat,0.01
/20220307-SMPT/SwimmingPool-PT-06/RC-11.smt2,sat,0.01
/20220307-SMPT/SwimmingPool-PT-06/RF-03.smt2,failed,1200.0
/20220307-SMPT/SwimmingPool-PT-06/RC-01.smt2,sat,0.01
/20220307-SMPT/SwimmingPool-PT-06/RF-00.smt2,sat,0.01
/20220307-SMPT/SwimmingPool-PT-06/RC-04.smt2,sat,0.01
/20220307-SMPT/SwimmingPool-PT-06/RF-11.smt2,sat,0.01
/20220307-SMPT/SwimmingPool-PT-06/RC-13.smt2,sat,0.01
/20220307-SMPT/SwimmingPool-PT-06/RC-06.smt2,sat,0.01
/20220307-SMPT/SwimmingPool-PT-06/RC-14.smt2,failed,1200.0
/20220307-SMPT/SwimmingPool-PT-06/RC-10.smt2,unsat,0.01
/20220307-SMPT/SwimmingPool-PT-06/RF-01.smt2,unsat,0.01
/20220307-SMPT/SwimmingPool-PT-06/RF-13.smt2,unsat,0.01
/20220307-SMPT/SwimmingPool-PT-06/RC-05.smt2,sat,0.01
/20220307-SMPT/SwimmingPool-PT-06/RC-00.smt2,sat,0.01
/20220307-SMPT/SwimmingPool-PT-06/RF-05.smt2,failed,1200.0
/20220307-SMPT/SwimmingPool-PT-06/RF-07.smt2,unsat,0.01
/20220307-SMPT/SwimmingPool-PT-06/RF-08.smt2,sat,0.01
/20220307-SMPT/SwimmingPool-PT-06/RC-08.smt2,sat,0.01
/20220307-SMPT/SwimmingPool-PT-06/RF-09.smt2,sat,0.01
/20220307-SMPT/SwimmingPool-PT-06/RC-07.smt2,sat,0.01
/20220307-SMPT/SwimmingPool-PT-06/RC-09.smt2,sat,0.02
/20220307-SMPT/SwimmingPool-PT-06/RC-15.smt2,unsat,0.01
/20220307-SMPT/SwimmingPool-PT-06/RC-12.smt2,sat,0.01
/20220307-SMPT/SwimmingPool-PT-06/RF-14.smt2,unsat,0.01
/20220307-SMPT/NeighborGrid-PT-d5n4m1t35/RC-02.smt2,sat,0.08
/20220307-SMPT/NeighborGrid-PT-d5n4m1t35/RF-12.smt2,sat,0.1
/20220307-SMPT/NeighborGrid-PT-d5n4m1t35/RC-03.smt2,sat,0.15
/20220307-SMPT/NeighborGrid-PT-d5n4m1t35/RF-02.smt2,sat,0.09
/20220307-SMPT/NeighborGrid-PT-d5n4m1t35/RC-11.smt2,sat,0.1
/20220307-SMPT/NeighborGrid-PT-d5n4m1t35/RF-03.smt2,sat,0.15
/20220307-SMPT/NeighborGrid-PT-d5n4m1t35/RC-01.smt2,sat,0.11
/20220307-SMPT/NeighborGrid-PT-d5n4m1t35/RF-00.smt2,sat,0.11
/20220307-SMPT/NeighborGrid-PT-d5n4m1t35/RC-04.smt2,sat,0.11
/20220307-SMPT/NeighborGrid-PT-d5n4m1t35/RF-11.smt2,sat,0.11
/20220307-SMPT/NeighborGrid-PT-d5n4m1t35/RC-13.smt2,sat,0.12
/20220307-SMPT/NeighborGrid-PT-d5n4m1t35/RC-06.smt2,sat,0.11
/20220307-SMPT/NeighborGrid-PT-d5n4m1t35/RC-14.smt2,sat,0.1
/20220307-SMPT/NeighborGrid-PT-d5n4m1t35/RC-10.smt2,sat,0.11
/20220307-SMPT/NeighborGrid-PT-d5n4m1t35/RF-04.smt2,sat,0.1
/20220307-SMPT/NeighborGrid-PT-d5n4m1t35/RF-01.smt2,sat,0.12
/20220307-SMPT/NeighborGrid-PT-d5n4m1t35/RF-13.smt2,sat,0.13
/20220307-SMPT/NeighborGrid-PT-d5n4m1t35/RC-05.smt2,sat,0.11
/20220307-SMPT/NeighborGrid-PT-d5n4m1t35/RC-00.smt2,sat,0.12
/20220307-SMPT/NeighborGrid-PT-d5n4m1t35/RF-05.smt2,sat,0.1
/20220307-SMPT/NeighborGrid-PT-d5n4m1t35/RF-07.smt2,sat,0.1
/20220307-SMPT/NeighborGrid-PT-d5n4m1t35/RF-10.smt2,sat,0.09
/20220307-SMPT/NeighborGrid-PT-d5n4m1t35/RF-08.smt2,sat,0.11
/20220307-SMPT/NeighborGrid-PT-d5n4m1t35/RC-08.smt2,sat,0.1
/20220307-SMPT/NeighborGrid-PT-d5n4m1t35/RF-15.smt2,sat,0.09
/20220307-SMPT/NeighborGrid-PT-d5n4m1t35/RF-09.smt2,sat,0.1
/20220307-SMPT/NeighborGrid-PT-d5n4m1t35/RC-07.smt2,sat,0.1
/20220307-SMPT/NeighborGrid-PT-d5n4m1t35/RF-06.smt2,sat,0.1
/20220307-SMPT/NeighborGrid-PT-d5n4m1t35/RC-09.smt2,sat,0.12
/20220307-SMPT/NeighborGrid-PT-d5n4m1t35/RC-15.smt2,sat,0.1
/20220307-SMPT/NeighborGrid-PT-d5n4m1t35/RC-12.smt2,sat,0.12
/20220307-SMPT/NeighborGrid-PT-d5n4m1t35/RF-14.smt2,sat,0.1
/20220307-SMPT/BART-PT-005/RC-02.smt2,sat,0.06
/20220307-SMPT/BART-PT-005/RF-12.smt2,sat,0.06
/20220307-SMPT/BART-PT-005/RC-03.smt2,unsat,0.03
/20220307-SMPT/BART-PT-005/RF-02.smt2,unsat,0.07
/20220307-SMPT/BART-PT-005/RC-11.smt2,unsat,0.08
/20220307-SMPT/BART-PT-005/RF-03.smt2,sat,0.03
/20220307-SMPT/BART-PT-005/RC-01.smt2,unsat,0.06
/20220307-SMPT/BART-PT-005/RF-00.smt2,sat,0.07
/20220307-SMPT/BART-PT-005/RC-04.smt2,unsat,0.05
/20220307-SMPT/BART-PT-005/RF-11.smt2,sat,0.07
/20220307-SMPT/BART-PT-005/RC-13.smt2,unsat,0.07
/20220307-SMPT/BART-PT-005/RC-06.smt2,sat,0.08
/20220307-SMPT/BART-PT-005/RC-14.smt2,unsat,0.07
/20220307-SMPT/BART-PT-005/RC-10.smt2,unsat,0.08
/20220307-SMPT/BART-PT-005/RF-04.smt2,unsat,0.08
/20220307-SMPT/BART-PT-005/RF-01.smt2,unsat,0.08
/20220307-SMPT/BART-PT-005/RF-13.smt2,sat,0.09
/20220307-SMPT/BART-PT-005/RC-05.smt2,sat,0.08
/20220307-SMPT/BART-PT-005/RC-00.smt2,sat,0.07
/20220307-SMPT/BART-PT-005/RF-05.smt2,sat,0.04
/20220307-SMPT/BART-PT-005/RF-07.smt2,sat,0.08
/20220307-SMPT/BART-PT-005/RF-10.smt2,sat,0.07
/20220307-SMPT/BART-PT-005/RF-08.smt2,sat,0.08
/20220307-SMPT/BART-PT-005/RC-08.smt2,unsat,0.07
/20220307-SMPT/BART-PT-005/RF-15.smt2,unsat,0.07
/20220307-SMPT/BART-PT-005/RF-09.smt2,sat,0.07
/20220307-SMPT/BART-PT-005/RC-07.smt2,sat,0.06
/20220307-SMPT/BART-PT-005/RF-06.smt2,sat,0.06
/20220307-SMPT/BART-PT-005/RC-09.smt2,unsat,0.04
/20220307-SMPT/BART-PT-005/RC-15.smt2,unsat,0.02
/20220307-SMPT/BART-PT-005/RC-12.smt2,unsat,0.07
/20220307-SMPT/BART-PT-005/RF-14.smt2,sat,0.07
/20220307-SMPT/FMS-PT-00500/RC-02.smt2,sat,0.01
/20220307-SMPT/FMS-PT-00500/RC-03.smt2,sat,0.01
/20220307-SMPT/FMS-PT-00500/RF-02.smt2,sat,0.01
/20220307-SMPT/FMS-PT-00500/RC-11.smt2,sat,0.01
/20220307-SMPT/FMS-PT-00500/RF-03.smt2,sat,0.01
/20220307-SMPT/FMS-PT-00500/RC-01.smt2,sat,0.01
/20220307-SMPT/FMS-PT-00500/RF-00.smt2,sat,0.01
/20220307-SMPT/FMS-PT-00500/RF-11.smt2,sat,0.01
/20220307-SMPT/FMS-PT-00500/RC-13.smt2,sat,0.01
/20220307-SMPT/FMS-PT-00500/RC-06.smt2,sat,0.01
/20220307-SMPT/FMS-PT-00500/RC-14.smt2,sat,0.01
/20220307-SMPT/FMS-PT-00500/RC-10.smt2,sat,0.01
/20220307-SMPT/FMS-PT-00500/RF-04.smt2,sat,0.01
/20220307-SMPT/FMS-PT-00500/RF-01.smt2,sat,0.01
/20220307-SMPT/FMS-PT-00500/RF-13.smt2,sat,0.01
/20220307-SMPT/FMS-PT-00500/RC-05.smt2,sat,0.01
/20220307-SMPT/FMS-PT-00500/RC-00.smt2,sat,0.01
/20220307-SMPT/FMS-PT-00500/RF-07.smt2,sat,0.01
/20220307-SMPT/FMS-PT-00500/RF-10.smt2,sat,0.01
/20220307-SMPT/FMS-PT-00500/RF-08.smt2,sat,0.01
/20220307-SMPT/FMS-PT-00500/RC-08.smt2,unsat,0.01
/20220307-SMPT/FMS-PT-00500/RF-09.smt2,sat,0.01
/20220307-SMPT/FMS-PT-00500/RC-07.smt2,sat,0.01
/20220307-SMPT/FMS-PT-00500/RF-06.smt2,sat,0.01
/20220307-SMPT/FMS-PT-00500/RC-09.smt2,sat,0.01
/20220307-SMPT/FMS-PT-00500/RC-15.smt2,sat,0.01
/20220307-SMPT/FMS-PT-00500/RC-12.smt2,unsat,0.01
/20220307-SMPT/FMS-PT-00500/RF-14.smt2,unsat,0.01
/20220307-SMPT/SwimmingPool-PT-09/RC-02.smt2,unsat,0.01
/20220307-SMPT/SwimmingPool-PT-09/RF-12.smt2,unsat,0.01
/20220307-SMPT/SwimmingPool-PT-09/RC-03.smt2,sat,0.01
/20220307-SMPT/SwimmingPool-PT-09/RF-02.smt2,sat,0.01
/20220307-SMPT/SwimmingPool-PT-09/RC-11.smt2,sat,0.01
/20220307-SMPT/SwimmingPool-PT-09/RF-03.smt2,sat,0.01
/20220307-SMPT/SwimmingPool-PT-09/RC-01.smt2,unsat,0.01
/20220307-SMPT/SwimmingPool-PT-09/RF-00.smt2,unsat,0.01
/20220307-SMPT/SwimmingPool-PT-09/RC-04.smt2,sat,0.01
/20220307-SMPT/SwimmingPool-PT-09/RF-11.smt2,sat,0.01
/20220307-SMPT/SwimmingPool-PT-09/RC-13.smt2,sat,0.01
/20220307-SMPT/SwimmingPool-PT-09/RC-06.smt2,sat,0.01
/20220307-SMPT/SwimmingPool-PT-09/RC-14.smt2,sat,0.01
/20220307-SMPT/SwimmingPool-PT-09/RC-10.smt2,sat,0.01
/20220307-SMPT/SwimmingPool-PT-09/RF-04.smt2,sat,0.01
/20220307-SMPT/SwimmingPool-PT-09/RF-01.smt2,sat,0.01
/20220307-SMPT/SwimmingPool-PT-09/RF-13.smt2,unsat,0.01
/20220307-SMPT/SwimmingPool-PT-09/RC-05.smt2,unsat,0.01
/20220307-SMPT/SwimmingPool-PT-09/RC-00.smt2,sat,0.01
/20220307-SMPT/SwimmingPool-PT-09/RF-07.smt2,unsat,0.01
/20220307-SMPT/SwimmingPool-PT-09/RC-08.smt2,sat,0.01
/20220307-SMPT/SwimmingPool-PT-09/RF-15.smt2,unsat,0.01
/20220307-SMPT/SwimmingPool-PT-09/RF-09.smt2,unsat,0.01
/20220307-SMPT/SwimmingPool-PT-09/RC-07.smt2,sat,0.01
/20220307-SMPT/SwimmingPool-PT-09/RF-06.smt2,sat,0.01
/20220307-SMPT/SwimmingPool-PT-09/RC-09.smt2,unsat,0.01
/20220307-SMPT/SwimmingPool-PT-09/RC-15.smt2,sat,0.01
/20220307-SMPT/SwimmingPool-PT-09/RC-12.smt2,sat,0.01
/20220307-SMPT/SwimmingPool-PT-09/RF-14.smt2,sat,0.01
/20220307-SMPT/HouseConstruction-PT-00200/RC-02.smt2,sat,0.01
/20220307-SMPT/HouseConstruction-PT-00200/RF-12.smt2,sat,0.01
/20220307-SMPT/HouseConstruction-PT-00200/RC-03.smt2,sat,0.01
/20220307-SMPT/HouseConstruction-PT-00200/RF-02.smt2,sat,0.01
/20220307-SMPT/HouseConstruction-PT-00200/RC-11.smt2,sat,0.01
/20220307-SMPT/HouseConstruction-PT-00200/RF-03.smt2,failed,1200.0
/20220307-SMPT/HouseConstruction-PT-00200/RC-01.smt2,sat,0.01
/20220307-SMPT/HouseConstruction-PT-00200/RF-00.smt2,sat,0.01
/20220307-SMPT/HouseConstruction-PT-00200/RC-04.smt2,sat,0.01
/20220307-SMPT/HouseConstruction-PT-00200/RF-11.smt2,sat,0.01
/20220307-SMPT/HouseConstruction-PT-00200/RC-13.smt2,unsat,0.01
/20220307-SMPT/HouseConstruction-PT-00200/RC-06.smt2,failed,1200.0
/20220307-SMPT/HouseConstruction-PT-00200/RC-14.smt2,unsat,0.01
/20220307-SMPT/HouseConstruction-PT-00200/RC-10.smt2,sat,0.01
/20220307-SMPT/HouseConstruction-PT-00200/RF-04.smt2,sat,0.01
/20220307-SMPT/HouseConstruction-PT-00200/RF-01.smt2,sat,0.01
/20220307-SMPT/HouseConstruction-PT-00200/RF-13.smt2,sat,0.01
/20220307-SMPT/HouseConstruction-PT-00200/RC-05.smt2,unsat,0.01
/20220307-SMPT/HouseConstruction-PT-00200/RC-00.smt2,sat,0.01
/20220307-SMPT/HouseConstruction-PT-00200/RF-05.smt2,sat,0.01
/20220307-SMPT/HouseConstruction-PT-00200/RF-10.smt2,sat,0.01
/20220307-SMPT/HouseConstruction-PT-00200/RF-08.smt2,unsat,0.01
/20220307-SMPT/HouseConstruction-PT-00200/RC-08.smt2,unsat,0.01
/20220307-SMPT/HouseConstruction-PT-00200/RF-15.smt2,sat,0.01
/20220307-SMPT/HouseConstruction-PT-00200/RF-09.smt2,sat,0.01
/20220307-SMPT/HouseConstruction-PT-00200/RC-07.smt2,sat,0.01
/20220307-SMPT/HouseConstruction-PT-00200/RF-06.smt2,sat,0.01
/20220307-SMPT/HouseConstruction-PT-00200/RC-09.smt2,sat,0.01
/20220307-SMPT/HouseConstruction-PT-00200/RC-15.smt2,sat,0.01
/20220307-SMPT/HouseConstruction-PT-00200/RC-12.smt2,sat,0.01
/20220307-SMPT/HouseConstruction-PT-00200/RF-14.smt2,sat,0.01
/20220307-SMPT/Diffusion2D-PT-D40N010/RC-02.smt2,sat,0.22
/20220307-SMPT/Diffusion2D-PT-D40N010/RF-12.smt2,sat,0.18
/20220307-SMPT/Diffusion2D-PT-D40N010/RC-03.smt2,sat,0.16
/20220307-SMPT/Diffusion2D-PT-D40N010/RF-02.smt2,sat,0.15
/20220307-SMPT/Diffusion2D-PT-D40N010/RC-11.smt2,sat,0.13
/20220307-SMPT/Diffusion2D-PT-D40N010/RF-03.smt2,sat,0.25
/20220307-SMPT/Diffusion2D-PT-D40N010/RC-01.smt2,sat,0.18
/20220307-SMPT/Diffusion2D-PT-D40N010/RF-00.smt2,sat,0.08
/20220307-SMPT/Diffusion2D-PT-D40N010/RC-04.smt2,sat,0.17
/20220307-SMPT/Diffusion2D-PT-D40N010/RF-11.smt2,sat,0.27
/20220307-SMPT/Diffusion2D-PT-D40N010/RC-13.smt2,sat,0.22
/20220307-SMPT/Diffusion2D-PT-D40N010/RC-06.smt2,sat,0.15
/20220307-SMPT/Diffusion2D-PT-D40N010/RC-14.smt2,sat,0.17
/20220307-SMPT/Diffusion2D-PT-D40N010/RC-10.smt2,sat,0.2
/20220307-SMPT/Diffusion2D-PT-D40N010/RF-04.smt2,sat,0.18
/20220307-SMPT/Diffusion2D-PT-D40N010/RF-01.smt2,sat,0.18
/20220307-SMPT/Diffusion2D-PT-D40N010/RF-13.smt2,sat,0.13
/20220307-SMPT/Diffusion2D-PT-D40N010/RC-05.smt2,sat,0.12
/20220307-SMPT/Diffusion2D-PT-D40N010/RC-00.smt2,sat,0.15
/20220307-SMPT/Diffusion2D-PT-D40N010/RF-05.smt2,sat,0.19
/20220307-SMPT/Diffusion2D-PT-D40N010/RF-07.smt2,sat,0.18
/20220307-SMPT/Diffusion2D-PT-D40N010/RF-10.smt2,sat,0.16
/20220307-SMPT/Diffusion2D-PT-D40N010/RF-08.smt2,sat,0.14
/20220307-SMPT/Diffusion2D-PT-D40N010/RC-08.smt2,sat,0.15
/20220307-SMPT/Diffusion2D-PT-D40N010/RF-15.smt2,sat,0.17
/20220307-SMPT/Diffusion2D-PT-D40N010/RF-09.smt2,sat,0.19
/20220307-SMPT/Diffusion2D-PT-D40N010/RC-07.smt2,sat,0.2
/20220307-SMPT/Diffusion2D-PT-D40N010/RF-06.smt2,sat,0.2
/20220307-SMPT/Diffusion2D-PT-D40N010/RC-09.smt2,sat,0.15
/20220307-SMPT/Diffusion2D-PT-D40N010/RC-15.smt2,sat,0.18
/20220307-SMPT/Diffusion2D-PT-D40N010/RC-12.smt2,sat,0.17
/20220307-SMPT/Diffusion2D-PT-D40N010/RF-14.smt2,sat,0.28
/20220307-SMPT/SmallOperatingSystem-PT-MT1024DC0256/RC-02.smt2,sat,0.01
/20220307-SMPT/SmallOperatingSystem-PT-MT1024DC0256/RF-12.smt2,sat,0.01
/20220307-SMPT/SmallOperatingSystem-PT-MT1024DC0256/RC-03.smt2,unsat,0.01
/20220307-SMPT/SmallOperatingSystem-PT-MT1024DC0256/RF-02.smt2,sat,0.01
/20220307-SMPT/SmallOperatingSystem-PT-MT1024DC0256/RC-11.smt2,sat,0.01
/20220307-SMPT/SmallOperatingSystem-PT-MT1024DC0256/RF-03.smt2,sat,0.01
/20220307-SMPT/SmallOperatingSystem-PT-MT1024DC0256/RC-01.smt2,sat,0.01
/20220307-SMPT/SmallOperatingSystem-PT-MT1024DC0256/RF-00.smt2,sat,0.01
/20220307-SMPT/SmallOperatingSystem-PT-MT1024DC0256/RC-04.smt2,sat,0.01
/20220307-SMPT/SmallOperatingSystem-PT-MT1024DC0256/RF-11.smt2,sat,0.01
/20220307-SMPT/SmallOperatingSystem-PT-MT1024DC0256/RC-13.smt2,unsat,0.01
/20220307-SMPT/SmallOperatingSystem-PT-MT1024DC0256/RC-06.smt2,unsat,0.01
/20220307-SMPT/SmallOperatingSystem-PT-MT1024DC0256/RC-14.smt2,sat,0.01
/20220307-SMPT/SmallOperatingSystem-PT-MT1024DC0256/RC-10.smt2,sat,0.01
/20220307-SMPT/SmallOperatingSystem-PT-MT1024DC0256/RF-01.smt2,unsat,0.01
/20220307-SMPT/SmallOperatingSystem-PT-MT1024DC0256/RF-13.smt2,sat,0.01
/20220307-SMPT/SmallOperatingSystem-PT-MT1024DC0256/RC-05.smt2,unsat,0.01
/20220307-SMPT/SmallOperatingSystem-PT-MT1024DC0256/RC-00.smt2,sat,0.01
/20220307-SMPT/SmallOperatingSystem-PT-MT1024DC0256/RF-07.smt2,unsat,0.01
/20220307-SMPT/SmallOperatingSystem-PT-MT1024DC0256/RF-10.smt2,sat,0.01
/20220307-SMPT/SmallOperatingSystem-PT-MT1024DC0256/RC-08.smt2,sat,0.01
/20220307-SMPT/SmallOperatingSystem-PT-MT1024DC0256/RF-15.smt2,sat,0.01
/20220307-SMPT/SmallOperatingSystem-PT-MT1024DC0256/RF-09.smt2,unsat,0.01
/20220307-SMPT/SmallOperatingSystem-PT-MT1024DC0256/RC-07.smt2,unsat,0.01
/20220307-SMPT/SmallOperatingSystem-PT-MT1024DC0256/RF-06.smt2,unsat,0.01
/20220307-SMPT/SmallOperatingSystem-PT-MT1024DC0256/RC-09.smt2,sat,0.01
/20220307-SMPT/SmallOperatingSystem-PT-MT1024DC0256/RC-15.smt2,sat,0.01
/20220307-SMPT/SmallOperatingSystem-PT-MT1024DC0256/RC-12.smt2,unsat,0.01
/20220307-SMPT/SmallOperatingSystem-PT-MT1024DC0256/RF-14.smt2,unsat,0.01
/20220307-SMPT/Referendum-PT-0500/RC-02.smt2,unsat,0.13
/20220307-SMPT/Referendum-PT-0500/RF-12.smt2,sat,0.12
/20220307-SMPT/Referendum-PT-0500/RC-03.smt2,sat,2.01
/20220307-SMPT/Referendum-PT-0500/RF-02.smt2,unsat,0.25
/20220307-SMPT/Referendum-PT-0500/RC-11.smt2,unsat,0.12
/20220307-SMPT/Referendum-PT-0500/RF-03.smt2,sat,0.13
/20220307-SMPT/Referendum-PT-0500/RC-01.smt2,unsat,0.46
/20220307-SMPT/Referendum-PT-0500/RF-00.smt2,unsat,0.38
/20220307-SMPT/Referendum-PT-0500/RC-04.smt2,sat,1.48
/20220307-SMPT/Referendum-PT-0500/RF-11.smt2,sat,0.21
/20220307-SMPT/Referendum-PT-0500/RC-13.smt2,sat,0.14
/20220307-SMPT/Referendum-PT-0500/RC-06.smt2,unsat,0.45
/20220307-SMPT/Referendum-PT-0500/RC-14.smt2,sat,0.14
/20220307-SMPT/Referendum-PT-0500/RC-10.smt2,unsat,0.12
/20220307-SMPT/Referendum-PT-0500/RF-04.smt2,unsat,0.24
/20220307-SMPT/Referendum-PT-0500/RF-01.smt2,unsat,0.13
/20220307-SMPT/Referendum-PT-0500/RF-13.smt2,sat,0.13
/20220307-SMPT/Referendum-PT-0500/RC-05.smt2,sat,2.68
/20220307-SMPT/Referendum-PT-0500/RC-00.smt2,unsat,0.18
/20220307-SMPT/Referendum-PT-0500/RF-05.smt2,sat,0.16
/20220307-SMPT/Referendum-PT-0500/RF-07.smt2,sat,0.15
/20220307-SMPT/Referendum-PT-0500/RF-10.smt2,sat,0.18
/20220307-SMPT/Referendum-PT-0500/RF-08.smt2,sat,0.12
/20220307-SMPT/Referendum-PT-0500/RC-08.smt2,unsat,0.12
/20220307-SMPT/Referendum-PT-0500/RF-15.smt2,sat,0.13
/20220307-SMPT/Referendum-PT-0500/RF-09.smt2,sat,0.14
/20220307-SMPT/Referendum-PT-0500/RC-07.smt2,sat,1.44
/20220307-SMPT/Referendum-PT-0500/RF-06.smt2,unsat,0.11
/20220307-SMPT/Referendum-PT-0500/RC-09.smt2,unsat,0.12
/20220307-SMPT/Referendum-PT-0500/RC-15.smt2,unsat,0.12
/20220307-SMPT/Referendum-PT-0500/RC-12.smt2,unsat,0.13
/20220307-SMPT/Referendum-PT-0500/RF-14.smt2,sat,0.17
/20220307-SMPT/MAPK-PT-00020/RC-02.smt2,sat,0.01
/20220307-SMPT/MAPK-PT-00020/RF-12.smt2,sat,0.01
/20220307-SMPT/MAPK-PT-00020/RC-03.smt2,sat,0.01
/20220307-SMPT/MAPK-PT-00020/RF-02.smt2,sat,0.01
/20220307-SMPT/MAPK-PT-00020/RC-11.smt2,sat,0.01
/20220307-SMPT/MAPK-PT-00020/RF-03.smt2,sat,0.01
/20220307-SMPT/MAPK-PT-00020/RC-01.smt2,sat,0.01
/20220307-SMPT/MAPK-PT-00020/RF-00.smt2,sat,0.01
/20220307-SMPT/MAPK-PT-00020/RC-04.smt2,sat,0.01
/20220307-SMPT/MAPK-PT-00020/RF-11.smt2,sat,0.01
/20220307-SMPT/MAPK-PT-00020/RC-13.smt2,sat,0.02
/20220307-SMPT/MAPK-PT-00020/RC-06.smt2,unsat,0.01
/20220307-SMPT/MAPK-PT-00020/RC-14.smt2,sat,0.01
/20220307-SMPT/MAPK-PT-00020/RC-10.smt2,sat,0.01
/20220307-SMPT/MAPK-PT-00020/RF-04.smt2,unsat,0.01
/20220307-SMPT/MAPK-PT-00020/RF-01.smt2,sat,0.01
/20220307-SMPT/MAPK-PT-00020/RF-13.smt2,unsat,0.01
/20220307-SMPT/MAPK-PT-00020/RC-05.smt2,sat,0.01
/20220307-SMPT/MAPK-PT-00020/RC-00.smt2,sat,0.01
/20220307-SMPT/MAPK-PT-00020/RF-05.smt2,sat,0.01
/20220307-SMPT/MAPK-PT-00020/RF-07.smt2,unsat,0.01
/20220307-SMPT/MAPK-PT-00020/RF-10.smt2,sat,0.01
/20220307-SMPT/MAPK-PT-00020/RF-08.smt2,unsat,0.01
/20220307-SMPT/MAPK-PT-00020/RC-08.smt2,sat,0.01
/20220307-SMPT/MAPK-PT-00020/RF-15.smt2,sat,0.01
/20220307-SMPT/MAPK-PT-00020/RF-09.smt2,unsat,0.01
/20220307-SMPT/MAPK-PT-00020/RC-07.smt2,unsat,0.01
/20220307-SMPT/MAPK-PT-00020/RF-06.smt2,unsat,0.01
/20220307-SMPT/MAPK-PT-00020/RC-09.smt2,unsat,0.01
/20220307-SMPT/MAPK-PT-00020/RC-15.smt2,sat,0.01
/20220307-SMPT/MAPK-PT-00020/RC-12.smt2,sat,0.01
/20220307-SMPT/MAPK-PT-00020/RF-14.smt2,unsat,0.01
/20220307-SMPT/SmallOperatingSystem-PT-MT0016DC0008/RC-02.smt2,unsat,0.01
/20220307-SMPT/SmallOperatingSystem-PT-MT0016DC0008/RF-12.smt2,unsat,0.01
/20220307-SMPT/SmallOperatingSystem-PT-MT0016DC0008/RC-03.smt2,unsat,0.01
/20220307-SMPT/SmallOperatingSystem-PT-MT0016DC0008/RF-02.smt2,unsat,0.01
/20220307-SMPT/SmallOperatingSystem-PT-MT0016DC0008/RC-11.smt2,unsat,0.01
/20220307-SMPT/SmallOperatingSystem-PT-MT0016DC0008/RF-03.smt2,unsat,0.01
/20220307-SMPT/SmallOperatingSystem-PT-MT0016DC0008/RC-01.smt2,sat,0.01
/20220307-SMPT/SmallOperatingSystem-PT-MT0016DC0008/RF-00.smt2,sat,0.01
/20220307-SMPT/SmallOperatingSystem-PT-MT0016DC0008/RC-04.smt2,sat,0.01
/20220307-SMPT/SmallOperatingSystem-PT-MT0016DC0008/RF-11.smt2,unsat,0.01
/20220307-SMPT/SmallOperatingSystem-PT-MT0016DC0008/RC-13.smt2,unsat,0.01
/20220307-SMPT/SmallOperatingSystem-PT-MT0016DC0008/RC-06.smt2,sat,0.01
/20220307-SMPT/SmallOperatingSystem-PT-MT0016DC0008/RC-14.smt2,unsat,0.01
/20220307-SMPT/SmallOperatingSystem-PT-MT0016DC0008/RC-10.smt2,unsat,0.01
/20220307-SMPT/SmallOperatingSystem-PT-MT0016DC0008/RF-04.smt2,unsat,0.01
/20220307-SMPT/SmallOperatingSystem-PT-MT0016DC0008/RF-01.smt2,unsat,0.01
/20220307-SMPT/SmallOperatingSystem-PT-MT0016DC0008/RF-13.smt2,unsat,0.01
/20220307-SMPT/SmallOperatingSystem-PT-MT0016DC0008/RC-05.smt2,unsat,0.01
/20220307-SMPT/SmallOperatingSystem-PT-MT0016DC0008/RC-00.smt2,sat,0.01
/20220307-SMPT/SmallOperatingSystem-PT-MT0016DC0008/RF-05.smt2,unsat,0.01
/20220307-SMPT/SmallOperatingSystem-PT-MT0016DC0008/RF-07.smt2,unsat,0.01
/20220307-SMPT/SmallOperatingSystem-PT-MT0016DC0008/RF-10.smt2,unsat,0.01
/20220307-SMPT/SmallOperatingSystem-PT-MT0016DC0008/RF-08.smt2,unsat,0.01
/20220307-SMPT/SmallOperatingSystem-PT-MT0016DC0008/RC-08.smt2,sat,0.01
/20220307-SMPT/SmallOperatingSystem-PT-MT0016DC0008/RF-15.smt2,unsat,0.01
/20220307-SMPT/SmallOperatingSystem-PT-MT0016DC0008/RF-09.smt2,unsat,0.01
/20220307-SMPT/SmallOperatingSystem-PT-MT0016DC0008/RC-07.smt2,unsat,0.01
/20220307-SMPT/SmallOperatingSystem-PT-MT0016DC0008/RF-06.smt2,sat,0.01
/20220307-SMPT/SmallOperatingSystem-PT-MT0016DC0008/RC-09.smt2,sat,0.01
/20220307-SMPT/SmallOperatingSystem-PT-MT0016DC0008/RC-15.smt2,unsat,0.01
/20220307-SMPT/SmallOperatingSystem-PT-MT0016DC0008/RC-12.smt2,unsat,0.01
/20220307-SMPT/SmallOperatingSystem-PT-MT0016DC0008/RF-14.smt2,unsat,0.01
/20220307-SMPT/Diffusion2D-PT-D20N150/RC-02.smt2,sat,0.04
/20220307-SMPT/Diffusion2D-PT-D20N150/RF-12.smt2,sat,0.04
/20220307-SMPT/Diffusion2D-PT-D20N150/RC-03.smt2,sat,0.02
/20220307-SMPT/Diffusion2D-PT-D20N150/RF-02.smt2,sat,0.05
/20220307-SMPT/Diffusion2D-PT-D20N150/RC-11.smt2,failed,1200.0
/20220307-SMPT/Diffusion2D-PT-D20N150/RF-03.smt2,failed,1200.0
/20220307-SMPT/Diffusion2D-PT-D20N150/RC-01.smt2,sat,0.02
/20220307-SMPT/Diffusion2D-PT-D20N150/RF-00.smt2,sat,0.03
/20220307-SMPT/Diffusion2D-PT-D20N150/RC-04.smt2,sat,0.05
/20220307-SMPT/Diffusion2D-PT-D20N150/RF-11.smt2,sat,0.18
/20220307-SMPT/Diffusion2D-PT-D20N150/RC-13.smt2,sat,0.04
/20220307-SMPT/Diffusion2D-PT-D20N150/RC-06.smt2,sat,0.02
/20220307-SMPT/Diffusion2D-PT-D20N150/RC-14.smt2,sat,0.05
/20220307-SMPT/Diffusion2D-PT-D20N150/RC-10.smt2,sat,0.03
/20220307-SMPT/Diffusion2D-PT-D20N150/RF-04.smt2,sat,0.16
/20220307-SMPT/Diffusion2D-PT-D20N150/RF-01.smt2,sat,0.17
/20220307-SMPT/Diffusion2D-PT-D20N150/RF-13.smt2,sat,0.04
/20220307-SMPT/Diffusion2D-PT-D20N150/RC-05.smt2,sat,0.02
/20220307-SMPT/Diffusion2D-PT-D20N150/RC-00.smt2,sat,0.11
/20220307-SMPT/Diffusion2D-PT-D20N150/RF-05.smt2,sat,0.04
/20220307-SMPT/Diffusion2D-PT-D20N150/RF-07.smt2,sat,0.03
/20220307-SMPT/Diffusion2D-PT-D20N150/RF-10.smt2,failed,1200.0
/20220307-SMPT/Diffusion2D-PT-D20N150/RF-08.smt2,sat,0.03
/20220307-SMPT/Diffusion2D-PT-D20N150/RC-08.smt2,sat,0.02
/20220307-SMPT/Diffusion2D-PT-D20N150/RF-15.smt2,sat,0.03
/20220307-SMPT/Diffusion2D-PT-D20N150/RF-09.smt2,failed,1200.0
/20220307-SMPT/Diffusion2D-PT-D20N150/RC-07.smt2,sat,0.12
/20220307-SMPT/Diffusion2D-PT-D20N150/RF-06.smt2,sat,0.04
/20220307-SMPT/Diffusion2D-PT-D20N150/RC-09.smt2,sat,0.03
/20220307-SMPT/Diffusion2D-PT-D20N150/RC-15.smt2,sat,0.04
/20220307-SMPT/Diffusion2D-PT-D20N150/RC-12.smt2,sat,0.02
/20220307-SMPT/Diffusion2D-PT-D20N150/RF-14.smt2,sat,0.16
/20220307-SMPT/Diffusion2D-PT-D10N050/RC-02.smt2,sat,0.02
/20220307-SMPT/Diffusion2D-PT-D10N050/RF-12.smt2,sat,0.02
/20220307-SMPT/Diffusion2D-PT-D10N050/RC-03.smt2,sat,0.01
/20220307-SMPT/Diffusion2D-PT-D10N050/RF-02.smt2,sat,0.01
/20220307-SMPT/Diffusion2D-PT-D10N050/RC-11.smt2,sat,0.01
/20220307-SMPT/Diffusion2D-PT-D10N050/RF-03.smt2,sat,0.03
/20220307-SMPT/Diffusion2D-PT-D10N050/RC-01.smt2,sat,0.02
/20220307-SMPT/Diffusion2D-PT-D10N050/RF-00.smt2,sat,0.01
/20220307-SMPT/Diffusion2D-PT-D10N050/RC-04.smt2,sat,0.02
/20220307-SMPT/Diffusion2D-PT-D10N050/RF-11.smt2,sat,0.01
/20220307-SMPT/Diffusion2D-PT-D10N050/RC-13.smt2,sat,0.02
/20220307-SMPT/Diffusion2D-PT-D10N050/RC-06.smt2,sat,0.01
/20220307-SMPT/Diffusion2D-PT-D10N050/RC-14.smt2,sat,0.02
/20220307-SMPT/Diffusion2D-PT-D10N050/RC-10.smt2,unsat,0.01
/20220307-SMPT/Diffusion2D-PT-D10N050/RF-04.smt2,failed,1200.0
/20220307-SMPT/Diffusion2D-PT-D10N050/RF-01.smt2,sat,0.02
/20220307-SMPT/Diffusion2D-PT-D10N050/RF-13.smt2,sat,0.01
/20220307-SMPT/Diffusion2D-PT-D10N050/RC-05.smt2,sat,0.01
/20220307-SMPT/Diffusion2D-PT-D10N050/RC-00.smt2,sat,0.01
/20220307-SMPT/Diffusion2D-PT-D10N050/RF-05.smt2,sat,0.02
/20220307-SMPT/Diffusion2D-PT-D10N050/RF-07.smt2,sat,0.01
/20220307-SMPT/Diffusion2D-PT-D10N050/RF-10.smt2,sat,0.01
/20220307-SMPT/Diffusion2D-PT-D10N050/RF-08.smt2,failed,1200.0
/20220307-SMPT/Diffusion2D-PT-D10N050/RC-08.smt2,sat,0.01
/20220307-SMPT/Diffusion2D-PT-D10N050/RF-15.smt2,sat,0.02
/20220307-SMPT/Diffusion2D-PT-D10N050/RF-09.smt2,sat,0.02
/20220307-SMPT/Diffusion2D-PT-D10N050/RC-07.smt2,sat,0.02
/20220307-SMPT/Diffusion2D-PT-D10N050/RF-06.smt2,sat,0.02
/20220307-SMPT/Diffusion2D-PT-D10N050/RC-09.smt2,failed,1200.0
/20220307-SMPT/Diffusion2D-PT-D10N050/RC-15.smt2,sat,0.01
/20220307-SMPT/Diffusion2D-PT-D10N050/RC-12.smt2,sat,0.01
/20220307-SMPT/Diffusion2D-PT-D10N050/RF-14.smt2,sat,0.01
/20220307-SMPT/ERK-PT-000100/RC-02.smt2,sat,0.01
/20220307-SMPT/ERK-PT-000100/RF-12.smt2,sat,0.0
/20220307-SMPT/ERK-PT-000100/RC-03.smt2,sat,0.01
/20220307-SMPT/ERK-PT-000100/RF-02.smt2,unsat,0.01
/20220307-SMPT/ERK-PT-000100/RC-11.smt2,failed,1200.0
/20220307-SMPT/ERK-PT-000100/RF-03.smt2,sat,0.01
/20220307-SMPT/ERK-PT-000100/RC-01.smt2,sat,0.02
/20220307-SMPT/ERK-PT-000100/RF-00.smt2,unsat,0.01
/20220307-SMPT/ERK-PT-000100/RC-04.smt2,sat,0.01
/20220307-SMPT/ERK-PT-000100/RF-11.smt2,sat,0.02
/20220307-SMPT/ERK-PT-000100/RC-13.smt2,sat,0.01
/20220307-SMPT/ERK-PT-000100/RC-06.smt2,sat,0.02
/20220307-SMPT/ERK-PT-000100/RC-14.smt2,sat,0.02
/20220307-SMPT/ERK-PT-000100/RC-10.smt2,sat,0.01
/20220307-SMPT/ERK-PT-000100/RF-04.smt2,unsat,0.01
/20220307-SMPT/ERK-PT-000100/RF-01.smt2,unsat,0.02
/20220307-SMPT/ERK-PT-000100/RF-13.smt2,failed,1200.0
/20220307-SMPT/ERK-PT-000100/RC-05.smt2,sat,0.03
/20220307-SMPT/ERK-PT-000100/RC-00.smt2,sat,0.01
/20220307-SMPT/ERK-PT-000100/RF-05.smt2,sat,0.01
/20220307-SMPT/ERK-PT-000100/RF-07.smt2,sat,0.01
/20220307-SMPT/ERK-PT-000100/RF-10.smt2,sat,0.01
/20220307-SMPT/ERK-PT-000100/RF-08.smt2,sat,0.01
/20220307-SMPT/ERK-PT-000100/RC-08.smt2,unsat,0.01
/20220307-SMPT/ERK-PT-000100/RF-15.smt2,sat,0.01
/20220307-SMPT/ERK-PT-000100/RF-09.smt2,sat,0.01
/20220307-SMPT/ERK-PT-000100/RC-07.smt2,sat,0.01
/20220307-SMPT/ERK-PT-000100/RF-06.smt2,sat,0.01
/20220307-SMPT/ERK-PT-000100/RC-09.smt2,unsat,0.01
/20220307-SMPT/ERK-PT-000100/RC-15.smt2,sat,0.01
/20220307-SMPT/ERK-PT-000100/RC-12.smt2,sat,0.01
/20220307-SMPT/FMS-PT-01000/RC-02.smt2,sat,0.01
/20220307-SMPT/FMS-PT-01000/RF-12.smt2,sat,0.01
/20220307-SMPT/FMS-PT-01000/RC-03.smt2,sat,0.01
/20220307-SMPT/FMS-PT-01000/RF-02.smt2,sat,0.01
/20220307-SMPT/FMS-PT-01000/RC-11.smt2,sat,0.01
/20220307-SMPT/FMS-PT-01000/RF-03.smt2,sat,0.01
/20220307-SMPT/FMS-PT-01000/RC-01.smt2,unsat,0.01
/20220307-SMPT/FMS-PT-01000/RF-00.smt2,sat,0.01
/20220307-SMPT/FMS-PT-01000/RC-04.smt2,sat,0.01
/20220307-SMPT/FMS-PT-01000/RF-11.smt2,sat,0.01
/20220307-SMPT/FMS-PT-01000/RC-13.smt2,sat,0.01
/20220307-SMPT/FMS-PT-01000/RC-06.smt2,sat,0.01
/20220307-SMPT/FMS-PT-01000/RC-14.smt2,unsat,0.01
/20220307-SMPT/FMS-PT-01000/RC-10.smt2,sat,0.01
/20220307-SMPT/FMS-PT-01000/RF-04.smt2,sat,0.01
/20220307-SMPT/FMS-PT-01000/RF-01.smt2,sat,0.01
/20220307-SMPT/FMS-PT-01000/RF-13.smt2,sat,0.01
/20220307-SMPT/FMS-PT-01000/RC-05.smt2,sat,0.01
/20220307-SMPT/FMS-PT-01000/RC-00.smt2,sat,0.01
/20220307-SMPT/FMS-PT-01000/RF-05.smt2,sat,0.01
/20220307-SMPT/FMS-PT-01000/RF-07.smt2,sat,0.01
/20220307-SMPT/FMS-PT-01000/RF-10.smt2,unsat,0.01
/20220307-SMPT/FMS-PT-01000/RF-08.smt2,sat,0.01
/20220307-SMPT/FMS-PT-01000/RC-08.smt2,sat,0.01
/20220307-SMPT/FMS-PT-01000/RF-15.smt2,sat,0.01
/20220307-SMPT/FMS-PT-01000/RF-09.smt2,sat,0.01
/20220307-SMPT/FMS-PT-01000/RC-07.smt2,sat,0.01
/20220307-SMPT/FMS-PT-01000/RF-06.smt2,sat,0.01
/20220307-SMPT/FMS-PT-01000/RC-09.smt2,unsat,0.01
/20220307-SMPT/FMS-PT-01000/RC-15.smt2,unsat,0.01
/20220307-SMPT/FMS-PT-01000/RC-12.smt2,sat,0.01
/20220307-SMPT/FMS-PT-01000/RF-14.smt2,sat,0.01
/20220307-SMPT/BART-PT-002/RC-02.smt2,unsat,0.1
/20220307-SMPT/BART-PT-002/RF-12.smt2,unsat,0.03
/20220307-SMPT/BART-PT-002/RC-03.smt2,unsat,0.12
/20220307-SMPT/BART-PT-002/RF-02.smt2,sat,0.09
/20220307-SMPT/BART-PT-002/RC-11.smt2,failed,1200.0
/20220307-SMPT/BART-PT-002/RF-03.smt2,sat,0.04
/20220307-SMPT/BART-PT-002/RC-01.smt2,failed,1200.0
/20220307-SMPT/BART-PT-002/RF-00.smt2,failed,1200.0
/20220307-SMPT/BART-PT-002/RC-04.smt2,unsat,0.07
/20220307-SMPT/BART-PT-002/RF-11.smt2,unsat,0.04
/20220307-SMPT/BART-PT-002/RC-13.smt2,failed,1200.0
/20220307-SMPT/BART-PT-002/RC-06.smt2,unsat,0.12
/20220307-SMPT/BART-PT-002/RC-14.smt2,failed,1200.0
/20220307-SMPT/BART-PT-002/RC-10.smt2,unsat,0.02
/20220307-SMPT/BART-PT-002/RF-04.smt2,sat,0.13
/20220307-SMPT/BART-PT-002/RF-01.smt2,sat,0.04
/20220307-SMPT/BART-PT-002/RF-13.smt2,sat,0.06
/20220307-SMPT/BART-PT-002/RC-05.smt2,failed,1200.0
/20220307-SMPT/BART-PT-002/RC-00.smt2,unsat,0.03
/20220307-SMPT/BART-PT-002/RF-05.smt2,unsat,0.05
/20220307-SMPT/BART-PT-002/RF-07.smt2,unsat,0.02
/20220307-SMPT/BART-PT-002/RF-10.smt2,sat,0.05
/20220307-SMPT/BART-PT-002/RF-08.smt2,sat,0.05
/20220307-SMPT/BART-PT-002/RC-08.smt2,unsat,0.05
/20220307-SMPT/BART-PT-002/RF-15.smt2,sat,0.02
/20220307-SMPT/BART-PT-002/RC-07.smt2,unsat,0.12
/20220307-SMPT/BART-PT-002/RF-06.smt2,unsat,0.05
/20220307-SMPT/BART-PT-002/RC-09.smt2,unsat,0.03
/20220307-SMPT/BART-PT-002/RC-15.smt2,unsat,0.02
/20220307-SMPT/BART-PT-002/RC-12.smt2,unsat,0.15
/20220307-SMPT/BART-PT-002/RF-14.smt2,unsat,0.03
/20220307-SMPT/Kanban-PT-50000/RC-02.smt2,sat,0.01
/20220307-SMPT/Kanban-PT-50000/RF-12.smt2,sat,0.01
/20220307-SMPT/Kanban-PT-50000/RC-03.smt2,sat,0.01
/20220307-SMPT/Kanban-PT-50000/RF-02.smt2,sat,0.01
/20220307-SMPT/Kanban-PT-50000/RC-11.smt2,sat,0.01
/20220307-SMPT/Kanban-PT-50000/RF-03.smt2,sat,0.01
/20220307-SMPT/Kanban-PT-50000/RC-01.smt2,sat,0.01
/20220307-SMPT/Kanban-PT-50000/RF-00.smt2,unsat,0.01
/20220307-SMPT/Kanban-PT-50000/RC-04.smt2,unsat,0.01
/20220307-SMPT/Kanban-PT-50000/RC-13.smt2,sat,0.01
/20220307-SMPT/Kanban-PT-50000/RC-06.smt2,sat,0.01
/20220307-SMPT/Kanban-PT-50000/RC-14.smt2,sat,0.01
/20220307-SMPT/Kanban-PT-50000/RC-10.smt2,sat,0.01
/20220307-SMPT/Kanban-PT-50000/RF-04.smt2,sat,0.01
/20220307-SMPT/Kanban-PT-50000/RF-01.smt2,sat,0.01
/20220307-SMPT/Kanban-PT-50000/RF-13.smt2,sat,0.01
/20220307-SMPT/Kanban-PT-50000/RC-05.smt2,sat,0.01
/20220307-SMPT/Kanban-PT-50000/RC-00.smt2,sat,0.01
/20220307-SMPT/Kanban-PT-50000/RF-05.smt2,unsat,0.01
/20220307-SMPT/Kanban-PT-50000/RF-07.smt2,unsat,0.01
/20220307-SMPT/Kanban-PT-50000/RF-10.smt2,failed,1200.0
/20220307-SMPT/Kanban-PT-50000/RF-08.smt2,sat,0.01
/20220307-SMPT/Kanban-PT-50000/RC-08.smt2,sat,0.01
/20220307-SMPT/Kanban-PT-50000/RF-15.smt2,unsat,0.01
/20220307-SMPT/Kanban-PT-50000/RF-09.smt2,sat,0.01
/20220307-SMPT/Kanban-PT-50000/RC-07.smt2,sat,0.01
/20220307-SMPT/Kanban-PT-50000/RF-06.smt2,sat,0.01
/20220307-SMPT/Kanban-PT-50000/RC-09.smt2,sat,0.01
/20220307-SMPT/Kanban-PT-50000/RC-15.smt2,unsat,0.01
/20220307-SMPT/Kanban-PT-50000/RC-12.smt2,sat,0.01
/20220307-SMPT/Kanban-PT-50000/RF-14.smt2,sat,0.01
/20220307-SMPT/NeighborGrid-PT-d4n3m2c23/RC-02.smt2,sat,0.02
/20220307-SMPT/NeighborGrid-PT-d4n3m2c23/RF-12.smt2,sat,0.01
/20220307-SMPT/NeighborGrid-PT-d4n3m2c23/RC-03.smt2,sat,0.01
/20220307-SMPT/NeighborGrid-PT-d4n3m2c23/RF-02.smt2,sat,0.01
/20220307-SMPT/NeighborGrid-PT-d4n3m2c23/RC-11.smt2,sat,0.01
/20220307-SMPT/NeighborGrid-PT-d4n3m2c23/RF-03.smt2,sat,0.01
/20220307-SMPT/NeighborGrid-PT-d4n3m2c23/RC-01.smt2,sat,0.01
/20220307-SMPT/NeighborGrid-PT-d4n3m2c23/RF-00.smt2,sat,0.01
/20220307-SMPT/NeighborGrid-PT-d4n3m2c23/RC-04.smt2,sat,0.01
/20220307-SMPT/NeighborGrid-PT-d4n3m2c23/RF-11.smt2,sat,0.01
/20220307-SMPT/NeighborGrid-PT-d4n3m2c23/RC-13.smt2,sat,0.01
/20220307-SMPT/NeighborGrid-PT-d4n3m2c23/RC-06.smt2,sat,0.01
/20220307-SMPT/NeighborGrid-PT-d4n3m2c23/RC-14.smt2,sat,0.01
/20220307-SMPT/NeighborGrid-PT-d4n3m2c23/RC-10.smt2,sat,0.01
/20220307-SMPT/NeighborGrid-PT-d4n3m2c23/RF-04.smt2,sat,0.01
/20220307-SMPT/NeighborGrid-PT-d4n3m2c23/RF-01.smt2,sat,0.01
/20220307-SMPT/NeighborGrid-PT-d4n3m2c23/RF-13.smt2,sat,0.01
/20220307-SMPT/NeighborGrid-PT-d4n3m2c23/RC-05.smt2,sat,0.01
/20220307-SMPT/NeighborGrid-PT-d4n3m2c23/RC-00.smt2,sat,0.01
/20220307-SMPT/NeighborGrid-PT-d4n3m2c23/RF-05.smt2,sat,0.01
/20220307-SMPT/NeighborGrid-PT-d4n3m2c23/RF-07.smt2,sat,0.01
/20220307-SMPT/NeighborGrid-PT-d4n3m2c23/RF-10.smt2,sat,0.01
/20220307-SMPT/NeighborGrid-PT-d4n3m2c23/RF-08.smt2,sat,0.01
/20220307-SMPT/NeighborGrid-PT-d4n3m2c23/RC-08.smt2,sat,0.01
/20220307-SMPT/NeighborGrid-PT-d4n3m2c23/RF-15.smt2,sat,0.01
/20220307-SMPT/NeighborGrid-PT-d4n3m2c23/RF-09.smt2,sat,0.01
/20220307-SMPT/NeighborGrid-PT-d4n3m2c23/RC-07.smt2,sat,0.01
/20220307-SMPT/NeighborGrid-PT-d4n3m2c23/RF-06.smt2,sat,0.02
/20220307-SMPT/NeighborGrid-PT-d4n3m2c23/RC-09.smt2,sat,0.01
/20220307-SMPT/NeighborGrid-PT-d4n3m2c23/RC-15.smt2,sat,0.01
/20220307-SMPT/NeighborGrid-PT-d4n3m2c23/RC-12.smt2,sat,0.01
/20220307-SMPT/HouseConstruction-PT-01000/RC-02.smt2,sat,0.01
/20220307-SMPT/HouseConstruction-PT-01000/RF-12.smt2,sat,0.01
/20220307-SMPT/HouseConstruction-PT-01000/RC-03.smt2,sat,0.0
/20220307-SMPT/HouseConstruction-PT-01000/RF-02.smt2,sat,0.02
/20220307-SMPT/HouseConstruction-PT-01000/RC-11.smt2,failed,1200.0
/20220307-SMPT/HouseConstruction-PT-01000/RF-03.smt2,sat,0.01
/20220307-SMPT/HouseConstruction-PT-01000/RC-01.smt2,sat,0.01
/20220307-SMPT/HouseConstruction-PT-01000/RF-00.smt2,sat,0.01
/20220307-SMPT/HouseConstruction-PT-01000/RC-04.smt2,sat,0.01
/20220307-SMPT/HouseConstruction-PT-01000/RF-11.smt2,sat,0.01
/20220307-SMPT/HouseConstruction-PT-01000/RC-13.smt2,sat,0.01
/20220307-SMPT/HouseConstruction-PT-01000/RC-06.smt2,sat,0.02
/20220307-SMPT/HouseConstruction-PT-01000/RC-14.smt2,sat,0.0
/20220307-SMPT/HouseConstruction-PT-01000/RC-10.smt2,sat,0.01
/20220307-SMPT/HouseConstruction-PT-01000/RF-04.smt2,sat,0.01
/20220307-SMPT/HouseConstruction-PT-01000/RF-01.smt2,unsat,0.01
/20220307-SMPT/HouseConstruction-PT-01000/RF-13.smt2,sat,0.01
/20220307-SMPT/HouseConstruction-PT-01000/RC-05.smt2,sat,0.0
/20220307-SMPT/HouseConstruction-PT-01000/RC-00.smt2,sat,0.01
/20220307-SMPT/HouseConstruction-PT-01000/RF-05.smt2,sat,0.01
/20220307-SMPT/HouseConstruction-PT-01000/RF-07.smt2,sat,0.01
/20220307-SMPT/HouseConstruction-PT-01000/RF-10.smt2,sat,0.01
/20220307-SMPT/HouseConstruction-PT-01000/RF-08.smt2,sat,0.01
/20220307-SMPT/HouseConstruction-PT-01000/RC-08.smt2,sat,0.01
/20220307-SMPT/HouseConstruction-PT-01000/RF-09.smt2,failed,1200.0
/20220307-SMPT/HouseConstruction-PT-01000/RC-07.smt2,failed,1200.0
/20220307-SMPT/HouseConstruction-PT-01000/RF-06.smt2,sat,0.03
/20220307-SMPT/HouseConstruction-PT-01000/RC-09.smt2,sat,0.01
/20220307-SMPT/HouseConstruction-PT-01000/RC-15.smt2,sat,0.01
/20220307-SMPT/HouseConstruction-PT-01000/RC-12.smt2,failed,1200.0
/20220307-SMPT/HouseConstruction-PT-01000/RF-14.smt2,sat,0.01
/20220307-SMPT/MAPK-PT-02560/RC-02.smt2,sat,0.01
/20220307-SMPT/MAPK-PT-02560/RF-12.smt2,sat,0.01
/20220307-SMPT/MAPK-PT-02560/RC-03.smt2,sat,0.01
/20220307-SMPT/MAPK-PT-02560/RF-02.smt2,sat,0.01
/20220307-SMPT/MAPK-PT-02560/RC-11.smt2,sat,0.01
/20220307-SMPT/MAPK-PT-02560/RF-03.smt2,sat,0.01
/20220307-SMPT/MAPK-PT-02560/RC-01.smt2,sat,0.01
/20220307-SMPT/MAPK-PT-02560/RF-00.smt2,sat,0.01
/20220307-SMPT/MAPK-PT-02560/RC-04.smt2,sat,0.01
/20220307-SMPT/MAPK-PT-02560/RF-11.smt2,sat,0.04
/20220307-SMPT/MAPK-PT-02560/RC-13.smt2,sat,0.01
/20220307-SMPT/MAPK-PT-02560/RC-06.smt2,sat,0.01
/20220307-SMPT/MAPK-PT-02560/RC-14.smt2,sat,0.01
/20220307-SMPT/MAPK-PT-02560/RC-10.smt2,sat,0.01
/20220307-SMPT/MAPK-PT-02560/RF-04.smt2,failed,1200.0
/20220307-SMPT/MAPK-PT-02560/RF-01.smt2,unsat,0.01
/20220307-SMPT/MAPK-PT-02560/RF-13.smt2,sat,0.01
/20220307-SMPT/MAPK-PT-02560/RC-05.smt2,unsat,0.01
/20220307-SMPT/MAPK-PT-02560/RC-00.smt2,sat,0.01
/20220307-SMPT/MAPK-PT-02560/RF-05.smt2,sat,0.01
/20220307-SMPT/MAPK-PT-02560/RF-07.smt2,sat,0.01
/20220307-SMPT/MAPK-PT-02560/RF-10.smt2,sat,0.01
/20220307-SMPT/MAPK-PT-02560/RF-08.smt2,sat,0.01
/20220307-SMPT/MAPK-PT-02560/RC-08.smt2,sat,0.01
/20220307-SMPT/MAPK-PT-02560/RF-15.smt2,sat,0.01
/20220307-SMPT/MAPK-PT-02560/RF-09.smt2,sat,0.01
/20220307-SMPT/MAPK-PT-02560/RC-07.smt2,sat,0.01
/20220307-SMPT/MAPK-PT-02560/RF-06.smt2,sat,0.01
/20220307-SMPT/MAPK-PT-02560/RC-09.smt2,sat,0.01
/20220307-SMPT/MAPK-PT-02560/RC-15.smt2,sat,0.01
/20220307-SMPT/MAPK-PT-02560/RC-12.smt2,sat,0.01
/20220307-SMPT/MAPK-PT-02560/RF-14.smt2,sat,0.01
/20220307-SMPT/SharedMemory-PT-000050/RC-02.smt2,sat,1.88
/20220307-SMPT/SharedMemory-PT-000050/RF-12.smt2,unsat,8.0
/20220307-SMPT/SharedMemory-PT-000050/RC-03.smt2,unsat,1.71
/20220307-SMPT/SharedMemory-PT-000050/RF-02.smt2,unsat,2.01
/20220307-SMPT/SharedMemory-PT-000050/RC-11.smt2,sat,8.09
/20220307-SMPT/SharedMemory-PT-000050/RF-03.smt2,unsat,0.22
/20220307-SMPT/SharedMemory-PT-000050/RC-01.smt2,sat,17.11
/20220307-SMPT/SharedMemory-PT-000050/RF-00.smt2,sat,1.81
/20220307-SMPT/SharedMemory-PT-000050/RC-04.smt2,unsat,0.36
/20220307-SMPT/SharedMemory-PT-000050/RF-11.smt2,sat,10.47
/20220307-SMPT/SharedMemory-PT-000050/RC-13.smt2,unsat,5.39
/20220307-SMPT/SharedMemory-PT-000050/RC-06.smt2,sat,1.66
/20220307-SMPT/SharedMemory-PT-000050/RC-14.smt2,unsat,1.95
/20220307-SMPT/SharedMemory-PT-000050/RC-10.smt2,unsat,6.03
/20220307-SMPT/SharedMemory-PT-000050/RF-04.smt2,sat,1.5
/20220307-SMPT/SharedMemory-PT-000050/RF-01.smt2,sat,7.52
/20220307-SMPT/SharedMemory-PT-000050/RF-13.smt2,sat,8.23
/20220307-SMPT/SharedMemory-PT-000050/RC-05.smt2,sat,1.73
/20220307-SMPT/SharedMemory-PT-000050/RC-00.smt2,unsat,1.71
/20220307-SMPT/SharedMemory-PT-000050/RF-05.smt2,sat,1.95
/20220307-SMPT/SharedMemory-PT-000050/RF-07.smt2,unsat,0.24
/20220307-SMPT/SharedMemory-PT-000050/RF-10.smt2,unsat,9.37
/20220307-SMPT/SharedMemory-PT-000050/RF-08.smt2,unsat,1.65
/20220307-SMPT/SharedMemory-PT-000050/RC-08.smt2,unsat,2.38
/20220307-SMPT/SharedMemory-PT-000050/RF-15.smt2,sat,9.46
/20220307-SMPT/SharedMemory-PT-000050/RF-09.smt2,sat,16.95
/20220307-SMPT/SharedMemory-PT-000050/RC-07.smt2,unsat,11.45
/20220307-SMPT/SharedMemory-PT-000050/RF-06.smt2,sat,1.78
/20220307-SMPT/SharedMemory-PT-000050/RC-09.smt2,unsat,2.34
/20220307-SMPT/SharedMemory-PT-000050/RC-15.smt2,sat,11.48
/20220307-SMPT/SharedMemory-PT-000050/RC-12.smt2,sat,10.34
/20220307-SMPT/SharedMemory-PT-000050/RF-14.smt2,sat,11.45
/20220307-SMPT/SharedMemory-PT-000200/RC-02.smt2,failed,1200.0
/20220307-SMPT/SharedMemory-PT-000200/RF-12.smt2,failed,1200.0
/20220307-SMPT/SharedMemory-PT-000200/RC-03.smt2,failed,1200.0
/20220307-SMPT/SharedMemory-PT-000200/RF-02.smt2,failed,1200.0
/20220307-SMPT/SharedMemory-PT-000200/RC-11.smt2,failed,1200.0
/20220307-SMPT/SharedMemory-PT-000200/RF-03.smt2,failed,1200.0
/20220307-SMPT/SharedMemory-PT-000200/RC-01.smt2,failed,1200.0
/20220307-SMPT/SharedMemory-PT-000200/RF-00.smt2,failed,1200.0
/20220307-SMPT/SharedMemory-PT-000200/RC-04.smt2,failed,1200.0
/20220307-SMPT/SharedMemory-PT-000200/RF-11.smt2,failed,1200.0
/20220307-SMPT/SharedMemory-PT-000200/RC-13.smt2,failed,1200.0
/20220307-SMPT/SharedMemory-PT-000200/RC-06.smt2,failed,1200.0
/20220307-SMPT/SharedMemory-PT-000200/RC-14.smt2,failed,1200.0
/20220307-SMPT/SharedMemory-PT-000200/RC-10.smt2,failed,1200.0
/20220307-SMPT/SharedMemory-PT-000200/RF-04.smt2,failed,1200.0
/20220307-SMPT/SharedMemory-PT-000200/RF-01.smt2,failed,1200.0
/20220307-SMPT/SharedMemory-PT-000200/RF-13.smt2,failed,1200.0
/20220307-SMPT/SharedMemory-PT-000200/RC-05.smt2,failed,1200.0
/20220307-SMPT/SharedMemory-PT-000200/RC-00.smt2,failed,1200.0
/20220307-SMPT/SharedMemory-PT-000200/RF-05.smt2,failed,1200.0
/20220307-SMPT/SharedMemory-PT-000200/RF-07.smt2,failed,1200.0
/20220307-SMPT/SharedMemory-PT-000200/RF-10.smt2,failed,1200.0
/20220307-SMPT/SharedMemory-PT-000200/RF-08.smt2,failed,1200.0
/20220307-SMPT/SharedMemory-PT-000200/RC-08.smt2,failed,1200.0
/20220307-SMPT/SharedMemory-PT-000200/RF-15.smt2,failed,1200.0
/20220307-SMPT/SharedMemory-PT-000200/RF-09.smt2,failed,1200.0
/20220307-SMPT/SharedMemory-PT-000200/RC-07.smt2,failed,1200.0
/20220307-SMPT/SharedMemory-PT-000200/RF-06.smt2,failed,1200.0
/20220307-SMPT/SharedMemory-PT-000200/RC-09.smt2,failed,1200.0
/20220307-SMPT/SharedMemory-PT-000200/RC-15.smt2,failed,1200.0
/20220307-SMPT/SharedMemory-PT-000200/RC-12.smt2,failed,1200.0
/20220307-SMPT/SharedMemory-PT-000200/RF-14.smt2,failed,1200.0
/20220307-SMPT/CircularTrains-PT-048/RC-02.smt2,sat,0.01
/20220307-SMPT/CircularTrains-PT-048/RC-03.smt2,unsat,0.02
/20220307-SMPT/CircularTrains-PT-048/RF-02.smt2,sat,0.01
/20220307-SMPT/CircularTrains-PT-048/RC-11.smt2,unsat,0.01
/20220307-SMPT/CircularTrains-PT-048/RF-03.smt2,sat,0.01
/20220307-SMPT/CircularTrains-PT-048/RC-01.smt2,unsat,0.01
/20220307-SMPT/CircularTrains-PT-048/RF-00.smt2,sat,0.01
/20220307-SMPT/CircularTrains-PT-048/RC-04.smt2,unsat,0.01
/20220307-SMPT/CircularTrains-PT-048/RF-11.smt2,sat,0.01
/20220307-SMPT/CircularTrains-PT-048/RC-13.smt2,unsat,0.01
/20220307-SMPT/CircularTrains-PT-048/RC-06.smt2,unsat,0.02
/20220307-SMPT/CircularTrains-PT-048/RC-14.smt2,unsat,0.01
/20220307-SMPT/CircularTrains-PT-048/RC-10.smt2,unsat,0.01
/20220307-SMPT/CircularTrains-PT-048/RF-04.smt2,sat,0.01
/20220307-SMPT/CircularTrains-PT-048/RF-01.smt2,unsat,0.01
/20220307-SMPT/CircularTrains-PT-048/RF-13.smt2,sat,0.01
/20220307-SMPT/CircularTrains-PT-048/RC-05.smt2,unsat,0.01
/20220307-SMPT/CircularTrains-PT-048/RC-00.smt2,failed,1200.0
/20220307-SMPT/CircularTrains-PT-048/RF-05.smt2,sat,0.01
/20220307-SMPT/CircularTrains-PT-048/RF-07.smt2,unsat,0.01
/20220307-SMPT/CircularTrains-PT-048/RF-10.smt2,sat,0.01
/20220307-SMPT/CircularTrains-PT-048/RF-08.smt2,sat,0.01
/20220307-SMPT/CircularTrains-PT-048/RC-08.smt2,unsat,0.01
/20220307-SMPT/CircularTrains-PT-048/RF-15.smt2,sat,0.01
/20220307-SMPT/CircularTrains-PT-048/RF-09.smt2,sat,0.01
/20220307-SMPT/CircularTrains-PT-048/RC-07.smt2,unsat,0.01
/20220307-SMPT/CircularTrains-PT-048/RF-06.smt2,sat,0.01
/20220307-SMPT/CircularTrains-PT-048/RC-09.smt2,unsat,0.02
/20220307-SMPT/CircularTrains-PT-048/RC-15.smt2,sat,0.02
/20220307-SMPT/CircularTrains-PT-048/RC-12.smt2,unsat,0.01
/20220307-SMPT/CircularTrains-PT-048/RF-14.smt2,sat,0.01
/20220307-SMPT/DatabaseWithMutex-PT-02/RC-02.smt2,sat,0.01
/20220307-SMPT/DatabaseWithMutex-PT-02/RF-12.smt2,sat,0.01
/20220307-SMPT/DatabaseWithMutex-PT-02/RC-03.smt2,sat,0.01
/20220307-SMPT/DatabaseWithMutex-PT-02/RF-02.smt2,sat,0.01
/20220307-SMPT/DatabaseWithMutex-PT-02/RC-11.smt2,sat,0.01
/20220307-SMPT/DatabaseWithMutex-PT-02/RF-03.smt2,sat,0.01
/20220307-SMPT/DatabaseWithMutex-PT-02/RF-00.smt2,sat,0.01
/20220307-SMPT/DatabaseWithMutex-PT-02/RC-04.smt2,sat,0.01
/20220307-SMPT/DatabaseWithMutex-PT-02/RF-11.smt2,sat,0.01
/20220307-SMPT/DatabaseWithMutex-PT-02/RC-13.smt2,unsat,0.01
/20220307-SMPT/DatabaseWithMutex-PT-02/RC-06.smt2,sat,0.01
/20220307-SMPT/DatabaseWithMutex-PT-02/RC-14.smt2,sat,0.01
/20220307-SMPT/DatabaseWithMutex-PT-02/RC-10.smt2,sat,0.01
/20220307-SMPT/DatabaseWithMutex-PT-02/RF-04.smt2,sat,0.01
/20220307-SMPT/DatabaseWithMutex-PT-02/RF-01.smt2,sat,0.01
/20220307-SMPT/DatabaseWithMutex-PT-02/RF-13.smt2,sat,0.05
/20220307-SMPT/DatabaseWithMutex-PT-02/RC-05.smt2,sat,0.01
/20220307-SMPT/DatabaseWithMutex-PT-02/RC-00.smt2,sat,0.01
/20220307-SMPT/DatabaseWithMutex-PT-02/RF-05.smt2,sat,0.01
/20220307-SMPT/DatabaseWithMutex-PT-02/RF-07.smt2,sat,0.01
/20220307-SMPT/DatabaseWithMutex-PT-02/RF-10.smt2,sat,0.01
/20220307-SMPT/DatabaseWithMutex-PT-02/RF-08.smt2,sat,0.01
/20220307-SMPT/DatabaseWithMutex-PT-02/RC-08.smt2,sat,0.01
/20220307-SMPT/DatabaseWithMutex-PT-02/RF-15.smt2,sat,0.01
/20220307-SMPT/DatabaseWithMutex-PT-02/RF-09.smt2,sat,0.01
/20220307-SMPT/DatabaseWithMutex-PT-02/RC-07.smt2,sat,0.01
/20220307-SMPT/DatabaseWithMutex-PT-02/RF-06.smt2,sat,0.01
/20220307-SMPT/DatabaseWithMutex-PT-02/RC-09.smt2,sat,0.01
/20220307-SMPT/DatabaseWithMutex-PT-02/RC-15.smt2,sat,0.01
/20220307-SMPT/DatabaseWithMutex-PT-02/RC-12.smt2,unsat,0.01
/20220307-SMPT/DatabaseWithMutex-PT-02/RF-14.smt2,sat,0.01
/20220307-SMPT/Kanban-PT-01000/RC-02.smt2,sat,0.01
/20220307-SMPT/Kanban-PT-01000/RF-12.smt2,sat,0.01
/20220307-SMPT/Kanban-PT-01000/RC-03.smt2,sat,0.01
/20220307-SMPT/Kanban-PT-01000/RF-02.smt2,unsat,0.01
/20220307-SMPT/Kanban-PT-01000/RC-11.smt2,sat,0.01
/20220307-SMPT/Kanban-PT-01000/RF-03.smt2,sat,0.01
/20220307-SMPT/Kanban-PT-01000/RC-01.smt2,sat,0.01
/20220307-SMPT/Kanban-PT-01000/RF-00.smt2,sat,0.01
/20220307-SMPT/Kanban-PT-01000/RC-04.smt2,sat,0.01
/20220307-SMPT/Kanban-PT-01000/RF-11.smt2,unsat,0.01
/20220307-SMPT/Kanban-PT-01000/RC-13.smt2,sat,0.01
/20220307-SMPT/Kanban-PT-01000/RC-06.smt2,sat,0.01
/20220307-SMPT/Kanban-PT-01000/RC-14.smt2,sat,0.01
/20220307-SMPT/Kanban-PT-01000/RC-10.smt2,sat,0.01
/20220307-SMPT/Kanban-PT-01000/RF-04.smt2,sat,0.01
/20220307-SMPT/Kanban-PT-01000/RF-01.smt2,failed,1200.0
/20220307-SMPT/Kanban-PT-01000/RF-13.smt2,sat,0.01
/20220307-SMPT/Kanban-PT-01000/RC-05.smt2,sat,0.01
/20220307-SMPT/Kanban-PT-01000/RC-00.smt2,sat,0.01
/20220307-SMPT/Kanban-PT-01000/RF-05.smt2,sat,0.01
/20220307-SMPT/Kanban-PT-01000/RF-07.smt2,unsat,0.01
/20220307-SMPT/Kanban-PT-01000/RF-10.smt2,sat,0.01
/20220307-SMPT/Kanban-PT-01000/RF-08.smt2,unsat,0.01
/20220307-SMPT/Kanban-PT-01000/RC-08.smt2,sat,0.01
/20220307-SMPT/Kanban-PT-01000/RF-15.smt2,unsat,0.01
/20220307-SMPT/Kanban-PT-01000/RF-09.smt2,sat,0.01
/20220307-SMPT/Kanban-PT-01000/RC-07.smt2,sat,0.01
/20220307-SMPT/Kanban-PT-01000/RF-06.smt2,sat,0.01
/20220307-SMPT/Kanban-PT-01000/RC-09.smt2,sat,0.01
/20220307-SMPT/Kanban-PT-01000/RC-15.smt2,sat,0.01
/20220307-SMPT/Kanban-PT-01000/RC-12.smt2,sat,0.01
/20220307-SMPT/Kanban-PT-01000/RF-14.smt2,unsat,0.01
/20220307-SMPT/Kanban-PT-00200/RC-02.smt2,unsat,0.01
/20220307-SMPT/Kanban-PT-00200/RF-12.smt2,sat,0.01
/20220307-SMPT/Kanban-PT-00200/RC-03.smt2,sat,0.01
/20220307-SMPT/Kanban-PT-00200/RF-02.smt2,unsat,0.01
/20220307-SMPT/Kanban-PT-00200/RC-11.smt2,sat,0.01
/20220307-SMPT/Kanban-PT-00200/RC-01.smt2,sat,0.01
/20220307-SMPT/Kanban-PT-00200/RF-00.smt2,sat,0.01
/20220307-SMPT/Kanban-PT-00200/RC-04.smt2,sat,0.01
/20220307-SMPT/Kanban-PT-00200/RF-11.smt2,unsat,0.01
/20220307-SMPT/Kanban-PT-00200/RC-13.smt2,sat,0.01
/20220307-SMPT/Kanban-PT-00200/RC-06.smt2,sat,0.01
/20220307-SMPT/Kanban-PT-00200/RC-14.smt2,sat,0.01
/20220307-SMPT/Kanban-PT-00200/RC-10.smt2,sat,0.01
/20220307-SMPT/Kanban-PT-00200/RF-04.smt2,sat,0.01
/20220307-SMPT/Kanban-PT-00200/RF-01.smt2,sat,0.01
/20220307-SMPT/Kanban-PT-00200/RF-13.smt2,sat,0.01
/20220307-SMPT/Kanban-PT-00200/RC-05.smt2,sat,0.01
/20220307-SMPT/Kanban-PT-00200/RC-00.smt2,sat,0.01
/20220307-SMPT/Kanban-PT-00200/RF-05.smt2,sat,0.02
/20220307-SMPT/Kanban-PT-00200/RF-07.smt2,unsat,0.01
/20220307-SMPT/Kanban-PT-00200/RF-10.smt2,sat,0.01
/20220307-SMPT/Kanban-PT-00200/RF-08.smt2,sat,0.03
/20220307-SMPT/Kanban-PT-00200/RC-08.smt2,sat,0.01
/20220307-SMPT/Kanban-PT-00200/RF-15.smt2,sat,0.01
/20220307-SMPT/Kanban-PT-00200/RF-09.smt2,sat,0.01
/20220307-SMPT/Kanban-PT-00200/RC-07.smt2,sat,0.01
/20220307-SMPT/Kanban-PT-00200/RF-06.smt2,unsat,0.01
/20220307-SMPT/Kanban-PT-00200/RC-09.smt2,sat,0.01
/20220307-SMPT/Kanban-PT-00200/RC-15.smt2,sat,0.02
/20220307-SMPT/Kanban-PT-00200/RC-12.smt2,sat,0.01
/20220307-SMPT/Kanban-PT-00200/RF-14.smt2,unsat,0.01
/20220307-SMPT/HouseConstruction-PT-04000/RC-02.smt2,sat,0.01
/20220307-SMPT/HouseConstruction-PT-04000/RF-12.smt2,sat,0.01
/20220307-SMPT/HouseConstruction-PT-04000/RC-03.smt2,sat,0.01
/20220307-SMPT/HouseConstruction-PT-04000/RF-02.smt2,sat,0.01
/20220307-SMPT/HouseConstruction-PT-04000/RC-11.smt2,sat,0.01
/20220307-SMPT/HouseConstruction-PT-04000/RF-03.smt2,unsat,0.01
/20220307-SMPT/HouseConstruction-PT-04000/RC-01.smt2,sat,0.01
/20220307-SMPT/HouseConstruction-PT-04000/RF-00.smt2,sat,0.01
/20220307-SMPT/HouseConstruction-PT-04000/RC-04.smt2,sat,0.01
/20220307-SMPT/HouseConstruction-PT-04000/RF-11.smt2,sat,0.01
/20220307-SMPT/HouseConstruction-PT-04000/RC-13.smt2,sat,0.01
/20220307-SMPT/HouseConstruction-PT-04000/RC-06.smt2,sat,0.01
/20220307-SMPT/HouseConstruction-PT-04000/RC-14.smt2,sat,0.01
/20220307-SMPT/HouseConstruction-PT-04000/RC-10.smt2,sat,0.01
/20220307-SMPT/HouseConstruction-PT-04000/RF-04.smt2,sat,0.01
/20220307-SMPT/HouseConstruction-PT-04000/RF-01.smt2,sat,0.01
/20220307-SMPT/HouseConstruction-PT-04000/RF-13.smt2,sat,0.01
/20220307-SMPT/HouseConstruction-PT-04000/RC-05.smt2,sat,0.01
/20220307-SMPT/HouseConstruction-PT-04000/RC-00.smt2,sat,0.01
/20220307-SMPT/HouseConstruction-PT-04000/RF-05.smt2,sat,0.01
/20220307-SMPT/HouseConstruction-PT-04000/RF-07.smt2,sat,0.01
/20220307-SMPT/HouseConstruction-PT-04000/RF-10.smt2,sat,0.01
/20220307-SMPT/HouseConstruction-PT-04000/RF-08.smt2,unsat,0.01
/20220307-SMPT/HouseConstruction-PT-04000/RC-08.smt2,sat,0.01
/20220307-SMPT/HouseConstruction-PT-04000/RF-15.smt2,sat,0.01
/20220307-SMPT/HouseConstruction-PT-04000/RF-09.smt2,sat,0.01
/20220307-SMPT/HouseConstruction-PT-04000/RC-07.smt2,sat,0.01
/20220307-SMPT/HouseConstruction-PT-04000/RF-06.smt2,sat,0.01
/20220307-SMPT/HouseConstruction-PT-04000/RC-09.smt2,unsat,0.01
/20220307-SMPT/HouseConstruction-PT-04000/RC-15.smt2,sat,0.01
/20220307-SMPT/HouseConstruction-PT-04000/RC-12.smt2,sat,0.01
/20220307-SMPT/HouseConstruction-PT-04000/RF-14.smt2,unsat,0.01
/20220307-SMPT/Diffusion2D-PT-D10N200/RC-02.smt2,sat,0.01
/20220307-SMPT/Diffusion2D-PT-D10N200/RF-12.smt2,sat,0.01
/20220307-SMPT/Diffusion2D-PT-D10N200/RC-03.smt2,sat,0.01
/20220307-SMPT/Diffusion2D-PT-D10N200/RF-02.smt2,sat,0.06
/20220307-SMPT/Diffusion2D-PT-D10N200/RC-11.smt2,sat,0.01
/20220307-SMPT/Diffusion2D-PT-D10N200/RF-03.smt2,sat,0.01
/20220307-SMPT/Diffusion2D-PT-D10N200/RC-01.smt2,sat,0.01
/20220307-SMPT/Diffusion2D-PT-D10N200/RF-00.smt2,sat,0.02
/20220307-SMPT/Diffusion2D-PT-D10N200/RC-04.smt2,sat,0.06
/20220307-SMPT/Diffusion2D-PT-D10N200/RF-11.smt2,sat,0.04
/20220307-SMPT/Diffusion2D-PT-D10N200/RC-13.smt2,sat,0.01
/20220307-SMPT/Diffusion2D-PT-D10N200/RC-06.smt2,failed,1200.0
/20220307-SMPT/Diffusion2D-PT-D10N200/RC-14.smt2,sat,0.01
/20220307-SMPT/Diffusion2D-PT-D10N200/RC-10.smt2,sat,0.01
/20220307-SMPT/Diffusion2D-PT-D10N200/RF-04.smt2,sat,0.01
/20220307-SMPT/Diffusion2D-PT-D10N200/RF-01.smt2,sat,0.01
/20220307-SMPT/Diffusion2D-PT-D10N200/RF-13.smt2,sat,0.01
/20220307-SMPT/Diffusion2D-PT-D10N200/RC-05.smt2,sat,0.02
/20220307-SMPT/Diffusion2D-PT-D10N200/RC-00.smt2,sat,0.01
/20220307-SMPT/Diffusion2D-PT-D10N200/RF-05.smt2,sat,0.01
/20220307-SMPT/Diffusion2D-PT-D10N200/RF-07.smt2,sat,0.05
/20220307-SMPT/Diffusion2D-PT-D10N200/RF-10.smt2,sat,0.01
/20220307-SMPT/Diffusion2D-PT-D10N200/RF-08.smt2,sat,0.01
/20220307-SMPT/Diffusion2D-PT-D10N200/RC-08.smt2,sat,0.01
/20220307-SMPT/Diffusion2D-PT-D10N200/RF-15.smt2,sat,0.02
/20220307-SMPT/Diffusion2D-PT-D10N200/RF-09.smt2,sat,0.07
/20220307-SMPT/Diffusion2D-PT-D10N200/RC-07.smt2,sat,0.01
/20220307-SMPT/Diffusion2D-PT-D10N200/RF-06.smt2,sat,0.01
/20220307-SMPT/Diffusion2D-PT-D10N200/RC-09.smt2,sat,0.01
/20220307-SMPT/Diffusion2D-PT-D10N200/RC-15.smt2,sat,0.01
/20220307-SMPT/Diffusion2D-PT-D10N200/RC-12.smt2,sat,0.02
/20220307-SMPT/Diffusion2D-PT-D10N200/RF-14.smt2,sat,0.01
/20220307-SMPT/SmallOperatingSystem-PT-MT0128DC0064/RC-02.smt2,sat,0.01
/20220307-SMPT/SmallOperatingSystem-PT-MT0128DC0064/RF-12.smt2,unsat,0.01
/20220307-SMPT/SmallOperatingSystem-PT-MT0128DC0064/RC-03.smt2,unsat,0.01
/20220307-SMPT/SmallOperatingSystem-PT-MT0128DC0064/RF-02.smt2,unsat,0.01
/20220307-SMPT/SmallOperatingSystem-PT-MT0128DC0064/RC-11.smt2,sat,0.01
/20220307-SMPT/SmallOperatingSystem-PT-MT0128DC0064/RF-03.smt2,sat,0.01
/20220307-SMPT/SmallOperatingSystem-PT-MT0128DC0064/RC-01.smt2,sat,0.01
/20220307-SMPT/SmallOperatingSystem-PT-MT0128DC0064/RF-00.smt2,unsat,0.01
/20220307-SMPT/SmallOperatingSystem-PT-MT0128DC0064/RC-04.smt2,sat,0.01
/20220307-SMPT/SmallOperatingSystem-PT-MT0128DC0064/RF-11.smt2,sat,0.01
/20220307-SMPT/SmallOperatingSystem-PT-MT0128DC0064/RC-13.smt2,sat,0.01
/20220307-SMPT/SmallOperatingSystem-PT-MT0128DC0064/RC-06.smt2,sat,0.01
/20220307-SMPT/SmallOperatingSystem-PT-MT0128DC0064/RC-14.smt2,unsat,0.01
/20220307-SMPT/SmallOperatingSystem-PT-MT0128DC0064/RC-10.smt2,unsat,0.01
/20220307-SMPT/SmallOperatingSystem-PT-MT0128DC0064/RF-04.smt2,unsat,0.01
/20220307-SMPT/SmallOperatingSystem-PT-MT0128DC0064/RF-01.smt2,sat,0.01
/20220307-SMPT/SmallOperatingSystem-PT-MT0128DC0064/RF-13.smt2,sat,0.01
/20220307-SMPT/SmallOperatingSystem-PT-MT0128DC0064/RC-05.smt2,sat,0.01
/20220307-SMPT/SmallOperatingSystem-PT-MT0128DC0064/RC-00.smt2,sat,0.01
/20220307-SMPT/SmallOperatingSystem-PT-MT0128DC0064/RF-05.smt2,sat,0.01
/20220307-SMPT/SmallOperatingSystem-PT-MT0128DC0064/RF-07.smt2,sat,0.01
/20220307-SMPT/SmallOperatingSystem-PT-MT0128DC0064/RF-10.smt2,sat,0.01
/20220307-SMPT/SmallOperatingSystem-PT-MT0128DC0064/RF-08.smt2,sat,0.01
/20220307-SMPT/SmallOperatingSystem-PT-MT0128DC0064/RC-08.smt2,sat,0.01
/20220307-SMPT/SmallOperatingSystem-PT-MT0128DC0064/RF-15.smt2,sat,0.01
/20220307-SMPT/SmallOperatingSystem-PT-MT0128DC0064/RF-09.smt2,unsat,0.01
/20220307-SMPT/SmallOperatingSystem-PT-MT0128DC0064/RC-07.smt2,sat,0.01
/20220307-SMPT/SmallOperatingSystem-PT-MT0128DC0064/RF-06.smt2,unsat,0.01
/20220307-SMPT/SmallOperatingSystem-PT-MT0128DC0064/RC-09.smt2,unsat,0.01
/20220307-SMPT/SmallOperatingSystem-PT-MT0128DC0064/RC-15.smt2,sat,0.01
/20220307-SMPT/SmallOperatingSystem-PT-MT0128DC0064/RC-12.smt2,unsat,0.01
/20220307-SMPT/FMS-PT-00050/RC-02.smt2,sat,0.01
/20220307-SMPT/FMS-PT-00050/RF-12.smt2,sat,0.01
/20220307-SMPT/FMS-PT-00050/RC-03.smt2,sat,0.01
/20220307-SMPT/FMS-PT-00050/RF-02.smt2,sat,0.01
/20220307-SMPT/FMS-PT-00050/RC-11.smt2,sat,0.01
/20220307-SMPT/FMS-PT-00050/RF-03.smt2,sat,0.01
/20220307-SMPT/FMS-PT-00050/RC-01.smt2,sat,0.01
/20220307-SMPT/FMS-PT-00050/RF-00.smt2,sat,0.01
/20220307-SMPT/FMS-PT-00050/RC-04.smt2,unsat,0.01
/20220307-SMPT/FMS-PT-00050/RF-11.smt2,sat,0.01
/20220307-SMPT/FMS-PT-00050/RC-13.smt2,sat,0.01
/20220307-SMPT/FMS-PT-00050/RC-06.smt2,sat,0.01
/20220307-SMPT/FMS-PT-00050/RC-14.smt2,sat,0.01
/20220307-SMPT/FMS-PT-00050/RC-10.smt2,sat,0.01
/20220307-SMPT/FMS-PT-00050/RF-04.smt2,sat,0.01
/20220307-SMPT/FMS-PT-00050/RF-01.smt2,sat,0.01
/20220307-SMPT/FMS-PT-00050/RF-13.smt2,sat,0.01
/20220307-SMPT/FMS-PT-00050/RC-05.smt2,sat,0.01
/20220307-SMPT/FMS-PT-00050/RC-00.smt2,sat,0.01
/20220307-SMPT/FMS-PT-00050/RF-05.smt2,sat,0.01
/20220307-SMPT/FMS-PT-00050/RF-07.smt2,sat,0.01
/20220307-SMPT/FMS-PT-00050/RF-10.smt2,sat,0.01
/20220307-SMPT/FMS-PT-00050/RF-08.smt2,sat,0.01
/20220307-SMPT/FMS-PT-00050/RC-08.smt2,sat,0.01
/20220307-SMPT/FMS-PT-00050/RF-15.smt2,sat,0.01
/20220307-SMPT/FMS-PT-00050/RF-09.smt2,sat,0.01
/20220307-SMPT/FMS-PT-00050/RC-07.smt2,sat,0.01
/20220307-SMPT/FMS-PT-00050/RF-06.smt2,unsat,0.01
/20220307-SMPT/FMS-PT-00050/RC-09.smt2,sat,0.01
/20220307-SMPT/FMS-PT-00050/RC-15.smt2,sat,0.01
/20220307-SMPT/FMS-PT-00050/RC-12.smt2,sat,0.01
/20220307-SMPT/FMS-PT-00050/RF-14.smt2,sat,0.01
/20220307-SMPT/FMS-PT-00100/RC-02.smt2,sat,0.01
/20220307-SMPT/FMS-PT-00100/RF-12.smt2,sat,0.01
/20220307-SMPT/FMS-PT-00100/RC-03.smt2,sat,0.01
/20220307-SMPT/FMS-PT-00100/RF-02.smt2,sat,0.01
/20220307-SMPT/FMS-PT-00100/RC-11.smt2,sat,0.01
/20220307-SMPT/FMS-PT-00100/RF-03.smt2,sat,0.01
/20220307-SMPT/FMS-PT-00100/RC-01.smt2,sat,0.01
/20220307-SMPT/FMS-PT-00100/RF-00.smt2,sat,0.01
/20220307-SMPT/FMS-PT-00100/RC-04.smt2,sat,0.01
/20220307-SMPT/FMS-PT-00100/RF-11.smt2,sat,0.01
/20220307-SMPT/FMS-PT-00100/RC-06.smt2,sat,0.01
/20220307-SMPT/FMS-PT-00100/RC-14.smt2,sat,0.01
/20220307-SMPT/FMS-PT-00100/RC-10.smt2,sat,0.01
/20220307-SMPT/FMS-PT-00100/RF-04.smt2,sat,0.01
/20220307-SMPT/FMS-PT-00100/RF-01.smt2,sat,0.01
/20220307-SMPT/FMS-PT-00100/RF-13.smt2,sat,0.01
/20220307-SMPT/FMS-PT-00100/RC-05.smt2,sat,0.01
/20220307-SMPT/FMS-PT-00100/RC-00.smt2,sat,0.01
/20220307-SMPT/FMS-PT-00100/RF-07.smt2,sat,0.01
/20220307-SMPT/FMS-PT-00100/RF-10.smt2,unsat,0.01
/20220307-SMPT/FMS-PT-00100/RF-08.smt2,sat,0.01
/20220307-SMPT/FMS-PT-00100/RC-08.smt2,sat,0.01
/20220307-SMPT/FMS-PT-00100/RF-15.smt2,sat,0.01
/20220307-SMPT/FMS-PT-00100/RF-09.smt2,sat,0.01
/20220307-SMPT/FMS-PT-00100/RC-07.smt2,sat,0.01
/20220307-SMPT/FMS-PT-00100/RF-06.smt2,sat,0.01
/20220307-SMPT/FMS-PT-00100/RC-09.smt2,sat,0.01
/20220307-SMPT/FMS-PT-00100/RC-15.smt2,unsat,0.01
/20220307-SMPT/FMS-PT-00100/RC-12.smt2,sat,0.01
/20220307-SMPT/FMS-PT-00100/RF-14.smt2,unsat,0.01
/20220307-SMPT/Referendum-PT-0100/RC-02.smt2,sat,0.13
/20220307-SMPT/Referendum-PT-0100/RF-12.smt2,sat,0.03
/20220307-SMPT/Referendum-PT-0100/RC-03.smt2,unsat,0.13
/20220307-SMPT/Referendum-PT-0100/RF-02.smt2,unsat,0.03
/20220307-SMPT/Referendum-PT-0100/RC-11.smt2,sat,0.03
/20220307-SMPT/Referendum-PT-0100/RF-03.smt2,unsat,0.03
/20220307-SMPT/Referendum-PT-0100/RC-01.smt2,failed,1200.0
/20220307-SMPT/Referendum-PT-0100/RF-00.smt2,failed,1200.0
/20220307-SMPT/Referendum-PT-0100/RC-04.smt2,sat,0.11
/20220307-SMPT/Referendum-PT-0100/RF-11.smt2,sat,0.03
/20220307-SMPT/Referendum-PT-0100/RC-13.smt2,sat,0.02
/20220307-SMPT/Referendum-PT-0100/RC-06.smt2,unsat,0.03
/20220307-SMPT/Referendum-PT-0100/RC-14.smt2,failed,1200.0
/20220307-SMPT/Referendum-PT-0100/RC-10.smt2,unsat,0.05
/20220307-SMPT/Referendum-PT-0100/RF-04.smt2,unsat,0.03
/20220307-SMPT/Referendum-PT-0100/RF-01.smt2,failed,1200.0
/20220307-SMPT/Referendum-PT-0100/RF-13.smt2,sat,0.03
/20220307-SMPT/Referendum-PT-0100/RC-05.smt2,unsat,0.02
/20220307-SMPT/Referendum-PT-0100/RC-00.smt2,failed,1200.0
/20220307-SMPT/Referendum-PT-0100/RF-05.smt2,unsat,0.02
/20220307-SMPT/Referendum-PT-0100/RF-07.smt2,unsat,0.04
/20220307-SMPT/Referendum-PT-0100/RF-10.smt2,sat,0.03
/20220307-SMPT/Referendum-PT-0100/RF-08.smt2,sat,0.03
/20220307-SMPT/Referendum-PT-0100/RC-08.smt2,unsat,0.03
/20220307-SMPT/Referendum-PT-0100/RF-15.smt2,sat,0.02
/20220307-SMPT/Referendum-PT-0100/RF-09.smt2,sat,0.03
/20220307-SMPT/Referendum-PT-0100/RC-07.smt2,unsat,0.02
/20220307-SMPT/Referendum-PT-0100/RF-06.smt2,failed,1200.0
/20220307-SMPT/Referendum-PT-0100/RC-09.smt2,unsat,0.03
/20220307-SMPT/Referendum-PT-0100/RC-15.smt2,unsat,0.04
/20220307-SMPT/Referendum-PT-0100/RC-12.smt2,unsat,0.02
/20220307-SMPT/Referendum-PT-0100/RF-14.smt2,sat,0.03
/20220307-SMPT/FMS-PT-10000/RC-02.smt2,sat,0.01
/20220307-SMPT/FMS-PT-10000/RF-12.smt2,sat,0.01
/20220307-SMPT/FMS-PT-10000/RC-03.smt2,failed,1200.0
/20220307-SMPT/FMS-PT-10000/RF-02.smt2,sat,0.01
/20220307-SMPT/FMS-PT-10000/RC-11.smt2,sat,0.02
/20220307-SMPT/FMS-PT-10000/RF-03.smt2,sat,0.01
/20220307-SMPT/FMS-PT-10000/RC-01.smt2,unsat,0.01
/20220307-SMPT/FMS-PT-10000/RF-00.smt2,sat,0.01
/20220307-SMPT/FMS-PT-10000/RC-04.smt2,sat,0.01
/20220307-SMPT/FMS-PT-10000/RF-11.smt2,sat,0.02
/20220307-SMPT/FMS-PT-10000/RC-13.smt2,sat,0.01
/20220307-SMPT/FMS-PT-10000/RC-06.smt2,sat,0.01
/20220307-SMPT/FMS-PT-10000/RC-14.smt2,unsat,0.01
/20220307-SMPT/FMS-PT-10000/RC-10.smt2,unsat,0.01
/20220307-SMPT/FMS-PT-10000/RF-04.smt2,sat,0.01
/20220307-SMPT/FMS-PT-10000/RF-01.smt2,sat,0.01
/20220307-SMPT/FMS-PT-10000/RF-13.smt2,sat,0.01
/20220307-SMPT/FMS-PT-10000/RC-05.smt2,failed,1200.0
/20220307-SMPT/FMS-PT-10000/RC-00.smt2,sat,0.01
/20220307-SMPT/FMS-PT-10000/RF-05.smt2,sat,0.01
/20220307-SMPT/FMS-PT-10000/RF-07.smt2,failed,1200.0
/20220307-SMPT/FMS-PT-10000/RF-10.smt2,sat,0.01
/20220307-SMPT/FMS-PT-10000/RF-08.smt2,sat,0.01
/20220307-SMPT/FMS-PT-10000/RC-08.smt2,sat,0.01
/20220307-SMPT/FMS-PT-10000/RF-15.smt2,sat,0.02
/20220307-SMPT/FMS-PT-10000/RF-09.smt2,sat,0.01
/20220307-SMPT/FMS-PT-10000/RC-07.smt2,sat,0.02
/20220307-SMPT/FMS-PT-10000/RF-06.smt2,sat,0.01
/20220307-SMPT/FMS-PT-10000/RC-09.smt2,sat,0.01
/20220307-SMPT/FMS-PT-10000/RC-15.smt2,sat,0.01
/20220307-SMPT/FMS-PT-10000/RC-12.smt2,sat,0.01
/20220307-SMPT/FMS-PT-10000/RF-14.smt2,sat,0.01
/20220307-SMPT/Referendum-PT-0200/RC-02.smt2,sat,0.25
/20220307-SMPT/Referendum-PT-0200/RF-12.smt2,sat,0.06
/20220307-SMPT/Referendum-PT-0200/RC-03.smt2,sat,0.3
/20220307-SMPT/Referendum-PT-0200/RF-02.smt2,failed,1200.0
/20220307-SMPT/Referendum-PT-0200/RC-11.smt2,unsat,0.05
/20220307-SMPT/Referendum-PT-0200/RF-03.smt2,sat,0.05
/20220307-SMPT/Referendum-PT-0200/RC-01.smt2,unsat,0.04
/20220307-SMPT/Referendum-PT-0200/RF-00.smt2,unsat,0.02
/20220307-SMPT/Referendum-PT-0200/RC-04.smt2,sat,0.12
/20220307-SMPT/Referendum-PT-0200/RF-11.smt2,sat,0.04
/20220307-SMPT/Referendum-PT-0200/RC-13.smt2,unsat,0.05
/20220307-SMPT/Referendum-PT-0200/RC-06.smt2,unsat,0.08
/20220307-SMPT/Referendum-PT-0200/RC-14.smt2,sat,0.05
/20220307-SMPT/Referendum-PT-0200/RC-10.smt2,sat,0.08
/20220307-SMPT/Referendum-PT-0200/RF-04.smt2,sat,0.08
/20220307-SMPT/Referendum-PT-0200/RF-01.smt2,unsat,0.03
/20220307-SMPT/Referendum-PT-0200/RF-13.smt2,sat,0.05
/20220307-SMPT/Referendum-PT-0200/RC-05.smt2,unsat,0.06
/20220307-SMPT/Referendum-PT-0200/RC-00.smt2,sat,1.02
/20220307-SMPT/Referendum-PT-0200/RF-05.smt2,unsat,0.06
/20220307-SMPT/Referendum-PT-0200/RF-07.smt2,unsat,0.04
/20220307-SMPT/Referendum-PT-0200/RF-10.smt2,sat,0.07
/20220307-SMPT/Referendum-PT-0200/RF-08.smt2,sat,0.05
/20220307-SMPT/Referendum-PT-0200/RC-08.smt2,sat,0.05
/20220307-SMPT/Referendum-PT-0200/RF-15.smt2,failed,1200.0
/20220307-SMPT/Referendum-PT-0200/RF-09.smt2,sat,0.05
/20220307-SMPT/Referendum-PT-0200/RC-07.smt2,unsat,0.08
/20220307-SMPT/Referendum-PT-0200/RF-06.smt2,sat,0.06
/20220307-SMPT/Referendum-PT-0200/RC-09.smt2,sat,0.05
/20220307-SMPT/Referendum-PT-0200/RC-15.smt2,sat,0.05
/20220307-SMPT/Referendum-PT-0200/RC-12.smt2,sat,0.06
/20220307-SMPT/Referendum-PT-0200/RF-14.smt2,sat,0.05
/20220307-SMPT/FMS-PT-00020/RC-02.smt2,sat,0.01
/20220307-SMPT/FMS-PT-00020/RF-12.smt2,sat,0.01
/20220307-SMPT/FMS-PT-00020/RC-03.smt2,sat,0.01
/20220307-SMPT/FMS-PT-00020/RF-02.smt2,sat,0.01
/20220307-SMPT/FMS-PT-00020/RC-11.smt2,sat,0.01
/20220307-SMPT/FMS-PT-00020/RF-03.smt2,sat,0.01
/20220307-SMPT/FMS-PT-00020/RC-01.smt2,sat,0.01
/20220307-SMPT/FMS-PT-00020/RF-00.smt2,sat,0.01
/20220307-SMPT/FMS-PT-00020/RC-04.smt2,sat,0.01
/20220307-SMPT/FMS-PT-00020/RF-11.smt2,unsat,0.01
/20220307-SMPT/FMS-PT-00020/RC-13.smt2,sat,0.01
/20220307-SMPT/FMS-PT-00020/RC-06.smt2,sat,0.01
/20220307-SMPT/FMS-PT-00020/RC-14.smt2,sat,0.01
/20220307-SMPT/FMS-PT-00020/RC-10.smt2,sat,0.01
/20220307-SMPT/FMS-PT-00020/RF-04.smt2,sat,0.01
/20220307-SMPT/FMS-PT-00020/RF-01.smt2,sat,0.01
/20220307-SMPT/FMS-PT-00020/RF-13.smt2,sat,0.01
/20220307-SMPT/FMS-PT-00020/RC-05.smt2,sat,0.01
/20220307-SMPT/FMS-PT-00020/RC-00.smt2,sat,0.01
/20220307-SMPT/FMS-PT-00020/RF-05.smt2,sat,0.01
/20220307-SMPT/FMS-PT-00020/RF-07.smt2,sat,0.01
/20220307-SMPT/FMS-PT-00020/RF-10.smt2,sat,0.01
/20220307-SMPT/FMS-PT-00020/RF-08.smt2,sat,0.01
/20220307-SMPT/FMS-PT-00020/RC-08.smt2,failed,1200.0
/20220307-SMPT/FMS-PT-00020/RF-15.smt2,failed,1200.0
/20220307-SMPT/FMS-PT-00020/RF-09.smt2,sat,0.01
/20220307-SMPT/FMS-PT-00020/RC-07.smt2,sat,0.01
/20220307-SMPT/FMS-PT-00020/RF-06.smt2,unsat,0.01
/20220307-SMPT/FMS-PT-00020/RC-09.smt2,sat,0.01
/20220307-SMPT/FMS-PT-00020/RC-15.smt2,sat,0.01
/20220307-SMPT/FMS-PT-00020/RC-12.smt2,sat,0.01
/20220307-SMPT/FMS-PT-00020/RF-14.smt2,sat,0.01
/20220307-SMPT/Referendum-PT-0050/RC-02.smt2,unsat,0.02
/20220307-SMPT/Referendum-PT-0050/RF-12.smt2,sat,0.02
/20220307-SMPT/Referendum-PT-0050/RC-03.smt2,sat,0.02
/20220307-SMPT/Referendum-PT-0050/RF-02.smt2,failed,1200.0
/20220307-SMPT/Referendum-PT-0050/RC-11.smt2,unsat,0.02
/20220307-SMPT/Referendum-PT-0050/RF-03.smt2,unsat,0.02
/20220307-SMPT/Referendum-PT-0050/RC-01.smt2,unsat,0.02
/20220307-SMPT/Referendum-PT-0050/RF-00.smt2,sat,0.01
/20220307-SMPT/Referendum-PT-0050/RC-04.smt2,unsat,0.02
/20220307-SMPT/Referendum-PT-0050/RF-11.smt2,sat,0.08
/20220307-SMPT/Referendum-PT-0050/RC-13.smt2,failed,1200.0
/20220307-SMPT/Referendum-PT-0050/RC-06.smt2,unsat,0.02
/20220307-SMPT/Referendum-PT-0050/RC-14.smt2,unsat,0.09
/20220307-SMPT/Referendum-PT-0050/RC-10.smt2,sat,0.07
/20220307-SMPT/Referendum-PT-0050/RF-04.smt2,unsat,0.1
/20220307-SMPT/Referendum-PT-0050/RF-01.smt2,unsat,0.02
/20220307-SMPT/Referendum-PT-0050/RF-13.smt2,sat,0.02
/20220307-SMPT/Referendum-PT-0050/RC-05.smt2,sat,0.02
/20220307-SMPT/Referendum-PT-0050/RC-00.smt2,unsat,0.01
/20220307-SMPT/Referendum-PT-0050/RF-05.smt2,sat,0.02
/20220307-SMPT/Referendum-PT-0050/RF-07.smt2,unsat,0.08
/20220307-SMPT/Referendum-PT-0050/RF-10.smt2,sat,0.07
/20220307-SMPT/Referendum-PT-0050/RF-08.smt2,sat,0.02
/20220307-SMPT/Referendum-PT-0050/RC-08.smt2,unsat,0.02
/20220307-SMPT/Referendum-PT-0050/RF-15.smt2,sat,0.08
/20220307-SMPT/Referendum-PT-0050/RF-09.smt2,sat,0.08
/20220307-SMPT/Referendum-PT-0050/RC-07.smt2,sat,0.1
/20220307-SMPT/Referendum-PT-0050/RF-06.smt2,failed,1200.0
/20220307-SMPT/Referendum-PT-0050/RC-09.smt2,unsat,0.02
/20220307-SMPT/Referendum-PT-0050/RC-15.smt2,failed,1200.0
/20220307-SMPT/Referendum-PT-0050/RC-12.smt2,sat,0.01
/20220307-SMPT/Referendum-PT-0050/RF-14.smt2,sat,0.03
/20220307-SMPT/SmallOperatingSystem-PT-MT1024DC0512/RC-02.smt2,sat,0.01
/20220307-SMPT/SmallOperatingSystem-PT-MT1024DC0512/RF-12.smt2,unsat,0.01
/20220307-SMPT/SmallOperatingSystem-PT-MT1024DC0512/RC-03.smt2,unsat,0.01
/20220307-SMPT/SmallOperatingSystem-PT-MT1024DC0512/RF-02.smt2,unsat,0.01
/20220307-SMPT/SmallOperatingSystem-PT-MT1024DC0512/RC-11.smt2,unsat,0.01
/20220307-SMPT/SmallOperatingSystem-PT-MT1024DC0512/RF-03.smt2,unsat,0.01
/20220307-SMPT/SmallOperatingSystem-PT-MT1024DC0512/RC-01.smt2,unsat,0.01
/20220307-SMPT/SmallOperatingSystem-PT-MT1024DC0512/RF-00.smt2,unsat,0.01
/20220307-SMPT/SmallOperatingSystem-PT-MT1024DC0512/RC-04.smt2,unsat,0.01
/20220307-SMPT/SmallOperatingSystem-PT-MT1024DC0512/RF-11.smt2,unsat,0.01
/20220307-SMPT/SmallOperatingSystem-PT-MT1024DC0512/RC-13.smt2,failed,1200.0
/20220307-SMPT/SmallOperatingSystem-PT-MT1024DC0512/RC-06.smt2,unsat,0.01
/20220307-SMPT/SmallOperatingSystem-PT-MT1024DC0512/RC-14.smt2,unsat,0.01
/20220307-SMPT/SmallOperatingSystem-PT-MT1024DC0512/RC-10.smt2,unsat,0.01
/20220307-SMPT/SmallOperatingSystem-PT-MT1024DC0512/RF-04.smt2,sat,0.01
/20220307-SMPT/SmallOperatingSystem-PT-MT1024DC0512/RF-01.smt2,failed,1200.0
/20220307-SMPT/SmallOperatingSystem-PT-MT1024DC0512/RC-05.smt2,sat,0.01
/20220307-SMPT/SmallOperatingSystem-PT-MT1024DC0512/RC-00.smt2,sat,0.01
/20220307-SMPT/SmallOperatingSystem-PT-MT1024DC0512/RF-05.smt2,sat,0.01
/20220307-SMPT/SmallOperatingSystem-PT-MT1024DC0512/RF-07.smt2,unsat,0.01
/20220307-SMPT/SmallOperatingSystem-PT-MT1024DC0512/RF-08.smt2,unsat,0.01
/20220307-SMPT/SmallOperatingSystem-PT-MT1024DC0512/RC-08.smt2,sat,0.01
/20220307-SMPT/SmallOperatingSystem-PT-MT1024DC0512/RF-15.smt2,sat,0.01
/20220307-SMPT/SmallOperatingSystem-PT-MT1024DC0512/RC-07.smt2,unsat,0.01
/20220307-SMPT/SmallOperatingSystem-PT-MT1024DC0512/RF-06.smt2,sat,0.01
/20220307-SMPT/SmallOperatingSystem-PT-MT1024DC0512/RC-09.smt2,sat,0.01
/20220307-SMPT/SmallOperatingSystem-PT-MT1024DC0512/RC-15.smt2,unsat,0.01
/20220307-SMPT/SmallOperatingSystem-PT-MT1024DC0512/RC-12.smt2,sat,0.01
/20220307-SMPT/SmallOperatingSystem-PT-MT1024DC0512/RF-14.smt2,unsat,0.01
/20220307-SMPT/Kanban-PT-00020/RC-02.smt2,sat,0.01
/20220307-SMPT/Kanban-PT-00020/RF-12.smt2,sat,0.01
/20220307-SMPT/Kanban-PT-00020/RC-03.smt2,sat,0.01
/20220307-SMPT/Kanban-PT-00020/RF-02.smt2,failed,1200.0
/20220307-SMPT/Kanban-PT-00020/RC-11.smt2,sat,0.01
/20220307-SMPT/Kanban-PT-00020/RF-03.smt2,unsat,0.01
/20220307-SMPT/Kanban-PT-00020/RC-01.smt2,sat,0.01
/20220307-SMPT/Kanban-PT-00020/RF-00.smt2,unsat,0.01
/20220307-SMPT/Kanban-PT-00020/RC-04.smt2,sat,0.01
/20220307-SMPT/Kanban-PT-00020/RF-11.smt2,sat,0.01
/20220307-SMPT/Kanban-PT-00020/RC-13.smt2,sat,0.01
/20220307-SMPT/Kanban-PT-00020/RC-06.smt2,sat,0.01
/20220307-SMPT/Kanban-PT-00020/RC-14.smt2,sat,0.01
/20220307-SMPT/Kanban-PT-00020/RC-10.smt2,sat,0.01
/20220307-SMPT/Kanban-PT-00020/RF-04.smt2,unsat,0.01
/20220307-SMPT/Kanban-PT-00020/RF-01.smt2,sat,0.01
/20220307-SMPT/Kanban-PT-00020/RF-13.smt2,unsat,0.01
/20220307-SMPT/Kanban-PT-00020/RC-05.smt2,sat,0.01
/20220307-SMPT/Kanban-PT-00020/RC-00.smt2,sat,0.01
/20220307-SMPT/Kanban-PT-00020/RF-05.smt2,sat,0.01
/20220307-SMPT/Kanban-PT-00020/RF-07.smt2,unsat,0.01
/20220307-SMPT/Kanban-PT-00020/RF-10.smt2,sat,0.01
/20220307-SMPT/Kanban-PT-00020/RF-08.smt2,sat,0.01
/20220307-SMPT/Kanban-PT-00020/RC-08.smt2,sat,0.01
/20220307-SMPT/Kanban-PT-00020/RF-15.smt2,sat,0.01
/20220307-SMPT/Kanban-PT-00020/RF-09.smt2,sat,0.01
/20220307-SMPT/Kanban-PT-00020/RC-07.smt2,sat,0.01
/20220307-SMPT/Kanban-PT-00020/RF-06.smt2,sat,0.01
/20220307-SMPT/Kanban-PT-00020/RC-09.smt2,sat,0.01
/20220307-SMPT/Kanban-PT-00020/RC-15.smt2,sat,0.01
/20220307-SMPT/Kanban-PT-00020/RC-12.smt2,sat,0.01
/20220307-SMPT/Kanban-PT-00020/RF-14.smt2,sat,0.01
/20220307-SMPT/Kanban-PT-00100/RC-02.smt2,sat,0.01
/20220307-SMPT/Kanban-PT-00100/RF-12.smt2,sat,0.01
/20220307-SMPT/Kanban-PT-00100/RC-03.smt2,sat,0.01
/20220307-SMPT/Kanban-PT-00100/RF-02.smt2,sat,0.01
/20220307-SMPT/Kanban-PT-00100/RC-11.smt2,sat,0.01
/20220307-SMPT/Kanban-PT-00100/RF-03.smt2,unsat,0.01
/20220307-SMPT/Kanban-PT-00100/RC-01.smt2,sat,0.01
/20220307-SMPT/Kanban-PT-00100/RF-00.smt2,sat,0.01
/20220307-SMPT/Kanban-PT-00100/RC-04.smt2,sat,0.01
/20220307-SMPT/Kanban-PT-00100/RC-13.smt2,sat,0.01
/20220307-SMPT/Kanban-PT-00100/RC-06.smt2,sat,0.01
/20220307-SMPT/Kanban-PT-00100/RC-14.smt2,sat,0.01
/20220307-SMPT/Kanban-PT-00100/RC-10.smt2,unsat,0.01
/20220307-SMPT/Kanban-PT-00100/RF-04.smt2,sat,0.01
/20220307-SMPT/Kanban-PT-00100/RF-01.smt2,unsat,0.01
/20220307-SMPT/Kanban-PT-00100/RF-13.smt2,unsat,0.01
/20220307-SMPT/Kanban-PT-00100/RC-05.smt2,sat,0.01
/20220307-SMPT/Kanban-PT-00100/RC-00.smt2,sat,0.01
/20220307-SMPT/Kanban-PT-00100/RF-05.smt2,sat,0.01
/20220307-SMPT/Kanban-PT-00100/RF-07.smt2,sat,0.01
/20220307-SMPT/Kanban-PT-00100/RF-10.smt2,sat,0.01
/20220307-SMPT/Kanban-PT-00100/RF-08.smt2,unsat,0.01
/20220307-SMPT/Kanban-PT-00100/RC-08.smt2,sat,0.01
/20220307-SMPT/Kanban-PT-00100/RF-15.smt2,unsat,0.01
/20220307-SMPT/Kanban-PT-00100/RF-09.smt2,sat,0.01
/20220307-SMPT/Kanban-PT-00100/RC-07.smt2,sat,0.01
/20220307-SMPT/Kanban-PT-00100/RF-06.smt2,sat,0.01
/20220307-SMPT/Kanban-PT-00100/RC-09.smt2,sat,0.01
/20220307-SMPT/Kanban-PT-00100/RC-15.smt2,unsat,0.01
/20220307-SMPT/Kanban-PT-00100/RC-12.smt2,sat,0.01
/20220307-SMPT/Kanban-PT-00100/RF-14.smt2,unsat,0.01
/CAV_2009_benchmarks/smt/25-vars/problem_2__027.smt2,sat,3.76
/CAV_2009_benchmarks/smt/25-vars/problem_2__017.smt2,sat,1.64
/CAV_2009_benchmarks/smt/25-vars/problem__007.smt2,sat,0.01
/CAV_2009_benchmarks/smt/25-vars/problem_2__020.smt2,sat,0.0
/CAV_2009_benchmarks/smt/25-vars/problem__028.smt2,sat,1.85
/CAV_2009_benchmarks/smt/25-vars/problem_2__016.smt2,sat,0.51
/CAV_2009_benchmarks/smt/25-vars/problem_2__003.smt2,sat,0.0
/CAV_2009_benchmarks/smt/25-vars/problem_2__015.smt2,sat,0.45
/CAV_2009_benchmarks/smt/25-vars/problem__035.smt2,sat,3.89
/CAV_2009_benchmarks/smt/25-vars/problem_2__013.smt2,sat,0.56
/CAV_2009_benchmarks/smt/25-vars/problem__015.smt2,sat,0.25
/CAV_2009_benchmarks/smt/25-vars/problem__029.smt2,sat,5.71
/CAV_2009_benchmarks/smt/25-vars/problem__020.smt2,sat,1.39
/CAV_2009_benchmarks/smt/25-vars/problem__033.smt2,sat,2.69
/CAV_2009_benchmarks/smt/25-vars/problem_2__024.smt2,sat,2.36
/CAV_2009_benchmarks/smt/25-vars/problem__019.smt2,sat,0.89
/CAV_2009_benchmarks/smt/25-vars/problem_2__028.smt2,sat,1.64
/CAV_2009_benchmarks/smt/25-vars/problem__030.smt2,sat,1.38
/CAV_2009_benchmarks/smt/25-vars/problem__023.smt2,sat,0.58
/CAV_2009_benchmarks/smt/25-vars/problem_2__010.smt2,sat,0.0
/CAV_2009_benchmarks/smt/25-vars/problem__012.smt2,sat,0.75
/CAV_2009_benchmarks/smt/25-vars/problem__024.smt2,sat,1.63
/CAV_2009_benchmarks/smt/25-vars/problem__032.smt2,unsat,0.03
/CAV_2009_benchmarks/smt/25-vars/problem__027.smt2,sat,1.29
/CAV_2009_benchmarks/smt/25-vars/problem_2__022.smt2,sat,1.2
/CAV_2009_benchmarks/smt/25-vars/problem__016.smt2,sat,0.12
/CAV_2009_benchmarks/smt/25-vars/problem__025.smt2,sat,1.07
/CAV_2009_benchmarks/smt/25-vars/problem_2__030.smt2,sat,1.35
/CAV_2009_benchmarks/smt/25-vars/problem_2__019.smt2,sat,0.43
/CAV_2009_benchmarks/smt/25-vars/problem__018.smt2,sat,0.57
/CAV_2009_benchmarks/smt/25-vars/problem_2__031.smt2,unsat,0.03
/CAV_2009_benchmarks/smt/25-vars/problem__013.smt2,sat,0.02
/CAV_2009_benchmarks/smt/25-vars/problem__009.smt2,sat,0.06
/CAV_2009_benchmarks/smt/25-vars/problem__017.smt2,sat,1.2
/CAV_2009_benchmarks/smt/25-vars/problem_2__012.smt2,sat,0.02
/CAV_2009_benchmarks/smt/25-vars/problem_2__005.smt2,sat,0.0
/CAV_2009_benchmarks/smt/25-vars/problem_2__011.smt2,sat,0.13
/CAV_2009_benchmarks/smt/25-vars/problem_2__018.smt2,sat,0.62
/CAV_2009_benchmarks/smt/25-vars/problem__014.smt2,sat,0.36
/CAV_2009_benchmarks/smt/25-vars/problem__008.smt2,sat,0.19
/CAV_2009_benchmarks/smt/25-vars/problem_2__014.smt2,sat,0.44
/CAV_2009_benchmarks/smt/25-vars/problem_2__007.smt2,sat,0.0
/CAV_2009_benchmarks/smt/25-vars/problem_2__001.smt2,sat,0.0
/CAV_2009_benchmarks/smt/25-vars/problem_2__026.smt2,sat,2.66
/CAV_2009_benchmarks/smt/25-vars/problem__011.smt2,sat,0.26
/CAV_2009_benchmarks/smt/25-vars/problem_2__032.smt2,sat,8.81
/CAV_2009_benchmarks/smt/25-vars/problem_2__006.smt2,sat,0.03
/CAV_2009_benchmarks/smt/25-vars/problem_2__029.smt2,unsat,0.02
/CAV_2009_benchmarks/smt/25-vars/problem__005.smt2,sat,0.0
/CAV_2009_benchmarks/smt/25-vars/problem_2__034.smt2,sat,3.94
/CAV_2009_benchmarks/smt/25-vars/problem_2__004.smt2,sat,0.0
/CAV_2009_benchmarks/smt/25-vars/problem__003.smt2,sat,0.0
/CAV_2009_benchmarks/smt/25-vars/problem__034.smt2,unsat,0.06
/CAV_2009_benchmarks/smt/25-vars/problem_2__002.smt2,sat,0.0
/CAV_2009_benchmarks/smt/25-vars/problem_2__035.smt2,sat,2.66
/CAV_2009_benchmarks/smt/25-vars/problem__021.smt2,sat,1.82
/CAV_2009_benchmarks/smt/25-vars/problem_2__009.smt2,sat,0.0
/CAV_2009_benchmarks/smt/25-vars/problem_2__008.smt2,sat,0.01
/CAV_2009_benchmarks/smt/25-vars/problem_2__033.smt2,unsat,0.02
/CAV_2009_benchmarks/smt/25-vars/problem__002.smt2,sat,0.0
/CAV_2009_benchmarks/smt/25-vars/problem__001.smt2,sat,0.0
/CAV_2009_benchmarks/smt/25-vars/problem__010.smt2,sat,0.01
/CAV_2009_benchmarks/smt/25-vars/problem__026.smt2,sat,2.58
/CAV_2009_benchmarks/smt/25-vars/problem__004.smt2,sat,0.0
/CAV_2009_benchmarks/smt/25-vars/problem__031.smt2,unsat,0.03
/CAV_2009_benchmarks/smt/25-vars/problem_2__025.smt2,sat,1.51
/CAV_2009_benchmarks/smt/25-vars/problem_2__023.smt2,sat,1.22
/CAV_2009_benchmarks/smt/25-vars/problem__022.smt2,unsat,0.07
/CAV_2009_benchmarks/smt/25-vars/problem__006.smt2,sat,0.22
/CAV_2009_benchmarks/smt/25-vars/problem_2__021.smt2,sat,2.06
/CAV_2009_benchmarks/smt/35-vars/problem_2__027.smt2,sat,27.91
/CAV_2009_benchmarks/smt/35-vars/problem_2__017.smt2,sat,2.79
/CAV_2009_benchmarks/smt/35-vars/problem__007.smt2,sat,0.01
/CAV_2009_benchmarks/smt/35-vars/problem_2__020.smt2,sat,0.0
/CAV_2009_benchmarks/smt/35-vars/problem__028.smt2,sat,25.38
/CAV_2009_benchmarks/smt/35-vars/problem_2__016.smt2,sat,6.01
/CAV_2009_benchmarks/smt/35-vars/problem_2__003.smt2,sat,0.01
/CAV_2009_benchmarks/smt/35-vars/problem_2__015.smt2,sat,2.2
/CAV_2009_benchmarks/smt/35-vars/problem__035.smt2,sat,35.25
/CAV_2009_benchmarks/smt/35-vars/problem_2__013.smt2,sat,1.79
/CAV_2009_benchmarks/smt/35-vars/problem__015.smt2,sat,0.06
/CAV_2009_benchmarks/smt/35-vars/problem__029.smt2,sat,37.34
/CAV_2009_benchmarks/smt/35-vars/problem__020.smt2,sat,2.62
/CAV_2009_benchmarks/smt/35-vars/problem__033.smt2,sat,19.37
/CAV_2009_benchmarks/smt/35-vars/problem_2__024.smt2,sat,16.41
/CAV_2009_benchmarks/smt/35-vars/problem__019.smt2,sat,4.98
/CAV_2009_benchmarks/smt/35-vars/problem_2__028.smt2,sat,29.14
/CAV_2009_benchmarks/smt/35-vars/problem__030.smt2,sat,7.94
/CAV_2009_benchmarks/smt/35-vars/problem__023.smt2,sat,5.98
/CAV_2009_benchmarks/smt/35-vars/problem_2__010.smt2,sat,0.0
/CAV_2009_benchmarks/smt/35-vars/problem__012.smt2,sat,1.25
/CAV_2009_benchmarks/smt/35-vars/problem__024.smt2,sat,9.42
/CAV_2009_benchmarks/smt/35-vars/problem__032.smt2,sat,45.84
/CAV_2009_benchmarks/smt/35-vars/problem__027.smt2,sat,17.13
/CAV_2009_benchmarks/smt/35-vars/problem_2__022.smt2,sat,7.24
/CAV_2009_benchmarks/smt/35-vars/problem__016.smt2,sat,4.54
/CAV_2009_benchmarks/smt/35-vars/problem__025.smt2,sat,8.68
/CAV_2009_benchmarks/smt/35-vars/problem_2__030.smt2,sat,40.04
/CAV_2009_benchmarks/smt/35-vars/problem_2__019.smt2,sat,5.05
/CAV_2009_benchmarks/smt/35-vars/problem__018.smt2,sat,1.05
/CAV_2009_benchmarks/smt/35-vars/problem_2__031.smt2,sat,34.86
/CAV_2009_benchmarks/smt/35-vars/problem__013.smt2,sat,0.24
/CAV_2009_benchmarks/smt/35-vars/problem__009.smt2,sat,0.01
/CAV_2009_benchmarks/smt/35-vars/problem__017.smt2,sat,6.41
/CAV_2009_benchmarks/smt/35-vars/problem_2__012.smt2,sat,2.82
/CAV_2009_benchmarks/smt/35-vars/problem_2__005.smt2,failed,1200.0
/CAV_2009_benchmarks/smt/35-vars/problem_2__011.smt2,sat,0.17
/CAV_2009_benchmarks/smt/35-vars/problem_2__018.smt2,sat,8.01
/CAV_2009_benchmarks/smt/35-vars/problem__014.smt2,sat,0.97
/CAV_2009_benchmarks/smt/35-vars/problem__008.smt2,sat,0.62
/CAV_2009_benchmarks/smt/35-vars/problem_2__014.smt2,sat,0.55
/CAV_2009_benchmarks/smt/35-vars/problem_2__007.smt2,sat,0.05
/CAV_2009_benchmarks/smt/35-vars/problem_2__001.smt2,sat,0.0
/CAV_2009_benchmarks/smt/35-vars/problem_2__026.smt2,sat,33.18
/CAV_2009_benchmarks/smt/35-vars/problem__011.smt2,sat,0.59
/CAV_2009_benchmarks/smt/35-vars/problem_2__032.smt2,sat,40.5
/CAV_2009_benchmarks/smt/35-vars/problem_2__006.smt2,failed,1200.0
/CAV_2009_benchmarks/smt/35-vars/problem_2__029.smt2,sat,5.9
/CAV_2009_benchmarks/smt/35-vars/problem__005.smt2,sat,0.01
/CAV_2009_benchmarks/smt/35-vars/problem_2__034.smt2,sat,5.95
/CAV_2009_benchmarks/smt/35-vars/problem_2__004.smt2,sat,0.0
/CAV_2009_benchmarks/smt/35-vars/problem__003.smt2,sat,0.0
/CAV_2009_benchmarks/smt/35-vars/problem__034.smt2,sat,43.01
/CAV_2009_benchmarks/smt/35-vars/problem_2__002.smt2,sat,0.0
/CAV_2009_benchmarks/smt/35-vars/problem_2__035.smt2,sat,38.84
/CAV_2009_benchmarks/smt/35-vars/problem__021.smt2,sat,36.21
/CAV_2009_benchmarks/smt/35-vars/problem_2__009.smt2,sat,0.01
/CAV_2009_benchmarks/smt/35-vars/problem_2__008.smt2,sat,0.04
/CAV_2009_benchmarks/smt/35-vars/problem_2__033.smt2,sat,42.67
/CAV_2009_benchmarks/smt/35-vars/problem__002.smt2,sat,0.0
/CAV_2009_benchmarks/smt/35-vars/problem__001.smt2,sat,0.0
/CAV_2009_benchmarks/smt/35-vars/problem__010.smt2,sat,0.0
/CAV_2009_benchmarks/smt/35-vars/problem__026.smt2,sat,43.71
/CAV_2009_benchmarks/smt/35-vars/problem__004.smt2,sat,0.0
/CAV_2009_benchmarks/smt/35-vars/problem__031.smt2,sat,48.18
/CAV_2009_benchmarks/smt/35-vars/problem_2__025.smt2,sat,8.76
/CAV_2009_benchmarks/smt/35-vars/problem_2__023.smt2,sat,6.06
/CAV_2009_benchmarks/smt/35-vars/problem__022.smt2,sat,27.58
/CAV_2009_benchmarks/smt/35-vars/problem__006.smt2,sat,0.12
/CAV_2009_benchmarks/smt/35-vars/problem_2__021.smt2,sat,36.87
/CAV_2009_benchmarks/smt/20-vars/problem_2__027.smt2,unsat,0.01
/CAV_2009_benchmarks/smt/20-vars/problem_2__017.smt2,sat,0.07
/CAV_2009_benchmarks/smt/20-vars/problem__007.smt2,sat,0.0
/CAV_2009_benchmarks/smt/20-vars/problem_2__020.smt2,sat,0.02
/CAV_2009_benchmarks/smt/20-vars/problem__028.smt2,sat,0.82
/CAV_2009_benchmarks/smt/20-vars/problem_2__016.smt2,sat,0.0
/CAV_2009_benchmarks/smt/20-vars/problem_2__003.smt2,sat,0.0
/CAV_2009_benchmarks/smt/20-vars/problem_2__015.smt2,sat,0.0
/CAV_2009_benchmarks/smt/20-vars/problem__035.smt2,unsat,0.01
/CAV_2009_benchmarks/smt/20-vars/problem_2__013.smt2,sat,0.01
/CAV_2009_benchmarks/smt/20-vars/problem__015.smt2,sat,0.01
/CAV_2009_benchmarks/smt/20-vars/problem__029.smt2,unsat,0.02
/CAV_2009_benchmarks/smt/20-vars/problem__020.smt2,sat,0.14
/CAV_2009_benchmarks/smt/20-vars/problem__033.smt2,unsat,0.02
/CAV_2009_benchmarks/smt/20-vars/problem_2__024.smt2,sat,0.19
/CAV_2009_benchmarks/smt/20-vars/problem__019.smt2,sat,0.12
/CAV_2009_benchmarks/smt/20-vars/problem_2__028.smt2,sat,0.48
/CAV_2009_benchmarks/smt/20-vars/problem__030.smt2,sat,0.24
/CAV_2009_benchmarks/smt/20-vars/problem__023.smt2,unsat,0.0
/CAV_2009_benchmarks/smt/20-vars/problem_2__010.smt2,sat,0.01
/CAV_2009_benchmarks/smt/20-vars/problem__012.smt2,sat,0.04
/CAV_2009_benchmarks/smt/20-vars/problem__024.smt2,sat,0.97
/CAV_2009_benchmarks/smt/20-vars/problem__032.smt2,unsat,0.01
/CAV_2009_benchmarks/smt/20-vars/problem__027.smt2,unsat,0.01
/CAV_2009_benchmarks/smt/20-vars/problem_2__022.smt2,sat,0.13
/CAV_2009_benchmarks/smt/20-vars/problem__016.smt2,unsat,0.0
/CAV_2009_benchmarks/smt/20-vars/problem__025.smt2,unsat,0.01
/CAV_2009_benchmarks/smt/20-vars/problem_2__030.smt2,unsat,0.01
/CAV_2009_benchmarks/smt/20-vars/problem_2__019.smt2,sat,0.31
/CAV_2009_benchmarks/smt/20-vars/problem__018.smt2,unsat,0.0
/CAV_2009_benchmarks/smt/20-vars/problem_2__031.smt2,unsat,0.02
/CAV_2009_benchmarks/smt/20-vars/problem__013.smt2,sat,0.0
/CAV_2009_benchmarks/smt/20-vars/problem__009.smt2,sat,0.01
/CAV_2009_benchmarks/smt/20-vars/problem__017.smt2,sat,0.01
/CAV_2009_benchmarks/smt/20-vars/problem_2__012.smt2,sat,0.01
/CAV_2009_benchmarks/smt/20-vars/problem_2__005.smt2,sat,0.01
/CAV_2009_benchmarks/smt/20-vars/problem_2__011.smt2,sat,0.01
/CAV_2009_benchmarks/smt/20-vars/problem_2__018.smt2,sat,0.07
/CAV_2009_benchmarks/smt/20-vars/problem__014.smt2,unsat,0.86
/CAV_2009_benchmarks/smt/20-vars/problem__008.smt2,sat,0.0
/CAV_2009_benchmarks/smt/20-vars/problem_2__014.smt2,sat,0.22
/CAV_2009_benchmarks/smt/20-vars/problem_2__007.smt2,sat,0.0
/CAV_2009_benchmarks/smt/20-vars/problem_2__001.smt2,sat,0.0
/CAV_2009_benchmarks/smt/20-vars/problem_2__026.smt2,unsat,0.01
/CAV_2009_benchmarks/smt/20-vars/problem__011.smt2,sat,0.04
/CAV_2009_benchmarks/smt/20-vars/problem_2__032.smt2,unsat,0.0
/CAV_2009_benchmarks/smt/20-vars/problem_2__006.smt2,sat,0.0
/CAV_2009_benchmarks/smt/20-vars/problem_2__029.smt2,sat,0.18
/CAV_2009_benchmarks/smt/20-vars/problem__005.smt2,sat,0.0
/CAV_2009_benchmarks/smt/20-vars/problem_2__034.smt2,unsat,0.01
/CAV_2009_benchmarks/smt/20-vars/problem_2__004.smt2,sat,0.0
/CAV_2009_benchmarks/smt/20-vars/problem__003.smt2,sat,0.0
/CAV_2009_benchmarks/smt/20-vars/problem__034.smt2,unsat,0.02
/CAV_2009_benchmarks/smt/20-vars/problem_2__002.smt2,sat,0.0
/CAV_2009_benchmarks/smt/20-vars/problem_2__035.smt2,sat,1.49
/CAV_2009_benchmarks/smt/20-vars/problem__021.smt2,sat,0.47
/CAV_2009_benchmarks/smt/20-vars/problem_2__009.smt2,sat,0.0
/CAV_2009_benchmarks/smt/20-vars/problem_2__008.smt2,sat,0.01
/CAV_2009_benchmarks/smt/20-vars/problem_2__033.smt2,unsat,0.01
/CAV_2009_benchmarks/smt/20-vars/problem__002.smt2,sat,0.0
/CAV_2009_benchmarks/smt/20-vars/problem__001.smt2,sat,0.0
/CAV_2009_benchmarks/smt/20-vars/problem__010.smt2,sat,0.0
/CAV_2009_benchmarks/smt/20-vars/problem__026.smt2,sat,0.47
/CAV_2009_benchmarks/smt/20-vars/problem__004.smt2,sat,0.0
/CAV_2009_benchmarks/smt/20-vars/problem__031.smt2,unsat,0.01
/CAV_2009_benchmarks/smt/20-vars/problem_2__025.smt2,sat,0.37
/CAV_2009_benchmarks/smt/20-vars/problem_2__023.smt2,unsat,0.1
/CAV_2009_benchmarks/smt/20-vars/problem__022.smt2,sat,0.0
/CAV_2009_benchmarks/smt/20-vars/problem__006.smt2,sat,0.0
/CAV_2009_benchmarks/smt/20-vars/problem_2__021.smt2,sat,0.23
/CAV_2009_benchmarks/smt/45-vars/problem_2__027.smt2,sat,79.85
/CAV_2009_benchmarks/smt/45-vars/problem_2__017.smt2,sat,7.12
/CAV_2009_benchmarks/smt/45-vars/problem__007.smt2,sat,0.04
/CAV_2009_benchmarks/smt/45-vars/problem_2__020.smt2,sat,1.83
/CAV_2009_benchmarks/smt/45-vars/problem__028.smt2,sat,97.45
/CAV_2009_benchmarks/smt/45-vars/problem_2__016.smt2,sat,76.53
/CAV_2009_benchmarks/smt/45-vars/problem_2__003.smt2,sat,0.0
/CAV_2009_benchmarks/smt/45-vars/problem_2__015.smt2,sat,2.3
/CAV_2009_benchmarks/smt/45-vars/problem__035.smt2,sat,270.64
/CAV_2009_benchmarks/smt/45-vars/problem_2__013.smt2,sat,2.08
/CAV_2009_benchmarks/smt/45-vars/problem__015.smt2,sat,0.1
/CAV_2009_benchmarks/smt/45-vars/problem__029.smt2,sat,96.48
/CAV_2009_benchmarks/smt/45-vars/problem__020.smt2,sat,76.49
/CAV_2009_benchmarks/smt/45-vars/problem__033.smt2,sat,93.89
/CAV_2009_benchmarks/smt/45-vars/problem_2__024.smt2,sat,19.75
/CAV_2009_benchmarks/smt/45-vars/problem__019.smt2,sat,53.8
/CAV_2009_benchmarks/smt/45-vars/problem_2__028.smt2,sat,106.14
/CAV_2009_benchmarks/smt/45-vars/problem__030.smt2,sat,144.48
/CAV_2009_benchmarks/smt/45-vars/problem__023.smt2,sat,80.07
/CAV_2009_benchmarks/smt/45-vars/problem_2__010.smt2,sat,0.15
/CAV_2009_benchmarks/smt/45-vars/problem__012.smt2,sat,0.0
/CAV_2009_benchmarks/smt/45-vars/problem__024.smt2,sat,134.3
/CAV_2009_benchmarks/smt/45-vars/problem__032.smt2,sat,152.24
/CAV_2009_benchmarks/smt/45-vars/problem__027.smt2,sat,20.41
/CAV_2009_benchmarks/smt/45-vars/problem_2__022.smt2,sat,77.19
/CAV_2009_benchmarks/smt/45-vars/problem__016.smt2,sat,46.25
/CAV_2009_benchmarks/smt/45-vars/problem__025.smt2,sat,56.33
/CAV_2009_benchmarks/smt/45-vars/problem_2__030.smt2,sat,128.41
/CAV_2009_benchmarks/smt/45-vars/problem_2__019.smt2,sat,59.07
/CAV_2009_benchmarks/smt/45-vars/problem__018.smt2,sat,66.06
/CAV_2009_benchmarks/smt/45-vars/problem_2__031.smt2,sat,271.69
/CAV_2009_benchmarks/smt/45-vars/problem__013.smt2,sat,7.39
/CAV_2009_benchmarks/smt/45-vars/problem__009.smt2,sat,0.0
/CAV_2009_benchmarks/smt/45-vars/problem__017.smt2,sat,78.69
/CAV_2009_benchmarks/smt/45-vars/problem_2__012.smt2,sat,8.14
/CAV_2009_benchmarks/smt/45-vars/problem_2__005.smt2,sat,0.0
/CAV_2009_benchmarks/smt/45-vars/problem_2__011.smt2,sat,5.08
/CAV_2009_benchmarks/smt/45-vars/problem_2__018.smt2,sat,0.01
/CAV_2009_benchmarks/smt/45-vars/problem__014.smt2,sat,57.53
/CAV_2009_benchmarks/smt/45-vars/problem__008.smt2,sat,0.01
/CAV_2009_benchmarks/smt/45-vars/problem_2__014.smt2,sat,0.07
/CAV_2009_benchmarks/smt/45-vars/problem_2__007.smt2,sat,0.0
/CAV_2009_benchmarks/smt/45-vars/problem_2__001.smt2,sat,0.0
/CAV_2009_benchmarks/smt/45-vars/problem_2__026.smt2,sat,100.32
/CAV_2009_benchmarks/smt/45-vars/problem__011.smt2,sat,19.42
/CAV_2009_benchmarks/smt/45-vars/problem_2__032.smt2,sat,240.54
/CAV_2009_benchmarks/smt/45-vars/problem_2__006.smt2,failed,1200.0
/CAV_2009_benchmarks/smt/45-vars/problem_2__029.smt2,sat,124.08
/CAV_2009_benchmarks/smt/45-vars/problem__005.smt2,failed,1200.0
/CAV_2009_benchmarks/smt/45-vars/problem_2__034.smt2,sat,167.29
/CAV_2009_benchmarks/smt/45-vars/problem_2__004.smt2,sat,0.01
/CAV_2009_benchmarks/smt/45-vars/problem__003.smt2,sat,0.0
/CAV_2009_benchmarks/smt/45-vars/problem__034.smt2,sat,129.97
/CAV_2009_benchmarks/smt/45-vars/problem_2__002.smt2,sat,0.0
/CAV_2009_benchmarks/smt/45-vars/problem_2__035.smt2,sat,126.54
/CAV_2009_benchmarks/smt/45-vars/problem__021.smt2,sat,77.63
/CAV_2009_benchmarks/smt/45-vars/problem_2__009.smt2,sat,0.0
/CAV_2009_benchmarks/smt/45-vars/problem_2__008.smt2,sat,0.01
/CAV_2009_benchmarks/smt/45-vars/problem_2__033.smt2,sat,108.73
/CAV_2009_benchmarks/smt/45-vars/problem__002.smt2,sat,0.0
/CAV_2009_benchmarks/smt/45-vars/problem__001.smt2,sat,0.01
/CAV_2009_benchmarks/smt/45-vars/problem__010.smt2,sat,0.08
/CAV_2009_benchmarks/smt/45-vars/problem__026.smt2,sat,69.75
/CAV_2009_benchmarks/smt/45-vars/problem__004.smt2,sat,0.0
/CAV_2009_benchmarks/smt/45-vars/problem__031.smt2,sat,128.93
/CAV_2009_benchmarks/smt/45-vars/problem_2__025.smt2,sat,85.08
/CAV_2009_benchmarks/smt/45-vars/problem_2__023.smt2,sat,91.98
/CAV_2009_benchmarks/smt/45-vars/problem__022.smt2,sat,88.01
/CAV_2009_benchmarks/smt/45-vars/problem__006.smt2,sat,0.0
/CAV_2009_benchmarks/smt/45-vars/problem_2__021.smt2,sat,86.47
/CAV_2009_benchmarks/smt/30-vars/problem_2__027.smt2,sat,2.98
/CAV_2009_benchmarks/smt/30-vars/problem_2__017.smt2,sat,2.0
/CAV_2009_benchmarks/smt/30-vars/problem__007.smt2,sat,0.0
/CAV_2009_benchmarks/smt/30-vars/problem_2__020.smt2,sat,4.72
/CAV_2009_benchmarks/smt/30-vars/problem__028.smt2,sat,25.61
/CAV_2009_benchmarks/smt/30-vars/problem_2__016.smt2,sat,3.19
/CAV_2009_benchmarks/smt/30-vars/problem_2__003.smt2,sat,0.0
/CAV_2009_benchmarks/smt/30-vars/problem_2__015.smt2,sat,1.08
/CAV_2009_benchmarks/smt/30-vars/problem__035.smt2,sat,9.99
/CAV_2009_benchmarks/smt/30-vars/problem_2__013.smt2,sat,0.06
/CAV_2009_benchmarks/smt/30-vars/problem__015.smt2,sat,0.75
/CAV_2009_benchmarks/smt/30-vars/problem__029.smt2,sat,7.35
/CAV_2009_benchmarks/smt/30-vars/problem__020.smt2,sat,0.89
/CAV_2009_benchmarks/smt/30-vars/problem__033.smt2,sat,10.55
/CAV_2009_benchmarks/smt/30-vars/problem_2__024.smt2,sat,0.0
/CAV_2009_benchmarks/smt/30-vars/problem__019.smt2,sat,4.9
/CAV_2009_benchmarks/smt/30-vars/problem_2__028.smt2,sat,5.07
/CAV_2009_benchmarks/smt/30-vars/problem__030.smt2,sat,7.87
/CAV_2009_benchmarks/smt/30-vars/problem__023.smt2,sat,3.07
/CAV_2009_benchmarks/smt/30-vars/problem_2__010.smt2,sat,0.0
/CAV_2009_benchmarks/smt/30-vars/problem__012.smt2,sat,1.48
/CAV_2009_benchmarks/smt/30-vars/problem__024.smt2,sat,2.47
/CAV_2009_benchmarks/smt/30-vars/problem__032.smt2,unsat,0.03
/CAV_2009_benchmarks/smt/30-vars/problem__027.smt2,sat,9.45
/CAV_2009_benchmarks/smt/30-vars/problem_2__022.smt2,sat,3.97
/CAV_2009_benchmarks/smt/30-vars/problem__016.smt2,sat,3.35
/CAV_2009_benchmarks/smt/30-vars/problem__025.smt2,sat,5.06
/CAV_2009_benchmarks/smt/30-vars/problem_2__030.smt2,sat,12.85
/CAV_2009_benchmarks/smt/30-vars/problem_2__019.smt2,sat,0.76
/CAV_2009_benchmarks/smt/30-vars/problem__018.smt2,sat,1.24
/CAV_2009_benchmarks/smt/30-vars/problem_2__031.smt2,sat,7.91
/CAV_2009_benchmarks/smt/30-vars/problem__013.smt2,sat,1.01
/CAV_2009_benchmarks/smt/30-vars/problem__009.smt2,sat,0.0
/CAV_2009_benchmarks/smt/30-vars/problem__017.smt2,sat,0.4
/CAV_2009_benchmarks/smt/30-vars/problem_2__012.smt2,sat,0.0
/CAV_2009_benchmarks/smt/30-vars/problem_2__005.smt2,sat,0.0
/CAV_2009_benchmarks/smt/30-vars/problem_2__011.smt2,sat,0.0
/CAV_2009_benchmarks/smt/30-vars/problem_2__018.smt2,sat,2.71
/CAV_2009_benchmarks/smt/30-vars/problem__014.smt2,sat,0.82
/CAV_2009_benchmarks/smt/30-vars/problem__008.smt2,sat,0.07
/CAV_2009_benchmarks/smt/30-vars/problem_2__014.smt2,sat,0.99
/CAV_2009_benchmarks/smt/30-vars/problem_2__007.smt2,sat,0.02
/CAV_2009_benchmarks/smt/30-vars/problem_2__001.smt2,sat,0.0
/CAV_2009_benchmarks/smt/30-vars/problem_2__026.smt2,sat,13.51
/CAV_2009_benchmarks/smt/30-vars/problem__011.smt2,sat,0.25
/CAV_2009_benchmarks/smt/30-vars/problem_2__032.smt2,sat,20.89
/CAV_2009_benchmarks/smt/30-vars/problem_2__006.smt2,sat,0.03
/CAV_2009_benchmarks/smt/30-vars/problem_2__029.smt2,sat,17.6
/CAV_2009_benchmarks/smt/30-vars/problem__005.smt2,sat,0.0
/CAV_2009_benchmarks/smt/30-vars/problem_2__034.smt2,sat,7.19
/CAV_2009_benchmarks/smt/30-vars/problem_2__004.smt2,sat,0.0
/CAV_2009_benchmarks/smt/30-vars/problem__003.smt2,sat,0.01
/CAV_2009_benchmarks/smt/30-vars/problem__034.smt2,sat,15.7
/CAV_2009_benchmarks/smt/30-vars/problem_2__002.smt2,sat,0.0
/CAV_2009_benchmarks/smt/30-vars/problem_2__035.smt2,sat,20.7
/CAV_2009_benchmarks/smt/30-vars/problem__021.smt2,sat,6.26
/CAV_2009_benchmarks/smt/30-vars/problem_2__009.smt2,sat,0.01
/CAV_2009_benchmarks/smt/30-vars/problem_2__008.smt2,sat,0.0
/CAV_2009_benchmarks/smt/30-vars/problem_2__033.smt2,sat,6.72
/CAV_2009_benchmarks/smt/30-vars/problem__002.smt2,sat,0.0
/CAV_2009_benchmarks/smt/30-vars/problem__001.smt2,sat,0.0
/CAV_2009_benchmarks/smt/30-vars/problem__010.smt2,sat,0.04
/CAV_2009_benchmarks/smt/30-vars/problem__026.smt2,sat,4.01
/CAV_2009_benchmarks/smt/30-vars/problem__004.smt2,sat,0.0
/CAV_2009_benchmarks/smt/30-vars/problem__031.smt2,sat,23.3
/CAV_2009_benchmarks/smt/30-vars/problem_2__025.smt2,sat,4.92
/CAV_2009_benchmarks/smt/30-vars/problem_2__023.smt2,sat,5.58
/CAV_2009_benchmarks/smt/30-vars/problem__022.smt2,sat,4.49
/CAV_2009_benchmarks/smt/30-vars/problem__006.smt2,sat,0.0
/CAV_2009_benchmarks/smt/30-vars/problem_2__021.smt2,sat,0.0
/CAV_2009_benchmarks/smt/40-vars/problem_2__027.smt2,sat,94.39
/CAV_2009_benchmarks/smt/40-vars/problem_2__017.smt2,sat,50.8
/CAV_2009_benchmarks/smt/40-vars/problem__007.smt2,sat,0.01
/CAV_2009_benchmarks/smt/40-vars/problem_2__020.smt2,sat,9.48
/CAV_2009_benchmarks/smt/40-vars/problem__028.smt2,sat,72.3
/CAV_2009_benchmarks/smt/40-vars/problem_2__016.smt2,sat,4.48
/CAV_2009_benchmarks/smt/40-vars/problem_2__003.smt2,sat,0.01
/CAV_2009_benchmarks/smt/40-vars/problem_2__015.smt2,sat,0.08
/CAV_2009_benchmarks/smt/40-vars/problem__035.smt2,sat,96.51
/CAV_2009_benchmarks/smt/40-vars/problem_2__013.smt2,sat,2.03
/CAV_2009_benchmarks/smt/40-vars/problem__015.smt2,sat,4.96
/CAV_2009_benchmarks/smt/40-vars/problem__029.smt2,sat,88.05
/CAV_2009_benchmarks/smt/40-vars/problem__020.smt2,sat,55.55
/CAV_2009_benchmarks/smt/40-vars/problem__033.smt2,sat,92.05
/CAV_2009_benchmarks/smt/40-vars/problem_2__024.smt2,sat,9.93
/CAV_2009_benchmarks/smt/40-vars/problem__019.smt2,sat,50.03
/CAV_2009_benchmarks/smt/40-vars/problem_2__028.smt2,sat,67.42
/CAV_2009_benchmarks/smt/40-vars/problem__030.smt2,sat,92.18
/CAV_2009_benchmarks/smt/40-vars/problem__023.smt2,sat,53.75
/CAV_2009_benchmarks/smt/40-vars/problem_2__010.smt2,sat,0.21
/CAV_2009_benchmarks/smt/40-vars/problem__012.smt2,sat,3.3
/CAV_2009_benchmarks/smt/40-vars/problem__024.smt2,sat,79.68
/CAV_2009_benchmarks/smt/40-vars/problem__032.smt2,sat,114.33
/CAV_2009_benchmarks/smt/40-vars/problem__027.smt2,sat,109.43
/CAV_2009_benchmarks/smt/40-vars/problem_2__022.smt2,sat,10.04
/CAV_2009_benchmarks/smt/40-vars/problem__016.smt2,sat,2.71
/CAV_2009_benchmarks/smt/40-vars/problem__025.smt2,sat,17.6
/CAV_2009_benchmarks/smt/40-vars/problem_2__030.smt2,sat,93.98
/CAV_2009_benchmarks/smt/40-vars/problem_2__019.smt2,sat,8.61
/CAV_2009_benchmarks/smt/40-vars/problem__018.smt2,sat,1.62
/CAV_2009_benchmarks/smt/40-vars/problem_2__031.smt2,sat,66.11
/CAV_2009_benchmarks/smt/40-vars/problem__013.smt2,sat,5.0
/CAV_2009_benchmarks/smt/40-vars/problem__009.smt2,sat,0.01
/CAV_2009_benchmarks/smt/40-vars/problem__017.smt2,sat,26.55
/CAV_2009_benchmarks/smt/40-vars/problem_2__012.smt2,sat,2.15
/CAV_2009_benchmarks/smt/40-vars/problem_2__005.smt2,sat,0.01
/CAV_2009_benchmarks/smt/40-vars/problem_2__011.smt2,sat,0.01
/CAV_2009_benchmarks/smt/40-vars/problem_2__018.smt2,sat,19.87
/CAV_2009_benchmarks/smt/40-vars/problem__014.smt2,sat,1.89
/CAV_2009_benchmarks/smt/40-vars/problem__008.smt2,sat,1.29
/CAV_2009_benchmarks/smt/40-vars/problem_2__014.smt2,sat,0.0
/CAV_2009_benchmarks/smt/40-vars/problem_2__007.smt2,sat,0.0
/CAV_2009_benchmarks/smt/40-vars/problem_2__001.smt2,sat,0.0
/CAV_2009_benchmarks/smt/40-vars/problem_2__026.smt2,sat,80.38
/CAV_2009_benchmarks/smt/40-vars/problem__011.smt2,sat,0.01
/CAV_2009_benchmarks/smt/40-vars/problem_2__032.smt2,sat,174.46
/CAV_2009_benchmarks/smt/40-vars/problem_2__006.smt2,sat,0.11
/CAV_2009_benchmarks/smt/40-vars/problem_2__029.smt2,sat,66.66
/CAV_2009_benchmarks/smt/40-vars/problem__005.smt2,sat,0.01
/CAV_2009_benchmarks/smt/40-vars/problem_2__034.smt2,sat,54.89
/CAV_2009_benchmarks/smt/40-vars/problem_2__004.smt2,failed,1200.0
/CAV_2009_benchmarks/smt/40-vars/problem__003.smt2,sat,0.01
/CAV_2009_benchmarks/smt/40-vars/problem__034.smt2,sat,83.9
/CAV_2009_benchmarks/smt/40-vars/problem_2__002.smt2,sat,0.01
/CAV_2009_benchmarks/smt/40-vars/problem_2__035.smt2,sat,78.1
/CAV_2009_benchmarks/smt/40-vars/problem__021.smt2,sat,58.04
/CAV_2009_benchmarks/smt/40-vars/problem_2__009.smt2,sat,0.01
/CAV_2009_benchmarks/smt/40-vars/problem_2__008.smt2,sat,0.05
/CAV_2009_benchmarks/smt/40-vars/problem_2__033.smt2,sat,84.13
/CAV_2009_benchmarks/smt/40-vars/problem__002.smt2,sat,0.01
/CAV_2009_benchmarks/smt/40-vars/problem__001.smt2,sat,0.0
/CAV_2009_benchmarks/smt/40-vars/problem__010.smt2,sat,0.01
/CAV_2009_benchmarks/smt/40-vars/problem__026.smt2,sat,64.82
/CAV_2009_benchmarks/smt/40-vars/problem__004.smt2,sat,0.01
/CAV_2009_benchmarks/smt/40-vars/problem__031.smt2,sat,76.73
/CAV_2009_benchmarks/smt/40-vars/problem_2__025.smt2,sat,83.17
/CAV_2009_benchmarks/smt/40-vars/problem_2__023.smt2,sat,43.88
/CAV_2009_benchmarks/smt/40-vars/problem__022.smt2,sat,73.61
/CAV_2009_benchmarks/smt/40-vars/problem__006.smt2,sat,0.0
/CAV_2009_benchmarks/smt/40-vars/problem_2__021.smt2,sat,0.08
/CAV_2009_benchmarks/smt/10-vars/problem_2__027.smt2,unsat,0.01
/CAV_2009_benchmarks/smt/10-vars/problem_2__017.smt2,sat,0.01
/CAV_2009_benchmarks/smt/10-vars/problem__007.smt2,sat,0.0
/CAV_2009_benchmarks/smt/10-vars/problem_2__020.smt2,sat,0.0
/CAV_2009_benchmarks/smt/10-vars/problem__028.smt2,unsat,0.01
/CAV_2009_benchmarks/smt/10-vars/problem_2__016.smt2,failed,1200.0
/CAV_2009_benchmarks/smt/10-vars/problem_2__003.smt2,sat,0.0
/CAV_2009_benchmarks/smt/10-vars/problem_2__015.smt2,sat,0.0
/CAV_2009_benchmarks/smt/10-vars/problem__035.smt2,unsat,0.01
/CAV_2009_benchmarks/smt/10-vars/problem_2__013.smt2,sat,0.0
/CAV_2009_benchmarks/smt/10-vars/problem__015.smt2,sat,0.01
/CAV_2009_benchmarks/smt/10-vars/problem__029.smt2,unsat,0.01
/CAV_2009_benchmarks/smt/10-vars/problem__020.smt2,unsat,0.0
/CAV_2009_benchmarks/smt/10-vars/problem__033.smt2,unsat,0.01
/CAV_2009_benchmarks/smt/10-vars/problem_2__024.smt2,unsat,0.0
/CAV_2009_benchmarks/smt/10-vars/problem__019.smt2,sat,0.0
/CAV_2009_benchmarks/smt/10-vars/problem_2__028.smt2,unsat,0.0
/CAV_2009_benchmarks/smt/10-vars/problem__030.smt2,unsat,0.01
/CAV_2009_benchmarks/smt/10-vars/problem__023.smt2,sat,0.0
/CAV_2009_benchmarks/smt/10-vars/problem_2__010.smt2,sat,0.0
/CAV_2009_benchmarks/smt/10-vars/problem__012.smt2,sat,0.01
/CAV_2009_benchmarks/smt/10-vars/problem__024.smt2,unsat,0.01
/CAV_2009_benchmarks/smt/10-vars/problem__032.smt2,unsat,0.0
/CAV_2009_benchmarks/smt/10-vars/problem__027.smt2,unsat,0.0
/CAV_2009_benchmarks/smt/10-vars/problem_2__022.smt2,sat,0.01
/CAV_2009_benchmarks/smt/10-vars/problem__016.smt2,unsat,0.0
/CAV_2009_benchmarks/smt/10-vars/problem__025.smt2,unsat,0.0
/CAV_2009_benchmarks/smt/10-vars/problem_2__030.smt2,unsat,0.0
/CAV_2009_benchmarks/smt/10-vars/problem_2__019.smt2,unsat,0.0
/CAV_2009_benchmarks/smt/10-vars/problem__018.smt2,sat,0.01
/CAV_2009_benchmarks/smt/10-vars/problem_2__031.smt2,unsat,0.01
/CAV_2009_benchmarks/smt/10-vars/problem__013.smt2,sat,0.0
/CAV_2009_benchmarks/smt/10-vars/problem__009.smt2,sat,0.0
/CAV_2009_benchmarks/smt/10-vars/problem__017.smt2,unsat,0.0
/CAV_2009_benchmarks/smt/10-vars/problem_2__012.smt2,unsat,0.01
/CAV_2009_benchmarks/smt/10-vars/problem_2__005.smt2,sat,0.01
/CAV_2009_benchmarks/smt/10-vars/problem_2__011.smt2,sat,0.01
/CAV_2009_benchmarks/smt/10-vars/problem_2__018.smt2,failed,1200.0
/CAV_2009_benchmarks/smt/10-vars/problem__014.smt2,sat,0.0
/CAV_2009_benchmarks/smt/10-vars/problem__008.smt2,sat,0.01
/CAV_2009_benchmarks/smt/10-vars/problem_2__014.smt2,sat,0.0
/CAV_2009_benchmarks/smt/10-vars/problem_2__007.smt2,sat,0.01
/CAV_2009_benchmarks/smt/10-vars/problem_2__001.smt2,failed,1200.0
/CAV_2009_benchmarks/smt/10-vars/problem_2__026.smt2,unsat,0.0
/CAV_2009_benchmarks/smt/10-vars/problem__011.smt2,failed,1200.0
/CAV_2009_benchmarks/smt/10-vars/problem_2__032.smt2,unsat,0.0
/CAV_2009_benchmarks/smt/10-vars/problem_2__006.smt2,sat,0.01
/CAV_2009_benchmarks/smt/10-vars/problem_2__029.smt2,unsat,0.0
/CAV_2009_benchmarks/smt/10-vars/problem__005.smt2,sat,0.0
/CAV_2009_benchmarks/smt/10-vars/problem_2__034.smt2,unsat,0.0
/CAV_2009_benchmarks/smt/10-vars/problem_2__004.smt2,failed,1200.0
/CAV_2009_benchmarks/smt/10-vars/problem__003.smt2,sat,0.0
/CAV_2009_benchmarks/smt/10-vars/problem__034.smt2,unsat,0.0
/CAV_2009_benchmarks/smt/10-vars/problem_2__002.smt2,sat,0.0
/CAV_2009_benchmarks/smt/10-vars/problem_2__035.smt2,unsat,0.0
/CAV_2009_benchmarks/smt/10-vars/problem__021.smt2,unsat,0.0
/CAV_2009_benchmarks/smt/10-vars/problem_2__009.smt2,sat,0.01
/CAV_2009_benchmarks/smt/10-vars/problem_2__008.smt2,sat,0.0
/CAV_2009_benchmarks/smt/10-vars/problem_2__033.smt2,unsat,0.0
/CAV_2009_benchmarks/smt/10-vars/problem__002.smt2,sat,0.0
/CAV_2009_benchmarks/smt/10-vars/problem__001.smt2,sat,0.0
/CAV_2009_benchmarks/smt/10-vars/problem__010.smt2,sat,0.0
/CAV_2009_benchmarks/smt/10-vars/problem__026.smt2,unsat,0.0
/CAV_2009_benchmarks/smt/10-vars/problem__004.smt2,unsat,0.01
/CAV_2009_benchmarks/smt/10-vars/problem__031.smt2,unsat,0.0
/CAV_2009_benchmarks/smt/10-vars/problem_2__025.smt2,unsat,0.01
/CAV_2009_benchmarks/smt/10-vars/problem_2__023.smt2,sat,0.01
/CAV_2009_benchmarks/smt/10-vars/problem__022.smt2,unsat,0.0
/CAV_2009_benchmarks/smt/10-vars/problem__006.smt2,sat,0.01
/CAV_2009_benchmarks/smt/10-vars/problem_2__021.smt2,unsat,0.0
/CAV_2009_benchmarks/smt/15-vars/problem_2__017.smt2,sat,0.01
/CAV_2009_benchmarks/smt/15-vars/problem__007.smt2,sat,0.0
/CAV_2009_benchmarks/smt/15-vars/problem_2__020.smt2,unsat,0.0
/CAV_2009_benchmarks/smt/15-vars/problem_2__016.smt2,sat,0.0
/CAV_2009_benchmarks/smt/15-vars/problem_2__003.smt2,sat,0.0
/CAV_2009_benchmarks/smt/15-vars/problem_2__015.smt2,sat,0.0
/CAV_2009_benchmarks/smt/15-vars/problem_2__013.smt2,sat,0.01
/CAV_2009_benchmarks/smt/15-vars/problem__015.smt2,sat,0.0
/CAV_2009_benchmarks/smt/15-vars/problem__020.smt2,failed,1200.0
/CAV_2009_benchmarks/smt/15-vars/problem_2__024.smt2,unsat,0.0
/CAV_2009_benchmarks/smt/15-vars/problem__019.smt2,sat,0.01
/CAV_2009_benchmarks/smt/15-vars/problem__023.smt2,unsat,0.0
/CAV_2009_benchmarks/smt/15-vars/problem_2__010.smt2,failed,1200.0
/CAV_2009_benchmarks/smt/15-vars/problem__012.smt2,sat,0.0
/CAV_2009_benchmarks/smt/15-vars/problem__024.smt2,unsat,0.01
/CAV_2009_benchmarks/smt/15-vars/problem_2__022.smt2,unsat,0.0
/CAV_2009_benchmarks/smt/15-vars/problem__016.smt2,unsat,0.0
/CAV_2009_benchmarks/smt/15-vars/problem__025.smt2,unsat,0.0
/CAV_2009_benchmarks/smt/15-vars/problem_2__019.smt2,unsat,0.0
/CAV_2009_benchmarks/smt/15-vars/problem__018.smt2,sat,0.01
/CAV_2009_benchmarks/smt/15-vars/problem__013.smt2,sat,0.0
/CAV_2009_benchmarks/smt/15-vars/problem__009.smt2,sat,0.01
/CAV_2009_benchmarks/smt/15-vars/problem__017.smt2,sat,0.0
/CAV_2009_benchmarks/smt/15-vars/problem_2__012.smt2,sat,0.0
/CAV_2009_benchmarks/smt/15-vars/problem_2__005.smt2,sat,0.01
/CAV_2009_benchmarks/smt/15-vars/problem_2__011.smt2,unsat,0.01
/CAV_2009_benchmarks/smt/15-vars/problem_2__018.smt2,sat,0.04
/CAV_2009_benchmarks/smt/15-vars/problem__014.smt2,sat,0.0
/CAV_2009_benchmarks/smt/15-vars/problem__008.smt2,sat,0.0
/CAV_2009_benchmarks/smt/15-vars/problem_2__014.smt2,sat,0.04
/CAV_2009_benchmarks/smt/15-vars/problem_2__007.smt2,sat,0.0
/CAV_2009_benchmarks/smt/15-vars/problem_2__001.smt2,sat,0.0
/CAV_2009_benchmarks/smt/15-vars/problem__011.smt2,sat,0.0
/CAV_2009_benchmarks/smt/15-vars/problem_2__006.smt2,sat,0.01
/CAV_2009_benchmarks/smt/15-vars/problem__005.smt2,sat,0.01
/CAV_2009_benchmarks/smt/15-vars/problem_2__004.smt2,sat,0.0
/CAV_2009_benchmarks/smt/15-vars/problem__003.smt2,sat,0.0
/CAV_2009_benchmarks/smt/15-vars/problem_2__002.smt2,sat,0.0
/CAV_2009_benchmarks/smt/15-vars/problem__021.smt2,sat,0.0
/CAV_2009_benchmarks/smt/15-vars/problem_2__009.smt2,sat,0.01
/CAV_2009_benchmarks/smt/15-vars/problem_2__008.smt2,sat,0.0
/CAV_2009_benchmarks/smt/15-vars/problem__002.smt2,sat,0.0
/CAV_2009_benchmarks/smt/15-vars/problem__001.smt2,sat,0.0
/CAV_2009_benchmarks/smt/15-vars/problem__010.smt2,sat,0.01
/CAV_2009_benchmarks/smt/15-vars/problem__004.smt2,sat,0.0
/CAV_2009_benchmarks/smt/15-vars/problem_2__025.smt2,unsat,0.01
/CAV_2009_benchmarks/smt/15-vars/problem_2__023.smt2,sat,0.01
/CAV_2009_benchmarks/smt/15-vars/problem__022.smt2,unsat,0.0
/CAV_2009_benchmarks/smt/15-vars/problem__006.smt2,sat,0.01
/CAV_2009_benchmarks/smt/15-vars/problem_2__021.smt2,unsat,0.0
/CAV_2009_benchmarks/coef-size/smt/size-30/problem__005.smt2,sat,0.07
/CAV_2009_benchmarks/coef-size/smt/size-30/problem__003.smt2,sat,0.05
/CAV_2009_benchmarks/coef-size/smt/size-30/problem__002.smt2,sat,0.04
/CAV_2009_benchmarks/coef-size/smt/size-30/problem__004.smt2,sat,0.08
/CAV_2009_benchmarks/coef-size/smt/size-30/problem__006.smt2,unsat,0.01
/CAV_2009_benchmarks/coef-size/smt/size-100/problem__005.smt2,sat,0.17
/CAV_2009_benchmarks/coef-size/smt/size-100/problem__003.smt2,sat,0.08
/CAV_2009_benchmarks/coef-size/smt/size-100/problem__002.smt2,sat,0.19
/CAV_2009_benchmarks/coef-size/smt/size-100/problem__004.smt2,sat,0.09
/CAV_2009_benchmarks/coef-size/smt/size-100/problem__006.smt2,unsat,0.0
/CAV_2009_benchmarks/coef-size/smt/size-10/problem__005.smt2,sat,0.09
/CAV_2009_benchmarks/coef-size/smt/size-10/problem__003.smt2,unsat,0.06
/CAV_2009_benchmarks/coef-size/smt/size-10/problem__002.smt2,unsat,0.0
/CAV_2009_benchmarks/coef-size/smt/size-10/problem__001.smt2,sat,0.0
/CAV_2009_benchmarks/coef-size/smt/size-10/problem__004.smt2,sat,0.05
/CAV_2009_benchmarks/coef-size/smt/size-10/problem__006.smt2,sat,0.08
/CAV_2009_benchmarks/coef-size/smt/size-60/problem__005.smt2,sat,0.07
/CAV_2009_benchmarks/coef-size/smt/size-60/problem__003.smt2,sat,0.09
/CAV_2009_benchmarks/coef-size/smt/size-60/problem__002.smt2,sat,0.06
/CAV_2009_benchmarks/coef-size/smt/size-60/problem__004.smt2,unsat,0.0
/CAV_2009_benchmarks/coef-size/smt/size-60/problem__006.smt2,sat,0.1
/CAV_2009_benchmarks/coef-size/smt/size-50/problem__005.smt2,sat,0.32
/CAV_2009_benchmarks/coef-size/smt/size-50/problem__003.smt2,sat,0.1
/CAV_2009_benchmarks/coef-size/smt/size-50/problem__002.smt2,unsat,0.01
/CAV_2009_benchmarks/coef-size/smt/size-50/problem__004.smt2,sat,0.13
/CAV_2009_benchmarks/coef-size/smt/size-50/problem__006.smt2,unsat,0.0
/CAV_2009_benchmarks/coef-size/smt/size-40/problem__005.smt2,sat,0.02
/CAV_2009_benchmarks/coef-size/smt/size-40/problem__003.smt2,sat,0.09
/CAV_2009_benchmarks/coef-size/smt/size-40/problem__002.smt2,unsat,0.0
/CAV_2009_benchmarks/coef-size/smt/size-40/problem__004.smt2,sat,0.09
/CAV_2009_benchmarks/coef-size/smt/size-40/problem__006.smt2,sat,0.34
/CAV_2009_benchmarks/coef-size/smt/size-80/problem__005.smt2,sat,0.17
/CAV_2009_benchmarks/coef-size/smt/size-80/problem__003.smt2,sat,0.18
/CAV_2009_benchmarks/coef-size/smt/size-80/problem__002.smt2,sat,0.05
/CAV_2009_benchmarks/coef-size/smt/size-80/problem__004.smt2,sat,0.08
/CAV_2009_benchmarks/coef-size/smt/size-80/problem__006.smt2,sat,0.03
/CAV_2009_benchmarks/coef-size/smt/size-20/problem__005.smt2,sat,0.09
/CAV_2009_benchmarks/coef-size/smt/size-20/problem__003.smt2,sat,0.06
/CAV_2009_benchmarks/coef-size/smt/size-20/problem__002.smt2,sat,0.09
/CAV_2009_benchmarks/coef-size/smt/size-20/problem__004.smt2,unsat,0.0
/CAV_2009_benchmarks/coef-size/smt/size-20/problem__006.smt2,sat,0.12
/CAV_2009_benchmarks/coef-size/smt/size-70/problem__005.smt2,sat,0.1
/CAV_2009_benchmarks/coef-size/smt/size-70/problem__003.smt2,sat,0.08
/CAV_2009_benchmarks/coef-size/smt/size-70/problem__002.smt2,sat,0.21
/CAV_2009_benchmarks/coef-size/smt/size-70/problem__004.smt2,sat,0.14
/CAV_2009_benchmarks/coef-size/smt/size-70/problem__006.smt2,sat,0.08
/CAV_2009_benchmarks/coef-size/smt/size-90/problem__005.smt2,unsat,0.0
/CAV_2009_benchmarks/coef-size/smt/size-90/problem__003.smt2,sat,0.08
/CAV_2009_benchmarks/coef-size/smt/size-90/problem__002.smt2,sat,0.1
/CAV_2009_benchmarks/coef-size/smt/size-90/problem__004.smt2,sat,0.09
/CAV_2009_benchmarks/coef-size/smt/size-90/problem__006.smt2,sat,0.16
/check/int_incompleteness1.smt2,unsat,0.0
/check/int_incompleteness3.smt2,unsat,0.0
/check/bignum_lia1.smt2,failed,1200.0
/check/bignum_lia2.smt2,failed,1200.0
/check/int_incompleteness2.smt2,unsat,0.0
/mathsat/FISCHER11-9-fair.smt2,unsat,1.07
/mathsat/FISCHER8-1-fair.smt2,sat,0.01
/mathsat/FISCHER7-1-fair.smt2,sat,0.01
/mathsat/FISCHER3-7-fair.smt2,unsat,0.05
/mathsat/FISCHER4-8-fair.smt2,unsat,0.11
/mathsat/FISCHER10-1-fair.smt2,sat,0.01
/mathsat/FISCHER2-6-fair.smt2,unsat,0.02
/mathsat/FISCHER10-4-fair.smt2,unsat,0.16
/mathsat/FISCHER7-7-fair.smt2,unsat,0.24
/mathsat/FISCHER8-11-fair.smt2,unsat,1.08
/mathsat/FISCHER5-6-fair.smt2,unsat,0.1
/mathsat/FISCHER10-6-fair.smt2,unsat,0.35
/mathsat/FISCHER7-5-fair.smt2,unsat,0.13
/mathsat/FISCHER9-12-fair.smt2,unsat,2.06
/mathsat/FISCHER9-11-fair.smt2,unsat,1.3
/mathsat/FISCHER11-2-fair.smt2,unsat,0.05
/mathsat/FISCHER5-9-fair.smt2,unsat,0.22
/mathsat/FISCHER10-14-fair.smt2,unsat,9.19
/mathsat/FISCHER9-3-fair.smt2,unsat,0.08
/mathsat/FISCHER11-7-fair.smt2,unsat,0.59
/mathsat/FISCHER8-9-fair.smt2,unsat,0.57
/mathsat/FISCHER1-6-fair.smt2,unsat,0.01
/mathsat/FISCHER10-2-fair.smt2,unsat,0.04
/mathsat/FISCHER10-3-fair.smt2,unsat,0.09
/mathsat/FISCHER6-11-fair.smt2,sat,0.43
/mathsat/FISCHER11-5-fair.smt2,unsat,0.32
/mathsat/FISCHER8-8-fair.smt2,unsat,0.42
/mathsat/FISCHER7-8-fair.smt2,unsat,0.32
/mathsat/FISCHER9-13-fair.smt2,unsat,3.51
/mathsat/FISCHER11-13-fair.smt2,unsat,5.04
/mathsat/FISCHER10-8-fair.smt2,unsat,0.66
/mathsat/FISCHER10-9-fair.smt2,unsat,0.85
/mathsat/FISCHER11-12-fair.smt2,unsat,2.8
/mathsat/FISCHER9-7-fair.smt2,unsat,0.39
/mathsat/FISCHER7-2-fair.smt2,unsat,0.03
/mathsat/FISCHER6-10-fair.smt2,unsat,0.42
/mathsat/FISCHER9-9-fair.smt2,unsat,0.7
/mathsat/FISCHER9-6-fair.smt2,unsat,0.29
/mathsat/FISCHER7-6-fair.smt2,unsat,0.18
/mathsat/FISCHER9-8-fair.smt2,unsat,0.53
/mathsat/FISCHER3-5-fair.smt2,unsat,0.03
/mathsat/FISCHER8-3-fair.smt2,unsat,0.06
/mathsat/FISCHER6-3-fair.smt2,unsat,0.04
/mathsat/FISCHER6-5-fair.smt2,unsat,0.1
/mathsat/FISCHER8-12-fair.smt2,unsat,1.66
/mathsat/FISCHER5-5-fair.smt2,unsat,0.07
/mathsat/FISCHER2-7-fair.smt2,sat,0.03
/mathsat/FISCHER1-4-fair.smt2,unsat,0.01
/mathsat/FISCHER3-3-fair.smt2,unsat,0.01
/mathsat/FISCHER1-3-fair.smt2,unsat,0.01
/mathsat/FISCHER3-8-fair.smt2,sat,0.07
/mathsat/FISCHER1-2-fair.smt2,unsat,0.01
/mathsat/FISCHER10-13-fair.smt2,unsat,4.22
/mathsat/FISCHER10-7-fair.smt2,unsat,0.5
/mathsat/FISCHER8-2-fair.smt2,unsat,0.03
/mathsat/FISCHER11-15-fair.smt2,unsat,25.8
/mathsat/FISCHER11-16-fair.smt2,sat,8.81
/mathsat/FISCHER3-4-fair.smt2,unsat,0.02
/mathsat/FISCHER5-10-fair.smt2,sat,0.26
/mathsat/FISCHER11-11-fair.smt2,unsat,2.01
/mathsat/FISCHER7-9-fair.smt2,unsat,0.42
/mathsat/FISCHER8-13-fair.smt2,sat,1.49
/mathsat/FISCHER5-7-fair.smt2,unsat,0.13
/mathsat/FISCHER11-6-fair.smt2,unsat,0.43
/mathsat/FISCHER9-2-fair.smt2,unsat,0.04
/mathsat/FISCHER1-1-fair.smt2,sat,0.01
/mathsat/FISCHER11-4-fair.smt2,unsat,0.19
/mathsat/FISCHER5-4-fair.smt2,unsat,0.05
/mathsat/FISCHER4-1-fair.smt2,sat,0.01
/mathsat/FISCHER10-12-fair.smt2,unsat,2.46
/mathsat/FISCHER6-8-fair.smt2,unsat,0.24
/mathsat/FISCHER3-1-fair.smt2,sat,0.0
/mathsat/FISCHER7-3-fair.smt2,unsat,0.05
/mathsat/FISCHER3-2-fair.smt2,unsat,0.01
/mathsat/FISCHER4-6-fair.smt2,unsat,0.06
/mathsat/FISCHER2-4-fair.smt2,unsat,0.01
/mathsat/FISCHER10-15-fair.smt2,sat,5.05
/mathsat/FISCHER8-5-fair.smt2,unsat,0.16
/mathsat/FISCHER5-2-fair.smt2,unsat,0.02
/mathsat/FISCHER11-14-fair.smt2,unsat,9.75
/mathsat/FISCHER6-1-fair.smt2,sat,0.01
/mathsat/FISCHER9-4-fair.smt2,unsat,0.13
/mathsat/FISCHER5-1-fair.smt2,sat,0.01
/mathsat/FISCHER8-6-fair.smt2,unsat,0.23
/mathsat/FISCHER2-3-fair.smt2,unsat,0.01
/mathsat/FISCHER2-2-fair.smt2,unsat,0.01
/mathsat/FISCHER11-10-fair.smt2,unsat,1.44
/mathsat/FISCHER8-7-fair.smt2,unsat,0.32
/mathsat/FISCHER4-5-fair.smt2,unsat,0.05
/mathsat/FISCHER5-8-fair.smt2,unsat,0.17
/mathsat/FISCHER6-4-fair.smt2,unsat,0.07
/mathsat/FISCHER4-9-fair.smt2,sat,0.14
/mathsat/FISCHER6-2-fair.smt2,unsat,0.02
/mathsat/FISCHER6-7-fair.smt2,unsat,0.18
/mathsat/FISCHER6-6-fair.smt2,unsat,0.15
/mathsat/FISCHER11-3-fair.smt2,unsat,0.11
/mathsat/FISCHER2-5-fair.smt2,unsat,0.02
/mathsat/FISCHER9-14-fair.smt2,sat,3.0
/mathsat/FISCHER8-4-fair.smt2,unsat,0.11
/mathsat/FISCHER7-10-fair.smt2,unsat,0.6
/mathsat/FISCHER11-8-fair.smt2,unsat,0.78
/mathsat/FISCHER8-10-fair.smt2,unsat,0.73
/mathsat/FISCHER4-7-fair.smt2,unsat,0.09
/mathsat/FISCHER9-10-fair.smt2,unsat,0.95
/mathsat/FISCHER10-10-fair.smt2,unsat,1.14
/mathsat/FISCHER4-3-fair.smt2,unsat,0.02
/mathsat/FISCHER11-1-fair.smt2,sat,0.01
/mathsat/FISCHER9-5-fair.smt2,unsat,0.2
/mathsat/FISCHER9-1-fair.smt2,sat,0.01
/mathsat/FISCHER4-2-fair.smt2,unsat,0.01
/mathsat/FISCHER10-5-fair.smt2,unsat,0.25
/mathsat/FISCHER7-4-fair.smt2,unsat,0.08
/mathsat/FISCHER5-3-fair.smt2,unsat,0.03
/mathsat/FISCHER7-12-fair.smt2,sat,0.78
/mathsat/FISCHER1-5-fair.smt2,unsat,0.01
/mathsat/FISCHER3-6-fair.smt2,unsat,0.04
/mathsat/FISCHER10-11-fair.smt2,unsat,1.57
/mathsat/FISCHER2-1-fair.smt2,sat,0.0
/mathsat/FISCHER7-11-fair.smt2,unsat,0.83
/mathsat/FISCHER6-9-fair.smt2,unsat,0.33
/mathsat/FISCHER4-4-fair.smt2,unsat,0.03
/cut_lemmas/20-vars/cut_lemma_03_007.smt2,unsat,1.39
/cut_lemmas/20-vars/cut_lemma_02_008.smt2,unsat,0.05
/cut_lemmas/20-vars/cut_lemma_03_004.smt2,unsat,0.03
/cut_lemmas/20-vars/cut_lemma_02_015.smt2,unsat,0.22
/cut_lemmas/20-vars/cut_lemma_02_016.smt2,unsat,0.26
/cut_lemmas/20-vars/cut_lemma_01_014.smt2,unsat,0.01
/cut_lemmas/20-vars/cut_lemma_03_017.smt2,unsat,2.12
/cut_lemmas/20-vars/cut_lemma_03_013.smt2,unsat,0.05
/cut_lemmas/20-vars/cut_lemma_03_011.smt2,unsat,0.12
/cut_lemmas/20-vars/cut_lemma_02_010.smt2,unsat,0.22
/cut_lemmas/20-vars/cut_lemma_01_011.smt2,unsat,0.07
/cut_lemmas/20-vars/cut_lemma_02_003.smt2,unsat,0.04
/cut_lemmas/20-vars/cut_lemma_01_004.smt2,unsat,0.14
/cut_lemmas/20-vars/cut_lemma_02_012.smt2,unsat,0.45
/cut_lemmas/20-vars/cut_lemma_03_016.smt2,unsat,2.87
/cut_lemmas/20-vars/cut_lemma_03_014.smt2,unsat,0.04
/cut_lemmas/20-vars/cut_lemma_03_012.smt2,unsat,0.18
/cut_lemmas/20-vars/cut_lemma_01_016.smt2,unsat,0.02
/cut_lemmas/20-vars/cut_lemma_03_008.smt2,unsat,0.0
/cut_lemmas/20-vars/cut_lemma_03_019.smt2,unsat,0.93
/cut_lemmas/20-vars/cut_lemma_03_005.smt2,unsat,2.85
/cut_lemmas/20-vars/cut_lemma_03_018.smt2,unsat,0.48
/cut_lemmas/20-vars/cut_lemma_01_010.smt2,unsat,0.04
/cut_lemmas/20-vars/cut_lemma_01_008.smt2,unsat,0.0
/cut_lemmas/20-vars/cut_lemma_03_006.smt2,unsat,0.0
/cut_lemmas/20-vars/cut_lemma_02_014.smt2,unsat,0.38
/cut_lemmas/20-vars/cut_lemma_01_009.smt2,unsat,0.02
/cut_lemmas/20-vars/cut_lemma_02_002.smt2,unsat,0.08
/cut_lemmas/20-vars/cut_lemma_01_013.smt2,unsat,0.2
/cut_lemmas/20-vars/cut_lemma_01_002.smt2,unsat,0.17
/cut_lemmas/20-vars/cut_lemma_01_012.smt2,unsat,0.01
/cut_lemmas/20-vars/cut_lemma_01_005.smt2,unsat,0.08
/cut_lemmas/20-vars/cut_lemma_03_003.smt2,unsat,0.02
/cut_lemmas/20-vars/cut_lemma_03_009.smt2,unsat,0.1
/cut_lemmas/20-vars/cut_lemma_02_004.smt2,unsat,0.41
/cut_lemmas/20-vars/cut_lemma_01_015.smt2,failed,1200.0
/cut_lemmas/20-vars/cut_lemma_02_001.smt2,unsat,0.55
/cut_lemmas/20-vars/cut_lemma_01_001.smt2,unsat,0.43
/cut_lemmas/20-vars/cut_lemma_02_009.smt2,unsat,0.14
/cut_lemmas/20-vars/cut_lemma_03_002.smt2,unsat,2.79
/cut_lemmas/20-vars/cut_lemma_01_007.smt2,unsat,0.01
/cut_lemmas/20-vars/cut_lemma_03_020.smt2,unsat,0.1
/cut_lemmas/20-vars/cut_lemma_03_015.smt2,unsat,0.51
/cut_lemmas/20-vars/cut_lemma_03_010.smt2,unsat,0.28
/cut_lemmas/20-vars/cut_lemma_02_007.smt2,unsat,0.26
/cut_lemmas/20-vars/cut_lemma_02_006.smt2,unsat,0.08
/cut_lemmas/20-vars/cut_lemma_01_006.smt2,unsat,0.18
/cut_lemmas/20-vars/cut_lemma_02_005.smt2,unsat,0.05
/cut_lemmas/20-vars/cut_lemma_02_013.smt2,unsat,0.08
/cut_lemmas/20-vars/cut_lemma_03_001.smt2,unsat,2.37
/cut_lemmas/20-vars/cut_lemma_01_003.smt2,unsat,0.13
/cut_lemmas/10-vars/cut_lemma_02_008.smt2,unsat,0.0
/cut_lemmas/10-vars/cut_lemma_02_010.smt2,failed,1200.0
/cut_lemmas/10-vars/cut_lemma_02_003.smt2,unsat,0.0
/cut_lemmas/10-vars/cut_lemma_02_001.smt2,unsat,0.0
/cut_lemmas/10-vars/cut_lemma_01_001.smt2,unsat,0.0
/cut_lemmas/10-vars/cut_lemma_02_009.smt2,failed,1200.0
/cut_lemmas/10-vars/cut_lemma_02_005.smt2,unsat,0.0
/cut_lemmas/15-vars/cut_lemma_03_007.smt2,unsat,0.01
/cut_lemmas/15-vars/cut_lemma_02_008.smt2,failed,1200.0
/cut_lemmas/15-vars/cut_lemma_03_004.smt2,unsat,0.0
/cut_lemmas/15-vars/cut_lemma_01_014.smt2,unsat,0.13
/cut_lemmas/15-vars/cut_lemma_03_013.smt2,failed,1200.0
/cut_lemmas/15-vars/cut_lemma_03_011.smt2,unsat,0.01
/cut_lemmas/15-vars/cut_lemma_01_011.smt2,unsat,0.01
/cut_lemmas/15-vars/cut_lemma_02_003.smt2,unsat,0.0
/cut_lemmas/15-vars/cut_lemma_01_004.smt2,unsat,0.01
/cut_lemmas/15-vars/cut_lemma_03_014.smt2,unsat,0.01
/cut_lemmas/15-vars/cut_lemma_03_012.smt2,unsat,0.02
/cut_lemmas/15-vars/cut_lemma_03_008.smt2,unsat,0.0
/cut_lemmas/15-vars/cut_lemma_03_005.smt2,unsat,0.01
/cut_lemmas/15-vars/cut_lemma_01_010.smt2,unsat,0.05
/cut_lemmas/15-vars/cut_lemma_01_008.smt2,unsat,0.0
/cut_lemmas/15-vars/cut_lemma_03_006.smt2,unsat,0.01
/cut_lemmas/15-vars/cut_lemma_01_009.smt2,unsat,0.01
/cut_lemmas/15-vars/cut_lemma_02_002.smt2,unsat,0.0
/cut_lemmas/15-vars/cut_lemma_01_013.smt2,unsat,0.01
/cut_lemmas/15-vars/cut_lemma_01_002.smt2,unsat,0.02
/cut_lemmas/15-vars/cut_lemma_01_012.smt2,unsat,0.0
/cut_lemmas/15-vars/cut_lemma_01_005.smt2,unsat,0.01
/cut_lemmas/15-vars/cut_lemma_03_003.smt2,unsat,0.0
/cut_lemmas/15-vars/cut_lemma_02_004.smt2,unsat,0.0
/cut_lemmas/15-vars/cut_lemma_02_001.smt2,unsat,0.0
/cut_lemmas/15-vars/cut_lemma_01_001.smt2,unsat,0.0
/cut_lemmas/15-vars/cut_lemma_02_009.smt2,unsat,0.0
/cut_lemmas/15-vars/cut_lemma_03_002.smt2,unsat,0.0
/cut_lemmas/15-vars/cut_lemma_01_007.smt2,unsat,0.01
/cut_lemmas/15-vars/cut_lemma_03_010.smt2,unsat,0.01
/cut_lemmas/15-vars/cut_lemma_02_006.smt2,unsat,0.0
/cut_lemmas/15-vars/cut_lemma_01_006.smt2,unsat,0.01
/cut_lemmas/15-vars/cut_lemma_02_005.smt2,unsat,0.0
/cut_lemmas/15-vars/cut_lemma_03_001.smt2,unsat,0.0
/cut_lemmas/15-vars/cut_lemma_01_003.smt2,unsat,0.01
/Averest/parallel_prefix_sum/ParallelPrefixSum_live_bgmc000.smt2,sat,0.03
/Averest/parallel_prefix_sum/ParallelPrefixSum_safe_blmc007.smt2,sat,9.37
/Averest/parallel_prefix_sum/ParallelPrefixSum_safe_blmc004.smt2,unsat,0.5
/Averest/parallel_prefix_sum/ParallelPrefixSum_safe_bgmc004.smt2,unsat,0.06
/Averest/parallel_prefix_sum/ParallelPrefixSum_live_bgmc003.smt2,unsat,0.09
/Averest/parallel_prefix_sum/ParallelPrefixSum_safe_blmc002.smt2,unsat,0.26
/Averest/parallel_prefix_sum/ParallelPrefixSum_safe_blmc001.smt2,sat,1.2
/Averest/parallel_prefix_sum/ParallelPrefixSum_live_bgmc002.smt2,sat,0.04
/Averest/parallel_prefix_sum/ParallelPrefixSum_safe_blmc008.smt2,sat,13.14
/Averest/parallel_prefix_sum/ParallelPrefixSum_safe_blmc005.smt2,sat,3.1
/Averest/parallel_prefix_sum/ParallelPrefixSum_safe_bgmc002.smt2,unsat,0.03
/Averest/parallel_prefix_sum/ParallelPrefixSum_safe_blmc003.smt2,sat,1.6
/Averest/parallel_prefix_sum/ParallelPrefixSum_live_blmc000.smt2,sat,0.07
/Averest/parallel_prefix_sum/ParallelPrefixSum_live_blmc002.smt2,unsat,0.13
/Averest/parallel_prefix_sum/ParallelPrefixSum_safe_bgmc005.smt2,unsat,0.1
/Averest/parallel_prefix_sum/ParallelPrefixSum_safe_blmc000.smt2,unsat,0.08
/Averest/parallel_prefix_sum/ParallelPrefixSum_safe_blmc006.smt2,unsat,0.65
/Averest/parallel_prefix_sum/ParallelPrefixSum_safe_bgmc003.smt2,unsat,0.03
/Averest/parallel_prefix_sum/ParallelPrefixSum_safe_bgmc006.smt2,sat,0.08
/calypto/problem-004316.cvc.1.smt2,unsat,0.02
/calypto/problem-004337.cvc.1.smt2,unsat,0.03
/calypto/problem-001595.cvc.1.smt2,sat,0.02
/calypto/problem-004353.cvc.1.smt2,unsat,0.01
/calypto/problem-004350.cvc.1.smt2,unsat,0.01
/calypto/problem-004296.cvc.1.smt2,sat,0.04
/calypto/problem-004286.cvc.1.smt2,sat,0.02
/calypto/problem-004303.cvc.1.smt2,sat,0.01
/calypto/problem-004341.cvc.1.smt2,sat,0.02
/calypto/problem-004335.cvc.1.smt2,sat,0.02
/calypto/problem-001649.cvc.1.smt2,sat,0.03
/calypto/problem-004308.cvc.1.smt2,sat,0.04
/calypto/problem-005839.cvc.1.smt2,sat,0.02
/calypto/problem-004317.cvc.1.smt2,sat,0.05
/calypto/problem-004292.cvc.1.smt2,sat,0.02
/calypto/problem-005676.cvc.2.smt2,sat,0.02
/calypto/problem-001553.cvc.1.smt2,unsat,0.06
/calypto/problem-002666.cvc.1.smt2,unsat,0.01
/calypto/problem-005675.cvc.2.smt2,sat,0.02
/calypto/problem-002267.cvc.1.smt2,unsat,0.02
/calypto/problem-004293.cvc.1.smt2,sat,0.02
/calypto/problem-005840.cvc.1.smt2,sat,0.01
/calypto/problem-004344.cvc.1.smt2,unsat,0.02
/calypto/problem-004299.cvc.1.smt2,unsat,0.01
/calypto/problem-004284.cvc.1.smt2,sat,0.01
/calypto/problem-001542.cvc.1.smt2,unsat,0.05
/calypto/problem-005677.cvc.1.smt2,sat,0.02
/calypto/problem-002673.cvc.1.smt2,unsat,0.02
/calypto/problem-004346.cvc.1.smt2,unsat,0.01
/calypto/problem-005844.cvc.1.smt2,sat,0.01
/calypto/problem-006045.cvc.1.smt2,unsat,0.14
/calypto/problem-004327.cvc.1.smt2,sat,0.02
/calypto/problem-001566.cvc.1.smt2,failed,1200.0
/calypto/problem-004282.cvc.1.smt2,sat,0.03
/calypto/problem-004307.cvc.1.smt2,sat,0.04
/calypto/problem-001586.cvc.1.smt2,sat,0.06
/calypto/problem-004285.cvc.1.smt2,sat,0.02
/CIRC/simplebitadder/SIMPLEBITADDER_COMPOSE_2.msat.smt2,unsat,0.01
/CIRC/simplebitadder/SIMPLEBITADDER_COMPOSE_32.msat.smt2,failed,1200.0
/CIRC/simplebitadder/SIMPLEBITADDER_COMPOSE_14.msat.smt2,failed,1200.0
/CIRC/simplebitadder/SIMPLEBITADDER_COMPOSE_9.msat.smt2,unsat,10.72
/CIRC/simplebitadder/SIMPLEBITADDER_COMPOSE_15.msat.smt2,failed,1200.0
/CIRC/simplebitadder/SIMPLEBITADDER_COMPOSE_64.msat.smt2,failed,1200.0
/CIRC/simplebitadder/SIMPLEBITADDER_COMPOSE_11.msat.smt2,unsat,80.11
/CIRC/simplebitadder/SIMPLEBITADDER_COMPOSE_10.msat.smt2,unsat,35.65
/CIRC/simplebitadder/SIMPLEBITADDER_COMPOSE_16.msat.smt2,failed,1200.0
/CIRC/simplebitadder/SIMPLEBITADDER_COMPOSE_5.msat.smt2,unsat,0.02
/CIRC/simplebitadder/SIMPLEBITADDER_COMPOSE_12.msat.smt2,unsat,325.77
/CIRC/simplebitadder/SIMPLEBITADDER_COMPOSE_3.msat.smt2,unsat,0.01
/CIRC/simplebitadder/SIMPLEBITADDER_COMPOSE_6.msat.smt2,unsat,0.08
/CIRC/simplebitadder/SIMPLEBITADDER_COMPOSE_13.msat.smt2,failed,1200.0
/CIRC/simplebitadder/SIMPLEBITADDER_COMPOSE_7.msat.smt2,unsat,0.39
/CIRC/simplebitadder/SIMPLEBITADDER_COMPOSE_4.msat.smt2,unsat,0.01
/CIRC/simplebitadder/SIMPLEBITADDER_COMPOSE_8.msat.smt2,unsat,2.26
/CIRC/multiplier_prime/MULTIPLIER_PRIME_7.msat.smt2,sat,0.0
/CIRC/multiplier_prime/MULTIPLIER_PRIME_2.msat.smt2,sat,0.01
/CIRC/multiplier_prime/MULTIPLIER_PRIME_32.msat.smt2,sat,0.01
/CIRC/multiplier_prime/MULTIPLIER_PRIME_15.msat.smt2,sat,0.01
/CIRC/multiplier_prime/MULTIPLIER_PRIME_13.msat.smt2,sat,0.01
/CIRC/multiplier_prime/MULTIPLIER_PRIME_4.msat.smt2,failed,1200.0
/CIRC/multiplier_prime/MULTIPLIER_PRIME_12.msat.smt2,failed,1200.0
/CIRC/multiplier_prime/MULTIPLIER_PRIME_5.msat.smt2,sat,0.0
/CIRC/multiplier_prime/MULTIPLIER_PRIME_10.msat.smt2,sat,0.0
/CIRC/multiplier_prime/MULTIPLIER_PRIME_16.msat.smt2,sat,0.01
/CIRC/multiplier_prime/MULTIPLIER_PRIME_8.msat.smt2,sat,0.0
/CIRC/multiplier_prime/MULTIPLIER_PRIME_3.msat.smt2,sat,0.0
/CIRC/multiplier_prime/MULTIPLIER_PRIME_6.msat.smt2,sat,0.01
/CIRC/multiplier_prime/MULTIPLIER_PRIME_11.msat.smt2,sat,0.01
/CIRC/multiplier_prime/MULTIPLIER_PRIME_9.msat.smt2,sat,0.0
/CIRC/multiplier_prime/MULTIPLIER_PRIME_14.msat.smt2,sat,0.01
/CIRC/multiplier_prime/MULTIPLIER_PRIME_64.msat.smt2,sat,0.01
/CIRC/multiplier/MULTIPLIER_7.msat.smt2,unsat,0.44
/CIRC/multiplier/MULTIPLIER_6.msat.smt2,unsat,0.09
/CIRC/multiplier/MULTIPLIER_12.msat.smt2,unsat,975.04
/CIRC/multiplier/MULTIPLIER_4.msat.smt2,unsat,0.01
/CIRC/multiplier/MULTIPLIER_10.msat.smt2,unsat,34.32
/CIRC/multiplier/MULTIPLIER_3.msat.smt2,unsat,0.01
/CIRC/multiplier/MULTIPLIER_15.msat.smt2,failed,1200.0
/CIRC/multiplier/MULTIPLIER_11.msat.smt2,unsat,89.8
/CIRC/multiplier/MULTIPLIER_14.msat.smt2,failed,1200.0
/CIRC/multiplier/MULTIPLIER_8.msat.smt2,unsat,2.56
/CIRC/multiplier/MULTIPLIER_13.msat.smt2,failed,1200.0
/CIRC/multiplier/MULTIPLIER_16.msat.smt2,failed,1200.0
/CIRC/multiplier/MULTIPLIER_64.msat.smt2,sat,0.02
/CIRC/multiplier/MULTIPLIER_9.msat.smt2,unsat,14.58
/CIRC/multiplier/MULTIPLIER_5.msat.smt2,unsat,0.02
/CIRC/multiplier/MULTIPLIER_32.msat.smt2,failed,1200.0
/CIRC/multiplier/MULTIPLIER_2.msat.smt2,unsat,0.01
/RTCL/b04_tf_20/ckt_PROP0_tf_20.smt2,sat,0.12
/RTCL/b04_tf_15/ckt_PROP0_tf_15.smt2,sat,0.05
/slacks/35-15.slack.smt2,sat,10.72
/slacks/45-3.slack.smt2,sat,0.01
/slacks/40-26.slack.smt2,sat,568.5
/slacks/40-29.slack.smt2,sat,284.47
/slacks/35-28.slack.smt2,sat,204.98
/slacks/35-23.slack.smt2,sat,179.67
/slacks/35-16.slack.smt2,sat,59.43
/slacks/25-1.slack.smt2,sat,0.01
/slacks/30-8.slack.smt2,sat,7.43
/slacks/35-8.slack.smt2,sat,8.71
/slacks/40-34.slack.smt2,sat,594.05
/slacks/10-28.slack.smt2,sat,0.01
/slacks/35-29.slack.smt2,sat,109.0
/slacks/30-16.slack.smt2,sat,73.65
/slacks/40-22.slack.smt2,sat,390.41
/slacks/30-27.slack.smt2,sat,144.15
/slacks/10-34.slack.smt2,sat,0.01
/slacks/25-35.slack.smt2,sat,34.5
/slacks/35-31.slack.smt2,sat,287.69
/slacks/20-1.slack.smt2,sat,0.01
/slacks/25-24.slack.smt2,sat,14.13
/slacks/35-4.slack.smt2,sat,0.01
/slacks/25-23.slack.smt2,sat,15.21
/slacks/35-30.slack.smt2,sat,198.88
/slacks/40-23.slack.smt2,sat,282.26
/slacks/45-10.slack.smt2,sat,10.53
/slacks/20-26.slack.smt2,sat,2.61
/slacks/15-14.slack.smt2,sat,0.01
/slacks/30-6.slack.smt2,sat,0.03
/slacks/35-7.slack.smt2,sat,0.02
/slacks/40-10.slack.smt2,failed,1200.0
/slacks/45-19.slack.smt2,sat,33.31
/slacks/15-21.slack.smt2,sat,0.19
/slacks/30-35.slack.smt2,sat,77.98
/slacks/40-9.slack.smt2,sat,0.02
/slacks/45-18.slack.smt2,sat,192.17
/slacks/40-21.slack.smt2,sat,413.4
/slacks/45-24.slack.smt2,sat,274.7
/slacks/30-30.slack.smt2,sat,106.62
/slacks/10-13.slack.smt2,sat,0.01
/slacks/45-29.slack.smt2,sat,897.7
/slacks/30-22.slack.smt2,sat,94.08
/slacks/45-4.slack.smt2,sat,0.01
/slacks/30-19.slack.smt2,sat,62.36
/slacks/15-18.slack.smt2,sat,0.02
/slacks/20-13.slack.smt2,sat,1.61
/slacks/35-17.slack.smt2,sat,76.79
/slacks/40-16.slack.smt2,sat,166.78
/slacks/25-16.slack.smt2,sat,31.28
/slacks/35-11.slack.smt2,sat,12.61
/slacks/20-24.slack.smt2,sat,5.03
/slacks/25-31.slack.smt2,unsat,0.64
/slacks/20-6.slack.smt2,sat,0.01
/slacks/15-4.slack.smt2,sat,0.01
/slacks/40-6.slack.smt2,sat,0.02
/slacks/35-35.slack.smt2,sat,247.72
/slacks/25-9.slack.smt2,sat,0.04
/slacks/45-32.slack.smt2,sat,664.32
/slacks/45-35.slack.smt2,sat,540.21
/slacks/20-9.slack.smt2,sat,1.41
/slacks/35-34.slack.smt2,sat,259.02
/slacks/25-10.slack.smt2,sat,2.19
/slacks/35-33.slack.smt2,sat,266.43
/slacks/35-10.slack.smt2,sat,10.6
/slacks/40-15.slack.smt2,sat,84.85
/slacks/30-20.slack.smt2,sat,21.17
/slacks/40-14.slack.smt2,sat,10.72
/slacks/10-36.slack.smt2,sat,0.01
/slacks/25-33.slack.smt2,sat,24.6
/slacks/30-18.slack.smt2,sat,49.99
/slacks/25-12.slack.smt2,sat,32.74
/slacks/20-28.slack.smt2,sat,3.88
/slacks/10-45.slack.smt2,sat,0.01
/slacks/40-4.slack.smt2,sat,0.02
/slacks/35-25.slack.smt2,sat,197.95
/slacks/20-7.slack.smt2,sat,0.55
/slacks/20-22.slack.smt2,sat,0.01
/slacks/35-24.slack.smt2,sat,136.99
/slacks/45-30.slack.smt2,sat,506.52
/slacks/10-41.slack.smt2,sat,0.01
/slacks/35-2.slack.smt2,sat,0.02
/slacks/20-16.slack.smt2,sat,1.13
/slacks/15-2.slack.smt2,sat,0.01
/slacks/40-12.slack.smt2,sat,16.66
/slacks/10-21.slack.smt2,sat,0.01
/slacks/35-14.slack.smt2,sat,34.65
/slacks/10-12.slack.smt2,sat,0.01
/slacks/15-9.slack.smt2,sat,0.08
/slacks/10-35.slack.smt2,sat,0.02
/slacks/15-13.slack.smt2,sat,0.01
/slacks/20-17.slack.smt2,sat,3.16
/slacks/30-13.slack.smt2,sat,21.15
/slacks/40-18.slack.smt2,sat,11.92
/slacks/30-9.slack.smt2,sat,0.02
/slacks/35-6.slack.smt2,sat,0.02
/slacks/45-33.slack.smt2,sat,908.24
/slacks/25-17.slack.smt2,sat,12.63
/slacks/40-20.slack.smt2,sat,125.12
/slacks/10-4.slack.smt2,sat,0.01
/slacks/25-11.slack.smt2,sat,0.58
/slacks/30-5.slack.smt2,sat,0.01
/slacks/25-18.slack.smt2,sat,23.35
/slacks/15-7.slack.smt2,sat,0.11
/slacks/45-6.slack.smt2,sat,11.9
/slacks/45-20.slack.smt2,sat,154.22
/slacks/45-23.slack.smt2,sat,637.55
/slacks/45-17.slack.smt2,sat,261.95
/slacks/35-22.slack.smt2,sat,206.29
/slacks/10-31.slack.smt2,sat,0.02
/slacks/40-7.slack.smt2,sat,0.01
/slacks/45-1.slack.smt2,failed,1200.0
/slacks/40-32.slack.smt2,sat,336.47
/slacks/30-17.slack.smt2,sat,59.82
/slacks/35-5.slack.smt2,sat,0.28
/slacks/40-31.slack.smt2,sat,357.96
/slacks/25-30.slack.smt2,sat,33.67
/slacks/25-29.slack.smt2,sat,38.53
/slacks/40-24.slack.smt2,sat,279.58
/slacks/25-21.slack.smt2,sat,29.52
/slacks/35-19.slack.smt2,sat,0.02
/slacks/10-40.slack.smt2,sat,0.01
/slacks/35-20.slack.smt2,sat,125.05
/slacks/30-15.slack.smt2,sat,13.86
/slacks/30-31.slack.smt2,sat,210.05
/slacks/30-11.slack.smt2,sat,0.01
/slacks/20-19.slack.smt2,sat,4.66
/slacks/25-25.slack.smt2,sat,41.8
/slacks/30-21.slack.smt2,sat,126.67
/slacks/45-8.slack.smt2,sat,0.02
/slacks/20-14.slack.smt2,unsat,48.92
/slacks/45-16.slack.smt2,sat,0.02
/slacks/25-6.slack.smt2,sat,7.36
/slacks/35-12.slack.smt2,sat,0.03
/slacks/20-30.slack.smt2,sat,10.99
/slacks/40-11.slack.smt2,sat,10.62
/slacks/25-27.slack.smt2,sat,42.42
/slacks/25-8.slack.smt2,sat,0.01
/slacks/25-28.slack.smt2,sat,32.24
/slacks/25-2.slack.smt2,sat,0.04
/slacks/20-10.slack.smt2,sat,0.01
/slacks/10-37.slack.smt2,sat,0.01
/slacks/15-20.slack.smt2,sat,0.01
/slacks/40-27.slack.smt2,sat,394.73
/slacks/25-14.slack.smt2,sat,13.44
/slacks/30-1.slack.smt2,sat,0.01
/slacks/25-4.slack.smt2,sat,0.01
/slacks/45-26.slack.smt2,sat,409.57
/slacks/20-8.slack.smt2,sat,0.01
/slacks/20-15.slack.smt2,sat,0.06
/slacks/25-26.slack.smt2,sat,36.26
/slacks/45-25.slack.smt2,sat,487.8
/slacks/15-15.slack.smt2,sat,0.02
/slacks/45-2.slack.smt2,sat,0.01
/slacks/20-21.slack.smt2,sat,2.26
/slacks/35-32.slack.smt2,sat,356.44
/slacks/30-26.slack.smt2,sat,8.15
/slacks/45-12.slack.smt2,sat,0.02
/slacks/30-12.slack.smt2,sat,10.31
/slacks/20-5.slack.smt2,sat,0.02
/slacks/45-15.slack.smt2,sat,22.47
/slacks/45-11.slack.smt2,sat,367.62
/slacks/35-13.slack.smt2,sat,11.06
/slacks/25-7.slack.smt2,sat,0.4
/slacks/30-3.slack.smt2,failed,1200.0
/slacks/40-5.slack.smt2,sat,0.01
/slacks/25-13.slack.smt2,sat,0.03
/slacks/40-25.slack.smt2,sat,123.16
/slacks/40-19.slack.smt2,sat,192.24
/slacks/20-2.slack.smt2,sat,0.01
/slacks/30-10.slack.smt2,sat,0.05
/slacks/15-3.slack.smt2,sat,0.01
/slacks/30-7.slack.smt2,sat,10.09
/slacks/25-20.slack.smt2,sat,25.02
/slacks/35-3.slack.smt2,sat,0.02
/slacks/30-24.slack.smt2,sat,43.47
/slacks/30-29.slack.smt2,sat,11.12
/slacks/30-2.slack.smt2,sat,0.63
/slacks/35-9.slack.smt2,sat,10.85
/slacks/15-1.slack.smt2,sat,0.01
/slacks/45-31.slack.smt2,failed,1200.0
/slacks/15-6.slack.smt2,sat,0.01
/slacks/45-21.slack.smt2,sat,391.39
/slacks/15-17.slack.smt2,sat,0.02
/slacks/15-19.slack.smt2,sat,0.04
/slacks/40-2.slack.smt2,sat,0.03
/slacks/45-13.slack.smt2,sat,141.21
/slacks/25-15.slack.smt2,sat,10.18
/slacks/35-18.slack.smt2,sat,169.1
/slacks/20-12.slack.smt2,sat,0.01
/slacks/45-22.slack.smt2,sat,1077.09
/slacks/30-25.slack.smt2,sat,65.36
/slacks/40-17.slack.smt2,sat,252.65
/slacks/15-10.slack.smt2,sat,0.02
/slacks/25-19.slack.smt2,sat,31.68
/slacks/15-11.slack.smt2,sat,0.11
/slacks/30-4.slack.smt2,sat,0.01
/slacks/45-7.slack.smt2,sat,190.23
/slacks/30-23.slack.smt2,sat,94.87
/slacks/25-22.slack.smt2,unsat,0.48
/slacks/30-14.slack.smt2,sat,40.28
/slacks/20-3.slack.smt2,sat,0.01
/slacks/45-27.slack.smt2,sat,634.49
/slacks/25-5.slack.smt2,sat,0.01
/slacks/45-34.slack.smt2,sat,532.55
/slacks/45-28.slack.smt2,sat,917.31
/slacks/15-8.slack.smt2,sat,0.01
/slacks/20-11.slack.smt2,sat,0.98
/slacks/20-20.slack.smt2,sat,3.5
/slacks/40-1.slack.smt2,failed,1200.0
/slacks/45-5.slack.smt2,sat,0.01
/slacks/15-5.slack.smt2,sat,0.02
/slacks/40-3.slack.smt2,sat,0.03
/slacks/40-13.slack.smt2,sat,37.23
/slacks/15-12.slack.smt2,sat,0.16
/slacks/30-33.slack.smt2,sat,209.77
/slacks/35-27.slack.smt2,sat,223.7
/slacks/30-28.slack.smt2,sat,138.38
/slacks/45-9.slack.smt2,sat,0.01
/slacks/25-3.slack.smt2,sat,0.02
/slacks/40-33.slack.smt2,sat,567.57
/slacks/40-28.slack.smt2,sat,431.27
/slacks/40-35.slack.smt2,sat,384.08
/slacks/20-4.slack.smt2,sat,0.01
/slacks/40-30.slack.smt2,sat,222.33
/slacks/45-14.slack.smt2,sat,0.02
/slacks/30-34.slack.smt2,sat,160.99
/slacks/10-30.slack.smt2,sat,0.01
/slacks/10-29.slack.smt2,sat,0.01
/slacks/10-20.slack.smt2,sat,0.01
/slacks/40-8.slack.smt2,sat,14.27
/slacks/35-1.slack.smt2,sat,0.02
/slacks/35-26.slack.smt2,sat,260.96
/slacks/35-21.slack.smt2,sat,124.09
/rings_preprocessed/ring_2exp8_6vars_2ite_unsat.smt2,unsat,0.01
/rings_preprocessed/ring_2exp14_9vars_8ite_unsat.smt2,failed,1200.0
/rings_preprocessed/ring_2exp8_6vars_4ite_unsat.smt2,unsat,0.07
/rings_preprocessed/ring_2exp12_3vars_0ite_unsat.smt2,unsat,0.0
/rings_preprocessed/ring_2exp6_6vars_5ite_unsat.smt2,unsat,0.86
/rings_preprocessed/ring_2exp10_9vars_2ite_unsat.smt2,unsat,0.01
/rings_preprocessed/ring_2exp14_9vars_6ite_unsat.smt2,unsat,2.25
/rings_preprocessed/ring_2exp16_4vars_1ite_unsat.smt2,unsat,0.01
/rings_preprocessed/ring_2exp10_7vars_1ite_unsat.smt2,unsat,0.01
/rings_preprocessed/ring_2exp10_3vars_1ite_unsat.smt2,unsat,0.01
/rings_preprocessed/ring_2exp16_9vars_1ite_unsat.smt2,unsat,0.01
/rings_preprocessed/ring_2exp14_8vars_4ite_unsat.smt2,unsat,0.06
/rings_preprocessed/ring_2exp8_7vars_5ite_unsat.smt2,unsat,0.13
/rings_preprocessed/ring_2exp4_4vars_3ite_unsat.smt2,unsat,0.02
/rings_preprocessed/ring_2exp14_6vars_0ite_unsat.smt2,unsat,0.0
/rings_preprocessed/ring_2exp16_4vars_3ite_unsat.smt2,unsat,0.01
/rings_preprocessed/ring_2exp4_6vars_5ite_unsat.smt2,unsat,0.09
/rings_preprocessed/ring_2exp12_7vars_4ite_unsat.smt2,unsat,0.05
/rings_preprocessed/ring_2exp4_8vars_1ite_unsat.smt2,unsat,0.01
/rings_preprocessed/ring_2exp4_9vars_8ite_unsat.smt2,unsat,5.47
/rings_preprocessed/ring_2exp12_5vars_3ite_unsat.smt2,unsat,0.01
/rings_preprocessed/ring_2exp14_5vars_2ite_unsat.smt2,unsat,0.01
/rings_preprocessed/ring_2exp8_6vars_5ite_unsat.smt2,unsat,0.09
/rings_preprocessed/ring_2exp16_9vars_3ite_unsat.smt2,unsat,0.02
/rings_preprocessed/ring_2exp4_9vars_0ite_unsat.smt2,unsat,0.01
/rings_preprocessed/ring_2exp10_7vars_5ite_unsat.smt2,unsat,0.1
/rings_preprocessed/ring_2exp10_9vars_0ite_unsat.smt2,unsat,0.01
/rings_preprocessed/ring_2exp10_7vars_6ite_unsat.smt2,unsat,3.93
/rings_preprocessed/ring_2exp8_4vars_1ite_unsat.smt2,unsat,0.01
/rings_preprocessed/ring_2exp6_6vars_1ite_unsat.smt2,unsat,0.01
/rings_preprocessed/ring_2exp12_9vars_4ite_unsat.smt2,unsat,0.06
/rings_preprocessed/ring_2exp14_8vars_3ite_unsat.smt2,unsat,0.03
/rings_preprocessed/ring_2exp14_7vars_6ite_unsat.smt2,unsat,2.25
/rings_preprocessed/ring_2exp16_6vars_1ite_unsat.smt2,unsat,0.01
/rings_preprocessed/ring_2exp12_6vars_3ite_unsat.smt2,unsat,0.02
/rings_preprocessed/ring_2exp6_5vars_2ite_unsat.smt2,unsat,0.01
/rings_preprocessed/ring_2exp8_5vars_0ite_unsat.smt2,unsat,0.01
/rings_preprocessed/ring_2exp8_8vars_0ite_unsat.smt2,unsat,0.01
/rings_preprocessed/ring_2exp8_5vars_1ite_unsat.smt2,unsat,0.01
/rings_preprocessed/ring_2exp12_9vars_2ite_unsat.smt2,unsat,0.01
/rings_preprocessed/ring_2exp14_6vars_3ite_unsat.smt2,unsat,0.01
/rings_preprocessed/ring_2exp6_9vars_2ite_unsat.smt2,unsat,0.02
/rings_preprocessed/ring_2exp14_6vars_5ite_unsat.smt2,unsat,0.1
/rings_preprocessed/ring_2exp16_8vars_6ite_unsat.smt2,unsat,4.29
/rings_preprocessed/ring_2exp12_6vars_2ite_unsat.smt2,unsat,0.01
/rings_preprocessed/ring_2exp16_8vars_3ite_unsat.smt2,unsat,0.03
/rings_preprocessed/ring_2exp4_7vars_3ite_unsat.smt2,unsat,0.01
/rings_preprocessed/ring_2exp10_4vars_0ite_unsat.smt2,unsat,0.0
/rings_preprocessed/ring_2exp14_4vars_0ite_unsat.smt2,unsat,0.01
/rings_preprocessed/ring_2exp10_8vars_4ite_unsat.smt2,unsat,0.06
/rings_preprocessed/ring_2exp6_4vars_2ite_unsat.smt2,unsat,0.01
/rings_preprocessed/ring_2exp10_5vars_1ite_unsat.smt2,unsat,0.01
/rings_preprocessed/ring_2exp16_6vars_2ite_unsat.smt2,unsat,0.02
/rings_preprocessed/ring_2exp6_9vars_6ite_unsat.smt2,unsat,2.18
/rings_preprocessed/ring_2exp6_9vars_0ite_unsat.smt2,unsat,0.01
/rings_preprocessed/ring_2exp6_5vars_3ite_unsat.smt2,unsat,0.01
/rings_preprocessed/ring_2exp14_7vars_4ite_unsat.smt2,unsat,0.05
/rings_preprocessed/ring_2exp16_5vars_4ite_unsat.smt2,unsat,0.12
/rings_preprocessed/ring_2exp6_7vars_0ite_unsat.smt2,unsat,0.01
/rings_preprocessed/ring_2exp12_7vars_3ite_unsat.smt2,unsat,0.02
/rings_preprocessed/ring_2exp16_9vars_6ite_unsat.smt2,unsat,1.24
/rings_preprocessed/ring_2exp10_6vars_5ite_unsat.smt2,unsat,0.09
/rings_preprocessed/ring_2exp10_4vars_2ite_unsat.smt2,unsat,0.01
/rings_preprocessed/ring_2exp4_6vars_3ite_unsat.smt2,unsat,0.02
/rings_preprocessed/ring_2exp6_7vars_2ite_unsat.smt2,unsat,0.02
/rings_preprocessed/ring_2exp6_7vars_6ite_unsat.smt2,unsat,27.41
/rings_preprocessed/ring_2exp8_3vars_2ite_unsat.smt2,unsat,0.0
/rings_preprocessed/ring_2exp4_9vars_4ite_unsat.smt2,unsat,0.05
/rings_preprocessed/ring_2exp6_9vars_8ite_unsat.smt2,unsat,219.68
/rings_preprocessed/ring_2exp4_7vars_4ite_unsat.smt2,unsat,0.03
/rings_preprocessed/ring_2exp12_9vars_6ite_unsat.smt2,unsat,1.79
/rings_preprocessed/ring_2exp8_8vars_3ite_unsat.smt2,unsat,0.02
/rings_preprocessed/ring_2exp4_7vars_5ite_unsat.smt2,unsat,0.08
/rings_preprocessed/ring_2exp14_5vars_3ite_unsat.smt2,unsat,0.01
/rings_preprocessed/ring_2exp12_8vars_5ite_unsat.smt2,unsat,0.14
/rings_preprocessed/ring_2exp8_7vars_6ite_unsat.smt2,unsat,1.24
/rings_preprocessed/ring_2exp4_8vars_7ite_unsat.smt2,unsat,1.73
/rings_preprocessed/ring_2exp8_9vars_2ite_unsat.smt2,unsat,0.02
/rings_preprocessed/ring_2exp12_9vars_8ite_unsat.smt2,failed,1200.0
/rings_preprocessed/ring_2exp6_3vars_0ite_unsat.smt2,unsat,0.0
/rings_preprocessed/ring_2exp14_7vars_3ite_unsat.smt2,unsat,0.02
/rings_preprocessed/ring_2exp4_9vars_3ite_unsat.smt2,unsat,0.01
/rings_preprocessed/ring_2exp10_8vars_2ite_unsat.smt2,unsat,0.02
/rings_preprocessed/ring_2exp8_8vars_1ite_unsat.smt2,unsat,0.01
/rings_preprocessed/ring_2exp10_8vars_0ite_unsat.smt2,unsat,0.01
/rings_preprocessed/ring_2exp10_9vars_8ite_unsat.smt2,failed,1200.0
/rings_preprocessed/ring_2exp16_8vars_7ite_unsat.smt2,unsat,22.13
/rings_preprocessed/ring_2exp10_8vars_6ite_unsat.smt2,unsat,10.08
/rings_preprocessed/ring_2exp16_9vars_8ite_unsat.smt2,failed,1200.0
/rings_preprocessed/ring_2exp8_7vars_4ite_unsat.smt2,unsat,0.06
/rings_preprocessed/ring_2exp16_8vars_1ite_unsat.smt2,unsat,0.01
/rings_preprocessed/ring_2exp6_5vars_4ite_unsat.smt2,unsat,0.06
/rings_preprocessed/ring_2exp4_8vars_4ite_unsat.smt2,unsat,0.02
/rings_preprocessed/ring_2exp14_8vars_7ite_unsat.smt2,unsat,17.2
/rings_preprocessed/ring_2exp12_3vars_2ite_unsat.smt2,unsat,0.0
/rings_preprocessed/ring_2exp12_4vars_2ite_unsat.smt2,unsat,0.01
/rings_preprocessed/ring_2exp8_6vars_0ite_unsat.smt2,unsat,0.01
/rings_preprocessed/ring_2exp16_7vars_2ite_unsat.smt2,unsat,0.01
/rings_preprocessed/ring_2exp4_3vars_2ite_unsat.smt2,unsat,0.01
/rings_preprocessed/ring_2exp10_9vars_3ite_unsat.smt2,unsat,0.02
/rings_preprocessed/ring_2exp16_5vars_0ite_unsat.smt2,unsat,0.0
/rings_preprocessed/ring_2exp14_7vars_0ite_unsat.smt2,unsat,0.01
/rings_preprocessed/ring_2exp12_9vars_0ite_unsat.smt2,unsat,0.01
/rings_preprocessed/ring_2exp14_3vars_2ite_unsat.smt2,unsat,0.01
/rings_preprocessed/ring_2exp16_9vars_5ite_unsat.smt2,unsat,0.1
/rings_preprocessed/ring_2exp10_8vars_3ite_unsat.smt2,unsat,0.02
/rings_preprocessed/ring_2exp6_7vars_1ite_unsat.smt2,unsat,0.01
/rings_preprocessed/ring_2exp4_5vars_0ite_unsat.smt2,unsat,0.01
/rings_preprocessed/ring_2exp8_9vars_3ite_unsat.smt2,unsat,0.03
/rings_preprocessed/ring_2exp10_9vars_6ite_unsat.smt2,unsat,2.58
/rings_preprocessed/ring_2exp16_4vars_2ite_unsat.smt2,unsat,0.01
/rings_preprocessed/ring_2exp16_5vars_1ite_unsat.smt2,unsat,0.01
/rings_preprocessed/ring_2exp4_8vars_5ite_unsat.smt2,unsat,0.01
/rings_preprocessed/ring_2exp12_8vars_1ite_unsat.smt2,unsat,0.01
/rings_preprocessed/ring_2exp4_3vars_0ite_unsat.smt2,unsat,0.01
/rings_preprocessed/ring_2exp14_5vars_0ite_unsat.smt2,unsat,0.0
/rings_preprocessed/ring_2exp6_9vars_1ite_unsat.smt2,unsat,0.01
/rings_preprocessed/ring_2exp4_9vars_6ite_unsat.smt2,unsat,0.66
/rings_preprocessed/ring_2exp14_6vars_4ite_unsat.smt2,unsat,0.04
/rings_preprocessed/ring_2exp16_8vars_0ite_unsat.smt2,unsat,0.01
/rings_preprocessed/ring_2exp16_8vars_5ite_unsat.smt2,unsat,0.13
/rings_preprocessed/ring_2exp12_7vars_0ite_unsat.smt2,unsat,0.01
/rings_preprocessed/ring_2exp8_5vars_2ite_unsat.smt2,unsat,0.01
/rings_preprocessed/ring_2exp14_4vars_1ite_unsat.smt2,unsat,0.01
/rings_preprocessed/ring_2exp4_8vars_6ite_unsat.smt2,unsat,0.69
/rings_preprocessed/ring_2exp4_6vars_4ite_unsat.smt2,unsat,0.03
/rings_preprocessed/ring_2exp8_5vars_4ite_unsat.smt2,unsat,0.1
/rings_preprocessed/ring_2exp12_7vars_2ite_unsat.smt2,unsat,0.01
/rings_preprocessed/ring_2exp12_9vars_5ite_unsat.smt2,unsat,0.09
/rings_preprocessed/ring_2exp4_8vars_2ite_unsat.smt2,unsat,0.01
/rings_preprocessed/ring_2exp4_6vars_2ite_unsat.smt2,unsat,0.01
/rings_preprocessed/ring_2exp4_9vars_2ite_unsat.smt2,unsat,0.01
/rings_preprocessed/ring_2exp12_8vars_4ite_unsat.smt2,unsat,0.06
/rings_preprocessed/ring_2exp10_7vars_4ite_unsat.smt2,unsat,0.05
/rings_preprocessed/ring_2exp12_8vars_3ite_unsat.smt2,unsat,0.03
/rings_preprocessed/ring_2exp10_5vars_2ite_unsat.smt2,unsat,0.01
/rings_preprocessed/ring_2exp14_8vars_2ite_unsat.smt2,unsat,0.02
/rings_preprocessed/ring_2exp6_7vars_3ite_unsat.smt2,unsat,0.03
/rings_preprocessed/ring_2exp6_8vars_4ite_unsat.smt2,unsat,0.02
/rings_preprocessed/ring_2exp8_9vars_6ite_unsat.smt2,unsat,22.29
/rings_preprocessed/ring_2exp8_8vars_7ite_unsat.smt2,unsat,49.39
/rings_preprocessed/ring_2exp4_7vars_0ite_unsat.smt2,unsat,0.0
/rings_preprocessed/ring_2exp6_6vars_3ite_unsat.smt2,unsat,0.01
/rings_preprocessed/ring_2exp14_5vars_1ite_unsat.smt2,unsat,0.01
/rings_preprocessed/ring_2exp4_4vars_1ite_unsat.smt2,unsat,0.01
/rings_preprocessed/ring_2exp8_7vars_3ite_unsat.smt2,unsat,0.02
/rings_preprocessed/ring_2exp4_3vars_1ite_unsat.smt2,unsat,0.01
/rings_preprocessed/ring_2exp10_9vars_7ite_unsat.smt2,unsat,12.44
/rings_preprocessed/ring_2exp6_5vars_0ite_unsat.smt2,unsat,0.0
/rings_preprocessed/ring_2exp6_9vars_5ite_unsat.smt2,unsat,0.03
/rings_preprocessed/ring_2exp8_7vars_2ite_unsat.smt2,unsat,0.01
/rings_preprocessed/ring_2exp10_6vars_2ite_unsat.smt2,unsat,0.01
/rings_preprocessed/ring_2exp4_6vars_1ite_unsat.smt2,unsat,0.0
/rings_preprocessed/ring_2exp4_5vars_1ite_unsat.smt2,unsat,0.01
/rings_preprocessed/ring_2exp8_9vars_8ite_unsat.smt2,failed,1200.0
/rings_preprocessed/ring_2exp14_8vars_1ite_unsat.smt2,failed,1200.0
/rings_preprocessed/ring_2exp4_7vars_2ite_unsat.smt2,unsat,0.01
/rings_preprocessed/ring_2exp10_8vars_7ite_unsat.smt2,unsat,21.91
/rings_preprocessed/ring_2exp14_4vars_3ite_unsat.smt2,unsat,0.01
/rings_preprocessed/ring_2exp10_3vars_0ite_unsat.smt2,unsat,0.0
/rings_preprocessed/ring_2exp10_8vars_1ite_unsat.smt2,unsat,0.01
/rings_preprocessed/ring_2exp10_9vars_4ite_unsat.smt2,unsat,0.07
/rings_preprocessed/ring_2exp6_7vars_5ite_unsat.smt2,unsat,0.3
/rings_preprocessed/ring_2exp6_4vars_0ite_unsat.smt2,unsat,0.0
/rings_preprocessed/ring_2exp12_4vars_3ite_unsat.smt2,unsat,0.01
/rings_preprocessed/ring_2exp8_3vars_1ite_unsat.smt2,unsat,0.01
/rings_preprocessed/ring_2exp12_9vars_7ite_unsat.smt2,unsat,4.67
/rings_preprocessed/ring_2exp16_6vars_3ite_unsat.smt2,unsat,0.02
/rings_preprocessed/ring_2exp10_6vars_1ite_unsat.smt2,unsat,0.01
/rings_preprocessed/ring_2exp6_6vars_0ite_unsat.smt2,unsat,0.01
/rings_preprocessed/ring_2exp16_5vars_3ite_unsat.smt2,unsat,0.02
/rings_preprocessed/ring_2exp16_8vars_4ite_unsat.smt2,unsat,0.06
/rings_preprocessed/ring_2exp10_3vars_2ite_unsat.smt2,unsat,0.01
/rings_preprocessed/ring_2exp6_4vars_3ite_unsat.smt2,unsat,0.01
/rings_preprocessed/ring_2exp12_8vars_2ite_unsat.smt2,unsat,0.02
/rings_preprocessed/ring_2exp16_6vars_5ite_unsat.smt2,unsat,0.09
/rings_preprocessed/ring_2exp8_8vars_4ite_unsat.smt2,unsat,0.05
/rings_preprocessed/ring_2exp8_4vars_0ite_unsat.smt2,unsat,0.0
/rings_preprocessed/ring_2exp16_6vars_4ite_unsat.smt2,unsat,0.05
/rings_preprocessed/ring_2exp10_9vars_1ite_unsat.smt2,unsat,0.01
/rings_preprocessed/ring_2exp8_8vars_2ite_unsat.smt2,unsat,0.02
/rings_preprocessed/ring_2exp16_4vars_0ite_unsat.smt2,unsat,0.01
/rings_preprocessed/ring_2exp12_7vars_5ite_unsat.smt2,unsat,0.09
/rings_preprocessed/ring_2exp14_3vars_1ite_unsat.smt2,unsat,0.0
/rings_preprocessed/ring_2exp14_9vars_4ite_unsat.smt2,unsat,0.06
/rings_preprocessed/ring_2exp12_5vars_0ite_unsat.smt2,unsat,0.01
/rings_preprocessed/ring_2exp10_7vars_3ite_unsat.smt2,unsat,0.02
/rings_preprocessed/ring_2exp14_9vars_1ite_unsat.smt2,unsat,0.01
/rings_preprocessed/ring_2exp8_9vars_5ite_unsat.smt2,unsat,0.09
/rings_preprocessed/ring_2exp12_7vars_6ite_unsat.smt2,unsat,4.31
/rings_preprocessed/ring_2exp14_4vars_2ite_unsat.smt2,unsat,0.01
/rings_preprocessed/ring_2exp8_8vars_6ite_unsat.smt2,unsat,7.41
/rings_preprocessed/ring_2exp6_8vars_2ite_unsat.smt2,unsat,0.01
/rings_preprocessed/ring_2exp6_9vars_4ite_unsat.smt2,unsat,0.02
/rings_preprocessed/ring_2exp12_8vars_6ite_unsat.smt2,unsat,6.52
/rings_preprocessed/ring_2exp6_9vars_7ite_unsat.smt2,unsat,10.6
/rings_preprocessed/ring_2exp14_6vars_1ite_unsat.smt2,unsat,0.01
/rings_preprocessed/ring_2exp10_9vars_5ite_unsat.smt2,unsat,0.09
/rings_preprocessed/ring_2exp4_9vars_7ite_unsat.smt2,unsat,0.89
/rings_preprocessed/ring_2exp10_4vars_1ite_unsat.smt2,unsat,0.01
/rings_preprocessed/ring_2exp8_9vars_1ite_unsat.smt2,unsat,0.01
/rings_preprocessed/ring_2exp14_8vars_5ite_unsat.smt2,unsat,0.13
/rings_preprocessed/ring_2exp10_5vars_0ite_unsat.smt2,unsat,0.0
/rings_preprocessed/ring_2exp14_7vars_1ite_unsat.smt2,unsat,0.01
/rings_preprocessed/ring_2exp14_9vars_3ite_unsat.smt2,unsat,0.02
/rings_preprocessed/ring_2exp6_9vars_3ite_unsat.smt2,unsat,0.01
/rings_preprocessed/ring_2exp8_9vars_0ite_unsat.smt2,unsat,0.01
/rings_preprocessed/ring_2exp14_5vars_4ite_unsat.smt2,unsat,0.1
/rings_preprocessed/ring_2exp16_9vars_4ite_unsat.smt2,unsat,0.07
/rings_preprocessed/ring_2exp16_5vars_2ite_unsat.smt2,unsat,0.01
/rings_preprocessed/ring_2exp6_8vars_3ite_unsat.smt2,unsat,0.01
/rings_preprocessed/ring_2exp6_8vars_7ite_unsat.smt2,unsat,36.86
/rings_preprocessed/ring_2exp4_5vars_2ite_unsat.smt2,unsat,0.01
/rings_preprocessed/ring_2exp16_3vars_1ite_unsat.smt2,unsat,0.01
/rings_preprocessed/ring_2exp16_7vars_1ite_unsat.smt2,unsat,0.01
/rings_preprocessed/ring_2exp6_7vars_4ite_unsat.smt2,unsat,0.07
/rings_preprocessed/ring_2exp14_9vars_7ite_unsat.smt2,unsat,8.86
/rings_preprocessed/ring_2exp12_5vars_1ite_unsat.smt2,unsat,0.01
/rings_preprocessed/ring_2exp16_3vars_2ite_unsat.smt2,unsat,0.0
/rings_preprocessed/ring_2exp16_7vars_4ite_unsat.smt2,unsat,0.05
/rings_preprocessed/ring_2exp12_6vars_1ite_unsat.smt2,unsat,0.01
/rings_preprocessed/ring_2exp16_9vars_0ite_unsat.smt2,unsat,0.01
/rings_preprocessed/ring_2exp4_7vars_1ite_unsat.smt2,unsat,0.01
/rings_preprocessed/ring_2exp14_9vars_2ite_unsat.smt2,unsat,0.01
/rings_preprocessed/ring_2exp12_9vars_3ite_unsat.smt2,unsat,0.02
/rings_preprocessed/ring_2exp12_9vars_1ite_unsat.smt2,unsat,0.01
/rings_preprocessed/ring_2exp8_3vars_0ite_unsat.smt2,unsat,0.01
/rings_preprocessed/ring_2exp16_9vars_7ite_unsat.smt2,unsat,7.17
/rings_preprocessed/ring_2exp6_4vars_1ite_unsat.smt2,unsat,0.01
/rings_preprocessed/ring_2exp4_4vars_2ite_unsat.smt2,unsat,0.01
/rings_preprocessed/ring_2exp14_9vars_0ite_unsat.smt2,unsat,0.01
/rings_preprocessed/ring_2exp16_7vars_0ite_unsat.smt2,unsat,0.01
/rings_preprocessed/ring_2exp4_9vars_5ite_unsat.smt2,unsat,0.02
/rings_preprocessed/ring_2exp6_8vars_1ite_unsat.smt2,unsat,0.01
/rings_preprocessed/ring_2exp16_9vars_2ite_unsat.smt2,unsat,0.01
/rings_preprocessed/ring_2exp16_7vars_3ite_unsat.smt2,unsat,0.02
/rings_preprocessed/ring_2exp8_8vars_5ite_unsat.smt2,unsat,0.17
/rings_preprocessed/ring_2exp4_6vars_0ite_unsat.smt2,unsat,0.0
/rings_preprocessed/ring_2exp4_5vars_3ite_unsat.smt2,unsat,0.02
/rings_preprocessed/ring_2exp10_5vars_4ite_unsat.smt2,unsat,0.1
/rings_preprocessed/ring_2exp10_6vars_4ite_unsat.smt2,unsat,0.07
/rings_preprocessed/ring_2exp10_6vars_0ite_unsat.smt2,unsat,0.01
/rings_preprocessed/ring_2exp12_6vars_4ite_unsat.smt2,unsat,0.05
/rings_preprocessed/ring_2exp14_9vars_5ite_unsat.smt2,unsat,0.09
/rings_preprocessed/ring_2exp12_3vars_1ite_unsat.smt2,unsat,0.01
/rings_preprocessed/ring_2exp8_4vars_3ite_unsat.smt2,unsat,0.01
/rings_preprocessed/ring_2exp8_7vars_1ite_unsat.smt2,unsat,0.01
/rings_preprocessed/ring_2exp8_6vars_1ite_unsat.smt2,unsat,0.01
/rings_preprocessed/ring_2exp10_7vars_2ite_unsat.smt2,unsat,0.02
/rings_preprocessed/ring_2exp8_9vars_7ite_unsat.smt2,unsat,109.63
/rings_preprocessed/ring_2exp12_5vars_2ite_unsat.smt2,unsat,0.01
/rings_preprocessed/ring_2exp14_6vars_2ite_unsat.smt2,unsat,0.01
/rings_preprocessed/ring_2exp8_9vars_4ite_unsat.smt2,unsat,0.07
/rings_preprocessed/ring_2exp6_3vars_2ite_unsat.smt2,failed,1200.0
/rings_preprocessed/ring_2exp4_4vars_0ite_unsat.smt2,unsat,0.01
/rings_preprocessed/ring_2exp6_3vars_1ite_unsat.smt2,unsat,0.01
/rings_preprocessed/ring_2exp10_7vars_0ite_unsat.smt2,unsat,0.01
/rings_preprocessed/ring_2exp12_4vars_1ite_unsat.smt2,unsat,0.01
/rings_preprocessed/ring_2exp6_8vars_6ite_unsat.smt2,unsat,0.33
/rings_preprocessed/ring_2exp4_8vars_3ite_unsat.smt2,unsat,0.01
/rings_preprocessed/ring_2exp12_8vars_7ite_unsat.smt2,unsat,52.21
/rings_preprocessed/ring_2exp8_7vars_0ite_unsat.smt2,unsat,0.0
/rings_preprocessed/ring_2exp14_8vars_0ite_unsat.smt2,unsat,0.01
/rings_preprocessed/ring_2exp12_8vars_0ite_unsat.smt2,unsat,0.01
/rings_preprocessed/ring_2exp8_5vars_3ite_unsat.smt2,unsat,0.02
/rings_preprocessed/ring_2exp10_6vars_3ite_unsat.smt2,unsat,0.02
/rings_preprocessed/ring_2exp12_4vars_0ite_unsat.smt2,unsat,0.0
/rings_preprocessed/ring_2exp12_6vars_0ite_unsat.smt2,unsat,0.0
/rings_preprocessed/ring_2exp4_7vars_6ite_unsat.smt2,unsat,1.61
/rings_preprocessed/ring_2exp14_8vars_6ite_unsat.smt2,unsat,4.14
/rings_preprocessed/ring_2exp6_8vars_0ite_unsat.smt2,failed,1200.0
/rings_preprocessed/ring_2exp14_3vars_0ite_unsat.smt2,unsat,0.0
/rings_preprocessed/ring_2exp12_5vars_4ite_unsat.smt2,unsat,0.1
/rings_preprocessed/ring_2exp12_6vars_5ite_unsat.smt2,unsat,0.09
/rings_preprocessed/ring_2exp10_4vars_3ite_unsat.smt2,unsat,0.01
/rings_preprocessed/ring_2exp8_4vars_2ite_unsat.smt2,unsat,0.01
/rings_preprocessed/ring_2exp16_7vars_5ite_unsat.smt2,unsat,0.08
/rings_preprocessed/ring_2exp6_6vars_2ite_unsat.smt2,unsat,0.02
/rings_preprocessed/ring_2exp14_7vars_2ite_unsat.smt2,unsat,0.01
/rings_preprocessed/ring_2exp16_3vars_0ite_unsat.smt2,unsat,0.01
/rings_preprocessed/ring_2exp10_8vars_5ite_unsat.smt2,unsat,0.19
/rings_preprocessed/ring_2exp16_8vars_2ite_unsat.smt2,unsat,0.02
/rings_preprocessed/ring_2exp6_5vars_1ite_unsat.smt2,unsat,0.01
/rings_preprocessed/ring_2exp12_7vars_1ite_unsat.smt2,unsat,0.01
/rings_preprocessed/ring_2exp14_7vars_5ite_unsat.smt2,unsat,0.08
/rings_preprocessed/ring_2exp10_5vars_3ite_unsat.smt2,unsat,0.01
/rings_preprocessed/ring_2exp4_9vars_1ite_unsat.smt2,unsat,0.01
/rings_preprocessed/ring_2exp8_6vars_3ite_unsat.smt2,unsat,0.02
/rings_preprocessed/ring_2exp6_8vars_5ite_unsat.smt2,unsat,0.09
/rings_preprocessed/ring_2exp4_5vars_4ite_unsat.smt2,unsat,0.22
/rings_preprocessed/ring_2exp16_7vars_6ite_unsat.smt2,unsat,2.35
/rings_preprocessed/ring_2exp4_8vars_0ite_unsat.smt2,unsat,0.01
/rings_preprocessed/ring_2exp16_6vars_0ite_unsat.smt2,unsat,0.01
/rings_preprocessed/ring_2exp6_6vars_4ite_unsat.smt2,unsat,0.09
/bofill-scheduling/SMT_random_LIA/ex10100_2600_100.smt2,unsat,0.04
/bofill-scheduling/SMT_random_LIA/ex18300_2600_100.smt2,sat,0.07
/bofill-scheduling/SMT_random_LIA/ex16500_2600_100.smt2,sat,0.23
/bofill-scheduling/SMT_random_LIA/ex7600_2600_100.smt2,unsat,0.04
/bofill-scheduling/SMT_random_LIA/ex25900_2600_100.smt2,sat,0.04
/bofill-scheduling/SMT_random_LIA/ex19200_2600_100.smt2,sat,0.06
/bofill-scheduling/SMT_random_LIA/ex16900_2600_100.smt2,sat,0.07
/bofill-scheduling/SMT_random_LIA/ex13200_2600_100.smt2,unsat,0.04
/bofill-scheduling/SMT_random_LIA/ex25600_2600_100.smt2,sat,0.05
/bofill-scheduling/SMT_random_LIA/ex12200_2600_100.smt2,unsat,0.04
/bofill-scheduling/SMT_random_LIA/ex7200_2600_100.smt2,unsat,0.04
/bofill-scheduling/SMT_random_LIA/ex24800_2600_100.smt2,sat,0.05
/bofill-scheduling/SMT_random_LIA/ex9700_2600_100.smt2,unsat,0.04
/bofill-scheduling/SMT_random_LIA/ex25400_2600_100.smt2,sat,0.04
/bofill-scheduling/SMT_random_LIA/ex18000_2600_100.smt2,sat,0.07
/bofill-scheduling/SMT_random_LIA/ex6000_2600_100.smt2,unsat,0.04
/bofill-scheduling/SMT_random_LIA/ex24400_2600_100.smt2,sat,0.04
/bofill-scheduling/SMT_random_LIA/ex5900_2600_100.smt2,unsat,0.04
/bofill-scheduling/SMT_random_LIA/ex17000_2600_100.smt2,sat,0.08
/bofill-scheduling/SMT_random_LIA/ex28800_2600_100.smt2,sat,0.04
/bofill-scheduling/SMT_random_LIA/ex27000_2600_100.smt2,sat,0.05
/bofill-scheduling/SMT_random_LIA/ex10700_2600_100.smt2,unsat,0.04
/bofill-scheduling/SMT_random_LIA/ex23100_2600_100.smt2,sat,0.04
/bofill-scheduling/SMT_random_LIA/ex26700_2600_100.smt2,sat,0.04
/bofill-scheduling/SMT_random_LIA/ex21600_2600_100.smt2,sat,0.04
/bofill-scheduling/SMT_random_LIA/ex10600_2600_100.smt2,unsat,0.04
/bofill-scheduling/SMT_random_LIA/ex17200_2600_100.smt2,sat,0.08
/bofill-scheduling/SMT_random_LIA/ex10500_2600_100.smt2,unsat,0.04
/bofill-scheduling/SMT_random_LIA/ex20900_2600_100.smt2,sat,0.05
/bofill-scheduling/SMT_random_LIA/ex18500_2600_100.smt2,sat,0.06
/bofill-scheduling/SMT_random_LIA/ex14800_2600_100.smt2,sat,0.3
/bofill-scheduling/SMT_random_LIA/ex23700_2600_100.smt2,sat,0.04
/bofill-scheduling/SMT_random_LIA/ex10300_2600_100.smt2,unsat,0.04
/bofill-scheduling/SMT_random_LIA/ex15600_2600_100.smt2,sat,0.27
/bofill-scheduling/SMT_random_LIA/ex29300_2600_100.smt2,sat,0.05
/bofill-scheduling/SMT_random_LIA/ex24600_2600_100.smt2,sat,0.04
/bofill-scheduling/SMT_random_LIA/ex6300_2600_100.smt2,unsat,0.04
/bofill-scheduling/SMT_random_LIA/ex16700_2600_100.smt2,sat,0.1
/bofill-scheduling/SMT_random_LIA/ex11000_2600_100.smt2,unsat,0.04
/bofill-scheduling/SMT_random_LIA/ex7100_2600_100.smt2,unsat,0.04
/bofill-scheduling/SMT_random_LIA/ex21300_2600_100.smt2,sat,0.04
/bofill-scheduling/SMT_random_LIA/ex26300_2600_100.smt2,sat,0.04
/bofill-scheduling/SMT_random_LIA/ex7300_2600_100.smt2,unsat,0.04
/bofill-scheduling/SMT_random_LIA/ex18100_2600_100.smt2,sat,0.06
/bofill-scheduling/SMT_random_LIA/ex17700_2600_100.smt2,sat,0.08
/bofill-scheduling/SMT_random_LIA/ex21800_2600_100.smt2,sat,0.04
/bofill-scheduling/SMT_random_LIA/ex9500_2600_100.smt2,unsat,0.04
/bofill-scheduling/SMT_random_LIA/ex22300_2600_100.smt2,sat,0.04
/bofill-scheduling/SMT_random_LIA/ex12400_2600_100.smt2,unsat,0.04
/bofill-scheduling/SMT_random_LIA/ex22400_2600_100.smt2,sat,0.04
/bofill-scheduling/SMT_random_LIA/ex19300_2600_100.smt2,sat,0.06
/bofill-scheduling/SMT_random_LIA/ex26200_2600_100.smt2,sat,0.04
/bofill-scheduling/SMT_random_LIA/ex20200_2600_100.smt2,sat,0.06
/bofill-scheduling/SMT_random_LIA/ex27300_2600_100.smt2,sat,0.05
/bofill-scheduling/SMT_random_LIA/ex26400_2600_100.smt2,sat,0.04
/bofill-scheduling/SMT_random_LIA/ex14500_2600_100.smt2,sat,0.33
/bofill-scheduling/SMT_random_LIA/ex29100_2600_100.smt2,sat,0.04
/bofill-scheduling/SMT_random_LIA/ex29800_2600_100.smt2,sat,0.04
/bofill-scheduling/SMT_random_LIA/ex29500_2600_100.smt2,sat,0.05
/bofill-scheduling/SMT_random_LIA/ex9100_2600_100.smt2,unsat,0.04
/bofill-scheduling/SMT_random_LIA/ex8500_2600_100.smt2,unsat,0.04
/bofill-scheduling/SMT_random_LIA/ex11100_2600_100.smt2,unsat,0.04
/bofill-scheduling/SMT_random_LIA/ex9600_2600_100.smt2,unsat,0.04
/bofill-scheduling/SMT_random_LIA/ex19100_2600_100.smt2,sat,0.06
/bofill-scheduling/SMT_random_LIA/ex18200_2600_100.smt2,sat,0.07
/bofill-scheduling/SMT_random_LIA/ex16200_2600_100.smt2,sat,0.24
/bofill-scheduling/SMT_random_LIA/ex19600_2600_100.smt2,sat,0.06
/bofill-scheduling/SMT_random_LIA/ex29000_2600_100.smt2,sat,0.04
/bofill-scheduling/SMT_random_LIA/ex16300_2600_100.smt2,sat,0.11
/bofill-scheduling/SMT_random_LIA/ex13000_2600_100.smt2,unsat,0.04
/bofill-scheduling/SMT_random_LIA/ex28300_2600_100.smt2,sat,0.05
/bofill-scheduling/SMT_random_LIA/ex8800_2600_100.smt2,unsat,0.04
/bofill-scheduling/SMT_random_LIA/ex5100_2600_100.smt2,unsat,0.04
/bofill-scheduling/SMT_random_LIA/ex16000_2600_100.smt2,sat,0.23
/bofill-scheduling/SMT_random_LIA/ex15300_2600_100.smt2,sat,0.26
/bofill-scheduling/SMT_random_LIA/ex8100_2600_100.smt2,unsat,0.04
/bofill-scheduling/SMT_random_LIA/ex22000_2600_100.smt2,sat,0.04
/bofill-scheduling/SMT_random_LIA/ex6600_2600_100.smt2,unsat,0.04
/bofill-scheduling/SMT_random_LIA/ex15700_2600_100.smt2,sat,0.27
/bofill-scheduling/SMT_random_LIA/ex22500_2600_100.smt2,sat,0.04
/bofill-scheduling/SMT_random_LIA/ex23000_2600_100.smt2,sat,0.04
/bofill-scheduling/SMT_random_LIA/ex14300_2600_100.smt2,unsat,0.07
/bofill-scheduling/SMT_random_LIA/ex5400_2600_100.smt2,unsat,0.04
/bofill-scheduling/SMT_random_LIA/ex16800_2600_100.smt2,sat,0.08
/bofill-scheduling/SMT_random_LIA/ex13600_2600_100.smt2,unsat,0.08
/bofill-scheduling/SMT_random_LIA/ex26800_2600_100.smt2,sat,0.04
/bofill-scheduling/SMT_random_LIA/ex23200_2600_100.smt2,sat,0.04
/bofill-scheduling/SMT_random_LIA/ex21700_2600_100.smt2,sat,0.05
/bofill-scheduling/SMT_random_LIA/ex10400_2600_100.smt2,unsat,0.04
/bofill-scheduling/SMT_random_LIA/ex13300_2600_100.smt2,unsat,0.04
/bofill-scheduling/SMT_random_LIA/ex22100_2600_100.smt2,sat,0.05
/bofill-scheduling/SMT_random_LIA/ex20100_2600_100.smt2,sat,0.05
/bofill-scheduling/SMT_random_LIA/ex25100_2600_100.smt2,sat,0.04
/bofill-scheduling/SMT_random_LIA/ex11800_2600_100.smt2,unsat,0.04
/bofill-scheduling/SMT_random_LIA/ex28900_2600_100.smt2,sat,0.04
/bofill-scheduling/SMT_random_LIA/ex16600_2600_100.smt2,sat,0.24
/bofill-scheduling/SMT_random_LIA/ex30000_2600_100.smt2,sat,0.04
/bofill-scheduling/SMT_random_LIA/ex20600_2600_100.smt2,sat,0.05
/bofill-scheduling/SMT_random_LIA/ex16400_2600_100.smt2,sat,0.24
/bofill-scheduling/SMT_random_LIA/ex10200_2600_100.smt2,unsat,0.04
/bofill-scheduling/SMT_random_LIA/ex5500_2600_100.smt2,unsat,0.04
/bofill-scheduling/SMT_random_LIA/ex9300_2600_100.smt2,unsat,0.04
/bofill-scheduling/SMT_random_LIA/ex27600_2600_100.smt2,sat,0.04
/bofill-scheduling/SMT_random_LIA/ex12100_2600_100.smt2,unsat,0.04
/bofill-scheduling/SMT_random_LIA/ex15000_2600_100.smt2,sat,0.26
/bofill-scheduling/SMT_random_LIA/ex12900_2600_100.smt2,unsat,0.04
/bofill-scheduling/SMT_random_LIA/ex29700_2600_100.smt2,sat,0.05
/bofill-scheduling/SMT_random_LIA/ex28400_2600_100.smt2,sat,0.04
/bofill-scheduling/SMT_random_LIA/ex26900_2600_100.smt2,sat,0.04
/bofill-scheduling/SMT_random_LIA/ex8300_2600_100.smt2,unsat,0.04
/bofill-scheduling/SMT_random_LIA/ex21900_2600_100.smt2,sat,0.04
/bofill-scheduling/SMT_random_LIA/ex8600_2600_100.smt2,unsat,0.04
/bofill-scheduling/SMT_random_LIA/ex9400_2600_100.smt2,unsat,0.04
/bofill-scheduling/SMT_random_LIA/ex28200_2600_100.smt2,sat,0.04
/bofill-scheduling/SMT_random_LIA/ex20000_2600_100.smt2,sat,0.05
/bofill-scheduling/SMT_random_LIA/ex24100_2600_100.smt2,sat,0.05
/bofill-scheduling/SMT_random_LIA/ex29400_2600_100.smt2,sat,0.05
/bofill-scheduling/SMT_random_LIA/ex23800_2600_100.smt2,sat,0.04
/bofill-scheduling/SMT_random_LIA/ex13800_2600_100.smt2,unsat,0.06
/bofill-scheduling/SMT_random_LIA/ex26600_2600_100.smt2,sat,0.05
/bofill-scheduling/SMT_random_LIA/ex26000_2600_100.smt2,sat,0.04
/bofill-scheduling/SMT_random_LIA/ex9900_2600_100.smt2,unsat,0.04
/bofill-scheduling/SMT_random_LIA/ex19500_2600_100.smt2,sat,0.05
/bofill-scheduling/SMT_random_LIA/ex20500_2600_100.smt2,sat,0.05
/bofill-scheduling/SMT_random_LIA/ex9200_2600_100.smt2,unsat,0.04
/bofill-scheduling/SMT_random_LIA/ex24200_2600_100.smt2,sat,0.04
/bofill-scheduling/SMT_random_LIA/ex5300_2600_100.smt2,unsat,0.04
/bofill-scheduling/SMT_random_LIA/ex15200_2600_100.smt2,sat,0.28
/bofill-scheduling/SMT_random_LIA/ex17800_2600_100.smt2,sat,0.08
/bofill-scheduling/SMT_random_LIA/ex18400_2600_100.smt2,sat,0.06
/bofill-scheduling/SMT_random_LIA/ex21000_2600_100.smt2,sat,0.04
/bofill-scheduling/SMT_random_LIA/ex27100_2600_100.smt2,sat,0.04
/bofill-scheduling/SMT_random_LIA/ex12700_2600_100.smt2,unsat,0.04
/bofill-scheduling/SMT_random_LIA/ex29600_2600_100.smt2,sat,0.04
/bofill-scheduling/SMT_random_LIA/ex17500_2600_100.smt2,sat,0.07
/bofill-scheduling/SMT_random_LIA/ex28100_2600_100.smt2,sat,0.04
/bofill-scheduling/SMT_random_LIA/ex11600_2600_100.smt2,unsat,0.04
/bofill-scheduling/SMT_random_LIA/ex5600_2600_100.smt2,unsat,0.04
/bofill-scheduling/SMT_random_LIA/ex19700_2600_100.smt2,sat,0.05
/bofill-scheduling/SMT_random_LIA/ex29900_2600_100.smt2,sat,0.05
/bofill-scheduling/SMT_random_LIA/ex24700_2600_100.smt2,sat,0.04
/bofill-scheduling/SMT_random_LIA/ex11200_2600_100.smt2,unsat,0.04
/bofill-scheduling/SMT_random_LIA/ex10000_2600_100.smt2,unsat,0.04
/bofill-scheduling/SMT_random_LIA/ex7900_2600_100.smt2,unsat,0.04
/bofill-scheduling/SMT_random_LIA/ex7000_2600_100.smt2,unsat,0.04
/bofill-scheduling/SMT_random_LIA/ex14900_2600_100.smt2,sat,0.28
/bofill-scheduling/SMT_random_LIA/ex5200_2600_100.smt2,unsat,0.04
/bofill-scheduling/SMT_random_LIA/ex22600_2600_100.smt2,sat,0.05
/bofill-scheduling/SMT_random_LIA/ex23600_2600_100.smt2,sat,0.04
/bofill-scheduling/SMT_random_LIA/ex27200_2600_100.smt2,sat,0.04
/bofill-scheduling/SMT_random_LIA/ex22800_2600_100.smt2,sat,0.04
/bofill-scheduling/SMT_random_LIA/ex13500_2600_100.smt2,unsat,0.07
/bofill-scheduling/SMT_random_LIA/ex15100_2600_100.smt2,sat,0.27
/bofill-scheduling/SMT_random_LIA/ex9000_2600_100.smt2,unsat,0.04
/bofill-scheduling/SMT_random_LIA/ex26500_2600_100.smt2,sat,0.04
/bofill-scheduling/SMT_random_LIA/ex27500_2600_100.smt2,sat,0.04
/bofill-scheduling/SMT_random_LIA/ex5000_2600_100.smt2,unsat,0.04
/bofill-scheduling/SMT_random_LIA/ex14000_2600_100.smt2,unsat,0.07
/bofill-scheduling/SMT_random_LIA/ex19000_2600_100.smt2,sat,0.06
/bofill-scheduling/SMT_random_LIA/ex15500_2600_100.smt2,sat,0.25
/bofill-scheduling/SMT_random_LIA/ex12500_2600_100.smt2,unsat,0.04
/bofill-scheduling/SMT_random_LIA/ex18700_2600_100.smt2,sat,0.06
/bofill-scheduling/SMT_random_LIA/ex8700_2600_100.smt2,unsat,0.04
/bofill-scheduling/SMT_random_LIA/ex23400_2600_100.smt2,sat,0.04
/bofill-scheduling/SMT_random_LIA/ex15400_2600_100.smt2,sat,0.27
/bofill-scheduling/SMT_random_LIA/ex24900_2600_100.smt2,sat,0.04
/bofill-scheduling/SMT_random_LIA/ex17900_2600_100.smt2,sat,0.07
/bofill-scheduling/SMT_random_LIA/ex27400_2600_100.smt2,sat,0.04
/bofill-scheduling/SMT_random_LIA/ex13100_2600_100.smt2,unsat,0.04
/bofill-scheduling/SMT_random_LIA/ex22200_2600_100.smt2,sat,0.04
/bofill-scheduling/SMT_random_LIA/ex8000_2600_100.smt2,unsat,0.04
/bofill-scheduling/SMT_random_LIA/ex10800_2600_100.smt2,unsat,0.04
/bofill-scheduling/SMT_random_LIA/ex23900_2600_100.smt2,sat,0.04
/bofill-scheduling/SMT_random_LIA/ex19800_2600_100.smt2,sat,0.06
/bofill-scheduling/SMT_random_LIA/ex7800_2600_100.smt2,unsat,0.04
/bofill-scheduling/SMT_random_LIA/ex16100_2600_100.smt2,sat,0.22
/bofill-scheduling/SMT_random_LIA/ex19900_2600_100.smt2,sat,0.05
/bofill-scheduling/SMT_random_LIA/ex26100_2600_100.smt2,sat,0.04
/bofill-scheduling/SMT_random_LIA/ex28700_2600_100.smt2,sat,0.04
/bofill-scheduling/SMT_random_LIA/ex23500_2600_100.smt2,sat,0.04
/bofill-scheduling/SMT_random_LIA/ex15800_2600_100.smt2,sat,0.24
/bofill-scheduling/SMT_random_LIA/ex6800_2600_100.smt2,unsat,0.04
/bofill-scheduling/SMT_random_LIA/ex27700_2600_100.smt2,sat,0.04
/bofill-scheduling/SMT_random_LIA/ex17300_2600_100.smt2,sat,0.06
/bofill-scheduling/SMT_random_LIA/ex9800_2600_100.smt2,unsat,0.04
/bofill-scheduling/SMT_random_LIA/ex27800_2600_100.smt2,sat,0.04
/bofill-scheduling/SMT_random_LIA/ex6900_2600_100.smt2,unsat,0.04
/bofill-scheduling/SMT_random_LIA/ex10900_2600_100.smt2,unsat,0.04
/bofill-scheduling/SMT_random_LIA/ex7700_2600_100.smt2,unsat,0.04
/bofill-scheduling/SMT_random_LIA/ex6100_2600_100.smt2,unsat,0.04
/bofill-scheduling/SMT_random_LIA/ex25800_2600_100.smt2,sat,0.04
/bofill-scheduling/SMT_random_LIA/ex27900_2600_100.smt2,sat,0.04
/bofill-scheduling/SMT_random_LIA/ex6400_2600_100.smt2,unsat,0.04
/bofill-scheduling/SMT_random_LIA/ex19400_2600_100.smt2,sat,0.08
/bofill-scheduling/SMT_random_LIA/ex20300_2600_100.smt2,sat,0.05
/bofill-scheduling/SMT_random_LIA/ex21200_2600_100.smt2,sat,0.04
/bofill-scheduling/SMT_random_LIA/ex14100_2600_100.smt2,unsat,0.06
/bofill-scheduling/SMT_random_LIA/ex13700_2600_100.smt2,unsat,0.07
/bofill-scheduling/SMT_random_LIA/ex12800_2600_100.smt2,unsat,0.04
/bofill-scheduling/SMT_random_LIA/ex25700_2600_100.smt2,sat,0.04
/bofill-scheduling/SMT_random_LIA/ex7500_2600_100.smt2,unsat,0.04
/bofill-scheduling/SMT_random_LIA/ex11900_2600_100.smt2,unsat,0.04
/bofill-scheduling/SMT_random_LIA/ex25300_2600_100.smt2,sat,0.04
/bofill-scheduling/SMT_random_LIA/ex28000_2600_100.smt2,sat,0.04
/bofill-scheduling/SMT_random_LIA/ex20400_2600_100.smt2,sat,0.05
/bofill-scheduling/SMT_random_LIA/ex21400_2600_100.smt2,sat,0.04
/bofill-scheduling/SMT_random_LIA/ex25500_2600_100.smt2,sat,0.05
/bofill-scheduling/SMT_random_LIA/ex13400_2600_100.smt2,unsat,0.08
/bofill-scheduling/SMT_random_LIA/ex23300_2600_100.smt2,sat,0.04
/bofill-scheduling/SMT_random_LIA/ex12600_2600_100.smt2,unsat,0.04
/bofill-scheduling/SMT_random_LIA/ex22700_2600_100.smt2,sat,0.04
/bofill-scheduling/SMT_random_LIA/ex17600_2600_100.smt2,sat,0.08
/bofill-scheduling/SMT_random_LIA/ex11500_2600_100.smt2,unsat,0.04
/bofill-scheduling/SMT_random_LIA/ex17100_2600_100.smt2,sat,0.07
/bofill-scheduling/SMT_random_LIA/ex25200_2600_100.smt2,sat,0.05
/bofill-scheduling/SMT_random_LIA/ex8200_2600_100.smt2,unsat,0.04
/bofill-scheduling/SMT_random_LIA/ex14600_2600_100.smt2,sat,0.34
/bofill-scheduling/SMT_random_LIA/ex28600_2600_100.smt2,sat,0.04
/bofill-scheduling/SMT_random_LIA/ex21500_2600_100.smt2,sat,0.04
/bofill-scheduling/SMT_random_LIA/ex25000_2600_100.smt2,sat,0.04
/bofill-scheduling/SMT_random_LIA/ex24500_2600_100.smt2,sat,0.04
/bofill-scheduling/SMT_random_LIA/ex11400_2600_100.smt2,unsat,0.04
/bofill-scheduling/SMT_random_LIA/ex14700_2600_100.smt2,sat,0.31
/bofill-scheduling/SMT_random_LIA/ex14400_2600_100.smt2,unsat,0.06
/bofill-scheduling/SMT_random_LIA/ex20700_2600_100.smt2,sat,0.05
/bofill-scheduling/SMT_random_LIA/ex18600_2600_100.smt2,sat,0.06
/bofill-scheduling/SMT_random_LIA/ex24300_2600_100.smt2,sat,0.05
/bofill-scheduling/SMT_random_LIA/ex14200_2600_100.smt2,unsat,0.07
/bofill-scheduling/SMT_random_LIA/ex18800_2600_100.smt2,sat,0.06
/bofill-scheduling/SMT_random_LIA/ex11300_2600_100.smt2,unsat,0.04
/bofill-scheduling/SMT_random_LIA/ex5700_2600_100.smt2,unsat,0.04
/bofill-scheduling/SMT_random_LIA/ex29200_2600_100.smt2,sat,0.04
/bofill-scheduling/SMT_random_LIA/ex12300_2600_100.smt2,unsat,0.04
/bofill-scheduling/SMT_random_LIA/ex15900_2600_100.smt2,sat,0.24
/bofill-scheduling/SMT_random_LIA/ex6500_2600_100.smt2,unsat,0.04
/bofill-scheduling/SMT_random_LIA/ex28500_2600_100.smt2,sat,0.05
/bofill-scheduling/SMT_random_LIA/ex17400_2600_100.smt2,sat,0.11
/bofill-scheduling/SMT_random_LIA/ex6200_2600_100.smt2,unsat,0.04
/bofill-scheduling/SMT_random_LIA/ex24000_2600_100.smt2,sat,0.04
/bofill-scheduling/SMT_random_LIA/ex5800_2600_100.smt2,unsat,0.04
/bofill-scheduling/SMT_random_LIA/ex22900_2600_100.smt2,sat,0.05
/bofill-scheduling/SMT_random_LIA/ex12000_2600_100.smt2,unsat,0.04
/bofill-scheduling/SMT_random_LIA/ex13900_2600_100.smt2,unsat,0.06
/bofill-scheduling/SMT_random_LIA/ex8400_2600_100.smt2,unsat,0.04
/bofill-scheduling/SMT_random_LIA/ex20800_2600_100.smt2,sat,0.05
/bofill-scheduling/SMT_random_LIA/ex11700_2600_100.smt2,unsat,0.04
/bofill-scheduling/SMT_random_LIA/ex18900_2600_100.smt2,sat,0.06
/bofill-scheduling/SMT_random_LIA/ex6700_2600_100.smt2,unsat,0.04
/bofill-scheduling/SMT_random_LIA/ex21100_2600_100.smt2,sat,0.04
/bofill-scheduling/SMT_random_LIA/ex8900_2600_100.smt2,unsat,0.04
/bofill-scheduling/SMT_random_LIA/ex7400_2600_100.smt2,unsat,0.04
/bofill-scheduling/SMT_real_LIA/ex9620_2400_100.smt2,sat,0.04
/bofill-scheduling/SMT_real_LIA/ex6740_2400_100.smt2,sat,0.05
/bofill-scheduling/SMT_real_LIA/ex8840_2400_100.smt2,sat,0.04
/bofill-scheduling/SMT_real_LIA/ex8580_2400_100.smt2,sat,0.04
/bofill-scheduling/SMT_real_LIA/ex3480_2400_100.smt2,unsat,0.03
/bofill-scheduling/SMT_real_LIA/ex4900_2400_100.smt2,unsat,0.04
/bofill-scheduling/SMT_real_LIA/ex8400_2400_100.smt2,sat,0.04
/bofill-scheduling/SMT_real_LIA/ex3840_2400_100.smt2,unsat,0.03
/bofill-scheduling/SMT_real_LIA/ex8420_2400_100.smt2,sat,0.04
/bofill-scheduling/SMT_real_LIA/ex8120_2400_100.smt2,sat,0.04
/bofill-scheduling/SMT_real_LIA/ex6980_2400_100.smt2,sat,0.05
/bofill-scheduling/SMT_real_LIA/ex9480_2400_100.smt2,sat,0.03
/bofill-scheduling/SMT_real_LIA/ex7040_2400_100.smt2,sat,0.04
/bofill-scheduling/SMT_real_LIA/ex6860_2400_100.smt2,sat,0.05
/bofill-scheduling/SMT_real_LIA/ex9920_2400_100.smt2,sat,0.04
/bofill-scheduling/SMT_real_LIA/ex4220_2400_100.smt2,unsat,0.03
/bofill-scheduling/SMT_real_LIA/ex2680_2400_100.smt2,unsat,0.03
/bofill-scheduling/SMT_real_LIA/ex8380_2400_100.smt2,sat,0.04
/bofill-scheduling/SMT_real_LIA/ex7240_2400_100.smt2,sat,0.04
/bofill-scheduling/SMT_real_LIA/ex7080_2400_100.smt2,sat,0.04
/bofill-scheduling/SMT_real_LIA/ex2400_2400_100.smt2,unsat,0.03
/bofill-scheduling/SMT_real_LIA/ex4060_2400_100.smt2,unsat,0.04
/bofill-scheduling/SMT_real_LIA/ex3100_2400_100.smt2,unsat,0.03
/bofill-scheduling/SMT_real_LIA/ex6840_2400_100.smt2,sat,0.05
/bofill-scheduling/SMT_real_LIA/ex3080_2400_100.smt2,unsat,0.03
/bofill-scheduling/SMT_real_LIA/ex8460_2400_100.smt2,sat,0.04
/bofill-scheduling/SMT_real_LIA/ex6440_2400_100.smt2,sat,0.04
/bofill-scheduling/SMT_real_LIA/ex4020_2400_100.smt2,unsat,0.03
/bofill-scheduling/SMT_real_LIA/ex2580_2400_100.smt2,unsat,0.03
/bofill-scheduling/SMT_real_LIA/ex5080_2400_100.smt2,sat,8.05
/bofill-scheduling/SMT_real_LIA/ex5180_2400_100.smt2,sat,1.47
/bofill-scheduling/SMT_real_LIA/ex5560_2400_100.smt2,sat,0.28
/bofill-scheduling/SMT_real_LIA/ex6140_2400_100.smt2,sat,0.06
/bofill-scheduling/SMT_real_LIA/ex7440_2400_100.smt2,sat,0.05
/bofill-scheduling/SMT_real_LIA/ex7940_2400_100.smt2,sat,0.05
/bofill-scheduling/SMT_real_LIA/ex9120_2400_100.smt2,sat,0.04
/bofill-scheduling/SMT_real_LIA/ex6200_2400_100.smt2,sat,0.05
/bofill-scheduling/SMT_real_LIA/ex7700_2400_100.smt2,sat,0.05
/bofill-scheduling/SMT_real_LIA/ex4660_2400_100.smt2,unsat,0.03
/bofill-scheduling/SMT_real_LIA/ex5920_2400_100.smt2,sat,0.15
/bofill-scheduling/SMT_real_LIA/ex2460_2400_100.smt2,unsat,0.03
/bofill-scheduling/SMT_real_LIA/ex9540_2400_100.smt2,sat,0.04
/bofill-scheduling/SMT_real_LIA/ex7100_2400_100.smt2,sat,0.04
/bofill-scheduling/SMT_real_LIA/ex6700_2400_100.smt2,sat,0.05
/bofill-scheduling/SMT_real_LIA/ex2480_2400_100.smt2,unsat,0.03
/bofill-scheduling/SMT_real_LIA/ex4420_2400_100.smt2,unsat,0.03
/bofill-scheduling/SMT_real_LIA/ex5720_2400_100.smt2,sat,0.17
/bofill-scheduling/SMT_real_LIA/ex3920_2400_100.smt2,unsat,0.03
/bofill-scheduling/SMT_real_LIA/ex9960_2400_100.smt2,sat,0.04
/bofill-scheduling/SMT_real_LIA/ex5880_2400_100.smt2,sat,0.16
/bofill-scheduling/SMT_real_LIA/ex6360_2400_100.smt2,sat,0.05
/bofill-scheduling/SMT_real_LIA/ex5300_2400_100.smt2,sat,0.42
/bofill-scheduling/SMT_real_LIA/ex3680_2400_100.smt2,unsat,0.03
/bofill-scheduling/SMT_real_LIA/ex6300_2400_100.smt2,sat,0.05
/bofill-scheduling/SMT_real_LIA/ex4100_2400_100.smt2,unsat,0.03
/bofill-scheduling/SMT_real_LIA/ex8920_2400_100.smt2,sat,0.04
/bofill-scheduling/SMT_real_LIA/ex8500_2400_100.smt2,sat,0.04
/bofill-scheduling/SMT_real_LIA/ex3380_2400_100.smt2,unsat,0.03
/bofill-scheduling/SMT_real_LIA/ex9040_2400_100.smt2,sat,0.04
/bofill-scheduling/SMT_real_LIA/ex7400_2400_100.smt2,sat,0.04
/bofill-scheduling/SMT_real_LIA/ex10000_2400_100.smt2,sat,0.03
/bofill-scheduling/SMT_real_LIA/ex3620_2400_100.smt2,unsat,0.03
/bofill-scheduling/SMT_real_LIA/ex4480_2400_100.smt2,unsat,0.03
/bofill-scheduling/SMT_real_LIA/ex9000_2400_100.smt2,sat,0.04
/bofill-scheduling/SMT_real_LIA/ex5380_2400_100.smt2,sat,1.29
/bofill-scheduling/SMT_real_LIA/ex7640_2400_100.smt2,sat,0.05
/bofill-scheduling/SMT_real_LIA/ex3900_2400_100.smt2,unsat,0.04
/bofill-scheduling/SMT_real_LIA/ex2980_2400_100.smt2,unsat,0.03
/bofill-scheduling/SMT_real_LIA/ex5700_2400_100.smt2,sat,0.18
/bofill-scheduling/SMT_real_LIA/ex9860_2400_100.smt2,sat,0.04
/bofill-scheduling/SMT_real_LIA/ex7480_2400_100.smt2,sat,0.05
/bofill-scheduling/SMT_real_LIA/ex8640_2400_100.smt2,sat,0.04
/bofill-scheduling/SMT_real_LIA/ex8360_2400_100.smt2,sat,0.04
/bofill-scheduling/SMT_real_LIA/ex6780_2400_100.smt2,sat,0.05
/bofill-scheduling/SMT_real_LIA/ex7660_2400_100.smt2,sat,0.04
/bofill-scheduling/SMT_real_LIA/ex7060_2400_100.smt2,sat,0.05
/bofill-scheduling/SMT_real_LIA/ex5540_2400_100.smt2,sat,0.43
/bofill-scheduling/SMT_real_LIA/ex4460_2400_100.smt2,unsat,0.03
/bofill-scheduling/SMT_real_LIA/ex2800_2400_100.smt2,unsat,0.03
/bofill-scheduling/SMT_real_LIA/ex7360_2400_100.smt2,sat,0.04
/bofill-scheduling/SMT_real_LIA/ex2520_2400_100.smt2,unsat,0.03
/bofill-scheduling/SMT_real_LIA/ex2720_2400_100.smt2,unsat,0.03
/bofill-scheduling/SMT_real_LIA/ex9200_2400_100.smt2,sat,0.04
/bofill-scheduling/SMT_real_LIA/ex3760_2400_100.smt2,unsat,0.03
/bofill-scheduling/SMT_real_LIA/ex9020_2400_100.smt2,sat,0.04
/bofill-scheduling/SMT_real_LIA/ex3660_2400_100.smt2,unsat,0.03
/bofill-scheduling/SMT_real_LIA/ex3640_2400_100.smt2,unsat,0.03
/bofill-scheduling/SMT_real_LIA/ex5520_2400_100.smt2,sat,0.23
/bofill-scheduling/SMT_real_LIA/ex4800_2400_100.smt2,unsat,0.03
/bofill-scheduling/SMT_real_LIA/ex4740_2400_100.smt2,unsat,0.03
/bofill-scheduling/SMT_real_LIA/ex8560_2400_100.smt2,sat,0.04
/bofill-scheduling/SMT_real_LIA/ex6760_2400_100.smt2,sat,0.06
/bofill-scheduling/SMT_real_LIA/ex9600_2400_100.smt2,sat,0.04
/bofill-scheduling/SMT_real_LIA/ex7020_2400_100.smt2,sat,0.05
/bofill-scheduling/SMT_real_LIA/ex8140_2400_100.smt2,sat,0.04
/bofill-scheduling/SMT_real_LIA/ex6880_2400_100.smt2,sat,0.05
/bofill-scheduling/SMT_real_LIA/ex7980_2400_100.smt2,sat,0.05
/bofill-scheduling/SMT_real_LIA/ex4880_2400_100.smt2,unsat,0.04
/bofill-scheduling/SMT_real_LIA/ex6220_2400_100.smt2,sat,0.06
/bofill-scheduling/SMT_real_LIA/ex5580_2400_100.smt2,sat,0.25
/bofill-scheduling/SMT_real_LIA/ex9260_2400_100.smt2,sat,0.04
/bofill-scheduling/SMT_real_LIA/ex3560_2400_100.smt2,unsat,0.03
/bofill-scheduling/SMT_real_LIA/ex4320_2400_100.smt2,unsat,0.03
/bofill-scheduling/SMT_real_LIA/ex9460_2400_100.smt2,sat,0.03
/bofill-scheduling/SMT_real_LIA/ex4360_2400_100.smt2,unsat,0.03
/bofill-scheduling/SMT_real_LIA/ex7880_2400_100.smt2,sat,0.05
/bofill-scheduling/SMT_real_LIA/ex5820_2400_100.smt2,sat,0.06
/bofill-scheduling/SMT_real_LIA/ex2380_2400_100.smt2,unsat,0.03
/bofill-scheduling/SMT_real_LIA/ex8760_2400_100.smt2,sat,0.04
/bofill-scheduling/SMT_real_LIA/ex5760_2400_100.smt2,sat,0.17
/bofill-scheduling/SMT_real_LIA/ex4040_2400_100.smt2,unsat,0.03
/bofill-scheduling/SMT_real_LIA/ex8100_2400_100.smt2,sat,0.05
/bofill-scheduling/SMT_real_LIA/ex8860_2400_100.smt2,sat,0.04
/bofill-scheduling/SMT_real_LIA/ex9560_2400_100.smt2,sat,0.04
/bofill-scheduling/SMT_real_LIA/ex3460_2400_100.smt2,unsat,0.03
/bofill-scheduling/SMT_real_LIA/ex9060_2400_100.smt2,sat,0.04
/bofill-scheduling/SMT_real_LIA/ex5900_2400_100.smt2,sat,0.06
/bofill-scheduling/SMT_real_LIA/ex6720_2400_100.smt2,sat,0.05
/bofill-scheduling/SMT_real_LIA/ex6620_2400_100.smt2,sat,0.06
/bofill-scheduling/SMT_real_LIA/ex9440_2400_100.smt2,sat,0.04
/bofill-scheduling/SMT_real_LIA/ex4080_2400_100.smt2,unsat,0.03
/bofill-scheduling/SMT_real_LIA/ex9380_2400_100.smt2,sat,0.04
/bofill-scheduling/SMT_real_LIA/ex8220_2400_100.smt2,sat,0.04
/bofill-scheduling/SMT_real_LIA/ex3780_2400_100.smt2,unsat,0.03
/bofill-scheduling/SMT_real_LIA/ex9400_2400_100.smt2,sat,0.04
/bofill-scheduling/SMT_real_LIA/ex8520_2400_100.smt2,sat,0.04
/bofill-scheduling/SMT_real_LIA/ex9940_2400_100.smt2,sat,0.03
/bofill-scheduling/SMT_real_LIA/ex9320_2400_100.smt2,sat,0.03
/bofill-scheduling/SMT_real_LIA/ex9300_2400_100.smt2,sat,0.04
/bofill-scheduling/SMT_real_LIA/ex5100_2400_100.smt2,sat,5.32
/bofill-scheduling/SMT_real_LIA/ex5020_2400_100.smt2,sat,11.97
/bofill-scheduling/SMT_real_LIA/ex5780_2400_100.smt2,sat,0.16
/bofill-scheduling/SMT_real_LIA/ex2880_2400_100.smt2,unsat,0.03
/bofill-scheduling/SMT_real_LIA/ex4700_2400_100.smt2,unsat,0.03
/bofill-scheduling/SMT_real_LIA/ex3240_2400_100.smt2,unsat,0.03
/bofill-scheduling/SMT_real_LIA/ex4920_2400_100.smt2,unsat,0.05
/bofill-scheduling/SMT_real_LIA/ex3500_2400_100.smt2,unsat,0.03
/bofill-scheduling/SMT_real_LIA/ex2820_2400_100.smt2,unsat,0.03
/bofill-scheduling/SMT_real_LIA/ex3260_2400_100.smt2,unsat,0.03
/bofill-scheduling/SMT_real_LIA/ex6260_2400_100.smt2,sat,0.05
/bofill-scheduling/SMT_real_LIA/ex5860_2400_100.smt2,sat,0.06
/bofill-scheduling/SMT_real_LIA/ex4560_2400_100.smt2,unsat,0.03
/bofill-scheduling/SMT_real_LIA/ex8780_2400_100.smt2,sat,0.04
/bofill-scheduling/SMT_real_LIA/ex3060_2400_100.smt2,unsat,0.03
/bofill-scheduling/SMT_real_LIA/ex6660_2400_100.smt2,sat,0.05
/bofill-scheduling/SMT_real_LIA/ex4960_2400_100.smt2,unsat,0.04
/bofill-scheduling/SMT_real_LIA/ex6800_2400_100.smt2,sat,0.05
/bofill-scheduling/SMT_real_LIA/ex7560_2400_100.smt2,sat,0.05
/bofill-scheduling/SMT_real_LIA/ex4940_2400_100.smt2,unsat,0.04
/bofill-scheduling/SMT_real_LIA/ex7260_2400_100.smt2,sat,0.04
/bofill-scheduling/SMT_real_LIA/ex6160_2400_100.smt2,sat,0.05
/bofill-scheduling/SMT_real_LIA/ex3980_2400_100.smt2,unsat,0.03
/bofill-scheduling/SMT_real_LIA/ex6820_2400_100.smt2,sat,0.05
/bofill-scheduling/SMT_real_LIA/ex8680_2400_100.smt2,sat,0.04
/bofill-scheduling/SMT_real_LIA/ex5360_2400_100.smt2,sat,0.78
/bofill-scheduling/SMT_real_LIA/ex8600_2400_100.smt2,sat,0.04
/bofill-scheduling/SMT_real_LIA/ex7780_2400_100.smt2,sat,0.04
/bofill-scheduling/SMT_real_LIA/ex3020_2400_100.smt2,unsat,0.03
/bofill-scheduling/SMT_real_LIA/ex4400_2400_100.smt2,unsat,0.03
/bofill-scheduling/SMT_real_LIA/ex6380_2400_100.smt2,sat,0.05
/bofill-scheduling/SMT_real_LIA/ex7140_2400_100.smt2,sat,0.04
/bofill-scheduling/SMT_real_LIA/ex3340_2400_100.smt2,unsat,0.03
/bofill-scheduling/SMT_real_LIA/ex2700_2400_100.smt2,unsat,0.03
/bofill-scheduling/SMT_real_LIA/ex8720_2400_100.smt2,sat,0.04
/bofill-scheduling/SMT_real_LIA/ex9800_2400_100.smt2,sat,0.03
/bofill-scheduling/SMT_real_LIA/ex2640_2400_100.smt2,unsat,0.03
/bofill-scheduling/SMT_real_LIA/ex6480_2400_100.smt2,sat,0.05
/bofill-scheduling/SMT_real_LIA/ex3700_2400_100.smt2,unsat,0.03
/bofill-scheduling/SMT_real_LIA/ex6520_2400_100.smt2,sat,0.05
/bofill-scheduling/SMT_real_LIA/ex7760_2400_100.smt2,sat,0.04
/bofill-scheduling/SMT_real_LIA/ex8000_2400_100.smt2,sat,0.04
/bofill-scheduling/SMT_real_LIA/ex8340_2400_100.smt2,sat,0.04
/bofill-scheduling/SMT_real_LIA/ex4540_2400_100.smt2,unsat,0.03
/bofill-scheduling/SMT_real_LIA/ex5500_2400_100.smt2,sat,0.27
/bofill-scheduling/SMT_real_LIA/ex5480_2400_100.smt2,sat,0.49
/bofill-scheduling/SMT_real_LIA/ex4240_2400_100.smt2,unsat,0.03
/bofill-scheduling/SMT_real_LIA/ex7840_2400_100.smt2,sat,0.04
/bofill-scheduling/SMT_real_LIA/ex2440_2400_100.smt2,unsat,0.03
/bofill-scheduling/SMT_real_LIA/ex4680_2400_100.smt2,unsat,0.03
/bofill-scheduling/SMT_real_LIA/ex3360_2400_100.smt2,unsat,0.03
/bofill-scheduling/SMT_real_LIA/ex2540_2400_100.smt2,unsat,0.03
/bofill-scheduling/SMT_real_LIA/ex2660_2400_100.smt2,unsat,0.03
/bofill-scheduling/SMT_real_LIA/ex9980_2400_100.smt2,sat,0.04
/bofill-scheduling/SMT_real_LIA/ex9740_2400_100.smt2,sat,0.04
/bofill-scheduling/SMT_real_LIA/ex5980_2400_100.smt2,sat,0.06
/bofill-scheduling/SMT_real_LIA/ex9160_2400_100.smt2,sat,0.04
/bofill-scheduling/SMT_real_LIA/ex5680_2400_100.smt2,sat,0.19
/bofill-scheduling/SMT_real_LIA/ex5440_2400_100.smt2,sat,0.25
/bofill-scheduling/SMT_real_LIA/ex6240_2400_100.smt2,sat,0.05
/bofill-scheduling/SMT_real_LIA/ex9680_2400_100.smt2,sat,0.04
/bofill-scheduling/SMT_real_LIA/ex4760_2400_100.smt2,unsat,0.03
/bofill-scheduling/SMT_real_LIA/ex5160_2400_100.smt2,sat,0.94
/bofill-scheduling/SMT_real_LIA/ex7720_2400_100.smt2,sat,0.04
/bofill-scheduling/SMT_real_LIA/ex7300_2400_100.smt2,sat,0.04
/bofill-scheduling/SMT_real_LIA/ex6420_2400_100.smt2,sat,0.04
/bofill-scheduling/SMT_real_LIA/ex5940_2400_100.smt2,sat,0.05
/bofill-scheduling/SMT_real_LIA/ex9340_2400_100.smt2,sat,0.04
/bofill-scheduling/SMT_real_LIA/ex3000_2400_100.smt2,unsat,0.03
/bofill-scheduling/SMT_real_LIA/ex5840_2400_100.smt2,sat,0.06
/bofill-scheduling/SMT_real_LIA/ex4520_2400_100.smt2,unsat,0.03
/bofill-scheduling/SMT_real_LIA/ex9180_2400_100.smt2,sat,0.04
/bofill-scheduling/SMT_real_LIA/ex4300_2400_100.smt2,unsat,0.03
/bofill-scheduling/SMT_real_LIA/ex9500_2400_100.smt2,sat,0.04
/bofill-scheduling/SMT_real_LIA/ex8440_2400_100.smt2,sat,0.04
/bofill-scheduling/SMT_real_LIA/ex6500_2400_100.smt2,sat,0.05
/bofill-scheduling/SMT_real_LIA/ex8240_2400_100.smt2,sat,0.04
/bofill-scheduling/SMT_real_LIA/ex3800_2400_100.smt2,unsat,0.03
/bofill-scheduling/SMT_real_LIA/ex7280_2400_100.smt2,sat,0.04
/bofill-scheduling/SMT_real_LIA/ex2280_2400_100.smt2,unsat,0.04
/bofill-scheduling/SMT_real_LIA/ex8740_2400_100.smt2,sat,0.04
/bofill-scheduling/SMT_real_LIA/ex6100_2400_100.smt2,sat,0.06
/bofill-scheduling/SMT_real_LIA/ex8540_2400_100.smt2,sat,0.04
/bofill-scheduling/SMT_real_LIA/ex8820_2400_100.smt2,sat,0.04
/bofill-scheduling/SMT_real_LIA/ex3940_2400_100.smt2,unsat,0.03
/bofill-scheduling/SMT_real_LIA/ex4640_2400_100.smt2,unsat,0.03
/bofill-scheduling/SMT_real_LIA/ex3120_2400_100.smt2,unsat,0.03
/bofill-scheduling/SMT_real_LIA/ex6000_2400_100.smt2,sat,0.16
/bofill-scheduling/SMT_real_LIA/ex6120_2400_100.smt2,sat,0.06
/bofill-scheduling/SMT_real_LIA/ex7380_2400_100.smt2,sat,0.04
/bofill-scheduling/SMT_real_LIA/ex5400_2400_100.smt2,sat,0.37
/bofill-scheduling/SMT_real_LIA/ex2780_2400_100.smt2,unsat,0.03
/bofill-scheduling/SMT_real_LIA/ex4440_2400_100.smt2,unsat,0.03
/bofill-scheduling/SMT_real_LIA/ex6580_2400_100.smt2,sat,0.05
/bofill-scheduling/SMT_real_LIA/ex2060_2400_100.smt2,unsat,0.03
/bofill-scheduling/SMT_real_LIA/ex6560_2400_100.smt2,sat,0.05
/bofill-scheduling/SMT_real_LIA/ex7340_2400_100.smt2,sat,0.04
/bofill-scheduling/SMT_real_LIA/ex5040_2400_100.smt2,sat,27.17
/bofill-scheduling/SMT_real_LIA/ex8940_2400_100.smt2,sat,0.04
/bofill-scheduling/SMT_real_LIA/ex6020_2400_100.smt2,sat,0.16
/bofill-scheduling/SMT_real_LIA/ex6900_2400_100.smt2,sat,0.05
/bofill-scheduling/SMT_real_LIA/ex3540_2400_100.smt2,unsat,0.03
/bofill-scheduling/SMT_real_LIA/ex8900_2400_100.smt2,sat,0.04
/bofill-scheduling/SMT_real_LIA/ex9080_2400_100.smt2,sat,0.04
/bofill-scheduling/SMT_real_LIA/ex7540_2400_100.smt2,sat,0.05
/bofill-scheduling/SMT_real_LIA/ex9720_2400_100.smt2,sat,0.04
/bofill-scheduling/SMT_real_LIA/ex5660_2400_100.smt2,sat,0.2
/bofill-scheduling/SMT_real_LIA/ex7420_2400_100.smt2,sat,0.05
/bofill-scheduling/SMT_real_LIA/ex2560_2400_100.smt2,unsat,0.03
/bofill-scheduling/SMT_real_LIA/ex8480_2400_100.smt2,sat,0.04
/bofill-scheduling/SMT_real_LIA/ex8160_2400_100.smt2,sat,0.04
/bofill-scheduling/SMT_real_LIA/ex5600_2400_100.smt2,sat,0.28
/bofill-scheduling/SMT_real_LIA/ex9660_2400_100.smt2,sat,0.03
/bofill-scheduling/SMT_real_LIA/ex6060_2400_100.smt2,sat,0.06
/bofill-scheduling/SMT_real_LIA/ex2960_2400_100.smt2,unsat,0.03
/bofill-scheduling/SMT_real_LIA/ex7580_2400_100.smt2,sat,0.05
/bofill-scheduling/SMT_real_LIA/ex5460_2400_100.smt2,sat,0.23
/bofill-scheduling/SMT_real_LIA/ex5200_2400_100.smt2,sat,1.03
/bofill-scheduling/SMT_real_LIA/ex8960_2400_100.smt2,sat,0.04
/bofill-scheduling/SMT_real_LIA/ex3200_2400_100.smt2,unsat,0.03
/bofill-scheduling/SMT_real_LIA/ex3820_2400_100.smt2,unsat,0.03
/bofill-scheduling/SMT_real_LIA/ex2360_2400_100.smt2,unsat,0.03
/bofill-scheduling/SMT_real_LIA/ex2620_2400_100.smt2,unsat,0.03
/bofill-scheduling/SMT_real_LIA/ex4180_2400_100.smt2,unsat,0.03
/bofill-scheduling/SMT_real_LIA/ex4620_2400_100.smt2,unsat,0.03
/bofill-scheduling/SMT_real_LIA/ex4000_2400_100.smt2,unsat,0.03
/bofill-scheduling/SMT_real_LIA/ex9100_2400_100.smt2,sat,0.04
/bofill-scheduling/SMT_real_LIA/ex5620_2400_100.smt2,sat,0.3
/bofill-scheduling/SMT_real_LIA/ex3960_2400_100.smt2,unsat,0.03
/bofill-scheduling/SMT_real_LIA/ex7740_2400_100.smt2,sat,0.04
/bofill-scheduling/SMT_real_LIA/ex5420_2400_100.smt2,sat,0.24
/bofill-scheduling/SMT_real_LIA/ex4980_2400_100.smt2,unsat,0.07
/bofill-scheduling/SMT_real_LIA/ex2740_2400_100.smt2,unsat,0.03
/bofill-scheduling/SMT_real_LIA/ex9140_2400_100.smt2,sat,0.04
/bofill-scheduling/SMT_real_LIA/ex3880_2400_100.smt2,unsat,0.03
/bofill-scheduling/SMT_real_LIA/ex4260_2400_100.smt2,unsat,0.03
/bofill-scheduling/SMT_real_LIA/ex2940_2400_100.smt2,unsat,0.03
/bofill-scheduling/SMT_real_LIA/ex6080_2400_100.smt2,sat,0.05
/bofill-scheduling/SMT_real_LIA/ex4860_2400_100.smt2,unsat,0.03
/bofill-scheduling/SMT_real_LIA/ex5220_2400_100.smt2,sat,2.3
/bofill-scheduling/SMT_real_LIA/ex3720_2400_100.smt2,unsat,0.03
/bofill-scheduling/SMT_real_LIA/ex9360_2400_100.smt2,sat,0.04
/bofill-scheduling/SMT_real_LIA/ex4160_2400_100.smt2,unsat,0.03
/bofill-scheduling/SMT_real_LIA/ex7920_2400_100.smt2,sat,0.04
/bofill-scheduling/SMT_real_LIA/ex2260_2400_100.smt2,unsat,0.03
/bofill-scheduling/SMT_real_LIA/ex5140_2400_100.smt2,sat,7.62
/bofill-scheduling/SMT_real_LIA/ex3740_2400_100.smt2,unsat,0.03
/bofill-scheduling/SMT_real_LIA/ex8660_2400_100.smt2,sat,0.04
/bofill-scheduling/SMT_real_LIA/ex2120_2400_100.smt2,unsat,0.03
/bofill-scheduling/SMT_real_LIA/ex2420_2400_100.smt2,unsat,0.03
/bofill-scheduling/SMT_real_LIA/ex9520_2400_100.smt2,sat,0.04
/bofill-scheduling/SMT_real_LIA/ex2200_2400_100.smt2,unsat,0.03
/bofill-scheduling/SMT_real_LIA/ex9580_2400_100.smt2,sat,0.03
/bofill-scheduling/SMT_real_LIA/ex7520_2400_100.smt2,sat,0.05
/bofill-scheduling/SMT_real_LIA/ex8200_2400_100.smt2,sat,0.04
/bofill-scheduling/SMT_real_LIA/ex6540_2400_100.smt2,sat,0.05
/bofill-scheduling/SMT_real_LIA/ex2160_2400_100.smt2,unsat,0.03
/bofill-scheduling/SMT_real_LIA/ex3180_2400_100.smt2,unsat,0.03
/bofill-scheduling/SMT_real_LIA/ex2220_2400_100.smt2,unsat,0.03
/bofill-scheduling/SMT_real_LIA/ex9420_2400_100.smt2,sat,0.04
/bofill-scheduling/SMT_real_LIA/ex3040_2400_100.smt2,unsat,0.03
/bofill-scheduling/SMT_real_LIA/ex7160_2400_100.smt2,sat,0.04
/bofill-scheduling/SMT_real_LIA/ex2100_2400_100.smt2,unsat,0.04
/bofill-scheduling/SMT_real_LIA/ex3600_2400_100.smt2,unsat,0.03
/bofill-scheduling/SMT_real_LIA/ex6960_2400_100.smt2,sat,0.05
/bofill-scheduling/SMT_real_LIA/ex9760_2400_100.smt2,sat,0.04
/bofill-scheduling/SMT_real_LIA/ex7680_2400_100.smt2,sat,0.05
/bofill-scheduling/SMT_real_LIA/ex5260_2400_100.smt2,sat,0.54
/bofill-scheduling/SMT_real_LIA/ex4340_2400_100.smt2,unsat,0.03
/bofill-scheduling/SMT_real_LIA/ex8700_2400_100.smt2,sat,0.04
/bofill-scheduling/SMT_real_LIA/ex2300_2400_100.smt2,unsat,0.03
/bofill-scheduling/SMT_real_LIA/ex2840_2400_100.smt2,unsat,0.03
/bofill-scheduling/SMT_real_LIA/ex2040_2400_100.smt2,unsat,0.03
/bofill-scheduling/SMT_real_LIA/ex5340_2400_100.smt2,sat,0.96
/bofill-scheduling/SMT_real_LIA/ex9840_2400_100.smt2,sat,0.03
/bofill-scheduling/SMT_real_LIA/ex9280_2400_100.smt2,sat,0.04
/bofill-scheduling/SMT_real_LIA/ex2180_2400_100.smt2,unsat,0.03
/bofill-scheduling/SMT_real_LIA/ex3860_2400_100.smt2,unsat,0.03
/bofill-scheduling/SMT_real_LIA/ex6040_2400_100.smt2,sat,0.17
/bofill-scheduling/SMT_real_LIA/ex7500_2400_100.smt2,sat,0.05
/bofill-scheduling/SMT_real_LIA/ex9220_2400_100.smt2,sat,0.04
/bofill-scheduling/SMT_real_LIA/ex9240_2400_100.smt2,sat,0.04
/bofill-scheduling/SMT_real_LIA/ex3320_2400_100.smt2,unsat,0.03
/bofill-scheduling/SMT_real_LIA/ex7220_2400_100.smt2,sat,0.04
/bofill-scheduling/SMT_real_LIA/ex2920_2400_100.smt2,unsat,0.03
/bofill-scheduling/SMT_real_LIA/ex6600_2400_100.smt2,sat,0.05
/bofill-scheduling/SMT_real_LIA/ex7820_2400_100.smt2,sat,0.04
/bofill-scheduling/SMT_real_LIA/ex9880_2400_100.smt2,sat,0.03
/bofill-scheduling/SMT_real_LIA/ex3520_2400_100.smt2,unsat,0.03
/bofill-scheduling/SMT_real_LIA/ex7800_2400_100.smt2,sat,0.05
/bofill-scheduling/SMT_real_LIA/ex2140_2400_100.smt2,unsat,0.03
/bofill-scheduling/SMT_real_LIA/ex5960_2400_100.smt2,sat,0.17
/bofill-scheduling/SMT_real_LIA/ex7860_2400_100.smt2,sat,0.04
/bofill-scheduling/SMT_real_LIA/ex8280_2400_100.smt2,sat,0.04
/bofill-scheduling/SMT_real_LIA/ex6920_2400_100.smt2,sat,0.05
/bofill-scheduling/SMT_real_LIA/ex5740_2400_100.smt2,sat,0.27
/bofill-scheduling/SMT_real_LIA/ex6280_2400_100.smt2,sat,0.05
/bofill-scheduling/SMT_real_LIA/ex6400_2400_100.smt2,sat,0.05
/bofill-scheduling/SMT_real_LIA/ex6460_2400_100.smt2,sat,0.04
/bofill-scheduling/SMT_real_LIA/ex7620_2400_100.smt2,sat,0.05
/bofill-scheduling/SMT_real_LIA/ex7320_2400_100.smt2,sat,0.04
/bofill-scheduling/SMT_real_LIA/ex8620_2400_100.smt2,sat,0.04
/bofill-scheduling/SMT_real_LIA/ex7180_2400_100.smt2,sat,0.04
/bofill-scheduling/SMT_real_LIA/ex8980_2400_100.smt2,sat,0.04
/bofill-scheduling/SMT_real_LIA/ex7900_2400_100.smt2,sat,0.05
/bofill-scheduling/SMT_real_LIA/ex8080_2400_100.smt2,sat,0.04
/bofill-scheduling/SMT_real_LIA/ex5060_2400_100.smt2,sat,4.93
/bofill-scheduling/SMT_real_LIA/ex4780_2400_100.smt2,unsat,0.03
/bofill-scheduling/SMT_real_LIA/ex4280_2400_100.smt2,unsat,0.03
/bofill-scheduling/SMT_real_LIA/ex4140_2400_100.smt2,unsat,0.03
/bofill-scheduling/SMT_real_LIA/ex2000_2400_100.smt2,unsat,0.03
/bofill-scheduling/SMT_real_LIA/ex8040_2400_100.smt2,sat,0.04
/bofill-scheduling/SMT_real_LIA/ex2320_2400_100.smt2,unsat,0.03
/bofill-scheduling/SMT_real_LIA/ex2860_2400_100.smt2,unsat,0.03
/bofill-scheduling/SMT_real_LIA/ex8180_2400_100.smt2,sat,0.04
/bofill-scheduling/SMT_real_LIA/ex3300_2400_100.smt2,unsat,0.03
/bofill-scheduling/SMT_real_LIA/ex2760_2400_100.smt2,unsat,0.03
/bofill-scheduling/SMT_real_LIA/ex3420_2400_100.smt2,unsat,0.03
/bofill-scheduling/SMT_real_LIA/ex4580_2400_100.smt2,unsat,0.04
/bofill-scheduling/SMT_real_LIA/ex7200_2400_100.smt2,sat,0.05
/bofill-scheduling/SMT_real_LIA/ex5120_2400_100.smt2,sat,5.79
/bofill-scheduling/SMT_real_LIA/ex8800_2400_100.smt2,sat,0.04
/bofill-scheduling/SMT_real_LIA/ex2500_2400_100.smt2,unsat,0.03
/bofill-scheduling/SMT_real_LIA/ex3400_2400_100.smt2,unsat,0.03
/bofill-scheduling/SMT_real_LIA/ex3140_2400_100.smt2,unsat,0.03
/bofill-scheduling/SMT_real_LIA/ex8260_2400_100.smt2,sat,0.04
/bofill-scheduling/SMT_real_LIA/ex5640_2400_100.smt2,sat,0.18
/bofill-scheduling/SMT_real_LIA/ex4500_2400_100.smt2,unsat,0.03
/bofill-scheduling/SMT_real_LIA/ex3220_2400_100.smt2,unsat,0.03
/bofill-scheduling/SMT_real_LIA/ex5240_2400_100.smt2,sat,1.43
/bofill-scheduling/SMT_real_LIA/ex8060_2400_100.smt2,sat,0.04
/bofill-scheduling/SMT_real_LIA/ex8320_2400_100.smt2,sat,0.04
/bofill-scheduling/SMT_real_LIA/ex6320_2400_100.smt2,sat,0.07
/bofill-scheduling/SMT_real_LIA/ex8020_2400_100.smt2,sat,0.05
/bofill-scheduling/SMT_real_LIA/ex4380_2400_100.smt2,unsat,0.03
/bofill-scheduling/SMT_real_LIA/ex3440_2400_100.smt2,unsat,0.03
/bofill-scheduling/SMT_real_LIA/ex5000_2400_100.smt2,sat,4.88
/bofill-scheduling/SMT_real_LIA/ex2900_2400_100.smt2,unsat,0.03
/bofill-scheduling/SMT_real_LIA/ex5800_2400_100.smt2,sat,0.19
/bofill-scheduling/SMT_real_LIA/ex7460_2400_100.smt2,sat,0.05
/bofill-scheduling/SMT_real_LIA/ex6340_2400_100.smt2,sat,0.05
/bofill-scheduling/SMT_real_LIA/ex7600_2400_100.smt2,sat,0.05
/bofill-scheduling/SMT_real_LIA/ex4720_2400_100.smt2,unsat,0.03
/bofill-scheduling/SMT_real_LIA/ex9820_2400_100.smt2,sat,0.03
/bofill-scheduling/SMT_real_LIA/ex9640_2400_100.smt2,sat,0.04
/bofill-scheduling/SMT_real_LIA/ex7120_2400_100.smt2,sat,0.05
/bofill-scheduling/SMT_real_LIA/ex3580_2400_100.smt2,unsat,0.03
/bofill-scheduling/SMT_real_LIA/ex3160_2400_100.smt2,unsat,0.03
/bofill-scheduling/SMT_real_LIA/ex2080_2400_100.smt2,unsat,0.03
/bofill-scheduling/SMT_real_LIA/ex2020_2400_100.smt2,unsat,0.03
/bofill-scheduling/SMT_real_LIA/ex8880_2400_100.smt2,sat,0.04
/bofill-scheduling/SMT_real_LIA/ex7000_2400_100.smt2,sat,0.05
/bofill-scheduling/SMT_real_LIA/ex6940_2400_100.smt2,sat,0.05
/bofill-scheduling/SMT_real_LIA/ex3280_2400_100.smt2,unsat,0.03
/bofill-scheduling/SMT_real_LIA/ex2340_2400_100.smt2,unsat,0.03
/bofill-scheduling/SMT_real_LIA/ex9780_2400_100.smt2,sat,0.03
/bofill-scheduling/SMT_real_LIA/ex2600_2400_100.smt2,unsat,0.03
/bofill-scheduling/SMT_real_LIA/ex9700_2400_100.smt2,sat,0.04
/bofill-scheduling/SMT_real_LIA/ex8300_2400_100.smt2,sat,0.04
/bofill-scheduling/SMT_real_LIA/ex7960_2400_100.smt2,sat,0.05
/bofill-scheduling/SMT_real_LIA/ex4600_2400_100.smt2,unsat,0.03
/bofill-scheduling/SMT_real_LIA/ex4120_2400_100.smt2,unsat,0.03
/bofill-scheduling/SMT_real_LIA/ex4820_2400_100.smt2,unsat,0.03
/bofill-scheduling/SMT_real_LIA/ex5280_2400_100.smt2,sat,1.22
/bofill-scheduling/SMT_real_LIA/ex2240_2400_100.smt2,unsat,0.03
/bofill-scheduling/SMT_real_LIA/ex9900_2400_100.smt2,sat,0.04
/bofill-scheduling/SMT_real_LIA/ex6680_2400_100.smt2,sat,0.04
/bofill-scheduling/SMT_real_LIA/ex4840_2400_100.smt2,unsat,0.03
/bofill-scheduling/SMT_real_LIA/ex5320_2400_100.smt2,sat,0.71
/bofill-scheduling/SMT_real_LIA/ex4200_2400_100.smt2,unsat,0.03
/bofill-scheduling/SMT_real_LIA/ex6640_2400_100.smt2,sat,0.05
/bofill-scheduling/SMT_real_LIA/ex6180_2400_100.smt2,sat,0.06
