/2019-ezsmt/generator/inst-ijcai-lin3.ez.smt2,sat,0.0
/2019-ezsmt/generator/inst-ijcai-lin2.ez.smt2,sat,0.0
/2019-ezsmt/generator/inst-ijcai-lin8.ez.smt2,sat,0.06125950813293457
/2019-ezsmt/generator/inst-ijcai-lin7.ez.smt2,sat,0.10454535484313965
/2019-ezsmt/generator/inst-ijcai-lin4.ez.smt2,sat,0.0
/2019-ezsmt/generator/inst-ijcai-lin6.ez.smt2,sat,0.0
/2019-ezsmt/generator/inst-ijcai-lin1.ez.smt2,sat,0.0
/2019-ezsmt/generator/inst-ijcai-lin5.ez.smt2,sat,0.0
/2019-ezsmt/bouncingBall/inst_1_100.smt2,sat,15.474049091339111
/2019-ezsmt/bouncingBall/inst_1_1000000.smt2,sat,1.7837860584259033
/2019-ezsmt/bouncingBall/inst_1_10000.smt2,sat,15.544934511184692
/2019-ezsmt/bouncingBall/inst_1_1000.smt2,sat,3.67480206489563
/2019-ezsmt/bouncingBall/inst_1_100000.smt2,sat,1.1720771789550781
/2019-ezsmt/reverseFolding/50-reverse_folding-0-0.smt2,sat,0.3902096748352051
/2019-ezsmt/reverseFolding/38-reverse_folding-0-0.smt2,sat,5.8487513065338135
/2019-ezsmt/reverseFolding/05-reverse_folding-0-0.smt2,sat,0.0
/2019-ezsmt/reverseFolding/35-reverse_folding-0-0.smt2,sat,4.373452186584473
/2019-ezsmt/reverseFolding/40-reverse_folding-0-0.smt2,sat,14.3
/2019-ezsmt/reverseFolding/25-reverse_folding-0-0.smt2,sat,2.4085114002227783
/2019-ezsmt/reverseFolding/32-reverse_folding-0-0.smt2,sat,1.5230612754821777
/2019-ezsmt/reverseFolding/41-reverse_folding-0-0.smt2,sat,14.508037090301514
/2019-ezsmt/reverseFolding/06-reverse_folding-0-0.smt2,unsat,0.0
/2019-ezsmt/reverseFolding/01-reverse_folding-0-0.smt2,sat,0.0
/2019-ezsmt/reverseFolding/36-reverse_folding-0-0.smt2,sat,5.532834768295288
/2019-ezsmt/reverseFolding/07-reverse_folding-0-0.smt2,unsat,0.2
/2019-ezsmt/reverseFolding/43-reverse_folding-0-0.smt2,sat,15.614086389541626
/2019-ezsmt/reverseFolding/28-reverse_folding-0-0.smt2,sat,1.3241701126098633
/2019-ezsmt/reverseFolding/19-reverse_folding-0-0.smt2,sat,0.3
/2019-ezsmt/reverseFolding/18-reverse_folding-0-0.smt2,sat,0.3
/2019-ezsmt/reverseFolding/46-reverse_folding-0-0.smt2,sat,14.887679815292358
/2019-ezsmt/reverseFolding/10-reverse_folding-0-0.smt2,sat,1.7315301895141602
/2019-ezsmt/reverseFolding/26-reverse_folding-0-0.smt2,sat,1.2797539234161377
/2019-ezsmt/reverseFolding/31-reverse_folding-0-0.smt2,sat,14.741695165634155
/2019-ezsmt/reverseFolding/08-reverse_folding-0-0.smt2,sat,0.5
/2019-ezsmt/reverseFolding/15-reverse_folding-0-0.smt2,sat,0.2
/2019-ezsmt/reverseFolding/23-reverse_folding-0-0.smt2,sat,0.8
/2019-ezsmt/reverseFolding/20-reverse_folding-0-0.smt2,sat,1.1
/2019-ezsmt/reverseFolding/17-reverse_folding-0-0.smt2,sat,0.6
/2019-ezsmt/reverseFolding/44-reverse_folding-0-0.smt2,sat,14.6
/2019-ezsmt/reverseFolding/37-reverse_folding-0-0.smt2,sat,5.666017293930054
/2019-ezsmt/reverseFolding/12-reverse_folding-0-0.smt2,sat,0.1
/2019-ezsmt/reverseFolding/11-reverse_folding-0-0.smt2,sat,0.1
/2019-ezsmt/reverseFolding/27-reverse_folding-0-0.smt2,sat,1.8070168495178223
/2019-ezsmt/reverseFolding/34-reverse_folding-0-0.smt2,sat,3.000471353530884
/2019-ezsmt/reverseFolding/21-reverse_folding-0-0.smt2,sat,1.2
/2019-ezsmt/reverseFolding/22-reverse_folding-0-0.smt2,sat,1.079634428024292
/2019-ezsmt/reverseFolding/16-reverse_folding-0-0.smt2,sat,0.31191110610961914
/2019-ezsmt/reverseFolding/30-reverse_folding-0-0.smt2,sat,2.1
/2019-ezsmt/reverseFolding/49-reverse_folding-0-0.smt2,sat,1.4
/2019-ezsmt/reverseFolding/42-reverse_folding-0-0.smt2,sat,6.42247462272644
/2019-ezsmt/reverseFolding/29-reverse_folding-0-0.smt2,sat,1.9124844074249268
/2019-ezsmt/reverseFolding/45-reverse_folding-0-0.smt2,sat,16.077184915542603
/2019-ezsmt/reverseFolding/39-reverse_folding-0-0.smt2,sat,4.906254768371582
/2019-ezsmt/reverseFolding/03-reverse_folding-0-0.smt2,sat,121.53142404556274
/2019-ezsmt/reverseFolding/24-reverse_folding-0-0.smt2,sat,1.7101976871490479
/2019-ezsmt/reverseFolding/13-reverse_folding-0-0.smt2,sat,0.2
/2019-ezsmt/reverseFolding/09-reverse_folding-0-0.smt2,sat,0.8
/2019-ezsmt/reverseFolding/47-reverse_folding-0-0.smt2,sat,1.0
/2019-ezsmt/reverseFolding/48-reverse_folding-0-0.smt2,sat,1.1037580966949463
/2019-ezsmt/reverseFolding/04-reverse_folding-0-0.smt2,failed,1200.0
/2019-ezsmt/reverseFolding/33-reverse_folding-0-0.smt2,sat,1.8946304321289062
/2019-ezsmt/reverseFolding/02-reverse_folding-0-0.smt2,sat,0.5
/2019-ezsmt/reverseFolding/14-reverse_folding-0-0.smt2,sat,0.2
/20220314-Uncu/Rational_Function_Proof_Calls_With_Disjunctive_Denominator_Simplifications/DDC_ProveIneq_ISSAC10_ex1e.smt2,sat,0.0
/20220314-Uncu/Rational_Function_Proof_Calls_With_Disjunctive_Denominator_Simplifications/DDC_ProveIneq_ISSAC10_ex3b.smt2,sat,0.0
/20220314-Uncu/Rational_Function_Proof_Calls_With_Disjunctive_Denominator_Simplifications/DDC_ProveIneq_Mitrinovic_4_22a.smt2,sat,0.0
/20220314-Uncu/Rational_Function_Proof_Calls_With_Disjunctive_Denominator_Simplifications/DDC_ProveIneq_ISSAC10_ex3d.smt2,sat,0.0
/20220314-Uncu/Rational_Function_Proof_Calls_With_Disjunctive_Denominator_Simplifications/DDC_ProveIneq_ISSAC10_ex4b.smt2,sat,0.0
/20220314-Uncu/Rational_Function_Proof_Calls_With_Disjunctive_Denominator_Simplifications/DDC_ProveIneq_Mitrinovic_4_30_1.smt2,unsat,0.0
/20220314-Uncu/Rational_Function_Proof_Calls_With_Disjunctive_Denominator_Simplifications/DDC_ProveIneq_ISSAC05_Bessack_3_m1.smt2,unsat,0.0
/20220314-Uncu/Rational_Function_Proof_Calls_With_Disjunctive_Denominator_Simplifications/DDC_ProveIneq_ISSAC05_Bessack_4_m2.smt2,unsat,0.0
/20220314-Uncu/Rational_Function_Proof_Calls_With_Disjunctive_Denominator_Simplifications/DDC_ProveIneq_Mitrinovic_4_14.smt2,unsat,0.0
/20220314-Uncu/Rational_Function_Proof_Calls_With_Disjunctive_Denominator_Simplifications/DDC_ProveIneq_Mitrinovic_3_28.smt2,unsat,0.0
/20220314-Uncu/Rational_Function_Proof_Calls_With_Disjunctive_Denominator_Simplifications/DDC_ProveIneq_Mitrinovic_4_4.smt2,unsat,0.0
/20220314-Uncu/Rational_Function_Proof_Calls_With_Disjunctive_Denominator_Simplifications/DDC_ProveIneq_ISSAC05_Bessack_5_m1.smt2,unsat,0.0
/20220314-Uncu/Rational_Function_Proof_Calls_With_Disjunctive_Denominator_Simplifications/DDC_ProveIneq_ISSAC10_ex4f.smt2,sat,0.0
/20220314-Uncu/Rational_Function_Proof_Calls_With_Disjunctive_Denominator_Simplifications/DDC_ProveIneq_ISSAC05_AmerMathMonthly10347RHS.smt2,unsat,0.0
/20220314-Uncu/Rational_Function_Proof_Calls_With_Disjunctive_Denominator_Simplifications/DDC_ProveIneq_ISSAC10_ex4g.smt2,sat,0.0
/20220314-Uncu/Rational_Function_Proof_Calls_With_Disjunctive_Denominator_Simplifications/DDC_ProveIneq_Mitrinovic_3_31.smt2,unsat,0.0
/20220314-Uncu/Rational_Function_Proof_Calls_With_Disjunctive_Denominator_Simplifications/DDC_ProveIneq_Mitrinovic_4_1.smt2,unsat,0.0
/20220314-Uncu/Rational_Function_Proof_Calls_With_Disjunctive_Denominator_Simplifications/DDC_ProveIneq_Mitrinovic_7_35.smt2,unsat,0.0
/20220314-Uncu/Rational_Function_Proof_Calls_With_Disjunctive_Denominator_Simplifications/DDC_ProveIneq_ISSAC05_LevinRHSc.smt2,sat,0.0
/20220314-Uncu/Rational_Function_Proof_Calls_With_Disjunctive_Denominator_Simplifications/DDC_ProveIneq_ISSAC10_ex3a.smt2,sat,0.0
/20220314-Uncu/Rational_Function_Proof_Calls_With_Disjunctive_Denominator_Simplifications/DDC_ProveIneq_ISSAC05_AmerMathMonthly10347LHSa.smt2,sat,0.0
/20220314-Uncu/Rational_Function_Proof_Calls_With_Disjunctive_Denominator_Simplifications/DDC_ProveIneq_ISSAC10_ex4d.smt2,sat,0.0
/20220314-Uncu/Rational_Function_Proof_Calls_With_Disjunctive_Denominator_Simplifications/DDC_ProveIneq_ISSAC10_ex1d.smt2,sat,0.0
/20220314-Uncu/Rational_Function_Proof_Calls_With_Disjunctive_Denominator_Simplifications/DDC_ProveIneq_Mitrinovic_3_27.smt2,unsat,0.0
/20220314-Uncu/Rational_Function_Proof_Calls_With_Disjunctive_Denominator_Simplifications/DDC_ProveIneq_ISSAC05_LevinLHS.smt2,unsat,0.0
/20220314-Uncu/Rational_Function_Proof_Calls_With_Disjunctive_Denominator_Simplifications/DDC_ProveIneq_ISSAC05_Bessack_3_m2.smt2,unsat,0.0
/20220314-Uncu/Rational_Function_Proof_Calls_With_Disjunctive_Denominator_Simplifications/DDC_ProveIneq_ISSAC05_KnoppSchur_b.smt2,unsat,0.0
/20220314-Uncu/Rational_Function_Proof_Calls_With_Disjunctive_Denominator_Simplifications/DDC_ProveIneq_Mitrinovic_4_3.smt2,unsat,0.0
/20220314-Uncu/Rational_Function_Proof_Calls_With_Disjunctive_Denominator_Simplifications/DDC_ProveIneq_ISSAC10_ex3c.smt2,sat,0.0
/20220314-Uncu/Rational_Function_Proof_Calls_With_Disjunctive_Denominator_Simplifications/DDC_ProveIneq_Mitrinovic_4_19.smt2,unsat,0.0
/20220314-Uncu/Rational_Function_Proof_Calls_With_Disjunctive_Denominator_Simplifications/DDC_ProveIneq_ISSAC05_Weierstrass_2_LHS.smt2,unsat,0.0
/20220314-Uncu/Rational_Function_Proof_Calls_With_Disjunctive_Denominator_Simplifications/DDC_ProveIneq_ISSAC05_Weierstrass_1_LHS.smt2,unsat,0.0
/20220314-Uncu/Rational_Function_Proof_Calls_With_Disjunctive_Denominator_Simplifications/DDC_ProveIneq_ISSAC05_Bessack_2_m1.smt2,unsat,0.0
/20220314-Uncu/Rational_Function_Proof_Calls_With_Disjunctive_Denominator_Simplifications/DDC_ProveIneq_ISSAC05_FibonacciPoly_a.smt2,sat,0.0
/20220314-Uncu/Rational_Function_Proof_Calls_With_Disjunctive_Denominator_Simplifications/DDC_ProveIneq_Mitrinovic_4_22b.smt2,unsat,0.0
/20220314-Uncu/Rational_Function_Proof_Calls_With_Disjunctive_Denominator_Simplifications/DDC_ProveIneq_ISSAC10_ex4j.smt2,sat,0.0
/20220314-Uncu/Rational_Function_Proof_Calls_With_Disjunctive_Denominator_Simplifications/DDC_ProveIneq_ISSAC05_KnoppSchur_a.smt2,sat,0.0
/20220314-Uncu/Rational_Function_Proof_Calls_With_Disjunctive_Denominator_Simplifications/DDC_ProveIneq_ISSAC05_Bessack_5_m2.smt2,unsat,0.0
/20220314-Uncu/Rational_Function_Proof_Calls_With_Disjunctive_Denominator_Simplifications/DDC_ProveIneq_ISSAC05_Mitrinovic_7_31.smt2,unsat,0.0
/20220314-Uncu/Rational_Function_Proof_Calls_With_Disjunctive_Denominator_Simplifications/DDC_ProveIneq_JSC_SUMCracker_14d.smt2,sat,0.07524728775024414
/20220314-Uncu/Rational_Function_Proof_Calls_With_Disjunctive_Denominator_Simplifications/DDC_ProveIneq_ISSAC10_ex4i.smt2,sat,0.0
/20220314-Uncu/Rational_Function_Proof_Calls_With_Disjunctive_Denominator_Simplifications/DDC_ProveIneq_Mitrinovic_8_8.smt2,unsat,0.0
/20220314-Uncu/Rational_Function_Proof_Calls_With_Disjunctive_Denominator_Simplifications/DDC_ProveIneq_ISSAC10_ex2d.smt2,unsat,0.0
/20220314-Uncu/Rational_Function_Proof_Calls_With_Disjunctive_Denominator_Simplifications/DDC_ProveIneq_ISSAC10_ex1c.smt2,sat,0.0
/20220314-Uncu/Rational_Function_Proof_Calls_With_Disjunctive_Denominator_Simplifications/DDC_ProveIneq_Mitrinovic_8_3.smt2,unsat,0.0
/20220314-Uncu/Rational_Function_Proof_Calls_With_Disjunctive_Denominator_Simplifications/DDC_ProveIneq_JSC_SUMCracker_14c.smt2,sat,0.05536198616027832
/20220314-Uncu/Rational_Function_Proof_Calls_With_Disjunctive_Denominator_Simplifications/DDC_ProveIneq_ISSAC05_LevinRHSa.smt2,sat,0.0
/20220314-Uncu/Rational_Function_Proof_Calls_With_Disjunctive_Denominator_Simplifications/DDC_ProveIneq_ISSAC05_Bessack_5_m3.smt2,unsat,0.0
/20220314-Uncu/Rational_Function_Proof_Calls_With_Disjunctive_Denominator_Simplifications/DDC_ProveIneq_ISSAC10_ex1f.smt2,unsat,0.0
/20220314-Uncu/Rational_Function_Proof_Calls_With_Disjunctive_Denominator_Simplifications/DDC_ProveIneq_JSC_SUMCracker_14e.smt2,sat,0.048909902572631836
/20220314-Uncu/Rational_Function_Proof_Calls_With_Disjunctive_Denominator_Simplifications/DDC_ProveIneq_JSC_SUMCracker_20.smt2,unsat,0.0
/20220314-Uncu/Rational_Function_Proof_Calls_With_Disjunctive_Denominator_Simplifications/DDC_ProveIneq_Mitrinovic_3_29.smt2,unsat,0.0
/20220314-Uncu/Rational_Function_Proof_Calls_With_Disjunctive_Denominator_Simplifications/DDC_ProveIneq_Mitrinovic_4_29_2.smt2,unsat,0.0
/20220314-Uncu/Rational_Function_Proof_Calls_With_Disjunctive_Denominator_Simplifications/DDC_ProveIneq_JSC_SUMCracker_14a.smt2,sat,0.0
/20220314-Uncu/Rational_Function_Proof_Calls_With_Disjunctive_Denominator_Simplifications/DDC_ProveIneq_ISSAC10_ex3e.smt2,sat,0.0
/20220314-Uncu/Rational_Function_Proof_Calls_With_Disjunctive_Denominator_Simplifications/DDC_ProveIneq_ISSAC05_FibonacciPoly_b.smt2,unsat,0.0
/20220314-Uncu/Rational_Function_Proof_Calls_With_Disjunctive_Denominator_Simplifications/DDC_ProveIneq_ISSAC05_Bessack_5_m4.smt2,unsat,0.0
/20220314-Uncu/Rational_Function_Proof_Calls_With_Disjunctive_Denominator_Simplifications/DDC_ProveIneq_ISSAC05_LevinRHSm.smt2,unsat,0.0
/20220314-Uncu/Rational_Function_Proof_Calls_With_Disjunctive_Denominator_Simplifications/DDC_ProveIneq_ISSAC05_Bessack_4_m1.smt2,unsat,0.0
/20220314-Uncu/Rational_Function_Proof_Calls_With_Disjunctive_Denominator_Simplifications/DDC_ProveIneq_ISSAC10_ex4h.smt2,sat,0.0
/20220314-Uncu/Rational_Function_Proof_Calls_With_Disjunctive_Denominator_Simplifications/DDC_ProveIneq_Mitrinovic_4_30_2.smt2,unsat,0.0
/20220314-Uncu/Rational_Function_Proof_Calls_With_Disjunctive_Denominator_Simplifications/DDC_ProveIneq_Mitrinovic_4_23.smt2,unsat,0.0
/20220314-Uncu/Rational_Function_Proof_Calls_With_Disjunctive_Denominator_Simplifications/DDC_ProveIneq_ISSAC10_ex4e.smt2,sat,0.0
/20220314-Uncu/Rational_Function_Proof_Calls_With_Disjunctive_Denominator_Simplifications/DDC_ProveIneq_JSC_SUMCracker_15.smt2,unsat,0.0
/20220314-Uncu/Rational_Function_Proof_Calls_With_Disjunctive_Denominator_Simplifications/DDC_ProveIneq_ISSAC10_ex4c.smt2,sat,0.0
/20220314-Uncu/Rational_Function_Proof_Calls_With_Disjunctive_Denominator_Simplifications/DDC_ProveIneq_ISSAC05_Bessack_4_m3.smt2,unsat,0.0
/20220314-Uncu/Rational_Function_Proof_Calls_With_Disjunctive_Denominator_Simplifications/DDC_ProveIneq_ISSAC05_Mitrinovic_7_32.smt2,unsat,0.0
/20220314-Uncu/Rational_Function_Proof_Calls_With_Disjunctive_Denominator_Simplifications/DDC_ProveIneq_Mitrinovic_4_29_1.smt2,unsat,0.0
/20220314-Uncu/Rational_Function_Proof_Calls_With_Disjunctive_Denominator_Simplifications/DDC_ProveIneq_ISSAC10_ex2c.smt2,sat,0.0
/20220314-Uncu/Rational_Function_Proof_Calls_With_Disjunctive_Denominator_Simplifications/DDC_ProveIneq_Mitrinovic_8_4.smt2,unsat,0.0
/20220314-Uncu/Rational_Function_Proof_Calls_With_Disjunctive_Denominator_Simplifications/DDC_ProveIneq_ISSAC05_LevinRHSb.smt2,sat,0.0
/20220314-Uncu/Rational_Function_Proof_Calls_With_Disjunctive_Denominator_Simplifications/DDC_ProveIneq_JSC_SUMCracker_14b.smt2,sat,0.0
/20220314-Uncu/Rational_Function_Proof_Calls_With_Disjunctive_Denominator_Simplifications/DDC_ProveIneq_ISSAC10_ex3f.smt2,unsat,0.0
/20220314-Uncu/Rational_Function_Proof_Calls_With_Disjunctive_Denominator_Simplifications/DDC_ProveIneq_ISSAC05_AmerMathMonthly10347LHSb.smt2,unsat,0.0
/20220314-Uncu/Rational_Function_Proof_Calls_With_Disjunctive_Denominator_Simplifications/DDC_ProveIneq_Mitrinovic_4_18.smt2,unsat,0.0
/20220314-Uncu/Polynomial_Proof_Calls/ProveIneq_ISSAC05_SignPattern_Lemma4b.smt2,unsat,0.0
/20220314-Uncu/Polynomial_Proof_Calls/ProveIneq_JSC_SUMCracker_16b.smt2,unsat,0.0
/20220314-Uncu/Polynomial_Proof_Calls/ProveIneq_Mitrinovic_11_1a.smt2,sat,0.0
/20220314-Uncu/Polynomial_Proof_Calls/ProveIneq_Mitrinovic_4_8.smt2,unsat,0.0
/20220314-Uncu/Polynomial_Proof_Calls/ProveIneq_ISSAC05_SignPattern_Lemma4c.smt2,unsat,2.2
/20220314-Uncu/Polynomial_Proof_Calls/ProveIneq_ISSAC05_SignPattern_1p_4m_1w_2p_p.smt2,unsat,0.0
/20220314-Uncu/Polynomial_Proof_Calls/ProveIneq_ISSAC05_SignPattern_1p_4m_1w_8p_1w_n.smt2,unsat,0.0
/20220314-Uncu/Polynomial_Proof_Calls/ProveIneq_ISSAC05_SignPattern_Lemma4f.smt2,unsat,0.1
/20220314-Uncu/Polynomial_Proof_Calls/ProveIneq_ISSAC05_Bessack_2_2.smt2,unsat,0.0
/20220314-Uncu/Polynomial_Proof_Calls/ProveIneq_ISSAC05_Sec4b.smt2,unsat,0.0
/20220314-Uncu/Polynomial_Proof_Calls/ProveIneq_Mitrinovic_4_41.smt2,unsat,0.0
/20220314-Uncu/Polynomial_Proof_Calls/ProveIneq_ISSAC05_Bessack_3_2.smt2,unsat,0.0
/20220314-Uncu/Polynomial_Proof_Calls/ProveIneq_Mitrinovic_4_16.smt2,unsat,0.0
/20220314-Uncu/Polynomial_Proof_Calls/ProveIneq_AmerMathMonthly_vol125no10_p922b.smt2,unsat,0.0
/20220314-Uncu/Polynomial_Proof_Calls/ProveIneq_ISSAC05_Bessack_1_1.smt2,unsat,0.0
/20220314-Uncu/Polynomial_Proof_Calls/ProveIneq_ISSAC05_SignPattern_1p_1m_m.smt2,unsat,0.0
/20220314-Uncu/Polynomial_Proof_Calls/ProveIneq_ISSAC05_SignPattern_1p_2m_m.smt2,unsat,0.0
/20220314-Uncu/Polynomial_Proof_Calls/ProveIneq_Mitrinovic_4_15.smt2,unsat,0.0
/20220314-Uncu/Polynomial_Proof_Calls/ProveIneq_ISSAC05_SignPattern_1p_4m_1w_7p_p.smt2,unsat,0.0
/20220314-Uncu/Polynomial_Proof_Calls/ProveIneq_ISSAC05_SignPattern_Lemma4e.smt2,unsat,3.9
/20220314-Uncu/Polynomial_Proof_Calls/ProveIneq_ISSAC05_SignPattern_5p_1nneg_4m_1w_p.smt2,unsat,0.0
/20220314-Uncu/Polynomial_Proof_Calls/ProveIneq_Mitrinovic_11_1b.smt2,unsat,0.0
/20220314-Uncu/Polynomial_Proof_Calls/ProveIneq_ISSAC05_Weierstrass_2_RHS.smt2,unsat,0.0
/20220314-Uncu/Polynomial_Proof_Calls/ProveIneq_Mitrinovic_4_17.smt2,unsat,0.0
/20220314-Uncu/Polynomial_Proof_Calls/ProveIneq_ISSAC10_ex1b.smt2,sat,0.0
/20220314-Uncu/Polynomial_Proof_Calls/ProveIneq_JSC_SUMCracker_16a.smt2,sat,0.0
/20220314-Uncu/Polynomial_Proof_Calls/ProveIneq_ISSAC05_Bessack_5_3.smt2,unsat,0.0
/20220314-Uncu/Polynomial_Proof_Calls/ProveIneq_ISSAC05_SignPattern_1p_4m_1w_3p_p.smt2,unsat,0.0
/20220314-Uncu/Polynomial_Proof_Calls/ProveIneq_ISSAC05_SignPattern_1p_3m_m.smt2,unsat,0.0
/20220314-Uncu/Polynomial_Proof_Calls/ProveIneq_Mitrinovic_3_57a.smt2,sat,0.0
/20220314-Uncu/Polynomial_Proof_Calls/ProveIneq_ISSAC05_Bessack_5_2.smt2,unsat,0.0
/20220314-Uncu/Polynomial_Proof_Calls/ProveIneq_ISSAC05_Bessack_3_3.smt2,unsat,0.0
/20220314-Uncu/Polynomial_Proof_Calls/ProveIneq_ISSAC05_Bessack_5_4.smt2,unsat,0.0
/20220314-Uncu/Polynomial_Proof_Calls/ProveIneq_ISSAC05_Bessack_3_1.smt2,unsat,0.0
/20220314-Uncu/Polynomial_Proof_Calls/ProveIneq_ISSAC05_SignPattern_1p_4m_1w_6p_p.smt2,unsat,0.0
/20220314-Uncu/Polynomial_Proof_Calls/ProveIneq_ISSAC10_ex4a.smt2,sat,0.0
/20220314-Uncu/Polynomial_Proof_Calls/ProveIneq_Mitrinovic_3_57b.smt2,unsat,0.0
/20220314-Uncu/Polynomial_Proof_Calls/ProveIneq_ISSAC05_2.smt2,unsat,0.0
/20220314-Uncu/Polynomial_Proof_Calls/ProveIneq_ISSAC05_Sec4a.smt2,sat,0.0
/20220314-Uncu/Polynomial_Proof_Calls/ProveIneq_Mitrinovic_7_36.smt2,unsat,0.0
/20220314-Uncu/Polynomial_Proof_Calls/ProveIneq_ISSAC05_SignPattern_Lemma2.smt2,unsat,0.0
/20220314-Uncu/Polynomial_Proof_Calls/ProveIneq_Mitrinovic_4_15m.smt2,unsat,0.0
/20220314-Uncu/Polynomial_Proof_Calls/ProveIneq_ISSAC05_SignPattern_1p_4m_1w_5p_p.smt2,unsat,0.0
/20220314-Uncu/Polynomial_Proof_Calls/ProveIneq_ISSAC05_SignPattern_1p_4m_1npos_8p_p.smt2,unsat,0.0
/20220314-Uncu/Polynomial_Proof_Calls/ProveIneq_ISSAC10_ex1a.smt2,sat,0.0
/20220314-Uncu/Polynomial_Proof_Calls/ProveIneq_ISSAC05_Bessack_4_4.smt2,unsat,0.0
/20220314-Uncu/Polynomial_Proof_Calls/ProveIneq_AmerMathMonthly_vol125no10_p922c.smt2,unsat,0.0
/20220314-Uncu/Polynomial_Proof_Calls/ProveIneq_ISSAC10_ex2a.smt2,sat,0.0
/20220314-Uncu/Polynomial_Proof_Calls/ProveIneq_ISSAC05_Bessack_4_3.smt2,unsat,0.0
/20220314-Uncu/Polynomial_Proof_Calls/ProveIneq_ISSAC05_Bessack_5_0.smt2,unsat,0.0
/20220314-Uncu/Polynomial_Proof_Calls/ProveIneq_ISSAC05_1.smt2,unsat,0.0
/20220314-Uncu/Polynomial_Proof_Calls/ProveIneq_ISSAC05_Bessack_1_0.smt2,unsat,0.0
/20220314-Uncu/Polynomial_Proof_Calls/ProveIneq_ISSAC05_SignPattern_Lemma4d.smt2,unsat,0.0
/20220314-Uncu/Polynomial_Proof_Calls/ProveIneq_ISSAC05_Bessack_2_1.smt2,unsat,0.0
/20220314-Uncu/Polynomial_Proof_Calls/ProveIneq_ISSAC05_SignPattern_1p_4m_1w_4p_p.smt2,unsat,0.0
/20220314-Uncu/Polynomial_Proof_Calls/ProveIneq_ISSAC10_ex2b.smt2,sat,0.0
/20220314-Uncu/Polynomial_Proof_Calls/ProveIneq_ISSAC05_Mitrinovic_5_15.smt2,unsat,0.0
/20220314-Uncu/Polynomial_Proof_Calls/ProveIneq_ISSAC05_SignPattern_Lemma1.smt2,unsat,0.0
/20220314-Uncu/Polynomial_Proof_Calls/ProveIneq_ISSAC05_SignPattern_1p_4m_1w_1p_p.smt2,unsat,0.0
/20220314-Uncu/Polynomial_Proof_Calls/ProveIneq_ISSAC05_Bessack_3_0.smt2,unsat,0.0
/20220314-Uncu/Polynomial_Proof_Calls/ProveIneq_ISSAC05_Bessack_4_0.smt2,unsat,0.0
/20220314-Uncu/Polynomial_Proof_Calls/ProveIneq_Mitrinovic_7_44.smt2,unsat,0.0
/20220314-Uncu/Polynomial_Proof_Calls/ProveIneq_ISSAC05_Bessack_5_1.smt2,unsat,0.0
/20220314-Uncu/Polynomial_Proof_Calls/ProveIneq_JSC_SUMCracker_18.smt2,unsat,0.0
/20220314-Uncu/Polynomial_Proof_Calls/ProveIneq_Mitrinovic_8_25.smt2,unsat,0.0
/20220314-Uncu/Polynomial_Proof_Calls/ProveIneq_JSC_SUMCracker_19a.smt2,sat,0.0
/20220314-Uncu/Polynomial_Proof_Calls/ProveIneq_ISSAC05_Weierstrass_1_RHS.smt2,unsat,0.0
/20220314-Uncu/Polynomial_Proof_Calls/ProveIneq_ISSAC05_SignPattern_Lemma4a.smt2,unsat,0.1
/20220314-Uncu/Polynomial_Proof_Calls/ProveIneq_ISSAC05_Bessack_2_0.smt2,unsat,0.0
/20220314-Uncu/Polynomial_Proof_Calls/ProveIneq_ISSAC05_Bessack_5_5.smt2,unsat,0.0
/20220314-Uncu/Polynomial_Proof_Calls/ProveIneq_ISSAC05_Thm6.smt2,unsat,0.0
/20220314-Uncu/Polynomial_Proof_Calls/ProveIneq_ISSAC05_Bessack_4_2.smt2,unsat,0.0
/20220314-Uncu/Polynomial_Proof_Calls/ProveIneq_AmerMathMonthly_vol125no10_p922a.smt2,unsat,0.0
/20220314-Uncu/Polynomial_Proof_Calls/ProveIneq_JSC_SUMCracker_19b.smt2,unsat,0.0
/20220314-Uncu/Polynomial_Proof_Calls/ProveIneq_ISSAC05_Bessack_4_1.smt2,unsat,0.0
/20220314-Uncu/Rational_Function_Proof_Calls_With_Basic_Denominator_Simplifications/BDC_ProveIneq_ISSAC05_LevinRHSm.smt2,unsat,0.0
/20220314-Uncu/Rational_Function_Proof_Calls_With_Basic_Denominator_Simplifications/BDC_ProveIneq_JSC_SUMCracker_20.smt2,unsat,0.0
/20220314-Uncu/Rational_Function_Proof_Calls_With_Basic_Denominator_Simplifications/BDC_ProveIneq_Mitrinovic_3_28.smt2,unsat,0.0
/20220314-Uncu/Rational_Function_Proof_Calls_With_Basic_Denominator_Simplifications/BDC_ProveIneq_ISSAC05_AmerMathMonthly10347LHSa.smt2,sat,0.0
/20220314-Uncu/Rational_Function_Proof_Calls_With_Basic_Denominator_Simplifications/BDC_ProveIneq_ISSAC05_Mitrinovic_7_31.smt2,unsat,0.0
/20220314-Uncu/Rational_Function_Proof_Calls_With_Basic_Denominator_Simplifications/BDC_ProveIneq_ISSAC10_ex4i.smt2,sat,0.0
/20220314-Uncu/Rational_Function_Proof_Calls_With_Basic_Denominator_Simplifications/BDC_ProveIneq_Mitrinovic_4_22b.smt2,unsat,0.0
/20220314-Uncu/Rational_Function_Proof_Calls_With_Basic_Denominator_Simplifications/BDC_ProveIneq_Mitrinovic_8_8.smt2,unsat,0.0
/20220314-Uncu/Rational_Function_Proof_Calls_With_Basic_Denominator_Simplifications/BDC_ProveIneq_JSC_SUMCracker_14e.smt2,sat,0.07638955116271973
/20220314-Uncu/Rational_Function_Proof_Calls_With_Basic_Denominator_Simplifications/BDC_ProveIneq_ISSAC05_LevinRHSb.smt2,sat,0.0
/20220314-Uncu/Rational_Function_Proof_Calls_With_Basic_Denominator_Simplifications/BDC_ProveIneq_ISSAC10_ex1f.smt2,unsat,0.0
/20220314-Uncu/Rational_Function_Proof_Calls_With_Basic_Denominator_Simplifications/BDC_ProveIneq_JSC_SUMCracker_14b.smt2,sat,0.0
/20220314-Uncu/Rational_Function_Proof_Calls_With_Basic_Denominator_Simplifications/BDC_ProveIneq_JSC_SUMCracker_14d.smt2,sat,0.0
/20220314-Uncu/Rational_Function_Proof_Calls_With_Basic_Denominator_Simplifications/BDC_ProveIneq_Mitrinovic_3_29.smt2,unsat,0.0
/20220314-Uncu/Rational_Function_Proof_Calls_With_Basic_Denominator_Simplifications/BDC_ProveIneq_ISSAC05_FibonacciPoly_a.smt2,sat,0.0
/20220314-Uncu/Rational_Function_Proof_Calls_With_Basic_Denominator_Simplifications/BDC_ProveIneq_Mitrinovic_7_35.smt2,unsat,0.0
/20220314-Uncu/Rational_Function_Proof_Calls_With_Basic_Denominator_Simplifications/BDC_ProveIneq_ISSAC10_ex4e.smt2,sat,0.0
/20220314-Uncu/Rational_Function_Proof_Calls_With_Basic_Denominator_Simplifications/BDC_ProveIneq_ISSAC10_ex4h.smt2,sat,0.0
/20220314-Uncu/Rational_Function_Proof_Calls_With_Basic_Denominator_Simplifications/BDC_ProveIneq_ISSAC10_ex3e.smt2,sat,0.0
/20220314-Uncu/Rational_Function_Proof_Calls_With_Basic_Denominator_Simplifications/BDC_ProveIneq_ISSAC10_ex2d.smt2,unsat,0.0
/20220314-Uncu/Rational_Function_Proof_Calls_With_Basic_Denominator_Simplifications/BDC_ProveIneq_ISSAC05_Bessack_4_m2.smt2,unsat,0.0
/20220314-Uncu/Rational_Function_Proof_Calls_With_Basic_Denominator_Simplifications/BDC_ProveIneq_ISSAC05_Bessack_2_m1.smt2,unsat,0.0
/20220314-Uncu/Rational_Function_Proof_Calls_With_Basic_Denominator_Simplifications/BDC_ProveIneq_ISSAC10_ex3b.smt2,sat,0.0
/20220314-Uncu/Rational_Function_Proof_Calls_With_Basic_Denominator_Simplifications/BDC_ProveIneq_JSC_SUMCracker_14c.smt2,sat,0.0
/20220314-Uncu/Rational_Function_Proof_Calls_With_Basic_Denominator_Simplifications/BDC_ProveIneq_ISSAC05_Weierstrass_1_LHS.smt2,unsat,0.0
/20220314-Uncu/Rational_Function_Proof_Calls_With_Basic_Denominator_Simplifications/BDC_ProveIneq_Mitrinovic_4_30_1.smt2,unsat,0.0
/20220314-Uncu/Rational_Function_Proof_Calls_With_Basic_Denominator_Simplifications/BDC_ProveIneq_ISSAC10_ex3d.smt2,sat,0.0
/20220314-Uncu/Rational_Function_Proof_Calls_With_Basic_Denominator_Simplifications/BDC_ProveIneq_ISSAC05_AmerMathMonthly10347LHSb.smt2,unsat,0.0
/20220314-Uncu/Rational_Function_Proof_Calls_With_Basic_Denominator_Simplifications/BDC_ProveIneq_ISSAC10_ex4d.smt2,sat,0.0
/20220314-Uncu/Rational_Function_Proof_Calls_With_Basic_Denominator_Simplifications/BDC_ProveIneq_Mitrinovic_4_1.smt2,unsat,0.0
/20220314-Uncu/Rational_Function_Proof_Calls_With_Basic_Denominator_Simplifications/BDC_ProveIneq_Mitrinovic_4_14.smt2,unsat,0.0
/20220314-Uncu/Rational_Function_Proof_Calls_With_Basic_Denominator_Simplifications/BDC_ProveIneq_JSC_SUMCracker_14a.smt2,sat,0.0
/20220314-Uncu/Rational_Function_Proof_Calls_With_Basic_Denominator_Simplifications/BDC_ProveIneq_ISSAC05_AmerMathMonthly10347RHS.smt2,unsat,0.0
/20220314-Uncu/Rational_Function_Proof_Calls_With_Basic_Denominator_Simplifications/BDC_ProveIneq_ISSAC05_Bessack_5_m2.smt2,unsat,0.0
/20220314-Uncu/Rational_Function_Proof_Calls_With_Basic_Denominator_Simplifications/BDC_ProveIneq_ISSAC05_Bessack_5_m3.smt2,unsat,0.0
/20220314-Uncu/Rational_Function_Proof_Calls_With_Basic_Denominator_Simplifications/BDC_ProveIneq_Mitrinovic_4_30_2.smt2,unsat,0.0
/20220314-Uncu/Rational_Function_Proof_Calls_With_Basic_Denominator_Simplifications/BDC_ProveIneq_ISSAC05_Bessack_4_m1.smt2,unsat,0.0
/20220314-Uncu/Rational_Function_Proof_Calls_With_Basic_Denominator_Simplifications/BDC_ProveIneq_ISSAC10_ex1e.smt2,sat,0.0
/20220314-Uncu/Rational_Function_Proof_Calls_With_Basic_Denominator_Simplifications/BDC_ProveIneq_ISSAC05_KnoppSchur_b.smt2,unsat,0.0
/20220314-Uncu/Rational_Function_Proof_Calls_With_Basic_Denominator_Simplifications/BDC_ProveIneq_ISSAC10_ex2c.smt2,sat,0.0
/20220314-Uncu/Rational_Function_Proof_Calls_With_Basic_Denominator_Simplifications/BDC_ProveIneq_ISSAC05_FibonacciPoly_b.smt2,unsat,0.0
/20220314-Uncu/Rational_Function_Proof_Calls_With_Basic_Denominator_Simplifications/BDC_ProveIneq_Mitrinovic_8_3.smt2,unsat,0.0
/20220314-Uncu/Rational_Function_Proof_Calls_With_Basic_Denominator_Simplifications/BDC_ProveIneq_ISSAC10_ex4f.smt2,sat,0.0
/20220314-Uncu/Rational_Function_Proof_Calls_With_Basic_Denominator_Simplifications/BDC_ProveIneq_ISSAC05_LevinLHS.smt2,unsat,0.0
/20220314-Uncu/Rational_Function_Proof_Calls_With_Basic_Denominator_Simplifications/BDC_ProveIneq_Mitrinovic_4_29_2.smt2,unsat,0.0
/20220314-Uncu/Rational_Function_Proof_Calls_With_Basic_Denominator_Simplifications/BDC_ProveIneq_ISSAC10_ex1c.smt2,sat,0.0
/20220314-Uncu/Rational_Function_Proof_Calls_With_Basic_Denominator_Simplifications/BDC_ProveIneq_ISSAC05_Bessack_5_m1.smt2,unsat,0.0
/20220314-Uncu/Rational_Function_Proof_Calls_With_Basic_Denominator_Simplifications/BDC_ProveIneq_Mitrinovic_3_27.smt2,unsat,0.0
/20220314-Uncu/Rational_Function_Proof_Calls_With_Basic_Denominator_Simplifications/BDC_ProveIneq_ISSAC05_Bessack_3_m2.smt2,unsat,0.0
/20220314-Uncu/Rational_Function_Proof_Calls_With_Basic_Denominator_Simplifications/BDC_ProveIneq_ISSAC05_Bessack_5_m4.smt2,unsat,0.0
/20220314-Uncu/Rational_Function_Proof_Calls_With_Basic_Denominator_Simplifications/BDC_ProveIneq_Mitrinovic_4_18.smt2,unsat,0.0
/20220314-Uncu/Rational_Function_Proof_Calls_With_Basic_Denominator_Simplifications/BDC_ProveIneq_Mitrinovic_8_4.smt2,unsat,0.0
/20220314-Uncu/Rational_Function_Proof_Calls_With_Basic_Denominator_Simplifications/BDC_ProveIneq_Mitrinovic_3_31.smt2,unsat,0.0
/20220314-Uncu/Rational_Function_Proof_Calls_With_Basic_Denominator_Simplifications/BDC_ProveIneq_Mitrinovic_4_19.smt2,unsat,0.0
/20220314-Uncu/Rational_Function_Proof_Calls_With_Basic_Denominator_Simplifications/BDC_ProveIneq_ISSAC05_KnoppSchur_a.smt2,sat,0.0
/20220314-Uncu/Rational_Function_Proof_Calls_With_Basic_Denominator_Simplifications/BDC_ProveIneq_JSC_SUMCracker_15.smt2,unsat,0.0
/20220314-Uncu/Rational_Function_Proof_Calls_With_Basic_Denominator_Simplifications/BDC_ProveIneq_Mitrinovic_4_22a.smt2,sat,0.0
/20220314-Uncu/Rational_Function_Proof_Calls_With_Basic_Denominator_Simplifications/BDC_ProveIneq_ISSAC05_Bessack_3_m1.smt2,unsat,0.0
/20220314-Uncu/Rational_Function_Proof_Calls_With_Basic_Denominator_Simplifications/BDC_ProveIneq_ISSAC05_Bessack_4_m3.smt2,unsat,0.0
/20220314-Uncu/Rational_Function_Proof_Calls_With_Basic_Denominator_Simplifications/BDC_ProveIneq_ISSAC10_ex4c.smt2,sat,0.0
/20220314-Uncu/Rational_Function_Proof_Calls_With_Basic_Denominator_Simplifications/BDC_ProveIneq_ISSAC10_ex4g.smt2,sat,0.0
/20220314-Uncu/Rational_Function_Proof_Calls_With_Basic_Denominator_Simplifications/BDC_ProveIneq_ISSAC10_ex4j.smt2,sat,0.0
/20220314-Uncu/Rational_Function_Proof_Calls_With_Basic_Denominator_Simplifications/BDC_ProveIneq_ISSAC10_ex4b.smt2,sat,0.0
/20220314-Uncu/Rational_Function_Proof_Calls_With_Basic_Denominator_Simplifications/BDC_ProveIneq_Mitrinovic_4_29_1.smt2,unsat,0.0
/20220314-Uncu/Rational_Function_Proof_Calls_With_Basic_Denominator_Simplifications/BDC_ProveIneq_ISSAC10_ex3f.smt2,unsat,0.0
/20220314-Uncu/Rational_Function_Proof_Calls_With_Basic_Denominator_Simplifications/BDC_ProveIneq_Mitrinovic_4_23.smt2,unsat,0.0
/20220314-Uncu/Rational_Function_Proof_Calls_With_Basic_Denominator_Simplifications/BDC_ProveIneq_ISSAC10_ex3c.smt2,sat,0.0
/20220314-Uncu/Rational_Function_Proof_Calls_With_Basic_Denominator_Simplifications/BDC_ProveIneq_ISSAC05_Weierstrass_2_LHS.smt2,unsat,0.0
/20220314-Uncu/Rational_Function_Proof_Calls_With_Basic_Denominator_Simplifications/BDC_ProveIneq_Mitrinovic_4_3.smt2,unsat,0.0
/20220314-Uncu/Rational_Function_Proof_Calls_With_Basic_Denominator_Simplifications/BDC_ProveIneq_Mitrinovic_4_4.smt2,unsat,0.0
/20220314-Uncu/Rational_Function_Proof_Calls_With_Basic_Denominator_Simplifications/BDC_ProveIneq_ISSAC05_LevinRHSa.smt2,sat,0.0
/20220314-Uncu/Rational_Function_Proof_Calls_With_Basic_Denominator_Simplifications/BDC_ProveIneq_ISSAC10_ex3a.smt2,sat,0.0
/20220314-Uncu/Rational_Function_Proof_Calls_With_Basic_Denominator_Simplifications/BDC_ProveIneq_ISSAC10_ex1d.smt2,sat,0.0
/20220314-Uncu/Rational_Function_Proof_Calls_With_Basic_Denominator_Simplifications/BDC_ProveIneq_ISSAC05_Mitrinovic_7_32.smt2,unsat,0.0
/20220314-Uncu/Rational_Function_Proof_Calls_With_Basic_Denominator_Simplifications/BDC_ProveIneq_ISSAC05_LevinRHSc.smt2,sat,0.0
/zankl/matrix-3-all-17.smt2,failed,1200.0
/zankl/matrix-3-all-21.smt2,unsat,0.0
/zankl/matrix-1-all-10.smt2,sat,0.0
/zankl/matrix-4-all-13.smt2,failed,1200.0
/zankl/matrix-1-all-4.smt2,sat,0.0
/zankl/matrix-3-all-16.smt2,failed,1200.0
/zankl/matrix-4-all-11.smt2,failed,1200.0
/zankl/matrix-4-all-19.smt2,failed,1200.0
/zankl/gen-15.smt2,unsat,0.0
/zankl/matrix-1-all-54.smt2,unsat,0.0
/zankl/gen-14.smt2,unsat,0.0
/zankl/matrix-1-all-27.smt2,sat,0.0
/zankl/matrix-3-all-9.smt2,failed,1200.0
/zankl/matrix-1-all-49.smt2,unsat,0.0
/zankl/matrix-1-all-48.smt2,unsat,0.0
/zankl/matrix-2-all-20.smt2,unsat,0.0
/zankl/matrix-2-all-10.smt2,sat,31.95942735671997
/zankl/matrix-4-all-17.smt2,failed,1200.0
/zankl/matrix-4-all-3.smt2,failed,1200.0
/zankl/gen-18.smt2,sat,0.0
/zankl/matrix-4-all-31.smt2,unsat,0.0
/zankl/gen-05.smt2,sat,0.0
/zankl/matrix-1-all-8.smt2,sat,0.0
/zankl/matrix-2-all-8.smt2,sat,265.2
/zankl/matrix-4-all-23.smt2,failed,1200.0
/zankl/gen-10.smt2,sat,0.0
/zankl/matrix-1-all-50.smt2,unsat,0.0
/zankl/matrix-5-all-9.smt2,failed,1200.0
/zankl/matrix-3-all-23.smt2,unsat,0.023659229278564453
/zankl/matrix-5-all-25.smt2,unsat,0.0
/zankl/gen-16.smt2,sat,0.0
/zankl/matrix-5-all-6.smt2,sat,0.3
/zankl/matrix-1-all-42.smt2,unsat,0.0
/zankl/matrix-1-all-29.smt2,sat,0.0
/zankl/matrix-3-all-13.smt2,failed,1200.0
/zankl/matrix-1-all-19.smt2,sat,0.0
/zankl/matrix-1-all-23.smt2,sat,0.0
/zankl/gen-07.smt2,sat,0.0
/zankl/matrix-1-all-14.smt2,sat,0.0
/zankl/matrix-5-all-21.smt2,failed,1200.0
/zankl/matrix-1-all-11.smt2,sat,0.0
/zankl/matrix-1-all-34.smt2,sat,0.0
/zankl/matrix-2-all-14.smt2,unsat,0.1
/zankl/matrix-1-all-41.smt2,sat,0.0
/zankl/matrix-1-all-56.smt2,unsat,0.0
/zankl/matrix-5-all-7.smt2,failed,1200.0
/zankl/matrix-1-all-36.smt2,sat,0.0
/zankl/matrix-4-all-15.smt2,failed,1200.0
/zankl/gen-08.smt2,sat,0.0
/zankl/matrix-1-all-28.smt2,sat,0.0
/zankl/matrix-1-all-01.smt2,sat,0.0
/zankl/matrix-3-all-01.smt2,failed,1200.0
/zankl/matrix-5-all-12.smt2,sat,66.15506863594055
/zankl/matrix-4-all-16.smt2,failed,1200.0
/zankl/matrix-4-all-24.smt2,failed,1200.0
/zankl/matrix-1-all-38.smt2,sat,0.33453798294067383
/zankl/matrix-1-all-3.smt2,sat,0.0
/zankl/matrix-5-all-10.smt2,failed,1200.0
/zankl/matrix-4-all-2.smt2,sat,0.0
/zankl/matrix-4-all-12.smt2,sat,0.1
/zankl/matrix-1-all-25.smt2,sat,0.0
/zankl/matrix-3-all-3.smt2,sat,16.72829270362854
/zankl/matrix-5-all-16.smt2,failed,1200.0
/zankl/matrix-5-all-5.smt2,sat,3.4
/zankl/matrix-1-all-12.smt2,sat,0.0
/zankl/matrix-4-all-14.smt2,failed,1200.0
/zankl/matrix-1-all-7.smt2,sat,0.0
/zankl/matrix-5-all-8.smt2,failed,1200.0
/zankl/matrix-2-all-19.smt2,failed,1200.0
/zankl/matrix-2-all-11.smt2,sat,47.64028525352478
/zankl/matrix-3-all-12.smt2,failed,1200.0
/zankl/matrix-1-all-17.smt2,sat,0.0
/zankl/matrix-4-all-27.smt2,failed,1200.0
/zankl/matrix-4-all-20.smt2,unsat,15.523957014083862
/zankl/matrix-2-all-2.smt2,sat,0.09558558464050293
/zankl/matrix-4-all-29.smt2,unsat,0.0
/zankl/matrix-1-all-26.smt2,sat,0.0
/zankl/matrix-2-all-9.smt2,sat,22.630075454711914
/zankl/matrix-5-all-17.smt2,failed,1200.0
/zankl/matrix-1-all-13.smt2,sat,0.0
/zankl/gen-19.smt2,sat,0.0
/zankl/matrix-2-all-4.smt2,sat,0.04413414001464844
/zankl/matrix-3-all-11.smt2,failed,1200.0
/zankl/matrix-5-all-18.smt2,failed,1200.0
/zankl/matrix-1-all-24.smt2,sat,0.0
/zankl/matrix-3-all-14.smt2,failed,1200.0
/zankl/matrix-5-all-27.smt2,unsat,0.027954578399658203
/zankl/matrix-1-all-46.smt2,unsat,0.0
/zankl/matrix-1-all-39.smt2,sat,0.0
/zankl/matrix-2-all-5.smt2,sat,21.7
/zankl/matrix-1-all-9.smt2,sat,0.0
/zankl/matrix-3-all-15.smt2,failed,1200.0
/zankl/matrix-4-all-5.smt2,failed,1200.0
/zankl/matrix-1-all-5.smt2,sat,0.0
/zankl/gen-06.smt2,sat,0.0
/zankl/gen-13.smt2,unsat,0.0
/zankl/gen-17.smt2,unsat,0.0
/zankl/matrix-1-all-35.smt2,sat,0.0
/zankl/matrix-2-all-17.smt2,failed,1200.0
/zankl/matrix-2-all-16.smt2,failed,1200.0
/zankl/matrix-1-all-47.smt2,unsat,0.0
/zankl/matrix-1-all-52.smt2,unsat,0.0
/zankl/matrix-2-all-23.smt2,unsat,0.0
/zankl/gen-09.smt2,sat,0.0
/zankl/matrix-2-all-27.smt2,unsat,0.0
/zankl/matrix-4-all-10.smt2,failed,1200.0
/zankl/matrix-4-all-7.smt2,failed,1200.0
/zankl/matrix-5-all-20.smt2,failed,1200.0
/zankl/matrix-1-all-2.smt2,sat,0.0
/zankl/matrix-1-all-18.smt2,sat,0.0
/zankl/matrix-4-all-22.smt2,failed,1200.0
/zankl/matrix-1-all-32.smt2,sat,0.0
/zankl/matrix-4-all-18.smt2,failed,1200.0
/zankl/matrix-5-all-23.smt2,unsat,0.0
/zankl/matrix-2-all-12.smt2,sat,170.77913618087769
/zankl/matrix-3-all-19.smt2,unsat,0.0
/zankl/matrix-3-all-7.smt2,sat,0.0
/zankl/matrix-5-all-11.smt2,failed,1200.0
/zankl/matrix-3-all-6.smt2,failed,1200.0
/zankl/matrix-1-all-45.smt2,unsat,0.0
/zankl/matrix-2-all-25.smt2,unsat,0.0
/zankl/matrix-2-all-18.smt2,failed,1200.0
/zankl/matrix-1-all-15.smt2,sat,0.0
/zankl/matrix-4-all-21.smt2,failed,1200.0
/zankl/matrix-4-all-33.smt2,unsat,0.02718520164489746
/zankl/matrix-2-all-6.smt2,sat,0.0
/zankl/matrix-5-all-3.smt2,failed,1200.0
/zankl/matrix-3-all-10.smt2,unsat,15.113401651382446
/zankl/matrix-4-all-25.smt2,failed,1200.0
/zankl/matrix-4-all-01.smt2,sat,0.30580997467041016
/zankl/matrix-5-all-13.smt2,failed,1200.0
/zankl/matrix-1-all-22.smt2,sat,0.0
/zankl/matrix-1-all-40.smt2,sat,0.0
/zankl/matrix-5-all-2.smt2,sat,0.1
/zankl/matrix-4-all-26.smt2,failed,1200.0
/zankl/matrix-5-all-4.smt2,failed,1200.0
/zankl/matrix-5-all-19.smt2,failed,1200.0
/zankl/matrix-5-all-15.smt2,failed,1200.0
/zankl/matrix-2-all-01.smt2,sat,418.59270787239075
/zankl/matrix-4-all-4.smt2,failed,1200.0
/zankl/matrix-4-all-6.smt2,failed,1200.0
/zankl/matrix-1-all-43.smt2,unsat,0.0
/zankl/matrix-5-all-14.smt2,failed,1200.0
/zankl/matrix-4-all-8.smt2,failed,1200.0
/zankl/matrix-3-all-2.smt2,sat,0.290590763092041
/zankl/gen-04.smt2,sat,0.0
/zankl/matrix-5-all-01.smt2,failed,1200.0
/zankl/matrix-3-all-8.smt2,failed,1200.0
/zankl/matrix-4-all-9.smt2,sat,0.70456862449646
/zankl/matrix-3-all-4.smt2,sat,121.46834707260132
/zankl/matrix-1-all-16.smt2,sat,0.0
/zankl/matrix-2-all-21.smt2,failed,1200.0
/zankl/matrix-1-all-37.smt2,sat,0.0
/zankl/gen-03.smt2,sat,0.0
/zankl/matrix-2-all-7.smt2,failed,1200.0
/zankl/matrix-3-all-5.smt2,sat,0.25132274627685547
/zankl/matrix-1-all-20.smt2,sat,0.0
/zankl/matrix-2-all-3.smt2,sat,0.08992719650268555
/zankl/matrix-2-all-15.smt2,failed,1200.0
/zankl/matrix-1-all-30.smt2,sat,0.0
/zankl/matrix-1-all-31.smt2,sat,0.0
/zankl/matrix-1-all-33.smt2,sat,0.0
/zankl/matrix-1-all-6.smt2,sat,0.0
/zankl/matrix-1-all-21.smt2,sat,0.0
/zankl/matrix-2-all-13.smt2,failed,1200.0
/zankl/matrix-1-all-44.smt2,unsat,0.0
/20161105-Sturm-MGC/mgc_09.smt2,sat,0.1
/20161105-Sturm-MGC/mgc_03.smt2,unsat,0.0
/20161105-Sturm-MGC/mgc_10.smt2,sat,0.2
/20161105-Sturm-MGC/mgc_02.smt2,unsat,0.0
/20161105-Sturm-MGC/mgc_07.smt2,unsat,0.10935020446777344
/20161105-Sturm-MGC/mgc_08.smt2,unsat,0.0
/20161105-Sturm-MGC/mgc_05.smt2,unsat,0.1442263126373291
/20161105-Sturm-MGC/mgc_04.smt2,unsat,0.0
/20161105-Sturm-MGC/mgc_06.smt2,unsat,0.1394364833831787
/20180501-Economics-Mulligan/MulliganEconomicsModel0063c.smt2,unsat,0.0
/20180501-Economics-Mulligan/MulliganEconomicsModel0062c.smt2,unsat,0.0
/20180501-Economics-Mulligan/MulliganEconomicsModel0029e.smt2,sat,0.0
/20180501-Economics-Mulligan/MulliganEconomicsModel0082e.smt2,sat,0.0
/20180501-Economics-Mulligan/MulliganEconomicsModel0006c.smt2,unsat,0.0
/20180501-Economics-Mulligan/MulliganEconomicsModel0013a.smt2,sat,0.0
/20180501-Economics-Mulligan/MulliganEconomicsModel0057a.smt2,sat,0.0
/20180501-Economics-Mulligan/MulliganEconomicsModel0078e.smt2,sat,0.0
/20180501-Economics-Mulligan/MulliganEconomicsModel0029c.smt2,unsat,0.0
/20180501-Economics-Mulligan/MulliganEconomicsModel0021a.smt2,sat,0.0
/20180501-Economics-Mulligan/MulliganEconomicsModel0083c.smt2,unsat,0.0
/20180501-Economics-Mulligan/MulliganEconomicsModel0066c.smt2,unsat,0.0
/20180501-Economics-Mulligan/MulliganEconomicsModel0076a.smt2,sat,0.0
/20180501-Economics-Mulligan/MulliganEconomicsModel0006e.smt2,sat,0.0
/20180501-Economics-Mulligan/MulliganEconomicsModel0051c.smt2,unsat,0.0
/20180501-Economics-Mulligan/MulliganEconomicsModel0076e.smt2,sat,0.0
/20180501-Economics-Mulligan/MulliganEconomicsModel0051a.smt2,sat,0.0
/20180501-Economics-Mulligan/MulliganEconomicsModel0056c.smt2,unsat,4.9
/20180501-Economics-Mulligan/MulliganEconomicsModel0065e.smt2,sat,0.0
/20180501-Economics-Mulligan/MulliganEconomicsModel0066e.smt2,sat,0.0
/20180501-Economics-Mulligan/MulliganEconomicsModel0009a.smt2,sat,0.0
/20180501-Economics-Mulligan/MulliganEconomicsModel0027c.smt2,unsat,0.0
/20180501-Economics-Mulligan/MulliganEconomicsModel0053a.smt2,sat,0.0
/20180501-Economics-Mulligan/MulliganEconomicsModel0016a.smt2,sat,0.0
/20180501-Economics-Mulligan/MulliganEconomicsModel0085a.smt2,sat,0.0
/20180501-Economics-Mulligan/MulliganEconomicsModel0084c.smt2,unsat,0.0
/20180501-Economics-Mulligan/MulliganEconomicsModel0013c.smt2,sat,0.0
/20180501-Economics-Mulligan/MulliganEconomicsModel1001a.smt2,sat,0.0
/20180501-Economics-Mulligan/MulliganEconomicsModel0062e.smt2,sat,0.0
/20180501-Economics-Mulligan/MulliganEconomicsModel0061a.smt2,sat,0.0
/20180501-Economics-Mulligan/MulliganEconomicsModel0016c.smt2,unsat,0.0
/20180501-Economics-Mulligan/MulliganEconomicsModel0021e.smt2,sat,0.0
/20180501-Economics-Mulligan/MulliganEconomicsModel0029a.smt2,sat,0.0
/20180501-Economics-Mulligan/MulliganEconomicsModel0053e.smt2,sat,0.0
/20180501-Economics-Mulligan/MulliganEconomicsModel0030a.smt2,sat,0.0
/20180501-Economics-Mulligan/MulliganEconomicsModel0077e.smt2,sat,0.0
/20180501-Economics-Mulligan/MulliganEconomicsModel0065c.smt2,unsat,0.0
/20180501-Economics-Mulligan/MulliganEconomicsModel0064c.smt2,unsat,0.0
/20180501-Economics-Mulligan/MulliganEconomicsModel0026c.smt2,unsat,0.0
/20180501-Economics-Mulligan/MulliganEconomicsModel0063a.smt2,sat,0.0
/20180501-Economics-Mulligan/MulliganEconomicsModel0079c.smt2,sat,0.0
/20180501-Economics-Mulligan/MulliganEconomicsModel0025a.smt2,sat,0.0
/20180501-Economics-Mulligan/MulliganEconomicsModel0025c.smt2,unsat,0.0
/20180501-Economics-Mulligan/MulliganEconomicsModel0009e.smt2,sat,0.0
/20180501-Economics-Mulligan/MulliganEconomicsModel0004c.smt2,unsat,0.0
/20180501-Economics-Mulligan/MulliganEconomicsModel0027e.smt2,sat,0.0
/20180501-Economics-Mulligan/MulliganEconomicsModel0023c.smt2,unsat,0.0
/20180501-Economics-Mulligan/MulliganEconomicsModel0067a.smt2,sat,0.0
/20180501-Economics-Mulligan/MulliganEconomicsModel0015c.smt2,unsat,0.0
/20180501-Economics-Mulligan/MulliganEconomicsModel0012a.smt2,sat,0.0
/20180501-Economics-Mulligan/MulliganEconomicsModel0055e.smt2,sat,0.0
/20180501-Economics-Mulligan/MulliganEconomicsModel0064e.smt2,sat,0.0
/20180501-Economics-Mulligan/MulliganEconomicsModel0061c.smt2,unsat,0.0
/20180501-Economics-Mulligan/MulliganEconomicsModel0085c.smt2,unsat,0.0
/20180501-Economics-Mulligan/MulliganEconomicsModel0054e.smt2,sat,0.0
/20180501-Economics-Mulligan/MulliganEconomicsModel0023a.smt2,sat,0.0
/20180501-Economics-Mulligan/MulliganEconomicsModel0012c.smt2,unsat,0.0
/20180501-Economics-Mulligan/MulliganEconomicsModel0078a.smt2,sat,0.0
/20180501-Economics-Mulligan/MulliganEconomicsModel0082c.smt2,unsat,0.0
/20180501-Economics-Mulligan/MulliganEconomicsModel0080e.smt2,sat,0.0
/20180501-Economics-Mulligan/MulliganEconomicsModel0022c.smt2,unsat,0.0
/20180501-Economics-Mulligan/MulliganEconomicsModel1001e.smt2,sat,0.0
/20180501-Economics-Mulligan/MulliganEconomicsModel0067c.smt2,unsat,0.0
/20180501-Economics-Mulligan/MulliganEconomicsModel0001a.smt2,sat,0.0
/20180501-Economics-Mulligan/MulliganEconomicsModel0012e.smt2,sat,0.0
/20180501-Economics-Mulligan/MulliganEconomicsModel0086c.smt2,unsat,0.0
/20180501-Economics-Mulligan/MulliganEconomicsModel0004a.smt2,sat,0.0
/20180501-Economics-Mulligan/MulliganEconomicsModel0015a.smt2,sat,0.0
/20180501-Economics-Mulligan/MulliganEconomicsModel0015e.smt2,sat,0.0
/20180501-Economics-Mulligan/MulliganEconomicsModel0018e.smt2,sat,0.0
/20180501-Economics-Mulligan/MulliganEconomicsModel0074e.smt2,sat,0.0
/20180501-Economics-Mulligan/MulliganEconomicsModel0054c.smt2,unsat,0.0
/20180501-Economics-Mulligan/MulliganEconomicsModel0086a.smt2,sat,0.0
/20180501-Economics-Mulligan/MulliganEconomicsModel0074a.smt2,sat,0.0
/20180501-Economics-Mulligan/MulliganEconomicsModel0063e.smt2,sat,0.0
/20180501-Economics-Mulligan/MulliganEconomicsModel0082a.smt2,sat,0.0
/20180501-Economics-Mulligan/MulliganEconomicsModel0083e.smt2,sat,0.0
/20180501-Economics-Mulligan/MulliganEconomicsModel0053c.smt2,unsat,0.0
/20180501-Economics-Mulligan/MulliganEconomicsModel0066a.smt2,sat,0.0
/20180501-Economics-Mulligan/MulliganEconomicsModel0001c.smt2,sat,0.0
/20180501-Economics-Mulligan/MulliganEconomicsModel0078c.smt2,unsat,0.0
/20180501-Economics-Mulligan/MulliganEconomicsModel0086e.smt2,sat,0.0
/20180501-Economics-Mulligan/MulliganEconomicsModel0025e.smt2,sat,0.0
/20180501-Economics-Mulligan/MulliganEconomicsModel0028e.smt2,sat,0.0
/20180501-Economics-Mulligan/MulliganEconomicsModel0027a.smt2,sat,0.0
/20180501-Economics-Mulligan/MulliganEconomicsModel0016e.smt2,sat,0.0
/20180501-Economics-Mulligan/MulliganEconomicsModel0051e.smt2,sat,0.0
/20180501-Economics-Mulligan/MulliganEconomicsModel0018a.smt2,sat,0.0
/20180501-Economics-Mulligan/MulliganEconomicsModel0077a.smt2,sat,0.0
/20180501-Economics-Mulligan/MulliganEconomicsModel0065a.smt2,sat,0.0
/20180501-Economics-Mulligan/MulliganEconomicsModel0022e.smt2,sat,0.0
/20180501-Economics-Mulligan/MulliganEconomicsModel0083a.smt2,sat,0.0
/20180501-Economics-Mulligan/MulliganEconomicsModel0004e.smt2,sat,0.0
/20180501-Economics-Mulligan/MulliganEconomicsModel0055c.smt2,unsat,0.0
/20180501-Economics-Mulligan/MulliganEconomicsModel0056e.smt2,sat,0.0
/20180501-Economics-Mulligan/MulliganEconomicsModel0006a.smt2,sat,0.0
/20180501-Economics-Mulligan/MulliganEconomicsModel0055a.smt2,sat,0.0
/20180501-Economics-Mulligan/MulliganEconomicsModel0057c.smt2,unsat,0.3625984191894531
/20180501-Economics-Mulligan/MulliganEconomicsModel0085e.smt2,sat,0.0
/20180501-Economics-Mulligan/MulliganEconomicsModel0030e.smt2,sat,0.0
/20180501-Economics-Mulligan/MulliganEconomicsModel0021c.smt2,unsat,0.0
/20180501-Economics-Mulligan/MulliganEconomicsModel0077c.smt2,unsat,0.0
/20180501-Economics-Mulligan/MulliganEconomicsModel0028c.smt2,unsat,0.0
/20180501-Economics-Mulligan/MulliganEconomicsModel0026e.smt2,sat,0.0
/20180501-Economics-Mulligan/MulliganEconomicsModel0009c.smt2,unsat,0.0
/20180501-Economics-Mulligan/MulliganEconomicsModel0056a.smt2,sat,0.0
/20180501-Economics-Mulligan/MulliganEconomicsModel0074c.smt2,unsat,0.0
/20180501-Economics-Mulligan/MulliganEconomicsModel0022a.smt2,sat,0.0
/20180501-Economics-Mulligan/MulliganEconomicsModel0080a.smt2,sat,0.0
/20180501-Economics-Mulligan/MulliganEconomicsModel0001e.smt2,sat,0.0
/20180501-Economics-Mulligan/MulliganEconomicsModel0024c.smt2,unsat,0.0
/20180501-Economics-Mulligan/MulliganEconomicsModel0067e.smt2,sat,0.0
/20180501-Economics-Mulligan/MulliganEconomicsModel0079e.smt2,sat,0.0
/20180501-Economics-Mulligan/MulliganEconomicsModel0064a.smt2,sat,0.0
/20180501-Economics-Mulligan/MulliganEconomicsModel0018c.smt2,unsat,0.0
/20180501-Economics-Mulligan/MulliganEconomicsModel0054a.smt2,sat,0.0
/20180501-Economics-Mulligan/MulliganEconomicsModel0084a.smt2,sat,0.0
/20180501-Economics-Mulligan/MulliganEconomicsModel0028a.smt2,sat,0.0
/20180501-Economics-Mulligan/MulliganEconomicsModel0023e.smt2,sat,0.0
/20180501-Economics-Mulligan/MulliganEconomicsModel0030c.smt2,unsat,0.0
/20180501-Economics-Mulligan/MulliganEconomicsModel0052a.smt2,sat,0.0
/20180501-Economics-Mulligan/MulliganEconomicsModel0052e.smt2,sat,0.0
/20180501-Economics-Mulligan/MulliganEconomicsModel0076c.smt2,unsat,0.04489421844482422
/20180501-Economics-Mulligan/MulliganEconomicsModel0080c.smt2,unsat,0.0
/20180501-Economics-Mulligan/MulliganEconomicsModel0084e.smt2,sat,0.0
/20180501-Economics-Mulligan/MulliganEconomicsModel0026a.smt2,sat,0.0
/20180501-Economics-Mulligan/MulliganEconomicsModel0024e.smt2,sat,0.0
/20180501-Economics-Mulligan/MulliganEconomicsModel1001c.smt2,failed,1200.0
/20180501-Economics-Mulligan/MulliganEconomicsModel0024a.smt2,sat,0.0
/20180501-Economics-Mulligan/MulliganEconomicsModel0052c.smt2,unsat,0.0
/20180501-Economics-Mulligan/MulliganEconomicsModel0062a.smt2,sat,0.0
/20180501-Economics-Mulligan/MulliganEconomicsModel0061e.smt2,sat,0.0
/20180501-Economics-Mulligan/MulliganEconomicsModel0079a.smt2,sat,0.0
/20180501-Economics-Mulligan/MulliganEconomicsModel0057e.smt2,sat,0.0
/20180501-Economics-Mulligan/MulliganEconomicsModel0013e.smt2,sat,0.0
/meti-tarski/cbrt/3/cbrt-problem-3-chunk-0067.smt2,sat,0.0
/meti-tarski/cbrt/3/cbrt-problem-3-chunk-0077.smt2,sat,0.0
/meti-tarski/cbrt/3/cbrt-problem-3-chunk-0027.smt2,sat,0.0
/meti-tarski/cbrt/3/cbrt-problem-3-chunk-0033.smt2,unsat,0.0
/meti-tarski/cbrt/3/cbrt-problem-3-chunk-0055.smt2,unsat,0.0
/meti-tarski/cbrt/3/cbrt-problem-3-chunk-0015.smt2,sat,0.0
/meti-tarski/cbrt/3/cbrt-problem-3-chunk-0070.smt2,unsat,0.0
/meti-tarski/cbrt/3/cbrt-problem-3-chunk-0078.smt2,unsat,0.0
/meti-tarski/cbrt/3/cbrt-problem-3-chunk-0018.smt2,unsat,0.0
/meti-tarski/cbrt/3/cbrt-problem-3-chunk-0056.smt2,unsat,0.0
/meti-tarski/cbrt/3/weak/cbrt-problem-3-weak-chunk-0106.smt2,sat,0.0
/meti-tarski/cbrt/3/weak/cbrt-problem-3-weak-chunk-0041.smt2,unsat,0.0
/meti-tarski/cbrt/3/weak/cbrt-problem-3-weak-chunk-0070.smt2,sat,0.0
/meti-tarski/cbrt/3/weak/cbrt-problem-3-weak-chunk-0079.smt2,unsat,0.0
/meti-tarski/cbrt/3/weak/cbrt-problem-3-weak-chunk-0103.smt2,unsat,0.0
/meti-tarski/cbrt/3/weak/cbrt-problem-3-weak-chunk-0057.smt2,unsat,0.0
/meti-tarski/cbrt/3/weak/cbrt-problem-3-weak-chunk-0112.smt2,unsat,0.0
/meti-tarski/cbrt/3/weak/cbrt-problem-3-weak-chunk-0110.smt2,sat,0.0
/meti-tarski/cbrt/3/weak/cbrt-problem-3-weak-chunk-0033.smt2,unsat,0.0
/meti-tarski/cbrt/3/weak/cbrt-problem-3-weak-chunk-0109.smt2,unsat,0.0
/meti-tarski/cbrt/3/weak/cbrt-problem-3-weak-chunk-0062.smt2,sat,0.0
/meti-tarski/cbrt/3/weak/cbrt-problem-3-weak-chunk-0102.smt2,sat,0.0
/meti-tarski/cbrt/3/weak/cbrt-problem-3-weak-chunk-0058.smt2,sat,0.0
/meti-tarski/cbrt/3/weak/cbrt-problem-3-weak-chunk-0072.smt2,sat,0.0
/meti-tarski/cbrt/3/weak/cbrt-problem-3-weak-chunk-0025.smt2,unsat,0.0
/meti-tarski/cbrt/3/weak/cbrt-problem-3-weak-chunk-0071.smt2,unsat,0.0
/meti-tarski/cbrt/3/weak/cbrt-problem-3-weak-chunk-0061.smt2,sat,0.0
/meti-tarski/cbrt/3/weak/cbrt-problem-3-weak-chunk-0021.smt2,unsat,0.0
/meti-tarski/cbrt/3/weak/cbrt-problem-3-weak-chunk-0076.smt2,sat,0.0
/meti-tarski/cbrt/3/weak/cbrt-problem-3-weak-chunk-0086.smt2,sat,0.1
/meti-tarski/cbrt/3/weak/cbrt-problem-3-weak-chunk-0024.smt2,unsat,0.0
/meti-tarski/cbrt/3/weak/cbrt-problem-3-weak-chunk-0031.smt2,unsat,0.0
/meti-tarski/cbrt/3/weak/cbrt-problem-3-weak-chunk-0026.smt2,sat,0.0
/meti-tarski/cbrt/3/weak/cbrt-problem-3-weak-chunk-0089.smt2,sat,0.1
/meti-tarski/cbrt/3/weak/cbrt-problem-3-weak-chunk-0074.smt2,unsat,0.0
/meti-tarski/cbrt/3/weak/cbrt-problem-3-weak-chunk-0105.smt2,unsat,0.0
/meti-tarski/cbrt/3/weak/cbrt-problem-3-weak-chunk-0088.smt2,unsat,0.0
/meti-tarski/cbrt/3/weak/cbrt-problem-3-weak-chunk-0115.smt2,sat,0.0
/meti-tarski/cbrt/3/weak/cbrt-problem-3-weak-chunk-0063.smt2,unsat,0.0
/meti-tarski/cbrt/3/weak/cbrt-problem-3-weak-chunk-0113.smt2,sat,0.0
/meti-tarski/cbrt/3/weak/cbrt-problem-3-weak-chunk-0091.smt2,sat,0.1
/meti-tarski/cbrt/3/weak/cbrt-problem-3-weak-chunk-0075.smt2,sat,0.0
/meti-tarski/cbrt/3/weak/cbrt-problem-3-weak-chunk-0101.smt2,unsat,0.0
/meti-tarski/cbrt/3/weak/cbrt-problem-3-weak-chunk-0039.smt2,sat,0.0
/meti-tarski/cbrt/3/weak/cbrt-problem-3-weak-chunk-0108.smt2,unsat,0.0
/meti-tarski/cbrt/3/weak/cbrt-problem-3-weak-chunk-0114.smt2,unsat,0.0
/meti-tarski/cbrt/3/weak/cbrt-problem-3-weak-chunk-0087.smt2,sat,0.0
/meti-tarski/cbrt/3/weak/cbrt-problem-3-weak-chunk-0032.smt2,sat,0.0
/meti-tarski/cbrt/3/weak/cbrt-problem-3-weak-chunk-0104.smt2,sat,0.0
/meti-tarski/cbrt/3/weak/cbrt-problem-3-weak-chunk-0060.smt2,unsat,0.0
/meti-tarski/cbrt/3/weak/cbrt-problem-3-weak-chunk-0064.smt2,unsat,0.0
/meti-tarski/cbrt/3/weak/cbrt-problem-3-weak-chunk-0117.smt2,sat,0.0
/meti-tarski/cbrt/3/weak/cbrt-problem-3-weak-chunk-0090.smt2,sat,0.0
/meti-tarski/cbrt/3/weak/cbrt-problem-3-weak-chunk-0023.smt2,sat,0.0
/meti-tarski/cbrt/3/weak/cbrt-problem-3-weak-chunk-0038.smt2,sat,0.0
/meti-tarski/cbrt/3/weak/cbrt-problem-3-weak-chunk-0059.smt2,unsat,0.0
/meti-tarski/cbrt/3/weak/cbrt-problem-3-weak-chunk-0069.smt2,unsat,0.0
/meti-tarski/cbrt/3/weak/cbrt-problem-3-weak-chunk-0085.smt2,sat,0.1
/meti-tarski/cbrt/3/weak/cbrt-problem-3-weak-chunk-0107.smt2,sat,0.0
/meti-tarski/cbrt/3/weak/cbrt-problem-3-weak-chunk-0093.smt2,unsat,0.0
/meti-tarski/cbrt/3/weak/cbrt-problem-3-weak-chunk-0092.smt2,sat,0.1
/meti-tarski/cbrt/3/weak/cbrt-problem-3-weak-chunk-0084.smt2,unsat,0.0
/meti-tarski/cbrt/3/weak/cbrt-problem-3-weak-chunk-0022.smt2,sat,0.0
/meti-tarski/cbrt/3/weak/cbrt-problem-3-weak-chunk-0040.smt2,unsat,0.0
/meti-tarski/cbrt/3/weak/cbrt-problem-3-weak-chunk-0073.smt2,unsat,0.0
/meti-tarski/cbrt/3/weak/cbrt-problem-3-weak-chunk-0094.smt2,sat,0.0
/meti-tarski/cbrt/3/weak/cbrt-problem-3-weak-chunk-0037.smt2,sat,0.0
/meti-tarski/cbrt/3/weak/cbrt-problem-3-weak-chunk-0096.smt2,sat,0.0
/meti-tarski/cbrt/3/weak/cbrt-problem-3-weak-chunk-0095.smt2,unsat,0.0
/meti-tarski/cbrt/3/weak/cbrt-problem-3-weak-chunk-0077.smt2,unsat,0.0
/meti-tarski/cbrt/3/weak/cbrt-problem-3-weak-chunk-0116.smt2,sat,0.0
/meti-tarski/cbrt/3/cbrt-problem-3-chunk-0065.smt2,unsat,0.0
/meti-tarski/cbrt/3/cbrt-problem-3-chunk-0052.smt2,unsat,0.0
/meti-tarski/cbrt/3/cbrt-problem-3-chunk-0051.smt2,unsat,0.0
/meti-tarski/cbrt/3/cbrt-problem-3-chunk-0053.smt2,sat,0.0
/meti-tarski/cbrt/3/cbrt-problem-3-chunk-0063.smt2,unsat,0.0
/meti-tarski/cbrt/3/cbrt-problem-3-chunk-0019.smt2,sat,0.0
/meti-tarski/cbrt/3/cbrt-problem-3-chunk-0066.smt2,sat,0.0
/meti-tarski/cbrt/3/cbrt-problem-3-chunk-0068.smt2,unsat,0.0
/meti-tarski/cbrt/3/cbrt-problem-3-chunk-0032.smt2,sat,0.0
/meti-tarski/cbrt/3/cbrt-problem-3-chunk-0028.smt2,unsat,0.0
/meti-tarski/cbrt/3/cbrt-problem-3-chunk-0030.smt2,sat,0.0
/meti-tarski/cbrt/3/cbrt-problem-3-chunk-0079.smt2,sat,0.0
/meti-tarski/cbrt/3/cbrt-problem-3-chunk-0050.smt2,unsat,0.0
/meti-tarski/cbrt/3/cbrt-problem-3-chunk-0016.smt2,unsat,0.0
/meti-tarski/cbrt/3/cbrt-problem-3-chunk-0075.smt2,sat,0.0
/meti-tarski/cbrt/3/cbrt-problem-3-chunk-0080.smt2,sat,0.0
/meti-tarski/cbrt/3/cbrt-problem-3-chunk-0017.smt2,unsat,0.0
/meti-tarski/cbrt/3/cbrt-problem-3-chunk-0054.smt2,sat,0.0
/meti-tarski/cbrt/3/cbrt-problem-3-chunk-0064.smt2,unsat,0.0
/meti-tarski/cbrt/3/cbrt-problem-3-chunk-0062.smt2,unsat,0.0
/meti-tarski/cbrt/3/cbrt-problem-3-chunk-0061.smt2,sat,0.0
/meti-tarski/cbrt/3/cbrt-problem-3-chunk-0049.smt2,sat,0.0
/meti-tarski/cbrt/3/cbrt-problem-3-chunk-0076.smt2,sat,0.0
/meti-tarski/cbrt/3/cbrt-problem-3-chunk-0026.smt2,sat,0.0
/meti-tarski/cbrt/3/cbrt-problem-3-chunk-0081.smt2,sat,0.0
/meti-tarski/atan/vega/3/atan-vega-3-chunk-0397.smt2,sat,0.0
/meti-tarski/atan/vega/3/atan-vega-3-chunk-0465.smt2,unsat,0.0
/meti-tarski/atan/vega/3/atan-vega-3-chunk-0435.smt2,unsat,0.0
/meti-tarski/atan/vega/3/atan-vega-3-chunk-0459.smt2,sat,0.0
/meti-tarski/atan/vega/3/atan-vega-3-chunk-0125.smt2,sat,0.0
/meti-tarski/atan/vega/3/atan-vega-3-chunk-0178.smt2,unsat,0.0
/meti-tarski/atan/vega/3/atan-vega-3-chunk-0389.smt2,unsat,0.09756660461425781
/meti-tarski/atan/vega/3/atan-vega-3-chunk-0477.smt2,unsat,0.0
/meti-tarski/atan/vega/3/atan-vega-3-chunk-0390.smt2,sat,0.0
/meti-tarski/atan/vega/3/atan-vega-3-chunk-0345.smt2,unsat,0.0
/meti-tarski/atan/vega/3/atan-vega-3-chunk-0461.smt2,unsat,0.0
/meti-tarski/atan/vega/3/atan-vega-3-chunk-0380.smt2,unsat,0.0
/meti-tarski/atan/vega/3/atan-vega-3-chunk-0619.smt2,sat,0.0
/meti-tarski/atan/vega/3/atan-vega-3-chunk-0500.smt2,unsat,0.0
/meti-tarski/atan/vega/3/atan-vega-3-chunk-0248.smt2,unsat,0.0
/meti-tarski/atan/vega/3/atan-vega-3-chunk-0445.smt2,sat,0.0
/meti-tarski/atan/vega/3/atan-vega-3-chunk-0165.smt2,sat,0.0
/meti-tarski/atan/vega/3/atan-vega-3-chunk-0524.smt2,unsat,0.0
/meti-tarski/atan/vega/3/atan-vega-3-chunk-0166.smt2,unsat,0.0
/meti-tarski/atan/vega/3/atan-vega-3-chunk-0099.smt2,sat,0.0
/meti-tarski/atan/vega/3/atan-vega-3-chunk-0549.smt2,sat,0.0
/meti-tarski/atan/vega/3/atan-vega-3-chunk-0326.smt2,unsat,0.0
/meti-tarski/atan/vega/3/atan-vega-3-chunk-0576.smt2,unsat,0.0
/meti-tarski/atan/vega/3/atan-vega-3-chunk-0428.smt2,sat,0.0
/meti-tarski/atan/vega/3/atan-vega-3-chunk-0504.smt2,unsat,0.0
/meti-tarski/atan/vega/3/atan-vega-3-chunk-0095.smt2,unsat,0.0
/meti-tarski/atan/vega/3/atan-vega-3-chunk-0271.smt2,unsat,0.0
/meti-tarski/atan/vega/3/atan-vega-3-chunk-0350.smt2,unsat,0.0
/meti-tarski/atan/vega/3/atan-vega-3-chunk-0078.smt2,sat,0.0
/meti-tarski/atan/vega/3/atan-vega-3-chunk-0189.smt2,sat,0.0
/meti-tarski/atan/vega/3/atan-vega-3-chunk-0349.smt2,sat,0.0
/meti-tarski/atan/vega/3/atan-vega-3-chunk-0059.smt2,unsat,0.0
/meti-tarski/atan/vega/3/atan-vega-3-chunk-0544.smt2,sat,0.0
/meti-tarski/atan/vega/3/atan-vega-3-chunk-0406.smt2,sat,0.0
/meti-tarski/atan/vega/3/atan-vega-3-chunk-0054.smt2,sat,0.0
/meti-tarski/atan/vega/3/atan-vega-3-chunk-0333.smt2,sat,0.0
/meti-tarski/atan/vega/3/atan-vega-3-chunk-0154.smt2,sat,0.0
/meti-tarski/atan/vega/3/atan-vega-3-chunk-0491.smt2,sat,0.0
/meti-tarski/atan/vega/3/atan-vega-3-chunk-0097.smt2,unsat,0.0
/meti-tarski/atan/vega/3/atan-vega-3-chunk-0266.smt2,unsat,0.0
/meti-tarski/atan/vega/3/atan-vega-3-chunk-0528.smt2,unsat,0.0
/meti-tarski/atan/vega/3/atan-vega-3-chunk-0238.smt2,sat,0.0
/meti-tarski/atan/vega/3/atan-vega-3-chunk-0104.smt2,sat,0.0
/meti-tarski/atan/vega/3/atan-vega-3-chunk-0211.smt2,sat,0.0
/meti-tarski/atan/vega/3/atan-vega-3-chunk-0235.smt2,sat,0.0
/meti-tarski/atan/vega/3/atan-vega-3-chunk-0343.smt2,sat,0.0
/meti-tarski/atan/vega/3/atan-vega-3-chunk-0188.smt2,sat,0.0
/meti-tarski/atan/vega/3/atan-vega-3-chunk-0140.smt2,unsat,0.0
/meti-tarski/atan/vega/3/atan-vega-3-chunk-0269.smt2,unsat,0.0
/meti-tarski/atan/vega/3/atan-vega-3-chunk-0030.smt2,unsat,0.0
/meti-tarski/atan/vega/3/atan-vega-3-chunk-0444.smt2,unsat,0.0
/meti-tarski/atan/vega/3/atan-vega-3-chunk-0048.smt2,sat,0.0
/meti-tarski/atan/vega/3/atan-vega-3-chunk-0288.smt2,unsat,0.0
/meti-tarski/atan/vega/3/atan-vega-3-chunk-0594.smt2,unsat,0.0
/meti-tarski/atan/vega/3/atan-vega-3-chunk-0473.smt2,sat,0.0
/meti-tarski/atan/vega/3/atan-vega-3-chunk-0086.smt2,sat,0.0
/meti-tarski/atan/vega/3/atan-vega-3-chunk-0297.smt2,unsat,0.0
/meti-tarski/atan/vega/3/atan-vega-3-chunk-0088.smt2,sat,0.0
/meti-tarski/atan/vega/3/atan-vega-3-chunk-0128.smt2,sat,0.0
/meti-tarski/atan/vega/3/atan-vega-3-chunk-0301.smt2,sat,0.0
/meti-tarski/atan/vega/3/atan-vega-3-chunk-0267.smt2,sat,0.0
/meti-tarski/atan/vega/3/atan-vega-3-chunk-0471.smt2,sat,0.0
/meti-tarski/atan/vega/3/atan-vega-3-chunk-0218.smt2,sat,0.0
/meti-tarski/atan/vega/3/atan-vega-3-chunk-0328.smt2,sat,0.0
/meti-tarski/atan/vega/3/atan-vega-3-chunk-0495.smt2,sat,0.0
/meti-tarski/atan/vega/3/atan-vega-3-chunk-0207.smt2,sat,0.0
/meti-tarski/atan/vega/3/atan-vega-3-chunk-0591.smt2,sat,0.0
/meti-tarski/atan/vega/3/atan-vega-3-chunk-0373.smt2,sat,0.0
/meti-tarski/atan/vega/3/atan-vega-3-chunk-0514.smt2,sat,0.0
/meti-tarski/atan/vega/3/atan-vega-3-chunk-0231.smt2,unsat,0.0
/meti-tarski/atan/vega/3/atan-vega-3-chunk-0241.smt2,unsat,0.0
/meti-tarski/atan/vega/3/atan-vega-3-chunk-0431.smt2,sat,0.0
/meti-tarski/atan/vega/3/atan-vega-3-chunk-0480.smt2,unsat,0.0
/meti-tarski/atan/vega/3/atan-vega-3-chunk-0487.smt2,unsat,0.0
/meti-tarski/atan/vega/3/atan-vega-3-chunk-0501.smt2,sat,0.0
/meti-tarski/atan/vega/3/atan-vega-3-chunk-0305.smt2,unsat,0.0
/meti-tarski/atan/vega/3/atan-vega-3-chunk-0342.smt2,sat,0.0
/meti-tarski/atan/vega/3/atan-vega-3-chunk-0476.smt2,sat,0.0
/meti-tarski/atan/vega/3/atan-vega-3-chunk-0312.smt2,unsat,0.0
/meti-tarski/atan/vega/3/atan-vega-3-chunk-0152.smt2,sat,0.0
/meti-tarski/atan/vega/3/atan-vega-3-chunk-0509.smt2,sat,0.0
/meti-tarski/atan/vega/3/atan-vega-3-chunk-0563.smt2,sat,0.0
/meti-tarski/atan/vega/3/atan-vega-3-chunk-0103.smt2,sat,0.0
/meti-tarski/atan/vega/3/atan-vega-3-chunk-0027.smt2,sat,0.0
/meti-tarski/atan/vega/3/atan-vega-3-chunk-0194.smt2,unsat,0.0
/meti-tarski/atan/vega/3/atan-vega-3-chunk-0203.smt2,unsat,0.0
/meti-tarski/atan/vega/3/atan-vega-3-chunk-0381.smt2,sat,0.0
/meti-tarski/atan/vega/3/atan-vega-3-chunk-0222.smt2,sat,0.0
/meti-tarski/atan/vega/3/atan-vega-3-chunk-0304.smt2,sat,0.0
/meti-tarski/atan/vega/3/atan-vega-3-chunk-0626.smt2,sat,0.0
/meti-tarski/atan/vega/3/atan-vega-3-chunk-0279.smt2,sat,0.0
/meti-tarski/atan/vega/3/atan-vega-3-chunk-0472.smt2,sat,0.0
/meti-tarski/atan/vega/3/atan-vega-3-chunk-0452.smt2,sat,0.0
/meti-tarski/atan/vega/3/atan-vega-3-chunk-0148.smt2,sat,0.0
/meti-tarski/atan/vega/3/atan-vega-3-chunk-0450.smt2,unsat,0.0
/meti-tarski/atan/vega/3/atan-vega-3-chunk-0607.smt2,sat,0.0
/meti-tarski/atan/vega/3/atan-vega-3-chunk-0053.smt2,sat,0.0
/meti-tarski/atan/vega/3/atan-vega-3-chunk-0308.smt2,sat,0.0
/meti-tarski/atan/vega/3/atan-vega-3-chunk-0129.smt2,sat,0.0
/meti-tarski/atan/vega/3/atan-vega-3-chunk-0153.smt2,unsat,0.0
/meti-tarski/atan/vega/3/atan-vega-3-chunk-0281.smt2,sat,0.0
/meti-tarski/atan/vega/3/atan-vega-3-chunk-0210.smt2,sat,0.0
/meti-tarski/atan/vega/3/atan-vega-3-chunk-0356.smt2,sat,0.0
/meti-tarski/atan/vega/3/atan-vega-3-chunk-0110.smt2,sat,0.0
/meti-tarski/atan/vega/3/atan-vega-3-chunk-0175.smt2,sat,0.0
/meti-tarski/atan/vega/3/atan-vega-3-chunk-0074.smt2,sat,0.0
/meti-tarski/atan/vega/3/atan-vega-3-chunk-0015.smt2,unsat,0.0
/meti-tarski/atan/vega/3/atan-vega-3-chunk-0555.smt2,sat,0.0
/meti-tarski/atan/vega/3/atan-vega-3-chunk-0298.smt2,sat,0.0
/meti-tarski/atan/vega/3/atan-vega-3-chunk-0512.smt2,unsat,0.0
/meti-tarski/atan/vega/3/atan-vega-3-chunk-0228.smt2,sat,0.0
/meti-tarski/atan/vega/3/atan-vega-3-chunk-0108.smt2,sat,0.0
/meti-tarski/atan/vega/3/atan-vega-3-chunk-0637.smt2,sat,0.0
/meti-tarski/atan/vega/3/atan-vega-3-chunk-0067.smt2,unsat,0.0
/meti-tarski/atan/vega/3/atan-vega-3-chunk-0052.smt2,sat,0.0
/meti-tarski/atan/vega/3/atan-vega-3-chunk-0401.smt2,sat,0.0
/meti-tarski/atan/vega/3/atan-vega-3-chunk-0634.smt2,unsat,0.5
/meti-tarski/atan/vega/3/atan-vega-3-chunk-0510.smt2,unsat,0.0
/meti-tarski/atan/vega/3/atan-vega-3-chunk-0537.smt2,sat,0.0
/meti-tarski/atan/vega/3/atan-vega-3-chunk-0618.smt2,sat,0.0
/meti-tarski/atan/vega/3/atan-vega-3-chunk-0572.smt2,sat,0.0
/meti-tarski/atan/vega/3/atan-vega-3-chunk-0261.smt2,sat,0.0
/meti-tarski/atan/vega/3/atan-vega-3-chunk-0249.smt2,sat,0.0
/meti-tarski/atan/vega/3/atan-vega-3-chunk-0508.smt2,sat,0.0
/meti-tarski/atan/vega/3/atan-vega-3-chunk-0585.smt2,sat,0.0
/meti-tarski/atan/vega/3/atan-vega-3-chunk-0330.smt2,sat,0.0
/meti-tarski/atan/vega/3/atan-vega-3-chunk-0638.smt2,unsat,0.0
/meti-tarski/atan/vega/3/atan-vega-3-chunk-0440.smt2,sat,0.0
/meti-tarski/atan/vega/3/atan-vega-3-chunk-0569.smt2,sat,0.0
/meti-tarski/atan/vega/3/atan-vega-3-chunk-0577.smt2,sat,0.0
/meti-tarski/atan/vega/3/atan-vega-3-chunk-0411.smt2,unsat,0.0
/meti-tarski/atan/vega/3/atan-vega-3-chunk-0502.smt2,sat,0.0
/meti-tarski/atan/vega/3/atan-vega-3-chunk-0223.smt2,sat,0.0
/meti-tarski/atan/vega/3/atan-vega-3-chunk-0146.smt2,unsat,0.0
/meti-tarski/atan/vega/3/atan-vega-3-chunk-0174.smt2,sat,0.0
/meti-tarski/atan/vega/3/weak/atan-vega-3-weak-chunk-0204.smt2,sat,0.0
/meti-tarski/atan/vega/3/weak/atan-vega-3-weak-chunk-0441.smt2,sat,0.0
/meti-tarski/atan/vega/3/weak/atan-vega-3-weak-chunk-0210.smt2,unsat,0.0
/meti-tarski/atan/vega/3/weak/atan-vega-3-weak-chunk-0405.smt2,sat,0.0
/meti-tarski/atan/vega/3/weak/atan-vega-3-weak-chunk-0512.smt2,sat,0.0
/meti-tarski/atan/vega/3/weak/atan-vega-3-weak-chunk-0625.smt2,sat,0.0
/meti-tarski/atan/vega/3/weak/atan-vega-3-weak-chunk-0618.smt2,unsat,0.0
/meti-tarski/atan/vega/3/weak/atan-vega-3-weak-chunk-0663.smt2,unsat,0.0
/meti-tarski/atan/vega/3/weak/atan-vega-3-weak-chunk-0437.smt2,sat,0.0
/meti-tarski/atan/vega/3/weak/atan-vega-3-weak-chunk-0365.smt2,sat,0.0
/meti-tarski/atan/vega/3/weak/atan-vega-3-weak-chunk-0501.smt2,sat,0.0
/meti-tarski/atan/vega/3/weak/atan-vega-3-weak-chunk-0300.smt2,sat,0.0
/meti-tarski/atan/vega/3/weak/atan-vega-3-weak-chunk-0542.smt2,sat,0.0
/meti-tarski/atan/vega/3/weak/atan-vega-3-weak-chunk-0180.smt2,sat,0.0
/meti-tarski/atan/vega/3/weak/atan-vega-3-weak-chunk-0119.smt2,unsat,0.0
/meti-tarski/atan/vega/3/weak/atan-vega-3-weak-chunk-0360.smt2,sat,0.0
/meti-tarski/atan/vega/3/weak/atan-vega-3-weak-chunk-0716.smt2,sat,0.0
/meti-tarski/atan/vega/3/weak/atan-vega-3-weak-chunk-0156.smt2,unsat,0.0
/meti-tarski/atan/vega/3/weak/atan-vega-3-weak-chunk-0612.smt2,unsat,0.0
/meti-tarski/atan/vega/3/weak/atan-vega-3-weak-chunk-0075.smt2,sat,0.0
/meti-tarski/atan/vega/3/weak/atan-vega-3-weak-chunk-0714.smt2,unsat,0.0
/meti-tarski/atan/vega/3/weak/atan-vega-3-weak-chunk-0414.smt2,sat,0.0
/meti-tarski/atan/vega/3/weak/atan-vega-3-weak-chunk-0364.smt2,unsat,0.0
/meti-tarski/atan/vega/3/weak/atan-vega-3-weak-chunk-0302.smt2,sat,0.0
/meti-tarski/atan/vega/3/weak/atan-vega-3-weak-chunk-0419.smt2,unsat,0.0
/meti-tarski/atan/vega/3/weak/atan-vega-3-weak-chunk-0243.smt2,sat,0.0
/meti-tarski/atan/vega/3/weak/atan-vega-3-weak-chunk-0333.smt2,unsat,0.0
/meti-tarski/atan/vega/3/weak/atan-vega-3-weak-chunk-0672.smt2,sat,0.0
/meti-tarski/atan/vega/3/weak/atan-vega-3-weak-chunk-0315.smt2,sat,0.0
/meti-tarski/atan/vega/3/weak/atan-vega-3-weak-chunk-0346.smt2,sat,0.0
/meti-tarski/atan/vega/3/weak/atan-vega-3-weak-chunk-0538.smt2,unsat,0.0
/meti-tarski/atan/vega/3/weak/atan-vega-3-weak-chunk-0673.smt2,unsat,0.0
/meti-tarski/atan/vega/3/weak/atan-vega-3-weak-chunk-0620.smt2,unsat,0.0
/meti-tarski/atan/vega/3/weak/atan-vega-3-weak-chunk-0485.smt2,sat,0.0
/meti-tarski/atan/vega/3/weak/atan-vega-3-weak-chunk-0511.smt2,unsat,0.0
/meti-tarski/atan/vega/3/weak/atan-vega-3-weak-chunk-0468.smt2,sat,0.0
/meti-tarski/atan/vega/3/weak/atan-vega-3-weak-chunk-0643.smt2,sat,0.0
/meti-tarski/atan/vega/3/weak/atan-vega-3-weak-chunk-0727.smt2,sat,0.0
/meti-tarski/atan/vega/3/weak/atan-vega-3-weak-chunk-0257.smt2,unsat,0.0
/meti-tarski/atan/vega/3/weak/atan-vega-3-weak-chunk-0239.smt2,sat,0.0
/meti-tarski/atan/vega/3/weak/atan-vega-3-weak-chunk-0541.smt2,sat,0.0
/meti-tarski/atan/vega/3/weak/atan-vega-3-weak-chunk-0428.smt2,sat,0.0
/meti-tarski/atan/vega/3/weak/atan-vega-3-weak-chunk-0702.smt2,sat,0.0
/meti-tarski/atan/vega/3/weak/atan-vega-3-weak-chunk-0244.smt2,unsat,0.0
/meti-tarski/atan/vega/3/weak/atan-vega-3-weak-chunk-0280.smt2,sat,0.0
/meti-tarski/atan/vega/3/weak/atan-vega-3-weak-chunk-0554.smt2,sat,0.0
/meti-tarski/atan/vega/3/weak/atan-vega-3-weak-chunk-0647.smt2,sat,0.0
/meti-tarski/atan/vega/3/weak/atan-vega-3-weak-chunk-0451.smt2,unsat,0.0
/meti-tarski/atan/vega/3/weak/atan-vega-3-weak-chunk-0599.smt2,unsat,0.0
/meti-tarski/atan/vega/3/weak/atan-vega-3-weak-chunk-0653.smt2,sat,0.0
/meti-tarski/atan/vega/3/weak/atan-vega-3-weak-chunk-0425.smt2,unsat,0.0
/meti-tarski/atan/vega/3/weak/atan-vega-3-weak-chunk-0525.smt2,sat,0.0
/meti-tarski/atan/vega/3/weak/atan-vega-3-weak-chunk-0330.smt2,sat,0.0
/meti-tarski/atan/vega/3/weak/atan-vega-3-weak-chunk-0545.smt2,sat,0.0
/meti-tarski/atan/vega/3/weak/atan-vega-3-weak-chunk-0381.smt2,sat,0.0
/meti-tarski/atan/vega/3/weak/atan-vega-3-weak-chunk-0083.smt2,sat,0.0
/meti-tarski/atan/vega/3/weak/atan-vega-3-weak-chunk-0676.smt2,sat,0.0
/meti-tarski/atan/vega/3/weak/atan-vega-3-weak-chunk-0162.smt2,unsat,0.0
/meti-tarski/atan/vega/3/weak/atan-vega-3-weak-chunk-0388.smt2,unsat,0.0
/meti-tarski/atan/vega/3/weak/atan-vega-3-weak-chunk-0560.smt2,sat,0.0
/meti-tarski/atan/vega/3/weak/atan-vega-3-weak-chunk-0435.smt2,unsat,0.0
/meti-tarski/atan/vega/3/weak/atan-vega-3-weak-chunk-0221.smt2,unsat,0.0
/meti-tarski/atan/vega/3/weak/atan-vega-3-weak-chunk-0505.smt2,sat,0.0
/meti-tarski/atan/vega/3/weak/atan-vega-3-weak-chunk-0351.smt2,sat,0.0
/meti-tarski/atan/vega/3/weak/atan-vega-3-weak-chunk-0110.smt2,sat,0.0
/meti-tarski/atan/vega/3/weak/atan-vega-3-weak-chunk-0182.smt2,unsat,0.0
/meti-tarski/atan/vega/3/weak/atan-vega-3-weak-chunk-0343.smt2,sat,0.0
/meti-tarski/atan/vega/3/weak/atan-vega-3-weak-chunk-0390.smt2,unsat,0.0
/meti-tarski/atan/vega/3/weak/atan-vega-3-weak-chunk-0158.smt2,sat,0.0
/meti-tarski/atan/vega/3/weak/atan-vega-3-weak-chunk-0728.smt2,unsat,0.0
/meti-tarski/atan/vega/3/weak/atan-vega-3-weak-chunk-0136.smt2,sat,0.0
/meti-tarski/atan/vega/3/weak/atan-vega-3-weak-chunk-0372.smt2,unsat,0.0
/meti-tarski/atan/vega/3/weak/atan-vega-3-weak-chunk-0606.smt2,unsat,1.9
/meti-tarski/atan/vega/3/weak/atan-vega-3-weak-chunk-0584.smt2,sat,0.0
/meti-tarski/atan/vega/3/weak/atan-vega-3-weak-chunk-0379.smt2,unsat,0.0
/meti-tarski/atan/vega/3/weak/atan-vega-3-weak-chunk-0644.smt2,sat,0.0
/meti-tarski/atan/vega/3/weak/atan-vega-3-weak-chunk-0120.smt2,sat,0.0
/meti-tarski/atan/vega/3/weak/atan-vega-3-weak-chunk-0721.smt2,sat,0.0
/meti-tarski/atan/vega/3/weak/atan-vega-3-weak-chunk-0191.smt2,sat,0.0
/meti-tarski/atan/vega/3/weak/atan-vega-3-weak-chunk-0279.smt2,sat,0.0
/meti-tarski/atan/vega/3/weak/atan-vega-3-weak-chunk-0380.smt2,sat,0.0
/meti-tarski/atan/vega/3/weak/atan-vega-3-weak-chunk-0616.smt2,sat,0.0
/meti-tarski/atan/vega/3/weak/atan-vega-3-weak-chunk-0338.smt2,sat,0.0
/meti-tarski/atan/vega/3/weak/atan-vega-3-weak-chunk-0585.smt2,sat,0.0
/meti-tarski/atan/vega/3/weak/atan-vega-3-weak-chunk-0722.smt2,sat,0.0
/meti-tarski/atan/vega/3/weak/atan-vega-3-weak-chunk-0627.smt2,sat,0.0
/meti-tarski/atan/vega/3/weak/atan-vega-3-weak-chunk-0449.smt2,unsat,0.0
/meti-tarski/atan/vega/3/weak/atan-vega-3-weak-chunk-0694.smt2,sat,0.0
/meti-tarski/atan/vega/3/weak/atan-vega-3-weak-chunk-0202.smt2,sat,0.0
/meti-tarski/atan/vega/3/weak/atan-vega-3-weak-chunk-0418.smt2,sat,0.0
/meti-tarski/atan/vega/3/weak/atan-vega-3-weak-chunk-0481.smt2,unsat,0.0
/meti-tarski/atan/vega/3/weak/atan-vega-3-weak-chunk-0132.smt2,sat,0.0
/meti-tarski/atan/vega/3/weak/atan-vega-3-weak-chunk-0533.smt2,unsat,0.0
/meti-tarski/atan/vega/3/weak/atan-vega-3-weak-chunk-0111.smt2,sat,0.0
/meti-tarski/atan/vega/3/weak/atan-vega-3-weak-chunk-0168.smt2,unsat,0.0
/meti-tarski/atan/vega/3/weak/atan-vega-3-weak-chunk-0170.smt2,unsat,0.0
/meti-tarski/atan/vega/3/weak/atan-vega-3-weak-chunk-0467.smt2,sat,0.0
/meti-tarski/atan/vega/3/weak/atan-vega-3-weak-chunk-0507.smt2,sat,0.0
/meti-tarski/atan/vega/3/weak/atan-vega-3-weak-chunk-0537.smt2,sat,0.0
/meti-tarski/atan/vega/3/weak/atan-vega-3-weak-chunk-0220.smt2,unsat,0.0
/meti-tarski/atan/vega/3/weak/atan-vega-3-weak-chunk-0660.smt2,sat,0.0
/meti-tarski/atan/vega/3/weak/atan-vega-3-weak-chunk-0376.smt2,sat,0.0
/meti-tarski/atan/vega/3/weak/atan-vega-3-weak-chunk-0570.smt2,unsat,0.0
/meti-tarski/atan/vega/3/weak/atan-vega-3-weak-chunk-0633.smt2,sat,0.0
/meti-tarski/atan/vega/3/weak/atan-vega-3-weak-chunk-0164.smt2,sat,0.0
/meti-tarski/atan/vega/3/weak/atan-vega-3-weak-chunk-0311.smt2,sat,0.0
/meti-tarski/atan/vega/3/weak/atan-vega-3-weak-chunk-0082.smt2,sat,0.0
/meti-tarski/atan/vega/3/weak/atan-vega-3-weak-chunk-0201.smt2,sat,0.0
/meti-tarski/atan/vega/3/weak/atan-vega-3-weak-chunk-0508.smt2,sat,0.0
/meti-tarski/atan/vega/3/weak/atan-vega-3-weak-chunk-0370.smt2,sat,0.0
/meti-tarski/atan/vega/3/weak/atan-vega-3-weak-chunk-0479.smt2,sat,0.0
/meti-tarski/atan/vega/3/weak/atan-vega-3-weak-chunk-0303.smt2,unsat,0.0
/meti-tarski/atan/vega/3/weak/atan-vega-3-weak-chunk-0273.smt2,sat,0.0
/meti-tarski/atan/vega/3/weak/atan-vega-3-weak-chunk-0172.smt2,sat,0.0
/meti-tarski/atan/vega/3/weak/atan-vega-3-weak-chunk-0312.smt2,sat,0.0
/meti-tarski/atan/vega/3/weak/atan-vega-3-weak-chunk-0018.smt2,sat,0.0
/meti-tarski/atan/vega/3/weak/atan-vega-3-weak-chunk-0277.smt2,unsat,0.0
/meti-tarski/atan/vega/3/weak/atan-vega-3-weak-chunk-0163.smt2,sat,0.0
/meti-tarski/atan/vega/3/weak/atan-vega-3-weak-chunk-0157.smt2,sat,0.0
/meti-tarski/atan/vega/3/weak/atan-vega-3-weak-chunk-0548.smt2,sat,0.0
/meti-tarski/atan/vega/3/weak/atan-vega-3-weak-chunk-0123.smt2,sat,0.0
/meti-tarski/atan/vega/3/weak/atan-vega-3-weak-chunk-0217.smt2,unsat,0.0
/meti-tarski/atan/vega/3/weak/atan-vega-3-weak-chunk-0109.smt2,unsat,0.0
/meti-tarski/atan/vega/3/weak/atan-vega-3-weak-chunk-0532.smt2,sat,0.0
/meti-tarski/atan/vega/3/weak/atan-vega-3-weak-chunk-0329.smt2,sat,0.0
/meti-tarski/atan/vega/3/weak/atan-vega-3-weak-chunk-0241.smt2,unsat,0.0
/meti-tarski/atan/vega/3/weak/atan-vega-3-weak-chunk-0320.smt2,sat,0.0
/meti-tarski/atan/vega/3/weak/atan-vega-3-weak-chunk-0420.smt2,sat,0.0
/meti-tarski/atan/vega/3/weak/atan-vega-3-weak-chunk-0278.smt2,unsat,0.0
/meti-tarski/atan/vega/3/weak/atan-vega-3-weak-chunk-0108.smt2,sat,0.0
/meti-tarski/atan/vega/3/weak/atan-vega-3-weak-chunk-0521.smt2,sat,0.0
/meti-tarski/atan/vega/3/weak/atan-vega-3-weak-chunk-0726.smt2,sat,0.0
/meti-tarski/atan/vega/3/weak/atan-vega-3-weak-chunk-0274.smt2,sat,0.0
/meti-tarski/atan/vega/3/weak/atan-vega-3-weak-chunk-0138.smt2,sat,0.0
/meti-tarski/atan/vega/3/weak/atan-vega-3-weak-chunk-0480.smt2,unsat,0.0
/meti-tarski/atan/vega/3/weak/atan-vega-3-weak-chunk-0597.smt2,unsat,0.0
/meti-tarski/atan/vega/3/weak/atan-vega-3-weak-chunk-0513.smt2,sat,0.0
/meti-tarski/atan/vega/3/weak/atan-vega-3-weak-chunk-0125.smt2,unsat,0.0
/meti-tarski/atan/vega/3/weak/atan-vega-3-weak-chunk-0492.smt2,sat,0.0
/meti-tarski/atan/vega/3/weak/atan-vega-3-weak-chunk-0509.smt2,sat,0.0
/meti-tarski/atan/vega/3/weak/atan-vega-3-weak-chunk-0555.smt2,sat,0.0
/meti-tarski/atan/vega/3/weak/atan-vega-3-weak-chunk-0276.smt2,sat,0.0
/meti-tarski/atan/vega/3/weak/atan-vega-3-weak-chunk-0465.smt2,unsat,0.0
/meti-tarski/atan/vega/3/weak/atan-vega-3-weak-chunk-0270.smt2,sat,0.0
/meti-tarski/atan/vega/3/weak/atan-vega-3-weak-chunk-0328.smt2,sat,0.0
/meti-tarski/atan/vega/3/weak/atan-vega-3-weak-chunk-0679.smt2,sat,0.0
/meti-tarski/atan/vega/3/weak/atan-vega-3-weak-chunk-0720.smt2,sat,0.0
/meti-tarski/atan/vega/3/weak/atan-vega-3-weak-chunk-0494.smt2,sat,0.0
/meti-tarski/atan/vega/3/weak/atan-vega-3-weak-chunk-0206.smt2,sat,0.0
/meti-tarski/atan/vega/3/weak/atan-vega-3-weak-chunk-0187.smt2,sat,0.0
/meti-tarski/atan/vega/3/weak/atan-vega-3-weak-chunk-0489.smt2,sat,0.0
/meti-tarski/atan/vega/3/weak/atan-vega-3-weak-chunk-0250.smt2,sat,0.0
/meti-tarski/atan/vega/3/weak/atan-vega-3-weak-chunk-0363.smt2,sat,0.0
/meti-tarski/atan/vega/3/weak/atan-vega-3-weak-chunk-0077.smt2,sat,0.0
/meti-tarski/atan/vega/3/weak/atan-vega-3-weak-chunk-0272.smt2,unsat,0.0
/meti-tarski/atan/vega/3/weak/atan-vega-3-weak-chunk-0122.smt2,sat,0.0
/meti-tarski/atan/vega/3/weak/atan-vega-3-weak-chunk-0470.smt2,unsat,0.0
/meti-tarski/atan/vega/3/weak/atan-vega-3-weak-chunk-0282.smt2,unsat,0.0
/meti-tarski/atan/vega/3/weak/atan-vega-3-weak-chunk-0611.smt2,sat,0.0
/meti-tarski/atan/vega/3/weak/atan-vega-3-weak-chunk-0614.smt2,unsat,0.0
/meti-tarski/atan/vega/3/weak/atan-vega-3-weak-chunk-0325.smt2,sat,0.0
/meti-tarski/atan/vega/3/weak/atan-vega-3-weak-chunk-0450.smt2,unsat,0.0
/meti-tarski/atan/vega/3/weak/atan-vega-3-weak-chunk-0622.smt2,sat,0.0
/meti-tarski/atan/vega/3/weak/atan-vega-3-weak-chunk-0149.smt2,sat,0.0
/meti-tarski/atan/vega/3/weak/atan-vega-3-weak-chunk-0637.smt2,sat,0.0
/meti-tarski/atan/vega/3/weak/atan-vega-3-weak-chunk-0193.smt2,unsat,0.0
/meti-tarski/atan/vega/3/weak/atan-vega-3-weak-chunk-0411.smt2,unsat,0.0
/meti-tarski/atan/vega/3/weak/atan-vega-3-weak-chunk-0268.smt2,sat,0.0
/meti-tarski/atan/vega/3/weak/atan-vega-3-weak-chunk-0309.smt2,sat,0.0
/meti-tarski/atan/vega/3/weak/atan-vega-3-weak-chunk-0297.smt2,unsat,0.0
/meti-tarski/atan/vega/3/weak/atan-vega-3-weak-chunk-0496.smt2,sat,0.0
/meti-tarski/atan/vega/3/weak/atan-vega-3-weak-chunk-0724.smt2,unsat,0.0
/meti-tarski/atan/vega/3/weak/atan-vega-3-weak-chunk-0169.smt2,sat,0.0
/meti-tarski/atan/vega/3/weak/atan-vega-3-weak-chunk-0567.smt2,unsat,0.0
/meti-tarski/atan/vega/3/weak/atan-vega-3-weak-chunk-0398.smt2,sat,0.0
/meti-tarski/atan/vega/3/weak/atan-vega-3-weak-chunk-0308.smt2,unsat,0.0
/meti-tarski/atan/vega/3/weak/atan-vega-3-weak-chunk-0394.smt2,unsat,0.0
/meti-tarski/atan/vega/3/weak/atan-vega-3-weak-chunk-0348.smt2,sat,0.0
/meti-tarski/atan/vega/3/weak/atan-vega-3-weak-chunk-0710.smt2,unsat,0.0
/meti-tarski/atan/vega/3/weak/atan-vega-3-weak-chunk-0715.smt2,sat,0.0
/meti-tarski/atan/vega/3/weak/atan-vega-3-weak-chunk-0409.smt2,sat,0.0
/meti-tarski/atan/vega/3/weak/atan-vega-3-weak-chunk-0514.smt2,unsat,0.0
/meti-tarski/atan/vega/3/weak/atan-vega-3-weak-chunk-0629.smt2,sat,0.0
/meti-tarski/atan/vega/3/weak/atan-vega-3-weak-chunk-0717.smt2,unsat,0.0
/meti-tarski/atan/vega/3/weak/atan-vega-3-weak-chunk-0105.smt2,sat,0.0
/meti-tarski/atan/vega/3/weak/atan-vega-3-weak-chunk-0578.smt2,sat,0.0
/meti-tarski/atan/vega/3/weak/atan-vega-3-weak-chunk-0324.smt2,unsat,0.0
/meti-tarski/atan/vega/3/weak/atan-vega-3-weak-chunk-0113.smt2,sat,0.0
/meti-tarski/atan/vega/3/weak/atan-vega-3-weak-chunk-0639.smt2,unsat,0.0
/meti-tarski/atan/vega/3/weak/atan-vega-3-weak-chunk-0178.smt2,sat,0.0
/meti-tarski/atan/vega/3/weak/atan-vega-3-weak-chunk-0665.smt2,sat,0.0
/meti-tarski/atan/vega/3/weak/atan-vega-3-weak-chunk-0316.smt2,sat,0.0
/meti-tarski/atan/vega/3/weak/atan-vega-3-weak-chunk-0073.smt2,sat,0.0
/meti-tarski/atan/vega/3/weak/atan-vega-3-weak-chunk-0684.smt2,unsat,0.0
/meti-tarski/atan/vega/3/weak/atan-vega-3-weak-chunk-0498.smt2,sat,0.0
/meti-tarski/atan/vega/3/weak/atan-vega-3-weak-chunk-0336.smt2,unsat,0.0
/meti-tarski/atan/vega/3/weak/atan-vega-3-weak-chunk-0683.smt2,sat,0.0
/meti-tarski/atan/vega/3/weak/atan-vega-3-weak-chunk-0543.smt2,sat,0.0
/meti-tarski/atan/vega/3/weak/atan-vega-3-weak-chunk-0589.smt2,sat,0.0
/meti-tarski/atan/vega/3/weak/atan-vega-3-weak-chunk-0439.smt2,sat,0.0
/meti-tarski/atan/vega/3/weak/atan-vega-3-weak-chunk-0686.smt2,unsat,0.0
/meti-tarski/atan/vega/3/weak/atan-vega-3-weak-chunk-0654.smt2,unsat,0.0
/meti-tarski/atan/vega/3/weak/atan-vega-3-weak-chunk-0275.smt2,sat,0.0
/meti-tarski/atan/vega/3/weak/atan-vega-3-weak-chunk-0287.smt2,sat,0.0
/meti-tarski/atan/vega/3/weak/atan-vega-3-weak-chunk-0499.smt2,sat,0.0
/meti-tarski/atan/vega/3/weak/atan-vega-3-weak-chunk-0562.smt2,sat,0.0
/meti-tarski/atan/vega/3/weak/atan-vega-3-weak-chunk-0219.smt2,sat,0.0
/meti-tarski/atan/vega/3/weak/atan-vega-3-weak-chunk-0386.smt2,sat,0.0
/meti-tarski/atan/vega/3/weak/atan-vega-3-weak-chunk-0068.smt2,unsat,0.0
/meti-tarski/atan/vega/3/weak/atan-vega-3-weak-chunk-0426.smt2,sat,0.0
/meti-tarski/atan/vega/3/weak/atan-vega-3-weak-chunk-0558.smt2,sat,0.0
/meti-tarski/atan/vega/3/weak/atan-vega-3-weak-chunk-0624.smt2,unsat,0.0
/meti-tarski/atan/vega/3/weak/atan-vega-3-weak-chunk-0474.smt2,sat,0.0
/meti-tarski/atan/vega/3/weak/atan-vega-3-weak-chunk-0232.smt2,sat,0.0
/meti-tarski/atan/vega/3/weak/atan-vega-3-weak-chunk-0699.smt2,unsat,0.0
/meti-tarski/atan/vega/3/weak/atan-vega-3-weak-chunk-0590.smt2,sat,0.0
/meti-tarski/atan/vega/3/weak/atan-vega-3-weak-chunk-0675.smt2,sat,0.0
/meti-tarski/atan/vega/3/weak/atan-vega-3-weak-chunk-0344.smt2,sat,0.0
/meti-tarski/atan/vega/3/weak/atan-vega-3-weak-chunk-0706.smt2,unsat,0.0
/meti-tarski/atan/vega/3/weak/atan-vega-3-weak-chunk-0313.smt2,sat,0.0
/meti-tarski/atan/vega/3/weak/atan-vega-3-weak-chunk-0477.smt2,sat,0.0
/meti-tarski/atan/vega/3/weak/atan-vega-3-weak-chunk-0396.smt2,unsat,0.0
/meti-tarski/atan/vega/3/weak/atan-vega-3-weak-chunk-0071.smt2,unsat,0.0
/meti-tarski/atan/vega/3/weak/atan-vega-3-weak-chunk-0609.smt2,sat,0.0
/meti-tarski/atan/vega/3/weak/atan-vega-3-weak-chunk-0212.smt2,unsat,0.0
/meti-tarski/atan/vega/3/weak/atan-vega-3-weak-chunk-0160.smt2,sat,0.0
/meti-tarski/atan/vega/3/weak/atan-vega-3-weak-chunk-0601.smt2,unsat,0.0
/meti-tarski/atan/vega/3/weak/atan-vega-3-weak-chunk-0518.smt2,unsat,0.8006725311279297
/meti-tarski/atan/vega/3/weak/atan-vega-3-weak-chunk-0323.smt2,sat,0.0
/meti-tarski/atan/vega/3/weak/atan-vega-3-weak-chunk-0261.smt2,unsat,0.0
/meti-tarski/atan/vega/3/weak/atan-vega-3-weak-chunk-0433.smt2,sat,0.0
/meti-tarski/atan/vega/3/weak/atan-vega-3-weak-chunk-0188.smt2,unsat,0.0
/meti-tarski/atan/vega/3/weak/atan-vega-3-weak-chunk-0231.smt2,unsat,0.0
/meti-tarski/atan/vega/3/weak/atan-vega-3-weak-chunk-0491.smt2,sat,0.0
/meti-tarski/atan/vega/3/weak/atan-vega-3-weak-chunk-0544.smt2,unsat,0.0
/meti-tarski/atan/vega/3/weak/atan-vega-3-weak-chunk-0081.smt2,sat,0.0
/meti-tarski/atan/vega/3/weak/atan-vega-3-weak-chunk-0165.smt2,unsat,0.0
/meti-tarski/atan/vega/3/weak/atan-vega-3-weak-chunk-0632.smt2,unsat,0.0
/meti-tarski/atan/vega/3/weak/atan-vega-3-weak-chunk-0236.smt2,unsat,0.0
/meti-tarski/atan/vega/3/weak/atan-vega-3-weak-chunk-0147.smt2,sat,0.0
/meti-tarski/atan/vega/3/weak/atan-vega-3-weak-chunk-0356.smt2,unsat,0.0
/meti-tarski/atan/vega/3/weak/atan-vega-3-weak-chunk-0516.smt2,unsat,0.0
/meti-tarski/atan/vega/3/weak/atan-vega-3-weak-chunk-0199.smt2,sat,0.0
/meti-tarski/atan/vega/3/weak/atan-vega-3-weak-chunk-0019.smt2,unsat,0.0
/meti-tarski/atan/vega/3/weak/atan-vega-3-weak-chunk-0444.smt2,sat,0.0
/meti-tarski/atan/vega/3/weak/atan-vega-3-weak-chunk-0258.smt2,unsat,0.0
/meti-tarski/atan/vega/3/weak/atan-vega-3-weak-chunk-0587.smt2,sat,0.0
/meti-tarski/atan/vega/3/weak/atan-vega-3-weak-chunk-0671.smt2,sat,0.0
/meti-tarski/atan/vega/3/weak/atan-vega-3-weak-chunk-0131.smt2,unsat,0.0
/meti-tarski/atan/vega/3/weak/atan-vega-3-weak-chunk-0233.smt2,unsat,0.0
/meti-tarski/atan/vega/3/weak/atan-vega-3-weak-chunk-0579.smt2,sat,0.0
/meti-tarski/atan/vega/3/weak/atan-vega-3-weak-chunk-0658.smt2,unsat,0.0
/meti-tarski/atan/vega/3/weak/atan-vega-3-weak-chunk-0431.smt2,sat,0.0
/meti-tarski/atan/vega/3/weak/atan-vega-3-weak-chunk-0619.smt2,sat,0.0
/meti-tarski/atan/vega/3/weak/atan-vega-3-weak-chunk-0506.smt2,sat,0.0
/meti-tarski/atan/vega/3/weak/atan-vega-3-weak-chunk-0238.smt2,unsat,0.0
/meti-tarski/atan/vega/3/weak/atan-vega-3-weak-chunk-0662.smt2,unsat,0.0
/meti-tarski/atan/vega/3/weak/atan-vega-3-weak-chunk-0718.smt2,unsat,0.0
/meti-tarski/atan/vega/3/weak/atan-vega-3-weak-chunk-0569.smt2,unsat,0.0
/meti-tarski/atan/vega/3/weak/atan-vega-3-weak-chunk-0669.smt2,sat,0.0
/meti-tarski/atan/vega/3/weak/atan-vega-3-weak-chunk-0459.smt2,sat,0.0
/meti-tarski/atan/vega/3/weak/atan-vega-3-weak-chunk-0177.smt2,sat,0.0
/meti-tarski/atan/vega/3/weak/atan-vega-3-weak-chunk-0645.smt2,unsat,0.0
/meti-tarski/atan/vega/3/weak/atan-vega-3-weak-chunk-0069.smt2,sat,0.0
/meti-tarski/atan/vega/3/weak/atan-vega-3-weak-chunk-0708.smt2,sat,0.0
/meti-tarski/atan/vega/3/weak/atan-vega-3-weak-chunk-0484.smt2,sat,0.0
/meti-tarski/atan/vega/3/weak/atan-vega-3-weak-chunk-0155.smt2,sat,0.0
/meti-tarski/atan/vega/3/weak/atan-vega-3-weak-chunk-0384.smt2,unsat,0.0
/meti-tarski/atan/vega/3/weak/atan-vega-3-weak-chunk-0583.smt2,sat,0.0
/meti-tarski/atan/vega/3/weak/atan-vega-3-weak-chunk-0453.smt2,sat,0.0
/meti-tarski/atan/vega/3/weak/atan-vega-3-weak-chunk-0385.smt2,unsat,2.5
/meti-tarski/atan/vega/3/weak/atan-vega-3-weak-chunk-0128.smt2,sat,0.0
/meti-tarski/atan/vega/3/weak/atan-vega-3-weak-chunk-0214.smt2,sat,0.0
/meti-tarski/atan/vega/3/weak/atan-vega-3-weak-chunk-0208.smt2,sat,0.0
/meti-tarski/atan/vega/3/weak/atan-vega-3-weak-chunk-0549.smt2,sat,0.0
/meti-tarski/atan/vega/3/weak/atan-vega-3-weak-chunk-0103.smt2,unsat,0.0
/meti-tarski/atan/vega/3/weak/atan-vega-3-weak-chunk-0129.smt2,sat,0.0
/meti-tarski/atan/vega/3/weak/atan-vega-3-weak-chunk-0626.smt2,unsat,0.0
/meti-tarski/atan/vega/3/weak/atan-vega-3-weak-chunk-0689.smt2,sat,0.0
/meti-tarski/atan/vega/3/weak/atan-vega-3-weak-chunk-0445.smt2,unsat,0.0
/meti-tarski/atan/vega/3/weak/atan-vega-3-weak-chunk-0528.smt2,unsat,0.0
/meti-tarski/atan/vega/3/weak/atan-vega-3-weak-chunk-0301.smt2,sat,0.0
/meti-tarski/atan/vega/3/weak/atan-vega-3-weak-chunk-0197.smt2,sat,0.0
/meti-tarski/atan/vega/3/weak/atan-vega-3-weak-chunk-0142.smt2,sat,0.0
/meti-tarski/atan/vega/3/weak/atan-vega-3-weak-chunk-0106.smt2,unsat,0.0
/meti-tarski/atan/vega/3/weak/atan-vega-3-weak-chunk-0652.smt2,sat,0.0
/meti-tarski/atan/vega/3/weak/atan-vega-3-weak-chunk-0613.smt2,sat,0.0
/meti-tarski/atan/vega/3/weak/atan-vega-3-weak-chunk-0493.smt2,sat,0.0
/meti-tarski/atan/vega/3/weak/atan-vega-3-weak-chunk-0190.smt2,sat,0.0
/meti-tarski/atan/vega/3/weak/atan-vega-3-weak-chunk-0416.smt2,sat,0.0
/meti-tarski/atan/vega/3/weak/atan-vega-3-weak-chunk-0334.smt2,sat,0.0
/meti-tarski/atan/vega/3/weak/atan-vega-3-weak-chunk-0623.smt2,unsat,0.0
/meti-tarski/atan/vega/3/weak/atan-vega-3-weak-chunk-0705.smt2,unsat,0.0
/meti-tarski/atan/vega/3/weak/atan-vega-3-weak-chunk-0565.smt2,sat,0.0
/meti-tarski/atan/vega/3/weak/atan-vega-3-weak-chunk-0592.smt2,unsat,0.0
/meti-tarski/atan/vega/3/weak/atan-vega-3-weak-chunk-0464.smt2,sat,0.0
/meti-tarski/atan/vega/3/weak/atan-vega-3-weak-chunk-0102.smt2,sat,0.0
/meti-tarski/atan/vega/3/weak/atan-vega-3-weak-chunk-0478.smt2,unsat,0.0
/meti-tarski/atan/vega/3/weak/atan-vega-3-weak-chunk-0530.smt2,sat,0.0
/meti-tarski/atan/vega/3/weak/atan-vega-3-weak-chunk-0500.smt2,unsat,0.0
/meti-tarski/atan/vega/3/weak/atan-vega-3-weak-chunk-0143.smt2,sat,0.0
/meti-tarski/atan/vega/3/weak/atan-vega-3-weak-chunk-0568.smt2,unsat,0.0
/meti-tarski/atan/vega/3/weak/atan-vega-3-weak-chunk-0262.smt2,unsat,0.0
/meti-tarski/atan/vega/3/weak/atan-vega-3-weak-chunk-0488.smt2,sat,0.0
/meti-tarski/atan/vega/3/weak/atan-vega-3-weak-chunk-0427.smt2,unsat,0.0
/meti-tarski/atan/vega/3/weak/atan-vega-3-weak-chunk-0430.smt2,sat,0.0
/meti-tarski/atan/vega/3/weak/atan-vega-3-weak-chunk-0185.smt2,unsat,0.0
/meti-tarski/atan/vega/3/weak/atan-vega-3-weak-chunk-0415.smt2,unsat,0.0
/meti-tarski/atan/vega/3/weak/atan-vega-3-weak-chunk-0687.smt2,sat,0.0
/meti-tarski/atan/vega/3/weak/atan-vega-3-weak-chunk-0661.smt2,unsat,0.0
/meti-tarski/atan/vega/3/weak/atan-vega-3-weak-chunk-0690.smt2,sat,0.0
/meti-tarski/atan/vega/3/weak/atan-vega-3-weak-chunk-0319.smt2,unsat,0.0
/meti-tarski/atan/vega/3/weak/atan-vega-3-weak-chunk-0475.smt2,sat,0.0
/meti-tarski/atan/vega/3/weak/atan-vega-3-weak-chunk-0374.smt2,unsat,0.0
/meti-tarski/atan/vega/3/weak/atan-vega-3-weak-chunk-0602.smt2,sat,0.0
/meti-tarski/atan/vega/3/weak/atan-vega-3-weak-chunk-0389.smt2,sat,0.0
/meti-tarski/atan/vega/3/weak/atan-vega-3-weak-chunk-0070.smt2,sat,0.0
/meti-tarski/atan/vega/3/weak/atan-vega-3-weak-chunk-0322.smt2,sat,0.0
/meti-tarski/atan/vega/3/weak/atan-vega-3-weak-chunk-0436.smt2,sat,0.0
/meti-tarski/atan/vega/3/weak/atan-vega-3-weak-chunk-0495.smt2,unsat,0.0
/meti-tarski/atan/vega/3/weak/atan-vega-3-weak-chunk-0211.smt2,sat,0.0
/meti-tarski/atan/vega/3/weak/atan-vega-3-weak-chunk-0256.smt2,sat,0.0
/meti-tarski/atan/vega/3/weak/atan-vega-3-weak-chunk-0304.smt2,sat,0.0
/meti-tarski/atan/vega/3/weak/atan-vega-3-weak-chunk-0696.smt2,sat,0.0
/meti-tarski/atan/vega/3/weak/atan-vega-3-weak-chunk-0321.smt2,unsat,0.0
/meti-tarski/atan/vega/3/weak/atan-vega-3-weak-chunk-0711.smt2,sat,0.0
/meti-tarski/atan/vega/3/weak/atan-vega-3-weak-chunk-0118.smt2,sat,0.0
/meti-tarski/atan/vega/3/weak/atan-vega-3-weak-chunk-0540.smt2,unsat,0.0
/meti-tarski/atan/vega/3/weak/atan-vega-3-weak-chunk-0146.smt2,sat,0.0
/meti-tarski/atan/vega/3/weak/atan-vega-3-weak-chunk-0237.smt2,sat,0.0
/meti-tarski/atan/vega/3/weak/atan-vega-3-weak-chunk-0473.smt2,sat,0.0
/meti-tarski/atan/vega/3/weak/atan-vega-3-weak-chunk-0605.smt2,sat,0.0
/meti-tarski/atan/vega/3/weak/atan-vega-3-weak-chunk-0630.smt2,sat,0.0
/meti-tarski/atan/vega/3/weak/atan-vega-3-weak-chunk-0373.smt2,sat,0.0
/meti-tarski/atan/vega/3/weak/atan-vega-3-weak-chunk-0557.smt2,unsat,0.0
/meti-tarski/atan/vega/3/weak/atan-vega-3-weak-chunk-0407.smt2,unsat,0.0
/meti-tarski/atan/vega/3/weak/atan-vega-3-weak-chunk-0026.smt2,unsat,0.0
/meti-tarski/atan/vega/3/weak/atan-vega-3-weak-chunk-0183.smt2,sat,0.0
/meti-tarski/atan/vega/3/weak/atan-vega-3-weak-chunk-0490.smt2,sat,0.0
/meti-tarski/atan/vega/3/weak/atan-vega-3-weak-chunk-0412.smt2,unsat,0.0
/meti-tarski/atan/vega/3/weak/atan-vega-3-weak-chunk-0697.smt2,sat,0.0
/meti-tarski/atan/vega/3/weak/atan-vega-3-weak-chunk-0432.smt2,unsat,0.0
/meti-tarski/atan/vega/3/weak/atan-vega-3-weak-chunk-0342.smt2,unsat,0.0
/meti-tarski/atan/vega/3/weak/atan-vega-3-weak-chunk-0698.smt2,unsat,0.0
/meti-tarski/atan/vega/3/weak/atan-vega-3-weak-chunk-0725.smt2,unsat,0.0
/meti-tarski/atan/vega/3/weak/atan-vega-3-weak-chunk-0674.smt2,unsat,0.0
/meti-tarski/atan/vega/3/weak/atan-vega-3-weak-chunk-0563.smt2,sat,0.0
/meti-tarski/atan/vega/3/weak/atan-vega-3-weak-chunk-0288.smt2,sat,0.0
/meti-tarski/atan/vega/3/weak/atan-vega-3-weak-chunk-0703.smt2,unsat,0.0
/meti-tarski/atan/vega/3/weak/atan-vega-3-weak-chunk-0534.smt2,unsat,0.0
/meti-tarski/atan/vega/3/weak/atan-vega-3-weak-chunk-0401.smt2,sat,0.0
/meti-tarski/atan/vega/3/weak/atan-vega-3-weak-chunk-0440.smt2,sat,0.0
/meti-tarski/atan/vega/3/weak/atan-vega-3-weak-chunk-0655.smt2,unsat,0.0
/meti-tarski/atan/vega/3/weak/atan-vega-3-weak-chunk-0550.smt2,unsat,0.0
/meti-tarski/atan/vega/3/weak/atan-vega-3-weak-chunk-0649.smt2,sat,0.0
/meti-tarski/atan/vega/3/weak/atan-vega-3-weak-chunk-0150.smt2,sat,0.0
/meti-tarski/atan/vega/3/weak/atan-vega-3-weak-chunk-0667.smt2,unsat,0.0
/meti-tarski/atan/vega/3/weak/atan-vega-3-weak-chunk-0576.smt2,unsat,0.0
/meti-tarski/atan/vega/3/weak/atan-vega-3-weak-chunk-0596.smt2,unsat,0.0
/meti-tarski/atan/vega/3/weak/atan-vega-3-weak-chunk-0712.smt2,unsat,0.0
/meti-tarski/atan/vega/3/weak/atan-vega-3-weak-chunk-0552.smt2,unsat,0.0
/meti-tarski/atan/vega/3/weak/atan-vega-3-weak-chunk-0284.smt2,unsat,0.0
/meti-tarski/atan/vega/3/weak/atan-vega-3-weak-chunk-0572.smt2,unsat,0.0
/meti-tarski/atan/vega/3/weak/atan-vega-3-weak-chunk-0184.smt2,unsat,0.0
/meti-tarski/atan/vega/3/weak/atan-vega-3-weak-chunk-0536.smt2,sat,0.0
/meti-tarski/atan/vega/3/weak/atan-vega-3-weak-chunk-0403.smt2,unsat,0.0
/meti-tarski/atan/vega/3/weak/atan-vega-3-weak-chunk-0456.smt2,sat,0.0
/meti-tarski/atan/vega/3/weak/atan-vega-3-weak-chunk-0638.smt2,sat,0.0
/meti-tarski/atan/vega/3/weak/atan-vega-3-weak-chunk-0254.smt2,unsat,0.0
/meti-tarski/atan/vega/3/weak/atan-vega-3-weak-chunk-0586.smt2,sat,0.0
/meti-tarski/atan/vega/3/weak/atan-vega-3-weak-chunk-0593.smt2,sat,0.0
/meti-tarski/atan/vega/3/weak/atan-vega-3-weak-chunk-0253.smt2,sat,0.0
/meti-tarski/atan/vega/3/weak/atan-vega-3-weak-chunk-0345.smt2,unsat,0.0
/meti-tarski/atan/vega/3/weak/atan-vega-3-weak-chunk-0515.smt2,sat,0.0
/meti-tarski/atan/vega/3/weak/atan-vega-3-weak-chunk-0166.smt2,sat,0.0
/meti-tarski/atan/vega/3/weak/atan-vega-3-weak-chunk-0148.smt2,sat,0.0
/meti-tarski/atan/vega/3/weak/atan-vega-3-weak-chunk-0434.smt2,sat,0.0
/meti-tarski/atan/vega/3/weak/atan-vega-3-weak-chunk-0641.smt2,sat,0.0
/meti-tarski/atan/vega/3/weak/atan-vega-3-weak-chunk-0404.smt2,sat,0.0
/meti-tarski/atan/vega/3/weak/atan-vega-3-weak-chunk-0327.smt2,sat,0.0
/meti-tarski/atan/vega/3/weak/atan-vega-3-weak-chunk-0224.smt2,sat,0.0
/meti-tarski/atan/vega/3/weak/atan-vega-3-weak-chunk-0685.smt2,sat,0.0
/meti-tarski/atan/vega/3/weak/atan-vega-3-weak-chunk-0402.smt2,sat,0.0
/meti-tarski/atan/vega/3/weak/atan-vega-3-weak-chunk-0701.smt2,unsat,0.0
/meti-tarski/atan/vega/3/weak/atan-vega-3-weak-chunk-0707.smt2,sat,0.0
/meti-tarski/atan/vega/3/weak/atan-vega-3-weak-chunk-0682.smt2,sat,0.0
/meti-tarski/atan/vega/3/weak/atan-vega-3-weak-chunk-0291.smt2,sat,0.0
/meti-tarski/atan/vega/3/weak/atan-vega-3-weak-chunk-0127.smt2,unsat,0.0
/meti-tarski/atan/vega/3/weak/atan-vega-3-weak-chunk-0101.smt2,unsat,0.0
/meti-tarski/atan/vega/3/weak/atan-vega-3-weak-chunk-0709.smt2,unsat,0.0
/meti-tarski/atan/vega/3/weak/atan-vega-3-weak-chunk-0723.smt2,sat,0.0
/meti-tarski/atan/vega/3/weak/atan-vega-3-weak-chunk-0497.smt2,sat,0.0
/meti-tarski/atan/vega/3/weak/atan-vega-3-weak-chunk-0314.smt2,sat,0.0
/meti-tarski/atan/vega/3/weak/atan-vega-3-weak-chunk-0640.smt2,sat,0.0
/meti-tarski/atan/vega/3/weak/atan-vega-3-weak-chunk-0397.smt2,sat,0.0
/meti-tarski/atan/vega/3/weak/atan-vega-3-weak-chunk-0510.smt2,unsat,0.0
/meti-tarski/atan/vega/3/weak/atan-vega-3-weak-chunk-0029.smt2,sat,0.0
/meti-tarski/atan/vega/3/weak/atan-vega-3-weak-chunk-0546.smt2,unsat,0.0
/meti-tarski/atan/vega/3/weak/atan-vega-3-weak-chunk-0240.smt2,sat,0.0
/meti-tarski/atan/vega/3/weak/atan-vega-3-weak-chunk-0295.smt2,unsat,0.0
/meti-tarski/atan/vega/3/weak/atan-vega-3-weak-chunk-0181.smt2,sat,0.0
/meti-tarski/atan/vega/3/weak/atan-vega-3-weak-chunk-0566.smt2,sat,0.0
/meti-tarski/atan/vega/3/weak/atan-vega-3-weak-chunk-0635.smt2,sat,0.0
/meti-tarski/atan/vega/3/weak/atan-vega-3-weak-chunk-0121.smt2,sat,0.0
/meti-tarski/atan/vega/3/weak/atan-vega-3-weak-chunk-0074.smt2,unsat,0.0
/meti-tarski/atan/vega/3/weak/atan-vega-3-weak-chunk-0700.smt2,sat,0.0
/meti-tarski/atan/vega/3/weak/atan-vega-3-weak-chunk-0598.smt2,sat,0.0
/meti-tarski/atan/vega/3/weak/atan-vega-3-weak-chunk-0582.smt2,sat,0.0
/meti-tarski/atan/vega/3/weak/atan-vega-3-weak-chunk-0408.smt2,sat,0.0
/meti-tarski/atan/vega/3/weak/atan-vega-3-weak-chunk-0104.smt2,unsat,0.0
/meti-tarski/atan/vega/3/weak/atan-vega-3-weak-chunk-0227.smt2,unsat,0.0
/meti-tarski/atan/vega/3/weak/atan-vega-3-weak-chunk-0399.smt2,unsat,0.0
/meti-tarski/atan/vega/3/weak/atan-vega-3-weak-chunk-0678.smt2,unsat,0.0
/meti-tarski/atan/vega/3/weak/atan-vega-3-weak-chunk-0260.smt2,sat,0.0
/meti-tarski/atan/vega/3/weak/atan-vega-3-weak-chunk-0460.smt2,unsat,0.0
/meti-tarski/atan/vega/3/weak/atan-vega-3-weak-chunk-0307.smt2,sat,0.0
/meti-tarski/atan/vega/3/weak/atan-vega-3-weak-chunk-0691.smt2,sat,0.0
/meti-tarski/atan/vega/3/weak/atan-vega-3-weak-chunk-0269.smt2,sat,0.0
/meti-tarski/atan/vega/3/weak/atan-vega-3-weak-chunk-0252.smt2,sat,0.0
/meti-tarski/atan/vega/3/weak/atan-vega-3-weak-chunk-0326.smt2,sat,0.0
/meti-tarski/atan/vega/3/weak/atan-vega-3-weak-chunk-0631.smt2,sat,0.0
/meti-tarski/atan/vega/3/weak/atan-vega-3-weak-chunk-0503.smt2,unsat,0.0
/meti-tarski/atan/vega/3/weak/atan-vega-3-weak-chunk-0255.smt2,sat,0.0
/meti-tarski/atan/vega/3/weak/atan-vega-3-weak-chunk-0483.smt2,unsat,0.0
/meti-tarski/atan/vega/3/weak/atan-vega-3-weak-chunk-0486.smt2,sat,0.0
/meti-tarski/atan/vega/3/weak/atan-vega-3-weak-chunk-0230.smt2,sat,0.0
/meti-tarski/atan/vega/3/weak/atan-vega-3-weak-chunk-0438.smt2,unsat,0.0
/meti-tarski/atan/vega/3/weak/atan-vega-3-weak-chunk-0335.smt2,unsat,0.0
/meti-tarski/atan/vega/3/weak/atan-vega-3-weak-chunk-0234.smt2,sat,0.0
/meti-tarski/atan/vega/3/weak/atan-vega-3-weak-chunk-0561.smt2,unsat,0.0
/meti-tarski/atan/vega/3/weak/atan-vega-3-weak-chunk-0294.smt2,sat,0.0
/meti-tarski/atan/vega/3/weak/atan-vega-3-weak-chunk-0522.smt2,sat,0.0
/meti-tarski/atan/vega/3/weak/atan-vega-3-weak-chunk-0242.smt2,sat,0.0
/meti-tarski/atan/vega/3/weak/atan-vega-3-weak-chunk-0577.smt2,sat,0.0
/meti-tarski/atan/vega/3/weak/atan-vega-3-weak-chunk-0378.smt2,unsat,0.0
/meti-tarski/atan/vega/3/weak/atan-vega-3-weak-chunk-0455.smt2,unsat,0.0
/meti-tarski/atan/vega/3/weak/atan-vega-3-weak-chunk-0457.smt2,sat,0.0
/meti-tarski/atan/vega/3/weak/atan-vega-3-weak-chunk-0223.smt2,sat,0.0
/meti-tarski/atan/vega/3/weak/atan-vega-3-weak-chunk-0666.smt2,sat,0.0
/meti-tarski/atan/vega/3/weak/atan-vega-3-weak-chunk-0299.smt2,sat,0.0
/meti-tarski/atan/vega/3/weak/atan-vega-3-weak-chunk-0126.smt2,sat,0.0
/meti-tarski/atan/vega/3/weak/atan-vega-3-weak-chunk-0670.smt2,sat,0.0
/meti-tarski/atan/vega/3/weak/atan-vega-3-weak-chunk-0293.smt2,unsat,0.0
/meti-tarski/atan/vega/3/weak/atan-vega-3-weak-chunk-0331.smt2,sat,0.0
/meti-tarski/atan/vega/3/weak/atan-vega-3-weak-chunk-0688.smt2,sat,0.0
/meti-tarski/atan/vega/3/weak/atan-vega-3-weak-chunk-0362.smt2,unsat,0.0
/meti-tarski/atan/vega/3/weak/atan-vega-3-weak-chunk-0575.smt2,sat,0.0
/meti-tarski/atan/vega/3/weak/atan-vega-3-weak-chunk-0375.smt2,sat,0.0
/meti-tarski/atan/vega/3/weak/atan-vega-3-weak-chunk-0218.smt2,unsat,0.0
/meti-tarski/atan/vega/3/weak/atan-vega-3-weak-chunk-0580.smt2,unsat,0.0
/meti-tarski/atan/vega/3/weak/atan-vega-3-weak-chunk-0482.smt2,sat,0.0
/meti-tarski/atan/vega/3/weak/atan-vega-3-weak-chunk-0469.smt2,sat,0.0
/meti-tarski/atan/vega/3/weak/atan-vega-3-weak-chunk-0621.smt2,sat,0.0
/meti-tarski/atan/vega/3/weak/atan-vega-3-weak-chunk-0429.smt2,sat,0.0
/meti-tarski/atan/vega/3/weak/atan-vega-3-weak-chunk-0571.smt2,sat,0.0
/meti-tarski/atan/vega/3/weak/atan-vega-3-weak-chunk-0140.smt2,sat,0.0
/meti-tarski/atan/vega/3/weak/atan-vega-3-weak-chunk-0290.smt2,sat,0.0
/meti-tarski/atan/vega/3/weak/atan-vega-3-weak-chunk-0161.smt2,unsat,0.0
/meti-tarski/atan/vega/3/weak/atan-vega-3-weak-chunk-0226.smt2,sat,0.0
/meti-tarski/atan/vega/3/weak/atan-vega-3-weak-chunk-0298.smt2,sat,0.0
/meti-tarski/atan/vega/3/weak/atan-vega-3-weak-chunk-0527.smt2,sat,0.0
/meti-tarski/atan/vega/3/weak/atan-vega-3-weak-chunk-0463.smt2,sat,0.0
/meti-tarski/atan/vega/3/weak/atan-vega-3-weak-chunk-0264.smt2,sat,0.0
/meti-tarski/atan/vega/3/weak/atan-vega-3-weak-chunk-0692.smt2,unsat,0.0
/meti-tarski/atan/vega/3/weak/atan-vega-3-weak-chunk-0141.smt2,unsat,0.0
/meti-tarski/atan/vega/3/weak/atan-vega-3-weak-chunk-0617.smt2,sat,0.0
/meti-tarski/atan/vega/3/weak/atan-vega-3-weak-chunk-0198.smt2,sat,0.0
/meti-tarski/atan/vega/3/weak/atan-vega-3-weak-chunk-0421.smt2,sat,0.0
/meti-tarski/atan/vega/3/weak/atan-vega-3-weak-chunk-0595.smt2,unsat,0.0
/meti-tarski/atan/vega/3/weak/atan-vega-3-weak-chunk-0531.smt2,sat,0.0
/meti-tarski/atan/vega/3/weak/atan-vega-3-weak-chunk-0504.smt2,unsat,0.0
/meti-tarski/atan/vega/3/weak/atan-vega-3-weak-chunk-0553.smt2,sat,0.0
/meti-tarski/atan/vega/3/weak/atan-vega-3-weak-chunk-0306.smt2,sat,0.0
/meti-tarski/atan/vega/3/weak/atan-vega-3-weak-chunk-0340.smt2,unsat,0.0
/meti-tarski/atan/vega/3/weak/atan-vega-3-weak-chunk-0310.smt2,sat,0.0
/meti-tarski/atan/vega/3/weak/atan-vega-3-weak-chunk-0116.smt2,sat,0.0
/meti-tarski/atan/vega/3/weak/atan-vega-3-weak-chunk-0547.smt2,sat,0.0
/meti-tarski/atan/vega/3/weak/atan-vega-3-weak-chunk-0693.smt2,unsat,0.0
/meti-tarski/atan/vega/3/weak/atan-vega-3-weak-chunk-0371.smt2,sat,0.0
/meti-tarski/atan/vega/3/weak/atan-vega-3-weak-chunk-0413.smt2,sat,0.0
/meti-tarski/atan/vega/3/weak/atan-vega-3-weak-chunk-0657.smt2,sat,0.0
/meti-tarski/atan/vega/3/weak/atan-vega-3-weak-chunk-0175.smt2,unsat,0.0
/meti-tarski/atan/vega/3/weak/atan-vega-3-weak-chunk-0194.smt2,sat,0.0
/meti-tarski/atan/vega/3/weak/atan-vega-3-weak-chunk-0289.smt2,sat,0.0
/meti-tarski/atan/vega/3/weak/atan-vega-3-weak-chunk-0487.smt2,sat,0.0
/meti-tarski/atan/vega/3/weak/atan-vega-3-weak-chunk-0588.smt2,sat,0.0
/meti-tarski/atan/vega/3/weak/atan-vega-3-weak-chunk-0267.smt2,sat,0.0
/meti-tarski/atan/vega/3/weak/atan-vega-3-weak-chunk-0200.smt2,sat,0.0
/meti-tarski/atan/vega/3/weak/atan-vega-3-weak-chunk-0424.smt2,sat,0.0
/meti-tarski/atan/vega/3/weak/atan-vega-3-weak-chunk-0395.smt2,unsat,0.0
/meti-tarski/atan/vega/3/weak/atan-vega-3-weak-chunk-0112.smt2,sat,0.0
/meti-tarski/atan/vega/3/weak/atan-vega-3-weak-chunk-0072.smt2,sat,0.0
/meti-tarski/atan/vega/3/weak/atan-vega-3-weak-chunk-0581.smt2,sat,0.0
/meti-tarski/atan/vega/3/weak/atan-vega-3-weak-chunk-0713.smt2,sat,0.0
/meti-tarski/atan/vega/3/weak/atan-vega-3-weak-chunk-0195.smt2,unsat,0.0
/meti-tarski/atan/vega/3/weak/atan-vega-3-weak-chunk-0574.smt2,sat,0.0
/meti-tarski/atan/vega/3/weak/atan-vega-3-weak-chunk-0383.smt2,sat,0.0
/meti-tarski/atan/vega/3/weak/atan-vega-3-weak-chunk-0664.smt2,sat,0.0
/meti-tarski/atan/vega/3/weak/atan-vega-3-weak-chunk-0656.smt2,sat,0.0
/meti-tarski/atan/vega/3/weak/atan-vega-3-weak-chunk-0603.smt2,sat,0.0
/meti-tarski/atan/vega/3/weak/atan-vega-3-weak-chunk-0296.smt2,sat,0.0
/meti-tarski/atan/vega/3/weak/atan-vega-3-weak-chunk-0458.smt2,unsat,0.0
/meti-tarski/atan/vega/3/weak/atan-vega-3-weak-chunk-0341.smt2,sat,0.0
/meti-tarski/atan/vega/3/weak/atan-vega-3-weak-chunk-0636.smt2,unsat,0.0
/meti-tarski/atan/vega/3/weak/atan-vega-3-weak-chunk-0366.smt2,unsat,0.0
/meti-tarski/atan/vega/3/weak/atan-vega-3-weak-chunk-0502.smt2,sat,0.0
/meti-tarski/atan/vega/3/weak/atan-vega-3-weak-chunk-0382.smt2,unsat,0.0
/meti-tarski/atan/vega/3/weak/atan-vega-3-weak-chunk-0628.smt2,unsat,0.0
/meti-tarski/atan/vega/3/weak/atan-vega-3-weak-chunk-0634.smt2,unsat,0.0
/meti-tarski/atan/vega/3/weak/atan-vega-3-weak-chunk-0452.smt2,unsat,0.0
/meti-tarski/atan/vega/3/weak/atan-vega-3-weak-chunk-0235.smt2,sat,0.0
/meti-tarski/atan/vega/3/weak/atan-vega-3-weak-chunk-0144.smt2,sat,0.0
/meti-tarski/atan/vega/3/weak/atan-vega-3-weak-chunk-0135.smt2,unsat,0.0
/meti-tarski/atan/vega/3/weak/atan-vega-3-weak-chunk-0367.smt2,unsat,0.0
/meti-tarski/atan/vega/3/weak/atan-vega-3-weak-chunk-0271.smt2,sat,0.0
/meti-tarski/atan/vega/3/weak/atan-vega-3-weak-chunk-0355.smt2,sat,0.0
/meti-tarski/atan/vega/3/weak/atan-vega-3-weak-chunk-0476.smt2,unsat,0.0
/meti-tarski/atan/vega/3/weak/atan-vega-3-weak-chunk-0145.smt2,sat,0.0
/meti-tarski/atan/vega/3/weak/atan-vega-3-weak-chunk-0551.smt2,sat,0.0
/meti-tarski/atan/vega/3/weak/atan-vega-3-weak-chunk-0076.smt2,sat,0.0
/meti-tarski/atan/vega/3/weak/atan-vega-3-weak-chunk-0517.smt2,sat,0.0
/meti-tarski/atan/vega/3/weak/atan-vega-3-weak-chunk-0137.smt2,sat,0.0
/meti-tarski/atan/vega/3/weak/atan-vega-3-weak-chunk-0152.smt2,sat,0.018391132354736328
/meti-tarski/atan/vega/3/weak/atan-vega-3-weak-chunk-0594.smt2,sat,0.0
/meti-tarski/atan/vega/3/weak/atan-vega-3-weak-chunk-0266.smt2,unsat,0.0
/meti-tarski/atan/vega/3/weak/atan-vega-3-weak-chunk-0114.smt2,sat,0.0
/meti-tarski/atan/vega/3/weak/atan-vega-3-weak-chunk-0186.smt2,sat,0.0
/meti-tarski/atan/vega/3/weak/atan-vega-3-weak-chunk-0466.smt2,unsat,0.0
/meti-tarski/atan/vega/3/weak/atan-vega-3-weak-chunk-0392.smt2,sat,0.0
/meti-tarski/atan/vega/3/weak/atan-vega-3-weak-chunk-0524.smt2,sat,0.0
/meti-tarski/atan/vega/3/weak/atan-vega-3-weak-chunk-0079.smt2,unsat,0.0
/meti-tarski/atan/vega/3/weak/atan-vega-3-weak-chunk-0174.smt2,unsat,0.0
/meti-tarski/atan/vega/3/weak/atan-vega-3-weak-chunk-0222.smt2,sat,0.0
/meti-tarski/atan/vega/3/weak/atan-vega-3-weak-chunk-0216.smt2,sat,0.0
/meti-tarski/atan/vega/3/weak/atan-vega-3-weak-chunk-0030.smt2,unsat,0.0
/meti-tarski/atan/vega/3/weak/atan-vega-3-weak-chunk-0526.smt2,sat,0.0
/meti-tarski/atan/vega/3/weak/atan-vega-3-weak-chunk-0368.smt2,sat,0.0
/meti-tarski/atan/vega/3/weak/atan-vega-3-weak-chunk-0573.smt2,sat,0.0
/meti-tarski/atan/vega/3/weak/atan-vega-3-weak-chunk-0133.smt2,sat,0.0
/meti-tarski/atan/vega/3/weak/atan-vega-3-weak-chunk-0317.smt2,sat,0.0
/meti-tarski/atan/vega/3/weak/atan-vega-3-weak-chunk-0205.smt2,sat,0.0
/meti-tarski/atan/vega/3/weak/atan-vega-3-weak-chunk-0443.smt2,unsat,0.0
/meti-tarski/atan/vega/3/weak/atan-vega-3-weak-chunk-0337.smt2,sat,0.0
/meti-tarski/atan/vega/3/weak/atan-vega-3-weak-chunk-0559.smt2,unsat,0.0
/meti-tarski/atan/vega/3/weak/atan-vega-3-weak-chunk-0680.smt2,sat,0.0
/meti-tarski/atan/vega/3/weak/atan-vega-3-weak-chunk-0400.smt2,sat,0.0
/meti-tarski/atan/vega/3/weak/atan-vega-3-weak-chunk-0539.smt2,sat,0.0
/meti-tarski/atan/vega/3/weak/atan-vega-3-weak-chunk-0719.smt2,sat,0.0
/meti-tarski/atan/vega/3/weak/atan-vega-3-weak-chunk-0648.smt2,sat,0.0
/meti-tarski/atan/vega/3/weak/atan-vega-3-weak-chunk-0677.smt2,unsat,0.0
/meti-tarski/atan/vega/3/weak/atan-vega-3-weak-chunk-0471.smt2,sat,0.0
/meti-tarski/atan/vega/3/weak/atan-vega-3-weak-chunk-0610.smt2,sat,0.0
/meti-tarski/atan/vega/3/weak/atan-vega-3-weak-chunk-0339.smt2,unsat,0.0
/meti-tarski/atan/vega/3/weak/atan-vega-3-weak-chunk-0203.smt2,sat,0.0
/meti-tarski/atan/vega/3/weak/atan-vega-3-weak-chunk-0668.smt2,sat,0.0
/meti-tarski/atan/vega/3/weak/atan-vega-3-weak-chunk-0245.smt2,unsat,0.0
/meti-tarski/atan/vega/3/weak/atan-vega-3-weak-chunk-0246.smt2,unsat,0.0
/meti-tarski/atan/vega/3/weak/atan-vega-3-weak-chunk-0591.smt2,sat,0.0
/meti-tarski/atan/vega/3/weak/atan-vega-3-weak-chunk-0704.smt2,sat,0.0
/meti-tarski/atan/vega/3/weak/atan-vega-3-weak-chunk-0134.smt2,sat,0.0
/meti-tarski/atan/vega/3/weak/atan-vega-3-weak-chunk-0556.smt2,sat,0.0
/meti-tarski/atan/vega/3/weak/atan-vega-3-weak-chunk-0604.smt2,sat,0.0
/meti-tarski/atan/vega/3/weak/atan-vega-3-weak-chunk-0681.smt2,unsat,0.0
/meti-tarski/atan/vega/3/weak/atan-vega-3-weak-chunk-0080.smt2,sat,0.0
/meti-tarski/atan/vega/3/weak/atan-vega-3-weak-chunk-0695.smt2,unsat,0.0
/meti-tarski/atan/vega/3/weak/atan-vega-3-weak-chunk-0651.smt2,unsat,0.0
/meti-tarski/atan/vega/3/weak/atan-vega-3-weak-chunk-0179.smt2,sat,0.0
/meti-tarski/atan/vega/3/weak/atan-vega-3-weak-chunk-0259.smt2,sat,0.0
/meti-tarski/atan/vega/3/weak/atan-vega-3-weak-chunk-0447.smt2,sat,0.0
/meti-tarski/atan/vega/3/weak/atan-vega-3-weak-chunk-0650.smt2,unsat,0.0
/meti-tarski/atan/vega/3/weak/atan-vega-3-weak-chunk-0189.smt2,sat,0.0
/meti-tarski/atan/vega/3/weak/atan-vega-3-weak-chunk-0600.smt2,sat,0.0
/meti-tarski/atan/vega/3/weak/atan-vega-3-weak-chunk-0192.smt2,sat,0.0
/meti-tarski/atan/vega/3/weak/atan-vega-3-weak-chunk-0159.smt2,sat,0.0
/meti-tarski/atan/vega/3/weak/atan-vega-3-weak-chunk-0151.smt2,sat,0.0
/meti-tarski/atan/vega/3/weak/atan-vega-3-weak-chunk-0358.smt2,sat,0.0
/meti-tarski/atan/vega/3/weak/atan-vega-3-weak-chunk-0130.smt2,unsat,0.0
/meti-tarski/atan/vega/3/weak/atan-vega-3-weak-chunk-0659.smt2,sat,0.0
/meti-tarski/atan/vega/3/weak/atan-vega-3-weak-chunk-0283.smt2,sat,0.0
/meti-tarski/atan/vega/3/atan-vega-3-chunk-0360.smt2,sat,0.0
/meti-tarski/atan/vega/3/atan-vega-3-chunk-0604.smt2,sat,0.0
/meti-tarski/atan/vega/3/atan-vega-3-chunk-0630.smt2,sat,0.0
/meti-tarski/atan/vega/3/atan-vega-3-chunk-0089.smt2,sat,0.0
/meti-tarski/atan/vega/3/atan-vega-3-chunk-0503.smt2,sat,0.0
/meti-tarski/atan/vega/3/atan-vega-3-chunk-0346.smt2,sat,0.0
/meti-tarski/atan/vega/3/atan-vega-3-chunk-0182.smt2,sat,0.0
/meti-tarski/atan/vega/3/atan-vega-3-chunk-0338.smt2,unsat,0.0
/meti-tarski/atan/vega/3/atan-vega-3-chunk-0600.smt2,sat,0.0
/meti-tarski/atan/vega/3/atan-vega-3-chunk-0418.smt2,sat,0.0
/meti-tarski/atan/vega/3/atan-vega-3-chunk-0635.smt2,sat,0.0
/meti-tarski/atan/vega/3/atan-vega-3-chunk-0344.smt2,sat,0.0
/meti-tarski/atan/vega/3/atan-vega-3-chunk-0071.smt2,unsat,0.0
/meti-tarski/atan/vega/3/atan-vega-3-chunk-0198.smt2,unsat,0.0
/meti-tarski/atan/vega/3/atan-vega-3-chunk-0216.smt2,sat,0.0
/meti-tarski/atan/vega/3/atan-vega-3-chunk-0386.smt2,sat,0.0
/meti-tarski/atan/vega/3/atan-vega-3-chunk-0536.smt2,sat,0.0
/meti-tarski/atan/vega/3/atan-vega-3-chunk-0421.smt2,sat,0.0
/meti-tarski/atan/vega/3/atan-vega-3-chunk-0243.smt2,unsat,0.0
/meti-tarski/atan/vega/3/atan-vega-3-chunk-0029.smt2,sat,0.0
/meti-tarski/atan/vega/3/atan-vega-3-chunk-0063.smt2,sat,0.0
/meti-tarski/atan/vega/3/atan-vega-3-chunk-0060.smt2,unsat,0.0
/meti-tarski/atan/vega/3/atan-vega-3-chunk-0490.smt2,sat,0.0
/meti-tarski/atan/vega/3/atan-vega-3-chunk-0533.smt2,sat,0.0
/meti-tarski/atan/vega/3/atan-vega-3-chunk-0460.smt2,sat,0.0
/meti-tarski/atan/vega/3/atan-vega-3-chunk-0606.smt2,sat,0.0
/meti-tarski/atan/vega/3/atan-vega-3-chunk-0359.smt2,sat,0.0
/meti-tarski/atan/vega/3/atan-vega-3-chunk-0302.smt2,sat,0.0
/meti-tarski/atan/vega/3/atan-vega-3-chunk-0348.smt2,sat,0.0
/meti-tarski/atan/vega/3/atan-vega-3-chunk-0159.smt2,sat,0.0
/meti-tarski/atan/vega/3/atan-vega-3-chunk-0357.smt2,sat,0.0
/meti-tarski/atan/vega/3/atan-vega-3-chunk-0413.smt2,sat,0.0
/meti-tarski/atan/vega/3/atan-vega-3-chunk-0596.smt2,sat,0.0
/meti-tarski/atan/vega/3/atan-vega-3-chunk-0143.smt2,sat,0.0
/meti-tarski/atan/vega/3/atan-vega-3-chunk-0382.smt2,sat,0.0
/meti-tarski/atan/vega/3/atan-vega-3-chunk-0579.smt2,sat,0.0
/meti-tarski/atan/vega/3/atan-vega-3-chunk-0273.smt2,sat,0.0
/meti-tarski/atan/vega/3/atan-vega-3-chunk-0545.smt2,unsat,0.0
/meti-tarski/atan/vega/3/atan-vega-3-chunk-0375.smt2,unsat,0.0
/meti-tarski/atan/vega/3/atan-vega-3-chunk-0229.smt2,sat,0.0
/meti-tarski/atan/vega/3/atan-vega-3-chunk-0505.smt2,sat,0.0
/meti-tarski/atan/vega/3/atan-vega-3-chunk-0403.smt2,sat,0.0
/meti-tarski/atan/vega/3/atan-vega-3-chunk-0179.smt2,sat,0.0
/meti-tarski/atan/vega/3/atan-vega-3-chunk-0416.smt2,sat,0.0
/meti-tarski/atan/vega/3/atan-vega-3-chunk-0483.smt2,sat,0.0
/meti-tarski/atan/vega/3/atan-vega-3-chunk-0546.smt2,unsat,0.0
/meti-tarski/atan/vega/3/atan-vega-3-chunk-0391.smt2,sat,0.0
/meti-tarski/atan/vega/3/atan-vega-3-chunk-0372.smt2,unsat,0.0
/meti-tarski/atan/vega/3/atan-vega-3-chunk-0595.smt2,sat,0.0
/meti-tarski/atan/vega/3/atan-vega-3-chunk-0183.smt2,sat,0.0
/meti-tarski/atan/vega/3/atan-vega-3-chunk-0441.smt2,sat,0.0
/meti-tarski/atan/vega/3/atan-vega-3-chunk-0520.smt2,sat,0.0
/meti-tarski/atan/vega/3/atan-vega-3-chunk-0133.smt2,sat,0.0
/meti-tarski/atan/vega/3/atan-vega-3-chunk-0250.smt2,unsat,0.0
/meti-tarski/atan/vega/3/atan-vega-3-chunk-0420.smt2,unsat,0.0
/meti-tarski/atan/vega/3/atan-vega-3-chunk-0043.smt2,unsat,0.0
/meti-tarski/atan/vega/3/atan-vega-3-chunk-0332.smt2,sat,0.0
/meti-tarski/atan/vega/3/atan-vega-3-chunk-0616.smt2,sat,0.0
/meti-tarski/atan/vega/3/atan-vega-3-chunk-0552.smt2,sat,0.0
/meti-tarski/atan/vega/3/atan-vega-3-chunk-0080.smt2,sat,0.0
/meti-tarski/atan/vega/3/atan-vega-3-chunk-0329.smt2,sat,0.0
/meti-tarski/atan/vega/3/atan-vega-3-chunk-0171.smt2,sat,0.0
/meti-tarski/atan/vega/3/atan-vega-3-chunk-0573.smt2,unsat,0.0
/meti-tarski/atan/vega/3/atan-vega-3-chunk-0506.smt2,unsat,0.0
/meti-tarski/atan/vega/3/atan-vega-3-chunk-0303.smt2,sat,0.0
/meti-tarski/atan/vega/3/atan-vega-3-chunk-0306.smt2,unsat,0.0
/meti-tarski/atan/vega/3/atan-vega-3-chunk-0294.smt2,unsat,0.0
/meti-tarski/atan/vega/3/atan-vega-3-chunk-0560.smt2,unsat,0.0
/meti-tarski/atan/vega/3/atan-vega-3-chunk-0547.smt2,sat,0.0
/meti-tarski/atan/vega/3/atan-vega-3-chunk-0347.smt2,unsat,0.0
/meti-tarski/atan/vega/3/atan-vega-3-chunk-0484.smt2,sat,0.0
/meti-tarski/atan/vega/3/atan-vega-3-chunk-0310.smt2,sat,0.0
/meti-tarski/atan/vega/3/atan-vega-3-chunk-0608.smt2,sat,0.0
/meti-tarski/atan/vega/3/atan-vega-3-chunk-0199.smt2,unsat,0.0
/meti-tarski/atan/vega/3/atan-vega-3-chunk-0448.smt2,unsat,0.1
/meti-tarski/atan/vega/3/atan-vega-3-chunk-0523.smt2,sat,0.0
/meti-tarski/atan/vega/3/atan-vega-3-chunk-0245.smt2,sat,0.0
/meti-tarski/atan/vega/3/atan-vega-3-chunk-0237.smt2,unsat,0.0
/meti-tarski/atan/vega/3/atan-vega-3-chunk-0362.smt2,sat,0.0
/meti-tarski/atan/vega/3/atan-vega-3-chunk-0058.smt2,sat,0.0
/meti-tarski/atan/vega/3/atan-vega-3-chunk-0018.smt2,unsat,0.0
/meti-tarski/atan/vega/3/atan-vega-3-chunk-0388.smt2,unsat,0.0
/meti-tarski/atan/vega/3/atan-vega-3-chunk-0331.smt2,sat,0.0
/meti-tarski/atan/vega/3/atan-vega-3-chunk-0184.smt2,unsat,0.0
/meti-tarski/atan/vega/3/atan-vega-3-chunk-0127.smt2,sat,0.0
/meti-tarski/atan/vega/3/atan-vega-3-chunk-0427.smt2,sat,0.0
/meti-tarski/atan/vega/3/atan-vega-3-chunk-0283.smt2,sat,0.0
/meti-tarski/atan/vega/3/atan-vega-3-chunk-0464.smt2,unsat,0.0
/meti-tarski/atan/vega/3/atan-vega-3-chunk-0011.smt2,sat,0.0
/meti-tarski/atan/vega/3/atan-vega-3-chunk-0150.smt2,unsat,0.0
/meti-tarski/atan/vega/3/atan-vega-3-chunk-0314.smt2,unsat,0.0
/meti-tarski/atan/vega/3/atan-vega-3-chunk-0530.smt2,sat,0.0
/meti-tarski/atan/vega/3/atan-vega-3-chunk-0069.smt2,unsat,0.0
/meti-tarski/atan/vega/3/atan-vega-3-chunk-0156.smt2,unsat,0.0
/meti-tarski/atan/vega/3/atan-vega-3-chunk-0313.smt2,sat,0.0
/meti-tarski/atan/vega/3/atan-vega-3-chunk-0012.smt2,unsat,0.0
/meti-tarski/atan/vega/3/atan-vega-3-chunk-0084.smt2,sat,0.0
/meti-tarski/atan/vega/3/atan-vega-3-chunk-0446.smt2,sat,0.0
/meti-tarski/atan/vega/3/atan-vega-3-chunk-0076.smt2,sat,0.0
/meti-tarski/atan/vega/3/atan-vega-3-chunk-0317.smt2,sat,0.0
/meti-tarski/atan/vega/3/atan-vega-3-chunk-0511.smt2,unsat,0.0
/meti-tarski/atan/vega/3/atan-vega-3-chunk-0201.smt2,sat,0.0
/meti-tarski/atan/vega/3/atan-vega-3-chunk-0214.smt2,unsat,0.0
/meti-tarski/atan/vega/3/atan-vega-3-chunk-0327.smt2,sat,0.0
/meti-tarski/atan/vega/3/atan-vega-3-chunk-0286.smt2,unsat,0.0
/meti-tarski/atan/vega/3/atan-vega-3-chunk-0213.smt2,sat,0.0
/meti-tarski/atan/vega/3/atan-vega-3-chunk-0246.smt2,sat,0.0
/meti-tarski/atan/vega/3/atan-vega-3-chunk-0092.smt2,unsat,0.0
/meti-tarski/atan/vega/3/atan-vega-3-chunk-0527.smt2,unsat,0.0
/meti-tarski/atan/vega/3/atan-vega-3-chunk-0639.smt2,unsat,0.0
/meti-tarski/atan/vega/3/atan-vega-3-chunk-0456.smt2,unsat,0.0
/meti-tarski/atan/vega/3/atan-vega-3-chunk-0590.smt2,sat,0.0
/meti-tarski/atan/vega/3/atan-vega-3-chunk-0554.smt2,sat,0.0
/meti-tarski/atan/vega/3/atan-vega-3-chunk-0593.smt2,unsat,0.0
/meti-tarski/atan/vega/3/atan-vega-3-chunk-0077.smt2,unsat,0.0
/meti-tarski/atan/vega/3/atan-vega-3-chunk-0468.smt2,unsat,0.0
/meti-tarski/atan/vega/3/atan-vega-3-chunk-0437.smt2,unsat,0.0
/meti-tarski/atan/vega/3/atan-vega-3-chunk-0122.smt2,sat,0.0
/meti-tarski/atan/vega/3/atan-vega-3-chunk-0613.smt2,sat,0.0
/meti-tarski/atan/vega/3/atan-vega-3-chunk-0534.smt2,unsat,0.0
/meti-tarski/atan/vega/3/atan-vega-3-chunk-0612.smt2,unsat,0.0
/meti-tarski/atan/vega/3/atan-vega-3-chunk-0603.smt2,sat,0.0
/meti-tarski/atan/vega/3/atan-vega-3-chunk-0412.smt2,sat,0.0
/meti-tarski/atan/vega/3/atan-vega-3-chunk-0436.smt2,sat,0.0
/meti-tarski/atan/vega/3/atan-vega-3-chunk-0239.smt2,sat,0.0
/meti-tarski/atan/vega/3/atan-vega-3-chunk-0632.smt2,sat,0.0
/meti-tarski/atan/vega/3/atan-vega-3-chunk-0202.smt2,sat,0.0
/meti-tarski/atan/vega/3/atan-vega-3-chunk-0539.smt2,unsat,0.0
/meti-tarski/atan/vega/3/atan-vega-3-chunk-0408.smt2,unsat,0.0
/meti-tarski/atan/vega/3/atan-vega-3-chunk-0101.smt2,sat,0.0
/meti-tarski/atan/vega/3/atan-vega-3-chunk-0230.smt2,sat,0.0
/meti-tarski/atan/vega/3/atan-vega-3-chunk-0112.smt2,sat,0.0
/meti-tarski/atan/vega/3/atan-vega-3-chunk-0455.smt2,sat,0.0
/meti-tarski/atan/vega/3/atan-vega-3-chunk-0085.smt2,sat,0.0
/meti-tarski/atan/vega/3/atan-vega-3-chunk-0144.smt2,sat,0.0
/meti-tarski/atan/vega/3/atan-vega-3-chunk-0087.smt2,unsat,0.0
/meti-tarski/atan/vega/3/atan-vega-3-chunk-0186.smt2,sat,0.0
/meti-tarski/atan/vega/3/atan-vega-3-chunk-0282.smt2,unsat,0.0
/meti-tarski/atan/vega/3/atan-vega-3-chunk-0055.smt2,unsat,0.0
/meti-tarski/atan/vega/3/atan-vega-3-chunk-0160.smt2,unsat,0.0
/meti-tarski/atan/vega/3/atan-vega-3-chunk-0256.smt2,sat,0.0
/meti-tarski/atan/vega/3/atan-vega-3-chunk-0145.smt2,sat,0.0
/meti-tarski/atan/vega/3/atan-vega-3-chunk-0319.smt2,sat,0.0
/meti-tarski/atan/vega/3/atan-vega-3-chunk-0227.smt2,unsat,0.0
/meti-tarski/atan/vega/3/atan-vega-3-chunk-0571.smt2,sat,0.0
/meti-tarski/atan/vega/3/atan-vega-3-chunk-0240.smt2,sat,0.0
/meti-tarski/atan/vega/3/atan-vega-3-chunk-0341.smt2,sat,0.0
/meti-tarski/atan/vega/3/atan-vega-3-chunk-0558.smt2,sat,0.0
/meti-tarski/atan/vega/3/atan-vega-3-chunk-0321.smt2,unsat,0.0
/meti-tarski/atan/vega/3/atan-vega-3-chunk-0532.smt2,sat,0.0
/meti-tarski/atan/vega/3/atan-vega-3-chunk-0064.smt2,unsat,0.0
/meti-tarski/atan/vega/3/atan-vega-3-chunk-0113.smt2,sat,0.0
/meti-tarski/atan/vega/3/atan-vega-3-chunk-0096.smt2,sat,0.0
/meti-tarski/atan/vega/3/atan-vega-3-chunk-0629.smt2,sat,0.0
/meti-tarski/atan/vega/3/atan-vega-3-chunk-0117.smt2,sat,0.0
/meti-tarski/atan/vega/3/atan-vega-3-chunk-0394.smt2,unsat,0.0
/meti-tarski/atan/vega/3/atan-vega-3-chunk-0633.smt2,sat,0.0
/meti-tarski/atan/vega/3/atan-vega-3-chunk-0622.smt2,unsat,0.0
/meti-tarski/atan/vega/3/atan-vega-3-chunk-0410.smt2,sat,0.0
/meti-tarski/atan/vega/3/atan-vega-3-chunk-0131.smt2,unsat,0.0
/meti-tarski/atan/vega/3/atan-vega-3-chunk-0208.smt2,unsat,0.0
/meti-tarski/atan/vega/3/atan-vega-3-chunk-0107.smt2,unsat,0.0
/meti-tarski/atan/vega/3/atan-vega-3-chunk-0478.smt2,sat,0.0
/meti-tarski/atan/vega/3/atan-vega-3-chunk-0587.smt2,sat,0.0
/meti-tarski/atan/vega/3/atan-vega-3-chunk-0100.smt2,sat,0.0
/meti-tarski/atan/vega/3/atan-vega-3-chunk-0265.smt2,sat,0.0
/meti-tarski/atan/vega/3/atan-vega-3-chunk-0149.smt2,unsat,0.0
/meti-tarski/atan/vega/3/atan-vega-3-chunk-0091.smt2,sat,0.0
/meti-tarski/atan/vega/3/atan-vega-3-chunk-0562.smt2,sat,0.0
/meti-tarski/atan/vega/3/atan-vega-3-chunk-0467.smt2,sat,0.0
/meti-tarski/atan/vega/3/atan-vega-3-chunk-0379.smt2,unsat,0.0
/meti-tarski/atan/vega/3/atan-vega-3-chunk-0429.smt2,sat,0.0
/meti-tarski/atan/vega/3/atan-vega-3-chunk-0025.smt2,unsat,0.0
/meti-tarski/atan/vega/3/atan-vega-3-chunk-0072.smt2,sat,0.0
/meti-tarski/atan/vega/3/atan-vega-3-chunk-0422.smt2,unsat,0.0
/meti-tarski/atan/vega/3/atan-vega-3-chunk-0193.smt2,unsat,0.0
/meti-tarski/atan/vega/3/atan-vega-3-chunk-0376.smt2,sat,0.0
/meti-tarski/atan/vega/3/atan-vega-3-chunk-0609.smt2,sat,0.0
/meti-tarski/atan/vega/3/atan-vega-3-chunk-0354.smt2,sat,0.0
/meti-tarski/atan/vega/3/atan-vega-3-chunk-0035.smt2,unsat,0.0
/meti-tarski/atan/vega/3/atan-vega-3-chunk-0557.smt2,sat,0.0
/meti-tarski/atan/vega/3/atan-vega-3-chunk-0311.smt2,sat,0.0
/meti-tarski/atan/vega/3/atan-vega-3-chunk-0553.smt2,sat,0.0
/meti-tarski/atan/vega/3/atan-vega-3-chunk-0548.smt2,sat,0.0
/meti-tarski/atan/vega/3/atan-vega-3-chunk-0325.smt2,sat,0.0
/meti-tarski/atan/vega/3/atan-vega-3-chunk-0525.smt2,sat,0.0
/meti-tarski/atan/vega/3/atan-vega-3-chunk-0586.smt2,unsat,0.0
/meti-tarski/atan/vega/3/atan-vega-3-chunk-0233.smt2,sat,0.0
/meti-tarski/atan/vega/3/atan-vega-3-chunk-0318.smt2,sat,0.0
/meti-tarski/atan/vega/3/atan-vega-3-chunk-0221.smt2,sat,0.0
/meti-tarski/atan/vega/3/atan-vega-3-chunk-0602.smt2,unsat,0.0
/meti-tarski/atan/vega/3/atan-vega-3-chunk-0168.smt2,sat,0.0
/meti-tarski/atan/vega/3/atan-vega-3-chunk-0611.smt2,sat,0.0
/meti-tarski/atan/vega/3/atan-vega-3-chunk-0320.smt2,sat,0.0
/meti-tarski/atan/vega/3/atan-vega-3-chunk-0621.smt2,sat,0.0
/meti-tarski/atan/vega/3/atan-vega-3-chunk-0409.smt2,unsat,0.0
/meti-tarski/atan/vega/3/atan-vega-3-chunk-0019.smt2,sat,0.0
/meti-tarski/atan/vega/3/atan-vega-3-chunk-0337.smt2,sat,0.0
/meti-tarski/atan/vega/3/atan-vega-3-chunk-0169.smt2,sat,0.0
/meti-tarski/atan/vega/3/atan-vega-3-chunk-0224.smt2,unsat,0.0
/meti-tarski/atan/vega/3/atan-vega-3-chunk-0234.smt2,sat,0.0
/meti-tarski/atan/vega/3/atan-vega-3-chunk-0307.smt2,sat,0.0
/meti-tarski/atan/vega/3/atan-vega-3-chunk-0190.smt2,sat,0.0
/meti-tarski/atan/vega/3/atan-vega-3-chunk-0565.smt2,unsat,0.0
/meti-tarski/atan/vega/3/atan-vega-3-chunk-0093.smt2,unsat,0.0
/meti-tarski/atan/vega/3/atan-vega-3-chunk-0293.smt2,sat,0.0
/meti-tarski/atan/vega/3/atan-vega-3-chunk-0522.smt2,unsat,0.0
/meti-tarski/atan/vega/3/atan-vega-3-chunk-0447.smt2,sat,0.06701326370239258
/meti-tarski/atan/vega/3/atan-vega-3-chunk-0260.smt2,sat,0.0
/meti-tarski/atan/vega/3/atan-vega-3-chunk-0366.smt2,unsat,0.0
/meti-tarski/atan/vega/3/atan-vega-3-chunk-0462.smt2,unsat,0.0
/meti-tarski/atan/vega/3/atan-vega-3-chunk-0277.smt2,unsat,0.0
/meti-tarski/atan/vega/3/atan-vega-3-chunk-0124.smt2,sat,0.0
/meti-tarski/atan/vega/3/atan-vega-3-chunk-0531.smt2,sat,0.0
/meti-tarski/atan/vega/3/atan-vega-3-chunk-0620.smt2,unsat,0.258758544921875
/meti-tarski/atan/vega/3/atan-vega-3-chunk-0209.smt2,sat,0.0
/meti-tarski/atan/vega/3/atan-vega-3-chunk-0407.smt2,unsat,0.0
/meti-tarski/atan/vega/3/atan-vega-3-chunk-0192.smt2,sat,0.0
/meti-tarski/atan/vega/3/atan-vega-3-chunk-0449.smt2,sat,0.04568672180175781
/meti-tarski/atan/vega/3/atan-vega-3-chunk-0631.smt2,unsat,0.0
/meti-tarski/atan/vega/3/atan-vega-3-chunk-0443.smt2,sat,0.0
/meti-tarski/atan/vega/3/atan-vega-3-chunk-0475.smt2,sat,0.0
/meti-tarski/atan/vega/3/atan-vega-3-chunk-0061.smt2,sat,0.0
/meti-tarski/atan/vega/3/atan-vega-3-chunk-0044.smt2,sat,0.0
/meti-tarski/atan/vega/3/atan-vega-3-chunk-0070.smt2,sat,0.0
/meti-tarski/atan/vega/3/atan-vega-3-chunk-0116.smt2,sat,0.0
/meti-tarski/atan/vega/3/atan-vega-3-chunk-0559.smt2,sat,0.0
/meti-tarski/atan/vega/3/atan-vega-3-chunk-0426.smt2,sat,0.0
/meti-tarski/atan/vega/3/atan-vega-3-chunk-0098.smt2,unsat,0.0
/meti-tarski/atan/vega/3/atan-vega-3-chunk-0363.smt2,sat,0.0
/meti-tarski/atan/vega/3/atan-vega-3-chunk-0535.smt2,sat,0.0
/meti-tarski/atan/vega/3/atan-vega-3-chunk-0252.smt2,sat,0.0
/meti-tarski/atan/vega/3/atan-vega-3-chunk-0254.smt2,sat,0.0
/meti-tarski/atan/vega/3/atan-vega-3-chunk-0322.smt2,sat,0.0
/meti-tarski/atan/vega/3/atan-vega-3-chunk-0434.smt2,unsat,0.0
/meti-tarski/atan/vega/3/atan-vega-3-chunk-0398.smt2,sat,0.0
/meti-tarski/atan/vega/3/atan-vega-3-chunk-0196.smt2,sat,0.0
/meti-tarski/atan/vega/3/atan-vega-3-chunk-0415.smt2,sat,0.0
/meti-tarski/atan/vega/3/atan-vega-3-chunk-0309.smt2,sat,0.0
/meti-tarski/atan/vega/3/atan-vega-3-chunk-0268.smt2,unsat,0.0
/meti-tarski/atan/vega/3/atan-vega-3-chunk-0295.smt2,sat,0.0
/meti-tarski/atan/vega/3/atan-vega-3-chunk-0424.smt2,sat,0.0
/meti-tarski/atan/vega/3/atan-vega-3-chunk-0358.smt2,sat,0.0
/meti-tarski/atan/vega/3/atan-vega-3-chunk-0396.smt2,sat,0.0
/meti-tarski/atan/vega/3/atan-vega-3-chunk-0383.smt2,sat,0.0
/meti-tarski/atan/vega/3/atan-vega-3-chunk-0581.smt2,sat,0.0
/meti-tarski/atan/vega/3/atan-vega-3-chunk-0287.smt2,sat,0.0
/meti-tarski/atan/vega/3/atan-vega-3-chunk-0515.smt2,sat,0.0
/meti-tarski/atan/vega/3/atan-vega-3-chunk-0289.smt2,sat,0.0
/meti-tarski/atan/vega/3/atan-vega-3-chunk-0597.smt2,sat,0.0
/meti-tarski/atan/vega/3/atan-vega-3-chunk-0215.smt2,sat,0.0
/meti-tarski/atan/vega/3/atan-vega-3-chunk-0470.smt2,unsat,0.0
/meti-tarski/atan/vega/3/atan-vega-3-chunk-0513.smt2,sat,0.0
/meti-tarski/atan/vega/3/atan-vega-3-chunk-0009.smt2,unsat,0.0
/meti-tarski/atan/vega/3/atan-vega-3-chunk-0010.smt2,sat,0.0
/meti-tarski/atan/vega/3/atan-vega-3-chunk-0151.smt2,sat,0.0
/meti-tarski/atan/vega/3/atan-vega-3-chunk-0167.smt2,sat,0.0
/meti-tarski/atan/vega/3/atan-vega-3-chunk-0432.smt2,sat,0.0
/meti-tarski/atan/vega/3/atan-vega-3-chunk-0365.smt2,sat,0.0
/meti-tarski/atan/vega/3/atan-vega-3-chunk-0046.smt2,sat,0.0
/meti-tarski/atan/vega/3/atan-vega-3-chunk-0540.smt2,sat,0.0
/meti-tarski/atan/vega/3/atan-vega-3-chunk-0526.smt2,unsat,0.0
/meti-tarski/atan/vega/3/atan-vega-3-chunk-0102.smt2,unsat,0.0
/meti-tarski/atan/vega/3/atan-vega-3-chunk-0492.smt2,unsat,0.0
/meti-tarski/atan/vega/3/atan-vega-3-chunk-0135.smt2,sat,0.0
/meti-tarski/atan/vega/3/atan-vega-3-chunk-0275.smt2,unsat,0.0
/meti-tarski/atan/vega/3/atan-vega-3-chunk-0615.smt2,unsat,0.0
/meti-tarski/atan/vega/3/atan-vega-3-chunk-0068.smt2,sat,0.0
/meti-tarski/atan/vega/3/atan-vega-3-chunk-0605.smt2,unsat,0.0
/meti-tarski/atan/vega/3/atan-vega-3-chunk-0130.smt2,sat,0.0
/meti-tarski/atan/vega/3/atan-vega-3-chunk-0610.smt2,sat,0.0
/meti-tarski/atan/vega/3/atan-vega-3-chunk-0496.smt2,unsat,0.0
/meti-tarski/atan/vega/3/atan-vega-3-chunk-0253.smt2,sat,0.0
/meti-tarski/atan/vega/3/atan-vega-3-chunk-0219.smt2,sat,0.0
/meti-tarski/atan/vega/3/atan-vega-3-chunk-0026.smt2,unsat,0.0
/meti-tarski/atan/vega/3/atan-vega-3-chunk-0498.smt2,sat,0.0
/meti-tarski/atan/vega/3/atan-vega-3-chunk-0118.smt2,sat,0.0
/meti-tarski/atan/vega/3/atan-vega-3-chunk-0433.smt2,sat,0.0
/meti-tarski/atan/vega/3/atan-vega-3-chunk-0028.smt2,unsat,0.0
/meti-tarski/atan/vega/3/atan-vega-3-chunk-0400.smt2,sat,0.0
/meti-tarski/atan/vega/3/atan-vega-3-chunk-0062.smt2,sat,0.0
/meti-tarski/atan/vega/3/atan-vega-3-chunk-0139.smt2,sat,0.0
/meti-tarski/atan/vega/3/atan-vega-3-chunk-0225.smt2,unsat,0.0
/meti-tarski/atan/vega/3/atan-vega-3-chunk-0120.smt2,unsat,0.0
/meti-tarski/atan/vega/3/atan-vega-3-chunk-0162.smt2,sat,0.0
/meti-tarski/atan/vega/3/atan-vega-3-chunk-0315.smt2,unsat,0.0
/meti-tarski/atan/vega/3/atan-vega-3-chunk-0290.smt2,sat,0.0
/meti-tarski/atan/vega/3/atan-vega-3-chunk-0073.smt2,sat,0.0
/meti-tarski/atan/vega/3/atan-vega-3-chunk-0161.smt2,sat,0.0
/meti-tarski/atan/vega/3/atan-vega-3-chunk-0109.smt2,sat,0.0
/meti-tarski/atan/vega/3/atan-vega-3-chunk-0172.smt2,unsat,0.0
/meti-tarski/atan/vega/3/atan-vega-3-chunk-0516.smt2,sat,0.0
/meti-tarski/atan/vega/3/atan-vega-3-chunk-0417.smt2,unsat,0.0
/meti-tarski/atan/vega/3/atan-vega-3-chunk-0205.smt2,unsat,0.0
/meti-tarski/atan/vega/3/atan-vega-3-chunk-0457.smt2,sat,0.0
/meti-tarski/atan/vega/3/atan-vega-3-chunk-0244.smt2,sat,0.0
/meti-tarski/atan/vega/3/atan-vega-3-chunk-0204.smt2,sat,0.0
/meti-tarski/atan/vega/3/atan-vega-3-chunk-0494.smt2,sat,0.0
/meti-tarski/atan/vega/3/atan-vega-3-chunk-0598.smt2,unsat,0.0
/meti-tarski/atan/vega/3/atan-vega-3-chunk-0106.smt2,sat,0.0
/meti-tarski/atan/vega/3/atan-vega-3-chunk-0393.smt2,sat,0.0
/meti-tarski/atan/vega/3/atan-vega-3-chunk-0355.smt2,sat,0.0
/meti-tarski/atan/vega/3/atan-vega-3-chunk-0016.smt2,sat,0.0
/meti-tarski/atan/vega/3/atan-vega-3-chunk-0181.smt2,sat,0.0
/meti-tarski/atan/vega/3/atan-vega-3-chunk-0132.smt2,sat,0.0
/meti-tarski/atan/vega/3/atan-vega-3-chunk-0556.smt2,sat,0.0
/meti-tarski/atan/vega/3/atan-vega-3-chunk-0575.smt2,sat,0.0
/meti-tarski/atan/vega/3/atan-vega-3-chunk-0499.smt2,sat,0.0
/meti-tarski/atan/vega/3/atan-vega-3-chunk-0592.smt2,sat,0.0
/meti-tarski/atan/vega/3/atan-vega-3-chunk-0497.smt2,sat,0.0
/meti-tarski/atan/vega/3/atan-vega-3-chunk-0463.smt2,sat,0.0
/meti-tarski/atan/vega/3/atan-vega-3-chunk-0123.smt2,unsat,0.0
/meti-tarski/atan/vega/3/atan-vega-3-chunk-0374.smt2,unsat,0.0
/meti-tarski/atan/vega/3/atan-vega-3-chunk-0367.smt2,sat,0.0
/meti-tarski/atan/vega/3/atan-vega-3-chunk-0334.smt2,unsat,0.0
/meti-tarski/atan/vega/3/atan-vega-3-chunk-0542.smt2,sat,0.0
/meti-tarski/atan/vega/3/atan-vega-3-chunk-0414.smt2,unsat,0.0
/meti-tarski/atan/vega/3/atan-vega-3-chunk-0217.smt2,sat,0.0
/meti-tarski/atan/vega/3/atan-vega-3-chunk-0164.smt2,sat,0.0
/meti-tarski/atan/vega/3/atan-vega-3-chunk-0385.smt2,sat,0.0
/meti-tarski/atan/vega/3/atan-vega-3-chunk-0191.smt2,unsat,0.0
/meti-tarski/atan/vega/3/atan-vega-3-chunk-0220.smt2,unsat,0.0
/meti-tarski/atan/vega/3/atan-vega-3-chunk-0163.smt2,unsat,0.0
/meti-tarski/atan/vega/3/atan-vega-3-chunk-0206.smt2,sat,0.0
/meti-tarski/atan/vega/3/atan-vega-3-chunk-0094.smt2,unsat,0.0
/meti-tarski/atan/vega/3/atan-vega-3-chunk-0339.smt2,sat,0.0
/meti-tarski/atan/vega/3/atan-vega-3-chunk-0482.smt2,unsat,0.0
/meti-tarski/atan/vega/3/atan-vega-3-chunk-0300.smt2,sat,0.0
/meti-tarski/atan/vega/3/atan-vega-3-chunk-0296.smt2,sat,0.0
/meti-tarski/atan/vega/3/atan-vega-3-chunk-0371.smt2,sat,0.0
/meti-tarski/atan/vega/3/atan-vega-3-chunk-0582.smt2,sat,0.0
/meti-tarski/atan/vega/3/atan-vega-3-chunk-0353.smt2,sat,0.0
/meti-tarski/atan/vega/3/atan-vega-3-chunk-0384.smt2,sat,0.0
/meti-tarski/atan/vega/3/atan-vega-3-chunk-0157.smt2,sat,0.0
/meti-tarski/atan/vega/3/atan-vega-3-chunk-0155.smt2,unsat,0.0
/meti-tarski/atan/vega/3/atan-vega-3-chunk-0251.smt2,sat,0.0
/meti-tarski/atan/vega/3/atan-vega-3-chunk-0075.smt2,sat,0.0
/meti-tarski/atan/vega/3/atan-vega-3-chunk-0142.smt2,sat,0.0
/meti-tarski/atan/vega/3/atan-vega-3-chunk-0340.smt2,sat,0.0
/meti-tarski/atan/vega/3/atan-vega-3-chunk-0065.smt2,sat,0.0
/meti-tarski/atan/vega/3/atan-vega-3-chunk-0641.smt2,unsat,0.0
/meti-tarski/atan/vega/3/atan-vega-3-chunk-0550.smt2,sat,0.0
/meti-tarski/atan/vega/3/atan-vega-3-chunk-0258.smt2,unsat,0.0
/meti-tarski/atan/vega/3/atan-vega-3-chunk-0454.smt2,sat,0.0
/meti-tarski/atan/vega/3/atan-vega-3-chunk-0285.smt2,sat,0.0
/meti-tarski/atan/vega/3/atan-vega-3-chunk-0352.smt2,sat,0.0
/meti-tarski/atan/vega/3/atan-vega-3-chunk-0438.smt2,sat,0.0
/meti-tarski/atan/vega/3/atan-vega-3-chunk-0551.smt2,sat,0.03825044631958008
/meti-tarski/atan/vega/3/atan-vega-3-chunk-0197.smt2,unsat,0.0
/meti-tarski/atan/vega/3/atan-vega-3-chunk-0020.smt2,unsat,0.0
/meti-tarski/atan/vega/3/atan-vega-3-chunk-0111.smt2,unsat,0.0
/meti-tarski/atan/vega/3/atan-vega-3-chunk-0187.smt2,sat,0.0
/meti-tarski/atan/vega/3/atan-vega-3-chunk-0458.smt2,sat,0.0
/meti-tarski/atan/vega/3/atan-vega-3-chunk-0541.smt2,unsat,0.0
/meti-tarski/atan/vega/3/atan-vega-3-chunk-0284.smt2,sat,0.0
/meti-tarski/atan/vega/3/atan-vega-3-chunk-0627.smt2,sat,0.0
/meti-tarski/atan/vega/3/atan-vega-3-chunk-0278.smt2,unsat,0.0
/meti-tarski/atan/vega/3/atan-vega-3-chunk-0628.smt2,sat,0.0
/meti-tarski/atan/vega/3/atan-vega-3-chunk-0589.smt2,sat,0.0
/meti-tarski/atan/vega/3/atan-vega-3-chunk-0493.smt2,sat,0.0
/meti-tarski/atan/vega/3/atan-vega-3-chunk-0195.smt2,sat,0.0
/meti-tarski/atan/vega/3/atan-vega-3-chunk-0324.smt2,unsat,0.0
/meti-tarski/atan/vega/3/atan-vega-3-chunk-0574.smt2,sat,0.0
/meti-tarski/atan/vega/3/atan-vega-3-chunk-0247.smt2,unsat,0.0
/meti-tarski/atan/vega/3/atan-vega-3-chunk-0481.smt2,sat,0.0
/meti-tarski/atan/vega/3/atan-vega-3-chunk-0173.smt2,sat,0.0
/meti-tarski/atan/vega/3/atan-vega-3-chunk-0212.smt2,sat,0.0
/meti-tarski/atan/vega/3/atan-vega-3-chunk-0115.smt2,unsat,0.0
/meti-tarski/atan/vega/3/atan-vega-3-chunk-0336.smt2,sat,0.0
/meti-tarski/atan/vega/3/atan-vega-3-chunk-0588.smt2,sat,0.0
/meti-tarski/atan/vega/3/atan-vega-3-chunk-0126.smt2,sat,0.0
/meti-tarski/atan/vega/3/atan-vega-3-chunk-0259.smt2,sat,0.0
/meti-tarski/atan/vega/3/atan-vega-3-chunk-0364.smt2,sat,0.0
/meti-tarski/atan/vega/3/atan-vega-3-chunk-0134.smt2,sat,0.0
/meti-tarski/atan/vega/3/atan-vega-3-chunk-0032.smt2,sat,0.0
/meti-tarski/atan/vega/3/atan-vega-3-chunk-0521.smt2,sat,0.0
/meti-tarski/atan/vega/3/atan-vega-3-chunk-0050.smt2,sat,0.0
/meti-tarski/atan/vega/3/atan-vega-3-chunk-0263.smt2,unsat,0.0
/meti-tarski/atan/vega/3/atan-vega-3-chunk-0291.smt2,sat,0.0
/meti-tarski/atan/vega/3/atan-vega-3-chunk-0335.smt2,sat,0.0
/meti-tarski/atan/vega/3/atan-vega-3-chunk-0624.smt2,sat,0.0
/meti-tarski/atan/vega/3/atan-vega-3-chunk-0423.smt2,sat,0.0
/meti-tarski/atan/vega/3/atan-vega-3-chunk-0578.smt2,sat,0.0
/meti-tarski/atan/vega/3/atan-vega-3-chunk-0147.smt2,sat,0.0
/meti-tarski/atan/vega/3/atan-vega-3-chunk-0567.smt2,sat,0.0
/meti-tarski/atan/vega/3/atan-vega-3-chunk-0292.smt2,unsat,0.0
/meti-tarski/atan/vega/3/atan-vega-3-chunk-0323.smt2,unsat,0.0
/meti-tarski/atan/vega/3/atan-vega-3-chunk-0399.smt2,sat,0.0
/meti-tarski/atan/vega/3/atan-vega-3-chunk-0158.smt2,sat,0.0
/meti-tarski/atan/vega/3/atan-vega-3-chunk-0170.smt2,unsat,0.0
/meti-tarski/atan/vega/3/atan-vega-3-chunk-0584.smt2,sat,0.0
/meti-tarski/atan/vega/3/atan-vega-3-chunk-0051.smt2,sat,0.0
/meti-tarski/atan/vega/3/atan-vega-3-chunk-0176.smt2,sat,0.0
/meti-tarski/atan/vega/3/atan-vega-3-chunk-0255.smt2,unsat,0.0
/meti-tarski/atan/vega/3/atan-vega-3-chunk-0518.smt2,sat,0.0
/meti-tarski/atan/vega/3/atan-vega-3-chunk-0519.smt2,unsat,0.0
/meti-tarski/atan/vega/3/atan-vega-3-chunk-0090.smt2,sat,0.0
/meti-tarski/atan/vega/3/atan-vega-3-chunk-0395.smt2,sat,0.0
/meti-tarski/atan/vega/3/atan-vega-3-chunk-0264.smt2,sat,0.0
/meti-tarski/atan/vega/3/atan-vega-3-chunk-0370.smt2,sat,0.0
/meti-tarski/atan/vega/3/atan-vega-3-chunk-0489.smt2,sat,0.0
/meti-tarski/atan/vega/3/atan-vega-3-chunk-0272.smt2,unsat,0.0
/meti-tarski/atan/vega/3/atan-vega-3-chunk-0425.smt2,sat,0.0
/meti-tarski/atan/vega/3/atan-vega-3-chunk-0419.smt2,unsat,0.0
/meti-tarski/atan/vega/3/atan-vega-3-chunk-0485.smt2,sat,0.0
/meti-tarski/atan/vega/3/atan-vega-3-chunk-0640.smt2,sat,0.0
/meti-tarski/atan/vega/3/atan-vega-3-chunk-0017.smt2,unsat,0.0
/meti-tarski/atan/vega/3/atan-vega-3-chunk-0121.smt2,sat,0.0
/meti-tarski/atan/vega/3/atan-vega-3-chunk-0079.smt2,sat,0.0
/meti-tarski/atan/vega/3/atan-vega-3-chunk-0083.smt2,sat,0.0
/meti-tarski/atan/vega/3/atan-vega-3-chunk-0180.smt2,sat,0.0
/meti-tarski/atan/vega/3/atan-vega-3-chunk-0045.smt2,sat,0.0
/meti-tarski/atan/vega/3/atan-vega-3-chunk-0392.smt2,sat,0.0
/meti-tarski/atan/vega/3/atan-vega-3-chunk-0599.smt2,unsat,0.0
/meti-tarski/atan/vega/3/atan-vega-3-chunk-0430.smt2,unsat,0.0
/meti-tarski/atan/vega/3/atan-vega-3-chunk-0377.smt2,sat,0.0
/meti-tarski/atan/vega/3/atan-vega-3-chunk-0226.smt2,sat,0.0
/meti-tarski/atan/vega/3/atan-vega-3-chunk-0583.smt2,sat,0.0
/meti-tarski/atan/vega/3/atan-vega-3-chunk-0538.smt2,sat,0.0
/meti-tarski/atan/vega/3/atan-vega-3-chunk-0570.smt2,sat,0.0
/meti-tarski/atan/vega/3/atan-vega-3-chunk-0561.smt2,sat,0.0
/meti-tarski/atan/vega/3/atan-vega-3-chunk-0138.smt2,sat,0.0
/meti-tarski/atan/vega/3/atan-vega-3-chunk-0114.smt2,sat,0.0
/meti-tarski/atan/vega/3/atan-vega-3-chunk-0270.smt2,sat,0.0
/meti-tarski/atan/vega/3/atan-vega-3-chunk-0442.smt2,sat,0.0
/meti-tarski/atan/vega/3/atan-vega-3-chunk-0451.smt2,sat,0.0
/meti-tarski/atan/vega/3/atan-vega-3-chunk-0566.smt2,sat,0.0
/meti-tarski/atan/vega/3/atan-vega-3-chunk-0031.smt2,sat,0.0
/meti-tarski/atan/vega/3/atan-vega-3-chunk-0232.smt2,sat,0.0
/meti-tarski/atan/vega/3/atan-vega-3-chunk-0469.smt2,unsat,0.0
/meti-tarski/atan/vega/3/atan-vega-3-chunk-0378.smt2,unsat,0.0
/meti-tarski/atan/vega/3/atan-vega-3-chunk-0047.smt2,sat,0.0
/meti-tarski/atan/vega/3/atan-vega-3-chunk-0474.smt2,unsat,0.0
/meti-tarski/atan/vega/3/atan-vega-3-chunk-0257.smt2,unsat,0.0
/meti-tarski/atan/vega/3/atan-vega-3-chunk-0568.smt2,sat,0.0
/meti-tarski/atan/vega/3/atan-vega-3-chunk-0517.smt2,sat,0.0
/meti-tarski/atan/vega/3/atan-vega-3-chunk-0507.smt2,unsat,0.0
/meti-tarski/atan/vega/3/atan-vega-3-chunk-0034.smt2,sat,0.0
/meti-tarski/atan/vega/3/atan-vega-3-chunk-0185.smt2,sat,0.0
/meti-tarski/atan/vega/3/atan-vega-3-chunk-0453.smt2,unsat,0.0
/meti-tarski/atan/vega/3/atan-vega-3-chunk-0623.smt2,sat,0.0
/meti-tarski/atan/vega/3/atan-vega-3-chunk-0486.smt2,unsat,0.0
/meti-tarski/atan/vega/3/atan-vega-3-chunk-0488.smt2,unsat,0.0
/meti-tarski/atan/vega/3/atan-vega-3-chunk-0479.smt2,unsat,0.0
/meti-tarski/atan/vega/3/atan-vega-3-chunk-0299.smt2,sat,0.0
/meti-tarski/atan/vega/3/atan-vega-3-chunk-0543.smt2,sat,0.0
/meti-tarski/atan/vega/3/atan-vega-3-chunk-0236.smt2,sat,0.0
/meti-tarski/atan/vega/3/atan-vega-3-chunk-0137.smt2,sat,0.0
/meti-tarski/atan/vega/3/atan-vega-3-chunk-0614.smt2,sat,0.05935788154602051
/meti-tarski/atan/vega/3/atan-vega-3-chunk-0274.smt2,unsat,0.0
/meti-tarski/atan/vega/3/atan-vega-3-chunk-0387.smt2,sat,0.0
/meti-tarski/atan/vega/3/atan-vega-3-chunk-0369.smt2,sat,0.0
/meti-tarski/atan/vega/3/atan-vega-3-chunk-0066.smt2,sat,0.0
/meti-tarski/atan/vega/3/atan-vega-3-chunk-0057.smt2,sat,0.0
/meti-tarski/atan/vega/3/atan-vega-3-chunk-0105.smt2,sat,0.0
/meti-tarski/atan/vega/3/atan-vega-3-chunk-0276.smt2,sat,0.0
/meti-tarski/atan/vega/3/atan-vega-3-chunk-0580.smt2,unsat,0.0
/meti-tarski/atan/vega/3/atan-vega-3-chunk-0439.smt2,unsat,0.0
/meti-tarski/atan/vega/3/atan-vega-3-chunk-0361.smt2,sat,0.0
/meti-tarski/atan/vega/3/atan-vega-3-chunk-0529.smt2,sat,0.0
/meti-tarski/atan/vega/3/atan-vega-3-chunk-0262.smt2,unsat,0.0
/meti-tarski/atan/vega/3/atan-vega-3-chunk-0625.smt2,sat,0.0
/meti-tarski/atan/vega/3/atan-vega-3-chunk-0636.smt2,sat,0.0
/meti-tarski/atan/vega/3/atan-vega-3-chunk-0119.smt2,sat,0.0
/meti-tarski/atan/vega/3/atan-vega-3-chunk-0466.smt2,sat,0.0
/meti-tarski/atan/vega/3/atan-vega-3-chunk-0177.smt2,sat,0.0
/meti-tarski/atan/vega/3/atan-vega-3-chunk-0008.smt2,sat,0.0
/meti-tarski/atan/vega/3/atan-vega-3-chunk-0617.smt2,sat,0.0
/meti-tarski/atan/vega/3/atan-vega-3-chunk-0316.smt2,sat,0.0
/meti-tarski/atan/vega/3/atan-vega-3-chunk-0280.smt2,sat,0.0
/meti-tarski/atan/vega/3/atan-vega-3-chunk-0351.smt2,sat,0.0
/meti-tarski/atan/vega/3/atan-vega-3-chunk-0141.smt2,sat,0.0
/meti-tarski/atan/vega/3/atan-vega-3-chunk-0242.smt2,unsat,0.0
/meti-tarski/atan/vega/3/atan-vega-3-chunk-0136.smt2,sat,0.0
/meti-tarski/atan/vega/3/atan-vega-3-chunk-0601.smt2,sat,0.0
/meti-tarski/atan/vega/3/atan-vega-3-chunk-0564.smt2,sat,0.0
/meti-tarski/atan/vega/3/atan-vega-3-chunk-0368.smt2,sat,0.0
/meti-tarski/atan/problem/1/atan-problem-1-chunk-0084.smt2,sat,0.0
/meti-tarski/atan/problem/1/atan-problem-1-chunk-0074.smt2,unsat,0.0
/meti-tarski/atan/problem/1/atan-problem-1-chunk-0100.smt2,sat,0.0
/meti-tarski/atan/problem/1/atan-problem-1-chunk-0058.smt2,sat,0.0
/meti-tarski/atan/problem/1/atan-problem-1-chunk-0046.smt2,unsat,0.0
/meti-tarski/atan/problem/1/atan-problem-1-chunk-0044.smt2,sat,0.0
/meti-tarski/atan/problem/1/atan-problem-1-chunk-0101.smt2,sat,0.0
/meti-tarski/atan/problem/1/atan-problem-1-chunk-0092.smt2,sat,0.0
/meti-tarski/atan/problem/1/atan-problem-1-chunk-0081.smt2,unsat,0.0
/meti-tarski/atan/problem/1/atan-problem-1-chunk-0008.smt2,sat,0.0
/meti-tarski/atan/problem/1/atan-problem-1-chunk-0104.smt2,sat,0.0
/meti-tarski/atan/problem/1/atan-problem-1-chunk-0064.smt2,unsat,0.0
/meti-tarski/atan/problem/1/atan-problem-1-chunk-0087.smt2,sat,0.0
/meti-tarski/atan/problem/1/atan-problem-1-chunk-0059.smt2,unsat,0.0
/meti-tarski/atan/problem/1/atan-problem-1-chunk-0043.smt2,sat,0.0
/meti-tarski/atan/problem/1/atan-problem-1-chunk-0052.smt2,sat,0.0
/meti-tarski/atan/problem/1/atan-problem-1-chunk-0093.smt2,unsat,0.0
/meti-tarski/atan/problem/1/atan-problem-1-chunk-0038.smt2,sat,0.0
/meti-tarski/atan/problem/1/atan-problem-1-chunk-0026.smt2,sat,0.0
/meti-tarski/atan/problem/1/atan-problem-1-chunk-0047.smt2,sat,0.0
/meti-tarski/atan/problem/1/atan-problem-1-chunk-0009.smt2,sat,0.0
/meti-tarski/atan/problem/1/atan-problem-1-chunk-0029.smt2,sat,0.0
/meti-tarski/atan/problem/1/weak/atan-problem-1-weak-chunk-0039.smt2,sat,0.0
/meti-tarski/atan/problem/1/weak/atan-problem-1-weak-chunk-0017.smt2,sat,0.0
/meti-tarski/atan/problem/1/weak/atan-problem-1-weak-chunk-0045.smt2,unsat,0.0
/meti-tarski/atan/problem/1/weak/atan-problem-1-weak-chunk-0043.smt2,sat,0.0
/meti-tarski/atan/problem/1/weak/atan-problem-1-weak-chunk-0030.smt2,unsat,0.0
/meti-tarski/atan/problem/1/weak/atan-problem-1-weak-chunk-0032.smt2,sat,0.0
/meti-tarski/atan/problem/1/weak/atan-problem-1-weak-chunk-0040.smt2,unsat,0.0
/meti-tarski/atan/problem/1/weak/atan-problem-1-weak-chunk-0029.smt2,unsat,0.0
/meti-tarski/atan/problem/1/weak/atan-problem-1-weak-chunk-0015.smt2,sat,0.0
/meti-tarski/atan/problem/1/weak/atan-problem-1-weak-chunk-0047.smt2,unsat,0.0
/meti-tarski/atan/problem/1/weak/atan-problem-1-weak-chunk-0028.smt2,sat,0.0
/meti-tarski/atan/problem/1/weak/atan-problem-1-weak-chunk-0025.smt2,unsat,0.0
/meti-tarski/atan/problem/1/weak/atan-problem-1-weak-chunk-0010.smt2,sat,0.0
/meti-tarski/atan/problem/1/weak/atan-problem-1-weak-chunk-0016.smt2,unsat,0.0
/meti-tarski/atan/problem/1/weak/atan-problem-1-weak-chunk-0026.smt2,sat,0.0
/meti-tarski/atan/problem/1/weak/atan-problem-1-weak-chunk-0022.smt2,sat,0.0
/meti-tarski/atan/problem/1/weak/atan-problem-1-weak-chunk-0033.smt2,unsat,0.0
/meti-tarski/atan/problem/1/weak/atan-problem-1-weak-chunk-0044.smt2,sat,0.0
/meti-tarski/atan/problem/1/weak/atan-problem-1-weak-chunk-0031.smt2,sat,0.0
/meti-tarski/atan/problem/1/weak/atan-problem-1-weak-chunk-0020.smt2,unsat,0.0
/meti-tarski/atan/problem/1/weak/atan-problem-1-weak-chunk-0012.smt2,sat,0.0
/meti-tarski/atan/problem/1/weak/atan-problem-1-weak-chunk-0036.smt2,unsat,0.0
/meti-tarski/atan/problem/1/weak/atan-problem-1-weak-chunk-0013.smt2,sat,0.0
/meti-tarski/atan/problem/1/weak/atan-problem-1-weak-chunk-0018.smt2,unsat,0.0
/meti-tarski/atan/problem/1/weak/atan-problem-1-weak-chunk-0046.smt2,unsat,0.0
/meti-tarski/atan/problem/1/weak/atan-problem-1-weak-chunk-0035.smt2,sat,0.0
/meti-tarski/atan/problem/1/atan-problem-1-chunk-0042.smt2,sat,0.0
/meti-tarski/atan/problem/1/atan-problem-1-chunk-0103.smt2,unsat,0.0
/meti-tarski/atan/problem/1/atan-problem-1-chunk-0054.smt2,unsat,0.0
/meti-tarski/atan/problem/1/atan-problem-1-chunk-0070.smt2,unsat,0.0
/meti-tarski/atan/problem/1/atan-problem-1-chunk-0069.smt2,sat,0.0
/meti-tarski/atan/problem/1/atan-problem-1-chunk-0072.smt2,sat,0.0
/meti-tarski/atan/problem/1/atan-problem-1-chunk-0048.smt2,sat,0.0
/meti-tarski/atan/problem/1/atan-problem-1-chunk-0095.smt2,sat,0.0
/meti-tarski/atan/problem/1/atan-problem-1-chunk-0099.smt2,sat,0.0
/meti-tarski/atan/problem/1/atan-problem-1-chunk-0075.smt2,sat,0.0
/meti-tarski/atan/problem/1/atan-problem-1-chunk-0051.smt2,sat,0.0
/meti-tarski/atan/problem/1/atan-problem-1-chunk-0088.smt2,sat,0.0
/meti-tarski/atan/problem/1/atan-problem-1-chunk-0039.smt2,sat,0.0
/meti-tarski/atan/problem/1/atan-problem-1-chunk-0073.smt2,sat,0.0
/meti-tarski/atan/problem/1/atan-problem-1-chunk-0076.smt2,unsat,0.0
/meti-tarski/atan/problem/1/atan-problem-1-chunk-0022.smt2,sat,0.0
/meti-tarski/atan/problem/1/atan-problem-1-chunk-0102.smt2,unsat,0.0
/meti-tarski/atan/problem/1/atan-problem-1-chunk-0083.smt2,unsat,0.0
/meti-tarski/atan/problem/1/atan-problem-1-chunk-0024.smt2,unsat,0.0
/meti-tarski/atan/problem/1/atan-problem-1-chunk-0016.smt2,sat,0.0
/meti-tarski/atan/problem/1/atan-problem-1-chunk-0049.smt2,unsat,0.0
/meti-tarski/atan/problem/1/atan-problem-1-chunk-0027.smt2,unsat,0.0
/meti-tarski/atan/problem/1/atan-problem-1-chunk-0006.smt2,sat,0.0
/meti-tarski/atan/problem/1/atan-problem-1-chunk-0077.smt2,sat,0.0
/meti-tarski/atan/problem/1/atan-problem-1-chunk-0089.smt2,unsat,0.0
/meti-tarski/atan/problem/1/atan-problem-1-chunk-0007.smt2,sat,0.0
/meti-tarski/atan/problem/1/atan-problem-1-chunk-0040.smt2,sat,0.0
/meti-tarski/atan/problem/1/atan-problem-1-chunk-0082.smt2,sat,0.0
/meti-tarski/atan/problem/1/atan-problem-1-chunk-0034.smt2,unsat,0.0
/meti-tarski/atan/problem/1/atan-problem-1-chunk-0013.smt2,unsat,0.0
/meti-tarski/atan/problem/1/atan-problem-1-chunk-0096.smt2,unsat,0.0
/meti-tarski/atan/problem/1/atan-problem-1-chunk-0097.smt2,sat,0.0
/meti-tarski/atan/problem/1/atan-problem-1-chunk-0078.smt2,sat,0.0
/meti-tarski/atan/problem/1/atan-problem-1-chunk-0090.smt2,sat,0.0
/meti-tarski/atan/problem/1/atan-problem-1-chunk-0098.smt2,sat,0.0
/meti-tarski/atan/problem/1/atan-problem-1-chunk-0086.smt2,unsat,0.0
/meti-tarski/atan/problem/1/atan-problem-1-chunk-0065.smt2,sat,0.0
/meti-tarski/atan/problem/1/atan-problem-1-chunk-0019.smt2,sat,0.0
/meti-tarski/atan/problem/1/atan-problem-1-chunk-0071.smt2,sat,0.0
/meti-tarski/atan/problem/1/atan-problem-1-chunk-0066.smt2,sat,0.0
/meti-tarski/atan/problem/1/atan-problem-1-chunk-0033.smt2,sat,0.0
/meti-tarski/atan/problem/1/atan-problem-1-chunk-0056.smt2,sat,0.0
/meti-tarski/atan/problem/1/atan-problem-1-chunk-0062.smt2,sat,0.0
/meti-tarski/atan/problem/1/atan-problem-1-chunk-0012.smt2,sat,0.0
/meti-tarski/atan/problem/1/atan-problem-1-chunk-0028.smt2,sat,0.0
/meti-tarski/atan/problem/1/atan-problem-1-chunk-0050.smt2,unsat,0.0
/meti-tarski/atan/problem/1/atan-problem-1-chunk-0025.smt2,sat,0.0
/meti-tarski/atan/problem/1/atan-problem-1-chunk-0011.smt2,unsat,0.0
/meti-tarski/atan/problem/1/atan-problem-1-chunk-0079.smt2,sat,0.0
/meti-tarski/atan/problem/1/atan-problem-1-chunk-0068.smt2,unsat,0.0
/meti-tarski/atan/problem/1/atan-problem-1-chunk-0010.smt2,sat,0.0
/meti-tarski/atan/problem/1/atan-problem-1-chunk-0091.smt2,sat,0.0
/meti-tarski/atan/problem/1/atan-problem-1-chunk-0045.smt2,sat,0.0
/meti-tarski/atan/problem/1/atan-problem-1-chunk-0067.smt2,unsat,0.0
/meti-tarski/atan/problem/1/atan-problem-1-chunk-0080.smt2,sat,0.0
/meti-tarski/atan/problem/1/atan-problem-1-chunk-0057.smt2,unsat,0.0
/meti-tarski/atan/problem/1/atan-problem-1-chunk-0053.smt2,sat,0.0
/meti-tarski/atan/problem/1/atan-problem-1-chunk-0036.smt2,unsat,0.0
/meti-tarski/atan/problem/1/atan-problem-1-chunk-0032.smt2,sat,0.0
/meti-tarski/atan/problem/1/atan-problem-1-chunk-0035.smt2,sat,0.0
/meti-tarski/atan/problem/1/atan-problem-1-chunk-0085.smt2,sat,0.0
/meti-tarski/atan/problem/2/atan-problem-2-chunk-0118.smt2,sat,0.04232311248779297
/meti-tarski/atan/problem/2/atan-problem-2-chunk-0110.smt2,unsat,0.0
/meti-tarski/atan/problem/2/atan-problem-2-chunk-0047.smt2,unsat,0.0
/meti-tarski/atan/problem/2/atan-problem-2-chunk-0098.smt2,sat,0.0
/meti-tarski/atan/problem/2/atan-problem-2-chunk-0063.smt2,sat,0.0
/meti-tarski/atan/problem/2/atan-problem-2-chunk-0028.smt2,sat,0.0
/meti-tarski/atan/problem/2/atan-problem-2-chunk-0082.smt2,sat,0.0
/meti-tarski/atan/problem/2/atan-problem-2-chunk-0075.smt2,unsat,0.0
/meti-tarski/atan/problem/2/sqrt/atan-problem-2-sqrt-chunk-0040.smt2,sat,0.0
/meti-tarski/atan/problem/2/sqrt/atan-problem-2-sqrt-chunk-0032.smt2,unsat,0.0
/meti-tarski/atan/problem/2/sqrt/atan-problem-2-sqrt-chunk-0045.smt2,sat,0.0
/meti-tarski/atan/problem/2/sqrt/atan-problem-2-sqrt-chunk-0033.smt2,unsat,0.0
/meti-tarski/atan/problem/2/sqrt/weak/atan-problem-2-sqrt-weak-chunk-0045.smt2,unsat,0.0
/meti-tarski/atan/problem/2/sqrt/weak/atan-problem-2-sqrt-weak-chunk-0055.smt2,unsat,0.0
/meti-tarski/atan/problem/2/sqrt/weak/atan-problem-2-sqrt-weak-chunk-0087.smt2,sat,0.0
/meti-tarski/atan/problem/2/sqrt/weak/atan-problem-2-sqrt-weak-chunk-0085.smt2,unsat,0.0
/meti-tarski/atan/problem/2/sqrt/weak/atan-problem-2-sqrt-weak-chunk-0052.smt2,unsat,0.0
/meti-tarski/atan/problem/2/sqrt/weak/atan-problem-2-sqrt-weak-chunk-0066.smt2,sat,0.0
/meti-tarski/atan/problem/2/sqrt/weak/atan-problem-2-sqrt-weak-chunk-0049.smt2,unsat,0.0
/meti-tarski/atan/problem/2/sqrt/weak/atan-problem-2-sqrt-weak-chunk-0084.smt2,unsat,0.0
/meti-tarski/atan/problem/2/sqrt/weak/atan-problem-2-sqrt-weak-chunk-0054.smt2,unsat,0.0
/meti-tarski/atan/problem/2/sqrt/weak/atan-problem-2-sqrt-weak-chunk-0061.smt2,unsat,0.0
/meti-tarski/atan/problem/2/sqrt/weak/atan-problem-2-sqrt-weak-chunk-0050.smt2,sat,0.0
/meti-tarski/atan/problem/2/sqrt/weak/atan-problem-2-sqrt-weak-chunk-0062.smt2,sat,0.0
/meti-tarski/atan/problem/2/sqrt/weak/atan-problem-2-sqrt-weak-chunk-0029.smt2,sat,0.0
/meti-tarski/atan/problem/2/sqrt/weak/atan-problem-2-sqrt-weak-chunk-0038.smt2,sat,0.0
/meti-tarski/atan/problem/2/sqrt/weak/atan-problem-2-sqrt-weak-chunk-0077.smt2,sat,0.0
/meti-tarski/atan/problem/2/sqrt/weak/atan-problem-2-sqrt-weak-chunk-0046.smt2,sat,0.0
/meti-tarski/atan/problem/2/sqrt/weak/atan-problem-2-sqrt-weak-chunk-0042.smt2,sat,0.0
/meti-tarski/atan/problem/2/sqrt/weak/atan-problem-2-sqrt-weak-chunk-0063.smt2,sat,0.0
/meti-tarski/atan/problem/2/sqrt/weak/atan-problem-2-sqrt-weak-chunk-0088.smt2,sat,0.0
/meti-tarski/atan/problem/2/sqrt/weak/atan-problem-2-sqrt-weak-chunk-0048.smt2,sat,0.0
/meti-tarski/atan/problem/2/sqrt/weak/atan-problem-2-sqrt-weak-chunk-0024.smt2,unsat,0.0
/meti-tarski/atan/problem/2/sqrt/weak/atan-problem-2-sqrt-weak-chunk-0031.smt2,sat,0.0
/meti-tarski/atan/problem/2/sqrt/weak/atan-problem-2-sqrt-weak-chunk-0078.smt2,sat,0.0
/meti-tarski/atan/problem/2/sqrt/weak/atan-problem-2-sqrt-weak-chunk-0009.smt2,unsat,0.0
/meti-tarski/atan/problem/2/sqrt/weak/atan-problem-2-sqrt-weak-chunk-0012.smt2,unsat,0.0
/meti-tarski/atan/problem/2/sqrt/weak/atan-problem-2-sqrt-weak-chunk-0071.smt2,sat,0.0
/meti-tarski/atan/problem/2/sqrt/weak/atan-problem-2-sqrt-weak-chunk-0069.smt2,sat,0.0
/meti-tarski/atan/problem/2/sqrt/weak/atan-problem-2-sqrt-weak-chunk-0081.smt2,sat,0.0
/meti-tarski/atan/problem/2/sqrt/weak/atan-problem-2-sqrt-weak-chunk-0067.smt2,unsat,0.0
/meti-tarski/atan/problem/2/sqrt/weak/atan-problem-2-sqrt-weak-chunk-0047.smt2,unsat,0.0
/meti-tarski/atan/problem/2/sqrt/weak/atan-problem-2-sqrt-weak-chunk-0089.smt2,unsat,0.0
/meti-tarski/atan/problem/2/sqrt/weak/atan-problem-2-sqrt-weak-chunk-0044.smt2,sat,0.0
/meti-tarski/atan/problem/2/sqrt/weak/atan-problem-2-sqrt-weak-chunk-0008.smt2,sat,0.0
/meti-tarski/atan/problem/2/sqrt/weak/atan-problem-2-sqrt-weak-chunk-0030.smt2,unsat,0.0
/meti-tarski/atan/problem/2/sqrt/weak/atan-problem-2-sqrt-weak-chunk-0083.smt2,sat,0.0
/meti-tarski/atan/problem/2/sqrt/weak/atan-problem-2-sqrt-weak-chunk-0068.smt2,unsat,0.0
/meti-tarski/atan/problem/2/sqrt/weak/atan-problem-2-sqrt-weak-chunk-0074.smt2,unsat,0.0
/meti-tarski/atan/problem/2/sqrt/weak/atan-problem-2-sqrt-weak-chunk-0064.smt2,unsat,0.0
/meti-tarski/atan/problem/2/sqrt/weak/atan-problem-2-sqrt-weak-chunk-0028.smt2,unsat,0.0
/meti-tarski/atan/problem/2/sqrt/weak/atan-problem-2-sqrt-weak-chunk-0080.smt2,sat,0.0
/meti-tarski/atan/problem/2/sqrt/weak/atan-problem-2-sqrt-weak-chunk-0032.smt2,unsat,0.0
/meti-tarski/atan/problem/2/sqrt/weak/atan-problem-2-sqrt-weak-chunk-0090.smt2,unsat,0.0
/meti-tarski/atan/problem/2/sqrt/weak/atan-problem-2-sqrt-weak-chunk-0075.smt2,sat,0.0
/meti-tarski/atan/problem/2/sqrt/weak/atan-problem-2-sqrt-weak-chunk-0025.smt2,sat,0.0
/meti-tarski/atan/problem/2/sqrt/weak/atan-problem-2-sqrt-weak-chunk-0070.smt2,unsat,0.0
/meti-tarski/atan/problem/2/sqrt/weak/atan-problem-2-sqrt-weak-chunk-0053.smt2,sat,0.0
/meti-tarski/atan/problem/2/sqrt/weak/atan-problem-2-sqrt-weak-chunk-0086.smt2,sat,0.0
/meti-tarski/atan/problem/2/sqrt/weak/atan-problem-2-sqrt-weak-chunk-0079.smt2,unsat,0.0
/meti-tarski/atan/problem/2/sqrt/weak/atan-problem-2-sqrt-weak-chunk-0027.smt2,sat,0.0
/meti-tarski/atan/problem/2/sqrt/weak/atan-problem-2-sqrt-weak-chunk-0026.smt2,unsat,0.0
/meti-tarski/atan/problem/2/sqrt/weak/atan-problem-2-sqrt-weak-chunk-0065.smt2,unsat,0.0
/meti-tarski/atan/problem/2/sqrt/weak/atan-problem-2-sqrt-weak-chunk-0043.smt2,sat,0.0
/meti-tarski/atan/problem/2/sqrt/weak/atan-problem-2-sqrt-weak-chunk-0051.smt2,sat,0.0
/meti-tarski/atan/problem/2/sqrt/weak/atan-problem-2-sqrt-weak-chunk-0093.smt2,sat,0.030905961990356445
/meti-tarski/atan/problem/2/sqrt/weak/atan-problem-2-sqrt-weak-chunk-0073.smt2,sat,0.0
/meti-tarski/atan/problem/2/sqrt/weak/atan-problem-2-sqrt-weak-chunk-0072.smt2,unsat,0.0
/meti-tarski/atan/problem/2/sqrt/weak/atan-problem-2-sqrt-weak-chunk-0082.smt2,sat,0.0
/meti-tarski/atan/problem/2/sqrt/atan-problem-2-sqrt-chunk-0008.smt2,sat,0.0
/meti-tarski/atan/problem/2/sqrt/atan-problem-2-sqrt-chunk-0014.smt2,unsat,0.0
/meti-tarski/atan/problem/2/sqrt/atan-problem-2-sqrt-chunk-0025.smt2,sat,0.0
/meti-tarski/atan/problem/2/sqrt/atan-problem-2-sqrt-chunk-0037.smt2,unsat,0.0
/meti-tarski/atan/problem/2/sqrt/atan-problem-2-sqrt-chunk-0044.smt2,sat,0.0
/meti-tarski/atan/problem/2/sqrt/atan-problem-2-sqrt-chunk-0036.smt2,unsat,0.0
/meti-tarski/atan/problem/2/sqrt/atan-problem-2-sqrt-chunk-0038.smt2,unsat,0.0
/meti-tarski/atan/problem/2/sqrt/atan-problem-2-sqrt-chunk-0031.smt2,sat,0.0
/meti-tarski/atan/problem/2/sqrt/atan-problem-2-sqrt-chunk-0046.smt2,sat,0.0
/meti-tarski/atan/problem/2/sqrt/atan-problem-2-sqrt-chunk-0017.smt2,unsat,0.0
/meti-tarski/atan/problem/2/sqrt/atan-problem-2-sqrt-chunk-0035.smt2,sat,0.0
/meti-tarski/atan/problem/2/sqrt/atan-problem-2-sqrt-chunk-0012.smt2,unsat,0.0
/meti-tarski/atan/problem/2/sqrt/atan-problem-2-sqrt-chunk-0041.smt2,sat,0.0
/meti-tarski/atan/problem/2/sqrt/atan-problem-2-sqrt-chunk-0039.smt2,sat,0.0
/meti-tarski/atan/problem/2/sqrt/atan-problem-2-sqrt-chunk-0018.smt2,sat,0.0
/meti-tarski/atan/problem/2/sqrt/atan-problem-2-sqrt-chunk-0043.smt2,sat,0.0
/meti-tarski/atan/problem/2/sqrt/atan-problem-2-sqrt-chunk-0009.smt2,unsat,0.0
/meti-tarski/atan/problem/2/sqrt/atan-problem-2-sqrt-chunk-0019.smt2,unsat,0.0
/meti-tarski/atan/problem/2/sqrt/atan-problem-2-sqrt-chunk-0042.smt2,unsat,0.0
/meti-tarski/atan/problem/2/sqrt/atan-problem-2-sqrt-chunk-0047.smt2,sat,0.0
/meti-tarski/atan/problem/2/sqrt/atan-problem-2-sqrt-chunk-0013.smt2,sat,0.0
/meti-tarski/atan/problem/2/sqrt/atan-problem-2-sqrt-chunk-0034.smt2,unsat,0.0
/meti-tarski/atan/problem/2/atan-problem-2-chunk-0078.smt2,unsat,0.0
/meti-tarski/atan/problem/2/atan-problem-2-chunk-0117.smt2,unsat,0.0
/meti-tarski/atan/problem/2/atan-problem-2-chunk-0045.smt2,unsat,0.0
/meti-tarski/atan/problem/2/atan-problem-2-chunk-0038.smt2,sat,0.0
/meti-tarski/atan/problem/2/atan-problem-2-chunk-0049.smt2,sat,0.0
/meti-tarski/atan/problem/2/atan-problem-2-chunk-0090.smt2,sat,0.0
/meti-tarski/atan/problem/2/atan-problem-2-chunk-0111.smt2,unsat,0.0
/meti-tarski/atan/problem/2/atan-problem-2-chunk-0034.smt2,unsat,0.0
/meti-tarski/atan/problem/2/weak/atan-problem-2-weak-chunk-0070.smt2,unsat,0.0
/meti-tarski/atan/problem/2/weak/atan-problem-2-weak-chunk-0190.smt2,sat,0.0
/meti-tarski/atan/problem/2/weak/atan-problem-2-weak-chunk-0225.smt2,unsat,0.0
/meti-tarski/atan/problem/2/weak/atan-problem-2-weak-chunk-0146.smt2,sat,0.0
/meti-tarski/atan/problem/2/weak/atan-problem-2-weak-chunk-0229.smt2,sat,0.0
/meti-tarski/atan/problem/2/weak/atan-problem-2-weak-chunk-0212.smt2,sat,0.0
/meti-tarski/atan/problem/2/weak/atan-problem-2-weak-chunk-0074.smt2,unsat,0.0
/meti-tarski/atan/problem/2/weak/atan-problem-2-weak-chunk-0170.smt2,sat,0.0
/meti-tarski/atan/problem/2/weak/atan-problem-2-weak-chunk-0191.smt2,unsat,0.0
/meti-tarski/atan/problem/2/weak/atan-problem-2-weak-chunk-0160.smt2,sat,0.0
/meti-tarski/atan/problem/2/weak/atan-problem-2-weak-chunk-0119.smt2,sat,0.0
/meti-tarski/atan/problem/2/weak/atan-problem-2-weak-chunk-0094.smt2,unsat,0.0
/meti-tarski/atan/problem/2/weak/atan-problem-2-weak-chunk-0162.smt2,sat,0.0
/meti-tarski/atan/problem/2/weak/atan-problem-2-weak-chunk-0175.smt2,sat,0.0
/meti-tarski/atan/problem/2/weak/atan-problem-2-weak-chunk-0025.smt2,sat,0.0
/meti-tarski/atan/problem/2/weak/atan-problem-2-weak-chunk-0226.smt2,sat,0.0
/meti-tarski/atan/problem/2/weak/atan-problem-2-weak-chunk-0077.smt2,sat,0.0
/meti-tarski/atan/problem/2/weak/atan-problem-2-weak-chunk-0049.smt2,unsat,0.0
/meti-tarski/atan/problem/2/weak/atan-problem-2-weak-chunk-0185.smt2,sat,0.0
/meti-tarski/atan/problem/2/weak/atan-problem-2-weak-chunk-0180.smt2,sat,0.0
/meti-tarski/atan/problem/2/weak/atan-problem-2-weak-chunk-0018.smt2,sat,0.0
/meti-tarski/atan/problem/2/weak/atan-problem-2-weak-chunk-0036.smt2,unsat,0.0
/meti-tarski/atan/problem/2/weak/atan-problem-2-weak-chunk-0211.smt2,sat,0.0
/meti-tarski/atan/problem/2/weak/atan-problem-2-weak-chunk-0059.smt2,sat,0.0
/meti-tarski/atan/problem/2/weak/atan-problem-2-weak-chunk-0155.smt2,unsat,0.0
/meti-tarski/atan/problem/2/weak/atan-problem-2-weak-chunk-0037.smt2,sat,0.0
/meti-tarski/atan/problem/2/weak/atan-problem-2-weak-chunk-0198.smt2,sat,0.1
/meti-tarski/atan/problem/2/weak/atan-problem-2-weak-chunk-0145.smt2,sat,0.0
/meti-tarski/atan/problem/2/weak/atan-problem-2-weak-chunk-0096.smt2,unsat,0.0
/meti-tarski/atan/problem/2/weak/atan-problem-2-weak-chunk-0128.smt2,sat,0.0
/meti-tarski/atan/problem/2/weak/atan-problem-2-weak-chunk-0129.smt2,unsat,0.0
/meti-tarski/atan/problem/2/weak/atan-problem-2-weak-chunk-0224.smt2,unsat,0.0
/meti-tarski/atan/problem/2/weak/atan-problem-2-weak-chunk-0091.smt2,unsat,0.0
/meti-tarski/atan/problem/2/weak/atan-problem-2-weak-chunk-0202.smt2,sat,0.0
/meti-tarski/atan/problem/2/weak/atan-problem-2-weak-chunk-0220.smt2,sat,0.0
/meti-tarski/atan/problem/2/weak/atan-problem-2-weak-chunk-0016.smt2,sat,0.0
/meti-tarski/atan/problem/2/weak/atan-problem-2-weak-chunk-0114.smt2,sat,0.0
/meti-tarski/atan/problem/2/weak/atan-problem-2-weak-chunk-0046.smt2,sat,0.0
/meti-tarski/atan/problem/2/weak/atan-problem-2-weak-chunk-0134.smt2,unsat,0.0
/meti-tarski/atan/problem/2/weak/atan-problem-2-weak-chunk-0188.smt2,unsat,0.0
/meti-tarski/atan/problem/2/weak/atan-problem-2-weak-chunk-0207.smt2,sat,0.0
/meti-tarski/atan/problem/2/weak/atan-problem-2-weak-chunk-0040.smt2,sat,0.0
/meti-tarski/atan/problem/2/weak/atan-problem-2-weak-chunk-0086.smt2,unsat,0.0
/meti-tarski/atan/problem/2/weak/atan-problem-2-weak-chunk-0010.smt2,sat,0.0
/meti-tarski/atan/problem/2/weak/atan-problem-2-weak-chunk-0033.smt2,sat,0.0
/meti-tarski/atan/problem/2/weak/atan-problem-2-weak-chunk-0034.smt2,sat,0.0
/meti-tarski/atan/problem/2/weak/atan-problem-2-weak-chunk-0205.smt2,sat,0.0
/meti-tarski/atan/problem/2/weak/atan-problem-2-weak-chunk-0136.smt2,sat,0.0
/meti-tarski/atan/problem/2/weak/atan-problem-2-weak-chunk-0124.smt2,sat,0.0
/meti-tarski/atan/problem/2/weak/atan-problem-2-weak-chunk-0139.smt2,sat,0.0373377799987793
/meti-tarski/atan/problem/2/weak/atan-problem-2-weak-chunk-0021.smt2,sat,0.0
/meti-tarski/atan/problem/2/weak/atan-problem-2-weak-chunk-0216.smt2,sat,0.0
/meti-tarski/atan/problem/2/weak/atan-problem-2-weak-chunk-0143.smt2,unsat,0.1
/meti-tarski/atan/problem/2/weak/atan-problem-2-weak-chunk-0038.smt2,unsat,0.0
/meti-tarski/atan/problem/2/weak/atan-problem-2-weak-chunk-0222.smt2,sat,0.0
/meti-tarski/atan/problem/2/weak/atan-problem-2-weak-chunk-0176.smt2,sat,0.0
/meti-tarski/atan/problem/2/weak/atan-problem-2-weak-chunk-0108.smt2,unsat,0.0
/meti-tarski/atan/problem/2/weak/atan-problem-2-weak-chunk-0026.smt2,sat,0.0
/meti-tarski/atan/problem/2/weak/atan-problem-2-weak-chunk-0197.smt2,sat,0.0
/meti-tarski/atan/problem/2/weak/atan-problem-2-weak-chunk-0081.smt2,sat,0.0
/meti-tarski/atan/problem/2/weak/atan-problem-2-weak-chunk-0214.smt2,unsat,4.0
/meti-tarski/atan/problem/2/weak/atan-problem-2-weak-chunk-0215.smt2,sat,0.0
/meti-tarski/atan/problem/2/weak/atan-problem-2-weak-chunk-0228.smt2,unsat,0.0
/meti-tarski/atan/problem/2/weak/atan-problem-2-weak-chunk-0150.smt2,sat,0.0
/meti-tarski/atan/problem/2/weak/atan-problem-2-weak-chunk-0085.smt2,sat,0.0
/meti-tarski/atan/problem/2/weak/atan-problem-2-weak-chunk-0072.smt2,unsat,0.0
/meti-tarski/atan/problem/2/weak/atan-problem-2-weak-chunk-0065.smt2,sat,0.0
/meti-tarski/atan/problem/2/weak/atan-problem-2-weak-chunk-0178.smt2,unsat,0.0
/meti-tarski/atan/problem/2/weak/atan-problem-2-weak-chunk-0117.smt2,unsat,0.1
/meti-tarski/atan/problem/2/weak/atan-problem-2-weak-chunk-0071.smt2,sat,0.0
/meti-tarski/atan/problem/2/weak/atan-problem-2-weak-chunk-0041.smt2,unsat,0.0
/meti-tarski/atan/problem/2/weak/atan-problem-2-weak-chunk-0219.smt2,unsat,0.0
/meti-tarski/atan/problem/2/weak/atan-problem-2-weak-chunk-0008.smt2,sat,0.0
/meti-tarski/atan/problem/2/weak/atan-problem-2-weak-chunk-0152.smt2,sat,0.029449939727783203
/meti-tarski/atan/problem/2/weak/atan-problem-2-weak-chunk-0045.smt2,unsat,0.0
/meti-tarski/atan/problem/2/weak/atan-problem-2-weak-chunk-0093.smt2,sat,0.0
/meti-tarski/atan/problem/2/weak/atan-problem-2-weak-chunk-0102.smt2,sat,0.0
/meti-tarski/atan/problem/2/weak/atan-problem-2-weak-chunk-0157.smt2,sat,0.0
/meti-tarski/atan/problem/2/weak/atan-problem-2-weak-chunk-0113.smt2,unsat,0.0
/meti-tarski/atan/problem/2/weak/atan-problem-2-weak-chunk-0187.smt2,unsat,0.0
/meti-tarski/atan/problem/2/weak/atan-problem-2-weak-chunk-0213.smt2,sat,0.0
/meti-tarski/atan/problem/2/weak/atan-problem-2-weak-chunk-0135.smt2,sat,0.0
/meti-tarski/atan/problem/2/weak/atan-problem-2-weak-chunk-0052.smt2,unsat,0.0
/meti-tarski/atan/problem/2/weak/atan-problem-2-weak-chunk-0043.smt2,sat,0.0
/meti-tarski/atan/problem/2/weak/atan-problem-2-weak-chunk-0092.smt2,sat,0.0
/meti-tarski/atan/problem/2/weak/atan-problem-2-weak-chunk-0181.smt2,unsat,0.0
/meti-tarski/atan/problem/2/weak/atan-problem-2-weak-chunk-0076.smt2,unsat,0.0
/meti-tarski/atan/problem/2/weak/atan-problem-2-weak-chunk-0101.smt2,unsat,0.0
/meti-tarski/atan/problem/2/weak/atan-problem-2-weak-chunk-0133.smt2,unsat,0.0
/meti-tarski/atan/problem/2/weak/atan-problem-2-weak-chunk-0156.smt2,unsat,0.0
/meti-tarski/atan/problem/2/weak/atan-problem-2-weak-chunk-0208.smt2,sat,0.03194904327392578
/meti-tarski/atan/problem/2/weak/atan-problem-2-weak-chunk-0173.smt2,sat,0.0
/meti-tarski/atan/problem/2/weak/atan-problem-2-weak-chunk-0032.smt2,unsat,0.0
/meti-tarski/atan/problem/2/weak/atan-problem-2-weak-chunk-0099.smt2,sat,0.0
/meti-tarski/atan/problem/2/weak/atan-problem-2-weak-chunk-0031.smt2,unsat,0.0
/meti-tarski/atan/problem/2/weak/atan-problem-2-weak-chunk-0193.smt2,sat,0.04631996154785156
/meti-tarski/atan/problem/2/weak/atan-problem-2-weak-chunk-0044.smt2,sat,0.0
/meti-tarski/atan/problem/2/weak/atan-problem-2-weak-chunk-0100.smt2,sat,0.0
/meti-tarski/atan/problem/2/weak/atan-problem-2-weak-chunk-0103.smt2,unsat,0.0
/meti-tarski/atan/problem/2/weak/atan-problem-2-weak-chunk-0194.smt2,sat,0.0
/meti-tarski/atan/problem/2/weak/atan-problem-2-weak-chunk-0141.smt2,sat,0.0
/meti-tarski/atan/problem/2/weak/atan-problem-2-weak-chunk-0029.smt2,unsat,0.0
/meti-tarski/atan/problem/2/weak/atan-problem-2-weak-chunk-0075.smt2,sat,0.0
/meti-tarski/atan/problem/2/weak/atan-problem-2-weak-chunk-0149.smt2,sat,0.0
/meti-tarski/atan/problem/2/weak/atan-problem-2-weak-chunk-0192.smt2,sat,0.0
/meti-tarski/atan/problem/2/weak/atan-problem-2-weak-chunk-0223.smt2,sat,0.0
/meti-tarski/atan/problem/2/weak/atan-problem-2-weak-chunk-0107.smt2,unsat,0.0
/meti-tarski/atan/problem/2/weak/atan-problem-2-weak-chunk-0221.smt2,unsat,0.0
/meti-tarski/atan/problem/2/weak/atan-problem-2-weak-chunk-0067.smt2,unsat,0.0
/meti-tarski/atan/problem/2/weak/atan-problem-2-weak-chunk-0053.smt2,sat,0.0
/meti-tarski/atan/problem/2/weak/atan-problem-2-weak-chunk-0153.smt2,sat,0.0
/meti-tarski/atan/problem/2/weak/atan-problem-2-weak-chunk-0125.smt2,sat,0.0
/meti-tarski/atan/problem/2/weak/atan-problem-2-weak-chunk-0009.smt2,sat,0.0
/meti-tarski/atan/problem/2/weak/atan-problem-2-weak-chunk-0154.smt2,sat,0.0
/meti-tarski/atan/problem/2/weak/atan-problem-2-weak-chunk-0165.smt2,sat,0.0
/meti-tarski/atan/problem/2/weak/atan-problem-2-weak-chunk-0023.smt2,sat,0.0
/meti-tarski/atan/problem/2/weak/atan-problem-2-weak-chunk-0028.smt2,sat,0.0
/meti-tarski/atan/problem/2/weak/atan-problem-2-weak-chunk-0090.smt2,sat,0.0
/meti-tarski/atan/problem/2/weak/atan-problem-2-weak-chunk-0095.smt2,sat,0.0
/meti-tarski/atan/problem/2/weak/atan-problem-2-weak-chunk-0061.smt2,unsat,0.0
/meti-tarski/atan/problem/2/weak/atan-problem-2-weak-chunk-0112.smt2,unsat,0.0
/meti-tarski/atan/problem/2/weak/atan-problem-2-weak-chunk-0210.smt2,sat,0.0
/meti-tarski/atan/problem/2/weak/atan-problem-2-weak-chunk-0080.smt2,unsat,0.0
/meti-tarski/atan/problem/2/weak/atan-problem-2-weak-chunk-0209.smt2,sat,0.028916120529174805
/meti-tarski/atan/problem/2/weak/atan-problem-2-weak-chunk-0138.smt2,sat,0.0
/meti-tarski/atan/problem/2/weak/atan-problem-2-weak-chunk-0151.smt2,sat,0.037351369857788086
/meti-tarski/atan/problem/2/weak/atan-problem-2-weak-chunk-0088.smt2,sat,0.0
/meti-tarski/atan/problem/2/weak/atan-problem-2-weak-chunk-0098.smt2,sat,0.0
/meti-tarski/atan/problem/2/weak/atan-problem-2-weak-chunk-0019.smt2,sat,0.0
/meti-tarski/atan/problem/2/weak/atan-problem-2-weak-chunk-0177.smt2,sat,0.0
/meti-tarski/atan/problem/2/weak/atan-problem-2-weak-chunk-0189.smt2,sat,0.0
/meti-tarski/atan/problem/2/weak/atan-problem-2-weak-chunk-0064.smt2,sat,0.0
/meti-tarski/atan/problem/2/weak/atan-problem-2-weak-chunk-0140.smt2,unsat,0.0
/meti-tarski/atan/problem/2/weak/atan-problem-2-weak-chunk-0106.smt2,sat,0.0
/meti-tarski/atan/problem/2/weak/atan-problem-2-weak-chunk-0167.smt2,sat,0.0
/meti-tarski/atan/problem/2/weak/atan-problem-2-weak-chunk-0126.smt2,unsat,0.0
/meti-tarski/atan/problem/2/weak/atan-problem-2-weak-chunk-0174.smt2,unsat,0.0
/meti-tarski/atan/problem/2/weak/atan-problem-2-weak-chunk-0158.smt2,unsat,0.0
/meti-tarski/atan/problem/2/weak/atan-problem-2-weak-chunk-0132.smt2,unsat,0.0
/meti-tarski/atan/problem/2/weak/atan-problem-2-weak-chunk-0087.smt2,unsat,0.0
/meti-tarski/atan/problem/2/weak/atan-problem-2-weak-chunk-0168.smt2,sat,0.0
/meti-tarski/atan/problem/2/weak/atan-problem-2-weak-chunk-0130.smt2,sat,0.0
/meti-tarski/atan/problem/2/weak/atan-problem-2-weak-chunk-0062.smt2,sat,0.0
/meti-tarski/atan/problem/2/weak/atan-problem-2-weak-chunk-0183.smt2,unsat,0.0
/meti-tarski/atan/problem/2/weak/atan-problem-2-weak-chunk-0022.smt2,sat,0.0
/meti-tarski/atan/problem/2/weak/atan-problem-2-weak-chunk-0201.smt2,unsat,0.1
/meti-tarski/atan/problem/2/weak/atan-problem-2-weak-chunk-0206.smt2,sat,0.0
/meti-tarski/atan/problem/2/weak/atan-problem-2-weak-chunk-0079.smt2,sat,0.0
/meti-tarski/atan/problem/2/weak/atan-problem-2-weak-chunk-0051.smt2,sat,0.0
/meti-tarski/atan/problem/2/weak/atan-problem-2-weak-chunk-0042.smt2,unsat,0.0
/meti-tarski/atan/problem/2/weak/atan-problem-2-weak-chunk-0058.smt2,sat,0.0
/meti-tarski/atan/problem/2/weak/atan-problem-2-weak-chunk-0078.smt2,sat,0.0
/meti-tarski/atan/problem/2/weak/atan-problem-2-weak-chunk-0066.smt2,sat,0.0
/meti-tarski/atan/problem/2/weak/atan-problem-2-weak-chunk-0218.smt2,sat,0.0
/meti-tarski/atan/problem/2/weak/atan-problem-2-weak-chunk-0164.smt2,unsat,0.3
/meti-tarski/atan/problem/2/weak/atan-problem-2-weak-chunk-0069.smt2,sat,0.0
/meti-tarski/atan/problem/2/weak/atan-problem-2-weak-chunk-0204.smt2,sat,0.0
/meti-tarski/atan/problem/2/weak/atan-problem-2-weak-chunk-0217.smt2,sat,0.0
/meti-tarski/atan/problem/2/weak/atan-problem-2-weak-chunk-0027.smt2,sat,0.0
/meti-tarski/atan/problem/2/weak/atan-problem-2-weak-chunk-0055.smt2,unsat,0.0
/meti-tarski/atan/problem/2/weak/atan-problem-2-weak-chunk-0186.smt2,unsat,0.0
/meti-tarski/atan/problem/2/weak/atan-problem-2-weak-chunk-0111.smt2,sat,0.0
/meti-tarski/atan/problem/2/weak/atan-problem-2-weak-chunk-0127.smt2,unsat,0.0
/meti-tarski/atan/problem/2/weak/atan-problem-2-weak-chunk-0109.smt2,unsat,0.0
/meti-tarski/atan/problem/2/weak/atan-problem-2-weak-chunk-0182.smt2,sat,0.0
/meti-tarski/atan/problem/2/weak/atan-problem-2-weak-chunk-0131.smt2,sat,0.0
/meti-tarski/atan/problem/2/weak/atan-problem-2-weak-chunk-0048.smt2,sat,0.0
/meti-tarski/atan/problem/2/weak/atan-problem-2-weak-chunk-0122.smt2,unsat,0.0
/meti-tarski/atan/problem/2/weak/atan-problem-2-weak-chunk-0227.smt2,sat,0.0
/meti-tarski/atan/problem/2/weak/atan-problem-2-weak-chunk-0014.smt2,sat,0.0
/meti-tarski/atan/problem/2/weak/atan-problem-2-weak-chunk-0063.smt2,unsat,0.0
/meti-tarski/atan/problem/2/weak/atan-problem-2-weak-chunk-0171.smt2,sat,0.0
/meti-tarski/atan/problem/2/weak/atan-problem-2-weak-chunk-0196.smt2,sat,0.0404205322265625
/meti-tarski/atan/problem/2/weak/atan-problem-2-weak-chunk-0147.smt2,sat,0.0
/meti-tarski/atan/problem/2/weak/atan-problem-2-weak-chunk-0179.smt2,unsat,0.0
/meti-tarski/atan/problem/2/weak/atan-problem-2-weak-chunk-0159.smt2,sat,0.0
/meti-tarski/atan/problem/2/weak/atan-problem-2-weak-chunk-0084.smt2,sat,0.0
/meti-tarski/atan/problem/2/weak/atan-problem-2-weak-chunk-0137.smt2,unsat,0.0
/meti-tarski/atan/problem/2/weak/atan-problem-2-weak-chunk-0120.smt2,sat,0.0
/meti-tarski/atan/problem/2/weak/atan-problem-2-weak-chunk-0057.smt2,unsat,0.0
/meti-tarski/atan/problem/2/weak/atan-problem-2-weak-chunk-0184.smt2,sat,0.0
/meti-tarski/atan/problem/2/weak/atan-problem-2-weak-chunk-0161.smt2,sat,0.0
/meti-tarski/atan/problem/2/weak/atan-problem-2-weak-chunk-0166.smt2,unsat,4.1
/meti-tarski/atan/problem/2/weak/atan-problem-2-weak-chunk-0012.smt2,sat,0.0
/meti-tarski/atan/problem/2/weak/atan-problem-2-weak-chunk-0083.smt2,sat,0.0
/meti-tarski/atan/problem/2/weak/atan-problem-2-weak-chunk-0104.smt2,unsat,0.0
/meti-tarski/atan/problem/2/weak/atan-problem-2-weak-chunk-0169.smt2,unsat,0.0
/meti-tarski/atan/problem/2/weak/atan-problem-2-weak-chunk-0056.smt2,unsat,0.0
/meti-tarski/atan/problem/2/weak/atan-problem-2-weak-chunk-0089.smt2,sat,0.0
/meti-tarski/atan/problem/2/weak/atan-problem-2-weak-chunk-0123.smt2,unsat,0.0
/meti-tarski/atan/problem/2/weak/atan-problem-2-weak-chunk-0060.smt2,sat,0.0
/meti-tarski/atan/problem/2/weak/atan-problem-2-weak-chunk-0199.smt2,unsat,0.0
/meti-tarski/atan/problem/2/atan-problem-2-chunk-0053.smt2,sat,0.0
/meti-tarski/atan/problem/2/atan-problem-2-chunk-0015.smt2,unsat,0.0
/meti-tarski/atan/problem/2/atan-problem-2-chunk-0058.smt2,unsat,0.0
/meti-tarski/atan/problem/2/atan-problem-2-chunk-0042.smt2,sat,0.0
/meti-tarski/atan/problem/2/atan-problem-2-chunk-0064.smt2,unsat,0.0
/meti-tarski/atan/problem/2/atan-problem-2-chunk-0073.smt2,sat,0.0
/meti-tarski/atan/problem/2/atan-problem-2-chunk-0083.smt2,sat,0.0
/meti-tarski/atan/problem/2/atan-problem-2-chunk-0096.smt2,unsat,0.0
/meti-tarski/atan/problem/2/atan-problem-2-chunk-0014.smt2,sat,0.0
/meti-tarski/atan/problem/2/atan-problem-2-chunk-0069.smt2,sat,0.0
/meti-tarski/atan/problem/2/atan-problem-2-chunk-0070.smt2,unsat,0.0
/meti-tarski/atan/problem/2/atan-problem-2-chunk-0046.smt2,sat,0.0
/meti-tarski/atan/problem/2/atan-problem-2-chunk-0056.smt2,unsat,0.0
/meti-tarski/atan/problem/2/atan-problem-2-chunk-0087.smt2,unsat,0.0
/meti-tarski/atan/problem/2/atan-problem-2-chunk-0067.smt2,sat,0.0
/meti-tarski/atan/problem/2/atan-problem-2-chunk-0062.smt2,sat,0.0
/meti-tarski/atan/problem/2/atan-problem-2-chunk-0095.smt2,sat,0.0
/meti-tarski/atan/problem/2/atan-problem-2-chunk-0119.smt2,sat,0.0
/meti-tarski/atan/problem/2/atan-problem-2-chunk-0115.smt2,sat,0.0
/meti-tarski/atan/problem/2/atan-problem-2-chunk-0114.smt2,sat,0.0
/meti-tarski/atan/problem/2/atan-problem-2-chunk-0024.smt2,sat,0.0
/meti-tarski/atan/problem/2/atan-problem-2-chunk-0091.smt2,unsat,0.0
/meti-tarski/atan/problem/2/atan-problem-2-chunk-0037.smt2,unsat,0.0
/meti-tarski/atan/problem/2/atan-problem-2-chunk-0011.smt2,sat,0.0
/meti-tarski/atan/problem/2/atan-problem-2-chunk-0059.smt2,sat,0.0
/meti-tarski/atan/problem/2/atan-problem-2-chunk-0113.smt2,unsat,0.0
/meti-tarski/atan/problem/2/atan-problem-2-chunk-0054.smt2,unsat,0.0
/meti-tarski/atan/problem/2/atan-problem-2-chunk-0033.smt2,sat,0.0
/meti-tarski/atan/problem/2/atan-problem-2-chunk-0016.smt2,unsat,0.0
/meti-tarski/atan/problem/2/atan-problem-2-chunk-0104.smt2,sat,0.0
/meti-tarski/atan/problem/2/atan-problem-2-chunk-0068.smt2,sat,0.0
/meti-tarski/atan/problem/2/atan-problem-2-chunk-0092.smt2,unsat,0.0
/meti-tarski/atan/problem/2/atan-problem-2-chunk-0022.smt2,unsat,0.0
/meti-tarski/atan/problem/2/atan-problem-2-chunk-0116.smt2,unsat,0.0
/meti-tarski/atan/problem/2/atan-problem-2-chunk-0112.smt2,sat,0.0
/meti-tarski/atan/problem/2/weak2/atan-problem-2-weak2-chunk-0071.smt2,sat,0.0
/meti-tarski/atan/problem/2/weak2/atan-problem-2-weak2-chunk-0045.smt2,sat,0.0
/meti-tarski/atan/problem/2/weak2/atan-problem-2-weak2-chunk-0053.smt2,sat,0.0
/meti-tarski/atan/problem/2/weak2/atan-problem-2-weak2-chunk-0113.smt2,sat,0.0
/meti-tarski/atan/problem/2/weak2/atan-problem-2-weak2-chunk-0015.smt2,unsat,0.0
/meti-tarski/atan/problem/2/weak2/atan-problem-2-weak2-chunk-0069.smt2,unsat,0.0
/meti-tarski/atan/problem/2/weak2/atan-problem-2-weak2-chunk-0125.smt2,sat,0.0
/meti-tarski/atan/problem/2/weak2/atan-problem-2-weak2-chunk-0072.smt2,sat,0.0
/meti-tarski/atan/problem/2/weak2/atan-problem-2-weak2-chunk-0067.smt2,sat,0.0
/meti-tarski/atan/problem/2/weak2/atan-problem-2-weak2-chunk-0048.smt2,unsat,0.0
/meti-tarski/atan/problem/2/weak2/atan-problem-2-weak2-chunk-0091.smt2,unsat,0.0
/meti-tarski/atan/problem/2/weak2/atan-problem-2-weak2-chunk-0088.smt2,sat,0.0
/meti-tarski/atan/problem/2/weak2/atan-problem-2-weak2-chunk-0063.smt2,sat,0.0
/meti-tarski/atan/problem/2/weak2/atan-problem-2-weak2-chunk-0044.smt2,unsat,0.0
/meti-tarski/atan/problem/2/weak2/atan-problem-2-weak2-chunk-0090.smt2,sat,0.0
/meti-tarski/atan/problem/2/weak2/atan-problem-2-weak2-chunk-0085.smt2,unsat,0.0
/meti-tarski/atan/problem/2/weak2/atan-problem-2-weak2-chunk-0092.smt2,unsat,0.0
/meti-tarski/atan/problem/2/weak2/atan-problem-2-weak2-chunk-0096.smt2,unsat,0.0
/meti-tarski/atan/problem/2/weak2/atan-problem-2-weak2-chunk-0138.smt2,sat,0.0
/meti-tarski/atan/problem/2/weak2/atan-problem-2-weak2-chunk-0046.smt2,unsat,0.0
/meti-tarski/atan/problem/2/weak2/atan-problem-2-weak2-chunk-0023.smt2,unsat,0.0
/meti-tarski/atan/problem/2/weak2/atan-problem-2-weak2-chunk-0065.smt2,sat,0.0
/meti-tarski/atan/problem/2/weak2/atan-problem-2-weak2-chunk-0137.smt2,sat,0.0
/meti-tarski/atan/problem/2/weak2/atan-problem-2-weak2-chunk-0099.smt2,unsat,0.0
/meti-tarski/atan/problem/2/weak2/atan-problem-2-weak2-chunk-0021.smt2,sat,0.0
/meti-tarski/atan/problem/2/weak2/atan-problem-2-weak2-chunk-0022.smt2,unsat,0.0
/meti-tarski/atan/problem/2/weak2/atan-problem-2-weak2-chunk-0089.smt2,sat,0.0
/meti-tarski/atan/problem/2/weak2/atan-problem-2-weak2-chunk-0056.smt2,sat,0.0
/meti-tarski/atan/problem/2/weak2/atan-problem-2-weak2-chunk-0008.smt2,unsat,0.0
/meti-tarski/atan/problem/2/weak2/atan-problem-2-weak2-chunk-0128.smt2,sat,0.0
/meti-tarski/atan/problem/2/weak2/atan-problem-2-weak2-chunk-0042.smt2,sat,0.0
/meti-tarski/atan/problem/2/weak2/atan-problem-2-weak2-chunk-0120.smt2,sat,0.0
/meti-tarski/atan/problem/2/weak2/atan-problem-2-weak2-chunk-0097.smt2,sat,0.0
/meti-tarski/atan/problem/2/weak2/atan-problem-2-weak2-chunk-0079.smt2,unsat,0.0
/meti-tarski/atan/problem/2/weak2/atan-problem-2-weak2-chunk-0135.smt2,unsat,0.0
/meti-tarski/atan/problem/2/weak2/atan-problem-2-weak2-chunk-0007.smt2,unsat,0.0
/meti-tarski/atan/problem/2/weak2/atan-problem-2-weak2-chunk-0029.smt2,unsat,0.0
/meti-tarski/atan/problem/2/weak2/atan-problem-2-weak2-chunk-0057.smt2,sat,0.0
/meti-tarski/atan/problem/2/weak2/atan-problem-2-weak2-chunk-0110.smt2,sat,0.0
/meti-tarski/atan/problem/2/weak2/atan-problem-2-weak2-chunk-0058.smt2,unsat,0.0
/meti-tarski/atan/problem/2/weak2/atan-problem-2-weak2-chunk-0070.smt2,sat,0.0
/meti-tarski/atan/problem/2/weak2/atan-problem-2-weak2-chunk-0050.smt2,unsat,0.0
/meti-tarski/atan/problem/2/weak2/atan-problem-2-weak2-chunk-0047.smt2,sat,0.0
/meti-tarski/atan/problem/2/weak2/atan-problem-2-weak2-chunk-0010.smt2,unsat,0.0
/meti-tarski/atan/problem/2/weak2/atan-problem-2-weak2-chunk-0133.smt2,sat,0.0
/meti-tarski/atan/problem/2/weak2/atan-problem-2-weak2-chunk-0040.smt2,sat,0.0
/meti-tarski/atan/problem/2/weak2/atan-problem-2-weak2-chunk-0101.smt2,unsat,0.0
/meti-tarski/atan/problem/2/weak2/atan-problem-2-weak2-chunk-0087.smt2,unsat,0.0
/meti-tarski/atan/problem/2/weak2/atan-problem-2-weak2-chunk-0122.smt2,unsat,0.0
/meti-tarski/atan/problem/2/weak2/atan-problem-2-weak2-chunk-0111.smt2,unsat,0.0
/meti-tarski/atan/problem/2/weak2/atan-problem-2-weak2-chunk-0112.smt2,unsat,0.0
/meti-tarski/atan/problem/2/weak2/atan-problem-2-weak2-chunk-0117.smt2,sat,0.0
/meti-tarski/atan/problem/2/weak2/atan-problem-2-weak2-chunk-0013.smt2,sat,0.0
/meti-tarski/atan/problem/2/weak2/atan-problem-2-weak2-chunk-0068.smt2,sat,0.0
/meti-tarski/atan/problem/2/weak2/atan-problem-2-weak2-chunk-0094.smt2,unsat,0.0
/meti-tarski/atan/problem/2/weak2/atan-problem-2-weak2-chunk-0082.smt2,unsat,0.0
/meti-tarski/atan/problem/2/weak2/atan-problem-2-weak2-chunk-0049.smt2,sat,0.0
/meti-tarski/atan/problem/2/weak2/atan-problem-2-weak2-chunk-0043.smt2,unsat,0.0
/meti-tarski/atan/problem/2/weak2/atan-problem-2-weak2-chunk-0130.smt2,sat,0.0
/meti-tarski/atan/problem/2/weak2/atan-problem-2-weak2-chunk-0095.smt2,sat,0.0
/meti-tarski/atan/problem/2/weak2/atan-problem-2-weak2-chunk-0098.smt2,sat,0.0
/meti-tarski/atan/problem/2/weak2/atan-problem-2-weak2-chunk-0012.smt2,unsat,0.0
/meti-tarski/atan/problem/2/weak2/atan-problem-2-weak2-chunk-0124.smt2,sat,0.0
/meti-tarski/atan/problem/2/weak2/atan-problem-2-weak2-chunk-0102.smt2,unsat,0.0
/meti-tarski/atan/problem/2/weak2/atan-problem-2-weak2-chunk-0075.smt2,sat,0.0
/meti-tarski/atan/problem/2/weak2/atan-problem-2-weak2-chunk-0100.smt2,sat,0.0
/meti-tarski/atan/problem/2/weak2/atan-problem-2-weak2-chunk-0018.smt2,sat,0.0
/meti-tarski/atan/problem/2/weak2/atan-problem-2-weak2-chunk-0105.smt2,sat,0.0
/meti-tarski/atan/problem/2/weak2/atan-problem-2-weak2-chunk-0020.smt2,unsat,0.0
/meti-tarski/atan/problem/2/weak2/atan-problem-2-weak2-chunk-0028.smt2,unsat,0.0
/meti-tarski/atan/problem/2/weak2/atan-problem-2-weak2-chunk-0074.smt2,sat,0.0
/meti-tarski/atan/problem/2/weak2/atan-problem-2-weak2-chunk-0055.smt2,unsat,0.0
/meti-tarski/atan/problem/2/weak2/atan-problem-2-weak2-chunk-0083.smt2,sat,0.0
/meti-tarski/atan/problem/2/weak2/atan-problem-2-weak2-chunk-0077.smt2,sat,0.0
/meti-tarski/atan/problem/2/weak2/atan-problem-2-weak2-chunk-0103.smt2,sat,0.0
/meti-tarski/atan/problem/2/weak2/atan-problem-2-weak2-chunk-0134.smt2,sat,0.0
/meti-tarski/atan/problem/2/weak2/atan-problem-2-weak2-chunk-0136.smt2,sat,0.0
/meti-tarski/atan/problem/2/weak2/atan-problem-2-weak2-chunk-0093.smt2,sat,0.0
/meti-tarski/atan/problem/2/weak2/atan-problem-2-weak2-chunk-0086.smt2,sat,0.0
/meti-tarski/atan/problem/2/weak2/atan-problem-2-weak2-chunk-0024.smt2,sat,0.0
/meti-tarski/atan/problem/2/weak2/atan-problem-2-weak2-chunk-0061.smt2,sat,0.0
/meti-tarski/atan/problem/2/weak2/atan-problem-2-weak2-chunk-0073.smt2,unsat,0.0
/meti-tarski/atan/problem/2/weak2/atan-problem-2-weak2-chunk-0011.smt2,sat,0.0
/meti-tarski/atan/problem/2/weak2/atan-problem-2-weak2-chunk-0080.smt2,sat,0.0
/meti-tarski/atan/problem/2/weak2/atan-problem-2-weak2-chunk-0115.smt2,unsat,0.0
/meti-tarski/atan/problem/2/weak2/atan-problem-2-weak2-chunk-0006.smt2,sat,0.0
/meti-tarski/atan/problem/2/weak2/atan-problem-2-weak2-chunk-0114.smt2,unsat,0.0
/meti-tarski/atan/problem/2/weak2/atan-problem-2-weak2-chunk-0123.smt2,sat,0.0
/meti-tarski/atan/problem/2/weak2/atan-problem-2-weak2-chunk-0078.smt2,sat,0.0
/meti-tarski/atan/problem/2/weak2/atan-problem-2-weak2-chunk-0108.smt2,sat,0.0
/meti-tarski/atan/problem/2/weak2/atan-problem-2-weak2-chunk-0041.smt2,unsat,0.0
/meti-tarski/atan/problem/2/weak2/atan-problem-2-weak2-chunk-0025.smt2,unsat,0.0
/meti-tarski/atan/problem/2/weak2/atan-problem-2-weak2-chunk-0019.smt2,sat,0.0
/meti-tarski/atan/problem/2/weak2/atan-problem-2-weak2-chunk-0064.smt2,unsat,0.0
/meti-tarski/atan/problem/2/weak2/atan-problem-2-weak2-chunk-0027.smt2,sat,0.0
/meti-tarski/atan/problem/2/atan-problem-2-chunk-0101.smt2,unsat,0.1
/meti-tarski/atan/problem/2/atan-problem-2-chunk-0010.smt2,sat,0.0
/meti-tarski/atan/problem/2/atan-problem-2-chunk-0071.smt2,unsat,0.0
/meti-tarski/atan/problem/2/atan-problem-2-chunk-0107.smt2,unsat,0.0
/meti-tarski/atan/problem/2/atan-problem-2-chunk-0020.smt2,unsat,0.0
/meti-tarski/atan/problem/2/atan-problem-2-chunk-0061.smt2,sat,0.0
/meti-tarski/atan/problem/2/atan-problem-2-chunk-0074.smt2,sat,0.0
/meti-tarski/atan/problem/2/atan-problem-2-chunk-0086.smt2,sat,0.0
/meti-tarski/atan/problem/2/atan-problem-2-chunk-0036.smt2,sat,0.0
/meti-tarski/atan/problem/2/atan-problem-2-chunk-0030.smt2,unsat,0.0
/meti-tarski/atan/problem/2/atan-problem-2-chunk-0055.smt2,sat,0.0
/meti-tarski/atan/problem/2/atan-problem-2-chunk-0043.smt2,sat,0.0
/meti-tarski/atan/problem/2/atan-problem-2-chunk-0106.smt2,unsat,0.0
/meti-tarski/atan/problem/2/atan-problem-2-chunk-0012.smt2,sat,0.0
/meti-tarski/atan/problem/2/atan-problem-2-chunk-0026.smt2,unsat,0.0
/meti-tarski/atan/problem/2/weakT/atan-problem-2-weakT-chunk-0035.smt2,sat,0.0
/meti-tarski/atan/problem/2/weakT/atan-problem-2-weakT-chunk-0046.smt2,sat,0.0
/meti-tarski/atan/problem/2/weakT/atan-problem-2-weakT-chunk-0015.smt2,sat,0.0
/meti-tarski/atan/problem/2/weakT/atan-problem-2-weakT-chunk-0054.smt2,sat,0.0
/meti-tarski/atan/problem/2/weakT/atan-problem-2-weakT-chunk-0040.smt2,sat,0.0
/meti-tarski/atan/problem/2/weakT/atan-problem-2-weakT-chunk-0051.smt2,sat,0.0
/meti-tarski/atan/problem/2/weakT/atan-problem-2-weakT-chunk-0039.smt2,unsat,0.0
/meti-tarski/atan/problem/2/weakT/atan-problem-2-weakT-chunk-0020.smt2,unsat,0.0
/meti-tarski/atan/problem/2/weakT/atan-problem-2-weakT-chunk-0018.smt2,sat,0.0
/meti-tarski/atan/problem/2/weakT/atan-problem-2-weakT-chunk-0034.smt2,unsat,0.0
/meti-tarski/atan/problem/2/weakT/atan-problem-2-weakT-chunk-0021.smt2,sat,0.0
/meti-tarski/atan/problem/2/weakT/atan-problem-2-weakT-chunk-0042.smt2,unsat,0.0
/meti-tarski/atan/problem/2/weakT/atan-problem-2-weakT-chunk-0031.smt2,unsat,0.0
/meti-tarski/atan/problem/2/weakT/atan-problem-2-weakT-chunk-0024.smt2,unsat,0.0
/meti-tarski/atan/problem/2/weakT/atan-problem-2-weakT-chunk-0009.smt2,sat,0.0
/meti-tarski/atan/problem/2/weakT/atan-problem-2-weakT-chunk-0058.smt2,sat,0.0
/meti-tarski/atan/problem/2/weakT/atan-problem-2-weakT-chunk-0028.smt2,unsat,0.0
/meti-tarski/atan/problem/2/weakT/atan-problem-2-weakT-chunk-0041.smt2,sat,0.0
/meti-tarski/atan/problem/2/weakT/atan-problem-2-weakT-chunk-0026.smt2,sat,0.0
/meti-tarski/atan/problem/2/weakT/atan-problem-2-weakT-chunk-0044.smt2,sat,0.0
/meti-tarski/atan/problem/2/weakT/atan-problem-2-weakT-chunk-0032.smt2,sat,0.0
/meti-tarski/atan/problem/2/weakT/atan-problem-2-weakT-chunk-0012.smt2,sat,0.0
/meti-tarski/atan/problem/2/weakT/atan-problem-2-weakT-chunk-0030.smt2,unsat,0.0
/meti-tarski/atan/problem/2/weakT/atan-problem-2-weakT-chunk-0023.smt2,sat,0.0
/meti-tarski/atan/problem/2/weakT/atan-problem-2-weakT-chunk-0057.smt2,sat,0.0
/meti-tarski/atan/problem/2/weakT/atan-problem-2-weakT-chunk-0056.smt2,unsat,0.0
/meti-tarski/atan/problem/2/weakT/atan-problem-2-weakT-chunk-0027.smt2,unsat,0.0
/meti-tarski/atan/problem/2/weakT/atan-problem-2-weakT-chunk-0049.smt2,sat,0.0
/meti-tarski/atan/problem/2/weakT/atan-problem-2-weakT-chunk-0059.smt2,unsat,0.0
/meti-tarski/atan/problem/2/weakT/atan-problem-2-weakT-chunk-0019.smt2,sat,0.0
/meti-tarski/atan/problem/2/weakT/atan-problem-2-weakT-chunk-0055.smt2,unsat,0.0
/meti-tarski/atan/problem/2/weakT/atan-problem-2-weakT-chunk-0008.smt2,sat,0.0
/meti-tarski/atan/problem/2/weakT/atan-problem-2-weakT-chunk-0029.smt2,sat,0.0
/meti-tarski/atan/problem/2/weakT/atan-problem-2-weakT-chunk-0036.smt2,sat,0.0
/meti-tarski/atan/problem/2/weakT/atan-problem-2-weakT-chunk-0047.smt2,sat,0.0
/meti-tarski/atan/problem/2/weakT/atan-problem-2-weakT-chunk-0045.smt2,sat,0.0
/meti-tarski/atan/problem/2/weakT/atan-problem-2-weakT-chunk-0010.smt2,sat,0.0
/meti-tarski/atan/problem/2/weakT/atan-problem-2-weakT-chunk-0060.smt2,sat,0.0
/meti-tarski/atan/problem/2/weakT/atan-problem-2-weakT-chunk-0017.smt2,unsat,0.0
/meti-tarski/atan/problem/2/weakT/atan-problem-2-weakT-chunk-0033.smt2,sat,0.0
/meti-tarski/atan/problem/2/weakT/atan-problem-2-weakT-chunk-0037.smt2,unsat,0.0
/meti-tarski/atan/problem/2/weakT/atan-problem-2-weakT-chunk-0043.smt2,sat,0.0
/meti-tarski/atan/problem/2/weakT/atan-problem-2-weakT-chunk-0048.smt2,sat,0.0
/meti-tarski/atan/problem/2/weakT/atan-problem-2-weakT-chunk-0025.smt2,sat,0.0
/meti-tarski/atan/problem/2/atan-problem-2-chunk-0103.smt2,sat,0.0
/meti-tarski/atan/problem/2/atan-problem-2-chunk-0041.smt2,unsat,0.0
/meti-tarski/atan/problem/2/atan-problem-2-chunk-0027.smt2,sat,0.0
/meti-tarski/atan/problem/2/atan-problem-2-chunk-0080.smt2,unsat,0.0
/meti-tarski/atan/problem/2/atan-problem-2-chunk-0050.smt2,sat,0.0
/meti-tarski/atan/problem/2/atan-problem-2-chunk-0021.smt2,sat,0.0
/meti-tarski/atan/problem/2/atan-problem-2-chunk-0025.smt2,unsat,0.0
/meti-tarski/atan/problem/2/atan-problem-2-chunk-0040.smt2,unsat,0.0
/meti-tarski/atan/problem/2/atan-problem-2-chunk-0077.smt2,sat,0.0
/meti-tarski/atan/problem/2/atan-problem-2-chunk-0085.smt2,unsat,0.0
/meti-tarski/atan/problem/2/atan-problem-2-chunk-0031.smt2,sat,0.0
/meti-tarski/atan/problem/2/atan-problem-2-chunk-0084.smt2,sat,0.0
/meti-tarski/atan/problem/2/atan-problem-2-chunk-0072.smt2,sat,0.0
/meti-tarski/atan/problem/2/atan-problem-2-chunk-0044.smt2,sat,0.0
/meti-tarski/atan/problem/2/atan-problem-2-chunk-0048.smt2,sat,0.0
/meti-tarski/atan/problem/2/atan-problem-2-chunk-0039.smt2,unsat,0.0
/meti-tarski/atan/problem/2/atan-problem-2-chunk-0109.smt2,sat,0.0
/meti-tarski/atan/problem/2/atan-problem-2-chunk-0076.smt2,sat,0.0
/meti-tarski/atan/problem/2/atan-problem-2-chunk-0093.smt2,unsat,0.0
/meti-tarski/atan/problem/2/atan-problem-2-chunk-0017.smt2,sat,0.0
/meti-tarski/atan/problem/2/atan-problem-2-chunk-0108.smt2,sat,0.0
/meti-tarski/atan/problem/2/atan-problem-2-chunk-0088.smt2,unsat,0.0
/meti-tarski/atan/problem/2/atan-problem-2-chunk-0097.smt2,unsat,0.0
/meti-tarski/atan/problem/2/atan-problem-2-chunk-0065.smt2,sat,0.0
/meti-tarski/atan/problem/2/atan-problem-2-chunk-0018.smt2,sat,0.0
/meti-tarski/atan/problem/2/atan-problem-2-chunk-0060.smt2,unsat,0.0
/meti-tarski/atan/problem/2/atan-problem-2-chunk-0079.smt2,sat,0.0
/meti-tarski/atan/problem/2/atan-problem-2-chunk-0051.smt2,unsat,0.0
/meti-tarski/CMOS/CMOS-opamp-chunk-0217.smt2,sat,0.0
/meti-tarski/CMOS/CMOS-opamp-chunk-0184.smt2,sat,0.0
/meti-tarski/CMOS/CMOS-opamp-chunk-0286.smt2,sat,0.0
/meti-tarski/CMOS/CMOS-opamp-chunk-0310.smt2,sat,0.0
/meti-tarski/CMOS/CMOS-opamp-chunk-0083.smt2,unsat,0.0
/meti-tarski/CMOS/CMOS-opamp-chunk-0223.smt2,unsat,0.0
/meti-tarski/CMOS/CMOS-opamp-chunk-0100.smt2,sat,0.0
/meti-tarski/CMOS/CMOS-opamp-chunk-0281.smt2,unsat,0.0
/meti-tarski/CMOS/CMOS-opamp-chunk-0196.smt2,sat,0.0
/meti-tarski/CMOS/CMOS-opamp-chunk-0279.smt2,sat,0.0
/meti-tarski/CMOS/CMOS-opamp-chunk-0206.smt2,unsat,0.0
/meti-tarski/CMOS/CMOS-opamp-chunk-0042.smt2,sat,0.0
/meti-tarski/CMOS/CMOS-opamp-chunk-0181.smt2,sat,0.0
/meti-tarski/CMOS/CMOS-opamp-chunk-0176.smt2,sat,0.0
/meti-tarski/CMOS/CMOS-opamp-chunk-0158.smt2,unsat,0.0
/meti-tarski/CMOS/CMOS-opamp-chunk-0308.smt2,unsat,0.0
/meti-tarski/CMOS/CMOS-opamp-chunk-0199.smt2,sat,0.0
/meti-tarski/CMOS/CMOS-opamp-chunk-0295.smt2,unsat,0.0
/meti-tarski/CMOS/CMOS-opamp-chunk-0314.smt2,sat,0.0
/meti-tarski/CMOS/CMOS-opamp-chunk-0251.smt2,sat,0.0
/meti-tarski/CMOS/CMOS-opamp-chunk-0170.smt2,unsat,0.0
/meti-tarski/CMOS/CMOS-opamp-chunk-0126.smt2,sat,0.0
/meti-tarski/CMOS/CMOS-opamp-chunk-0110.smt2,unsat,0.0
/meti-tarski/CMOS/CMOS-opamp-chunk-0054.smt2,sat,0.0
/meti-tarski/CMOS/CMOS-opamp-chunk-0283.smt2,sat,0.0
/meti-tarski/CMOS/CMOS-opamp-chunk-0088.smt2,unsat,0.0
/meti-tarski/CMOS/CMOS-opamp-chunk-0053.smt2,sat,0.0
/meti-tarski/CMOS/CMOS-opamp-chunk-0309.smt2,sat,0.0
/meti-tarski/CMOS/CMOS-opamp-chunk-0298.smt2,sat,0.0
/meti-tarski/CMOS/CMOS-opamp-chunk-0203.smt2,sat,0.0
/meti-tarski/CMOS/CMOS-opamp-chunk-0202.smt2,unsat,0.0
/meti-tarski/CMOS/CMOS-opamp-chunk-0262.smt2,unsat,0.0
/meti-tarski/CMOS/CMOS-opamp-chunk-0304.smt2,sat,0.0
/meti-tarski/CMOS/CMOS-opamp-chunk-0186.smt2,unsat,0.0
/meti-tarski/CMOS/CMOS-opamp-chunk-0218.smt2,unsat,0.0
/meti-tarski/CMOS/CMOS-opamp-chunk-0127.smt2,sat,0.0
/meti-tarski/CMOS/CMOS-opamp-chunk-0029.smt2,sat,0.0
/meti-tarski/CMOS/CMOS-opamp-chunk-0329.smt2,sat,0.0
/meti-tarski/CMOS/CMOS-opamp-chunk-0205.smt2,sat,0.0
/meti-tarski/CMOS/CMOS-opamp-chunk-0225.smt2,unsat,0.0
/meti-tarski/CMOS/CMOS-opamp-chunk-0065.smt2,sat,0.0
/meti-tarski/CMOS/CMOS-opamp-chunk-0099.smt2,sat,0.0
/meti-tarski/CMOS/CMOS-opamp-chunk-0157.smt2,unsat,0.0
/meti-tarski/CMOS/CMOS-opamp-chunk-0169.smt2,sat,0.0
/meti-tarski/CMOS/CMOS-opamp-chunk-0213.smt2,sat,0.0
/meti-tarski/CMOS/CMOS-opamp-chunk-0337.smt2,sat,0.0
/meti-tarski/CMOS/CMOS-opamp-chunk-0277.smt2,unsat,0.0
/meti-tarski/CMOS/CMOS-opamp-chunk-0305.smt2,sat,0.0
/meti-tarski/CMOS/CMOS-opamp-chunk-0178.smt2,sat,0.0
/meti-tarski/CMOS/CMOS-opamp-chunk-0163.smt2,sat,0.0
/meti-tarski/CMOS/CMOS-opamp-chunk-0215.smt2,unsat,0.0
/meti-tarski/CMOS/CMOS-opamp-chunk-0079.smt2,unsat,0.0
/meti-tarski/CMOS/CMOS-opamp-chunk-0265.smt2,sat,0.0
/meti-tarski/CMOS/CMOS-opamp-chunk-0174.smt2,unsat,0.0
/meti-tarski/CMOS/CMOS-opamp-chunk-0167.smt2,sat,0.0
/meti-tarski/CMOS/CMOS-opamp-chunk-0243.smt2,sat,0.0
/meti-tarski/CMOS/CMOS-opamp-chunk-0237.smt2,sat,0.0
/meti-tarski/CMOS/CMOS-opamp-chunk-0234.smt2,sat,0.0
/meti-tarski/CMOS/CMOS-opamp-chunk-0306.smt2,sat,0.0
/meti-tarski/CMOS/CMOS-opamp-chunk-0156.smt2,sat,0.0
/meti-tarski/CMOS/CMOS-opamp-chunk-0335.smt2,unsat,0.06206941604614258
/meti-tarski/CMOS/CMOS-opamp-chunk-0175.smt2,sat,0.0
/meti-tarski/CMOS/CMOS-opamp-chunk-0280.smt2,sat,0.0
/meti-tarski/CMOS/CMOS-opamp-chunk-0187.smt2,sat,0.0
/meti-tarski/CMOS/CMOS-opamp-chunk-0044.smt2,sat,0.0
/meti-tarski/CMOS/CMOS-opamp-chunk-0150.smt2,sat,0.0
/meti-tarski/CMOS/CMOS-opamp-chunk-0238.smt2,sat,0.0
/meti-tarski/CMOS/CMOS-opamp-chunk-0227.smt2,sat,0.0
/meti-tarski/CMOS/CMOS-opamp-chunk-0339.smt2,sat,0.0
/meti-tarski/CMOS/CMOS-opamp-chunk-0094.smt2,sat,0.0
/meti-tarski/CMOS/CMOS-opamp-chunk-0278.smt2,sat,0.0
/meti-tarski/CMOS/CMOS-opamp-chunk-0116.smt2,sat,0.0
/meti-tarski/CMOS/CMOS-opamp-chunk-0073.smt2,unsat,0.0
/meti-tarski/CMOS/CMOS-opamp-chunk-0190.smt2,sat,0.0
/meti-tarski/CMOS/CMOS-opamp-chunk-0168.smt2,sat,0.0
/meti-tarski/CMOS/CMOS-opamp-chunk-0204.smt2,unsat,0.0
/meti-tarski/CMOS/CMOS-opamp-chunk-0017.smt2,unsat,0.0
/meti-tarski/CMOS/CMOS-opamp-chunk-0248.smt2,sat,0.0
/meti-tarski/CMOS/CMOS-opamp-chunk-0207.smt2,sat,0.0
/meti-tarski/CMOS/CMOS-opamp-chunk-0307.smt2,sat,0.0
/meti-tarski/CMOS/CMOS-opamp-chunk-0296.smt2,sat,0.0
/meti-tarski/CMOS/CMOS-opamp-chunk-0292.smt2,unsat,0.0
/meti-tarski/CMOS/CMOS-opamp-chunk-0212.smt2,unsat,0.0
/meti-tarski/CMOS/CMOS-opamp-chunk-0172.smt2,unsat,0.0
/meti-tarski/CMOS/CMOS-opamp-chunk-0133.smt2,sat,0.0
/meti-tarski/CMOS/CMOS-opamp-chunk-0197.smt2,unsat,0.0
/meti-tarski/CMOS/CMOS-opamp-chunk-0258.smt2,sat,0.0
/meti-tarski/CMOS/CMOS-opamp-chunk-0342.smt2,unsat,0.0
/meti-tarski/CMOS/CMOS-opamp-chunk-0161.smt2,unsat,0.0
/meti-tarski/CMOS/CMOS-opamp-chunk-0232.smt2,unsat,0.0
/meti-tarski/CMOS/CMOS-opamp-chunk-0194.smt2,sat,0.0
/meti-tarski/CMOS/CMOS-opamp-chunk-0326.smt2,sat,0.0
/meti-tarski/CMOS/CMOS-opamp-chunk-0148.smt2,sat,0.0
/meti-tarski/CMOS/CMOS-opamp-chunk-0145.smt2,sat,0.0
/meti-tarski/CMOS/CMOS-opamp-chunk-0219.smt2,sat,0.0
/meti-tarski/CMOS/CMOS-opamp-chunk-0188.smt2,sat,0.0
/meti-tarski/CMOS/CMOS-opamp-chunk-0142.smt2,sat,0.0
/meti-tarski/CMOS/CMOS-opamp-chunk-0103.smt2,unsat,0.0
/meti-tarski/CMOS/CMOS-opamp-chunk-0112.smt2,sat,0.0
/meti-tarski/CMOS/CMOS-opamp-chunk-0154.smt2,unsat,0.0
/meti-tarski/CMOS/CMOS-opamp-chunk-0160.smt2,sat,0.0
/meti-tarski/CMOS/CMOS-opamp-chunk-0090.smt2,unsat,0.0
/meti-tarski/CMOS/CMOS-opamp-chunk-0057.smt2,unsat,0.0
/meti-tarski/CMOS/CMOS-opamp-chunk-0318.smt2,sat,0.0
/meti-tarski/CMOS/CMOS-opamp-chunk-0111.smt2,unsat,0.0
/meti-tarski/CMOS/CMOS-opamp-chunk-0302.smt2,sat,0.0
/meti-tarski/CMOS/CMOS-opamp-chunk-0063.smt2,sat,0.0
/meti-tarski/CMOS/CMOS-opamp-chunk-0276.smt2,unsat,0.0
/meti-tarski/CMOS/CMOS-opamp-chunk-0249.smt2,unsat,0.0
/meti-tarski/CMOS/CMOS-opamp-chunk-0055.smt2,unsat,0.0
/meti-tarski/CMOS/CMOS-opamp-chunk-0151.smt2,sat,0.0
/meti-tarski/CMOS/CMOS-opamp-chunk-0131.smt2,unsat,0.0
/meti-tarski/CMOS/CMOS-opamp-chunk-0336.smt2,sat,0.0
/meti-tarski/CMOS/CMOS-opamp-chunk-0220.smt2,unsat,0.0
/meti-tarski/CMOS/CMOS-opamp-chunk-0183.smt2,sat,0.0
/meti-tarski/CMOS/CMOS-opamp-chunk-0321.smt2,sat,0.0
/meti-tarski/CMOS/CMOS-opamp-chunk-0294.smt2,sat,0.0
/meti-tarski/CMOS/CMOS-opamp-chunk-0201.smt2,sat,0.0
/meti-tarski/CMOS/CMOS-opamp-chunk-0159.smt2,sat,0.0
/meti-tarski/CMOS/CMOS-opamp-chunk-0291.smt2,unsat,0.0
/meti-tarski/CMOS/CMOS-opamp-chunk-0049.smt2,unsat,0.0
/meti-tarski/CMOS/CMOS-opamp-chunk-0141.smt2,unsat,0.0
/meti-tarski/CMOS/CMOS-opamp-chunk-0165.smt2,unsat,0.0
/meti-tarski/CMOS/CMOS-opamp-chunk-0334.smt2,unsat,0.02903151512145996
/meti-tarski/CMOS/CMOS-opamp-chunk-0030.smt2,unsat,0.0
/meti-tarski/CMOS/CMOS-opamp-chunk-0191.smt2,sat,0.0
/meti-tarski/CMOS/CMOS-opamp-chunk-0035.smt2,sat,0.0
/meti-tarski/CMOS/CMOS-opamp-chunk-0250.smt2,sat,0.0
/meti-tarski/CMOS/CMOS-opamp-chunk-0315.smt2,unsat,0.0
/meti-tarski/CMOS/CMOS-opamp-chunk-0228.smt2,sat,0.0
/meti-tarski/CMOS/CMOS-opamp-chunk-0246.smt2,unsat,0.0
/meti-tarski/CMOS/CMOS-opamp-chunk-0274.smt2,sat,0.0
/meti-tarski/CMOS/CMOS-opamp-chunk-0311.smt2,sat,0.0
/meti-tarski/CMOS/CMOS-opamp-chunk-0028.smt2,unsat,0.0
/meti-tarski/CMOS/CMOS-opamp-chunk-0270.smt2,unsat,0.0
/meti-tarski/CMOS/CMOS-opamp-chunk-0070.smt2,sat,0.0
/meti-tarski/CMOS/CMOS-opamp-chunk-0118.smt2,sat,0.0
/meti-tarski/CMOS/CMOS-opamp-chunk-0252.smt2,unsat,0.0
/meti-tarski/CMOS/CMOS-opamp-chunk-0064.smt2,unsat,0.0
/meti-tarski/CMOS/CMOS-opamp-chunk-0152.smt2,unsat,0.0
/meti-tarski/CMOS/CMOS-opamp-chunk-0098.smt2,sat,0.0
/meti-tarski/CMOS/CMOS-opamp-chunk-0023.smt2,unsat,0.0
/meti-tarski/CMOS/CMOS-opamp-chunk-0259.smt2,sat,0.0
/meti-tarski/CMOS/CMOS-opamp-chunk-0138.smt2,sat,0.0
/meti-tarski/CMOS/CMOS-opamp-chunk-0320.smt2,unsat,0.0
/meti-tarski/CMOS/CMOS-opamp-chunk-0038.smt2,sat,0.0
/meti-tarski/CMOS/CMOS-opamp-chunk-0117.smt2,unsat,0.0
/meti-tarski/CMOS/CMOS-opamp-chunk-0095.smt2,sat,0.0
/meti-tarski/CMOS/CMOS-opamp-chunk-0290.smt2,sat,0.0
/meti-tarski/CMOS/CMOS-opamp-chunk-0322.smt2,sat,0.0
/meti-tarski/CMOS/CMOS-opamp-chunk-0113.smt2,unsat,0.0
/meti-tarski/CMOS/CMOS-opamp-chunk-0101.smt2,unsat,0.0
/meti-tarski/CMOS/CMOS-opamp-chunk-0096.smt2,sat,0.0
/meti-tarski/CMOS/CMOS-opamp-chunk-0330.smt2,unsat,0.04137778282165527
/meti-tarski/CMOS/CMOS-opamp-chunk-0085.smt2,sat,0.0
/meti-tarski/CMOS/CMOS-opamp-chunk-0189.smt2,unsat,0.0
/meti-tarski/CMOS/CMOS-opamp-chunk-0102.smt2,sat,0.0
/meti-tarski/CMOS/CMOS-opamp-chunk-0275.smt2,sat,0.0
/meti-tarski/CMOS/CMOS-opamp-chunk-0147.smt2,sat,0.0
/meti-tarski/CMOS/CMOS-opamp-chunk-0312.smt2,unsat,0.0
/meti-tarski/CMOS/CMOS-opamp-chunk-0269.smt2,sat,0.0
/meti-tarski/CMOS/CMOS-opamp-chunk-0177.smt2,unsat,0.0
/meti-tarski/CMOS/CMOS-opamp-chunk-0293.smt2,sat,0.0
/meti-tarski/CMOS/CMOS-opamp-chunk-0066.smt2,sat,0.0
/meti-tarski/CMOS/CMOS-opamp-chunk-0164.smt2,sat,0.0
/meti-tarski/CMOS/CMOS-opamp-chunk-0235.smt2,unsat,0.0
/meti-tarski/CMOS/CMOS-opamp-chunk-0179.smt2,sat,0.0
/meti-tarski/CMOS/CMOS-opamp-chunk-0239.smt2,unsat,0.0
/meti-tarski/CMOS/CMOS-opamp-chunk-0025.smt2,sat,0.0
/meti-tarski/CMOS/CMOS-opamp-chunk-0089.smt2,sat,0.0
/meti-tarski/CMOS/CMOS-opamp-chunk-0125.smt2,sat,0.0
/meti-tarski/CMOS/CMOS-opamp-chunk-0077.smt2,sat,0.0
/meti-tarski/CMOS/CMOS-opamp-chunk-0144.smt2,unsat,0.0
/meti-tarski/CMOS/CMOS-opamp-chunk-0316.smt2,sat,0.0
/meti-tarski/CMOS/CMOS-opamp-chunk-0233.smt2,sat,0.0
/meti-tarski/CMOS/CMOS-opamp-chunk-0105.smt2,unsat,0.0
/meti-tarski/CMOS/CMOS-opamp-chunk-0192.smt2,unsat,0.0
/meti-tarski/CMOS/CMOS-opamp-chunk-0140.smt2,sat,0.0
/meti-tarski/CMOS/CMOS-opamp-chunk-0211.smt2,sat,0.0
/meti-tarski/CMOS/CMOS-opamp-chunk-0327.smt2,unsat,0.04677891731262207
/meti-tarski/CMOS/CMOS-opamp-chunk-0341.smt2,unsat,0.0
/meti-tarski/CMOS/CMOS-opamp-chunk-0271.smt2,sat,0.0
/meti-tarski/CMOS/CMOS-opamp-chunk-0149.smt2,unsat,0.0
/meti-tarski/CMOS/CMOS-opamp-chunk-0153.smt2,sat,0.0
/meti-tarski/CMOS/CMOS-opamp-chunk-0241.smt2,unsat,0.0
/meti-tarski/CMOS/CMOS-opamp-chunk-0319.smt2,unsat,0.0
/meti-tarski/CMOS/CMOS-opamp-chunk-0313.smt2,sat,0.0
/meti-tarski/CMOS/CMOS-opamp-chunk-0324.smt2,unsat,0.0
/meti-tarski/CMOS/CMOS-opamp-chunk-0047.smt2,unsat,0.0
/meti-tarski/CMOS/CMOS-opamp-chunk-0338.smt2,unsat,0.05835247039794922
/meti-tarski/CMOS/CMOS-opamp-chunk-0104.smt2,unsat,0.0
/meti-tarski/CMOS/CMOS-opamp-chunk-0081.smt2,sat,0.0
/meti-tarski/CMOS/CMOS-opamp-chunk-0059.smt2,sat,0.0
/meti-tarski/CMOS/CMOS-opamp-chunk-0272.smt2,unsat,0.0
/meti-tarski/CMOS/CMOS-opamp-chunk-0137.smt2,sat,0.0
/meti-tarski/CMOS/CMOS-opamp-chunk-0108.smt2,sat,0.0
/meti-tarski/CMOS/CMOS-opamp-chunk-0143.smt2,sat,0.0
/meti-tarski/CMOS/CMOS-opamp-chunk-0162.smt2,sat,0.0
/meti-tarski/CMOS/CMOS-opamp-chunk-0040.smt2,unsat,0.0
/meti-tarski/CMOS/CMOS-opamp-chunk-0068.smt2,unsat,0.0
/meti-tarski/CMOS/CMOS-opamp-chunk-0052.smt2,unsat,0.0
/meti-tarski/CMOS/CMOS-opamp-chunk-0067.smt2,sat,0.0
/meti-tarski/CMOS/CMOS-opamp-chunk-0092.smt2,sat,0.0
/meti-tarski/CMOS/CMOS-opamp-chunk-0332.smt2,unsat,0.0
/meti-tarski/CMOS/CMOS-opamp-chunk-0115.smt2,sat,0.0
/meti-tarski/CMOS/CMOS-opamp-chunk-0247.smt2,sat,0.0
/meti-tarski/CMOS/CMOS-opamp-chunk-0287.smt2,unsat,0.0
/meti-tarski/CMOS/CMOS-opamp-chunk-0195.smt2,unsat,0.0
/meti-tarski/CMOS/CMOS-opamp-chunk-0076.smt2,sat,0.0
/meti-tarski/CMOS/CMOS-opamp-chunk-0107.smt2,unsat,0.0
/meti-tarski/CMOS/CMOS-opamp-chunk-0260.smt2,unsat,0.0
/meti-tarski/CMOS/CMOS-opamp-chunk-0080.smt2,sat,0.0
/meti-tarski/CMOS/CMOS-opamp-chunk-0231.smt2,sat,0.0
/meti-tarski/CMOS/CMOS-opamp-chunk-0261.smt2,sat,0.0
/meti-tarski/CMOS/CMOS-opamp-chunk-0051.smt2,sat,0.0
/meti-tarski/CMOS/CMOS-opamp-chunk-0200.smt2,sat,0.0
/meti-tarski/CMOS/CMOS-opamp-chunk-0082.smt2,sat,0.0
/meti-tarski/CMOS/CMOS-opamp-chunk-0135.smt2,sat,0.0
/meti-tarski/CMOS/CMOS-opamp-chunk-0045.smt2,unsat,0.0
/meti-tarski/CMOS/CMOS-opamp-chunk-0193.smt2,sat,0.0
/meti-tarski/CMOS/CMOS-opamp-chunk-0255.smt2,sat,0.0
/meti-tarski/CMOS/CMOS-opamp-chunk-0021.smt2,sat,0.0
/meti-tarski/CMOS/CMOS-opamp-chunk-0086.smt2,sat,0.0
/meti-tarski/CMOS/CMOS-opamp-chunk-0343.smt2,unsat,0.0
/meti-tarski/CMOS/CMOS-opamp-chunk-0182.smt2,unsat,0.05941915512084961
/meti-tarski/CMOS/CMOS-opamp-chunk-0328.smt2,sat,0.0
/meti-tarski/CMOS/CMOS-opamp-chunk-0074.smt2,sat,0.0
/meti-tarski/CMOS/CMOS-opamp-chunk-0333.smt2,sat,0.0
/meti-tarski/CMOS/CMOS-opamp-chunk-0323.smt2,sat,0.0
/meti-tarski/CMOS/CMOS-opamp-chunk-0071.smt2,unsat,0.0
/meti-tarski/CMOS/CMOS-opamp-chunk-0289.smt2,unsat,0.0
/meti-tarski/CMOS/CMOS-opamp-chunk-0198.smt2,sat,0.0
/meti-tarski/CMOS/CMOS-opamp-chunk-0317.smt2,unsat,0.0
/meti-tarski/CMOS/CMOS-opamp-chunk-0180.smt2,unsat,0.05324578285217285
/meti-tarski/CMOS/CMOS-opamp-chunk-0301.smt2,sat,0.0
/meti-tarski/CMOS/CMOS-opamp-chunk-0284.smt2,unsat,0.0
/meti-tarski/CMOS/CMOS-opamp-chunk-0087.smt2,sat,0.0
/meti-tarski/CMOS/CMOS-opamp-chunk-0119.smt2,unsat,0.0
/meti-tarski/CMOS/CMOS-opamp-chunk-0285.smt2,sat,0.0
/meti-tarski/CMOS/CMOS-opamp-chunk-0122.smt2,sat,0.0
/meti-tarski/CMOS/CMOS-opamp-chunk-0128.smt2,sat,0.0
/meti-tarski/CMOS/CMOS-opamp-chunk-0299.smt2,sat,0.0
/meti-tarski/CMOS/CMOS-opamp-chunk-0340.smt2,unsat,0.06259441375732422
/meti-tarski/CMOS/CMOS-opamp-chunk-0062.smt2,unsat,0.0
/meti-tarski/CMOS/CMOS-opamp-chunk-0268.smt2,sat,0.0
/meti-tarski/CMOS/CMOS-opamp-chunk-0185.smt2,unsat,0.053505659103393555
/meti-tarski/CMOS/CMOS-opamp-chunk-0050.smt2,sat,0.0
/meti-tarski/CMOS/CMOS-opamp-chunk-0155.smt2,sat,0.0
/meti-tarski/CMOS/CMOS-opamp-chunk-0146.smt2,unsat,0.0
/meti-tarski/CMOS/CMOS-opamp-chunk-0130.smt2,sat,0.0
/meti-tarski/CMOS/CMOS-opamp-chunk-0078.smt2,unsat,0.0
/meti-tarski/CMOS/CMOS-opamp-chunk-0093.smt2,unsat,0.0
/meti-tarski/CMOS/CMOS-opamp-chunk-0171.smt2,sat,0.0
/meti-tarski/CMOS/CMOS-opamp-chunk-0091.smt2,unsat,0.0
/meti-tarski/CMOS/CMOS-opamp-chunk-0136.smt2,sat,0.0
/meti-tarski/log/fun-ineq/log-fun-ineq-g-chunk-0033.smt2,unsat,0.0
/meti-tarski/log/fun-ineq/log-fun-ineq-g-chunk-0035.smt2,unsat,0.0
/meti-tarski/log/fun-ineq/log-fun-ineq-g-chunk-0032.smt2,sat,0.0
/meti-tarski/log/fun-ineq/log-fun-ineq-g-chunk-0034.smt2,sat,0.0
/meti-tarski/log/fun-ineq/log-fun-ineq-g-chunk-0030.smt2,unsat,0.0
/meti-tarski/log/fun-ineq/log-fun-ineq-g-chunk-0036.smt2,unsat,0.0
/meti-tarski/sqrt/circles/3/sqrt-circles-3-chunk-0014.smt2,sat,0.0
/meti-tarski/sqrt/circles/3/sqrt-circles-3-chunk-0008.smt2,sat,0.0
/meti-tarski/sqrt/circles/3/sqrt-circles-3-chunk-0025.smt2,unsat,0.0
/meti-tarski/sqrt/circles/3/sqrt-circles-3-chunk-0019.smt2,sat,0.0
/meti-tarski/sqrt/circles/3/sqrt-circles-3-chunk-0021.smt2,unsat,0.0
/meti-tarski/sqrt/circles/3/sqrt-circles-3-chunk-0016.smt2,sat,0.0
/meti-tarski/sqrt/circles/3/sqrt-circles-3-chunk-0017.smt2,sat,0.0
/meti-tarski/sqrt/circles/3/sqrt-circles-3-chunk-0005.smt2,sat,0.0
/meti-tarski/sqrt/circles/3/sqrt-circles-3-chunk-0011.smt2,unsat,0.0
/meti-tarski/sqrt/circles/3/sqrt-circles-3-chunk-0013.smt2,sat,0.0
/meti-tarski/sqrt/circles/3/sqrt-circles-3-chunk-0009.smt2,sat,0.0
/meti-tarski/sqrt/circles/3/sqrt-circles-3-chunk-0022.smt2,sat,0.0
/meti-tarski/sqrt/circles/3/sqrt-circles-3-chunk-0018.smt2,unsat,0.0
/meti-tarski/sqrt/circles/3/sqrt-circles-3-chunk-0015.smt2,sat,0.0
/meti-tarski/sqrt/circles/3/sqrt-circles-3-chunk-0007.smt2,sat,0.0
/meti-tarski/sqrt/circles/3/sqrt-circles-3-chunk-0010.smt2,sat,0.0
/meti-tarski/sqrt/circles/3/sqrt-circles-3-chunk-0023.smt2,unsat,0.0
/meti-tarski/sqrt/circles/3/sqrt-circles-3-chunk-0020.smt2,sat,0.0
/meti-tarski/sqrt/circles/3/sqrt-circles-3-chunk-0024.smt2,sat,0.0
/meti-tarski/sqrt/circles/2/sqrt-circles-2-chunk-0008.smt2,unsat,0.0
/meti-tarski/sqrt/circles/2/sqrt-circles-2-chunk-0007.smt2,sat,0.0
/meti-tarski/sqrt/circles/2/sqrt-circles-2-chunk-0012.smt2,sat,0.0
/meti-tarski/sqrt/circles/2/sqrt-circles-2-chunk-0014.smt2,sat,0.0
/meti-tarski/sqrt/circles/2/sqrt-circles-2-chunk-0002.smt2,sat,0.0
/meti-tarski/sqrt/circles/2/sqrt-circles-2-chunk-0015.smt2,unsat,0.0
/meti-tarski/sqrt/circles/2/sqrt-circles-2-chunk-0006.smt2,sat,0.0
/meti-tarski/sqrt/circles/2/sqrt-circles-2-chunk-0011.smt2,sat,0.0
/meti-tarski/sqrt/circles/2/sqrt-circles-2-chunk-0005.smt2,sat,0.0
/meti-tarski/sqrt/circles/2/sqrt-circles-2-chunk-0013.smt2,unsat,0.0
/meti-tarski/sqrt/circles/2/sqrt-circles-2-chunk-0010.smt2,sat,0.0
/meti-tarski/sqrt/1mcosq/8/sqrt-1mcosq-8-chunk-0258.smt2,unsat,0.0
/meti-tarski/sqrt/1mcosq/8/sqrt-1mcosq-8-chunk-0234.smt2,sat,0.0
/meti-tarski/sqrt/1mcosq/8/sqrt-1mcosq-8-chunk-0354.smt2,unsat,0.0
/meti-tarski/sqrt/1mcosq/8/sqrt-1mcosq-8-chunk-0279.smt2,sat,0.0
/meti-tarski/sqrt/1mcosq/8/sqrt-1mcosq-8-chunk-0340.smt2,unsat,0.0
/meti-tarski/sqrt/1mcosq/8/sqrt-1mcosq-8-chunk-0303.smt2,sat,0.0
/meti-tarski/sqrt/1mcosq/8/sqrt-1mcosq-8-chunk-0202.smt2,sat,0.0
/meti-tarski/sqrt/1mcosq/8/sqrt-1mcosq-8-chunk-0648.smt2,sat,0.0
/meti-tarski/sqrt/1mcosq/8/sqrt-1mcosq-8-chunk-0378.smt2,sat,0.0
/meti-tarski/sqrt/1mcosq/8/sqrt-1mcosq-8-chunk-0060.smt2,sat,0.0
/meti-tarski/sqrt/1mcosq/8/sqrt-1mcosq-8-chunk-0092.smt2,unsat,0.0
/meti-tarski/sqrt/1mcosq/8/sqrt-1mcosq-8-chunk-0164.smt2,sat,0.0
/meti-tarski/sqrt/1mcosq/8/sqrt-1mcosq-8-chunk-0517.smt2,sat,0.0
/meti-tarski/sqrt/1mcosq/8/sqrt-1mcosq-8-chunk-0681.smt2,sat,0.0
/meti-tarski/sqrt/1mcosq/8/sqrt-1mcosq-8-chunk-0023.smt2,sat,0.0
/meti-tarski/sqrt/1mcosq/8/sqrt-1mcosq-8-chunk-0277.smt2,unsat,0.0
/meti-tarski/sqrt/1mcosq/8/sqrt-1mcosq-8-chunk-0194.smt2,unsat,0.0
/meti-tarski/sqrt/1mcosq/8/sqrt-1mcosq-8-chunk-0736.smt2,sat,0.0
/meti-tarski/sqrt/1mcosq/8/sqrt-1mcosq-8-chunk-0185.smt2,sat,0.0
/meti-tarski/sqrt/1mcosq/8/sqrt-1mcosq-8-chunk-0645.smt2,unsat,0.0
/meti-tarski/sqrt/1mcosq/8/sqrt-1mcosq-8-chunk-0713.smt2,sat,0.0
/meti-tarski/sqrt/1mcosq/8/sqrt-1mcosq-8-chunk-0712.smt2,sat,0.0
/meti-tarski/sqrt/1mcosq/8/sqrt-1mcosq-8-chunk-0554.smt2,sat,0.0
/meti-tarski/sqrt/1mcosq/8/sqrt-1mcosq-8-chunk-0300.smt2,sat,0.0
/meti-tarski/sqrt/1mcosq/8/sqrt-1mcosq-8-chunk-0623.smt2,sat,0.0
/meti-tarski/sqrt/1mcosq/8/sqrt-1mcosq-8-chunk-0105.smt2,sat,0.0
/meti-tarski/sqrt/1mcosq/8/sqrt-1mcosq-8-chunk-0043.smt2,sat,0.0
/meti-tarski/sqrt/1mcosq/8/sqrt-1mcosq-8-chunk-0232.smt2,sat,0.0
/meti-tarski/sqrt/1mcosq/8/sqrt-1mcosq-8-chunk-0407.smt2,unsat,0.0
/meti-tarski/sqrt/1mcosq/8/sqrt-1mcosq-8-chunk-0298.smt2,unsat,0.0
/meti-tarski/sqrt/1mcosq/8/sqrt-1mcosq-8-chunk-0418.smt2,unsat,0.0
/meti-tarski/sqrt/1mcosq/8/sqrt-1mcosq-8-chunk-0139.smt2,sat,0.0
/meti-tarski/sqrt/1mcosq/8/sqrt-1mcosq-8-chunk-0375.smt2,sat,0.0
/meti-tarski/sqrt/1mcosq/8/sqrt-1mcosq-8-chunk-0367.smt2,unsat,0.0
/meti-tarski/sqrt/1mcosq/8/sqrt-1mcosq-8-chunk-0319.smt2,sat,0.0
/meti-tarski/sqrt/1mcosq/8/sqrt-1mcosq-8-chunk-0066.smt2,sat,0.0
/meti-tarski/sqrt/1mcosq/8/sqrt-1mcosq-8-chunk-0186.smt2,unsat,0.0
/meti-tarski/sqrt/1mcosq/8/sqrt-1mcosq-8-chunk-0621.smt2,sat,0.0
/meti-tarski/sqrt/1mcosq/8/sqrt-1mcosq-8-chunk-0322.smt2,sat,0.0
/meti-tarski/sqrt/1mcosq/8/sqrt-1mcosq-8-chunk-0535.smt2,unsat,0.0
/meti-tarski/sqrt/1mcosq/8/sqrt-1mcosq-8-chunk-0637.smt2,sat,0.0
/meti-tarski/sqrt/1mcosq/8/sqrt-1mcosq-8-chunk-0045.smt2,sat,0.0
/meti-tarski/sqrt/1mcosq/8/sqrt-1mcosq-8-chunk-0504.smt2,unsat,0.0
/meti-tarski/sqrt/1mcosq/8/sqrt-1mcosq-8-chunk-0526.smt2,unsat,0.0
/meti-tarski/sqrt/1mcosq/8/sqrt-1mcosq-8-chunk-0497.smt2,unsat,0.0
/meti-tarski/sqrt/1mcosq/8/sqrt-1mcosq-8-chunk-0460.smt2,sat,0.0
/meti-tarski/sqrt/1mcosq/8/sqrt-1mcosq-8-chunk-0403.smt2,unsat,0.0
/meti-tarski/sqrt/1mcosq/8/sqrt-1mcosq-8-chunk-0506.smt2,sat,0.0
/meti-tarski/sqrt/1mcosq/8/sqrt-1mcosq-8-chunk-0110.smt2,sat,0.0
/meti-tarski/sqrt/1mcosq/8/sqrt-1mcosq-8-chunk-0016.smt2,unsat,0.0
/meti-tarski/sqrt/1mcosq/8/sqrt-1mcosq-8-chunk-0114.smt2,sat,0.0
/meti-tarski/sqrt/1mcosq/8/sqrt-1mcosq-8-chunk-0466.smt2,sat,0.0
/meti-tarski/sqrt/1mcosq/8/sqrt-1mcosq-8-chunk-0675.smt2,unsat,0.0
/meti-tarski/sqrt/1mcosq/8/sqrt-1mcosq-8-chunk-0219.smt2,sat,0.0
/meti-tarski/sqrt/1mcosq/8/sqrt-1mcosq-8-chunk-0198.smt2,sat,0.0
/meti-tarski/sqrt/1mcosq/8/sqrt-1mcosq-8-chunk-0728.smt2,sat,0.0
/meti-tarski/sqrt/1mcosq/8/sqrt-1mcosq-8-chunk-0520.smt2,sat,0.0
/meti-tarski/sqrt/1mcosq/8/sqrt-1mcosq-8-chunk-0179.smt2,sat,0.0
/meti-tarski/sqrt/1mcosq/8/sqrt-1mcosq-8-chunk-0281.smt2,sat,0.0
/meti-tarski/sqrt/1mcosq/8/sqrt-1mcosq-8-chunk-0602.smt2,unsat,0.0
/meti-tarski/sqrt/1mcosq/8/sqrt-1mcosq-8-chunk-0600.smt2,unsat,0.0
/meti-tarski/sqrt/1mcosq/8/sqrt-1mcosq-8-chunk-0259.smt2,sat,0.0
/meti-tarski/sqrt/1mcosq/8/sqrt-1mcosq-8-chunk-0211.smt2,sat,0.0
/meti-tarski/sqrt/1mcosq/8/sqrt-1mcosq-8-chunk-0149.smt2,sat,0.0
/meti-tarski/sqrt/1mcosq/8/sqrt-1mcosq-8-chunk-0718.smt2,unsat,0.0
/meti-tarski/sqrt/1mcosq/8/sqrt-1mcosq-8-chunk-0567.smt2,sat,0.0
/meti-tarski/sqrt/1mcosq/8/sqrt-1mcosq-8-chunk-0061.smt2,sat,0.0
/meti-tarski/sqrt/1mcosq/8/sqrt-1mcosq-8-chunk-0352.smt2,sat,0.0
/meti-tarski/sqrt/1mcosq/8/sqrt-1mcosq-8-chunk-0697.smt2,unsat,0.0
/meti-tarski/sqrt/1mcosq/8/sqrt-1mcosq-8-chunk-0208.smt2,unsat,0.0
/meti-tarski/sqrt/1mcosq/8/sqrt-1mcosq-8-chunk-0541.smt2,sat,0.0
/meti-tarski/sqrt/1mcosq/8/sqrt-1mcosq-8-chunk-0462.smt2,sat,0.0
/meti-tarski/sqrt/1mcosq/8/sqrt-1mcosq-8-chunk-0573.smt2,sat,0.0
/meti-tarski/sqrt/1mcosq/8/sqrt-1mcosq-8-chunk-0664.smt2,sat,0.0
/meti-tarski/sqrt/1mcosq/8/sqrt-1mcosq-8-chunk-0618.smt2,sat,0.0
/meti-tarski/sqrt/1mcosq/8/sqrt-1mcosq-8-chunk-0397.smt2,sat,0.0
/meti-tarski/sqrt/1mcosq/8/sqrt-1mcosq-8-chunk-0704.smt2,unsat,0.0
/meti-tarski/sqrt/1mcosq/8/sqrt-1mcosq-8-chunk-0659.smt2,unsat,0.0
/meti-tarski/sqrt/1mcosq/8/sqrt-1mcosq-8-chunk-0631.smt2,sat,0.0
/meti-tarski/sqrt/1mcosq/8/sqrt-1mcosq-8-chunk-0703.smt2,sat,0.0
/meti-tarski/sqrt/1mcosq/8/sqrt-1mcosq-8-chunk-0475.smt2,sat,0.0
/meti-tarski/sqrt/1mcosq/8/sqrt-1mcosq-8-chunk-0508.smt2,unsat,0.0
/meti-tarski/sqrt/1mcosq/8/sqrt-1mcosq-8-chunk-0379.smt2,unsat,0.0
/meti-tarski/sqrt/1mcosq/8/sqrt-1mcosq-8-chunk-0184.smt2,unsat,0.0
/meti-tarski/sqrt/1mcosq/8/sqrt-1mcosq-8-chunk-0438.smt2,sat,0.0
/meti-tarski/sqrt/1mcosq/8/sqrt-1mcosq-8-chunk-0156.smt2,sat,0.0
/meti-tarski/sqrt/1mcosq/8/sqrt-1mcosq-8-chunk-0359.smt2,unsat,0.0
/meti-tarski/sqrt/1mcosq/8/sqrt-1mcosq-8-chunk-0629.smt2,unsat,0.0
/meti-tarski/sqrt/1mcosq/8/sqrt-1mcosq-8-chunk-0587.smt2,unsat,0.0
/meti-tarski/sqrt/1mcosq/8/sqrt-1mcosq-8-chunk-0432.smt2,sat,0.0
/meti-tarski/sqrt/1mcosq/8/sqrt-1mcosq-8-chunk-0628.smt2,sat,0.0
/meti-tarski/sqrt/1mcosq/8/sqrt-1mcosq-8-chunk-0366.smt2,unsat,0.0
/meti-tarski/sqrt/1mcosq/8/sqrt-1mcosq-8-chunk-0622.smt2,unsat,0.0
/meti-tarski/sqrt/1mcosq/8/sqrt-1mcosq-8-chunk-0026.smt2,unsat,0.0
/meti-tarski/sqrt/1mcosq/8/sqrt-1mcosq-8-chunk-0213.smt2,unsat,0.0
/meti-tarski/sqrt/1mcosq/8/sqrt-1mcosq-8-chunk-0632.smt2,unsat,0.0
/meti-tarski/sqrt/1mcosq/8/sqrt-1mcosq-8-chunk-0603.smt2,sat,0.0
/meti-tarski/sqrt/1mcosq/8/sqrt-1mcosq-8-chunk-0250.smt2,sat,0.0
/meti-tarski/sqrt/1mcosq/8/sqrt-1mcosq-8-chunk-0530.smt2,sat,0.0
/meti-tarski/sqrt/1mcosq/8/sqrt-1mcosq-8-chunk-0594.smt2,sat,0.0
/meti-tarski/sqrt/1mcosq/8/sqrt-1mcosq-8-chunk-0725.smt2,sat,0.0
/meti-tarski/sqrt/1mcosq/8/sqrt-1mcosq-8-chunk-0380.smt2,sat,0.0
/meti-tarski/sqrt/1mcosq/8/sqrt-1mcosq-8-chunk-0223.smt2,sat,0.0
/meti-tarski/sqrt/1mcosq/8/sqrt-1mcosq-8-chunk-0291.smt2,unsat,0.0
/meti-tarski/sqrt/1mcosq/8/sqrt-1mcosq-8-chunk-0324.smt2,unsat,0.0
/meti-tarski/sqrt/1mcosq/8/sqrt-1mcosq-8-chunk-0212.smt2,sat,0.0
/meti-tarski/sqrt/1mcosq/8/sqrt-1mcosq-8-chunk-0607.smt2,unsat,0.0
/meti-tarski/sqrt/1mcosq/8/sqrt-1mcosq-8-chunk-0218.smt2,unsat,0.0
/meti-tarski/sqrt/1mcosq/8/sqrt-1mcosq-8-chunk-0199.smt2,sat,0.0
/meti-tarski/sqrt/1mcosq/8/sqrt-1mcosq-8-chunk-0440.smt2,unsat,0.0
/meti-tarski/sqrt/1mcosq/8/sqrt-1mcosq-8-chunk-0321.smt2,unsat,0.0
/meti-tarski/sqrt/1mcosq/8/sqrt-1mcosq-8-chunk-0142.smt2,sat,0.0
/meti-tarski/sqrt/1mcosq/8/sqrt-1mcosq-8-chunk-0616.smt2,sat,0.0
/meti-tarski/sqrt/1mcosq/8/sqrt-1mcosq-8-chunk-0054.smt2,sat,0.0
/meti-tarski/sqrt/1mcosq/8/sqrt-1mcosq-8-chunk-0690.smt2,sat,0.0
/meti-tarski/sqrt/1mcosq/8/sqrt-1mcosq-8-chunk-0655.smt2,unsat,0.0
/meti-tarski/sqrt/1mcosq/8/sqrt-1mcosq-8-chunk-0627.smt2,sat,0.0
/meti-tarski/sqrt/1mcosq/8/sqrt-1mcosq-8-chunk-0510.smt2,unsat,0.0
/meti-tarski/sqrt/1mcosq/8/sqrt-1mcosq-8-chunk-0214.smt2,sat,0.0
/meti-tarski/sqrt/1mcosq/8/sqrt-1mcosq-8-chunk-0528.smt2,sat,0.0
/meti-tarski/sqrt/1mcosq/8/sqrt-1mcosq-8-chunk-0126.smt2,sat,0.0
/meti-tarski/sqrt/1mcosq/8/sqrt-1mcosq-8-chunk-0058.smt2,unsat,0.0
/meti-tarski/sqrt/1mcosq/8/sqrt-1mcosq-8-chunk-0285.smt2,sat,0.0
/meti-tarski/sqrt/1mcosq/8/sqrt-1mcosq-8-chunk-0729.smt2,sat,0.0
/meti-tarski/sqrt/1mcosq/8/sqrt-1mcosq-8-chunk-0074.smt2,sat,0.0
/meti-tarski/sqrt/1mcosq/8/sqrt-1mcosq-8-chunk-0290.smt2,sat,0.0
/meti-tarski/sqrt/1mcosq/8/sqrt-1mcosq-8-chunk-0230.smt2,unsat,0.0
/meti-tarski/sqrt/1mcosq/8/sqrt-1mcosq-8-chunk-0406.smt2,sat,0.0
/meti-tarski/sqrt/1mcosq/8/sqrt-1mcosq-8-chunk-0667.smt2,sat,0.0
/meti-tarski/sqrt/1mcosq/8/sqrt-1mcosq-8-chunk-0534.smt2,sat,0.0
/meti-tarski/sqrt/1mcosq/8/sqrt-1mcosq-8-chunk-0634.smt2,unsat,0.0
/meti-tarski/sqrt/1mcosq/8/sqrt-1mcosq-8-chunk-0391.smt2,sat,0.0
/meti-tarski/sqrt/1mcosq/8/sqrt-1mcosq-8-chunk-0282.smt2,unsat,0.0
/meti-tarski/sqrt/1mcosq/8/sqrt-1mcosq-8-chunk-0505.smt2,unsat,0.0
/meti-tarski/sqrt/1mcosq/8/sqrt-1mcosq-8-chunk-0038.smt2,sat,0.0
/meti-tarski/sqrt/1mcosq/8/sqrt-1mcosq-8-chunk-0615.smt2,sat,0.0
/meti-tarski/sqrt/1mcosq/8/sqrt-1mcosq-8-chunk-0579.smt2,sat,0.0
/meti-tarski/sqrt/1mcosq/8/sqrt-1mcosq-8-chunk-0104.smt2,sat,0.0
/meti-tarski/sqrt/1mcosq/8/sqrt-1mcosq-8-chunk-0507.smt2,sat,0.0
/meti-tarski/sqrt/1mcosq/8/sqrt-1mcosq-8-chunk-0518.smt2,unsat,0.0
/meti-tarski/sqrt/1mcosq/8/sqrt-1mcosq-8-chunk-0552.smt2,sat,0.0
/meti-tarski/sqrt/1mcosq/8/sqrt-1mcosq-8-chunk-0161.smt2,unsat,0.0
/meti-tarski/sqrt/1mcosq/8/sqrt-1mcosq-8-chunk-0171.smt2,unsat,0.0
/meti-tarski/sqrt/1mcosq/8/sqrt-1mcosq-8-chunk-0532.smt2,unsat,0.0
/meti-tarski/sqrt/1mcosq/8/sqrt-1mcosq-8-chunk-0537.smt2,unsat,0.0
/meti-tarski/sqrt/1mcosq/8/sqrt-1mcosq-8-chunk-0614.smt2,unsat,0.0
/meti-tarski/sqrt/1mcosq/8/sqrt-1mcosq-8-chunk-0163.smt2,unsat,0.0
/meti-tarski/sqrt/1mcosq/8/sqrt-1mcosq-8-chunk-0103.smt2,unsat,0.0
/meti-tarski/sqrt/1mcosq/8/sqrt-1mcosq-8-chunk-0085.smt2,sat,0.0
/meti-tarski/sqrt/1mcosq/8/sqrt-1mcosq-8-chunk-0605.smt2,unsat,0.0
/meti-tarski/sqrt/1mcosq/8/sqrt-1mcosq-8-chunk-0251.smt2,sat,0.0
/meti-tarski/sqrt/1mcosq/8/sqrt-1mcosq-8-chunk-0413.smt2,sat,0.0
/meti-tarski/sqrt/1mcosq/8/sqrt-1mcosq-8-chunk-0612.smt2,sat,0.0
/meti-tarski/sqrt/1mcosq/8/sqrt-1mcosq-8-chunk-0056.smt2,sat,0.0
/meti-tarski/sqrt/1mcosq/8/sqrt-1mcosq-8-chunk-0326.smt2,sat,0.0
/meti-tarski/sqrt/1mcosq/8/sqrt-1mcosq-8-chunk-0610.smt2,sat,0.0
/meti-tarski/sqrt/1mcosq/8/sqrt-1mcosq-8-chunk-0051.smt2,sat,0.0
/meti-tarski/sqrt/1mcosq/8/sqrt-1mcosq-8-chunk-0052.smt2,sat,0.0
/meti-tarski/sqrt/1mcosq/8/sqrt-1mcosq-8-chunk-0386.smt2,sat,0.0
/meti-tarski/sqrt/1mcosq/8/sqrt-1mcosq-8-chunk-0246.smt2,sat,0.0
/meti-tarski/sqrt/1mcosq/8/sqrt-1mcosq-8-chunk-0512.smt2,unsat,0.0
/meti-tarski/sqrt/1mcosq/8/sqrt-1mcosq-8-chunk-0398.smt2,sat,0.0
/meti-tarski/sqrt/1mcosq/8/sqrt-1mcosq-8-chunk-0688.smt2,unsat,0.0
/meti-tarski/sqrt/1mcosq/8/sqrt-1mcosq-8-chunk-0055.smt2,unsat,0.0
/meti-tarski/sqrt/1mcosq/8/sqrt-1mcosq-8-chunk-0112.smt2,unsat,0.0
/meti-tarski/sqrt/1mcosq/8/sqrt-1mcosq-8-chunk-0031.smt2,unsat,0.0
/meti-tarski/sqrt/1mcosq/8/sqrt-1mcosq-8-chunk-0088.smt2,unsat,0.0
/meti-tarski/sqrt/1mcosq/8/sqrt-1mcosq-8-chunk-0147.smt2,sat,0.0
/meti-tarski/sqrt/1mcosq/8/sqrt-1mcosq-8-chunk-0115.smt2,sat,0.0
/meti-tarski/sqrt/1mcosq/8/sqrt-1mcosq-8-chunk-0239.smt2,sat,0.0
/meti-tarski/sqrt/1mcosq/8/sqrt-1mcosq-8-chunk-0689.smt2,unsat,0.0
/meti-tarski/sqrt/1mcosq/8/sqrt-1mcosq-8-chunk-0071.smt2,unsat,0.0
/meti-tarski/sqrt/1mcosq/8/sqrt-1mcosq-8-chunk-0176.smt2,unsat,0.0
/meti-tarski/sqrt/1mcosq/8/sqrt-1mcosq-8-chunk-0598.smt2,sat,0.0
/meti-tarski/sqrt/1mcosq/8/sqrt-1mcosq-8-chunk-0073.smt2,unsat,0.0
/meti-tarski/sqrt/1mcosq/8/sqrt-1mcosq-8-chunk-0077.smt2,unsat,0.0
/meti-tarski/sqrt/1mcosq/8/sqrt-1mcosq-8-chunk-0067.smt2,sat,0.0
/meti-tarski/sqrt/1mcosq/8/sqrt-1mcosq-8-chunk-0228.smt2,sat,0.0
/meti-tarski/sqrt/1mcosq/8/sqrt-1mcosq-8-chunk-0429.smt2,sat,0.0
/meti-tarski/sqrt/1mcosq/8/sqrt-1mcosq-8-chunk-0334.smt2,sat,0.0
/meti-tarski/sqrt/1mcosq/8/sqrt-1mcosq-8-chunk-0591.smt2,sat,0.0
/meti-tarski/sqrt/1mcosq/8/sqrt-1mcosq-8-chunk-0522.smt2,unsat,0.0
/meti-tarski/sqrt/1mcosq/8/sqrt-1mcosq-8-chunk-0270.smt2,unsat,0.0
/meti-tarski/sqrt/1mcosq/8/sqrt-1mcosq-8-chunk-0642.smt2,sat,0.0
/meti-tarski/sqrt/1mcosq/8/sqrt-1mcosq-8-chunk-0257.smt2,unsat,0.0
/meti-tarski/sqrt/1mcosq/8/sqrt-1mcosq-8-chunk-0014.smt2,unsat,0.0
/meti-tarski/sqrt/1mcosq/8/sqrt-1mcosq-8-chunk-0556.smt2,unsat,0.0
/meti-tarski/sqrt/1mcosq/8/sqrt-1mcosq-8-chunk-0049.smt2,sat,0.0
/meti-tarski/sqrt/1mcosq/8/sqrt-1mcosq-8-chunk-0286.smt2,sat,0.0
/meti-tarski/sqrt/1mcosq/8/sqrt-1mcosq-8-chunk-0172.smt2,sat,0.0
/meti-tarski/sqrt/1mcosq/8/sqrt-1mcosq-8-chunk-0081.smt2,sat,0.0
/meti-tarski/sqrt/1mcosq/8/sqrt-1mcosq-8-chunk-0721.smt2,sat,0.0
/meti-tarski/sqrt/1mcosq/8/sqrt-1mcosq-8-chunk-0302.smt2,sat,0.0
/meti-tarski/sqrt/1mcosq/8/sqrt-1mcosq-8-chunk-0643.smt2,unsat,0.0
/meti-tarski/sqrt/1mcosq/8/sqrt-1mcosq-8-chunk-0292.smt2,sat,0.0
/meti-tarski/sqrt/1mcosq/8/sqrt-1mcosq-8-chunk-0210.smt2,unsat,0.0
/meti-tarski/sqrt/1mcosq/8/sqrt-1mcosq-8-chunk-0118.smt2,unsat,0.0
/meti-tarski/sqrt/1mcosq/8/sqrt-1mcosq-8-chunk-0260.smt2,sat,0.0
/meti-tarski/sqrt/1mcosq/8/sqrt-1mcosq-8-chunk-0402.smt2,sat,0.0
/meti-tarski/sqrt/1mcosq/8/sqrt-1mcosq-8-chunk-0536.smt2,sat,0.0
/meti-tarski/sqrt/1mcosq/8/sqrt-1mcosq-8-chunk-0656.smt2,sat,0.0
/meti-tarski/sqrt/1mcosq/8/sqrt-1mcosq-8-chunk-0685.smt2,sat,0.0
/meti-tarski/sqrt/1mcosq/8/sqrt-1mcosq-8-chunk-0551.smt2,unsat,0.0
/meti-tarski/sqrt/1mcosq/8/sqrt-1mcosq-8-chunk-0560.smt2,unsat,0.0
/meti-tarski/sqrt/1mcosq/8/sqrt-1mcosq-8-chunk-0501.smt2,unsat,0.0
/meti-tarski/sqrt/1mcosq/8/sqrt-1mcosq-8-chunk-0473.smt2,sat,0.0
/meti-tarski/sqrt/1mcosq/8/sqrt-1mcosq-8-chunk-0673.smt2,sat,0.0
/meti-tarski/sqrt/1mcosq/8/sqrt-1mcosq-8-chunk-0459.smt2,unsat,0.0
/meti-tarski/sqrt/1mcosq/8/sqrt-1mcosq-8-chunk-0410.smt2,sat,0.0
/meti-tarski/sqrt/1mcosq/8/sqrt-1mcosq-8-chunk-0247.smt2,sat,0.0
/meti-tarski/sqrt/1mcosq/8/sqrt-1mcosq-8-chunk-0566.smt2,unsat,0.0
/meti-tarski/sqrt/1mcosq/8/sqrt-1mcosq-8-chunk-0046.smt2,unsat,0.0
/meti-tarski/sqrt/1mcosq/8/sqrt-1mcosq-8-chunk-0401.smt2,unsat,0.0
/meti-tarski/sqrt/1mcosq/8/sqrt-1mcosq-8-chunk-0280.smt2,sat,0.0
/meti-tarski/sqrt/1mcosq/8/sqrt-1mcosq-8-chunk-0078.smt2,sat,0.0
/meti-tarski/sqrt/1mcosq/8/sqrt-1mcosq-8-chunk-0050.smt2,unsat,0.0
/meti-tarski/sqrt/1mcosq/8/sqrt-1mcosq-8-chunk-0299.smt2,sat,0.0
/meti-tarski/sqrt/1mcosq/8/sqrt-1mcosq-8-chunk-0265.smt2,unsat,0.0
/meti-tarski/sqrt/1mcosq/8/sqrt-1mcosq-8-chunk-0360.smt2,unsat,0.0
/meti-tarski/sqrt/1mcosq/8/sqrt-1mcosq-8-chunk-0657.smt2,unsat,0.0
/meti-tarski/sqrt/1mcosq/8/sqrt-1mcosq-8-chunk-0557.smt2,sat,0.0
/meti-tarski/sqrt/1mcosq/8/sqrt-1mcosq-8-chunk-0111.smt2,unsat,0.0
/meti-tarski/sqrt/1mcosq/8/sqrt-1mcosq-8-chunk-0316.smt2,sat,0.0
/meti-tarski/sqrt/1mcosq/8/sqrt-1mcosq-8-chunk-0571.smt2,sat,0.0
/meti-tarski/sqrt/1mcosq/8/sqrt-1mcosq-8-chunk-0449.smt2,sat,0.0
/meti-tarski/sqrt/1mcosq/8/sqrt-1mcosq-8-chunk-0160.smt2,sat,0.0
/meti-tarski/sqrt/1mcosq/8/sqrt-1mcosq-8-chunk-0593.smt2,sat,0.0
/meti-tarski/sqrt/1mcosq/8/sqrt-1mcosq-8-chunk-0175.smt2,sat,0.0
/meti-tarski/sqrt/1mcosq/8/sqrt-1mcosq-8-chunk-0732.smt2,sat,0.0
/meti-tarski/sqrt/1mcosq/8/sqrt-1mcosq-8-chunk-0152.smt2,sat,0.0
/meti-tarski/sqrt/1mcosq/8/sqrt-1mcosq-8-chunk-0734.smt2,unsat,0.0
/meti-tarski/sqrt/1mcosq/8/sqrt-1mcosq-8-chunk-0342.smt2,unsat,0.0
/meti-tarski/sqrt/1mcosq/8/sqrt-1mcosq-8-chunk-0249.smt2,unsat,0.0
/meti-tarski/sqrt/1mcosq/8/sqrt-1mcosq-8-chunk-0063.smt2,sat,0.0
/meti-tarski/sqrt/1mcosq/8/sqrt-1mcosq-8-chunk-0609.smt2,sat,0.0
/meti-tarski/sqrt/1mcosq/8/sqrt-1mcosq-8-chunk-0096.smt2,sat,0.0
/meti-tarski/sqrt/1mcosq/8/sqrt-1mcosq-8-chunk-0117.smt2,sat,0.0
/meti-tarski/sqrt/1mcosq/8/sqrt-1mcosq-8-chunk-0472.smt2,sat,0.0
/meti-tarski/sqrt/1mcosq/8/sqrt-1mcosq-8-chunk-0577.smt2,sat,0.0
/meti-tarski/sqrt/1mcosq/8/sqrt-1mcosq-8-chunk-0101.smt2,sat,0.0
/meti-tarski/sqrt/1mcosq/8/sqrt-1mcosq-8-chunk-0048.smt2,sat,0.0
/meti-tarski/sqrt/1mcosq/8/sqrt-1mcosq-8-chunk-0726.smt2,sat,0.0
/meti-tarski/sqrt/1mcosq/8/sqrt-1mcosq-8-chunk-0461.smt2,unsat,0.0
/meti-tarski/sqrt/1mcosq/8/sqrt-1mcosq-8-chunk-0590.smt2,unsat,0.0
/meti-tarski/sqrt/1mcosq/8/sqrt-1mcosq-8-chunk-0568.smt2,unsat,0.0
/meti-tarski/sqrt/1mcosq/8/sqrt-1mcosq-8-chunk-0107.smt2,sat,0.0
/meti-tarski/sqrt/1mcosq/8/sqrt-1mcosq-8-chunk-0157.smt2,sat,0.0
/meti-tarski/sqrt/1mcosq/8/sqrt-1mcosq-8-chunk-0671.smt2,unsat,0.0
/meti-tarski/sqrt/1mcosq/8/sqrt-1mcosq-8-chunk-0018.smt2,sat,0.0
/meti-tarski/sqrt/1mcosq/8/sqrt-1mcosq-8-chunk-0255.smt2,sat,0.0
/meti-tarski/sqrt/1mcosq/8/sqrt-1mcosq-8-chunk-0660.smt2,sat,0.0
/meti-tarski/sqrt/1mcosq/8/sqrt-1mcosq-8-chunk-0427.smt2,sat,0.0
/meti-tarski/sqrt/1mcosq/8/sqrt-1mcosq-8-chunk-0130.smt2,sat,0.0
/meti-tarski/sqrt/1mcosq/8/sqrt-1mcosq-8-chunk-0585.smt2,sat,0.0
/meti-tarski/sqrt/1mcosq/8/sqrt-1mcosq-8-chunk-0109.smt2,sat,0.0
/meti-tarski/sqrt/1mcosq/8/sqrt-1mcosq-8-chunk-0434.smt2,sat,0.0
/meti-tarski/sqrt/1mcosq/8/sqrt-1mcosq-8-chunk-0089.smt2,sat,0.0
/meti-tarski/sqrt/1mcosq/8/sqrt-1mcosq-8-chunk-0465.smt2,unsat,0.0
/meti-tarski/sqrt/1mcosq/8/sqrt-1mcosq-8-chunk-0540.smt2,sat,0.0
/meti-tarski/sqrt/1mcosq/8/sqrt-1mcosq-8-chunk-0454.smt2,sat,0.0
/meti-tarski/sqrt/1mcosq/8/sqrt-1mcosq-8-chunk-0341.smt2,sat,0.0
/meti-tarski/sqrt/1mcosq/8/sqrt-1mcosq-8-chunk-0583.smt2,sat,0.0
/meti-tarski/sqrt/1mcosq/8/sqrt-1mcosq-8-chunk-0327.smt2,unsat,0.0
/meti-tarski/sqrt/1mcosq/8/sqrt-1mcosq-8-chunk-0701.smt2,sat,0.0
/meti-tarski/sqrt/1mcosq/8/sqrt-1mcosq-8-chunk-0388.smt2,unsat,0.0
/meti-tarski/sqrt/1mcosq/8/sqrt-1mcosq-8-chunk-0355.smt2,sat,0.0
/meti-tarski/sqrt/1mcosq/8/sqrt-1mcosq-8-chunk-0317.smt2,unsat,0.0
/meti-tarski/sqrt/1mcosq/8/sqrt-1mcosq-8-chunk-0153.smt2,unsat,0.0
/meti-tarski/sqrt/1mcosq/8/sqrt-1mcosq-8-chunk-0575.smt2,unsat,0.0
/meti-tarski/sqrt/1mcosq/8/sqrt-1mcosq-8-chunk-0209.smt2,sat,0.0
/meti-tarski/sqrt/1mcosq/8/sqrt-1mcosq-8-chunk-0665.smt2,sat,0.0
/meti-tarski/sqrt/1mcosq/8/sqrt-1mcosq-8-chunk-0516.smt2,sat,0.0
/meti-tarski/sqrt/1mcosq/8/sqrt-1mcosq-8-chunk-0283.smt2,sat,0.0
/meti-tarski/sqrt/1mcosq/8/sqrt-1mcosq-8-chunk-0206.smt2,sat,0.0
/meti-tarski/sqrt/1mcosq/8/sqrt-1mcosq-8-chunk-0708.smt2,sat,0.0
/meti-tarski/sqrt/1mcosq/8/sqrt-1mcosq-8-chunk-0134.smt2,sat,0.0
/meti-tarski/sqrt/1mcosq/8/sqrt-1mcosq-8-chunk-0138.smt2,unsat,0.0
/meti-tarski/sqrt/1mcosq/8/sqrt-1mcosq-8-chunk-0458.smt2,sat,0.0
/meti-tarski/sqrt/1mcosq/8/sqrt-1mcosq-8-chunk-0072.smt2,sat,0.0
/meti-tarski/sqrt/1mcosq/8/sqrt-1mcosq-8-chunk-0166.smt2,sat,0.0
/meti-tarski/sqrt/1mcosq/8/sqrt-1mcosq-8-chunk-0365.smt2,sat,0.0
/meti-tarski/sqrt/1mcosq/8/sqrt-1mcosq-8-chunk-0471.smt2,sat,0.0
/meti-tarski/sqrt/1mcosq/8/sqrt-1mcosq-8-chunk-0691.smt2,sat,0.0
/meti-tarski/sqrt/1mcosq/8/sqrt-1mcosq-8-chunk-0188.smt2,sat,0.01894998550415039
/meti-tarski/sqrt/1mcosq/8/sqrt-1mcosq-8-chunk-0674.smt2,sat,0.0
/meti-tarski/sqrt/1mcosq/8/sqrt-1mcosq-8-chunk-0266.smt2,sat,0.0
/meti-tarski/sqrt/1mcosq/8/sqrt-1mcosq-8-chunk-0468.smt2,sat,0.0
/meti-tarski/sqrt/1mcosq/8/sqrt-1mcosq-8-chunk-0241.smt2,unsat,0.0
/meti-tarski/sqrt/1mcosq/8/sqrt-1mcosq-8-chunk-0702.smt2,sat,0.0
/meti-tarski/sqrt/1mcosq/8/sqrt-1mcosq-8-chunk-0447.smt2,sat,0.0
/meti-tarski/sqrt/1mcosq/8/sqrt-1mcosq-8-chunk-0404.smt2,unsat,0.0
/meti-tarski/sqrt/1mcosq/8/sqrt-1mcosq-8-chunk-0244.smt2,sat,0.0
/meti-tarski/sqrt/1mcosq/8/sqrt-1mcosq-8-chunk-0173.smt2,unsat,0.0
/meti-tarski/sqrt/1mcosq/8/sqrt-1mcosq-8-chunk-0253.smt2,sat,0.0
/meti-tarski/sqrt/1mcosq/8/sqrt-1mcosq-8-chunk-0189.smt2,unsat,0.0
/meti-tarski/sqrt/1mcosq/8/sqrt-1mcosq-8-chunk-0287.smt2,sat,0.0
/meti-tarski/sqrt/1mcosq/8/sqrt-1mcosq-8-chunk-0133.smt2,sat,0.0
/meti-tarski/sqrt/1mcosq/8/sqrt-1mcosq-8-chunk-0582.smt2,unsat,0.0
/meti-tarski/sqrt/1mcosq/8/sqrt-1mcosq-8-chunk-0240.smt2,sat,0.0
/meti-tarski/sqrt/1mcosq/8/sqrt-1mcosq-8-chunk-0121.smt2,unsat,0.0
/meti-tarski/sqrt/1mcosq/8/sqrt-1mcosq-8-chunk-0474.smt2,sat,0.0
/meti-tarski/sqrt/1mcosq/8/sqrt-1mcosq-8-chunk-0097.smt2,unsat,0.0
/meti-tarski/sqrt/1mcosq/8/sqrt-1mcosq-8-chunk-0132.smt2,sat,0.017934322357177734
/meti-tarski/sqrt/1mcosq/8/sqrt-1mcosq-8-chunk-0083.smt2,unsat,0.0
/meti-tarski/sqrt/1mcosq/8/sqrt-1mcosq-8-chunk-0384.smt2,sat,0.0
/meti-tarski/sqrt/1mcosq/8/sqrt-1mcosq-8-chunk-0469.smt2,sat,0.0
/meti-tarski/sqrt/1mcosq/8/sqrt-1mcosq-8-chunk-0353.smt2,unsat,0.0
/meti-tarski/sqrt/1mcosq/8/sqrt-1mcosq-8-chunk-0264.smt2,sat,0.0
/meti-tarski/sqrt/1mcosq/8/sqrt-1mcosq-8-chunk-0129.smt2,unsat,0.0
/meti-tarski/sqrt/1mcosq/8/sqrt-1mcosq-8-chunk-0346.smt2,sat,0.0
/meti-tarski/sqrt/1mcosq/8/sqrt-1mcosq-8-chunk-0356.smt2,sat,0.0
/meti-tarski/sqrt/1mcosq/8/sqrt-1mcosq-8-chunk-0666.smt2,sat,0.0
/meti-tarski/sqrt/1mcosq/8/sqrt-1mcosq-8-chunk-0553.smt2,unsat,0.0
/meti-tarski/sqrt/1mcosq/8/sqrt-1mcosq-8-chunk-0235.smt2,unsat,0.0
/meti-tarski/sqrt/1mcosq/8/sqrt-1mcosq-8-chunk-0455.smt2,unsat,0.0
/meti-tarski/sqrt/1mcosq/8/sqrt-1mcosq-8-chunk-0325.smt2,sat,0.0
/meti-tarski/sqrt/1mcosq/8/sqrt-1mcosq-8-chunk-0436.smt2,sat,0.0
/meti-tarski/sqrt/1mcosq/8/sqrt-1mcosq-8-chunk-0347.smt2,unsat,0.0
/meti-tarski/sqrt/1mcosq/8/sqrt-1mcosq-8-chunk-0456.smt2,sat,0.0
/meti-tarski/sqrt/1mcosq/8/sqrt-1mcosq-8-chunk-0044.smt2,unsat,0.0
/meti-tarski/sqrt/1mcosq/8/sqrt-1mcosq-8-chunk-0200.smt2,sat,0.0
/meti-tarski/sqrt/1mcosq/8/sqrt-1mcosq-8-chunk-0262.smt2,sat,0.0
/meti-tarski/sqrt/1mcosq/8/sqrt-1mcosq-8-chunk-0191.smt2,sat,0.0
/meti-tarski/sqrt/1mcosq/8/sqrt-1mcosq-8-chunk-0350.smt2,sat,0.0
/meti-tarski/sqrt/1mcosq/8/sqrt-1mcosq-8-chunk-0062.smt2,unsat,0.0
/meti-tarski/sqrt/1mcosq/8/sqrt-1mcosq-8-chunk-0503.smt2,unsat,0.0
/meti-tarski/sqrt/1mcosq/8/sqrt-1mcosq-8-chunk-0676.smt2,sat,0.0
/meti-tarski/sqrt/1mcosq/8/sqrt-1mcosq-8-chunk-0068.smt2,sat,0.0
/meti-tarski/sqrt/1mcosq/8/sqrt-1mcosq-8-chunk-0288.smt2,sat,0.0
/meti-tarski/sqrt/1mcosq/8/sqrt-1mcosq-8-chunk-0519.smt2,sat,0.0
/meti-tarski/sqrt/1mcosq/8/sqrt-1mcosq-8-chunk-0308.smt2,sat,0.0
/meti-tarski/sqrt/1mcosq/8/sqrt-1mcosq-8-chunk-0313.smt2,sat,0.0
/meti-tarski/sqrt/1mcosq/8/sqrt-1mcosq-8-chunk-0705.smt2,sat,0.0
/meti-tarski/sqrt/1mcosq/8/sqrt-1mcosq-8-chunk-0183.smt2,sat,0.0
/meti-tarski/sqrt/1mcosq/8/sqrt-1mcosq-8-chunk-0439.smt2,unsat,0.0
/meti-tarski/sqrt/1mcosq/8/sqrt-1mcosq-8-chunk-0146.smt2,unsat,0.0
/meti-tarski/sqrt/1mcosq/8/sqrt-1mcosq-8-chunk-0706.smt2,sat,0.0
/meti-tarski/sqrt/1mcosq/8/sqrt-1mcosq-8-chunk-0586.smt2,sat,0.0
/meti-tarski/sqrt/1mcosq/8/sqrt-1mcosq-8-chunk-0722.smt2,sat,0.0
/meti-tarski/sqrt/1mcosq/8/sqrt-1mcosq-8-chunk-0696.smt2,sat,0.0
/meti-tarski/sqrt/1mcosq/8/sqrt-1mcosq-8-chunk-0423.smt2,sat,0.0
/meti-tarski/sqrt/1mcosq/8/sqrt-1mcosq-8-chunk-0284.smt2,unsat,0.0
/meti-tarski/sqrt/1mcosq/8/sqrt-1mcosq-8-chunk-0053.smt2,unsat,0.0
/meti-tarski/sqrt/1mcosq/8/sqrt-1mcosq-8-chunk-0154.smt2,sat,0.0
/meti-tarski/sqrt/1mcosq/8/sqrt-1mcosq-8-chunk-0494.smt2,unsat,0.0
/meti-tarski/sqrt/1mcosq/8/sqrt-1mcosq-8-chunk-0606.smt2,sat,0.0
/meti-tarski/sqrt/1mcosq/8/sqrt-1mcosq-8-chunk-0539.smt2,sat,0.0
/meti-tarski/sqrt/1mcosq/8/sqrt-1mcosq-8-chunk-0295.smt2,sat,0.0
/meti-tarski/sqrt/1mcosq/8/sqrt-1mcosq-8-chunk-0332.smt2,sat,0.0
/meti-tarski/sqrt/1mcosq/8/sqrt-1mcosq-8-chunk-0305.smt2,sat,0.0
/meti-tarski/sqrt/1mcosq/8/sqrt-1mcosq-8-chunk-0141.smt2,unsat,0.0
/meti-tarski/sqrt/1mcosq/8/sqrt-1mcosq-8-chunk-0393.smt2,sat,0.0
/meti-tarski/sqrt/1mcosq/8/sqrt-1mcosq-8-chunk-0611.smt2,unsat,0.0
/meti-tarski/sqrt/1mcosq/8/sqrt-1mcosq-8-chunk-0318.smt2,unsat,0.0
/meti-tarski/sqrt/1mcosq/8/sqrt-1mcosq-8-chunk-0275.smt2,unsat,0.0
/meti-tarski/sqrt/1mcosq/8/sqrt-1mcosq-8-chunk-0700.smt2,unsat,0.0
/meti-tarski/sqrt/1mcosq/8/sqrt-1mcosq-8-chunk-0064.smt2,unsat,0.0
/meti-tarski/sqrt/1mcosq/8/sqrt-1mcosq-8-chunk-0329.smt2,unsat,0.0
/meti-tarski/sqrt/1mcosq/8/sqrt-1mcosq-8-chunk-0196.smt2,unsat,0.0
/meti-tarski/sqrt/1mcosq/8/sqrt-1mcosq-8-chunk-0421.smt2,sat,0.0
/meti-tarski/sqrt/1mcosq/8/sqrt-1mcosq-8-chunk-0672.smt2,unsat,0.0
/meti-tarski/sqrt/1mcosq/8/sqrt-1mcosq-8-chunk-0358.smt2,sat,0.0
/meti-tarski/sqrt/1mcosq/8/sqrt-1mcosq-8-chunk-0559.smt2,sat,0.0
/meti-tarski/sqrt/1mcosq/8/sqrt-1mcosq-8-chunk-0301.smt2,unsat,0.0
/meti-tarski/sqrt/1mcosq/8/sqrt-1mcosq-8-chunk-0069.smt2,sat,0.0
/meti-tarski/sqrt/1mcosq/8/sqrt-1mcosq-8-chunk-0135.smt2,sat,0.0
/meti-tarski/sqrt/1mcosq/8/sqrt-1mcosq-8-chunk-0448.smt2,unsat,0.0
/meti-tarski/sqrt/1mcosq/8/sqrt-1mcosq-8-chunk-0162.smt2,sat,0.0
/meti-tarski/sqrt/1mcosq/8/sqrt-1mcosq-8-chunk-0236.smt2,sat,0.0
/meti-tarski/sqrt/1mcosq/8/sqrt-1mcosq-8-chunk-0205.smt2,sat,0.0
/meti-tarski/sqrt/1mcosq/8/sqrt-1mcosq-8-chunk-0248.smt2,sat,0.0
/meti-tarski/sqrt/1mcosq/8/sqrt-1mcosq-8-chunk-0437.smt2,unsat,0.0
/meti-tarski/sqrt/1mcosq/8/sqrt-1mcosq-8-chunk-0484.smt2,sat,0.0
/meti-tarski/sqrt/1mcosq/8/sqrt-1mcosq-8-chunk-0636.smt2,sat,0.0
/meti-tarski/sqrt/1mcosq/8/sqrt-1mcosq-8-chunk-0095.smt2,unsat,0.0
/meti-tarski/sqrt/1mcosq/8/sqrt-1mcosq-8-chunk-0042.smt2,sat,0.0
/meti-tarski/sqrt/1mcosq/8/sqrt-1mcosq-8-chunk-0562.smt2,sat,0.0
/meti-tarski/sqrt/1mcosq/8/sqrt-1mcosq-8-chunk-0336.smt2,unsat,0.0
/meti-tarski/sqrt/1mcosq/8/sqrt-1mcosq-8-chunk-0572.smt2,unsat,0.0
/meti-tarski/sqrt/1mcosq/8/sqrt-1mcosq-8-chunk-0331.smt2,sat,0.0
/meti-tarski/sqrt/1mcosq/8/sqrt-1mcosq-8-chunk-0178.smt2,sat,0.0
/meti-tarski/sqrt/1mcosq/8/sqrt-1mcosq-8-chunk-0363.smt2,sat,0.0
/meti-tarski/sqrt/1mcosq/8/sqrt-1mcosq-8-chunk-0595.smt2,unsat,0.0
/meti-tarski/sqrt/1mcosq/8/sqrt-1mcosq-8-chunk-0364.smt2,unsat,0.0
/meti-tarski/sqrt/1mcosq/8/sqrt-1mcosq-8-chunk-0193.smt2,sat,0.0
/meti-tarski/sqrt/1mcosq/8/sqrt-1mcosq-8-chunk-0169.smt2,sat,0.0
/meti-tarski/sqrt/1mcosq/8/sqrt-1mcosq-8-chunk-0717.smt2,sat,0.0
/meti-tarski/sqrt/1mcosq/8/sqrt-1mcosq-8-chunk-0030.smt2,sat,0.0
/meti-tarski/sqrt/1mcosq/8/sqrt-1mcosq-8-chunk-0661.smt2,unsat,0.0
/meti-tarski/sqrt/1mcosq/8/sqrt-1mcosq-8-chunk-0028.smt2,unsat,0.0
/meti-tarski/sqrt/1mcosq/8/sqrt-1mcosq-8-chunk-0345.smt2,unsat,0.0
/meti-tarski/sqrt/1mcosq/8/sqrt-1mcosq-8-chunk-0307.smt2,unsat,0.0
/meti-tarski/sqrt/1mcosq/8/sqrt-1mcosq-8-chunk-0269.smt2,sat,0.0
/meti-tarski/sqrt/1mcosq/8/sqrt-1mcosq-8-chunk-0370.smt2,unsat,0.0
/meti-tarski/sqrt/1mcosq/8/sqrt-1mcosq-8-chunk-0650.smt2,sat,0.0
/meti-tarski/sqrt/1mcosq/8/sqrt-1mcosq-8-chunk-0243.smt2,unsat,0.0
/meti-tarski/sqrt/1mcosq/8/sqrt-1mcosq-8-chunk-0368.smt2,sat,0.0
/meti-tarski/sqrt/1mcosq/8/sqrt-1mcosq-8-chunk-0580.smt2,unsat,0.0
/meti-tarski/sqrt/1mcosq/8/sqrt-1mcosq-8-chunk-0349.smt2,sat,0.0
/meti-tarski/sqrt/1mcosq/8/sqrt-1mcosq-8-chunk-0597.smt2,unsat,0.0
/meti-tarski/sqrt/1mcosq/8/sqrt-1mcosq-8-chunk-0467.smt2,unsat,0.0
/meti-tarski/sqrt/1mcosq/8/sqrt-1mcosq-8-chunk-0022.smt2,unsat,0.0
/meti-tarski/sqrt/1mcosq/8/sqrt-1mcosq-8-chunk-0445.smt2,unsat,0.0
/meti-tarski/sqrt/1mcosq/8/sqrt-1mcosq-8-chunk-0357.smt2,unsat,0.0
/meti-tarski/sqrt/1mcosq/8/sqrt-1mcosq-8-chunk-0724.smt2,sat,0.0
/meti-tarski/sqrt/1mcosq/8/sqrt-1mcosq-8-chunk-0192.smt2,sat,0.0
/meti-tarski/sqrt/1mcosq/8/sqrt-1mcosq-8-chunk-0082.smt2,sat,0.0
/meti-tarski/sqrt/1mcosq/8/sqrt-1mcosq-8-chunk-0496.smt2,sat,0.0
/meti-tarski/sqrt/1mcosq/8/sqrt-1mcosq-8-chunk-0409.smt2,unsat,0.0
/meti-tarski/sqrt/1mcosq/8/sqrt-1mcosq-8-chunk-0453.smt2,sat,0.0
/meti-tarski/sqrt/1mcosq/8/sqrt-1mcosq-8-chunk-0374.smt2,unsat,0.0
/meti-tarski/sqrt/1mcosq/8/sqrt-1mcosq-8-chunk-0238.smt2,unsat,0.0
/meti-tarski/sqrt/1mcosq/8/sqrt-1mcosq-8-chunk-0578.smt2,unsat,0.0
/meti-tarski/sqrt/1mcosq/8/sqrt-1mcosq-8-chunk-0276.smt2,sat,0.0
/meti-tarski/sqrt/1mcosq/8/sqrt-1mcosq-8-chunk-0351.smt2,unsat,0.0
/meti-tarski/sqrt/1mcosq/8/sqrt-1mcosq-8-chunk-0100.smt2,sat,0.0
/meti-tarski/sqrt/1mcosq/8/sqrt-1mcosq-8-chunk-0435.smt2,unsat,0.0
/meti-tarski/sqrt/1mcosq/8/sqrt-1mcosq-8-chunk-0362.smt2,sat,0.0
/meti-tarski/sqrt/1mcosq/8/sqrt-1mcosq-8-chunk-0424.smt2,unsat,0.0
/meti-tarski/sqrt/1mcosq/8/sqrt-1mcosq-8-chunk-0098.smt2,sat,0.0
/meti-tarski/sqrt/1mcosq/8/sqrt-1mcosq-8-chunk-0677.smt2,unsat,0.0
/meti-tarski/sqrt/1mcosq/8/sqrt-1mcosq-8-chunk-0328.smt2,sat,0.0
/meti-tarski/sqrt/1mcosq/8/sqrt-1mcosq-8-chunk-0679.smt2,unsat,0.0
/meti-tarski/sqrt/1mcosq/8/sqrt-1mcosq-8-chunk-0128.smt2,sat,0.0
/meti-tarski/sqrt/1mcosq/8/sqrt-1mcosq-8-chunk-0548.smt2,unsat,0.0
/meti-tarski/sqrt/1mcosq/8/sqrt-1mcosq-8-chunk-0159.smt2,sat,0.0
/meti-tarski/sqrt/1mcosq/8/sqrt-1mcosq-8-chunk-0369.smt2,sat,0.0
/meti-tarski/sqrt/1mcosq/8/sqrt-1mcosq-8-chunk-0511.smt2,sat,0.0
/meti-tarski/sqrt/1mcosq/8/sqrt-1mcosq-8-chunk-0491.smt2,unsat,0.0
/meti-tarski/sqrt/1mcosq/8/sqrt-1mcosq-8-chunk-0274.smt2,sat,0.0
/meti-tarski/sqrt/1mcosq/8/sqrt-1mcosq-8-chunk-0442.smt2,sat,0.0
/meti-tarski/sqrt/1mcosq/8/sqrt-1mcosq-8-chunk-0411.smt2,sat,0.0
/meti-tarski/sqrt/1mcosq/8/sqrt-1mcosq-8-chunk-0237.smt2,sat,0.0
/meti-tarski/sqrt/1mcosq/8/sqrt-1mcosq-8-chunk-0431.smt2,unsat,0.0
/meti-tarski/sqrt/1mcosq/8/sqrt-1mcosq-8-chunk-0695.smt2,sat,0.0
/meti-tarski/sqrt/1mcosq/8/sqrt-1mcosq-8-chunk-0479.smt2,sat,0.0
/meti-tarski/sqrt/1mcosq/8/sqrt-1mcosq-8-chunk-0545.smt2,sat,0.0
/meti-tarski/sqrt/1mcosq/8/sqrt-1mcosq-8-chunk-0222.smt2,unsat,0.0
/meti-tarski/sqrt/1mcosq/8/sqrt-1mcosq-8-chunk-0297.smt2,sat,0.0
/meti-tarski/sqrt/1mcosq/8/sqrt-1mcosq-8-chunk-0699.smt2,sat,0.0
/meti-tarski/sqrt/1mcosq/8/sqrt-1mcosq-8-chunk-0731.smt2,sat,0.0
/meti-tarski/sqrt/1mcosq/8/sqrt-1mcosq-8-chunk-0527.smt2,sat,0.0
/meti-tarski/sqrt/1mcosq/8/sqrt-1mcosq-8-chunk-0502.smt2,unsat,0.0
/meti-tarski/sqrt/1mcosq/8/sqrt-1mcosq-8-chunk-0080.smt2,unsat,0.0
/meti-tarski/sqrt/1mcosq/8/sqrt-1mcosq-8-chunk-0658.smt2,sat,0.0
/meti-tarski/sqrt/1mcosq/8/sqrt-1mcosq-8-chunk-0256.smt2,sat,0.0
/meti-tarski/sqrt/1mcosq/8/sqrt-1mcosq-8-chunk-0108.smt2,unsat,0.0
/meti-tarski/sqrt/1mcosq/8/sqrt-1mcosq-8-chunk-0670.smt2,sat,0.0
/meti-tarski/sqrt/1mcosq/8/sqrt-1mcosq-8-chunk-0490.smt2,sat,0.0
/meti-tarski/sqrt/1mcosq/8/sqrt-1mcosq-8-chunk-0682.smt2,sat,0.0
/meti-tarski/sqrt/1mcosq/8/sqrt-1mcosq-8-chunk-0683.smt2,unsat,0.0
/meti-tarski/sqrt/1mcosq/8/sqrt-1mcosq-8-chunk-0433.smt2,sat,0.0
/meti-tarski/sqrt/1mcosq/8/sqrt-1mcosq-8-chunk-0450.smt2,sat,0.0
/meti-tarski/sqrt/1mcosq/8/sqrt-1mcosq-8-chunk-0420.smt2,sat,0.0
/meti-tarski/sqrt/1mcosq/8/sqrt-1mcosq-8-chunk-0569.smt2,unsat,0.0
/meti-tarski/sqrt/1mcosq/8/sqrt-1mcosq-8-chunk-0405.smt2,sat,0.0
/meti-tarski/sqrt/1mcosq/8/sqrt-1mcosq-8-chunk-0373.smt2,sat,0.0
/meti-tarski/sqrt/1mcosq/8/sqrt-1mcosq-8-chunk-0443.smt2,unsat,0.0
/meti-tarski/sqrt/1mcosq/8/sqrt-1mcosq-8-chunk-0635.smt2,unsat,0.0
/meti-tarski/sqrt/1mcosq/8/sqrt-1mcosq-8-chunk-0233.smt2,unsat,0.0
/meti-tarski/sqrt/1mcosq/8/sqrt-1mcosq-8-chunk-0084.smt2,sat,0.0
/meti-tarski/sqrt/1mcosq/8/sqrt-1mcosq-8-chunk-0524.smt2,sat,0.0
/meti-tarski/sqrt/1mcosq/8/sqrt-1mcosq-8-chunk-0698.smt2,sat,0.0
/meti-tarski/sqrt/1mcosq/8/sqrt-1mcosq-8-chunk-0314.smt2,sat,0.0
/meti-tarski/sqrt/1mcosq/8/sqrt-1mcosq-8-chunk-0668.smt2,unsat,0.0
/meti-tarski/sqrt/1mcosq/8/sqrt-1mcosq-8-chunk-0150.smt2,unsat,0.0
/meti-tarski/sqrt/1mcosq/8/sqrt-1mcosq-8-chunk-0481.smt2,sat,0.0
/meti-tarski/sqrt/1mcosq/8/sqrt-1mcosq-8-chunk-0032.smt2,unsat,0.0
/meti-tarski/sqrt/1mcosq/8/sqrt-1mcosq-8-chunk-0390.smt2,sat,0.0
/meti-tarski/sqrt/1mcosq/8/sqrt-1mcosq-8-chunk-0488.smt2,unsat,0.0
/meti-tarski/sqrt/1mcosq/8/sqrt-1mcosq-8-chunk-0278.smt2,sat,0.0
/meti-tarski/sqrt/1mcosq/8/sqrt-1mcosq-8-chunk-0686.smt2,unsat,0.0
/meti-tarski/sqrt/1mcosq/8/sqrt-1mcosq-8-chunk-0485.smt2,unsat,0.0
/meti-tarski/sqrt/1mcosq/8/sqrt-1mcosq-8-chunk-0625.smt2,unsat,0.0
/meti-tarski/sqrt/1mcosq/8/sqrt-1mcosq-8-chunk-0382.smt2,unsat,0.0
/meti-tarski/sqrt/1mcosq/8/sqrt-1mcosq-8-chunk-0727.smt2,unsat,0.0
/meti-tarski/sqrt/1mcosq/8/sqrt-1mcosq-8-chunk-0372.smt2,sat,0.0
/meti-tarski/sqrt/1mcosq/8/sqrt-1mcosq-8-chunk-0170.smt2,sat,0.0
/meti-tarski/sqrt/1mcosq/8/sqrt-1mcosq-8-chunk-0203.smt2,unsat,0.0
/meti-tarski/sqrt/1mcosq/8/sqrt-1mcosq-8-chunk-0376.smt2,unsat,0.0
/meti-tarski/sqrt/1mcosq/8/sqrt-1mcosq-8-chunk-0127.smt2,sat,0.0
/meti-tarski/sqrt/1mcosq/8/sqrt-1mcosq-8-chunk-0120.smt2,sat,0.0
/meti-tarski/sqrt/1mcosq/8/sqrt-1mcosq-8-chunk-0639.smt2,sat,0.0
/meti-tarski/sqrt/1mcosq/8/sqrt-1mcosq-8-chunk-0190.smt2,sat,0.0
/meti-tarski/sqrt/1mcosq/8/sqrt-1mcosq-8-chunk-0348.smt2,unsat,0.0
/meti-tarski/sqrt/1mcosq/8/sqrt-1mcosq-8-chunk-0140.smt2,sat,0.0
/meti-tarski/sqrt/1mcosq/8/sqrt-1mcosq-8-chunk-0619.smt2,unsat,0.0
/meti-tarski/sqrt/1mcosq/8/sqrt-1mcosq-8-chunk-0102.smt2,sat,0.0
/meti-tarski/sqrt/1mcosq/8/sqrt-1mcosq-8-chunk-0549.smt2,sat,0.0
/meti-tarski/sqrt/1mcosq/8/sqrt-1mcosq-8-chunk-0311.smt2,unsat,0.0
/meti-tarski/sqrt/1mcosq/8/sqrt-1mcosq-8-chunk-0167.smt2,sat,0.0
/meti-tarski/sqrt/1mcosq/8/sqrt-1mcosq-8-chunk-0730.smt2,unsat,0.0
/meti-tarski/sqrt/1mcosq/8/sqrt-1mcosq-8-chunk-0197.smt2,sat,0.0
/meti-tarski/sqrt/1mcosq/8/sqrt-1mcosq-8-chunk-0694.smt2,unsat,0.0
/meti-tarski/sqrt/1mcosq/8/sqrt-1mcosq-8-chunk-0599.smt2,sat,0.0
/meti-tarski/sqrt/1mcosq/8/sqrt-1mcosq-8-chunk-0394.smt2,unsat,0.0
/meti-tarski/sqrt/1mcosq/8/sqrt-1mcosq-8-chunk-0383.smt2,sat,0.0
/meti-tarski/sqrt/1mcosq/8/sqrt-1mcosq-8-chunk-0195.smt2,sat,0.0
/meti-tarski/sqrt/1mcosq/8/sqrt-1mcosq-8-chunk-0723.smt2,unsat,0.0
/meti-tarski/sqrt/1mcosq/8/sqrt-1mcosq-8-chunk-0059.smt2,sat,0.0
/meti-tarski/sqrt/1mcosq/8/sqrt-1mcosq-8-chunk-0293.smt2,sat,0.0
/meti-tarski/sqrt/1mcosq/8/sqrt-1mcosq-8-chunk-0224.smt2,sat,0.0
/meti-tarski/sqrt/1mcosq/8/sqrt-1mcosq-8-chunk-0131.smt2,unsat,0.0
/meti-tarski/sqrt/1mcosq/8/sqrt-1mcosq-8-chunk-0294.smt2,sat,0.0
/meti-tarski/sqrt/1mcosq/8/sqrt-1mcosq-8-chunk-0207.smt2,sat,0.0
/meti-tarski/sqrt/1mcosq/8/sqrt-1mcosq-8-chunk-0174.smt2,sat,0.0
/meti-tarski/sqrt/1mcosq/8/sqrt-1mcosq-8-chunk-0267.smt2,unsat,0.0
/meti-tarski/sqrt/1mcosq/8/sqrt-1mcosq-8-chunk-0395.smt2,unsat,0.0
/meti-tarski/sqrt/1mcosq/8/sqrt-1mcosq-8-chunk-0094.smt2,sat,0.0
/meti-tarski/sqrt/1mcosq/8/sqrt-1mcosq-8-chunk-0444.smt2,sat,0.0
/meti-tarski/sqrt/1mcosq/8/sqrt-1mcosq-8-chunk-0201.smt2,unsat,0.0
/meti-tarski/sqrt/1mcosq/8/sqrt-1mcosq-8-chunk-0271.smt2,sat,0.0
/meti-tarski/sqrt/1mcosq/8/sqrt-1mcosq-8-chunk-0425.smt2,unsat,0.0
/meti-tarski/sqrt/1mcosq/8/sqrt-1mcosq-8-chunk-0446.smt2,sat,0.0
/meti-tarski/sqrt/1mcosq/8/sqrt-1mcosq-8-chunk-0392.smt2,unsat,0.0
/meti-tarski/sqrt/1mcosq/8/sqrt-1mcosq-8-chunk-0482.smt2,sat,0.0
/meti-tarski/sqrt/1mcosq/8/sqrt-1mcosq-8-chunk-0215.smt2,sat,0.0
/meti-tarski/sqrt/1mcosq/8/sqrt-1mcosq-8-chunk-0400.smt2,sat,0.0
/meti-tarski/sqrt/1mcosq/8/sqrt-1mcosq-8-chunk-0414.smt2,unsat,0.0
/meti-tarski/sqrt/1mcosq/8/sqrt-1mcosq-8-chunk-0137.smt2,sat,0.0
/meti-tarski/sqrt/1mcosq/8/sqrt-1mcosq-8-chunk-0309.smt2,unsat,0.0
/meti-tarski/sqrt/1mcosq/8/sqrt-1mcosq-8-chunk-0576.smt2,sat,0.0
/meti-tarski/sqrt/1mcosq/8/sqrt-1mcosq-8-chunk-0177.smt2,unsat,0.0
/meti-tarski/sqrt/1mcosq/8/sqrt-1mcosq-8-chunk-0680.smt2,sat,0.0
/meti-tarski/sqrt/1mcosq/8/sqrt-1mcosq-8-chunk-0339.smt2,sat,0.0
/meti-tarski/sqrt/1mcosq/8/sqrt-1mcosq-8-chunk-0143.smt2,sat,0.0
/meti-tarski/sqrt/1mcosq/8/sqrt-1mcosq-8-chunk-0464.smt2,sat,0.0
/meti-tarski/sqrt/1mcosq/8/sqrt-1mcosq-8-chunk-0714.smt2,unsat,0.0
/meti-tarski/sqrt/1mcosq/8/sqrt-1mcosq-8-chunk-0225.smt2,unsat,0.0
/meti-tarski/sqrt/1mcosq/8/sqrt-1mcosq-8-chunk-0289.smt2,unsat,0.0
/meti-tarski/sqrt/1mcosq/8/sqrt-1mcosq-8-chunk-0070.smt2,sat,0.0
/meti-tarski/sqrt/1mcosq/8/sqrt-1mcosq-8-chunk-0633.smt2,sat,0.0
/meti-tarski/sqrt/1mcosq/8/sqrt-1mcosq-8-chunk-0654.smt2,sat,0.0
/meti-tarski/sqrt/1mcosq/8/sqrt-1mcosq-8-chunk-0678.smt2,sat,0.0
/meti-tarski/sqrt/1mcosq/8/sqrt-1mcosq-8-chunk-0231.smt2,sat,0.0
/meti-tarski/sqrt/1mcosq/8/sqrt-1mcosq-8-chunk-0563.smt2,unsat,0.0
/meti-tarski/sqrt/1mcosq/8/sqrt-1mcosq-8-chunk-0547.smt2,sat,0.0
/meti-tarski/sqrt/1mcosq/8/sqrt-1mcosq-8-chunk-0182.smt2,sat,0.0
/meti-tarski/sqrt/1mcosq/8/sqrt-1mcosq-8-chunk-0565.smt2,sat,0.0
/meti-tarski/sqrt/1mcosq/8/sqrt-1mcosq-8-chunk-0426.smt2,sat,0.0
/meti-tarski/sqrt/1mcosq/8/sqrt-1mcosq-8-chunk-0027.smt2,unsat,0.0
/meti-tarski/sqrt/1mcosq/8/sqrt-1mcosq-8-chunk-0041.smt2,sat,0.0
/meti-tarski/sqrt/1mcosq/8/sqrt-1mcosq-8-chunk-0377.smt2,sat,0.0
/meti-tarski/sqrt/1mcosq/8/sqrt-1mcosq-8-chunk-0229.smt2,sat,0.0
/meti-tarski/sqrt/1mcosq/8/sqrt-1mcosq-8-chunk-0252.smt2,unsat,0.0
/meti-tarski/sqrt/1mcosq/8/sqrt-1mcosq-8-chunk-0136.smt2,unsat,0.0
/meti-tarski/sqrt/1mcosq/8/sqrt-1mcosq-8-chunk-0335.smt2,unsat,0.0
/meti-tarski/sqrt/1mcosq/8/sqrt-1mcosq-8-chunk-0113.smt2,sat,0.0
/meti-tarski/sqrt/1mcosq/8/sqrt-1mcosq-8-chunk-0204.smt2,sat,0.0
/meti-tarski/sqrt/1mcosq/8/sqrt-1mcosq-8-chunk-0592.smt2,unsat,0.0
/meti-tarski/sqrt/1mcosq/8/sqrt-1mcosq-8-chunk-0315.smt2,unsat,0.0
/meti-tarski/sqrt/1mcosq/8/sqrt-1mcosq-8-chunk-0521.smt2,sat,0.0
/meti-tarski/sqrt/1mcosq/8/sqrt-1mcosq-8-chunk-0692.smt2,unsat,0.0
/meti-tarski/sqrt/1mcosq/8/sqrt-1mcosq-8-chunk-0273.smt2,sat,0.0
/meti-tarski/sqrt/1mcosq/8/sqrt-1mcosq-8-chunk-0687.smt2,sat,0.0
/meti-tarski/sqrt/1mcosq/8/sqrt-1mcosq-8-chunk-0457.smt2,unsat,0.0
/meti-tarski/sqrt/1mcosq/8/sqrt-1mcosq-8-chunk-0651.smt2,sat,0.0
/meti-tarski/sqrt/1mcosq/8/sqrt-1mcosq-8-chunk-0399.smt2,unsat,0.0
/meti-tarski/sqrt/1mcosq/8/sqrt-1mcosq-8-chunk-0452.smt2,unsat,0.0
/meti-tarski/sqrt/1mcosq/8/sqrt-1mcosq-8-chunk-0057.smt2,sat,0.0
/meti-tarski/sqrt/1mcosq/8/sqrt-1mcosq-8-chunk-0343.smt2,sat,0.0
/meti-tarski/sqrt/1mcosq/8/sqrt-1mcosq-8-chunk-0075.smt2,sat,0.0
/meti-tarski/sqrt/1mcosq/8/sqrt-1mcosq-8-chunk-0422.smt2,unsat,0.0
/meti-tarski/sqrt/1mcosq/8/sqrt-1mcosq-8-chunk-0531.smt2,unsat,0.0
/meti-tarski/sqrt/1mcosq/8/sqrt-1mcosq-8-chunk-0371.smt2,unsat,0.0
/meti-tarski/sqrt/1mcosq/8/sqrt-1mcosq-8-chunk-0155.smt2,unsat,0.0
/meti-tarski/sqrt/1mcosq/8/sqrt-1mcosq-8-chunk-0116.smt2,unsat,0.0
/meti-tarski/sqrt/1mcosq/8/sqrt-1mcosq-8-chunk-0550.smt2,sat,0.0
/meti-tarski/sqrt/1mcosq/8/sqrt-1mcosq-8-chunk-0641.smt2,sat,0.0
/meti-tarski/sqrt/1mcosq/8/sqrt-1mcosq-8-chunk-0408.smt2,sat,0.0
/meti-tarski/sqrt/1mcosq/8/sqrt-1mcosq-8-chunk-0574.smt2,unsat,0.0
/meti-tarski/sqrt/1mcosq/8/sqrt-1mcosq-8-chunk-0529.smt2,unsat,0.0
/meti-tarski/sqrt/1mcosq/8/sqrt-1mcosq-8-chunk-0525.smt2,unsat,0.0
/meti-tarski/sqrt/1mcosq/8/sqrt-1mcosq-8-chunk-0693.smt2,sat,0.0
/meti-tarski/sqrt/1mcosq/8/sqrt-1mcosq-8-chunk-0333.smt2,unsat,0.0
/meti-tarski/sqrt/1mcosq/8/sqrt-1mcosq-8-chunk-0649.smt2,sat,0.0
/meti-tarski/sqrt/1mcosq/8/sqrt-1mcosq-8-chunk-0226.smt2,sat,0.0
/meti-tarski/sqrt/1mcosq/8/sqrt-1mcosq-8-chunk-0412.smt2,unsat,0.0
/meti-tarski/sqrt/1mcosq/8/sqrt-1mcosq-8-chunk-0323.smt2,unsat,0.0
/meti-tarski/sqrt/1mcosq/8/sqrt-1mcosq-8-chunk-0644.smt2,sat,0.0
/meti-tarski/sqrt/1mcosq/8/sqrt-1mcosq-8-chunk-0589.smt2,sat,0.0
/meti-tarski/sqrt/1mcosq/8/sqrt-1mcosq-8-chunk-0638.smt2,unsat,0.0
/meti-tarski/sqrt/1mcosq/8/sqrt-1mcosq-8-chunk-0601.smt2,sat,0.0
/meti-tarski/sqrt/1mcosq/8/sqrt-1mcosq-8-chunk-0626.smt2,sat,0.0
/meti-tarski/sqrt/1mcosq/8/sqrt-1mcosq-8-chunk-0106.smt2,unsat,0.0
/meti-tarski/sqrt/1mcosq/8/sqrt-1mcosq-8-chunk-0381.smt2,unsat,0.0
/meti-tarski/sqrt/1mcosq/8/sqrt-1mcosq-8-chunk-0738.smt2,sat,0.0
/meti-tarski/sqrt/1mcosq/8/sqrt-1mcosq-8-chunk-0430.smt2,unsat,0.0
/meti-tarski/sqrt/1mcosq/8/sqrt-1mcosq-8-chunk-0570.smt2,sat,0.0
/meti-tarski/sqrt/1mcosq/8/sqrt-1mcosq-8-chunk-0036.smt2,unsat,0.0
/meti-tarski/sqrt/1mcosq/8/sqrt-1mcosq-8-chunk-0500.smt2,unsat,0.0
/meti-tarski/sqrt/1mcosq/8/sqrt-1mcosq-8-chunk-0608.smt2,unsat,0.0
/meti-tarski/sqrt/1mcosq/8/sqrt-1mcosq-8-chunk-0079.smt2,sat,0.0
/meti-tarski/sqrt/1mcosq/8/sqrt-1mcosq-8-chunk-0428.smt2,unsat,0.0
/meti-tarski/sqrt/1mcosq/8/sqrt-1mcosq-8-chunk-0296.smt2,unsat,0.0
/meti-tarski/sqrt/1mcosq/8/sqrt-1mcosq-8-chunk-0344.smt2,sat,0.0
/meti-tarski/sqrt/1mcosq/8/sqrt-1mcosq-8-chunk-0558.smt2,sat,0.0
/meti-tarski/sqrt/1mcosq/8/sqrt-1mcosq-8-chunk-0310.smt2,sat,0.0
/meti-tarski/sqrt/1mcosq/8/sqrt-1mcosq-8-chunk-0509.smt2,sat,0.0
/meti-tarski/sqrt/1mcosq/8/sqrt-1mcosq-8-chunk-0663.smt2,unsat,0.0
/meti-tarski/sqrt/1mcosq/8/sqrt-1mcosq-8-chunk-0168.smt2,unsat,0.0
/meti-tarski/sqrt/1mcosq/8/sqrt-1mcosq-8-chunk-0122.smt2,sat,0.0
/meti-tarski/sqrt/1mcosq/8/sqrt-1mcosq-8-chunk-0254.smt2,unsat,0.0
/meti-tarski/sqrt/1mcosq/8/sqrt-1mcosq-8-chunk-0533.smt2,sat,0.0
/meti-tarski/sqrt/1mcosq/8/sqrt-1mcosq-8-chunk-0478.smt2,unsat,0.0
/meti-tarski/sqrt/1mcosq/8/sqrt-1mcosq-8-chunk-0733.smt2,sat,0.0
/meti-tarski/sqrt/1mcosq/8/sqrt-1mcosq-8-chunk-0470.smt2,sat,0.0
/meti-tarski/sqrt/1mcosq/8/sqrt-1mcosq-8-chunk-0617.smt2,sat,0.0
/meti-tarski/sqrt/1mcosq/8/sqrt-1mcosq-8-chunk-0320.smt2,sat,0.0
/meti-tarski/sqrt/1mcosq/8/sqrt-1mcosq-8-chunk-0158.smt2,unsat,0.0
/meti-tarski/sqrt/1mcosq/8/sqrt-1mcosq-8-chunk-0306.smt2,sat,0.0
/meti-tarski/sqrt/1mcosq/8/sqrt-1mcosq-8-chunk-0330.smt2,unsat,0.0
/meti-tarski/sqrt/1mcosq/8/sqrt-1mcosq-8-chunk-0613.smt2,unsat,0.0
/meti-tarski/sqrt/1mcosq/8/sqrt-1mcosq-8-chunk-0480.smt2,sat,0.0
/meti-tarski/sqrt/1mcosq/8/sqrt-1mcosq-8-chunk-0387.smt2,unsat,0.0
/meti-tarski/sqrt/1mcosq/8/sqrt-1mcosq-8-chunk-0604.smt2,sat,0.0
/meti-tarski/sqrt/1mcosq/8/sqrt-1mcosq-8-chunk-0123.smt2,sat,0.0
/meti-tarski/sqrt/1mcosq/8/sqrt-1mcosq-8-chunk-0564.smt2,sat,0.0
/meti-tarski/sqrt/1mcosq/8/sqrt-1mcosq-8-chunk-0093.smt2,sat,0.0
/meti-tarski/sqrt/1mcosq/8/sqrt-1mcosq-8-chunk-0441.smt2,sat,0.0
/meti-tarski/sqrt/1mcosq/8/sqrt-1mcosq-8-chunk-0263.smt2,sat,0.0
/meti-tarski/sqrt/1mcosq/8/sqrt-1mcosq-8-chunk-0242.smt2,sat,0.0
/meti-tarski/sqrt/1mcosq/8/sqrt-1mcosq-8-chunk-0338.smt2,sat,0.0
/meti-tarski/sqrt/1mcosq/8/sqrt-1mcosq-8-chunk-0513.smt2,sat,0.0
/meti-tarski/sqrt/1mcosq/8/sqrt-1mcosq-8-chunk-0227.smt2,unsat,0.0
/meti-tarski/sqrt/1mcosq/8/sqrt-1mcosq-8-chunk-0463.smt2,unsat,0.0
/meti-tarski/sqrt/1mcosq/8/sqrt-1mcosq-8-chunk-0640.smt2,unsat,0.0
/meti-tarski/sqrt/1mcosq/8/sqrt-1mcosq-8-chunk-0737.smt2,sat,0.0
/meti-tarski/sqrt/1mcosq/8/sqrt-1mcosq-8-chunk-0076.smt2,unsat,0.0
/meti-tarski/sqrt/1mcosq/8/sqrt-1mcosq-8-chunk-0151.smt2,sat,0.0
/meti-tarski/sqrt/1mcosq/8/sqrt-1mcosq-8-chunk-0385.smt2,unsat,0.0
/meti-tarski/sqrt/1mcosq/8/sqrt-1mcosq-8-chunk-0514.smt2,unsat,0.0
/meti-tarski/sqrt/1mcosq/8/sqrt-1mcosq-8-chunk-0124.smt2,sat,0.0
/meti-tarski/sqrt/1mcosq/8/sqrt-1mcosq-8-chunk-0272.smt2,sat,0.0
/meti-tarski/sqrt/1mcosq/8/sqrt-1mcosq-8-chunk-0584.smt2,sat,0.0
/meti-tarski/sqrt/1mcosq/7/sqrt-1mcosq-7-chunk-0079.smt2,sat,0.0
/meti-tarski/sqrt/1mcosq/7/sqrt-1mcosq-7-chunk-0203.smt2,sat,0.0
/meti-tarski/sqrt/1mcosq/7/sqrt-1mcosq-7-chunk-0182.smt2,unsat,0.0
/meti-tarski/sqrt/1mcosq/7/sqrt-1mcosq-7-chunk-0178.smt2,sat,0.0
/meti-tarski/sqrt/1mcosq/7/sqrt-1mcosq-7-chunk-0037.smt2,unsat,0.0
/meti-tarski/sqrt/1mcosq/7/sqrt-1mcosq-7-chunk-0149.smt2,sat,0.0
/meti-tarski/sqrt/1mcosq/7/sqrt-1mcosq-7-chunk-0041.smt2,sat,0.0
/meti-tarski/sqrt/1mcosq/7/sqrt-1mcosq-7-chunk-0192.smt2,sat,0.0
/meti-tarski/sqrt/1mcosq/7/sqrt-1mcosq-7-chunk-0114.smt2,sat,0.0
/meti-tarski/sqrt/1mcosq/7/sqrt-1mcosq-7-chunk-0115.smt2,sat,0.0
/meti-tarski/sqrt/1mcosq/7/sqrt-1mcosq-7-chunk-0050.smt2,sat,0.0
/meti-tarski/sqrt/1mcosq/7/sqrt-1mcosq-7-chunk-0147.smt2,sat,0.0
/meti-tarski/sqrt/1mcosq/7/sqrt-1mcosq-7-chunk-0193.smt2,sat,0.0
/meti-tarski/sqrt/1mcosq/7/sqrt-1mcosq-7-chunk-0045.smt2,unsat,0.0
/meti-tarski/sqrt/1mcosq/7/sqrt-1mcosq-7-chunk-0210.smt2,sat,0.0
/meti-tarski/sqrt/1mcosq/7/sqrt-1mcosq-7-chunk-0150.smt2,sat,0.0
/meti-tarski/sqrt/1mcosq/7/sqrt-1mcosq-7-chunk-0152.smt2,sat,0.0
/meti-tarski/sqrt/1mcosq/7/sqrt-1mcosq-7-chunk-0034.smt2,unsat,0.0
/meti-tarski/sqrt/1mcosq/7/sqrt-1mcosq-7-chunk-0078.smt2,sat,0.0
/meti-tarski/sqrt/1mcosq/7/sqrt-1mcosq-7-chunk-0171.smt2,sat,0.0
/meti-tarski/sqrt/1mcosq/7/sqrt-1mcosq-7-chunk-0215.smt2,sat,0.0
/meti-tarski/sqrt/1mcosq/7/sqrt-1mcosq-7-chunk-0076.smt2,sat,0.0
/meti-tarski/sqrt/1mcosq/7/sqrt-1mcosq-7-chunk-0145.smt2,sat,0.0
/meti-tarski/sqrt/1mcosq/7/sqrt-1mcosq-7-chunk-0024.smt2,sat,0.0
/meti-tarski/sqrt/1mcosq/7/sqrt-1mcosq-7-chunk-0187.smt2,sat,0.0
/meti-tarski/sqrt/1mcosq/7/sqrt-1mcosq-7-chunk-0175.smt2,sat,0.0
/meti-tarski/sqrt/1mcosq/7/sqrt-1mcosq-7-chunk-0074.smt2,sat,0.0
/meti-tarski/sqrt/1mcosq/7/sqrt-1mcosq-7-chunk-0077.smt2,sat,0.0
/meti-tarski/sqrt/1mcosq/7/sqrt-1mcosq-7-chunk-0085.smt2,unsat,0.0
/meti-tarski/sqrt/1mcosq/7/sqrt-1mcosq-7-chunk-0194.smt2,sat,0.0
/meti-tarski/sqrt/1mcosq/7/sqrt-1mcosq-7-chunk-0208.smt2,sat,0.0
/meti-tarski/sqrt/1mcosq/7/sqrt-1mcosq-7-chunk-0230.smt2,sat,0.0
/meti-tarski/sqrt/1mcosq/7/sqrt-1mcosq-7-chunk-0225.smt2,unsat,0.0
/meti-tarski/sqrt/1mcosq/7/sqrt-1mcosq-7-chunk-0168.smt2,sat,0.0
/meti-tarski/sqrt/1mcosq/7/sqrt-1mcosq-7-chunk-0139.smt2,sat,0.0
/meti-tarski/sqrt/1mcosq/7/sqrt-1mcosq-7-chunk-0121.smt2,sat,0.0
/meti-tarski/sqrt/1mcosq/7/sqrt-1mcosq-7-chunk-0116.smt2,sat,0.0
/meti-tarski/sqrt/1mcosq/7/sqrt-1mcosq-7-chunk-0084.smt2,unsat,0.0
/meti-tarski/sqrt/1mcosq/7/sqrt-1mcosq-7-chunk-0090.smt2,sat,0.0
/meti-tarski/sqrt/1mcosq/7/sqrt-1mcosq-7-chunk-0217.smt2,sat,0.0
/meti-tarski/sqrt/1mcosq/7/sqrt-1mcosq-7-chunk-0130.smt2,unsat,0.0
/meti-tarski/sqrt/1mcosq/7/sqrt-1mcosq-7-chunk-0235.smt2,unsat,0.0
/meti-tarski/sqrt/1mcosq/7/sqrt-1mcosq-7-chunk-0125.smt2,sat,0.0
/meti-tarski/sqrt/1mcosq/7/sqrt-1mcosq-7-chunk-0142.smt2,sat,0.0
/meti-tarski/sqrt/1mcosq/7/sqrt-1mcosq-7-chunk-0234.smt2,sat,0.0
/meti-tarski/sqrt/1mcosq/7/sqrt-1mcosq-7-chunk-0035.smt2,sat,0.0
/meti-tarski/sqrt/1mcosq/7/sqrt-1mcosq-7-chunk-0052.smt2,sat,0.0
/meti-tarski/sqrt/1mcosq/7/sqrt-1mcosq-7-chunk-0189.smt2,sat,0.0
/meti-tarski/sqrt/1mcosq/7/sqrt-1mcosq-7-chunk-0025.smt2,sat,0.0
/meti-tarski/sqrt/1mcosq/7/sqrt-1mcosq-7-chunk-0102.smt2,sat,0.0
/meti-tarski/sqrt/1mcosq/7/sqrt-1mcosq-7-chunk-0206.smt2,sat,0.0
/meti-tarski/sqrt/1mcosq/7/sqrt-1mcosq-7-chunk-0017.smt2,sat,0.0
/meti-tarski/sqrt/1mcosq/7/sqrt-1mcosq-7-chunk-0167.smt2,sat,0.0
/meti-tarski/sqrt/1mcosq/7/sqrt-1mcosq-7-chunk-0191.smt2,sat,0.0
/meti-tarski/sqrt/1mcosq/7/sqrt-1mcosq-7-chunk-0222.smt2,sat,0.0
/meti-tarski/sqrt/1mcosq/7/sqrt-1mcosq-7-chunk-0232.smt2,sat,0.0
/meti-tarski/sqrt/1mcosq/7/sqrt-1mcosq-7-chunk-0212.smt2,sat,0.0
/meti-tarski/sqrt/1mcosq/7/sqrt-1mcosq-7-chunk-0051.smt2,sat,0.0
/meti-tarski/sqrt/1mcosq/7/sqrt-1mcosq-7-chunk-0170.smt2,sat,0.0
/meti-tarski/sqrt/1mcosq/7/sqrt-1mcosq-7-chunk-0094.smt2,sat,0.0
/meti-tarski/sqrt/1mcosq/7/sqrt-1mcosq-7-chunk-0032.smt2,unsat,0.0
/meti-tarski/sqrt/1mcosq/7/sqrt-1mcosq-7-chunk-0111.smt2,sat,0.0
/meti-tarski/sqrt/1mcosq/7/sqrt-1mcosq-7-chunk-0161.smt2,sat,0.0
/meti-tarski/sqrt/1mcosq/7/sqrt-1mcosq-7-chunk-0028.smt2,sat,0.0
/meti-tarski/sqrt/1mcosq/7/sqrt-1mcosq-7-chunk-0151.smt2,sat,0.0
/meti-tarski/sqrt/1mcosq/7/sqrt-1mcosq-7-chunk-0188.smt2,sat,0.0
/meti-tarski/sqrt/1mcosq/7/sqrt-1mcosq-7-chunk-0158.smt2,sat,0.0
/meti-tarski/sqrt/1mcosq/7/sqrt-1mcosq-7-chunk-0177.smt2,sat,0.0
/meti-tarski/sqrt/1mcosq/7/sqrt-1mcosq-7-chunk-0049.smt2,unsat,0.0
/meti-tarski/sqrt/1mcosq/7/sqrt-1mcosq-7-chunk-0173.smt2,sat,0.0
/meti-tarski/sqrt/1mcosq/7/sqrt-1mcosq-7-chunk-0164.smt2,sat,0.0
/meti-tarski/sqrt/1mcosq/7/sqrt-1mcosq-7-chunk-0088.smt2,unsat,0.0
/meti-tarski/sqrt/1mcosq/7/sqrt-1mcosq-7-chunk-0038.smt2,sat,0.0
/meti-tarski/sqrt/1mcosq/7/sqrt-1mcosq-7-chunk-0153.smt2,sat,0.0
/meti-tarski/sqrt/1mcosq/7/sqrt-1mcosq-7-chunk-0218.smt2,sat,0.0
/meti-tarski/sqrt/1mcosq/7/sqrt-1mcosq-7-chunk-0030.smt2,sat,0.0
/meti-tarski/sqrt/1mcosq/7/sqrt-1mcosq-7-chunk-0053.smt2,sat,0.0
/meti-tarski/sqrt/1mcosq/7/sqrt-1mcosq-7-chunk-0039.smt2,unsat,0.0
/meti-tarski/sqrt/1mcosq/7/sqrt-1mcosq-7-chunk-0040.smt2,sat,0.0
/meti-tarski/sqrt/1mcosq/7/sqrt-1mcosq-7-chunk-0157.smt2,sat,0.0
/meti-tarski/sqrt/1mcosq/7/sqrt-1mcosq-7-chunk-0046.smt2,sat,0.0
/meti-tarski/sqrt/1mcosq/7/sqrt-1mcosq-7-chunk-0207.smt2,sat,0.0
/meti-tarski/sqrt/1mcosq/7/sqrt-1mcosq-7-chunk-0036.smt2,sat,0.0
/meti-tarski/sqrt/1mcosq/7/sqrt-1mcosq-7-chunk-0184.smt2,unsat,0.0
/meti-tarski/sqrt/1mcosq/7/sqrt-1mcosq-7-chunk-0117.smt2,sat,0.0
/meti-tarski/sqrt/1mcosq/7/sqrt-1mcosq-7-chunk-0026.smt2,sat,0.0
/meti-tarski/sqrt/1mcosq/7/sqrt-1mcosq-7-chunk-0202.smt2,sat,0.0
/meti-tarski/sqrt/1mcosq/7/sqrt-1mcosq-7-chunk-0174.smt2,sat,0.0
/meti-tarski/sqrt/1mcosq/7/sqrt-1mcosq-7-chunk-0129.smt2,sat,0.0
/meti-tarski/sqrt/1mcosq/7/sqrt-1mcosq-7-chunk-0109.smt2,sat,0.0
/meti-tarski/sqrt/1mcosq/7/sqrt-1mcosq-7-chunk-0220.smt2,sat,0.0
/meti-tarski/sqrt/1mcosq/7/sqrt-1mcosq-7-chunk-0020.smt2,sat,0.0
/meti-tarski/sqrt/1mcosq/7/sqrt-1mcosq-7-chunk-0018.smt2,sat,0.0
/meti-tarski/sqrt/1mcosq/7/sqrt-1mcosq-7-chunk-0156.smt2,sat,0.0
/meti-tarski/sqrt/1mcosq/7/sqrt-1mcosq-7-chunk-0134.smt2,sat,0.0
/meti-tarski/sqrt/1mcosq/7/sqrt-1mcosq-7-chunk-0029.smt2,sat,0.0
/meti-tarski/sqrt/1mcosq/7/sqrt-1mcosq-7-chunk-0099.smt2,sat,0.0
/meti-tarski/sqrt/1mcosq/7/sqrt-1mcosq-7-chunk-0097.smt2,unsat,0.0
/meti-tarski/sqrt/1mcosq/7/sqrt-1mcosq-7-chunk-0137.smt2,sat,0.0
/meti-tarski/sqrt/1mcosq/7/sqrt-1mcosq-7-chunk-0201.smt2,sat,0.0
/meti-tarski/sqrt/1mcosq/7/sqrt-1mcosq-7-chunk-0063.smt2,unsat,0.0
/meti-tarski/sqrt/1mcosq/7/sqrt-1mcosq-7-chunk-0172.smt2,sat,0.0
/meti-tarski/sqrt/1mcosq/7/sqrt-1mcosq-7-chunk-0143.smt2,sat,0.0
/meti-tarski/sqrt/1mcosq/7/sqrt-1mcosq-7-chunk-0146.smt2,sat,0.0
/meti-tarski/sqrt/1mcosq/7/sqrt-1mcosq-7-chunk-0216.smt2,sat,0.0
/meti-tarski/sqrt/1mcosq/7/sqrt-1mcosq-7-chunk-0023.smt2,sat,0.0
/meti-tarski/sqrt/1mcosq/7/sqrt-1mcosq-7-chunk-0056.smt2,unsat,0.0
/meti-tarski/sqrt/1mcosq/7/sqrt-1mcosq-7-chunk-0119.smt2,unsat,0.0
/meti-tarski/sqrt/1mcosq/7/sqrt-1mcosq-7-chunk-0159.smt2,sat,0.0
/meti-tarski/sqrt/1mcosq/7/sqrt-1mcosq-7-chunk-0186.smt2,unsat,0.0
/meti-tarski/sqrt/1mcosq/7/sqrt-1mcosq-7-chunk-0221.smt2,sat,0.0
/meti-tarski/sqrt/1mcosq/7/sqrt-1mcosq-7-chunk-0124.smt2,sat,0.0
/meti-tarski/sqrt/1mcosq/7/sqrt-1mcosq-7-chunk-0166.smt2,sat,0.0
/meti-tarski/sqrt/1mcosq/7/sqrt-1mcosq-7-chunk-0055.smt2,unsat,0.0
/meti-tarski/sqrt/1mcosq/7/sqrt-1mcosq-7-chunk-0211.smt2,unsat,0.0
/meti-tarski/sqrt/1mcosq/7/sqrt-1mcosq-7-chunk-0019.smt2,sat,0.0
/meti-tarski/sqrt/1mcosq/7/sqrt-1mcosq-7-chunk-0081.smt2,sat,0.0
/meti-tarski/sqrt/1mcosq/7/sqrt-1mcosq-7-chunk-0070.smt2,sat,0.0
/meti-tarski/sqrt/1mcosq/7/sqrt-1mcosq-7-chunk-0176.smt2,sat,0.0
/meti-tarski/sqrt/1mcosq/7/sqrt-1mcosq-7-chunk-0196.smt2,sat,0.0
/meti-tarski/sqrt/1mcosq/7/sqrt-1mcosq-7-chunk-0072.smt2,sat,0.0
/meti-tarski/sqrt/1mcosq/7/sqrt-1mcosq-7-chunk-0219.smt2,sat,0.0
/meti-tarski/sqrt/1mcosq/7/sqrt-1mcosq-7-chunk-0205.smt2,sat,0.0
/meti-tarski/sqrt/1mcosq/7/sqrt-1mcosq-7-chunk-0133.smt2,sat,0.0
/meti-tarski/sqrt/1mcosq/7/sqrt-1mcosq-7-chunk-0083.smt2,sat,0.0
/meti-tarski/sqrt/1mcosq/7/sqrt-1mcosq-7-chunk-0112.smt2,sat,0.0
/meti-tarski/sqrt/1mcosq/7/sqrt-1mcosq-7-chunk-0135.smt2,sat,0.0
/meti-tarski/sqrt/1mcosq/7/sqrt-1mcosq-7-chunk-0054.smt2,sat,0.0
/meti-tarski/sqrt/1mcosq/7/sqrt-1mcosq-7-chunk-0190.smt2,sat,0.0
/meti-tarski/sqrt/1mcosq/7/sqrt-1mcosq-7-chunk-0093.smt2,unsat,0.0
/meti-tarski/sqrt/1mcosq/7/sqrt-1mcosq-7-chunk-0214.smt2,unsat,0.0
/meti-tarski/sqrt/1mcosq/7/sqrt-1mcosq-7-chunk-0027.smt2,sat,0.0
/meti-tarski/sqrt/1mcosq/7/sqrt-1mcosq-7-chunk-0123.smt2,sat,0.0
/meti-tarski/sqrt/1mcosq/7/sqrt-1mcosq-7-chunk-0169.smt2,sat,0.0
/meti-tarski/sqrt/1mcosq/7/sqrt-1mcosq-7-chunk-0160.smt2,sat,0.0
/meti-tarski/sqrt/1mcosq/7/sqrt-1mcosq-7-chunk-0165.smt2,sat,0.0
/meti-tarski/sqrt/1mcosq/7/sqrt-1mcosq-7-chunk-0195.smt2,sat,0.0
/meti-tarski/sqrt/1mcosq/7/sqrt-1mcosq-7-chunk-0138.smt2,sat,0.0
/meti-tarski/sqrt/1mcosq/7/sqrt-1mcosq-7-chunk-0209.smt2,sat,0.0
/meti-tarski/sqrt/1mcosq/7/sqrt-1mcosq-7-chunk-0228.smt2,unsat,0.0
/meti-tarski/sqrt/1mcosq/7/sqrt-1mcosq-7-chunk-0131.smt2,sat,0.0
/meti-tarski/sqrt/1mcosq/7/sqrt-1mcosq-7-chunk-0180.smt2,unsat,0.0
/meti-tarski/sqrt/1mcosq/7/sqrt-1mcosq-7-chunk-0154.smt2,sat,0.0
/meti-tarski/sqrt/1mcosq/7/sqrt-1mcosq-7-chunk-0127.smt2,sat,0.0
/meti-tarski/sqrt/1mcosq/7/sqrt-1mcosq-7-chunk-0048.smt2,sat,0.0
/meti-tarski/sqrt/1mcosq/7/sqrt-1mcosq-7-chunk-0075.smt2,sat,0.0
/meti-tarski/sqrt/1mcosq/7/sqrt-1mcosq-7-chunk-0213.smt2,unsat,0.0
/meti-tarski/sqrt/1mcosq/7/sqrt-1mcosq-7-chunk-0118.smt2,sat,0.0
/meti-tarski/sqrt/1mcosq/7/sqrt-1mcosq-7-chunk-0229.smt2,sat,0.0
/meti-tarski/sqrt/1mcosq/7/sqrt-1mcosq-7-chunk-0141.smt2,sat,0.0
/meti-tarski/sqrt/1mcosq/7/sqrt-1mcosq-7-chunk-0231.smt2,sat,0.0
/meti-tarski/sqrt/1mcosq/7/sqrt-1mcosq-7-chunk-0086.smt2,unsat,0.0
/meti-tarski/sqrt/1mcosq/7/sqrt-1mcosq-7-chunk-0155.smt2,sat,0.0
/meti-tarski/sqrt/problem/sqrt-problem-Melquiond2-chunk-0068.smt2,sat,0.0
/meti-tarski/sqrt/problem/sqrt-problem-Melquiond3-chunk-0022.smt2,sat,0.0
/meti-tarski/sqrt/problem/sqrt-problem-Melquiond2-chunk-0018.smt2,sat,0.0
/meti-tarski/sqrt/problem/sqrt-problem-Melquiond2-chunk-0058.smt2,unsat,0.0
/meti-tarski/sqrt/problem/sqrt-problem-Melquiond2-chunk-0082.smt2,sat,0.0
/meti-tarski/sqrt/problem/sqrt-problem-Melquiond3-chunk-0031.smt2,unsat,0.0
/meti-tarski/sqrt/problem/sqrt-problem-Melquiond2-chunk-0015.smt2,unsat,0.0
/meti-tarski/sqrt/problem/sqrt-problem-Melquiond2-chunk-0092.smt2,sat,0.0
/meti-tarski/sqrt/problem/sqrt-problem-Melquiond2-chunk-0043.smt2,sat,0.0
/meti-tarski/sqrt/problem/sqrt-problem-Melquiond2-chunk-0075.smt2,sat,0.0
/meti-tarski/sqrt/problem/sqrt-problem-Melquiond2-chunk-0026.smt2,unsat,0.0
/meti-tarski/sqrt/problem/sqrt-problem-Melquiond2-chunk-0032.smt2,unsat,0.0
/meti-tarski/sqrt/problem/sqrt-problem-Melquiond2-chunk-0012.smt2,unsat,0.0
/meti-tarski/sqrt/problem/sqrt-problem-Melquiond2-chunk-0067.smt2,unsat,0.0
/meti-tarski/sqrt/problem/sqrt-problem-Melquiond2-chunk-0034.smt2,sat,0.0
/meti-tarski/sqrt/problem/sqrt-problem-Melquiond3-chunk-0019.smt2,sat,0.0
/meti-tarski/sqrt/problem/sqrt-problem-Melquiond2-chunk-0076.smt2,sat,0.0
/meti-tarski/sqrt/problem/sqrt-problem-Melquiond2-chunk-0087.smt2,sat,0.0
/meti-tarski/sqrt/problem/13/sqrt-problem-13-chunk-0022.smt2,unsat,0.0
/meti-tarski/sqrt/problem/13/sqrt-problem-13-chunk-0025.smt2,unsat,0.0
/meti-tarski/sqrt/problem/13/vars5/sqrt-problem-13-vars5-chunk-0018.smt2,sat,0.0
/meti-tarski/sqrt/problem/13/vars5/sqrt-problem-13-vars5-chunk-0021.smt2,sat,0.0
/meti-tarski/sqrt/problem/13/vars5/sqrt-problem-13-vars5-chunk-0024.smt2,sat,0.0
/meti-tarski/sqrt/problem/13/vars5/sqrt-problem-13-vars5-chunk-0026.smt2,sat,0.0
/meti-tarski/sqrt/problem/13/vars5/sqrt-problem-13-vars5-chunk-0015.smt2,sat,0.0
/meti-tarski/sqrt/problem/13/vars5/sqrt-problem-13-vars5-chunk-0023.smt2,sat,0.0
/meti-tarski/sqrt/problem/13/vars5/sqrt-problem-13-vars5-chunk-0028.smt2,sat,0.0
/meti-tarski/sqrt/problem/13/vars5/sqrt-problem-13-vars5-chunk-0020.smt2,sat,0.0
/meti-tarski/sqrt/problem/13/vars5/sqrt-problem-13-vars5-chunk-0017.smt2,sat,0.0
/meti-tarski/sqrt/problem/13/vars5/sqrt-problem-13-vars5-chunk-0027.smt2,unsat,0.0
/meti-tarski/sqrt/problem/13/sqrt-problem-13-chunk-0013.smt2,sat,0.0
/meti-tarski/sqrt/problem/13/sqrt-problem-13-chunk-0018.smt2,sat,0.0
/meti-tarski/sqrt/problem/13/sqrt-problem-13-chunk-0021.smt2,sat,0.0
/meti-tarski/sqrt/problem/13/sqrt-problem-13-chunk-0023.smt2,sat,0.0
/meti-tarski/sqrt/problem/13/sqrt-problem-13-chunk-0019.smt2,sat,0.0
/meti-tarski/sqrt/problem/13/sqrt1/sqrt-problem-13-sqrt1-chunk-0067.smt2,sat,0.0
/meti-tarski/sqrt/problem/13/sqrt1/sqrt-problem-13-sqrt1-chunk-0058.smt2,sat,0.0
/meti-tarski/sqrt/problem/13/sqrt1/sqrt-problem-13-sqrt1-chunk-0018.smt2,unsat,0.0
/meti-tarski/sqrt/problem/13/sqrt1/sqrt-problem-13-sqrt1-chunk-0024.smt2,unsat,0.0
/meti-tarski/sqrt/problem/13/sqrt1/sqrt-problem-13-sqrt1-chunk-0047.smt2,sat,0.0
/meti-tarski/sqrt/problem/13/sqrt1/sqrt-problem-13-sqrt1-chunk-0080.smt2,unsat,0.0
/meti-tarski/sqrt/problem/13/sqrt1/sqrt-problem-13-sqrt1-chunk-0012.smt2,sat,0.0
/meti-tarski/sqrt/problem/13/sqrt1/sqrt-problem-13-sqrt1-chunk-0049.smt2,unsat,0.0
/meti-tarski/sqrt/problem/13/sqrt1/sqrt-problem-13-sqrt1-chunk-0011.smt2,sat,0.0
/meti-tarski/sqrt/problem/13/sqrt1/sqrt-problem-13-sqrt1-chunk-0051.smt2,sat,0.0
/meti-tarski/sqrt/problem/13/sqrt1/sqrt-problem-13-sqrt1-chunk-0014.smt2,sat,0.0
/meti-tarski/sqrt/problem/13/sqrt1/sqrt-problem-13-sqrt1-chunk-0044.smt2,sat,0.0
/meti-tarski/sqrt/problem/13/sqrt1/sqrt-problem-13-sqrt1-chunk-0015.smt2,unsat,0.0
/meti-tarski/sqrt/problem/13/sqrt1/sqrt-problem-13-sqrt1-chunk-0032.smt2,sat,0.0
/meti-tarski/sqrt/problem/13/sqrt1/sqrt-problem-13-sqrt1-chunk-0053.smt2,sat,0.0
/meti-tarski/sqrt/problem/13/sqrt1/sqrt-problem-13-sqrt1-chunk-0027.smt2,sat,0.0
/meti-tarski/sqrt/problem/13/sqrt1/sqrt-problem-13-sqrt1-chunk-0079.smt2,unsat,0.0
/meti-tarski/sqrt/problem/13/sqrt1/sqrt-problem-13-sqrt1-chunk-0073.smt2,unsat,0.0
/meti-tarski/sqrt/problem/13/sqrt1/sqrt-problem-13-sqrt1-chunk-0030.smt2,unsat,0.0
/meti-tarski/sqrt/problem/13/sqrt1/sqrt-problem-13-sqrt1-chunk-0057.smt2,unsat,0.0
/meti-tarski/sqrt/problem/13/sqrt1/sqrt-problem-13-sqrt1-chunk-0081.smt2,sat,0.0
/meti-tarski/sqrt/problem/13/sqrt1/sqrt-problem-13-sqrt1-chunk-0019.smt2,sat,0.0
/meti-tarski/sqrt/problem/13/sqrt1/sqrt-problem-13-sqrt1-chunk-0054.smt2,unsat,0.0
/meti-tarski/sqrt/problem/13/sqrt1/sqrt-problem-13-sqrt1-chunk-0077.smt2,unsat,0.0
/meti-tarski/sqrt/problem/13/sqrt1/sqrt-problem-13-sqrt1-chunk-0072.smt2,sat,0.0
/meti-tarski/sqrt/problem/13/sqrt1/sqrt-problem-13-sqrt1-chunk-0068.smt2,unsat,0.0
/meti-tarski/sqrt/problem/13/sqrt1/sqrt-problem-13-sqrt1-chunk-0021.smt2,sat,0.0
/meti-tarski/sqrt/problem/13/sqrt1/sqrt-problem-13-sqrt1-chunk-0034.smt2,unsat,0.0
/meti-tarski/sqrt/problem/13/sqrt1/sqrt-problem-13-sqrt1-chunk-0078.smt2,sat,0.0
/meti-tarski/sqrt/problem/13/sqrt1/sqrt-problem-13-sqrt1-chunk-0035.smt2,unsat,0.0
/meti-tarski/sqrt/problem/13/sqrt1/sqrt-problem-13-sqrt1-chunk-0065.smt2,sat,0.0
/meti-tarski/sqrt/problem/13/sqrt1/sqrt-problem-13-sqrt1-chunk-0075.smt2,sat,0.0
/meti-tarski/sqrt/problem/13/sqrt1/sqrt-problem-13-sqrt1-chunk-0055.smt2,unsat,0.0
/meti-tarski/sqrt/problem/13/sqrt1/sqrt-problem-13-sqrt1-chunk-0082.smt2,unsat,0.0
/meti-tarski/sqrt/problem/13/sqrt1/sqrt-problem-13-sqrt1-chunk-0059.smt2,sat,0.0
/meti-tarski/sqrt/problem/13/sqrt1/sqrt-problem-13-sqrt1-chunk-0045.smt2,unsat,0.0
/meti-tarski/sqrt/problem/13/sqrt1/sqrt-problem-13-sqrt1-chunk-0062.smt2,sat,0.0
/meti-tarski/sqrt/problem/13/sqrt1/sqrt-problem-13-sqrt1-chunk-0061.smt2,sat,0.0
/meti-tarski/sqrt/problem/13/sqrt1/sqrt-problem-13-sqrt1-chunk-0037.smt2,sat,0.0
/meti-tarski/sqrt/problem/13/sqrt1/sqrt-problem-13-sqrt1-chunk-0039.smt2,sat,0.0
/meti-tarski/sqrt/problem/13/sqrt1/sqrt-problem-13-sqrt1-chunk-0023.smt2,unsat,0.0
/meti-tarski/sqrt/problem/13/sqrt1/sqrt-problem-13-sqrt1-chunk-0009.smt2,sat,0.0
/meti-tarski/sqrt/problem/13/sqrt1/sqrt-problem-13-sqrt1-chunk-0041.smt2,sat,0.0
/meti-tarski/sqrt/problem/13/sqrt1/sqrt-problem-13-sqrt1-chunk-0016.smt2,sat,0.0
/meti-tarski/sqrt/problem/13/sqrt1/sqrt-problem-13-sqrt1-chunk-0052.smt2,sat,0.0
/meti-tarski/sqrt/problem/13/sqrt1/sqrt-problem-13-sqrt1-chunk-0042.smt2,unsat,0.0
/meti-tarski/sqrt/problem/13/sqrt1/sqrt-problem-13-sqrt1-chunk-0043.smt2,unsat,0.0
/meti-tarski/sqrt/problem/13/sqrt-problem-13-chunk-0024.smt2,unsat,0.031037092208862305
/meti-tarski/sqrt/problem/13/sqrt-problem-13-chunk-0015.smt2,sat,0.0
/meti-tarski/sqrt/problem/13/sqrt-problem-13-chunk-0016.smt2,sat,0.0
/meti-tarski/sqrt/problem/sqrt-problem-Melquiond2-chunk-0094.smt2,unsat,0.0
/meti-tarski/sqrt/problem/sqrt-problem-Melquiond2-chunk-0073.smt2,unsat,0.0
/meti-tarski/sqrt/problem/sqrt-problem-Melquiond2-chunk-0010.smt2,sat,0.0
/meti-tarski/sqrt/problem/sqrt-problem-Melquiond2-chunk-0091.smt2,unsat,0.0
/meti-tarski/sqrt/problem/sqrt-problem-Melquiond2-chunk-0063.smt2,sat,0.0
/meti-tarski/sqrt/problem/sqrt-problem-Melquiond2-chunk-0059.smt2,sat,0.0
/meti-tarski/sqrt/problem/sqrt-problem-Melquiond2-chunk-0042.smt2,sat,0.0
/meti-tarski/sqrt/problem/sqrt-problem-Melquiond2-chunk-0060.smt2,sat,0.0
/meti-tarski/sqrt/problem/sqrt-problem-Melquiond2-chunk-0055.smt2,unsat,0.0
/meti-tarski/sqrt/problem/sqrt-problem-Melquiond3-chunk-0026.smt2,sat,0.0
/meti-tarski/sqrt/problem/sqrt-problem-Melquiond2-chunk-0074.smt2,unsat,0.0
/meti-tarski/sqrt/problem/sqrt-problem-Melquiond2-chunk-0028.smt2,unsat,0.0
/meti-tarski/sqrt/problem/sqrt-problem-Melquiond2-chunk-0098.smt2,unsat,0.0
/meti-tarski/sqrt/problem/sqrt-problem-Melquiond2-chunk-0045.smt2,unsat,0.0
/meti-tarski/sqrt/problem/sqrt-problem-Melquiond2-chunk-0066.smt2,unsat,0.0
/meti-tarski/sqrt/problem/sqrt-problem-Melquiond2-chunk-0093.smt2,sat,0.0
/meti-tarski/sqrt/problem/sqrt-problem-Melquiond2-chunk-0022.smt2,unsat,0.0
/meti-tarski/sqrt/problem/sqrt-problem-Melquiond2-chunk-0081.smt2,unsat,0.0
/meti-tarski/sqrt/problem/sqrt-problem-Melquiond2-chunk-0019.smt2,unsat,0.0
/meti-tarski/sqrt/problem/sqrt-problem-Melquiond2-chunk-0088.smt2,sat,0.0
/meti-tarski/sqrt/problem/sqrt-problem-Melquiond3-chunk-0020.smt2,sat,0.0
/meti-tarski/sqrt/problem/sqrt-problem-Melquiond2-chunk-0039.smt2,unsat,0.0
/meti-tarski/sqrt/problem/sqrt-problem-Melquiond3-chunk-0018.smt2,sat,0.0
/meti-tarski/sqrt/problem/sqrt-problem-Melquiond2-chunk-0084.smt2,sat,0.0
/meti-tarski/sqrt/problem/sqrt-problem-Melquiond2-chunk-0047.smt2,unsat,0.0
/meti-tarski/sqrt/problem/sqrt-problem-Melquiond3-chunk-0029.smt2,sat,0.0
/meti-tarski/sqrt/problem/sqrt-problem-Melquiond2-chunk-0041.smt2,sat,0.0
/meti-tarski/sqrt/problem/sqrt-problem-Melquiond2-chunk-0080.smt2,unsat,0.0
/meti-tarski/sqrt/problem/sqrt-problem-Melquiond2-chunk-0071.smt2,sat,0.0
/meti-tarski/sqrt/problem/sqrt-problem-Melquiond2-chunk-0083.smt2,sat,0.0
/meti-tarski/sqrt/problem/sqrt-problem-Melquiond2-chunk-0049.smt2,sat,0.0
/meti-tarski/sqrt/problem/sqrt-problem-Melquiond2-chunk-0023.smt2,sat,0.0
/meti-tarski/sqrt/problem/sqrt-problem-Melquiond2-chunk-0056.smt2,sat,0.0
/meti-tarski/sqrt/problem/sqrt-problem-Melquiond2-chunk-0057.smt2,unsat,0.0
/meti-tarski/sqrt/problem/sqrt-problem-Melquiond2-chunk-0069.smt2,sat,0.0
/meti-tarski/sqrt/problem/sqrt-problem-Melquiond2-chunk-0099.smt2,unsat,0.0
/meti-tarski/sqrt/problem/sqrt-problem-Melquiond2-chunk-0021.smt2,unsat,0.0
/meti-tarski/sqrt/problem/sqrt-problem-Melquiond2-chunk-0086.smt2,unsat,0.0
/meti-tarski/sqrt/problem/sqrt-problem-Melquiond2-chunk-0013.smt2,sat,0.0
/meti-tarski/sqrt/problem/sqrt-problem-Melquiond2-chunk-0054.smt2,sat,0.0
/meti-tarski/sqrt/problem/sqrt-problem-Melquiond2-chunk-0065.smt2,sat,0.0
/meti-tarski/sqrt/problem/sqrt-problem-Melquiond2-chunk-0031.smt2,sat,0.0
/meti-tarski/sqrt/problem/sqrt-problem-Melquiond3-chunk-0017.smt2,sat,0.0
/meti-tarski/sqrt/problem/sqrt-problem-Melquiond2-chunk-0089.smt2,unsat,0.0
/meti-tarski/sqrt/problem/sqrt-problem-Melquiond3-chunk-0024.smt2,unsat,0.0
/meti-tarski/sqrt/problem/sqrt-problem-Melquiond3-chunk-0032.smt2,unsat,0.0
/meti-tarski/sqrt/problem/sqrt-problem-Melquiond2-chunk-0040.smt2,unsat,0.0
/meti-tarski/sqrt/problem/sqrt-problem-Melquiond2-chunk-0046.smt2,sat,0.0
/meti-tarski/sqrt/problem/sqrt-problem-Melquiond2-chunk-0036.smt2,sat,0.0
/meti-tarski/sqrt/problem/sqrt-problem-Melquiond2-chunk-0077.smt2,sat,0.0
/meti-tarski/sqrt/problem/sqrt-problem-Melquiond2-chunk-0090.smt2,sat,0.0
/meti-tarski/sqrt/problem/sqrt-problem-Melquiond2-chunk-0025.smt2,sat,0.0
/meti-tarski/sqrt/problem/sqrt-problem-Melquiond2-chunk-0035.smt2,unsat,0.0
/meti-tarski/sqrt/problem/sqrt-problem-Melquiond2-chunk-0024.smt2,sat,0.0
/meti-tarski/sqrt/problem/sqrt-problem-Melquiond2-chunk-0072.smt2,sat,0.0
/meti-tarski/sqrt/problem/sqrt-problem-Melquiond2-chunk-0097.smt2,sat,0.0
/meti-tarski/sqrt/problem/sqrt-problem-Melquiond2-chunk-0078.smt2,sat,0.0
/meti-tarski/sqrt/problem/sqrt-problem-Melquiond3-chunk-0021.smt2,sat,0.0
/meti-tarski/sqrt/problem/sqrt-problem-Melquiond2-chunk-0037.smt2,unsat,0.0
/meti-tarski/sqrt/problem/sqrt-problem-Melquiond2-chunk-0044.smt2,unsat,0.0
/meti-tarski/sqrt/problem/sqrt-problem-Melquiond2-chunk-0085.smt2,sat,0.0
/meti-tarski/sqrt/problem/sqrt-problem-Melquiond2-chunk-0011.smt2,sat,0.0
/meti-tarski/sqrt/problem/sqrt-problem-Melquiond2-chunk-0064.smt2,sat,0.0
/meti-tarski/sqrt/problem/sqrt-problem-Melquiond2-chunk-0079.smt2,unsat,0.0
/meti-tarski/sqrt/problem/sqrt-problem-Melquiond2-chunk-0029.smt2,unsat,0.0
/meti-tarski/sqrt/problem/12vars3/sqrt-problem-12vars3-chunk-0088.smt2,unsat,0.0
/meti-tarski/sqrt/problem/12vars3/sqrt-problem-12vars3-chunk-0091.smt2,sat,0.0
/meti-tarski/sqrt/problem/12vars3/sqrt-problem-12vars3-chunk-0022.smt2,unsat,0.0
/meti-tarski/sqrt/problem/12vars3/sqrt-problem-12vars3-chunk-0067.smt2,unsat,0.0
/meti-tarski/sqrt/problem/12vars3/sqrt-problem-12vars3-chunk-0078.smt2,unsat,0.0
/meti-tarski/sqrt/problem/12vars3/sqrt-problem-12vars3-chunk-0099.smt2,sat,0.0
/meti-tarski/sqrt/problem/12vars3/sqrt-problem-12vars3-chunk-0043.smt2,sat,0.0
/meti-tarski/sqrt/problem/12vars3/sqrt-problem-12vars3-chunk-0095.smt2,unsat,0.0
/meti-tarski/sqrt/problem/12vars3/sqrt-problem-12vars3-chunk-0027.smt2,unsat,0.0
/meti-tarski/sqrt/problem/12vars3/sqrt-problem-12vars3-chunk-0053.smt2,sat,0.0
/meti-tarski/sqrt/problem/12vars3/sqrt-problem-12vars3-chunk-0068.smt2,sat,0.0
/meti-tarski/sqrt/problem/12vars3/sqrt-problem-12vars3-chunk-0050.smt2,unsat,0.0
/meti-tarski/sqrt/problem/12vars3/sqrt-problem-12vars3-chunk-0094.smt2,sat,0.0
/meti-tarski/sqrt/problem/12vars3/sqrt-problem-12vars3-chunk-0064.smt2,sat,0.0
/meti-tarski/sqrt/problem/12vars3/sqrt-problem-12vars3-chunk-0037.smt2,sat,0.0
/meti-tarski/sqrt/problem/12vars3/sqrt-problem-12vars3-chunk-0033.smt2,unsat,0.0
/meti-tarski/sqrt/problem/12vars3/sqrt-problem-12vars3-chunk-0030.smt2,sat,0.0
/meti-tarski/sqrt/problem/12vars3/sqrt-problem-12vars3-chunk-0076.smt2,unsat,0.0
/meti-tarski/sqrt/problem/12vars3/sqrt-problem-12vars3-chunk-0056.smt2,sat,0.0
/meti-tarski/sqrt/problem/12vars3/sqrt-problem-12vars3-chunk-0070.smt2,unsat,0.0
/meti-tarski/sqrt/problem/12vars3/sqrt-problem-12vars3-chunk-0069.smt2,sat,0.0
/meti-tarski/sqrt/problem/12vars3/sqrt-problem-12vars3-chunk-0085.smt2,unsat,0.0
/meti-tarski/sqrt/problem/12vars3/sqrt-problem-12vars3-chunk-0089.smt2,unsat,0.0
/meti-tarski/sqrt/problem/12vars3/sqrt-problem-12vars3-chunk-0061.smt2,unsat,0.0
/meti-tarski/sqrt/problem/12vars3/sqrt-problem-12vars3-chunk-0057.smt2,sat,0.0
/meti-tarski/sqrt/problem/12vars3/sqrt-problem-12vars3-chunk-0039.smt2,unsat,0.0
/meti-tarski/sqrt/problem/12vars3/sqrt-problem-12vars3-chunk-0038.smt2,unsat,0.0
/meti-tarski/sqrt/problem/12vars3/sqrt-problem-12vars3-chunk-0012.smt2,sat,0.0
/meti-tarski/sqrt/problem/12vars3/sqrt-problem-12vars3-chunk-0036.smt2,unsat,0.0
/meti-tarski/sqrt/problem/12vars3/sqrt-problem-12vars3-chunk-0102.smt2,unsat,0.0
/meti-tarski/sqrt/problem/12vars3/sqrt-problem-12vars3-chunk-0054.smt2,sat,0.0
/meti-tarski/sqrt/problem/12vars3/sqrt-problem-12vars3-chunk-0020.smt2,sat,0.0
/meti-tarski/sqrt/problem/12vars3/sqrt-problem-12vars3-chunk-0035.smt2,sat,0.0
/meti-tarski/sqrt/problem/12vars3/sqrt-problem-12vars3-chunk-0052.smt2,unsat,0.0
/meti-tarski/sqrt/problem/12vars3/sqrt-problem-12vars3-chunk-0063.smt2,sat,0.0
/meti-tarski/sqrt/problem/12vars3/sqrt-problem-12vars3-chunk-0098.smt2,unsat,0.0
/meti-tarski/sqrt/problem/12vars3/sqrt-problem-12vars3-chunk-0013.smt2,sat,0.0
/meti-tarski/sqrt/problem/12vars3/sqrt-problem-12vars3-chunk-0079.smt2,sat,0.0
/meti-tarski/sqrt/problem/12vars3/sqrt-problem-12vars3-chunk-0104.smt2,unsat,0.0
/meti-tarski/sqrt/problem/12vars3/sqrt-problem-12vars3-chunk-0049.smt2,sat,0.0
/meti-tarski/sqrt/problem/12vars3/sqrt-problem-12vars3-chunk-0073.smt2,unsat,0.0
/meti-tarski/sqrt/problem/12vars3/sqrt-problem-12vars3-chunk-0081.smt2,sat,0.0
/meti-tarski/sqrt/problem/12vars3/sqrt-problem-12vars3-chunk-0047.smt2,unsat,0.0
/meti-tarski/sqrt/problem/12vars3/sqrt-problem-12vars3-chunk-0058.smt2,sat,0.0
/meti-tarski/sqrt/problem/12vars3/sqrt-problem-12vars3-chunk-0032.smt2,sat,0.0
/meti-tarski/sqrt/problem/12vars3/sqrt-problem-12vars3-chunk-0097.smt2,sat,0.0
/meti-tarski/sqrt/problem/12vars3/sqrt-problem-12vars3-chunk-0075.smt2,sat,0.0
/meti-tarski/sqrt/problem/12vars3/sqrt-problem-12vars3-chunk-0082.smt2,unsat,0.0
/meti-tarski/sqrt/problem/12vars3/sqrt-problem-12vars3-chunk-0100.smt2,unsat,0.0
/meti-tarski/sqrt/problem/12vars3/sqrt-problem-12vars3-chunk-0017.smt2,sat,0.0
/meti-tarski/sqrt/problem/12vars3/sqrt-problem-12vars3-chunk-0059.smt2,unsat,0.0
/meti-tarski/sqrt/problem/12vars3/sqrt-problem-12vars3-chunk-0055.smt2,sat,0.0
/meti-tarski/sqrt/problem/12vars3/sqrt-problem-12vars3-chunk-0041.smt2,unsat,0.0
/meti-tarski/sqrt/problem/12vars3/sqrt-problem-12vars3-chunk-0016.smt2,unsat,0.0
/meti-tarski/sqrt/problem/12vars3/sqrt-problem-12vars3-chunk-0065.smt2,unsat,0.0
/meti-tarski/sqrt/problem/12vars3/sqrt-problem-12vars3-chunk-0093.smt2,unsat,0.0
/meti-tarski/sqrt/problem/12vars3/sqrt-problem-12vars3-chunk-0010.smt2,sat,0.0
/meti-tarski/sqrt/problem/12vars3/sqrt-problem-12vars3-chunk-0072.smt2,sat,0.0
/meti-tarski/sqrt/problem/12vars3/sqrt-problem-12vars3-chunk-0015.smt2,sat,0.0
/meti-tarski/sqrt/problem/12vars3/sqrt-problem-12vars3-chunk-0087.smt2,sat,0.0
/meti-tarski/sqrt/problem/12vars3/sqrt-problem-12vars3-chunk-0023.smt2,sat,0.0
/meti-tarski/sqrt/problem/12vars3/sqrt-problem-12vars3-chunk-0019.smt2,unsat,0.0
/meti-tarski/sqrt/problem/12vars3/sqrt-problem-12vars3-chunk-0025.smt2,unsat,0.0
/meti-tarski/sqrt/problem/12vars3/sqrt-problem-12vars3-chunk-0048.smt2,sat,0.0
/meti-tarski/sqrt/problem/12vars3/sqrt-problem-12vars3-chunk-0071.smt2,sat,0.0
/meti-tarski/sqrt/problem/12vars3/sqrt-problem-12vars3-chunk-0029.smt2,unsat,0.0
/meti-tarski/sqrt/problem/sqrt-problem-Melquiond2-chunk-0095.smt2,unsat,0.0
/meti-tarski/sqrt/problem/sqrt-problem-Melquiond2-chunk-0070.smt2,unsat,0.0
/meti-tarski/sqrt/problem/sqrt-problem-Melquiond2-chunk-0033.smt2,unsat,0.0
/meti-tarski/sqrt/problem/sqrt-problem-Melquiond2-chunk-0014.smt2,sat,0.0
/meti-tarski/sqrt/problem/sqrt-problem-Melquiond2-chunk-0050.smt2,sat,0.0
/meti-tarski/sqrt/problem/sqrt-problem-Melquiond2-chunk-0096.smt2,unsat,0.0
/meti-tarski/sqrt/problem/sqrt-problem-Melquiond2-chunk-0030.smt2,sat,0.0
/meti-tarski/asin/8/asin-8-chunk-0047.smt2,sat,0.0
/meti-tarski/asin/8/asin-8-chunk-0031.smt2,unsat,0.0
/meti-tarski/asin/8/asin-8-chunk-0022.smt2,sat,0.0
/meti-tarski/asin/8/asin-8-chunk-0043.smt2,sat,0.0
/meti-tarski/asin/8/asin-8-chunk-0020.smt2,sat,0.0
/meti-tarski/asin/8/asin-8-chunk-0021.smt2,sat,0.0
/meti-tarski/asin/8/asin-8-chunk-0023.smt2,sat,0.0
/meti-tarski/asin/8/asin-8-chunk-0028.smt2,sat,0.0
/meti-tarski/asin/8/asin-8-chunk-0018.smt2,sat,0.0
/meti-tarski/asin/8/asin-8-chunk-0041.smt2,sat,0.0
/meti-tarski/asin/8/asin-8-chunk-0026.smt2,sat,0.0
/meti-tarski/asin/8/asin-8-chunk-0029.smt2,unsat,0.0
/meti-tarski/asin/8/asin-8-chunk-0024.smt2,sat,0.0
/meti-tarski/asin/8/asin-8-chunk-0033.smt2,sat,0.0
/meti-tarski/asin/8/asin-8-chunk-0040.smt2,unsat,0.0
/meti-tarski/asin/8/asin-8-chunk-0053.smt2,sat,0.0
/meti-tarski/asin/8/asin-8-chunk-0036.smt2,unsat,0.0
/meti-tarski/asin/8/asin-8-chunk-0045.smt2,sat,0.0
/meti-tarski/asin/8/asin-8-chunk-0042.smt2,unsat,0.0
/meti-tarski/asin/8/asin-8-chunk-0027.smt2,unsat,0.0
/meti-tarski/asin/8/asin-8-chunk-0025.smt2,sat,0.0
/meti-tarski/asin/8/asin-8-chunk-0050.smt2,sat,0.0
/meti-tarski/asin/8/asin-8-chunk-0044.smt2,unsat,0.0
/meti-tarski/asin/8/vars4/asin-8-vars4-chunk-0040.smt2,sat,0.0
/meti-tarski/asin/8/vars4/asin-8-vars4-chunk-0055.smt2,unsat,0.0
/meti-tarski/asin/8/vars4/asin-8-vars4-chunk-0046.smt2,unsat,0.0
/meti-tarski/asin/8/vars4/asin-8-vars4-chunk-0016.smt2,sat,0.0
/meti-tarski/asin/8/vars4/asin-8-vars4-chunk-0048.smt2,unsat,0.0
/meti-tarski/asin/8/vars4/asin-8-vars4-chunk-0017.smt2,sat,0.0
/meti-tarski/asin/8/vars4/asin-8-vars4-chunk-0051.smt2,sat,0.0
/meti-tarski/asin/8/vars4/asin-8-vars4-chunk-0011.smt2,sat,0.0
/meti-tarski/asin/8/vars4/asin-8-vars4-chunk-0050.smt2,sat,0.0
/meti-tarski/asin/8/vars4/asin-8-vars4-chunk-0042.smt2,unsat,0.0
/meti-tarski/asin/8/vars4/asin-8-vars4-chunk-0034.smt2,sat,0.0
/meti-tarski/asin/8/vars4/asin-8-vars4-chunk-0018.smt2,unsat,0.0
/meti-tarski/asin/8/vars4/asin-8-vars4-chunk-0032.smt2,sat,0.0
/meti-tarski/asin/8/vars4/asin-8-vars4-chunk-0019.smt2,sat,0.0
/meti-tarski/asin/8/vars4/asin-8-vars4-chunk-0041.smt2,unsat,0.0
/meti-tarski/asin/8/vars4/asin-8-vars4-chunk-0038.smt2,unsat,0.0
/meti-tarski/asin/8/vars4/asin-8-vars4-chunk-0044.smt2,sat,0.0
/meti-tarski/asin/8/vars4/asin-8-vars4-chunk-0031.smt2,unsat,0.0
/meti-tarski/asin/8/vars4/asin-8-vars4-chunk-0043.smt2,unsat,0.0
/meti-tarski/asin/8/vars4/asin-8-vars4-chunk-0015.smt2,sat,0.0
/meti-tarski/asin/8/vars4/asin-8-vars4-chunk-0053.smt2,sat,0.0
/meti-tarski/asin/8/vars4/asin-8-vars4-chunk-0049.smt2,sat,0.0
/meti-tarski/asin/8/vars4/asin-8-vars4-chunk-0013.smt2,sat,0.0
/meti-tarski/asin/8/vars4/asin-8-vars4-chunk-0052.smt2,unsat,0.0
/meti-tarski/asin/8/vars4/asin-8-vars4-chunk-0024.smt2,sat,0.0
/meti-tarski/asin/8/vars4/asin-8-vars4-chunk-0030.smt2,sat,0.0
/meti-tarski/asin/8/vars4/asin-8-vars4-chunk-0054.smt2,sat,0.0
/meti-tarski/asin/8/vars4/asin-8-vars4-chunk-0045.smt2,sat,0.0
/meti-tarski/asin/8/vars4/asin-8-vars4-chunk-0039.smt2,sat,0.0
/meti-tarski/asin/8/vars4/asin-8-vars4-chunk-0029.smt2,unsat,0.0
/meti-tarski/asin/8/vars4/asin-8-vars4-chunk-0021.smt2,unsat,0.0
/meti-tarski/asin/8/vars4/asin-8-vars4-chunk-0012.smt2,sat,0.0
/meti-tarski/asin/8/vars4/asin-8-vars4-chunk-0035.smt2,sat,0.0
/meti-tarski/asin/8/vars4/asin-8-vars4-chunk-0033.smt2,unsat,0.0
/meti-tarski/asin/8/vars4/asin-8-vars4-chunk-0028.smt2,unsat,0.0
/meti-tarski/asin/8/vars4/asin-8-vars4-chunk-0056.smt2,sat,0.0
/meti-tarski/asin/8/vars4/asin-8-vars4-chunk-0020.smt2,sat,0.0
/meti-tarski/asin/8/vars4/asin-8-vars4-chunk-0010.smt2,sat,0.0
/meti-tarski/asin/8/vars4/asin-8-vars4-chunk-0014.smt2,sat,0.0
/meti-tarski/asin/8/asin-8-chunk-0019.smt2,sat,0.0
/meti-tarski/asin/8/asin-8-chunk-0039.smt2,sat,0.0
/meti-tarski/asin/8/asin-8-chunk-0038.smt2,unsat,0.0
/meti-tarski/asin/8/asin-8-chunk-0048.smt2,unsat,0.0
/meti-tarski/exp/361/exp-361-neg-4-e-chunk-0216.smt2,sat,0.0
/meti-tarski/exp/361/exp-361-neg-6-e-chunk-0215.smt2,sat,0.0
/meti-tarski/exp/361/exp-361-neg-6-e-chunk-0216.smt2,sat,0.0
/meti-tarski/exp/361/exp-361-neg-4-e-chunk-0215.smt2,sat,0.0
/meti-tarski/exp/361/6/exp-361-6-e-chunk-0135.smt2,sat,0.0
/meti-tarski/exp/361/6/exp-361-6-weak-chunk-0804.smt2,sat,0.0
/meti-tarski/exp/361/6/exp-361-6-e-chunk-0134.smt2,sat,0.0
/meti-tarski/exp/problem/10/3/exp-problem-10-3-chunk-0115.smt2,sat,0.0
/meti-tarski/exp/problem/10/3/exp-problem-10-3-chunk-0036.smt2,sat,0.0
/meti-tarski/exp/problem/10/3/exp-problem-10-3-chunk-0039.smt2,unsat,0.0
/meti-tarski/exp/problem/10/3/exp-problem-10-3-chunk-0032.smt2,sat,0.0
/meti-tarski/exp/problem/10/3/exp-problem-10-3-chunk-0109.smt2,unsat,0.0
/meti-tarski/exp/problem/10/3/exp-problem-10-3-chunk-0056.smt2,unsat,0.0
/meti-tarski/exp/problem/10/3/exp-problem-10-3-chunk-0099.smt2,sat,0.0
/meti-tarski/exp/problem/10/3/exp-problem-10-3-chunk-0053.smt2,unsat,0.0
/meti-tarski/exp/problem/10/3/exp-problem-10-3-chunk-0156.smt2,sat,0.0
/meti-tarski/exp/problem/10/3/exp-problem-10-3-chunk-0159.smt2,sat,0.0
/meti-tarski/exp/problem/10/3/exp-problem-10-3-chunk-0138.smt2,sat,0.0
/meti-tarski/exp/problem/10/3/exp-problem-10-3-chunk-0127.smt2,unsat,0.0
/meti-tarski/exp/problem/10/3/exp-problem-10-3-chunk-0033.smt2,unsat,0.0
/meti-tarski/exp/problem/10/3/exp-problem-10-3-chunk-0125.smt2,sat,0.0
/meti-tarski/exp/problem/10/3/exp-problem-10-3-chunk-0028.smt2,sat,0.0
/meti-tarski/exp/problem/10/3/exp-problem-10-3-chunk-0178.smt2,sat,0.0
/meti-tarski/exp/problem/10/3/exp-problem-10-3-chunk-0154.smt2,unsat,0.0
/meti-tarski/exp/problem/10/3/exp-problem-10-3-chunk-0037.smt2,unsat,0.0
/meti-tarski/exp/problem/10/3/exp-problem-10-3-chunk-0087.smt2,sat,0.0
/meti-tarski/exp/problem/10/3/exp-problem-10-3-chunk-0063.smt2,sat,0.0
/meti-tarski/exp/problem/10/3/exp-problem-10-3-chunk-0188.smt2,unsat,0.0
/meti-tarski/exp/problem/10/3/exp-problem-10-3-chunk-0100.smt2,sat,0.0
/meti-tarski/exp/problem/10/3/exp-problem-10-3-chunk-0098.smt2,unsat,0.0
/meti-tarski/exp/problem/10/3/exp-problem-10-3-chunk-0134.smt2,unsat,0.0
/meti-tarski/exp/problem/10/3/exp-problem-10-3-chunk-0153.smt2,sat,0.0
/meti-tarski/exp/problem/10/3/exp-problem-10-3-chunk-0122.smt2,unsat,0.0
/meti-tarski/exp/problem/10/3/exp-problem-10-3-chunk-0108.smt2,unsat,0.0
/meti-tarski/exp/problem/10/3/exp-problem-10-3-chunk-0119.smt2,sat,0.0
/meti-tarski/exp/problem/10/3/exp-problem-10-3-chunk-0097.smt2,unsat,0.0
/meti-tarski/exp/problem/10/3/exp-problem-10-3-chunk-0142.smt2,unsat,0.0
/meti-tarski/exp/problem/10/3/exp-problem-10-3-chunk-0051.smt2,unsat,0.0
/meti-tarski/exp/problem/10/3/exp-problem-10-3-chunk-0160.smt2,unsat,0.0
/meti-tarski/exp/problem/10/3/exp-problem-10-3-chunk-0102.smt2,unsat,0.0
/meti-tarski/exp/problem/10/3/exp-problem-10-3-chunk-0058.smt2,unsat,0.0
/meti-tarski/exp/problem/10/3/exp-problem-10-3-chunk-0046.smt2,sat,0.0
/meti-tarski/exp/problem/10/3/exp-problem-10-3-chunk-0067.smt2,sat,0.0
/meti-tarski/exp/problem/10/3/exp-problem-10-3-chunk-0086.smt2,unsat,0.0
/meti-tarski/exp/problem/10/3/exp-problem-10-3-chunk-0027.smt2,unsat,0.0
/meti-tarski/exp/problem/10/3/exp-problem-10-3-chunk-0128.smt2,unsat,0.0
/meti-tarski/exp/problem/10/3/exp-problem-10-3-chunk-0117.smt2,unsat,0.0
/meti-tarski/exp/problem/10/3/exp-problem-10-3-chunk-0172.smt2,sat,0.0
/meti-tarski/exp/problem/10/3/weak/exp-problem-10-3-weak-chunk-0062.smt2,unsat,0.0
/meti-tarski/exp/problem/10/3/weak/exp-problem-10-3-weak-chunk-0173.smt2,unsat,0.0
/meti-tarski/exp/problem/10/3/weak/exp-problem-10-3-weak-chunk-0106.smt2,sat,0.0
/meti-tarski/exp/problem/10/3/weak/exp-problem-10-3-weak-chunk-0194.smt2,unsat,0.0
/meti-tarski/exp/problem/10/3/weak/exp-problem-10-3-weak-chunk-0188.smt2,unsat,0.0
/meti-tarski/exp/problem/10/3/weak/exp-problem-10-3-weak-chunk-0101.smt2,unsat,0.0
/meti-tarski/exp/problem/10/3/weak/exp-problem-10-3-weak-chunk-0147.smt2,unsat,0.0
/meti-tarski/exp/problem/10/3/weak/exp-problem-10-3-weak-chunk-0226.smt2,unsat,0.0
/meti-tarski/exp/problem/10/3/weak/exp-problem-10-3-weak-chunk-0172.smt2,sat,0.0
/meti-tarski/exp/problem/10/3/weak/exp-problem-10-3-weak-chunk-0179.smt2,unsat,0.0
/meti-tarski/exp/problem/10/3/weak/exp-problem-10-3-weak-chunk-0132.smt2,unsat,0.0
/meti-tarski/exp/problem/10/3/weak/exp-problem-10-3-weak-chunk-0020.smt2,unsat,0.0
/meti-tarski/exp/problem/10/3/weak/exp-problem-10-3-weak-chunk-0011.smt2,sat,0.0
/meti-tarski/exp/problem/10/3/weak/exp-problem-10-3-weak-chunk-0014.smt2,unsat,0.0
/meti-tarski/exp/problem/10/3/weak/exp-problem-10-3-weak-chunk-0065.smt2,unsat,0.0
/meti-tarski/exp/problem/10/3/weak/exp-problem-10-3-weak-chunk-0007.smt2,sat,0.0
/meti-tarski/exp/problem/10/3/weak/exp-problem-10-3-weak-chunk-0039.smt2,unsat,0.0
/meti-tarski/exp/problem/10/3/weak/exp-problem-10-3-weak-chunk-0197.smt2,unsat,0.0
/meti-tarski/exp/problem/10/3/weak/exp-problem-10-3-weak-chunk-0091.smt2,sat,0.0
/meti-tarski/exp/problem/10/3/weak/exp-problem-10-3-weak-chunk-0084.smt2,sat,0.0
/meti-tarski/exp/problem/10/3/weak/exp-problem-10-3-weak-chunk-0052.smt2,sat,0.0
/meti-tarski/exp/problem/10/3/weak/exp-problem-10-3-weak-chunk-0192.smt2,unsat,0.0
/meti-tarski/exp/problem/10/3/weak/exp-problem-10-3-weak-chunk-0115.smt2,unsat,0.0
/meti-tarski/exp/problem/10/3/weak/exp-problem-10-3-weak-chunk-0224.smt2,sat,0.0
/meti-tarski/exp/problem/10/3/weak/exp-problem-10-3-weak-chunk-0026.smt2,unsat,0.0
/meti-tarski/exp/problem/10/3/weak/exp-problem-10-3-weak-chunk-0085.smt2,unsat,0.0
/meti-tarski/exp/problem/10/3/weak/exp-problem-10-3-weak-chunk-0198.smt2,sat,0.0
/meti-tarski/exp/problem/10/3/weak/exp-problem-10-3-weak-chunk-0123.smt2,sat,0.0
/meti-tarski/exp/problem/10/3/weak/exp-problem-10-3-weak-chunk-0202.smt2,sat,0.0
/meti-tarski/exp/problem/10/3/weak/exp-problem-10-3-weak-chunk-0180.smt2,sat,0.0
/meti-tarski/exp/problem/10/3/weak/exp-problem-10-3-weak-chunk-0036.smt2,unsat,0.0
/meti-tarski/exp/problem/10/3/weak/exp-problem-10-3-weak-chunk-0063.smt2,unsat,0.0
/meti-tarski/exp/problem/10/3/weak/exp-problem-10-3-weak-chunk-0105.smt2,unsat,0.0
/meti-tarski/exp/problem/10/3/weak/exp-problem-10-3-weak-chunk-0189.smt2,unsat,0.0
/meti-tarski/exp/problem/10/3/weak/exp-problem-10-3-weak-chunk-0038.smt2,unsat,0.0
/meti-tarski/exp/problem/10/3/weak/exp-problem-10-3-weak-chunk-0048.smt2,sat,0.0
/meti-tarski/exp/problem/10/3/weak/exp-problem-10-3-weak-chunk-0113.smt2,sat,0.0
/meti-tarski/exp/problem/10/3/weak/exp-problem-10-3-weak-chunk-0044.smt2,sat,0.0
/meti-tarski/exp/problem/10/3/weak/exp-problem-10-3-weak-chunk-0215.smt2,unsat,0.0
/meti-tarski/exp/problem/10/3/weak/exp-problem-10-3-weak-chunk-0221.smt2,unsat,0.0
/meti-tarski/exp/problem/10/3/weak/exp-problem-10-3-weak-chunk-0156.smt2,sat,0.0
/meti-tarski/exp/problem/10/3/weak/exp-problem-10-3-weak-chunk-0152.smt2,sat,0.0
/meti-tarski/exp/problem/10/3/weak/exp-problem-10-3-weak-chunk-0097.smt2,unsat,4.7
/meti-tarski/exp/problem/10/3/weak/exp-problem-10-3-weak-chunk-0159.smt2,unsat,0.0
/meti-tarski/exp/problem/10/3/weak/exp-problem-10-3-weak-chunk-0145.smt2,sat,0.0
/meti-tarski/exp/problem/10/3/weak/exp-problem-10-3-weak-chunk-0146.smt2,sat,0.0
/meti-tarski/exp/problem/10/3/weak/exp-problem-10-3-weak-chunk-0008.smt2,sat,0.0
/meti-tarski/exp/problem/10/3/weak/exp-problem-10-3-weak-chunk-0220.smt2,sat,0.0
/meti-tarski/exp/problem/10/3/weak/exp-problem-10-3-weak-chunk-0213.smt2,unsat,0.0
/meti-tarski/exp/problem/10/3/weak/exp-problem-10-3-weak-chunk-0148.smt2,sat,0.0
/meti-tarski/exp/problem/10/3/weak/exp-problem-10-3-weak-chunk-0169.smt2,unsat,0.0
/meti-tarski/exp/problem/10/3/weak/exp-problem-10-3-weak-chunk-0122.smt2,sat,0.0
/meti-tarski/exp/problem/10/3/weak/exp-problem-10-3-weak-chunk-0175.smt2,unsat,0.0
/meti-tarski/exp/problem/10/3/weak/exp-problem-10-3-weak-chunk-0080.smt2,sat,0.0
/meti-tarski/exp/problem/10/3/weak/exp-problem-10-3-weak-chunk-0150.smt2,sat,0.0
/meti-tarski/exp/problem/10/3/weak/exp-problem-10-3-weak-chunk-0073.smt2,unsat,0.0
/meti-tarski/exp/problem/10/3/weak/exp-problem-10-3-weak-chunk-0050.smt2,unsat,0.0
/meti-tarski/exp/problem/10/3/weak/exp-problem-10-3-weak-chunk-0103.smt2,unsat,0.0
/meti-tarski/exp/problem/10/3/weak/exp-problem-10-3-weak-chunk-0157.smt2,unsat,0.0
/meti-tarski/exp/problem/10/3/weak/exp-problem-10-3-weak-chunk-0042.smt2,unsat,0.0
/meti-tarski/exp/problem/10/3/weak/exp-problem-10-3-weak-chunk-0049.smt2,unsat,0.0
/meti-tarski/exp/problem/10/3/weak/exp-problem-10-3-weak-chunk-0114.smt2,unsat,0.0
/meti-tarski/exp/problem/10/3/weak/exp-problem-10-3-weak-chunk-0193.smt2,unsat,0.0
/meti-tarski/exp/problem/10/3/weak/exp-problem-10-3-weak-chunk-0015.smt2,sat,0.0
/meti-tarski/exp/problem/10/3/weak/exp-problem-10-3-weak-chunk-0083.smt2,sat,0.0
/meti-tarski/exp/problem/10/3/weak/exp-problem-10-3-weak-chunk-0104.smt2,sat,0.0
/meti-tarski/exp/problem/10/3/weak/exp-problem-10-3-weak-chunk-0214.smt2,sat,0.0
/meti-tarski/exp/problem/10/3/weak/exp-problem-10-3-weak-chunk-0061.smt2,sat,0.0
/meti-tarski/exp/problem/10/3/weak/exp-problem-10-3-weak-chunk-0035.smt2,sat,0.0
/meti-tarski/exp/problem/10/3/weak/exp-problem-10-3-weak-chunk-0135.smt2,unsat,0.0
/meti-tarski/exp/problem/10/3/weak/exp-problem-10-3-weak-chunk-0017.smt2,sat,0.0
/meti-tarski/exp/problem/10/3/weak/exp-problem-10-3-weak-chunk-0018.smt2,unsat,0.0
/meti-tarski/exp/problem/10/3/weak/exp-problem-10-3-weak-chunk-0093.smt2,sat,0.0
/meti-tarski/exp/problem/10/3/weak/exp-problem-10-3-weak-chunk-0223.smt2,unsat,0.0
/meti-tarski/exp/problem/10/3/weak/exp-problem-10-3-weak-chunk-0118.smt2,unsat,0.0
/meti-tarski/exp/problem/10/3/weak/exp-problem-10-3-weak-chunk-0131.smt2,unsat,0.0
/meti-tarski/exp/problem/10/3/weak/exp-problem-10-3-weak-chunk-0056.smt2,unsat,0.0
/meti-tarski/exp/problem/10/3/weak/exp-problem-10-3-weak-chunk-0126.smt2,unsat,0.0
/meti-tarski/exp/problem/10/3/weak/exp-problem-10-3-weak-chunk-0058.smt2,unsat,0.0
/meti-tarski/exp/problem/10/3/weak/exp-problem-10-3-weak-chunk-0166.smt2,sat,0.0
/meti-tarski/exp/problem/10/3/weak/exp-problem-10-3-weak-chunk-0072.smt2,sat,0.0
/meti-tarski/exp/problem/10/3/weak/exp-problem-10-3-weak-chunk-0079.smt2,sat,0.0
/meti-tarski/exp/problem/10/3/weak/exp-problem-10-3-weak-chunk-0196.smt2,sat,0.0
/meti-tarski/exp/problem/10/3/weak/exp-problem-10-3-weak-chunk-0087.smt2,unsat,0.0
/meti-tarski/exp/problem/10/3/weak/exp-problem-10-3-weak-chunk-0031.smt2,sat,0.0
/meti-tarski/exp/problem/10/3/weak/exp-problem-10-3-weak-chunk-0222.smt2,sat,0.0
/meti-tarski/exp/problem/10/3/weak/exp-problem-10-3-weak-chunk-0043.smt2,unsat,0.0
/meti-tarski/exp/problem/10/3/weak/exp-problem-10-3-weak-chunk-0216.smt2,unsat,0.0
/meti-tarski/exp/problem/10/3/weak/exp-problem-10-3-weak-chunk-0117.smt2,sat,0.0
/meti-tarski/exp/problem/10/3/weak/exp-problem-10-3-weak-chunk-0041.smt2,unsat,0.0
/meti-tarski/exp/problem/10/3/weak/exp-problem-10-3-weak-chunk-0096.smt2,sat,0.0
/meti-tarski/exp/problem/10/3/weak/exp-problem-10-3-weak-chunk-0099.smt2,unsat,0.0
/meti-tarski/exp/problem/10/3/weak/exp-problem-10-3-weak-chunk-0211.smt2,sat,0.0
/meti-tarski/exp/problem/10/3/weak/exp-problem-10-3-weak-chunk-0161.smt2,sat,0.0
/meti-tarski/exp/problem/10/3/weak/exp-problem-10-3-weak-chunk-0116.smt2,sat,0.0
/meti-tarski/exp/problem/10/3/weak/exp-problem-10-3-weak-chunk-0142.smt2,sat,0.0
/meti-tarski/exp/problem/10/3/weak/exp-problem-10-3-weak-chunk-0218.smt2,unsat,0.0
/meti-tarski/exp/problem/10/3/weak/exp-problem-10-3-weak-chunk-0032.smt2,unsat,0.0
/meti-tarski/exp/problem/10/3/weak/exp-problem-10-3-weak-chunk-0024.smt2,unsat,0.0
/meti-tarski/exp/problem/10/3/weak/exp-problem-10-3-weak-chunk-0139.smt2,sat,0.0
/meti-tarski/exp/problem/10/3/weak/exp-problem-10-3-weak-chunk-0081.smt2,unsat,0.0
/meti-tarski/exp/problem/10/3/weak/exp-problem-10-3-weak-chunk-0006.smt2,sat,0.0
/meti-tarski/exp/problem/10/3/weak/exp-problem-10-3-weak-chunk-0230.smt2,unsat,0.0
/meti-tarski/exp/problem/10/3/weak/exp-problem-10-3-weak-chunk-0025.smt2,sat,0.0
/meti-tarski/exp/problem/10/3/weak/exp-problem-10-3-weak-chunk-0190.smt2,sat,0.0
/meti-tarski/exp/problem/10/3/weak/exp-problem-10-3-weak-chunk-0133.smt2,sat,0.0
/meti-tarski/exp/problem/10/3/weak/exp-problem-10-3-weak-chunk-0158.smt2,sat,0.0
/meti-tarski/exp/problem/10/3/weak/exp-problem-10-3-weak-chunk-0219.smt2,sat,0.0
/meti-tarski/exp/problem/10/3/weak/exp-problem-10-3-weak-chunk-0010.smt2,sat,0.0
/meti-tarski/exp/problem/10/3/weak/exp-problem-10-3-weak-chunk-0167.smt2,unsat,0.0
/meti-tarski/exp/problem/10/3/weak/exp-problem-10-3-weak-chunk-0195.smt2,sat,0.0
/meti-tarski/exp/problem/10/3/weak/exp-problem-10-3-weak-chunk-0059.smt2,unsat,0.0
/meti-tarski/exp/problem/10/3/weak/exp-problem-10-3-weak-chunk-0021.smt2,sat,0.0
/meti-tarski/exp/problem/10/3/weak/exp-problem-10-3-weak-chunk-0149.smt2,unsat,0.0
/meti-tarski/exp/problem/10/3/weak/exp-problem-10-3-weak-chunk-0136.smt2,unsat,0.0
/meti-tarski/exp/problem/10/3/weak/exp-problem-10-3-weak-chunk-0185.smt2,sat,0.0
/meti-tarski/exp/problem/10/3/weak/exp-problem-10-3-weak-chunk-0092.smt2,unsat,0.0
/meti-tarski/exp/problem/10/3/weak/exp-problem-10-3-weak-chunk-0140.smt2,sat,0.0
/meti-tarski/exp/problem/10/3/weak/exp-problem-10-3-weak-chunk-0162.smt2,sat,0.0
/meti-tarski/exp/problem/10/3/weak/exp-problem-10-3-weak-chunk-0102.smt2,sat,0.0
/meti-tarski/exp/problem/10/3/weak/exp-problem-10-3-weak-chunk-0130.smt2,sat,0.0
/meti-tarski/exp/problem/10/3/weak/exp-problem-10-3-weak-chunk-0120.smt2,unsat,0.0
/meti-tarski/exp/problem/10/3/weak/exp-problem-10-3-weak-chunk-0129.smt2,unsat,0.0
/meti-tarski/exp/problem/10/3/weak/exp-problem-10-3-weak-chunk-0027.smt2,sat,0.0
/meti-tarski/exp/problem/10/3/weak/exp-problem-10-3-weak-chunk-0160.smt2,sat,0.0
/meti-tarski/exp/problem/10/3/weak/exp-problem-10-3-weak-chunk-0119.smt2,sat,0.0
/meti-tarski/exp/problem/10/3/weak/exp-problem-10-3-weak-chunk-0023.smt2,sat,0.0
/meti-tarski/exp/problem/10/3/weak/exp-problem-10-3-weak-chunk-0128.smt2,sat,0.0
/meti-tarski/exp/problem/10/3/weak/exp-problem-10-3-weak-chunk-0207.smt2,sat,0.0
/meti-tarski/exp/problem/10/3/weak/exp-problem-10-3-weak-chunk-0088.smt2,sat,0.0
/meti-tarski/exp/problem/10/3/weak/exp-problem-10-3-weak-chunk-0110.smt2,sat,0.0
/meti-tarski/exp/problem/10/3/weak/exp-problem-10-3-weak-chunk-0183.smt2,unsat,0.0
/meti-tarski/exp/problem/10/3/weak/exp-problem-10-3-weak-chunk-0040.smt2,sat,0.0
/meti-tarski/exp/problem/10/3/weak/exp-problem-10-3-weak-chunk-0151.smt2,unsat,0.0
/meti-tarski/exp/problem/10/3/weak/exp-problem-10-3-weak-chunk-0057.smt2,sat,0.0
/meti-tarski/exp/problem/10/3/weak/exp-problem-10-3-weak-chunk-0201.smt2,sat,0.0
/meti-tarski/exp/problem/10/3/weak/exp-problem-10-3-weak-chunk-0034.smt2,unsat,0.0
/meti-tarski/exp/problem/10/3/weak/exp-problem-10-3-weak-chunk-0089.smt2,sat,0.0
/meti-tarski/exp/problem/10/3/weak/exp-problem-10-3-weak-chunk-0030.smt2,unsat,0.0
/meti-tarski/exp/problem/10/3/weak/exp-problem-10-3-weak-chunk-0204.smt2,unsat,0.0
/meti-tarski/exp/problem/10/3/weak/exp-problem-10-3-weak-chunk-0070.smt2,unsat,0.0
/meti-tarski/exp/problem/10/3/weak/exp-problem-10-3-weak-chunk-0138.smt2,unsat,0.1
/meti-tarski/exp/problem/10/3/weak/exp-problem-10-3-weak-chunk-0064.smt2,sat,0.0
/meti-tarski/exp/problem/10/3/weak/exp-problem-10-3-weak-chunk-0182.smt2,sat,0.0
/meti-tarski/exp/problem/10/3/weak/exp-problem-10-3-weak-chunk-0144.smt2,sat,0.0
/meti-tarski/exp/problem/10/3/weak/exp-problem-10-3-weak-chunk-0108.smt2,unsat,0.0
/meti-tarski/exp/problem/10/3/weak/exp-problem-10-3-weak-chunk-0191.smt2,sat,0.0
/meti-tarski/exp/problem/10/3/weak/exp-problem-10-3-weak-chunk-0154.smt2,sat,0.0
/meti-tarski/exp/problem/10/3/weak/exp-problem-10-3-weak-chunk-0231.smt2,sat,0.0
/meti-tarski/exp/problem/10/3/weak/exp-problem-10-3-weak-chunk-0069.smt2,unsat,0.0
/meti-tarski/exp/problem/10/3/weak/exp-problem-10-3-weak-chunk-0055.smt2,unsat,0.0
/meti-tarski/exp/problem/10/3/weak/exp-problem-10-3-weak-chunk-0163.smt2,unsat,0.0
/meti-tarski/exp/problem/10/3/weak/exp-problem-10-3-weak-chunk-0141.smt2,sat,0.0
/meti-tarski/exp/problem/10/3/weak/exp-problem-10-3-weak-chunk-0205.smt2,unsat,0.0
/meti-tarski/exp/problem/10/3/weak/exp-problem-10-3-weak-chunk-0171.smt2,unsat,0.0
/meti-tarski/exp/problem/10/3/weak/exp-problem-10-3-weak-chunk-0068.smt2,sat,0.0
/meti-tarski/exp/problem/10/3/weak/exp-problem-10-3-weak-chunk-0107.smt2,unsat,0.0
/meti-tarski/exp/problem/10/3/weak/exp-problem-10-3-weak-chunk-0094.smt2,sat,0.0
/meti-tarski/exp/problem/10/3/weak/exp-problem-10-3-weak-chunk-0143.smt2,sat,0.0
/meti-tarski/exp/problem/10/3/weak/exp-problem-10-3-weak-chunk-0028.smt2,unsat,0.0
/meti-tarski/exp/problem/10/3/weak/exp-problem-10-3-weak-chunk-0033.smt2,sat,0.0
/meti-tarski/exp/problem/10/3/weak/exp-problem-10-3-weak-chunk-0187.smt2,sat,0.0
/meti-tarski/exp/problem/10/3/weak/exp-problem-10-3-weak-chunk-0165.smt2,unsat,0.0
/meti-tarski/exp/problem/10/3/weak/exp-problem-10-3-weak-chunk-0060.smt2,sat,0.0
/meti-tarski/exp/problem/10/3/weak/exp-problem-10-3-weak-chunk-0078.smt2,unsat,0.0
/meti-tarski/exp/problem/10/3/weak/exp-problem-10-3-weak-chunk-0233.smt2,unsat,0.0
/meti-tarski/exp/problem/10/3/weak/exp-problem-10-3-weak-chunk-0177.smt2,unsat,0.0
/meti-tarski/exp/problem/10/3/weak/exp-problem-10-3-weak-chunk-0013.smt2,sat,0.0
/meti-tarski/exp/problem/10/3/weak/exp-problem-10-3-weak-chunk-0170.smt2,sat,0.0
/meti-tarski/exp/problem/10/3/weak/exp-problem-10-3-weak-chunk-0176.smt2,sat,0.0
/meti-tarski/exp/problem/10/3/weak/exp-problem-10-3-weak-chunk-0051.smt2,sat,0.0
/meti-tarski/exp/problem/10/3/weak/exp-problem-10-3-weak-chunk-0090.smt2,unsat,0.0
/meti-tarski/exp/problem/10/3/weak/exp-problem-10-3-weak-chunk-0100.smt2,sat,0.0
/meti-tarski/exp/problem/10/3/weak/exp-problem-10-3-weak-chunk-0227.smt2,sat,0.0
/meti-tarski/exp/problem/10/3/weak/exp-problem-10-3-weak-chunk-0082.smt2,sat,0.0
/meti-tarski/exp/problem/10/3/weak/exp-problem-10-3-weak-chunk-0019.smt2,sat,0.0
/meti-tarski/exp/problem/10/3/weak/exp-problem-10-3-weak-chunk-0009.smt2,sat,0.0
/meti-tarski/exp/problem/10/3/weak/exp-problem-10-3-weak-chunk-0225.smt2,sat,0.0
/meti-tarski/exp/problem/10/3/weak/exp-problem-10-3-weak-chunk-0174.smt2,sat,0.0
/meti-tarski/exp/problem/10/3/weak/exp-problem-10-3-weak-chunk-0045.smt2,sat,0.0
/meti-tarski/exp/problem/10/3/weak/exp-problem-10-3-weak-chunk-0137.smt2,sat,0.0
/meti-tarski/exp/problem/10/3/weak/exp-problem-10-3-weak-chunk-0066.smt2,sat,0.0
/meti-tarski/exp/problem/10/3/weak/exp-problem-10-3-weak-chunk-0199.smt2,unsat,0.0
/meti-tarski/exp/problem/10/3/weak/exp-problem-10-3-weak-chunk-0076.smt2,sat,0.0
/meti-tarski/exp/problem/10/3/weak/exp-problem-10-3-weak-chunk-0075.smt2,unsat,0.0
/meti-tarski/exp/problem/10/3/weak/exp-problem-10-3-weak-chunk-0053.smt2,unsat,0.0
/meti-tarski/exp/problem/10/3/weak/exp-problem-10-3-weak-chunk-0168.smt2,sat,0.0
/meti-tarski/exp/problem/10/3/weak/exp-problem-10-3-weak-chunk-0071.smt2,sat,0.0
/meti-tarski/exp/problem/10/3/weak/exp-problem-10-3-weak-chunk-0181.smt2,unsat,0.0
/meti-tarski/exp/problem/10/3/weak/exp-problem-10-3-weak-chunk-0155.smt2,unsat,0.0
/meti-tarski/exp/problem/10/3/weak/exp-problem-10-3-weak-chunk-0124.smt2,sat,0.0
/meti-tarski/exp/problem/10/3/weak/exp-problem-10-3-weak-chunk-0022.smt2,unsat,0.0
/meti-tarski/exp/problem/10/3/weak/exp-problem-10-3-weak-chunk-0095.smt2,unsat,0.0
/meti-tarski/exp/problem/10/3/weak/exp-problem-10-3-weak-chunk-0109.smt2,sat,0.0
/meti-tarski/exp/problem/10/3/weak/exp-problem-10-3-weak-chunk-0127.smt2,sat,0.0
/meti-tarski/exp/problem/10/3/weak/exp-problem-10-3-weak-chunk-0121.smt2,unsat,0.0
/meti-tarski/exp/problem/10/3/weak/exp-problem-10-3-weak-chunk-0212.smt2,sat,0.0
/meti-tarski/exp/problem/10/3/weak/exp-problem-10-3-weak-chunk-0184.smt2,unsat,0.0
/meti-tarski/exp/problem/10/3/weak/exp-problem-10-3-weak-chunk-0098.smt2,sat,0.0
/meti-tarski/exp/problem/10/3/weak/exp-problem-10-3-weak-chunk-0186.smt2,unsat,0.0
/meti-tarski/exp/problem/10/3/weak/exp-problem-10-3-weak-chunk-0134.smt2,sat,0.0
/meti-tarski/exp/problem/10/3/weak/exp-problem-10-3-weak-chunk-0164.smt2,sat,0.0
/meti-tarski/exp/problem/10/3/weak/exp-problem-10-3-weak-chunk-0016.smt2,unsat,0.0
/meti-tarski/exp/problem/10/3/weak/exp-problem-10-3-weak-chunk-0111.smt2,unsat,0.0
/meti-tarski/exp/problem/10/3/weak/exp-problem-10-3-weak-chunk-0112.smt2,unsat,0.0
/meti-tarski/exp/problem/10/3/weak/exp-problem-10-3-weak-chunk-0029.smt2,sat,0.0
/meti-tarski/exp/problem/10/3/weak/exp-problem-10-3-weak-chunk-0153.smt2,unsat,0.0
/meti-tarski/exp/problem/10/3/weak/exp-problem-10-3-weak-chunk-0074.smt2,unsat,0.0
/meti-tarski/exp/problem/10/3/weak/exp-problem-10-3-weak-chunk-0178.smt2,sat,0.0
/meti-tarski/exp/problem/10/3/weak/exp-problem-10-3-weak-chunk-0077.smt2,sat,0.0
/meti-tarski/exp/problem/10/3/weak/exp-problem-10-3-weak-chunk-0232.smt2,unsat,0.2
/meti-tarski/exp/problem/10/3/weak/exp-problem-10-3-weak-chunk-0125.smt2,unsat,0.0
/meti-tarski/exp/problem/10/3/exp-problem-10-3-chunk-0075.smt2,sat,0.0
/meti-tarski/exp/problem/10/3/exp-problem-10-3-chunk-0076.smt2,unsat,0.0
/meti-tarski/exp/problem/10/3/exp-problem-10-3-chunk-0055.smt2,unsat,0.0
/meti-tarski/exp/problem/10/3/exp-problem-10-3-chunk-0135.smt2,unsat,0.0
/meti-tarski/exp/problem/10/3/exp-problem-10-3-chunk-0065.smt2,sat,0.0
/meti-tarski/exp/problem/10/3/exp-problem-10-3-chunk-0110.smt2,unsat,0.0
/meti-tarski/exp/problem/10/3/exp-problem-10-3-chunk-0183.smt2,unsat,0.0
/meti-tarski/exp/problem/10/3/exp-problem-10-3-chunk-0049.smt2,unsat,0.0
/meti-tarski/exp/problem/10/3/exp-problem-10-3-chunk-0022.smt2,unsat,0.0
/meti-tarski/exp/problem/10/3/exp-problem-10-3-chunk-0132.smt2,sat,0.0
/meti-tarski/exp/problem/10/3/exp-problem-10-3-chunk-0170.smt2,unsat,0.0
/meti-tarski/exp/problem/10/3/exp-problem-10-3-chunk-0177.smt2,unsat,0.0
/meti-tarski/exp/problem/10/3/exp-problem-10-3-chunk-0185.smt2,sat,0.0
/meti-tarski/exp/problem/10/3/exp-problem-10-3-chunk-0145.smt2,unsat,0.0
/meti-tarski/exp/problem/10/3/exp-problem-10-3-chunk-0150.smt2,sat,0.0
/meti-tarski/exp/problem/10/3/exp-problem-10-3-chunk-0155.smt2,sat,0.0
/meti-tarski/exp/problem/10/3/exp-problem-10-3-chunk-0068.smt2,unsat,0.0
/meti-tarski/exp/problem/10/3/exp-problem-10-3-chunk-0120.smt2,sat,0.0
/meti-tarski/exp/problem/10/3/exp-problem-10-3-chunk-0091.smt2,sat,0.0
/meti-tarski/exp/problem/10/3/exp-problem-10-3-chunk-0095.smt2,sat,0.0
/meti-tarski/exp/problem/10/3/exp-problem-10-3-chunk-0021.smt2,unsat,0.0
/meti-tarski/exp/problem/10/3/exp-problem-10-3-chunk-0014.smt2,sat,0.0
/meti-tarski/exp/problem/10/3/exp-problem-10-3-chunk-0047.smt2,unsat,0.0
/meti-tarski/exp/problem/10/3/exp-problem-10-3-chunk-0129.smt2,unsat,0.0
/meti-tarski/exp/problem/10/3/exp-problem-10-3-chunk-0013.smt2,sat,0.0
/meti-tarski/exp/problem/10/3/exp-problem-10-3-chunk-0184.smt2,sat,0.0
/meti-tarski/exp/problem/10/3/exp-problem-10-3-chunk-0044.smt2,sat,0.0
/meti-tarski/exp/problem/10/3/exp-problem-10-3-chunk-0167.smt2,unsat,0.0
/meti-tarski/exp/problem/10/3/exp-problem-10-3-chunk-0011.smt2,sat,0.0
/meti-tarski/exp/problem/10/3/exp-problem-10-3-chunk-0163.smt2,sat,0.0
/meti-tarski/exp/problem/10/3/exp-problem-10-3-chunk-0106.smt2,sat,0.0
/meti-tarski/exp/problem/10/3/exp-problem-10-3-chunk-0048.smt2,sat,0.0
/meti-tarski/exp/problem/10/3/exp-problem-10-3-chunk-0025.smt2,unsat,0.0
/meti-tarski/exp/problem/10/3/exp-problem-10-3-chunk-0089.smt2,unsat,0.0
/meti-tarski/exp/problem/10/3/exp-problem-10-3-chunk-0016.smt2,sat,0.0
/meti-tarski/exp/problem/10/3/exp-problem-10-3-chunk-0141.smt2,sat,0.0
/meti-tarski/exp/problem/10/3/exp-problem-10-3-chunk-0105.smt2,sat,0.0
/meti-tarski/exp/problem/10/3/exp-problem-10-3-chunk-0043.smt2,unsat,0.0
/meti-tarski/exp/problem/10/3/exp-problem-10-3-chunk-0084.smt2,unsat,0.0
/meti-tarski/exp/problem/10/3/exp-problem-10-3-chunk-0026.smt2,unsat,0.0
/meti-tarski/exp/problem/10/3/exp-problem-10-3-chunk-0077.smt2,sat,0.0
/meti-tarski/exp/problem/10/3/exp-problem-10-3-chunk-0133.smt2,unsat,0.0
/meti-tarski/exp/problem/10/3/exp-problem-10-3-chunk-0121.smt2,sat,0.0
/meti-tarski/exp/problem/10/3/exp-problem-10-3-chunk-0149.smt2,unsat,0.0
/meti-tarski/exp/problem/10/3/exp-problem-10-3-chunk-0123.smt2,sat,0.0
/meti-tarski/exp/problem/10/3/exp-problem-10-3-chunk-0168.smt2,sat,0.0
/meti-tarski/exp/problem/10/3/exp-problem-10-3-chunk-0146.smt2,unsat,0.0
/meti-tarski/exp/problem/10/3/exp-problem-10-3-chunk-0112.smt2,sat,0.0
/meti-tarski/exp/problem/10/3/exp-problem-10-3-chunk-0064.smt2,unsat,0.0
/meti-tarski/exp/problem/10/3/exp-problem-10-3-chunk-0074.smt2,unsat,0.0
/meti-tarski/exp/problem/10/3/exp-problem-10-3-chunk-0042.smt2,sat,0.0
/meti-tarski/exp/problem/10/3/exp-problem-10-3-chunk-0176.smt2,unsat,0.0
/meti-tarski/exp/problem/10/3/exp-problem-10-3-chunk-0083.smt2,sat,0.0
/meti-tarski/exp/problem/10/3/exp-problem-10-3-chunk-0186.smt2,unsat,0.0
/meti-tarski/exp/problem/10/3/exp-problem-10-3-chunk-0175.smt2,sat,0.0
/meti-tarski/exp/problem/10/3/exp-problem-10-3-chunk-0136.smt2,sat,0.0
/meti-tarski/exp/problem/10/3/exp-problem-10-3-chunk-0147.smt2,sat,0.0
/meti-tarski/exp/problem/10/3/exp-problem-10-3-chunk-0017.smt2,sat,0.0
/meti-tarski/exp/problem/10/3/exp-problem-10-3-chunk-0116.smt2,unsat,0.0
/meti-tarski/exp/problem/10/3/exp-problem-10-3-chunk-0071.smt2,sat,0.0
/meti-tarski/exp/problem/10/3/exp-problem-10-3-chunk-0031.smt2,unsat,0.0
/meti-tarski/exp/problem/10/3/exp-problem-10-3-chunk-0143.smt2,sat,0.0
/meti-tarski/exp/problem/10/3/exp-problem-10-3-chunk-0173.smt2,sat,0.0
/meti-tarski/exp/problem/10/3/exp-problem-10-3-chunk-0101.smt2,sat,0.0
/meti-tarski/exp/problem/10/3/exp-problem-10-3-chunk-0035.smt2,unsat,0.0
/meti-tarski/exp/problem/10/3/exp-problem-10-3-chunk-0157.smt2,unsat,0.0
/meti-tarski/exp/problem/10/3/exp-problem-10-3-chunk-0179.smt2,sat,0.0
/meti-tarski/exp/problem/10/3/exp-problem-10-3-chunk-0020.smt2,sat,0.0
/meti-tarski/exp/problem/10/3/exp-problem-10-3-chunk-0124.smt2,unsat,0.0
/meti-tarski/exp/problem/10/3/exp-problem-10-3-chunk-0041.smt2,unsat,0.0
/meti-tarski/exp/problem/10/3/exp-problem-10-3-chunk-0012.smt2,sat,0.0
/meti-tarski/exp/problem/10/3/exp-problem-10-3-chunk-0018.smt2,sat,0.0
/meti-tarski/exp/problem/10/3/exp-problem-10-3-chunk-0137.smt2,sat,0.0
/meti-tarski/exp/problem/10/3/exp-problem-10-3-chunk-0107.smt2,sat,0.0
/meti-tarski/exp/problem/10/3/exp-problem-10-3-chunk-0187.smt2,sat,0.0
/meti-tarski/exp/problem/10/3/exp-problem-10-3-chunk-0111.smt2,sat,0.0
/meti-tarski/exp/problem/10/3/exp-problem-10-3-chunk-0174.smt2,unsat,0.0
/meti-tarski/exp/problem/10/3/exp-problem-10-3-chunk-0029.smt2,sat,0.0
/meti-tarski/exp/problem/10/3/exp-problem-10-3-chunk-0171.smt2,unsat,0.0
/meti-tarski/exp/problem/10/3/exp-problem-10-3-chunk-0126.smt2,sat,0.0
/meti-tarski/exp/problem/10/3/exp-problem-10-3-chunk-0182.smt2,unsat,0.0
/meti-tarski/exp/problem/10/3/exp-problem-10-3-chunk-0090.smt2,unsat,0.0
/meti-tarski/exp/problem/10/3/exp-problem-10-3-chunk-0010.smt2,sat,0.0
/meti-tarski/exp/problem/10/3/exp-problem-10-3-chunk-0045.smt2,unsat,0.0
/meti-tarski/exp/problem/10/3/exp-problem-10-3-chunk-0152.smt2,unsat,0.0
/meti-tarski/exp/problem/10/3/exp-problem-10-3-chunk-0096.smt2,unsat,0.0
/meti-tarski/exp/problem/10/3/exp-problem-10-3-chunk-0158.smt2,unsat,0.0
/meti-tarski/exp/problem/10/3/exp-problem-10-3-chunk-0040.smt2,sat,0.0
/meti-tarski/exp/problem/10/3/exp-problem-10-3-chunk-0079.smt2,sat,0.0
/meti-tarski/exp/problem/10/3/exp-problem-10-3-chunk-0059.smt2,sat,0.0
/meti-tarski/exp/problem/10/3/exp-problem-10-3-chunk-0057.smt2,sat,0.0
/meti-tarski/exp/problem/10/3/exp-problem-10-3-chunk-0164.smt2,sat,0.0
/meti-tarski/exp/problem/10/3/exp-problem-10-3-chunk-0180.smt2,unsat,0.0
/meti-tarski/exp/problem/10/3/exp-problem-10-3-chunk-0181.smt2,sat,0.0
/meti-tarski/exp/problem/10/3/exp-problem-10-3-chunk-0062.smt2,unsat,0.0
/meti-tarski/exp/problem/10/3/exp-problem-10-3-chunk-0131.smt2,unsat,0.0
/meti-tarski/exp/problem/10/3/exp-problem-10-3-chunk-0073.smt2,sat,0.0
/meti-tarski/exp/problem/10/3/exp-problem-10-3-chunk-0078.smt2,unsat,0.0
/meti-tarski/exp/problem/10/3/exp-problem-10-3-chunk-0034.smt2,sat,0.0
/meti-tarski/exp/problem/10/3/exp-problem-10-3-chunk-0165.smt2,sat,0.0
/meti-tarski/exp/problem/10/3/exp-problem-10-3-chunk-0085.smt2,sat,0.0
/meti-tarski/exp/problem/10/3/exp-problem-10-3-chunk-0104.smt2,unsat,0.0
/meti-tarski/exp/problem/10/3/exp-problem-10-3-chunk-0066.smt2,unsat,0.0
/meti-tarski/exp/problem/10/3/exp-problem-10-3-chunk-0189.smt2,sat,0.0
/meti-tarski/exp/problem/10/3/exp-problem-10-3-chunk-0118.smt2,unsat,0.0
/meti-tarski/exp/problem/10/3/exp-problem-10-3-chunk-0169.smt2,sat,0.0
/meti-tarski/exp/problem/10/3/exp-problem-10-3-chunk-0080.smt2,unsat,0.0
/meti-tarski/exp/problem/10/3/exp-problem-10-3-chunk-0103.smt2,unsat,0.0
/meti-tarski/exp/problem/10/3/exp-problem-10-3-chunk-0038.smt2,sat,0.0
/meti-tarski/exp/problem/10/3/exp-problem-10-3-chunk-0024.smt2,sat,0.0
/meti-tarski/exp/problem/10/3/exp-problem-10-3-chunk-0092.smt2,sat,0.0
/meti-tarski/exp/problem/10/3/exp-problem-10-3-chunk-0061.smt2,sat,0.0
/meti-tarski/exp/problem/10/3/exp-problem-10-3-chunk-0162.smt2,unsat,0.0
/meti-tarski/exp/problem/10/3/exp-problem-10-3-chunk-0148.smt2,unsat,0.0
/meti-tarski/exp/problem/10/3/exp-problem-10-3-chunk-0144.smt2,sat,0.0
/meti-tarski/exp/problem/10/3/exp-problem-10-3-chunk-0060.smt2,unsat,0.0
/meti-tarski/exp/problem/10/3/exp-problem-10-3-chunk-0072.smt2,unsat,0.0
/meti-tarski/exp/problem/10/3/exp-problem-10-3-chunk-0070.smt2,unsat,0.0
/meti-tarski/exp/problem/10/3/exp-problem-10-3-chunk-0052.smt2,sat,0.0
/meti-tarski/exp/problem/10/3/exp-problem-10-3-chunk-0130.smt2,sat,0.0
/meti-tarski/exp/problem/10/3/exp-problem-10-3-chunk-0069.smt2,sat,0.0
/meti-tarski/exp/problem/10/3/exp-problem-10-3-chunk-0088.smt2,unsat,0.0
/meti-tarski/exp/problem/10/3/exp-problem-10-3-chunk-0050.smt2,sat,0.0
/meti-tarski/exp/problem/10/3/exp-problem-10-3-chunk-0030.smt2,sat,0.0
/meti-tarski/exp/problem/10/3/exp-problem-10-3-chunk-0151.smt2,sat,0.0
/meti-tarski/exp/problem/10/3/exp-problem-10-3-chunk-0161.smt2,unsat,0.0
/meti-tarski/exp/problem/10/3/exp-problem-10-3-chunk-0140.smt2,unsat,0.0
/meti-tarski/exp/problem/10/3/exp-problem-10-3-chunk-0139.smt2,sat,0.0
/meti-tarski/exp/problem/10/3/exp-problem-10-3-chunk-0015.smt2,sat,0.0
/meti-tarski/exp/problem/10/3/exp-problem-10-3-chunk-0082.smt2,unsat,0.0
/meti-tarski/exp/problem/10/3/exp-problem-10-3-chunk-0166.smt2,unsat,0.0
/meti-tarski/exp/problem/10/2/exp-problem-10-2-chunk-0218.smt2,sat,0.0
/meti-tarski/exp/problem/10/2/exp-problem-10-2-chunk-0124.smt2,unsat,0.0
/meti-tarski/exp/problem/10/2/exp-problem-10-2-chunk-0064.smt2,sat,0.0
/meti-tarski/exp/problem/10/2/exp-problem-10-2-chunk-0355.smt2,sat,0.0
/meti-tarski/exp/problem/10/2/exp-problem-10-2-chunk-0319.smt2,sat,0.0
/meti-tarski/exp/problem/10/2/exp-problem-10-2-chunk-0153.smt2,sat,0.0
/meti-tarski/exp/problem/10/2/exp-problem-10-2-chunk-0251.smt2,sat,0.0
/meti-tarski/exp/problem/10/2/exp-problem-10-2-chunk-0191.smt2,sat,0.0
/meti-tarski/exp/problem/10/2/exp-problem-10-2-chunk-0161.smt2,unsat,0.0
/meti-tarski/exp/problem/10/2/exp-problem-10-2-chunk-0059.smt2,unsat,0.0
/meti-tarski/exp/problem/10/2/exp-problem-10-2-chunk-0201.smt2,unsat,0.0
/meti-tarski/exp/problem/10/2/exp-problem-10-2-chunk-0236.smt2,unsat,0.0
/meti-tarski/exp/problem/10/2/exp-problem-10-2-chunk-0202.smt2,unsat,0.0
/meti-tarski/exp/problem/10/2/exp-problem-10-2-chunk-0286.smt2,sat,0.0
/meti-tarski/exp/problem/10/2/exp-problem-10-2-chunk-0390.smt2,sat,0.0
/meti-tarski/exp/problem/10/2/exp-problem-10-2-chunk-0224.smt2,unsat,0.0
/meti-tarski/exp/problem/10/2/exp-problem-10-2-chunk-0167.smt2,unsat,0.0
/meti-tarski/exp/problem/10/2/exp-problem-10-2-chunk-0159.smt2,sat,0.0
/meti-tarski/exp/problem/10/2/exp-problem-10-2-chunk-0243.smt2,sat,0.0
/meti-tarski/exp/problem/10/2/exp-problem-10-2-chunk-0012.smt2,sat,0.0
/meti-tarski/exp/problem/10/2/exp-problem-10-2-chunk-0383.smt2,sat,0.0
/meti-tarski/exp/problem/10/2/exp-problem-10-2-chunk-0245.smt2,unsat,0.0
/meti-tarski/exp/problem/10/2/exp-problem-10-2-chunk-0309.smt2,unsat,0.0
/meti-tarski/exp/problem/10/2/exp-problem-10-2-chunk-0278.smt2,sat,0.0
/meti-tarski/exp/problem/10/2/exp-problem-10-2-chunk-0376.smt2,sat,0.0
/meti-tarski/exp/problem/10/2/exp-problem-10-2-chunk-0137.smt2,sat,0.0
/meti-tarski/exp/problem/10/2/exp-problem-10-2-chunk-0086.smt2,unsat,0.0
/meti-tarski/exp/problem/10/2/exp-problem-10-2-chunk-0329.smt2,sat,0.0
/meti-tarski/exp/problem/10/2/exp-problem-10-2-chunk-0392.smt2,sat,0.0
/meti-tarski/exp/problem/10/2/exp-problem-10-2-chunk-0255.smt2,sat,0.0
/meti-tarski/exp/problem/10/2/exp-problem-10-2-chunk-0209.smt2,sat,0.0
/meti-tarski/exp/problem/10/2/exp-problem-10-2-chunk-0216.smt2,unsat,0.0
/meti-tarski/exp/problem/10/2/exp-problem-10-2-chunk-0391.smt2,sat,0.0
/meti-tarski/exp/problem/10/2/exp-problem-10-2-chunk-0363.smt2,sat,0.0
/meti-tarski/exp/problem/10/2/exp-problem-10-2-chunk-0321.smt2,sat,0.0
/meti-tarski/exp/problem/10/2/exp-problem-10-2-chunk-0222.smt2,sat,0.0
/meti-tarski/exp/problem/10/2/exp-problem-10-2-chunk-0343.smt2,sat,0.0
/meti-tarski/exp/problem/10/2/exp-problem-10-2-chunk-0328.smt2,sat,0.0
/meti-tarski/exp/problem/10/2/exp-problem-10-2-chunk-0071.smt2,unsat,0.0
/meti-tarski/exp/problem/10/2/exp-problem-10-2-chunk-0372.smt2,unsat,0.0
/meti-tarski/exp/problem/10/2/exp-problem-10-2-chunk-0271.smt2,sat,0.0
/meti-tarski/exp/problem/10/2/exp-problem-10-2-chunk-0280.smt2,sat,0.0
/meti-tarski/exp/problem/10/2/exp-problem-10-2-chunk-0354.smt2,sat,0.0
/meti-tarski/exp/problem/10/2/exp-problem-10-2-chunk-0079.smt2,unsat,0.0
/meti-tarski/exp/problem/10/2/exp-problem-10-2-chunk-0014.smt2,sat,0.0
/meti-tarski/exp/problem/10/2/exp-problem-10-2-chunk-0206.smt2,unsat,0.0
/meti-tarski/exp/problem/10/2/exp-problem-10-2-chunk-0199.smt2,unsat,0.0
/meti-tarski/exp/problem/10/2/exp-problem-10-2-chunk-0031.smt2,unsat,0.0
/meti-tarski/exp/problem/10/2/exp-problem-10-2-chunk-0194.smt2,unsat,0.0
/meti-tarski/exp/problem/10/2/exp-problem-10-2-chunk-0138.smt2,sat,0.0
/meti-tarski/exp/problem/10/2/exp-problem-10-2-chunk-0291.smt2,unsat,0.0
/meti-tarski/exp/problem/10/2/exp-problem-10-2-chunk-0279.smt2,sat,0.0
/meti-tarski/exp/problem/10/2/exp-problem-10-2-chunk-0272.smt2,unsat,0.0
/meti-tarski/exp/problem/10/2/exp-problem-10-2-chunk-0360.smt2,sat,0.0
/meti-tarski/exp/problem/10/2/exp-problem-10-2-chunk-0187.smt2,sat,0.0
/meti-tarski/exp/problem/10/2/exp-problem-10-2-chunk-0065.smt2,unsat,0.0
/meti-tarski/exp/problem/10/2/exp-problem-10-2-chunk-0297.smt2,sat,0.0
/meti-tarski/exp/problem/10/2/exp-problem-10-2-chunk-0394.smt2,sat,0.0
/meti-tarski/exp/problem/10/2/exp-problem-10-2-chunk-0290.smt2,sat,0.0
/meti-tarski/exp/problem/10/2/exp-problem-10-2-chunk-0352.smt2,unsat,0.0
/meti-tarski/exp/problem/10/2/exp-problem-10-2-chunk-0207.smt2,sat,0.0
/meti-tarski/exp/problem/10/2/exp-problem-10-2-chunk-0035.smt2,unsat,0.0
/meti-tarski/exp/problem/10/2/exp-problem-10-2-chunk-0195.smt2,sat,0.0
/meti-tarski/exp/problem/10/2/exp-problem-10-2-chunk-0388.smt2,unsat,0.0
/meti-tarski/exp/problem/10/2/exp-problem-10-2-chunk-0022.smt2,unsat,0.0
/meti-tarski/exp/problem/10/2/exp-problem-10-2-chunk-0168.smt2,sat,0.0
/meti-tarski/exp/problem/10/2/exp-problem-10-2-chunk-0177.smt2,sat,0.0
/meti-tarski/exp/problem/10/2/exp-problem-10-2-chunk-0104.smt2,unsat,0.0
/meti-tarski/exp/problem/10/2/exp-problem-10-2-chunk-0353.smt2,sat,0.0
/meti-tarski/exp/problem/10/2/exp-problem-10-2-chunk-0051.smt2,unsat,0.0
/meti-tarski/exp/problem/10/2/exp-problem-10-2-chunk-0120.smt2,sat,0.0
/meti-tarski/exp/problem/10/2/exp-problem-10-2-chunk-0285.smt2,unsat,0.0
/meti-tarski/exp/problem/10/2/exp-problem-10-2-chunk-0144.smt2,sat,0.0
/meti-tarski/exp/problem/10/2/exp-problem-10-2-chunk-0266.smt2,unsat,0.0
/meti-tarski/exp/problem/10/2/exp-problem-10-2-chunk-0143.smt2,sat,0.0
/meti-tarski/exp/problem/10/2/exp-problem-10-2-chunk-0028.smt2,sat,0.0
/meti-tarski/exp/problem/10/2/exp-problem-10-2-chunk-0181.smt2,unsat,0.0
/meti-tarski/exp/problem/10/2/exp-problem-10-2-chunk-0362.smt2,sat,0.0
/meti-tarski/exp/problem/10/2/exp-problem-10-2-chunk-0242.smt2,sat,0.0
/meti-tarski/exp/problem/10/2/exp-problem-10-2-chunk-0312.smt2,sat,0.0
/meti-tarski/exp/problem/10/2/exp-problem-10-2-chunk-0304.smt2,unsat,0.0
/meti-tarski/exp/problem/10/2/exp-problem-10-2-chunk-0228.smt2,sat,0.0
/meti-tarski/exp/problem/10/2/exp-problem-10-2-chunk-0227.smt2,sat,0.0
/meti-tarski/exp/problem/10/2/exp-problem-10-2-chunk-0082.smt2,unsat,0.0
/meti-tarski/exp/problem/10/2/exp-problem-10-2-chunk-0083.smt2,sat,0.0
/meti-tarski/exp/problem/10/2/exp-problem-10-2-chunk-0214.smt2,sat,0.0
/meti-tarski/exp/problem/10/2/exp-problem-10-2-chunk-0197.smt2,sat,0.0
/meti-tarski/exp/problem/10/2/exp-problem-10-2-chunk-0310.smt2,unsat,0.0
/meti-tarski/exp/problem/10/2/exp-problem-10-2-chunk-0276.smt2,sat,0.0
/meti-tarski/exp/problem/10/2/exp-problem-10-2-chunk-0062.smt2,sat,0.0
/meti-tarski/exp/problem/10/2/exp-problem-10-2-chunk-0145.smt2,unsat,0.0
/meti-tarski/exp/problem/10/2/exp-problem-10-2-chunk-0282.smt2,sat,0.0
/meti-tarski/exp/problem/10/2/exp-problem-10-2-chunk-0289.smt2,unsat,0.8
/meti-tarski/exp/problem/10/2/exp-problem-10-2-chunk-0025.smt2,unsat,0.0
/meti-tarski/exp/problem/10/2/exp-problem-10-2-chunk-0244.smt2,sat,0.0
/meti-tarski/exp/problem/10/2/exp-problem-10-2-chunk-0212.smt2,unsat,0.0
/meti-tarski/exp/problem/10/2/exp-problem-10-2-chunk-0325.smt2,unsat,0.0
/meti-tarski/exp/problem/10/2/exp-problem-10-2-chunk-0313.smt2,sat,0.0
/meti-tarski/exp/problem/10/2/exp-problem-10-2-chunk-0331.smt2,sat,0.0
/meti-tarski/exp/problem/10/2/exp-problem-10-2-chunk-0192.smt2,sat,0.0
/meti-tarski/exp/problem/10/2/exp-problem-10-2-chunk-0204.smt2,unsat,0.0
/meti-tarski/exp/problem/10/2/exp-problem-10-2-chunk-0230.smt2,sat,0.0
/meti-tarski/exp/problem/10/2/exp-problem-10-2-chunk-0067.smt2,unsat,0.0
/meti-tarski/exp/problem/10/2/exp-problem-10-2-chunk-0026.smt2,unsat,0.0
/meti-tarski/exp/problem/10/2/exp-problem-10-2-chunk-0193.smt2,sat,0.0
/meti-tarski/exp/problem/10/2/exp-problem-10-2-chunk-0248.smt2,sat,0.0
/meti-tarski/exp/problem/10/2/exp-problem-10-2-chunk-0037.smt2,unsat,0.0
/meti-tarski/exp/problem/10/2/exp-problem-10-2-chunk-0173.smt2,sat,0.0
/meti-tarski/exp/problem/10/2/exp-problem-10-2-chunk-0165.smt2,sat,0.0
/meti-tarski/exp/problem/10/2/exp-problem-10-2-chunk-0384.smt2,unsat,0.0
/meti-tarski/exp/problem/10/2/exp-problem-10-2-chunk-0323.smt2,unsat,0.0
/meti-tarski/exp/problem/10/2/exp-problem-10-2-chunk-0135.smt2,unsat,0.0
/meti-tarski/exp/problem/10/2/exp-problem-10-2-chunk-0345.smt2,sat,0.0
/meti-tarski/exp/problem/10/2/exp-problem-10-2-chunk-0335.smt2,unsat,0.0
/meti-tarski/exp/problem/10/2/exp-problem-10-2-chunk-0178.smt2,sat,0.0
/meti-tarski/exp/problem/10/2/exp-problem-10-2-chunk-0260.smt2,sat,0.0
/meti-tarski/exp/problem/10/2/exp-problem-10-2-chunk-0301.smt2,sat,0.0
/meti-tarski/exp/problem/10/2/exp-problem-10-2-chunk-0068.smt2,sat,0.0
/meti-tarski/exp/problem/10/2/exp-problem-10-2-chunk-0121.smt2,sat,0.0
/meti-tarski/exp/problem/10/2/exp-problem-10-2-chunk-0096.smt2,unsat,0.0
/meti-tarski/exp/problem/10/2/exp-problem-10-2-chunk-0111.smt2,sat,0.0
/meti-tarski/exp/problem/10/2/exp-problem-10-2-chunk-0155.smt2,sat,0.0
/meti-tarski/exp/problem/10/2/exp-problem-10-2-chunk-0377.smt2,sat,0.0
/meti-tarski/exp/problem/10/2/exp-problem-10-2-chunk-0053.smt2,unsat,0.0
/meti-tarski/exp/problem/10/2/exp-problem-10-2-chunk-0385.smt2,unsat,0.0
/meti-tarski/exp/problem/10/2/exp-problem-10-2-chunk-0365.smt2,unsat,0.0
/meti-tarski/exp/problem/10/2/exp-problem-10-2-chunk-0283.smt2,sat,0.0
/meti-tarski/exp/problem/10/2/exp-problem-10-2-chunk-0330.smt2,unsat,0.0
/meti-tarski/exp/problem/10/2/exp-problem-10-2-chunk-0112.smt2,sat,0.0
/meti-tarski/exp/problem/10/2/exp-problem-10-2-chunk-0038.smt2,sat,0.0
/meti-tarski/exp/problem/10/2/exp-problem-10-2-chunk-0100.smt2,sat,0.0
/meti-tarski/exp/problem/10/2/exp-problem-10-2-chunk-0163.smt2,sat,0.0
/meti-tarski/exp/problem/10/2/exp-problem-10-2-chunk-0316.smt2,sat,0.0
/meti-tarski/exp/problem/10/2/exp-problem-10-2-chunk-0332.smt2,unsat,0.0
/meti-tarski/exp/problem/10/2/exp-problem-10-2-chunk-0122.smt2,unsat,0.0
/meti-tarski/exp/problem/10/2/exp-problem-10-2-chunk-0046.smt2,sat,0.0
/meti-tarski/exp/problem/10/2/exp-problem-10-2-chunk-0101.smt2,sat,0.0
/meti-tarski/exp/problem/10/2/exp-problem-10-2-chunk-0252.smt2,sat,0.0
/meti-tarski/exp/problem/10/2/exp-problem-10-2-chunk-0042.smt2,sat,0.0
/meti-tarski/exp/problem/10/2/exp-problem-10-2-chunk-0133.smt2,unsat,0.0
/meti-tarski/exp/problem/10/2/exp-problem-10-2-chunk-0183.smt2,sat,0.0
/meti-tarski/exp/problem/10/2/exp-problem-10-2-chunk-0258.smt2,sat,0.0
/meti-tarski/exp/problem/10/2/exp-problem-10-2-chunk-0281.smt2,unsat,0.0
/meti-tarski/exp/problem/10/2/exp-problem-10-2-chunk-0015.smt2,sat,0.0
/meti-tarski/exp/problem/10/2/exp-problem-10-2-chunk-0010.smt2,sat,0.0
/meti-tarski/exp/problem/10/2/exp-problem-10-2-chunk-0058.smt2,sat,0.0
/meti-tarski/exp/problem/10/2/exp-problem-10-2-chunk-0314.smt2,unsat,0.0
/meti-tarski/exp/problem/10/2/exp-problem-10-2-chunk-0128.smt2,unsat,0.0
/meti-tarski/exp/problem/10/2/exp-problem-10-2-chunk-0205.smt2,sat,0.0
/meti-tarski/exp/problem/10/2/exp-problem-10-2-chunk-0262.smt2,unsat,0.0
/meti-tarski/exp/problem/10/2/exp-problem-10-2-chunk-0158.smt2,unsat,0.0
/meti-tarski/exp/problem/10/2/exp-problem-10-2-chunk-0017.smt2,sat,0.0
/meti-tarski/exp/problem/10/2/exp-problem-10-2-chunk-0106.smt2,sat,0.0
/meti-tarski/exp/problem/10/2/exp-problem-10-2-chunk-0103.smt2,unsat,0.0
/meti-tarski/exp/problem/10/2/exp-problem-10-2-chunk-0045.smt2,unsat,0.0
/meti-tarski/exp/problem/10/2/exp-problem-10-2-chunk-0263.smt2,sat,0.0
/meti-tarski/exp/problem/10/2/exp-problem-10-2-chunk-0098.smt2,unsat,0.0
/meti-tarski/exp/problem/10/2/exp-problem-10-2-chunk-0097.smt2,unsat,0.0
/meti-tarski/exp/problem/10/2/exp-problem-10-2-chunk-0265.smt2,sat,0.0
/meti-tarski/exp/problem/10/2/exp-problem-10-2-chunk-0249.smt2,unsat,0.0
/meti-tarski/exp/problem/10/2/exp-problem-10-2-chunk-0175.smt2,sat,0.0
/meti-tarski/exp/problem/10/2/exp-problem-10-2-chunk-0306.smt2,unsat,0.0
/meti-tarski/exp/problem/10/2/exp-problem-10-2-chunk-0373.smt2,sat,0.0
/meti-tarski/exp/problem/10/2/exp-problem-10-2-chunk-0200.smt2,unsat,0.0
/meti-tarski/exp/problem/10/2/exp-problem-10-2-chunk-0057.smt2,unsat,0.0
/meti-tarski/exp/problem/10/2/exp-problem-10-2-chunk-0349.smt2,sat,0.0
/meti-tarski/exp/problem/10/2/exp-problem-10-2-chunk-0346.smt2,unsat,0.0
/meti-tarski/exp/problem/10/2/exp-problem-10-2-chunk-0166.smt2,unsat,0.0
/meti-tarski/exp/problem/10/2/exp-problem-10-2-chunk-0185.smt2,sat,0.0
/meti-tarski/exp/problem/10/2/exp-problem-10-2-chunk-0150.smt2,sat,0.0
/meti-tarski/exp/problem/10/2/exp-problem-10-2-chunk-0118.smt2,unsat,0.0
/meti-tarski/exp/problem/10/2/exp-problem-10-2-chunk-0091.smt2,sat,0.0
/meti-tarski/exp/problem/10/2/exp-problem-10-2-chunk-0264.smt2,unsat,0.0
/meti-tarski/exp/problem/10/2/exp-problem-10-2-chunk-0180.smt2,sat,0.0
/meti-tarski/exp/problem/10/2/exp-problem-10-2-chunk-0269.smt2,sat,0.0
/meti-tarski/exp/problem/10/2/exp-problem-10-2-chunk-0148.smt2,unsat,0.0
/meti-tarski/exp/problem/10/2/exp-problem-10-2-chunk-0134.smt2,unsat,0.0
/meti-tarski/exp/problem/10/2/exp-problem-10-2-chunk-0308.smt2,sat,0.0
/meti-tarski/exp/problem/10/2/exp-problem-10-2-chunk-0119.smt2,sat,0.0
/meti-tarski/exp/problem/10/2/exp-problem-10-2-chunk-0060.smt2,sat,0.0
/meti-tarski/exp/problem/10/2/exp-problem-10-2-chunk-0386.smt2,sat,0.0
/meti-tarski/exp/problem/10/2/exp-problem-10-2-chunk-0254.smt2,unsat,0.0
/meti-tarski/exp/problem/10/2/exp-problem-10-2-chunk-0250.smt2,sat,0.0
/meti-tarski/exp/problem/10/2/exp-problem-10-2-chunk-0131.smt2,unsat,0.0
/meti-tarski/exp/problem/10/2/exp-problem-10-2-chunk-0092.smt2,sat,0.0
/meti-tarski/exp/problem/10/2/exp-problem-10-2-chunk-0327.smt2,sat,0.0
/meti-tarski/exp/problem/10/2/exp-problem-10-2-chunk-0256.smt2,sat,0.0
/meti-tarski/exp/problem/10/2/exp-problem-10-2-chunk-0052.smt2,sat,0.0
/meti-tarski/exp/problem/10/2/exp-problem-10-2-chunk-0273.smt2,unsat,0.0
/meti-tarski/exp/problem/10/2/exp-problem-10-2-chunk-0232.smt2,unsat,0.0
/meti-tarski/exp/problem/10/2/exp-problem-10-2-chunk-0132.smt2,sat,0.0
/meti-tarski/exp/problem/10/2/exp-problem-10-2-chunk-0170.smt2,unsat,0.0
/meti-tarski/exp/problem/10/2/exp-problem-10-2-chunk-0186.smt2,unsat,0.0
/meti-tarski/exp/problem/10/2/exp-problem-10-2-chunk-0171.smt2,sat,0.0
/meti-tarski/exp/problem/10/2/exp-problem-10-2-chunk-0318.smt2,unsat,0.0
/meti-tarski/exp/problem/10/2/exp-problem-10-2-chunk-0277.smt2,unsat,0.0
/meti-tarski/exp/problem/10/2/exp-problem-10-2-chunk-0259.smt2,unsat,0.0
/meti-tarski/exp/problem/10/2/exp-problem-10-2-chunk-0382.smt2,sat,0.0
/meti-tarski/exp/problem/10/2/exp-problem-10-2-chunk-0339.smt2,sat,0.0
/meti-tarski/exp/problem/10/2/exp-problem-10-2-chunk-0152.smt2,unsat,0.0
/meti-tarski/exp/problem/10/2/exp-problem-10-2-chunk-0275.smt2,unsat,0.0
/meti-tarski/exp/problem/10/2/exp-problem-10-2-chunk-0246.smt2,unsat,0.0
/meti-tarski/exp/problem/10/2/exp-problem-10-2-chunk-0211.smt2,sat,0.0
/meti-tarski/exp/problem/10/2/exp-problem-10-2-chunk-0350.smt2,unsat,0.0
/meti-tarski/exp/problem/10/2/exp-problem-10-2-chunk-0189.smt2,sat,0.0
/meti-tarski/exp/problem/10/2/exp-problem-10-2-chunk-0292.smt2,sat,0.0
/meti-tarski/exp/problem/10/2/exp-problem-10-2-chunk-0149.smt2,unsat,0.0
/meti-tarski/exp/problem/10/2/exp-problem-10-2-chunk-0336.smt2,unsat,0.0
/meti-tarski/exp/problem/10/2/exp-problem-10-2-chunk-0142.smt2,unsat,0.0
/meti-tarski/exp/problem/10/2/exp-problem-10-2-chunk-0154.smt2,unsat,0.0
/meti-tarski/exp/problem/10/2/exp-problem-10-2-chunk-0043.smt2,unsat,0.0
/meti-tarski/exp/problem/10/2/exp-problem-10-2-chunk-0284.smt2,sat,0.0
/meti-tarski/exp/problem/10/2/exp-problem-10-2-chunk-0379.smt2,sat,0.0
/meti-tarski/exp/problem/10/2/exp-problem-10-2-chunk-0234.smt2,sat,0.0
/meti-tarski/exp/problem/10/2/exp-problem-10-2-chunk-0270.smt2,unsat,0.0
/meti-tarski/exp/problem/10/2/exp-problem-10-2-chunk-0078.smt2,sat,0.0
/meti-tarski/exp/problem/10/2/exp-problem-10-2-chunk-0238.smt2,sat,0.0
/meti-tarski/exp/problem/10/2/exp-problem-10-2-chunk-0063.smt2,unsat,0.0
/meti-tarski/exp/problem/10/2/exp-problem-10-2-chunk-0210.smt2,sat,0.0
/meti-tarski/exp/problem/10/2/exp-problem-10-2-chunk-0387.smt2,sat,0.0
/meti-tarski/exp/problem/10/2/exp-problem-10-2-chunk-0099.smt2,sat,0.0
/meti-tarski/exp/problem/10/2/exp-problem-10-2-chunk-0196.smt2,unsat,0.0
/meti-tarski/exp/problem/10/2/exp-problem-10-2-chunk-0380.smt2,unsat,0.0
/meti-tarski/exp/problem/10/2/exp-problem-10-2-chunk-0117.smt2,unsat,0.0
/meti-tarski/exp/problem/10/2/exp-problem-10-2-chunk-0123.smt2,sat,0.0
/meti-tarski/exp/problem/10/2/exp-problem-10-2-chunk-0213.smt2,unsat,0.0
/meti-tarski/exp/problem/10/2/exp-problem-10-2-chunk-0129.smt2,unsat,0.0
/meti-tarski/exp/problem/10/2/exp-problem-10-2-chunk-0095.smt2,sat,0.0
/meti-tarski/exp/problem/10/2/exp-problem-10-2-chunk-0239.smt2,unsat,0.0
/meti-tarski/exp/problem/10/2/exp-problem-10-2-chunk-0061.smt2,unsat,0.0
/meti-tarski/exp/problem/10/2/exp-problem-10-2-chunk-0109.smt2,unsat,0.0
/meti-tarski/exp/problem/10/2/exp-problem-10-2-chunk-0147.smt2,sat,0.0
/meti-tarski/exp/problem/10/2/exp-problem-10-2-chunk-0049.smt2,unsat,0.0
/meti-tarski/exp/problem/10/2/exp-problem-10-2-chunk-0217.smt2,sat,0.0
/meti-tarski/exp/problem/10/2/exp-problem-10-2-chunk-0374.smt2,sat,0.0
/meti-tarski/exp/problem/10/2/exp-problem-10-2-chunk-0190.smt2,sat,0.0
/meti-tarski/exp/problem/10/2/exp-problem-10-2-chunk-0303.smt2,sat,0.0
/meti-tarski/exp/problem/10/2/exp-problem-10-2-chunk-0034.smt2,sat,0.0
/meti-tarski/exp/problem/10/2/exp-problem-10-2-chunk-0136.smt2,sat,0.0
/meti-tarski/exp/problem/10/2/exp-problem-10-2-chunk-0179.smt2,unsat,0.0
/meti-tarski/exp/problem/10/2/exp-problem-10-2-chunk-0056.smt2,sat,0.0
/meti-tarski/exp/problem/10/2/exp-problem-10-2-chunk-0294.smt2,sat,0.0
/meti-tarski/exp/problem/10/2/exp-problem-10-2-chunk-0108.smt2,unsat,0.0
/meti-tarski/exp/problem/10/2/exp-problem-10-2-chunk-0115.smt2,sat,0.0
/meti-tarski/exp/problem/10/2/exp-problem-10-2-chunk-0039.smt2,unsat,0.0
/meti-tarski/exp/problem/10/2/exp-problem-10-2-chunk-0203.smt2,sat,0.0
/meti-tarski/exp/problem/10/2/exp-problem-10-2-chunk-0378.smt2,unsat,0.0
/meti-tarski/exp/problem/10/2/exp-problem-10-2-chunk-0300.smt2,sat,0.0
/meti-tarski/exp/problem/10/2/exp-problem-10-2-chunk-0326.smt2,unsat,0.0
/meti-tarski/exp/problem/10/2/exp-problem-10-2-chunk-0220.smt2,sat,0.0
/meti-tarski/exp/problem/10/2/exp-problem-10-2-chunk-0257.smt2,unsat,0.0
/meti-tarski/exp/problem/10/2/exp-problem-10-2-chunk-0348.smt2,sat,0.0
/meti-tarski/exp/problem/10/2/exp-problem-10-2-chunk-0334.smt2,unsat,0.0
/meti-tarski/exp/problem/10/2/exp-problem-10-2-chunk-0020.smt2,sat,0.0
/meti-tarski/exp/problem/10/2/exp-problem-10-2-chunk-0126.smt2,sat,0.0
/meti-tarski/exp/problem/10/2/exp-problem-10-2-chunk-0311.smt2,sat,0.0
/meti-tarski/exp/problem/10/2/exp-problem-10-2-chunk-0288.smt2,sat,0.0
/meti-tarski/exp/problem/10/2/exp-problem-10-2-chunk-0146.smt2,unsat,0.0
/meti-tarski/exp/problem/10/2/exp-problem-10-2-chunk-0375.smt2,unsat,0.0
/meti-tarski/exp/problem/10/2/exp-problem-10-2-chunk-0293.smt2,sat,0.0
/meti-tarski/exp/problem/10/2/exp-problem-10-2-chunk-0090.smt2,unsat,0.0
/meti-tarski/exp/problem/10/2/exp-problem-10-2-chunk-0027.smt2,unsat,0.0
/meti-tarski/exp/problem/10/2/exp-problem-10-2-chunk-0156.smt2,sat,0.0
/meti-tarski/exp/problem/10/2/exp-problem-10-2-chunk-0302.smt2,unsat,0.0
/meti-tarski/exp/problem/10/2/exp-problem-10-2-chunk-0381.smt2,sat,0.0
/meti-tarski/exp/problem/10/2/exp-problem-10-2-chunk-0223.smt2,unsat,0.0
/meti-tarski/exp/problem/10/2/exp-problem-10-2-chunk-0033.smt2,unsat,0.0
/meti-tarski/exp/problem/10/2/exp-problem-10-2-chunk-0231.smt2,unsat,0.0
/meti-tarski/exp/problem/10/2/exp-problem-10-2-chunk-0298.smt2,unsat,0.0
/meti-tarski/exp/problem/10/2/exp-problem-10-2-chunk-0072.smt2,sat,0.0
/meti-tarski/exp/problem/10/2/exp-problem-10-2-chunk-0344.smt2,unsat,0.0
/meti-tarski/exp/problem/10/2/exp-problem-10-2-chunk-0157.smt2,unsat,0.0
/meti-tarski/exp/problem/10/2/exp-problem-10-2-chunk-0130.smt2,sat,0.0
/meti-tarski/exp/problem/10/2/exp-problem-10-2-chunk-0393.smt2,unsat,0.0
/meti-tarski/exp/problem/10/2/exp-problem-10-2-chunk-0018.smt2,sat,0.0
/meti-tarski/exp/problem/10/2/exp-problem-10-2-chunk-0184.smt2,sat,0.0
/meti-tarski/exp/problem/10/2/exp-problem-10-2-chunk-0229.smt2,unsat,0.0
/meti-tarski/exp/problem/10/2/exp-problem-10-2-chunk-0102.smt2,unsat,0.0
/meti-tarski/exp/problem/10/2/exp-problem-10-2-chunk-0295.smt2,sat,0.0
/meti-tarski/exp/problem/10/2/exp-problem-10-2-chunk-0274.smt2,sat,0.0
/meti-tarski/exp/problem/10/2/exp-problem-10-2-chunk-0050.smt2,sat,0.0
/meti-tarski/exp/problem/10/2/exp-problem-10-2-chunk-0219.smt2,sat,0.0
/meti-tarski/exp/problem/10/2/exp-problem-10-2-chunk-0169.smt2,sat,0.0
/meti-tarski/exp/problem/10/2/exp-problem-10-2-chunk-0040.smt2,sat,0.0
/meti-tarski/exp/problem/10/2/exp-problem-10-2-chunk-0358.smt2,unsat,0.0
/meti-tarski/exp/problem/10/2/exp-problem-10-2-chunk-0198.smt2,sat,0.0
/meti-tarski/exp/problem/10/2/exp-problem-10-2-chunk-0032.smt2,sat,0.0
/meti-tarski/exp/problem/10/2/exp-problem-10-2-chunk-0174.smt2,sat,0.0
/meti-tarski/exp/problem/10/2/exp-problem-10-2-chunk-0267.smt2,sat,0.0
/meti-tarski/exp/problem/10/2/exp-problem-10-2-chunk-0347.smt2,unsat,0.0
/meti-tarski/exp/problem/10/2/exp-problem-10-2-chunk-0087.smt2,sat,0.0
/meti-tarski/exp/problem/10/2/exp-problem-10-2-chunk-0299.smt2,sat,0.0
/meti-tarski/exp/problem/10/2/exp-problem-10-2-chunk-0341.smt2,sat,0.0
/meti-tarski/exp/problem/10/2/exp-problem-10-2-chunk-0370.smt2,sat,0.0
/meti-tarski/exp/problem/10/2/exp-problem-10-2-chunk-0261.smt2,sat,0.0
/meti-tarski/exp/problem/10/2/exp-problem-10-2-chunk-0030.smt2,sat,0.0
/meti-tarski/exp/problem/10/2/exp-problem-10-2-chunk-0047.smt2,unsat,0.0
/meti-tarski/exp/problem/10/2/exp-problem-10-2-chunk-0320.smt2,sat,0.0
/meti-tarski/exp/problem/10/2/exp-problem-10-2-chunk-0337.smt2,unsat,0.0
/meti-tarski/exp/problem/10/2/exp-problem-10-2-chunk-0172.smt2,sat,0.0
/meti-tarski/exp/problem/10/2/exp-problem-10-2-chunk-0296.smt2,unsat,0.0
/meti-tarski/exp/problem/10/2/exp-problem-10-2-chunk-0389.smt2,unsat,0.0
/meti-tarski/exp/problem/10/2/exp-problem-10-2-chunk-0315.smt2,unsat,0.3
/meti-tarski/exp/problem/10/2/exp-problem-10-2-chunk-0081.smt2,unsat,0.0
/meti-tarski/exp/problem/10/2/exp-problem-10-2-chunk-0139.smt2,sat,0.0
/meti-tarski/exp/problem/10/2/exp-problem-10-2-chunk-0221.smt2,unsat,0.0
/meti-tarski/exp/problem/10/2/exp-problem-10-2-chunk-0141.smt2,sat,0.0
/meti-tarski/exp/problem/10/2/exp-problem-10-2-chunk-0268.smt2,sat,0.0
/meti-tarski/exp/problem/10/2/exp-problem-10-2-chunk-0235.smt2,unsat,0.0
/meti-tarski/exp/problem/10/2/exp-problem-10-2-chunk-0116.smt2,unsat,0.0
/meti-tarski/exp/problem/10/2/exp-problem-10-2-chunk-0074.smt2,sat,0.0
/meti-tarski/exp/problem/10/2/exp-problem-10-2-chunk-0110.smt2,unsat,0.0
/meti-tarski/exp/problem/10/2/exp-problem-10-2-chunk-0089.smt2,unsat,0.0
/meti-tarski/exp/problem/10/2/exp-problem-10-2-chunk-0055.smt2,unsat,0.0
/meti-tarski/exp/problem/10/2/exp-problem-10-2-chunk-0044.smt2,sat,0.0
/meti-tarski/exp/problem/10/2/exp-problem-10-2-chunk-0073.smt2,unsat,0.0
/meti-tarski/exp/problem/10/2/exp-problem-10-2-chunk-0127.smt2,unsat,0.0
/meti-tarski/exp/problem/10/2/exp-problem-10-2-chunk-0322.smt2,sat,0.0
/meti-tarski/exp/problem/10/2/exp-problem-10-2-chunk-0069.smt2,unsat,0.0
/meti-tarski/exp/problem/10/2/exp-problem-10-2-chunk-0013.smt2,sat,0.0
/meti-tarski/exp/problem/10/2/exp-problem-10-2-chunk-0088.smt2,unsat,0.0
/meti-tarski/exp/problem/10/2/exp-problem-10-2-chunk-0342.smt2,unsat,0.0
/meti-tarski/exp/problem/10/2/exp-problem-10-2-chunk-0011.smt2,sat,0.0
/meti-tarski/exp/problem/10/2/exp-problem-10-2-chunk-0371.smt2,sat,0.0
/meti-tarski/exp/problem/10/2/exp-problem-10-2-chunk-0016.smt2,sat,0.0
/meti-tarski/exp/problem/10/2/exp-problem-10-2-chunk-0077.smt2,unsat,0.0
/meti-tarski/exp/problem/10/2/exp-problem-10-2-chunk-0225.smt2,sat,0.0
/meti-tarski/exp/problem/10/2/exp-problem-10-2-chunk-0226.smt2,sat,0.0
/meti-tarski/exp/problem/10/2/exp-problem-10-2-chunk-0307.smt2,unsat,0.0
/meti-tarski/exp/problem/10/2/exp-problem-10-2-chunk-0164.smt2,sat,0.0
/meti-tarski/exp/problem/10/2/exp-problem-10-2-chunk-0240.smt2,sat,0.0
/meti-tarski/exp/problem/10/2/exp-problem-10-2-chunk-0076.smt2,sat,0.0
/meti-tarski/exp/problem/10/2/exp-problem-10-2-chunk-0305.smt2,sat,0.0
/meti-tarski/exp/problem/10/2/exp-problem-10-2-chunk-0048.smt2,sat,0.0
/meti-tarski/exp/problem/10/2/exp-problem-10-2-chunk-0233.smt2,sat,0.0
/meti-tarski/exp/problem/10/2/exp-problem-10-2-chunk-0208.smt2,sat,0.0
/meti-tarski/exp/problem/10/2/exp-problem-10-2-chunk-0215.smt2,sat,0.0
/meti-tarski/exp/problem/10/2/exp-problem-10-2-chunk-0333.smt2,sat,0.0
/meti-tarski/exp/problem/10/2/exp-problem-10-2-chunk-0151.smt2,sat,0.0
/meti-tarski/exp/problem/10/2/exp-problem-10-2-chunk-0241.smt2,unsat,0.0
/meti-tarski/exp/problem/10/2/exp-problem-10-2-chunk-0036.smt2,sat,0.0
/meti-tarski/exp/problem/10/2/exp-problem-10-2-chunk-0324.smt2,sat,0.0
/meti-tarski/exp/problem/10/2/exp-problem-10-2-chunk-0075.smt2,unsat,0.0
/meti-tarski/exp/problem/10/2/exp-problem-10-2-chunk-0357.smt2,unsat,0.0
/meti-tarski/exp/problem/10/2/exp-problem-10-2-chunk-0140.smt2,unsat,0.0
/meti-tarski/exp/problem/10/2/exp-problem-10-2-chunk-0162.smt2,unsat,0.0
/meti-tarski/exp/problem/10/2/exp-problem-10-2-chunk-0125.smt2,sat,0.0
/meti-tarski/exp/problem/10/2/exp-problem-10-2-chunk-0182.smt2,unsat,0.0
/meti-tarski/exp/problem/10/2/exp-problem-10-2-chunk-0066.smt2,sat,0.0
/meti-tarski/exp/problem/10/2/exp-problem-10-2-chunk-0029.smt2,sat,0.0
/meti-tarski/exp/problem/10/2/exp-problem-10-2-chunk-0084.smt2,unsat,0.0
/meti-tarski/exp/problem/10/2/exp-problem-10-2-chunk-0340.smt2,unsat,0.0
/meti-tarski/exp/problem/10/2/exp-problem-10-2-chunk-0247.smt2,sat,0.0
/meti-tarski/exp/problem/10/2/exp-problem-10-2-chunk-0041.smt2,unsat,0.0
/meti-tarski/exp/problem/10/2/exp-problem-10-2-chunk-0253.smt2,sat,0.0
/meti-tarski/exp/problem/10/2/exp-problem-10-2-chunk-0021.smt2,unsat,0.0
/meti-tarski/exp/problem/10/2/exp-problem-10-2-chunk-0176.smt2,sat,0.0
/meti-tarski/exp/problem/10/2/exp-problem-10-2-chunk-0287.smt2,sat,0.0
/meti-tarski/exp/problem/10/2/exp-problem-10-2-chunk-0188.smt2,sat,0.0
/meti-tarski/exp/problem/10/2/exp-problem-10-2-chunk-0024.smt2,sat,0.0
/meti-tarski/exp/problem/10/2/exp-problem-10-2-chunk-0107.smt2,sat,0.0
/meti-tarski/exp/problem/10/2/exp-problem-10-2-chunk-0317.smt2,sat,0.0
/meti-tarski/exp/problem/10/2/exp-problem-10-2-chunk-0160.smt2,unsat,0.0
/meti-tarski/exp/problem/10/2/exp-problem-10-2-chunk-0105.smt2,sat,0.0
/meti-tarski/exp/problem/10/2/exp-problem-10-2-chunk-0085.smt2,sat,0.0
/meti-tarski/exp/problem/10/2/exp-problem-10-2-chunk-0070.smt2,sat,0.0
/meti-tarski/Chua/1/VC2/U/Chua-1-VC2-U-chunk-0110.smt2,sat,0.0
/meti-tarski/Chua/1/VC2/U/Chua-1-VC2-U-chunk-0061.smt2,sat,0.0
/meti-tarski/Chua/1/VC2/U/Chua-1-VC2-U-chunk-0118.smt2,sat,0.0
/meti-tarski/Chua/1/VC2/U/Chua-1-VC2-U-chunk-0039.smt2,sat,0.0
/meti-tarski/Chua/1/VC2/U/Chua-1-VC2-U-chunk-0145.smt2,unsat,0.0
/meti-tarski/Chua/1/VC2/U/Chua-1-VC2-U-chunk-0115.smt2,unsat,0.0
/meti-tarski/Chua/1/VC2/U/Chua-1-VC2-U-chunk-0154.smt2,sat,0.0
/meti-tarski/Chua/1/VC2/U/Chua-1-VC2-U-chunk-0062.smt2,sat,0.0
/meti-tarski/Chua/1/VC2/U/Chua-1-VC2-U-chunk-0104.smt2,unsat,0.0
/meti-tarski/Chua/1/VC2/U/Chua-1-VC2-U-chunk-0151.smt2,sat,0.0
/meti-tarski/Chua/1/VC2/U/Chua-1-VC2-U-chunk-0100.smt2,sat,0.0
/meti-tarski/Chua/1/VC2/U/Chua-1-VC2-U-chunk-0149.smt2,unsat,0.0
/meti-tarski/Chua/1/VC2/U/Chua-1-VC2-U-chunk-0129.smt2,unsat,0.0
/meti-tarski/Chua/1/VC2/U/Chua-1-VC2-U-chunk-0070.smt2,sat,0.0
/meti-tarski/Chua/1/VC2/U/Chua-1-VC2-U-chunk-0082.smt2,sat,0.0
/meti-tarski/Chua/1/VC2/U/Chua-1-VC2-U-chunk-0162.smt2,unsat,0.02109360694885254
/meti-tarski/Chua/1/VC2/U/Chua-1-VC2-U-chunk-0038.smt2,sat,0.0
/meti-tarski/Chua/1/VC2/U/Chua-1-VC2-U-chunk-0089.smt2,unsat,0.0
/meti-tarski/Chua/1/VC2/U/Chua-1-VC2-U-chunk-0103.smt2,sat,0.0
/meti-tarski/Chua/1/VC2/U/Chua-1-VC2-U-chunk-0093.smt2,unsat,0.0
/meti-tarski/Chua/1/VC2/U/Chua-1-VC2-U-chunk-0141.smt2,unsat,0.0
/meti-tarski/Chua/1/VC2/U/Chua-1-VC2-U-chunk-0079.smt2,unsat,0.0
/meti-tarski/Chua/1/VC2/U/Chua-1-VC2-U-chunk-0140.smt2,sat,0.0
/meti-tarski/Chua/1/VC2/U/Chua-1-VC2-U-chunk-0066.smt2,unsat,0.0
/meti-tarski/Chua/1/VC2/U/Chua-1-VC2-U-chunk-0086.smt2,sat,0.0
/meti-tarski/Chua/1/VC2/U/Chua-1-VC2-U-chunk-0042.smt2,unsat,0.0
/meti-tarski/Chua/1/VC2/U/Chua-1-VC2-U-chunk-0160.smt2,unsat,0.0
/meti-tarski/Chua/1/VC2/U/Chua-1-VC2-U-chunk-0124.smt2,unsat,0.0
/meti-tarski/Chua/1/VC2/U/Chua-1-VC2-U-chunk-0031.smt2,sat,0.0
/meti-tarski/Chua/1/VC2/U/Chua-1-VC2-U-chunk-0048.smt2,unsat,0.0
/meti-tarski/Chua/1/VC2/U/Chua-1-VC2-U-chunk-0130.smt2,unsat,0.0
/meti-tarski/Chua/1/VC2/U/Chua-1-VC2-U-chunk-0037.smt2,sat,0.0
/meti-tarski/Chua/1/VC2/U/Chua-1-VC2-U-chunk-0158.smt2,unsat,0.0
/meti-tarski/Chua/1/VC2/U/Chua-1-VC2-U-chunk-0109.smt2,sat,0.0
/meti-tarski/Chua/1/VC2/U/Chua-1-VC2-U-chunk-0126.smt2,sat,0.0
/meti-tarski/Chua/1/VC2/U/Chua-1-VC2-U-chunk-0116.smt2,sat,0.0
/meti-tarski/Chua/1/VC2/U/Chua-1-VC2-U-chunk-0053.smt2,sat,0.0
/meti-tarski/Chua/1/VC2/U/Chua-1-VC2-U-chunk-0072.smt2,unsat,0.0
/meti-tarski/Chua/1/VC2/U/Chua-1-VC2-U-chunk-0097.smt2,sat,0.0
/meti-tarski/Chua/1/VC2/U/Chua-1-VC2-U-chunk-0060.smt2,sat,0.0
/meti-tarski/Chua/1/VC2/U/Chua-1-VC2-U-chunk-0105.smt2,unsat,0.0
/meti-tarski/Chua/1/VC2/U/Chua-1-VC2-U-chunk-0022.smt2,sat,0.0
/meti-tarski/Chua/1/VC2/U/Chua-1-VC2-U-chunk-0106.smt2,unsat,0.0
/meti-tarski/Chua/1/VC2/U/Chua-1-VC2-U-chunk-0055.smt2,unsat,0.0
/meti-tarski/Chua/1/VC2/U/Chua-1-VC2-U-chunk-0059.smt2,sat,0.0
/meti-tarski/Chua/1/VC2/U/Chua-1-VC2-U-chunk-0034.smt2,unsat,0.0
/meti-tarski/Chua/1/VC2/U/Chua-1-VC2-U-chunk-0035.smt2,unsat,0.0
/meti-tarski/Chua/1/VC2/U/Chua-1-VC2-U-chunk-0052.smt2,sat,0.0
/meti-tarski/Chua/1/VC2/U/Chua-1-VC2-U-chunk-0138.smt2,sat,0.0
/meti-tarski/Chua/1/VC2/U/Chua-1-VC2-U-chunk-0132.smt2,unsat,0.0
/meti-tarski/Chua/1/VC2/U/Chua-1-VC2-U-chunk-0063.smt2,sat,0.0
/meti-tarski/Chua/1/VC2/U/Chua-1-VC2-U-chunk-0147.smt2,sat,0.0
/meti-tarski/Chua/1/VC2/U/Chua-1-VC2-U-chunk-0131.smt2,sat,0.0
/meti-tarski/Chua/1/VC2/U/Chua-1-VC2-U-chunk-0067.smt2,sat,0.0
/meti-tarski/Chua/1/VC2/U/Chua-1-VC2-U-chunk-0069.smt2,unsat,0.0
/meti-tarski/Chua/1/VC2/U/Chua-1-VC2-U-chunk-0047.smt2,sat,0.0
/meti-tarski/Chua/1/VC2/U/Chua-1-VC2-U-chunk-0036.smt2,sat,0.0
/meti-tarski/Chua/1/VC2/U/Chua-1-VC2-U-chunk-0041.smt2,sat,0.0
/meti-tarski/Chua/1/VC2/U/Chua-1-VC2-U-chunk-0122.smt2,sat,0.0
/meti-tarski/Chua/1/VC2/U/Chua-1-VC2-U-chunk-0095.smt2,unsat,0.0
/meti-tarski/Chua/1/VC2/U/Chua-1-VC2-U-chunk-0071.smt2,sat,0.0
/meti-tarski/Chua/1/VC2/U/Chua-1-VC2-U-chunk-0075.smt2,sat,0.0
/meti-tarski/Chua/1/VC2/U/Chua-1-VC2-U-chunk-0121.smt2,sat,0.0
/meti-tarski/Chua/1/VC2/U/Chua-1-VC2-U-chunk-0144.smt2,sat,0.0
/meti-tarski/Chua/1/VC2/U/Chua-1-VC2-U-chunk-0157.smt2,sat,0.0
/meti-tarski/Chua/1/VC2/U/Chua-1-VC2-U-chunk-0123.smt2,unsat,0.0
/meti-tarski/Chua/1/VC2/U/Chua-1-VC2-U-chunk-0040.smt2,unsat,0.0
/meti-tarski/Chua/1/VC2/U/Chua-1-VC2-U-chunk-0117.smt2,unsat,0.0
/meti-tarski/Chua/1/VC2/U/Chua-1-VC2-U-chunk-0113.smt2,sat,0.0
/meti-tarski/Chua/1/VC2/U/Chua-1-VC2-U-chunk-0054.smt2,unsat,0.0
/meti-tarski/Chua/1/VC2/U/Chua-1-VC2-U-chunk-0024.smt2,unsat,0.0
/meti-tarski/Chua/1/VC2/U/Chua-1-VC2-U-chunk-0152.smt2,unsat,0.0
/meti-tarski/Chua/1/VC2/U/Chua-1-VC2-U-chunk-0050.smt2,unsat,0.0
/meti-tarski/Chua/1/VC2/U/Chua-1-VC2-U-chunk-0083.smt2,unsat,0.0
/meti-tarski/Chua/1/VC2/U/Chua-1-VC2-U-chunk-0045.smt2,sat,0.0
/meti-tarski/Chua/1/VC2/U/Chua-1-VC2-U-chunk-0114.smt2,sat,0.0
/meti-tarski/Chua/1/VC2/U/Chua-1-VC2-U-chunk-0017.smt2,sat,0.0
/meti-tarski/Chua/1/VC2/U/Chua-1-VC2-U-chunk-0080.smt2,sat,0.0
/meti-tarski/Chua/1/VC2/U/Chua-1-VC2-U-chunk-0143.smt2,unsat,0.0
/meti-tarski/Chua/1/VC2/U/Chua-1-VC2-U-chunk-0146.smt2,unsat,0.0
/meti-tarski/Chua/1/VC2/U/Chua-1-VC2-U-chunk-0044.smt2,sat,0.0
/meti-tarski/Chua/1/VC2/U/Chua-1-VC2-U-chunk-0046.smt2,sat,0.015645980834960938
/meti-tarski/Chua/1/VC2/U/Chua-1-VC2-U-chunk-0120.smt2,unsat,0.0
/meti-tarski/Chua/1/VC2/U/Chua-1-VC2-U-chunk-0096.smt2,unsat,0.0
/meti-tarski/Chua/1/VC2/U/Chua-1-VC2-U-chunk-0133.smt2,unsat,0.0
/meti-tarski/Chua/1/VC2/U/Chua-1-VC2-U-chunk-0107.smt2,unsat,0.0
/meti-tarski/Chua/1/VC2/U/Chua-1-VC2-U-chunk-0127.smt2,unsat,0.0
/meti-tarski/Chua/1/VC2/U/Chua-1-VC2-U-chunk-0026.smt2,sat,0.0
/meti-tarski/Chua/1/VC2/U/Chua-1-VC2-U-chunk-0058.smt2,unsat,0.0
/meti-tarski/Chua/1/VC2/U/Chua-1-VC2-U-chunk-0073.smt2,unsat,0.0
/meti-tarski/Chua/1/VC2/U/Chua-1-VC2-U-chunk-0119.smt2,unsat,0.0
/meti-tarski/Chua/1/VC2/U/Chua-1-VC2-U-chunk-0076.smt2,unsat,0.0
/meti-tarski/Chua/1/VC2/U/Chua-1-VC2-U-chunk-0030.smt2,unsat,0.0
/meti-tarski/Chua/1/VC2/U/Chua-1-VC2-U-chunk-0056.smt2,sat,0.0
/meti-tarski/Chua/1/VC2/U/Chua-1-VC2-U-chunk-0134.smt2,sat,0.0
/meti-tarski/Chua/1/VC2/U/Chua-1-VC2-U-chunk-0090.smt2,sat,0.0
/meti-tarski/Chua/1/VC2/U/Chua-1-VC2-U-chunk-0027.smt2,sat,0.0
/meti-tarski/Chua/1/VC2/U/Chua-1-VC2-U-chunk-0150.smt2,sat,0.0
/meti-tarski/Chua/1/VC2/U/Chua-1-VC2-U-chunk-0148.smt2,unsat,0.0
/meti-tarski/Chua/1/VC2/U/Chua-1-VC2-U-chunk-0065.smt2,unsat,0.0
/meti-tarski/Chua/1/VC2/U/Chua-1-VC2-U-chunk-0029.smt2,sat,0.0
/meti-tarski/Chua/1/VC2/U/Chua-1-VC2-U-chunk-0088.smt2,sat,0.0
/meti-tarski/Chua/1/VC2/U/Chua-1-VC2-U-chunk-0091.smt2,sat,0.0
/meti-tarski/Chua/1/VC2/U/Chua-1-VC2-U-chunk-0102.smt2,sat,0.0
/meti-tarski/Chua/1/VC2/U/Chua-1-VC2-U-chunk-0135.smt2,unsat,0.0
/meti-tarski/Chua/1/VC2/U/Chua-1-VC2-U-chunk-0084.smt2,unsat,0.0
/meti-tarski/Chua/1/VC2/U/Chua-1-VC2-U-chunk-0092.smt2,sat,0.0
/meti-tarski/Chua/1/VC2/U/Chua-1-VC2-U-chunk-0087.smt2,sat,0.0
/meti-tarski/Chua/1/VC2/U/Chua-1-VC2-U-chunk-0161.smt2,sat,0.0
/meti-tarski/Chua/1/VC2/U/Chua-1-VC2-U-chunk-0018.smt2,sat,0.0
/meti-tarski/Chua/1/VC2/U/Chua-1-VC2-U-chunk-0051.smt2,unsat,0.0
/meti-tarski/Chua/1/VC2/U/Chua-1-VC2-U-chunk-0078.smt2,sat,0.0
/meti-tarski/Chua/1/VC2/U/Chua-1-VC2-U-chunk-0077.smt2,sat,0.0
/meti-tarski/Chua/1/VC2/L/Chua-1-VC2-L-chunk-0053.smt2,sat,0.0
/meti-tarski/Chua/1/VC2/L/Chua-1-VC2-L-chunk-0060.smt2,unsat,0.0
/meti-tarski/Chua/1/VC2/L/Chua-1-VC2-L-chunk-0082.smt2,unsat,0.0
/meti-tarski/Chua/1/VC2/L/Chua-1-VC2-L-chunk-0081.smt2,sat,0.0
/meti-tarski/Chua/1/VC2/L/Chua-1-VC2-L-chunk-0050.smt2,unsat,0.0
/meti-tarski/Chua/1/VC2/L/Chua-1-VC2-L-chunk-0047.smt2,unsat,0.0
/meti-tarski/Chua/1/VC2/L/Chua-1-VC2-L-chunk-0028.smt2,sat,0.0
/meti-tarski/Chua/1/VC2/L/Chua-1-VC2-L-chunk-0074.smt2,unsat,0.0
/meti-tarski/Chua/1/VC2/L/Chua-1-VC2-L-chunk-0070.smt2,unsat,0.0
/meti-tarski/Chua/1/VC2/L/Chua-1-VC2-L-chunk-0049.smt2,sat,0.0
/meti-tarski/Chua/1/VC2/L/Chua-1-VC2-L-chunk-0046.smt2,unsat,0.0
/meti-tarski/Chua/1/VC2/L/Chua-1-VC2-L-chunk-0084.smt2,unsat,0.018492698669433594
/meti-tarski/Chua/1/VC2/L/Chua-1-VC2-L-chunk-0027.smt2,unsat,0.0
/meti-tarski/Chua/1/VC2/L/Chua-1-VC2-L-chunk-0032.smt2,sat,0.0
/meti-tarski/Chua/1/VC2/L/Chua-1-VC2-L-chunk-0031.smt2,unsat,0.0
/meti-tarski/Chua/1/VC2/L/Chua-1-VC2-L-chunk-0038.smt2,sat,0.0
/meti-tarski/Chua/1/VC2/L/Chua-1-VC2-L-chunk-0064.smt2,unsat,0.0
/meti-tarski/Chua/1/VC2/L/Chua-1-VC2-L-chunk-0036.smt2,sat,0.0
/meti-tarski/Chua/1/VC2/L/Chua-1-VC2-L-chunk-0077.smt2,sat,0.0
/meti-tarski/Chua/1/VC2/L/Chua-1-VC2-L-chunk-0055.smt2,sat,0.0
/meti-tarski/Chua/1/VC2/L/Chua-1-VC2-L-chunk-0051.smt2,unsat,0.0
/meti-tarski/Chua/1/VC2/L/Chua-1-VC2-L-chunk-0068.smt2,unsat,0.0
/meti-tarski/Chua/1/VC2/L/Chua-1-VC2-L-chunk-0071.smt2,sat,0.0
/meti-tarski/Chua/1/VC2/L/Chua-1-VC2-L-chunk-0024.smt2,sat,0.0
/meti-tarski/Chua/1/VC2/L/Chua-1-VC2-L-chunk-0021.smt2,sat,0.0
/meti-tarski/Chua/1/VC2/L/Chua-1-VC2-L-chunk-0019.smt2,sat,0.0
/meti-tarski/Chua/1/VC2/L/Chua-1-VC2-L-chunk-0025.smt2,sat,0.0
/meti-tarski/Chua/1/VC2/L/Chua-1-VC2-L-chunk-0039.smt2,unsat,0.0
/meti-tarski/Chua/1/VC2/L/Chua-1-VC2-L-chunk-0083.smt2,sat,0.0
/meti-tarski/Chua/1/VC2/L/Chua-1-VC2-L-chunk-0017.smt2,sat,0.0
/meti-tarski/Chua/1/VC2/L/Chua-1-VC2-L-chunk-0029.smt2,unsat,0.0
/meti-tarski/Chua/1/VC2/L/Chua-1-VC2-L-chunk-0044.smt2,sat,0.0
/meti-tarski/Chua/1/VC2/L/Chua-1-VC2-L-chunk-0075.smt2,sat,0.0
/meti-tarski/Chua/1/VC2/L/Chua-1-VC2-L-chunk-0078.smt2,sat,0.0
/meti-tarski/Chua/1/VC2/L/Chua-1-VC2-L-chunk-0067.smt2,sat,0.0
/meti-tarski/Chua/1/VC2/L/Chua-1-VC2-L-chunk-0076.smt2,unsat,0.0
/meti-tarski/Chua/1/VC2/L/Chua-1-VC2-L-chunk-0048.smt2,sat,0.0
/meti-tarski/Chua/1/VC2/L/Chua-1-VC2-L-chunk-0058.smt2,unsat,0.0
/meti-tarski/Chua/1/VC2/L/Chua-1-VC2-L-chunk-0045.smt2,unsat,0.0
/meti-tarski/Chua/1/VC2/L/Chua-1-VC2-L-chunk-0034.smt2,unsat,0.0
/meti-tarski/Chua/1/VC2/L/Chua-1-VC2-L-chunk-0040.smt2,unsat,0.0
/meti-tarski/Chua/1/VC2/L/Chua-1-VC2-L-chunk-0073.smt2,unsat,0.0
/meti-tarski/Chua/1/VC2/L/Chua-1-VC2-L-chunk-0072.smt2,unsat,0.0
/meti-tarski/Chua/1/VC2/L/Chua-1-VC2-L-chunk-0054.smt2,unsat,0.0
/meti-tarski/Chua/1/VC2/L/Chua-1-VC2-L-chunk-0041.smt2,sat,0.0
/meti-tarski/Chua/1/VC2/L/Chua-1-VC2-L-chunk-0037.smt2,sat,0.0
/meti-tarski/Chua/1/VC2/L/Chua-1-VC2-L-chunk-0043.smt2,unsat,0.0
/meti-tarski/Chua/1/VC2/L/Chua-1-VC2-L-chunk-0022.smt2,sat,0.0
/meti-tarski/Chua/1/VC2/L/Chua-1-VC2-L-chunk-0057.smt2,unsat,0.0
/meti-tarski/Chua/1/VC2/L/Chua-1-VC2-L-chunk-0033.smt2,unsat,0.0
/meti-tarski/Chua/1/VC2/L/Chua-1-VC2-L-chunk-0079.smt2,unsat,0.0
/meti-tarski/Chua/1/VC2/L/Chua-1-VC2-L-chunk-0059.smt2,sat,0.0
/meti-tarski/Chua/1/VC2/L/Chua-1-VC2-L-chunk-0063.smt2,sat,0.0
/meti-tarski/Chua/1/VC2/L/Chua-1-VC2-L-chunk-0018.smt2,sat,0.0
/meti-tarski/Chua/1/IL/U/Chua-1-IL-U-chunk-0038.smt2,sat,0.0
/meti-tarski/Chua/1/IL/U/Chua-1-IL-U-chunk-0078.smt2,sat,0.0
/meti-tarski/Chua/1/IL/U/Chua-1-IL-U-chunk-0025.smt2,sat,0.0
/meti-tarski/Chua/1/IL/U/Chua-1-IL-U-chunk-0070.smt2,unsat,0.0
/meti-tarski/Chua/1/IL/U/Chua-1-IL-U-chunk-0058.smt2,unsat,0.0
/meti-tarski/Chua/1/IL/U/Chua-1-IL-U-chunk-0057.smt2,unsat,0.0
/meti-tarski/Chua/1/IL/U/Chua-1-IL-U-chunk-0050.smt2,unsat,0.0
/meti-tarski/Chua/1/IL/U/Chua-1-IL-U-chunk-0084.smt2,unsat,0.0
/meti-tarski/Chua/1/IL/U/Chua-1-IL-U-chunk-0029.smt2,unsat,0.0
/meti-tarski/Chua/1/IL/U/Chua-1-IL-U-chunk-0051.smt2,unsat,0.0
/meti-tarski/Chua/1/IL/U/Chua-1-IL-U-chunk-0059.smt2,sat,0.0
/meti-tarski/Chua/1/IL/U/Chua-1-IL-U-chunk-0048.smt2,sat,0.0
/meti-tarski/Chua/1/IL/U/Chua-1-IL-U-chunk-0039.smt2,unsat,0.0
/meti-tarski/Chua/1/IL/U/Chua-1-IL-U-chunk-0017.smt2,sat,0.0
/meti-tarski/Chua/1/IL/U/Chua-1-IL-U-chunk-0049.smt2,sat,0.0
/meti-tarski/Chua/1/IL/U/Chua-1-IL-U-chunk-0067.smt2,sat,0.0
/meti-tarski/Chua/1/IL/U/Chua-1-IL-U-chunk-0075.smt2,sat,0.0
/meti-tarski/Chua/1/IL/U/Chua-1-IL-U-chunk-0040.smt2,unsat,0.0
/meti-tarski/Chua/1/IL/U/Chua-1-IL-U-chunk-0032.smt2,sat,0.0
/meti-tarski/Chua/1/IL/U/Chua-1-IL-U-chunk-0055.smt2,sat,0.0
/meti-tarski/Chua/1/IL/U/Chua-1-IL-U-chunk-0043.smt2,unsat,0.0
/meti-tarski/Chua/1/IL/U/Chua-1-IL-U-chunk-0064.smt2,unsat,0.0
/meti-tarski/Chua/1/IL/U/Chua-1-IL-U-chunk-0022.smt2,sat,0.0
/meti-tarski/Chua/1/IL/U/Chua-1-IL-U-chunk-0027.smt2,unsat,0.0
/meti-tarski/Chua/1/IL/U/Chua-1-IL-U-chunk-0047.smt2,unsat,0.0
/meti-tarski/Chua/1/IL/U/Chua-1-IL-U-chunk-0045.smt2,unsat,0.0
/meti-tarski/Chua/1/IL/U/Chua-1-IL-U-chunk-0082.smt2,unsat,0.0
/meti-tarski/Chua/1/IL/U/Chua-1-IL-U-chunk-0072.smt2,unsat,0.0
/meti-tarski/Chua/1/IL/U/Chua-1-IL-U-chunk-0044.smt2,sat,0.0
/meti-tarski/Chua/1/IL/U/Chua-1-IL-U-chunk-0074.smt2,unsat,0.0
/meti-tarski/Chua/1/IL/U/Chua-1-IL-U-chunk-0024.smt2,sat,0.0
/meti-tarski/Chua/1/IL/U/Chua-1-IL-U-chunk-0031.smt2,unsat,0.0
/meti-tarski/Chua/1/IL/U/Chua-1-IL-U-chunk-0041.smt2,sat,0.0
/meti-tarski/Chua/1/IL/U/Chua-1-IL-U-chunk-0083.smt2,sat,0.0
/meti-tarski/Chua/1/IL/U/Chua-1-IL-U-chunk-0063.smt2,sat,0.0
/meti-tarski/Chua/1/IL/U/Chua-1-IL-U-chunk-0079.smt2,unsat,0.0
/meti-tarski/Chua/1/IL/U/Chua-1-IL-U-chunk-0046.smt2,unsat,0.0
/meti-tarski/Chua/1/IL/U/Chua-1-IL-U-chunk-0034.smt2,unsat,0.0
/meti-tarski/Chua/1/IL/U/Chua-1-IL-U-chunk-0077.smt2,sat,0.0
/meti-tarski/Chua/1/IL/U/Chua-1-IL-U-chunk-0081.smt2,sat,0.0
/meti-tarski/Chua/1/IL/U/Chua-1-IL-U-chunk-0068.smt2,unsat,0.0
/meti-tarski/Chua/1/IL/U/Chua-1-IL-U-chunk-0060.smt2,unsat,0.0
/meti-tarski/Chua/1/IL/U/Chua-1-IL-U-chunk-0054.smt2,unsat,0.0
/meti-tarski/Chua/1/IL/U/Chua-1-IL-U-chunk-0021.smt2,sat,0.0
/meti-tarski/Chua/1/IL/U/Chua-1-IL-U-chunk-0033.smt2,unsat,0.0
/meti-tarski/Chua/1/IL/U/Chua-1-IL-U-chunk-0076.smt2,unsat,0.0
/meti-tarski/Chua/1/IL/U/Chua-1-IL-U-chunk-0073.smt2,unsat,0.0
/meti-tarski/Chua/1/IL/U/Chua-1-IL-U-chunk-0036.smt2,sat,0.0
/meti-tarski/Chua/1/IL/U/Chua-1-IL-U-chunk-0053.smt2,sat,0.0
/meti-tarski/Chua/1/IL/U/Chua-1-IL-U-chunk-0028.smt2,sat,0.0
/meti-tarski/Chua/1/IL/U/Chua-1-IL-U-chunk-0071.smt2,sat,0.0
/meti-tarski/Chua/1/IL/U/Chua-1-IL-U-chunk-0037.smt2,sat,0.0
/meti-tarski/Chua/1/IL/L/Chua-1-IL-L-chunk-0121.smt2,sat,0.0
/meti-tarski/Chua/1/IL/L/Chua-1-IL-L-chunk-0024.smt2,unsat,0.0
/meti-tarski/Chua/1/IL/L/Chua-1-IL-L-chunk-0035.smt2,unsat,0.0
/meti-tarski/Chua/1/IL/L/Chua-1-IL-L-chunk-0020.smt2,sat,0.0
/meti-tarski/Chua/1/IL/L/Chua-1-IL-L-chunk-0154.smt2,sat,0.0
/meti-tarski/Chua/1/IL/L/Chua-1-IL-L-chunk-0017.smt2,sat,0.0
/meti-tarski/Chua/1/IL/L/Chua-1-IL-L-chunk-0140.smt2,sat,0.0
/meti-tarski/Chua/1/IL/L/Chua-1-IL-L-chunk-0050.smt2,unsat,0.0
/meti-tarski/Chua/1/IL/L/Chua-1-IL-L-chunk-0119.smt2,unsat,0.0
/meti-tarski/Chua/1/IL/L/Chua-1-IL-L-chunk-0118.smt2,sat,0.0
/meti-tarski/Chua/1/IL/L/Chua-1-IL-L-chunk-0037.smt2,sat,0.0
/meti-tarski/Chua/1/IL/L/Chua-1-IL-L-chunk-0092.smt2,sat,0.0
/meti-tarski/Chua/1/IL/L/Chua-1-IL-L-chunk-0042.smt2,unsat,0.0
/meti-tarski/Chua/1/IL/L/Chua-1-IL-L-chunk-0129.smt2,unsat,0.0
/meti-tarski/Chua/1/IL/L/Chua-1-IL-L-chunk-0122.smt2,sat,0.0
/meti-tarski/Chua/1/IL/L/Chua-1-IL-L-chunk-0145.smt2,unsat,0.0
/meti-tarski/Chua/1/IL/L/Chua-1-IL-L-chunk-0135.smt2,unsat,0.0
/meti-tarski/Chua/1/IL/L/Chua-1-IL-L-chunk-0113.smt2,sat,0.0
/meti-tarski/Chua/1/IL/L/Chua-1-IL-L-chunk-0146.smt2,unsat,0.0
/meti-tarski/Chua/1/IL/L/Chua-1-IL-L-chunk-0059.smt2,sat,0.0
/meti-tarski/Chua/1/IL/L/Chua-1-IL-L-chunk-0052.smt2,sat,0.0
/meti-tarski/Chua/1/IL/L/Chua-1-IL-L-chunk-0134.smt2,sat,0.0
/meti-tarski/Chua/1/IL/L/Chua-1-IL-L-chunk-0158.smt2,unsat,0.0
/meti-tarski/Chua/1/IL/L/Chua-1-IL-L-chunk-0080.smt2,sat,0.0
/meti-tarski/Chua/1/IL/L/Chua-1-IL-L-chunk-0055.smt2,unsat,0.0
/meti-tarski/Chua/1/IL/L/Chua-1-IL-L-chunk-0076.smt2,unsat,0.0
/meti-tarski/Chua/1/IL/L/Chua-1-IL-L-chunk-0044.smt2,sat,0.0
/meti-tarski/Chua/1/IL/L/Chua-1-IL-L-chunk-0018.smt2,sat,0.0
/meti-tarski/Chua/1/IL/L/Chua-1-IL-L-chunk-0067.smt2,sat,0.0
/meti-tarski/Chua/1/IL/L/Chua-1-IL-L-chunk-0109.smt2,sat,0.0
/meti-tarski/Chua/1/IL/L/Chua-1-IL-L-chunk-0095.smt2,unsat,0.0
/meti-tarski/Chua/1/IL/L/Chua-1-IL-L-chunk-0084.smt2,unsat,0.0
/meti-tarski/Chua/1/IL/L/Chua-1-IL-L-chunk-0056.smt2,sat,0.0
/meti-tarski/Chua/1/IL/L/Chua-1-IL-L-chunk-0078.smt2,sat,0.0
/meti-tarski/Chua/1/IL/L/Chua-1-IL-L-chunk-0138.smt2,sat,0.0
/meti-tarski/Chua/1/IL/L/Chua-1-IL-L-chunk-0026.smt2,sat,0.0
/meti-tarski/Chua/1/IL/L/Chua-1-IL-L-chunk-0132.smt2,unsat,0.0
/meti-tarski/Chua/1/IL/L/Chua-1-IL-L-chunk-0106.smt2,unsat,0.0
/meti-tarski/Chua/1/IL/L/Chua-1-IL-L-chunk-0029.smt2,sat,0.0
/meti-tarski/Chua/1/IL/L/Chua-1-IL-L-chunk-0077.smt2,sat,0.0
/meti-tarski/Chua/1/IL/L/Chua-1-IL-L-chunk-0117.smt2,unsat,0.0
/meti-tarski/Chua/1/IL/L/Chua-1-IL-L-chunk-0014.smt2,sat,0.0
/meti-tarski/Chua/1/IL/L/Chua-1-IL-L-chunk-0162.smt2,unsat,0.03226971626281738
/meti-tarski/Chua/1/IL/L/Chua-1-IL-L-chunk-0088.smt2,sat,0.0
/meti-tarski/Chua/1/IL/L/Chua-1-IL-L-chunk-0034.smt2,unsat,0.0
/meti-tarski/Chua/1/IL/L/Chua-1-IL-L-chunk-0097.smt2,sat,0.0
/meti-tarski/Chua/1/IL/L/Chua-1-IL-L-chunk-0082.smt2,sat,0.0
/meti-tarski/Chua/1/IL/L/Chua-1-IL-L-chunk-0086.smt2,sat,0.0
/meti-tarski/Chua/1/IL/L/Chua-1-IL-L-chunk-0105.smt2,unsat,0.0
/meti-tarski/Chua/1/IL/L/Chua-1-IL-L-chunk-0041.smt2,sat,0.0
/meti-tarski/Chua/1/IL/L/Chua-1-IL-L-chunk-0151.smt2,sat,0.0
/meti-tarski/Chua/1/IL/L/Chua-1-IL-L-chunk-0053.smt2,sat,0.0
/meti-tarski/Chua/1/IL/L/Chua-1-IL-L-chunk-0022.smt2,sat,0.0
/meti-tarski/Chua/1/IL/L/Chua-1-IL-L-chunk-0123.smt2,unsat,0.0
/meti-tarski/Chua/1/IL/L/Chua-1-IL-L-chunk-0047.smt2,sat,0.0
/meti-tarski/Chua/1/IL/L/Chua-1-IL-L-chunk-0147.smt2,sat,0.0
/meti-tarski/Chua/1/IL/L/Chua-1-IL-L-chunk-0103.smt2,sat,0.0
/meti-tarski/Chua/1/IL/L/Chua-1-IL-L-chunk-0096.smt2,unsat,0.0
/meti-tarski/Chua/1/IL/L/Chua-1-IL-L-chunk-0114.smt2,sat,0.0
/meti-tarski/Chua/1/IL/L/Chua-1-IL-L-chunk-0019.smt2,sat,0.0
/meti-tarski/Chua/1/IL/L/Chua-1-IL-L-chunk-0130.smt2,unsat,0.0
/meti-tarski/Chua/1/IL/L/Chua-1-IL-L-chunk-0089.smt2,unsat,0.0
/meti-tarski/Chua/1/IL/L/Chua-1-IL-L-chunk-0030.smt2,unsat,0.0
/meti-tarski/Chua/1/IL/L/Chua-1-IL-L-chunk-0062.smt2,sat,0.0
/meti-tarski/Chua/1/IL/L/Chua-1-IL-L-chunk-0048.smt2,unsat,0.0
/meti-tarski/Chua/1/IL/L/Chua-1-IL-L-chunk-0126.smt2,sat,0.0
/meti-tarski/Chua/1/IL/L/Chua-1-IL-L-chunk-0141.smt2,unsat,0.0
/meti-tarski/Chua/1/IL/L/Chua-1-IL-L-chunk-0161.smt2,sat,0.0
/meti-tarski/Chua/1/IL/L/Chua-1-IL-L-chunk-0027.smt2,sat,0.0
/meti-tarski/Chua/1/IL/L/Chua-1-IL-L-chunk-0073.smt2,unsat,0.0
/meti-tarski/Chua/1/IL/L/Chua-1-IL-L-chunk-0116.smt2,sat,0.0
/meti-tarski/Chua/1/IL/L/Chua-1-IL-L-chunk-0102.smt2,sat,0.0
/meti-tarski/Chua/1/IL/L/Chua-1-IL-L-chunk-0063.smt2,sat,0.0
/meti-tarski/Chua/1/IL/L/Chua-1-IL-L-chunk-0120.smt2,unsat,0.0
/meti-tarski/Chua/1/IL/L/Chua-1-IL-L-chunk-0091.smt2,sat,0.0
/meti-tarski/Chua/1/IL/L/Chua-1-IL-L-chunk-0149.smt2,unsat,0.0
/meti-tarski/Chua/1/IL/L/Chua-1-IL-L-chunk-0061.smt2,sat,0.0
/meti-tarski/Chua/1/IL/L/Chua-1-IL-L-chunk-0100.smt2,sat,0.0
/meti-tarski/Chua/1/IL/L/Chua-1-IL-L-chunk-0058.smt2,unsat,0.0
/meti-tarski/Chua/1/IL/L/Chua-1-IL-L-chunk-0093.smt2,unsat,0.0
/meti-tarski/Chua/1/IL/L/Chua-1-IL-L-chunk-0016.smt2,sat,0.0
/meti-tarski/Chua/1/IL/L/Chua-1-IL-L-chunk-0150.smt2,sat,0.0
/meti-tarski/Chua/1/IL/L/Chua-1-IL-L-chunk-0038.smt2,sat,0.0
/meti-tarski/Chua/1/IL/L/Chua-1-IL-L-chunk-0083.smt2,unsat,0.0
/meti-tarski/Chua/1/IL/L/Chua-1-IL-L-chunk-0071.smt2,sat,0.0
/meti-tarski/Chua/1/IL/L/Chua-1-IL-L-chunk-0072.smt2,unsat,0.0
/meti-tarski/Chua/1/IL/L/Chua-1-IL-L-chunk-0039.smt2,sat,0.0
/meti-tarski/Chua/1/IL/L/Chua-1-IL-L-chunk-0133.smt2,unsat,0.0
/meti-tarski/Chua/1/IL/L/Chua-1-IL-L-chunk-0124.smt2,unsat,0.0
/meti-tarski/Chua/1/IL/L/Chua-1-IL-L-chunk-0107.smt2,unsat,0.0
/meti-tarski/Chua/1/IL/L/Chua-1-IL-L-chunk-0127.smt2,unsat,0.0
/meti-tarski/Chua/1/IL/L/Chua-1-IL-L-chunk-0152.smt2,unsat,0.0
/meti-tarski/Chua/1/IL/L/Chua-1-IL-L-chunk-0075.smt2,sat,0.0
/meti-tarski/Chua/1/IL/L/Chua-1-IL-L-chunk-0070.smt2,sat,0.0
/meti-tarski/Chua/1/IL/L/Chua-1-IL-L-chunk-0148.smt2,unsat,0.0
/meti-tarski/Chua/1/IL/L/Chua-1-IL-L-chunk-0045.smt2,sat,0.0
/meti-tarski/Chua/1/IL/L/Chua-1-IL-L-chunk-0131.smt2,sat,0.0
/meti-tarski/Chua/1/IL/L/Chua-1-IL-L-chunk-0160.smt2,unsat,0.0
/meti-tarski/Chua/1/IL/L/Chua-1-IL-L-chunk-0115.smt2,unsat,0.0
/meti-tarski/Chua/1/IL/L/Chua-1-IL-L-chunk-0090.smt2,sat,0.0
/meti-tarski/Chua/1/IL/L/Chua-1-IL-L-chunk-0066.smt2,unsat,0.0
/meti-tarski/Chua/1/IL/L/Chua-1-IL-L-chunk-0051.smt2,unsat,0.0
/meti-tarski/Chua/1/IL/L/Chua-1-IL-L-chunk-0143.smt2,unsat,0.0
/meti-tarski/Chua/1/IL/L/Chua-1-IL-L-chunk-0046.smt2,sat,0.0
/meti-tarski/Chua/1/IL/L/Chua-1-IL-L-chunk-0040.smt2,unsat,0.0
/meti-tarski/Chua/1/IL/L/Chua-1-IL-L-chunk-0065.smt2,unsat,0.0
/meti-tarski/Chua/1/IL/L/Chua-1-IL-L-chunk-0054.smt2,unsat,0.0
/meti-tarski/Chua/1/IL/L/Chua-1-IL-L-chunk-0144.smt2,sat,0.0
/meti-tarski/Chua/1/IL/L/Chua-1-IL-L-chunk-0060.smt2,sat,0.0
/meti-tarski/Chua/1/IL/L/Chua-1-IL-L-chunk-0104.smt2,unsat,0.0
/meti-tarski/Chua/1/IL/L/Chua-1-IL-L-chunk-0079.smt2,unsat,0.0
/meti-tarski/Chua/1/IL/L/Chua-1-IL-L-chunk-0110.smt2,sat,0.0
/meti-tarski/Chua/1/IL/L/Chua-1-IL-L-chunk-0069.smt2,unsat,0.0
/meti-tarski/Chua/1/IL/L/Chua-1-IL-L-chunk-0157.smt2,sat,0.0
/meti-tarski/Chua/1/IL/L/Chua-1-IL-L-chunk-0087.smt2,sat,0.0
/meti-tarski/Chua/1/IL/L/Chua-1-IL-L-chunk-0036.smt2,sat,0.0
/meti-tarski/Chua/1/IL/L/Chua-1-IL-L-chunk-0031.smt2,sat,0.0
/meti-tarski/Chua/1/VC1/U/Chua-1-VC1-U-chunk-0082.smt2,sat,0.0
/meti-tarski/Chua/1/VC1/U/Chua-1-VC1-U-chunk-0084.smt2,sat,0.0
/meti-tarski/Chua/1/VC1/U/Chua-1-VC1-U-chunk-0058.smt2,sat,0.0
/meti-tarski/Chua/1/VC1/U/Chua-1-VC1-U-chunk-0075.smt2,unsat,0.0
/meti-tarski/Chua/1/VC1/U/Chua-1-VC1-U-chunk-0032.smt2,sat,0.0
/meti-tarski/Chua/1/VC1/U/Chua-1-VC1-U-chunk-0067.smt2,unsat,0.0
/meti-tarski/Chua/1/VC1/U/Chua-1-VC1-U-chunk-0054.smt2,unsat,0.0
/meti-tarski/Chua/1/VC1/U/Chua-1-VC1-U-chunk-0031.smt2,unsat,0.0
/meti-tarski/Chua/1/VC1/U/Chua-1-VC1-U-chunk-0034.smt2,sat,0.0
/meti-tarski/Chua/1/VC1/U/Chua-1-VC1-U-chunk-0070.smt2,sat,0.0
/meti-tarski/Chua/1/VC1/U/Chua-1-VC1-U-chunk-0039.smt2,sat,0.0
/meti-tarski/Chua/1/VC1/U/Chua-1-VC1-U-chunk-0056.smt2,sat,0.0
/meti-tarski/Chua/1/VC1/U/Chua-1-VC1-U-chunk-0050.smt2,unsat,0.0
/meti-tarski/Chua/1/VC1/U/Chua-1-VC1-U-chunk-0046.smt2,unsat,0.0
/meti-tarski/Chua/1/VC1/U/Chua-1-VC1-U-chunk-0052.smt2,sat,0.0
/meti-tarski/Chua/1/VC1/U/Chua-1-VC1-U-chunk-0066.smt2,sat,0.0
/meti-tarski/Chua/1/VC1/U/Chua-1-VC1-U-chunk-0078.smt2,sat,0.0
/meti-tarski/Chua/1/VC1/U/Chua-1-VC1-U-chunk-0038.smt2,sat,0.0
/meti-tarski/Chua/1/VC1/U/Chua-1-VC1-U-chunk-0085.smt2,unsat,0.2
/meti-tarski/Chua/1/VC1/U/Chua-1-VC1-U-chunk-0076.smt2,sat,0.0
/meti-tarski/Chua/1/VC1/U/Chua-1-VC1-U-chunk-0062.smt2,sat,0.0
/meti-tarski/Chua/1/VC1/U/Chua-1-VC1-U-chunk-0061.smt2,unsat,0.0
/meti-tarski/Chua/1/VC1/U/Chua-1-VC1-U-chunk-0033.smt2,unsat,0.0
/meti-tarski/Chua/1/VC1/U/Chua-1-VC1-U-chunk-0051.smt2,sat,0.0
/meti-tarski/Chua/1/VC1/U/Chua-1-VC1-U-chunk-0063.smt2,unsat,0.0
/meti-tarski/Chua/1/VC1/U/Chua-1-VC1-U-chunk-0044.smt2,sat,0.0
/meti-tarski/Chua/1/VC1/U/Chua-1-VC1-U-chunk-0074.smt2,unsat,0.0
/meti-tarski/Chua/1/VC1/U/Chua-1-VC1-U-chunk-0021.smt2,sat,0.0
/meti-tarski/Chua/1/VC1/U/Chua-1-VC1-U-chunk-0042.smt2,unsat,0.0
/meti-tarski/Chua/1/VC1/U/Chua-1-VC1-U-chunk-0041.smt2,unsat,0.0
/meti-tarski/Chua/1/VC1/U/Chua-1-VC1-U-chunk-0022.smt2,sat,0.0
/meti-tarski/Chua/1/VC1/U/Chua-1-VC1-U-chunk-0047.smt2,sat,0.0
/meti-tarski/Chua/1/VC1/U/Chua-1-VC1-U-chunk-0025.smt2,sat,0.0
/meti-tarski/Chua/1/VC1/U/Chua-1-VC1-U-chunk-0048.smt2,unsat,0.0
/meti-tarski/Chua/1/VC1/U/Chua-1-VC1-U-chunk-0072.smt2,unsat,0.0
/meti-tarski/Chua/1/VC1/U/Chua-1-VC1-U-chunk-0079.smt2,sat,0.0
/meti-tarski/Chua/1/VC1/U/Chua-1-VC1-U-chunk-0073.smt2,sat,0.0
/meti-tarski/Chua/1/VC1/U/Chua-1-VC1-U-chunk-0060.smt2,unsat,0.0
/meti-tarski/Chua/1/VC1/U/Chua-1-VC1-U-chunk-0080.smt2,unsat,0.0
/meti-tarski/Chua/1/VC1/U/Chua-1-VC1-U-chunk-0028.smt2,sat,0.0
/meti-tarski/Chua/1/VC1/U/Chua-1-VC1-U-chunk-0083.smt2,unsat,0.0
/meti-tarski/Chua/1/VC1/U/Chua-1-VC1-U-chunk-0049.smt2,unsat,0.0
/meti-tarski/Chua/1/VC1/U/Chua-1-VC1-U-chunk-0053.smt2,unsat,0.0
/meti-tarski/Chua/1/VC1/U/Chua-1-VC1-U-chunk-0024.smt2,sat,0.0
/meti-tarski/Chua/1/VC1/U/Chua-1-VC1-U-chunk-0043.smt2,unsat,0.0
/meti-tarski/Chua/1/VC1/U/Chua-1-VC1-U-chunk-0077.smt2,unsat,0.0
/meti-tarski/Chua/1/VC1/U/Chua-1-VC1-U-chunk-0057.smt2,unsat,0.0
/meti-tarski/Chua/1/VC1/U/Chua-1-VC1-U-chunk-0017.smt2,sat,0.0
/meti-tarski/Chua/1/VC1/U/Chua-1-VC1-U-chunk-0040.smt2,sat,0.0
/meti-tarski/Chua/1/VC1/U/Chua-1-VC1-U-chunk-0036.smt2,unsat,0.0
/meti-tarski/Chua/1/VC1/L/Chua-1-VC1-L-chunk-0132.smt2,unsat,0.0
/meti-tarski/Chua/1/VC1/L/Chua-1-VC1-L-chunk-0055.smt2,unsat,0.0
/meti-tarski/Chua/1/VC1/L/Chua-1-VC1-L-chunk-0019.smt2,sat,0.0
/meti-tarski/Chua/1/VC1/L/Chua-1-VC1-L-chunk-0031.smt2,sat,0.0
/meti-tarski/Chua/1/VC1/L/Chua-1-VC1-L-chunk-0118.smt2,sat,0.0
/meti-tarski/Chua/1/VC1/L/Chua-1-VC1-L-chunk-0062.smt2,sat,0.0
/meti-tarski/Chua/1/VC1/L/Chua-1-VC1-L-chunk-0162.smt2,unsat,0.4
/meti-tarski/Chua/1/VC1/L/Chua-1-VC1-L-chunk-0035.smt2,unsat,0.0
/meti-tarski/Chua/1/VC1/L/Chua-1-VC1-L-chunk-0141.smt2,unsat,0.0
/meti-tarski/Chua/1/VC1/L/Chua-1-VC1-L-chunk-0151.smt2,sat,0.0
/meti-tarski/Chua/1/VC1/L/Chua-1-VC1-L-chunk-0126.smt2,sat,0.0
/meti-tarski/Chua/1/VC1/L/Chua-1-VC1-L-chunk-0085.smt2,unsat,0.0
/meti-tarski/Chua/1/VC1/L/Chua-1-VC1-L-chunk-0072.smt2,sat,0.0
/meti-tarski/Chua/1/VC1/L/Chua-1-VC1-L-chunk-0124.smt2,unsat,0.0
/meti-tarski/Chua/1/VC1/L/Chua-1-VC1-L-chunk-0026.smt2,sat,0.0
/meti-tarski/Chua/1/VC1/L/Chua-1-VC1-L-chunk-0063.smt2,sat,0.0
/meti-tarski/Chua/1/VC1/L/Chua-1-VC1-L-chunk-0105.smt2,unsat,0.0
/meti-tarski/Chua/1/VC1/L/Chua-1-VC1-L-chunk-0036.smt2,sat,0.0
/meti-tarski/Chua/1/VC1/L/Chua-1-VC1-L-chunk-0088.smt2,sat,0.0
/meti-tarski/Chua/1/VC1/L/Chua-1-VC1-L-chunk-0161.smt2,sat,0.0
/meti-tarski/Chua/1/VC1/L/Chua-1-VC1-L-chunk-0064.smt2,sat,0.0
/meti-tarski/Chua/1/VC1/L/Chua-1-VC1-L-chunk-0146.smt2,unsat,0.0
/meti-tarski/Chua/1/VC1/L/Chua-1-VC1-L-chunk-0110.smt2,sat,0.0
/meti-tarski/Chua/1/VC1/L/Chua-1-VC1-L-chunk-0076.smt2,sat,0.0
/meti-tarski/Chua/1/VC1/L/Chua-1-VC1-L-chunk-0157.smt2,sat,0.0
/meti-tarski/Chua/1/VC1/L/Chua-1-VC1-L-chunk-0120.smt2,unsat,0.0
/meti-tarski/Chua/1/VC1/L/Chua-1-VC1-L-chunk-0030.smt2,unsat,0.0
/meti-tarski/Chua/1/VC1/L/Chua-1-VC1-L-chunk-0106.smt2,unsat,0.0
/meti-tarski/Chua/1/VC1/L/Chua-1-VC1-L-chunk-0123.smt2,unsat,0.0
/meti-tarski/Chua/1/VC1/L/Chua-1-VC1-L-chunk-0101.smt2,sat,0.0
/meti-tarski/Chua/1/VC1/L/Chua-1-VC1-L-chunk-0130.smt2,unsat,0.0
/meti-tarski/Chua/1/VC1/L/Chua-1-VC1-L-chunk-0045.smt2,sat,0.0
/meti-tarski/Chua/1/VC1/L/Chua-1-VC1-L-chunk-0149.smt2,unsat,0.0
/meti-tarski/Chua/1/VC1/L/Chua-1-VC1-L-chunk-0041.smt2,sat,0.0
/meti-tarski/Chua/1/VC1/L/Chua-1-VC1-L-chunk-0135.smt2,unsat,0.0
/meti-tarski/Chua/1/VC1/L/Chua-1-VC1-L-chunk-0160.smt2,unsat,0.0
/meti-tarski/Chua/1/VC1/L/Chua-1-VC1-L-chunk-0078.smt2,sat,0.0
/meti-tarski/Chua/1/VC1/L/Chua-1-VC1-L-chunk-0108.smt2,unsat,0.0
/meti-tarski/Chua/1/VC1/L/Chua-1-VC1-L-chunk-0133.smt2,unsat,0.0
/meti-tarski/Chua/1/VC1/L/Chua-1-VC1-L-chunk-0071.smt2,sat,0.0
/meti-tarski/Chua/1/VC1/L/Chua-1-VC1-L-chunk-0017.smt2,sat,0.0
/meti-tarski/Chua/1/VC1/L/Chua-1-VC1-L-chunk-0140.smt2,sat,0.0
/meti-tarski/Chua/1/VC1/L/Chua-1-VC1-L-chunk-0039.smt2,sat,0.0
/meti-tarski/Chua/1/VC1/L/Chua-1-VC1-L-chunk-0117.smt2,unsat,0.0
/meti-tarski/Chua/1/VC1/L/Chua-1-VC1-L-chunk-0059.smt2,unsat,0.0
/meti-tarski/Chua/1/VC1/L/Chua-1-VC1-L-chunk-0091.smt2,unsat,0.0
/meti-tarski/Chua/1/VC1/L/Chua-1-VC1-L-chunk-0079.smt2,sat,0.0
/meti-tarski/Chua/1/VC1/L/Chua-1-VC1-L-chunk-0087.smt2,sat,0.0
/meti-tarski/Chua/1/VC1/L/Chua-1-VC1-L-chunk-0047.smt2,sat,0.0
/meti-tarski/Chua/1/VC1/L/Chua-1-VC1-L-chunk-0127.smt2,unsat,0.0
/meti-tarski/Chua/1/VC1/L/Chua-1-VC1-L-chunk-0145.smt2,unsat,0.0
/meti-tarski/Chua/1/VC1/L/Chua-1-VC1-L-chunk-0083.smt2,sat,0.0
/meti-tarski/Chua/1/VC1/L/Chua-1-VC1-L-chunk-0024.smt2,unsat,0.0
/meti-tarski/Chua/1/VC1/L/Chua-1-VC1-L-chunk-0066.smt2,unsat,0.0
/meti-tarski/Chua/1/VC1/L/Chua-1-VC1-L-chunk-0040.smt2,unsat,0.0
/meti-tarski/Chua/1/VC1/L/Chua-1-VC1-L-chunk-0022.smt2,sat,0.0
/meti-tarski/Chua/1/VC1/L/Chua-1-VC1-L-chunk-0081.smt2,sat,0.0
/meti-tarski/Chua/1/VC1/L/Chua-1-VC1-L-chunk-0134.smt2,sat,0.0
/meti-tarski/Chua/1/VC1/L/Chua-1-VC1-L-chunk-0098.smt2,sat,0.0
/meti-tarski/Chua/1/VC1/L/Chua-1-VC1-L-chunk-0073.smt2,unsat,0.0
/meti-tarski/Chua/1/VC1/L/Chua-1-VC1-L-chunk-0048.smt2,unsat,0.0
/meti-tarski/Chua/1/VC1/L/Chua-1-VC1-L-chunk-0138.smt2,sat,0.0
/meti-tarski/Chua/1/VC1/L/Chua-1-VC1-L-chunk-0147.smt2,sat,0.0
/meti-tarski/Chua/1/VC1/L/Chua-1-VC1-L-chunk-0090.smt2,sat,0.0
/meti-tarski/Chua/1/VC1/L/Chua-1-VC1-L-chunk-0018.smt2,sat,0.0
/meti-tarski/Chua/1/VC1/L/Chua-1-VC1-L-chunk-0121.smt2,sat,0.0
/meti-tarski/Chua/1/VC1/L/Chua-1-VC1-L-chunk-0054.smt2,sat,0.0
/meti-tarski/Chua/1/VC1/L/Chua-1-VC1-L-chunk-0057.smt2,sat,0.0
/meti-tarski/Chua/1/VC1/L/Chua-1-VC1-L-chunk-0122.smt2,sat,0.0
/meti-tarski/Chua/1/VC1/L/Chua-1-VC1-L-chunk-0050.smt2,unsat,0.0
/meti-tarski/Chua/1/VC1/L/Chua-1-VC1-L-chunk-0089.smt2,sat,0.0
/meti-tarski/Chua/1/VC1/L/Chua-1-VC1-L-chunk-0114.smt2,sat,0.0
/meti-tarski/Chua/1/VC1/L/Chua-1-VC1-L-chunk-0116.smt2,unsat,0.0
/meti-tarski/Chua/1/VC1/L/Chua-1-VC1-L-chunk-0070.smt2,unsat,0.0
/meti-tarski/Chua/1/VC1/L/Chua-1-VC1-L-chunk-0084.smt2,unsat,0.0
/meti-tarski/Chua/1/VC1/L/Chua-1-VC1-L-chunk-0093.smt2,sat,0.0
/meti-tarski/Chua/1/VC1/L/Chua-1-VC1-L-chunk-0148.smt2,unsat,0.0
/meti-tarski/Chua/1/VC1/L/Chua-1-VC1-L-chunk-0052.smt2,sat,0.0
/meti-tarski/Chua/1/VC1/L/Chua-1-VC1-L-chunk-0056.smt2,unsat,0.0
/meti-tarski/Chua/1/VC1/L/Chua-1-VC1-L-chunk-0152.smt2,unsat,0.0
/meti-tarski/Chua/1/VC1/L/Chua-1-VC1-L-chunk-0107.smt2,unsat,0.0
/meti-tarski/Chua/1/VC1/L/Chua-1-VC1-L-chunk-0143.smt2,unsat,0.0
/meti-tarski/Chua/1/VC1/L/Chua-1-VC1-L-chunk-0094.smt2,unsat,0.0
/meti-tarski/Chua/1/VC1/L/Chua-1-VC1-L-chunk-0038.smt2,sat,0.0
/meti-tarski/Chua/1/VC1/L/Chua-1-VC1-L-chunk-0027.smt2,sat,0.0
/meti-tarski/Chua/1/VC1/L/Chua-1-VC1-L-chunk-0092.smt2,sat,0.0
/meti-tarski/Chua/1/VC1/L/Chua-1-VC1-L-chunk-0129.smt2,unsat,0.0
/meti-tarski/Chua/1/VC1/L/Chua-1-VC1-L-chunk-0029.smt2,sat,0.0
/meti-tarski/Chua/1/VC1/L/Chua-1-VC1-L-chunk-0080.smt2,unsat,0.0
/meti-tarski/Chua/1/VC1/L/Chua-1-VC1-L-chunk-0037.smt2,sat,0.0
/meti-tarski/Chua/1/VC1/L/Chua-1-VC1-L-chunk-0046.smt2,sat,0.0
/meti-tarski/Chua/1/VC1/L/Chua-1-VC1-L-chunk-0043.smt2,sat,0.0
/meti-tarski/Chua/1/VC1/L/Chua-1-VC1-L-chunk-0115.smt2,sat,0.0
/meti-tarski/Chua/1/VC1/L/Chua-1-VC1-L-chunk-0068.smt2,sat,0.0
/meti-tarski/Chua/1/VC1/L/Chua-1-VC1-L-chunk-0051.smt2,unsat,0.0
/meti-tarski/Chua/1/VC1/L/Chua-1-VC1-L-chunk-0096.smt2,unsat,0.0
/meti-tarski/Chua/1/VC1/L/Chua-1-VC1-L-chunk-0074.smt2,unsat,0.0
/meti-tarski/Chua/1/VC1/L/Chua-1-VC1-L-chunk-0044.smt2,unsat,0.0
/meti-tarski/Chua/1/VC1/L/Chua-1-VC1-L-chunk-0067.smt2,unsat,0.0
/meti-tarski/Chua/1/VC1/L/Chua-1-VC1-L-chunk-0077.smt2,unsat,0.0
/meti-tarski/Chua/1/VC1/L/Chua-1-VC1-L-chunk-0150.smt2,sat,0.0
/meti-tarski/Chua/1/VC1/L/Chua-1-VC1-L-chunk-0061.smt2,sat,0.0
/meti-tarski/Chua/1/VC1/L/Chua-1-VC1-L-chunk-0154.smt2,sat,0.0
/meti-tarski/Chua/1/VC1/L/Chua-1-VC1-L-chunk-0104.smt2,sat,0.0
/meti-tarski/Chua/1/VC1/L/Chua-1-VC1-L-chunk-0053.smt2,sat,0.0
/meti-tarski/Chua/1/VC1/L/Chua-1-VC1-L-chunk-0060.smt2,sat,0.0
/meti-tarski/Chua/1/VC1/L/Chua-1-VC1-L-chunk-0020.smt2,sat,0.0
/meti-tarski/Chua/1/VC1/L/Chua-1-VC1-L-chunk-0097.smt2,unsat,0.0
/meti-tarski/Chua/1/VC1/L/Chua-1-VC1-L-chunk-0103.smt2,sat,0.0
/meti-tarski/Chua/1/VC1/L/Chua-1-VC1-L-chunk-0119.smt2,unsat,0.0
/meti-tarski/Chua/1/VC1/L/Chua-1-VC1-L-chunk-0112.smt2,sat,0.0
/meti-tarski/Chua/1/VC1/L/Chua-1-VC1-L-chunk-0144.smt2,sat,0.0
/meti-tarski/Chua/1/VC1/L/Chua-1-VC1-L-chunk-0158.smt2,unsat,0.0
/meti-tarski/Chua/1/VC1/L/Chua-1-VC1-L-chunk-0034.smt2,unsat,0.0
/meti-tarski/Chua/1/VC1/L/Chua-1-VC1-L-chunk-0131.smt2,sat,0.0
/meti-tarski/Chua/2/VC2/U/Chua-2-VC2-U-chunk-0058.smt2,unsat,0.0
/meti-tarski/Chua/2/VC2/U/Chua-2-VC2-U-chunk-0134.smt2,unsat,0.049263954162597656
/meti-tarski/Chua/2/VC2/U/Chua-2-VC2-U-chunk-0070.smt2,sat,0.0
/meti-tarski/Chua/2/VC2/U/Chua-2-VC2-U-chunk-0073.smt2,sat,0.0
/meti-tarski/Chua/2/VC2/U/Chua-2-VC2-U-chunk-0093.smt2,sat,0.0
/meti-tarski/Chua/2/VC2/U/Chua-2-VC2-U-chunk-0088.smt2,sat,0.0
/meti-tarski/Chua/2/VC2/U/Chua-2-VC2-U-chunk-0067.smt2,sat,0.0
/meti-tarski/Chua/2/VC2/U/Chua-2-VC2-U-chunk-0114.smt2,unsat,0.0
/meti-tarski/Chua/2/VC2/U/Chua-2-VC2-U-chunk-0100.smt2,unsat,0.0
/meti-tarski/Chua/2/VC2/U/Chua-2-VC2-U-chunk-0130.smt2,sat,0.0
/meti-tarski/Chua/2/VC2/U/Chua-2-VC2-U-chunk-0095.smt2,sat,0.0
/meti-tarski/Chua/2/VC2/U/Chua-2-VC2-U-chunk-0057.smt2,sat,0.0
/meti-tarski/Chua/2/VC2/U/Chua-2-VC2-U-chunk-0089.smt2,sat,0.0
/meti-tarski/Chua/2/VC2/U/Chua-2-VC2-U-chunk-0117.smt2,unsat,0.0
/meti-tarski/Chua/2/VC2/U/Chua-2-VC2-U-chunk-0094.smt2,sat,0.0
/meti-tarski/Chua/2/VC2/U/Chua-2-VC2-U-chunk-0090.smt2,sat,0.0
/meti-tarski/Chua/2/VC2/U/Chua-2-VC2-U-chunk-0038.smt2,sat,0.0
/meti-tarski/Chua/2/VC2/U/Chua-2-VC2-U-chunk-0119.smt2,sat,0.0
/meti-tarski/Chua/2/VC2/U/Chua-2-VC2-U-chunk-0098.smt2,sat,0.0
/meti-tarski/Chua/2/VC2/U/Chua-2-VC2-U-chunk-0035.smt2,sat,0.0
/meti-tarski/Chua/2/VC2/U/Chua-2-VC2-U-chunk-0077.smt2,unsat,0.0
/meti-tarski/Chua/2/VC2/U/Chua-2-VC2-U-chunk-0110.smt2,sat,0.0
/meti-tarski/Chua/2/VC2/U/Chua-2-VC2-U-chunk-0124.smt2,unsat,0.0
/meti-tarski/Chua/2/VC2/U/Chua-2-VC2-U-chunk-0018.smt2,sat,0.0
/meti-tarski/Chua/2/VC2/U/Chua-2-VC2-U-chunk-0030.smt2,sat,0.0
/meti-tarski/Chua/2/VC2/U/Chua-2-VC2-U-chunk-0091.smt2,unsat,0.0
/meti-tarski/Chua/2/VC2/U/Chua-2-VC2-U-chunk-0048.smt2,unsat,0.0
/meti-tarski/Chua/2/VC2/U/Chua-2-VC2-U-chunk-0097.smt2,sat,0.0
/meti-tarski/Chua/2/VC2/U/Chua-2-VC2-U-chunk-0022.smt2,sat,0.0
/meti-tarski/Chua/2/VC2/U/Chua-2-VC2-U-chunk-0087.smt2,sat,0.0
/meti-tarski/Chua/2/VC2/U/Chua-2-VC2-U-chunk-0103.smt2,sat,0.0
/meti-tarski/Chua/2/VC2/U/Chua-2-VC2-U-chunk-0112.smt2,unsat,0.0
/meti-tarski/Chua/2/VC2/U/Chua-2-VC2-U-chunk-0085.smt2,sat,0.0
/meti-tarski/Chua/2/VC2/U/Chua-2-VC2-U-chunk-0068.smt2,unsat,0.0
/meti-tarski/Chua/2/VC2/U/Chua-2-VC2-U-chunk-0020.smt2,sat,0.0
/meti-tarski/Chua/2/VC2/U/Chua-2-VC2-U-chunk-0039.smt2,sat,0.0
/meti-tarski/Chua/2/VC2/U/Chua-2-VC2-U-chunk-0037.smt2,unsat,0.0
/meti-tarski/Chua/2/VC2/U/Chua-2-VC2-U-chunk-0043.smt2,sat,0.0
/meti-tarski/Chua/2/VC2/U/Chua-2-VC2-U-chunk-0132.smt2,sat,0.0
/meti-tarski/Chua/2/VC2/U/Chua-2-VC2-U-chunk-0052.smt2,unsat,0.0
/meti-tarski/Chua/2/VC2/U/Chua-2-VC2-U-chunk-0025.smt2,sat,0.0
/meti-tarski/Chua/2/VC2/U/Chua-2-VC2-U-chunk-0102.smt2,sat,0.0
/meti-tarski/Chua/2/VC2/U/Chua-2-VC2-U-chunk-0040.smt2,sat,0.0
/meti-tarski/Chua/2/VC2/U/Chua-2-VC2-U-chunk-0053.smt2,sat,0.0
/meti-tarski/Chua/2/VC2/U/Chua-2-VC2-U-chunk-0135.smt2,unsat,0.0
/meti-tarski/Chua/2/VC2/U/Chua-2-VC2-U-chunk-0051.smt2,sat,0.0
/meti-tarski/Chua/2/VC2/U/Chua-2-VC2-U-chunk-0128.smt2,unsat,0.0
/meti-tarski/Chua/2/VC2/U/Chua-2-VC2-U-chunk-0055.smt2,unsat,0.0
/meti-tarski/Chua/2/VC2/U/Chua-2-VC2-U-chunk-0031.smt2,sat,0.0
/meti-tarski/Chua/2/VC2/U/Chua-2-VC2-U-chunk-0036.smt2,sat,0.0
/meti-tarski/Chua/2/VC2/U/Chua-2-VC2-U-chunk-0071.smt2,sat,0.0
/meti-tarski/Chua/2/VC2/U/Chua-2-VC2-U-chunk-0072.smt2,sat,0.0
/meti-tarski/Chua/2/VC2/U/Chua-2-VC2-U-chunk-0021.smt2,sat,0.0
/meti-tarski/Chua/2/VC2/U/Chua-2-VC2-U-chunk-0032.smt2,sat,0.0
/meti-tarski/Chua/2/VC2/U/Chua-2-VC2-U-chunk-0045.smt2,unsat,0.0
/meti-tarski/Chua/2/VC2/U/Chua-2-VC2-U-chunk-0108.smt2,unsat,0.0
/meti-tarski/Chua/2/VC2/U/Chua-2-VC2-U-chunk-0079.smt2,unsat,0.0
/meti-tarski/Chua/2/VC2/U/Chua-2-VC2-U-chunk-0029.smt2,sat,0.0
/meti-tarski/Chua/2/VC2/U/Chua-2-VC2-U-chunk-0046.smt2,unsat,0.0
/meti-tarski/Chua/2/VC2/U/Chua-2-VC2-U-chunk-0086.smt2,sat,0.0
/meti-tarski/Chua/2/VC2/U/Chua-2-VC2-U-chunk-0105.smt2,unsat,0.0
/meti-tarski/Chua/2/VC2/U/Chua-2-VC2-U-chunk-0049.smt2,unsat,0.0
/meti-tarski/Chua/2/VC2/U/Chua-2-VC2-U-chunk-0104.smt2,sat,0.0
/meti-tarski/Chua/2/VC2/U/Chua-2-VC2-U-chunk-0099.smt2,unsat,0.0
/meti-tarski/Chua/2/VC2/U/Chua-2-VC2-U-chunk-0096.smt2,sat,0.0
/meti-tarski/Chua/2/VC2/U/Chua-2-VC2-U-chunk-0024.smt2,sat,0.0
/meti-tarski/Chua/2/VC2/U/Chua-2-VC2-U-chunk-0023.smt2,sat,0.0
/meti-tarski/Chua/2/VC2/U/Chua-2-VC2-U-chunk-0054.smt2,sat,0.0
/meti-tarski/Chua/2/VC2/U/Chua-2-VC2-U-chunk-0027.smt2,sat,0.0
/meti-tarski/Chua/2/VC2/U/Chua-2-VC2-U-chunk-0133.smt2,unsat,0.0
/meti-tarski/Chua/2/VC2/U/Chua-2-VC2-U-chunk-0116.smt2,sat,0.0
/meti-tarski/Chua/2/VC2/U/Chua-2-VC2-U-chunk-0017.smt2,sat,0.0
/meti-tarski/Chua/2/VC2/U/Chua-2-VC2-U-chunk-0059.smt2,sat,0.0
/meti-tarski/Chua/2/VC2/U/Chua-2-VC2-U-chunk-0019.smt2,sat,0.0
/meti-tarski/Chua/2/VC2/U/Chua-2-VC2-U-chunk-0065.smt2,unsat,0.0
/meti-tarski/Chua/2/VC2/U/Chua-2-VC2-U-chunk-0111.smt2,sat,0.0
/meti-tarski/Chua/2/VC2/U/Chua-2-VC2-U-chunk-0026.smt2,unsat,0.0
/meti-tarski/Chua/2/VC2/U/Chua-2-VC2-U-chunk-0034.smt2,sat,0.0
/meti-tarski/Chua/2/VC2/U/Chua-2-VC2-U-chunk-0016.smt2,sat,0.0
/meti-tarski/Chua/2/VC2/U/Chua-2-VC2-U-chunk-0066.smt2,unsat,0.0
/meti-tarski/Chua/2/VC2/U/Chua-2-VC2-U-chunk-0042.smt2,sat,0.0
/meti-tarski/Chua/2/VC2/U/Chua-2-VC2-U-chunk-0033.smt2,sat,0.0
/meti-tarski/Chua/2/VC2/U/Chua-2-VC2-U-chunk-0127.smt2,sat,0.0
/meti-tarski/Chua/2/VC2/U/Chua-2-VC2-U-chunk-0118.smt2,sat,0.0
/meti-tarski/Chua/2/VC2/U/Chua-2-VC2-U-chunk-0123.smt2,sat,0.0
/meti-tarski/Chua/2/VC2/U/Chua-2-VC2-U-chunk-0041.smt2,unsat,0.0
/meti-tarski/Chua/2/VC2/U/Chua-2-VC2-U-chunk-0113.smt2,sat,0.0
/meti-tarski/Chua/2/VC2/U/Chua-2-VC2-U-chunk-0044.smt2,sat,0.0
/meti-tarski/Chua/2/VC2/U/Chua-2-VC2-U-chunk-0064.smt2,sat,0.0
/meti-tarski/Chua/2/VC2/L/Chua-2-VC2-L-chunk-0039.smt2,unsat,0.0
/meti-tarski/Chua/2/VC2/L/Chua-2-VC2-L-chunk-0053.smt2,sat,0.0
/meti-tarski/Chua/2/VC2/L/Chua-2-VC2-L-chunk-0051.smt2,unsat,0.0
/meti-tarski/Chua/2/VC2/L/Chua-2-VC2-L-chunk-0069.smt2,sat,0.0
/meti-tarski/Chua/2/VC2/L/Chua-2-VC2-L-chunk-0029.smt2,sat,0.0
/meti-tarski/Chua/2/VC2/L/Chua-2-VC2-L-chunk-0011.smt2,sat,0.0
/meti-tarski/Chua/2/VC2/L/Chua-2-VC2-L-chunk-0040.smt2,sat,0.0
/meti-tarski/Chua/2/VC2/L/Chua-2-VC2-L-chunk-0032.smt2,unsat,0.0
/meti-tarski/Chua/2/VC2/L/Chua-2-VC2-L-chunk-0013.smt2,sat,0.0
/meti-tarski/Chua/2/VC2/L/Chua-2-VC2-L-chunk-0055.smt2,sat,0.0
/meti-tarski/Chua/2/VC2/L/Chua-2-VC2-L-chunk-0068.smt2,unsat,0.0
/meti-tarski/Chua/2/VC2/L/Chua-2-VC2-L-chunk-0066.smt2,sat,0.0
/meti-tarski/Chua/2/VC2/L/Chua-2-VC2-L-chunk-0018.smt2,sat,0.0
/meti-tarski/Chua/2/VC2/L/Chua-2-VC2-L-chunk-0035.smt2,sat,0.0
/meti-tarski/Chua/2/VC2/L/Chua-2-VC2-L-chunk-0067.smt2,unsat,0.0
/meti-tarski/Chua/2/VC2/L/Chua-2-VC2-L-chunk-0062.smt2,sat,0.0
/meti-tarski/Chua/2/VC2/L/Chua-2-VC2-L-chunk-0063.smt2,unsat,0.0
/meti-tarski/Chua/2/VC2/L/Chua-2-VC2-L-chunk-0049.smt2,unsat,0.0
/meti-tarski/Chua/2/VC2/L/Chua-2-VC2-L-chunk-0047.smt2,sat,0.015105724334716797
/meti-tarski/Chua/2/VC2/L/Chua-2-VC2-L-chunk-0038.smt2,unsat,0.0
/meti-tarski/Chua/2/VC2/L/Chua-2-VC2-L-chunk-0070.smt2,unsat,0.0
/meti-tarski/Chua/2/VC2/L/Chua-2-VC2-L-chunk-0028.smt2,unsat,0.0
/meti-tarski/Chua/2/VC2/L/Chua-2-VC2-L-chunk-0061.smt2,unsat,0.0
/meti-tarski/Chua/2/VC2/L/Chua-2-VC2-L-chunk-0052.smt2,unsat,0.0
/meti-tarski/Chua/2/VC2/L/Chua-2-VC2-L-chunk-0043.smt2,unsat,0.014300823211669922
/meti-tarski/Chua/2/VC2/L/Chua-2-VC2-L-chunk-0021.smt2,sat,0.0
/meti-tarski/Chua/2/VC2/L/Chua-2-VC2-L-chunk-0057.smt2,unsat,0.0
/meti-tarski/Chua/2/VC2/L/Chua-2-VC2-L-chunk-0046.smt2,unsat,0.0
/meti-tarski/Chua/2/VC2/L/Chua-2-VC2-L-chunk-0012.smt2,sat,0.0
/meti-tarski/Chua/2/VC2/L/Chua-2-VC2-L-chunk-0023.smt2,sat,0.0
/meti-tarski/Chua/2/VC2/L/Chua-2-VC2-L-chunk-0037.smt2,sat,0.0
/meti-tarski/Chua/2/VC2/L/Chua-2-VC2-L-chunk-0022.smt2,sat,0.0
/meti-tarski/Chua/2/VC2/L/Chua-2-VC2-L-chunk-0059.smt2,sat,0.0
/meti-tarski/Chua/2/VC2/L/Chua-2-VC2-L-chunk-0045.smt2,sat,0.0
/meti-tarski/Chua/2/VC2/L/Chua-2-VC2-L-chunk-0041.smt2,unsat,0.0
/meti-tarski/Chua/2/VC2/L/Chua-2-VC2-L-chunk-0056.smt2,sat,0.0
/meti-tarski/Chua/2/VC2/L/Chua-2-VC2-L-chunk-0036.smt2,unsat,0.0
/meti-tarski/Chua/2/VC2/L/Chua-2-VC2-L-chunk-0054.smt2,sat,0.0
/meti-tarski/Chua/2/VC2/L/Chua-2-VC2-L-chunk-0016.smt2,sat,0.0
/meti-tarski/Chua/2/VC2/L/Chua-2-VC2-L-chunk-0050.smt2,sat,0.0
/meti-tarski/Chua/2/VC2/L/Chua-2-VC2-L-chunk-0020.smt2,sat,0.0
/meti-tarski/Chua/2/VC2/L/Chua-2-VC2-L-chunk-0027.smt2,unsat,0.0
/meti-tarski/Chua/2/VC2/L/Chua-2-VC2-L-chunk-0058.smt2,unsat,0.0
/meti-tarski/Chua/2/VC2/L/Chua-2-VC2-L-chunk-0060.smt2,sat,0.0
/meti-tarski/Chua/2/VC2/L/Chua-2-VC2-L-chunk-0034.smt2,sat,0.0
/meti-tarski/Chua/2/VC2/L/Chua-2-VC2-L-chunk-0009.smt2,sat,0.0
/meti-tarski/Chua/2/VC2/L/Chua-2-VC2-L-chunk-0033.smt2,sat,0.0
/meti-tarski/Chua/2/VC2/L/Chua-2-VC2-L-chunk-0064.smt2,unsat,0.0
/meti-tarski/Chua/2/VC2/L/Chua-2-VC2-L-chunk-0042.smt2,sat,0.0
/meti-tarski/Chua/2/VC2/L/Chua-2-VC2-L-chunk-0015.smt2,sat,0.0
/meti-tarski/Chua/2/VC2/L/Chua-2-VC2-L-chunk-0030.smt2,unsat,0.0
/meti-tarski/Chua/2/IL/U/Chua-2-IL-U-chunk-0013.smt2,sat,0.0
/meti-tarski/Chua/2/IL/U/Chua-2-IL-U-chunk-0015.smt2,unsat,0.0
/meti-tarski/Chua/2/IL/U/Chua-2-IL-U-chunk-0093.smt2,sat,0.0
/meti-tarski/Chua/2/IL/U/Chua-2-IL-U-chunk-0044.smt2,sat,0.0
/meti-tarski/Chua/2/IL/U/Chua-2-IL-U-chunk-0116.smt2,sat,0.0
/meti-tarski/Chua/2/IL/U/Chua-2-IL-U-chunk-0045.smt2,unsat,0.0
/meti-tarski/Chua/2/IL/U/Chua-2-IL-U-chunk-0051.smt2,sat,0.0
/meti-tarski/Chua/2/IL/U/Chua-2-IL-U-chunk-0101.smt2,sat,0.0
/meti-tarski/Chua/2/IL/U/Chua-2-IL-U-chunk-0024.smt2,sat,0.0
/meti-tarski/Chua/2/IL/U/Chua-2-IL-U-chunk-0040.smt2,sat,0.0
/meti-tarski/Chua/2/IL/U/Chua-2-IL-U-chunk-0043.smt2,sat,0.0
/meti-tarski/Chua/2/IL/U/Chua-2-IL-U-chunk-0046.smt2,unsat,0.0
/meti-tarski/Chua/2/IL/U/Chua-2-IL-U-chunk-0099.smt2,unsat,0.0
/meti-tarski/Chua/2/IL/U/Chua-2-IL-U-chunk-0083.smt2,sat,0.0
/meti-tarski/Chua/2/IL/U/Chua-2-IL-U-chunk-0062.smt2,sat,0.0
/meti-tarski/Chua/2/IL/U/Chua-2-IL-U-chunk-0107.smt2,unsat,0.0
/meti-tarski/Chua/2/IL/U/Chua-2-IL-U-chunk-0009.smt2,unsat,0.0
/meti-tarski/Chua/2/IL/U/Chua-2-IL-U-chunk-0102.smt2,sat,0.0
/meti-tarski/Chua/2/IL/U/Chua-2-IL-U-chunk-0059.smt2,sat,0.0
/meti-tarski/Chua/2/IL/U/Chua-2-IL-U-chunk-0055.smt2,unsat,0.0
/meti-tarski/Chua/2/IL/U/Chua-2-IL-U-chunk-0084.smt2,unsat,0.0
/meti-tarski/Chua/2/IL/U/Chua-2-IL-U-chunk-0085.smt2,sat,0.0
/meti-tarski/Chua/2/IL/U/Chua-2-IL-U-chunk-0012.smt2,sat,0.0
/meti-tarski/Chua/2/IL/U/Chua-2-IL-U-chunk-0016.smt2,sat,0.0
/meti-tarski/Chua/2/IL/U/Chua-2-IL-U-chunk-0104.smt2,unsat,0.0
/meti-tarski/Chua/2/IL/U/Chua-2-IL-U-chunk-0023.smt2,sat,0.0
/meti-tarski/Chua/2/IL/U/Chua-2-IL-U-chunk-0070.smt2,sat,0.0
/meti-tarski/Chua/2/IL/U/Chua-2-IL-U-chunk-0072.smt2,sat,0.0
/meti-tarski/Chua/2/IL/U/Chua-2-IL-U-chunk-0018.smt2,sat,0.0
/meti-tarski/Chua/2/IL/U/Chua-2-IL-U-chunk-0047.smt2,unsat,0.0
/meti-tarski/Chua/2/IL/U/Chua-2-IL-U-chunk-0052.smt2,unsat,0.0
/meti-tarski/Chua/2/IL/U/Chua-2-IL-U-chunk-0058.smt2,unsat,0.0
/meti-tarski/Chua/2/IL/U/Chua-2-IL-U-chunk-0029.smt2,sat,0.0
/meti-tarski/Chua/2/IL/U/Chua-2-IL-U-chunk-0042.smt2,sat,0.0
/meti-tarski/Chua/2/IL/U/Chua-2-IL-U-chunk-0027.smt2,sat,0.0
/meti-tarski/Chua/2/IL/U/Chua-2-IL-U-chunk-0071.smt2,unsat,0.0
/meti-tarski/Chua/2/IL/U/Chua-2-IL-U-chunk-0095.smt2,sat,0.0
/meti-tarski/Chua/2/IL/U/Chua-2-IL-U-chunk-0103.smt2,sat,0.0
/meti-tarski/Chua/2/IL/U/Chua-2-IL-U-chunk-0117.smt2,unsat,0.0
/meti-tarski/Chua/2/IL/U/Chua-2-IL-U-chunk-0035.smt2,sat,0.0
/meti-tarski/Chua/2/IL/U/Chua-2-IL-U-chunk-0037.smt2,unsat,0.0
/meti-tarski/Chua/2/IL/U/Chua-2-IL-U-chunk-0030.smt2,sat,0.0
/meti-tarski/Chua/2/IL/U/Chua-2-IL-U-chunk-0034.smt2,sat,0.0
/meti-tarski/Chua/2/IL/U/Chua-2-IL-U-chunk-0097.smt2,sat,0.0
/meti-tarski/Chua/2/IL/U/Chua-2-IL-U-chunk-0019.smt2,sat,0.0
/meti-tarski/Chua/2/IL/U/Chua-2-IL-U-chunk-0011.smt2,sat,0.0
/meti-tarski/Chua/2/IL/U/Chua-2-IL-U-chunk-0110.smt2,sat,0.0
/meti-tarski/Chua/2/IL/U/Chua-2-IL-U-chunk-0091.smt2,unsat,0.0
/meti-tarski/Chua/2/IL/U/Chua-2-IL-U-chunk-0032.smt2,sat,0.0
/meti-tarski/Chua/2/IL/U/Chua-2-IL-U-chunk-0122.smt2,sat,0.0
/meti-tarski/Chua/2/IL/U/Chua-2-IL-U-chunk-0073.smt2,sat,0.0
/meti-tarski/Chua/2/IL/U/Chua-2-IL-U-chunk-0077.smt2,unsat,0.0
/meti-tarski/Chua/2/IL/U/Chua-2-IL-U-chunk-0008.smt2,sat,0.0
/meti-tarski/Chua/2/IL/U/Chua-2-IL-U-chunk-0087.smt2,sat,0.0
/meti-tarski/Chua/2/IL/U/Chua-2-IL-U-chunk-0068.smt2,unsat,0.0
/meti-tarski/Chua/2/IL/U/Chua-2-IL-U-chunk-0049.smt2,unsat,0.0
/meti-tarski/Chua/2/IL/U/Chua-2-IL-U-chunk-0017.smt2,sat,0.0
/meti-tarski/Chua/2/IL/U/Chua-2-IL-U-chunk-0079.smt2,unsat,0.0
/meti-tarski/Chua/2/IL/U/Chua-2-IL-U-chunk-0031.smt2,sat,0.0
/meti-tarski/Chua/2/IL/U/Chua-2-IL-U-chunk-0053.smt2,sat,0.0
/meti-tarski/Chua/2/IL/U/Chua-2-IL-U-chunk-0041.smt2,unsat,0.0
/meti-tarski/Chua/2/IL/U/Chua-2-IL-U-chunk-0060.smt2,sat,0.0
/meti-tarski/Chua/2/IL/U/Chua-2-IL-U-chunk-0069.smt2,unsat,0.0
/meti-tarski/Chua/2/IL/U/Chua-2-IL-U-chunk-0036.smt2,sat,0.0
/meti-tarski/Chua/2/IL/U/Chua-2-IL-U-chunk-0118.smt2,sat,0.0
/meti-tarski/Chua/2/IL/U/Chua-2-IL-U-chunk-0089.smt2,sat,0.0
/meti-tarski/Chua/2/IL/U/Chua-2-IL-U-chunk-0082.smt2,unsat,0.0
/meti-tarski/Chua/2/IL/U/Chua-2-IL-U-chunk-0090.smt2,sat,0.0
/meti-tarski/Chua/2/IL/U/Chua-2-IL-U-chunk-0022.smt2,sat,0.0
/meti-tarski/Chua/2/IL/U/Chua-2-IL-U-chunk-0067.smt2,sat,0.0
/meti-tarski/Chua/2/IL/U/Chua-2-IL-U-chunk-0119.smt2,unsat,0.0
/meti-tarski/Chua/2/IL/U/Chua-2-IL-U-chunk-0120.smt2,unsat,0.060304880142211914
/meti-tarski/Chua/2/IL/U/Chua-2-IL-U-chunk-0021.smt2,sat,0.0
/meti-tarski/Chua/2/IL/U/Chua-2-IL-U-chunk-0064.smt2,sat,0.0
/meti-tarski/Chua/2/IL/U/Chua-2-IL-U-chunk-0033.smt2,sat,0.0
/meti-tarski/Chua/2/IL/U/Chua-2-IL-U-chunk-0109.smt2,sat,0.0
/meti-tarski/Chua/2/IL/U/Chua-2-IL-U-chunk-0048.smt2,unsat,0.0
/meti-tarski/Chua/2/IL/U/Chua-2-IL-U-chunk-0057.smt2,sat,0.0
/meti-tarski/Chua/2/IL/U/Chua-2-IL-U-chunk-0094.smt2,sat,0.0
/meti-tarski/Chua/2/IL/U/Chua-2-IL-U-chunk-0038.smt2,sat,0.0
/meti-tarski/Chua/2/IL/U/Chua-2-IL-U-chunk-0061.smt2,sat,0.0
/meti-tarski/Chua/2/IL/U/Chua-2-IL-U-chunk-0098.smt2,unsat,0.0
/meti-tarski/Chua/2/IL/U/Chua-2-IL-U-chunk-0054.smt2,sat,0.0
/meti-tarski/Chua/2/IL/U/Chua-2-IL-U-chunk-0086.smt2,sat,0.0
/meti-tarski/Chua/2/IL/U/Chua-2-IL-U-chunk-0020.smt2,sat,0.0
/meti-tarski/Chua/2/IL/U/Chua-2-IL-U-chunk-0121.smt2,sat,0.0
/meti-tarski/Chua/2/IL/U/Chua-2-IL-U-chunk-0096.smt2,sat,0.0
/meti-tarski/Chua/2/IL/U/Chua-2-IL-U-chunk-0039.smt2,sat,0.0
/meti-tarski/Chua/2/IL/U/Chua-2-IL-U-chunk-0026.smt2,unsat,0.0
/meti-tarski/Chua/2/IL/U/Chua-2-IL-U-chunk-0123.smt2,unsat,0.06888747215270996
/meti-tarski/Chua/2/IL/U/Chua-2-IL-U-chunk-0088.smt2,sat,0.0
/meti-tarski/Chua/2/IL/U/Chua-2-IL-U-chunk-0025.smt2,sat,0.0
/meti-tarski/Chua/2/IL/L/Chua-2-IL-L-chunk-0012.smt2,sat,0.0
/meti-tarski/Chua/2/IL/L/Chua-2-IL-L-chunk-0107.smt2,sat,0.0
/meti-tarski/Chua/2/IL/L/Chua-2-IL-L-chunk-0054.smt2,sat,0.0
/meti-tarski/Chua/2/IL/L/Chua-2-IL-L-chunk-0103.smt2,sat,0.0
/meti-tarski/Chua/2/IL/L/Chua-2-IL-L-chunk-0112.smt2,sat,0.0
/meti-tarski/Chua/2/IL/L/Chua-2-IL-L-chunk-0029.smt2,unsat,0.0
/meti-tarski/Chua/2/IL/L/Chua-2-IL-L-chunk-0034.smt2,sat,0.0
/meti-tarski/Chua/2/IL/L/Chua-2-IL-L-chunk-0081.smt2,unsat,0.0
/meti-tarski/Chua/2/IL/L/Chua-2-IL-L-chunk-0104.smt2,unsat,0.0
/meti-tarski/Chua/2/IL/L/Chua-2-IL-L-chunk-0098.smt2,sat,0.0
/meti-tarski/Chua/2/IL/L/Chua-2-IL-L-chunk-0009.smt2,sat,0.0
/meti-tarski/Chua/2/IL/L/Chua-2-IL-L-chunk-0022.smt2,sat,0.0
/meti-tarski/Chua/2/IL/L/Chua-2-IL-L-chunk-0043.smt2,sat,0.0
/meti-tarski/Chua/2/IL/L/Chua-2-IL-L-chunk-0058.smt2,sat,0.0
/meti-tarski/Chua/2/IL/L/Chua-2-IL-L-chunk-0044.smt2,unsat,0.0
/meti-tarski/Chua/2/IL/L/Chua-2-IL-L-chunk-0099.smt2,sat,0.0
/meti-tarski/Chua/2/IL/L/Chua-2-IL-L-chunk-0090.smt2,unsat,0.0
/meti-tarski/Chua/2/IL/L/Chua-2-IL-L-chunk-0050.smt2,sat,0.0
/meti-tarski/Chua/2/IL/L/Chua-2-IL-L-chunk-0057.smt2,unsat,0.0
/meti-tarski/Chua/2/IL/L/Chua-2-IL-L-chunk-0067.smt2,unsat,0.0
/meti-tarski/Chua/2/IL/L/Chua-2-IL-L-chunk-0078.smt2,unsat,0.0
/meti-tarski/Chua/2/IL/L/Chua-2-IL-L-chunk-0079.smt2,sat,0.0
/meti-tarski/Chua/2/IL/L/Chua-2-IL-L-chunk-0094.smt2,unsat,0.0
/meti-tarski/Chua/2/IL/L/Chua-2-IL-L-chunk-0045.smt2,sat,0.0
/meti-tarski/Chua/2/IL/L/Chua-2-IL-L-chunk-0111.smt2,sat,0.0
/meti-tarski/Chua/2/IL/L/Chua-2-IL-L-chunk-0091.smt2,unsat,0.0
/meti-tarski/Chua/2/IL/L/Chua-2-IL-L-chunk-0038.smt2,unsat,0.0
/meti-tarski/Chua/2/IL/L/Chua-2-IL-L-chunk-0013.smt2,sat,0.0
/meti-tarski/Chua/2/IL/L/Chua-2-IL-L-chunk-0018.smt2,sat,0.0
/meti-tarski/Chua/2/IL/L/Chua-2-IL-L-chunk-0073.smt2,sat,0.0
/meti-tarski/Chua/2/IL/L/Chua-2-IL-L-chunk-0085.smt2,unsat,0.0
/meti-tarski/Chua/2/IL/L/Chua-2-IL-L-chunk-0036.smt2,sat,0.0
/meti-tarski/Chua/2/IL/L/Chua-2-IL-L-chunk-0070.smt2,unsat,0.0
/meti-tarski/Chua/2/IL/L/Chua-2-IL-L-chunk-0087.smt2,unsat,0.0
/meti-tarski/Chua/2/IL/L/Chua-2-IL-L-chunk-0055.smt2,sat,0.0
/meti-tarski/Chua/2/IL/L/Chua-2-IL-L-chunk-0061.smt2,unsat,0.0
/meti-tarski/Chua/2/IL/L/Chua-2-IL-L-chunk-0101.smt2,sat,0.0
/meti-tarski/Chua/2/IL/L/Chua-2-IL-L-chunk-0053.smt2,unsat,0.0
/meti-tarski/Chua/2/IL/L/Chua-2-IL-L-chunk-0063.smt2,sat,0.0
/meti-tarski/Chua/2/IL/L/Chua-2-IL-L-chunk-0089.smt2,sat,0.0
/meti-tarski/Chua/2/IL/L/Chua-2-IL-L-chunk-0096.smt2,unsat,0.0
/meti-tarski/Chua/2/IL/L/Chua-2-IL-L-chunk-0039.smt2,unsat,0.0
/meti-tarski/Chua/2/IL/L/Chua-2-IL-L-chunk-0040.smt2,sat,0.0
/meti-tarski/Chua/2/IL/L/Chua-2-IL-L-chunk-0080.smt2,sat,0.0
/meti-tarski/Chua/2/IL/L/Chua-2-IL-L-chunk-0021.smt2,sat,0.0
/meti-tarski/Chua/2/IL/L/Chua-2-IL-L-chunk-0093.smt2,sat,0.0
/meti-tarski/Chua/2/IL/L/Chua-2-IL-L-chunk-0005.smt2,sat,0.0
/meti-tarski/Chua/2/IL/L/Chua-2-IL-L-chunk-0062.smt2,sat,0.0
/meti-tarski/Chua/2/IL/L/Chua-2-IL-L-chunk-0056.smt2,sat,0.0
/meti-tarski/Chua/2/IL/L/Chua-2-IL-L-chunk-0015.smt2,sat,0.0
/meti-tarski/Chua/2/IL/L/Chua-2-IL-L-chunk-0046.smt2,sat,0.0
/meti-tarski/Chua/2/IL/L/Chua-2-IL-L-chunk-0113.smt2,unsat,0.0
/meti-tarski/Chua/2/IL/L/Chua-2-IL-L-chunk-0052.smt2,sat,0.0
/meti-tarski/Chua/2/IL/L/Chua-2-IL-L-chunk-0020.smt2,sat,0.0
/meti-tarski/Chua/2/IL/L/Chua-2-IL-L-chunk-0077.smt2,sat,0.0
/meti-tarski/Chua/2/IL/L/Chua-2-IL-L-chunk-0097.smt2,sat,0.0
/meti-tarski/Chua/2/IL/L/Chua-2-IL-L-chunk-0051.smt2,sat,0.0
/meti-tarski/Chua/2/IL/L/Chua-2-IL-L-chunk-0106.smt2,unsat,0.0
/meti-tarski/Chua/2/IL/L/Chua-2-IL-L-chunk-0108.smt2,sat,0.0
/meti-tarski/Chua/2/IL/L/Chua-2-IL-L-chunk-0110.smt2,sat,0.0
/meti-tarski/Chua/2/IL/L/Chua-2-IL-L-chunk-0059.smt2,sat,0.0
/meti-tarski/Chua/2/IL/L/Chua-2-IL-L-chunk-0037.smt2,sat,0.0
/meti-tarski/Chua/2/IL/L/Chua-2-IL-L-chunk-0032.smt2,sat,0.0
/meti-tarski/Chua/2/IL/L/Chua-2-IL-L-chunk-0065.smt2,unsat,0.0
/meti-tarski/Chua/2/IL/L/Chua-2-IL-L-chunk-0033.smt2,unsat,0.0
/meti-tarski/Chua/2/IL/L/Chua-2-IL-L-chunk-0109.smt2,unsat,0.0
/meti-tarski/Chua/2/IL/L/Chua-2-IL-L-chunk-0016.smt2,sat,0.0
/meti-tarski/Chua/2/IL/L/Chua-2-IL-L-chunk-0041.smt2,unsat,0.0
/meti-tarski/Chua/2/IL/L/Chua-2-IL-L-chunk-0042.smt2,unsat,0.0
/meti-tarski/Chua/2/IL/L/Chua-2-IL-L-chunk-0100.smt2,unsat,0.0
/meti-tarski/Chua/2/IL/L/Chua-2-IL-L-chunk-0011.smt2,sat,0.0
/meti-tarski/Chua/2/IL/L/Chua-2-IL-L-chunk-0072.smt2,unsat,0.0
/meti-tarski/Chua/2/IL/L/Chua-2-IL-L-chunk-0060.smt2,sat,0.0
/meti-tarski/Chua/2/IL/L/Chua-2-IL-L-chunk-0082.smt2,sat,0.0
/meti-tarski/Chua/2/IL/L/Chua-2-IL-L-chunk-0076.smt2,sat,0.0
/meti-tarski/Chua/2/IL/L/Chua-2-IL-L-chunk-0047.smt2,unsat,0.0
/meti-tarski/Chua/2/IL/L/Chua-2-IL-L-chunk-0048.smt2,sat,0.0
/meti-tarski/Chua/2/IL/L/Chua-2-IL-L-chunk-0031.smt2,unsat,0.0
/meti-tarski/Chua/2/IL/L/Chua-2-IL-L-chunk-0007.smt2,sat,0.0
/meti-tarski/Chua/2/IL/L/Chua-2-IL-L-chunk-0086.smt2,sat,0.0
/meti-tarski/Chua/2/IL/L/Chua-2-IL-L-chunk-0092.smt2,sat,0.0
/meti-tarski/Chua/2/IL/L/Chua-2-IL-L-chunk-0023.smt2,sat,0.0
/meti-tarski/Chua/2/IL/L/Chua-2-IL-L-chunk-0075.smt2,unsat,0.0
/meti-tarski/Chua/2/IL/L/Chua-2-IL-L-chunk-0069.smt2,sat,0.0
/meti-tarski/Chua/2/IL/L/Chua-2-IL-L-chunk-0102.smt2,sat,0.0
/meti-tarski/Chua/2/IL/L/Chua-2-IL-L-chunk-0084.smt2,sat,0.0
/meti-tarski/Chua/2/IL/L/Chua-2-IL-L-chunk-0026.smt2,sat,0.0
/meti-tarski/Chua/2/IL/L/Chua-2-IL-L-chunk-0083.smt2,sat,0.0
/meti-tarski/Chua/2/IL/L/Chua-2-IL-L-chunk-0074.smt2,unsat,0.0
/meti-tarski/Chua/2/VC1/U/Chua-2-VC1-U-chunk-0098.smt2,unsat,0.0
/meti-tarski/Chua/2/VC1/U/Chua-2-VC1-U-chunk-0041.smt2,unsat,0.0
/meti-tarski/Chua/2/VC1/U/Chua-2-VC1-U-chunk-0072.smt2,sat,0.0
/meti-tarski/Chua/2/VC1/U/Chua-2-VC1-U-chunk-0071.smt2,unsat,0.0
/meti-tarski/Chua/2/VC1/U/Chua-2-VC1-U-chunk-0117.smt2,unsat,0.0
/meti-tarski/Chua/2/VC1/U/Chua-2-VC1-U-chunk-0107.smt2,unsat,0.0
/meti-tarski/Chua/2/VC1/U/Chua-2-VC1-U-chunk-0091.smt2,unsat,0.0
/meti-tarski/Chua/2/VC1/U/Chua-2-VC1-U-chunk-0067.smt2,sat,0.0
/meti-tarski/Chua/2/VC1/U/Chua-2-VC1-U-chunk-0027.smt2,sat,0.0
/meti-tarski/Chua/2/VC1/U/Chua-2-VC1-U-chunk-0069.smt2,unsat,0.0
/meti-tarski/Chua/2/VC1/U/Chua-2-VC1-U-chunk-0083.smt2,sat,0.0
/meti-tarski/Chua/2/VC1/U/Chua-2-VC1-U-chunk-0070.smt2,sat,0.0
/meti-tarski/Chua/2/VC1/U/Chua-2-VC1-U-chunk-0116.smt2,sat,0.0
/meti-tarski/Chua/2/VC1/U/Chua-2-VC1-U-chunk-0059.smt2,sat,0.0
/meti-tarski/Chua/2/VC1/U/Chua-2-VC1-U-chunk-0095.smt2,sat,0.0
/meti-tarski/Chua/2/VC1/U/Chua-2-VC1-U-chunk-0034.smt2,sat,0.0
/meti-tarski/Chua/2/VC1/U/Chua-2-VC1-U-chunk-0109.smt2,sat,0.0
/meti-tarski/Chua/2/VC1/U/Chua-2-VC1-U-chunk-0021.smt2,sat,0.0
/meti-tarski/Chua/2/VC1/U/Chua-2-VC1-U-chunk-0016.smt2,sat,0.0
/meti-tarski/Chua/2/VC1/U/Chua-2-VC1-U-chunk-0097.smt2,sat,0.0
/meti-tarski/Chua/2/VC1/U/Chua-2-VC1-U-chunk-0025.smt2,sat,0.0
/meti-tarski/Chua/2/VC1/U/Chua-2-VC1-U-chunk-0079.smt2,unsat,0.0
/meti-tarski/Chua/2/VC1/U/Chua-2-VC1-U-chunk-0058.smt2,unsat,0.0
/meti-tarski/Chua/2/VC1/U/Chua-2-VC1-U-chunk-0055.smt2,unsat,0.0
/meti-tarski/Chua/2/VC1/U/Chua-2-VC1-U-chunk-0085.smt2,sat,0.0
/meti-tarski/Chua/2/VC1/U/Chua-2-VC1-U-chunk-0118.smt2,sat,0.0
/meti-tarski/Chua/2/VC1/U/Chua-2-VC1-U-chunk-0043.smt2,sat,0.0
/meti-tarski/Chua/2/VC1/U/Chua-2-VC1-U-chunk-0093.smt2,sat,0.0
/meti-tarski/Chua/2/VC1/U/Chua-2-VC1-U-chunk-0036.smt2,sat,0.0
/meti-tarski/Chua/2/VC1/U/Chua-2-VC1-U-chunk-0061.smt2,sat,0.0
/meti-tarski/Chua/2/VC1/U/Chua-2-VC1-U-chunk-0039.smt2,sat,0.0
/meti-tarski/Chua/2/VC1/U/Chua-2-VC1-U-chunk-0038.smt2,sat,0.0
/meti-tarski/Chua/2/VC1/U/Chua-2-VC1-U-chunk-0121.smt2,sat,0.0
/meti-tarski/Chua/2/VC1/U/Chua-2-VC1-U-chunk-0052.smt2,unsat,0.0
/meti-tarski/Chua/2/VC1/U/Chua-2-VC1-U-chunk-0086.smt2,sat,0.0
/meti-tarski/Chua/2/VC1/U/Chua-2-VC1-U-chunk-0123.smt2,unsat,0.04117465019226074
/meti-tarski/Chua/2/VC1/U/Chua-2-VC1-U-chunk-0040.smt2,sat,0.0
/meti-tarski/Chua/2/VC1/U/Chua-2-VC1-U-chunk-0120.smt2,unsat,0.036711931228637695
/meti-tarski/Chua/2/VC1/U/Chua-2-VC1-U-chunk-0088.smt2,sat,0.0
/meti-tarski/Chua/2/VC1/U/Chua-2-VC1-U-chunk-0064.smt2,sat,0.0
/meti-tarski/Chua/2/VC1/U/Chua-2-VC1-U-chunk-0119.smt2,unsat,0.0
/meti-tarski/Chua/2/VC1/U/Chua-2-VC1-U-chunk-0013.smt2,sat,0.0
/meti-tarski/Chua/2/VC1/U/Chua-2-VC1-U-chunk-0033.smt2,sat,0.0
/meti-tarski/Chua/2/VC1/U/Chua-2-VC1-U-chunk-0037.smt2,unsat,0.0
/meti-tarski/Chua/2/VC1/U/Chua-2-VC1-U-chunk-0042.smt2,sat,0.0
/meti-tarski/Chua/2/VC1/U/Chua-2-VC1-U-chunk-0082.smt2,unsat,0.0
/meti-tarski/Chua/2/VC1/U/Chua-2-VC1-U-chunk-0077.smt2,unsat,0.0
/meti-tarski/Chua/2/VC1/U/Chua-2-VC1-U-chunk-0103.smt2,sat,0.0
/meti-tarski/Chua/2/VC1/U/Chua-2-VC1-U-chunk-0090.smt2,sat,0.0
/meti-tarski/Chua/2/VC1/U/Chua-2-VC1-U-chunk-0110.smt2,sat,0.0
/meti-tarski/Chua/2/VC1/U/Chua-2-VC1-U-chunk-0017.smt2,sat,0.0
/meti-tarski/Chua/2/VC1/U/Chua-2-VC1-U-chunk-0023.smt2,sat,0.0
/meti-tarski/Chua/2/VC1/U/Chua-2-VC1-U-chunk-0024.smt2,sat,0.0
/meti-tarski/Chua/2/VC1/U/Chua-2-VC1-U-chunk-0054.smt2,sat,0.0
/meti-tarski/Chua/2/VC1/U/Chua-2-VC1-U-chunk-0044.smt2,sat,0.0
/meti-tarski/Chua/2/VC1/U/Chua-2-VC1-U-chunk-0087.smt2,sat,0.0
/meti-tarski/Chua/2/VC1/U/Chua-2-VC1-U-chunk-0084.smt2,unsat,0.0
/meti-tarski/Chua/2/VC1/U/Chua-2-VC1-U-chunk-0122.smt2,sat,0.0
/meti-tarski/Chua/2/VC1/U/Chua-2-VC1-U-chunk-0048.smt2,unsat,0.0
/meti-tarski/Chua/2/VC1/U/Chua-2-VC1-U-chunk-0015.smt2,unsat,0.0
/meti-tarski/Chua/2/VC1/U/Chua-2-VC1-U-chunk-0089.smt2,sat,0.0
/meti-tarski/Chua/2/VC1/U/Chua-2-VC1-U-chunk-0046.smt2,unsat,0.0
/meti-tarski/Chua/2/VC1/U/Chua-2-VC1-U-chunk-0060.smt2,sat,0.0
/meti-tarski/Chua/2/VC1/U/Chua-2-VC1-U-chunk-0032.smt2,sat,0.0
/meti-tarski/Chua/2/VC1/U/Chua-2-VC1-U-chunk-0101.smt2,sat,0.0
/meti-tarski/Chua/2/VC1/U/Chua-2-VC1-U-chunk-0018.smt2,sat,0.0
/meti-tarski/Chua/2/VC1/U/Chua-2-VC1-U-chunk-0094.smt2,sat,0.0
/meti-tarski/Chua/2/VC1/U/Chua-2-VC1-U-chunk-0020.smt2,sat,0.0
/meti-tarski/Chua/2/VC1/U/Chua-2-VC1-U-chunk-0019.smt2,sat,0.0
/meti-tarski/Chua/2/VC1/U/Chua-2-VC1-U-chunk-0029.smt2,sat,0.0
/meti-tarski/Chua/2/VC1/U/Chua-2-VC1-U-chunk-0031.smt2,sat,0.0
/meti-tarski/Chua/2/VC1/U/Chua-2-VC1-U-chunk-0026.smt2,unsat,0.0
/meti-tarski/Chua/2/VC1/U/Chua-2-VC1-U-chunk-0049.smt2,unsat,0.0
/meti-tarski/Chua/2/VC1/U/Chua-2-VC1-U-chunk-0096.smt2,sat,0.0
/meti-tarski/Chua/2/VC1/U/Chua-2-VC1-U-chunk-0073.smt2,sat,0.0
/meti-tarski/Chua/2/VC1/U/Chua-2-VC1-U-chunk-0030.smt2,sat,0.0
/meti-tarski/Chua/2/VC1/U/Chua-2-VC1-U-chunk-0057.smt2,sat,0.0
/meti-tarski/Chua/2/VC1/U/Chua-2-VC1-U-chunk-0068.smt2,unsat,0.0
/meti-tarski/Chua/2/VC1/U/Chua-2-VC1-U-chunk-0051.smt2,sat,0.0
/meti-tarski/Chua/2/VC1/U/Chua-2-VC1-U-chunk-0104.smt2,unsat,0.0
/meti-tarski/Chua/2/VC1/U/Chua-2-VC1-U-chunk-0035.smt2,sat,0.0
/meti-tarski/Chua/2/VC1/U/Chua-2-VC1-U-chunk-0102.smt2,sat,0.0
/meti-tarski/Chua/2/VC1/U/Chua-2-VC1-U-chunk-0062.smt2,sat,0.0
/meti-tarski/Chua/2/VC1/U/Chua-2-VC1-U-chunk-0053.smt2,sat,0.0
/meti-tarski/Chua/2/VC1/U/Chua-2-VC1-U-chunk-0022.smt2,sat,0.0
/meti-tarski/Chua/2/VC1/U/Chua-2-VC1-U-chunk-0099.smt2,unsat,0.0
/meti-tarski/Chua/2/VC1/U/Chua-2-VC1-U-chunk-0045.smt2,unsat,0.0
/meti-tarski/Chua/2/VC1/L/Chua-2-VC1-L-chunk-0120.smt2,unsat,0.0
/meti-tarski/Chua/2/VC1/L/Chua-2-VC1-L-chunk-0055.smt2,unsat,0.0
/meti-tarski/Chua/2/VC1/L/Chua-2-VC1-L-chunk-0100.smt2,sat,0.0
/meti-tarski/Chua/2/VC1/L/Chua-2-VC1-L-chunk-0096.smt2,sat,0.0
/meti-tarski/Chua/2/VC1/L/Chua-2-VC1-L-chunk-0098.smt2,sat,0.0
/meti-tarski/Chua/2/VC1/L/Chua-2-VC1-L-chunk-0057.smt2,unsat,0.0
/meti-tarski/Chua/2/VC1/L/Chua-2-VC1-L-chunk-0049.smt2,unsat,0.0
/meti-tarski/Chua/2/VC1/L/Chua-2-VC1-L-chunk-0092.smt2,sat,0.0
/meti-tarski/Chua/2/VC1/L/Chua-2-VC1-L-chunk-0034.smt2,sat,0.0
/meti-tarski/Chua/2/VC1/L/Chua-2-VC1-L-chunk-0099.smt2,sat,0.0
/meti-tarski/Chua/2/VC1/L/Chua-2-VC1-L-chunk-0042.smt2,sat,0.0
/meti-tarski/Chua/2/VC1/L/Chua-2-VC1-L-chunk-0126.smt2,sat,0.0
/meti-tarski/Chua/2/VC1/L/Chua-2-VC1-L-chunk-0073.smt2,unsat,0.0
/meti-tarski/Chua/2/VC1/L/Chua-2-VC1-L-chunk-0109.smt2,sat,0.0
/meti-tarski/Chua/2/VC1/L/Chua-2-VC1-L-chunk-0079.smt2,sat,0.0
/meti-tarski/Chua/2/VC1/L/Chua-2-VC1-L-chunk-0075.smt2,sat,0.0
/meti-tarski/Chua/2/VC1/L/Chua-2-VC1-L-chunk-0097.smt2,unsat,0.0
/meti-tarski/Chua/2/VC1/L/Chua-2-VC1-L-chunk-0095.smt2,sat,0.0
/meti-tarski/Chua/2/VC1/L/Chua-2-VC1-L-chunk-0113.smt2,sat,0.0
/meti-tarski/Chua/2/VC1/L/Chua-2-VC1-L-chunk-0103.smt2,unsat,0.0
/meti-tarski/Chua/2/VC1/L/Chua-2-VC1-L-chunk-0063.smt2,unsat,0.0
/meti-tarski/Chua/2/VC1/L/Chua-2-VC1-L-chunk-0039.smt2,sat,0.0
/meti-tarski/Chua/2/VC1/L/Chua-2-VC1-L-chunk-0093.smt2,sat,0.0
/meti-tarski/Chua/2/VC1/L/Chua-2-VC1-L-chunk-0071.smt2,sat,0.0
/meti-tarski/Chua/2/VC1/L/Chua-2-VC1-L-chunk-0067.smt2,sat,0.0
/meti-tarski/Chua/2/VC1/L/Chua-2-VC1-L-chunk-0068.smt2,sat,0.0
/meti-tarski/Chua/2/VC1/L/Chua-2-VC1-L-chunk-0108.smt2,sat,0.0
/meti-tarski/Chua/2/VC1/L/Chua-2-VC1-L-chunk-0025.smt2,sat,0.0
/meti-tarski/Chua/2/VC1/L/Chua-2-VC1-L-chunk-0101.smt2,unsat,0.0
/meti-tarski/Chua/2/VC1/L/Chua-2-VC1-L-chunk-0058.smt2,unsat,0.0
/meti-tarski/Chua/2/VC1/L/Chua-2-VC1-L-chunk-0115.smt2,sat,0.0
/meti-tarski/Chua/2/VC1/L/Chua-2-VC1-L-chunk-0125.smt2,unsat,0.0
/meti-tarski/Chua/2/VC1/L/Chua-2-VC1-L-chunk-0122.smt2,unsat,0.0
/meti-tarski/Chua/2/VC1/L/Chua-2-VC1-L-chunk-0085.smt2,sat,0.0
/meti-tarski/Chua/2/VC1/L/Chua-2-VC1-L-chunk-0106.smt2,unsat,0.0
/meti-tarski/Chua/2/VC1/L/Chua-2-VC1-L-chunk-0077.smt2,unsat,0.0
/meti-tarski/Chua/2/VC1/L/Chua-2-VC1-L-chunk-0028.smt2,sat,0.0
/meti-tarski/Chua/2/VC1/L/Chua-2-VC1-L-chunk-0052.smt2,sat,0.0
/meti-tarski/Chua/2/VC1/L/Chua-2-VC1-L-chunk-0117.smt2,sat,0.0
/meti-tarski/Chua/2/VC1/L/Chua-2-VC1-L-chunk-0088.smt2,unsat,0.0
/meti-tarski/Chua/2/VC1/L/Chua-2-VC1-L-chunk-0091.smt2,unsat,0.0
/meti-tarski/Chua/2/VC1/L/Chua-2-VC1-L-chunk-0119.smt2,sat,0.0
/meti-tarski/Chua/2/VC1/L/Chua-2-VC1-L-chunk-0102.smt2,sat,0.0
/meti-tarski/Chua/2/VC1/L/Chua-2-VC1-L-chunk-0023.smt2,sat,0.0
/meti-tarski/Chua/2/VC1/L/Chua-2-VC1-L-chunk-0045.smt2,unsat,0.0
/meti-tarski/Chua/2/VC1/L/Chua-2-VC1-L-chunk-0054.smt2,unsat,0.0
/meti-tarski/Chua/2/VC1/L/Chua-2-VC1-L-chunk-0078.smt2,sat,0.0
/meti-tarski/Chua/2/VC1/L/Chua-2-VC1-L-chunk-0047.smt2,unsat,0.0
/meti-tarski/Chua/2/VC1/L/Chua-2-VC1-L-chunk-0062.smt2,sat,0.0
/meti-tarski/Chua/2/VC1/L/Chua-2-VC1-L-chunk-0070.smt2,sat,0.0
/meti-tarski/Chua/2/VC1/L/Chua-2-VC1-L-chunk-0116.smt2,unsat,0.0
/meti-tarski/Chua/2/VC1/L/Chua-2-VC1-L-chunk-0061.smt2,sat,0.0
/meti-tarski/Chua/2/VC1/L/Chua-2-VC1-L-chunk-0066.smt2,sat,0.0
/meti-tarski/Chua/2/VC1/L/Chua-2-VC1-L-chunk-0074.smt2,sat,0.0
/meti-tarski/Chua/2/VC1/L/Chua-2-VC1-L-chunk-0060.smt2,unsat,0.0
/meti-tarski/Chua/2/VC1/L/Chua-2-VC1-L-chunk-0105.smt2,sat,0.0
/meti-tarski/Chua/2/VC1/L/Chua-2-VC1-L-chunk-0032.smt2,sat,0.0
/meti-tarski/Chua/2/VC1/L/Chua-2-VC1-L-chunk-0027.smt2,sat,0.0
/meti-tarski/Chua/2/VC1/L/Chua-2-VC1-L-chunk-0081.smt2,unsat,0.1
/meti-tarski/Chua/2/VC1/L/Chua-2-VC1-L-chunk-0123.smt2,sat,0.0
/meti-tarski/Chua/2/VC1/L/Chua-2-VC1-L-chunk-0083.smt2,unsat,0.0
/meti-tarski/Chua/2/VC1/L/Chua-2-VC1-L-chunk-0053.smt2,sat,0.0
/meti-tarski/Chua/2/VC1/L/Chua-2-VC1-L-chunk-0036.smt2,sat,0.0
/meti-tarski/Chua/2/VC1/L/Chua-2-VC1-L-chunk-0048.smt2,sat,0.0
/meti-tarski/Chua/2/VC1/L/Chua-2-VC1-L-chunk-0112.smt2,unsat,0.0
/meti-tarski/Chua/2/VC1/L/Chua-2-VC1-L-chunk-0072.smt2,sat,0.0
/meti-tarski/Chua/2/VC1/L/Chua-2-VC1-L-chunk-0059.smt2,sat,0.0
/meti-tarski/Chua/2/VC1/L/Chua-2-VC1-L-chunk-0076.smt2,sat,0.0
/meti-tarski/Chua/2/VC1/L/Chua-2-VC1-L-chunk-0064.smt2,sat,0.0
/meti-tarski/Chua/2/VC1/L/Chua-2-VC1-L-chunk-0110.smt2,unsat,0.0
/meti-tarski/Chua/2/VC1/L/Chua-2-VC1-L-chunk-0094.smt2,unsat,0.0
/meti-tarski/Chua/2/VC1/L/Chua-2-VC1-L-chunk-0069.smt2,unsat,0.0
/meti-tarski/Chua/2/VC1/L/Chua-2-VC1-L-chunk-0050.smt2,sat,0.0
/meti-tarski/Chua/2/VC1/L/Chua-2-VC1-L-chunk-0037.smt2,sat,0.0
/meti-tarski/Chua/2/VC1/L/Chua-2-VC1-L-chunk-0107.smt2,unsat,0.0
/meti-tarski/Chua/2/VC1/L/Chua-2-VC1-L-chunk-0029.smt2,sat,0.0
/meti-tarski/Chua/2/VC1/L/Chua-2-VC1-L-chunk-0038.smt2,sat,0.0
/meti-tarski/Chua/2/VC1/L/Chua-2-VC1-L-chunk-0128.smt2,sat,0.0
/meti-tarski/Chua/2/VC1/L/Chua-2-VC1-L-chunk-0124.smt2,sat,0.0
/meti-tarski/Chua/2/VC1/L/Chua-2-VC1-L-chunk-0127.smt2,sat,0.0
/meti-tarski/Chua/2/VC1/L/Chua-2-VC1-L-chunk-0089.smt2,sat,0.0
/meti-tarski/Chua/2/VC1/L/Chua-2-VC1-L-chunk-0086.smt2,unsat,0.0
/meti-tarski/Chua/2/VC1/L/Chua-2-VC1-L-chunk-0056.smt2,sat,0.0
/meti-tarski/Chua/2/VC1/L/Chua-2-VC1-L-chunk-0090.smt2,unsat,0.0
/meti-tarski/Chua/2/VC1/L/Chua-2-VC1-L-chunk-0021.smt2,sat,0.0
/meti-tarski/Chua/2/VC1/L/Chua-2-VC1-L-chunk-0129.smt2,unsat,0.0
/meti-tarski/Chua/2/VC1/L/Chua-2-VC1-L-chunk-0118.smt2,sat,0.0
/meti-tarski/Chua/2/VC1/L/Chua-2-VC1-L-chunk-0114.smt2,sat,0.0
/meti-tarski/Chua/2/VC1/L/Chua-2-VC1-L-chunk-0031.smt2,sat,0.0
/meti-tarski/Arthan/KM2/ArthanKM2-chunk-0008.smt2,unsat,0.0
/meti-tarski/Arthan/KM2/ArthanKM2-chunk-0003.smt2,sat,0.0
/meti-tarski/Arthan/KM2/ArthanKM2-chunk-0004.smt2,sat,0.0
/meti-tarski/Arthan/KM2/ArthanKM2-chunk-0007.smt2,sat,0.0
/meti-tarski/Arthan/KM2/ArthanKM2-chunk-0002.smt2,sat,0.0
/meti-tarski/Arthan/KM2/ArthanKM2-chunk-0005.smt2,sat,0.0
/meti-tarski/Arthan/1C/Arthan1C-chunk-0004.smt2,sat,0.0
/meti-tarski/Arthan/1C/Arthan1C-chunk-0002.smt2,sat,0.0
/meti-tarski/Arthan/1C/Arthan1C-chunk-0007.smt2,sat,0.0
/meti-tarski/Arthan/1C/Arthan1C-chunk-0008.smt2,unsat,0.0
/meti-tarski/Arthan/1C/Arthan1C-chunk-0005.smt2,sat,0.0
/meti-tarski/Arthan/1C/Arthan1C-chunk-0003.smt2,sat,0.0
/meti-tarski/Arthan/1A/Arthan1A-chunk-0023.smt2,unsat,0.09175515174865723
/meti-tarski/Arthan/1A/Arthan1A-chunk-0017.smt2,sat,0.0
/meti-tarski/Arthan/1A/Arthan1A-chunk-0022.smt2,sat,0.0
/meti-tarski/Arthan/1A/Arthan1A-chunk-0018.smt2,sat,0.0
/meti-tarski/Arthan/1A/Arthan1A-chunk-0020.smt2,sat,0.0
/meti-tarski/Arthan/1A/Arthan1A-chunk-0019.smt2,sat,0.0
/meti-tarski/Arthan/1A/Arthan1A-chunk-0021.smt2,sat,0.0
/meti-tarski/Arthan/M2/ArthanM2-chunk-0009.smt2,sat,0.0
/meti-tarski/Arthan/M2/ArthanM2-chunk-0007.smt2,sat,0.0
/meti-tarski/Arthan/M2/ArthanM2-chunk-0013.smt2,unsat,0.0
/meti-tarski/Arthan/M2/ArthanM2-chunk-0012.smt2,unsat,0.0
/meti-tarski/Arthan/M2/ArthanM2-chunk-0016.smt2,unsat,0.0
/meti-tarski/Arthan/M2/ArthanM2-chunk-0010.smt2,unsat,0.0
/meti-tarski/Arthan/M2/ArthanM2-chunk-0015.smt2,unsat,0.4
/meti-tarski/Arthan/M2/ArthanM2-chunk-0005.smt2,sat,0.0
/meti-tarski/Lyapunov/Lyapunov1a-chunk-0011.smt2,sat,0.0
/meti-tarski/Lyapunov/Lyapunov1a-chunk-0009.smt2,sat,0.0
/meti-tarski/Lyapunov/Lyapunov1a-chunk-0005.smt2,sat,0.0
/meti-tarski/Lyapunov/Lyapunov1a-chunk-0004.smt2,sat,0.0
/meti-tarski/Lyapunov/Lyapunov1a-chunk-0003.smt2,sat,0.0
/meti-tarski/Lyapunov/Lyapunov1a-chunk-0028.smt2,unsat,0.0
/meti-tarski/Lyapunov/Lyapunov1a-chunk-0017.smt2,sat,0.0
/meti-tarski/Lyapunov/Lyapunov1a-chunk-0039.smt2,sat,0.0
/meti-tarski/Lyapunov/Lyapunov1a-chunk-0018.smt2,sat,0.0
/meti-tarski/Lyapunov/Lyapunov1a-chunk-0002.smt2,sat,0.0
/meti-tarski/Lyapunov/Lyapunov1a-chunk-0020.smt2,sat,0.0
/meti-tarski/Lyapunov/Lyapunov1a-chunk-0032.smt2,sat,0.0
/meti-tarski/Lyapunov/Lyapunov1a-chunk-0040.smt2,unsat,0.0
/meti-tarski/Lyapunov/Lyapunov1a-chunk-0021.smt2,sat,0.0
/meti-tarski/Lyapunov/Lyapunov1a-chunk-0006.smt2,unsat,0.0
/meti-tarski/Lyapunov/Lyapunov1a-chunk-0023.smt2,unsat,0.0
/meti-tarski/Lyapunov/Lyapunov1a-chunk-0037.smt2,unsat,0.0
/meti-tarski/Lyapunov/Lyapunov1a-chunk-0012.smt2,sat,0.0
/meti-tarski/Lyapunov/Lyapunov1a-chunk-0022.smt2,unsat,0.0
/meti-tarski/Lyapunov/Lyapunov1a-chunk-0010.smt2,sat,0.0
/meti-tarski/Lyapunov/Lyapunov1a-chunk-0033.smt2,unsat,0.0
/meti-tarski/Lyapunov/Lyapunov1a-chunk-0027.smt2,sat,0.0
/meti-tarski/Lyapunov/Lyapunov1a-chunk-0029.smt2,sat,0.0
/meti-tarski/Lyapunov/Lyapunov1a-chunk-0038.smt2,unsat,0.0
/meti-tarski/Lyapunov/Lyapunov1a-chunk-0034.smt2,sat,0.0
/meti-tarski/Lyapunov/Lyapunov1a-chunk-0008.smt2,sat,0.0
/meti-tarski/Lyapunov/Lyapunov1a-chunk-0042.smt2,sat,0.0
/meti-tarski/Lyapunov/Lyapunov1a-chunk-0019.smt2,sat,0.0
/meti-tarski/Lyapunov/Lyapunov1a-chunk-0007.smt2,sat,0.0
/meti-tarski/Lyapunov/Lyapunov1a-chunk-0041.smt2,unsat,0.0
/meti-tarski/Lyapunov/Lyapunov1a-chunk-0025.smt2,sat,0.0
/meti-tarski/Lyapunov/Lyapunov1a-chunk-0013.smt2,sat,0.0
/meti-tarski/Lyapunov/Lyapunov1a-chunk-0015.smt2,sat,0.0
/meti-tarski/Lyapunov/Lyapunov1a-chunk-0031.smt2,sat,0.0
/meti-tarski/Lyapunov/Lyapunov1a-chunk-0024.smt2,sat,0.0
/meti-tarski/Lyapunov/Lyapunov1a-chunk-0016.smt2,sat,0.0
/meti-tarski/Lyapunov/Lyapunov1a-chunk-0036.smt2,sat,0.0
/meti-tarski/Lyapunov/Lyapunov1a-chunk-0035.smt2,sat,0.0
/meti-tarski/Lyapunov/Lyapunov1a-chunk-0014.smt2,sat,0.0
/meti-tarski/Lyapunov/Lyapunov1a-chunk-0026.smt2,unsat,0.0
/meti-tarski/polypaver/bench-exp-3d/polypaver-bench-exp-3d-chunk-0083.smt2,unsat,0.0
/meti-tarski/polypaver/bench-exp-3d/polypaver-bench-exp-3d-chunk-0143.smt2,unsat,0.0
/meti-tarski/polypaver/bench-exp-3d/polypaver-bench-exp-3d-chunk-0134.smt2,sat,0.0
/meti-tarski/polypaver/bench-exp-3d/polypaver-bench-exp-3d-chunk-0023.smt2,sat,0.0
/meti-tarski/polypaver/bench-exp-3d/polypaver-bench-exp-3d-chunk-0091.smt2,sat,0.0
/meti-tarski/polypaver/bench-exp-3d/polypaver-bench-exp-3d-chunk-0082.smt2,sat,0.0
/meti-tarski/polypaver/bench-exp-3d/polypaver-bench-exp-3d-chunk-0131.smt2,sat,0.0
/meti-tarski/polypaver/bench-exp-3d/polypaver-bench-exp-3d-chunk-0109.smt2,unsat,0.0
/meti-tarski/polypaver/bench-exp-3d/polypaver-bench-exp-3d-chunk-0081.smt2,unsat,0.0
/meti-tarski/polypaver/bench-exp-3d/polypaver-bench-exp-3d-chunk-0104.smt2,unsat,0.0
/meti-tarski/polypaver/bench-exp-3d/polypaver-bench-exp-3d-chunk-0086.smt2,sat,0.0
/meti-tarski/polypaver/bench-exp-3d/polypaver-bench-exp-3d-chunk-0024.smt2,unsat,0.0
/meti-tarski/polypaver/bench-exp-3d/polypaver-bench-exp-3d-chunk-0063.smt2,unsat,0.0
/meti-tarski/polypaver/bench-exp-3d/polypaver-bench-exp-3d-chunk-0149.smt2,sat,0.0
/meti-tarski/polypaver/bench-exp-3d/polypaver-bench-exp-3d-chunk-0068.smt2,unsat,0.0
/meti-tarski/polypaver/bench-exp-3d/polypaver-bench-exp-3d-chunk-0030.smt2,unsat,0.0
/meti-tarski/polypaver/bench-exp-3d/polypaver-bench-exp-3d-chunk-0138.smt2,unsat,0.0
/meti-tarski/polypaver/bench-exp-3d/polypaver-bench-exp-3d-chunk-0110.smt2,sat,0.0
/meti-tarski/polypaver/bench-exp-3d/polypaver-bench-exp-3d-chunk-0075.smt2,sat,0.0
/meti-tarski/polypaver/bench-exp-3d/polypaver-bench-exp-3d-chunk-0141.smt2,unsat,0.0
/meti-tarski/polypaver/bench-exp-3d/polypaver-bench-exp-3d-chunk-0123.smt2,unsat,0.0
/meti-tarski/polypaver/bench-exp-3d/polypaver-bench-exp-3d-chunk-0025.smt2,unsat,0.0
/meti-tarski/polypaver/bench-exp-3d/polypaver-bench-exp-3d-chunk-0148.smt2,sat,0.0
/meti-tarski/polypaver/bench-exp-3d/polypaver-bench-exp-3d-chunk-0125.smt2,sat,0.0
/meti-tarski/polypaver/bench-exp-3d/polypaver-bench-exp-3d-chunk-0079.smt2,unsat,0.0
/meti-tarski/polypaver/bench-exp-3d/polypaver-bench-exp-3d-chunk-0128.smt2,sat,0.0
/meti-tarski/polypaver/bench-exp-3d/polypaver-bench-exp-3d-chunk-0066.smt2,sat,0.0
/meti-tarski/polypaver/bench-exp-3d/polypaver-bench-exp-3d-chunk-0078.smt2,sat,0.0
/meti-tarski/polypaver/bench-exp-3d/polypaver-bench-exp-3d-chunk-0129.smt2,sat,0.0
/meti-tarski/polypaver/bench-exp-3d/polypaver-bench-exp-3d-chunk-0028.smt2,sat,0.0
/meti-tarski/polypaver/bench-exp-3d/polypaver-bench-exp-3d-chunk-0029.smt2,sat,0.0
/meti-tarski/polypaver/bench-exp-3d/polypaver-bench-exp-3d-chunk-0122.smt2,sat,0.0
/meti-tarski/polypaver/bench-exp-3d/polypaver-bench-exp-3d-chunk-0084.smt2,sat,0.0
/meti-tarski/polypaver/bench-exp-3d/polypaver-bench-exp-3d-chunk-0062.smt2,sat,0.0
/meti-tarski/polypaver/bench-exp-3d/polypaver-bench-exp-3d-chunk-0132.smt2,sat,0.0
/meti-tarski/polypaver/bench-exp-3d/polypaver-bench-exp-3d-chunk-0120.smt2,sat,0.0
/meti-tarski/polypaver/bench-exp-3d/polypaver-bench-exp-3d-chunk-0111.smt2,sat,0.0
/meti-tarski/polypaver/bench-exp-3d/polypaver-bench-exp-3d-chunk-0064.smt2,sat,0.0
/meti-tarski/polypaver/bench-exp-3d/polypaver-bench-exp-3d-chunk-0065.smt2,sat,0.0
/meti-tarski/polypaver/bench-exp-3d/polypaver-bench-exp-3d-chunk-0121.smt2,unsat,0.0
/meti-tarski/polypaver/bench-exp-3d/polypaver-bench-exp-3d-chunk-0108.smt2,sat,0.0
/meti-tarski/polypaver/bench-exp-3d/polypaver-bench-exp-3d-chunk-0139.smt2,sat,0.0
/meti-tarski/polypaver/bench-exp-3d/polypaver-bench-exp-3d-chunk-0105.smt2,unsat,0.0
/meti-tarski/polypaver/bench-exp-3d/polypaver-bench-exp-3d-chunk-0093.smt2,sat,0.0
/meti-tarski/polypaver/bench-exp-3d/polypaver-bench-exp-3d-chunk-0067.smt2,unsat,0.0
/meti-tarski/polypaver/bench-exp-3d/polypaver-bench-exp-3d-chunk-0119.smt2,unsat,0.0
/meti-tarski/polypaver/bench-exp-3d/polypaver-bench-exp-3d-chunk-0085.smt2,unsat,0.0
/meti-tarski/polypaver/bench-exp-3d/polypaver-bench-exp-3d-chunk-0135.smt2,unsat,0.0
/meti-tarski/polypaver/bench-exp-3d/polypaver-bench-exp-3d-chunk-0140.smt2,sat,0.0
/meti-tarski/polypaver/bench-exp-3d/polypaver-bench-exp-3d-chunk-0130.smt2,unsat,0.0
/meti-tarski/polypaver/bench-exp-3d/polypaver-bench-exp-3d-chunk-0094.smt2,sat,0.0
/meti-tarski/polypaver/bench-exp-3d/polypaver-bench-exp-3d-chunk-0092.smt2,unsat,0.0
/meti-tarski/polypaver/bench-exp-3d/polypaver-bench-exp-3d-chunk-0080.smt2,sat,0.0
/meti-tarski/polypaver/bench-exp-3d/polypaver-bench-exp-3d-chunk-0127.smt2,sat,0.0
/meti-tarski/polypaver/bench-exp-3d/polypaver-bench-exp-3d-chunk-0118.smt2,sat,0.0
/meti-tarski/polypaver/bench-exp-3d/polypaver-bench-exp-3d-chunk-0074.smt2,sat,0.0
/meti-tarski/polypaver/bench-exp-3d/polypaver-bench-exp-3d-chunk-0072.smt2,sat,0.0
/meti-tarski/polypaver/bench-exp-3d/polypaver-bench-exp-3d-chunk-0126.smt2,sat,0.0
/meti-tarski/polypaver/bench-exp-3d/polypaver-bench-exp-3d-chunk-0106.smt2,sat,0.0
/meti-tarski/polypaver/bench-exp-3d/polypaver-bench-exp-3d-chunk-0133.smt2,unsat,0.0
/meti-tarski/polypaver/sqrt43-int/polypaver-sqrt43-int-chunk-0049.smt2,sat,0.0
/meti-tarski/polypaver/sqrt43-int/polypaver-sqrt43-int-chunk-0050.smt2,sat,0.0
/meti-tarski/polypaver/sqrt43-int/polypaver-sqrt43-int-chunk-0052.smt2,sat,0.0
/meti-tarski/polypaver/sqrt43-int/3vars/polypaver-sqrt43-int-3vars-chunk-0040.smt2,sat,0.0
/meti-tarski/polypaver/sqrt43-int/3vars/polypaver-sqrt43-int-3vars-chunk-0049.smt2,unsat,0.0
/meti-tarski/polypaver/sqrt43-int/3vars/polypaver-sqrt43-int-3vars-chunk-0108.smt2,sat,0.0
/meti-tarski/polypaver/sqrt43-int/3vars/polypaver-sqrt43-int-3vars-chunk-0118.smt2,unsat,0.0
/meti-tarski/polypaver/sqrt43-int/3vars/polypaver-sqrt43-int-3vars-chunk-0067.smt2,sat,0.0
/meti-tarski/polypaver/sqrt43-int/3vars/polypaver-sqrt43-int-3vars-chunk-0034.smt2,sat,0.0
/meti-tarski/polypaver/sqrt43-int/3vars/polypaver-sqrt43-int-3vars-chunk-0030.smt2,sat,0.0
/meti-tarski/polypaver/sqrt43-int/3vars/polypaver-sqrt43-int-3vars-chunk-0103.smt2,unsat,0.0
/meti-tarski/polypaver/sqrt43-int/3vars/polypaver-sqrt43-int-3vars-chunk-0123.smt2,unsat,0.0
/meti-tarski/polypaver/sqrt43-int/3vars/polypaver-sqrt43-int-3vars-chunk-0043.smt2,unsat,0.0
/meti-tarski/polypaver/sqrt43-int/3vars/polypaver-sqrt43-int-3vars-chunk-0105.smt2,unsat,0.0
/meti-tarski/polypaver/sqrt43-int/3vars/polypaver-sqrt43-int-3vars-chunk-0088.smt2,unsat,0.0
/meti-tarski/polypaver/sqrt43-int/3vars/polypaver-sqrt43-int-3vars-chunk-0032.smt2,unsat,0.0
/meti-tarski/polypaver/sqrt43-int/3vars/polypaver-sqrt43-int-3vars-chunk-0072.smt2,sat,0.0
/meti-tarski/polypaver/sqrt43-int/3vars/polypaver-sqrt43-int-3vars-chunk-0090.smt2,sat,0.0
/meti-tarski/polypaver/sqrt43-int/3vars/polypaver-sqrt43-int-3vars-chunk-0129.smt2,sat,0.0
/meti-tarski/polypaver/sqrt43-int/3vars/polypaver-sqrt43-int-3vars-chunk-0048.smt2,unsat,0.0
/meti-tarski/polypaver/sqrt43-int/3vars/polypaver-sqrt43-int-3vars-chunk-0132.smt2,unsat,0.0
/meti-tarski/polypaver/sqrt43-int/3vars/polypaver-sqrt43-int-3vars-chunk-0092.smt2,sat,0.0
/meti-tarski/polypaver/sqrt43-int/3vars/polypaver-sqrt43-int-3vars-chunk-0075.smt2,sat,0.0
/meti-tarski/polypaver/sqrt43-int/3vars/polypaver-sqrt43-int-3vars-chunk-0045.smt2,unsat,0.0
/meti-tarski/polypaver/sqrt43-int/3vars/polypaver-sqrt43-int-3vars-chunk-0125.smt2,sat,0.0
/meti-tarski/polypaver/sqrt43-int/3vars/polypaver-sqrt43-int-3vars-chunk-0083.smt2,sat,0.0
/meti-tarski/polypaver/sqrt43-int/3vars/polypaver-sqrt43-int-3vars-chunk-0094.smt2,sat,0.0
/meti-tarski/polypaver/sqrt43-int/3vars/polypaver-sqrt43-int-3vars-chunk-0081.smt2,sat,0.0
/meti-tarski/polypaver/sqrt43-int/3vars/polypaver-sqrt43-int-3vars-chunk-0038.smt2,unsat,0.0
/meti-tarski/polypaver/sqrt43-int/3vars/polypaver-sqrt43-int-3vars-chunk-0046.smt2,sat,0.0
/meti-tarski/polypaver/sqrt43-int/3vars/polypaver-sqrt43-int-3vars-chunk-0026.smt2,sat,0.0
/meti-tarski/polypaver/sqrt43-int/3vars/polypaver-sqrt43-int-3vars-chunk-0084.smt2,sat,0.0
/meti-tarski/polypaver/sqrt43-int/3vars/polypaver-sqrt43-int-3vars-chunk-0019.smt2,sat,0.0
/meti-tarski/polypaver/sqrt43-int/3vars/polypaver-sqrt43-int-3vars-chunk-0096.smt2,unsat,0.0
/meti-tarski/polypaver/sqrt43-int/3vars/polypaver-sqrt43-int-3vars-chunk-0098.smt2,sat,0.0
/meti-tarski/polypaver/sqrt43-int/3vars/polypaver-sqrt43-int-3vars-chunk-0028.smt2,sat,0.0
/meti-tarski/polypaver/sqrt43-int/3vars/polypaver-sqrt43-int-3vars-chunk-0099.smt2,sat,0.0
/meti-tarski/polypaver/sqrt43-int/3vars/polypaver-sqrt43-int-3vars-chunk-0126.smt2,unsat,0.0
/meti-tarski/polypaver/sqrt43-int/3vars/polypaver-sqrt43-int-3vars-chunk-0041.smt2,sat,0.0
/meti-tarski/polypaver/sqrt43-int/3vars/polypaver-sqrt43-int-3vars-chunk-0076.smt2,sat,0.0
/meti-tarski/polypaver/sqrt43-int/3vars/polypaver-sqrt43-int-3vars-chunk-0073.smt2,unsat,0.0
/meti-tarski/polypaver/sqrt43-int/3vars/polypaver-sqrt43-int-3vars-chunk-0020.smt2,sat,0.0
/meti-tarski/polypaver/sqrt43-int/3vars/polypaver-sqrt43-int-3vars-chunk-0121.smt2,sat,0.0
/meti-tarski/polypaver/sqrt43-int/3vars/polypaver-sqrt43-int-3vars-chunk-0112.smt2,unsat,0.0
/meti-tarski/polypaver/sqrt43-int/3vars/polypaver-sqrt43-int-3vars-chunk-0128.smt2,unsat,0.0
/meti-tarski/polypaver/sqrt43-int/3vars/polypaver-sqrt43-int-3vars-chunk-0029.smt2,sat,0.0
/meti-tarski/polypaver/sqrt43-int/3vars/polypaver-sqrt43-int-3vars-chunk-0077.smt2,unsat,0.0
/meti-tarski/polypaver/sqrt43-int/3vars/polypaver-sqrt43-int-3vars-chunk-0070.smt2,sat,0.0
/meti-tarski/polypaver/sqrt43-int/3vars/polypaver-sqrt43-int-3vars-chunk-0131.smt2,unsat,0.0
/meti-tarski/polypaver/sqrt43-int/3vars/polypaver-sqrt43-int-3vars-chunk-0023.smt2,unsat,0.0
/meti-tarski/polypaver/sqrt43-int/3vars/polypaver-sqrt43-int-3vars-chunk-0109.smt2,unsat,0.0
/meti-tarski/polypaver/sqrt43-int/3vars/polypaver-sqrt43-int-3vars-chunk-0031.smt2,sat,0.0
/meti-tarski/polypaver/sqrt43-int/3vars/polypaver-sqrt43-int-3vars-chunk-0017.smt2,sat,0.0
/meti-tarski/polypaver/sqrt43-int/3vars/polypaver-sqrt43-int-3vars-chunk-0022.smt2,sat,0.0
/meti-tarski/polypaver/sqrt43-int/3vars/polypaver-sqrt43-int-3vars-chunk-0027.smt2,unsat,0.0
/meti-tarski/polypaver/sqrt43-int/3vars/polypaver-sqrt43-int-3vars-chunk-0025.smt2,sat,0.0
/meti-tarski/polypaver/sqrt43-int/3vars/polypaver-sqrt43-int-3vars-chunk-0080.smt2,sat,0.0
/meti-tarski/polypaver/sqrt43-int/3vars/polypaver-sqrt43-int-3vars-chunk-0101.smt2,unsat,0.0
/meti-tarski/polypaver/sqrt43-int/3vars/polypaver-sqrt43-int-3vars-chunk-0069.smt2,sat,0.0
/meti-tarski/polypaver/sqrt43-int/3vars/polypaver-sqrt43-int-3vars-chunk-0086.smt2,sat,0.0
/meti-tarski/polypaver/sqrt43-int/3vars/polypaver-sqrt43-int-3vars-chunk-0115.smt2,sat,0.0
/meti-tarski/polypaver/sqrt43-int/3vars/polypaver-sqrt43-int-3vars-chunk-0114.smt2,sat,0.0
/meti-tarski/polypaver/sqrt43-int/3vars/polypaver-sqrt43-int-3vars-chunk-0082.smt2,unsat,0.0
/meti-tarski/polypaver/sqrt43-int/3vars/polypaver-sqrt43-int-3vars-chunk-0036.smt2,sat,0.0
/meti-tarski/polypaver/sqrt43-int/3vars/polypaver-sqrt43-int-3vars-chunk-0119.smt2,sat,0.0
/meti-tarski/polypaver/sqrt43-int/3vars/polypaver-sqrt43-int-3vars-chunk-0106.smt2,sat,0.0
/meti-tarski/polypaver/sqrt43-int/3vars/polypaver-sqrt43-int-3vars-chunk-0078.smt2,sat,0.0
/meti-tarski/polypaver/sqrt43-int/3vars/polypaver-sqrt43-int-3vars-chunk-0093.smt2,sat,0.0
/meti-tarski/polypaver/sqrt43-int/3vars/polypaver-sqrt43-int-3vars-chunk-0079.smt2,sat,0.0
/meti-tarski/polypaver/sqrt43-int/3vars/polypaver-sqrt43-int-3vars-chunk-0033.smt2,sat,0.0
/meti-tarski/polypaver/sqrt43-int/polypaver-sqrt43-int-chunk-0047.smt2,sat,0.0
/meti-tarski/polypaver/sqrt43-int/4vars/polypaver-sqrt43-int-4vars-chunk-0029.smt2,unsat,0.0
/meti-tarski/polypaver/sqrt43-int/4vars/polypaver-sqrt43-int-4vars-chunk-0025.smt2,sat,0.0
/meti-tarski/polypaver/sqrt43-int/4vars/polypaver-sqrt43-int-4vars-chunk-0032.smt2,sat,0.0
/meti-tarski/polypaver/sqrt43-int/4vars/polypaver-sqrt43-int-4vars-chunk-0023.smt2,sat,0.0
/meti-tarski/polypaver/sqrt43-int/4vars/polypaver-sqrt43-int-4vars-chunk-0031.smt2,sat,0.0
/meti-tarski/polypaver/sqrt43-int/4vars/polypaver-sqrt43-int-4vars-chunk-0033.smt2,unsat,0.0
/meti-tarski/polypaver/sqrt43-int/4vars/polypaver-sqrt43-int-4vars-chunk-0028.smt2,sat,0.0
/meti-tarski/polypaver/sqrt43-int/4vars/polypaver-sqrt43-int-4vars-chunk-0026.smt2,sat,0.0
/meti-tarski/polypaver/sqrt43-int/polypaver-sqrt43-int-chunk-0053.smt2,unsat,0.0
/meti-tarski/polypaver/sqrt-circles/2a/polypaver-sqrt-circles-2a-chunk-0017.smt2,unsat,0.0
/meti-tarski/polypaver/sqrt-circles/2a/polypaver-sqrt-circles-2a-chunk-0015.smt2,sat,0.0
/meti-tarski/polypaver/sqrt-circles/2a/polypaver-sqrt-circles-2a-chunk-0016.smt2,sat,0.0
/meti-tarski/polypaver/sqrt-circles/2a/polypaver-sqrt-circles-2a-chunk-0014.smt2,sat,0.0
/meti-tarski/polypaver/sqrt-circles/1a/polypaver-sqrt-circles-1a-chunk-0011.smt2,sat,0.0
/meti-tarski/polypaver/sqrt-circles/1a/polypaver-sqrt-circles-1a-chunk-0012.smt2,unsat,0.0
/meti-tarski/polypaver/sqrt-circles/1a/polypaver-sqrt-circles-1a-chunk-0010.smt2,sat,0.0
/meti-tarski/polypaver/sqrt-circles/1a/polypaver-sqrt-circles-1a-chunk-0009.smt2,sat,0.0
/meti-tarski/polypaver/bench-sqrt-3d/polypaver-bench-sqrt-3d-chunk-0512.smt2,sat,0.0
/meti-tarski/polypaver/bench-sqrt-3d/polypaver-bench-sqrt-3d-chunk-0414.smt2,unsat,0.0
/meti-tarski/polypaver/bench-sqrt-3d/polypaver-bench-sqrt-3d-chunk-0509.smt2,sat,0.0
/meti-tarski/polypaver/bench-sqrt-3d/polypaver-bench-sqrt-3d-chunk-0473.smt2,sat,0.0
/meti-tarski/polypaver/bench-sqrt-3d/polypaver-bench-sqrt-3d-chunk-0173.smt2,unsat,0.0
/meti-tarski/polypaver/bench-sqrt-3d/polypaver-bench-sqrt-3d-chunk-0298.smt2,sat,0.0
/meti-tarski/polypaver/bench-sqrt-3d/polypaver-bench-sqrt-3d-chunk-0431.smt2,unsat,0.0
/meti-tarski/polypaver/bench-sqrt-3d/polypaver-bench-sqrt-3d-chunk-0489.smt2,sat,0.0
/meti-tarski/polypaver/bench-sqrt-3d/polypaver-bench-sqrt-3d-chunk-0412.smt2,sat,0.0
/meti-tarski/polypaver/bench-sqrt-3d/polypaver-bench-sqrt-3d-chunk-0111.smt2,sat,0.0
/meti-tarski/polypaver/bench-sqrt-3d/polypaver-bench-sqrt-3d-chunk-0166.smt2,sat,0.0
/meti-tarski/polypaver/bench-sqrt-3d/polypaver-bench-sqrt-3d-chunk-0185.smt2,sat,0.0
/meti-tarski/polypaver/bench-sqrt-3d/polypaver-bench-sqrt-3d-chunk-0110.smt2,unsat,0.0
/meti-tarski/polypaver/bench-sqrt-3d/polypaver-bench-sqrt-3d-chunk-0315.smt2,unsat,0.0
/meti-tarski/polypaver/bench-sqrt-3d/polypaver-bench-sqrt-3d-chunk-0099.smt2,unsat,0.0
/meti-tarski/polypaver/bench-sqrt-3d/polypaver-bench-sqrt-3d-chunk-0370.smt2,sat,0.0
/meti-tarski/polypaver/bench-sqrt-3d/polypaver-bench-sqrt-3d-chunk-0228.smt2,sat,0.0
/meti-tarski/polypaver/bench-sqrt-3d/polypaver-bench-sqrt-3d-chunk-0458.smt2,sat,0.0
/meti-tarski/polypaver/bench-sqrt-3d/polypaver-bench-sqrt-3d-chunk-0284.smt2,unsat,0.0
/meti-tarski/polypaver/bench-sqrt-3d/polypaver-bench-sqrt-3d-chunk-0401.smt2,unsat,0.0
/meti-tarski/polypaver/bench-sqrt-3d/polypaver-bench-sqrt-3d-chunk-0330.smt2,sat,0.0
/meti-tarski/polypaver/bench-sqrt-3d/polypaver-bench-sqrt-3d-chunk-0445.smt2,unsat,0.0
/meti-tarski/polypaver/bench-sqrt-3d/polypaver-bench-sqrt-3d-chunk-0247.smt2,sat,0.0
/meti-tarski/polypaver/bench-sqrt-3d/polypaver-bench-sqrt-3d-chunk-0319.smt2,unsat,0.0
/meti-tarski/polypaver/bench-sqrt-3d/polypaver-bench-sqrt-3d-chunk-0378.smt2,unsat,0.0
/meti-tarski/polypaver/bench-sqrt-3d/polypaver-bench-sqrt-3d-chunk-0439.smt2,sat,0.0
/meti-tarski/polypaver/bench-sqrt-3d/polypaver-bench-sqrt-3d-chunk-0328.smt2,sat,0.0
/meti-tarski/polypaver/bench-sqrt-3d/polypaver-bench-sqrt-3d-chunk-0343.smt2,unsat,0.0
/meti-tarski/polypaver/bench-sqrt-3d/polypaver-bench-sqrt-3d-chunk-0387.smt2,sat,0.0
/meti-tarski/polypaver/bench-sqrt-3d/polypaver-bench-sqrt-3d-chunk-0468.smt2,sat,0.0
/meti-tarski/polypaver/bench-sqrt-3d/polypaver-bench-sqrt-3d-chunk-0266.smt2,unsat,0.0
/meti-tarski/polypaver/bench-sqrt-3d/polypaver-bench-sqrt-3d-chunk-0338.smt2,sat,0.0
/meti-tarski/polypaver/bench-sqrt-3d/polypaver-bench-sqrt-3d-chunk-0285.smt2,sat,0.0
/meti-tarski/polypaver/bench-sqrt-3d/polypaver-bench-sqrt-3d-chunk-0520.smt2,sat,0.0
/meti-tarski/polypaver/bench-sqrt-3d/polypaver-bench-sqrt-3d-chunk-0251.smt2,sat,0.0
/meti-tarski/polypaver/bench-sqrt-3d/polypaver-bench-sqrt-3d-chunk-0163.smt2,unsat,0.0
/meti-tarski/polypaver/bench-sqrt-3d/polypaver-bench-sqrt-3d-chunk-0519.smt2,sat,0.0
/meti-tarski/polypaver/bench-sqrt-3d/polypaver-bench-sqrt-3d-chunk-0098.smt2,unsat,0.0
/meti-tarski/polypaver/bench-sqrt-3d/polypaver-bench-sqrt-3d-chunk-0339.smt2,sat,0.0
/meti-tarski/polypaver/bench-sqrt-3d/polypaver-bench-sqrt-3d-chunk-0511.smt2,sat,0.0
/meti-tarski/polypaver/bench-sqrt-3d/polypaver-bench-sqrt-3d-chunk-0200.smt2,sat,0.0
/meti-tarski/polypaver/bench-sqrt-3d/polypaver-bench-sqrt-3d-chunk-0278.smt2,sat,0.0
/meti-tarski/polypaver/bench-sqrt-3d/polypaver-bench-sqrt-3d-chunk-0087.smt2,sat,0.0
/meti-tarski/polypaver/bench-sqrt-3d/polypaver-bench-sqrt-3d-chunk-0456.smt2,unsat,0.0
/meti-tarski/polypaver/bench-sqrt-3d/polypaver-bench-sqrt-3d-chunk-0513.smt2,unsat,0.0
/meti-tarski/polypaver/bench-sqrt-3d/polypaver-bench-sqrt-3d-chunk-0407.smt2,sat,0.0
/meti-tarski/polypaver/bench-sqrt-3d/polypaver-bench-sqrt-3d-chunk-0516.smt2,sat,0.0
/meti-tarski/polypaver/bench-sqrt-3d/polypaver-bench-sqrt-3d-chunk-0381.smt2,sat,0.0
/meti-tarski/polypaver/bench-sqrt-3d/polypaver-bench-sqrt-3d-chunk-0094.smt2,unsat,0.0
/meti-tarski/polypaver/bench-sqrt-3d/polypaver-bench-sqrt-3d-chunk-0097.smt2,sat,0.0
/meti-tarski/polypaver/bench-sqrt-3d/polypaver-bench-sqrt-3d-chunk-0020.smt2,sat,0.0
/meti-tarski/polypaver/bench-sqrt-3d/polypaver-bench-sqrt-3d-chunk-0420.smt2,sat,0.0
/meti-tarski/polypaver/bench-sqrt-3d/polypaver-bench-sqrt-3d-chunk-0425.smt2,unsat,0.0
/meti-tarski/polypaver/bench-sqrt-3d/polypaver-bench-sqrt-3d-chunk-0508.smt2,sat,0.0
/meti-tarski/polypaver/bench-sqrt-3d/polypaver-bench-sqrt-3d-chunk-0265.smt2,unsat,0.0
/meti-tarski/polypaver/bench-sqrt-3d/polypaver-bench-sqrt-3d-chunk-0261.smt2,sat,0.0
/meti-tarski/polypaver/bench-sqrt-3d/polypaver-bench-sqrt-3d-chunk-0380.smt2,unsat,0.0
/meti-tarski/polypaver/bench-sqrt-3d/polypaver-bench-sqrt-3d-chunk-0400.smt2,sat,0.0
/meti-tarski/polypaver/bench-sqrt-3d/polypaver-bench-sqrt-3d-chunk-0379.smt2,sat,0.0
/meti-tarski/polypaver/bench-sqrt-3d/polypaver-bench-sqrt-3d-chunk-0277.smt2,sat,0.0
/meti-tarski/polypaver/bench-sqrt-3d/polypaver-bench-sqrt-3d-chunk-0422.smt2,sat,0.0
/meti-tarski/polypaver/bench-sqrt-3d/polypaver-bench-sqrt-3d-chunk-0071.smt2,unsat,0.0
/meti-tarski/polypaver/bench-sqrt-3d/polypaver-bench-sqrt-3d-chunk-0270.smt2,sat,0.0
/meti-tarski/polypaver/bench-sqrt-3d/polypaver-bench-sqrt-3d-chunk-0329.smt2,sat,0.0
/meti-tarski/polypaver/bench-sqrt-3d/polypaver-bench-sqrt-3d-chunk-0365.smt2,sat,0.0
/meti-tarski/polypaver/bench-sqrt-3d/polypaver-bench-sqrt-3d-chunk-0296.smt2,sat,0.0
/meti-tarski/polypaver/bench-sqrt-3d/polypaver-bench-sqrt-3d-chunk-0264.smt2,sat,0.0
/meti-tarski/polypaver/bench-sqrt-3d/polypaver-bench-sqrt-3d-chunk-0491.smt2,sat,0.0
/meti-tarski/polypaver/bench-sqrt-3d/polypaver-bench-sqrt-3d-chunk-0369.smt2,sat,0.0
/meti-tarski/polypaver/bench-sqrt-3d/polypaver-bench-sqrt-3d-chunk-0384.smt2,sat,0.0
/meti-tarski/polypaver/bench-sqrt-3d/polypaver-bench-sqrt-3d-chunk-0432.smt2,sat,0.0
/meti-tarski/polypaver/bench-sqrt-3d/polypaver-bench-sqrt-3d-chunk-0353.smt2,sat,0.0
/meti-tarski/polypaver/bench-sqrt-3d/polypaver-bench-sqrt-3d-chunk-0317.smt2,sat,0.0
/meti-tarski/polypaver/bench-sqrt-3d/polypaver-bench-sqrt-3d-chunk-0441.smt2,sat,0.0
/meti-tarski/polypaver/bench-sqrt-3d/polypaver-bench-sqrt-3d-chunk-0447.smt2,sat,0.0
/meti-tarski/polypaver/bench-sqrt-3d/polypaver-bench-sqrt-3d-chunk-0085.smt2,sat,0.0
/meti-tarski/polypaver/bench-sqrt-3d/polypaver-bench-sqrt-3d-chunk-0472.smt2,sat,0.0
/meti-tarski/polypaver/bench-sqrt-3d/polypaver-bench-sqrt-3d-chunk-0290.smt2,sat,0.0
/meti-tarski/polypaver/bench-sqrt-3d/polypaver-bench-sqrt-3d-chunk-0494.smt2,unsat,0.0
/meti-tarski/polypaver/bench-sqrt-3d/polypaver-bench-sqrt-3d-chunk-0146.smt2,sat,0.0
/meti-tarski/polypaver/bench-sqrt-3d/polypaver-bench-sqrt-3d-chunk-0470.smt2,sat,0.0
/meti-tarski/polypaver/bench-sqrt-3d/polypaver-bench-sqrt-3d-chunk-0217.smt2,sat,0.0
/meti-tarski/polypaver/bench-sqrt-3d/polypaver-bench-sqrt-3d-chunk-0454.smt2,sat,0.0
/meti-tarski/polypaver/bench-sqrt-3d/polypaver-bench-sqrt-3d-chunk-0404.smt2,sat,0.0
/meti-tarski/polypaver/bench-sqrt-3d/polypaver-bench-sqrt-3d-chunk-0225.smt2,sat,0.0
/meti-tarski/polypaver/bench-sqrt-3d/polypaver-bench-sqrt-3d-chunk-0336.smt2,sat,0.0
/meti-tarski/polypaver/bench-sqrt-3d/polypaver-bench-sqrt-3d-chunk-0345.smt2,unsat,0.0
/meti-tarski/polypaver/bench-sqrt-3d/polypaver-bench-sqrt-3d-chunk-0440.smt2,sat,0.0
/meti-tarski/polypaver/bench-sqrt-3d/polypaver-bench-sqrt-3d-chunk-0437.smt2,sat,0.0
/meti-tarski/polypaver/bench-sqrt-3d/polypaver-bench-sqrt-3d-chunk-0165.smt2,unsat,0.0
/meti-tarski/polypaver/bench-sqrt-3d/polypaver-bench-sqrt-3d-chunk-0288.smt2,unsat,0.0
/meti-tarski/polypaver/bench-sqrt-3d/polypaver-bench-sqrt-3d-chunk-0202.smt2,unsat,0.0
/meti-tarski/polypaver/bench-sqrt-3d/polypaver-bench-sqrt-3d-chunk-0258.smt2,sat,0.0
/meti-tarski/polypaver/bench-sqrt-3d/polypaver-bench-sqrt-3d-chunk-0424.smt2,sat,0.0
/meti-tarski/polypaver/bench-sqrt-3d/polypaver-bench-sqrt-3d-chunk-0411.smt2,unsat,0.0
/meti-tarski/polypaver/bench-sqrt-3d/polypaver-bench-sqrt-3d-chunk-0350.smt2,sat,0.0
/meti-tarski/polypaver/bench-sqrt-3d/polypaver-bench-sqrt-3d-chunk-0409.smt2,unsat,0.0
/meti-tarski/polypaver/bench-sqrt-3d/polypaver-bench-sqrt-3d-chunk-0289.smt2,sat,0.0
/meti-tarski/polypaver/bench-sqrt-3d/polypaver-bench-sqrt-3d-chunk-0267.smt2,sat,0.0
/meti-tarski/polypaver/bench-sqrt-3d/polypaver-bench-sqrt-3d-chunk-0312.smt2,sat,0.0
/meti-tarski/polypaver/bench-sqrt-3d/polypaver-bench-sqrt-3d-chunk-0493.smt2,sat,0.0
/meti-tarski/polypaver/bench-sqrt-3d/polypaver-bench-sqrt-3d-chunk-0194.smt2,sat,0.0
/meti-tarski/polypaver/bench-sqrt-3d/polypaver-bench-sqrt-3d-chunk-0205.smt2,sat,0.0
/meti-tarski/polypaver/bench-sqrt-3d/polypaver-bench-sqrt-3d-chunk-0276.smt2,sat,0.0
/meti-tarski/polypaver/bench-sqrt-3d/polypaver-bench-sqrt-3d-chunk-0426.smt2,sat,0.0
/meti-tarski/polypaver/bench-sqrt-3d/polypaver-bench-sqrt-3d-chunk-0019.smt2,sat,0.0
/meti-tarski/polypaver/bench-sqrt-3d/polypaver-bench-sqrt-3d-chunk-0498.smt2,sat,0.0
/meti-tarski/polypaver/bench-sqrt-3d/polypaver-bench-sqrt-3d-chunk-0415.smt2,sat,0.0
/meti-tarski/polypaver/bench-sqrt-3d/polypaver-bench-sqrt-3d-chunk-0385.smt2,unsat,0.0
/meti-tarski/polypaver/bench-sqrt-3d/polypaver-bench-sqrt-3d-chunk-0403.smt2,sat,0.0
/meti-tarski/polypaver/bench-sqrt-3d/polypaver-bench-sqrt-3d-chunk-0249.smt2,sat,0.0
/meti-tarski/polypaver/bench-sqrt-3d/polypaver-bench-sqrt-3d-chunk-0206.smt2,unsat,0.0
/meti-tarski/polypaver/bench-sqrt-3d/polypaver-bench-sqrt-3d-chunk-0488.smt2,unsat,0.0
/meti-tarski/polypaver/bench-sqrt-3d/polypaver-bench-sqrt-3d-chunk-0482.smt2,sat,0.0
/meti-tarski/polypaver/bench-sqrt-3d/polypaver-bench-sqrt-3d-chunk-0438.smt2,sat,0.0
/meti-tarski/polypaver/bench-sqrt-3d/polypaver-bench-sqrt-3d-chunk-0342.smt2,unsat,0.0
/meti-tarski/polypaver/bench-sqrt-3d/polypaver-bench-sqrt-3d-chunk-0287.smt2,sat,0.0
/meti-tarski/polypaver/bench-sqrt-3d/polypaver-bench-sqrt-3d-chunk-0351.smt2,sat,0.0
/meti-tarski/polypaver/bench-sqrt-3d/polypaver-bench-sqrt-3d-chunk-0231.smt2,sat,0.0
/meti-tarski/polypaver/bench-sqrt-3d/polypaver-bench-sqrt-3d-chunk-0221.smt2,unsat,0.0
/meti-tarski/polypaver/bench-sqrt-3d/polypaver-bench-sqrt-3d-chunk-0332.smt2,sat,0.0
/meti-tarski/polypaver/bench-sqrt-3d/polypaver-bench-sqrt-3d-chunk-0499.smt2,sat,0.0
/meti-tarski/polypaver/bench-sqrt-3d/polypaver-bench-sqrt-3d-chunk-0453.smt2,sat,0.0
/meti-tarski/polypaver/bench-sqrt-3d/polypaver-bench-sqrt-3d-chunk-0101.smt2,unsat,0.0
/meti-tarski/polypaver/bench-sqrt-3d/polypaver-bench-sqrt-3d-chunk-0408.smt2,unsat,0.0
/meti-tarski/polypaver/bench-sqrt-3d/polypaver-bench-sqrt-3d-chunk-0210.smt2,sat,0.0
/meti-tarski/polypaver/bench-sqrt-3d/polypaver-bench-sqrt-3d-chunk-0428.smt2,sat,0.0
/meti-tarski/polypaver/bench-sqrt-3d/polypaver-bench-sqrt-3d-chunk-0321.smt2,sat,0.0
/meti-tarski/polypaver/bench-sqrt-3d/polypaver-bench-sqrt-3d-chunk-0021.smt2,unsat,0.0
/meti-tarski/polypaver/bench-sqrt-3d/polypaver-bench-sqrt-3d-chunk-0201.smt2,sat,0.0
/meti-tarski/polypaver/bench-sqrt-3d/polypaver-bench-sqrt-3d-chunk-0307.smt2,sat,0.0
/meti-tarski/polypaver/bench-sqrt-3d/polypaver-bench-sqrt-3d-chunk-0184.smt2,sat,0.0
/meti-tarski/polypaver/bench-sqrt-3d/polypaver-bench-sqrt-3d-chunk-0183.smt2,sat,0.0
/meti-tarski/polypaver/bench-sqrt-3d/polypaver-bench-sqrt-3d-chunk-0518.smt2,sat,0.0
/meti-tarski/polypaver/bench-sqrt-3d/polypaver-bench-sqrt-3d-chunk-0269.smt2,sat,0.0
/meti-tarski/polypaver/bench-sqrt-3d/polypaver-bench-sqrt-3d-chunk-0327.smt2,unsat,0.0
/meti-tarski/polypaver/bench-sqrt-3d/polypaver-bench-sqrt-3d-chunk-0433.smt2,sat,0.0
/meti-tarski/polypaver/bench-sqrt-3d/polypaver-bench-sqrt-3d-chunk-0145.smt2,unsat,0.0
/meti-tarski/polypaver/bench-sqrt-3d/polypaver-bench-sqrt-3d-chunk-0279.smt2,sat,0.0
/meti-tarski/polypaver/bench-sqrt-3d/polypaver-bench-sqrt-3d-chunk-0475.smt2,sat,0.0
/meti-tarski/polypaver/bench-sqrt-3d/polypaver-bench-sqrt-3d-chunk-0463.smt2,sat,0.0
/meti-tarski/polypaver/bench-sqrt-3d/polypaver-bench-sqrt-3d-chunk-0293.smt2,sat,0.0
/meti-tarski/polypaver/bench-sqrt-3d/polypaver-bench-sqrt-3d-chunk-0248.smt2,sat,0.0
/meti-tarski/polypaver/bench-sqrt-3d/polypaver-bench-sqrt-3d-chunk-0487.smt2,unsat,0.0
/meti-tarski/polypaver/bench-sqrt-3d/polypaver-bench-sqrt-3d-chunk-0372.smt2,sat,0.0
/meti-tarski/polypaver/bench-sqrt-3d/polypaver-bench-sqrt-3d-chunk-0357.smt2,sat,0.0
/meti-tarski/polypaver/bench-sqrt-3d/polypaver-bench-sqrt-3d-chunk-0100.smt2,sat,0.0
/meti-tarski/polypaver/bench-sqrt-3d/polypaver-bench-sqrt-3d-chunk-0227.smt2,sat,0.0
/meti-tarski/polypaver/bench-sqrt-3d/polypaver-bench-sqrt-3d-chunk-0483.smt2,sat,0.0
/meti-tarski/polypaver/bench-sqrt-3d/polypaver-bench-sqrt-3d-chunk-0495.smt2,sat,0.0
/meti-tarski/polypaver/bench-sqrt-3d/polypaver-bench-sqrt-3d-chunk-0283.smt2,sat,0.0
/meti-tarski/polypaver/bench-sqrt-3d/polypaver-bench-sqrt-3d-chunk-0510.smt2,unsat,0.0
/meti-tarski/polypaver/bench-sqrt-3d/polypaver-bench-sqrt-3d-chunk-0295.smt2,sat,0.0
/meti-tarski/polypaver/bench-sqrt-3d/polypaver-bench-sqrt-3d-chunk-0243.smt2,sat,0.0
/meti-tarski/polypaver/bench-sqrt-3d/polypaver-bench-sqrt-3d-chunk-0143.smt2,unsat,0.0
/meti-tarski/polypaver/bench-sqrt-3d/polypaver-bench-sqrt-3d-chunk-0197.smt2,sat,0.0
/meti-tarski/polypaver/bench-sqrt-3d/polypaver-bench-sqrt-3d-chunk-0067.smt2,unsat,0.0
/meti-tarski/polypaver/bench-sqrt-3d/polypaver-bench-sqrt-3d-chunk-0392.smt2,sat,0.0
/meti-tarski/polypaver/bench-sqrt-3d/polypaver-bench-sqrt-3d-chunk-0162.smt2,unsat,0.0
/meti-tarski/polypaver/bench-sqrt-3d/polypaver-bench-sqrt-3d-chunk-0222.smt2,sat,0.0
/meti-tarski/polypaver/bench-sqrt-3d/polypaver-bench-sqrt-3d-chunk-0497.smt2,unsat,0.0
/meti-tarski/polypaver/bench-sqrt-3d/polypaver-bench-sqrt-3d-chunk-0242.smt2,sat,0.0
/meti-tarski/polypaver/bench-sqrt-3d/polypaver-bench-sqrt-3d-chunk-0301.smt2,unsat,0.0
/meti-tarski/polypaver/bench-sqrt-3d/polypaver-bench-sqrt-3d-chunk-0347.smt2,sat,0.0
/meti-tarski/polypaver/bench-sqrt-3d/polypaver-bench-sqrt-3d-chunk-0421.smt2,unsat,0.0
/meti-tarski/polypaver/bench-sqrt-3d/polypaver-bench-sqrt-3d-chunk-0374.smt2,sat,0.0
/meti-tarski/polypaver/bench-sqrt-3d/polypaver-bench-sqrt-3d-chunk-0083.smt2,unsat,0.0
/meti-tarski/polypaver/bench-sqrt-3d/polypaver-bench-sqrt-3d-chunk-0150.smt2,unsat,0.0
/meti-tarski/polypaver/bench-sqrt-3d/polypaver-bench-sqrt-3d-chunk-0308.smt2,sat,0.0
/meti-tarski/polypaver/bench-sqrt-3d/polypaver-bench-sqrt-3d-chunk-0375.smt2,sat,0.0
/meti-tarski/polypaver/bench-sqrt-3d/polypaver-bench-sqrt-3d-chunk-0444.smt2,sat,0.0
/meti-tarski/polypaver/bench-sqrt-3d/polypaver-bench-sqrt-3d-chunk-0376.smt2,sat,0.0
/meti-tarski/polypaver/bench-sqrt-3d/polypaver-bench-sqrt-3d-chunk-0084.smt2,unsat,0.0
/meti-tarski/polypaver/bench-sqrt-3d/polypaver-bench-sqrt-3d-chunk-0142.smt2,sat,0.0
/meti-tarski/polypaver/bench-sqrt-3d/polypaver-bench-sqrt-3d-chunk-0460.smt2,sat,0.0
/meti-tarski/polypaver/bench-sqrt-3d/polypaver-bench-sqrt-3d-chunk-0223.smt2,sat,0.0
/meti-tarski/polypaver/bench-sqrt-3d/polypaver-bench-sqrt-3d-chunk-0496.smt2,sat,0.0
/meti-tarski/polypaver/bench-sqrt-3d/polypaver-bench-sqrt-3d-chunk-0172.smt2,sat,0.0
/meti-tarski/polypaver/bench-sqrt-3d/polypaver-bench-sqrt-3d-chunk-0442.smt2,sat,0.0
/meti-tarski/polypaver/bench-sqrt-3d/polypaver-bench-sqrt-3d-chunk-0093.smt2,sat,0.0
/meti-tarski/polypaver/bench-sqrt-3d/polypaver-bench-sqrt-3d-chunk-0504.smt2,sat,0.0
/meti-tarski/polypaver/bench-sqrt-3d/polypaver-bench-sqrt-3d-chunk-0226.smt2,sat,0.0
/meti-tarski/polypaver/bench-sqrt-3d/polypaver-bench-sqrt-3d-chunk-0507.smt2,unsat,0.0
/meti-tarski/polypaver/bench-sqrt-3d/polypaver-bench-sqrt-3d-chunk-0138.smt2,unsat,0.0
/meti-tarski/polypaver/bench-sqrt-3d/polypaver-bench-sqrt-3d-chunk-0250.smt2,sat,0.0
/meti-tarski/polypaver/bench-sqrt-3d/polypaver-bench-sqrt-3d-chunk-0232.smt2,sat,0.0
/meti-tarski/polypaver/bench-sqrt-3d/polypaver-bench-sqrt-3d-chunk-0297.smt2,sat,0.0
/meti-tarski/polypaver/bench-sqrt-3d/polypaver-bench-sqrt-3d-chunk-0233.smt2,sat,0.0
/meti-tarski/polypaver/bench-sqrt-3d/polypaver-bench-sqrt-3d-chunk-0212.smt2,unsat,0.0
/meti-tarski/polypaver/bench-sqrt-3d/polypaver-bench-sqrt-3d-chunk-0371.smt2,unsat,0.0
/meti-tarski/polypaver/bench-sqrt-3d/polypaver-bench-sqrt-3d-chunk-0457.smt2,sat,0.0
/meti-tarski/polypaver/bench-sqrt-3d/polypaver-bench-sqrt-3d-chunk-0274.smt2,sat,0.0
/meti-tarski/polypaver/bench-sqrt-3d/polypaver-bench-sqrt-3d-chunk-0069.smt2,sat,0.0
/meti-tarski/polypaver/bench-sqrt-3d/polypaver-bench-sqrt-3d-chunk-0406.smt2,sat,0.0
/meti-tarski/polypaver/bench-sqrt-3d/polypaver-bench-sqrt-3d-chunk-0257.smt2,sat,0.0
/meti-tarski/polypaver/bench-sqrt-3d/polypaver-bench-sqrt-3d-chunk-0344.smt2,sat,0.0
/meti-tarski/polypaver/bench-sqrt-3d/polypaver-bench-sqrt-3d-chunk-0244.smt2,sat,0.0
/meti-tarski/polypaver/bench-sqrt-3d/polypaver-bench-sqrt-3d-chunk-0390.smt2,sat,0.0
/meti-tarski/polypaver/bench-sqrt-3d/polypaver-bench-sqrt-3d-chunk-0389.smt2,sat,0.0
/meti-tarski/polypaver/bench-sqrt-3d/polypaver-bench-sqrt-3d-chunk-0430.smt2,sat,0.0
/meti-tarski/polypaver/bench-sqrt-3d/polypaver-bench-sqrt-3d-chunk-0461.smt2,sat,0.0
/meti-tarski/polypaver/bench-sqrt-3d/polypaver-bench-sqrt-3d-chunk-0062.smt2,unsat,0.0
/meti-tarski/polypaver/bench-sqrt-3d/polypaver-bench-sqrt-3d-chunk-0303.smt2,sat,0.0
/meti-tarski/polypaver/bench-sqrt-3d/polypaver-bench-sqrt-3d-chunk-0443.smt2,sat,0.0
/meti-tarski/polypaver/bench-sqrt-3d/polypaver-bench-sqrt-3d-chunk-0219.smt2,sat,0.0
/meti-tarski/polypaver/bench-sqrt-3d/polypaver-bench-sqrt-3d-chunk-0060.smt2,sat,0.0
/meti-tarski/polypaver/bench-sqrt-3d/polypaver-bench-sqrt-3d-chunk-0109.smt2,sat,0.0
/meti-tarski/polypaver/bench-sqrt-3d/polypaver-bench-sqrt-3d-chunk-0268.smt2,sat,0.0
/meti-tarski/polypaver/bench-sqrt-3d/polypaver-bench-sqrt-3d-chunk-0521.smt2,sat,0.0
/meti-tarski/polypaver/bench-sqrt-3d/polypaver-bench-sqrt-3d-chunk-0189.smt2,sat,0.0
/meti-tarski/polypaver/bench-sqrt-3d/polypaver-bench-sqrt-3d-chunk-0466.smt2,sat,0.0
/meti-tarski/polypaver/bench-sqrt-3d/polypaver-bench-sqrt-3d-chunk-0286.smt2,unsat,0.0
/meti-tarski/polypaver/bench-sqrt-3d/polypaver-bench-sqrt-3d-chunk-0410.smt2,sat,0.0
/meti-tarski/polypaver/bench-sqrt-3d/polypaver-bench-sqrt-3d-chunk-0486.smt2,sat,0.0
/meti-tarski/polypaver/bench-sqrt-3d/polypaver-bench-sqrt-3d-chunk-0467.smt2,sat,0.0
/meti-tarski/polypaver/bench-sqrt-3d/polypaver-bench-sqrt-3d-chunk-0402.smt2,unsat,0.0
/meti-tarski/polypaver/bench-sqrt-3d/polypaver-bench-sqrt-3d-chunk-0419.smt2,sat,0.0
/meti-tarski/polypaver/bench-sqrt-3d/polypaver-bench-sqrt-3d-chunk-0429.smt2,sat,0.0
/meti-tarski/polypaver/bench-sqrt-3d/polypaver-bench-sqrt-3d-chunk-0358.smt2,unsat,0.0
/meti-tarski/polypaver/bench-sqrt-3d/polypaver-bench-sqrt-3d-chunk-0018.smt2,unsat,0.0
/meti-tarski/polypaver/bench-sqrt-3d/polypaver-bench-sqrt-3d-chunk-0161.smt2,sat,0.0
/meti-tarski/polypaver/bench-sqrt-3d/polypaver-bench-sqrt-3d-chunk-0334.smt2,sat,0.0
/meti-tarski/polypaver/bench-sqrt-3d/polypaver-bench-sqrt-3d-chunk-0335.smt2,sat,0.0
/meti-tarski/polypaver/bench-sqrt-3d/polypaver-bench-sqrt-3d-chunk-0316.smt2,sat,0.0
/meti-tarski/polypaver/bench-sqrt-3d/polypaver-bench-sqrt-3d-chunk-0199.smt2,sat,0.0
/meti-tarski/polypaver/bench-sqrt-3d/polypaver-bench-sqrt-3d-chunk-0377.smt2,sat,0.0
/meti-tarski/polypaver/bench-sqrt-3d/polypaver-bench-sqrt-3d-chunk-0291.smt2,unsat,0.0
/meti-tarski/polypaver/bench-sqrt-3d/polypaver-bench-sqrt-3d-chunk-0186.smt2,unsat,0.0
/meti-tarski/polypaver/bench-sqrt-3d/polypaver-bench-sqrt-3d-chunk-0224.smt2,unsat,0.0
/meti-tarski/polypaver/bench-sqrt-3d/polypaver-bench-sqrt-3d-chunk-0096.smt2,unsat,0.0
/meti-tarski/polypaver/bench-sqrt-3d/polypaver-bench-sqrt-3d-chunk-0388.smt2,sat,0.0
/meti-tarski/polypaver/bench-sqrt-3d/polypaver-bench-sqrt-3d-chunk-0469.smt2,sat,0.0
/meti-tarski/polypaver/bench-sqrt-3d/polypaver-bench-sqrt-3d-chunk-0300.smt2,sat,0.0
/meti-tarski/polypaver/bench-sqrt-3d/polypaver-bench-sqrt-3d-chunk-0348.smt2,sat,0.0
/meti-tarski/polypaver/bench-sqrt-3d/polypaver-bench-sqrt-3d-chunk-0480.smt2,sat,0.0
/meti-tarski/polypaver/bench-sqrt-3d/polypaver-bench-sqrt-3d-chunk-0506.smt2,sat,0.0
/meti-tarski/polypaver/bench-sqrt-3d/polypaver-bench-sqrt-3d-chunk-0352.smt2,sat,0.0
/meti-tarski/polypaver/bench-sqrt-3d/polypaver-bench-sqrt-3d-chunk-0141.smt2,sat,0.0
/meti-tarski/polypaver/bench-sqrt-3d/polypaver-bench-sqrt-3d-chunk-0088.smt2,sat,0.0
/meti-tarski/polypaver/bench-sqrt-3d/polypaver-bench-sqrt-3d-chunk-0416.smt2,sat,0.0
/meti-tarski/polypaver/bench-sqrt-3d/polypaver-bench-sqrt-3d-chunk-0164.smt2,sat,0.0
/meti-tarski/polypaver/bench-sqrt-3d/polypaver-bench-sqrt-3d-chunk-0451.smt2,sat,0.0
/meti-tarski/polypaver/bench-sqrt-3d/polypaver-bench-sqrt-3d-chunk-0477.smt2,sat,0.0
/meti-tarski/polypaver/bench-sqrt-3d/polypaver-bench-sqrt-3d-chunk-0259.smt2,sat,0.0
/meti-tarski/polypaver/bench-sqrt-3d/polypaver-bench-sqrt-3d-chunk-0065.smt2,unsat,0.0
/meti-tarski/polypaver/bench-sqrt-3d/polypaver-bench-sqrt-3d-chunk-0102.smt2,unsat,0.0
/meti-tarski/polypaver/bench-sqrt-3d/polypaver-bench-sqrt-3d-chunk-0280.smt2,sat,0.0
/meti-tarski/polypaver/bench-sqrt-3d/polypaver-bench-sqrt-3d-chunk-0383.smt2,sat,0.0
/meti-tarski/polypaver/bench-sqrt-3d/polypaver-bench-sqrt-3d-chunk-0309.smt2,sat,0.0
/meti-tarski/polypaver/bench-sqrt-3d/polypaver-bench-sqrt-3d-chunk-0479.smt2,unsat,0.0
/meti-tarski/polypaver/bench-sqrt-3d/polypaver-bench-sqrt-3d-chunk-0405.smt2,sat,0.0
/meti-tarski/polypaver/bench-sqrt-3d/polypaver-bench-sqrt-3d-chunk-0382.smt2,unsat,0.0
/meti-tarski/polypaver/bench-sqrt-3d/polypaver-bench-sqrt-3d-chunk-0057.smt2,unsat,0.0
/meti-tarski/polypaver/bench-sqrt-3d/polypaver-bench-sqrt-3d-chunk-0260.smt2,unsat,0.0
/meti-tarski/polypaver/bench-sqrt-3d/polypaver-bench-sqrt-3d-chunk-0041.smt2,unsat,0.0
/meti-tarski/polypaver/bench-sqrt-3d/polypaver-bench-sqrt-3d-chunk-0391.smt2,sat,0.0
/meti-tarski/polypaver/bench-sqrt-3d/polypaver-bench-sqrt-3d-chunk-0373.smt2,unsat,0.0
/meti-tarski/polypaver/bench-sqrt-3d/polypaver-bench-sqrt-3d-chunk-0216.smt2,unsat,0.0
/meti-tarski/polypaver/bench-sqrt-3d/polypaver-bench-sqrt-3d-chunk-0234.smt2,unsat,0.0
/meti-tarski/polypaver/bench-sqrt-3d/polypaver-bench-sqrt-3d-chunk-0349.smt2,sat,0.0
/meti-tarski/polypaver/bench-sqrt-3d/polypaver-bench-sqrt-3d-chunk-0275.smt2,unsat,0.0
/meti-tarski/polypaver/bench-sqrt-3d/polypaver-bench-sqrt-3d-chunk-0311.smt2,sat,0.0
/meti-tarski/polypaver/bench-sqrt-3d/polypaver-bench-sqrt-3d-chunk-0331.smt2,sat,0.0
/meti-tarski/polypaver/bench-sqrt-3d/polypaver-bench-sqrt-3d-chunk-0218.smt2,unsat,0.0
/meti-tarski/polypaver/bench-sqrt-3d/polypaver-bench-sqrt-3d-chunk-0236.smt2,sat,0.0
/meti-tarski/polypaver/bench-sqrt-3d/polypaver-bench-sqrt-3d-chunk-0149.smt2,sat,0.0
/meti-tarski/polypaver/bench-sqrt-3d/polypaver-bench-sqrt-3d-chunk-0204.smt2,sat,0.0
/meti-tarski/polypaver/bench-sqrt-3d/polypaver-bench-sqrt-3d-chunk-0148.smt2,sat,0.0
/meti-tarski/polypaver/bench-sqrt-3d/polypaver-bench-sqrt-3d-chunk-0282.smt2,sat,0.0
/meti-tarski/polypaver/bench-sqrt-3d/polypaver-bench-sqrt-3d-chunk-0423.smt2,sat,0.0
/meti-tarski/polypaver/bench-sqrt-3d/polypaver-bench-sqrt-3d-chunk-0449.smt2,unsat,0.0
/meti-tarski/polypaver/bench-sqrt-3d/polypaver-bench-sqrt-3d-chunk-0196.smt2,sat,0.0
/meti-tarski/polypaver/bench-sqrt-3d/polypaver-bench-sqrt-3d-chunk-0310.smt2,sat,0.0
/meti-tarski/polypaver/bench-sqrt-3d/polypaver-bench-sqrt-3d-chunk-0492.smt2,sat,0.0
/meti-tarski/polypaver/bench-sqrt-3d/polypaver-bench-sqrt-3d-chunk-0237.smt2,sat,0.0
/meti-tarski/polypaver/bench-sqrt-3d/polypaver-bench-sqrt-3d-chunk-0082.smt2,sat,0.0
/meti-tarski/polypaver/bench-sqrt-3d/polypaver-bench-sqrt-3d-chunk-0089.smt2,unsat,0.0
/meti-tarski/polypaver/bench-sqrt-3d/polypaver-bench-sqrt-3d-chunk-0478.smt2,sat,0.0
/meti-tarski/polypaver/bench-sqrt-3d/polypaver-bench-sqrt-3d-chunk-0235.smt2,unsat,0.0
/meti-tarski/polypaver/bench-sqrt-3d/polypaver-bench-sqrt-3d-chunk-0476.smt2,unsat,0.0
/meti-tarski/polypaver/bench-sqrt-3d/polypaver-bench-sqrt-3d-chunk-0153.smt2,unsat,0.0
/meti-tarski/polypaver/bench-sqrt-3d/polypaver-bench-sqrt-3d-chunk-0314.smt2,sat,0.0
/meti-tarski/polypaver/bench-sqrt-3d/polypaver-bench-sqrt-3d-chunk-0313.smt2,sat,0.0
/meti-tarski/polypaver/bench-sqrt-3d/polypaver-bench-sqrt-3d-chunk-0366.smt2,unsat,0.0
/meti-tarski/polypaver/bench-sqrt-3d/polypaver-bench-sqrt-3d-chunk-0229.smt2,sat,0.0
/meti-tarski/polypaver/bench-sqrt-3d/polypaver-bench-sqrt-3d-chunk-0188.smt2,sat,0.0
/meti-tarski/polypaver/bench-sqrt-3d/polypaver-bench-sqrt-3d-chunk-0515.smt2,sat,0.0
/meti-tarski/polypaver/bench-sqrt-3d/polypaver-bench-sqrt-3d-chunk-0320.smt2,sat,0.0
/meti-tarski/polypaver/bench-sqrt-3d/polypaver-bench-sqrt-3d-chunk-0070.smt2,unsat,0.0
/meti-tarski/polypaver/bench-sqrt-3d/polypaver-bench-sqrt-3d-chunk-0207.smt2,sat,0.0
/meti-tarski/polypaver/bench-sqrt-3d/polypaver-bench-sqrt-3d-chunk-0418.smt2,sat,0.0
/meti-tarski/polypaver/bench-sqrt-3d/polypaver-bench-sqrt-3d-chunk-0302.smt2,sat,0.0
/meti-tarski/polypaver/bench-sqrt-3d/polypaver-bench-sqrt-3d-chunk-0195.smt2,sat,0.0
/meti-tarski/polypaver/bench-sqrt-3d/polypaver-bench-sqrt-3d-chunk-0299.smt2,sat,0.0
/meti-tarski/polypaver/bench-sqrt-3d/polypaver-bench-sqrt-3d-chunk-0364.smt2,sat,0.0
/meti-tarski/polypaver/bench-sqrt-3d/polypaver-bench-sqrt-3d-chunk-0073.smt2,sat,0.0
/meti-tarski/polypaver/bench-sqrt-3d/polypaver-bench-sqrt-3d-chunk-0262.smt2,unsat,0.0
/meti-tarski/polypaver/bench-sqrt-3d/polypaver-bench-sqrt-3d-chunk-0448.smt2,sat,0.0
/meti-tarski/polypaver/bench-sqrt-3d/polypaver-bench-sqrt-3d-chunk-0326.smt2,sat,0.0
/meti-tarski/polypaver/bench-sqrt-3d/polypaver-bench-sqrt-3d-chunk-0305.smt2,unsat,0.0
/meti-tarski/polypaver/bench-sqrt-3d/polypaver-bench-sqrt-3d-chunk-0213.smt2,sat,0.0
/meti-tarski/polypaver/bench-sqrt-3d/polypaver-bench-sqrt-3d-chunk-0490.smt2,sat,0.0
/meti-tarski/polypaver/bench-sqrt-3d/polypaver-bench-sqrt-3d-chunk-0147.smt2,unsat,0.0
/meti-tarski/polypaver/bench-sqrt-3d/polypaver-bench-sqrt-3d-chunk-0318.smt2,sat,0.0
/meti-tarski/polypaver/bench-sqrt-3d/polypaver-bench-sqrt-3d-chunk-0074.smt2,unsat,0.0
/meti-tarski/polypaver/bench-sqrt-3d/polypaver-bench-sqrt-3d-chunk-0346.smt2,unsat,0.0
/meti-tarski/polypaver/bench-sqrt-3d/polypaver-bench-sqrt-3d-chunk-0363.smt2,sat,0.0
/meti-tarski/polypaver/bench-sqrt-3d/polypaver-bench-sqrt-3d-chunk-0502.smt2,unsat,0.0
/meti-tarski/polypaver/bench-sqrt-3d/polypaver-bench-sqrt-3d-chunk-0522.smt2,sat,0.0
/meti-tarski/polypaver/bench-sqrt-3d/polypaver-bench-sqrt-3d-chunk-0435.smt2,unsat,0.0
/meti-tarski/polypaver/bench-sqrt-3d/polypaver-bench-sqrt-3d-chunk-0209.smt2,sat,0.0
/meti-tarski/polypaver/bench-sqrt-3d/polypaver-bench-sqrt-3d-chunk-0304.smt2,sat,0.0
/meti-tarski/polypaver/bench-sqrt-3d/polypaver-bench-sqrt-3d-chunk-0361.smt2,sat,0.0
/meti-tarski/polypaver/bench-sqrt-3d/polypaver-bench-sqrt-3d-chunk-0323.smt2,sat,0.0
/meti-tarski/polypaver/bench-sqrt-3d/polypaver-bench-sqrt-3d-chunk-0325.smt2,sat,0.0
/meti-tarski/polypaver/bench-sqrt-3d/polypaver-bench-sqrt-3d-chunk-0238.smt2,sat,0.0
/meti-tarski/polypaver/bench-sqrt-3d/polypaver-bench-sqrt-3d-chunk-0203.smt2,sat,0.0
/meti-tarski/polypaver/bench-sqrt-3d/polypaver-bench-sqrt-3d-chunk-0452.smt2,sat,0.0
/meti-tarski/polypaver/bench-sqrt-3d/polypaver-bench-sqrt-3d-chunk-0215.smt2,sat,0.0
/meti-tarski/polypaver/bench-sqrt-3d/polypaver-bench-sqrt-3d-chunk-0367.smt2,sat,0.0
/meti-tarski/polypaver/bench-sqrt-3d/polypaver-bench-sqrt-3d-chunk-0337.smt2,unsat,0.0
/meti-tarski/polypaver/bench-sqrt-3d/polypaver-bench-sqrt-3d-chunk-0190.smt2,unsat,0.0
/meti-tarski/polypaver/bench-sqrt-3d/polypaver-bench-sqrt-3d-chunk-0171.smt2,sat,0.0
/meti-tarski/polypaver/bench-sqrt-3d/polypaver-bench-sqrt-3d-chunk-0211.smt2,sat,0.0
/meti-tarski/polypaver/bench-sqrt-3d/polypaver-bench-sqrt-3d-chunk-0450.smt2,sat,0.0
/meti-tarski/polypaver/bench-sqrt-3d/polypaver-bench-sqrt-3d-chunk-0168.smt2,unsat,0.0
/meti-tarski/polypaver/bench-sqrt-3d/polypaver-bench-sqrt-3d-chunk-0294.smt2,unsat,0.0
/meti-tarski/polypaver/bench-sqrt-3d/polypaver-bench-sqrt-3d-chunk-0198.smt2,sat,0.0
/meti-tarski/polypaver/bench-sqrt-3d/polypaver-bench-sqrt-3d-chunk-0239.smt2,sat,0.0
/meti-tarski/polypaver/bench-sqrt-3d/polypaver-bench-sqrt-3d-chunk-0464.smt2,sat,0.0
/meti-tarski/polypaver/bench-sqrt-3d/polypaver-bench-sqrt-3d-chunk-0240.smt2,sat,0.0
/meti-tarski/polypaver/bench-sqrt-3d/polypaver-bench-sqrt-3d-chunk-0341.smt2,sat,0.0
/meti-tarski/polypaver/bench-sqrt-3d/polypaver-bench-sqrt-3d-chunk-0040.smt2,sat,0.0
/meti-tarski/polypaver/bench-sqrt-3d/polypaver-bench-sqrt-3d-chunk-0263.smt2,sat,0.0
/meti-tarski/polypaver/bench-sqrt-3d/polypaver-bench-sqrt-3d-chunk-0427.smt2,sat,0.0
/meti-tarski/polypaver/bench-sqrt-3d/polypaver-bench-sqrt-3d-chunk-0281.smt2,unsat,0.0
/meti-tarski/polypaver/bench-sqrt-3d/polypaver-bench-sqrt-3d-chunk-0481.smt2,unsat,0.0
/meti-tarski/polypaver/bench-sqrt-3d/polypaver-bench-sqrt-3d-chunk-0230.smt2,unsat,0.0
/meti-tarski/polypaver/bench-sqrt-3d/polypaver-bench-sqrt-3d-chunk-0167.smt2,sat,0.0
/meti-tarski/polypaver/bench-sqrt-3d/polypaver-bench-sqrt-3d-chunk-0417.smt2,sat,0.0
/meti-tarski/polypaver/bench-sqrt-3d/polypaver-bench-sqrt-3d-chunk-0208.smt2,sat,0.0
/meti-tarski/polypaver/bench-sqrt-3d/polypaver-bench-sqrt-3d-chunk-0434.smt2,sat,0.0
/meti-tarski/polypaver/bench-sqrt-3d/polypaver-bench-sqrt-3d-chunk-0086.smt2,unsat,0.0
/meti-tarski/polypaver/bench-sqrt-3d/polypaver-bench-sqrt-3d-chunk-0144.smt2,sat,0.0
/meti-tarski/polypaver/bench-sqrt-3d/polypaver-bench-sqrt-3d-chunk-0505.smt2,sat,0.0
/meti-tarski/polypaver/bench-sqrt-3d/polypaver-bench-sqrt-3d-chunk-0152.smt2,sat,0.0
/meti-tarski/polypaver/bench-sqrt-3d/polypaver-bench-sqrt-3d-chunk-0397.smt2,unsat,0.0
/meti-tarski/polypaver/bench-sqrt-3d/polypaver-bench-sqrt-3d-chunk-0413.smt2,sat,0.0
/meti-tarski/polypaver/bench-sqrt-3d/polypaver-bench-sqrt-3d-chunk-0455.smt2,sat,0.0
/meti-tarski/polypaver/bench-sqrt-3d/polypaver-bench-sqrt-3d-chunk-0324.smt2,unsat,0.0
/meti-tarski/polypaver/bench-sqrt-3d/polypaver-bench-sqrt-3d-chunk-0064.smt2,unsat,0.0
/meti-tarski/polypaver/bench-sqrt-3d/polypaver-bench-sqrt-3d-chunk-0092.smt2,sat,0.0
/meti-tarski/polypaver/bench-sqrt-3d/polypaver-bench-sqrt-3d-chunk-0500.smt2,unsat,0.0
/meti-tarski/polypaver/bench-sqrt-3d/polypaver-bench-sqrt-3d-chunk-0187.smt2,sat,0.0
/meti-tarski/polypaver/bench-sqrt-3d/polypaver-bench-sqrt-3d-chunk-0220.smt2,sat,0.0
/meti-tarski/polypaver/bench-sqrt-3d/polypaver-bench-sqrt-3d-chunk-0517.smt2,sat,0.0
/meti-tarski/polypaver/bench-sqrt-3d/polypaver-bench-sqrt-3d-chunk-0503.smt2,sat,0.0
/meti-tarski/polypaver/bench-sqrt-3d/polypaver-bench-sqrt-3d-chunk-0017.smt2,sat,0.0
/meti-tarski/polypaver/bench-sqrt-3d/polypaver-bench-sqrt-3d-chunk-0446.smt2,sat,0.0
/meti-tarski/polypaver/bench-sqrt-3d/polypaver-bench-sqrt-3d-chunk-0322.smt2,sat,0.0
/meti-tarski/polypaver/bench-sqrt-3d/polypaver-bench-sqrt-3d-chunk-0396.smt2,sat,0.0
/meti-tarski/Nichols-Plot/Inverted-Pendulum/Nichols-Plot-Inverted-Pendulum-Fails-1-6-chunk-0237.smt2,unsat,0.0
/meti-tarski/Nichols-Plot/Inverted-Pendulum/Nichols-Plot-Inverted-Pendulum-Fails-1-6-chunk-0223.smt2,sat,0.0
/meti-tarski/Nichols-Plot/Inverted-Pendulum/Nichols-Plot-Inverted-Pendulum-Fails-1-6-chunk-0198.smt2,unsat,0.0
/meti-tarski/Nichols-Plot/Inverted-Pendulum/Nichols-Plot-Inverted-Pendulum-Fails-1-6-chunk-0012.smt2,sat,0.0
/meti-tarski/Nichols-Plot/Inverted-Pendulum/Nichols-Plot-Inverted-Pendulum-Fails-1-6-chunk-0098.smt2,sat,0.0
/meti-tarski/Nichols-Plot/Inverted-Pendulum/Nichols-Plot-Inverted-Pendulum-Fails-1-6-chunk-0113.smt2,sat,0.0
/meti-tarski/Nichols-Plot/Inverted-Pendulum/Nichols-Plot-Inverted-Pendulum-Fails-1-6-chunk-0028.smt2,sat,0.0
/meti-tarski/Nichols-Plot/Inverted-Pendulum/Nichols-Plot-Inverted-Pendulum-Fails-1-6-chunk-0117.smt2,unsat,0.0
/meti-tarski/Nichols-Plot/Inverted-Pendulum/Nichols-Plot-Inverted-Pendulum-Fails-1-6-chunk-0196.smt2,unsat,0.0
/meti-tarski/Nichols-Plot/Inverted-Pendulum/Nichols-Plot-Inverted-Pendulum-Fails-1-6-chunk-0037.smt2,sat,0.0
/meti-tarski/Nichols-Plot/Inverted-Pendulum/Nichols-Plot-Inverted-Pendulum-Fails-1-6-chunk-0034.smt2,unsat,0.0
/meti-tarski/Nichols-Plot/Inverted-Pendulum/Nichols-Plot-Inverted-Pendulum-Fails-1-6-chunk-0213.smt2,unsat,0.0
/meti-tarski/Nichols-Plot/Inverted-Pendulum/Nichols-Plot-Inverted-Pendulum-Fails-1-6-chunk-0081.smt2,unsat,0.0
/meti-tarski/Nichols-Plot/Inverted-Pendulum/Nichols-Plot-Inverted-Pendulum-Fails-1-6-chunk-0240.smt2,sat,0.0
/meti-tarski/Nichols-Plot/Inverted-Pendulum/Nichols-Plot-Inverted-Pendulum-Fails-1-6-chunk-0251.smt2,sat,0.0
/meti-tarski/Nichols-Plot/Inverted-Pendulum/Nichols-Plot-Inverted-Pendulum-Fails-1-6-chunk-0148.smt2,unsat,0.0
/meti-tarski/Nichols-Plot/Inverted-Pendulum/Nichols-Plot-Inverted-Pendulum-Fails-1-6-chunk-0208.smt2,sat,0.0
/meti-tarski/Nichols-Plot/Inverted-Pendulum/Nichols-Plot-Inverted-Pendulum-Fails-1-6-chunk-0183.smt2,unsat,0.0
/meti-tarski/Nichols-Plot/Inverted-Pendulum/Nichols-Plot-Inverted-Pendulum-Fails-1-6-chunk-0076.smt2,sat,0.0
/meti-tarski/Nichols-Plot/Inverted-Pendulum/Nichols-Plot-Inverted-Pendulum-Fails-1-6-chunk-0042.smt2,sat,0.0
/meti-tarski/Nichols-Plot/Inverted-Pendulum/Nichols-Plot-Inverted-Pendulum-Fails-1-6-chunk-0225.smt2,unsat,0.0
/meti-tarski/Nichols-Plot/Inverted-Pendulum/Nichols-Plot-Inverted-Pendulum-Fails-1-6-chunk-0101.smt2,sat,0.0
/meti-tarski/Nichols-Plot/Inverted-Pendulum/Nichols-Plot-Inverted-Pendulum-Fails-1-6-chunk-0193.smt2,unsat,0.0
/meti-tarski/Nichols-Plot/Inverted-Pendulum/Nichols-Plot-Inverted-Pendulum-Fails-1-6-chunk-0241.smt2,sat,0.0
/meti-tarski/Nichols-Plot/Inverted-Pendulum/Nichols-Plot-Inverted-Pendulum-Fails-1-6-chunk-0186.smt2,unsat,0.0
/meti-tarski/Nichols-Plot/Inverted-Pendulum/Nichols-Plot-Inverted-Pendulum-Fails-1-6-chunk-0102.smt2,unsat,0.0
/meti-tarski/Nichols-Plot/Inverted-Pendulum/Nichols-Plot-Inverted-Pendulum-Fails-1-6-chunk-0013.smt2,sat,0.0
/meti-tarski/Nichols-Plot/Inverted-Pendulum/Nichols-Plot-Inverted-Pendulum-Fails-1-6-chunk-0128.smt2,unsat,0.0
/meti-tarski/Nichols-Plot/Inverted-Pendulum/Nichols-Plot-Inverted-Pendulum-Fails-1-6-chunk-0053.smt2,sat,0.0
/meti-tarski/Nichols-Plot/Inverted-Pendulum/Nichols-Plot-Inverted-Pendulum-Fails-1-6-chunk-0017.smt2,sat,0.0
/meti-tarski/Nichols-Plot/Inverted-Pendulum/Nichols-Plot-Inverted-Pendulum-Fails-1-6-chunk-0153.smt2,unsat,0.0
/meti-tarski/Nichols-Plot/Inverted-Pendulum/Nichols-Plot-Inverted-Pendulum-Fails-1-6-chunk-0033.smt2,sat,0.0
/meti-tarski/Nichols-Plot/Inverted-Pendulum/Nichols-Plot-Inverted-Pendulum-Fails-1-6-chunk-0185.smt2,unsat,0.0
/meti-tarski/Nichols-Plot/Inverted-Pendulum/Nichols-Plot-Inverted-Pendulum-Fails-1-6-chunk-0123.smt2,sat,0.0
/meti-tarski/Nichols-Plot/Inverted-Pendulum/Nichols-Plot-Inverted-Pendulum-Fails-1-6-chunk-0150.smt2,sat,0.0
/meti-tarski/Nichols-Plot/Inverted-Pendulum/Nichols-Plot-Inverted-Pendulum-Fails-1-6-chunk-0147.smt2,sat,0.0
/meti-tarski/Nichols-Plot/Inverted-Pendulum/Nichols-Plot-Inverted-Pendulum-Fails-1-6-chunk-0202.smt2,unsat,0.0
/meti-tarski/Nichols-Plot/Inverted-Pendulum/Nichols-Plot-Inverted-Pendulum-Fails-1-6-chunk-0059.smt2,unsat,0.0
/meti-tarski/Nichols-Plot/Inverted-Pendulum/Nichols-Plot-Inverted-Pendulum-Fails-1-6-chunk-0134.smt2,sat,0.0
/meti-tarski/Nichols-Plot/Inverted-Pendulum/Nichols-Plot-Inverted-Pendulum-Fails-1-6-chunk-0106.smt2,sat,0.0
/meti-tarski/Nichols-Plot/Inverted-Pendulum/Nichols-Plot-Inverted-Pendulum-Fails-1-6-chunk-0023.smt2,unsat,0.0
/meti-tarski/Nichols-Plot/Inverted-Pendulum/Nichols-Plot-Inverted-Pendulum-Fails-1-6-chunk-0246.smt2,unsat,0.0
/meti-tarski/Nichols-Plot/Inverted-Pendulum/Nichols-Plot-Inverted-Pendulum-Fails-1-6-chunk-0180.smt2,unsat,0.0
/meti-tarski/Nichols-Plot/Inverted-Pendulum/Nichols-Plot-Inverted-Pendulum-Fails-1-6-chunk-0238.smt2,sat,0.0
/meti-tarski/Nichols-Plot/Inverted-Pendulum/Nichols-Plot-Inverted-Pendulum-Fails-1-6-chunk-0010.smt2,sat,0.0
/meti-tarski/Nichols-Plot/Inverted-Pendulum/Nichols-Plot-Inverted-Pendulum-Fails-1-6-chunk-0188.smt2,sat,0.0
/meti-tarski/Nichols-Plot/Inverted-Pendulum/Nichols-Plot-Inverted-Pendulum-Fails-1-6-chunk-0045.smt2,unsat,0.0
/meti-tarski/Nichols-Plot/Inverted-Pendulum/Nichols-Plot-Inverted-Pendulum-Fails-1-6-chunk-0157.smt2,unsat,0.0
/meti-tarski/Nichols-Plot/Inverted-Pendulum/Nichols-Plot-Inverted-Pendulum-Fails-1-6-chunk-0054.smt2,sat,0.0
/meti-tarski/Nichols-Plot/Inverted-Pendulum/Nichols-Plot-Inverted-Pendulum-Fails-1-6-chunk-0035.smt2,sat,0.0
/meti-tarski/Nichols-Plot/Inverted-Pendulum/Nichols-Plot-Inverted-Pendulum-Fails-1-6-chunk-0038.smt2,unsat,0.0
/meti-tarski/Nichols-Plot/Inverted-Pendulum/Nichols-Plot-Inverted-Pendulum-Fails-1-6-chunk-0209.smt2,unsat,0.0
/meti-tarski/Nichols-Plot/Inverted-Pendulum/Nichols-Plot-Inverted-Pendulum-Fails-1-6-chunk-0175.smt2,sat,0.0
/meti-tarski/Nichols-Plot/Inverted-Pendulum/Nichols-Plot-Inverted-Pendulum-Fails-1-6-chunk-0070.smt2,sat,0.0
/meti-tarski/Nichols-Plot/Inverted-Pendulum/Nichols-Plot-Inverted-Pendulum-Fails-1-6-chunk-0156.smt2,sat,0.0
/meti-tarski/Nichols-Plot/Inverted-Pendulum/Nichols-Plot-Inverted-Pendulum-Fails-1-6-chunk-0116.smt2,unsat,0.0
/meti-tarski/Nichols-Plot/Inverted-Pendulum/Nichols-Plot-Inverted-Pendulum-Fails-1-6-chunk-0190.smt2,unsat,0.0
/meti-tarski/Nichols-Plot/Inverted-Pendulum/Nichols-Plot-Inverted-Pendulum-Fails-1-6-chunk-0197.smt2,sat,0.0
/meti-tarski/Nichols-Plot/Inverted-Pendulum/Nichols-Plot-Inverted-Pendulum-Fails-1-6-chunk-0259.smt2,unsat,0.0
/meti-tarski/Nichols-Plot/Inverted-Pendulum/Nichols-Plot-Inverted-Pendulum-Fails-1-6-chunk-0140.smt2,sat,0.0
/meti-tarski/Nichols-Plot/Inverted-Pendulum/Nichols-Plot-Inverted-Pendulum-Fails-1-6-chunk-0215.smt2,sat,0.0
/meti-tarski/Nichols-Plot/Inverted-Pendulum/Nichols-Plot-Inverted-Pendulum-Fails-1-6-chunk-0227.smt2,unsat,0.0
/meti-tarski/Nichols-Plot/Inverted-Pendulum/Nichols-Plot-Inverted-Pendulum-Fails-1-6-chunk-0110.smt2,sat,0.0
/meti-tarski/Nichols-Plot/Inverted-Pendulum/Nichols-Plot-Inverted-Pendulum-Fails-1-6-chunk-0164.smt2,unsat,0.0
/meti-tarski/Nichols-Plot/Inverted-Pendulum/Nichols-Plot-Inverted-Pendulum-Fails-1-6-chunk-0088.smt2,unsat,0.0
/meti-tarski/Nichols-Plot/Inverted-Pendulum/Nichols-Plot-Inverted-Pendulum-Fails-1-6-chunk-0203.smt2,sat,0.0
/meti-tarski/Nichols-Plot/Inverted-Pendulum/Nichols-Plot-Inverted-Pendulum-Fails-1-6-chunk-0247.smt2,unsat,0.0
/meti-tarski/Nichols-Plot/Inverted-Pendulum/Nichols-Plot-Inverted-Pendulum-Fails-1-6-chunk-0221.smt2,unsat,0.0
/meti-tarski/Nichols-Plot/Inverted-Pendulum/Nichols-Plot-Inverted-Pendulum-Fails-1-6-chunk-0166.smt2,sat,0.0
/meti-tarski/Nichols-Plot/Inverted-Pendulum/Nichols-Plot-Inverted-Pendulum-Fails-1-6-chunk-0084.smt2,unsat,0.0
/meti-tarski/Nichols-Plot/Inverted-Pendulum/Nichols-Plot-Inverted-Pendulum-Fails-1-6-chunk-0167.smt2,unsat,0.0
/meti-tarski/Nichols-Plot/Inverted-Pendulum/Nichols-Plot-Inverted-Pendulum-Fails-1-6-chunk-0234.smt2,unsat,0.0
/meti-tarski/Nichols-Plot/Inverted-Pendulum/Nichols-Plot-Inverted-Pendulum-Fails-1-6-chunk-0036.smt2,unsat,0.0
/meti-tarski/Nichols-Plot/Inverted-Pendulum/Nichols-Plot-Inverted-Pendulum-Fails-1-6-chunk-0071.smt2,sat,0.0
/meti-tarski/Nichols-Plot/Inverted-Pendulum/Nichols-Plot-Inverted-Pendulum-Fails-1-6-chunk-0029.smt2,unsat,0.0
/meti-tarski/Nichols-Plot/Inverted-Pendulum/Nichols-Plot-Inverted-Pendulum-Fails-1-6-chunk-0086.smt2,sat,0.0
/meti-tarski/Nichols-Plot/Inverted-Pendulum/Nichols-Plot-Inverted-Pendulum-Fails-1-6-chunk-0040.smt2,sat,0.0
/meti-tarski/Nichols-Plot/Inverted-Pendulum/Nichols-Plot-Inverted-Pendulum-Fails-1-6-chunk-0173.smt2,unsat,0.0
/meti-tarski/Nichols-Plot/Inverted-Pendulum/Nichols-Plot-Inverted-Pendulum-Fails-1-6-chunk-0025.smt2,unsat,0.0
/meti-tarski/Nichols-Plot/Inverted-Pendulum/Nichols-Plot-Inverted-Pendulum-Fails-1-6-chunk-0159.smt2,sat,0.0
/meti-tarski/Nichols-Plot/Inverted-Pendulum/Nichols-Plot-Inverted-Pendulum-Fails-1-6-chunk-0195.smt2,sat,0.0
/meti-tarski/Nichols-Plot/Inverted-Pendulum/Nichols-Plot-Inverted-Pendulum-Fails-1-6-chunk-0032.smt2,unsat,0.0
/meti-tarski/Nichols-Plot/Inverted-Pendulum/Nichols-Plot-Inverted-Pendulum-Fails-1-6-chunk-0048.smt2,unsat,0.0
/meti-tarski/Nichols-Plot/Inverted-Pendulum/Nichols-Plot-Inverted-Pendulum-Fails-1-6-chunk-0201.smt2,unsat,0.0
/meti-tarski/Nichols-Plot/Inverted-Pendulum/Nichols-Plot-Inverted-Pendulum-Fails-1-6-chunk-0160.smt2,unsat,0.0
/meti-tarski/Nichols-Plot/Inverted-Pendulum/Nichols-Plot-Inverted-Pendulum-Fails-1-6-chunk-0022.smt2,sat,0.0
/meti-tarski/Nichols-Plot/Inverted-Pendulum/Nichols-Plot-Inverted-Pendulum-Fails-1-6-chunk-0107.smt2,unsat,0.0
/meti-tarski/Nichols-Plot/Inverted-Pendulum/Nichols-Plot-Inverted-Pendulum-Fails-1-6-chunk-0052.smt2,sat,0.0
/meti-tarski/Nichols-Plot/Inverted-Pendulum/Nichols-Plot-Inverted-Pendulum-Fails-1-6-chunk-0191.smt2,unsat,0.0
/meti-tarski/Nichols-Plot/Inverted-Pendulum/Nichols-Plot-Inverted-Pendulum-Fails-1-6-chunk-0135.smt2,unsat,0.0
/meti-tarski/Nichols-Plot/Inverted-Pendulum/Nichols-Plot-Inverted-Pendulum-Fails-1-6-chunk-0079.smt2,sat,0.0
/meti-tarski/Nichols-Plot/Inverted-Pendulum/Nichols-Plot-Inverted-Pendulum-Fails-1-6-chunk-0031.smt2,sat,0.0
/meti-tarski/Nichols-Plot/Inverted-Pendulum/Nichols-Plot-Inverted-Pendulum-Fails-1-6-chunk-0020.smt2,unsat,0.0
/meti-tarski/Nichols-Plot/Inverted-Pendulum/Nichols-Plot-Inverted-Pendulum-Fails-1-6-chunk-0179.smt2,sat,0.0
/meti-tarski/Nichols-Plot/Inverted-Pendulum/Nichols-Plot-Inverted-Pendulum-Fails-1-6-chunk-0211.smt2,unsat,0.0
/meti-tarski/Nichols-Plot/Inverted-Pendulum/Nichols-Plot-Inverted-Pendulum-Fails-1-6-chunk-0124.smt2,unsat,0.0
/meti-tarski/Nichols-Plot/Inverted-Pendulum/Nichols-Plot-Inverted-Pendulum-Fails-1-6-chunk-0083.smt2,sat,0.0
/meti-tarski/Nichols-Plot/Inverted-Pendulum/Nichols-Plot-Inverted-Pendulum-Fails-1-6-chunk-0141.smt2,unsat,0.0
/meti-tarski/Nichols-Plot/Inverted-Pendulum/Nichols-Plot-Inverted-Pendulum-Fails-1-6-chunk-0131.smt2,sat,0.0
/meti-tarski/Nichols-Plot/Inverted-Pendulum/Nichols-Plot-Inverted-Pendulum-Fails-1-6-chunk-0207.smt2,unsat,0.0
/meti-tarski/Nichols-Plot/Inverted-Pendulum/Nichols-Plot-Inverted-Pendulum-Fails-1-6-chunk-0151.smt2,unsat,0.0
/meti-tarski/Nichols-Plot/Inverted-Pendulum/Nichols-Plot-Inverted-Pendulum-Fails-1-6-chunk-0144.smt2,unsat,0.0
/meti-tarski/Nichols-Plot/Inverted-Pendulum/Nichols-Plot-Inverted-Pendulum-Fails-1-6-chunk-0249.smt2,sat,0.0
/meti-tarski/Nichols-Plot/Inverted-Pendulum/Nichols-Plot-Inverted-Pendulum-Fails-1-6-chunk-0176.smt2,unsat,0.0
/meti-tarski/Nichols-Plot/Inverted-Pendulum/Nichols-Plot-Inverted-Pendulum-Fails-1-6-chunk-0114.smt2,unsat,0.0
/meti-tarski/Nichols-Plot/Inverted-Pendulum/Nichols-Plot-Inverted-Pendulum-Fails-1-6-chunk-0050.smt2,unsat,0.0
/meti-tarski/Nichols-Plot/Inverted-Pendulum/Nichols-Plot-Inverted-Pendulum-Fails-1-6-chunk-0074.smt2,sat,0.0
/meti-tarski/Nichols-Plot/Inverted-Pendulum/Nichols-Plot-Inverted-Pendulum-Fails-1-6-chunk-0205.smt2,unsat,0.0
/meti-tarski/Nichols-Plot/Inverted-Pendulum/Nichols-Plot-Inverted-Pendulum-Fails-1-6-chunk-0132.smt2,unsat,0.0
/meti-tarski/Nichols-Plot/Inverted-Pendulum/Nichols-Plot-Inverted-Pendulum-Fails-1-6-chunk-0064.smt2,sat,0.0
/meti-tarski/Nichols-Plot/Inverted-Pendulum/Nichols-Plot-Inverted-Pendulum-Fails-1-6-chunk-0219.smt2,unsat,0.0
/meti-tarski/Nichols-Plot/Inverted-Pendulum/Nichols-Plot-Inverted-Pendulum-Fails-1-6-chunk-0078.smt2,sat,0.0
/meti-tarski/Nichols-Plot/Inverted-Pendulum/Nichols-Plot-Inverted-Pendulum-Fails-1-6-chunk-0169.smt2,unsat,0.0
/meti-tarski/Nichols-Plot/Inverted-Pendulum/Nichols-Plot-Inverted-Pendulum-Fails-1-6-chunk-0011.smt2,sat,0.0
/meti-tarski/Nichols-Plot/Inverted-Pendulum/Nichols-Plot-Inverted-Pendulum-Fails-1-6-chunk-0172.smt2,sat,0.0
/meti-tarski/Nichols-Plot/Inverted-Pendulum/Nichols-Plot-Inverted-Pendulum-Fails-1-6-chunk-0137.smt2,unsat,0.0
/meti-tarski/Nichols-Plot/Inverted-Pendulum/Nichols-Plot-Inverted-Pendulum-Fails-1-6-chunk-0257.smt2,unsat,0.0
/meti-tarski/Nichols-Plot/Inverted-Pendulum/Nichols-Plot-Inverted-Pendulum-Fails-1-6-chunk-0075.smt2,unsat,0.0
/meti-tarski/Nichols-Plot/Inverted-Pendulum/Nichols-Plot-Inverted-Pendulum-Fails-1-6-chunk-0127.smt2,sat,0.0
/meti-tarski/Nichols-Plot/Inverted-Pendulum/Nichols-Plot-Inverted-Pendulum-Fails-1-6-chunk-0229.smt2,sat,0.0
/meti-tarski/Nichols-Plot/Inverted-Pendulum/Nichols-Plot-Inverted-Pendulum-Fails-1-6-chunk-0060.smt2,unsat,0.0
/meti-tarski/Nichols-Plot/Inverted-Pendulum/Nichols-Plot-Inverted-Pendulum-Fails-1-6-chunk-0182.smt2,sat,0.0
/meti-tarski/Nichols-Plot/Inverted-Pendulum/Nichols-Plot-Inverted-Pendulum-Fails-1-6-chunk-0120.smt2,unsat,0.0
/meti-tarski/Nichols-Plot/Inverted-Pendulum/Nichols-Plot-Inverted-Pendulum-Fails-1-6-chunk-0163.smt2,sat,0.0
/meti-tarski/Nichols-Plot/Inverted-Pendulum/Nichols-Plot-Inverted-Pendulum-Fails-1-6-chunk-0231.smt2,sat,0.0
/meti-tarski/Nichols-Plot/Inverted-Pendulum/Nichols-Plot-Inverted-Pendulum-Fails-1-6-chunk-0089.smt2,unsat,0.0
/meti-tarski/Nichols-Plot/Inverted-Pendulum/Nichols-Plot-Inverted-Pendulum-Fails-1-6-chunk-0239.smt2,unsat,0.0
/meti-tarski/Nichols-Plot/Inverted-Pendulum/Nichols-Plot-Inverted-Pendulum-Fails-1-6-chunk-0143.smt2,sat,0.0
/meti-tarski/Nichols-Plot/Inverted-Pendulum/Nichols-Plot-Inverted-Pendulum-Fails-1-6-chunk-0016.smt2,sat,0.0
/meti-tarski/Nichols-Plot/Inverted-Pendulum/Nichols-Plot-Inverted-Pendulum-Fails-1-6-chunk-0111.smt2,unsat,0.0
/meti-tarski/Nichols-Plot/Inverted-Pendulum/Nichols-Plot-Inverted-Pendulum-Fails-1-6-chunk-0062.smt2,sat,0.0
/meti-tarski/Nichols-Plot/Inverted-Pendulum/Nichols-Plot-Inverted-Pendulum-Fails-1-6-chunk-0095.smt2,sat,0.0
/meti-tarski/Nichols-Plot/Inverted-Pendulum/Nichols-Plot-Inverted-Pendulum-Fails-1-6-chunk-0093.smt2,unsat,0.0
/meti-tarski/Nichols-Plot/Inverted-Pendulum/Nichols-Plot-Inverted-Pendulum-Fails-1-6-chunk-0024.smt2,sat,0.0
/meti-tarski/Nichols-Plot/Inverted-Pendulum/Nichols-Plot-Inverted-Pendulum-Fails-1-6-chunk-0224.smt2,sat,0.0
/meti-tarski/Nichols-Plot/Inverted-Pendulum/Nichols-Plot-Inverted-Pendulum-Fails-1-6-chunk-0030.smt2,sat,0.0
/meti-tarski/RL-high-pass-circuit/RL-high-pass-circuit-gain-chunk-0005.smt2,sat,0.0
/meti-tarski/RL-high-pass-circuit/RL-high-pass-circuit-gain-chunk-0007.smt2,sat,0.0
/meti-tarski/RL-high-pass-circuit/RL-high-pass-circuit-gain-chunk-0009.smt2,unsat,0.0
/meti-tarski/RL-high-pass-circuit/RL-high-pass-circuit-gain-chunk-0008.smt2,unsat,0.0
/meti-tarski/RL-high-pass-circuit/RL-high-pass-circuit-gain-chunk-0012.smt2,unsat,0.0
/meti-tarski/RL-high-pass-circuit/RL-high-pass-circuit-gain-chunk-0010.smt2,sat,0.0
/meti-tarski/RL-high-pass-circuit/RL-high-pass-circuit-gain-chunk-0011.smt2,sat,0.0
/meti-tarski/RL-high-pass-circuit/RL-high-pass-circuit-gain-chunk-0013.smt2,unsat,0.0
/meti-tarski/CONVOI2/CONVOI2-chunk-0015.smt2,unsat,0.0
/meti-tarski/CONVOI2/CONVOI2-chunk-0025.smt2,sat,0.0
/meti-tarski/CONVOI2/CONVOI2-chunk-0028.smt2,sat,0.0
/meti-tarski/CONVOI2/CONVOI2-chunk-0031.smt2,sat,0.0
/meti-tarski/CONVOI2/CONVOI2-chunk-0052.smt2,unsat,0.0
/meti-tarski/CONVOI2/CONVOI2-chunk-0016.smt2,sat,0.0
/meti-tarski/CONVOI2/CONVOI2-chunk-0036.smt2,sat,0.0
/meti-tarski/CONVOI2/CONVOI2-chunk-0012.smt2,sat,0.0
/meti-tarski/CONVOI2/CONVOI2-chunk-0011.smt2,sat,0.0
/meti-tarski/CONVOI2/CONVOI2-chunk-0010.smt2,sat,0.0
/meti-tarski/CONVOI2/CONVOI2-chunk-0038.smt2,sat,0.0
/meti-tarski/CONVOI2/CONVOI2-chunk-0035.smt2,sat,0.0
/meti-tarski/CONVOI2/CONVOI2-chunk-0017.smt2,sat,0.0
/meti-tarski/CONVOI2/CONVOI2-chunk-0037.smt2,sat,0.0
/meti-tarski/CONVOI2/CONVOI2-chunk-0054.smt2,sat,0.0
/meti-tarski/CONVOI2/CONVOI2-chunk-0042.smt2,unsat,0.0
/meti-tarski/CONVOI2/CONVOI2-chunk-0018.smt2,sat,0.0
/meti-tarski/CONVOI2/CONVOI2-chunk-0051.smt2,sat,0.0
/meti-tarski/CONVOI2/CONVOI2-chunk-0027.smt2,sat,0.0
/meti-tarski/CONVOI2/CONVOI2-chunk-0026.smt2,sat,0.0
/meti-tarski/CONVOI2/CONVOI2-chunk-0034.smt2,unsat,0.0
/meti-tarski/CONVOI2/CONVOI2-chunk-0044.smt2,sat,0.0
/meti-tarski/CONVOI2/CONVOI2-chunk-0020.smt2,sat,0.0
/meti-tarski/CONVOI2/CONVOI2-chunk-0029.smt2,sat,0.0
/meti-tarski/CONVOI2/CONVOI2-chunk-0041.smt2,unsat,0.0
/meti-tarski/CONVOI2/CONVOI2-chunk-0047.smt2,unsat,0.0
/meti-tarski/CONVOI2/CONVOI2-chunk-0014.smt2,sat,0.0
/meti-tarski/CONVOI2/CONVOI2-chunk-0033.smt2,sat,0.0
/meti-tarski/CONVOI2/CONVOI2-chunk-0032.smt2,unsat,0.0
/meti-tarski/CONVOI2/CONVOI2-chunk-0040.smt2,unsat,0.0
/meti-tarski/CONVOI2/CONVOI2-chunk-0053.smt2,sat,0.0
/meti-tarski/CONVOI2/CONVOI2-chunk-0039.smt2,sat,0.0
/meti-tarski/CONVOI2/CONVOI2-chunk-0024.smt2,sat,0.0
/meti-tarski/CONVOI2/CONVOI2-chunk-0013.smt2,unsat,0.0
/meti-tarski/CONVOI2/CONVOI2-chunk-0019.smt2,sat,0.0
/meti-tarski/CONVOI2/CONVOI2-chunk-0021.smt2,sat,0.0
/meti-tarski/sin/problem/10/sin-problem-10-2-chunk-0027.smt2,unsat,0.0
/meti-tarski/sin/problem/10/sin-problem-10-2-chunk-0034.smt2,unsat,0.0
/meti-tarski/sin/problem/10/sin-problem-10-3-chunk-0022.smt2,sat,0.0
/meti-tarski/sin/problem/10/sin-problem-10-3-chunk-0030.smt2,sat,0.0
/meti-tarski/sin/problem/10/sin-problem-10-2-chunk-0012.smt2,sat,0.0
/meti-tarski/sin/problem/10/sin-problem-10-2-chunk-0021.smt2,sat,0.0
/meti-tarski/sin/problem/10/sin-problem-10-2-chunk-0015.smt2,sat,0.0
/meti-tarski/sin/problem/10/sin-problem-10-2-chunk-0024.smt2,unsat,0.0
/meti-tarski/sin/problem/10/sin-problem-10-3-chunk-0033.smt2,unsat,0.0
/meti-tarski/sin/problem/10/sin-problem-10-3-chunk-0028.smt2,sat,0.0
/meti-tarski/sin/problem/10/sin-problem-10-3-chunk-0012.smt2,sat,0.0
/meti-tarski/sin/problem/10/sin-problem-10-3-chunk-0032.smt2,sat,0.0
/meti-tarski/sin/problem/10/sin-problem-10-3-chunk-0016.smt2,sat,0.0
/meti-tarski/sin/problem/10/sin-problem-10-2-chunk-0019.smt2,unsat,0.0
/meti-tarski/sin/problem/10/sin-problem-10-3-chunk-0025.smt2,unsat,0.0
/meti-tarski/sin/problem/10/sin-problem-10-3-chunk-0021.smt2,sat,0.0
/meti-tarski/sin/problem/10/sin-problem-10-3-chunk-0026.smt2,sat,0.0
/meti-tarski/sin/problem/10/sin-problem-10-2-chunk-0023.smt2,unsat,0.0
/meti-tarski/sin/problem/10/sin-problem-10-2-chunk-0026.smt2,sat,0.0
/meti-tarski/sin/problem/10/sin-problem-10-2-chunk-0025.smt2,unsat,0.0
/meti-tarski/sin/problem/10/sin-problem-10-3-chunk-0013.smt2,sat,0.0
/meti-tarski/sin/problem/10/sin-problem-10-3-chunk-0034.smt2,unsat,0.0
/meti-tarski/sin/problem/10/sin-problem-10-3-chunk-0018.smt2,sat,0.0
/meti-tarski/sin/problem/10/sin-problem-10-2-chunk-0029.smt2,unsat,0.0
/meti-tarski/sin/problem/10/sin-problem-10-3-chunk-0015.smt2,sat,0.0
/meti-tarski/sin/problem/10/sin-problem-10-2-chunk-0010.smt2,sat,0.0
/meti-tarski/sin/problem/10/sin-problem-10-3-chunk-0031.smt2,sat,0.0
/meti-tarski/sin/problem/10/sin-problem-10-2-chunk-0032.smt2,sat,0.0
/meti-tarski/sin/problem/10/sin-problem-10-3-chunk-0023.smt2,unsat,0.0
/meti-tarski/sin/problem/10/sin-problem-10-3-chunk-0024.smt2,unsat,0.0
/meti-tarski/sin/problem/10/sin-problem-10-2-chunk-0031.smt2,sat,0.0
/meti-tarski/sin/problem/10/sin-problem-10-2-chunk-0018.smt2,sat,0.0
/meti-tarski/sin/problem/10/sin-problem-10-3-chunk-0010.smt2,sat,0.0
/meti-tarski/sin/problem/10/sin-problem-10-2-chunk-0022.smt2,sat,0.0
/meti-tarski/sin/problem/10/sin-problem-10-2-chunk-0016.smt2,sat,0.0
/meti-tarski/sin/problem/10/sin-problem-10-3-chunk-0019.smt2,unsat,0.0
/meti-tarski/sin/problem/10/sin-problem-10-2-chunk-0013.smt2,sat,0.0
/meti-tarski/sin/problem/10/sin-problem-10-2-chunk-0033.smt2,unsat,0.0
/meti-tarski/sin/problem/10/sin-problem-10-3-chunk-0027.smt2,unsat,0.0
/meti-tarski/sin/problem/10/sin-problem-10-2-chunk-0030.smt2,sat,0.0
/meti-tarski/sin/problem/10/sin-problem-10-3-chunk-0029.smt2,unsat,0.0
/meti-tarski/sin/problem/10/sin-problem-10-2-chunk-0028.smt2,sat,0.0
/meti-tarski/sin/problem/8/sin-problem-8-chunk-0063.smt2,sat,0.0
/meti-tarski/sin/problem/8/sin-problem-8-chunk-0054.smt2,sat,0.0
/meti-tarski/sin/problem/8/sin-problem-8-chunk-0039.smt2,unsat,0.0
/meti-tarski/sin/problem/8/sin-problem-8-chunk-0065.smt2,unsat,0.0
/meti-tarski/sin/problem/8/sin-problem-8-chunk-0026.smt2,unsat,0.0
/meti-tarski/sin/problem/8/sin-problem-8-chunk-0028.smt2,unsat,0.0
/meti-tarski/sin/problem/8/sin-problem-8-chunk-0038.smt2,sat,0.0
/meti-tarski/sin/problem/8/sin-problem-8-chunk-0053.smt2,sat,0.0
/meti-tarski/sin/problem/8/sin-problem-8-chunk-0057.smt2,sat,0.0
/meti-tarski/sin/problem/8/sin-problem-8-chunk-0060.smt2,sat,0.0
/meti-tarski/sin/problem/8/sin-problem-8-chunk-0027.smt2,sat,0.0
/meti-tarski/sin/problem/8/sin-problem-8-chunk-0040.smt2,unsat,0.0
/meti-tarski/sin/problem/8/weak/sin-problem-8-weak-chunk-0020.smt2,unsat,0.0
/meti-tarski/sin/problem/8/weak/sin-problem-8-weak-chunk-0071.smt2,sat,0.0
/meti-tarski/sin/problem/8/weak/sin-problem-8-weak-chunk-0048.smt2,unsat,0.0
/meti-tarski/sin/problem/8/weak/sin-problem-8-weak-chunk-0044.smt2,sat,0.0
/meti-tarski/sin/problem/8/weak/sin-problem-8-weak-chunk-0078.smt2,unsat,0.0
/meti-tarski/sin/problem/8/weak/sin-problem-8-weak-chunk-0054.smt2,sat,0.0
/meti-tarski/sin/problem/8/weak/sin-problem-8-weak-chunk-0033.smt2,sat,0.0
/meti-tarski/sin/problem/8/weak/sin-problem-8-weak-chunk-0049.smt2,sat,0.0
/meti-tarski/sin/problem/8/weak/sin-problem-8-weak-chunk-0013.smt2,unsat,0.0
/meti-tarski/sin/problem/8/weak/sin-problem-8-weak-chunk-0059.smt2,unsat,0.0
/meti-tarski/sin/problem/8/weak/sin-problem-8-weak-chunk-0060.smt2,sat,0.0
/meti-tarski/sin/problem/8/weak/sin-problem-8-weak-chunk-0065.smt2,unsat,0.0
/meti-tarski/sin/problem/8/weak/sin-problem-8-weak-chunk-0040.smt2,unsat,0.0
/meti-tarski/sin/problem/8/weak/sin-problem-8-weak-chunk-0072.smt2,sat,0.0
/meti-tarski/sin/problem/8/weak/sin-problem-8-weak-chunk-0050.smt2,sat,0.0
/meti-tarski/sin/problem/8/weak/sin-problem-8-weak-chunk-0067.smt2,sat,0.0
/meti-tarski/sin/problem/8/weak/sin-problem-8-weak-chunk-0027.smt2,sat,0.0
/meti-tarski/sin/problem/8/weak/sin-problem-8-weak-chunk-0077.smt2,sat,0.0
/meti-tarski/sin/problem/8/weak/sin-problem-8-weak-chunk-0045.smt2,sat,0.0
/meti-tarski/sin/problem/8/weak/sin-problem-8-weak-chunk-0053.smt2,sat,0.0
/meti-tarski/sin/problem/8/weak/sin-problem-8-weak-chunk-0057.smt2,sat,0.0
/meti-tarski/sin/problem/8/weak/sin-problem-8-weak-chunk-0062.smt2,sat,0.0
/meti-tarski/sin/problem/8/weak/sin-problem-8-weak-chunk-0043.smt2,sat,0.0
/meti-tarski/sin/problem/8/weak/sin-problem-8-weak-chunk-0039.smt2,unsat,0.0
/meti-tarski/sin/problem/8/weak/sin-problem-8-weak-chunk-0029.smt2,sat,0.0
/meti-tarski/sin/problem/8/weak/sin-problem-8-weak-chunk-0038.smt2,sat,0.0
/meti-tarski/sin/problem/8/weak/sin-problem-8-weak-chunk-0052.smt2,unsat,0.0
/meti-tarski/sin/problem/8/weak/sin-problem-8-weak-chunk-0075.smt2,sat,0.0
/meti-tarski/sin/problem/8/weak/sin-problem-8-weak-chunk-0073.smt2,sat,0.0
/meti-tarski/sin/problem/8/weak/sin-problem-8-weak-chunk-0079.smt2,unsat,0.0
/meti-tarski/sin/problem/8/weak/sin-problem-8-weak-chunk-0024.smt2,unsat,0.0
/meti-tarski/sin/problem/8/weak/sin-problem-8-weak-chunk-0063.smt2,sat,0.0
/meti-tarski/sin/problem/8/weak/sin-problem-8-weak-chunk-0046.smt2,sat,0.0
/meti-tarski/sin/problem/8/weak/sin-problem-8-weak-chunk-0019.smt2,sat,0.0
/meti-tarski/sin/problem/8/weak/sin-problem-8-weak-chunk-0031.smt2,unsat,0.0
/meti-tarski/sin/problem/8/weak/sin-problem-8-weak-chunk-0061.smt2,sat,0.0
/meti-tarski/sin/problem/8/weak/sin-problem-8-weak-chunk-0069.smt2,sat,0.0
/meti-tarski/sin/problem/8/weak/sin-problem-8-weak-chunk-0035.smt2,unsat,0.0
/meti-tarski/sin/problem/8/weak/sin-problem-8-weak-chunk-0081.smt2,sat,0.0
/meti-tarski/sin/problem/8/weak/sin-problem-8-weak-chunk-0068.smt2,sat,0.0
/meti-tarski/sin/problem/8/weak/sin-problem-8-weak-chunk-0028.smt2,unsat,0.0
/meti-tarski/sin/problem/8/weak/sin-problem-8-weak-chunk-0026.smt2,unsat,0.0
/meti-tarski/sin/problem/8/weak/sin-problem-8-weak-chunk-0058.smt2,sat,0.0
/meti-tarski/sin/problem/8/weak/sin-problem-8-weak-chunk-0016.smt2,unsat,0.0
/meti-tarski/sin/problem/8/weak/sin-problem-8-weak-chunk-0051.smt2,unsat,0.0
/meti-tarski/sin/problem/8/weak/sin-problem-8-weak-chunk-0076.smt2,sat,0.0
/meti-tarski/sin/problem/8/weak/sin-problem-8-weak-chunk-0070.smt2,unsat,0.0
/meti-tarski/sin/problem/8/weak/sin-problem-8-weak-chunk-0025.smt2,sat,0.0
/meti-tarski/sin/problem/8/weak/sin-problem-8-weak-chunk-0056.smt2,unsat,0.0
/meti-tarski/sin/problem/8/sin-problem-8-chunk-0048.smt2,unsat,0.0
/meti-tarski/sin/problem/8/sin-problem-8-chunk-0043.smt2,sat,0.0
/meti-tarski/sin/problem/8/sin-problem-8-chunk-0052.smt2,unsat,0.0
/meti-tarski/sin/problem/8/sin-problem-8-chunk-0056.smt2,unsat,0.0
/meti-tarski/sin/problem/8/sin-problem-8-chunk-0059.smt2,unsat,0.0
/meti-tarski/sin/problem/8/sin-problem-8-chunk-0050.smt2,sat,0.0
/meti-tarski/sin/problem/8/sin-problem-8-chunk-0062.smt2,sat,0.0
/meti-tarski/sin/problem/8/sin-problem-8-chunk-0033.smt2,sat,0.0
/meti-tarski/sin/problem/8/sin-problem-8-chunk-0049.smt2,sat,0.0
/meti-tarski/sin/problem/8/sin-problem-8-chunk-0058.smt2,sat,0.0
/meti-tarski/sin/problem/8/sin-problem-8-chunk-0067.smt2,sat,0.0
/meti-tarski/sin/problem/8/sin-problem-8-chunk-0024.smt2,unsat,0.0
/meti-tarski/sin/problem/8/sin-problem-8-chunk-0068.smt2,sat,0.0
/meti-tarski/sin/problem/8/sin-problem-8-chunk-0046.smt2,sat,0.0
/meti-tarski/sin/problem/8/sin-problem-8-chunk-0025.smt2,sat,0.0
/meti-tarski/sin/problem/8/sin-problem-8-chunk-0031.smt2,unsat,0.0
/meti-tarski/sin/problem/8/sin-problem-8-chunk-0045.smt2,sat,0.0
/meti-tarski/sin/problem/8/sin-problem-8-chunk-0029.smt2,sat,0.0
/meti-tarski/sin/problem/8/sin-problem-8-chunk-0051.smt2,unsat,0.0
/meti-tarski/sin/problem/8/sin-problem-8-chunk-0035.smt2,unsat,0.0
/meti-tarski/sin/problem/8/sin-problem-8-chunk-0069.smt2,sat,0.0
/meti-tarski/sin/problem/8/sin-problem-8-chunk-0044.smt2,sat,0.0
/meti-tarski/sin/problem/8/sin-problem-8-chunk-0061.smt2,sat,0.0
/meti-tarski/sin/problem/7/sin-problem-7-chunk-0341.smt2,sat,0.0
/meti-tarski/sin/problem/7/sin-problem-7-chunk-0151.smt2,unsat,0.0
/meti-tarski/sin/problem/7/sin-problem-7-chunk-0092.smt2,sat,0.0
/meti-tarski/sin/problem/7/sin-problem-7-chunk-0077.smt2,sat,0.0
/meti-tarski/sin/problem/7/sin-problem-7-chunk-0206.smt2,sat,0.0
/meti-tarski/sin/problem/7/sin-problem-7-chunk-0343.smt2,sat,0.0
/meti-tarski/sin/problem/7/sin-problem-7-chunk-0101.smt2,unsat,0.0
/meti-tarski/sin/problem/7/sin-problem-7-chunk-0113.smt2,sat,0.0
/meti-tarski/sin/problem/7/sin-problem-7-chunk-0215.smt2,unsat,0.0
/meti-tarski/sin/problem/7/sin-problem-7-chunk-0281.smt2,sat,0.0
/meti-tarski/sin/problem/7/sin-problem-7-chunk-0325.smt2,unsat,301.19983887672424
/meti-tarski/sin/problem/7/sin-problem-7-chunk-0275.smt2,sat,0.0
/meti-tarski/sin/problem/7/sin-problem-7-chunk-0165.smt2,sat,0.0
/meti-tarski/sin/problem/7/sin-problem-7-chunk-0127.smt2,sat,0.0
/meti-tarski/sin/problem/7/sin-problem-7-chunk-0358.smt2,sat,0.0
/meti-tarski/sin/problem/7/sin-problem-7-chunk-0153.smt2,sat,0.0
/meti-tarski/sin/problem/7/sin-problem-7-chunk-0114.smt2,sat,0.0
/meti-tarski/sin/problem/7/sin-problem-7-chunk-0140.smt2,sat,0.0
/meti-tarski/sin/problem/7/sin-problem-7-chunk-0274.smt2,unsat,0.0
/meti-tarski/sin/problem/7/sin-problem-7-chunk-0189.smt2,sat,0.0
/meti-tarski/sin/problem/7/sin-problem-7-chunk-0195.smt2,unsat,0.0
/meti-tarski/sin/problem/7/sin-problem-7-chunk-0208.smt2,sat,0.0
/meti-tarski/sin/problem/7/sin-problem-7-chunk-0072.smt2,sat,0.0
/meti-tarski/sin/problem/7/sin-problem-7-chunk-0108.smt2,sat,0.0
/meti-tarski/sin/problem/7/sin-problem-7-chunk-0214.smt2,sat,0.0
/meti-tarski/sin/problem/7/sin-problem-7-chunk-0351.smt2,sat,0.0
/meti-tarski/sin/problem/7/sin-problem-7-chunk-0224.smt2,sat,0.0
/meti-tarski/sin/problem/7/sin-problem-7-chunk-0286.smt2,sat,0.0
/meti-tarski/sin/problem/7/sin-problem-7-chunk-0205.smt2,unsat,0.0
/meti-tarski/sin/problem/7/sin-problem-7-chunk-0228.smt2,unsat,120.9099793434143
/meti-tarski/sin/problem/7/sin-problem-7-chunk-0306.smt2,sat,0.0
/meti-tarski/sin/problem/7/sin-problem-7-chunk-0289.smt2,sat,0.0
/meti-tarski/sin/problem/7/sin-problem-7-chunk-0190.smt2,sat,0.0
/meti-tarski/sin/problem/7/sin-problem-7-chunk-0276.smt2,unsat,0.0
/meti-tarski/sin/problem/7/sin-problem-7-chunk-0327.smt2,sat,0.0
/meti-tarski/sin/problem/7/sin-problem-7-chunk-0109.smt2,sat,0.0
/meti-tarski/sin/problem/7/sin-problem-7-chunk-0142.smt2,sat,0.0
/meti-tarski/sin/problem/7/sin-problem-7-chunk-0308.smt2,sat,0.0350804328918457
/meti-tarski/sin/problem/7/sin-problem-7-chunk-0234.smt2,sat,0.0
/meti-tarski/sin/problem/7/sin-problem-7-chunk-0124.smt2,sat,0.0
/meti-tarski/sin/problem/7/sin-problem-7-chunk-0291.smt2,sat,0.0
/meti-tarski/sin/problem/7/sin-problem-7-chunk-0123.smt2,unsat,0.0
/meti-tarski/sin/problem/7/sin-problem-7-chunk-0201.smt2,sat,0.0
/meti-tarski/sin/problem/7/sin-problem-7-chunk-0267.smt2,sat,0.0
/meti-tarski/sin/problem/7/sin-problem-7-chunk-0176.smt2,sat,0.0
/meti-tarski/sin/problem/7/sin-problem-7-chunk-0203.smt2,sat,0.0
/meti-tarski/sin/problem/7/sin-problem-7-chunk-0284.smt2,sat,0.0
/meti-tarski/sin/problem/7/sin-problem-7-chunk-0150.smt2,sat,0.0
/meti-tarski/sin/problem/7/sin-problem-7-chunk-0303.smt2,sat,0.0
/meti-tarski/sin/problem/7/sin-problem-7-chunk-0182.smt2,sat,0.0
/meti-tarski/sin/problem/7/sin-problem-7-chunk-0078.smt2,sat,0.0
/meti-tarski/sin/problem/7/sin-problem-7-chunk-0297.smt2,unsat,1.098479986190796
/meti-tarski/sin/problem/7/sin-problem-7-chunk-0304.smt2,sat,0.2
/meti-tarski/sin/problem/7/sin-problem-7-chunk-0060.smt2,unsat,0.0
/meti-tarski/sin/problem/7/sin-problem-7-chunk-0076.smt2,unsat,0.0
/meti-tarski/sin/problem/7/sin-problem-7-chunk-0096.smt2,sat,0.0
/meti-tarski/sin/problem/7/sin-problem-7-chunk-0155.smt2,sat,0.0
/meti-tarski/sin/problem/7/sin-problem-7-chunk-0207.smt2,sat,0.0
/meti-tarski/sin/problem/7/weak/sin-problem-7-weak-chunk-0175.smt2,sat,0.0
/meti-tarski/sin/problem/7/weak/sin-problem-7-weak-chunk-0109.smt2,sat,0.0
/meti-tarski/sin/problem/7/weak/sin-problem-7-weak-chunk-0075.smt2,sat,0.0
/meti-tarski/sin/problem/7/weak/sin-problem-7-weak-chunk-0073.smt2,sat,0.0
/meti-tarski/sin/problem/7/weak/sin-problem-7-weak-chunk-0124.smt2,unsat,0.0
/meti-tarski/sin/problem/7/weak/sin-problem-7-weak-chunk-0131.smt2,sat,0.0
/meti-tarski/sin/problem/7/weak/sin-problem-7-weak-chunk-0146.smt2,unsat,0.0
/meti-tarski/sin/problem/7/weak/sin-problem-7-weak-chunk-0042.smt2,unsat,0.0
/meti-tarski/sin/problem/7/weak/sin-problem-7-weak-chunk-0120.smt2,sat,0.0
/meti-tarski/sin/problem/7/weak/sin-problem-7-weak-chunk-0097.smt2,unsat,0.0
/meti-tarski/sin/problem/7/weak/sin-problem-7-weak-chunk-0091.smt2,sat,0.0
/meti-tarski/sin/problem/7/weak/sin-problem-7-weak-chunk-0152.smt2,sat,0.0
/meti-tarski/sin/problem/7/weak/sin-problem-7-weak-chunk-0151.smt2,sat,0.0
/meti-tarski/sin/problem/7/weak/sin-problem-7-weak-chunk-0174.smt2,sat,0.0
/meti-tarski/sin/problem/7/weak/sin-problem-7-weak-chunk-0126.smt2,sat,0.0
/meti-tarski/sin/problem/7/weak/sin-problem-7-weak-chunk-0071.smt2,sat,0.0
/meti-tarski/sin/problem/7/weak/sin-problem-7-weak-chunk-0088.smt2,sat,0.0
/meti-tarski/sin/problem/7/weak/sin-problem-7-weak-chunk-0134.smt2,sat,0.0
/meti-tarski/sin/problem/7/weak/sin-problem-7-weak-chunk-0121.smt2,unsat,0.0
/meti-tarski/sin/problem/7/weak/sin-problem-7-weak-chunk-0028.smt2,unsat,0.0
/meti-tarski/sin/problem/7/weak/sin-problem-7-weak-chunk-0096.smt2,sat,0.0
/meti-tarski/sin/problem/7/weak/sin-problem-7-weak-chunk-0084.smt2,unsat,0.0
/meti-tarski/sin/problem/7/weak/sin-problem-7-weak-chunk-0103.smt2,sat,0.0
/meti-tarski/sin/problem/7/weak/sin-problem-7-weak-chunk-0085.smt2,sat,0.0
/meti-tarski/sin/problem/7/weak/sin-problem-7-weak-chunk-0186.smt2,sat,0.0
/meti-tarski/sin/problem/7/weak/sin-problem-7-weak-chunk-0159.smt2,sat,0.0
/meti-tarski/sin/problem/7/weak/sin-problem-7-weak-chunk-0167.smt2,sat,0.0
/meti-tarski/sin/problem/7/weak/sin-problem-7-weak-chunk-0141.smt2,unsat,2.3
/meti-tarski/sin/problem/7/weak/sin-problem-7-weak-chunk-0116.smt2,unsat,0.0
/meti-tarski/sin/problem/7/weak/sin-problem-7-weak-chunk-0100.smt2,sat,0.0
/meti-tarski/sin/problem/7/weak/sin-problem-7-weak-chunk-0170.smt2,sat,0.0
/meti-tarski/sin/problem/7/weak/sin-problem-7-weak-chunk-0077.smt2,sat,0.0
/meti-tarski/sin/problem/7/weak/sin-problem-7-weak-chunk-0019.smt2,unsat,0.0
/meti-tarski/sin/problem/7/weak/sin-problem-7-weak-chunk-0137.smt2,sat,0.0
/meti-tarski/sin/problem/7/weak/sin-problem-7-weak-chunk-0147.smt2,sat,0.0
/meti-tarski/sin/problem/7/weak/sin-problem-7-weak-chunk-0093.smt2,sat,0.0
/meti-tarski/sin/problem/7/weak/sin-problem-7-weak-chunk-0078.smt2,unsat,0.0
/meti-tarski/sin/problem/7/weak/sin-problem-7-weak-chunk-0128.smt2,sat,0.0
/meti-tarski/sin/problem/7/weak/sin-problem-7-weak-chunk-0132.smt2,sat,0.0
/meti-tarski/sin/problem/7/weak/sin-problem-7-weak-chunk-0142.smt2,unsat,0.0
/meti-tarski/sin/problem/7/weak/sin-problem-7-weak-chunk-0090.smt2,sat,0.0
/meti-tarski/sin/problem/7/weak/sin-problem-7-weak-chunk-0160.smt2,sat,0.0
/meti-tarski/sin/problem/7/weak/sin-problem-7-weak-chunk-0179.smt2,unsat,18.68745517730713
/meti-tarski/sin/problem/7/weak/sin-problem-7-weak-chunk-0171.smt2,sat,0.0
/meti-tarski/sin/problem/7/weak/sin-problem-7-weak-chunk-0027.smt2,sat,0.0
/meti-tarski/sin/problem/7/weak/sin-problem-7-weak-chunk-0143.smt2,sat,0.0
/meti-tarski/sin/problem/7/weak/sin-problem-7-weak-chunk-0114.smt2,sat,0.0
/meti-tarski/sin/problem/7/weak/sin-problem-7-weak-chunk-0072.smt2,sat,0.0
/meti-tarski/sin/problem/7/weak/sin-problem-7-weak-chunk-0108.smt2,unsat,0.0
/meti-tarski/sin/problem/7/weak/sin-problem-7-weak-chunk-0178.smt2,sat,0.0
/meti-tarski/sin/problem/7/weak/sin-problem-7-weak-chunk-0111.smt2,unsat,0.0
/meti-tarski/sin/problem/7/weak/sin-problem-7-weak-chunk-0156.smt2,sat,0.0
/meti-tarski/sin/problem/7/weak/sin-problem-7-weak-chunk-0140.smt2,sat,0.0
/meti-tarski/sin/problem/7/weak/sin-problem-7-weak-chunk-0154.smt2,unsat,0.0
/meti-tarski/sin/problem/7/weak/sin-problem-7-weak-chunk-0181.smt2,sat,0.06074714660644531
/meti-tarski/sin/problem/7/weak/sin-problem-7-weak-chunk-0144.smt2,unsat,0.0
/meti-tarski/sin/problem/7/weak/sin-problem-7-weak-chunk-0060.smt2,sat,0.0
/meti-tarski/sin/problem/7/weak/sin-problem-7-weak-chunk-0150.smt2,sat,0.0
/meti-tarski/sin/problem/7/weak/sin-problem-7-weak-chunk-0123.smt2,sat,0.0
/meti-tarski/sin/problem/7/weak/sin-problem-7-weak-chunk-0184.smt2,unsat,0.0
/meti-tarski/sin/problem/7/weak/sin-problem-7-weak-chunk-0162.smt2,sat,0.0
/meti-tarski/sin/problem/7/weak/sin-problem-7-weak-chunk-0168.smt2,unsat,0.0
/meti-tarski/sin/problem/7/weak/sin-problem-7-weak-chunk-0155.smt2,sat,0.0
/meti-tarski/sin/problem/7/weak/sin-problem-7-weak-chunk-0127.smt2,sat,0.0
/meti-tarski/sin/problem/7/weak/sin-problem-7-weak-chunk-0102.smt2,unsat,0.0
/meti-tarski/sin/problem/7/weak/sin-problem-7-weak-chunk-0083.smt2,unsat,0.0
/meti-tarski/sin/problem/7/weak/sin-problem-7-weak-chunk-0125.smt2,sat,0.0
/meti-tarski/sin/problem/7/weak/sin-problem-7-weak-chunk-0015.smt2,unsat,0.0
/meti-tarski/sin/problem/7/weak/sin-problem-7-weak-chunk-0166.smt2,sat,0.0
/meti-tarski/sin/problem/7/weak/sin-problem-7-weak-chunk-0118.smt2,sat,0.0
/meti-tarski/sin/problem/7/weak/sin-problem-7-weak-chunk-0164.smt2,sat,0.0
/meti-tarski/sin/problem/7/weak/sin-problem-7-weak-chunk-0061.smt2,unsat,0.0
/meti-tarski/sin/problem/7/weak/sin-problem-7-weak-chunk-0161.smt2,sat,0.0
/meti-tarski/sin/problem/7/weak/sin-problem-7-weak-chunk-0149.smt2,unsat,0.0
/meti-tarski/sin/problem/7/weak/sin-problem-7-weak-chunk-0153.smt2,sat,0.0
/meti-tarski/sin/problem/7/weak/sin-problem-7-weak-chunk-0172.smt2,unsat,0.0
/meti-tarski/sin/problem/7/weak/sin-problem-7-weak-chunk-0133.smt2,sat,0.0
/meti-tarski/sin/problem/7/weak/sin-problem-7-weak-chunk-0180.smt2,sat,0.0
/meti-tarski/sin/problem/7/weak/sin-problem-7-weak-chunk-0130.smt2,unsat,0.0
/meti-tarski/sin/problem/7/weak/sin-problem-7-weak-chunk-0173.smt2,unsat,0.1
/meti-tarski/sin/problem/7/weak/sin-problem-7-weak-chunk-0138.smt2,sat,0.0
/meti-tarski/sin/problem/7/weak/sin-problem-7-weak-chunk-0098.smt2,sat,0.0
/meti-tarski/sin/problem/7/weak/sin-problem-7-weak-chunk-0148.smt2,unsat,0.0
/meti-tarski/sin/problem/7/weak/sin-problem-7-weak-chunk-0157.smt2,unsat,0.0
/meti-tarski/sin/problem/7/weak/sin-problem-7-weak-chunk-0110.smt2,sat,0.0
/meti-tarski/sin/problem/7/weak/sin-problem-7-weak-chunk-0101.smt2,sat,0.0
/meti-tarski/sin/problem/7/weak/sin-problem-7-weak-chunk-0081.smt2,sat,0.0
/meti-tarski/sin/problem/7/weak/sin-problem-7-weak-chunk-0129.smt2,sat,0.0
/meti-tarski/sin/problem/7/weak/sin-problem-7-weak-chunk-0115.smt2,sat,0.0
/meti-tarski/sin/problem/7/weak/sin-problem-7-weak-chunk-0105.smt2,unsat,0.0
/meti-tarski/sin/problem/7/weak/sin-problem-7-weak-chunk-0080.smt2,sat,0.0
/meti-tarski/sin/problem/7/weak/sin-problem-7-weak-chunk-0119.smt2,unsat,0.0
/meti-tarski/sin/problem/7/weak/sin-problem-7-weak-chunk-0087.smt2,unsat,0.0
/meti-tarski/sin/problem/7/weak/sin-problem-7-weak-chunk-0076.smt2,sat,0.0
/meti-tarski/sin/problem/7/weak/sin-problem-7-weak-chunk-0163.smt2,sat,0.0
/meti-tarski/sin/problem/7/weak/sin-problem-7-weak-chunk-0079.smt2,unsat,0.0
/meti-tarski/sin/problem/7/weak/sin-problem-7-weak-chunk-0122.smt2,sat,0.0
/meti-tarski/sin/problem/7/weak/sin-problem-7-weak-chunk-0185.smt2,unsat,0.0
/meti-tarski/sin/problem/7/weak/sin-problem-7-weak-chunk-0176.smt2,unsat,0.0
/meti-tarski/sin/problem/7/weak/sin-problem-7-weak-chunk-0183.smt2,sat,0.05486917495727539
/meti-tarski/sin/problem/7/weak/sin-problem-7-weak-chunk-0165.smt2,unsat,0.1
/meti-tarski/sin/problem/7/weak/sin-problem-7-weak-chunk-0104.smt2,sat,0.0
/meti-tarski/sin/problem/7/weak/sin-problem-7-weak-chunk-0145.smt2,sat,0.0
/meti-tarski/sin/problem/7/weak/sin-problem-7-weak-chunk-0177.smt2,sat,0.0
/meti-tarski/sin/problem/7/sin-problem-7-chunk-0350.smt2,sat,0.0
/meti-tarski/sin/problem/7/sin-problem-7-chunk-0245.smt2,unsat,0.1
/meti-tarski/sin/problem/7/sin-problem-7-chunk-0279.smt2,sat,0.0
/meti-tarski/sin/problem/7/sin-problem-7-chunk-0315.smt2,sat,0.0
/meti-tarski/sin/problem/7/sin-problem-7-chunk-0103.smt2,unsat,0.0
/meti-tarski/sin/problem/7/sin-problem-7-chunk-0253.smt2,sat,0.0
/meti-tarski/sin/problem/7/sin-problem-7-chunk-0050.smt2,unsat,0.0
/meti-tarski/sin/problem/7/sin-problem-7-chunk-0102.smt2,sat,0.0
/meti-tarski/sin/problem/7/sin-problem-7-chunk-0112.smt2,sat,0.0
/meti-tarski/sin/problem/7/sin-problem-7-chunk-0054.smt2,sat,0.0
/meti-tarski/sin/problem/7/sin-problem-7-chunk-0268.smt2,sat,0.0
/meti-tarski/sin/problem/7/sin-problem-7-chunk-0319.smt2,sat,0.0
/meti-tarski/sin/problem/7/sin-problem-7-chunk-0346.smt2,sat,0.0
/meti-tarski/sin/problem/7/sin-problem-7-chunk-0204.smt2,sat,0.0
/meti-tarski/sin/problem/7/sin-problem-7-chunk-0156.smt2,unsat,0.0
/meti-tarski/sin/problem/7/sin-problem-7-chunk-0322.smt2,unsat,0.0
/meti-tarski/sin/problem/7/sin-problem-7-chunk-0185.smt2,sat,0.0
/meti-tarski/sin/problem/7/sin-problem-7-chunk-0216.smt2,sat,0.0
/meti-tarski/sin/problem/7/sin-problem-7-chunk-0169.smt2,unsat,0.0
/meti-tarski/sin/problem/7/sin-problem-7-chunk-0270.smt2,sat,0.0
/meti-tarski/sin/problem/7/sin-problem-7-chunk-0086.smt2,sat,0.0
/meti-tarski/sin/problem/7/sin-problem-7-chunk-0122.smt2,sat,0.0
/meti-tarski/sin/problem/7/sin-problem-7-chunk-0272.smt2,unsat,0.0
/meti-tarski/sin/problem/7/sin-problem-7-chunk-0282.smt2,sat,0.0
/meti-tarski/sin/problem/7/sin-problem-7-chunk-0166.smt2,sat,0.0
/meti-tarski/sin/problem/7/sin-problem-7-chunk-0178.smt2,sat,0.0
/meti-tarski/sin/problem/7/sin-problem-7-chunk-0305.smt2,unsat,0.0
/meti-tarski/sin/problem/7/sin-problem-7-chunk-0188.smt2,sat,0.0
/meti-tarski/sin/problem/7/sin-problem-7-chunk-0348.smt2,sat,0.0
/meti-tarski/sin/problem/7/sin-problem-7-chunk-0283.smt2,unsat,0.0
/meti-tarski/sin/problem/7/sin-problem-7-chunk-0314.smt2,sat,0.0
/meti-tarski/sin/problem/7/sin-problem-7-chunk-0212.smt2,sat,0.0
/meti-tarski/sin/problem/7/sin-problem-7-chunk-0311.smt2,sat,0.0
/meti-tarski/sin/problem/7/sin-problem-7-chunk-0334.smt2,sat,0.0
/meti-tarski/sin/problem/7/sin-problem-7-chunk-0338.smt2,sat,0.0
/meti-tarski/sin/problem/7/sin-problem-7-chunk-0139.smt2,unsat,0.0
/meti-tarski/sin/problem/7/sin-problem-7-chunk-0258.smt2,sat,0.0
/meti-tarski/sin/problem/7/sin-problem-7-chunk-0202.smt2,sat,0.0
/meti-tarski/sin/problem/7/sin-problem-7-chunk-0211.smt2,unsat,0.0
/meti-tarski/sin/problem/7/sin-problem-7-chunk-0269.smt2,unsat,0.0
/meti-tarski/sin/problem/7/sin-problem-7-chunk-0328.smt2,sat,0.0
/meti-tarski/sin/problem/7/sin-problem-7-chunk-0163.smt2,sat,0.0
/meti-tarski/sin/problem/7/sin-problem-7-chunk-0227.smt2,sat,0.0
/meti-tarski/sin/problem/7/sin-problem-7-chunk-0080.smt2,sat,0.0
/meti-tarski/sin/problem/7/sin-problem-7-chunk-0181.smt2,unsat,0.0
/meti-tarski/sin/problem/7/sin-problem-7-chunk-0090.smt2,sat,0.0
/meti-tarski/sin/problem/7/sin-problem-7-chunk-0186.smt2,unsat,0.0
/meti-tarski/sin/problem/7/sin-problem-7-chunk-0332.smt2,sat,0.0
/meti-tarski/sin/problem/7/sin-problem-7-chunk-0353.smt2,sat,0.0
/meti-tarski/sin/problem/7/sin-problem-7-chunk-0028.smt2,unsat,0.0
/meti-tarski/sin/problem/7/sin-problem-7-chunk-0356.smt2,sat,0.0
/meti-tarski/sin/problem/7/sin-problem-7-chunk-0235.smt2,sat,0.0
/meti-tarski/sin/problem/7/sin-problem-7-chunk-0255.smt2,sat,0.0
/meti-tarski/sin/problem/7/sin-problem-7-chunk-0125.smt2,sat,0.0
/meti-tarski/sin/problem/7/sin-problem-7-chunk-0349.smt2,sat,0.0
/meti-tarski/sin/problem/7/sin-problem-7-chunk-0174.smt2,unsat,0.0
/meti-tarski/sin/problem/7/sin-problem-7-chunk-0248.smt2,sat,0.0
/meti-tarski/sin/problem/7/sin-problem-7-chunk-0318.smt2,sat,0.0
/meti-tarski/sin/problem/7/sin-problem-7-chunk-0278.smt2,unsat,0.0
/meti-tarski/sin/problem/7/sin-problem-7-chunk-0136.smt2,unsat,0.0
/meti-tarski/sin/problem/7/sin-problem-7-chunk-0079.smt2,sat,0.0
/meti-tarski/sin/problem/7/sin-problem-7-chunk-0249.smt2,sat,0.0
/meti-tarski/sin/problem/7/sin-problem-7-chunk-0217.smt2,sat,0.0
/meti-tarski/sin/problem/7/sin-problem-7-chunk-0087.smt2,sat,0.0
/meti-tarski/sin/problem/7/sin-problem-7-chunk-0250.smt2,unsat,0.0
/meti-tarski/sin/problem/7/sin-problem-7-chunk-0290.smt2,sat,0.0
/meti-tarski/sin/problem/7/sin-problem-7-chunk-0164.smt2,sat,0.0
/meti-tarski/sin/problem/7/sin-problem-7-chunk-0238.smt2,sat,0.0
/meti-tarski/sin/problem/7/sin-problem-7-chunk-0261.smt2,unsat,0.0
/meti-tarski/sin/problem/7/sin-problem-7-chunk-0187.smt2,sat,0.0
/meti-tarski/sin/problem/7/sin-problem-7-chunk-0354.smt2,sat,0.0
/meti-tarski/sin/problem/7/sin-problem-7-chunk-0229.smt2,sat,0.0
/meti-tarski/sin/problem/7/sin-problem-7-chunk-0336.smt2,sat,0.0
/meti-tarski/sin/problem/7/sin-problem-7-chunk-0173.smt2,sat,0.0
/meti-tarski/sin/problem/7/sin-problem-7-chunk-0043.smt2,unsat,0.0
/meti-tarski/sin/problem/7/sin-problem-7-chunk-0107.smt2,unsat,0.0
/meti-tarski/sin/problem/7/sin-problem-7-chunk-0307.smt2,sat,0.0
/meti-tarski/sin/problem/7/sin-problem-7-chunk-0316.smt2,sat,0.0
/meti-tarski/sin/problem/7/sin-problem-7-chunk-0324.smt2,sat,0.0
/meti-tarski/sin/problem/7/sin-problem-7-chunk-0104.smt2,sat,0.0
/meti-tarski/sin/problem/7/sin-problem-7-chunk-0091.smt2,sat,0.0
/meti-tarski/sin/problem/7/sin-problem-7-chunk-0053.smt2,sat,0.0
/meti-tarski/sin/problem/7/weak2/sin-problem-7-weak2-chunk-0019.smt2,unsat,0.0
/meti-tarski/sin/problem/7/weak2/sin-problem-7-weak2-chunk-0055.smt2,sat,0.0
/meti-tarski/sin/problem/7/weak2/sin-problem-7-weak2-chunk-0117.smt2,unsat,0.0
/meti-tarski/sin/problem/7/weak2/sin-problem-7-weak2-chunk-0066.smt2,sat,0.0
/meti-tarski/sin/problem/7/weak2/sin-problem-7-weak2-chunk-0075.smt2,sat,0.0
/meti-tarski/sin/problem/7/weak2/sin-problem-7-weak2-chunk-0046.smt2,sat,0.0
/meti-tarski/sin/problem/7/weak2/sin-problem-7-weak2-chunk-0045.smt2,sat,0.0
/meti-tarski/sin/problem/7/weak2/sin-problem-7-weak2-chunk-0116.smt2,unsat,0.0
/meti-tarski/sin/problem/7/weak2/sin-problem-7-weak2-chunk-0088.smt2,unsat,0.0
/meti-tarski/sin/problem/7/weak2/sin-problem-7-weak2-chunk-0130.smt2,sat,0.0
/meti-tarski/sin/problem/7/weak2/sin-problem-7-weak2-chunk-0119.smt2,sat,0.0
/meti-tarski/sin/problem/7/weak2/sin-problem-7-weak2-chunk-0108.smt2,unsat,0.0
/meti-tarski/sin/problem/7/weak2/sin-problem-7-weak2-chunk-0124.smt2,sat,0.0
/meti-tarski/sin/problem/7/weak2/sin-problem-7-weak2-chunk-0121.smt2,sat,0.0
/meti-tarski/sin/problem/7/weak2/sin-problem-7-weak2-chunk-0107.smt2,sat,0.0
/meti-tarski/sin/problem/7/weak2/sin-problem-7-weak2-chunk-0102.smt2,sat,0.0
/meti-tarski/sin/problem/7/weak2/sin-problem-7-weak2-chunk-0093.smt2,sat,0.0
/meti-tarski/sin/problem/7/weak2/sin-problem-7-weak2-chunk-0118.smt2,sat,0.0
/meti-tarski/sin/problem/7/weak2/sin-problem-7-weak2-chunk-0095.smt2,sat,0.0
/meti-tarski/sin/problem/7/weak2/sin-problem-7-weak2-chunk-0082.smt2,unsat,0.0
/meti-tarski/sin/problem/7/weak2/sin-problem-7-weak2-chunk-0128.smt2,unsat,0.0
/meti-tarski/sin/problem/7/weak2/sin-problem-7-weak2-chunk-0054.smt2,unsat,0.0
/meti-tarski/sin/problem/7/weak2/sin-problem-7-weak2-chunk-0083.smt2,sat,0.0
/meti-tarski/sin/problem/7/weak2/sin-problem-7-weak2-chunk-0114.smt2,sat,0.0
/meti-tarski/sin/problem/7/weak2/sin-problem-7-weak2-chunk-0115.smt2,sat,0.0
/meti-tarski/sin/problem/7/weak2/sin-problem-7-weak2-chunk-0068.smt2,sat,0.0
/meti-tarski/sin/problem/7/weak2/sin-problem-7-weak2-chunk-0097.smt2,sat,0.0
/meti-tarski/sin/problem/7/weak2/sin-problem-7-weak2-chunk-0050.smt2,sat,0.0
/meti-tarski/sin/problem/7/weak2/sin-problem-7-weak2-chunk-0073.smt2,sat,0.0
/meti-tarski/sin/problem/7/weak2/sin-problem-7-weak2-chunk-0096.smt2,unsat,0.0
/meti-tarski/sin/problem/7/weak2/sin-problem-7-weak2-chunk-0123.smt2,sat,0.0
/meti-tarski/sin/problem/7/weak2/sin-problem-7-weak2-chunk-0127.smt2,sat,0.06577444076538086
/meti-tarski/sin/problem/7/weak2/sin-problem-7-weak2-chunk-0081.smt2,sat,0.0
/meti-tarski/sin/problem/7/weak2/sin-problem-7-weak2-chunk-0024.smt2,unsat,0.0
/meti-tarski/sin/problem/7/weak2/sin-problem-7-weak2-chunk-0111.smt2,unsat,0.0
/meti-tarski/sin/problem/7/weak2/sin-problem-7-weak2-chunk-0125.smt2,sat,0.04354715347290039
/meti-tarski/sin/problem/7/weak2/sin-problem-7-weak2-chunk-0015.smt2,unsat,0.0
/meti-tarski/sin/problem/7/weak2/sin-problem-7-weak2-chunk-0079.smt2,sat,0.0
/meti-tarski/sin/problem/7/weak2/sin-problem-7-weak2-chunk-0113.smt2,unsat,0.0
/meti-tarski/sin/problem/7/weak2/sin-problem-7-weak2-chunk-0094.smt2,sat,0.0
/meti-tarski/sin/problem/7/weak2/sin-problem-7-weak2-chunk-0092.smt2,sat,0.0
/meti-tarski/sin/problem/7/weak2/sin-problem-7-weak2-chunk-0086.smt2,sat,0.0
/meti-tarski/sin/problem/7/weak2/sin-problem-7-weak2-chunk-0099.smt2,sat,0.0
/meti-tarski/sin/problem/7/weak2/sin-problem-7-weak2-chunk-0060.smt2,unsat,0.0
/meti-tarski/sin/problem/7/weak2/sin-problem-7-weak2-chunk-0058.smt2,unsat,0.0
/meti-tarski/sin/problem/7/weak2/sin-problem-7-weak2-chunk-0091.smt2,unsat,0.0
/meti-tarski/sin/problem/7/weak2/sin-problem-7-weak2-chunk-0109.smt2,sat,0.0
/meti-tarski/sin/problem/7/weak2/sin-problem-7-weak2-chunk-0065.smt2,unsat,0.0
/meti-tarski/sin/problem/7/weak2/sin-problem-7-weak2-chunk-0070.smt2,sat,0.0
/meti-tarski/sin/problem/7/weak2/sin-problem-7-weak2-chunk-0100.smt2,unsat,0.0
/meti-tarski/sin/problem/7/weak2/sin-problem-7-weak2-chunk-0120.smt2,unsat,0.0
/meti-tarski/sin/problem/7/weak2/sin-problem-7-weak2-chunk-0044.smt2,unsat,0.0
/meti-tarski/sin/problem/7/weak2/sin-problem-7-weak2-chunk-0052.smt2,sat,0.0
/meti-tarski/sin/problem/7/weak2/sin-problem-7-weak2-chunk-0084.smt2,unsat,0.0
/meti-tarski/sin/problem/7/weak2/sin-problem-7-weak2-chunk-0059.smt2,sat,0.0
/meti-tarski/sin/problem/7/weak2/sin-problem-7-weak2-chunk-0062.smt2,sat,0.0
/meti-tarski/sin/problem/7/weak2/sin-problem-7-weak2-chunk-0131.smt2,sat,0.0
/meti-tarski/sin/problem/7/weak2/sin-problem-7-weak2-chunk-0057.smt2,sat,0.0
/meti-tarski/sin/problem/7/weak2/sin-problem-7-weak2-chunk-0078.smt2,sat,0.0
/meti-tarski/sin/problem/7/weak2/sin-problem-7-weak2-chunk-0023.smt2,sat,0.0
/meti-tarski/sin/problem/7/weak2/sin-problem-7-weak2-chunk-0105.smt2,unsat,0.0
/meti-tarski/sin/problem/7/weak2/sin-problem-7-weak2-chunk-0098.smt2,unsat,0.0
/meti-tarski/sin/problem/7/weak2/sin-problem-7-weak2-chunk-0106.smt2,sat,0.0
/meti-tarski/sin/problem/7/weak2/sin-problem-7-weak2-chunk-0087.smt2,sat,0.0
/meti-tarski/sin/problem/7/weak2/sin-problem-7-weak2-chunk-0129.smt2,unsat,0.0
/meti-tarski/sin/problem/7/weak2/sin-problem-7-weak2-chunk-0029.smt2,unsat,0.0
/meti-tarski/sin/problem/7/weak2/sin-problem-7-weak2-chunk-0051.smt2,sat,0.0
/meti-tarski/sin/problem/7/weak2/sin-problem-7-weak2-chunk-0122.smt2,sat,0.0
/meti-tarski/sin/problem/7/weak2/sin-problem-7-weak2-chunk-0085.smt2,sat,0.0
/meti-tarski/sin/problem/7/weak2/sin-problem-7-weak2-chunk-0110.smt2,sat,0.0
/meti-tarski/sin/problem/7/weak2/sin-problem-7-weak2-chunk-0101.smt2,sat,0.0
/meti-tarski/sin/problem/7/weak2/sin-problem-7-weak2-chunk-0049.smt2,sat,0.0
/meti-tarski/sin/problem/7/weak2/sin-problem-7-weak2-chunk-0056.smt2,sat,0.0
/meti-tarski/sin/problem/7/sin-problem-7-chunk-0239.smt2,unsat,0.0
/meti-tarski/sin/problem/7/sin-problem-7-chunk-0121.smt2,sat,0.0
/meti-tarski/sin/problem/7/sin-problem-7-chunk-0144.smt2,sat,0.0
/meti-tarski/sin/problem/7/sin-problem-7-chunk-0264.smt2,unsat,0.1
/meti-tarski/sin/problem/7/sin-problem-7-chunk-0254.smt2,sat,0.0
/meti-tarski/sin/problem/7/sin-problem-7-chunk-0089.smt2,sat,0.0
/meti-tarski/sin/problem/7/sin-problem-7-chunk-0145.smt2,sat,0.0
/meti-tarski/sin/problem/7/sin-problem-7-chunk-0105.smt2,unsat,0.0
/meti-tarski/sin/problem/7/sin-problem-7-chunk-0147.smt2,sat,0.0
/meti-tarski/sin/problem/7/sin-problem-7-chunk-0130.smt2,sat,0.0
/meti-tarski/sin/problem/7/sin-problem-7-chunk-0141.smt2,sat,0.0
/meti-tarski/sin/problem/7/sin-problem-7-chunk-0285.smt2,sat,0.0
/meti-tarski/sin/problem/7/sin-problem-7-chunk-0222.smt2,unsat,0.0
/meti-tarski/sin/problem/7/sin-problem-7-chunk-0344.smt2,unsat,0.0
/meti-tarski/sin/problem/7/sin-problem-7-chunk-0251.smt2,sat,0.0
/meti-tarski/sin/problem/7/sin-problem-7-chunk-0160.smt2,sat,0.0
/meti-tarski/sin/problem/7/sin-problem-7-chunk-0256.smt2,sat,0.0
/meti-tarski/sin/problem/7/sin-problem-7-chunk-0095.smt2,sat,0.0
/meti-tarski/sin/problem/7/sin-problem-7-chunk-0309.smt2,unsat,0.0
/meti-tarski/sin/problem/7/sin-problem-7-chunk-0233.smt2,sat,0.0
/meti-tarski/sin/problem/7/sin-problem-7-chunk-0337.smt2,sat,0.0
/meti-tarski/sin/problem/7/sin-problem-7-chunk-0288.smt2,sat,0.0
/meti-tarski/sin/problem/7/sin-problem-7-chunk-0082.smt2,sat,0.0
/meti-tarski/sin/problem/7/sin-problem-7-chunk-0159.smt2,sat,0.0
/meti-tarski/sin/problem/7/sin-problem-7-chunk-0247.smt2,sat,0.0
/meti-tarski/sin/problem/7/sin-problem-7-chunk-0330.smt2,sat,0.0
/meti-tarski/sin/problem/7/sin-problem-7-chunk-0073.smt2,sat,0.0
/meti-tarski/sin/problem/7/sin-problem-7-chunk-0209.smt2,sat,0.0
/meti-tarski/sin/problem/7/sin-problem-7-chunk-0158.smt2,sat,0.0
/meti-tarski/sin/problem/7/sin-problem-7-chunk-0221.smt2,sat,0.0
/meti-tarski/sin/problem/7/sin-problem-7-chunk-0331.smt2,sat,0.0
/meti-tarski/sin/problem/7/sin-problem-7-chunk-0135.smt2,sat,0.0
/meti-tarski/sin/problem/7/sin-problem-7-chunk-0339.smt2,sat,0.0
/meti-tarski/sin/problem/7/sin-problem-7-chunk-0317.smt2,unsat,0.0
/meti-tarski/sin/problem/7/sin-problem-7-chunk-0143.smt2,sat,0.0
/meti-tarski/sin/problem/7/sin-problem-7-chunk-0210.smt2,sat,0.0
/meti-tarski/sin/problem/7/sin-problem-7-chunk-0232.smt2,sat,0.0
/meti-tarski/sin/problem/7/sin-problem-7-chunk-0179.smt2,unsat,0.0
/meti-tarski/sin/problem/7/sin-problem-7-chunk-0347.smt2,sat,0.0
/meti-tarski/sin/problem/7/sin-problem-7-chunk-0191.smt2,sat,0.0
/meti-tarski/sin/problem/7/sin-problem-7-chunk-0088.smt2,unsat,0.0
/meti-tarski/sin/problem/7/sin-problem-7-chunk-0148.smt2,unsat,0.0
/meti-tarski/sin/problem/7/sin-problem-7-chunk-0280.smt2,unsat,0.0
/meti-tarski/sin/problem/7/sin-problem-7-chunk-0183.smt2,unsat,0.0
/meti-tarski/sin/problem/7/sin-problem-7-chunk-0042.smt2,sat,0.0
/meti-tarski/sin/problem/7/sin-problem-7-chunk-0017.smt2,unsat,0.0
/meti-tarski/sin/problem/7/sin-problem-7-chunk-0294.smt2,unsat,0.0
/meti-tarski/sin/problem/7/sin-problem-7-chunk-0126.smt2,sat,0.0
/meti-tarski/sin/problem/7/sin-problem-7-chunk-0360.smt2,sat,0.0
/meti-tarski/sin/problem/7/sin-problem-7-chunk-0213.smt2,sat,0.0
/meti-tarski/sin/problem/7/sin-problem-7-chunk-0138.smt2,sat,0.0
/meti-tarski/sin/problem/7/sin-problem-7-chunk-0225.smt2,unsat,0.1
/meti-tarski/sin/problem/7/sin-problem-7-chunk-0313.smt2,unsat,0.0
/meti-tarski/sin/problem/7/sin-problem-7-chunk-0273.smt2,sat,0.0
/meti-tarski/sin/problem/7/sin-problem-7-chunk-0241.smt2,sat,0.0
/meti-tarski/sin/problem/7/sin-problem-7-chunk-0277.smt2,sat,0.0
/meti-tarski/sin/problem/7/sin-problem-7-chunk-0287.smt2,sat,0.0
/meti-tarski/sin/problem/7/sin-problem-7-chunk-0335.smt2,sat,0.0
/meti-tarski/sin/problem/7/sin-problem-7-chunk-0321.smt2,sat,0.0
/meti-tarski/sin/problem/7/sin-problem-7-chunk-0352.smt2,sat,0.0
/meti-tarski/sin/problem/7/sin-problem-7-chunk-0244.smt2,sat,0.0
/meti-tarski/sin/problem/7/sin-problem-7-chunk-0117.smt2,unsat,0.0
/meti-tarski/sin/problem/7/sin-problem-7-chunk-0198.smt2,unsat,0.21218371391296387
/meti-tarski/sin/problem/7/sin-problem-7-chunk-0231.smt2,sat,0.0
/meti-tarski/sin/problem/7/sin-problem-7-chunk-0242.smt2,unsat,0.0
/meti-tarski/sin/problem/7/sin-problem-7-chunk-0120.smt2,sat,0.0
/meti-tarski/sin/problem/7/sin-problem-7-chunk-0027.smt2,sat,0.0
/meti-tarski/sin/problem/7/sin-problem-7-chunk-0312.smt2,sat,0.0
/meti-tarski/sin/problem/7/sin-problem-7-chunk-0252.smt2,sat,0.0
/meti-tarski/sin/problem/7/sin-problem-7-chunk-0192.smt2,sat,0.0
/meti-tarski/sin/problem/7/sin-problem-7-chunk-0157.smt2,sat,0.0
/meti-tarski/sin/problem/7/sin-problem-7-chunk-0271.smt2,sat,0.0
/meti-tarski/sin/problem/7/sin-problem-7-chunk-0177.smt2,unsat,0.0
/meti-tarski/sin/problem/7/sin-problem-7-chunk-0111.smt2,sat,0.0
/meti-tarski/sin/problem/7/sin-problem-7-chunk-0172.smt2,unsat,0.0
/meti-tarski/sin/problem/7/sin-problem-7-chunk-0129.smt2,unsat,0.0
/meti-tarski/sin/problem/7/sin-problem-7-chunk-0100.smt2,sat,0.0
/meti-tarski/sin/problem/7/sin-problem-7-chunk-0333.smt2,sat,0.0
/meti-tarski/sin/problem/7/sin-problem-7-chunk-0067.smt2,unsat,0.0
/meti-tarski/sin/problem/7/sin-problem-7-chunk-0059.smt2,sat,0.0
/meti-tarski/sin/problem/7/sin-problem-7-chunk-0184.smt2,sat,0.0
/meti-tarski/sin/problem/7/sin-problem-7-chunk-0257.smt2,sat,0.0
/meti-tarski/sin/problem/7/sin-problem-7-chunk-0085.smt2,sat,0.0
/meti-tarski/sin/problem/7/sin-problem-7-chunk-0083.smt2,unsat,0.0
/meti-tarski/sin/problem/7/sin-problem-7-chunk-0131.smt2,sat,0.0
/meti-tarski/sin/problem/7/sin-problem-7-chunk-0066.smt2,sat,0.0
/meti-tarski/sin/problem/7/sin-problem-7-chunk-0180.smt2,sat,0.0
/meti-tarski/sin/problem/7/sin-problem-7-chunk-0236.smt2,sat,0.0
/meti-tarski/sin/problem/7/sin-problem-7-chunk-0300.smt2,sat,0.0
/meti-tarski/sin/problem/7/sin-problem-7-chunk-0361.smt2,unsat,0.0
/meti-tarski/sin/problem/7/sin-problem-7-chunk-0022.smt2,unsat,0.0
/meti-tarski/sin/problem/7/sin-problem-7-chunk-0230.smt2,sat,0.0
/meti-tarski/sin/problem/7/sin-problem-7-chunk-0310.smt2,sat,0.0
/meti-tarski/sin/problem/7/sin-problem-7-chunk-0099.smt2,unsat,0.0
/meti-tarski/sin/problem/7/sin-problem-7-chunk-0154.smt2,sat,0.0
/meti-tarski/sin/problem/7/sin-problem-7-chunk-0128.smt2,sat,0.0
/meti-tarski/sin/problem/7/sin-problem-7-chunk-0110.smt2,unsat,0.0
/meti-tarski/sin/problem/7/sin-problem-7-chunk-0175.smt2,sat,0.0
/meti-tarski/sin/problem/7/sin-problem-7-chunk-0106.smt2,sat,0.0
/meti-tarski/sin/344/4/sin-344-4-chunk-0022.smt2,sat,0.0
/meti-tarski/sin/344/4/sin-344-4-chunk-0040.smt2,sat,0.0
/meti-tarski/sin/344/4/sin-344-4-chunk-0034.smt2,sat,0.0
/meti-tarski/sin/344/4/sin-344-4-chunk-0031.smt2,sat,0.0
/meti-tarski/sin/344/4/sin-344-4-chunk-0021.smt2,sat,0.0
/meti-tarski/sin/344/4/sin-344-4-chunk-0052.smt2,sat,0.0
/meti-tarski/sin/344/4/sin-344-4-chunk-0032.smt2,sat,0.0
/meti-tarski/sin/344/4/sin-344-4-chunk-0035.smt2,unsat,0.0
/meti-tarski/sin/344/4/sin-344-4-chunk-0024.smt2,sat,0.0
/meti-tarski/sin/344/4/sin-344-4-chunk-0048.smt2,sat,0.0
/meti-tarski/sin/344/4/sin-344-4-chunk-0045.smt2,unsat,0.0
/meti-tarski/sin/344/4/sin-344-4-chunk-0050.smt2,sat,0.0
/meti-tarski/sin/344/4/sin-344-4-chunk-0047.smt2,sat,0.0
/meti-tarski/sin/344/4/sin-344-4-chunk-0046.smt2,unsat,0.0
/meti-tarski/sin/344/4/sin-344-4-chunk-0044.smt2,sat,0.0
/meti-tarski/sin/344/4/sin-344-4-chunk-0049.smt2,sat,0.0
/meti-tarski/sin/344/3/sin-344-3-chunk-0065.smt2,unsat,0.0
/meti-tarski/sin/344/3/sin-344-3-chunk-0028.smt2,sat,0.0
/meti-tarski/sin/344/3/sin-344-3-weak-chunk-0025.smt2,unsat,0.0
/meti-tarski/sin/344/3/sin-344-3-chunk-0061.smt2,unsat,0.0
/meti-tarski/sin/344/3/sin-344-3-chunk-0049.smt2,unsat,0.0
/meti-tarski/sin/344/3/sin-344-3-chunk-0053.smt2,unsat,0.0
/meti-tarski/sin/344/3/sin-344-3-chunk-0047.smt2,sat,0.0
/meti-tarski/sin/344/3/sin-344-3-chunk-0018.smt2,sat,0.0
/meti-tarski/sin/344/3/sin-344-3-chunk-0051.smt2,sat,0.0
/meti-tarski/sin/344/3/sin-344-3-weak-chunk-0046.smt2,sat,0.0
/meti-tarski/sin/344/3/sin-344-3-chunk-0034.smt2,sat,0.0
/meti-tarski/sin/344/3/sin-344-3-chunk-0059.smt2,sat,0.0
/meti-tarski/sin/344/3/sin-344-3-chunk-0045.smt2,sat,0.0
/meti-tarski/sin/344/3/sin-344-3-chunk-0025.smt2,sat,0.0
/meti-tarski/sin/344/3/sin-344-3-chunk-0038.smt2,unsat,0.0
/meti-tarski/sin/344/3/sin-344-3-weak-chunk-0047.smt2,unsat,0.2
/meti-tarski/sin/344/3/sin-344-3-weak-chunk-0017.smt2,sat,0.0
/meti-tarski/sin/344/3/sin-344-3-chunk-0017.smt2,sat,0.0
/meti-tarski/sin/344/3/sin-344-3-chunk-0037.smt2,sat,0.0
/meti-tarski/sin/344/3/sin-344-3-weak-chunk-0027.smt2,unsat,0.0
/meti-tarski/sin/344/3/sin-344-3-chunk-0058.smt2,sat,0.0
/meti-tarski/sin/344/3/sin-344-3-weak-chunk-0038.smt2,sat,0.0
/meti-tarski/sin/344/3/sin-344-3-chunk-0043.smt2,sat,0.0
/meti-tarski/sin/344/3/sin-344-3-chunk-0055.smt2,sat,0.0
/meti-tarski/sin/344/3/sin-344-3-chunk-0052.smt2,sat,0.0
/meti-tarski/sin/344/3/sin-344-3-weak-chunk-0036.smt2,sat,0.0
/meti-tarski/sin/344/3/sin-344-3-chunk-0026.smt2,sat,0.0
/meti-tarski/sin/344/3/sin-344-3-chunk-0064.smt2,sat,0.0
/meti-tarski/sin/344/3/sin-344-3-weak-chunk-0044.smt2,sat,0.0
/meti-tarski/sin/344/3/sin-344-3-chunk-0069.smt2,sat,0.0
/meti-tarski/sin/344/3/sin-344-3-chunk-0039.smt2,unsat,0.0
/meti-tarski/sin/344/3/sin-344-3-chunk-0067.smt2,sat,0.0
/meti-tarski/sin/344/3/sin-344-3-weak-chunk-0045.smt2,sat,0.0
/meti-tarski/sin/344/3/sin-344-3-chunk-0042.smt2,sat,0.0
/meti-tarski/sin/344/3/sin-344-3-chunk-0050.smt2,sat,0.0
/meti-tarski/sin/344/3/sin-344-3-chunk-0046.smt2,sat,0.0
/meti-tarski/sin/344/3/sin-344-3-chunk-0020.smt2,sat,0.0
/meti-tarski/sin/344/3/sin-344-3-chunk-0048.smt2,sat,0.0
/meti-tarski/sin/344/3/sin-344-3-weak-chunk-0049.smt2,sat,0.0
/meti-tarski/sin/344/3/sin-344-3-chunk-0029.smt2,unsat,0.0
/meti-tarski/sin/344/3/sin-344-3-chunk-0063.smt2,sat,0.0
/meti-tarski/sin/344/3/sin-344-3-weak-chunk-0030.smt2,unsat,0.0
/meti-tarski/sin/344/3/sin-344-3-chunk-0060.smt2,sat,0.0
/meti-tarski/sin/344/3/sin-344-3-chunk-0041.smt2,sat,0.0
/meti-tarski/sin/344/3/sin-344-3-weak-chunk-0039.smt2,unsat,0.0
/meti-tarski/sin/344/3/sin-344-3-weak-chunk-0048.smt2,unsat,0.2
/meti-tarski/sin/344/3/sin-344-3-weak-chunk-0020.smt2,sat,0.0
/meti-tarski/sin/344/3/sin-344-3-weak-chunk-0037.smt2,sat,0.0
/meti-tarski/sin/344/3/sin-344-3-chunk-0040.smt2,sat,0.0
/meti-tarski/sin/344/3/sin-344-3-chunk-0062.smt2,sat,0.0
/meti-tarski/sin/344/3/sin-344-3-chunk-0057.smt2,sat,0.0
/meti-tarski/sin/344/3/sin-344-3-weak-chunk-0018.smt2,sat,0.0
/meti-tarski/sin/cos/sin-cos-346-b-chunk-0547.smt2,sat,0.0
/meti-tarski/sin/cos/sin-cos-346-b-chunk-0057.smt2,sat,0.0
/meti-tarski/sin/cos/sin-cos-346-b-chunk-0287.smt2,unsat,0.0
/meti-tarski/sin/cos/sin-cos-346-b-chunk-0620.smt2,sat,0.0
/meti-tarski/sin/cos/sin-cos-346-b-chunk-0121.smt2,sat,0.0
/meti-tarski/sin/cos/sin-cos-346-b-chunk-0212.smt2,sat,0.0
/meti-tarski/sin/cos/sin-cos-346-b-chunk-0569.smt2,sat,0.0
/meti-tarski/sin/cos/sin-cos-346-b-chunk-0246.smt2,sat,0.0
/meti-tarski/sin/cos/sin-cos-346-b-chunk-0272.smt2,sat,0.0
/meti-tarski/sin/cos/sin-cos-346-b-chunk-0568.smt2,sat,0.0
/meti-tarski/sin/cos/sin-cos-346-b-chunk-0124.smt2,sat,0.0
/meti-tarski/sin/cos/sin-cos-346-b-chunk-0428.smt2,unsat,0.0
/meti-tarski/sin/cos/sin-cos-346-b-chunk-0550.smt2,unsat,0.0
/meti-tarski/sin/cos/sin-cos-346-b-chunk-0298.smt2,sat,0.0
/meti-tarski/sin/cos/sin-cos-346-b-chunk-0410.smt2,sat,0.0
/meti-tarski/sin/cos/sin-cos-346-b-chunk-0483.smt2,sat,0.0
/meti-tarski/sin/cos/sin-cos-346-b-chunk-0518.smt2,sat,0.0
/meti-tarski/sin/cos/sin-cos-346-b-chunk-0255.smt2,sat,0.0
/meti-tarski/sin/cos/sin-cos-346-b-chunk-0426.smt2,sat,0.0
/meti-tarski/sin/cos/sin-cos-346-b-chunk-0594.smt2,unsat,0.0
/meti-tarski/sin/cos/sin-cos-346-b-chunk-0101.smt2,sat,0.0
/meti-tarski/sin/cos/sin-cos-346-b-chunk-0508.smt2,sat,0.0
/meti-tarski/sin/cos/sin-cos-346-b-chunk-0129.smt2,sat,0.0
/meti-tarski/sin/cos/sin-cos-346-b-chunk-0365.smt2,sat,0.0
/meti-tarski/sin/cos/sin-cos-346-b-chunk-0470.smt2,unsat,0.0
/meti-tarski/sin/cos/sin-cos-346-b-chunk-0506.smt2,unsat,0.0
/meti-tarski/sin/cos/sin-cos-346-b-chunk-0510.smt2,sat,0.0
/meti-tarski/sin/cos/sin-cos-346-b-chunk-0035.smt2,sat,0.0
/meti-tarski/sin/cos/sin-cos-346-b-chunk-0612.smt2,sat,0.0
/meti-tarski/sin/cos/sin-cos-346-b-chunk-0262.smt2,sat,0.0
/meti-tarski/sin/cos/sin-cos-346-b-chunk-0401.smt2,sat,0.0
/meti-tarski/sin/cos/sin-cos-346-b-chunk-0016.smt2,unsat,0.0
/meti-tarski/sin/cos/sin-cos-346-b-chunk-0102.smt2,unsat,0.0
/meti-tarski/sin/cos/sin-cos-346-b-chunk-0349.smt2,unsat,0.0
/meti-tarski/sin/cos/sin-cos-346-b-chunk-0275.smt2,unsat,0.0
/meti-tarski/sin/cos/sin-cos-346-b-chunk-0452.smt2,unsat,0.0
/meti-tarski/sin/cos/sin-cos-346-b-chunk-0431.smt2,unsat,0.0
/meti-tarski/sin/cos/sin-cos-346-b-chunk-0638.smt2,sat,0.0
/meti-tarski/sin/cos/sin-cos-346-b-chunk-0283.smt2,unsat,0.0
/meti-tarski/sin/cos/sin-cos-346-b-chunk-0026.smt2,sat,0.0
/meti-tarski/sin/cos/sin-cos-346-b-chunk-0388.smt2,sat,0.0
/meti-tarski/sin/cos/sin-cos-346-b-chunk-0292.smt2,unsat,0.0
/meti-tarski/sin/cos/sin-cos-346-b-chunk-0397.smt2,unsat,0.0
/meti-tarski/sin/cos/sin-cos-346-b-chunk-0524.smt2,unsat,0.0
/meti-tarski/sin/cos/sin-cos-346-b-chunk-0055.smt2,unsat,0.0
/meti-tarski/sin/cos/sin-cos-346-b-chunk-0227.smt2,sat,0.0
/meti-tarski/sin/cos/sin-cos-346-b-chunk-0132.smt2,sat,0.0
/meti-tarski/sin/cos/sin-cos-346-b-chunk-0457.smt2,sat,0.0
/meti-tarski/sin/cos/sin-cos-346-b-chunk-0257.smt2,unsat,0.0
/meti-tarski/sin/cos/sin-cos-346-b-chunk-0282.smt2,unsat,0.0
/meti-tarski/sin/cos/sin-cos-346-b-chunk-0318.smt2,sat,0.0
/meti-tarski/sin/cos/sin-cos-346-b-chunk-0108.smt2,sat,0.0
/meti-tarski/sin/cos/sin-cos-346-b-chunk-0053.smt2,sat,0.0
/meti-tarski/sin/cos/sin-cos-346-b-chunk-0050.smt2,unsat,0.0
/meti-tarski/sin/cos/sin-cos-346-b-chunk-0306.smt2,unsat,0.0
/meti-tarski/sin/cos/sin-cos-346-b-chunk-0323.smt2,unsat,0.0
/meti-tarski/sin/cos/sin-cos-346-b-chunk-0034.smt2,sat,0.0
/meti-tarski/sin/cos/sin-cos-346-b-chunk-0203.smt2,unsat,0.0
/meti-tarski/sin/cos/sin-cos-346-b-chunk-0615.smt2,unsat,0.0
/meti-tarski/sin/cos/sin-cos-346-b-chunk-0437.smt2,sat,0.0
/meti-tarski/sin/cos/sin-cos-346-b-chunk-0433.smt2,sat,0.0
/meti-tarski/sin/cos/sin-cos-346-b-chunk-0093.smt2,sat,0.0
/meti-tarski/sin/cos/sin-cos-346-b-chunk-0294.smt2,sat,0.0
/meti-tarski/sin/cos/sin-cos-346-b-chunk-0310.smt2,unsat,0.0
/meti-tarski/sin/cos/sin-cos-346-b-chunk-0187.smt2,sat,0.0
/meti-tarski/sin/cos/sin-cos-346-b-chunk-0324.smt2,sat,0.0
/meti-tarski/sin/cos/sin-cos-346-b-chunk-0598.smt2,unsat,0.0
/meti-tarski/sin/cos/sin-cos-346-b-chunk-0028.smt2,unsat,0.0
/meti-tarski/sin/cos/sin-cos-346-b-chunk-0268.smt2,sat,0.0
/meti-tarski/sin/cos/sin-cos-346-b-chunk-0211.smt2,sat,0.0
/meti-tarski/sin/cos/sin-cos-346-b-chunk-0213.smt2,unsat,0.0
/meti-tarski/sin/cos/sin-cos-346-b-chunk-0451.smt2,sat,0.0
/meti-tarski/sin/cos/sin-cos-346-b-chunk-0307.smt2,unsat,0.0
/meti-tarski/sin/cos/sin-cos-346-b-chunk-0581.smt2,unsat,0.0
/meti-tarski/sin/cos/sin-cos-346-b-chunk-0575.smt2,sat,0.0
/meti-tarski/sin/cos/sin-cos-346-b-chunk-0122.smt2,sat,0.0
/meti-tarski/sin/cos/sin-cos-346-b-chunk-0622.smt2,unsat,0.0
/meti-tarski/sin/cos/sin-cos-346-b-chunk-0523.smt2,sat,0.0
/meti-tarski/sin/cos/sin-cos-346-b-chunk-0126.smt2,sat,0.0
/meti-tarski/sin/cos/sin-cos-346-b-chunk-0422.smt2,sat,0.0
/meti-tarski/sin/cos/sin-cos-346-b-chunk-0535.smt2,unsat,0.0
/meti-tarski/sin/cos/sin-cos-346-b-chunk-0247.smt2,sat,0.0
/meti-tarski/sin/cos/sin-cos-346-b-chunk-0291.smt2,sat,0.0
/meti-tarski/sin/cos/sin-cos-346-b-chunk-0238.smt2,sat,0.0
/meti-tarski/sin/cos/sin-cos-346-b-chunk-0030.smt2,sat,0.0
/meti-tarski/sin/cos/sin-cos-346-b-chunk-0316.smt2,unsat,0.0
/meti-tarski/sin/cos/sin-cos-346-b-chunk-0417.smt2,sat,0.0
/meti-tarski/sin/cos/sin-cos-346-b-chunk-0256.smt2,unsat,0.0
/meti-tarski/sin/cos/sin-cos-346-b-chunk-0590.smt2,unsat,0.0
/meti-tarski/sin/cos/sin-cos-346-b-chunk-0436.smt2,sat,0.0
/meti-tarski/sin/cos/sin-cos-346-b-chunk-0215.smt2,sat,0.0
/meti-tarski/sin/cos/sin-cos-346-b-chunk-0044.smt2,unsat,0.0
/meti-tarski/sin/cos/sin-cos-346-b-chunk-0305.smt2,sat,0.0
/meti-tarski/sin/cos/sin-cos-346-b-chunk-0600.smt2,sat,0.0
/meti-tarski/sin/cos/sin-cos-346-b-chunk-0184.smt2,sat,0.0
/meti-tarski/sin/cos/sin-cos-346-b-chunk-0420.smt2,unsat,0.0
/meti-tarski/sin/cos/sin-cos-346-b-chunk-0231.smt2,sat,0.0
/meti-tarski/sin/cos/sin-cos-346-b-chunk-0043.smt2,unsat,0.0
/meti-tarski/sin/cos/sin-cos-346-b-chunk-0616.smt2,sat,0.0
/meti-tarski/sin/cos/sin-cos-346-b-chunk-0603.smt2,sat,0.0
/meti-tarski/sin/cos/sin-cos-346-b-chunk-0074.smt2,unsat,0.0
/meti-tarski/sin/cos/sin-cos-346-b-chunk-0534.smt2,unsat,0.0
/meti-tarski/sin/cos/sin-cos-346-b-chunk-0343.smt2,unsat,0.0
/meti-tarski/sin/cos/sin-cos-346-b-chunk-0419.smt2,unsat,0.0
/meti-tarski/sin/cos/sin-cos-346-b-chunk-0233.smt2,unsat,0.0
/meti-tarski/sin/cos/sin-cos-346-b-chunk-0284.smt2,sat,0.0
/meti-tarski/sin/cos/sin-cos-346-b-chunk-0421.smt2,sat,0.0
/meti-tarski/sin/cos/sin-cos-346-b-chunk-0015.smt2,unsat,0.0
/meti-tarski/sin/cos/sin-cos-346-b-chunk-0583.smt2,sat,0.0
/meti-tarski/sin/cos/sin-cos-346-b-chunk-0221.smt2,unsat,0.0
/meti-tarski/sin/cos/sin-cos-346-b-chunk-0350.smt2,sat,0.0
/meti-tarski/sin/cos/sin-cos-346-b-chunk-0259.smt2,sat,0.0
/meti-tarski/sin/cos/sin-cos-346-b-chunk-0565.smt2,sat,0.0
/meti-tarski/sin/cos/sin-cos-346-b-chunk-0098.smt2,unsat,0.0
/meti-tarski/sin/cos/sin-cos-346-b-chunk-0103.smt2,sat,0.0
/meti-tarski/sin/cos/sin-cos-346-b-chunk-0496.smt2,sat,0.0
/meti-tarski/sin/cos/sin-cos-346-b-chunk-0062.smt2,unsat,0.0
/meti-tarski/sin/cos/sin-cos-346-b-chunk-0639.smt2,sat,0.0
/meti-tarski/sin/cos/sin-cos-346-b-chunk-0621.smt2,sat,0.0
/meti-tarski/sin/cos/sin-cos-346-b-chunk-0060.smt2,sat,0.0
/meti-tarski/sin/cos/sin-cos-346-b-chunk-0013.smt2,unsat,0.0
/meti-tarski/sin/cos/sin-cos-346-b-chunk-0336.smt2,unsat,0.0
/meti-tarski/sin/cos/sin-cos-346-b-chunk-0423.smt2,unsat,0.0
/meti-tarski/sin/cos/sin-cos-346-b-chunk-0461.smt2,sat,0.0
/meti-tarski/sin/cos/sin-cos-346-b-chunk-0276.smt2,sat,0.0
/meti-tarski/sin/cos/sin-cos-346-b-chunk-0632.smt2,sat,0.0
/meti-tarski/sin/cos/sin-cos-346-b-chunk-0232.smt2,unsat,0.0
/meti-tarski/sin/cos/sin-cos-346-b-chunk-0320.smt2,unsat,0.0
/meti-tarski/sin/cos/sin-cos-346-b-chunk-0289.smt2,unsat,0.0
/meti-tarski/sin/cos/sin-cos-346-b-chunk-0140.smt2,sat,0.0
/meti-tarski/sin/cos/sin-cos-346-b-chunk-0037.smt2,unsat,0.0
/meti-tarski/sin/cos/sin-cos-346-b-chunk-0584.smt2,sat,0.0
/meti-tarski/sin/cos/sin-cos-346-b-chunk-0469.smt2,sat,0.0
/meti-tarski/sin/cos/sin-cos-346-b-chunk-0557.smt2,unsat,0.0
/meti-tarski/sin/cos/sin-cos-346-b-chunk-0085.smt2,unsat,0.0
/meti-tarski/sin/cos/sin-cos-346-b-chunk-0248.smt2,sat,0.0
/meti-tarski/sin/cos/sin-cos-346-b-chunk-0045.smt2,sat,0.0
/meti-tarski/sin/cos/sin-cos-346-b-chunk-0063.smt2,sat,0.0
/meti-tarski/sin/cos/sin-cos-346-b-chunk-0406.smt2,sat,0.0
/meti-tarski/sin/cos/sin-cos-346-b-chunk-0564.smt2,unsat,0.0
/meti-tarski/sin/cos/sin-cos-346-b-chunk-0427.smt2,unsat,0.0
/meti-tarski/sin/cos/sin-cos-346-b-chunk-0348.smt2,unsat,0.0
/meti-tarski/sin/cos/sin-cos-346-b-chunk-0094.smt2,unsat,0.0
/meti-tarski/sin/cos/sin-cos-346-b-chunk-0505.smt2,sat,0.0
/meti-tarski/sin/cos/sin-cos-346-b-chunk-0290.smt2,sat,0.0
/meti-tarski/sin/cos/sin-cos-346-b-chunk-0046.smt2,unsat,0.0
/meti-tarski/sin/cos/sin-cos-346-b-chunk-0374.smt2,sat,0.0
/meti-tarski/sin/cos/sin-cos-346-b-chunk-0596.smt2,sat,0.0
/meti-tarski/sin/cos/sin-cos-346-b-chunk-0236.smt2,unsat,0.0
/meti-tarski/sin/cos/sin-cos-346-b-chunk-0414.smt2,sat,0.0
/meti-tarski/sin/cos/sin-cos-346-b-chunk-0435.smt2,unsat,0.0
/meti-tarski/sin/cos/sin-cos-346-b-chunk-0208.smt2,sat,0.0
/meti-tarski/sin/cos/sin-cos-346-b-chunk-0095.smt2,sat,0.0
/meti-tarski/sin/cos/sin-cos-346-b-chunk-0548.smt2,sat,0.0
/meti-tarski/sin/cos/sin-cos-346-b-chunk-0106.smt2,unsat,0.0
/meti-tarski/sin/cos/sin-cos-346-b-chunk-0375.smt2,sat,0.0
/meti-tarski/sin/cos/sin-cos-346-b-chunk-0335.smt2,sat,0.0
/meti-tarski/sin/cos/sin-cos-346-b-chunk-0159.smt2,sat,0.0
/meti-tarski/sin/cos/sin-cos-346-b-chunk-0031.smt2,sat,0.0
/meti-tarski/sin/cos/sin-cos-346-b-chunk-0193.smt2,sat,0.0
/meti-tarski/sin/cos/sin-cos-346-b-chunk-0341.smt2,sat,0.0
/meti-tarski/sin/cos/sin-cos-346-b-chunk-0378.smt2,unsat,0.0
/meti-tarski/sin/cos/sin-cos-346-b-chunk-0545.smt2,unsat,0.0
/meti-tarski/sin/cos/sin-cos-346-b-chunk-0210.smt2,unsat,0.0
/meti-tarski/sin/cos/sin-cos-346-b-chunk-0573.smt2,unsat,0.0
/meti-tarski/sin/cos/sin-cos-346-b-chunk-0517.smt2,sat,0.0
/meti-tarski/sin/cos/sin-cos-346-b-chunk-0169.smt2,sat,0.0
/meti-tarski/sin/cos/sin-cos-346-b-chunk-0244.smt2,sat,0.0
/meti-tarski/sin/cos/sin-cos-346-b-chunk-0377.smt2,sat,0.0
/meti-tarski/sin/cos/sin-cos-346-b-chunk-0249.smt2,sat,0.0
/meti-tarski/sin/cos/sin-cos-346-b-chunk-0340.smt2,unsat,0.0
/meti-tarski/sin/cos/sin-cos-346-b-chunk-0477.smt2,unsat,0.0
/meti-tarski/sin/cos/sin-cos-346-b-chunk-0243.smt2,sat,0.0
/meti-tarski/sin/cos/sin-cos-346-b-chunk-0120.smt2,unsat,0.0
/meti-tarski/sin/cos/sin-cos-346-b-chunk-0559.smt2,sat,0.0
/meti-tarski/sin/cos/sin-cos-346-b-chunk-0511.smt2,sat,0.0
/meti-tarski/sin/cos/sin-cos-346-b-chunk-0519.smt2,unsat,0.0
/meti-tarski/sin/cos/sin-cos-346-b-chunk-0458.smt2,sat,0.0
/meti-tarski/sin/cos/sin-cos-346-b-chunk-0300.smt2,unsat,0.0
/meti-tarski/sin/cos/sin-cos-346-b-chunk-0160.smt2,sat,0.0
/meti-tarski/sin/cos/sin-cos-346-b-chunk-0597.smt2,sat,0.0
/meti-tarski/sin/cos/sin-cos-346-b-chunk-0039.smt2,sat,0.0
/meti-tarski/sin/cos/sin-cos-346-b-chunk-0359.smt2,unsat,0.0
/meti-tarski/sin/cos/sin-cos-346-b-chunk-0023.smt2,sat,0.0
/meti-tarski/sin/cos/sin-cos-346-b-chunk-0186.smt2,sat,0.0
/meti-tarski/sin/cos/sin-cos-346-b-chunk-0196.smt2,unsat,0.0
/meti-tarski/sin/cos/sin-cos-346-b-chunk-0541.smt2,unsat,0.0
/meti-tarski/sin/cos/sin-cos-346-b-chunk-0327.smt2,unsat,0.0
/meti-tarski/sin/cos/sin-cos-346-b-chunk-0361.smt2,sat,0.0
/meti-tarski/sin/cos/sin-cos-346-b-chunk-0261.smt2,sat,0.0
/meti-tarski/sin/cos/sin-cos-346-b-chunk-0142.smt2,sat,0.0
/meti-tarski/sin/cos/sin-cos-346-b-chunk-0084.smt2,sat,0.0
/meti-tarski/sin/cos/sin-cos-346-b-chunk-0218.smt2,unsat,0.0
/meti-tarski/sin/cos/sin-cos-346-b-chunk-0456.smt2,unsat,0.0
/meti-tarski/sin/cos/sin-cos-346-b-chunk-0206.smt2,sat,0.0
/meti-tarski/sin/cos/sin-cos-346-b-chunk-0636.smt2,unsat,0.0
/meti-tarski/sin/cos/sin-cos-346-b-chunk-0079.smt2,unsat,0.0
/meti-tarski/sin/cos/sin-cos-346-b-chunk-0386.smt2,unsat,0.0
/meti-tarski/sin/cos/sin-cos-346-b-chunk-0204.smt2,unsat,0.0
/meti-tarski/sin/cos/sin-cos-346-b-chunk-0277.smt2,sat,0.0
/meti-tarski/sin/cos/sin-cos-346-b-chunk-0017.smt2,unsat,0.0
/meti-tarski/sin/cos/sin-cos-346-b-chunk-0067.smt2,unsat,0.0
/meti-tarski/sin/cos/sin-cos-346-b-chunk-0489.smt2,unsat,0.0
/meti-tarski/sin/cos/sin-cos-346-b-chunk-0493.smt2,unsat,0.0
/meti-tarski/sin/cos/sin-cos-346-b-chunk-0338.smt2,sat,0.0
/meti-tarski/sin/cos/sin-cos-346-b-chunk-0580.smt2,sat,0.0
/meti-tarski/sin/cos/sin-cos-346-b-chunk-0588.smt2,sat,0.0
/meti-tarski/sin/cos/sin-cos-346-b-chunk-0368.smt2,sat,0.0
/meti-tarski/sin/cos/sin-cos-346-b-chunk-0468.smt2,sat,0.0
/meti-tarski/sin/cos/sin-cos-346-b-chunk-0091.smt2,unsat,0.0
/meti-tarski/sin/cos/sin-cos-346-b-chunk-0241.smt2,sat,0.0
/meti-tarski/sin/cos/sin-cos-346-b-chunk-0465.smt2,sat,0.0
/meti-tarski/sin/cos/sin-cos-346-b-chunk-0413.smt2,unsat,0.0
/meti-tarski/sin/cos/sin-cos-346-b-chunk-0454.smt2,sat,0.0
/meti-tarski/sin/cos/sin-cos-346-b-chunk-0278.smt2,unsat,0.0
/meti-tarski/sin/cos/sin-cos-346-b-chunk-0604.smt2,unsat,0.0
/meti-tarski/sin/cos/sin-cos-346-b-chunk-0382.smt2,sat,0.0
/meti-tarski/sin/cos/sin-cos-346-b-chunk-0392.smt2,sat,0.0
/meti-tarski/sin/cos/sin-cos-346-b-chunk-0379.smt2,sat,0.0
/meti-tarski/sin/cos/sin-cos-346-b-chunk-0069.smt2,sat,0.0
/meti-tarski/sin/cos/sin-cos-346-b-chunk-0188.smt2,unsat,0.0
/meti-tarski/sin/cos/sin-cos-346-b-chunk-0332.smt2,unsat,0.0
/meti-tarski/sin/cos/sin-cos-346-b-chunk-0347.smt2,sat,0.0
/meti-tarski/sin/cos/sin-cos-346-b-chunk-0445.smt2,unsat,0.0
/meti-tarski/sin/cos/sin-cos-346-b-chunk-0048.smt2,unsat,0.0
/meti-tarski/sin/cos/sin-cos-346-b-chunk-0163.smt2,sat,0.0
/meti-tarski/sin/cos/sin-cos-346-b-chunk-0503.smt2,unsat,0.0
/meti-tarski/sin/cos/sin-cos-346-b-chunk-0395.smt2,sat,0.0
/meti-tarski/sin/cos/sin-cos-346-b-chunk-0229.smt2,unsat,0.0
/meti-tarski/sin/cos/sin-cos-346-b-chunk-0480.smt2,sat,0.0
/meti-tarski/sin/cos/sin-cos-346-b-chunk-0304.smt2,sat,0.0
/meti-tarski/sin/cos/sin-cos-346-b-chunk-0281.smt2,sat,0.0
/meti-tarski/sin/cos/sin-cos-346-b-chunk-0260.smt2,unsat,0.0
/meti-tarski/sin/cos/sin-cos-346-b-chunk-0314.smt2,sat,0.0
/meti-tarski/sin/cos/sin-cos-346-b-chunk-0334.smt2,sat,0.0
/meti-tarski/sin/cos/sin-cos-346-b-chunk-0513.smt2,sat,0.0
/meti-tarski/sin/cos/sin-cos-346-b-chunk-0430.smt2,sat,0.0
/meti-tarski/sin/cos/sin-cos-346-b-chunk-0527.smt2,unsat,0.0
/meti-tarski/sin/cos/sin-cos-346-b-chunk-0087.smt2,sat,0.0
/meti-tarski/sin/cos/sin-cos-346-b-chunk-0185.smt2,unsat,0.0
/meti-tarski/sin/cos/sin-cos-346-b-chunk-0516.smt2,sat,0.0
/meti-tarski/sin/cos/sin-cos-346-b-chunk-0270.smt2,unsat,0.0
/meti-tarski/sin/cos/sin-cos-346-b-chunk-0125.smt2,sat,0.0
/meti-tarski/sin/cos/sin-cos-346-b-chunk-0572.smt2,sat,0.0
/meti-tarski/sin/cos/sin-cos-346-b-chunk-0127.smt2,sat,0.0
/meti-tarski/sin/cos/sin-cos-346-b-chunk-0077.smt2,sat,0.0
/meti-tarski/sin/cos/sin-cos-346-b-chunk-0383.smt2,sat,0.0
/meti-tarski/sin/cos/sin-cos-346-b-chunk-0579.smt2,unsat,0.0
/meti-tarski/sin/cos/sin-cos-346-b-chunk-0481.smt2,unsat,0.0
/meti-tarski/sin/cos/sin-cos-346-b-chunk-0602.smt2,sat,0.0
/meti-tarski/sin/cos/sin-cos-346-b-chunk-0010.smt2,sat,0.0
/meti-tarski/sin/cos/sin-cos-346-b-chunk-0269.smt2,unsat,0.0
/meti-tarski/sin/cos/sin-cos-346-b-chunk-0441.smt2,sat,0.0
/meti-tarski/sin/cos/sin-cos-346-b-chunk-0240.smt2,unsat,0.0
/meti-tarski/sin/cos/sin-cos-346-b-chunk-0391.smt2,sat,0.0
/meti-tarski/sin/cos/sin-cos-346-b-chunk-0056.smt2,sat,0.0
/meti-tarski/sin/cos/sin-cos-346-b-chunk-0416.smt2,unsat,0.0
/meti-tarski/sin/cos/sin-cos-346-b-chunk-0047.smt2,sat,0.0
/meti-tarski/sin/cos/sin-cos-346-b-chunk-0449.smt2,unsat,0.0
/meti-tarski/sin/cos/sin-cos-346-b-chunk-0099.smt2,sat,0.0
/meti-tarski/sin/cos/sin-cos-346-b-chunk-0558.smt2,unsat,0.0
/meti-tarski/sin/cos/sin-cos-346-b-chunk-0393.smt2,unsat,0.0
/meti-tarski/sin/cos/sin-cos-346-b-chunk-0634.smt2,sat,0.0
/meti-tarski/sin/cos/sin-cos-346-b-chunk-0551.smt2,sat,0.0
/meti-tarski/sin/cos/sin-cos-346-b-chunk-0542.smt2,unsat,0.0
/meti-tarski/sin/cos/sin-cos-346-b-chunk-0617.smt2,sat,0.0
/meti-tarski/sin/cos/sin-cos-346-b-chunk-0138.smt2,unsat,0.0
/meti-tarski/sin/cos/sin-cos-346-b-chunk-0537.smt2,sat,0.0
/meti-tarski/sin/cos/sin-cos-346-b-chunk-0128.smt2,sat,0.0
/meti-tarski/sin/cos/sin-cos-346-b-chunk-0225.smt2,unsat,0.0
/meti-tarski/sin/cos/sin-cos-346-b-chunk-0020.smt2,sat,0.0
/meti-tarski/sin/cos/sin-cos-346-b-chunk-0525.smt2,sat,0.0
/meti-tarski/sin/cos/sin-cos-346-b-chunk-0360.smt2,sat,0.0
/meti-tarski/sin/cos/sin-cos-346-b-chunk-0199.smt2,unsat,0.0
/meti-tarski/sin/cos/sin-cos-346-b-chunk-0625.smt2,sat,0.0
/meti-tarski/sin/cos/sin-cos-346-b-chunk-0235.smt2,sat,0.0
/meti-tarski/sin/cos/sin-cos-346-b-chunk-0487.smt2,sat,0.0
/meti-tarski/sin/cos/sin-cos-346-b-chunk-0223.smt2,sat,0.0
/meti-tarski/sin/cos/sin-cos-346-b-chunk-0100.smt2,unsat,0.0
/meti-tarski/sin/cos/sin-cos-346-b-chunk-0514.smt2,sat,0.0
/meti-tarski/sin/cos/sin-cos-346-b-chunk-0078.smt2,unsat,0.0
/meti-tarski/sin/cos/sin-cos-346-b-chunk-0237.smt2,unsat,0.0
/meti-tarski/sin/cos/sin-cos-346-b-chunk-0448.smt2,sat,0.0
/meti-tarski/sin/cos/sin-cos-346-b-chunk-0502.smt2,unsat,0.0
/meti-tarski/sin/cos/sin-cos-346-b-chunk-0295.smt2,sat,0.0
/meti-tarski/sin/cos/sin-cos-346-b-chunk-0633.smt2,unsat,0.0
/meti-tarski/sin/cos/sin-cos-346-b-chunk-0507.smt2,sat,0.0
/meti-tarski/sin/cos/sin-cos-346-b-chunk-0405.smt2,unsat,0.0
/meti-tarski/sin/cos/sin-cos-346-b-chunk-0472.smt2,sat,0.0
/meti-tarski/sin/cos/sin-cos-346-b-chunk-0271.smt2,sat,0.0
/meti-tarski/sin/cos/sin-cos-346-b-chunk-0174.smt2,unsat,0.0
/meti-tarski/sin/cos/sin-cos-346-b-chunk-0313.smt2,unsat,0.0
/meti-tarski/sin/cos/sin-cos-346-b-chunk-0592.smt2,sat,0.0
/meti-tarski/sin/cos/sin-cos-346-b-chunk-0214.smt2,sat,0.0
/meti-tarski/sin/cos/sin-cos-346-b-chunk-0352.smt2,unsat,0.0
/meti-tarski/sin/cos/sin-cos-346-b-chunk-0475.smt2,sat,0.0
/meti-tarski/sin/cos/sin-cos-346-b-chunk-0162.smt2,sat,0.0
/meti-tarski/sin/cos/sin-cos-346-b-chunk-0198.smt2,sat,0.0
/meti-tarski/sin/cos/sin-cos-346-b-chunk-0297.smt2,sat,0.0
/meti-tarski/sin/cos/sin-cos-346-b-chunk-0504.smt2,sat,0.0
/meti-tarski/sin/cos/sin-cos-346-b-chunk-0412.smt2,unsat,0.0
/meti-tarski/sin/cos/sin-cos-346-b-chunk-0164.smt2,sat,0.0
/meti-tarski/sin/cos/sin-cos-346-b-chunk-0355.smt2,unsat,0.0
/meti-tarski/sin/cos/sin-cos-346-b-chunk-0497.smt2,sat,0.0
/meti-tarski/sin/cos/sin-cos-346-b-chunk-0344.smt2,sat,0.0
/meti-tarski/sin/cos/sin-cos-346-b-chunk-0387.smt2,sat,0.0
/meti-tarski/sin/cos/sin-cos-346-b-chunk-0115.smt2,sat,0.0
/meti-tarski/sin/cos/sin-cos-346-b-chunk-0167.smt2,sat,0.0
/meti-tarski/sin/cos/sin-cos-346-b-chunk-0076.smt2,unsat,0.0
/meti-tarski/sin/cos/sin-cos-346-b-chunk-0254.smt2,sat,0.0
/meti-tarski/sin/cos/sin-cos-346-b-chunk-0509.smt2,unsat,0.0
/meti-tarski/sin/cos/sin-cos-346-b-chunk-0342.smt2,sat,0.0
/meti-tarski/sin/cos/sin-cos-346-b-chunk-0346.smt2,unsat,0.0
/meti-tarski/sin/cos/sin-cos-346-b-chunk-0088.smt2,sat,0.0
/meti-tarski/sin/cos/sin-cos-346-b-chunk-0407.smt2,sat,0.0
/meti-tarski/sin/cos/sin-cos-346-b-chunk-0626.smt2,sat,0.0
/meti-tarski/sin/cos/sin-cos-346-b-chunk-0131.smt2,sat,0.0
/meti-tarski/sin/cos/sin-cos-346-b-chunk-0029.smt2,unsat,0.0
/meti-tarski/sin/cos/sin-cos-346-b-chunk-0251.smt2,sat,0.0
/meti-tarski/sin/cos/sin-cos-346-b-chunk-0372.smt2,sat,0.0
/meti-tarski/sin/cos/sin-cos-346-b-chunk-0402.smt2,sat,0.0
/meti-tarski/sin/cos/sin-cos-346-b-chunk-0333.smt2,unsat,0.0
/meti-tarski/sin/cos/sin-cos-346-b-chunk-0396.smt2,sat,0.0
/meti-tarski/sin/cos/sin-cos-346-b-chunk-0353.smt2,sat,0.0
/meti-tarski/sin/cos/sin-cos-346-b-chunk-0463.smt2,unsat,0.0
/meti-tarski/sin/cos/sin-cos-346-b-chunk-0628.smt2,sat,0.0
/meti-tarski/sin/cos/sin-cos-346-b-chunk-0157.smt2,unsat,0.0
/meti-tarski/sin/cos/sin-cos-346-b-chunk-0533.smt2,unsat,0.0
/meti-tarski/sin/cos/sin-cos-346-b-chunk-0474.smt2,unsat,0.0
/meti-tarski/sin/cos/sin-cos-346-b-chunk-0351.smt2,sat,0.0
/meti-tarski/sin/cos/sin-cos-346-b-chunk-0234.smt2,sat,0.0
/meti-tarski/sin/cos/sin-cos-346-b-chunk-0170.smt2,sat,0.0
/meti-tarski/sin/cos/sin-cos-346-b-chunk-0158.smt2,sat,0.0
/meti-tarski/sin/cos/sin-cos-346-b-chunk-0209.smt2,sat,0.0
/meti-tarski/sin/cos/sin-cos-346-b-chunk-0105.smt2,sat,0.0
/meti-tarski/sin/cos/sin-cos-346-b-chunk-0312.smt2,unsat,0.0
/meti-tarski/sin/cos/sin-cos-346-b-chunk-0073.smt2,sat,0.0
/meti-tarski/sin/cos/sin-cos-346-b-chunk-0226.smt2,unsat,0.0
/meti-tarski/sin/cos/sin-cos-346-b-chunk-0418.smt2,sat,0.0
/meti-tarski/sin/cos/sin-cos-346-b-chunk-0444.smt2,sat,0.0
/meti-tarski/sin/cos/sin-cos-346-b-chunk-0605.smt2,sat,0.0
/meti-tarski/sin/cos/sin-cos-346-b-chunk-0498.smt2,unsat,0.0
/meti-tarski/sin/cos/sin-cos-346-b-chunk-0380.smt2,unsat,0.0
/meti-tarski/sin/cos/sin-cos-346-b-chunk-0019.smt2,unsat,0.0
/meti-tarski/sin/cos/sin-cos-346-b-chunk-0476.smt2,sat,0.0
/meti-tarski/sin/cos/sin-cos-346-b-chunk-0555.smt2,sat,0.0
/meti-tarski/sin/cos/sin-cos-346-b-chunk-0303.smt2,unsat,0.0
/meti-tarski/sin/cos/sin-cos-346-b-chunk-0467.smt2,unsat,0.0
/meti-tarski/sin/cos/sin-cos-346-b-chunk-0258.smt2,sat,0.0
/meti-tarski/sin/cos/sin-cos-346-b-chunk-0637.smt2,unsat,0.0
/meti-tarski/sin/cos/sin-cos-346-b-chunk-0328.smt2,sat,0.0
/meti-tarski/sin/cos/sin-cos-346-b-chunk-0582.smt2,unsat,0.0
/meti-tarski/sin/cos/sin-cos-346-b-chunk-0563.smt2,sat,0.0
/meti-tarski/sin/cos/sin-cos-346-b-chunk-0357.smt2,sat,0.0
/meti-tarski/sin/cos/sin-cos-346-b-chunk-0607.smt2,unsat,0.0
/meti-tarski/sin/cos/sin-cos-346-b-chunk-0109.smt2,sat,0.0
/meti-tarski/sin/cos/sin-cos-346-b-chunk-0165.smt2,sat,0.0
/meti-tarski/sin/cos/sin-cos-346-b-chunk-0183.smt2,unsat,0.0
/meti-tarski/sin/cos/sin-cos-346-b-chunk-0054.smt2,unsat,0.0
/meti-tarski/sin/cos/sin-cos-346-b-chunk-0308.smt2,sat,0.0
/meti-tarski/sin/cos/sin-cos-346-b-chunk-0471.smt2,sat,0.0
/meti-tarski/sin/cos/sin-cos-346-b-chunk-0250.smt2,sat,0.0
/meti-tarski/sin/cos/sin-cos-346-b-chunk-0366.smt2,unsat,0.0
/meti-tarski/sin/cos/sin-cos-346-b-chunk-0522.smt2,unsat,0.0
/meti-tarski/sin/cos/sin-cos-346-b-chunk-0123.smt2,sat,0.0
/meti-tarski/sin/cos/sin-cos-346-b-chunk-0442.smt2,unsat,0.0
/meti-tarski/sin/cos/sin-cos-346-b-chunk-0286.smt2,sat,0.0
/meti-tarski/sin/cos/sin-cos-346-b-chunk-0608.smt2,sat,0.0
/meti-tarski/sin/cos/sin-cos-346-b-chunk-0466.smt2,sat,0.0
/meti-tarski/sin/cos/sin-cos-346-b-chunk-0635.smt2,sat,0.0
/meti-tarski/sin/cos/sin-cos-346-b-chunk-0152.smt2,unsat,0.0
/meti-tarski/sin/cos/sin-cos-346-b-chunk-0239.smt2,sat,0.0
/meti-tarski/sin/cos/sin-cos-346-b-chunk-0512.smt2,unsat,0.0
/meti-tarski/sin/cos/sin-cos-346-b-chunk-0434.smt2,unsat,0.0
/meti-tarski/sin/cos/sin-cos-346-b-chunk-0595.smt2,unsat,0.0
/meti-tarski/sin/cos/sin-cos-346-b-chunk-0086.smt2,unsat,0.0
/meti-tarski/sin/cos/sin-cos-346-b-chunk-0439.smt2,unsat,0.0
/meti-tarski/sin/cos/sin-cos-346-b-chunk-0484.smt2,sat,0.0
/meti-tarski/sin/cos/sin-cos-346-b-chunk-0166.smt2,sat,0.0
/meti-tarski/sin/cos/sin-cos-346-b-chunk-0280.smt2,sat,0.0
/meti-tarski/sin/cos/sin-cos-346-b-chunk-0112.smt2,sat,0.0
/meti-tarski/sin/cos/sin-cos-346-b-chunk-0242.smt2,sat,0.0
/meti-tarski/sin/cos/sin-cos-346-b-chunk-0425.smt2,sat,0.0
/meti-tarski/sin/cos/sin-cos-346-b-chunk-0630.smt2,unsat,0.0
/meti-tarski/sin/cos/sin-cos-346-b-chunk-0230.smt2,sat,0.0
/meti-tarski/sin/cos/sin-cos-346-b-chunk-0501.smt2,sat,0.0
/meti-tarski/sin/cos/sin-cos-346-b-chunk-0566.smt2,sat,0.0
/meti-tarski/sin/cos/sin-cos-346-b-chunk-0205.smt2,sat,0.0
/meti-tarski/sin/cos/sin-cos-346-b-chunk-0521.smt2,sat,0.0
/meti-tarski/sin/cos/sin-cos-346-b-chunk-0180.smt2,unsat,0.0
/meti-tarski/sin/cos/sin-cos-346-b-chunk-0096.smt2,unsat,0.0
/meti-tarski/sin/cos/sin-cos-346-b-chunk-0201.smt2,sat,0.0
/meti-tarski/sin/cos/sin-cos-346-b-chunk-0130.smt2,sat,0.0
/meti-tarski/sin/cos/sin-cos-346-b-chunk-0311.smt2,sat,0.0
/meti-tarski/sin/cos/sin-cos-346-b-chunk-0252.smt2,unsat,0.0
/meti-tarski/sin/cos/sin-cos-346-b-chunk-0070.smt2,unsat,0.0
/meti-tarski/sin/cos/sin-cos-346-b-chunk-0113.smt2,unsat,0.0
/meti-tarski/sin/cos/sin-cos-346-b-chunk-0438.smt2,unsat,0.0
/meti-tarski/sin/cos/sin-cos-346-b-chunk-0315.smt2,sat,0.0
/meti-tarski/sin/cos/sin-cos-346-b-chunk-0219.smt2,sat,0.0
/meti-tarski/sin/cos/sin-cos-346-b-chunk-0609.smt2,sat,0.0
/meti-tarski/sin/cos/sin-cos-346-b-chunk-0302.smt2,sat,0.0
/meti-tarski/sin/cos/sin-cos-346-b-chunk-0072.smt2,unsat,0.0
/meti-tarski/sin/cos/sin-cos-346-b-chunk-0326.smt2,unsat,0.0
/meti-tarski/sin/cos/sin-cos-346-b-chunk-0624.smt2,unsat,0.0
/meti-tarski/sin/cos/sin-cos-346-b-chunk-0363.smt2,unsat,0.0
/meti-tarski/sin/cos/sin-cos-346-b-chunk-0051.smt2,sat,0.0
/meti-tarski/sin/cos/sin-cos-346-b-chunk-0245.smt2,sat,0.0
/meti-tarski/sin/cos/sin-cos-346-b-chunk-0446.smt2,unsat,0.0
/meti-tarski/sin/cos/sin-cos-346-b-chunk-0376.smt2,unsat,0.0
/meti-tarski/sin/cos/sin-cos-346-b-chunk-0154.smt2,unsat,0.0
/meti-tarski/sin/cos/sin-cos-346-b-chunk-0345.smt2,sat,0.0
/meti-tarski/sin/cos/sin-cos-346-b-chunk-0064.smt2,sat,0.0
/meti-tarski/sin/cos/sin-cos-346-b-chunk-0543.smt2,sat,0.0
/meti-tarski/sin/cos/sin-cos-346-b-chunk-0640.smt2,unsat,0.0
/meti-tarski/sin/cos/sin-cos-346-b-chunk-0362.smt2,unsat,0.0
/meti-tarski/sin/cos/sin-cos-346-b-chunk-0104.smt2,unsat,0.0
/meti-tarski/sin/cos/sin-cos-346-b-chunk-0018.smt2,sat,0.0
/meti-tarski/sin/cos/sin-cos-346-b-chunk-0012.smt2,sat,0.0
/meti-tarski/sin/cos/sin-cos-346-b-chunk-0075.smt2,sat,0.0
/meti-tarski/sin/cos/sin-cos-346-b-chunk-0299.smt2,unsat,0.0
/meti-tarski/sin/cos/sin-cos-346-b-chunk-0499.smt2,unsat,0.0
/meti-tarski/sin/cos/sin-cos-346-b-chunk-0606.smt2,sat,0.0
/meti-tarski/sin/cos/sin-cos-346-b-chunk-0189.smt2,sat,0.0
/meti-tarski/sin/cos/sin-cos-346-b-chunk-0560.smt2,sat,0.0
/meti-tarski/sin/cos/sin-cos-346-b-chunk-0081.smt2,sat,0.0
/meti-tarski/sin/cos/sin-cos-346-b-chunk-0071.smt2,sat,0.0
/meti-tarski/sin/cos/sin-cos-346-b-chunk-0459.smt2,unsat,0.0
/meti-tarski/sin/cos/sin-cos-346-b-chunk-0381.smt2,unsat,0.0
/meti-tarski/sin/cos/sin-cos-346-b-chunk-0479.smt2,sat,0.0
/meti-tarski/sin/cos/sin-cos-346-b-chunk-0553.smt2,unsat,0.0
/meti-tarski/sin/cos/sin-cos-346-b-chunk-0562.smt2,sat,0.0
/meti-tarski/sin/cos/sin-cos-346-b-chunk-0147.smt2,unsat,0.0
/meti-tarski/sin/cos/sin-cos-346-b-chunk-0556.smt2,sat,0.0
/meti-tarski/sin/cos/sin-cos-346-b-chunk-0589.smt2,sat,0.0
/meti-tarski/sin/cos/sin-cos-346-b-chunk-0447.smt2,sat,0.0
/meti-tarski/sin/cos/sin-cos-346-b-chunk-0408.smt2,unsat,0.0
/meti-tarski/sin/cos/sin-cos-346-b-chunk-0631.smt2,sat,0.0
/meti-tarski/sin/cos/sin-cos-346-b-chunk-0601.smt2,unsat,0.0
/meti-tarski/sin/cos/sin-cos-346-b-chunk-0574.smt2,sat,0.0
/meti-tarski/sin/cos/sin-cos-346-b-chunk-0629.smt2,sat,0.0
/meti-tarski/sin/cos/sin-cos-346-b-chunk-0022.smt2,sat,0.0
/meti-tarski/sin/cos/sin-cos-346-b-chunk-0460.smt2,unsat,0.0
/meti-tarski/sin/cos/sin-cos-346-b-chunk-0080.smt2,sat,0.0
/meti-tarski/sin/cos/sin-cos-346-b-chunk-0309.smt2,sat,0.0
/meti-tarski/sin/cos/sin-cos-346-b-chunk-0495.smt2,unsat,0.0
/meti-tarski/sin/cos/sin-cos-346-b-chunk-0486.smt2,unsat,0.0
/meti-tarski/sin/cos/sin-cos-346-b-chunk-0296.smt2,unsat,0.0
/meti-tarski/sin/cos/sin-cos-346-b-chunk-0149.smt2,unsat,0.0
/meti-tarski/sin/cos/sin-cos-346-b-chunk-0491.smt2,sat,0.0
/meti-tarski/sin/cos/sin-cos-346-b-chunk-0228.smt2,sat,0.0
/meti-tarski/sin/cos/sin-cos-346-b-chunk-0520.smt2,sat,0.0
/meti-tarski/sin/cos/sin-cos-346-b-chunk-0389.smt2,unsat,0.0
/meti-tarski/sin/cos/sin-cos-346-b-chunk-0197.smt2,sat,0.0
/meti-tarski/sin/cos/sin-cos-346-b-chunk-0014.smt2,unsat,0.0
/meti-tarski/sin/cos/sin-cos-346-b-chunk-0371.smt2,sat,0.0
/meti-tarski/sin/cos/sin-cos-346-b-chunk-0544.smt2,sat,0.0
/meti-tarski/sin/cos/sin-cos-346-b-chunk-0322.smt2,sat,0.0
/meti-tarski/sin/cos/sin-cos-346-b-chunk-0036.smt2,unsat,0.0
/meti-tarski/sin/cos/sin-cos-346-b-chunk-0134.smt2,sat,0.0
/meti-tarski/sin/cos/sin-cos-346-b-chunk-0202.smt2,sat,0.0
/meti-tarski/sin/cos/sin-cos-346-b-chunk-0190.smt2,unsat,0.0
/meti-tarski/sin/cos/sin-cos-346-b-chunk-0399.smt2,sat,0.0
/meti-tarski/sin/cos/sin-cos-346-b-chunk-0224.smt2,sat,0.0
/meti-tarski/sin/cos/sin-cos-346-b-chunk-0528.smt2,sat,0.0
/meti-tarski/sin/cos/sin-cos-346-b-chunk-0301.smt2,sat,0.0
/meti-tarski/sin/cos/sin-cos-346-b-chunk-0415.smt2,sat,0.0
/meti-tarski/sin/cos/sin-cos-346-b-chunk-0478.smt2,unsat,0.0
/meti-tarski/sin/cos/sin-cos-346-b-chunk-0207.smt2,unsat,0.0
/meti-tarski/sin/cos/sin-cos-346-b-chunk-0171.smt2,sat,0.0
/meti-tarski/sin/cos/sin-cos-346-b-chunk-0038.smt2,sat,0.0
/meti-tarski/sin/cos/sin-cos-346-b-chunk-0515.smt2,unsat,0.0
/meti-tarski/sin/cos/sin-cos-346-b-chunk-0552.smt2,sat,0.0
/meti-tarski/sin/cos/sin-cos-346-b-chunk-0398.smt2,sat,0.0
/meti-tarski/sin/cos/sin-cos-346-b-chunk-0611.smt2,sat,0.0
/meti-tarski/sin/cos/sin-cos-346-b-chunk-0490.smt2,unsat,0.0
/meti-tarski/sin/cos/sin-cos-346-b-chunk-0339.smt2,unsat,0.0
/meti-tarski/sin/cos/sin-cos-346-b-chunk-0161.smt2,sat,0.0
/meti-tarski/sin/cos/sin-cos-346-b-chunk-0561.smt2,unsat,0.0
/meti-tarski/sin/cos/sin-cos-346-b-chunk-0373.smt2,unsat,0.0
/meti-tarski/sin/cos/sin-cos-346-b-chunk-0455.smt2,sat,0.0
/meti-tarski/sin/cos/sin-cos-346-b-chunk-0329.smt2,sat,0.0
/meti-tarski/sin/cos/sin-cos-346-b-chunk-0192.smt2,sat,0.0
/meti-tarski/sin/cos/sin-cos-346-b-chunk-0325.smt2,sat,0.0
/meti-tarski/sin/cos/sin-cos-346-b-chunk-0473.smt2,unsat,0.0
/meti-tarski/sin/cos/sin-cos-346-b-chunk-0021.smt2,unsat,0.0
/meti-tarski/sin/cos/sin-cos-346-b-chunk-0450.smt2,sat,0.0
/meti-tarski/sin/cos/sin-cos-346-b-chunk-0293.smt2,unsat,0.0
/meti-tarski/sin/cos/sin-cos-346-b-chunk-0116.smt2,sat,0.0
/meti-tarski/sin/cos/sin-cos-346-b-chunk-0587.smt2,unsat,0.0
/meti-tarski/sin/cos/sin-cos-346-b-chunk-0042.smt2,unsat,0.0
/meti-tarski/sin/cos/sin-cos-346-b-chunk-0133.smt2,sat,0.0
/meti-tarski/sin/cos/sin-cos-346-b-chunk-0500.smt2,sat,0.0
/meti-tarski/sin/cos/sin-cos-346-b-chunk-0599.smt2,sat,0.0
/meti-tarski/sin/cos/sin-cos-346-b-chunk-0429.smt2,sat,0.0
/meti-tarski/sin/cos/sin-cos-346-b-chunk-0567.smt2,unsat,0.0
/meti-tarski/sin/cos/sin-cos-346-b-chunk-0462.smt2,sat,0.0
/meti-tarski/sin/cos/sin-cos-346-b-chunk-0443.smt2,sat,0.0
/meti-tarski/sin/cos/sin-cos-346-b-chunk-0356.smt2,unsat,0.0
/meti-tarski/sin/cos/sin-cos-346-b-chunk-0052.smt2,unsat,0.0
/meti-tarski/sin/cos/sin-cos-346-b-chunk-0168.smt2,sat,0.0
/meti-tarski/sin/cos/sin-cos-346-b-chunk-0400.smt2,unsat,0.0
/meti-tarski/sin/cos/sin-cos-346-b-chunk-0432.smt2,sat,0.0
/meti-tarski/sin/cos/sin-cos-346-b-chunk-0220.smt2,sat,0.0
/meti-tarski/sin/cos/sin-cos-346-b-chunk-0494.smt2,sat,0.0
/meti-tarski/sin/cos/sin-cos-346-b-chunk-0532.smt2,sat,0.0
/meti-tarski/sin/cos/sin-cos-346-b-chunk-0141.smt2,sat,0.0
/meti-tarski/sin/cos/sin-cos-346-b-chunk-0027.smt2,sat,0.0
/meti-tarski/sin/cos/sin-cos-346-b-chunk-0011.smt2,sat,0.0
/meti-tarski/sin/cos/sin-cos-346-b-chunk-0492.smt2,sat,0.0
/meti-tarski/sin/cos/sin-cos-346-b-chunk-0593.smt2,sat,0.0
/meti-tarski/sin/cos/sin-cos-346-b-chunk-0319.smt2,unsat,0.0
/meti-tarski/sin/cos/sin-cos-346-b-chunk-0285.smt2,sat,0.0
/meti-tarski/sin/cos/sin-cos-346-b-chunk-0367.smt2,sat,0.0
/meti-tarski/sin/cos/sin-cos-346-b-chunk-0049.smt2,sat,0.0
/meti-tarski/sin/cos/sin-cos-346-b-chunk-0097.smt2,sat,0.0
/meti-tarski/sin/cos/sin-cos-346-b-chunk-0529.smt2,sat,0.0
/meti-tarski/sin/cos/sin-cos-346-b-chunk-0139.smt2,sat,0.0
/meti-tarski/sin/cos/sin-cos-346-b-chunk-0119.smt2,unsat,0.0
/meti-tarski/sin/cos/sin-cos-346-b-chunk-0623.smt2,sat,0.0
/meti-tarski/sin/cos/sin-cos-346-b-chunk-0358.smt2,sat,0.0
/meti-tarski/sin/cos/sin-cos-346-b-chunk-0394.smt2,unsat,0.0
/meti-tarski/sin/cos/sin-cos-346-b-chunk-0321.smt2,sat,0.0
/meti-tarski/sin/cos/sin-cos-346-b-chunk-0337.smt2,sat,0.0
/meti-tarski/sin/cos/sin-cos-346-b-chunk-0482.smt2,unsat,0.0
/meti-tarski/sin/cos/sin-cos-346-b-chunk-0536.smt2,sat,0.0
/meti-tarski/sin/cos/sin-cos-346-b-chunk-0464.smt2,unsat,0.0
/meti-tarski/sin/cos/sin-cos-346-b-chunk-0092.smt2,unsat,0.0
/meti-tarski/sin/cos/sin-cos-346-b-chunk-0191.smt2,unsat,0.0
/meti-tarski/sin/cos/sin-cos-346-b-chunk-0177.smt2,unsat,0.0
/meti-tarski/sin/cos/sin-cos-346-b-chunk-0266.smt2,sat,0.0
/meti-tarski/sin/cos/sin-cos-346-b-chunk-0369.smt2,unsat,0.0
/meti-tarski/sin/cos/sin-cos-346-b-chunk-0485.smt2,unsat,0.0
/meti-tarski/sin/cos/sin-cos-346-b-chunk-0253.smt2,unsat,0.0
/meti-tarski/sin/cos/sin-cos-346-b-chunk-0549.smt2,unsat,0.0
/meti-tarski/sin/cos/sin-cos-346-b-chunk-0440.smt2,sat,0.0
/meti-tarski/sin/cos/sin-cos-346-b-chunk-0610.smt2,unsat,0.0
/meti-tarski/sin/cos/sin-cos-346-b-chunk-0453.smt2,unsat,0.0
/meti-tarski/sin/cos/sin-cos-346-b-chunk-0370.smt2,unsat,0.0
/meti-tarski/sin/cos/sin-cos-346-b-chunk-0267.smt2,unsat,0.0
/meti-tarski/sin/cos/sin-cos-346-b-chunk-0526.smt2,unsat,0.0
/meti-tarski/sin/cos/sin-cos-346-b-chunk-0364.smt2,sat,0.0
/meti-tarski/sin/cos/sin-cos-346-b-chunk-0144.smt2,unsat,0.0
/meti-tarski/sin/cos/sin-cos-346-b-chunk-0061.smt2,unsat,0.0
/meti-tarski/sin/cos/sin-cos-346-b-chunk-0114.smt2,unsat,0.0
/meti-tarski/sin/cos/sin-cos-346-b-chunk-0354.smt2,sat,0.0
/meti-tarski/sin/cos/sin-cos-346-b-chunk-0488.smt2,sat,0.0
/meti-tarski/sin/cos/sin-cos-346-b-chunk-0411.smt2,sat,0.0
/meti-tarski/sin/cos/sin-cos-346-b-chunk-0578.smt2,sat,0.0
/meti-tarski/sin/cos/sin-cos-346-b-chunk-0263.smt2,unsat,0.0
/meti-tarski/sin/cos/sin-cos-346-b-chunk-0265.smt2,sat,0.0
/meti-tarski/sin/cos/sin-cos-346-b-chunk-0317.smt2,sat,0.0
/meti-tarski/sin/cos/sin-cos-346-b-chunk-0618.smt2,unsat,0.0
/meti-tarski/sin/cos/sin-cos-346-b-chunk-0107.smt2,unsat,0.0
/meti-tarski/sin/cos/sin-cos-346-b-chunk-0424.smt2,unsat,0.0
/meti-tarski/sin/cos/sin-cos-346-b-chunk-0264.smt2,sat,0.0
/meti-tarski/sin/cos/sin-cos-346-b-chunk-0068.smt2,unsat,0.0
/meti-tarski/sin/cos/sin-cos-346-b-chunk-0540.smt2,sat,0.0
/meti-tarski/bottom-plate-mixer/bottom-plate-mixer-chunk-0045.smt2,sat,0.0
/meti-tarski/bottom-plate-mixer/bottom-plate-mixer-chunk-0041.smt2,sat,0.0
/meti-tarski/bottom-plate-mixer/bottom-plate-mixer-chunk-0046.smt2,sat,0.0
/meti-tarski/bottom-plate-mixer/bottom-plate-mixer-chunk-0043.smt2,sat,0.0
/meti-tarski/bottom-plate-mixer/bottom-plate-mixer-chunk-0038.smt2,sat,0.0
/meti-tarski/bottom-plate-mixer/bottom-plate-mixer-chunk-0044.smt2,unsat,0.0
/meti-tarski/bottom-plate-mixer/bottom-plate-mixer-chunk-0048.smt2,unsat,0.0
/meti-tarski/bottom-plate-mixer/bottom-plate-mixer-chunk-0049.smt2,sat,0.0
/meti-tarski/bottom-plate-mixer/bottom-plate-mixer-chunk-0039.smt2,sat,0.0
/meti-tarski/bottom-plate-mixer/bottom-plate-mixer-chunk-0052.smt2,unsat,0.0
/meti-tarski/bottom-plate-mixer/bottom-plate-mixer-chunk-0050.smt2,sat,0.0
/meti-tarski/bottom-plate-mixer/bottom-plate-mixer-chunk-0036.smt2,sat,0.0
/meti-tarski/bottom-plate-mixer/bottom-plate-mixer-chunk-0042.smt2,unsat,0.0
/meti-tarski/bottom-plate-mixer/bottom-plate-mixer-chunk-0047.smt2,unsat,0.0
/meti-tarski/bottom-plate-mixer/bottom-plate-mixer-chunk-0054.smt2,unsat,0.0
/meti-tarski/heartdipole/heartdipole-chunk-0047.smt2,sat,0.0
/meti-tarski/cos/problem/12/cos-problem-12-chunk-0004.smt2,sat,0.0
/meti-tarski/cos/problem/12/cos-problem-12-chunk-0005.smt2,sat,0.0
/meti-tarski/cos/problem/12/cos-problem-12-chunk-0007.smt2,unsat,0.0
/meti-tarski/cos/problem/12/cos-problem-12-chunk-0006.smt2,sat,0.0
/meti-tarski/cos/problem/5/cos-problem-5-chunk-0025.smt2,unsat,0.0
/meti-tarski/cos/problem/5/cos-problem-5-chunk-0018.smt2,sat,0.0
/meti-tarski/cos/problem/5/cos-problem-5-chunk-0024.smt2,sat,0.0
/meti-tarski/cos/problem/5/cos-problem-5-chunk-0049.smt2,unsat,0.0
/meti-tarski/cos/problem/5/cos-problem-5-chunk-0040.smt2,unsat,0.0
/meti-tarski/cos/problem/5/cos-problem-5-chunk-0023.smt2,unsat,0.0
/meti-tarski/cos/problem/5/cos-problem-5-chunk-0044.smt2,sat,0.0
/meti-tarski/cos/problem/5/cos-problem-5-chunk-0027.smt2,unsat,0.0
/meti-tarski/cos/problem/5/cos-problem-5-chunk-0042.smt2,sat,0.0
/meti-tarski/cos/problem/5/cos-problem-5-chunk-0035.smt2,unsat,0.0
/meti-tarski/cos/problem/5/cos-problem-5-chunk-0020.smt2,sat,0.0
/meti-tarski/cos/problem/5/cos-problem-5-chunk-0046.smt2,sat,0.0
/meti-tarski/cos/problem/5/cos-problem-5-chunk-0033.smt2,unsat,0.0
/meti-tarski/cos/problem/5/cos-problem-5-chunk-0048.smt2,unsat,0.0
/meti-tarski/cos/problem/5/cos-problem-5-chunk-0038.smt2,unsat,0.0
/meti-tarski/cos/problem/5/cos-problem-5-chunk-0037.smt2,unsat,0.0
/meti-tarski/cos/problem/5/cos-problem-5-chunk-0029.smt2,sat,0.0
/meti-tarski/cos/problem/5/cos-problem-5-chunk-0022.smt2,unsat,0.0
/meti-tarski/cos/problem/5/cos-problem-5-chunk-0039.smt2,sat,0.0
/meti-tarski/cos/problem/5/cos-problem-5-chunk-0034.smt2,unsat,0.0
/meti-tarski/cos/problem/5/cos-problem-5-chunk-0021.smt2,unsat,0.0
/meti-tarski/cos/3410/cos-3410-b-chunk-0019.smt2,sat,0.0
/meti-tarski/cos/3410/cos-3410-b-chunk-0025.smt2,sat,0.0
/meti-tarski/cos/3410/cos-3410-b-chunk-0014.smt2,sat,0.0
/meti-tarski/cos/3410/cos-3410-b-chunk-0016.smt2,sat,0.0
/meti-tarski/cos/3410/cos-3410-b-chunk-0021.smt2,sat,0.0
/meti-tarski/cos/3410/cos-3410-b-chunk-0026.smt2,sat,0.0
/meti-tarski/cos/3410/cos-3410-b-chunk-0027.smt2,sat,0.0
/meti-tarski/cos/3410/cos-3410-b-chunk-0028.smt2,unsat,0.2909681797027588
/meti-tarski/cos/3410/cos-3410-b-chunk-0012.smt2,sat,0.0
/meti-tarski/cos/3410/cos-3410-b-chunk-0015.smt2,sat,0.0
/meti-tarski/cos/3410/cos-3410-b-chunk-0024.smt2,sat,0.0
/meti-tarski/cos/3410/cos-3410-b-chunk-0022.smt2,sat,0.0
/meti-tarski/cos/3410/cos-3410-b-chunk-0020.smt2,sat,0.0
/meti-tarski/cos/3410/cos-3410-b-chunk-0018.smt2,sat,0.0
/UltimateAutomizer/InVarSynth_ShortCircuit-SideEffect-SwitchStatement-Safe.c_Iteration1_1.smt2,sat,0.0
/UltimateAutomizer/InVarSynth_TestIntegerDivision01.c_Iteration4_0.smt2,sat,0.2
/UltimateAutomizer/InVarSynth_agroce_minmax.c_Iteration2_1.smt2,sat,0.0
/UltimateAutomizer/InVarSynth_GopanReps-CAV2006-Fig1.c_Iteration2_0.smt2,sat,0.0
/UltimateAutomizer/InVarSynth_BugIsInductiveReturnGlobalVarRenaming.bpl_Iteration1_0.smt2,sat,0.1
/UltimateAutomizer/InVarSynth_GoannaDoubleFreeWithoutPointers.bpl_Iteration1_0.smt2,sat,0.5
/UltimateAutomizer/InVarSynth_ManyFactsAboutX.bpl_Iteration1_0.smt2,sat,0.0
/UltimateAutomizer/InVarSynth_agroce_minmax.c_Iteration2_0.smt2,sat,0.23774981498718262
/UltimateAutomizer/InVarSynth_GoannaDoubleFreeWithoutPointers.bpl_Iteration1_1.smt2,sat,0.13324546813964844
/UltimateAutomizer/InVarSynth_BugHoareAnnotationWithMinimiation.bpl_Iteration1_0.smt2,sat,0.1
/UltimateAutomizer/InVarSynth_TestSequentialComposition.bpl_Iteration3_0.smt2,unsat,0.0
/UltimateAutomizer/InVarSynth_ManyFactsAboutX.bpl_Iteration1_1.smt2,sat,0.0
/UltimateAutomizer/InVarSynth_BugSubstitution.bpl_Iteration3_0.smt2,sat,0.0
/UltimateAutomizer/InVarSynth_SAS09.c_Iteration3_0.smt2,sat,0.32356905937194824
/UltimateAutomizer/InVarSynth_NutzTransformation05.c_Iteration1_0.smt2,unsat,1.4946718215942383
/UltimateAutomizer/InVarSynth_InvariantSynthesis_Disjunctive02.bpl_Iteration1_0.smt2,sat,0.10718107223510742
/UltimateAutomizer/InVarSynth_BoolVsInt.c_Iteration3_0.smt2,sat,0.10191917419433594
/UltimateAutomizer/InVarSynth_WaterTank2-NumberVariables.bpl_Iteration2_0.smt2,sat,0.25061631202697754
/UltimateAutomizer/InVarSynth_LexIndexValue-Pointer-Reduced.bpl_Iteration1_0.smt2,sat,0.05495309829711914
/UltimateAutomizer/InVarSynth_PrefixIncrementDecrement.c_Iteration3_0.smt2,sat,0.12511205673217773
/UltimateAutomizer/InVarSynth_MonadicInvariant01.bpl_Iteration1_0.smt2,sat,0.05325579643249512
/UltimateAutomizer/InVarSynth_BeyerHenzingerMajumdarRybalchenko-PLDI2007-Figure4.bpl_Iteration2_0.smt2,sat,0.11951661109924316
/UltimateAutomizer/InVarSynth_ShortCircuit-SideEffect-SwitchStatement-Unsafe.c_Iteration1_1.smt2,sat,0.0
/UltimateAutomizer/InVarSynth_SAS09doubleLoop-incorrect.bpl_Iteration3_0.smt2,sat,0.04558372497558594
/UltimateAutomizer/InVarSynth_LabelEncodingWithUnrolling.bpl_Iteration2_0.smt2,sat,0.06296014785766602
/UltimateAutomizer/InVarSynth_ShortCircuit-SideEffect-SwitchStatement-Safe.c_Iteration1_0.smt2,sat,0.3400857448577881
/UltimateAutomizer/InVarSynth_Elevator.bpl_Iteration1_0.smt2,sat,0.5
/UltimateAutomizer/InVarSynth_ConditionalExpression-SideEffects-Safe.c_Iteration1_1.smt2,unsat,0.813957929611206
/UltimateAutomizer/InVarSynth_bugtest1.bpl_Iteration2_1.smt2,unsat,0.0
/UltimateAutomizer/InVarSynth_SAS09.c_Iteration2_0.smt2,sat,0.31326818466186523
/UltimateAutomizer/InVarSynth_pcatest0.bpl_Iteration1_0.smt2,sat,0.0
/UltimateAutomizer/InVarSynth_GateControllerIncorrect1.bpl_Iteration1_0.smt2,sat,0.0
/UltimateAutomizer/InVarSynth_s3_srvr_1b_true-unreach-call_false-termination.cil.c_Iteration1_0.smt2,sat,0.29128265380859375
/UltimateAutomizer/InVarSynth_BugFreshConstantInSSA.bpl_Iteration2_0.smt2,unsat,0.28320765495300293
/UltimateAutomizer/InVarSynth_doubleLoopUniformIterations.bpl_Iteration2_0.smt2,unsat,0.0
/UltimateAutomizer/InVarSynth_TestSimultaneousAssignment.bpl_Iteration1_0.smt2,sat,0.12237763404846191
/UltimateAutomizer/InVarSynth_bugtest1.bpl_Iteration2_0.smt2,sat,0.1912524700164795
/UltimateAutomizer/InVarSynth_DivisibilityInterpolantRequired02-ForwardSuccess.bpl_Iteration1_0.smt2,unsat,1.442007303237915
/UltimateAutomizer/InVarSynth_EuclideanIntegerDivision.bpl_Iteration4_0.smt2,sat,0.3529338836669922
/UltimateAutomizer/InVarSynth_threadpooling_out_Reals.bpl_Iteration1_0.smt2,sat,0.2876605987548828
/UltimateAutomizer/InVarSynth_ShortCircuit-SideEffect-DoStatement-Safe.c_Iteration2_0.smt2,sat,0.4180586338043213
/UltimateAutomizer/InVarSynth_2001TACAS-BallPodelskiRajamani.c_Iteration2_0.smt2,sat,0.3635408878326416
/UltimateAutomizer/InVarSynth_OrderDependentEquality.c_Iteration2_0.smt2,sat,0.0
/UltimateAutomizer/InVarSynth_pcatest1.bpl_Iteration1_1.smt2,sat,0.0
/UltimateAutomizer/InVarSynth_threadpooling_out2.mover.bpl_Iteration2_0.smt2,sat,0.0
/UltimateAutomizer/InVarSynth_ConditionalExpression-SideEffects-Safe.c_Iteration1_2.smt2,unsat,0.2
/UltimateAutomizer/InVarSynth_ShortCircuit-SideEffect-FunctionCallExpression-Safe.c_Iteration1_0.smt2,sat,0.0
/UltimateAutomizer/InVarSynth_TestIntegerDivision01.c_Iteration3_0.smt2,unsat,0.0
/UltimateAutomizer/InVarSynth_PrefixIncrementDecrement.c_Iteration3_1.smt2,unsat,0.0
/UltimateAutomizer/InVarSynth_ImpulseTest.bpl_Iteration2_0.smt2,sat,0.1479015350341797
/UltimateAutomizer/InVarSynth_BugIntegerDivision01.c_Iteration2_0.smt2,unsat,0.4
/UltimateAutomizer/InVarSynth_threadpooling_out2.mover.bpl_Iteration2_1.smt2,sat,0.0
/UltimateAutomizer/InVarSynth_ConditionalExpression-SideEffects-Safe.c_Iteration1_0.smt2,sat,0.2
/UltimateAutomizer/InVarSynth_agroce_minmax.c_Iteration1_0.smt2,sat,0.0
/UltimateAutomizer/InVarSynth_GoannaDoubleFreeWithoutPointers.c_Iteration2_0.smt2,unsat,1.6
/UltimateAutomizer/InVarSynth_SAS09doubleLoop-incorrect.bpl_Iteration3_1.smt2,sat,0.38077521324157715
/UltimateAutomizer/InVarSynth_StructPositiveSum-Safe.c_Iteration2_0.smt2,sat,0.32395076751708984
/UltimateAutomizer/InVarSynth_PostfixIncrementDecrement.c_Iteration3_0.smt2,unsat,0.0
/UltimateAutomizer/InVarSynth_ShortCircuit-SideEffect-SwitchStatement-Unsafe.c_Iteration1_2.smt2,sat,0.0
/UltimateAutomizer/InVarSynth_pcatest1.bpl_Iteration1_0.smt2,sat,0.09394025802612305
/UltimateAutomizer/InVarSynth_ShortCircuit-SideEffect-SwitchStatement-Unsafe.c_Iteration1_0.smt2,sat,0.10461664199829102
/kissing/kissing_2_1.smt2,sat,0.0
/kissing/kissing_4_4.smt2,sat,0.7094552516937256
/kissing/kissing_3_2.smt2,sat,0.0
/kissing/kissing_2_6.smt2,sat,0.31828975677490234
/kissing/kissing_4_17.smt2,sat,124.5
/kissing/kissing_4_21.smt2,sat,873.3641998767853
/kissing/kissing_4_12.smt2,sat,21.108579397201538
/kissing/kissing_3_13.smt2,failed,1200.0
/kissing/kissing_3_1.smt2,sat,0.0
/kissing/kissing_4_13.smt2,sat,22.741487979888916
/kissing/kissing_4_3.smt2,sat,0.09065008163452148
/kissing/kissing_2_4.smt2,sat,0.04798746109008789
/kissing/kissing_2_3.smt2,sat,0.0
/kissing/kissing_4_15.smt2,sat,38.10710167884827
/kissing/kissing_4_5.smt2,sat,15.5
/kissing/kissing_4_22.smt2,failed,1200.0
/kissing/kissing_4_11.smt2,sat,18.329416751861572
/kissing/kissing_4_6.smt2,sat,15.5
/kissing/kissing_4_10.smt2,sat,21.28931427001953
/kissing/kissing_4_1.smt2,sat,0.0
/kissing/kissing_3_12.smt2,sat,24.547407865524292
/kissing/kissing_4_25.smt2,failed,1200.0
/kissing/kissing_4_7.smt2,sat,15.997236728668213
/kissing/kissing_4_24.smt2,failed,1200.0
/kissing/kissing_4_23.smt2,failed,1200.0
/kissing/kissing_3_9.smt2,sat,16.979418754577637
/kissing/kissing_3_8.smt2,sat,16.38067626953125
/kissing/kissing_4_9.smt2,sat,17.650238037109375
/kissing/kissing_3_6.smt2,sat,15.3
/kissing/kissing_3_5.smt2,sat,0.0
/kissing/kissing_2_7.smt2,failed,1200.0
/kissing/kissing_4_18.smt2,sat,301.1634590625763
/kissing/kissing_3_4.smt2,sat,0.0
/kissing/kissing_3_10.smt2,sat,18.383132219314575
/kissing/kissing_2_5.smt2,sat,0.13628458976745605
/kissing/kissing_4_20.smt2,sat,1080.2268795967102
/kissing/kissing_4_8.smt2,sat,16.712934970855713
/kissing/kissing_3_7.smt2,sat,15.744893550872803
/kissing/kissing_3_3.smt2,sat,0.0
/kissing/kissing_4_19.smt2,sat,199.68931412696838
/kissing/kissing_3_11.smt2,sat,19.583950757980347
/kissing/kissing_4_14.smt2,sat,31.004678964614868
/kissing/kissing_2_2.smt2,sat,0.0
/kissing/kissing_4_2.smt2,sat,0.0
/kissing/kissing_4_16.smt2,sat,128.1
/hycomp/ball_count_2d_hill_simple.10.seq_lazy_linear_enc_global_3.smt2,unsat,0.0
/hycomp/ball_count_2d_plain.01.seq_lazy_lemmas_global_12.smt2,sat,15.4
/hycomp/ball_count_2d_hill.01.seq_lazy_lemmas_global_10.smt2,sat,0.0
/hycomp/simple_ballistics_reach.01.seq_lazy_linear_enc_global_3.smt2,sat,0.0
/hycomp/ball_count_2d_hill.03.seq_lazy_lemmas_global_11.smt2,unsat,0.06156110763549805
/hycomp/ball_count_2d_slope.02.seq_lazy_global_8.smt2,failed,1200.0
/hycomp/etcs_braking_2.01.seq_lazy_global_9.smt2,unsat,0.2
/hycomp/ball_count_2d_hill_simple.03.seq_lazy_global_4.smt2,unsat,0.0
/hycomp/ball_count_1d_plain.05.seq_lazy_lemmas_global_12.smt2,unsat,15.0
/hycomp/ball_count_2d_hill.05.seq_lazy_linear_enc_global_12.smt2,failed,1200.0
/hycomp/ball_count_1d_plain.10.seq_lazy_linear_enc_lemmas_global_15.smt2,unsat,0.0
/hycomp/ball_count_2d_hill_simple.03.seq_lazy_global_1.smt2,unsat,0.0
/hycomp/ball_count_1d_plain.03.seq_lazy_lemmas_global_7.smt2,unsat,0.0
/hycomp/ball_count_1d_plain.03.qfree_global_10.smt2,sat,0.0952310562133789
/hycomp/etcs_braking_2.01.seq_lazy_linear_enc_global_12.smt2,unsat,1.1
/hycomp/ball_count_2d_hill.04.seq_lazy_global_4.smt2,unsat,0.0
/hycomp/ball_count_1d_plain.01.redlog_global_5.smt2,unsat,0.0
/hycomp/ball_count_1d_plain.10.seq_lazy_linear_enc_lemmas_global_9.smt2,unsat,0.0
/hycomp/ball_count_2d_plain.02.seq_lazy_linear_enc_lemmas_global_5.smt2,unsat,0.0
/hycomp/ball_count_2d_hill.05.seq_lazy_lemmas_global_11.smt2,unsat,0.059411048889160156
/hycomp/ball_count_1d_plain.01.seq_lazy_global_14.smt2,sat,0.0
/hycomp/ball_count_1d_plain.01.qfree_global_12.smt2,sat,0.0
/hycomp/ball_count_1d_plain.03.redlog_global_6.smt2,sat,1.5
/hycomp/ball_count_1d_plain.03.qfree_global_15.smt2,unsat,0.05849885940551758
/hycomp/ball_count_2d_plain.05.seq_lazy_linear_enc_global_6.smt2,unsat,0.0
/hycomp/ball_count_2d_plain.04.seq_lazy_linear_enc_lemmas_global_9.smt2,unsat,0.0
/hycomp/ball_count_2d_slope.01.seq_lazy_global_14.smt2,failed,1200.0
/hycomp/ball_count_2d_slope.03.seq_lazy_global_12.smt2,failed,1200.0
/hycomp/ball_count_1d_plain.05.redlog_global_1.smt2,unsat,0.0
/hycomp/ball_count_2d_plain.01.seq_lazy_global_11.smt2,unsat,0.0
/hycomp/ball_count_2d_hill_simple.01.seq_lazy_lemmas_global_14.smt2,sat,1.0
/hycomp/ball_count_2d_plain.04.redlog_global_13.smt2,unsat,0.0
/hycomp/ball_count_1d_plain.02.seq_lazy_linear_enc_global_15.smt2,unsat,0.0
/hycomp/ball_count_2d_plain.03.seq_lazy_linear_enc_lemmas_global_3.smt2,unsat,0.0
/hycomp/ball_count_2d_plain.02.seq_lazy_linear_enc_lemmas_global_13.smt2,unsat,0.0
/hycomp/ball_count_2d_slope.05.seq_lazy_lemmas_global_5.smt2,unsat,0.0
/hycomp/ball_count_2d_plain.01.redlog_global_11.smt2,unsat,0.0
/hycomp/ball_count_2d_hill_simple.01.seq_lazy_linear_enc_global_13.smt2,unsat,0.0
/hycomp/ball_count_2d_hill.02.seq_lazy_global_10.smt2,failed,1200.0
/hycomp/ball_count_2d_hill_simple.03.seq_lazy_global_3.smt2,unsat,0.0
/hycomp/ball_count_2d_hill_simple.10.seq_lazy_linear_enc_global_9.smt2,unsat,0.0
/hycomp/ball_count_2d_hill.05.redlog_global_5.smt2,unsat,0.0
/hycomp/ball_count_2d_hill.04.seq_lazy_linear_enc_lemmas_global_10.smt2,failed,1200.0
/hycomp/ball_count_2d_plain.01.seq_lazy_lemmas_global_0.smt2,unsat,0.0
/hycomp/ball_count_2d_hill.05.redlog_global_13.smt2,unsat,1.5726311206817627
/hycomp/ball_count_2d_hill.01.redlog_global_13.smt2,unsat,0.0
/hycomp/ball_count_1d_plain.05.redlog_global_2.smt2,unsat,0.0
/hycomp/ball_count_2d_plain.03.seq_lazy_linear_enc_global_1.smt2,unsat,0.0
/hycomp/ball_count_2d_hill.05.seq_lazy_global_6.smt2,unsat,0.0
/hycomp/ball_count_1d_plain.03.seq_lazy_linear_enc_lemmas_global_1.smt2,unsat,0.0
/hycomp/ball_count_2d_slope.03.seq_lazy_linear_enc_lemmas_global_7.smt2,unsat,0.0
/hycomp/ball_count_2d_hill.02.seq_lazy_linear_enc_lemmas_global_2.smt2,unsat,0.0
/hycomp/ball_count_2d_plain.01.seq_lazy_linear_enc_lemmas_global_14.smt2,sat,0.8654441833496094
/hycomp/ball_count_2d_plain.05.seq_lazy_global_13.smt2,unsat,0.0
/hycomp/ball_count_1d_plain.01.redlog_global_13.smt2,unsat,0.0
/hycomp/ball_count_2d_hill_simple.02.redlog_global_6.smt2,sat,0.0779275894165039
/hycomp/ball_count_2d_plain.03.seq_lazy_linear_enc_global_4.smt2,unsat,0.0
/hycomp/ball_count_2d_plain.04.seq_lazy_linear_enc_global_1.smt2,unsat,0.0
/hycomp/ball_count_1d_plain.03.seq_lazy_lemmas_global_2.smt2,unsat,0.0
/hycomp/ball_count_2d_plain.01.seq_lazy_linear_enc_lemmas_global_13.smt2,unsat,0.0
/hycomp/ball_count_2d_hill_simple.04.qfree_global_4.smt2,unsat,0.0
/hycomp/ball_count_2d_slope.01.seq_lazy_linear_enc_lemmas_global_14.smt2,unsat,0.0
/hycomp/ball_count_2d_slope.02.seq_lazy_lemmas_global_14.smt2,failed,1200.0
/hycomp/ball_count_1d_plain.10.seq_lazy_global_9.smt2,unsat,0.0
/hycomp/ball_count_1d_plain.04.seq_lazy_linear_enc_lemmas_global_14.smt2,sat,19.1
/hycomp/ball_count_2d_hill.03.seq_lazy_linear_enc_global_14.smt2,failed,1200.0
/hycomp/ball_count_2d_plain.03.seq_lazy_linear_enc_lemmas_global_15.smt2,unsat,0.0
/hycomp/ball_count_2d_plain.04.qfree_global_9.smt2,unsat,0.0
/hycomp/ball_count_2d_slope.05.seq_lazy_lemmas_global_2.smt2,unsat,0.0
/hycomp/ball_count_2d_slope.02.seq_lazy_linear_enc_global_11.smt2,unsat,0.0
/hycomp/ball_count_2d_plain.04.seq_lazy_linear_enc_global_4.smt2,unsat,0.0
/hycomp/ball_count_2d_hill_simple.04.qfree_global_7.smt2,unsat,0.0
/hycomp/ball_count_1d_plain.04.seq_lazy_global_6.smt2,unsat,0.10823655128479004
/hycomp/ball_count_2d_hill_simple.03.qfree_global_6.smt2,sat,0.0
/hycomp/ball_count_2d_plain.05.redlog_global_5.smt2,unsat,0.0
/hycomp/ball_count_2d_plain.02.seq_lazy_lemmas_global_9.smt2,unsat,0.0
/hycomp/ball_count_2d_slope.02.seq_lazy_linear_enc_lemmas_global_1.smt2,unsat,0.0
/hycomp/ball_count_1d_plain.01.seq_lazy_global_9.smt2,unsat,0.0
/hycomp/ball_count_2d_hill.01.seq_lazy_lemmas_global_5.smt2,unsat,0.0
/hycomp/ball_count_2d_hill_simple.10.seq_lazy_linear_enc_global_15.smt2,unsat,0.0
/hycomp/ball_count_1d_plain.10.seq_lazy_global_14.smt2,unsat,15.15585446357727
/hycomp/ball_count_2d_hill_simple.04.redlog_global_4.smt2,unsat,0.0
/hycomp/ball_count_1d_plain.04.seq_lazy_linear_enc_lemmas_global_3.smt2,unsat,0.0
/hycomp/ball_count_1d_plain.04.seq_lazy_linear_enc_lemmas_global_12.smt2,unsat,15.1
/hycomp/ball_count_2d_plain.10.seq_lazy_global_9.smt2,unsat,0.0
/hycomp/ball_count_1d_plain.03.redlog_global_11.smt2,unsat,0.0
/hycomp/ball_count_2d_hill.03.seq_lazy_linear_enc_global_10.smt2,failed,1200.0
/hycomp/ball_count_1d_plain.10.seq_lazy_linear_enc_global_2.smt2,unsat,0.0
/hycomp/ball_count_2d_slope.10.seq_lazy_linear_enc_global_9.smt2,unsat,0.0
/hycomp/ball_count_2d_plain.10.qfree_global_4.smt2,unsat,0.0
/hycomp/ball_count_2d_plain.04.qfree_global_3.smt2,unsat,0.0
/hycomp/ball_count_2d_hill_simple.10.seq_lazy_lemmas_global_3.smt2,unsat,0.0
/hycomp/ball_count_2d_hill_simple.05.seq_lazy_lemmas_global_0.smt2,unsat,0.0
/hycomp/ball_count_2d_hill_simple.05.seq_lazy_linear_enc_lemmas_global_2.smt2,unsat,0.0
/hycomp/ball_count_2d_slope.02.seq_lazy_lemmas_global_8.smt2,failed,1200.0
/hycomp/ball_count_2d_hill.01.seq_lazy_linear_enc_lemmas_global_0.smt2,unsat,0.0
/hycomp/ball_count_2d_hill_simple.02.seq_lazy_linear_enc_lemmas_global_10.smt2,sat,0.2
/hycomp/ball_count_2d_plain.10.seq_lazy_global_10.smt2,unsat,15.0
/hycomp/etcs_braking_2.01.seq_lazy_linear_enc_lemmas_global_13.smt2,unsat,3.1
/hycomp/ball_count_2d_plain.04.seq_lazy_linear_enc_global_7.smt2,unsat,0.0
/hycomp/ball_count_2d_plain.02.qfree_global_12.smt2,sat,0.1
/hycomp/ball_count_2d_slope.04.seq_lazy_global_11.smt2,unsat,0.3107290267944336
/hycomp/ball_count_2d_slope.03.seq_lazy_linear_enc_lemmas_global_1.smt2,unsat,0.0
/hycomp/ball_count_2d_hill.05.seq_lazy_linear_enc_lemmas_global_4.smt2,unsat,0.0
/hycomp/ball_count_2d_slope.03.seq_lazy_lemmas_global_2.smt2,unsat,0.0
/hycomp/etcs_braking_2.01.seq_lazy_linear_enc_lemmas_global_10.smt2,unsat,0.5
/hycomp/ball_count_2d_hill.03.seq_lazy_global_4.smt2,unsat,0.0
/hycomp/ball_count_2d_hill.01.seq_lazy_lemmas_global_0.smt2,unsat,0.0
/hycomp/simple_ballistics_reach.01.seq_lazy_global_0.smt2,unsat,0.0
/hycomp/ball_count_2d_plain.02.seq_lazy_lemmas_global_2.smt2,unsat,0.0
/hycomp/ball_count_2d_hill_simple.10.seq_lazy_global_0.smt2,unsat,0.0
/hycomp/ball_count_2d_hill.10.seq_lazy_linear_enc_lemmas_global_1.smt2,unsat,0.0
/hycomp/ball_count_2d_plain.01.redlog_global_1.smt2,unsat,0.0
/hycomp/ball_count_2d_hill_simple.01.seq_lazy_linear_enc_global_10.smt2,sat,0.0
/hycomp/ball_count_1d_plain.01.seq_lazy_linear_enc_lemmas_global_2.smt2,sat,0.0
/hycomp/ball_count_2d_hill.01.redlog_global_7.smt2,unsat,0.0
/hycomp/ball_count_2d_hill.01.seq_lazy_linear_enc_lemmas_global_2.smt2,unsat,0.0
/hycomp/ball_count_2d_plain.02.redlog_global_4.smt2,unsat,0.0
/hycomp/ball_count_2d_hill_simple.03.redlog_global_14.smt2,failed,1200.0
/hycomp/ball_count_2d_hill.03.seq_lazy_lemmas_global_4.smt2,unsat,0.0
/hycomp/ball_count_2d_hill.01.redlog_global_11.smt2,unsat,0.0
/hycomp/ball_count_2d_slope.03.seq_lazy_linear_enc_global_1.smt2,unsat,0.0
/hycomp/ball_count_2d_plain.04.seq_lazy_global_15.smt2,unsat,0.0
/hycomp/ball_count_2d_hill_simple.10.seq_lazy_linear_enc_global_2.smt2,unsat,0.0
/hycomp/ball_count_2d_slope.02.seq_lazy_linear_enc_lemmas_global_15.smt2,unsat,0.0
/hycomp/ball_count_2d_hill.04.seq_lazy_lemmas_global_10.smt2,failed,1200.0
/hycomp/ball_count_1d_plain.01.seq_lazy_global_6.smt2,sat,0.0
/hycomp/ball_count_2d_hill_simple.02.seq_lazy_linear_enc_lemmas_global_13.smt2,unsat,0.0
/hycomp/etcs_braking_2.01.seq_lazy_linear_enc_lemmas_global_1.smt2,unsat,0.0
/hycomp/ball_count_2d_plain.03.redlog_global_7.smt2,unsat,0.0
/hycomp/ball_count_2d_slope.02.seq_lazy_lemmas_global_3.smt2,unsat,0.0
/hycomp/ball_count_2d_hill.03.seq_lazy_global_0.smt2,unsat,0.0
/hycomp/ball_count_2d_slope.01.seq_lazy_linear_enc_lemmas_global_3.smt2,unsat,0.0
/hycomp/ball_count_1d_plain.10.seq_lazy_linear_enc_lemmas_global_1.smt2,unsat,0.0
/hycomp/ball_count_2d_slope.01.seq_lazy_lemmas_global_10.smt2,failed,1200.0
/hycomp/etcs_braking_2.01.redlog_global_11.smt2,unsat,15.288252830505371
/hycomp/ball_count_1d_plain.10.seq_lazy_global_6.smt2,unsat,0.0
/hycomp/ball_count_2d_hill.02.seq_lazy_linear_enc_global_10.smt2,failed,1200.0
/hycomp/ball_count_2d_plain.05.redlog_global_6.smt2,unsat,0.188706636428833
/hycomp/ball_count_2d_slope.02.seq_lazy_global_6.smt2,unsat,1.0795717239379883
/hycomp/ball_count_2d_hill_simple.10.redlog_global_11.smt2,unsat,0.0
/hycomp/ball_count_2d_plain.10.seq_lazy_linear_enc_lemmas_global_4.smt2,unsat,0.0
/hycomp/ball_count_2d_plain.02.seq_lazy_linear_enc_global_12.smt2,sat,0.6223251819610596
/hycomp/ball_count_1d_plain.05.seq_lazy_lemmas_global_7.smt2,unsat,0.0
/hycomp/ball_count_2d_hill.05.seq_lazy_linear_enc_global_9.smt2,unsat,0.0
/hycomp/ball_count_2d_plain.04.qfree_global_6.smt2,unsat,0.0
/hycomp/ball_count_2d_plain.05.seq_lazy_global_2.smt2,unsat,0.0
/hycomp/ball_count_2d_hill.02.seq_lazy_linear_enc_global_14.smt2,failed,1200.0
/hycomp/ball_count_2d_hill.04.redlog_global_2.smt2,unsat,0.0
/hycomp/ball_count_2d_plain.01.qfree_global_12.smt2,sat,0.0
/hycomp/ball_count_2d_hill_simple.10.qfree_global_11.smt2,unsat,0.0
/hycomp/ball_count_2d_slope.01.seq_lazy_lemmas_global_8.smt2,failed,1200.0
/hycomp/ball_count_2d_slope.03.seq_lazy_linear_enc_lemmas_global_8.smt2,unsat,0.0
/hycomp/ball_count_1d_plain.10.qfree_global_5.smt2,unsat,0.0
/hycomp/ball_count_2d_hill_simple.01.seq_lazy_linear_enc_lemmas_global_13.smt2,unsat,0.0
/hycomp/ball_count_2d_plain.04.qfree_global_14.smt2,failed,1200.0
/hycomp/ball_count_1d_plain.10.seq_lazy_linear_enc_global_1.smt2,unsat,0.0
/hycomp/ball_count_2d_hill_simple.05.seq_lazy_global_10.smt2,unsat,0.0
/hycomp/ball_count_2d_plain.04.seq_lazy_lemmas_global_9.smt2,unsat,0.0
/hycomp/ball_count_2d_slope.05.seq_lazy_linear_enc_global_2.smt2,unsat,0.0
/hycomp/ball_count_1d_plain.03.seq_lazy_global_5.smt2,unsat,0.0
/hycomp/ball_count_2d_hill_simple.03.seq_lazy_linear_enc_global_2.smt2,unsat,0.0
/hycomp/ball_count_1d_plain.05.seq_lazy_linear_enc_global_7.smt2,unsat,0.0
/hycomp/ball_count_2d_hill.01.redlog_global_4.smt2,sat,0.0
/hycomp/ball_count_1d_plain.02.qfree_global_2.smt2,unsat,0.0
/hycomp/ball_count_2d_plain.05.redlog_global_12.smt2,unsat,15.141934156417847
/hycomp/ball_count_1d_plain.02.seq_lazy_lemmas_global_9.smt2,unsat,0.0
/hycomp/ball_count_2d_hill.04.seq_lazy_linear_enc_global_14.smt2,failed,1200.0
/hycomp/ball_count_2d_hill_simple.02.seq_lazy_global_14.smt2,sat,0.3
/hycomp/ball_count_1d_plain.03.seq_lazy_lemmas_global_0.smt2,unsat,0.0
/hycomp/ball_count_2d_plain.03.seq_lazy_global_14.smt2,sat,15.3
/hycomp/ball_count_2d_hill.01.seq_lazy_lemmas_global_15.smt2,unsat,0.0
/hycomp/ball_count_2d_hill_simple.03.seq_lazy_lemmas_global_14.smt2,sat,5.638977527618408
/hycomp/ball_count_2d_plain.03.seq_lazy_linear_enc_global_12.smt2,sat,15.1
/hycomp/ball_count_2d_slope.04.seq_lazy_lemmas_global_2.smt2,unsat,0.0
/hycomp/ball_count_2d_slope.02.seq_lazy_global_12.smt2,failed,1200.0
/hycomp/ball_count_1d_plain.01.redlog_global_2.smt2,sat,0.0
/hycomp/ball_count_2d_slope.03.seq_lazy_linear_enc_lemmas_global_2.smt2,unsat,0.0
/hycomp/ball_count_2d_plain.03.redlog_global_8.smt2,unsat,0.9075038433074951
/hycomp/ball_count_2d_slope.10.seq_lazy_global_1.smt2,unsat,0.0
/hycomp/ball_count_2d_plain.10.seq_lazy_linear_enc_global_4.smt2,unsat,0.0
/hycomp/ball_count_2d_hill_simple.02.redlog_global_9.smt2,unsat,0.0
/hycomp/ball_count_2d_hill_simple.03.redlog_global_9.smt2,unsat,0.0
/hycomp/ball_count_2d_hill_simple.02.seq_lazy_linear_enc_lemmas_global_11.smt2,unsat,0.0
/hycomp/ball_count_2d_slope.04.seq_lazy_linear_enc_global_15.smt2,unsat,2.1853532791137695
/hycomp/ball_count_1d_plain.04.seq_lazy_linear_enc_lemmas_global_15.smt2,unsat,0.04761362075805664
/hycomp/ball_count_2d_slope.02.seq_lazy_global_15.smt2,unsat,0.0
/hycomp/ball_count_1d_plain.01.seq_lazy_linear_enc_global_14.smt2,sat,0.0
/hycomp/ball_count_2d_hill_simple.05.redlog_global_2.smt2,unsat,0.0
/hycomp/ball_count_1d_plain.03.qfree_global_13.smt2,unsat,0.029680252075195312
/hycomp/ball_count_2d_plain.02.seq_lazy_linear_enc_global_13.smt2,unsat,0.0
/hycomp/ball_count_1d_plain.02.seq_lazy_global_1.smt2,unsat,0.0
/hycomp/ball_count_2d_plain.03.seq_lazy_global_10.smt2,sat,15.29813551902771
/hycomp/ball_count_2d_hill_simple.02.seq_lazy_linear_enc_lemmas_global_3.smt2,unsat,0.0
/hycomp/ball_count_2d_plain.02.redlog_global_13.smt2,unsat,0.0
/hycomp/ball_count_2d_hill_simple.04.seq_lazy_global_5.smt2,unsat,0.0
/hycomp/ball_count_1d_plain.10.seq_lazy_linear_enc_lemmas_global_5.smt2,unsat,0.0
/hycomp/ball_count_2d_hill.03.redlog_global_2.smt2,unsat,0.0
/hycomp/ball_count_2d_hill_simple.10.seq_lazy_global_9.smt2,unsat,0.0
/hycomp/ball_count_1d_plain.02.qfree_global_15.smt2,unsat,0.0
/hycomp/ball_count_2d_hill.01.seq_lazy_linear_enc_global_14.smt2,sat,0.0
/hycomp/ball_count_2d_hill_simple.03.seq_lazy_lemmas_global_12.smt2,sat,19.9
/hycomp/ball_count_2d_hill.05.seq_lazy_global_0.smt2,unsat,0.0
/hycomp/ball_count_1d_plain.01.seq_lazy_linear_enc_lemmas_global_10.smt2,sat,0.0
/hycomp/ball_count_1d_plain.01.qfree_global_6.smt2,sat,0.0
/hycomp/ball_count_1d_plain.10.qfree_global_1.smt2,unsat,0.0
/hycomp/ball_count_2d_hill.03.seq_lazy_linear_enc_lemmas_global_13.smt2,unsat,0.08636713027954102
/hycomp/ball_count_1d_plain.05.qfree_global_0.smt2,unsat,0.0
/hycomp/ball_count_2d_plain.10.seq_lazy_linear_enc_global_1.smt2,unsat,0.0
/hycomp/ball_count_2d_slope.10.seq_lazy_linear_enc_global_13.smt2,unsat,0.0
/hycomp/ball_count_2d_plain.04.qfree_global_7.smt2,unsat,0.0
/hycomp/ball_count_2d_slope.10.seq_lazy_linear_enc_global_1.smt2,unsat,0.0
/hycomp/ball_count_1d_plain.04.seq_lazy_linear_enc_global_10.smt2,unsat,0.5815179347991943
/hycomp/ball_count_2d_hill.03.seq_lazy_global_12.smt2,failed,1200.0
/hycomp/ball_count_2d_plain.10.redlog_global_1.smt2,unsat,0.0
/hycomp/ball_count_1d_plain.03.seq_lazy_linear_enc_lemmas_global_6.smt2,unsat,5.1
/hycomp/ball_count_2d_hill_simple.04.redlog_global_6.smt2,unsat,0.0
/hycomp/ball_count_2d_plain.02.seq_lazy_global_10.smt2,sat,0.16907358169555664
/hycomp/ball_count_2d_hill_simple.05.seq_lazy_global_13.smt2,unsat,0.0
/hycomp/ball_count_2d_plain.05.seq_lazy_lemmas_global_0.smt2,unsat,0.0
/hycomp/ball_count_2d_hill_simple.02.qfree_global_9.smt2,unsat,0.0
/hycomp/ball_count_2d_slope.01.seq_lazy_linear_enc_lemmas_global_9.smt2,unsat,0.0
/hycomp/ball_count_2d_hill_simple.01.redlog_global_12.smt2,failed,1200.0
/hycomp/ball_count_2d_slope.04.seq_lazy_lemmas_global_13.smt2,unsat,1.036797285079956
/hycomp/simple_ballistics_reach.01.seq_lazy_lemmas_global_11.smt2,failed,1200.0
/hycomp/ball_count_1d_plain.05.seq_lazy_linear_enc_lemmas_global_13.smt2,unsat,0.04212236404418945
/hycomp/ball_count_2d_hill.05.seq_lazy_global_15.smt2,unsat,0.1
/hycomp/ball_count_2d_hill_simple.03.redlog_global_1.smt2,unsat,0.0
/hycomp/ball_count_2d_slope.04.seq_lazy_linear_enc_global_4.smt2,unsat,0.0
/hycomp/ball_count_2d_slope.10.seq_lazy_global_13.smt2,unsat,0.0
/hycomp/ball_count_2d_hill.05.seq_lazy_linear_enc_lemmas_global_5.smt2,unsat,0.0
/hycomp/ball_count_1d_plain.03.seq_lazy_linear_enc_lemmas_global_2.smt2,unsat,0.0
/hycomp/ball_count_2d_hill_simple.02.redlog_global_4.smt2,sat,0.0
/hycomp/ball_count_2d_plain.10.seq_lazy_linear_enc_lemmas_global_1.smt2,unsat,0.0
/hycomp/ball_count_2d_hill_simple.10.seq_lazy_linear_enc_global_8.smt2,unsat,0.0
/hycomp/ball_count_2d_hill.10.seq_lazy_global_4.smt2,unsat,0.0
/hycomp/ball_count_2d_plain.10.seq_lazy_lemmas_global_8.smt2,unsat,14.9
/hycomp/ball_count_2d_slope.10.seq_lazy_linear_enc_lemmas_global_15.smt2,unsat,0.0
/hycomp/ball_count_2d_plain.03.seq_lazy_lemmas_global_7.smt2,unsat,0.0
/hycomp/ball_count_1d_plain.02.seq_lazy_linear_enc_lemmas_global_7.smt2,unsat,0.0
/hycomp/ball_count_1d_plain.02.redlog_global_0.smt2,unsat,0.0
/hycomp/ball_count_2d_hill_simple.03.seq_lazy_linear_enc_global_11.smt2,unsat,0.0
/hycomp/etcs_braking_2.01.seq_lazy_linear_enc_global_8.smt2,unsat,0.1
/hycomp/ball_count_1d_plain.04.seq_lazy_linear_enc_lemmas_global_13.smt2,unsat,0.041982412338256836
/hycomp/ball_count_2d_plain.04.seq_lazy_global_6.smt2,unsat,0.0
/hycomp/ball_count_1d_plain.10.seq_lazy_lemmas_global_8.smt2,unsat,14.7
/hycomp/ball_count_1d_plain.01.redlog_global_8.smt2,sat,0.0
/hycomp/ball_count_1d_plain.10.seq_lazy_lemmas_global_9.smt2,unsat,0.0
/hycomp/etcs_braking_2.01.seq_lazy_linear_enc_lemmas_global_6.smt2,unsat,0.1
/hycomp/ball_count_2d_hill_simple.05.seq_lazy_linear_enc_global_7.smt2,unsat,0.0
/hycomp/ball_count_2d_plain.05.qfree_global_0.smt2,unsat,0.0
/hycomp/ball_count_1d_plain.10.redlog_global_9.smt2,unsat,0.0
/hycomp/ball_count_2d_hill.05.redlog_global_8.smt2,unsat,0.3
/hycomp/ball_count_1d_plain.02.seq_lazy_lemmas_global_5.smt2,unsat,0.0
/hycomp/ball_count_1d_plain.04.seq_lazy_linear_enc_lemmas_global_2.smt2,unsat,0.0
/hycomp/ball_count_2d_plain.02.seq_lazy_lemmas_global_6.smt2,sat,0.742382287979126
/hycomp/ball_count_1d_plain.03.seq_lazy_global_12.smt2,sat,0.4233522415161133
/hycomp/ball_count_2d_plain.03.seq_lazy_global_11.smt2,unsat,0.0
/hycomp/ball_count_2d_slope.10.seq_lazy_global_14.smt2,unsat,5.2
/hycomp/ball_count_1d_plain.04.seq_lazy_linear_enc_lemmas_global_5.smt2,unsat,0.0
/hycomp/simple_ballistics_reach.01.seq_lazy_linear_enc_global_13.smt2,failed,1200.0
/hycomp/ball_count_1d_plain.02.seq_lazy_lemmas_global_11.smt2,unsat,0.0
/hycomp/ball_count_2d_hill_simple.05.seq_lazy_global_0.smt2,unsat,0.0
/hycomp/ball_count_2d_hill_simple.10.seq_lazy_linear_enc_lemmas_global_3.smt2,unsat,0.0
/hycomp/ball_count_1d_plain.03.seq_lazy_linear_enc_global_6.smt2,unsat,0.07626652717590332
/hycomp/ball_count_2d_hill_simple.10.seq_lazy_linear_enc_lemmas_global_7.smt2,unsat,0.0
/hycomp/ball_count_2d_slope.10.seq_lazy_lemmas_global_13.smt2,unsat,0.0
/hycomp/ball_count_2d_slope.04.seq_lazy_linear_enc_lemmas_global_11.smt2,unsat,0.0
/hycomp/ball_count_2d_hill_simple.02.seq_lazy_lemmas_global_3.smt2,unsat,0.0
/hycomp/ball_count_2d_plain.10.redlog_global_11.smt2,unsat,0.0
/hycomp/ball_count_2d_hill_simple.05.seq_lazy_linear_enc_global_9.smt2,unsat,0.0
/hycomp/simple_ballistics_reach.01.seq_lazy_linear_enc_global_8.smt2,unsat,0.0
/hycomp/ball_count_2d_hill_simple.10.seq_lazy_linear_enc_global_11.smt2,unsat,0.0
/hycomp/ball_count_1d_plain.05.seq_lazy_lemmas_global_14.smt2,unsat,15.0
/hycomp/ball_count_2d_hill.01.seq_lazy_global_4.smt2,sat,0.0
/hycomp/ball_count_2d_plain.02.seq_lazy_linear_enc_lemmas_global_9.smt2,unsat,0.0
/hycomp/etcs_braking_2.01.redlog_global_12.smt2,unsat,15.1
/hycomp/ball_count_1d_plain.01.seq_lazy_lemmas_global_10.smt2,sat,0.0
/hycomp/ball_count_1d_plain.01.seq_lazy_linear_enc_global_5.smt2,unsat,0.0
/hycomp/ball_count_1d_plain.10.seq_lazy_linear_enc_lemmas_global_8.smt2,unsat,5.8
/hycomp/ball_count_2d_plain.10.seq_lazy_linear_enc_lemmas_global_13.smt2,unsat,0.0
/hycomp/ball_count_2d_hill_simple.05.seq_lazy_global_8.smt2,unsat,0.0
/hycomp/ball_count_2d_plain.10.seq_lazy_lemmas_global_13.smt2,unsat,0.0
/hycomp/ball_count_2d_slope.10.seq_lazy_global_8.smt2,unsat,0.2
/hycomp/ball_count_2d_plain.10.seq_lazy_lemmas_global_15.smt2,unsat,0.0
/hycomp/ball_count_2d_slope.10.seq_lazy_linear_enc_global_11.smt2,unsat,0.0
/hycomp/ball_count_2d_slope.03.seq_lazy_lemmas_global_6.smt2,unsat,0.0
/hycomp/ball_count_2d_hill_simple.05.seq_lazy_linear_enc_global_3.smt2,unsat,0.0
/hycomp/ball_count_2d_slope.04.seq_lazy_linear_enc_global_8.smt2,unsat,15.586090326309204
/hycomp/ball_count_2d_hill_simple.02.seq_lazy_lemmas_global_13.smt2,unsat,0.0
/hycomp/ball_count_2d_plain.01.seq_lazy_linear_enc_lemmas_global_6.smt2,sat,0.0
/hycomp/ball_count_1d_plain.04.seq_lazy_linear_enc_global_7.smt2,unsat,0.0
/hycomp/etcs_braking_2.01.redlog_global_8.smt2,unsat,15.0881187915802
/hycomp/ball_count_1d_plain.02.seq_lazy_lemmas_global_12.smt2,sat,0.45035862922668457
/hycomp/ball_count_2d_hill_simple.05.qfree_global_12.smt2,sat,0.0
/hycomp/ball_count_2d_plain.04.qfree_global_5.smt2,unsat,0.0
/hycomp/etcs_braking_2.01.seq_lazy_global_3.smt2,unsat,0.0
/hycomp/ball_count_1d_plain.02.redlog_global_4.smt2,sat,0.0
/hycomp/ball_count_2d_hill.03.seq_lazy_global_7.smt2,unsat,0.0
/hycomp/simple_ballistics_reach.01.seq_lazy_lemmas_global_12.smt2,unsat,0.0
/hycomp/ball_count_2d_hill.03.seq_lazy_lemmas_global_5.smt2,unsat,0.0
/hycomp/ball_count_2d_plain.01.seq_lazy_global_15.smt2,unsat,0.0
/hycomp/ball_count_1d_plain.05.seq_lazy_linear_enc_global_15.smt2,unsat,0.05017733573913574
/hycomp/ball_count_2d_slope.02.seq_lazy_linear_enc_global_10.smt2,failed,1200.0
/hycomp/simple_ballistics_reach.01.seq_lazy_lemmas_global_6.smt2,unsat,0.0
/hycomp/ball_count_1d_plain.02.redlog_global_9.smt2,unsat,0.0
/hycomp/ball_count_2d_hill.10.seq_lazy_linear_enc_global_8.smt2,unsat,0.0
/hycomp/ball_count_2d_slope.10.seq_lazy_linear_enc_global_15.smt2,unsat,0.0
/hycomp/ball_count_2d_slope.05.seq_lazy_linear_enc_lemmas_global_9.smt2,unsat,0.0
/hycomp/ball_count_2d_hill.01.seq_lazy_linear_enc_lemmas_global_1.smt2,unsat,0.0
/hycomp/etcs_braking_2.01.seq_lazy_lemmas_global_1.smt2,unsat,0.0
/hycomp/ball_count_2d_slope.05.seq_lazy_global_4.smt2,unsat,0.0
/hycomp/ball_count_1d_plain.03.seq_lazy_lemmas_global_12.smt2,sat,0.6
/hycomp/ball_count_2d_plain.05.seq_lazy_linear_enc_global_1.smt2,unsat,0.0
/hycomp/ball_count_1d_plain.04.seq_lazy_lemmas_global_13.smt2,unsat,0.04833197593688965
/hycomp/ball_count_2d_plain.04.seq_lazy_linear_enc_global_9.smt2,unsat,0.0
/hycomp/ball_count_2d_hill_simple.04.redlog_global_15.smt2,unsat,0.0
/hycomp/ball_count_2d_plain.01.seq_lazy_linear_enc_global_9.smt2,unsat,0.0
/hycomp/ball_count_1d_plain.02.seq_lazy_linear_enc_lemmas_global_9.smt2,unsat,0.0
/hycomp/ball_count_2d_hill_simple.05.redlog_global_15.smt2,unsat,0.0
/hycomp/ball_count_2d_plain.01.seq_lazy_linear_enc_lemmas_global_2.smt2,sat,0.0
/hycomp/ball_count_2d_hill.10.redlog_global_7.smt2,unsat,0.0
/hycomp/ball_count_1d_plain.01.qfree_global_11.smt2,unsat,0.0
/hycomp/ball_count_2d_hill_simple.05.redlog_global_7.smt2,unsat,0.0
/hycomp/ball_count_1d_plain.02.seq_lazy_linear_enc_lemmas_global_0.smt2,unsat,0.0
/hycomp/ball_count_2d_hill.02.seq_lazy_linear_enc_global_15.smt2,unsat,0.0
/hycomp/ball_count_1d_plain.04.seq_lazy_global_10.smt2,unsat,0.4360065460205078
/hycomp/ball_count_2d_plain.03.seq_lazy_global_2.smt2,unsat,0.0
/hycomp/ball_count_2d_hill.05.seq_lazy_lemmas_global_8.smt2,unsat,0.0
/hycomp/ball_count_2d_hill_simple.01.redlog_global_7.smt2,unsat,0.0
/hycomp/ball_count_2d_plain.03.seq_lazy_global_15.smt2,unsat,0.0
/hycomp/ball_count_1d_plain.10.seq_lazy_linear_enc_global_6.smt2,unsat,0.0
/hycomp/ball_count_2d_hill.05.seq_lazy_lemmas_global_14.smt2,failed,1200.0
/hycomp/ball_count_2d_hill.01.seq_lazy_linear_enc_global_15.smt2,unsat,0.0
/hycomp/ball_count_2d_hill.04.seq_lazy_global_7.smt2,unsat,0.0
/hycomp/ball_count_2d_hill.01.seq_lazy_linear_enc_lemmas_global_13.smt2,unsat,0.0
/hycomp/ball_count_2d_hill.03.seq_lazy_linear_enc_lemmas_global_0.smt2,unsat,0.0
/hycomp/etcs_braking_2.01.seq_lazy_linear_enc_global_6.smt2,unsat,0.0
/hycomp/ball_count_2d_plain.04.qfree_global_1.smt2,unsat,0.0
/hycomp/ball_count_2d_hill_simple.04.seq_lazy_linear_enc_global_13.smt2,unsat,0.0
/hycomp/ball_count_2d_plain.01.redlog_global_3.smt2,unsat,0.0
/hycomp/ball_count_2d_hill_simple.02.seq_lazy_global_7.smt2,unsat,0.0
/hycomp/ball_count_2d_plain.05.redlog_global_9.smt2,unsat,0.0
/hycomp/ball_count_2d_hill_simple.10.redlog_global_1.smt2,unsat,0.0
/hycomp/ball_count_2d_hill_simple.03.qfree_global_10.smt2,sat,0.0
/hycomp/ball_count_2d_hill_simple.04.seq_lazy_lemmas_global_6.smt2,unsat,0.0
/hycomp/ball_count_2d_hill.02.seq_lazy_linear_enc_global_0.smt2,unsat,0.0
/hycomp/simple_ballistics_reach.01.seq_lazy_linear_enc_lemmas_global_15.smt2,failed,1200.0
/hycomp/ball_count_2d_hill.03.seq_lazy_linear_enc_lemmas_global_15.smt2,unsat,0.12486696243286133
/hycomp/simple_ballistics_reach.01.seq_lazy_global_9.smt2,failed,1200.0
/hycomp/ball_count_2d_plain.04.seq_lazy_linear_enc_lemmas_global_10.smt2,unsat,15.0
/hycomp/ball_count_2d_slope.10.seq_lazy_lemmas_global_15.smt2,unsat,0.0
/hycomp/ball_count_2d_hill.03.seq_lazy_linear_enc_global_4.smt2,unsat,0.0
/hycomp/ball_count_1d_plain.10.qfree_global_6.smt2,unsat,0.05925345420837402
/hycomp/simple_ballistics_reach.01.seq_lazy_linear_enc_global_11.smt2,sat,1.6347055435180664
/hycomp/ball_count_2d_hill_simple.10.seq_lazy_lemmas_global_2.smt2,unsat,0.0
/hycomp/ball_count_1d_plain.05.seq_lazy_linear_enc_global_5.smt2,unsat,0.0
/hycomp/ball_count_1d_plain.10.qfree_global_0.smt2,unsat,0.0
/hycomp/simple_ballistics_reach.01.seq_lazy_global_1.smt2,unsat,0.1
/hycomp/ball_count_2d_slope.03.seq_lazy_linear_enc_lemmas_global_13.smt2,unsat,0.0
/hycomp/ball_count_1d_plain.04.seq_lazy_linear_enc_global_14.smt2,sat,15.3
/hycomp/ball_count_1d_plain.02.seq_lazy_linear_enc_global_12.smt2,sat,0.19705843925476074
/hycomp/ball_count_2d_hill.02.seq_lazy_global_4.smt2,unsat,0.0
/hycomp/ball_count_1d_plain.04.redlog_global_7.smt2,unsat,0.0
/hycomp/ball_count_2d_plain.01.seq_lazy_linear_enc_global_4.smt2,sat,0.0
/hycomp/ball_count_2d_hill.01.seq_lazy_linear_enc_lemmas_global_11.smt2,unsat,0.0
/hycomp/ball_count_2d_hill_simple.01.seq_lazy_global_5.smt2,unsat,0.0
/hycomp/ball_count_1d_plain.04.seq_lazy_lemmas_global_8.smt2,unsat,7.2
/hycomp/ball_count_1d_plain.10.seq_lazy_linear_enc_lemmas_global_11.smt2,unsat,0.0
/hycomp/ball_count_2d_hill_simple.02.redlog_global_13.smt2,unsat,0.0
/hycomp/ball_count_2d_hill_simple.04.seq_lazy_linear_enc_lemmas_global_6.smt2,unsat,0.0
/hycomp/ball_count_2d_slope.03.seq_lazy_lemmas_global_15.smt2,unsat,1.8143563270568848
/hycomp/ball_count_2d_hill.03.seq_lazy_linear_enc_global_12.smt2,failed,1200.0
/hycomp/ball_count_2d_hill_simple.02.seq_lazy_lemmas_global_9.smt2,unsat,0.0
/hycomp/ball_count_2d_plain.03.seq_lazy_linear_enc_lemmas_global_0.smt2,unsat,0.0
/hycomp/ball_count_1d_plain.02.seq_lazy_global_12.smt2,sat,0.16346430778503418
/hycomp/ball_count_2d_slope.04.seq_lazy_linear_enc_lemmas_global_3.smt2,unsat,0.0
/hycomp/ball_count_2d_plain.05.seq_lazy_global_4.smt2,unsat,0.0
/hycomp/ball_count_2d_slope.10.seq_lazy_lemmas_global_9.smt2,unsat,0.0
/hycomp/ball_count_1d_plain.05.redlog_global_9.smt2,unsat,0.0
/hycomp/ball_count_2d_slope.10.seq_lazy_linear_enc_lemmas_global_14.smt2,unsat,0.0
/hycomp/ball_count_2d_slope.03.seq_lazy_lemmas_global_13.smt2,unsat,0.8723127841949463
/hycomp/ball_count_2d_plain.01.seq_lazy_global_7.smt2,unsat,0.0
/hycomp/ball_count_2d_hill_simple.10.qfree_global_7.smt2,unsat,0.0
/hycomp/ball_count_2d_hill.03.seq_lazy_linear_enc_global_5.smt2,unsat,0.0
/hycomp/ball_count_2d_plain.04.qfree_global_4.smt2,unsat,0.0
/hycomp/ball_count_2d_hill.05.seq_lazy_linear_enc_lemmas_global_7.smt2,unsat,0.0
/hycomp/etcs_braking_2.01.seq_lazy_linear_enc_global_4.smt2,unsat,0.0
/hycomp/ball_count_1d_plain.10.redlog_global_8.smt2,unsat,5.0
/hycomp/ball_count_2d_hill_simple.01.seq_lazy_linear_enc_lemmas_global_6.smt2,sat,0.0
/hycomp/ball_count_1d_plain.05.seq_lazy_lemmas_global_10.smt2,unsat,15.0
/hycomp/ball_count_2d_hill_simple.02.redlog_global_2.smt2,unsat,0.0
/hycomp/simple_ballistics_reach.01.seq_lazy_lemmas_global_4.smt2,unsat,0.0
/hycomp/ball_count_1d_plain.04.seq_lazy_lemmas_global_12.smt2,unsat,15.1
/hycomp/ball_count_2d_plain.04.seq_lazy_lemmas_global_12.smt2,unsat,15.568817377090454
/hycomp/simple_ballistics_reach.01.seq_lazy_lemmas_global_0.smt2,unsat,0.0
/hycomp/ball_count_1d_plain.10.seq_lazy_linear_enc_global_13.smt2,unsat,0.0
/hycomp/ball_count_1d_plain.10.qfree_global_12.smt2,unsat,15.0
/hycomp/ball_count_1d_plain.03.seq_lazy_lemmas_global_3.smt2,unsat,0.0
/hycomp/ball_count_1d_plain.02.redlog_global_12.smt2,sat,0.9361190795898438
/hycomp/ball_count_2d_plain.02.seq_lazy_linear_enc_lemmas_global_14.smt2,sat,0.3
/hycomp/ball_count_2d_hill.02.seq_lazy_global_3.smt2,unsat,0.0
/hycomp/simple_ballistics_reach.01.seq_lazy_lemmas_global_15.smt2,failed,1200.0
/hycomp/ball_count_2d_hill.01.seq_lazy_lemmas_global_14.smt2,sat,0.0
/hycomp/ball_count_2d_hill.05.seq_lazy_global_3.smt2,unsat,0.0
/hycomp/ball_count_2d_plain.02.redlog_global_2.smt2,unsat,0.0
/hycomp/ball_count_2d_slope.01.seq_lazy_linear_enc_global_1.smt2,unsat,0.0
/hycomp/ball_count_2d_slope.02.seq_lazy_linear_enc_global_2.smt2,unsat,0.0
/hycomp/ball_count_2d_hill.10.redlog_global_14.smt2,unsat,5.1
/hycomp/etcs_braking_2.01.seq_lazy_global_5.smt2,unsat,0.0
/hycomp/ball_count_1d_plain.01.seq_lazy_linear_enc_global_2.smt2,sat,0.0
/hycomp/ball_count_2d_plain.04.qfree_global_15.smt2,unsat,0.0
/hycomp/ball_count_2d_plain.03.seq_lazy_linear_enc_global_8.smt2,unsat,0.42730212211608887
/hycomp/ball_count_2d_hill_simple.02.seq_lazy_linear_enc_lemmas_global_9.smt2,unsat,0.0
/hycomp/ball_count_2d_hill.02.seq_lazy_global_2.smt2,unsat,0.0
/hycomp/ball_count_1d_plain.01.qfree_global_9.smt2,unsat,0.0
/hycomp/ball_count_2d_hill.03.seq_lazy_linear_enc_lemmas_global_12.smt2,failed,1200.0
/hycomp/ball_count_2d_plain.03.seq_lazy_global_1.smt2,unsat,0.0
/hycomp/ball_count_2d_plain.04.seq_lazy_linear_enc_global_5.smt2,unsat,0.0
/hycomp/ball_count_2d_hill.01.redlog_global_5.smt2,unsat,0.0
/hycomp/ball_count_2d_hill_simple.10.redlog_global_0.smt2,unsat,0.0
/hycomp/ball_count_1d_plain.03.seq_lazy_lemmas_global_15.smt2,unsat,0.05334019660949707
/hycomp/ball_count_2d_slope.01.seq_lazy_global_11.smt2,unsat,0.0
/hycomp/ball_count_2d_hill.05.seq_lazy_global_11.smt2,unsat,0.0
/hycomp/ball_count_2d_slope.04.seq_lazy_linear_enc_global_1.smt2,unsat,0.0
/hycomp/ball_count_2d_plain.01.seq_lazy_linear_enc_global_13.smt2,unsat,0.0
/hycomp/ball_count_1d_plain.03.seq_lazy_global_4.smt2,unsat,0.0
/hycomp/ball_count_1d_plain.04.redlog_global_2.smt2,unsat,0.0
/hycomp/ball_count_1d_plain.03.seq_lazy_global_1.smt2,unsat,0.0
/hycomp/ball_count_2d_slope.05.seq_lazy_linear_enc_global_12.smt2,failed,1200.0
/hycomp/ball_count_2d_hill_simple.10.seq_lazy_lemmas_global_13.smt2,unsat,0.0
/hycomp/ball_count_2d_slope.02.seq_lazy_lemmas_global_12.smt2,failed,1200.0
/hycomp/ball_count_2d_slope.02.seq_lazy_linear_enc_global_13.smt2,unsat,0.0
/hycomp/ball_count_2d_slope.05.seq_lazy_lemmas_global_4.smt2,unsat,0.0
/hycomp/ball_count_2d_hill_simple.04.seq_lazy_linear_enc_lemmas_global_9.smt2,unsat,0.0
/hycomp/ball_count_2d_hill.10.redlog_global_0.smt2,unsat,0.0
/hycomp/ball_count_2d_plain.03.seq_lazy_linear_enc_global_15.smt2,unsat,0.0
/hycomp/ball_count_2d_hill_simple.10.seq_lazy_linear_enc_lemmas_global_9.smt2,unsat,0.0
/hycomp/ball_count_2d_slope.04.seq_lazy_linear_enc_global_6.smt2,unsat,0.0
/hycomp/ball_count_1d_plain.05.qfree_global_12.smt2,sat,15.1
/hycomp/ball_count_2d_plain.01.seq_lazy_linear_enc_lemmas_global_5.smt2,unsat,0.0
/hycomp/ball_count_2d_hill_simple.03.seq_lazy_linear_enc_lemmas_global_11.smt2,unsat,0.0
/hycomp/ball_count_2d_plain.01.qfree_global_13.smt2,unsat,0.0
/hycomp/ball_count_2d_slope.02.seq_lazy_linear_enc_global_5.smt2,unsat,0.0
/hycomp/ball_count_2d_hill.02.seq_lazy_linear_enc_lemmas_global_15.smt2,unsat,0.0
/hycomp/ball_count_2d_plain.10.seq_lazy_linear_enc_global_9.smt2,unsat,0.0
/hycomp/ball_count_2d_hill_simple.03.seq_lazy_global_11.smt2,unsat,0.0
/hycomp/ball_count_2d_plain.01.redlog_global_12.smt2,sat,0.0
/hycomp/ball_count_2d_slope.01.seq_lazy_global_10.smt2,failed,1200.0
/hycomp/ball_count_2d_hill_simple.02.qfree_global_15.smt2,unsat,0.0
/hycomp/ball_count_2d_slope.05.seq_lazy_lemmas_global_14.smt2,failed,1200.0
/hycomp/ball_count_2d_hill_simple.10.seq_lazy_lemmas_global_10.smt2,unsat,0.0
/hycomp/ball_count_2d_hill.02.seq_lazy_global_6.smt2,unsat,0.06606650352478027
/hycomp/ball_count_2d_hill.10.seq_lazy_global_5.smt2,unsat,0.0
/hycomp/ball_count_2d_hill_simple.02.seq_lazy_linear_enc_global_15.smt2,unsat,0.0
/hycomp/ball_count_2d_plain.02.redlog_global_6.smt2,sat,0.18956923484802246
/hycomp/ball_count_2d_hill.04.seq_lazy_lemmas_global_11.smt2,unsat,0.058614253997802734
/hycomp/ball_count_2d_plain.05.seq_lazy_linear_enc_global_15.smt2,unsat,0.0
/hycomp/ball_count_2d_plain.05.qfree_global_3.smt2,unsat,0.0
/hycomp/ball_count_2d_plain.04.seq_lazy_global_12.smt2,unsat,15.176295757293701
/hycomp/ball_count_2d_plain.02.qfree_global_11.smt2,unsat,0.0
/hycomp/ball_count_2d_slope.01.seq_lazy_global_8.smt2,failed,1200.0
/hycomp/ball_count_2d_slope.05.seq_lazy_linear_enc_global_0.smt2,unsat,0.0
/hycomp/ball_count_2d_plain.03.seq_lazy_linear_enc_lemmas_global_1.smt2,unsat,0.0
/hycomp/ball_count_1d_plain.02.qfree_global_11.smt2,unsat,0.0
/hycomp/ball_count_2d_slope.04.seq_lazy_lemmas_global_15.smt2,unsat,1.2620940208435059
/hycomp/ball_count_2d_hill_simple.02.seq_lazy_linear_enc_lemmas_global_15.smt2,unsat,0.0
/hycomp/ball_count_2d_hill.05.seq_lazy_global_12.smt2,failed,1200.0
/hycomp/ball_count_2d_hill_simple.10.seq_lazy_global_10.smt2,unsat,0.0
/hycomp/ball_count_1d_plain.02.redlog_global_2.smt2,unsat,0.0
/hycomp/ball_count_2d_hill_simple.04.redlog_global_0.smt2,unsat,0.0
/hycomp/ball_count_1d_plain.10.qfree_global_3.smt2,unsat,0.0
/hycomp/ball_count_2d_hill.10.seq_lazy_linear_enc_lemmas_global_0.smt2,unsat,0.0
/hycomp/ball_count_1d_plain.03.qfree_global_7.smt2,unsat,0.0
/hycomp/ball_count_2d_hill_simple.03.redlog_global_8.smt2,sat,5.0
/hycomp/ball_count_2d_plain.02.seq_lazy_lemmas_global_0.smt2,unsat,0.0
/hycomp/ball_count_2d_hill.02.seq_lazy_global_1.smt2,unsat,0.0
/hycomp/ball_count_1d_plain.05.redlog_global_13.smt2,unsat,0.06975173950195312
/hycomp/ball_count_1d_plain.04.seq_lazy_lemmas_global_14.smt2,sat,15.7
/hycomp/ball_count_2d_hill_simple.02.seq_lazy_linear_enc_lemmas_global_0.smt2,unsat,0.0
/hycomp/ball_count_2d_plain.10.seq_lazy_global_7.smt2,unsat,0.0
/hycomp/ball_count_1d_plain.02.qfree_global_4.smt2,sat,0.0
/hycomp/ball_count_2d_slope.10.seq_lazy_global_15.smt2,unsat,0.0
/hycomp/ball_count_1d_plain.04.seq_lazy_lemmas_global_4.smt2,unsat,0.0
/hycomp/ball_count_2d_plain.01.qfree_global_6.smt2,sat,0.0
/hycomp/ball_count_1d_plain.05.seq_lazy_linear_enc_global_14.smt2,unsat,15.2
/hycomp/ball_count_1d_plain.05.redlog_global_0.smt2,unsat,0.0
/hycomp/ball_count_2d_hill.02.seq_lazy_global_8.smt2,failed,1200.0
/hycomp/ball_count_2d_hill_simple.01.seq_lazy_lemmas_global_10.smt2,sat,32.598488569259644
/hycomp/ball_count_2d_hill_simple.04.seq_lazy_linear_enc_global_6.smt2,unsat,0.0
/hycomp/ball_count_2d_hill_simple.04.redlog_global_7.smt2,unsat,0.0
/hycomp/ball_count_2d_hill_simple.01.redlog_global_6.smt2,sat,0.13214397430419922
/hycomp/ball_count_2d_hill_simple.05.redlog_global_6.smt2,unsat,0.0
/hycomp/ball_count_2d_hill_simple.04.redlog_global_8.smt2,sat,6.8
/hycomp/ball_count_2d_slope.01.seq_lazy_linear_enc_global_6.smt2,unsat,0.0
/hycomp/ball_count_2d_slope.10.seq_lazy_global_10.smt2,unsat,0.6
/hycomp/ball_count_2d_slope.05.seq_lazy_global_0.smt2,unsat,0.0
/hycomp/ball_count_2d_plain.01.seq_lazy_linear_enc_lemmas_global_9.smt2,unsat,0.0
/hycomp/ball_count_1d_plain.01.seq_lazy_lemmas_global_15.smt2,unsat,0.0
/hycomp/ball_count_2d_slope.04.seq_lazy_lemmas_global_12.smt2,failed,1200.0
/hycomp/simple_ballistics_reach.01.seq_lazy_linear_enc_lemmas_global_11.smt2,failed,1200.0
/hycomp/ball_count_2d_hill.03.seq_lazy_linear_enc_lemmas_global_14.smt2,failed,1200.0
/hycomp/ball_count_1d_plain.02.seq_lazy_lemmas_global_1.smt2,unsat,0.0
/hycomp/ball_count_2d_hill.04.seq_lazy_linear_enc_global_15.smt2,unsat,0.1
/hycomp/ball_count_2d_plain.02.qfree_global_9.smt2,unsat,0.0
/hycomp/ball_count_2d_hill_simple.10.seq_lazy_global_14.smt2,unsat,0.0
/hycomp/ball_count_2d_hill_simple.02.redlog_global_10.smt2,sat,0.47286128997802734
/hycomp/ball_count_2d_hill.04.seq_lazy_linear_enc_lemmas_global_7.smt2,unsat,0.0
/hycomp/ball_count_1d_plain.03.qfree_global_6.smt2,sat,0.06357169151306152
/hycomp/ball_count_2d_slope.04.seq_lazy_global_13.smt2,unsat,0.5952150821685791
/hycomp/ball_count_1d_plain.05.seq_lazy_linear_enc_global_0.smt2,unsat,0.0
/hycomp/etcs_braking_2.01.seq_lazy_global_0.smt2,unsat,0.0
/hycomp/ball_count_2d_hill_simple.05.qfree_global_5.smt2,unsat,0.0
/hycomp/etcs_braking_2.01.qfree_global_13.smt2,unsat,1.9
/hycomp/ball_count_2d_slope.01.seq_lazy_lemmas_global_9.smt2,unsat,0.0
/hycomp/ball_count_2d_hill.05.seq_lazy_lemmas_global_4.smt2,unsat,0.0
/hycomp/ball_count_2d_hill_simple.10.seq_lazy_lemmas_global_1.smt2,unsat,0.0
/hycomp/ball_count_2d_hill_simple.01.redlog_global_0.smt2,unsat,0.0
/hycomp/ball_count_1d_plain.03.seq_lazy_lemmas_global_13.smt2,unsat,0.04146242141723633
/hycomp/ball_count_2d_slope.02.seq_lazy_linear_enc_lemmas_global_0.smt2,unsat,0.0
/hycomp/ball_count_2d_slope.10.seq_lazy_global_7.smt2,unsat,0.0
/hycomp/ball_count_2d_slope.03.seq_lazy_linear_enc_lemmas_global_15.smt2,unsat,0.0
/hycomp/ball_count_1d_plain.03.seq_lazy_linear_enc_global_10.smt2,sat,0.15627622604370117
/hycomp/ball_count_2d_hill_simple.02.seq_lazy_linear_enc_lemmas_global_6.smt2,sat,0.0
/hycomp/ball_count_2d_hill_simple.03.redlog_global_15.smt2,unsat,0.0
/hycomp/ball_count_2d_slope.05.seq_lazy_lemmas_global_15.smt2,unsat,1.2869420051574707
/hycomp/ball_count_1d_plain.03.seq_lazy_lemmas_global_6.smt2,unsat,5.146974563598633
/hycomp/ball_count_1d_plain.01.seq_lazy_lemmas_global_3.smt2,unsat,0.0
/hycomp/ball_count_2d_hill_simple.01.seq_lazy_linear_enc_global_8.smt2,sat,0.0
/hycomp/ball_count_2d_hill_simple.03.seq_lazy_linear_enc_lemmas_global_4.smt2,unsat,0.0
/hycomp/ball_count_2d_slope.03.seq_lazy_global_9.smt2,unsat,0.26451826095581055
/hycomp/ball_count_2d_hill.04.seq_lazy_lemmas_global_3.smt2,unsat,0.0
/hycomp/ball_count_1d_plain.02.redlog_global_3.smt2,unsat,0.0
/hycomp/ball_count_1d_plain.03.redlog_global_3.smt2,unsat,0.0
/hycomp/simple_ballistics_reach.01.seq_lazy_lemmas_global_5.smt2,failed,1200.0
/hycomp/ball_count_2d_hill.01.seq_lazy_global_5.smt2,unsat,0.0
/hycomp/ball_count_1d_plain.05.seq_lazy_linear_enc_lemmas_global_2.smt2,unsat,0.0
/hycomp/ball_count_2d_plain.01.qfree_global_9.smt2,unsat,0.0
/hycomp/etcs_braking_2.01.qfree_global_11.smt2,unsat,0.3
/hycomp/ball_count_2d_slope.04.seq_lazy_lemmas_global_0.smt2,unsat,0.0
/hycomp/ball_count_1d_plain.02.seq_lazy_linear_enc_lemmas_global_1.smt2,unsat,0.0
/hycomp/ball_count_1d_plain.02.seq_lazy_linear_enc_lemmas_global_6.smt2,sat,0.0
/hycomp/ball_count_2d_slope.03.seq_lazy_linear_enc_global_6.smt2,unsat,15.379511833190918
/hycomp/ball_count_2d_hill_simple.10.seq_lazy_linear_enc_global_14.smt2,unsat,0.0
/hycomp/ball_count_2d_hill_simple.10.redlog_global_3.smt2,unsat,0.0
/hycomp/simple_ballistics_reach.01.seq_lazy_global_13.smt2,failed,1200.0
/hycomp/ball_count_2d_hill_simple.05.seq_lazy_linear_enc_global_6.smt2,unsat,0.0
/hycomp/ball_count_2d_hill_simple.03.redlog_global_6.smt2,sat,0.17853808403015137
/hycomp/ball_count_2d_hill_simple.01.qfree_global_2.smt2,sat,0.0
/hycomp/ball_count_2d_slope.04.seq_lazy_global_1.smt2,unsat,0.0
/hycomp/simple_ballistics_reach.01.seq_lazy_linear_enc_lemmas_global_8.smt2,unsat,0.0
/hycomp/ball_count_2d_plain.01.qfree_global_3.smt2,unsat,0.0
/hycomp/ball_count_2d_slope.05.seq_lazy_linear_enc_lemmas_global_3.smt2,unsat,0.0
/hycomp/ball_count_2d_hill_simple.04.seq_lazy_linear_enc_global_2.smt2,unsat,0.0
/hycomp/ball_count_2d_plain.01.redlog_global_5.smt2,unsat,0.0
/hycomp/etcs_braking_2.01.seq_lazy_lemmas_global_2.smt2,unsat,0.0
/hycomp/ball_count_2d_plain.05.seq_lazy_global_15.smt2,unsat,0.0
/hycomp/ball_count_2d_plain.04.seq_lazy_linear_enc_lemmas_global_6.smt2,unsat,0.411496639251709
/hycomp/ball_count_1d_plain.02.seq_lazy_lemmas_global_8.smt2,sat,0.0
/hycomp/ball_count_2d_hill_simple.02.seq_lazy_linear_enc_global_9.smt2,unsat,0.0
/hycomp/ball_count_1d_plain.10.seq_lazy_global_0.smt2,unsat,0.0
/hycomp/ball_count_2d_hill.01.seq_lazy_global_7.smt2,unsat,0.0
/hycomp/ball_count_2d_hill_simple.05.seq_lazy_linear_enc_global_4.smt2,unsat,0.0
/hycomp/ball_count_2d_hill.04.seq_lazy_lemmas_global_2.smt2,unsat,0.0
/hycomp/ball_count_2d_hill.04.redlog_global_15.smt2,unsat,3.3970212936401367
/hycomp/ball_count_2d_hill.05.seq_lazy_global_7.smt2,unsat,0.0
/hycomp/ball_count_2d_plain.03.seq_lazy_lemmas_global_8.smt2,unsat,15.0
/hycomp/ball_count_2d_slope.03.seq_lazy_lemmas_global_14.smt2,failed,1200.0
/hycomp/ball_count_2d_slope.04.seq_lazy_global_2.smt2,unsat,0.0
/hycomp/ball_count_2d_plain.10.seq_lazy_lemmas_global_2.smt2,unsat,0.0
/hycomp/ball_count_2d_hill.02.redlog_global_9.smt2,unsat,0.0
/hycomp/ball_count_2d_plain.10.seq_lazy_lemmas_global_6.smt2,unsat,1.3311588764190674
/hycomp/ball_count_2d_plain.10.seq_lazy_lemmas_global_9.smt2,unsat,0.0
/hycomp/ball_count_2d_hill.01.seq_lazy_linear_enc_global_8.smt2,sat,0.0
/hycomp/ball_count_2d_slope.05.seq_lazy_linear_enc_lemmas_global_6.smt2,unsat,0.0
/hycomp/ball_count_2d_hill_simple.01.redlog_global_14.smt2,failed,1200.0
/hycomp/etcs_braking_2.01.seq_lazy_lemmas_global_12.smt2,unsat,15.1
/hycomp/ball_count_2d_plain.01.seq_lazy_global_10.smt2,sat,0.07541131973266602
/hycomp/ball_count_1d_plain.10.seq_lazy_global_15.smt2,unsat,0.0
/hycomp/ball_count_2d_hill_simple.04.qfree_global_5.smt2,unsat,0.0
/hycomp/ball_count_1d_plain.10.qfree_global_7.smt2,unsat,0.0
/hycomp/ball_count_2d_hill_simple.01.seq_lazy_linear_enc_global_12.smt2,sat,0.0
/hycomp/ball_count_2d_plain.05.seq_lazy_linear_enc_global_7.smt2,unsat,0.0
/hycomp/ball_count_2d_plain.01.seq_lazy_linear_enc_global_6.smt2,sat,0.0
/hycomp/ball_count_2d_hill.04.seq_lazy_global_14.smt2,failed,1200.0
/hycomp/ball_count_2d_hill.04.seq_lazy_linear_enc_global_6.smt2,unsat,0.0
/hycomp/ball_count_2d_hill_simple.03.qfree_global_1.smt2,unsat,0.0
/hycomp/ball_count_2d_hill.04.seq_lazy_linear_enc_global_9.smt2,unsat,0.0
/hycomp/ball_count_2d_plain.03.seq_lazy_lemmas_global_14.smt2,sat,1.6988790035247803
/hycomp/ball_count_2d_plain.02.seq_lazy_lemmas_global_5.smt2,unsat,0.0
/hycomp/ball_count_2d_hill_simple.05.seq_lazy_lemmas_global_3.smt2,unsat,0.0
/hycomp/ball_count_2d_hill.10.seq_lazy_linear_enc_lemmas_global_3.smt2,unsat,0.0
/hycomp/ball_count_2d_hill.10.seq_lazy_linear_enc_lemmas_global_13.smt2,unsat,0.0
/hycomp/ball_count_2d_slope.05.seq_lazy_linear_enc_global_10.smt2,unsat,16.625521659851074
/hycomp/ball_count_2d_slope.10.seq_lazy_global_11.smt2,unsat,0.0
/hycomp/ball_count_2d_hill_simple.02.seq_lazy_global_15.smt2,unsat,0.0
/hycomp/ball_count_2d_hill.05.seq_lazy_global_4.smt2,unsat,0.0
/hycomp/ball_count_2d_slope.01.seq_lazy_global_7.smt2,unsat,0.0
/hycomp/ball_count_2d_hill.03.seq_lazy_linear_enc_lemmas_global_6.smt2,unsat,0.0
/hycomp/ball_count_2d_plain.02.seq_lazy_lemmas_global_14.smt2,sat,0.9180419445037842
/hycomp/ball_count_2d_plain.01.qfree_global_2.smt2,sat,0.0
/hycomp/ball_count_2d_slope.02.seq_lazy_lemmas_global_15.smt2,unsat,0.0
/hycomp/ball_count_2d_hill_simple.02.seq_lazy_linear_enc_global_1.smt2,unsat,0.0
/hycomp/ball_count_2d_hill.05.seq_lazy_linear_enc_global_1.smt2,unsat,0.0
/hycomp/ball_count_1d_plain.02.redlog_global_10.smt2,sat,0.6995007991790771
/hycomp/ball_count_2d_hill.02.redlog_global_1.smt2,unsat,0.0
/hycomp/ball_count_2d_slope.02.seq_lazy_linear_enc_global_6.smt2,failed,1200.0
/hycomp/ball_count_2d_hill_simple.03.seq_lazy_linear_enc_lemmas_global_9.smt2,unsat,0.0
/hycomp/ball_count_2d_plain.10.seq_lazy_global_1.smt2,unsat,0.0
/hycomp/ball_count_2d_slope.01.seq_lazy_linear_enc_global_5.smt2,unsat,0.0
/hycomp/ball_count_2d_slope.05.seq_lazy_global_13.smt2,unsat,0.4936354160308838
/hycomp/ball_count_1d_plain.10.seq_lazy_lemmas_global_15.smt2,unsat,0.0
/hycomp/ball_count_2d_plain.05.qfree_global_12.smt2,unsat,4.0
/hycomp/ball_count_2d_plain.04.seq_lazy_linear_enc_global_11.smt2,unsat,0.0
/hycomp/ball_count_2d_hill_simple.02.qfree_global_3.smt2,unsat,0.0
/hycomp/ball_count_1d_plain.02.seq_lazy_lemmas_global_13.smt2,unsat,0.0
/hycomp/ball_count_2d_hill_simple.10.redlog_global_10.smt2,unsat,0.0
/hycomp/ball_count_2d_hill.04.redlog_global_10.smt2,failed,1200.0
/hycomp/ball_count_2d_plain.05.redlog_global_1.smt2,unsat,0.0
/hycomp/ball_count_1d_plain.05.seq_lazy_global_0.smt2,unsat,0.0
/hycomp/ball_count_2d_plain.05.seq_lazy_lemmas_global_8.smt2,unsat,15.0
/hycomp/ball_count_1d_plain.01.qfree_global_15.smt2,unsat,0.0
/hycomp/ball_count_2d_hill_simple.03.seq_lazy_lemmas_global_1.smt2,unsat,0.0
/hycomp/ball_count_2d_hill_simple.01.seq_lazy_global_10.smt2,sat,0.0
/hycomp/ball_count_1d_plain.03.seq_lazy_linear_enc_global_8.smt2,unsat,0.2899198532104492
/hycomp/ball_count_1d_plain.03.seq_lazy_linear_enc_global_3.smt2,unsat,0.0
/hycomp/ball_count_2d_hill_simple.01.seq_lazy_lemmas_global_2.smt2,sat,0.0
/hycomp/ball_count_2d_slope.02.seq_lazy_lemmas_global_10.smt2,failed,1200.0
/hycomp/ball_count_1d_plain.01.seq_lazy_lemmas_global_7.smt2,unsat,0.0
/hycomp/ball_count_1d_plain.03.redlog_global_8.smt2,sat,0.4576258659362793
/hycomp/ball_count_1d_plain.05.seq_lazy_lemmas_global_1.smt2,unsat,0.0
/hycomp/simple_ballistics_reach.01.seq_lazy_global_12.smt2,unsat,0.0
/hycomp/ball_count_2d_slope.05.seq_lazy_global_3.smt2,unsat,0.0
/hycomp/ball_count_2d_hill.10.seq_lazy_linear_enc_global_5.smt2,unsat,0.0
/hycomp/ball_count_2d_hill.04.seq_lazy_global_10.smt2,failed,1200.0
/hycomp/ball_count_2d_slope.04.seq_lazy_lemmas_global_6.smt2,unsat,0.0
/hycomp/ball_count_2d_slope.04.seq_lazy_linear_enc_global_5.smt2,unsat,0.0
/hycomp/ball_count_2d_hill.05.seq_lazy_linear_enc_global_13.smt2,unsat,0.0
/hycomp/ball_count_1d_plain.03.seq_lazy_linear_enc_lemmas_global_12.smt2,sat,0.3891780376434326
/hycomp/ball_count_2d_slope.03.seq_lazy_global_5.smt2,unsat,0.0
/hycomp/ball_count_1d_plain.02.seq_lazy_global_14.smt2,sat,0.20245623588562012
/hycomp/ball_count_2d_hill.01.seq_lazy_lemmas_global_1.smt2,unsat,0.0
/hycomp/ball_count_2d_hill_simple.02.seq_lazy_linear_enc_lemmas_global_12.smt2,sat,0.3
/hycomp/ball_count_2d_hill.02.seq_lazy_global_13.smt2,unsat,0.0
/hycomp/ball_count_2d_hill_simple.10.redlog_global_6.smt2,unsat,0.0
/hycomp/ball_count_1d_plain.03.redlog_global_14.smt2,sat,10.513026237487793
/hycomp/ball_count_2d_hill_simple.03.redlog_global_13.smt2,unsat,0.0
/hycomp/ball_count_2d_plain.04.seq_lazy_global_2.smt2,unsat,0.0
/hycomp/ball_count_2d_plain.02.redlog_global_5.smt2,unsat,0.0
/hycomp/ball_count_1d_plain.01.redlog_global_14.smt2,sat,0.0
/hycomp/ball_count_1d_plain.03.seq_lazy_linear_enc_lemmas_global_9.smt2,unsat,0.0
/hycomp/ball_count_2d_slope.03.seq_lazy_lemmas_global_5.smt2,unsat,0.0
/hycomp/ball_count_1d_plain.02.seq_lazy_lemmas_global_4.smt2,unsat,0.0
/hycomp/ball_count_2d_slope.05.seq_lazy_linear_enc_global_5.smt2,unsat,0.0
/hycomp/ball_count_2d_slope.04.seq_lazy_global_9.smt2,unsat,0.13631224632263184
/hycomp/ball_count_2d_plain.10.redlog_global_15.smt2,unsat,0.0
/hycomp/ball_count_2d_hill_simple.10.qfree_global_5.smt2,unsat,0.026098966598510742
/hycomp/ball_count_2d_plain.05.seq_lazy_linear_enc_lemmas_global_5.smt2,unsat,0.0
/hycomp/ball_count_2d_plain.10.seq_lazy_linear_enc_global_13.smt2,unsat,0.0
/hycomp/ball_count_2d_hill.05.redlog_global_6.smt2,unsat,0.0
/hycomp/ball_count_2d_slope.03.seq_lazy_linear_enc_global_5.smt2,unsat,0.0
/hycomp/ball_count_2d_plain.02.seq_lazy_linear_enc_global_8.smt2,sat,0.10314011573791504
/hycomp/ball_count_1d_plain.05.redlog_global_4.smt2,unsat,0.0
/hycomp/ball_count_1d_plain.05.seq_lazy_linear_enc_lemmas_global_8.smt2,unsat,7.7
/hycomp/ball_count_2d_slope.02.seq_lazy_global_7.smt2,unsat,0.0
/hycomp/ball_count_2d_hill_simple.01.seq_lazy_lemmas_global_8.smt2,sat,0.1
/hycomp/ball_count_2d_slope.04.seq_lazy_linear_enc_global_12.smt2,failed,1200.0
/hycomp/etcs_braking_2.01.seq_lazy_global_14.smt2,unsat,4.2
/hycomp/ball_count_2d_hill.04.seq_lazy_linear_enc_global_7.smt2,unsat,0.0
/hycomp/ball_count_2d_plain.03.redlog_global_13.smt2,unsat,0.0
/hycomp/ball_count_2d_hill_simple.02.qfree_global_13.smt2,unsat,0.0
/hycomp/ball_count_2d_slope.10.seq_lazy_linear_enc_global_4.smt2,unsat,0.0
/hycomp/ball_count_2d_hill.03.seq_lazy_linear_enc_global_2.smt2,unsat,0.0
/hycomp/ball_count_2d_hill_simple.01.seq_lazy_lemmas_global_6.smt2,sat,0.3751044273376465
/hycomp/ball_count_2d_slope.01.seq_lazy_global_0.smt2,unsat,0.0
/hycomp/ball_count_1d_plain.01.seq_lazy_global_7.smt2,unsat,0.0
/hycomp/ball_count_2d_hill.03.seq_lazy_lemmas_global_12.smt2,failed,1200.0
/hycomp/ball_count_2d_plain.01.seq_lazy_lemmas_global_4.smt2,sat,0.0
/hycomp/ball_count_2d_hill_simple.01.qfree_global_11.smt2,unsat,0.0
/hycomp/ball_count_1d_plain.05.seq_lazy_linear_enc_lemmas_global_10.smt2,unsat,15.0
/hycomp/ball_count_2d_plain.03.seq_lazy_linear_enc_global_0.smt2,unsat,0.0
/hycomp/ball_count_2d_slope.04.seq_lazy_lemmas_global_9.smt2,unsat,0.28231358528137207
/hycomp/ball_count_2d_hill_simple.04.seq_lazy_global_9.smt2,unsat,0.0
/hycomp/ball_count_1d_plain.05.qfree_global_2.smt2,unsat,0.0
/hycomp/ball_count_1d_plain.03.seq_lazy_global_15.smt2,unsat,0.042879581451416016
/hycomp/ball_count_2d_hill_simple.04.seq_lazy_lemmas_global_1.smt2,unsat,0.0
/hycomp/ball_count_2d_hill_simple.03.redlog_global_11.smt2,unsat,0.0
/hycomp/ball_count_2d_slope.10.seq_lazy_lemmas_global_11.smt2,unsat,0.0
/hycomp/etcs_braking_2.01.redlog_global_0.smt2,unsat,0.0
/hycomp/ball_count_2d_slope.03.seq_lazy_lemmas_global_10.smt2,failed,1200.0
/hycomp/ball_count_2d_hill.01.redlog_global_3.smt2,unsat,0.0
/hycomp/ball_count_1d_plain.03.redlog_global_12.smt2,sat,0.692122220993042
/hycomp/ball_count_2d_slope.04.seq_lazy_lemmas_global_4.smt2,unsat,0.0
/hycomp/etcs_braking_2.01.seq_lazy_linear_enc_global_5.smt2,unsat,0.0
/hycomp/ball_count_2d_slope.01.seq_lazy_lemmas_global_2.smt2,unsat,0.0
/hycomp/ball_count_1d_plain.05.seq_lazy_global_15.smt2,unsat,0.04088711738586426
/hycomp/ball_count_1d_plain.10.seq_lazy_lemmas_global_6.smt2,unsat,5.0
/hycomp/ball_count_2d_plain.02.seq_lazy_linear_enc_lemmas_global_0.smt2,unsat,0.0
/hycomp/etcs_braking_2.01.redlog_global_2.smt2,unsat,0.0
/hycomp/ball_count_2d_hill.05.seq_lazy_lemmas_global_0.smt2,unsat,0.0
/hycomp/ball_count_2d_hill_simple.05.seq_lazy_linear_enc_lemmas_global_9.smt2,unsat,0.0
/hycomp/ball_count_2d_plain.03.seq_lazy_global_0.smt2,unsat,0.0
/hycomp/ball_count_2d_slope.02.seq_lazy_linear_enc_global_4.smt2,unsat,0.07054781913757324
/hycomp/ball_count_2d_hill_simple.04.redlog_global_13.smt2,unsat,0.0
/hycomp/ball_count_2d_slope.01.seq_lazy_linear_enc_global_2.smt2,unsat,0.0
/hycomp/ball_count_2d_hill_simple.03.seq_lazy_global_2.smt2,unsat,0.0
/hycomp/ball_count_2d_plain.10.seq_lazy_lemmas_global_7.smt2,unsat,0.0
/hycomp/ball_count_2d_hill.10.seq_lazy_global_12.smt2,unsat,0.0
/hycomp/ball_count_2d_plain.10.seq_lazy_linear_enc_lemmas_global_12.smt2,unsat,15.0
/hycomp/ball_count_2d_hill_simple.05.seq_lazy_global_15.smt2,unsat,0.0
/hycomp/ball_count_2d_hill_simple.10.redlog_global_9.smt2,unsat,0.0
/hycomp/etcs_braking_2.01.qfree_global_12.smt2,unsat,0.2
/hycomp/ball_count_1d_plain.04.seq_lazy_global_9.smt2,unsat,0.0
/hycomp/etcs_braking_2.01.seq_lazy_linear_enc_global_1.smt2,unsat,0.0
/hycomp/ball_count_1d_plain.01.qfree_global_4.smt2,sat,0.0
/hycomp/ball_count_2d_hill.04.seq_lazy_linear_enc_global_8.smt2,unsat,0.0
/hycomp/ball_count_1d_plain.10.seq_lazy_linear_enc_global_3.smt2,unsat,0.0
/hycomp/ball_count_2d_plain.01.seq_lazy_linear_enc_lemmas_global_12.smt2,sat,0.996314287185669
/hycomp/ball_count_1d_plain.03.redlog_global_2.smt2,unsat,0.0
/hycomp/ball_count_2d_plain.05.qfree_global_14.smt2,unsat,15.0
/hycomp/ball_count_2d_hill.02.redlog_global_2.smt2,unsat,0.0
/hycomp/ball_count_2d_plain.02.seq_lazy_lemmas_global_11.smt2,unsat,0.0
/hycomp/ball_count_2d_hill_simple.01.seq_lazy_linear_enc_lemmas_global_14.smt2,sat,0.2
/hycomp/ball_count_1d_plain.04.qfree_global_0.smt2,unsat,0.0
/hycomp/ball_count_2d_plain.10.qfree_global_12.smt2,unsat,3.7
/hycomp/ball_count_2d_hill_simple.05.redlog_global_14.smt2,failed,1200.0
/hycomp/ball_count_1d_plain.05.seq_lazy_lemmas_global_3.smt2,unsat,0.0
/hycomp/ball_count_2d_hill_simple.02.seq_lazy_global_2.smt2,unsat,0.0
/hycomp/ball_count_2d_hill_simple.10.redlog_global_15.smt2,unsat,0.0
/hycomp/ball_count_2d_hill.02.seq_lazy_lemmas_global_12.smt2,failed,1200.0
/hycomp/ball_count_2d_slope.04.seq_lazy_global_15.smt2,unsat,1.1596808433532715
/hycomp/ball_count_2d_plain.01.redlog_global_13.smt2,unsat,0.0
/hycomp/ball_count_2d_hill_simple.05.redlog_global_11.smt2,unsat,0.0
/hycomp/ball_count_2d_plain.05.seq_lazy_lemmas_global_11.smt2,unsat,0.0
/hycomp/ball_count_2d_hill_simple.02.qfree_global_14.smt2,sat,0.0
/hycomp/ball_count_2d_hill_simple.02.qfree_global_11.smt2,unsat,0.0
/hycomp/ball_count_2d_hill_simple.10.seq_lazy_linear_enc_lemmas_global_15.smt2,unsat,0.0
/hycomp/ball_count_2d_slope.01.seq_lazy_linear_enc_lemmas_global_5.smt2,unsat,0.0
/hycomp/ball_count_2d_hill.04.seq_lazy_lemmas_global_7.smt2,unsat,0.0
/hycomp/ball_count_2d_plain.01.seq_lazy_global_1.smt2,unsat,0.0
/hycomp/ball_count_1d_plain.03.seq_lazy_global_11.smt2,unsat,0.0
/hycomp/ball_count_2d_plain.02.seq_lazy_global_6.smt2,sat,0.0
/hycomp/ball_count_2d_hill_simple.03.redlog_global_2.smt2,unsat,0.0
/hycomp/ball_count_2d_plain.03.seq_lazy_linear_enc_global_13.smt2,unsat,0.0
/hycomp/ball_count_2d_hill.03.seq_lazy_lemmas_global_9.smt2,unsat,0.0
/hycomp/ball_count_2d_plain.03.qfree_global_7.smt2,unsat,0.0
/hycomp/ball_count_1d_plain.02.seq_lazy_linear_enc_lemmas_global_11.smt2,unsat,0.0
/hycomp/ball_count_2d_hill.04.seq_lazy_global_3.smt2,unsat,0.0
/hycomp/ball_count_1d_plain.05.seq_lazy_linear_enc_lemmas_global_11.smt2,unsat,0.0
/hycomp/ball_count_2d_hill_simple.03.seq_lazy_linear_enc_lemmas_global_2.smt2,unsat,0.0
/hycomp/ball_count_2d_slope.04.seq_lazy_linear_enc_lemmas_global_0.smt2,unsat,0.0
/hycomp/ball_count_2d_plain.04.seq_lazy_linear_enc_lemmas_global_15.smt2,unsat,0.0
/hycomp/ball_count_2d_hill_simple.03.seq_lazy_lemmas_global_0.smt2,unsat,0.0
/hycomp/ball_count_2d_hill.02.seq_lazy_lemmas_global_6.smt2,unsat,0.21055197715759277
/hycomp/ball_count_2d_slope.05.seq_lazy_linear_enc_lemmas_global_5.smt2,unsat,0.0
/hycomp/ball_count_2d_hill.05.seq_lazy_lemmas_global_9.smt2,unsat,0.0
/hycomp/ball_count_1d_plain.02.seq_lazy_lemmas_global_10.smt2,sat,0.0
/hycomp/ball_count_2d_plain.05.seq_lazy_linear_enc_global_2.smt2,unsat,0.0
/hycomp/ball_count_2d_plain.05.seq_lazy_linear_enc_lemmas_global_7.smt2,unsat,0.0
/hycomp/ball_count_1d_plain.05.seq_lazy_lemmas_global_6.smt2,unsat,5.0
/hycomp/ball_count_2d_hill.01.seq_lazy_linear_enc_global_13.smt2,unsat,0.0
/hycomp/ball_count_2d_slope.01.seq_lazy_linear_enc_lemmas_global_2.smt2,unsat,0.0
/hycomp/ball_count_2d_hill_simple.04.seq_lazy_global_2.smt2,unsat,0.0
/hycomp/ball_count_1d_plain.04.seq_lazy_linear_enc_lemmas_global_9.smt2,unsat,0.0
/hycomp/ball_count_2d_plain.02.redlog_global_8.smt2,sat,0.1
/hycomp/ball_count_2d_plain.01.seq_lazy_global_4.smt2,sat,0.0
/hycomp/ball_count_2d_plain.05.qfree_global_7.smt2,unsat,0.0
/hycomp/ball_count_2d_plain.04.seq_lazy_global_0.smt2,unsat,0.0
/hycomp/ball_count_2d_hill.04.seq_lazy_linear_enc_global_0.smt2,unsat,0.0
/hycomp/etcs_braking_2.01.seq_lazy_linear_enc_global_9.smt2,unsat,0.2
/hycomp/ball_count_2d_hill_simple.02.seq_lazy_lemmas_global_8.smt2,sat,0.1591184139251709
/hycomp/etcs_braking_2.01.seq_lazy_lemmas_global_13.smt2,failed,1200.0
/hycomp/ball_count_2d_hill_simple.03.seq_lazy_linear_enc_global_1.smt2,unsat,0.0
/hycomp/ball_count_2d_plain.10.seq_lazy_lemmas_global_11.smt2,unsat,0.0
/hycomp/ball_count_1d_plain.10.seq_lazy_global_13.smt2,unsat,0.0
/hycomp/ball_count_2d_hill_simple.01.seq_lazy_lemmas_global_1.smt2,unsat,0.0
/hycomp/ball_count_2d_hill.04.redlog_global_1.smt2,unsat,0.0
/hycomp/ball_count_2d_plain.04.seq_lazy_global_7.smt2,unsat,0.0
/hycomp/ball_count_2d_hill.04.seq_lazy_lemmas_global_8.smt2,unsat,0.0
/hycomp/ball_count_2d_slope.01.seq_lazy_linear_enc_lemmas_global_10.smt2,unsat,0.0
/hycomp/ball_count_2d_slope.03.seq_lazy_global_3.smt2,unsat,0.0
/hycomp/ball_count_2d_slope.03.seq_lazy_global_15.smt2,unsat,1.3518242835998535
/hycomp/ball_count_2d_hill_simple.10.seq_lazy_linear_enc_lemmas_global_8.smt2,unsat,0.0
/hycomp/ball_count_2d_slope.02.seq_lazy_linear_enc_lemmas_global_5.smt2,unsat,0.0
/hycomp/ball_count_2d_slope.02.seq_lazy_linear_enc_lemmas_global_12.smt2,unsat,0.0
/hycomp/ball_count_2d_hill_simple.03.redlog_global_0.smt2,unsat,0.0
/hycomp/ball_count_1d_plain.10.qfree_global_10.smt2,unsat,15.0
/hycomp/ball_count_2d_plain.03.seq_lazy_global_12.smt2,sat,15.1
/hycomp/ball_count_2d_hill_simple.10.seq_lazy_linear_enc_global_10.smt2,unsat,0.0
/hycomp/ball_count_2d_hill.05.redlog_global_14.smt2,failed,1200.0
/hycomp/etcs_braking_2.01.seq_lazy_lemmas_global_10.smt2,unsat,2.7
/hycomp/ball_count_2d_slope.03.seq_lazy_linear_enc_global_12.smt2,failed,1200.0
/hycomp/ball_count_1d_plain.04.qfree_global_12.smt2,sat,0.30267953872680664
/hycomp/ball_count_1d_plain.03.seq_lazy_global_6.smt2,unsat,0.06668829917907715
/hycomp/ball_count_2d_hill_simple.05.seq_lazy_lemmas_global_9.smt2,unsat,0.0
/hycomp/ball_count_1d_plain.03.seq_lazy_linear_enc_lemmas_global_4.smt2,unsat,0.0
/hycomp/ball_count_1d_plain.05.qfree_global_11.smt2,unsat,0.0
/hycomp/ball_count_1d_plain.10.seq_lazy_linear_enc_lemmas_global_12.smt2,unsat,15.0
/hycomp/ball_count_1d_plain.02.seq_lazy_lemmas_global_15.smt2,unsat,0.0
/hycomp/ball_count_2d_hill.10.redlog_global_15.smt2,unsat,0.0
/hycomp/ball_count_2d_hill_simple.05.qfree_global_9.smt2,unsat,0.0
/hycomp/ball_count_2d_plain.02.redlog_global_3.smt2,unsat,0.0
/hycomp/ball_count_2d_plain.05.seq_lazy_linear_enc_lemmas_global_12.smt2,unsat,15.0
/hycomp/ball_count_2d_plain.04.seq_lazy_lemmas_global_2.smt2,unsat,0.0
/hycomp/ball_count_1d_plain.05.seq_lazy_global_11.smt2,unsat,0.0
/hycomp/ball_count_1d_plain.01.seq_lazy_global_0.smt2,unsat,0.0
/hycomp/ball_count_2d_plain.03.redlog_global_11.smt2,unsat,0.0
/hycomp/ball_count_2d_slope.05.seq_lazy_global_14.smt2,failed,1200.0
/hycomp/ball_count_2d_plain.10.seq_lazy_lemmas_global_1.smt2,unsat,0.0
/hycomp/ball_count_2d_plain.02.redlog_global_0.smt2,unsat,0.0
/hycomp/ball_count_2d_plain.02.redlog_global_15.smt2,unsat,0.0
/hycomp/ball_count_2d_hill_simple.03.qfree_global_14.smt2,sat,0.1
/hycomp/ball_count_2d_plain.02.seq_lazy_lemmas_global_8.smt2,sat,0.1377110481262207
/hycomp/ball_count_2d_slope.02.seq_lazy_linear_enc_lemmas_global_8.smt2,unsat,0.0
/hycomp/etcs_braking_2.01.redlog_global_7.smt2,unsat,15.0
/hycomp/ball_count_2d_slope.10.seq_lazy_global_2.smt2,unsat,0.0
/hycomp/ball_count_1d_plain.01.seq_lazy_linear_enc_global_11.smt2,unsat,0.0
/hycomp/ball_count_2d_hill_simple.10.seq_lazy_linear_enc_global_0.smt2,unsat,0.0
/hycomp/ball_count_2d_hill.05.seq_lazy_linear_enc_global_0.smt2,unsat,0.0
/hycomp/ball_count_2d_plain.01.seq_lazy_linear_enc_lemmas_global_3.smt2,unsat,0.0
/hycomp/ball_count_2d_hill_simple.03.seq_lazy_lemmas_global_13.smt2,unsat,0.0
/hycomp/ball_count_2d_plain.05.seq_lazy_linear_enc_global_13.smt2,unsat,0.0
/hycomp/ball_count_2d_plain.04.seq_lazy_lemmas_global_6.smt2,unsat,1.6290605068206787
/hycomp/ball_count_2d_hill_simple.03.seq_lazy_linear_enc_lemmas_global_8.smt2,unsat,0.4
/hycomp/ball_count_2d_hill_simple.05.redlog_global_5.smt2,unsat,0.0
/hycomp/ball_count_2d_hill.05.seq_lazy_linear_enc_global_15.smt2,unsat,0.08185243606567383
/hycomp/ball_count_2d_slope.10.seq_lazy_linear_enc_lemmas_global_1.smt2,unsat,0.0
/hycomp/ball_count_2d_hill_simple.04.redlog_global_3.smt2,unsat,0.0
/hycomp/ball_count_2d_hill_simple.04.seq_lazy_linear_enc_global_5.smt2,unsat,0.0
/hycomp/ball_count_1d_plain.05.redlog_global_8.smt2,unsat,5.0
/hycomp/ball_count_2d_hill.02.redlog_global_0.smt2,unsat,0.0
/hycomp/ball_count_2d_hill_simple.10.seq_lazy_linear_enc_global_12.smt2,unsat,0.0
/hycomp/ball_count_2d_plain.02.seq_lazy_global_15.smt2,unsat,0.0
/hycomp/ball_count_2d_hill_simple.05.qfree_global_4.smt2,unsat,0.0
/hycomp/ball_count_1d_plain.04.seq_lazy_linear_enc_lemmas_global_1.smt2,unsat,0.0
/hycomp/ball_count_2d_slope.03.seq_lazy_global_13.smt2,unsat,0.5002725124359131
/hycomp/ball_count_2d_plain.03.redlog_global_15.smt2,unsat,0.0
/hycomp/ball_count_1d_plain.01.redlog_global_10.smt2,sat,0.0
/hycomp/ball_count_2d_plain.10.redlog_global_6.smt2,unsat,0.1
/hycomp/ball_count_1d_plain.02.redlog_global_7.smt2,unsat,0.0
/hycomp/ball_count_2d_plain.01.seq_lazy_lemmas_global_7.smt2,unsat,0.0
/hycomp/ball_count_2d_slope.01.seq_lazy_linear_enc_global_3.smt2,unsat,0.0
/hycomp/ball_count_1d_plain.02.seq_lazy_linear_enc_global_4.smt2,unsat,0.0
/hycomp/ball_count_2d_plain.04.qfree_global_12.smt2,unsat,15.565437316894531
/hycomp/ball_count_1d_plain.02.seq_lazy_linear_enc_global_6.smt2,sat,0.0
/hycomp/ball_count_2d_hill_simple.10.qfree_global_10.smt2,unsat,0.0
/hycomp/etcs_braking_2.01.seq_lazy_lemmas_global_15.smt2,unsat,15.1
/hycomp/ball_count_1d_plain.10.redlog_global_2.smt2,unsat,0.0
/hycomp/ball_count_2d_plain.05.seq_lazy_linear_enc_lemmas_global_9.smt2,unsat,0.0
/hycomp/ball_count_1d_plain.04.qfree_global_3.smt2,unsat,0.0
/hycomp/ball_count_2d_plain.02.seq_lazy_lemmas_global_3.smt2,unsat,0.0
/hycomp/ball_count_2d_slope.05.seq_lazy_global_10.smt2,unsat,15.0
/hycomp/ball_count_1d_plain.10.seq_lazy_linear_enc_lemmas_global_14.smt2,unsat,15.2
/hycomp/ball_count_2d_hill.02.seq_lazy_linear_enc_global_4.smt2,unsat,0.0
/hycomp/simple_ballistics_reach.01.seq_lazy_global_3.smt2,failed,1200.0
/hycomp/ball_count_2d_hill_simple.03.seq_lazy_linear_enc_lemmas_global_14.smt2,sat,0.7927722930908203
/hycomp/ball_count_2d_hill_simple.04.redlog_global_10.smt2,sat,11.5
/hycomp/ball_count_2d_plain.02.seq_lazy_linear_enc_lemmas_global_4.smt2,unsat,0.0
/hycomp/ball_count_1d_plain.03.qfree_global_9.smt2,unsat,0.0
/hycomp/ball_count_2d_hill.02.seq_lazy_lemmas_global_7.smt2,unsat,0.0
/hycomp/simple_ballistics_reach.01.seq_lazy_lemmas_global_10.smt2,unsat,0.0
/hycomp/ball_count_2d_hill.10.seq_lazy_lemmas_global_8.smt2,unsat,0.0
/hycomp/ball_count_2d_slope.04.seq_lazy_linear_enc_lemmas_global_12.smt2,unsat,0.0
/hycomp/ball_count_1d_plain.02.seq_lazy_lemmas_global_6.smt2,sat,0.0
/hycomp/ball_count_2d_hill_simple.02.seq_lazy_linear_enc_global_7.smt2,unsat,0.0
/hycomp/ball_count_1d_plain.05.seq_lazy_linear_enc_global_6.smt2,unsat,0.06330132484436035
/hycomp/ball_count_2d_plain.10.seq_lazy_linear_enc_global_11.smt2,unsat,0.0
/hycomp/ball_count_2d_hill.02.seq_lazy_linear_enc_global_2.smt2,unsat,0.0
/hycomp/ball_count_2d_hill.10.redlog_global_10.smt2,unsat,1.9
/hycomp/ball_count_2d_hill.10.seq_lazy_global_9.smt2,unsat,0.0
/hycomp/simple_ballistics_reach.01.seq_lazy_linear_enc_lemmas_global_9.smt2,failed,1200.0
/hycomp/ball_count_2d_hill.10.seq_lazy_linear_enc_global_2.smt2,unsat,0.0
/hycomp/ball_count_2d_hill_simple.05.seq_lazy_linear_enc_lemmas_global_0.smt2,unsat,0.0
/hycomp/ball_count_2d_slope.02.seq_lazy_linear_enc_lemmas_global_3.smt2,unsat,0.0
/hycomp/ball_count_1d_plain.05.seq_lazy_lemmas_global_8.smt2,unsat,5.3
/hycomp/ball_count_2d_hill_simple.05.qfree_global_1.smt2,unsat,0.0
/hycomp/ball_count_2d_hill.01.seq_lazy_linear_enc_global_6.smt2,sat,0.0
/hycomp/ball_count_1d_plain.01.seq_lazy_lemmas_global_11.smt2,unsat,0.0
/hycomp/ball_count_1d_plain.01.redlog_global_1.smt2,unsat,0.0
/hycomp/ball_count_2d_slope.04.seq_lazy_linear_enc_lemmas_global_14.smt2,unsat,0.0
/hycomp/ball_count_2d_plain.01.seq_lazy_linear_enc_global_8.smt2,sat,0.0
/hycomp/ball_count_1d_plain.02.seq_lazy_linear_enc_global_0.smt2,unsat,0.0
/hycomp/ball_count_2d_slope.01.seq_lazy_linear_enc_lemmas_global_6.smt2,unsat,0.0
/hycomp/ball_count_2d_hill.05.seq_lazy_linear_enc_lemmas_global_15.smt2,unsat,0.11638832092285156
/hycomp/ball_count_1d_plain.03.seq_lazy_lemmas_global_11.smt2,unsat,0.0
/hycomp/ball_count_2d_slope.01.seq_lazy_lemmas_global_3.smt2,unsat,0.0
/hycomp/ball_count_2d_hill.03.seq_lazy_linear_enc_lemmas_global_3.smt2,unsat,0.0
/hycomp/ball_count_2d_hill.02.redlog_global_5.smt2,unsat,0.0
/hycomp/ball_count_1d_plain.05.seq_lazy_global_13.smt2,unsat,0.04149007797241211
/hycomp/ball_count_1d_plain.01.seq_lazy_linear_enc_lemmas_global_4.smt2,sat,0.0
/hycomp/ball_count_2d_plain.05.seq_lazy_global_11.smt2,unsat,0.0
/hycomp/ball_count_1d_plain.05.redlog_global_10.smt2,sat,16.4
/hycomp/ball_count_1d_plain.10.seq_lazy_lemmas_global_7.smt2,unsat,0.0
/hycomp/ball_count_2d_hill_simple.01.seq_lazy_linear_enc_global_6.smt2,sat,0.0
/hycomp/ball_count_2d_hill.01.redlog_global_9.smt2,unsat,0.0
/hycomp/ball_count_2d_hill_simple.03.seq_lazy_global_6.smt2,unsat,0.0
/hycomp/ball_count_1d_plain.02.seq_lazy_linear_enc_lemmas_global_4.smt2,unsat,0.0
/hycomp/ball_count_2d_plain.05.seq_lazy_linear_enc_lemmas_global_6.smt2,unsat,0.5212917327880859
/hycomp/ball_count_1d_plain.03.seq_lazy_linear_enc_lemmas_global_14.smt2,sat,0.45453882217407227
/hycomp/ball_count_2d_slope.10.seq_lazy_linear_enc_lemmas_global_10.smt2,unsat,0.0
/hycomp/ball_count_2d_plain.04.seq_lazy_linear_enc_global_10.smt2,unsat,15.0
/hycomp/ball_count_2d_plain.10.redlog_global_9.smt2,unsat,0.0
/hycomp/ball_count_2d_hill_simple.05.redlog_global_0.smt2,unsat,0.0
/hycomp/ball_count_2d_hill.10.seq_lazy_lemmas_global_1.smt2,unsat,0.0
/hycomp/ball_count_2d_hill.03.seq_lazy_global_3.smt2,unsat,0.0
/hycomp/ball_count_2d_plain.03.seq_lazy_linear_enc_lemmas_global_10.smt2,sat,15.1
/hycomp/ball_count_2d_hill.10.redlog_global_2.smt2,unsat,0.0
/hycomp/simple_ballistics_reach.01.seq_lazy_linear_enc_global_14.smt2,unsat,0.0
/hycomp/ball_count_2d_hill.03.redlog_global_10.smt2,failed,1200.0
/hycomp/ball_count_2d_slope.03.seq_lazy_linear_enc_lemmas_global_3.smt2,unsat,0.0
/hycomp/ball_count_2d_slope.04.seq_lazy_linear_enc_lemmas_global_10.smt2,unsat,0.0
/hycomp/ball_count_2d_slope.02.seq_lazy_global_10.smt2,failed,1200.0
/hycomp/ball_count_1d_plain.03.seq_lazy_linear_enc_global_4.smt2,unsat,0.0
/hycomp/ball_count_2d_slope.04.seq_lazy_linear_enc_lemmas_global_6.smt2,unsat,0.0
/hycomp/ball_count_2d_plain.04.seq_lazy_linear_enc_lemmas_global_4.smt2,unsat,0.0
/hycomp/ball_count_2d_slope.01.seq_lazy_lemmas_global_14.smt2,failed,1200.0
/hycomp/ball_count_1d_plain.05.seq_lazy_linear_enc_global_13.smt2,unsat,0.047679901123046875
/hycomp/ball_count_2d_plain.03.seq_lazy_linear_enc_global_14.smt2,sat,15.536472082138062
/hycomp/ball_count_2d_plain.03.seq_lazy_lemmas_global_15.smt2,unsat,0.0
/hycomp/ball_count_2d_slope.05.seq_lazy_global_15.smt2,unsat,1.126112699508667
/hycomp/ball_count_2d_plain.03.qfree_global_5.smt2,unsat,0.0
/hycomp/ball_count_2d_hill.10.seq_lazy_linear_enc_lemmas_global_7.smt2,unsat,0.0
/hycomp/ball_count_1d_plain.01.seq_lazy_linear_enc_global_4.smt2,sat,0.0
/hycomp/ball_count_2d_plain.03.seq_lazy_lemmas_global_1.smt2,unsat,0.0
/hycomp/ball_count_2d_hill.04.redlog_global_12.smt2,failed,1200.0
/hycomp/ball_count_2d_hill_simple.10.redlog_global_5.smt2,unsat,0.0
/hycomp/ball_count_1d_plain.02.seq_lazy_global_3.smt2,unsat,0.0
/hycomp/ball_count_2d_hill.03.seq_lazy_linear_enc_global_15.smt2,unsat,0.08435273170471191
/hycomp/ball_count_2d_hill_simple.02.qfree_global_8.smt2,sat,0.0
/hycomp/ball_count_2d_plain.04.seq_lazy_linear_enc_lemmas_global_13.smt2,unsat,0.0
/hycomp/ball_count_2d_hill.02.redlog_global_10.smt2,failed,1200.0
/hycomp/ball_count_2d_hill_simple.03.seq_lazy_linear_enc_lemmas_global_13.smt2,unsat,0.0
/hycomp/ball_count_2d_slope.02.seq_lazy_linear_enc_lemmas_global_11.smt2,unsat,0.0
/hycomp/ball_count_2d_hill_simple.05.seq_lazy_linear_enc_lemmas_global_11.smt2,unsat,0.0
/hycomp/ball_count_2d_slope.03.seq_lazy_lemmas_global_1.smt2,unsat,0.0
/hycomp/ball_count_2d_plain.04.redlog_global_1.smt2,unsat,0.0
/hycomp/ball_count_1d_plain.01.seq_lazy_global_8.smt2,sat,0.0
/hycomp/ball_count_2d_slope.05.seq_lazy_lemmas_global_12.smt2,unsat,3.183053493499756
/hycomp/ball_count_2d_plain.01.redlog_global_0.smt2,unsat,0.0
/hycomp/ball_count_1d_plain.03.seq_lazy_linear_enc_lemmas_global_13.smt2,unsat,0.05789494514465332
/hycomp/ball_count_2d_hill.01.seq_lazy_linear_enc_global_11.smt2,unsat,0.0
/hycomp/ball_count_2d_slope.03.seq_lazy_linear_enc_lemmas_global_9.smt2,unsat,0.0
/hycomp/simple_ballistics_reach.01.seq_lazy_global_2.smt2,unsat,0.0
/hycomp/ball_count_2d_hill_simple.10.seq_lazy_linear_enc_lemmas_global_4.smt2,unsat,0.0
/hycomp/ball_count_2d_hill_simple.03.seq_lazy_linear_enc_global_0.smt2,unsat,0.0
/hycomp/ball_count_2d_hill.01.seq_lazy_global_8.smt2,sat,0.0
/hycomp/ball_count_2d_hill_simple.03.seq_lazy_linear_enc_lemmas_global_6.smt2,unsat,0.0
/hycomp/ball_count_2d_hill.05.seq_lazy_linear_enc_global_14.smt2,failed,1200.0
/hycomp/ball_count_2d_plain.01.redlog_global_15.smt2,unsat,0.0
/hycomp/ball_count_1d_plain.03.seq_lazy_linear_enc_lemmas_global_8.smt2,unsat,5.2
/hycomp/etcs_braking_2.01.seq_lazy_lemmas_global_8.smt2,unsat,0.5
/hycomp/ball_count_2d_hill_simple.05.redlog_global_8.smt2,unsat,0.0
/hycomp/ball_count_2d_hill_simple.04.seq_lazy_lemmas_global_5.smt2,unsat,0.0
/hycomp/ball_count_2d_plain.01.seq_lazy_lemmas_global_8.smt2,sat,0.3181624412536621
/hycomp/ball_count_2d_hill_simple.10.seq_lazy_linear_enc_lemmas_global_6.smt2,unsat,0.0
/hycomp/ball_count_2d_plain.02.seq_lazy_linear_enc_lemmas_global_12.smt2,sat,0.1
/hycomp/etcs_braking_2.01.seq_lazy_linear_enc_lemmas_global_0.smt2,unsat,0.0
/hycomp/ball_count_2d_plain.10.seq_lazy_global_6.smt2,unsat,0.0
/hycomp/ball_count_2d_hill_simple.10.redlog_global_7.smt2,unsat,0.0
/hycomp/ball_count_2d_hill.05.seq_lazy_lemmas_global_7.smt2,unsat,0.0
/hycomp/ball_count_2d_slope.10.seq_lazy_global_6.smt2,unsat,0.0
/hycomp/etcs_braking_2.01.qfree_global_14.smt2,unsat,1.8
/hycomp/ball_count_2d_hill_simple.02.seq_lazy_global_0.smt2,unsat,0.0
/hycomp/ball_count_1d_plain.05.seq_lazy_linear_enc_global_10.smt2,unsat,0.40376853942871094
/hycomp/ball_count_2d_hill.04.redlog_global_9.smt2,unsat,0.3094635009765625
/hycomp/ball_count_2d_plain.05.redlog_global_0.smt2,unsat,0.0
/hycomp/etcs_braking_2.01.redlog_global_13.smt2,failed,1200.0
/hycomp/ball_count_2d_slope.03.seq_lazy_global_2.smt2,unsat,0.0
/hycomp/ball_count_2d_plain.01.seq_lazy_global_6.smt2,sat,0.0
/hycomp/ball_count_1d_plain.01.redlog_global_11.smt2,unsat,0.0
/hycomp/ball_count_2d_hill_simple.10.redlog_global_4.smt2,unsat,0.0
/hycomp/ball_count_1d_plain.10.seq_lazy_lemmas_global_2.smt2,unsat,0.0
/hycomp/ball_count_2d_hill_simple.04.redlog_global_14.smt2,failed,1200.0
/hycomp/ball_count_2d_plain.04.seq_lazy_lemmas_global_3.smt2,unsat,0.0
/hycomp/ball_count_2d_hill_simple.10.seq_lazy_linear_enc_lemmas_global_0.smt2,unsat,0.0
/hycomp/ball_count_2d_plain.05.seq_lazy_linear_enc_global_11.smt2,unsat,0.0
/hycomp/ball_count_2d_slope.03.seq_lazy_linear_enc_global_15.smt2,unsat,1.4302008152008057
/hycomp/ball_count_2d_slope.04.seq_lazy_global_0.smt2,unsat,0.0
/hycomp/ball_count_1d_plain.10.seq_lazy_linear_enc_global_14.smt2,unsat,15.184424638748169
/hycomp/ball_count_2d_slope.03.seq_lazy_lemmas_global_11.smt2,unsat,0.4232912063598633
/hycomp/ball_count_2d_hill.01.seq_lazy_linear_enc_global_5.smt2,unsat,0.0
/hycomp/ball_count_2d_plain.10.seq_lazy_linear_enc_global_2.smt2,unsat,0.0
/hycomp/ball_count_2d_plain.10.seq_lazy_global_2.smt2,unsat,0.0
/hycomp/ball_count_2d_plain.03.seq_lazy_linear_enc_global_9.smt2,unsat,0.0
/hycomp/ball_count_2d_hill_simple.05.seq_lazy_global_5.smt2,unsat,0.0
/hycomp/ball_count_2d_hill_simple.01.seq_lazy_global_7.smt2,unsat,0.0
/hycomp/ball_count_1d_plain.01.seq_lazy_lemmas_global_4.smt2,sat,0.0
/hycomp/ball_count_1d_plain.01.seq_lazy_linear_enc_global_9.smt2,unsat,0.0
/hycomp/ball_count_2d_hill_simple.05.seq_lazy_linear_enc_lemmas_global_5.smt2,unsat,0.0
/hycomp/ball_count_2d_slope.01.seq_lazy_linear_enc_global_10.smt2,unsat,0.0
/hycomp/simple_ballistics_reach.01.seq_lazy_linear_enc_lemmas_global_1.smt2,unsat,0.1
/hycomp/ball_count_2d_plain.01.seq_lazy_linear_enc_lemmas_global_15.smt2,unsat,0.0
/hycomp/ball_count_2d_slope.03.seq_lazy_linear_enc_global_4.smt2,unsat,0.0
/hycomp/ball_count_2d_plain.05.seq_lazy_lemmas_global_6.smt2,unsat,1.2033417224884033
/hycomp/ball_count_1d_plain.04.qfree_global_14.smt2,sat,0.5230255126953125
/hycomp/ball_count_2d_hill.10.seq_lazy_linear_enc_global_3.smt2,unsat,0.0
/hycomp/ball_count_2d_hill.04.seq_lazy_lemmas_global_6.smt2,unsat,0.0
/hycomp/ball_count_2d_plain.05.seq_lazy_global_3.smt2,unsat,0.0
/hycomp/ball_count_2d_slope.10.seq_lazy_global_0.smt2,unsat,0.0
/hycomp/ball_count_2d_hill.04.seq_lazy_linear_enc_lemmas_global_0.smt2,unsat,0.0
/hycomp/ball_count_2d_hill.01.seq_lazy_lemmas_global_4.smt2,sat,0.0
/hycomp/ball_count_1d_plain.10.redlog_global_3.smt2,unsat,0.0
/hycomp/ball_count_2d_hill.01.redlog_global_1.smt2,unsat,0.0
/hycomp/ball_count_2d_hill.03.redlog_global_12.smt2,failed,1200.0
/hycomp/ball_count_2d_slope.05.seq_lazy_lemmas_global_1.smt2,unsat,0.0
/hycomp/ball_count_1d_plain.03.redlog_global_13.smt2,unsat,0.035916805267333984
/hycomp/ball_count_2d_hill.10.seq_lazy_global_11.smt2,unsat,0.0
/hycomp/ball_count_2d_plain.10.seq_lazy_linear_enc_lemmas_global_14.smt2,unsat,15.0
/hycomp/ball_count_1d_plain.10.redlog_global_14.smt2,unsat,15.371066331863403
/hycomp/ball_count_2d_hill.05.redlog_global_0.smt2,unsat,0.0
/hycomp/ball_count_2d_hill.03.seq_lazy_linear_enc_lemmas_global_11.smt2,unsat,0.08083391189575195
/hycomp/ball_count_2d_slope.03.seq_lazy_linear_enc_lemmas_global_11.smt2,unsat,0.0
/hycomp/ball_count_1d_plain.04.redlog_global_15.smt2,unsat,0.046723127365112305
/hycomp/ball_count_2d_hill_simple.01.redlog_global_11.smt2,unsat,0.0
/hycomp/ball_count_1d_plain.04.seq_lazy_linear_enc_global_1.smt2,unsat,0.0
/hycomp/ball_count_1d_plain.03.seq_lazy_linear_enc_global_9.smt2,unsat,0.0
/hycomp/ball_count_2d_hill_simple.04.seq_lazy_linear_enc_lemmas_global_5.smt2,unsat,0.0
/hycomp/ball_count_2d_plain.10.qfree_global_6.smt2,unsat,0.0
/hycomp/ball_count_1d_plain.04.seq_lazy_linear_enc_global_8.smt2,unsat,0.2923426628112793
/hycomp/ball_count_2d_slope.05.seq_lazy_lemmas_global_9.smt2,unsat,0.22019410133361816
/hycomp/ball_count_1d_plain.04.seq_lazy_global_1.smt2,unsat,0.0
/hycomp/ball_count_2d_hill_simple.01.qfree_global_12.smt2,sat,0.0
/hycomp/ball_count_2d_plain.04.qfree_global_2.smt2,unsat,0.0
/hycomp/ball_count_2d_hill_simple.02.seq_lazy_linear_enc_global_12.smt2,sat,0.2
/hycomp/ball_count_2d_slope.02.seq_lazy_lemmas_global_7.smt2,unsat,0.0
/hycomp/ball_count_2d_hill.02.seq_lazy_global_7.smt2,unsat,0.0
/hycomp/ball_count_2d_plain.02.qfree_global_1.smt2,unsat,0.0
/hycomp/ball_count_1d_plain.01.seq_lazy_linear_enc_global_13.smt2,unsat,0.0
/hycomp/ball_count_2d_hill.01.seq_lazy_lemmas_global_6.smt2,sat,0.0
/hycomp/ball_count_1d_plain.02.redlog_global_5.smt2,unsat,0.0
/hycomp/ball_count_2d_hill_simple.03.seq_lazy_linear_enc_lemmas_global_7.smt2,unsat,0.0
/hycomp/ball_count_2d_hill.03.seq_lazy_lemmas_global_15.smt2,unsat,0.10348081588745117
/hycomp/ball_count_2d_hill.03.redlog_global_15.smt2,unsat,2.5801923274993896
/hycomp/ball_count_2d_slope.04.seq_lazy_linear_enc_lemmas_global_7.smt2,unsat,0.0
/hycomp/ball_count_2d_plain.01.seq_lazy_global_13.smt2,unsat,0.0
/hycomp/ball_count_2d_plain.01.seq_lazy_linear_enc_global_3.smt2,unsat,0.0
/hycomp/ball_count_2d_hill_simple.01.seq_lazy_global_12.smt2,sat,0.0
/hycomp/ball_count_2d_hill.10.redlog_global_11.smt2,unsat,0.0
/hycomp/ball_count_2d_plain.05.qfree_global_15.smt2,unsat,0.0
/hycomp/ball_count_2d_hill_simple.10.seq_lazy_global_8.smt2,unsat,0.0
/hycomp/ball_count_2d_plain.02.seq_lazy_linear_enc_global_15.smt2,unsat,0.0
/hycomp/ball_count_1d_plain.05.seq_lazy_linear_enc_global_12.smt2,unsat,15.0
/hycomp/ball_count_2d_hill_simple.04.seq_lazy_lemmas_global_9.smt2,unsat,0.0
/hycomp/ball_count_1d_plain.05.seq_lazy_lemmas_global_2.smt2,unsat,0.0
/hycomp/ball_count_2d_hill.05.seq_lazy_linear_enc_global_8.smt2,unsat,0.0
/hycomp/ball_count_2d_slope.10.seq_lazy_linear_enc_global_2.smt2,unsat,0.0
/hycomp/ball_count_2d_hill.10.seq_lazy_global_2.smt2,unsat,0.0
/hycomp/etcs_braking_2.01.seq_lazy_lemmas_global_3.smt2,unsat,0.0
/hycomp/etcs_braking_2.01.seq_lazy_linear_enc_global_13.smt2,failed,1200.0
/hycomp/ball_count_2d_plain.02.seq_lazy_linear_enc_lemmas_global_1.smt2,unsat,0.0
/hycomp/ball_count_2d_hill_simple.04.seq_lazy_linear_enc_lemmas_global_7.smt2,unsat,0.0
/hycomp/ball_count_1d_plain.04.seq_lazy_lemmas_global_1.smt2,unsat,0.0
/hycomp/ball_count_2d_plain.02.seq_lazy_global_5.smt2,unsat,0.0
/hycomp/ball_count_2d_hill_simple.01.redlog_global_4.smt2,sat,0.059752702713012695
/hycomp/ball_count_2d_slope.05.seq_lazy_lemmas_global_13.smt2,unsat,0.7671101093292236
/hycomp/ball_count_2d_hill.03.seq_lazy_lemmas_global_1.smt2,unsat,0.0
/hycomp/ball_count_2d_hill_simple.04.seq_lazy_linear_enc_global_0.smt2,unsat,0.0
/hycomp/ball_count_1d_plain.01.seq_lazy_lemmas_global_14.smt2,sat,0.0
/hycomp/etcs_braking_2.01.qfree_global_7.smt2,unsat,0.1
/hycomp/ball_count_2d_hill_simple.01.qfree_global_13.smt2,unsat,0.0
/hycomp/ball_count_2d_hill_simple.10.seq_lazy_lemmas_global_0.smt2,unsat,0.0
/hycomp/ball_count_2d_hill_simple.02.seq_lazy_linear_enc_lemmas_global_1.smt2,unsat,0.0
/hycomp/ball_count_2d_slope.10.seq_lazy_lemmas_global_8.smt2,unsat,0.1
/hycomp/ball_count_2d_slope.02.seq_lazy_linear_enc_lemmas_global_14.smt2,unsat,0.0
/hycomp/ball_count_2d_plain.02.seq_lazy_linear_enc_global_10.smt2,sat,0.3042643070220947
/hycomp/ball_count_2d_plain.02.redlog_global_7.smt2,unsat,0.0
/hycomp/ball_count_1d_plain.03.qfree_global_5.smt2,unsat,0.0
/hycomp/ball_count_2d_hill_simple.02.redlog_global_12.smt2,failed,1200.0
/hycomp/ball_count_2d_hill_simple.02.redlog_global_1.smt2,unsat,0.0
/hycomp/ball_count_1d_plain.04.redlog_global_1.smt2,unsat,0.0
/hycomp/ball_count_2d_slope.10.seq_lazy_linear_enc_global_3.smt2,unsat,0.0
/hycomp/ball_count_2d_hill_simple.02.seq_lazy_linear_enc_global_4.smt2,unsat,0.0
/hycomp/ball_count_1d_plain.02.seq_lazy_linear_enc_global_14.smt2,sat,0.2628819942474365
/hycomp/ball_count_1d_plain.02.seq_lazy_linear_enc_global_1.smt2,unsat,0.0
/hycomp/ball_count_2d_plain.10.redlog_global_14.smt2,unsat,15.3
/hycomp/ball_count_2d_hill_simple.04.seq_lazy_global_6.smt2,unsat,0.0
/hycomp/ball_count_2d_slope.04.seq_lazy_lemmas_global_10.smt2,failed,1200.0
/hycomp/ball_count_2d_slope.03.seq_lazy_global_0.smt2,unsat,0.0
/hycomp/ball_count_1d_plain.04.seq_lazy_lemmas_global_9.smt2,unsat,0.0
/hycomp/ball_count_2d_slope.05.seq_lazy_global_2.smt2,unsat,0.0
/hycomp/ball_count_2d_plain.02.seq_lazy_global_3.smt2,unsat,0.0
/hycomp/ball_count_2d_hill.03.seq_lazy_lemmas_global_10.smt2,failed,1200.0
/hycomp/ball_count_2d_hill.01.seq_lazy_global_15.smt2,unsat,0.0
/hycomp/ball_count_2d_plain.05.qfree_global_4.smt2,unsat,0.0
/hycomp/ball_count_2d_slope.04.seq_lazy_linear_enc_global_7.smt2,unsat,0.06351542472839355
/hycomp/ball_count_2d_hill_simple.03.seq_lazy_lemmas_global_3.smt2,unsat,0.0
/hycomp/ball_count_2d_hill.02.redlog_global_13.smt2,unsat,0.0
/hycomp/ball_count_2d_hill.10.seq_lazy_lemmas_global_11.smt2,unsat,0.0
/hycomp/ball_count_2d_slope.02.seq_lazy_global_9.smt2,unsat,0.0
/hycomp/ball_count_2d_hill_simple.05.qfree_global_13.smt2,unsat,0.0
/hycomp/ball_count_2d_hill_simple.03.seq_lazy_global_8.smt2,unsat,5.0
/hycomp/ball_count_2d_hill_simple.04.seq_lazy_linear_enc_lemmas_global_0.smt2,unsat,0.0
/hycomp/ball_count_2d_hill_simple.03.seq_lazy_linear_enc_lemmas_global_12.smt2,sat,0.32649660110473633
/hycomp/ball_count_2d_hill.02.seq_lazy_lemmas_global_9.smt2,unsat,0.0
/hycomp/ball_count_2d_hill_simple.05.qfree_global_15.smt2,unsat,0.0
/hycomp/ball_count_1d_plain.01.seq_lazy_linear_enc_global_8.smt2,sat,0.0
/hycomp/ball_count_2d_hill_simple.10.seq_lazy_lemmas_global_12.smt2,unsat,0.0
/hycomp/etcs_braking_2.01.seq_lazy_linear_enc_global_11.smt2,unsat,0.5
/hycomp/ball_count_2d_plain.01.seq_lazy_linear_enc_global_10.smt2,sat,0.06607627868652344
/hycomp/ball_count_2d_hill_simple.03.seq_lazy_global_9.smt2,unsat,0.0
/hycomp/ball_count_2d_hill.04.seq_lazy_linear_enc_lemmas_global_14.smt2,failed,1200.0
/hycomp/ball_count_2d_hill.05.seq_lazy_global_8.smt2,unsat,0.0
/hycomp/ball_count_2d_plain.04.seq_lazy_lemmas_global_10.smt2,unsat,15.087924003601074
/hycomp/ball_count_2d_plain.03.seq_lazy_linear_enc_lemmas_global_9.smt2,unsat,0.0
/hycomp/ball_count_2d_slope.10.seq_lazy_global_3.smt2,unsat,0.0
/hycomp/ball_count_2d_hill.02.seq_lazy_linear_enc_lemmas_global_12.smt2,failed,1200.0
/hycomp/ball_count_2d_hill_simple.04.seq_lazy_lemmas_global_7.smt2,unsat,0.0
/hycomp/ball_count_2d_hill.04.redlog_global_3.smt2,unsat,0.0
/hycomp/ball_count_1d_plain.03.seq_lazy_lemmas_global_8.smt2,unsat,5.2
/hycomp/ball_count_2d_plain.05.seq_lazy_linear_enc_global_14.smt2,unsat,15.1
/hycomp/ball_count_1d_plain.05.seq_lazy_lemmas_global_11.smt2,unsat,0.0
/hycomp/ball_count_1d_plain.05.seq_lazy_linear_enc_lemmas_global_6.smt2,unsat,5.0
/hycomp/ball_count_2d_hill.05.seq_lazy_lemmas_global_13.smt2,unsat,0.08860564231872559
/hycomp/ball_count_1d_plain.03.qfree_global_4.smt2,unsat,0.0
/hycomp/ball_count_2d_hill.03.seq_lazy_global_1.smt2,unsat,0.0
/hycomp/ball_count_2d_plain.01.seq_lazy_linear_enc_lemmas_global_4.smt2,sat,0.0
/hycomp/ball_count_2d_slope.10.seq_lazy_global_4.smt2,unsat,0.0
/hycomp/ball_count_2d_slope.04.seq_lazy_linear_enc_global_10.smt2,failed,1200.0
/hycomp/ball_count_2d_slope.01.seq_lazy_lemmas_global_15.smt2,unsat,0.0
/hycomp/ball_count_1d_plain.03.redlog_global_1.smt2,unsat,0.0
/hycomp/ball_count_1d_plain.10.seq_lazy_lemmas_global_13.smt2,unsat,0.0
/hycomp/ball_count_2d_plain.03.qfree_global_14.smt2,failed,1200.0
/hycomp/ball_count_2d_plain.10.seq_lazy_linear_enc_lemmas_global_11.smt2,unsat,0.0
/hycomp/ball_count_2d_hill_simple.10.qfree_global_1.smt2,unsat,0.0
/hycomp/etcs_braking_2.01.seq_lazy_linear_enc_lemmas_global_4.smt2,unsat,0.0
/hycomp/ball_count_2d_plain.04.seq_lazy_linear_enc_lemmas_global_2.smt2,unsat,0.0
/hycomp/ball_count_1d_plain.10.seq_lazy_lemmas_global_4.smt2,unsat,0.0
/hycomp/ball_count_1d_plain.02.seq_lazy_lemmas_global_14.smt2,sat,0.8600690364837646
/hycomp/ball_count_2d_plain.05.redlog_global_14.smt2,unsat,15.0
/hycomp/ball_count_2d_hill.01.seq_lazy_lemmas_global_8.smt2,sat,0.0
/hycomp/ball_count_2d_hill_simple.02.seq_lazy_global_12.smt2,sat,0.1
/hycomp/ball_count_2d_plain.10.qfree_global_15.smt2,unsat,0.0
/hycomp/simple_ballistics_reach.01.seq_lazy_linear_enc_lemmas_global_7.smt2,failed,1200.0
/hycomp/ball_count_2d_hill.03.seq_lazy_global_2.smt2,unsat,0.0
/hycomp/ball_count_2d_plain.04.seq_lazy_global_10.smt2,unsat,15.0
/hycomp/ball_count_1d_plain.10.seq_lazy_global_11.smt2,unsat,0.0
/hycomp/ball_count_2d_hill_simple.01.seq_lazy_lemmas_global_9.smt2,unsat,0.0
/hycomp/ball_count_2d_plain.05.seq_lazy_linear_enc_global_4.smt2,unsat,0.0
/hycomp/ball_count_2d_hill.10.seq_lazy_linear_enc_lemmas_global_4.smt2,unsat,0.0
/hycomp/ball_count_1d_plain.05.redlog_global_15.smt2,unsat,0.040483951568603516
/hycomp/ball_count_2d_hill_simple.10.seq_lazy_lemmas_global_4.smt2,unsat,0.0
/hycomp/ball_count_2d_plain.01.seq_lazy_linear_enc_global_0.smt2,unsat,0.0
/hycomp/ball_count_2d_hill.05.seq_lazy_linear_enc_lemmas_global_0.smt2,unsat,0.0
/hycomp/ball_count_2d_hill_simple.10.seq_lazy_linear_enc_global_7.smt2,unsat,0.0
/hycomp/ball_count_2d_slope.05.seq_lazy_global_8.smt2,unsat,0.2
/hycomp/ball_count_2d_hill.10.seq_lazy_linear_enc_global_1.smt2,unsat,0.0
/hycomp/ball_count_2d_hill.10.seq_lazy_linear_enc_lemmas_global_11.smt2,unsat,0.0
/hycomp/ball_count_2d_slope.01.seq_lazy_global_3.smt2,unsat,0.0
/hycomp/ball_count_2d_hill_simple.01.seq_lazy_linear_enc_lemmas_global_9.smt2,unsat,0.0
/hycomp/ball_count_2d_slope.03.seq_lazy_linear_enc_global_13.smt2,unsat,0.48227858543395996
/hycomp/ball_count_2d_slope.05.seq_lazy_linear_enc_lemmas_global_8.smt2,unsat,0.0
/hycomp/etcs_braking_2.01.seq_lazy_global_15.smt2,unsat,15.1
/hycomp/ball_count_1d_plain.02.seq_lazy_linear_enc_global_11.smt2,unsat,0.0
/hycomp/ball_count_2d_hill_simple.10.qfree_global_6.smt2,unsat,0.0
/hycomp/ball_count_1d_plain.01.qfree_global_13.smt2,unsat,0.0
/hycomp/ball_count_2d_slope.03.seq_lazy_linear_enc_global_11.smt2,unsat,0.23380517959594727
/hycomp/ball_count_1d_plain.10.redlog_global_0.smt2,unsat,0.0
/hycomp/etcs_braking_2.01.redlog_global_6.smt2,unsat,15.0
/hycomp/ball_count_2d_hill_simple.10.seq_lazy_linear_enc_lemmas_global_2.smt2,unsat,0.0
/hycomp/ball_count_2d_hill.02.seq_lazy_linear_enc_lemmas_global_4.smt2,unsat,0.0
/hycomp/ball_count_2d_hill_simple.04.qfree_global_11.smt2,unsat,0.0
/hycomp/ball_count_2d_plain.05.seq_lazy_lemmas_global_10.smt2,unsat,15.0
/hycomp/ball_count_2d_slope.03.seq_lazy_linear_enc_global_9.smt2,unsat,0.12838435173034668
/hycomp/ball_count_2d_hill.01.redlog_global_12.smt2,sat,0.1
/hycomp/ball_count_2d_slope.03.seq_lazy_lemmas_global_12.smt2,failed,1200.0
/hycomp/ball_count_2d_hill_simple.04.seq_lazy_global_11.smt2,unsat,0.0
/hycomp/simple_ballistics_reach.01.seq_lazy_linear_enc_global_0.smt2,unsat,0.0
/hycomp/simple_ballistics_reach.01.seq_lazy_linear_enc_lemmas_global_0.smt2,unsat,0.0
/hycomp/ball_count_2d_hill_simple.10.seq_lazy_linear_enc_global_1.smt2,unsat,0.0
/hycomp/ball_count_2d_hill.01.seq_lazy_linear_enc_lemmas_global_4.smt2,sat,0.0
/hycomp/ball_count_2d_hill.02.seq_lazy_lemmas_global_11.smt2,unsat,0.0
/hycomp/etcs_braking_2.01.seq_lazy_linear_enc_lemmas_global_12.smt2,unsat,1.0
/hycomp/ball_count_2d_hill_simple.10.seq_lazy_linear_enc_lemmas_global_1.smt2,unsat,0.0
/hycomp/ball_count_1d_plain.04.seq_lazy_linear_enc_lemmas_global_7.smt2,unsat,0.0
/hycomp/ball_count_2d_hill.04.redlog_global_13.smt2,unsat,1.4507017135620117
/hycomp/simple_ballistics_reach.01.seq_lazy_global_15.smt2,failed,1200.0
/hycomp/ball_count_2d_slope.05.seq_lazy_linear_enc_lemmas_global_12.smt2,unsat,0.0
/hycomp/ball_count_1d_plain.01.seq_lazy_linear_enc_lemmas_global_14.smt2,sat,0.0
/hycomp/ball_count_2d_hill.01.seq_lazy_global_13.smt2,unsat,0.0
/hycomp/ball_count_2d_hill.05.seq_lazy_lemmas_global_1.smt2,unsat,0.0
/hycomp/ball_count_2d_plain.04.seq_lazy_linear_enc_global_12.smt2,unsat,15.0
/hycomp/ball_count_2d_hill.04.seq_lazy_linear_enc_global_4.smt2,unsat,0.0
/hycomp/ball_count_2d_slope.01.seq_lazy_global_15.smt2,unsat,0.0
/hycomp/ball_count_2d_hill.05.seq_lazy_linear_enc_global_10.smt2,unsat,0.2
/hycomp/ball_count_1d_plain.05.seq_lazy_linear_enc_lemmas_global_15.smt2,unsat,0.056752681732177734
/hycomp/ball_count_2d_plain.05.seq_lazy_linear_enc_lemmas_global_0.smt2,unsat,0.0
/hycomp/ball_count_1d_plain.01.redlog_global_7.smt2,unsat,0.0
/hycomp/ball_count_2d_slope.10.seq_lazy_linear_enc_lemmas_global_13.smt2,unsat,0.0
/hycomp/etcs_braking_2.01.qfree_global_1.smt2,unsat,0.0
/hycomp/ball_count_1d_plain.03.redlog_global_9.smt2,unsat,0.0
/hycomp/ball_count_2d_hill.10.seq_lazy_lemmas_global_14.smt2,unsat,0.1
/hycomp/ball_count_2d_slope.02.seq_lazy_linear_enc_lemmas_global_7.smt2,unsat,0.0
/hycomp/ball_count_2d_hill_simple.01.seq_lazy_global_8.smt2,sat,0.0
/hycomp/ball_count_2d_slope.05.seq_lazy_global_7.smt2,unsat,0.1
/hycomp/ball_count_2d_hill.01.seq_lazy_linear_enc_lemmas_global_12.smt2,sat,0.0
/hycomp/ball_count_2d_hill_simple.01.seq_lazy_global_4.smt2,sat,0.0
/hycomp/ball_count_2d_hill_simple.02.qfree_global_5.smt2,unsat,0.0
/hycomp/ball_count_2d_hill_simple.04.seq_lazy_global_10.smt2,unsat,5.0
/hycomp/ball_count_2d_hill.03.seq_lazy_global_14.smt2,failed,1200.0
/hycomp/ball_count_2d_slope.02.seq_lazy_linear_enc_lemmas_global_13.smt2,unsat,0.0
/hycomp/ball_count_2d_slope.10.seq_lazy_linear_enc_lemmas_global_5.smt2,unsat,0.0
/hycomp/ball_count_2d_plain.05.seq_lazy_linear_enc_lemmas_global_1.smt2,unsat,0.0
/hycomp/ball_count_2d_hill.01.seq_lazy_linear_enc_lemmas_global_5.smt2,unsat,0.0
/hycomp/ball_count_2d_hill.02.redlog_global_14.smt2,failed,1200.0
/hycomp/ball_count_2d_plain.04.seq_lazy_global_9.smt2,unsat,0.0
/hycomp/ball_count_2d_plain.03.qfree_global_3.smt2,unsat,0.0
/hycomp/etcs_braking_2.01.seq_lazy_linear_enc_lemmas_global_3.smt2,unsat,0.0
/hycomp/ball_count_2d_hill_simple.04.qfree_global_9.smt2,unsat,0.0
/hycomp/ball_count_2d_slope.05.seq_lazy_linear_enc_global_13.smt2,unsat,1.1726794242858887
/hycomp/ball_count_1d_plain.04.qfree_global_15.smt2,unsat,0.037543296813964844
/hycomp/etcs_braking_2.01.seq_lazy_linear_enc_lemmas_global_5.smt2,unsat,0.0
/hycomp/ball_count_2d_plain.02.seq_lazy_linear_enc_lemmas_global_11.smt2,unsat,0.0
/hycomp/ball_count_2d_slope.04.seq_lazy_global_12.smt2,failed,1200.0
/hycomp/ball_count_2d_hill_simple.04.seq_lazy_global_4.smt2,unsat,0.0
/hycomp/ball_count_2d_hill.02.seq_lazy_linear_enc_lemmas_global_13.smt2,unsat,0.0
/hycomp/ball_count_2d_slope.10.seq_lazy_linear_enc_global_12.smt2,unsat,2.485154867172241
/hycomp/ball_count_2d_plain.05.seq_lazy_linear_enc_global_0.smt2,unsat,0.0
/hycomp/ball_count_2d_plain.02.seq_lazy_linear_enc_global_3.smt2,unsat,0.0
/hycomp/ball_count_2d_hill_simple.01.seq_lazy_linear_enc_global_11.smt2,unsat,0.0
/hycomp/ball_count_1d_plain.04.seq_lazy_linear_enc_global_9.smt2,unsat,0.0
/hycomp/ball_count_2d_hill_simple.03.seq_lazy_linear_enc_global_6.smt2,unsat,0.0
/hycomp/ball_count_2d_slope.04.seq_lazy_global_6.smt2,unsat,0.0
/hycomp/ball_count_2d_plain.02.qfree_global_2.smt2,unsat,0.0
/hycomp/ball_count_2d_slope.05.seq_lazy_linear_enc_global_7.smt2,unsat,0.06675863265991211
/hycomp/ball_count_1d_plain.03.seq_lazy_global_10.smt2,sat,0.1569960117340088
/hycomp/ball_count_1d_plain.01.seq_lazy_linear_enc_lemmas_global_3.smt2,unsat,0.0
/hycomp/ball_count_1d_plain.04.seq_lazy_lemmas_global_10.smt2,unsat,15.0
/hycomp/ball_count_2d_hill_simple.01.seq_lazy_global_14.smt2,sat,0.1
/hycomp/ball_count_2d_hill_simple.05.seq_lazy_linear_enc_global_2.smt2,unsat,0.0
/hycomp/ball_count_1d_plain.03.seq_lazy_linear_enc_global_5.smt2,unsat,0.0
/hycomp/ball_count_2d_hill.01.seq_lazy_lemmas_global_11.smt2,unsat,0.0
/hycomp/ball_count_2d_plain.01.qfree_global_15.smt2,unsat,0.0
/hycomp/ball_count_2d_hill_simple.03.seq_lazy_lemmas_global_4.smt2,unsat,0.0
/hycomp/ball_count_2d_slope.05.seq_lazy_global_5.smt2,unsat,0.0
/hycomp/ball_count_2d_slope.05.seq_lazy_global_9.smt2,unsat,0.12711858749389648
/hycomp/ball_count_2d_hill_simple.04.seq_lazy_lemmas_global_3.smt2,unsat,0.0
/hycomp/ball_count_2d_plain.10.seq_lazy_linear_enc_global_10.smt2,unsat,15.0
/hycomp/ball_count_2d_hill.02.seq_lazy_linear_enc_lemmas_global_11.smt2,unsat,0.0
/hycomp/ball_count_2d_plain.05.qfree_global_8.smt2,unsat,0.1
/hycomp/ball_count_1d_plain.02.seq_lazy_global_13.smt2,unsat,0.0
/hycomp/ball_count_2d_hill_simple.10.qfree_global_13.smt2,unsat,0.0
/hycomp/ball_count_2d_plain.01.redlog_global_8.smt2,sat,0.0
/hycomp/ball_count_2d_slope.01.seq_lazy_global_4.smt2,unsat,0.0
/hycomp/simple_ballistics_reach.01.seq_lazy_linear_enc_global_12.smt2,unsat,0.0
/hycomp/ball_count_2d_hill_simple.04.seq_lazy_linear_enc_global_1.smt2,unsat,0.0
/hycomp/ball_count_2d_hill.05.seq_lazy_lemmas_global_10.smt2,unsat,0.1
/hycomp/ball_count_2d_slope.10.seq_lazy_linear_enc_lemmas_global_2.smt2,unsat,0.0
/hycomp/ball_count_2d_plain.04.qfree_global_10.smt2,unsat,0.7
/hycomp/ball_count_1d_plain.10.redlog_global_13.smt2,unsat,0.0
/hycomp/ball_count_2d_hill_simple.02.redlog_global_5.smt2,unsat,0.0
/hycomp/ball_count_1d_plain.01.qfree_global_10.smt2,sat,0.0
/hycomp/ball_count_2d_hill.10.seq_lazy_linear_enc_lemmas_global_2.smt2,unsat,0.0
/hycomp/ball_count_2d_slope.01.seq_lazy_linear_enc_lemmas_global_13.smt2,unsat,0.0
/hycomp/ball_count_2d_hill.01.seq_lazy_global_0.smt2,unsat,0.0
/hycomp/ball_count_2d_slope.10.seq_lazy_linear_enc_lemmas_global_11.smt2,unsat,0.0
/hycomp/ball_count_2d_hill.01.seq_lazy_linear_enc_lemmas_global_8.smt2,sat,0.0
/hycomp/etcs_braking_2.01.seq_lazy_global_13.smt2,failed,1200.0
/hycomp/ball_count_2d_hill_simple.05.qfree_global_7.smt2,unsat,0.0
/hycomp/ball_count_1d_plain.02.redlog_global_14.smt2,sat,5.7717695236206055
/hycomp/ball_count_2d_plain.04.seq_lazy_lemmas_global_1.smt2,unsat,0.0
/hycomp/ball_count_2d_hill_simple.05.redlog_global_4.smt2,unsat,0.0
/hycomp/ball_count_2d_hill_simple.05.seq_lazy_linear_enc_global_8.smt2,unsat,0.0
/hycomp/ball_count_2d_plain.05.redlog_global_7.smt2,unsat,0.0
/hycomp/ball_count_1d_plain.01.seq_lazy_global_4.smt2,sat,0.0
/hycomp/ball_count_2d_hill.02.seq_lazy_global_12.smt2,failed,1200.0
/hycomp/ball_count_2d_hill.05.seq_lazy_linear_enc_global_3.smt2,unsat,0.0
/hycomp/ball_count_2d_slope.03.seq_lazy_linear_enc_global_2.smt2,unsat,0.0
/hycomp/ball_count_2d_hill.05.seq_lazy_linear_enc_global_6.smt2,unsat,0.0
/hycomp/ball_count_2d_hill.02.redlog_global_4.smt2,failed,1200.0
/hycomp/ball_count_2d_plain.10.seq_lazy_global_4.smt2,unsat,0.0
/hycomp/ball_count_2d_slope.04.seq_lazy_linear_enc_global_9.smt2,unsat,0.15192031860351562
/hycomp/ball_count_1d_plain.10.seq_lazy_global_12.smt2,unsat,15.0
/hycomp/ball_count_2d_hill.10.seq_lazy_linear_enc_lemmas_global_9.smt2,unsat,0.0
/hycomp/ball_count_2d_hill.10.seq_lazy_lemmas_global_3.smt2,unsat,0.0
/hycomp/ball_count_1d_plain.10.seq_lazy_linear_enc_lemmas_global_13.smt2,unsat,0.0
/hycomp/ball_count_2d_plain.03.qfree_global_12.smt2,sat,0.5110399723052979
/hycomp/ball_count_1d_plain.03.seq_lazy_linear_enc_global_0.smt2,unsat,0.0
/hycomp/ball_count_1d_plain.01.seq_lazy_linear_enc_lemmas_global_6.smt2,sat,0.0
/hycomp/ball_count_2d_hill_simple.02.seq_lazy_linear_enc_global_10.smt2,sat,0.1
/hycomp/ball_count_2d_plain.05.qfree_global_5.smt2,unsat,0.0
/hycomp/ball_count_1d_plain.10.seq_lazy_linear_enc_global_11.smt2,unsat,0.0
/hycomp/ball_count_2d_hill.05.redlog_global_1.smt2,unsat,0.0
/hycomp/ball_count_2d_plain.04.seq_lazy_linear_enc_lemmas_global_11.smt2,unsat,0.0
/hycomp/ball_count_2d_plain.10.qfree_global_5.smt2,unsat,0.0
/hycomp/ball_count_1d_plain.02.seq_lazy_global_0.smt2,unsat,0.0
/hycomp/ball_count_2d_slope.04.seq_lazy_linear_enc_global_14.smt2,failed,1200.0
/hycomp/ball_count_2d_hill_simple.04.seq_lazy_linear_enc_lemmas_global_12.smt2,unsat,15.0
/hycomp/ball_count_1d_plain.02.qfree_global_7.smt2,unsat,0.0
/hycomp/etcs_braking_2.01.seq_lazy_lemmas_global_14.smt2,unsat,15.1
/hycomp/ball_count_1d_plain.01.seq_lazy_linear_enc_global_12.smt2,sat,0.0
/hycomp/ball_count_2d_slope.04.seq_lazy_global_10.smt2,failed,1200.0
/hycomp/ball_count_1d_plain.10.seq_lazy_lemmas_global_12.smt2,unsat,15.0
/hycomp/ball_count_2d_plain.10.seq_lazy_linear_enc_global_6.smt2,unsat,0.0
/hycomp/ball_count_2d_hill.10.seq_lazy_linear_enc_global_0.smt2,unsat,0.0
/hycomp/ball_count_2d_plain.10.seq_lazy_global_13.smt2,unsat,0.0
/hycomp/ball_count_1d_plain.02.seq_lazy_linear_enc_global_5.smt2,unsat,0.0
/hycomp/etcs_braking_2.01.seq_lazy_global_1.smt2,unsat,0.0
/hycomp/ball_count_2d_plain.04.redlog_global_10.smt2,unsat,15.0
/hycomp/ball_count_2d_hill.03.seq_lazy_linear_enc_lemmas_global_9.smt2,unsat,0.0
/hycomp/ball_count_2d_hill.02.seq_lazy_global_9.smt2,unsat,0.0
/hycomp/ball_count_2d_hill_simple.02.seq_lazy_linear_enc_global_5.smt2,unsat,0.0
/hycomp/ball_count_2d_plain.05.seq_lazy_lemmas_global_13.smt2,unsat,0.0
/hycomp/ball_count_1d_plain.10.seq_lazy_linear_enc_global_4.smt2,unsat,0.0
/hycomp/ball_count_2d_slope.10.seq_lazy_global_5.smt2,unsat,0.0
/hycomp/ball_count_1d_plain.05.seq_lazy_global_9.smt2,unsat,0.0
/hycomp/ball_count_2d_plain.01.redlog_global_10.smt2,sat,0.0
/hycomp/ball_count_1d_plain.02.redlog_global_8.smt2,sat,0.2557990550994873
/hycomp/ball_count_1d_plain.10.seq_lazy_lemmas_global_11.smt2,unsat,0.0
/hycomp/ball_count_2d_hill_simple.01.redlog_global_10.smt2,sat,1107.4
/hycomp/ball_count_2d_hill_simple.05.seq_lazy_lemmas_global_5.smt2,unsat,0.0
/hycomp/ball_count_2d_hill.02.seq_lazy_lemmas_global_13.smt2,unsat,0.0
/hycomp/ball_count_2d_hill.01.redlog_global_8.smt2,sat,0.1
/hycomp/ball_count_2d_hill_simple.10.qfree_global_12.smt2,unsat,0.0
/hycomp/ball_count_2d_hill.04.redlog_global_6.smt2,unsat,0.0
/hycomp/ball_count_1d_plain.02.seq_lazy_global_5.smt2,unsat,0.0
/hycomp/ball_count_2d_plain.02.seq_lazy_linear_enc_lemmas_global_15.smt2,unsat,0.0
/hycomp/etcs_braking_2.01.seq_lazy_linear_enc_global_14.smt2,unsat,15.0
/hycomp/ball_count_2d_hill_simple.05.seq_lazy_global_4.smt2,unsat,0.0
/hycomp/ball_count_2d_hill_simple.04.qfree_global_2.smt2,unsat,0.0
/hycomp/ball_count_2d_hill.01.seq_lazy_linear_enc_lemmas_global_6.smt2,sat,0.0
/hycomp/ball_count_1d_plain.04.qfree_global_6.smt2,unsat,0.1
/hycomp/ball_count_2d_slope.10.seq_lazy_lemmas_global_1.smt2,unsat,0.0
/hycomp/ball_count_2d_plain.02.seq_lazy_lemmas_global_1.smt2,unsat,0.0
/hycomp/ball_count_1d_plain.04.seq_lazy_global_0.smt2,unsat,0.0
/hycomp/ball_count_2d_hill.10.seq_lazy_lemmas_global_7.smt2,unsat,0.0
/hycomp/ball_count_1d_plain.01.seq_lazy_lemmas_global_12.smt2,sat,0.0
/hycomp/ball_count_2d_hill.02.seq_lazy_linear_enc_global_1.smt2,unsat,0.0
/hycomp/ball_count_2d_hill_simple.05.seq_lazy_global_11.smt2,unsat,0.0
/hycomp/ball_count_2d_slope.10.seq_lazy_lemmas_global_6.smt2,unsat,0.0
/hycomp/ball_count_2d_hill.03.seq_lazy_global_5.smt2,unsat,0.0
/hycomp/ball_count_2d_hill_simple.05.seq_lazy_lemmas_global_7.smt2,unsat,0.0
/hycomp/ball_count_2d_plain.05.qfree_global_10.smt2,unsat,0.8
/hycomp/etcs_braking_2.01.qfree_global_10.smt2,unsat,0.1
/hycomp/ball_count_2d_plain.01.seq_lazy_linear_enc_global_5.smt2,unsat,0.0
/hycomp/ball_count_2d_hill_simple.04.seq_lazy_lemmas_global_8.smt2,unsat,0.0
/hycomp/ball_count_2d_plain.01.seq_lazy_global_5.smt2,unsat,0.0
/hycomp/ball_count_1d_plain.02.seq_lazy_linear_enc_lemmas_global_8.smt2,sat,0.0
/hycomp/ball_count_1d_plain.10.qfree_global_8.smt2,unsat,0.42490625381469727
/hycomp/ball_count_2d_hill_simple.10.seq_lazy_linear_enc_lemmas_global_12.smt2,unsat,0.0
/hycomp/ball_count_2d_hill_simple.05.redlog_global_13.smt2,unsat,0.0
/hycomp/ball_count_2d_plain.03.seq_lazy_global_6.smt2,unsat,0.0
/hycomp/ball_count_2d_hill.01.redlog_global_2.smt2,sat,0.0
/hycomp/ball_count_2d_hill.03.redlog_global_13.smt2,unsat,0.9812264442443848
/hycomp/ball_count_2d_hill_simple.03.seq_lazy_linear_enc_global_13.smt2,unsat,0.0
/hycomp/ball_count_2d_plain.02.qfree_global_14.smt2,sat,0.5
/hycomp/etcs_braking_2.01.seq_lazy_global_11.smt2,unsat,0.6
/hycomp/ball_count_2d_hill_simple.04.seq_lazy_linear_enc_global_15.smt2,unsat,0.0
/hycomp/ball_count_1d_plain.10.qfree_global_15.smt2,unsat,0.0
/hycomp/ball_count_1d_plain.10.seq_lazy_linear_enc_global_15.smt2,unsat,0.0
/hycomp/ball_count_2d_plain.02.seq_lazy_global_4.smt2,unsat,0.0
/hycomp/ball_count_2d_hill.02.redlog_global_6.smt2,failed,1200.0
/hycomp/ball_count_2d_hill_simple.05.qfree_global_8.smt2,unsat,0.0
/hycomp/ball_count_2d_hill.10.seq_lazy_global_15.smt2,unsat,0.0
/hycomp/ball_count_2d_slope.02.seq_lazy_lemmas_global_0.smt2,unsat,0.0
/hycomp/ball_count_2d_plain.05.seq_lazy_linear_enc_global_10.smt2,unsat,15.0
/hycomp/ball_count_2d_hill_simple.03.seq_lazy_lemmas_global_15.smt2,unsat,0.0
/hycomp/ball_count_2d_plain.03.seq_lazy_global_3.smt2,unsat,0.0
/hycomp/ball_count_1d_plain.03.seq_lazy_global_2.smt2,unsat,0.0
/hycomp/simple_ballistics_reach.01.seq_lazy_global_4.smt2,unsat,0.0
/hycomp/ball_count_2d_plain.05.seq_lazy_linear_enc_lemmas_global_8.smt2,unsat,15.0
/hycomp/ball_count_2d_hill.05.redlog_global_12.smt2,failed,1200.0
/hycomp/ball_count_2d_hill_simple.10.seq_lazy_lemmas_global_11.smt2,unsat,0.0
/hycomp/ball_count_1d_plain.04.redlog_global_9.smt2,unsat,0.0
/hycomp/ball_count_2d_plain.01.seq_lazy_lemmas_global_3.smt2,unsat,0.0
/hycomp/ball_count_2d_plain.01.seq_lazy_linear_enc_global_14.smt2,sat,0.07564067840576172
/hycomp/ball_count_1d_plain.05.qfree_global_13.smt2,unsat,0.0
/hycomp/ball_count_2d_hill_simple.04.seq_lazy_linear_enc_lemmas_global_14.smt2,failed,1200.0
/hycomp/ball_count_2d_hill.02.seq_lazy_linear_enc_lemmas_global_14.smt2,failed,1200.0
/hycomp/ball_count_2d_plain.04.seq_lazy_global_14.smt2,sat,15.515079498291016
/hycomp/ball_count_2d_hill_simple.02.redlog_global_11.smt2,unsat,0.0
/hycomp/ball_count_2d_hill_simple.01.seq_lazy_lemmas_global_12.smt2,sat,0.5
/hycomp/ball_count_2d_plain.03.seq_lazy_lemmas_global_10.smt2,sat,15.1
/hycomp/ball_count_2d_slope.10.seq_lazy_linear_enc_lemmas_global_3.smt2,unsat,0.0
/hycomp/ball_count_2d_hill.02.seq_lazy_linear_enc_global_13.smt2,unsat,0.0
/hycomp/ball_count_2d_hill_simple.03.seq_lazy_linear_enc_global_9.smt2,unsat,0.0
/hycomp/ball_count_2d_plain.01.redlog_global_2.smt2,sat,0.0
/hycomp/ball_count_2d_hill_simple.05.seq_lazy_lemmas_global_1.smt2,unsat,0.0
/hycomp/ball_count_2d_hill_simple.05.seq_lazy_lemmas_global_4.smt2,unsat,0.0
/hycomp/ball_count_2d_hill_simple.05.seq_lazy_linear_enc_global_11.smt2,unsat,0.0
/hycomp/ball_count_2d_hill.01.seq_lazy_global_11.smt2,unsat,0.0
/hycomp/ball_count_2d_hill_simple.02.redlog_global_7.smt2,unsat,0.0
/hycomp/ball_count_2d_plain.03.seq_lazy_linear_enc_lemmas_global_6.smt2,unsat,0.6401195526123047
/hycomp/ball_count_2d_hill.04.seq_lazy_linear_enc_global_1.smt2,unsat,0.0
/hycomp/ball_count_2d_plain.05.qfree_global_6.smt2,unsat,0.0
/hycomp/ball_count_2d_slope.10.seq_lazy_lemmas_global_2.smt2,unsat,0.0
/hycomp/ball_count_2d_slope.10.seq_lazy_linear_enc_global_5.smt2,unsat,0.0
/hycomp/simple_ballistics_reach.01.seq_lazy_lemmas_global_9.smt2,failed,1200.0
/hycomp/ball_count_2d_hill_simple.05.seq_lazy_linear_enc_global_15.smt2,unsat,0.0
/hycomp/ball_count_2d_hill.04.seq_lazy_linear_enc_global_12.smt2,failed,1200.0
/hycomp/ball_count_2d_slope.05.seq_lazy_global_6.smt2,unsat,0.0
/hycomp/ball_count_1d_plain.04.qfree_global_13.smt2,unsat,0.0
/hycomp/ball_count_2d_plain.02.seq_lazy_lemmas_global_4.smt2,unsat,0.3
/hycomp/ball_count_2d_hill.01.seq_lazy_lemmas_global_9.smt2,unsat,0.0
/hycomp/ball_count_2d_plain.04.seq_lazy_linear_enc_lemmas_global_8.smt2,unsat,15.0
/hycomp/ball_count_2d_hill_simple.02.seq_lazy_linear_enc_global_0.smt2,unsat,0.0
/hycomp/ball_count_1d_plain.05.seq_lazy_linear_enc_global_3.smt2,unsat,0.0
/hycomp/ball_count_2d_plain.01.seq_lazy_linear_enc_global_11.smt2,unsat,0.0
/hycomp/ball_count_2d_hill_simple.02.seq_lazy_lemmas_global_12.smt2,sat,11.0
/hycomp/ball_count_2d_plain.10.seq_lazy_linear_enc_global_8.smt2,unsat,0.5368173122406006
/hycomp/ball_count_2d_plain.03.qfree_global_1.smt2,unsat,0.0
/hycomp/ball_count_2d_hill_simple.10.seq_lazy_global_3.smt2,unsat,0.0
/hycomp/ball_count_2d_hill_simple.10.seq_lazy_linear_enc_global_5.smt2,unsat,0.0
/hycomp/ball_count_2d_slope.05.seq_lazy_linear_enc_lemmas_global_11.smt2,unsat,0.0
/hycomp/ball_count_2d_hill_simple.05.redlog_global_10.smt2,sat,6.7
/hycomp/ball_count_2d_plain.01.seq_lazy_global_9.smt2,unsat,0.0
/hycomp/ball_count_2d_hill.05.redlog_global_3.smt2,unsat,0.0
/hycomp/ball_count_1d_plain.01.seq_lazy_global_11.smt2,unsat,0.0
/hycomp/ball_count_2d_hill.01.seq_lazy_linear_enc_global_4.smt2,sat,0.0
/hycomp/ball_count_2d_hill_simple.05.seq_lazy_linear_enc_lemmas_global_4.smt2,unsat,0.0
/hycomp/ball_count_2d_hill.02.redlog_global_15.smt2,unsat,0.0
/hycomp/ball_count_2d_slope.02.seq_lazy_linear_enc_global_8.smt2,failed,1200.0
/hycomp/ball_count_1d_plain.02.seq_lazy_linear_enc_lemmas_global_10.smt2,sat,0.0
/hycomp/ball_count_2d_hill_simple.05.seq_lazy_linear_enc_global_0.smt2,unsat,0.0
/hycomp/ball_count_2d_slope.05.seq_lazy_linear_enc_lemmas_global_4.smt2,unsat,0.0
/hycomp/ball_count_2d_hill_simple.01.seq_lazy_global_3.smt2,unsat,0.0
/hycomp/simple_ballistics_reach.01.seq_lazy_linear_enc_lemmas_global_12.smt2,unsat,0.0
/hycomp/ball_count_2d_hill.03.seq_lazy_linear_enc_lemmas_global_5.smt2,unsat,0.0
/hycomp/ball_count_2d_hill_simple.03.qfree_global_4.smt2,unsat,0.0
/hycomp/ball_count_1d_plain.10.redlog_global_7.smt2,unsat,0.0
/hycomp/ball_count_1d_plain.05.qfree_global_4.smt2,unsat,0.0
/hycomp/ball_count_2d_hill_simple.01.seq_lazy_global_11.smt2,unsat,0.0
/hycomp/ball_count_1d_plain.01.seq_lazy_linear_enc_lemmas_global_0.smt2,unsat,0.0
/hycomp/ball_count_1d_plain.02.qfree_global_13.smt2,unsat,0.0
/hycomp/ball_count_2d_hill_simple.01.seq_lazy_linear_enc_global_2.smt2,sat,0.0
/hycomp/ball_count_2d_hill.01.seq_lazy_linear_enc_lemmas_global_3.smt2,unsat,0.0
/hycomp/ball_count_2d_hill_simple.03.seq_lazy_lemmas_global_7.smt2,unsat,0.0
/hycomp/ball_count_2d_hill.10.redlog_global_8.smt2,unsat,0.3
/hycomp/ball_count_1d_plain.01.seq_lazy_global_12.smt2,sat,0.0
/hycomp/ball_count_2d_hill.05.seq_lazy_linear_enc_global_11.smt2,unsat,0.0
/hycomp/ball_count_1d_plain.01.seq_lazy_linear_enc_lemmas_global_7.smt2,unsat,0.0
/hycomp/ball_count_2d_hill_simple.02.redlog_global_3.smt2,unsat,0.0
/hycomp/ball_count_2d_hill_simple.05.seq_lazy_lemmas_global_13.smt2,unsat,0.0
/hycomp/ball_count_2d_plain.10.seq_lazy_global_12.smt2,unsat,15.0
/hycomp/ball_count_2d_slope.04.seq_lazy_lemmas_global_14.smt2,failed,1200.0
/hycomp/ball_count_2d_hill_simple.01.seq_lazy_lemmas_global_13.smt2,unsat,0.0
/hycomp/ball_count_2d_plain.03.qfree_global_9.smt2,unsat,0.0
/hycomp/ball_count_2d_plain.03.seq_lazy_linear_enc_lemmas_global_5.smt2,unsat,0.0
/hycomp/ball_count_1d_plain.03.seq_lazy_linear_enc_global_11.smt2,unsat,0.0
/hycomp/ball_count_1d_plain.01.seq_lazy_linear_enc_lemmas_global_15.smt2,unsat,0.0
/hycomp/ball_count_2d_hill_simple.03.seq_lazy_linear_enc_global_14.smt2,sat,5.0
/hycomp/ball_count_1d_plain.04.seq_lazy_lemmas_global_6.smt2,unsat,5.6
/hycomp/ball_count_2d_slope.04.seq_lazy_lemmas_global_5.smt2,unsat,0.0
/hycomp/ball_count_1d_plain.02.qfree_global_6.smt2,sat,0.04815077781677246
/hycomp/ball_count_2d_plain.03.seq_lazy_linear_enc_lemmas_global_12.smt2,sat,0.36475276947021484
/hycomp/ball_count_2d_hill.03.redlog_global_14.smt2,failed,1200.0
/hycomp/ball_count_2d_hill_simple.05.seq_lazy_global_3.smt2,unsat,0.0
/hycomp/ball_count_2d_plain.02.seq_lazy_linear_enc_global_5.smt2,unsat,0.0
/hycomp/ball_count_2d_hill_simple.01.seq_lazy_lemmas_global_11.smt2,unsat,0.0
/hycomp/ball_count_2d_plain.05.seq_lazy_global_10.smt2,unsat,15.0
/hycomp/ball_count_2d_hill_simple.02.qfree_global_7.smt2,unsat,0.0
/hycomp/ball_count_2d_hill_simple.04.seq_lazy_linear_enc_global_14.smt2,sat,25.0
/hycomp/ball_count_1d_plain.05.seq_lazy_global_7.smt2,unsat,0.0
/hycomp/ball_count_1d_plain.03.seq_lazy_linear_enc_global_7.smt2,unsat,0.0
/hycomp/ball_count_2d_hill_simple.02.seq_lazy_linear_enc_global_8.smt2,sat,0.0
/hycomp/etcs_braking_2.01.seq_lazy_linear_enc_lemmas_global_14.smt2,unsat,3.4
/hycomp/ball_count_2d_hill_simple.02.seq_lazy_lemmas_global_0.smt2,unsat,0.0
/hycomp/ball_count_2d_hill.04.seq_lazy_global_9.smt2,unsat,0.0
/hycomp/ball_count_2d_hill.01.seq_lazy_global_1.smt2,unsat,0.0
/hycomp/ball_count_2d_plain.10.seq_lazy_linear_enc_global_3.smt2,unsat,0.0
/hycomp/ball_count_1d_plain.05.seq_lazy_global_4.smt2,unsat,0.0
/hycomp/ball_count_2d_hill.10.seq_lazy_lemmas_global_13.smt2,unsat,0.0
/hycomp/ball_count_2d_plain.03.qfree_global_15.smt2,unsat,0.0
/hycomp/ball_count_1d_plain.10.qfree_global_9.smt2,unsat,0.0
/hycomp/ball_count_2d_plain.03.seq_lazy_linear_enc_global_3.smt2,unsat,0.0
/hycomp/ball_count_2d_hill.03.seq_lazy_lemmas_global_13.smt2,unsat,0.07199406623840332
/hycomp/ball_count_2d_hill.02.seq_lazy_lemmas_global_2.smt2,unsat,0.0
/hycomp/ball_count_2d_hill_simple.03.seq_lazy_global_14.smt2,sat,5.0
/hycomp/ball_count_2d_hill_simple.03.seq_lazy_linear_enc_lemmas_global_5.smt2,unsat,0.0
/hycomp/ball_count_1d_plain.03.redlog_global_10.smt2,sat,0.8063914775848389
/hycomp/ball_count_2d_plain.04.redlog_global_9.smt2,unsat,0.0
/hycomp/ball_count_2d_hill.04.seq_lazy_linear_enc_global_2.smt2,unsat,0.0
/hycomp/ball_count_1d_plain.01.qfree_global_1.smt2,unsat,0.0
/hycomp/ball_count_2d_hill.10.seq_lazy_global_14.smt2,unsat,0.0
/hycomp/ball_count_2d_hill_simple.10.redlog_global_12.smt2,unsat,0.0
/hycomp/ball_count_2d_plain.04.seq_lazy_global_13.smt2,unsat,0.0
/hycomp/ball_count_2d_hill_simple.01.redlog_global_5.smt2,unsat,0.0
/hycomp/ball_count_2d_hill.05.seq_lazy_linear_enc_lemmas_global_1.smt2,unsat,0.0
/hycomp/ball_count_2d_plain.10.qfree_global_8.smt2,unsat,0.1
/hycomp/ball_count_2d_hill_simple.05.seq_lazy_global_6.smt2,unsat,0.0
/hycomp/ball_count_2d_hill.03.seq_lazy_global_9.smt2,unsat,0.0
/hycomp/ball_count_2d_hill.03.seq_lazy_lemmas_global_14.smt2,failed,1200.0
/hycomp/ball_count_2d_hill_simple.01.seq_lazy_lemmas_global_0.smt2,unsat,0.0
/hycomp/ball_count_2d_hill.01.seq_lazy_global_2.smt2,unsat,0.0
/hycomp/ball_count_2d_slope.01.seq_lazy_global_12.smt2,failed,1200.0
/hycomp/ball_count_2d_hill_simple.01.redlog_global_15.smt2,unsat,0.0
/hycomp/ball_count_2d_slope.04.seq_lazy_linear_enc_global_0.smt2,unsat,0.0
/hycomp/ball_count_2d_plain.10.seq_lazy_global_11.smt2,unsat,0.0
/hycomp/ball_count_2d_plain.04.seq_lazy_lemmas_global_7.smt2,unsat,0.0
/hycomp/ball_count_2d_hill.04.seq_lazy_linear_enc_global_11.smt2,unsat,0.0
/hycomp/ball_count_1d_plain.01.seq_lazy_linear_enc_global_0.smt2,unsat,0.0
/hycomp/ball_count_2d_plain.10.seq_lazy_linear_enc_global_15.smt2,unsat,0.0
/hycomp/ball_count_2d_hill.03.seq_lazy_global_13.smt2,unsat,0.0
/hycomp/ball_count_2d_hill_simple.03.seq_lazy_lemmas_global_2.smt2,unsat,0.0
/hycomp/ball_count_2d_hill.01.redlog_global_15.smt2,unsat,0.0
/hycomp/ball_count_2d_slope.01.seq_lazy_linear_enc_global_9.smt2,unsat,0.0
/hycomp/ball_count_2d_plain.01.redlog_global_7.smt2,unsat,0.0
/hycomp/ball_count_2d_plain.05.seq_lazy_linear_enc_global_8.smt2,unsat,15.1
/hycomp/ball_count_2d_hill_simple.10.seq_lazy_linear_enc_lemmas_global_11.smt2,unsat,0.0
/hycomp/ball_count_2d_hill_simple.10.redlog_global_2.smt2,unsat,0.0
/hycomp/ball_count_2d_slope.05.seq_lazy_linear_enc_lemmas_global_15.smt2,unsat,0.0
/hycomp/ball_count_2d_hill_simple.04.seq_lazy_global_14.smt2,sat,5.6
/hycomp/ball_count_2d_plain.05.seq_lazy_linear_enc_lemmas_global_3.smt2,unsat,0.0
/hycomp/ball_count_1d_plain.03.seq_lazy_linear_enc_lemmas_global_11.smt2,unsat,0.0
/hycomp/ball_count_1d_plain.03.seq_lazy_lemmas_global_10.smt2,sat,0.8473258018493652
/hycomp/ball_count_2d_slope.05.seq_lazy_lemmas_global_8.smt2,unsat,0.1
/hycomp/ball_count_2d_hill_simple.02.seq_lazy_linear_enc_global_2.smt2,unsat,0.0
/hycomp/ball_count_2d_hill_simple.04.qfree_global_1.smt2,unsat,0.0
/hycomp/ball_count_1d_plain.02.seq_lazy_global_6.smt2,sat,0.0
/hycomp/etcs_braking_2.01.redlog_global_9.smt2,failed,1200.0
/hycomp/ball_count_2d_hill_simple.02.seq_lazy_linear_enc_global_13.smt2,unsat,0.0
/hycomp/etcs_braking_2.01.qfree_global_5.smt2,unsat,0.0
/hycomp/ball_count_2d_hill_simple.01.seq_lazy_linear_enc_lemmas_global_11.smt2,unsat,0.0
/hycomp/ball_count_2d_slope.04.seq_lazy_linear_enc_global_2.smt2,unsat,0.0
/hycomp/ball_count_2d_hill.02.seq_lazy_linear_enc_global_9.smt2,unsat,0.0
/hycomp/ball_count_2d_slope.03.seq_lazy_lemmas_global_8.smt2,unsat,0.4
/hycomp/ball_count_2d_slope.10.seq_lazy_linear_enc_lemmas_global_0.smt2,unsat,0.0
/hycomp/ball_count_1d_plain.03.seq_lazy_lemmas_global_1.smt2,unsat,0.0
/hycomp/ball_count_1d_plain.01.seq_lazy_lemmas_global_5.smt2,unsat,0.0
/hycomp/ball_count_1d_plain.03.redlog_global_7.smt2,unsat,0.0
/hycomp/ball_count_2d_slope.05.seq_lazy_linear_enc_global_9.smt2,unsat,0.1297459602355957
/hycomp/ball_count_2d_plain.02.redlog_global_10.smt2,sat,0.3
/hycomp/ball_count_1d_plain.01.redlog_global_3.smt2,unsat,0.0
/hycomp/ball_count_2d_hill.01.seq_lazy_global_12.smt2,sat,0.0
/hycomp/ball_count_2d_hill_simple.05.seq_lazy_linear_enc_lemmas_global_6.smt2,unsat,0.0
/hycomp/etcs_braking_2.01.seq_lazy_lemmas_global_5.smt2,unsat,0.1
/hycomp/ball_count_2d_hill.05.seq_lazy_global_14.smt2,failed,1200.0
/hycomp/ball_count_2d_hill.02.seq_lazy_linear_enc_lemmas_global_10.smt2,failed,1200.0
/hycomp/ball_count_2d_plain.10.seq_lazy_linear_enc_global_0.smt2,unsat,0.0
/hycomp/etcs_braking_2.01.seq_lazy_lemmas_global_7.smt2,unsat,0.3
/hycomp/ball_count_2d_slope.03.seq_lazy_global_7.smt2,unsat,0.06600236892700195
/hycomp/simple_ballistics_reach.01.seq_lazy_global_10.smt2,unsat,0.0
/hycomp/ball_count_2d_hill.04.seq_lazy_linear_enc_lemmas_global_15.smt2,unsat,0.10873556137084961
/hycomp/ball_count_2d_hill.03.seq_lazy_linear_enc_lemmas_global_1.smt2,unsat,0.0
/hycomp/ball_count_1d_plain.03.seq_lazy_linear_enc_lemmas_global_5.smt2,unsat,0.0
/hycomp/ball_count_2d_hill_simple.02.seq_lazy_linear_enc_lemmas_global_5.smt2,unsat,0.0
/hycomp/ball_count_2d_plain.04.redlog_global_4.smt2,unsat,0.0
/hycomp/ball_count_2d_plain.04.seq_lazy_lemmas_global_13.smt2,unsat,0.0
/hycomp/ball_count_2d_plain.05.seq_lazy_global_7.smt2,unsat,0.0
/hycomp/ball_count_2d_plain.04.seq_lazy_linear_enc_lemmas_global_1.smt2,unsat,0.0
/hycomp/ball_count_2d_hill_simple.01.seq_lazy_global_15.smt2,unsat,0.0
/hycomp/ball_count_2d_hill.01.seq_lazy_lemmas_global_13.smt2,unsat,0.0
/hycomp/ball_count_2d_plain.02.redlog_global_9.smt2,unsat,0.0
/hycomp/etcs_braking_2.01.seq_lazy_lemmas_global_9.smt2,unsat,1.6
/hycomp/ball_count_2d_hill_simple.05.seq_lazy_lemmas_global_6.smt2,unsat,0.0
/hycomp/ball_count_2d_slope.03.seq_lazy_linear_enc_global_8.smt2,failed,1200.0
/hycomp/ball_count_2d_hill.10.seq_lazy_global_7.smt2,unsat,0.0
/hycomp/ball_count_2d_hill.04.redlog_global_14.smt2,failed,1200.0
/hycomp/ball_count_2d_slope.05.seq_lazy_linear_enc_lemmas_global_2.smt2,unsat,0.0
/hycomp/ball_count_1d_plain.04.seq_lazy_global_11.smt2,unsat,0.0
/hycomp/ball_count_2d_hill_simple.03.seq_lazy_global_15.smt2,unsat,0.0
/hycomp/ball_count_2d_hill.05.seq_lazy_linear_enc_lemmas_global_14.smt2,failed,1200.0
/hycomp/ball_count_2d_hill.10.seq_lazy_linear_enc_lemmas_global_12.smt2,unsat,0.1
/hycomp/ball_count_2d_hill.03.seq_lazy_global_11.smt2,unsat,0.0
/hycomp/ball_count_2d_hill_simple.04.redlog_global_12.smt2,failed,1200.0
/hycomp/etcs_braking_2.01.seq_lazy_lemmas_global_4.smt2,unsat,0.0
/hycomp/ball_count_2d_hill_simple.01.qfree_global_0.smt2,unsat,0.0
/hycomp/ball_count_2d_slope.02.seq_lazy_global_13.smt2,unsat,0.0
/hycomp/ball_count_2d_hill_simple.03.redlog_global_10.smt2,sat,119.13216161727905
/hycomp/ball_count_2d_hill_simple.10.qfree_global_0.smt2,unsat,0.0
/hycomp/ball_count_2d_slope.02.seq_lazy_global_3.smt2,unsat,0.0
/hycomp/ball_count_1d_plain.02.seq_lazy_linear_enc_global_7.smt2,unsat,0.0
/hycomp/ball_count_2d_hill.02.seq_lazy_linear_enc_lemmas_global_0.smt2,unsat,0.0
/hycomp/ball_count_1d_plain.01.seq_lazy_lemmas_global_6.smt2,sat,0.0
/hycomp/ball_count_2d_plain.01.seq_lazy_linear_enc_lemmas_global_8.smt2,sat,0.2
/hycomp/ball_count_2d_hill.10.seq_lazy_linear_enc_global_4.smt2,unsat,0.0
/hycomp/ball_count_2d_hill.10.seq_lazy_linear_enc_global_7.smt2,unsat,0.0
/hycomp/ball_count_2d_plain.04.seq_lazy_linear_enc_global_14.smt2,sat,15.548098802566528
/hycomp/ball_count_2d_plain.01.seq_lazy_linear_enc_lemmas_global_7.smt2,unsat,0.0
/hycomp/ball_count_2d_hill_simple.01.seq_lazy_global_13.smt2,unsat,0.0
/hycomp/ball_count_2d_plain.01.seq_lazy_linear_enc_lemmas_global_0.smt2,unsat,0.0
/hycomp/ball_count_2d_hill_simple.05.seq_lazy_lemmas_global_11.smt2,unsat,0.0
/hycomp/ball_count_2d_hill.01.seq_lazy_linear_enc_global_7.smt2,unsat,0.0
/hycomp/ball_count_2d_hill_simple.03.seq_lazy_global_7.smt2,unsat,0.0
/hycomp/ball_count_2d_plain.10.redlog_global_8.smt2,unsat,0.6885426044464111
/hycomp/ball_count_2d_hill_simple.05.redlog_global_1.smt2,unsat,0.0
/hycomp/ball_count_2d_hill.03.seq_lazy_linear_enc_global_1.smt2,unsat,0.0
/hycomp/ball_count_1d_plain.04.seq_lazy_linear_enc_global_12.smt2,unsat,15.1
/hycomp/ball_count_2d_slope.01.seq_lazy_lemmas_global_12.smt2,failed,1200.0
/hycomp/ball_count_2d_plain.01.seq_lazy_global_3.smt2,unsat,0.0
/hycomp/ball_count_1d_plain.10.seq_lazy_global_10.smt2,unsat,0.48913049697875977
/hycomp/ball_count_2d_hill.04.seq_lazy_linear_enc_global_13.smt2,unsat,0.0
/hycomp/ball_count_2d_slope.01.seq_lazy_lemmas_global_6.smt2,failed,1200.0
/hycomp/ball_count_2d_hill_simple.01.seq_lazy_linear_enc_global_15.smt2,unsat,0.0
/hycomp/ball_count_1d_plain.03.seq_lazy_lemmas_global_5.smt2,unsat,0.0
/hycomp/ball_count_2d_hill_simple.01.seq_lazy_linear_enc_lemmas_global_3.smt2,unsat,0.0
/hycomp/ball_count_2d_hill_simple.04.qfree_global_13.smt2,unsat,0.0
/hycomp/ball_count_2d_plain.04.seq_lazy_lemmas_global_15.smt2,unsat,0.0
/hycomp/ball_count_2d_slope.10.seq_lazy_lemmas_global_10.smt2,unsat,0.5
/hycomp/ball_count_2d_plain.10.seq_lazy_global_14.smt2,unsat,15.1
/hycomp/ball_count_1d_plain.04.seq_lazy_lemmas_global_2.smt2,unsat,0.0
/hycomp/simple_ballistics_reach.01.seq_lazy_linear_enc_lemmas_global_13.smt2,failed,1200.0
/hycomp/ball_count_2d_plain.04.seq_lazy_linear_enc_global_8.smt2,unsat,1.4724442958831787
/hycomp/ball_count_2d_plain.03.redlog_global_3.smt2,unsat,0.0
/hycomp/ball_count_2d_hill.03.seq_lazy_global_10.smt2,failed,1200.0
/hycomp/ball_count_1d_plain.04.redlog_global_4.smt2,unsat,0.0
/hycomp/ball_count_2d_hill.04.seq_lazy_global_2.smt2,unsat,0.0
/hycomp/ball_count_2d_hill.04.seq_lazy_global_13.smt2,unsat,0.0
/hycomp/ball_count_2d_hill.02.redlog_global_12.smt2,failed,1200.0
/hycomp/ball_count_1d_plain.04.qfree_global_9.smt2,unsat,0.0
/hycomp/ball_count_2d_hill.10.seq_lazy_global_8.smt2,unsat,0.0
/hycomp/ball_count_1d_plain.04.seq_lazy_global_15.smt2,unsat,0.03762197494506836
/hycomp/ball_count_2d_hill.04.seq_lazy_lemmas_global_15.smt2,unsat,0.10169386863708496
/hycomp/ball_count_2d_plain.03.seq_lazy_lemmas_global_6.smt2,unsat,1.2544126510620117
/hycomp/ball_count_2d_hill_simple.03.redlog_global_7.smt2,unsat,0.0
/hycomp/etcs_braking_2.01.qfree_global_3.smt2,unsat,0.0
/hycomp/ball_count_2d_hill.02.seq_lazy_linear_enc_global_6.smt2,unsat,0.0702981948852539
/hycomp/ball_count_2d_hill_simple.10.seq_lazy_lemmas_global_7.smt2,unsat,0.0
/hycomp/ball_count_2d_hill_simple.01.qfree_global_15.smt2,unsat,0.0
/hycomp/ball_count_2d_hill.02.seq_lazy_lemmas_global_4.smt2,unsat,0.0
/hycomp/simple_ballistics_reach.01.seq_lazy_lemmas_global_2.smt2,unsat,0.0
/hycomp/ball_count_1d_plain.04.seq_lazy_global_14.smt2,sat,15.1
/hycomp/ball_count_2d_slope.02.seq_lazy_lemmas_global_11.smt2,unsat,0.0
/hycomp/etcs_braking_2.01.redlog_global_1.smt2,unsat,0.0
/hycomp/ball_count_2d_hill.02.seq_lazy_global_15.smt2,unsat,0.0
/hycomp/ball_count_2d_plain.03.seq_lazy_lemmas_global_2.smt2,unsat,0.0
/hycomp/ball_count_2d_hill.02.redlog_global_11.smt2,unsat,0.0
/hycomp/ball_count_2d_hill_simple.10.seq_lazy_lemmas_global_6.smt2,unsat,0.0
/hycomp/ball_count_2d_hill_simple.05.seq_lazy_global_2.smt2,unsat,0.0
/hycomp/ball_count_1d_plain.04.seq_lazy_linear_enc_global_2.smt2,unsat,0.0
/hycomp/ball_count_2d_plain.05.seq_lazy_global_12.smt2,unsat,15.0
/hycomp/ball_count_2d_plain.03.seq_lazy_lemmas_global_12.smt2,sat,0.5014708042144775
/hycomp/ball_count_2d_plain.05.redlog_global_15.smt2,unsat,0.0
/hycomp/ball_count_2d_slope.04.seq_lazy_linear_enc_global_11.smt2,unsat,0.27559828758239746
/hycomp/ball_count_2d_hill.04.seq_lazy_linear_enc_lemmas_global_6.smt2,unsat,0.0
/hycomp/ball_count_1d_plain.02.seq_lazy_linear_enc_lemmas_global_5.smt2,unsat,0.0
/hycomp/ball_count_2d_plain.05.seq_lazy_lemmas_global_1.smt2,unsat,0.0
/hycomp/simple_ballistics_reach.01.seq_lazy_global_14.smt2,unsat,0.0
/hycomp/ball_count_2d_hill.10.seq_lazy_linear_enc_global_11.smt2,unsat,0.0
/hycomp/ball_count_2d_plain.10.seq_lazy_linear_enc_lemmas_global_2.smt2,unsat,0.0
/hycomp/ball_count_2d_slope.01.seq_lazy_linear_enc_lemmas_global_4.smt2,unsat,0.0
/hycomp/ball_count_2d_slope.04.seq_lazy_linear_enc_lemmas_global_13.smt2,unsat,0.0
/hycomp/ball_count_2d_hill_simple.03.seq_lazy_linear_enc_global_10.smt2,sat,5.6
/hycomp/ball_count_2d_hill_simple.04.seq_lazy_lemmas_global_2.smt2,unsat,0.0
/hycomp/simple_ballistics_reach.01.seq_lazy_lemmas_global_7.smt2,failed,1200.0
/hycomp/ball_count_1d_plain.02.redlog_global_15.smt2,unsat,0.0
/hycomp/ball_count_1d_plain.02.redlog_global_1.smt2,unsat,0.0
/hycomp/ball_count_2d_hill.03.seq_lazy_linear_enc_global_13.smt2,unsat,0.0
/hycomp/ball_count_2d_hill_simple.03.qfree_global_9.smt2,unsat,0.0
/hycomp/ball_count_2d_hill_simple.02.seq_lazy_global_11.smt2,unsat,0.0
/hycomp/ball_count_2d_plain.03.seq_lazy_lemmas_global_0.smt2,unsat,0.0
/hycomp/ball_count_2d_plain.04.seq_lazy_linear_enc_lemmas_global_5.smt2,unsat,0.0
/hycomp/ball_count_2d_slope.02.seq_lazy_global_1.smt2,unsat,0.0
/hycomp/ball_count_1d_plain.02.seq_lazy_linear_enc_lemmas_global_13.smt2,unsat,0.0
/hycomp/ball_count_2d_hill.03.seq_lazy_linear_enc_lemmas_global_10.smt2,failed,1200.0
/hycomp/ball_count_1d_plain.02.seq_lazy_global_15.smt2,unsat,0.0
/hycomp/ball_count_2d_plain.04.redlog_global_3.smt2,unsat,0.0
/hycomp/ball_count_2d_hill_simple.05.seq_lazy_linear_enc_global_5.smt2,unsat,0.0
/hycomp/ball_count_2d_plain.04.qfree_global_0.smt2,unsat,0.0
/hycomp/ball_count_2d_plain.01.redlog_global_6.smt2,sat,0.0
/hycomp/ball_count_2d_plain.03.redlog_global_14.smt2,failed,1200.0
/hycomp/ball_count_1d_plain.04.qfree_global_2.smt2,unsat,0.0
/hycomp/ball_count_2d_hill_simple.10.redlog_global_14.smt2,unsat,0.0
/hycomp/ball_count_2d_hill.02.seq_lazy_global_0.smt2,unsat,0.0
/hycomp/ball_count_2d_plain.04.redlog_global_5.smt2,unsat,0.0
/hycomp/ball_count_1d_plain.05.seq_lazy_linear_enc_global_11.smt2,unsat,0.0
/hycomp/ball_count_2d_hill_simple.05.seq_lazy_linear_enc_lemmas_global_7.smt2,unsat,0.0
/hycomp/ball_count_2d_hill.04.redlog_global_11.smt2,unsat,0.6249423027038574
/hycomp/ball_count_2d_plain.03.seq_lazy_linear_enc_lemmas_global_2.smt2,unsat,0.0
/hycomp/etcs_braking_2.01.qfree_global_2.smt2,unsat,0.0
/hycomp/ball_count_2d_plain.05.redlog_global_11.smt2,unsat,0.0
/hycomp/ball_count_2d_plain.01.seq_lazy_lemmas_global_6.smt2,sat,0.1
/hycomp/ball_count_1d_plain.04.seq_lazy_linear_enc_lemmas_global_8.smt2,unsat,15.0
/hycomp/ball_count_1d_plain.03.seq_lazy_global_8.smt2,unsat,0.27052879333496094
/hycomp/ball_count_2d_plain.02.seq_lazy_linear_enc_lemmas_global_2.smt2,unsat,0.0
/hycomp/ball_count_2d_plain.10.seq_lazy_linear_enc_lemmas_global_10.smt2,unsat,15.0
/hycomp/ball_count_2d_plain.02.seq_lazy_global_9.smt2,unsat,0.0
/hycomp/ball_count_2d_hill.10.seq_lazy_lemmas_global_6.smt2,unsat,0.0
/hycomp/ball_count_2d_plain.04.qfree_global_8.smt2,unsat,0.1
/hycomp/ball_count_2d_hill_simple.10.seq_lazy_lemmas_global_5.smt2,unsat,0.0
/hycomp/ball_count_1d_plain.02.seq_lazy_linear_enc_global_2.smt2,unsat,0.0
/hycomp/ball_count_2d_plain.02.seq_lazy_lemmas_global_15.smt2,unsat,0.0
/hycomp/ball_count_2d_slope.02.seq_lazy_lemmas_global_1.smt2,unsat,0.0
/hycomp/ball_count_2d_plain.10.seq_lazy_linear_enc_lemmas_global_6.smt2,unsat,0.39504456520080566
/hycomp/ball_count_2d_slope.01.seq_lazy_linear_enc_lemmas_global_0.smt2,unsat,0.0
/hycomp/ball_count_2d_hill.04.seq_lazy_global_6.smt2,unsat,0.0
/hycomp/ball_count_2d_hill.05.redlog_global_2.smt2,unsat,0.0
/hycomp/ball_count_2d_slope.01.seq_lazy_linear_enc_lemmas_global_8.smt2,unsat,0.0
/hycomp/ball_count_2d_hill_simple.04.seq_lazy_linear_enc_lemmas_global_13.smt2,unsat,0.0
/hycomp/ball_count_2d_hill_simple.10.qfree_global_8.smt2,unsat,0.0
/hycomp/etcs_braking_2.01.seq_lazy_linear_enc_lemmas_global_15.smt2,unsat,2.5
/hycomp/ball_count_1d_plain.10.redlog_global_4.smt2,unsat,0.0
/hycomp/ball_count_2d_hill.05.seq_lazy_lemmas_global_15.smt2,unsat,0.11301708221435547
/hycomp/ball_count_1d_plain.04.seq_lazy_global_5.smt2,unsat,0.0
/hycomp/ball_count_2d_hill.03.redlog_global_3.smt2,unsat,0.0
/hycomp/ball_count_2d_plain.01.seq_lazy_linear_enc_global_15.smt2,unsat,0.0
/hycomp/ball_count_2d_hill_simple.02.redlog_global_15.smt2,unsat,0.0
/hycomp/ball_count_2d_hill_simple.05.qfree_global_11.smt2,unsat,0.0
/hycomp/ball_count_2d_hill_simple.01.qfree_global_3.smt2,unsat,0.0
/hycomp/ball_count_2d_slope.01.seq_lazy_linear_enc_global_13.smt2,unsat,0.0
/hycomp/ball_count_2d_hill_simple.05.qfree_global_0.smt2,unsat,0.0
/hycomp/ball_count_1d_plain.05.seq_lazy_linear_enc_global_2.smt2,unsat,0.0
/hycomp/ball_count_1d_plain.05.seq_lazy_linear_enc_lemmas_global_5.smt2,unsat,0.0
/hycomp/ball_count_2d_plain.02.seq_lazy_lemmas_global_12.smt2,sat,0.511927604675293
/hycomp/ball_count_2d_slope.01.seq_lazy_linear_enc_global_15.smt2,unsat,0.0
/hycomp/ball_count_2d_hill_simple.03.seq_lazy_linear_enc_lemmas_global_10.smt2,sat,15.302375555038452
/hycomp/ball_count_2d_hill.01.seq_lazy_lemmas_global_2.smt2,unsat,0.0
/hycomp/ball_count_2d_hill.10.seq_lazy_linear_enc_global_13.smt2,unsat,0.0
/hycomp/ball_count_2d_plain.01.qfree_global_7.smt2,unsat,0.0
/hycomp/ball_count_2d_slope.05.seq_lazy_linear_enc_global_15.smt2,unsat,0.9669151306152344
/hycomp/ball_count_2d_plain.05.qfree_global_11.smt2,unsat,0.0
/hycomp/ball_count_2d_hill.10.seq_lazy_linear_enc_global_6.smt2,unsat,0.0
/hycomp/ball_count_2d_slope.02.seq_lazy_linear_enc_global_7.smt2,unsat,0.0
/hycomp/ball_count_2d_hill_simple.05.seq_lazy_lemmas_global_8.smt2,unsat,0.0
/hycomp/ball_count_1d_plain.02.seq_lazy_linear_enc_global_10.smt2,sat,0.10979914665222168
/hycomp/simple_ballistics_reach.01.seq_lazy_global_6.smt2,unsat,0.0
/hycomp/ball_count_2d_hill_simple.01.seq_lazy_linear_enc_lemmas_global_5.smt2,unsat,0.0
/hycomp/ball_count_2d_hill.04.seq_lazy_lemmas_global_13.smt2,unsat,0.0952303409576416
/hycomp/ball_count_1d_plain.05.seq_lazy_lemmas_global_13.smt2,unsat,0.05356645584106445
/hycomp/ball_count_1d_plain.05.seq_lazy_linear_enc_lemmas_global_0.smt2,unsat,0.0
/hycomp/ball_count_2d_hill.03.redlog_global_8.smt2,failed,1200.0
/hycomp/ball_count_2d_plain.04.seq_lazy_lemmas_global_4.smt2,unsat,0.1
/hycomp/ball_count_2d_hill.02.seq_lazy_linear_enc_global_7.smt2,unsat,0.0
/hycomp/ball_count_1d_plain.01.qfree_global_7.smt2,unsat,0.0
/hycomp/ball_count_2d_plain.01.redlog_global_4.smt2,sat,0.0
/hycomp/ball_count_2d_plain.02.qfree_global_6.smt2,sat,0.0
/hycomp/ball_count_2d_hill.10.redlog_global_6.smt2,unsat,0.0
/hycomp/ball_count_1d_plain.03.qfree_global_3.smt2,unsat,0.0
/hycomp/ball_count_2d_hill_simple.05.seq_lazy_linear_enc_global_1.smt2,unsat,0.0
/hycomp/etcs_braking_2.01.seq_lazy_global_4.smt2,unsat,0.0
/hycomp/ball_count_2d_hill_simple.03.qfree_global_3.smt2,unsat,0.0
/hycomp/ball_count_2d_hill_simple.01.seq_lazy_linear_enc_lemmas_global_8.smt2,sat,0.0
/hycomp/ball_count_2d_hill_simple.03.qfree_global_15.smt2,unsat,0.0
/hycomp/etcs_braking_2.01.qfree_global_15.smt2,unsat,2.9220657348632812
/hycomp/etcs_braking_2.01.seq_lazy_linear_enc_global_7.smt2,unsat,0.0
/hycomp/ball_count_2d_plain.01.seq_lazy_linear_enc_global_12.smt2,sat,0.06747698783874512
/hycomp/ball_count_2d_hill.05.seq_lazy_linear_enc_lemmas_global_6.smt2,unsat,0.0
/hycomp/ball_count_2d_slope.03.seq_lazy_linear_enc_lemmas_global_14.smt2,unsat,0.0
/hycomp/ball_count_2d_plain.04.redlog_global_15.smt2,unsat,0.0
/hycomp/ball_count_2d_hill.01.seq_lazy_linear_enc_global_12.smt2,sat,0.0
/hycomp/ball_count_2d_hill.01.seq_lazy_linear_enc_global_1.smt2,unsat,0.0
/hycomp/ball_count_1d_plain.05.redlog_global_11.smt2,unsat,0.0
/hycomp/ball_count_2d_plain.03.redlog_global_6.smt2,unsat,0.19495701789855957
/hycomp/ball_count_2d_hill.03.seq_lazy_lemmas_global_0.smt2,unsat,0.0
/hycomp/ball_count_2d_hill_simple.05.seq_lazy_linear_enc_global_14.smt2,unsat,5.6
/hycomp/etcs_braking_2.01.seq_lazy_global_12.smt2,unsat,1.1
/hycomp/ball_count_2d_plain.02.seq_lazy_linear_enc_lemmas_global_6.smt2,sat,0.3
/hycomp/ball_count_1d_plain.02.seq_lazy_linear_enc_lemmas_global_12.smt2,sat,0.45349550247192383
/hycomp/ball_count_2d_slope.05.seq_lazy_linear_enc_lemmas_global_1.smt2,unsat,0.0
/hycomp/ball_count_2d_slope.05.seq_lazy_lemmas_global_0.smt2,unsat,0.0
/hycomp/ball_count_2d_hill_simple.04.seq_lazy_linear_enc_global_11.smt2,unsat,0.0
/hycomp/ball_count_2d_slope.02.seq_lazy_global_14.smt2,failed,1200.0
/hycomp/ball_count_2d_plain.05.seq_lazy_global_5.smt2,unsat,0.0
/hycomp/etcs_braking_2.01.seq_lazy_global_10.smt2,unsat,0.4
/hycomp/ball_count_2d_slope.10.seq_lazy_linear_enc_lemmas_global_6.smt2,unsat,0.0
/hycomp/ball_count_2d_hill.05.seq_lazy_global_9.smt2,unsat,0.0
/hycomp/ball_count_2d_slope.02.seq_lazy_lemmas_global_5.smt2,unsat,0.0
/hycomp/ball_count_1d_plain.03.qfree_global_2.smt2,unsat,0.0
/hycomp/ball_count_2d_plain.05.seq_lazy_linear_enc_global_5.smt2,unsat,0.0
/hycomp/ball_count_2d_slope.04.seq_lazy_global_3.smt2,unsat,0.0
/hycomp/ball_count_2d_plain.01.seq_lazy_linear_enc_global_1.smt2,unsat,0.0
/hycomp/ball_count_1d_plain.01.seq_lazy_lemmas_global_9.smt2,unsat,0.0
/hycomp/ball_count_1d_plain.05.qfree_global_9.smt2,unsat,0.0
/hycomp/ball_count_2d_slope.01.seq_lazy_linear_enc_lemmas_global_15.smt2,unsat,0.0
/hycomp/ball_count_2d_hill_simple.03.qfree_global_2.smt2,unsat,0.0
/hycomp/ball_count_2d_plain.03.qfree_global_13.smt2,unsat,0.0
/hycomp/ball_count_2d_plain.02.seq_lazy_global_11.smt2,unsat,0.0
/hycomp/ball_count_2d_hill_simple.02.seq_lazy_global_4.smt2,unsat,0.0
/hycomp/ball_count_2d_hill_simple.10.seq_lazy_global_4.smt2,unsat,0.0
/hycomp/ball_count_2d_hill_simple.01.qfree_global_9.smt2,unsat,0.0
/hycomp/ball_count_2d_hill.10.seq_lazy_lemmas_global_2.smt2,unsat,0.0
/hycomp/ball_count_2d_plain.02.seq_lazy_global_0.smt2,unsat,0.0
/hycomp/ball_count_2d_slope.10.seq_lazy_global_12.smt2,unsat,2.5
/hycomp/ball_count_2d_hill_simple.04.seq_lazy_linear_enc_lemmas_global_2.smt2,unsat,0.0
/hycomp/ball_count_1d_plain.03.qfree_global_8.smt2,sat,0.07584738731384277
/hycomp/ball_count_2d_plain.01.seq_lazy_global_2.smt2,sat,0.0
/hycomp/ball_count_2d_plain.10.seq_lazy_linear_enc_global_5.smt2,unsat,0.0
/hycomp/ball_count_1d_plain.02.seq_lazy_linear_enc_lemmas_global_3.smt2,unsat,0.0
/hycomp/ball_count_2d_hill_simple.01.qfree_global_5.smt2,unsat,0.0
/hycomp/ball_count_2d_slope.01.seq_lazy_linear_enc_global_14.smt2,unsat,0.0
/hycomp/ball_count_2d_slope.01.seq_lazy_lemmas_global_13.smt2,unsat,0.0
/hycomp/ball_count_2d_slope.05.seq_lazy_global_1.smt2,unsat,0.0
/hycomp/ball_count_2d_hill_simple.04.seq_lazy_lemmas_global_11.smt2,unsat,0.0
/hycomp/ball_count_2d_plain.01.seq_lazy_lemmas_global_5.smt2,unsat,0.0
/hycomp/ball_count_2d_hill_simple.05.seq_lazy_global_9.smt2,unsat,0.0
/hycomp/ball_count_2d_hill.03.seq_lazy_lemmas_global_3.smt2,unsat,0.0
/hycomp/ball_count_2d_hill.10.redlog_global_4.smt2,unsat,0.0
/hycomp/ball_count_1d_plain.05.seq_lazy_linear_enc_lemmas_global_14.smt2,unsat,15.160348653793335
/hycomp/ball_count_2d_hill.10.seq_lazy_linear_enc_global_15.smt2,unsat,0.0
/hycomp/ball_count_1d_plain.04.qfree_global_5.smt2,unsat,0.0
/hycomp/ball_count_2d_plain.02.seq_lazy_linear_enc_global_1.smt2,unsat,0.0
/hycomp/ball_count_2d_hill.02.seq_lazy_lemmas_global_5.smt2,unsat,0.0
/hycomp/ball_count_2d_hill.10.redlog_global_9.smt2,unsat,0.0
/hycomp/ball_count_2d_slope.02.seq_lazy_linear_enc_lemmas_global_2.smt2,unsat,0.0
/hycomp/ball_count_2d_hill_simple.10.seq_lazy_linear_enc_lemmas_global_14.smt2,unsat,0.0
/hycomp/ball_count_1d_plain.10.redlog_global_15.smt2,unsat,0.0
/hycomp/ball_count_2d_hill.02.redlog_global_8.smt2,failed,1200.0
/hycomp/ball_count_2d_hill_simple.10.seq_lazy_global_5.smt2,unsat,0.0
/hycomp/ball_count_1d_plain.05.redlog_global_3.smt2,unsat,0.0
/hycomp/ball_count_2d_plain.10.seq_lazy_global_5.smt2,unsat,0.0
/hycomp/ball_count_1d_plain.04.redlog_global_13.smt2,unsat,0.04154086112976074
/hycomp/ball_count_1d_plain.01.seq_lazy_linear_enc_lemmas_global_11.smt2,unsat,0.0
/hycomp/ball_count_2d_slope.10.seq_lazy_lemmas_global_12.smt2,unsat,1.8656253814697266
/hycomp/ball_count_2d_slope.05.seq_lazy_linear_enc_lemmas_global_14.smt2,unsat,0.0
/hycomp/ball_count_2d_hill.04.redlog_global_7.smt2,unsat,0.12629294395446777
/hycomp/ball_count_1d_plain.05.qfree_global_15.smt2,unsat,0.03939223289489746
/hycomp/ball_count_2d_plain.02.qfree_global_8.smt2,sat,0.0
/hycomp/ball_count_1d_plain.04.seq_lazy_global_13.smt2,unsat,0.030686616897583008
/hycomp/ball_count_2d_slope.10.seq_lazy_linear_enc_lemmas_global_4.smt2,unsat,0.0
/hycomp/ball_count_1d_plain.05.seq_lazy_global_3.smt2,unsat,0.0
/hycomp/ball_count_2d_slope.10.seq_lazy_linear_enc_global_10.smt2,unsat,0.6
/hycomp/ball_count_2d_plain.10.seq_lazy_linear_enc_global_12.smt2,unsat,15.0
/hycomp/ball_count_2d_hill_simple.05.seq_lazy_linear_enc_global_12.smt2,unsat,5.0
/hycomp/ball_count_2d_hill_simple.03.seq_lazy_global_10.smt2,sat,5.6
/hycomp/simple_ballistics_reach.01.seq_lazy_linear_enc_global_4.smt2,unsat,0.0
/hycomp/ball_count_2d_hill_simple.03.redlog_global_5.smt2,unsat,0.0
/hycomp/ball_count_2d_hill.05.seq_lazy_linear_enc_lemmas_global_13.smt2,unsat,0.07990360260009766
/hycomp/ball_count_2d_slope.01.seq_lazy_lemmas_global_11.smt2,unsat,0.0
/hycomp/ball_count_2d_slope.04.seq_lazy_linear_enc_lemmas_global_15.smt2,unsat,0.0
/hycomp/ball_count_2d_hill_simple.05.seq_lazy_linear_enc_lemmas_global_3.smt2,unsat,0.0
/hycomp/ball_count_2d_hill.04.seq_lazy_global_12.smt2,failed,1200.0
/hycomp/simple_ballistics_reach.01.seq_lazy_global_8.smt2,unsat,0.0
/hycomp/ball_count_1d_plain.02.seq_lazy_global_8.smt2,sat,0.06381487846374512
/hycomp/ball_count_1d_plain.04.seq_lazy_global_4.smt2,unsat,0.0
/hycomp/ball_count_1d_plain.10.redlog_global_11.smt2,unsat,0.0
/hycomp/ball_count_1d_plain.02.seq_lazy_global_4.smt2,unsat,0.0
/hycomp/ball_count_2d_hill.02.seq_lazy_linear_enc_lemmas_global_7.smt2,unsat,0.0
/hycomp/ball_count_1d_plain.01.qfree_global_14.smt2,sat,0.0
/hycomp/etcs_braking_2.01.seq_lazy_linear_enc_lemmas_global_11.smt2,unsat,0.5
/hycomp/simple_ballistics_reach.01.seq_lazy_lemmas_global_13.smt2,failed,1200.0
/hycomp/simple_ballistics_reach.01.seq_lazy_global_5.smt2,failed,1200.0
/hycomp/ball_count_1d_plain.05.seq_lazy_lemmas_global_4.smt2,unsat,0.0
/hycomp/ball_count_2d_hill_simple.05.seq_lazy_linear_enc_lemmas_global_15.smt2,unsat,0.0
/hycomp/ball_count_2d_hill.01.seq_lazy_global_3.smt2,unsat,0.0
/hycomp/ball_count_2d_hill_simple.05.seq_lazy_lemmas_global_10.smt2,unsat,0.0
/hycomp/ball_count_2d_slope.05.seq_lazy_lemmas_global_7.smt2,unsat,0.09873580932617188
/hycomp/ball_count_2d_hill.10.redlog_global_12.smt2,unsat,3.4
/hycomp/ball_count_2d_hill_simple.02.seq_lazy_lemmas_global_2.smt2,unsat,0.0
/hycomp/simple_ballistics_reach.01.seq_lazy_linear_enc_global_2.smt2,unsat,0.0
/hycomp/ball_count_2d_hill.03.redlog_global_9.smt2,unsat,0.2373054027557373
/hycomp/ball_count_2d_slope.04.seq_lazy_lemmas_global_11.smt2,unsat,0.38151049613952637
/hycomp/ball_count_2d_plain.01.seq_lazy_global_14.smt2,sat,0.2642710208892822
/hycomp/ball_count_2d_slope.03.seq_lazy_global_11.smt2,unsat,0.2415149211883545
/hycomp/ball_count_1d_plain.05.seq_lazy_linear_enc_global_4.smt2,unsat,0.0
/hycomp/ball_count_2d_slope.03.seq_lazy_lemmas_global_0.smt2,unsat,0.0
/hycomp/ball_count_1d_plain.01.seq_lazy_lemmas_global_0.smt2,unsat,0.0
/hycomp/ball_count_1d_plain.02.qfree_global_9.smt2,unsat,0.0
/hycomp/ball_count_2d_slope.04.seq_lazy_lemmas_global_7.smt2,unsat,0.09170103073120117
/hycomp/ball_count_2d_plain.04.seq_lazy_linear_enc_global_0.smt2,unsat,0.0
/hycomp/ball_count_2d_plain.10.seq_lazy_linear_enc_lemmas_global_0.smt2,unsat,0.0
/hycomp/ball_count_2d_hill.05.seq_lazy_linear_enc_global_5.smt2,unsat,0.0
/hycomp/ball_count_2d_hill_simple.01.seq_lazy_lemmas_global_7.smt2,unsat,0.0
/hycomp/ball_count_2d_hill.10.seq_lazy_linear_enc_global_10.smt2,unsat,0.0
/hycomp/ball_count_2d_hill_simple.01.redlog_global_9.smt2,unsat,0.0
/hycomp/ball_count_1d_plain.03.qfree_global_11.smt2,unsat,0.0
/hycomp/ball_count_2d_hill_simple.05.seq_lazy_lemmas_global_2.smt2,unsat,0.0
/hycomp/ball_count_2d_hill.10.seq_lazy_global_10.smt2,unsat,0.0
/hycomp/ball_count_1d_plain.02.qfree_global_3.smt2,unsat,0.0
/hycomp/ball_count_2d_slope.03.seq_lazy_global_1.smt2,unsat,0.0
/hycomp/ball_count_2d_hill_simple.01.seq_lazy_global_1.smt2,unsat,0.0
/hycomp/ball_count_2d_hill_simple.03.qfree_global_8.smt2,sat,0.0
/hycomp/ball_count_2d_hill_simple.01.seq_lazy_linear_enc_lemmas_global_7.smt2,unsat,0.0
/hycomp/ball_count_2d_plain.04.redlog_global_7.smt2,unsat,0.0
/hycomp/ball_count_2d_hill_simple.05.seq_lazy_global_1.smt2,unsat,0.0
/hycomp/ball_count_2d_hill.03.seq_lazy_linear_enc_global_6.smt2,unsat,0.0
/hycomp/simple_ballistics_reach.01.seq_lazy_linear_enc_lemmas_global_3.smt2,failed,1200.0
/hycomp/ball_count_2d_hill_simple.03.seq_lazy_linear_enc_global_3.smt2,unsat,0.0
/hycomp/ball_count_2d_slope.01.seq_lazy_linear_enc_global_7.smt2,unsat,0.0
/hycomp/ball_count_2d_slope.05.seq_lazy_lemmas_global_11.smt2,unsat,0.39473986625671387
/hycomp/ball_count_1d_plain.04.redlog_global_3.smt2,unsat,0.0
/hycomp/ball_count_2d_hill.04.redlog_global_5.smt2,unsat,0.0
/hycomp/ball_count_1d_plain.10.seq_lazy_global_2.smt2,unsat,0.0
/hycomp/ball_count_2d_slope.04.seq_lazy_linear_enc_lemmas_global_2.smt2,unsat,0.0
/hycomp/ball_count_2d_slope.02.seq_lazy_linear_enc_global_14.smt2,failed,1200.0
/hycomp/etcs_braking_2.01.redlog_global_10.smt2,unsat,15.251974821090698
/hycomp/ball_count_1d_plain.04.seq_lazy_linear_enc_global_0.smt2,unsat,0.0
/hycomp/ball_count_1d_plain.04.seq_lazy_linear_enc_lemmas_global_0.smt2,unsat,0.0
/hycomp/ball_count_2d_plain.03.seq_lazy_global_9.smt2,unsat,0.0
/hycomp/ball_count_2d_hill_simple.04.seq_lazy_global_13.smt2,unsat,0.0
/hycomp/ball_count_2d_plain.10.redlog_global_2.smt2,unsat,0.0
/hycomp/ball_count_2d_plain.10.qfree_global_9.smt2,unsat,0.0
/hycomp/ball_count_2d_slope.05.seq_lazy_linear_enc_lemmas_global_10.smt2,unsat,0.0
/hycomp/ball_count_1d_plain.05.qfree_global_1.smt2,unsat,0.0
/hycomp/ball_count_2d_slope.03.seq_lazy_linear_enc_global_7.smt2,unsat,0.07636594772338867
/hycomp/ball_count_2d_hill_simple.10.seq_lazy_linear_enc_global_6.smt2,unsat,0.0
/hycomp/etcs_braking_2.01.seq_lazy_global_8.smt2,unsat,0.1
/hycomp/ball_count_2d_hill.01.seq_lazy_global_14.smt2,sat,0.0
/hycomp/ball_count_2d_plain.05.redlog_global_10.smt2,unsat,15.0
/hycomp/ball_count_1d_plain.10.seq_lazy_global_4.smt2,unsat,0.0
/hycomp/ball_count_2d_hill.03.redlog_global_0.smt2,unsat,0.0
/hycomp/ball_count_2d_plain.10.seq_lazy_lemmas_global_5.smt2,unsat,0.0
/hycomp/ball_count_2d_plain.05.seq_lazy_global_6.smt2,unsat,0.0
/hycomp/ball_count_2d_plain.03.seq_lazy_linear_enc_global_2.smt2,unsat,0.0
/hycomp/ball_count_2d_hill.04.seq_lazy_linear_enc_lemmas_global_5.smt2,unsat,0.0
/hycomp/ball_count_2d_hill.03.seq_lazy_lemmas_global_6.smt2,unsat,0.0
/hycomp/simple_ballistics_reach.01.seq_lazy_linear_enc_global_1.smt2,unsat,0.0
/hycomp/ball_count_1d_plain.03.seq_lazy_global_9.smt2,unsat,0.0
/hycomp/ball_count_2d_plain.05.seq_lazy_lemmas_global_12.smt2,unsat,15.193243980407715
/hycomp/ball_count_2d_hill_simple.03.seq_lazy_linear_enc_global_8.smt2,unsat,2.0
/hycomp/ball_count_1d_plain.05.redlog_global_6.smt2,unsat,4.1
/hycomp/ball_count_2d_plain.05.seq_lazy_linear_enc_lemmas_global_4.smt2,unsat,0.0
/hycomp/ball_count_1d_plain.04.qfree_global_7.smt2,unsat,0.0
/hycomp/ball_count_2d_slope.02.seq_lazy_linear_enc_global_9.smt2,unsat,0.0
/hycomp/ball_count_2d_hill_simple.03.qfree_global_13.smt2,unsat,0.0
/hycomp/ball_count_2d_plain.05.seq_lazy_global_9.smt2,unsat,0.0
/hycomp/ball_count_2d_plain.05.seq_lazy_lemmas_global_14.smt2,unsat,15.358836650848389
/hycomp/ball_count_2d_plain.03.qfree_global_6.smt2,unsat,0.0
/hycomp/ball_count_1d_plain.04.seq_lazy_lemmas_global_5.smt2,unsat,0.0
/hycomp/ball_count_2d_slope.01.seq_lazy_linear_enc_global_4.smt2,unsat,0.0
/hycomp/ball_count_2d_slope.10.seq_lazy_lemmas_global_3.smt2,unsat,0.0
/hycomp/etcs_braking_2.01.seq_lazy_linear_enc_global_2.smt2,unsat,0.0
/hycomp/ball_count_2d_hill_simple.02.seq_lazy_lemmas_global_11.smt2,unsat,0.0
/hycomp/ball_count_2d_plain.10.seq_lazy_global_15.smt2,unsat,0.0
/hycomp/ball_count_1d_plain.01.seq_lazy_linear_enc_global_7.smt2,unsat,0.0
/hycomp/ball_count_2d_slope.02.seq_lazy_lemmas_global_4.smt2,unsat,0.0
/hycomp/ball_count_2d_plain.10.qfree_global_1.smt2,unsat,0.0
/hycomp/simple_ballistics_reach.01.seq_lazy_lemmas_global_8.smt2,unsat,0.0
/hycomp/ball_count_2d_hill_simple.02.seq_lazy_global_9.smt2,unsat,0.0
/hycomp/ball_count_1d_plain.10.qfree_global_11.smt2,unsat,0.0
/hycomp/ball_count_2d_plain.02.seq_lazy_global_14.smt2,sat,0.9933197498321533
/hycomp/ball_count_2d_hill.10.seq_lazy_global_3.smt2,unsat,0.0
/hycomp/ball_count_1d_plain.04.seq_lazy_lemmas_global_15.smt2,unsat,0.04493260383605957
/hycomp/ball_count_2d_plain.03.seq_lazy_lemmas_global_13.smt2,unsat,0.0
/hycomp/ball_count_2d_hill_simple.02.seq_lazy_lemmas_global_14.smt2,sat,16.229416131973267
/hycomp/ball_count_2d_plain.01.seq_lazy_global_12.smt2,sat,0.08864402770996094
/hycomp/ball_count_2d_plain.05.seq_lazy_linear_enc_lemmas_global_14.smt2,unsat,15.267539739608765
/hycomp/ball_count_1d_plain.05.seq_lazy_global_12.smt2,unsat,15.0
/hycomp/ball_count_1d_plain.04.seq_lazy_lemmas_global_3.smt2,unsat,0.0
/hycomp/ball_count_2d_plain.05.qfree_global_1.smt2,unsat,0.0
/hycomp/ball_count_1d_plain.10.seq_lazy_linear_enc_lemmas_global_4.smt2,unsat,0.0
/hycomp/ball_count_2d_slope.01.seq_lazy_linear_enc_lemmas_global_7.smt2,unsat,0.0
/hycomp/ball_count_1d_plain.02.seq_lazy_linear_enc_lemmas_global_2.smt2,unsat,0.0
/hycomp/ball_count_2d_hill_simple.05.seq_lazy_linear_enc_lemmas_global_13.smt2,unsat,0.0
/hycomp/ball_count_1d_plain.01.seq_lazy_linear_enc_lemmas_global_9.smt2,unsat,0.0
/hycomp/etcs_braking_2.01.seq_lazy_lemmas_global_6.smt2,unsat,0.1
/hycomp/ball_count_2d_plain.02.seq_lazy_lemmas_global_13.smt2,unsat,0.0
/hycomp/ball_count_2d_hill.02.redlog_global_3.smt2,unsat,0.0
/hycomp/ball_count_2d_plain.01.qfree_global_8.smt2,sat,0.0
/hycomp/ball_count_2d_hill.05.seq_lazy_lemmas_global_2.smt2,unsat,0.0
/hycomp/ball_count_2d_hill.01.seq_lazy_linear_enc_lemmas_global_9.smt2,unsat,0.0
/hycomp/ball_count_2d_slope.04.seq_lazy_linear_enc_lemmas_global_5.smt2,unsat,0.0
/hycomp/ball_count_1d_plain.05.redlog_global_14.smt2,failed,1200.0
/hycomp/ball_count_2d_plain.10.redlog_global_10.smt2,unsat,15.0
/hycomp/ball_count_2d_slope.03.seq_lazy_global_14.smt2,failed,1200.0
/hycomp/ball_count_2d_hill_simple.01.qfree_global_6.smt2,sat,0.0
/hycomp/ball_count_2d_hill_simple.01.seq_lazy_global_6.smt2,sat,0.0
/hycomp/ball_count_2d_hill_simple.03.seq_lazy_global_0.smt2,unsat,0.0
/hycomp/ball_count_2d_hill_simple.10.qfree_global_15.smt2,unsat,0.0
/hycomp/ball_count_2d_hill.01.seq_lazy_linear_enc_lemmas_global_15.smt2,unsat,0.0
/hycomp/ball_count_2d_hill_simple.03.redlog_global_3.smt2,unsat,0.0
/hycomp/ball_count_2d_hill_simple.04.redlog_global_11.smt2,unsat,0.0
/hycomp/ball_count_2d_hill_simple.02.seq_lazy_linear_enc_lemmas_global_7.smt2,unsat,0.0
/hycomp/ball_count_2d_plain.10.seq_lazy_linear_enc_lemmas_global_3.smt2,unsat,0.0
/hycomp/ball_count_2d_hill.01.seq_lazy_linear_enc_global_2.smt2,unsat,0.0
/hycomp/ball_count_2d_hill_simple.10.seq_lazy_global_13.smt2,unsat,0.0
/hycomp/ball_count_1d_plain.05.seq_lazy_lemmas_global_9.smt2,unsat,0.0
/hycomp/ball_count_2d_hill_simple.10.seq_lazy_linear_enc_lemmas_global_10.smt2,unsat,0.0
/hycomp/ball_count_2d_plain.10.redlog_global_3.smt2,unsat,0.0
/hycomp/ball_count_2d_hill_simple.04.seq_lazy_global_0.smt2,unsat,0.0
/hycomp/ball_count_2d_hill.03.seq_lazy_linear_enc_lemmas_global_2.smt2,unsat,0.0
/hycomp/ball_count_2d_plain.03.seq_lazy_linear_enc_lemmas_global_4.smt2,unsat,0.0
/hycomp/ball_count_1d_plain.10.redlog_global_5.smt2,unsat,0.0
/hycomp/ball_count_2d_plain.05.qfree_global_13.smt2,unsat,0.0
/hycomp/ball_count_2d_hill.05.redlog_global_15.smt2,unsat,2.13482666015625
/hycomp/ball_count_1d_plain.04.qfree_global_11.smt2,unsat,0.0
/hycomp/ball_count_2d_slope.02.seq_lazy_global_0.smt2,unsat,0.0
/hycomp/ball_count_2d_hill.05.seq_lazy_linear_enc_global_4.smt2,unsat,0.0
/hycomp/ball_count_2d_hill_simple.04.seq_lazy_linear_enc_global_10.smt2,unsat,5.0
/hycomp/ball_count_2d_plain.01.qfree_global_11.smt2,unsat,0.0
/hycomp/ball_count_1d_plain.10.seq_lazy_linear_enc_global_0.smt2,unsat,0.0
/hycomp/ball_count_1d_plain.02.qfree_global_0.smt2,unsat,0.0
/hycomp/ball_count_2d_hill_simple.04.seq_lazy_global_15.smt2,unsat,0.0
/hycomp/ball_count_2d_plain.02.qfree_global_15.smt2,unsat,0.0
/hycomp/ball_count_2d_slope.04.seq_lazy_lemmas_global_1.smt2,unsat,0.0
/hycomp/etcs_braking_2.01.qfree_global_0.smt2,unsat,0.0
/hycomp/ball_count_2d_hill.10.seq_lazy_linear_enc_lemmas_global_10.smt2,unsat,0.0
/hycomp/ball_count_1d_plain.10.seq_lazy_linear_enc_global_9.smt2,unsat,0.0
/hycomp/ball_count_2d_hill_simple.02.seq_lazy_lemmas_global_6.smt2,sat,0.3
/hycomp/ball_count_2d_hill_simple.02.seq_lazy_linear_enc_lemmas_global_8.smt2,sat,0.0
/hycomp/ball_count_2d_slope.02.seq_lazy_global_2.smt2,unsat,0.0
/hycomp/ball_count_2d_hill.01.seq_lazy_global_6.smt2,sat,0.0
/hycomp/ball_count_2d_hill.01.seq_lazy_global_10.smt2,sat,0.0
/hycomp/ball_count_2d_hill.03.seq_lazy_global_8.smt2,unsat,2.880800485610962
/hycomp/ball_count_1d_plain.03.seq_lazy_linear_enc_global_13.smt2,unsat,0.04125165939331055
/hycomp/ball_count_2d_plain.10.seq_lazy_linear_enc_lemmas_global_5.smt2,unsat,0.0
/hycomp/ball_count_2d_plain.03.seq_lazy_linear_enc_lemmas_global_11.smt2,unsat,0.0
/hycomp/ball_count_1d_plain.05.redlog_global_5.smt2,unsat,0.0
/hycomp/ball_count_2d_hill.10.seq_lazy_lemmas_global_12.smt2,unsat,0.1
/hycomp/ball_count_2d_hill.04.seq_lazy_linear_enc_global_10.smt2,failed,1200.0
/hycomp/ball_count_2d_hill_simple.03.seq_lazy_lemmas_global_6.smt2,unsat,0.0
/hycomp/ball_count_2d_hill_simple.05.seq_lazy_global_12.smt2,unsat,5.0
/hycomp/ball_count_2d_hill_simple.05.seq_lazy_linear_enc_lemmas_global_14.smt2,unsat,15.228453874588013
/hycomp/ball_count_2d_plain.02.seq_lazy_linear_enc_lemmas_global_10.smt2,sat,0.0
/hycomp/ball_count_2d_hill.02.seq_lazy_linear_enc_lemmas_global_6.smt2,unsat,0.1835641860961914
/hycomp/ball_count_2d_hill.05.seq_lazy_lemmas_global_12.smt2,failed,1200.0
/hycomp/ball_count_2d_hill_simple.02.seq_lazy_linear_enc_global_14.smt2,sat,0.3
/hycomp/ball_count_1d_plain.04.seq_lazy_linear_enc_global_5.smt2,unsat,0.0
/hycomp/ball_count_1d_plain.02.seq_lazy_lemmas_global_0.smt2,unsat,0.0
/hycomp/ball_count_2d_plain.01.seq_lazy_linear_enc_lemmas_global_1.smt2,unsat,0.0
/hycomp/ball_count_1d_plain.10.qfree_global_13.smt2,unsat,0.0
/hycomp/ball_count_2d_slope.10.seq_lazy_global_9.smt2,unsat,0.0
/hycomp/ball_count_2d_hill.04.seq_lazy_lemmas_global_5.smt2,unsat,0.0
/hycomp/ball_count_2d_hill_simple.01.seq_lazy_lemmas_global_3.smt2,unsat,0.0
/hycomp/ball_count_2d_hill_simple.01.qfree_global_4.smt2,sat,0.0
/hycomp/ball_count_2d_hill.03.redlog_global_4.smt2,unsat,0.0
/hycomp/ball_count_1d_plain.02.seq_lazy_linear_enc_global_9.smt2,unsat,0.0
/hycomp/ball_count_2d_hill.05.seq_lazy_linear_enc_lemmas_global_8.smt2,unsat,0.0
/hycomp/ball_count_2d_plain.10.seq_lazy_lemmas_global_3.smt2,unsat,0.0
/hycomp/ball_count_2d_hill_simple.04.qfree_global_15.smt2,unsat,0.0
/hycomp/ball_count_2d_hill_simple.01.seq_lazy_linear_enc_global_1.smt2,unsat,0.0
/hycomp/ball_count_2d_slope.02.seq_lazy_linear_enc_lemmas_global_4.smt2,unsat,0.0
/hycomp/ball_count_2d_hill_simple.10.seq_lazy_global_11.smt2,unsat,0.0
/hycomp/ball_count_2d_hill_simple.04.seq_lazy_linear_enc_lemmas_global_4.smt2,unsat,0.0
/hycomp/ball_count_2d_hill_simple.04.seq_lazy_lemmas_global_12.smt2,unsat,15.214679718017578
/hycomp/ball_count_2d_hill_simple.01.seq_lazy_linear_enc_lemmas_global_4.smt2,sat,0.0
/hycomp/ball_count_1d_plain.02.qfree_global_5.smt2,unsat,0.0
/hycomp/ball_count_2d_hill_simple.02.seq_lazy_lemmas_global_10.smt2,sat,1.388744592666626
/hycomp/ball_count_1d_plain.10.seq_lazy_lemmas_global_0.smt2,unsat,0.0
/hycomp/ball_count_1d_plain.01.seq_lazy_global_15.smt2,unsat,0.0
/hycomp/ball_count_2d_plain.10.seq_lazy_linear_enc_global_7.smt2,unsat,0.0
/hycomp/ball_count_2d_hill_simple.01.qfree_global_8.smt2,sat,0.0
/hycomp/ball_count_2d_hill.03.seq_lazy_linear_enc_global_8.smt2,unsat,2.1576457023620605
/hycomp/ball_count_2d_hill_simple.03.seq_lazy_global_12.smt2,sat,5.6
/hycomp/ball_count_1d_plain.05.seq_lazy_global_8.smt2,unsat,0.18944907188415527
/hycomp/ball_count_2d_slope.04.seq_lazy_linear_enc_lemmas_global_4.smt2,unsat,0.0
/hycomp/ball_count_1d_plain.02.seq_lazy_global_2.smt2,unsat,0.0
/hycomp/ball_count_2d_hill.03.seq_lazy_linear_enc_global_9.smt2,unsat,0.0
/hycomp/ball_count_2d_hill_simple.01.seq_lazy_linear_enc_global_4.smt2,sat,0.0
/hycomp/ball_count_2d_hill_simple.02.qfree_global_10.smt2,sat,0.0
/hycomp/ball_count_2d_plain.01.qfree_global_4.smt2,sat,0.0
/hycomp/ball_count_2d_slope.10.seq_lazy_linear_enc_global_7.smt2,unsat,0.0
/hycomp/ball_count_1d_plain.10.seq_lazy_lemmas_global_3.smt2,unsat,0.0
/hycomp/ball_count_2d_hill_simple.01.qfree_global_14.smt2,sat,0.0
/hycomp/ball_count_2d_plain.10.seq_lazy_linear_enc_lemmas_global_7.smt2,unsat,0.0
/hycomp/ball_count_2d_hill.01.redlog_global_6.smt2,sat,0.4
/hycomp/ball_count_2d_hill.03.redlog_global_11.smt2,unsat,0.6395032405853271
/hycomp/ball_count_2d_hill_simple.10.seq_lazy_lemmas_global_9.smt2,unsat,0.0
/hycomp/etcs_braking_2.01.seq_lazy_lemmas_global_0.smt2,unsat,0.0
/hycomp/simple_ballistics_reach.01.seq_lazy_lemmas_global_3.smt2,failed,1200.0
/hycomp/ball_count_2d_plain.02.seq_lazy_linear_enc_global_2.smt2,unsat,0.0
/hycomp/ball_count_2d_plain.03.seq_lazy_global_5.smt2,unsat,0.0
/hycomp/ball_count_2d_slope.03.seq_lazy_lemmas_global_3.smt2,unsat,0.0
/hycomp/ball_count_2d_slope.01.seq_lazy_global_5.smt2,unsat,0.0
/hycomp/ball_count_1d_plain.02.seq_lazy_linear_enc_lemmas_global_15.smt2,unsat,0.0
/hycomp/ball_count_2d_hill_simple.05.qfree_global_3.smt2,unsat,0.0
/hycomp/ball_count_2d_plain.02.seq_lazy_lemmas_global_10.smt2,sat,0.3165290355682373
/hycomp/ball_count_1d_plain.01.seq_lazy_global_1.smt2,unsat,0.0
/hycomp/ball_count_2d_hill_simple.02.qfree_global_6.smt2,sat,0.0
/hycomp/ball_count_2d_hill_simple.02.qfree_global_1.smt2,unsat,0.0
/hycomp/ball_count_2d_hill_simple.03.seq_lazy_linear_enc_global_15.smt2,unsat,0.0
/hycomp/ball_count_2d_hill.02.seq_lazy_linear_enc_lemmas_global_9.smt2,unsat,0.0
/hycomp/ball_count_2d_hill_simple.10.seq_lazy_global_12.smt2,unsat,0.0
/hycomp/ball_count_2d_slope.05.seq_lazy_linear_enc_lemmas_global_7.smt2,unsat,0.0
/hycomp/ball_count_1d_plain.01.seq_lazy_global_10.smt2,sat,0.0
/hycomp/ball_count_1d_plain.03.seq_lazy_linear_enc_lemmas_global_15.smt2,unsat,0.05113101005554199
/hycomp/ball_count_1d_plain.03.seq_lazy_linear_enc_global_15.smt2,unsat,0.04129195213317871
/hycomp/ball_count_2d_plain.03.redlog_global_5.smt2,unsat,0.0
/hycomp/ball_count_2d_hill_simple.02.seq_lazy_global_1.smt2,unsat,0.0
/hycomp/ball_count_2d_hill_simple.04.seq_lazy_lemmas_global_14.smt2,failed,1200.0
/hycomp/ball_count_2d_hill_simple.05.seq_lazy_lemmas_global_14.smt2,unsat,15.190585374832153
/hycomp/ball_count_2d_hill_simple.05.qfree_global_6.smt2,unsat,0.0
/hycomp/ball_count_2d_hill_simple.03.seq_lazy_linear_enc_lemmas_global_3.smt2,unsat,0.0
/hycomp/ball_count_2d_plain.05.redlog_global_13.smt2,unsat,0.0
/hycomp/ball_count_2d_plain.05.seq_lazy_lemmas_global_9.smt2,unsat,0.0
/hycomp/ball_count_2d_hill.03.redlog_global_5.smt2,unsat,0.0
/hycomp/ball_count_2d_slope.10.seq_lazy_linear_enc_lemmas_global_9.smt2,unsat,0.0
/hycomp/ball_count_2d_plain.04.redlog_global_14.smt2,failed,1200.0
/hycomp/ball_count_2d_slope.03.seq_lazy_lemmas_global_7.smt2,unsat,0.09209036827087402
/hycomp/ball_count_2d_hill_simple.04.redlog_global_2.smt2,unsat,0.0
/hycomp/ball_count_2d_plain.03.qfree_global_2.smt2,unsat,0.0
/hycomp/ball_count_2d_hill_simple.10.redlog_global_13.smt2,unsat,0.0
/hycomp/etcs_braking_2.01.redlog_global_5.smt2,failed,1200.0
/hycomp/ball_count_2d_plain.01.qfree_global_14.smt2,sat,0.0
/hycomp/ball_count_1d_plain.02.seq_lazy_lemmas_global_7.smt2,unsat,0.0
/hycomp/ball_count_2d_hill_simple.05.seq_lazy_global_7.smt2,unsat,0.0
/hycomp/ball_count_2d_slope.01.seq_lazy_global_13.smt2,unsat,0.0
/hycomp/ball_count_2d_slope.03.seq_lazy_linear_enc_lemmas_global_10.smt2,unsat,0.0
/hycomp/ball_count_2d_hill.01.seq_lazy_global_9.smt2,unsat,0.0
/hycomp/ball_count_2d_hill_simple.04.qfree_global_14.smt2,sat,0.0
/hycomp/ball_count_2d_hill.05.seq_lazy_lemmas_global_6.smt2,unsat,0.0
/hycomp/ball_count_1d_plain.01.seq_lazy_global_13.smt2,unsat,0.0
/hycomp/ball_count_2d_hill_simple.02.seq_lazy_linear_enc_lemmas_global_4.smt2,unsat,0.0
/hycomp/ball_count_2d_hill.04.seq_lazy_lemmas_global_0.smt2,unsat,0.0
/hycomp/ball_count_1d_plain.05.qfree_global_5.smt2,unsat,0.0
/hycomp/ball_count_2d_slope.04.seq_lazy_linear_enc_global_13.smt2,unsat,0.47234177589416504
/hycomp/ball_count_2d_hill.04.seq_lazy_lemmas_global_9.smt2,unsat,0.0
/hycomp/ball_count_2d_plain.02.qfree_global_10.smt2,sat,0.0
/hycomp/ball_count_2d_plain.10.seq_lazy_lemmas_global_0.smt2,unsat,0.0
/hycomp/ball_count_1d_plain.05.seq_lazy_linear_enc_lemmas_global_4.smt2,unsat,0.0
/hycomp/ball_count_1d_plain.10.qfree_global_14.smt2,unsat,15.0
/hycomp/ball_count_1d_plain.04.seq_lazy_linear_enc_lemmas_global_10.smt2,unsat,15.0
/hycomp/ball_count_2d_hill_simple.01.seq_lazy_linear_enc_lemmas_global_10.smt2,sat,0.0
/hycomp/ball_count_2d_plain.10.redlog_global_13.smt2,unsat,0.0
/hycomp/ball_count_2d_hill.04.seq_lazy_global_1.smt2,unsat,0.0
/hycomp/ball_count_2d_hill.10.seq_lazy_lemmas_global_10.smt2,unsat,0.0
/hycomp/ball_count_1d_plain.03.seq_lazy_global_0.smt2,unsat,0.0
/hycomp/ball_count_2d_plain.10.seq_lazy_lemmas_global_12.smt2,unsat,15.1
/hycomp/ball_count_2d_slope.02.seq_lazy_linear_enc_lemmas_global_9.smt2,unsat,0.0
/hycomp/ball_count_1d_plain.04.seq_lazy_global_7.smt2,unsat,0.0
/hycomp/ball_count_2d_hill_simple.10.redlog_global_8.smt2,unsat,0.0
/hycomp/ball_count_2d_plain.04.seq_lazy_lemmas_global_14.smt2,sat,36.40733313560486
/hycomp/ball_count_2d_hill_simple.05.seq_lazy_linear_enc_lemmas_global_1.smt2,unsat,0.0
/hycomp/ball_count_2d_plain.04.seq_lazy_linear_enc_global_13.smt2,unsat,0.0
/hycomp/ball_count_2d_plain.02.seq_lazy_linear_enc_global_6.smt2,sat,0.0
/hycomp/ball_count_2d_hill.01.seq_lazy_linear_enc_lemmas_global_10.smt2,sat,0.0
/hycomp/ball_count_2d_hill.05.seq_lazy_lemmas_global_5.smt2,unsat,0.0
/hycomp/ball_count_2d_hill_simple.10.seq_lazy_linear_enc_global_4.smt2,unsat,0.0
/hycomp/ball_count_1d_plain.02.seq_lazy_global_9.smt2,unsat,0.0
/hycomp/ball_count_2d_hill_simple.10.seq_lazy_global_15.smt2,unsat,0.0
/hycomp/ball_count_2d_hill_simple.04.qfree_global_10.smt2,sat,0.0
/hycomp/ball_count_2d_hill_simple.03.seq_lazy_linear_enc_global_4.smt2,unsat,0.0
/hycomp/ball_count_2d_hill.02.seq_lazy_linear_enc_global_11.smt2,unsat,0.0
/hycomp/ball_count_2d_hill.10.seq_lazy_global_13.smt2,unsat,0.0
/hycomp/ball_count_2d_plain.05.seq_lazy_linear_enc_global_9.smt2,unsat,0.0
/hycomp/ball_count_2d_slope.01.seq_lazy_lemmas_global_5.smt2,unsat,0.0
/hycomp/ball_count_2d_hill_simple.04.seq_lazy_lemmas_global_4.smt2,unsat,0.0
/hycomp/ball_count_2d_plain.04.seq_lazy_global_1.smt2,unsat,0.0
/hycomp/ball_count_1d_plain.04.seq_lazy_linear_enc_global_3.smt2,unsat,0.0
/hycomp/ball_count_2d_plain.01.seq_lazy_lemmas_global_10.smt2,sat,1.0200142860412598
/hycomp/ball_count_2d_plain.04.seq_lazy_global_8.smt2,unsat,15.0
/hycomp/ball_count_2d_plain.05.seq_lazy_lemmas_global_7.smt2,unsat,0.0
/hycomp/ball_count_2d_plain.04.seq_lazy_global_3.smt2,unsat,0.0
/hycomp/ball_count_2d_plain.01.seq_lazy_lemmas_global_11.smt2,unsat,0.0
/hycomp/ball_count_2d_hill.05.redlog_global_4.smt2,unsat,0.0
/hycomp/ball_count_1d_plain.01.redlog_global_9.smt2,unsat,0.0
/hycomp/ball_count_2d_hill.10.seq_lazy_linear_enc_global_14.smt2,unsat,0.0
/hycomp/ball_count_1d_plain.05.seq_lazy_linear_enc_global_9.smt2,unsat,0.0
/hycomp/ball_count_2d_slope.01.seq_lazy_lemmas_global_0.smt2,unsat,0.0
/hycomp/ball_count_2d_hill.04.seq_lazy_global_11.smt2,unsat,0.0
/hycomp/ball_count_1d_plain.10.seq_lazy_lemmas_global_1.smt2,unsat,0.0
/hycomp/ball_count_2d_hill.05.seq_lazy_linear_enc_lemmas_global_10.smt2,unsat,0.1
/hycomp/ball_count_2d_hill_simple.10.seq_lazy_global_6.smt2,unsat,0.0
/hycomp/ball_count_2d_plain.01.seq_lazy_linear_enc_lemmas_global_11.smt2,unsat,0.0
/hycomp/ball_count_2d_slope.03.seq_lazy_lemmas_global_9.smt2,unsat,0.20764684677124023
/hycomp/ball_count_2d_hill_simple.01.seq_lazy_linear_enc_global_7.smt2,unsat,0.0
/hycomp/ball_count_1d_plain.04.redlog_global_10.smt2,sat,15.2
/hycomp/ball_count_2d_hill.02.seq_lazy_lemmas_global_10.smt2,failed,1200.0
/hycomp/ball_count_1d_plain.01.redlog_global_6.smt2,sat,0.0
/hycomp/ball_count_2d_hill.05.seq_lazy_global_5.smt2,unsat,0.0
/hycomp/ball_count_1d_plain.01.qfree_global_8.smt2,sat,0.0
/hycomp/ball_count_2d_hill.03.seq_lazy_lemmas_global_7.smt2,unsat,0.0
/hycomp/ball_count_2d_hill_simple.03.seq_lazy_lemmas_global_5.smt2,unsat,0.0
/hycomp/ball_count_2d_plain.02.seq_lazy_global_12.smt2,sat,0.4639098644256592
/hycomp/ball_count_2d_plain.10.seq_lazy_linear_enc_lemmas_global_9.smt2,unsat,0.0
/hycomp/ball_count_2d_plain.05.seq_lazy_linear_enc_lemmas_global_10.smt2,unsat,15.0
/hycomp/ball_count_2d_hill_simple.01.seq_lazy_global_0.smt2,unsat,0.0
/hycomp/ball_count_2d_hill_simple.05.seq_lazy_linear_enc_lemmas_global_12.smt2,unsat,1.1
/hycomp/ball_count_2d_hill_simple.02.seq_lazy_lemmas_global_5.smt2,unsat,0.0
/hycomp/ball_count_1d_plain.10.seq_lazy_linear_enc_global_7.smt2,unsat,0.0
/hycomp/ball_count_1d_plain.05.seq_lazy_lemmas_global_0.smt2,unsat,0.0
/hycomp/ball_count_2d_hill_simple.04.redlog_global_1.smt2,unsat,0.0
/hycomp/ball_count_2d_slope.02.seq_lazy_lemmas_global_6.smt2,failed,1200.0
/hycomp/ball_count_2d_plain.02.seq_lazy_linear_enc_global_7.smt2,unsat,0.0
/hycomp/ball_count_2d_plain.10.qfree_global_14.smt2,unsat,15.067594289779663
/hycomp/ball_count_2d_plain.10.redlog_global_0.smt2,unsat,0.0
/hycomp/etcs_braking_2.01.qfree_global_9.smt2,unsat,0.7
/hycomp/ball_count_2d_plain.05.seq_lazy_linear_enc_lemmas_global_11.smt2,unsat,0.0
/hycomp/ball_count_1d_plain.01.seq_lazy_linear_enc_lemmas_global_12.smt2,sat,0.08521533012390137
/hycomp/ball_count_2d_slope.01.seq_lazy_global_2.smt2,unsat,0.0
/hycomp/ball_count_1d_plain.02.seq_lazy_linear_enc_global_13.smt2,unsat,0.0
/hycomp/simple_ballistics_reach.01.seq_lazy_lemmas_global_1.smt2,failed,1200.0
/hycomp/ball_count_2d_slope.04.seq_lazy_linear_enc_lemmas_global_9.smt2,unsat,0.0
/hycomp/ball_count_2d_plain.01.seq_lazy_lemmas_global_13.smt2,unsat,0.0
/hycomp/ball_count_2d_plain.03.seq_lazy_linear_enc_lemmas_global_8.smt2,unsat,15.0
/hycomp/ball_count_2d_hill_simple.04.seq_lazy_global_12.smt2,unsat,5.6
/hycomp/ball_count_2d_plain.10.redlog_global_7.smt2,unsat,0.0
/hycomp/ball_count_2d_slope.04.seq_lazy_global_5.smt2,unsat,0.0
/hycomp/ball_count_1d_plain.05.seq_lazy_lemmas_global_5.smt2,unsat,0.0
/hycomp/ball_count_2d_plain.04.redlog_global_11.smt2,unsat,0.0
/hycomp/ball_count_1d_plain.01.qfree_global_5.smt2,unsat,0.0
/hycomp/ball_count_2d_plain.05.redlog_global_3.smt2,unsat,0.0
/hycomp/ball_count_1d_plain.04.seq_lazy_linear_enc_global_6.smt2,unsat,0.10319757461547852
/hycomp/ball_count_1d_plain.03.redlog_global_15.smt2,unsat,0.048133134841918945
/hycomp/ball_count_2d_hill.02.seq_lazy_global_11.smt2,unsat,0.0
/hycomp/ball_count_2d_hill.05.seq_lazy_linear_enc_lemmas_global_9.smt2,unsat,0.0
/hycomp/ball_count_1d_plain.10.seq_lazy_linear_enc_global_10.smt2,unsat,0.47099852561950684
/hycomp/ball_count_1d_plain.10.seq_lazy_global_1.smt2,unsat,0.0
/hycomp/etcs_braking_2.01.seq_lazy_linear_enc_lemmas_global_9.smt2,unsat,0.3
/hycomp/ball_count_1d_plain.10.seq_lazy_linear_enc_global_5.smt2,unsat,0.0
/hycomp/ball_count_1d_plain.10.seq_lazy_linear_enc_global_12.smt2,unsat,15.0
/hycomp/ball_count_1d_plain.03.qfree_global_1.smt2,unsat,0.0
/hycomp/ball_count_1d_plain.04.redlog_global_14.smt2,sat,15.2
/hycomp/ball_count_2d_hill.01.seq_lazy_linear_enc_global_0.smt2,unsat,0.0
/hycomp/ball_count_2d_slope.01.seq_lazy_global_1.smt2,unsat,0.0
/hycomp/ball_count_2d_slope.02.seq_lazy_lemmas_global_9.smt2,unsat,0.0
/hycomp/ball_count_2d_plain.05.seq_lazy_linear_enc_lemmas_global_2.smt2,unsat,0.0
/hycomp/ball_count_1d_plain.04.redlog_global_12.smt2,sat,15.0
/hycomp/ball_count_2d_plain.03.redlog_global_9.smt2,unsat,0.0
/hycomp/ball_count_2d_hill_simple.02.qfree_global_2.smt2,unsat,0.0
/hycomp/ball_count_2d_hill.05.seq_lazy_global_13.smt2,unsat,0.0
/hycomp/ball_count_2d_slope.05.seq_lazy_linear_enc_global_3.smt2,unsat,0.0
/hycomp/ball_count_2d_hill_simple.02.seq_lazy_global_6.smt2,sat,0.0
/hycomp/ball_count_1d_plain.01.seq_lazy_lemmas_global_8.smt2,sat,0.05653786659240723
/hycomp/etcs_braking_2.01.seq_lazy_global_7.smt2,unsat,0.0
/hycomp/ball_count_2d_plain.01.redlog_global_14.smt2,sat,0.0
/hycomp/ball_count_2d_slope.10.seq_lazy_lemmas_global_4.smt2,unsat,0.0
/hycomp/ball_count_1d_plain.04.seq_lazy_lemmas_global_11.smt2,unsat,0.0
/hycomp/ball_count_2d_slope.01.seq_lazy_lemmas_global_4.smt2,unsat,0.17830491065979004
/hycomp/simple_ballistics_reach.01.seq_lazy_linear_enc_global_9.smt2,sat,5.8
/hycomp/ball_count_2d_hill_simple.01.redlog_global_8.smt2,sat,15.491234540939331
/hycomp/ball_count_2d_plain.02.qfree_global_4.smt2,unsat,0.0
/hycomp/ball_count_2d_hill.05.seq_lazy_linear_enc_lemmas_global_2.smt2,unsat,0.0
/hycomp/ball_count_2d_hill.04.seq_lazy_linear_enc_lemmas_global_2.smt2,unsat,0.0
/hycomp/ball_count_2d_hill_simple.05.seq_lazy_lemmas_global_12.smt2,unsat,5.0
/hycomp/ball_count_2d_hill_simple.10.qfree_global_4.smt2,unsat,0.0
/hycomp/ball_count_1d_plain.03.redlog_global_4.smt2,unsat,0.0
/hycomp/ball_count_2d_hill.05.seq_lazy_global_1.smt2,unsat,0.0
/hycomp/ball_count_2d_plain.01.redlog_global_9.smt2,unsat,0.0
/hycomp/ball_count_2d_slope.10.seq_lazy_linear_enc_global_8.smt2,unsat,0.1
/hycomp/etcs_braking_2.01.qfree_global_6.smt2,unsat,0.0
/hycomp/ball_count_2d_plain.04.seq_lazy_linear_enc_lemmas_global_7.smt2,unsat,0.0
/hycomp/ball_count_2d_hill_simple.02.seq_lazy_global_13.smt2,unsat,0.0
/hycomp/ball_count_2d_slope.04.seq_lazy_global_14.smt2,failed,1200.0
/hycomp/ball_count_2d_hill_simple.10.qfree_global_3.smt2,unsat,0.0
/hycomp/ball_count_1d_plain.01.seq_lazy_lemmas_global_13.smt2,unsat,0.0
/hycomp/ball_count_1d_plain.01.seq_lazy_linear_enc_lemmas_global_5.smt2,unsat,0.0
/hycomp/ball_count_1d_plain.10.seq_lazy_linear_enc_lemmas_global_7.smt2,unsat,0.0
/hycomp/ball_count_2d_plain.03.qfree_global_8.smt2,unsat,0.1
/hycomp/ball_count_2d_slope.04.seq_lazy_lemmas_global_3.smt2,unsat,0.0
/hycomp/ball_count_2d_hill.04.seq_lazy_linear_enc_lemmas_global_9.smt2,unsat,0.0
/hycomp/ball_count_2d_hill.10.seq_lazy_linear_enc_global_12.smt2,unsat,0.0
/hycomp/ball_count_2d_hill.01.seq_lazy_linear_enc_lemmas_global_14.smt2,sat,0.0
/hycomp/ball_count_2d_slope.10.seq_lazy_linear_enc_global_0.smt2,unsat,0.0
/hycomp/ball_count_1d_plain.02.qfree_global_1.smt2,unsat,0.0
/hycomp/ball_count_2d_hill_simple.03.seq_lazy_linear_enc_global_7.smt2,unsat,0.0
/hycomp/ball_count_2d_slope.03.seq_lazy_linear_enc_lemmas_global_12.smt2,unsat,0.0
/hycomp/ball_count_2d_hill_simple.01.seq_lazy_linear_enc_lemmas_global_15.smt2,unsat,0.0
/hycomp/ball_count_1d_plain.01.seq_lazy_linear_enc_global_3.smt2,unsat,0.0
/hycomp/ball_count_2d_hill.03.seq_lazy_linear_enc_global_3.smt2,unsat,0.0
/hycomp/ball_count_1d_plain.05.qfree_global_6.smt2,unsat,0.0688636302947998
/hycomp/simple_ballistics_reach.01.seq_lazy_linear_enc_global_10.smt2,unsat,0.0
/hycomp/ball_count_2d_hill_simple.01.seq_lazy_global_9.smt2,unsat,0.0
/hycomp/ball_count_2d_hill.04.redlog_global_4.smt2,unsat,0.0
/hycomp/ball_count_2d_plain.01.qfree_global_10.smt2,sat,0.0
/hycomp/ball_count_1d_plain.03.seq_lazy_linear_enc_global_2.smt2,unsat,0.0
/hycomp/ball_count_2d_plain.01.seq_lazy_lemmas_global_14.smt2,sat,16.5
/hycomp/simple_ballistics_reach.01.seq_lazy_linear_enc_lemmas_global_5.smt2,failed,1200.0
/hycomp/ball_count_2d_hill.02.seq_lazy_lemmas_global_15.smt2,unsat,0.0
/hycomp/ball_count_2d_hill_simple.04.seq_lazy_linear_enc_lemmas_global_11.smt2,unsat,0.0
/hycomp/ball_count_1d_plain.03.seq_lazy_linear_enc_lemmas_global_0.smt2,unsat,0.0
/hycomp/ball_count_2d_plain.05.qfree_global_9.smt2,unsat,0.0
/hycomp/ball_count_2d_hill_simple.02.seq_lazy_lemmas_global_7.smt2,unsat,0.0
/hycomp/ball_count_2d_plain.10.seq_lazy_linear_enc_lemmas_global_8.smt2,unsat,15.0
/hycomp/ball_count_1d_plain.04.seq_lazy_linear_enc_lemmas_global_4.smt2,unsat,0.0
/hycomp/ball_count_2d_plain.03.qfree_global_10.smt2,sat,0.8
/hycomp/ball_count_2d_hill_simple.01.seq_lazy_linear_enc_global_14.smt2,sat,0.1
/hycomp/ball_count_2d_hill_simple.04.seq_lazy_linear_enc_global_7.smt2,unsat,0.0
/hycomp/ball_count_2d_hill_simple.04.seq_lazy_linear_enc_global_8.smt2,unsat,0.0
/hycomp/ball_count_2d_hill_simple.03.qfree_global_11.smt2,unsat,0.0
/hycomp/ball_count_2d_hill_simple.01.seq_lazy_global_2.smt2,sat,0.0
/hycomp/ball_count_2d_hill.05.seq_lazy_linear_enc_global_2.smt2,unsat,0.0
/hycomp/ball_count_1d_plain.04.redlog_global_8.smt2,sat,15.0
/hycomp/ball_count_2d_plain.04.redlog_global_12.smt2,unsat,15.3
/hycomp/ball_count_2d_plain.04.seq_lazy_lemmas_global_0.smt2,unsat,0.0
/hycomp/ball_count_2d_slope.03.seq_lazy_linear_enc_lemmas_global_5.smt2,unsat,0.0
/hycomp/ball_count_2d_hill_simple.04.seq_lazy_linear_enc_global_9.smt2,unsat,0.0
/hycomp/etcs_braking_2.01.seq_lazy_linear_enc_global_10.smt2,unsat,0.5
/hycomp/ball_count_2d_hill.10.seq_lazy_linear_enc_lemmas_global_6.smt2,unsat,0.0
/hycomp/ball_count_1d_plain.03.seq_lazy_lemmas_global_9.smt2,unsat,0.0
/hycomp/ball_count_2d_plain.04.redlog_global_6.smt2,unsat,0.1932511329650879
/hycomp/ball_count_2d_hill_simple.01.redlog_global_1.smt2,unsat,0.0
/hycomp/ball_count_2d_plain.10.qfree_global_2.smt2,unsat,0.0
/hycomp/ball_count_2d_slope.01.seq_lazy_global_6.smt2,unsat,0.0
/hycomp/ball_count_2d_hill.01.redlog_global_14.smt2,sat,0.1
/hycomp/ball_count_1d_plain.01.seq_lazy_linear_enc_global_6.smt2,sat,0.0
/hycomp/ball_count_2d_slope.01.seq_lazy_linear_enc_lemmas_global_12.smt2,unsat,0.0
/hycomp/ball_count_2d_plain.02.seq_lazy_global_7.smt2,unsat,0.0
/hycomp/ball_count_2d_hill_simple.10.seq_lazy_global_1.smt2,unsat,0.0
/hycomp/ball_count_2d_hill_simple.03.seq_lazy_lemmas_global_9.smt2,unsat,0.0
/hycomp/ball_count_2d_slope.05.seq_lazy_global_11.smt2,unsat,0.307098388671875
/hycomp/ball_count_2d_hill_simple.10.qfree_global_2.smt2,unsat,0.0
/hycomp/ball_count_2d_plain.02.qfree_global_3.smt2,unsat,0.0
/hycomp/simple_ballistics_reach.01.seq_lazy_global_11.smt2,failed,1200.0
/hycomp/ball_count_1d_plain.04.seq_lazy_linear_enc_lemmas_global_6.smt2,unsat,0.0
/hycomp/ball_count_2d_hill.04.redlog_global_0.smt2,unsat,0.0
/hycomp/ball_count_2d_hill_simple.05.redlog_global_9.smt2,unsat,0.0
/hycomp/ball_count_2d_hill.10.seq_lazy_linear_enc_lemmas_global_8.smt2,unsat,0.0
/hycomp/simple_ballistics_reach.01.seq_lazy_linear_enc_lemmas_global_4.smt2,unsat,0.0
/hycomp/ball_count_2d_plain.10.qfree_global_7.smt2,unsat,0.0
/hycomp/ball_count_2d_plain.02.redlog_global_11.smt2,unsat,0.0
/hycomp/ball_count_1d_plain.01.seq_lazy_global_2.smt2,sat,0.0
/hycomp/ball_count_2d_slope.10.seq_lazy_linear_enc_lemmas_global_7.smt2,unsat,0.0
/hycomp/ball_count_2d_hill_simple.03.seq_lazy_linear_enc_global_5.smt2,unsat,0.0
/hycomp/ball_count_2d_plain.04.redlog_global_0.smt2,unsat,0.0
/hycomp/ball_count_2d_plain.04.seq_lazy_global_11.smt2,unsat,0.0
/hycomp/ball_count_2d_plain.02.redlog_global_12.smt2,sat,1.000058650970459
/hycomp/ball_count_1d_plain.03.seq_lazy_linear_enc_lemmas_global_10.smt2,sat,0.5308647155761719
/hycomp/ball_count_2d_hill.05.redlog_global_10.smt2,failed,1200.0
/hycomp/ball_count_2d_plain.03.qfree_global_11.smt2,unsat,0.0
/hycomp/ball_count_2d_slope.05.seq_lazy_lemmas_global_6.smt2,unsat,0.0
/hycomp/ball_count_2d_hill_simple.02.seq_lazy_linear_enc_lemmas_global_2.smt2,unsat,0.0
/hycomp/ball_count_2d_hill_simple.02.seq_lazy_lemmas_global_4.smt2,unsat,0.0
/hycomp/ball_count_2d_hill_simple.01.seq_lazy_linear_enc_lemmas_global_12.smt2,sat,0.1
/hycomp/ball_count_2d_plain.02.seq_lazy_linear_enc_global_4.smt2,unsat,0.0
/hycomp/ball_count_2d_plain.02.seq_lazy_global_2.smt2,unsat,0.0
/hycomp/ball_count_2d_hill.03.seq_lazy_lemmas_global_2.smt2,unsat,0.0
/hycomp/ball_count_2d_slope.03.seq_lazy_linear_enc_lemmas_global_4.smt2,unsat,0.0
/hycomp/ball_count_2d_plain.03.seq_lazy_linear_enc_global_7.smt2,unsat,0.0
/hycomp/ball_count_2d_hill_simple.03.seq_lazy_lemmas_global_10.smt2,sat,15.592607259750366
/hycomp/ball_count_1d_plain.02.seq_lazy_global_11.smt2,unsat,0.0
/hycomp/ball_count_2d_plain.03.seq_lazy_linear_enc_global_11.smt2,unsat,0.0
/hycomp/ball_count_2d_hill.04.seq_lazy_global_8.smt2,unsat,0.0
/hycomp/ball_count_2d_hill.10.seq_lazy_lemmas_global_0.smt2,unsat,0.0
/hycomp/ball_count_2d_hill_simple.10.seq_lazy_lemmas_global_14.smt2,unsat,0.0
/hycomp/ball_count_2d_hill.02.seq_lazy_lemmas_global_3.smt2,unsat,0.0
/hycomp/ball_count_1d_plain.04.seq_lazy_linear_enc_lemmas_global_11.smt2,unsat,0.0
/hycomp/ball_count_1d_plain.02.seq_lazy_linear_enc_global_3.smt2,unsat,0.0
/hycomp/ball_count_1d_plain.05.redlog_global_7.smt2,unsat,0.0
/hycomp/ball_count_1d_plain.10.seq_lazy_linear_enc_lemmas_global_6.smt2,unsat,5.0
/hycomp/ball_count_2d_hill_simple.05.seq_lazy_linear_enc_lemmas_global_8.smt2,unsat,0.0
/hycomp/ball_count_1d_plain.03.redlog_global_5.smt2,unsat,0.0
/hycomp/ball_count_2d_plain.05.qfree_global_2.smt2,unsat,0.0
/hycomp/ball_count_2d_plain.03.seq_lazy_global_8.smt2,unsat,14.9
/hycomp/ball_count_2d_hill_simple.02.seq_lazy_global_10.smt2,sat,0.3
/hycomp/ball_count_2d_hill_simple.03.redlog_global_4.smt2,unsat,0.0
/hycomp/ball_count_2d_hill_simple.10.qfree_global_14.smt2,unsat,0.0
/hycomp/ball_count_1d_plain.05.seq_lazy_global_1.smt2,unsat,0.0
/hycomp/ball_count_1d_plain.10.seq_lazy_global_8.smt2,unsat,0.11606526374816895
/hycomp/ball_count_1d_plain.05.qfree_global_8.smt2,unsat,0.41969895362854004
/hycomp/ball_count_2d_hill_simple.05.seq_lazy_linear_enc_global_13.smt2,unsat,0.0
/hycomp/ball_count_2d_plain.05.seq_lazy_lemmas_global_15.smt2,unsat,0.0
/hycomp/ball_count_2d_plain.02.qfree_global_0.smt2,unsat,0.0
/hycomp/ball_count_2d_hill_simple.04.seq_lazy_global_1.smt2,unsat,0.0
/hycomp/ball_count_1d_plain.03.redlog_global_0.smt2,unsat,0.0
/hycomp/ball_count_2d_plain.01.seq_lazy_lemmas_global_1.smt2,unsat,0.0
/hycomp/ball_count_1d_plain.02.qfree_global_10.smt2,sat,0.10098862648010254
/hycomp/ball_count_1d_plain.04.seq_lazy_global_8.smt2,unsat,0.3827528953552246
/hycomp/simple_ballistics_reach.01.seq_lazy_linear_enc_lemmas_global_14.smt2,unsat,0.0
/hycomp/ball_count_1d_plain.04.seq_lazy_linear_enc_global_15.smt2,unsat,0.0662527084350586
/hycomp/ball_count_2d_plain.03.seq_lazy_linear_enc_global_10.smt2,sat,15.3
/hycomp/simple_ballistics_reach.01.seq_lazy_linear_enc_lemmas_global_10.smt2,unsat,0.0
/hycomp/ball_count_2d_hill.01.seq_lazy_linear_enc_global_9.smt2,unsat,0.0
/hycomp/ball_count_1d_plain.04.seq_lazy_global_12.smt2,unsat,15.1
/hycomp/ball_count_1d_plain.10.redlog_global_6.smt2,unsat,0.2
/hycomp/ball_count_2d_plain.10.qfree_global_11.smt2,unsat,0.0
/hycomp/ball_count_2d_hill_simple.03.seq_lazy_lemmas_global_8.smt2,unsat,5.1
/hycomp/simple_ballistics_reach.01.seq_lazy_linear_enc_lemmas_global_2.smt2,unsat,0.0
/hycomp/ball_count_2d_slope.02.seq_lazy_linear_enc_global_15.smt2,unsat,0.0
/hycomp/ball_count_1d_plain.03.qfree_global_12.smt2,sat,0.15248751640319824
/hycomp/ball_count_2d_hill.04.seq_lazy_global_15.smt2,unsat,0.1
/hycomp/ball_count_1d_plain.01.qfree_global_0.smt2,unsat,0.0
/hycomp/ball_count_2d_plain.10.qfree_global_10.smt2,unsat,0.6
/hycomp/ball_count_2d_slope.10.seq_lazy_linear_enc_global_14.smt2,unsat,5.2
/hycomp/ball_count_2d_slope.02.seq_lazy_linear_enc_global_3.smt2,unsat,0.0
/hycomp/ball_count_1d_plain.04.seq_lazy_lemmas_global_0.smt2,unsat,0.0
/hycomp/ball_count_1d_plain.05.qfree_global_7.smt2,unsat,0.0
/hycomp/ball_count_2d_plain.05.seq_lazy_linear_enc_lemmas_global_13.smt2,unsat,0.0
/hycomp/ball_count_2d_slope.10.seq_lazy_lemmas_global_5.smt2,unsat,0.0
/hycomp/ball_count_2d_hill_simple.01.seq_lazy_linear_enc_lemmas_global_2.smt2,sat,0.0
/hycomp/ball_count_2d_hill_simple.02.seq_lazy_lemmas_global_15.smt2,unsat,0.0
/hycomp/ball_count_2d_plain.02.seq_lazy_linear_enc_lemmas_global_7.smt2,unsat,0.0
/hycomp/ball_count_2d_plain.05.seq_lazy_global_0.smt2,unsat,0.0
/hycomp/ball_count_2d_hill_simple.03.qfree_global_12.smt2,sat,0.0
/hycomp/ball_count_2d_plain.02.seq_lazy_linear_enc_global_11.smt2,unsat,0.0
/hycomp/ball_count_2d_hill.02.seq_lazy_linear_enc_lemmas_global_8.smt2,failed,1200.0
/hycomp/ball_count_2d_plain.10.seq_lazy_linear_enc_lemmas_global_15.smt2,unsat,0.0
/hycomp/ball_count_1d_plain.02.seq_lazy_global_10.smt2,sat,0.10756444931030273
/hycomp/ball_count_2d_hill.04.seq_lazy_lemmas_global_12.smt2,failed,1200.0
/hycomp/ball_count_1d_plain.10.seq_lazy_global_3.smt2,unsat,0.0
/hycomp/ball_count_2d_hill.04.seq_lazy_linear_enc_lemmas_global_4.smt2,unsat,0.0
/hycomp/simple_ballistics_reach.01.seq_lazy_linear_enc_global_5.smt2,sat,0.8196585178375244
/hycomp/ball_count_2d_plain.04.qfree_global_13.smt2,unsat,0.0
/hycomp/ball_count_2d_hill.02.seq_lazy_lemmas_global_1.smt2,unsat,0.0
/hycomp/ball_count_1d_plain.10.seq_lazy_linear_enc_global_8.smt2,unsat,0.11855244636535645
/hycomp/ball_count_1d_plain.10.redlog_global_1.smt2,unsat,0.0
/hycomp/ball_count_2d_slope.10.seq_lazy_linear_enc_global_6.smt2,unsat,0.0
/hycomp/ball_count_2d_slope.03.seq_lazy_linear_enc_global_0.smt2,unsat,0.0
/hycomp/ball_count_2d_slope.02.seq_lazy_global_4.smt2,unsat,0.09115266799926758
/hycomp/ball_count_2d_slope.05.seq_lazy_lemmas_global_3.smt2,unsat,0.0
/hycomp/ball_count_2d_plain.03.seq_lazy_lemmas_global_3.smt2,unsat,0.0
/hycomp/ball_count_2d_plain.04.seq_lazy_lemmas_global_8.smt2,unsat,15.0
/hycomp/ball_count_2d_plain.05.seq_lazy_linear_enc_global_12.smt2,unsat,15.0
/hycomp/ball_count_2d_plain.04.seq_lazy_linear_enc_lemmas_global_14.smt2,sat,167.30970430374146
/hycomp/ball_count_2d_hill.01.seq_lazy_linear_enc_global_10.smt2,sat,0.0
/hycomp/ball_count_2d_hill_simple.03.qfree_global_7.smt2,unsat,0.0
/hycomp/ball_count_2d_hill.04.seq_lazy_lemmas_global_14.smt2,failed,1200.0
/hycomp/ball_count_2d_hill_simple.01.qfree_global_10.smt2,sat,0.0
/hycomp/ball_count_2d_slope.05.seq_lazy_global_12.smt2,failed,1200.0
/hycomp/ball_count_2d_slope.05.seq_lazy_linear_enc_global_8.smt2,unsat,0.1
/hycomp/ball_count_2d_hill_simple.01.seq_lazy_linear_enc_lemmas_global_0.smt2,unsat,0.0
/hycomp/ball_count_1d_plain.01.seq_lazy_linear_enc_global_15.smt2,unsat,0.0
/hycomp/ball_count_1d_plain.04.qfree_global_4.smt2,unsat,0.0
/hycomp/ball_count_2d_slope.01.seq_lazy_lemmas_global_1.smt2,unsat,0.0
/hycomp/etcs_braking_2.01.seq_lazy_global_6.smt2,unsat,0.0
/hycomp/ball_count_2d_plain.05.seq_lazy_lemmas_global_3.smt2,unsat,0.0
/hycomp/ball_count_2d_hill_simple.01.seq_lazy_linear_enc_lemmas_global_1.smt2,unsat,0.0
/hycomp/ball_count_2d_hill_simple.02.seq_lazy_linear_enc_global_11.smt2,unsat,0.0
/hycomp/ball_count_2d_hill.05.seq_lazy_lemmas_global_3.smt2,unsat,0.0
/hycomp/ball_count_2d_plain.10.redlog_global_4.smt2,unsat,0.0
/hycomp/ball_count_2d_slope.02.seq_lazy_linear_enc_global_0.smt2,unsat,0.0
/hycomp/simple_ballistics_reach.01.seq_lazy_lemmas_global_14.smt2,unsat,0.0
/hycomp/ball_count_2d_plain.05.seq_lazy_linear_enc_global_3.smt2,unsat,0.0
/hycomp/ball_count_2d_hill_simple.04.seq_lazy_global_7.smt2,unsat,0.0
/hycomp/ball_count_2d_hill_simple.02.seq_lazy_global_8.smt2,sat,0.0
/hycomp/ball_count_2d_hill.02.seq_lazy_lemmas_global_8.smt2,failed,1200.0
/hycomp/etcs_braking_2.01.seq_lazy_linear_enc_global_3.smt2,unsat,0.0
/hycomp/ball_count_2d_hill_simple.10.seq_lazy_global_7.smt2,unsat,0.0
/hycomp/ball_count_2d_hill.10.seq_lazy_lemmas_global_5.smt2,unsat,0.0
/hycomp/ball_count_2d_hill_simple.04.seq_lazy_linear_enc_global_4.smt2,unsat,0.0
/hycomp/ball_count_2d_hill.04.seq_lazy_linear_enc_global_5.smt2,unsat,0.0
/hycomp/ball_count_2d_hill.04.seq_lazy_global_5.smt2,unsat,0.0
/hycomp/etcs_braking_2.01.seq_lazy_linear_enc_lemmas_global_7.smt2,unsat,0.1
/hycomp/ball_count_2d_hill.05.redlog_global_11.smt2,unsat,0.6207985877990723
/hycomp/ball_count_2d_plain.10.seq_lazy_lemmas_global_10.smt2,unsat,15.0
/hycomp/ball_count_1d_plain.05.seq_lazy_linear_enc_lemmas_global_1.smt2,unsat,0.0
/hycomp/ball_count_2d_hill.03.seq_lazy_linear_enc_global_11.smt2,unsat,0.0
/hycomp/ball_count_2d_hill_simple.01.redlog_global_13.smt2,unsat,0.0
/hycomp/etcs_braking_2.01.qfree_global_4.smt2,unsat,0.0
/hycomp/ball_count_2d_hill.03.seq_lazy_linear_enc_lemmas_global_4.smt2,unsat,0.0
/hycomp/ball_count_1d_plain.01.seq_lazy_lemmas_global_2.smt2,sat,0.0
/hycomp/ball_count_2d_plain.02.seq_lazy_linear_enc_global_9.smt2,unsat,0.0
/hycomp/ball_count_2d_slope.03.seq_lazy_global_6.smt2,unsat,0.26726841926574707
/hycomp/ball_count_2d_hill_simple.01.seq_lazy_lemmas_global_5.smt2,unsat,0.0
/hycomp/ball_count_2d_plain.10.redlog_global_12.smt2,unsat,15.0
/hycomp/ball_count_2d_plain.05.seq_lazy_lemmas_global_2.smt2,unsat,0.0
/hycomp/ball_count_2d_plain.03.seq_lazy_lemmas_global_4.smt2,unsat,0.1
/hycomp/ball_count_2d_hill_simple.04.qfree_global_8.smt2,sat,0.0
/hycomp/ball_count_2d_hill_simple.05.qfree_global_14.smt2,sat,0.0
/hycomp/ball_count_2d_hill.03.redlog_global_7.smt2,unsat,0.12880754470825195
/hycomp/ball_count_2d_plain.04.seq_lazy_linear_enc_global_3.smt2,unsat,0.0
/hycomp/ball_count_1d_plain.04.qfree_global_1.smt2,unsat,0.0
/hycomp/ball_count_2d_hill.01.seq_lazy_linear_enc_global_3.smt2,unsat,0.0
/hycomp/ball_count_2d_slope.01.seq_lazy_linear_enc_global_12.smt2,unsat,0.0
/hycomp/ball_count_2d_plain.04.seq_lazy_linear_enc_global_6.smt2,unsat,0.0
/hycomp/ball_count_2d_slope.05.seq_lazy_linear_enc_lemmas_global_13.smt2,unsat,0.0
/hycomp/ball_count_2d_slope.04.seq_lazy_linear_enc_global_3.smt2,unsat,0.0
/hycomp/ball_count_2d_hill.10.seq_lazy_global_6.smt2,unsat,0.0
/hycomp/ball_count_2d_hill_simple.01.seq_lazy_linear_enc_global_0.smt2,unsat,0.0
/hycomp/ball_count_1d_plain.01.seq_lazy_linear_enc_lemmas_global_13.smt2,unsat,0.0
/hycomp/ball_count_2d_plain.05.seq_lazy_lemmas_global_5.smt2,unsat,0.0
/hycomp/ball_count_2d_plain.02.seq_lazy_linear_enc_global_0.smt2,unsat,0.0
/hycomp/ball_count_2d_hill_simple.01.seq_lazy_linear_enc_global_9.smt2,unsat,0.0
/hycomp/ball_count_2d_slope.01.seq_lazy_linear_enc_lemmas_global_11.smt2,unsat,0.0
/hycomp/ball_count_1d_plain.03.seq_lazy_linear_enc_global_14.smt2,sat,0.3262319564819336
/hycomp/ball_count_1d_plain.05.seq_lazy_lemmas_global_15.smt2,unsat,0.05310797691345215
/hycomp/ball_count_1d_plain.04.redlog_global_0.smt2,unsat,0.0
/hycomp/ball_count_1d_plain.01.redlog_global_4.smt2,sat,0.0
/hycomp/ball_count_2d_plain.05.seq_lazy_lemmas_global_4.smt2,unsat,0.1
/hycomp/ball_count_1d_plain.02.seq_lazy_linear_enc_global_8.smt2,sat,0.07211184501647949
/hycomp/ball_count_1d_plain.05.seq_lazy_linear_enc_lemmas_global_3.smt2,unsat,0.0
/hycomp/ball_count_2d_hill_simple.03.seq_lazy_linear_enc_global_12.smt2,sat,5.6
/hycomp/etcs_braking_2.01.redlog_global_4.smt2,unsat,0.0
/hycomp/ball_count_1d_plain.04.seq_lazy_global_2.smt2,unsat,0.0
/hycomp/ball_count_2d_slope.01.seq_lazy_linear_enc_lemmas_global_1.smt2,unsat,0.0
/hycomp/ball_count_2d_hill.04.seq_lazy_lemmas_global_4.smt2,unsat,0.0
/hycomp/ball_count_2d_plain.04.seq_lazy_linear_enc_lemmas_global_3.smt2,unsat,0.0
/hycomp/ball_count_2d_slope.10.seq_lazy_lemmas_global_0.smt2,unsat,0.0
/hycomp/simple_ballistics_reach.01.seq_lazy_linear_enc_lemmas_global_6.smt2,unsat,0.0
/hycomp/ball_count_2d_hill.01.seq_lazy_lemmas_global_12.smt2,sat,0.0
/hycomp/ball_count_2d_hill.04.seq_lazy_linear_enc_global_3.smt2,unsat,0.0
/hycomp/ball_count_2d_hill_simple.02.redlog_global_0.smt2,unsat,0.0
/hycomp/ball_count_2d_slope.04.seq_lazy_global_8.smt2,unsat,15.0
/hycomp/ball_count_2d_hill_simple.04.seq_lazy_linear_enc_lemmas_global_3.smt2,unsat,0.0
/hycomp/ball_count_2d_hill_simple.04.seq_lazy_linear_enc_lemmas_global_8.smt2,unsat,0.0
/hycomp/ball_count_2d_hill.10.seq_lazy_linear_enc_lemmas_global_15.smt2,unsat,0.0
/hycomp/ball_count_1d_plain.03.seq_lazy_linear_enc_lemmas_global_7.smt2,unsat,0.0
/hycomp/ball_count_1d_plain.10.redlog_global_10.smt2,unsat,15.077307939529419
/hycomp/ball_count_2d_hill_simple.04.seq_lazy_linear_enc_lemmas_global_10.smt2,unsat,0.4
/hycomp/ball_count_1d_plain.03.seq_lazy_global_13.smt2,unsat,0.03548431396484375
/hycomp/ball_count_2d_hill_simple.02.seq_lazy_global_5.smt2,unsat,0.0
/hycomp/ball_count_1d_plain.01.seq_lazy_linear_enc_lemmas_global_1.smt2,unsat,0.0
/hycomp/ball_count_2d_plain.10.qfree_global_0.smt2,unsat,0.0
/hycomp/ball_count_2d_hill.02.seq_lazy_global_5.smt2,unsat,0.0
/hycomp/ball_count_1d_plain.01.seq_lazy_linear_enc_global_1.smt2,unsat,0.0
/hycomp/ball_count_2d_hill.01.redlog_global_10.smt2,sat,0.1
/hycomp/ball_count_2d_plain.04.seq_lazy_global_5.smt2,unsat,0.0
/hycomp/ball_count_2d_hill_simple.04.seq_lazy_linear_enc_lemmas_global_15.smt2,unsat,0.0
/hycomp/ball_count_2d_hill_simple.02.seq_lazy_linear_enc_global_6.smt2,sat,0.0
/hycomp/ball_count_2d_slope.10.seq_lazy_lemmas_global_14.smt2,unsat,5.0
/hycomp/ball_count_1d_plain.10.seq_lazy_linear_enc_lemmas_global_2.smt2,unsat,0.0
/hycomp/ball_count_2d_slope.03.seq_lazy_global_8.smt2,unsat,16.0
/hycomp/simple_ballistics_reach.01.seq_lazy_linear_enc_global_7.smt2,failed,1200.0
/hycomp/ball_count_2d_hill.02.seq_lazy_global_14.smt2,failed,1200.0
/hycomp/ball_count_2d_plain.02.redlog_global_1.smt2,unsat,0.0
/hycomp/ball_count_1d_plain.05.seq_lazy_linear_enc_lemmas_global_9.smt2,unsat,0.0
/hycomp/ball_count_2d_hill_simple.02.seq_lazy_linear_enc_global_3.smt2,unsat,0.0
/hycomp/ball_count_2d_slope.02.seq_lazy_global_11.smt2,unsat,0.0
/hycomp/ball_count_2d_slope.10.seq_lazy_linear_enc_lemmas_global_8.smt2,unsat,0.0
/hycomp/ball_count_2d_slope.05.seq_lazy_linear_enc_lemmas_global_0.smt2,unsat,0.0
/hycomp/ball_count_2d_hill_simple.01.qfree_global_1.smt2,unsat,0.0
/hycomp/ball_count_2d_plain.03.seq_lazy_linear_enc_lemmas_global_7.smt2,unsat,0.0
/hycomp/ball_count_2d_hill_simple.05.redlog_global_3.smt2,unsat,0.0
/hycomp/ball_count_2d_hill.05.seq_lazy_linear_enc_lemmas_global_12.smt2,failed,1200.0
/hycomp/ball_count_2d_plain.01.seq_lazy_lemmas_global_2.smt2,sat,0.0
/hycomp/ball_count_1d_plain.03.seq_lazy_linear_enc_global_1.smt2,unsat,0.0
/hycomp/ball_count_2d_slope.10.seq_lazy_linear_enc_lemmas_global_12.smt2,unsat,0.0
/hycomp/ball_count_2d_plain.03.seq_lazy_lemmas_global_5.smt2,unsat,0.0
/hycomp/etcs_braking_2.01.seq_lazy_linear_enc_global_0.smt2,unsat,0.0
/hycomp/ball_count_1d_plain.05.seq_lazy_global_14.smt2,unsat,15.0
/hycomp/ball_count_2d_plain.10.seq_lazy_linear_enc_global_14.smt2,unsat,15.0
/hycomp/ball_count_2d_plain.03.seq_lazy_linear_enc_global_6.smt2,unsat,0.0
/hycomp/ball_count_2d_hill.02.seq_lazy_linear_enc_lemmas_global_3.smt2,unsat,0.0
/hycomp/ball_count_1d_plain.10.seq_lazy_lemmas_global_14.smt2,unsat,15.0
/hycomp/ball_count_1d_plain.05.redlog_global_12.smt2,failed,1200.0
/hycomp/ball_count_2d_plain.01.seq_lazy_linear_enc_lemmas_global_10.smt2,sat,0.5255954265594482
/hycomp/etcs_braking_2.01.seq_lazy_lemmas_global_11.smt2,unsat,15.237673997879028
/hycomp/ball_count_2d_hill_simple.10.seq_lazy_linear_enc_lemmas_global_5.smt2,unsat,0.0
/hycomp/ball_count_1d_plain.02.seq_lazy_linear_enc_lemmas_global_14.smt2,sat,0.8123476505279541
/hycomp/ball_count_2d_plain.01.qfree_global_0.smt2,unsat,0.0
/hycomp/ball_count_2d_hill.02.seq_lazy_linear_enc_global_12.smt2,failed,1200.0
/hycomp/ball_count_1d_plain.01.redlog_global_15.smt2,unsat,0.0
/hycomp/ball_count_1d_plain.03.seq_lazy_global_3.smt2,unsat,0.0
/hycomp/ball_count_2d_slope.02.seq_lazy_lemmas_global_13.smt2,unsat,0.0
/hycomp/ball_count_2d_hill_simple.10.seq_lazy_lemmas_global_8.smt2,unsat,0.0
/hycomp/ball_count_2d_slope.05.seq_lazy_linear_enc_global_1.smt2,unsat,0.0
/hycomp/ball_count_2d_plain.03.seq_lazy_global_4.smt2,unsat,0.0
/hycomp/ball_count_2d_hill.02.seq_lazy_linear_enc_global_3.smt2,unsat,0.0
/hycomp/ball_count_1d_plain.02.seq_lazy_lemmas_global_2.smt2,unsat,0.0
/hycomp/ball_count_1d_plain.03.seq_lazy_linear_enc_lemmas_global_3.smt2,unsat,0.0
/hycomp/ball_count_2d_hill_simple.10.qfree_global_9.smt2,unsat,0.0
/hycomp/ball_count_2d_slope.02.seq_lazy_linear_enc_lemmas_global_10.smt2,unsat,0.0
/hycomp/ball_count_2d_hill_simple.03.seq_lazy_linear_enc_lemmas_global_0.smt2,unsat,0.0
/hycomp/ball_count_2d_plain.02.seq_lazy_linear_enc_global_14.smt2,sat,1.4453949928283691
/hycomp/ball_count_2d_slope.01.seq_lazy_lemmas_global_7.smt2,unsat,0.0
/hycomp/ball_count_2d_slope.05.seq_lazy_lemmas_global_10.smt2,unsat,0.5
/hycomp/etcs_braking_2.01.qfree_global_8.smt2,unsat,0.0
/hycomp/ball_count_2d_plain.05.seq_lazy_linear_enc_lemmas_global_15.smt2,unsat,0.0
/hycomp/ball_count_1d_plain.01.seq_lazy_linear_enc_global_10.smt2,sat,0.0
/hycomp/ball_count_2d_hill_simple.04.redlog_global_9.smt2,unsat,0.0
/hycomp/ball_count_2d_hill.01.seq_lazy_linear_enc_lemmas_global_7.smt2,unsat,0.0
/hycomp/ball_count_2d_plain.03.seq_lazy_linear_enc_global_5.smt2,unsat,0.0
/hycomp/ball_count_2d_plain.03.seq_lazy_linear_enc_lemmas_global_14.smt2,sat,0.5154714584350586
/hycomp/ball_count_2d_hill_simple.01.qfree_global_7.smt2,unsat,0.0
/hycomp/ball_count_2d_plain.10.redlog_global_5.smt2,unsat,0.0
/hycomp/etcs_braking_2.01.redlog_global_14.smt2,unsat,15.1
/hycomp/ball_count_2d_plain.01.qfree_global_5.smt2,unsat,0.0
/hycomp/ball_count_1d_plain.04.seq_lazy_linear_enc_global_11.smt2,unsat,0.0
/hycomp/ball_count_2d_plain.10.qfree_global_3.smt2,unsat,0.0
/hycomp/ball_count_2d_hill.04.seq_lazy_linear_enc_lemmas_global_8.smt2,unsat,0.0
/hycomp/ball_count_1d_plain.05.qfree_global_14.smt2,failed,1200.0
/hycomp/ball_count_2d_hill_simple.02.seq_lazy_global_3.smt2,unsat,0.0
/hycomp/ball_count_1d_plain.01.seq_lazy_lemmas_global_1.smt2,unsat,0.0
/hycomp/ball_count_1d_plain.05.seq_lazy_global_2.smt2,unsat,0.0
/hycomp/ball_count_1d_plain.05.seq_lazy_global_10.smt2,unsat,0.43485188484191895
/hycomp/ball_count_2d_hill.03.seq_lazy_linear_enc_global_0.smt2,unsat,0.0
/hycomp/ball_count_2d_hill.03.seq_lazy_linear_enc_global_7.smt2,unsat,0.0
/hycomp/ball_count_1d_plain.02.redlog_global_6.smt2,sat,0.17136907577514648
/hycomp/ball_count_1d_plain.02.qfree_global_14.smt2,sat,1.0872068405151367
/hycomp/ball_count_2d_hill.10.redlog_global_5.smt2,unsat,0.0
/hycomp/ball_count_1d_plain.05.seq_lazy_linear_enc_lemmas_global_7.smt2,unsat,0.0
/hycomp/ball_count_2d_hill_simple.02.seq_lazy_linear_enc_lemmas_global_14.smt2,sat,2.5
/hycomp/ball_count_2d_plain.01.seq_lazy_linear_enc_global_7.smt2,unsat,0.0
/hycomp/ball_count_1d_plain.02.seq_lazy_lemmas_global_3.smt2,unsat,0.0
/hycomp/ball_count_1d_plain.04.seq_lazy_linear_enc_global_4.smt2,unsat,0.0
/hycomp/ball_count_2d_slope.03.seq_lazy_linear_enc_global_14.smt2,failed,1200.0
/hycomp/ball_count_2d_slope.02.seq_lazy_lemmas_global_2.smt2,unsat,0.0
/hycomp/ball_count_1d_plain.05.seq_lazy_global_5.smt2,unsat,0.0
/hycomp/ball_count_2d_slope.01.seq_lazy_linear_enc_global_11.smt2,unsat,0.0
/hycomp/ball_count_1d_plain.03.seq_lazy_global_7.smt2,unsat,0.0
/hycomp/ball_count_2d_plain.10.seq_lazy_global_0.smt2,unsat,0.0
/hycomp/ball_count_1d_plain.02.redlog_global_11.smt2,unsat,0.0
/hycomp/ball_count_2d_hill.04.seq_lazy_linear_enc_lemmas_global_13.smt2,unsat,0.1
/hycomp/ball_count_2d_hill_simple.03.redlog_global_12.smt2,failed,1200.0
/hycomp/ball_count_2d_plain.10.seq_lazy_global_8.smt2,unsat,0.7698836326599121
/hycomp/ball_count_1d_plain.01.seq_lazy_global_3.smt2,unsat,0.0
/hycomp/ball_count_2d_hill_simple.10.seq_lazy_lemmas_global_15.smt2,unsat,0.0
/hycomp/ball_count_2d_slope.03.seq_lazy_global_4.smt2,unsat,0.0
/hycomp/ball_count_2d_slope.01.seq_lazy_global_9.smt2,unsat,0.0
/hycomp/ball_count_2d_plain.01.qfree_global_1.smt2,unsat,0.0
/hycomp/ball_count_2d_plain.03.qfree_global_4.smt2,unsat,0.0
/hycomp/ball_count_2d_hill.04.seq_lazy_linear_enc_lemmas_global_11.smt2,unsat,0.059067487716674805
/hycomp/ball_count_1d_plain.10.qfree_global_4.smt2,unsat,0.0
/hycomp/ball_count_1d_plain.05.seq_lazy_linear_enc_global_8.smt2,unsat,0.16576004028320312
/hycomp/ball_count_2d_slope.04.seq_lazy_global_4.smt2,unsat,0.0
/hycomp/ball_count_2d_hill.04.seq_lazy_global_0.smt2,unsat,0.0
/hycomp/ball_count_2d_slope.05.seq_lazy_linear_enc_global_4.smt2,unsat,0.0
/hycomp/ball_count_1d_plain.01.redlog_global_0.smt2,unsat,0.0
/hycomp/ball_count_2d_hill.03.seq_lazy_global_15.smt2,unsat,0.08103108406066895
/hycomp/ball_count_2d_hill_simple.10.seq_lazy_linear_enc_global_13.smt2,unsat,0.0
/hycomp/ball_count_2d_hill_simple.03.seq_lazy_linear_enc_lemmas_global_1.smt2,unsat,0.0
/hycomp/ball_count_2d_plain.02.seq_lazy_linear_enc_lemmas_global_8.smt2,sat,0.0
/hycomp/ball_count_2d_hill_simple.01.seq_lazy_linear_enc_global_5.smt2,unsat,0.0
/hycomp/ball_count_2d_hill_simple.02.qfree_global_12.smt2,sat,0.0
/hycomp/ball_count_2d_plain.02.qfree_global_13.smt2,unsat,0.0
/hycomp/ball_count_2d_hill_simple.04.qfree_global_6.smt2,unsat,0.0
/hycomp/ball_count_2d_plain.03.qfree_global_0.smt2,unsat,0.0
/hycomp/ball_count_2d_hill_simple.02.redlog_global_8.smt2,sat,0.32919740676879883
/hycomp/ball_count_2d_hill_simple.04.seq_lazy_linear_enc_global_12.smt2,unsat,5.6
/hycomp/ball_count_2d_plain.04.seq_lazy_lemmas_global_5.smt2,unsat,0.0
/hycomp/ball_count_2d_hill_simple.01.redlog_global_3.smt2,unsat,0.0
/hycomp/ball_count_2d_hill_simple.04.qfree_global_3.smt2,unsat,0.0
/hycomp/ball_count_1d_plain.10.qfree_global_2.smt2,unsat,0.0
/hycomp/ball_count_1d_plain.05.qfree_global_3.smt2,unsat,0.0
/hycomp/ball_count_2d_plain.01.seq_lazy_lemmas_global_9.smt2,unsat,0.0
/hycomp/ball_count_2d_plain.02.seq_lazy_linear_enc_lemmas_global_3.smt2,unsat,0.0
/hycomp/ball_count_2d_hill.04.redlog_global_8.smt2,failed,1200.0
/hycomp/ball_count_2d_hill.03.redlog_global_1.smt2,unsat,0.0
/hycomp/ball_count_2d_hill.10.seq_lazy_lemmas_global_15.smt2,unsat,0.0
/hycomp/ball_count_2d_hill_simple.03.qfree_global_0.smt2,unsat,0.0
/hycomp/ball_count_2d_hill_simple.02.seq_lazy_lemmas_global_1.smt2,unsat,0.0
/hycomp/ball_count_1d_plain.04.qfree_global_8.smt2,sat,0.46413469314575195
/hycomp/ball_count_2d_hill_simple.04.seq_lazy_global_8.smt2,unsat,0.0
/hycomp/ball_count_2d_plain.10.seq_lazy_lemmas_global_14.smt2,unsat,15.212607860565186
/hycomp/ball_count_2d_hill_simple.04.seq_lazy_global_3.smt2,unsat,0.0
/hycomp/ball_count_2d_slope.10.seq_lazy_lemmas_global_7.smt2,unsat,0.0
/hycomp/ball_count_2d_slope.05.seq_lazy_linear_enc_global_11.smt2,unsat,0.2640206813812256
/hycomp/ball_count_2d_plain.10.qfree_global_13.smt2,unsat,0.0
/hycomp/ball_count_2d_plain.02.seq_lazy_global_13.smt2,unsat,0.0
/hycomp/ball_count_2d_plain.05.seq_lazy_global_8.smt2,unsat,15.0
/hycomp/ball_count_2d_hill.05.seq_lazy_global_10.smt2,unsat,0.2
/hycomp/ball_count_2d_hill.01.redlog_global_0.smt2,unsat,0.0
/hycomp/ball_count_2d_plain.03.redlog_global_10.smt2,failed,1200.0
/hycomp/ball_count_2d_hill_simple.10.seq_lazy_global_2.smt2,unsat,0.0
/hycomp/ball_count_2d_hill_simple.01.seq_lazy_lemmas_global_4.smt2,sat,0.0
/hycomp/ball_count_2d_slope.02.seq_lazy_linear_enc_global_12.smt2,failed,1200.0
/hycomp/ball_count_2d_hill.04.seq_lazy_linear_enc_lemmas_global_1.smt2,unsat,0.0
/hycomp/etcs_braking_2.01.seq_lazy_linear_enc_lemmas_global_8.smt2,unsat,0.2
/hycomp/ball_count_1d_plain.10.seq_lazy_global_7.smt2,unsat,0.0
/hycomp/ball_count_2d_hill.10.seq_lazy_lemmas_global_4.smt2,unsat,0.0
/hycomp/ball_count_2d_plain.02.qfree_global_7.smt2,unsat,0.0
/hycomp/ball_count_2d_hill.10.seq_lazy_lemmas_global_9.smt2,unsat,0.0
/hycomp/ball_count_2d_hill.10.seq_lazy_global_1.smt2,unsat,0.0
/hycomp/ball_count_1d_plain.01.qfree_global_3.smt2,unsat,0.0
/hycomp/ball_count_2d_slope.02.seq_lazy_global_5.smt2,unsat,0.0
/hycomp/ball_count_1d_plain.02.qfree_global_8.smt2,sat,0.060127973556518555
/hycomp/ball_count_2d_hill.03.seq_lazy_global_6.smt2,unsat,0.0
/hycomp/ball_count_2d_plain.04.seq_lazy_lemmas_global_11.smt2,unsat,0.0
/hycomp/ball_count_2d_hill.04.seq_lazy_linear_enc_lemmas_global_12.smt2,failed,1200.0
/hycomp/ball_count_2d_hill.05.redlog_global_7.smt2,unsat,0.14244985580444336
/hycomp/ball_count_2d_slope.04.seq_lazy_linear_enc_lemmas_global_8.smt2,unsat,0.0
/hycomp/ball_count_2d_hill.10.redlog_global_1.smt2,unsat,0.0
/hycomp/ball_count_1d_plain.04.redlog_global_6.smt2,unsat,5.561379909515381
/hycomp/ball_count_2d_hill.05.seq_lazy_linear_enc_lemmas_global_11.smt2,unsat,0.06719779968261719
/hycomp/ball_count_2d_hill_simple.02.qfree_global_4.smt2,sat,0.0
/hycomp/ball_count_2d_plain.03.seq_lazy_global_7.smt2,unsat,0.0
/hycomp/ball_count_2d_hill_simple.10.seq_lazy_linear_enc_lemmas_global_13.smt2,unsat,0.0
/hycomp/ball_count_2d_plain.02.seq_lazy_global_8.smt2,sat,0.18321704864501953
/hycomp/ball_count_1d_plain.10.seq_lazy_linear_enc_lemmas_global_0.smt2,unsat,0.0
/hycomp/ball_count_2d_plain.03.seq_lazy_global_13.smt2,unsat,0.0
/hycomp/ball_count_2d_hill.05.redlog_global_9.smt2,unsat,0.30332326889038086
/hycomp/ball_count_1d_plain.04.seq_lazy_global_3.smt2,unsat,0.0
/hycomp/ball_count_2d_hill.02.redlog_global_7.smt2,unsat,0.0
/hycomp/ball_count_2d_slope.05.seq_lazy_linear_enc_global_14.smt2,failed,1200.0
/hycomp/ball_count_1d_plain.05.qfree_global_10.smt2,sat,15.0
/hycomp/ball_count_2d_slope.02.seq_lazy_linear_enc_lemmas_global_6.smt2,unsat,0.0
/hycomp/ball_count_2d_hill.10.seq_lazy_linear_enc_global_9.smt2,unsat,0.0
/hycomp/ball_count_2d_hill_simple.05.redlog_global_12.smt2,sat,5.0
/hycomp/ball_count_2d_hill_simple.03.seq_lazy_global_13.smt2,unsat,0.0
/hycomp/ball_count_2d_hill_simple.03.qfree_global_5.smt2,unsat,0.0
/hycomp/ball_count_2d_hill_simple.05.qfree_global_2.smt2,unsat,0.0
/hycomp/ball_count_2d_plain.04.seq_lazy_linear_enc_lemmas_global_12.smt2,unsat,15.0
/hycomp/ball_count_2d_hill_simple.04.qfree_global_0.smt2,unsat,0.0
/hycomp/ball_count_2d_plain.05.redlog_global_4.smt2,unsat,0.0
/hycomp/ball_count_2d_hill_simple.04.qfree_global_12.smt2,sat,0.0
/hycomp/ball_count_2d_hill_simple.05.seq_lazy_lemmas_global_15.smt2,unsat,0.0
/hycomp/ball_count_2d_plain.10.seq_lazy_lemmas_global_4.smt2,unsat,0.1
/hycomp/ball_count_1d_plain.10.seq_lazy_linear_enc_lemmas_global_3.smt2,unsat,0.0
/hycomp/simple_ballistics_reach.01.seq_lazy_linear_enc_global_6.smt2,unsat,0.0
/hycomp/ball_count_2d_plain.04.seq_lazy_linear_enc_global_2.smt2,unsat,0.0
/hycomp/ball_count_1d_plain.03.qfree_global_14.smt2,sat,0.22732210159301758
/hycomp/ball_count_2d_plain.01.seq_lazy_global_0.smt2,unsat,0.0
/hycomp/ball_count_2d_hill_simple.01.seq_lazy_linear_enc_global_3.smt2,unsat,0.0
/hycomp/ball_count_1d_plain.04.qfree_global_10.smt2,sat,0.2368762493133545
/hycomp/ball_count_2d_slope.01.seq_lazy_linear_enc_global_8.smt2,unsat,0.0
/hycomp/ball_count_2d_hill.02.seq_lazy_lemmas_global_0.smt2,unsat,0.0
/hycomp/ball_count_1d_plain.05.seq_lazy_linear_enc_global_1.smt2,unsat,0.0
/hycomp/ball_count_2d_hill.03.redlog_global_6.smt2,failed,1200.0
/hycomp/ball_count_2d_hill_simple.04.redlog_global_5.smt2,unsat,0.0
/hycomp/ball_count_2d_hill_simple.05.seq_lazy_global_14.smt2,unsat,5.6
/hycomp/ball_count_2d_hill_simple.03.seq_lazy_lemmas_global_11.smt2,unsat,0.0
/hycomp/ball_count_1d_plain.01.seq_lazy_linear_enc_lemmas_global_8.smt2,sat,0.06181669235229492
/hycomp/ball_count_2d_hill_simple.05.seq_lazy_linear_enc_global_10.smt2,unsat,0.0
/hycomp/ball_count_1d_plain.03.qfree_global_0.smt2,unsat,0.0
/hycomp/ball_count_2d_plain.02.qfree_global_5.smt2,unsat,0.0
/hycomp/ball_count_2d_hill.03.seq_lazy_linear_enc_lemmas_global_7.smt2,unsat,0.0
/hycomp/etcs_braking_2.01.seq_lazy_global_2.smt2,unsat,0.0
/hycomp/ball_count_2d_hill.04.seq_lazy_linear_enc_lemmas_global_3.smt2,unsat,0.0
/hycomp/ball_count_1d_plain.04.redlog_global_11.smt2,unsat,0.0
/hycomp/ball_count_2d_plain.04.redlog_global_2.smt2,unsat,0.0
/hycomp/ball_count_2d_hill_simple.03.seq_lazy_global_5.smt2,unsat,0.0
/hycomp/ball_count_1d_plain.01.qfree_global_2.smt2,sat,0.0
/hycomp/ball_count_1d_plain.02.redlog_global_13.smt2,unsat,0.0
/hycomp/ball_count_2d_hill_simple.04.seq_lazy_linear_enc_global_3.smt2,unsat,0.0
/hycomp/ball_count_2d_plain.04.seq_lazy_global_4.smt2,unsat,0.0
/hycomp/ball_count_2d_slope.01.seq_lazy_linear_enc_global_0.smt2,unsat,0.0
/hycomp/ball_count_2d_slope.03.seq_lazy_lemmas_global_4.smt2,unsat,0.0
/hycomp/ball_count_2d_hill.03.seq_lazy_lemmas_global_8.smt2,unsat,2.1223275661468506
/hycomp/ball_count_2d_slope.03.seq_lazy_linear_enc_lemmas_global_6.smt2,unsat,0.0
/hycomp/ball_count_2d_hill_simple.05.seq_lazy_linear_enc_lemmas_global_10.smt2,unsat,0.0
/hycomp/ball_count_2d_hill.03.seq_lazy_linear_enc_lemmas_global_8.smt2,unsat,2.5568959712982178
/hycomp/ball_count_2d_plain.02.redlog_global_14.smt2,sat,1.195831060409546
/hycomp/ball_count_2d_plain.03.redlog_global_4.smt2,unsat,0.0
/hycomp/ball_count_2d_plain.02.seq_lazy_global_1.smt2,unsat,0.0
/hycomp/ball_count_2d_plain.04.seq_lazy_linear_enc_global_15.smt2,unsat,0.0
/hycomp/ball_count_2d_slope.02.seq_lazy_linear_enc_global_1.smt2,unsat,0.0
/hycomp/ball_count_2d_slope.03.seq_lazy_linear_enc_lemmas_global_0.smt2,unsat,0.0
/hycomp/ball_count_1d_plain.10.seq_lazy_linear_enc_lemmas_global_10.smt2,unsat,15.153930187225342
/hycomp/ball_count_2d_hill_simple.04.seq_lazy_linear_enc_lemmas_global_1.smt2,unsat,0.0
/hycomp/ball_count_2d_hill_simple.01.redlog_global_2.smt2,sat,0.0
/hycomp/ball_count_2d_hill_simple.02.redlog_global_14.smt2,failed,1200.0
/hycomp/ball_count_2d_hill_simple.04.seq_lazy_lemmas_global_15.smt2,unsat,0.0
/hycomp/ball_count_2d_hill.02.seq_lazy_linear_enc_global_8.smt2,failed,1200.0
/hycomp/ball_count_2d_plain.01.seq_lazy_global_8.smt2,sat,0.0
/hycomp/ball_count_1d_plain.05.seq_lazy_global_6.smt2,unsat,0.1004340648651123
/hycomp/ball_count_2d_hill.04.seq_lazy_lemmas_global_1.smt2,unsat,0.0
/hycomp/ball_count_2d_hill_simple.01.seq_lazy_lemmas_global_15.smt2,unsat,0.0
/hycomp/ball_count_2d_plain.01.seq_lazy_linear_enc_global_2.smt2,sat,0.0
/hycomp/ball_count_2d_slope.03.seq_lazy_linear_enc_global_3.smt2,unsat,0.0
/hycomp/ball_count_2d_hill.10.redlog_global_13.smt2,unsat,0.0
/hycomp/ball_count_1d_plain.02.seq_lazy_global_7.smt2,unsat,0.0
/hycomp/etcs_braking_2.01.seq_lazy_linear_enc_global_15.smt2,unsat,3.2
/hycomp/ball_count_1d_plain.05.seq_lazy_linear_enc_lemmas_global_12.smt2,unsat,15.0
/hycomp/ball_count_2d_hill_simple.03.seq_lazy_linear_enc_lemmas_global_15.smt2,unsat,0.0
/hycomp/ball_count_2d_slope.04.seq_lazy_lemmas_global_8.smt2,unsat,0.1
/hycomp/ball_count_2d_plain.05.redlog_global_2.smt2,unsat,0.0
/hycomp/etcs_braking_2.01.redlog_global_15.smt2,unsat,15.1
/hycomp/ball_count_2d_hill.02.seq_lazy_linear_enc_lemmas_global_1.smt2,unsat,0.0
/hycomp/ball_count_2d_hill_simple.04.seq_lazy_lemmas_global_0.smt2,unsat,0.0
/hycomp/ball_count_2d_hill.05.seq_lazy_linear_enc_global_7.smt2,unsat,0.0
/hycomp/ball_count_2d_slope.03.seq_lazy_global_10.smt2,failed,1200.0
/hycomp/ball_count_2d_hill_simple.02.qfree_global_0.smt2,unsat,0.0
/hycomp/ball_count_2d_plain.05.seq_lazy_global_14.smt2,unsat,15.1
/hycomp/ball_count_2d_plain.03.redlog_global_1.smt2,unsat,0.0
/hycomp/ball_count_1d_plain.10.seq_lazy_lemmas_global_10.smt2,unsat,15.041733741760254
/hycomp/ball_count_2d_plain.04.seq_lazy_linear_enc_lemmas_global_0.smt2,unsat,0.0
/hycomp/ball_count_2d_plain.03.seq_lazy_lemmas_global_9.smt2,unsat,0.0
/hycomp/ball_count_1d_plain.10.seq_lazy_lemmas_global_5.smt2,unsat,0.0
/hycomp/ball_count_2d_hill_simple.05.qfree_global_10.smt2,sat,0.0
/hycomp/etcs_braking_2.01.redlog_global_3.smt2,unsat,0.14694571495056152
/hycomp/ball_count_2d_plain.01.seq_lazy_lemmas_global_15.smt2,unsat,0.0
/hycomp/ball_count_2d_hill.02.seq_lazy_linear_enc_lemmas_global_5.smt2,unsat,0.0
/hycomp/ball_count_2d_plain.05.redlog_global_8.smt2,unsat,0.7841405868530273
/hycomp/ball_count_2d_hill.10.redlog_global_3.smt2,unsat,0.0
/hycomp/ball_count_2d_hill.05.seq_lazy_linear_enc_lemmas_global_3.smt2,unsat,0.0
/hycomp/ball_count_2d_hill.10.seq_lazy_linear_enc_lemmas_global_5.smt2,unsat,0.0
/hycomp/ball_count_2d_hill_simple.04.seq_lazy_lemmas_global_13.smt2,unsat,0.0
/hycomp/ball_count_1d_plain.01.seq_lazy_global_5.smt2,unsat,0.0
/hycomp/simple_ballistics_reach.01.seq_lazy_linear_enc_global_15.smt2,failed,1200.0
/hycomp/ball_count_2d_plain.04.redlog_global_8.smt2,unsat,0.6955916881561279
/hycomp/ball_count_2d_hill.05.seq_lazy_global_2.smt2,unsat,0.0
/hycomp/ball_count_2d_hill.01.seq_lazy_lemmas_global_3.smt2,unsat,0.0
/hycomp/ball_count_2d_slope.04.seq_lazy_linear_enc_lemmas_global_1.smt2,unsat,0.0
/hycomp/ball_count_2d_slope.05.seq_lazy_linear_enc_global_6.smt2,unsat,0.0
/hycomp/ball_count_2d_plain.02.seq_lazy_lemmas_global_7.smt2,unsat,0.0
/hycomp/ball_count_2d_hill.02.seq_lazy_lemmas_global_14.smt2,failed,1200.0
/hycomp/ball_count_2d_plain.04.qfree_global_11.smt2,unsat,0.0
/hycomp/simple_ballistics_reach.01.seq_lazy_global_7.smt2,failed,1200.0
/hycomp/ball_count_1d_plain.01.redlog_global_12.smt2,sat,0.0
/hycomp/ball_count_1d_plain.04.seq_lazy_lemmas_global_7.smt2,unsat,0.0
/hycomp/ball_count_2d_slope.04.seq_lazy_global_7.smt2,unsat,0.08277201652526855
/hycomp/etcs_braking_2.01.seq_lazy_linear_enc_lemmas_global_2.smt2,unsat,0.0
/hycomp/ball_count_2d_hill.02.seq_lazy_linear_enc_global_5.smt2,unsat,0.0
/hycomp/ball_count_1d_plain.03.seq_lazy_lemmas_global_4.smt2,unsat,0.0
/hycomp/ball_count_1d_plain.03.seq_lazy_lemmas_global_14.smt2,sat,1.6351685523986816
/hycomp/ball_count_2d_hill_simple.04.seq_lazy_lemmas_global_10.smt2,unsat,5.0
/hycomp/ball_count_2d_hill.10.seq_lazy_global_0.smt2,unsat,0.0
/hycomp/ball_count_2d_plain.03.redlog_global_0.smt2,unsat,0.0
/hycomp/ball_count_2d_slope.03.seq_lazy_linear_enc_global_10.smt2,failed,1200.0
/hycomp/ball_count_1d_plain.03.seq_lazy_linear_enc_global_12.smt2,sat,0.45273447036743164
/hycomp/ball_count_1d_plain.04.redlog_global_5.smt2,unsat,0.0
/hycomp/ball_count_1d_plain.04.seq_lazy_linear_enc_global_13.smt2,unsat,0.05669355392456055
/hycomp/ball_count_1d_plain.02.qfree_global_12.smt2,sat,0.13128924369812012
/hycomp/ball_count_2d_plain.03.seq_lazy_lemmas_global_11.smt2,unsat,0.0
/hycomp/ball_count_2d_plain.03.redlog_global_12.smt2,sat,21.02142858505249
/hycomp/ball_count_2d_plain.05.seq_lazy_global_1.smt2,unsat,0.0
/hycomp/ball_count_2d_plain.03.redlog_global_2.smt2,unsat,0.0
/hycomp/ball_count_2d_hill.01.seq_lazy_lemmas_global_7.smt2,unsat,0.0
/hycomp/ball_count_1d_plain.03.seq_lazy_global_14.smt2,sat,0.29642271995544434
/hycomp/ball_count_2d_plain.03.seq_lazy_linear_enc_lemmas_global_13.smt2,unsat,0.0
/hycomp/ball_count_1d_plain.10.seq_lazy_global_5.smt2,unsat,0.0
/hycomp/ball_count_2d_plain.10.seq_lazy_global_3.smt2,unsat,0.0
/hycomp/ball_count_2d_hill.10.seq_lazy_linear_enc_lemmas_global_14.smt2,unsat,0.1
/hycomp/ball_count_1d_plain.10.redlog_global_12.smt2,unsat,15.135604619979858
/20161105-Sturm-MBO/mbo_E1E26.smt2,unsat,0.08020734786987305
/20161105-Sturm-MBO/mbo_E24.smt2,unsat,0.0
/20161105-Sturm-MBO/mbo_E6E23.smt2,unsat,0.028024911880493164
/20161105-Sturm-MBO/mbo_E8E20.smt2,sat,7.724903583526611
/20161105-Sturm-MBO/mbo_E12E19.smt2,unsat,0.1128530502319336
/20161105-Sturm-MBO/mbo_E15.smt2,unsat,0.022289752960205078
/20161105-Sturm-MBO/mbo_E2.smt2,unsat,0.027903079986572266
/20161105-Sturm-MBO/mbo_E6E16.smt2,unsat,0.03745150566101074
/20161105-Sturm-MBO/mbo_E16E22.smt2,failed,1200.0
/20161105-Sturm-MBO/mbo_E23.smt2,unsat,0.0
/20161105-Sturm-MBO/mbo_E14E23.smt2,failed,1200.0
/20161105-Sturm-MBO/mbo_E13E22.smt2,unsat,0.0786740779876709
/20161105-Sturm-MBO/mbo_E14E21.smt2,failed,1200.0
/20161105-Sturm-MBO/mbo_E24E25.smt2,unsat,0.0293734073638916
/20161105-Sturm-MBO/mbo_E25.smt2,unsat,0.017830610275268555
/20161105-Sturm-MBO/mbo_E28.smt2,unsat,0.0
/20161105-Sturm-MBO/mbo_E9E10.smt2,unsat,0.03242611885070801
/20161105-Sturm-MBO/mbo_E6E11.smt2,unsat,0.01971721649169922
/20161105-Sturm-MBO/mbo_E19E27.smt2,unsat,0.03060746192932129
/20161105-Sturm-MBO/mbo_E3E10.smt2,sat,6.350887775421143
/20161105-Sturm-MBO/mbo_E5E21.smt2,unsat,0.028230667114257812
/20161105-Sturm-MBO/mbo_E2E19.smt2,unsat,0.13402700424194336
/20161105-Sturm-MBO/mbo_E14E15.smt2,failed,1200.0
/20161105-Sturm-MBO/mbo_E18E24.smt2,unsat,0.08160209655761719
/20161105-Sturm-MBO/mbo_E7E25.smt2,unsat,0.05494332313537598
/20161105-Sturm-MBO/mbo_E18E23.smt2,unsat,0.030961990356445312
/20161105-Sturm-MBO/mbo_E4E25.smt2,failed,1200.0
/20161105-Sturm-MBO/mbo_E6E27.smt2,unsat,0.01821303367614746
/20161105-Sturm-MBO/mbo_E8E21.smt2,failed,1200.0
/20161105-Sturm-MBO/mbo_E5E26.smt2,unsat,0.0
/20161105-Sturm-MBO/mbo_E5E23.smt2,unsat,0.0
/20161105-Sturm-MBO/mbo_E9E17.smt2,unsat,0.023166656494140625
/20161105-Sturm-MBO/mbo_E12.smt2,unsat,0.017342329025268555
/20161105-Sturm-MBO/mbo_E1E20.smt2,unsat,0.07914376258850098
/20161105-Sturm-MBO/mbo_E7E15.smt2,unsat,0.0632328987121582
/20161105-Sturm-MBO/mbo_E2E12.smt2,unsat,0.11506462097167969
/20161105-Sturm-MBO/mbo_E22.smt2,unsat,0.0
/20161105-Sturm-MBO/mbo_E5E9.smt2,unsat,0.03754162788391113
/20161105-Sturm-MBO/mbo_E1E13.smt2,unsat,0.10253715515136719
/20161105-Sturm-MBO/mbo_E20E28.smt2,unsat,0.02273082733154297
/20161105-Sturm-MBO/mbo_E25E26.smt2,unsat,0.02452993392944336
/20161105-Sturm-MBO/mbo_E4E23.smt2,unsat,0.10908126831054688
/20161105-Sturm-MBO/mbo_E20E21.smt2,unsat,0.034416913986206055
/20161105-Sturm-MBO/mbo_E9E19.smt2,failed,1200.0
/20161105-Sturm-MBO/mbo_E17E26.smt2,unsat,0.02933502197265625
/20161105-Sturm-MBO/mbo_E19E26.smt2,unsat,0.0753335952758789
/20161105-Sturm-MBO/mbo_E9E11.smt2,unsat,0.02031087875366211
/20161105-Sturm-MBO/mbo_E15E26.smt2,unsat,0.04559946060180664
/20161105-Sturm-MBO/mbo_E8E9.smt2,failed,1200.0
/20161105-Sturm-MBO/mbo_E1E18.smt2,failed,1200.0
/20161105-Sturm-MBO/mbo_E12E24.smt2,unsat,0.10119104385375977
/20161105-Sturm-MBO/mbo_E15E25.smt2,unsat,0.02519845962524414
/20161105-Sturm-MBO/mbo_E7E12.smt2,unsat,0.10714006423950195
/20161105-Sturm-MBO/mbo_E16E27.smt2,unsat,0.020066022872924805
/20161105-Sturm-MBO/mbo_E2E15.smt2,unsat,0.09722304344177246
/20161105-Sturm-MBO/mbo_E4E8.smt2,failed,1200.0
/20161105-Sturm-MBO/mbo_E4E20.smt2,sat,4.887257814407349
/20161105-Sturm-MBO/mbo_E1E3.smt2,unsat,0.1741199493408203
/20161105-Sturm-MBO/mbo_E23E28.smt2,unsat,0.0
/20161105-Sturm-MBO/mbo_E13E27.smt2,unsat,0.04360222816467285
/20161105-Sturm-MBO/mbo_E10E13.smt2,unsat,0.0494232177734375
/20161105-Sturm-MBO/mbo_E4E21.smt2,failed,1200.0
/20161105-Sturm-MBO/mbo_E5E12.smt2,unsat,0.14547371864318848
/20161105-Sturm-MBO/mbo_E13E26.smt2,unsat,0.02457141876220703
/20161105-Sturm-MBO/mbo_E3E20.smt2,unsat,0.08584952354431152
/20161105-Sturm-MBO/mbo_E11E12.smt2,unsat,0.041680335998535156
/20161105-Sturm-MBO/mbo_E14E20.smt2,sat,5.645082473754883
/20161105-Sturm-MBO/mbo_E7E23.smt2,unsat,0.0
/20161105-Sturm-MBO/mbo_E9E22.smt2,failed,1200.0
/20161105-Sturm-MBO/mbo_E11E28.smt2,unsat,0.0
/20161105-Sturm-MBO/mbo_E1.smt2,unsat,0.0272367000579834
/20161105-Sturm-MBO/mbo_E25E27.smt2,unsat,0.02520442008972168
/20161105-Sturm-MBO/mbo_E15E22.smt2,failed,1200.0
/20161105-Sturm-MBO/mbo_E10E19.smt2,failed,1200.0
/20161105-Sturm-MBO/mbo_E2E21.smt2,failed,1200.0
/20161105-Sturm-MBO/mbo_E21E22.smt2,failed,1200.0
/20161105-Sturm-MBO/mbo_E14E27.smt2,sat,1.0951030254364014
/20161105-Sturm-MBO/mbo_E7E28.smt2,unsat,0.0
/20161105-Sturm-MBO/mbo_E14E25.smt2,failed,1200.0
/20161105-Sturm-MBO/mbo_E12E26.smt2,unsat,0.07657074928283691
/20161105-Sturm-MBO/mbo_E4E24.smt2,unsat,0.10540294647216797
/20161105-Sturm-MBO/mbo_E17E21.smt2,failed,1200.0
/20161105-Sturm-MBO/mbo_E16E28.smt2,unsat,0.03275012969970703
/20161105-Sturm-MBO/mbo_E12E22.smt2,unsat,0.031552791595458984
/20161105-Sturm-MBO/mbo_E3E9.smt2,failed,1200.0
/20161105-Sturm-MBO/mbo_E2E5.smt2,unsat,0.12487125396728516
/20161105-Sturm-MBO/mbo_E2E26.smt2,unsat,0.09242701530456543
/20161105-Sturm-MBO/mbo_E1E10.smt2,sat,8.032974004745483
/20161105-Sturm-MBO/mbo_E5E24.smt2,unsat,0.09441328048706055
/20161105-Sturm-MBO/mbo_E17E23.smt2,unsat,0.0
/20161105-Sturm-MBO/mbo_E27.smt2,unsat,0.0
/20161105-Sturm-MBO/mbo_E1E16.smt2,failed,1200.0
/20161105-Sturm-MBO/mbo_E5E7.smt2,unsat,0.0
/20161105-Sturm-MBO/mbo_E3E11.smt2,unsat,0.05117964744567871
/20161105-Sturm-MBO/mbo_E15E18.smt2,unsat,0.10395956039428711
/20161105-Sturm-MBO/mbo_E23E25.smt2,unsat,0.02083277702331543
/20161105-Sturm-MBO/mbo_E12E17.smt2,failed,1200.0
/20161105-Sturm-MBO/mbo_E10E28.smt2,failed,1200.0
/20161105-Sturm-MBO/mbo_E2E22.smt2,unsat,0.09683823585510254
/20161105-Sturm-MBO/mbo_E1E25.smt2,unsat,0.08958554267883301
/20161105-Sturm-MBO/mbo_E6E18.smt2,failed,1200.0
/20161105-Sturm-MBO/mbo_E17E20.smt2,sat,7.68529200553894
/20161105-Sturm-MBO/mbo_E9E14.smt2,sat,17.30591106414795
/20161105-Sturm-MBO/mbo_E11E16.smt2,unsat,0.02232503890991211
/20161105-Sturm-MBO/mbo_E12E28.smt2,unsat,0.1510639190673828
/20161105-Sturm-MBO/mbo_E21E23.smt2,unsat,0.0
/20161105-Sturm-MBO/mbo_E16E21.smt2,unsat,0.024155378341674805
/20161105-Sturm-MBO/mbo_E20E27.smt2,unsat,0.01976609230041504
/20161105-Sturm-MBO/mbo_E18E25.smt2,failed,1200.0
/20161105-Sturm-MBO/mbo_E14E28.smt2,failed,1200.0
/20161105-Sturm-MBO/mbo_E7.smt2,unsat,0.0
/20161105-Sturm-MBO/mbo_E3E16.smt2,failed,1200.0
/20161105-Sturm-MBO/mbo_E12E13.smt2,unsat,0.10542058944702148
/20161105-Sturm-MBO/mbo_E8E11.smt2,unsat,0.05241036415100098
/20161105-Sturm-MBO/mbo_E1E5.smt2,unsat,0.13302874565124512
/20161105-Sturm-MBO/mbo_E7E13.smt2,unsat,0.06747746467590332
/20161105-Sturm-MBO/mbo_E1E27.smt2,unsat,0.04591012001037598
/20161105-Sturm-MBO/mbo_E1E21.smt2,failed,1200.0
/20161105-Sturm-MBO/mbo_E17.smt2,unsat,0.0
/20161105-Sturm-MBO/mbo_E6E8.smt2,unsat,0.12460851669311523
/20161105-Sturm-MBO/mbo_E9E16.smt2,unsat,0.026382923126220703
/20161105-Sturm-MBO/mbo_E2E20.smt2,sat,4.5813093185424805
/20161105-Sturm-MBO/mbo_E3E5.smt2,unsat,0.12073683738708496
/20161105-Sturm-MBO/mbo_E4E11.smt2,failed,1200.0
/20161105-Sturm-MBO/mbo_E11E26.smt2,unsat,0.016858339309692383
/20161105-Sturm-MBO/mbo_E7E21.smt2,unsat,0.0
/20161105-Sturm-MBO/mbo_E2E9.smt2,failed,1200.0
/20161105-Sturm-MBO/mbo_E17E22.smt2,unsat,0.024938344955444336
/20161105-Sturm-MBO/mbo_E2E24.smt2,unsat,0.09975934028625488
/20161105-Sturm-MBO/mbo_E18.smt2,unsat,0.03409862518310547
/20161105-Sturm-MBO/mbo_E21E26.smt2,unsat,0.0
/20161105-Sturm-MBO/mbo_E10E22.smt2,failed,1200.0
/20161105-Sturm-MBO/mbo_E9E18.smt2,failed,1200.0
/20161105-Sturm-MBO/mbo_E3E4.smt2,unsat,0.12322998046875
/20161105-Sturm-MBO/mbo_E3E26.smt2,unsat,0.14313793182373047
/20161105-Sturm-MBO/mbo_E6E21.smt2,failed,1200.0
/20161105-Sturm-MBO/mbo_E7E9.smt2,unsat,0.03190135955810547
/20161105-Sturm-MBO/mbo_E6E19.smt2,failed,1200.0
/20161105-Sturm-MBO/mbo_E9E24.smt2,failed,1200.0
/20161105-Sturm-MBO/mbo_E11E24.smt2,unsat,0.038471221923828125
/20161105-Sturm-MBO/mbo_E19E28.smt2,unsat,0.07127213478088379
/20161105-Sturm-MBO/mbo_E18E27.smt2,unsat,0.0359644889831543
/20161105-Sturm-MBO/mbo_E8E18.smt2,unsat,0.12030434608459473
/20161105-Sturm-MBO/mbo_E10E26.smt2,failed,1200.0
/20161105-Sturm-MBO/mbo_E6E14.smt2,failed,1200.0
/20161105-Sturm-MBO/mbo_E4E9.smt2,failed,1200.0
/20161105-Sturm-MBO/mbo_E6E7.smt2,unsat,0.023716449737548828
/20161105-Sturm-MBO/mbo_E2E14.smt2,failed,1200.0
/20161105-Sturm-MBO/mbo_E16E18.smt2,failed,1200.0
/20161105-Sturm-MBO/mbo_E5E20.smt2,unsat,0.08037471771240234
/20161105-Sturm-MBO/mbo_E1E28.smt2,unsat,0.08563971519470215
/20161105-Sturm-MBO/mbo_E10.smt2,unsat,0.0224454402923584
/20161105-Sturm-MBO/mbo_E4E19.smt2,failed,1200.0
/20161105-Sturm-MBO/mbo_E19E23.smt2,unsat,0.07216310501098633
/20161105-Sturm-MBO/mbo_E4E16.smt2,failed,1200.0
/20161105-Sturm-MBO/mbo_E14E24.smt2,failed,1200.0
/20161105-Sturm-MBO/mbo_E11E14.smt2,failed,1200.0
/20161105-Sturm-MBO/mbo_E11.smt2,unsat,0.0
/20161105-Sturm-MBO/mbo_E3E8.smt2,unsat,0.13257193565368652
/20161105-Sturm-MBO/mbo_E24E27.smt2,unsat,0.0
/20161105-Sturm-MBO/mbo_E19E24.smt2,unsat,0.08771395683288574
/20161105-Sturm-MBO/mbo_E3E23.smt2,unsat,0.09174680709838867
/20161105-Sturm-MBO/mbo_E4E27.smt2,unsat,0.034066200256347656
/20161105-Sturm-MBO/mbo_E4.smt2,unsat,0.025205135345458984
/20161105-Sturm-MBO/mbo_E6E13.smt2,unsat,0.13292455673217773
/20161105-Sturm-MBO/mbo_E13E15.smt2,unsat,0.04019474983215332
/20161105-Sturm-MBO/mbo_E10E11.smt2,unsat,0.0319368839263916
/20161105-Sturm-MBO/mbo_E5E18.smt2,failed,1200.0
/20161105-Sturm-MBO/mbo_E8E23.smt2,unsat,0.07258224487304688
/20161105-Sturm-MBO/mbo_E14E19.smt2,failed,1200.0
/20161105-Sturm-MBO/mbo_E7E20.smt2,unsat,0.07585859298706055
/20161105-Sturm-MBO/mbo_E21.smt2,unsat,0.0
/20161105-Sturm-MBO/mbo_E4E14.smt2,failed,1200.0
/20161105-Sturm-MBO/mbo_E2E8.smt2,unsat,0.1273975372314453
/20161105-Sturm-MBO/mbo_E12E18.smt2,unsat,0.12099933624267578
/20161105-Sturm-MBO/mbo_E15E23.smt2,failed,1200.0
/20161105-Sturm-MBO/mbo_E18E21.smt2,failed,1200.0
/20161105-Sturm-MBO/mbo_E23E26.smt2,unsat,0.0
/20161105-Sturm-MBO/mbo_E17E28.smt2,unsat,0.024649858474731445
/20161105-Sturm-MBO/mbo_E19E22.smt2,unsat,0.07796764373779297
/20161105-Sturm-MBO/mbo_E1E17.smt2,failed,1200.0
/20161105-Sturm-MBO/mbo_E11E25.smt2,unsat,0.022758960723876953
/20161105-Sturm-MBO/mbo_E12E21.smt2,failed,1200.0
/20161105-Sturm-MBO/mbo_E5E22.smt2,unsat,0.08648109436035156
/20161105-Sturm-MBO/mbo_E10E24.smt2,failed,1200.0
/20161105-Sturm-MBO/mbo_E20.smt2,unsat,0.0
/20161105-Sturm-MBO/mbo_E4E10.smt2,sat,4.37540602684021
/20161105-Sturm-MBO/mbo_E13.smt2,unsat,0.023950576782226562
/20161105-Sturm-MBO/mbo_E3E13.smt2,unsat,0.1195530891418457
/20161105-Sturm-MBO/mbo_E5E15.smt2,unsat,0.1532893180847168
/20161105-Sturm-MBO/mbo_E3E25.smt2,unsat,0.08778262138366699
/20161105-Sturm-MBO/mbo_E16E20.smt2,sat,13.698363304138184
/20161105-Sturm-MBO/mbo_E4E6.smt2,unsat,0.10833358764648438
/20161105-Sturm-MBO/mbo_E23E24.smt2,unsat,0.018189668655395508
/20161105-Sturm-MBO/mbo_E16.smt2,unsat,0.01670384407043457
/20161105-Sturm-MBO/mbo_E8E22.smt2,unsat,0.0919950008392334
/20161105-Sturm-MBO/mbo_E5E13.smt2,unsat,0.12914204597473145
/20161105-Sturm-MBO/mbo_E20E25.smt2,unsat,0.0257720947265625
/20161105-Sturm-MBO/mbo_E13E21.smt2,failed,1200.0
/20161105-Sturm-MBO/mbo_E8E27.smt2,unsat,0.03915977478027344
/20161105-Sturm-MBO/mbo_E8E26.smt2,unsat,0.0854637622833252
/20161105-Sturm-MBO/mbo_E8E25.smt2,unsat,0.10063529014587402
/20161105-Sturm-MBO/mbo_E8E12.smt2,unsat,0.14072680473327637
/20161105-Sturm-MBO/mbo_E4E12.smt2,failed,1200.0
/20161105-Sturm-MBO/mbo_E5E17.smt2,unsat,0.03695797920227051
/20161105-Sturm-MBO/mbo_E9.smt2,unsat,0.0
/20161105-Sturm-MBO/mbo_E4E7.smt2,unsat,0.0546267032623291
/20161105-Sturm-MBO/mbo_E16E26.smt2,unsat,0.04526948928833008
/20161105-Sturm-MBO/mbo_E10E20.smt2,unsat,0.029216766357421875
/20161105-Sturm-MBO/mbo_E9E12.smt2,unsat,0.14301848411560059
/20161105-Sturm-MBO/mbo_E3E12.smt2,unsat,0.21231293678283691
/20161105-Sturm-MBO/mbo_E20E22.smt2,unsat,0.02582263946533203
/20161105-Sturm-MBO/mbo_E10E23.smt2,failed,1200.0
/20161105-Sturm-MBO/mbo_E9E15.smt2,unsat,0.07962298393249512
/20161105-Sturm-MBO/mbo_E12E15.smt2,unsat,0.02875351905822754
/20161105-Sturm-MBO/mbo_E10E25.smt2,failed,1200.0
/20161105-Sturm-MBO/mbo_E12E27.smt2,unsat,0.053470611572265625
/20161105-Sturm-MBO/mbo_E2E4.smt2,unsat,0.11973404884338379
/20161105-Sturm-MBO/mbo_E22E23.smt2,unsat,0.0
/20161105-Sturm-MBO/mbo_E7E22.smt2,unsat,0.04929375648498535
/20161105-Sturm-MBO/mbo_E4E18.smt2,failed,1200.0
/20161105-Sturm-MBO/mbo_E9E26.smt2,unsat,0.0420074462890625
/20161105-Sturm-MBO/mbo_E14.smt2,sat,100.24031519889832
/20161105-Sturm-MBO/mbo_E13E20.smt2,unsat,0.02623748779296875
/20161105-Sturm-MBO/mbo_E1E19.smt2,unsat,0.10078787803649902
/20161105-Sturm-MBO/mbo_E6E22.smt2,failed,1200.0
/20161105-Sturm-MBO/mbo_E11E20.smt2,unsat,0.02292633056640625
/20161105-Sturm-MBO/mbo_E6E24.smt2,unsat,0.09299612045288086
/20161105-Sturm-MBO/mbo_E1E14.smt2,failed,1200.0
/20161105-Sturm-MBO/mbo_E2E17.smt2,failed,1200.0
/20161105-Sturm-MBO/mbo_E15E16.smt2,unsat,0.0282745361328125
/20161105-Sturm-MBO/mbo_E8E14.smt2,failed,1200.0
/20161105-Sturm-MBO/mbo_E1E23.smt2,unsat,0.08370661735534668
/20161105-Sturm-MBO/mbo_E18E19.smt2,unsat,0.1012725830078125
/20161105-Sturm-MBO/mbo_E5E27.smt2,unsat,0.0
/20161105-Sturm-MBO/mbo_E9E27.smt2,unsat,0.01868414878845215
/20161105-Sturm-MBO/mbo_E6E12.smt2,unsat,0.10663390159606934
/20161105-Sturm-MBO/mbo_E7E24.smt2,unsat,0.061179399490356445
/20161105-Sturm-MBO/mbo_E8E28.smt2,unsat,0.0961911678314209
/20161105-Sturm-MBO/mbo_E6E28.smt2,unsat,0.0
/20161105-Sturm-MBO/mbo_E14E16.smt2,failed,1200.0
/20161105-Sturm-MBO/mbo_E8E10.smt2,sat,5.600746154785156
/20161105-Sturm-MBO/mbo_E17E24.smt2,failed,1200.0
/20161105-Sturm-MBO/mbo_E5E6.smt2,unsat,0.020427465438842773
/20161105-Sturm-MBO/mbo_E26E28.smt2,unsat,0.0
/20161105-Sturm-MBO/mbo_E13E17.smt2,failed,1200.0
/20161105-Sturm-MBO/mbo_E17E19.smt2,failed,1200.0
/20161105-Sturm-MBO/mbo_E8E17.smt2,failed,1200.0
/20161105-Sturm-MBO/mbo_E9E20.smt2,unsat,0.029610872268676758
/20161105-Sturm-MBO/mbo_E7E26.smt2,unsat,0.0
/20161105-Sturm-MBO/mbo_E15E20.smt2,unsat,0.03281450271606445
/20161105-Sturm-MBO/mbo_E21E28.smt2,unsat,0.0
/20161105-Sturm-MBO/mbo_E10E15.smt2,unsat,0.03775787353515625
/20161105-Sturm-MBO/mbo_E8E24.smt2,unsat,0.09016990661621094
/20161105-Sturm-MBO/mbo_E6E15.smt2,unsat,0.1334242820739746
/20161105-Sturm-MBO/mbo_E21E24.smt2,unsat,0.021655797958374023
/20161105-Sturm-MBO/mbo_E1E8.smt2,unsat,0.12078356742858887
/20161105-Sturm-MBO/mbo_E22E24.smt2,unsat,0.032323360443115234
/20161105-Sturm-MBO/mbo_E3E21.smt2,unsat,0.0709230899810791
/20161105-Sturm-MBO/mbo_E10E16.smt2,failed,1200.0
/20161105-Sturm-MBO/mbo_E8.smt2,unsat,0.027977466583251953
/20161105-Sturm-MBO/mbo_E21E27.smt2,unsat,0.0
/20161105-Sturm-MBO/mbo_E6.smt2,unsat,0.02064061164855957
/20161105-Sturm-MBO/mbo_E21E25.smt2,failed,1200.0
/20161105-Sturm-MBO/mbo_E4E28.smt2,unsat,0.09197306632995605
/20161105-Sturm-MBO/mbo_E2E7.smt2,unsat,0.07485699653625488
/20161105-Sturm-MBO/mbo_E12E20.smt2,sat,4.906848192214966
/20161105-Sturm-MBO/mbo_E6E26.smt2,unsat,0.0246427059173584
/20161105-Sturm-MBO/mbo_E15E24.smt2,unsat,0.08886146545410156
/20161105-Sturm-MBO/mbo_E5E11.smt2,unsat,0.021179914474487305
/20161105-Sturm-MBO/mbo_E9E28.smt2,unsat,0.02240729331970215
/20161105-Sturm-MBO/mbo_E2E13.smt2,unsat,0.12003421783447266
/20161105-Sturm-MBO/mbo_E7E19.smt2,unsat,0.06419181823730469
/20161105-Sturm-MBO/mbo_E10E12.smt2,unsat,0.033678531646728516
/20161105-Sturm-MBO/mbo_E2E10.smt2,sat,5.791914224624634
/20161105-Sturm-MBO/mbo_E11E15.smt2,unsat,0.03918719291687012
/20161105-Sturm-MBO/mbo_E9E23.smt2,unsat,0.025838136672973633
/20161105-Sturm-MBO/mbo_E2E28.smt2,unsat,0.0947108268737793
/20161105-Sturm-MBO/mbo_E17E25.smt2,failed,1200.0
/20161105-Sturm-MBO/mbo_E18E22.smt2,unsat,0.033313751220703125
/20161105-Sturm-MBO/mbo_E12E16.smt2,failed,1200.0
/20161105-Sturm-MBO/mbo_E26E27.smt2,unsat,0.0
/20161105-Sturm-MBO/mbo_E5E28.smt2,unsat,0.02678060531616211
/20161105-Sturm-MBO/mbo_E23E27.smt2,unsat,0.0
/20161105-Sturm-MBO/mbo_E1E4.smt2,failed,1200.0
/20161105-Sturm-MBO/mbo_E14E17.smt2,failed,1200.0
/20161105-Sturm-MBO/mbo_E1E12.smt2,unsat,0.10600733757019043
/20161105-Sturm-MBO/mbo_E8E15.smt2,unsat,0.12115645408630371
/20161105-Sturm-MBO/mbo_E11E18.smt2,failed,1200.0
/20161105-Sturm-MBO/mbo_E16E17.smt2,unsat,0.022632122039794922
/20161105-Sturm-MBO/mbo_E5E8.smt2,unsat,0.12829923629760742
/20161105-Sturm-MBO/mbo_E1E22.smt2,unsat,0.09548473358154297
/20161105-Sturm-MBO/mbo_E10E27.smt2,sat,5.317254304885864
/20161105-Sturm-MBO/mbo_E11E22.smt2,unsat,0.026988983154296875
/20161105-Sturm-MBO/mbo_E10E14.smt2,failed,1200.0
/20161105-Sturm-MBO/mbo_E13E14.smt2,failed,1200.0
/20161105-Sturm-MBO/mbo_E2E11.smt2,unsat,0.04999732971191406
/20161105-Sturm-MBO/mbo_E3E28.smt2,unsat,0.08264613151550293
/20161105-Sturm-MBO/mbo_E7E17.smt2,unsat,0.02967381477355957
/20161105-Sturm-MBO/mbo_E5.smt2,unsat,0.0
/20161105-Sturm-MBO/mbo_E9E21.smt2,unsat,0.02144765853881836
/20161105-Sturm-MBO/mbo_E5E25.smt2,unsat,0.09729123115539551
/20161105-Sturm-MBO/mbo_E11E23.smt2,unsat,0.0
/20161105-Sturm-MBO/mbo_E13E24.smt2,unsat,0.08339452743530273
/20161105-Sturm-MBO/mbo_E11E17.smt2,unsat,0.024036645889282227
/20161105-Sturm-MBO/mbo_E9E13.smt2,unsat,0.09507322311401367
/20161105-Sturm-MBO/mbo_E1E15.smt2,unsat,0.10474395751953125
/20161105-Sturm-MBO/mbo_E1E2.smt2,unsat,0.11076235771179199
/20161105-Sturm-MBO/mbo_E22E28.smt2,unsat,0.025769710540771484
/20161105-Sturm-MBO/mbo_E19E21.smt2,unsat,0.03428006172180176
/20161105-Sturm-MBO/mbo_E11E21.smt2,unsat,0.017867565155029297
/20161105-Sturm-MBO/mbo_E1E11.smt2,unsat,0.05441451072692871
/20161105-Sturm-MBO/mbo_E19E25.smt2,unsat,0.08626604080200195
/20161105-Sturm-MBO/mbo_E4E26.smt2,unsat,0.08951425552368164
/20161105-Sturm-MBO/mbo_E7E10.smt2,sat,1.8031291961669922
/20161105-Sturm-MBO/mbo_E8E16.smt2,failed,1200.0
/20161105-Sturm-MBO/mbo_E20E23.smt2,unsat,0.021362781524658203
/20161105-Sturm-MBO/mbo_E13E16.smt2,unsat,0.03358864784240723
/20161105-Sturm-MBO/mbo_E7E27.smt2,unsat,0.0
/20161105-Sturm-MBO/mbo_E12E14.smt2,failed,1200.0
/20161105-Sturm-MBO/mbo_E2E18.smt2,unsat,1.013711929321289
/20161105-Sturm-MBO/mbo_E14E18.smt2,failed,1200.0
/20161105-Sturm-MBO/mbo_E5E19.smt2,unsat,0.1065824031829834
/20161105-Sturm-MBO/mbo_E9E25.smt2,failed,1200.0
/20161105-Sturm-MBO/mbo_E14E22.smt2,failed,1200.0
/20161105-Sturm-MBO/mbo_E10E21.smt2,unsat,0.02585887908935547
/20161105-Sturm-MBO/mbo_E13E19.smt2,unsat,0.09805893898010254
/20161105-Sturm-MBO/mbo_E3E24.smt2,unsat,0.0871438980102539
/20161105-Sturm-MBO/mbo_E3E22.smt2,unsat,0.08506488800048828
/20161105-Sturm-MBO/mbo_E18E26.smt2,failed,1200.0
/20161105-Sturm-MBO/mbo_E12E25.smt2,unsat,0.09805822372436523
/20161105-Sturm-MBO/mbo_E10E18.smt2,failed,1200.0
/20161105-Sturm-MBO/mbo_E13E18.smt2,unsat,0.10706567764282227
/20161105-Sturm-MBO/mbo_E15E17.smt2,failed,1200.0
/20161105-Sturm-MBO/mbo_E1E9.smt2,failed,1200.0
/20161105-Sturm-MBO/mbo_E7E8.smt2,unsat,0.07188534736633301
/20161105-Sturm-MBO/mbo_E15E28.smt2,unsat,0.08065533638000488
/20161105-Sturm-MBO/mbo_E12E23.smt2,unsat,0.031025171279907227
/20161105-Sturm-MBO/mbo_E7E18.smt2,failed,1200.0
/20161105-Sturm-MBO/mbo_E5E10.smt2,sat,16.01041054725647
/20161105-Sturm-MBO/mbo_E13E25.smt2,unsat,0.0422511100769043
/20161105-Sturm-MBO/mbo_E3E17.smt2,failed,1200.0
/20161105-Sturm-MBO/mbo_E3E27.smt2,unsat,0.036147356033325195
/20161105-Sturm-MBO/mbo_E7E14.smt2,failed,1200.0
/20161105-Sturm-MBO/mbo_E6E20.smt2,sat,12.537328243255615
/20161105-Sturm-MBO/mbo_E26.smt2,unsat,0.0
/20161105-Sturm-MBO/mbo_E2E23.smt2,unsat,0.1285417079925537
/20161105-Sturm-MBO/mbo_E10E17.smt2,failed,1200.0
/20161105-Sturm-MBO/mbo_E11E27.smt2,unsat,0.0
/20161105-Sturm-MBO/mbo_E19.smt2,unsat,0.018141746520996094
/20161105-Sturm-MBO/mbo_E17E27.smt2,unsat,0.0
/20161105-Sturm-MBO/mbo_E1E24.smt2,unsat,0.0994868278503418
/20161105-Sturm-MBO/mbo_E6E9.smt2,unsat,0.023148536682128906
/20161105-Sturm-MBO/mbo_E6E17.smt2,unsat,0.02601337432861328
/20161105-Sturm-MBO/mbo_E25E28.smt2,unsat,0.021471023559570312
/20161105-Sturm-MBO/mbo_E4E17.smt2,failed,1200.0
/20161105-Sturm-MBO/mbo_E2E3.smt2,unsat,0.13294124603271484
/20161105-Sturm-MBO/mbo_E16E24.smt2,failed,1200.0
/20161105-Sturm-MBO/mbo_E4E22.smt2,failed,1200.0
/20161105-Sturm-MBO/mbo_E22E27.smt2,unsat,0.022926807403564453
/20161105-Sturm-MBO/mbo_E20E26.smt2,unsat,0.03703737258911133
/20161105-Sturm-MBO/mbo_E14E26.smt2,failed,1200.0
/20161105-Sturm-MBO/mbo_E3E15.smt2,unsat,0.12381100654602051
/20161105-Sturm-MBO/mbo_E19E20.smt2,unsat,0.03209567070007324
/20161105-Sturm-MBO/mbo_E16E25.smt2,unsat,0.02448272705078125
/20161105-Sturm-MBO/mbo_E13E28.smt2,unsat,0.07934069633483887
/20161105-Sturm-MBO/mbo_E20E24.smt2,unsat,0.028595924377441406
/20161105-Sturm-MBO/mbo_E3E19.smt2,unsat,0.10509991645812988
/20161105-Sturm-MBO/mbo_E5E16.smt2,unsat,0.02548384666442871
/20161105-Sturm-MBO/mbo_E3E18.smt2,unsat,0.10716724395751953
/20161105-Sturm-MBO/mbo_E18E28.smt2,unsat,0.07635784149169922
/20161105-Sturm-MBO/mbo_E15E21.smt2,failed,1200.0
/20161105-Sturm-MBO/mbo_E11E19.smt2,unsat,0.04901862144470215
/20161105-Sturm-MBO/mbo_E4E5.smt2,unsat,0.12661218643188477
/20161105-Sturm-MBO/mbo_E27E28.smt2,unsat,0.0
/20161105-Sturm-MBO/mbo_E4E15.smt2,failed,1200.0
/20161105-Sturm-MBO/mbo_E15E27.smt2,unsat,0.034922122955322266
/20161105-Sturm-MBO/mbo_E1E7.smt2,unsat,0.06660342216491699
/20161105-Sturm-MBO/mbo_E22E25.smt2,unsat,0.02487325668334961
/20161105-Sturm-MBO/mbo_E18E20.smt2,sat,6.864742994308472
/20161105-Sturm-MBO/mbo_E6E10.smt2,sat,14.44802212715149
/20161105-Sturm-MBO/mbo_E11E13.smt2,unsat,0.02278757095336914
/20161105-Sturm-MBO/mbo_E13E23.smt2,unsat,0.07055544853210449
/20161105-Sturm-MBO/mbo_E22E26.smt2,unsat,0.025159835815429688
/20161105-Sturm-MBO/mbo_E2E27.smt2,unsat,0.9524781703948975
/20161105-Sturm-MBO/mbo_E15E19.smt2,unsat,0.11883735656738281
/20161105-Sturm-MBO/mbo_E24E28.smt2,unsat,0.0
/20161105-Sturm-MBO/mbo_E16E19.smt2,failed,1200.0
/20161105-Sturm-MBO/mbo_E7E16.smt2,unsat,0.029692649841308594
/20161105-Sturm-MBO/mbo_E2E16.smt2,failed,1200.0
/20161105-Sturm-MBO/mbo_E17E18.smt2,unsat,0.03051304817199707
/20161105-Sturm-MBO/mbo_E3E6.smt2,unsat,0.1500706672668457
/20161105-Sturm-MBO/mbo_E16E23.smt2,unsat,0.02106761932373047
/20161105-Sturm-MBO/mbo_E8E13.smt2,unsat,0.1170194149017334
/20161105-Sturm-MBO/mbo_E1E6.smt2,failed,1200.0
/20161105-Sturm-MBO/mbo_E3E14.smt2,failed,1200.0
/20161105-Sturm-MBO/mbo_E24E26.smt2,unsat,0.024550914764404297
/20161105-Sturm-MBO/mbo_E2E25.smt2,unsat,0.08967781066894531
/20161105-Sturm-MBO/mbo_E6E25.smt2,failed,1200.0
/20161105-Sturm-MBO/mbo_E3.smt2,unsat,0.03504586219787598
/20161105-Sturm-MBO/mbo_E3E7.smt2,unsat,0.06994247436523438
/20161105-Sturm-MBO/mbo_E4E13.smt2,failed,1200.0
/20161105-Sturm-MBO/mbo_E8E19.smt2,unsat,0.13372325897216797
/20161105-Sturm-MBO/mbo_E2E6.smt2,unsat,0.14974641799926758
/20161105-Sturm-MBO/mbo_E7E11.smt2,unsat,0.0
/20211101-Geogebra/RightTriangle-Bottema6_1b.smt2,sat,0.0
/20211101-Geogebra/IsoTriangle-Perimeter_CircumRadius_a.smt2,sat,0.0
/20211101-Geogebra/OposicionsSecundariaCatalunya2018-2_4b.smt2,sat,0.0
/20211101-Geogebra/IsoRightTriangle-Bottema1_23b.smt2,sat,0.0
/20211101-Geogebra/IsoRightTriangle-Bottema1_19b.smt2,sat,0.0
/20211101-Geogebra/RegHexagon-ProductDiagonals_CircumRadius.smt2,sat,0.0
/20211101-Geogebra/Triangle-Bottema1_3.smt2,sat,0.0
/20211101-Geogebra/Triangle-Bottema1_17.smt2,sat,0.0
/20211101-Geogebra/IsoTriangle-Bottema8_1a.smt2,sat,0.0
/20211101-Geogebra/IsoTriangle-Perimeter_CircumRadius_c.smt2,sat,0.0845942497253418
/20211101-Geogebra/OposicionsSecundariaCatalunya2018-2_4a.smt2,sat,0.0
/20211101-Geogebra/IsoTriangle-Median_Perimeter_a2.smt2,sat,0.0
/20211101-Geogebra/Triangle-Bottema1_14.smt2,sat,0.0
/20211101-Geogebra/IsoRightTriangle-Bottema1_17a.smt2,sat,0.0
/20211101-Geogebra/EulerInequality_IsoTriangle-CircumRadius_InRadius.smt2,sat,0.0
/20211101-Geogebra/RegOctagon-Diagonal_Side.smt2,sat,0.0
/20211101-Geogebra/Triangle-SymmHomPoly_3-2-3.smt2,sat,0.0
/20211101-Geogebra/IsoTriangle-Bottema11_20b.smt2,sat,0.0
/20211101-Geogebra/IsoRightTriangle-Bottema1_7a.smt2,sat,0.0
/20211101-Geogebra/IsoTriangle-Bottema5_3b.smt2,sat,0.0
/20211101-Geogebra/RightTriangle-Bottema1_1b.smt2,sat,0.0
/20211101-Geogebra/IsoRightTriangle-Bottema8_1b.smt2,sat,0.0
/20211101-Geogebra/RightTriangle-Bottema8_1b.smt2,sat,0.04184985160827637
/20211101-Geogebra/IsoRightTriangle-Bottema1_14b.smt2,sat,0.0
/20211101-Geogebra/Triangle-Bottema1_5.smt2,sat,0.0
/20211101-Geogebra/Triangle-Bottema1_6.smt2,sat,0.0
/20211101-Geogebra/IsoRightTriangle-Bottema1_9b.smt2,sat,0.0
/20211101-Geogebra/IsoTriangle-Area_Perimeter_a.smt2,sat,0.0
/20211101-Geogebra/IsoRightTriangle-Bottema1_23a.smt2,sat,0.0
/20211101-Geogebra/IsoTriangle-Bottema1_19b.smt2,sat,0.0
/20211101-Geogebra/Triangle-Perimeter_2Medians_a.smt2,sat,0.21339035034179688
/20211101-Geogebra/IsoRightTriangle-Bottema1_6b.smt2,sat,0.0
/20211101-Geogebra/Triangle-SymmHomPoly_3-2-1.smt2,sat,0.0
/20211101-Geogebra/IsoTriangle-Perimeter_CircumRadius_b.smt2,sat,0.0
/20211101-Geogebra/IsoTriangle-Perimeter_InRadius.smt2,sat,0.0
/20211101-Geogebra/IsoRightTriangle-Bottema1_15a.smt2,sat,0.0
/20211101-Geogebra/TriangleInequality_Triangle-a+b_c.smt2,sat,0.0
/20211101-Geogebra/IsoRightTriangle-Bottema11_20b.smt2,sat,0.0
/20211101-Geogebra/IsoRightTriangle-Bottema5_3b.smt2,sat,0.0
/20211101-Geogebra/IsoTriangle-Bottema5_3a.smt2,sat,0.0
/20211101-Geogebra/IsoRightTriangle-Bottema1_12b.smt2,sat,0.0
/20211101-Geogebra/IsoTriangle-Bottema4_2a.smt2,sat,0.0
/20211101-Geogebra/RegDecagon-Diagonal_Side.smt2,sat,0.0
/20211101-Geogebra/RightTriangle-Bottema1_1a.smt2,sat,0.0
/20211101-Geogebra/IsoRightTriangle-Bottema1_3a.smt2,sat,0.0
/20211101-Geogebra/Triangle-Bottema1_8.smt2,sat,0.0
/20211101-Geogebra/IsoRightTriangle-Bottema1_6a.smt2,sat,0.0
/20211101-Geogebra/Triangle-Bottema1_4.smt2,sat,0.0
/20211101-Geogebra/Triangle-Bottema1_15.smt2,sat,0.0
/20211101-Geogebra/IsoTriangle-Bottema1_1b.smt2,sat,0.0
/20211101-Geogebra/KochanskiPiApproximation-RegDodecagon.smt2,sat,0.0
/20211101-Geogebra/RegNonagon-Diagonal_Side.smt2,sat,0.12618541717529297
/20211101-Geogebra/IsoRightTriangle-Bottema1_14a.smt2,sat,0.0
/20211101-Geogebra/Triangle-Bottema1_9.smt2,sat,0.0
/20211101-Geogebra/IsoRightTriangle-Bottema1_3b.smt2,sat,0.0
/20211101-Geogebra/RightTriangle-Bottema11_20a.smt2,sat,0.0
/20211101-Geogebra/IsoRightTriangle-Bottema1_19a.smt2,sat,0.0
/20211101-Geogebra/IsoRightTriangle-Bottema1_8b.smt2,sat,0.0
/20211101-Geogebra/IsoRightTriangle-Bottema6_1b.smt2,sat,0.0
/20211101-Geogebra/RightTriangle-Bottema11_20b.smt2,sat,0.0
/20211101-Geogebra/RightTriangle-Bottema8_1a.smt2,sat,0.0
/20211101-Geogebra/RegHeptagon-Diagonal_Side.smt2,sat,0.08557271957397461
/20211101-Geogebra/RegHexagon-Diagonal_Side.smt2,sat,0.0
/20211101-Geogebra/Odom-GoldenRatio-RegTriangle.smt2,sat,0.0
/20211101-Geogebra/Triangle-Bottema5_3.smt2,sat,0.0
/20211101-Geogebra/RightTriangle-Bottema5_3a.smt2,sat,0.0
/20211101-Geogebra/IsoRightTriangle-Bottema1_12a.smt2,sat,0.0
/20211101-Geogebra/RegPentagon-Diagonal_Side.smt2,sat,0.0
/20211101-Geogebra/IsoRightTriangle-Bottema1_9a.smt2,sat,0.0
/20211101-Geogebra/RightTriangle-Bottema1_19b.smt2,sat,0.0
/20211101-Geogebra/PythagoreanGeneralization_Triangle-aa+bb_cc.smt2,sat,0.0
/20211101-Geogebra/Square-Diagonal_Side.smt2,sat,0.0
/20211101-Geogebra/IsoRightTriangle-Bottema1_4a.smt2,sat,0.0
/20211101-Geogebra/IsoTriangle-Bottema1_19a.smt2,sat,0.0
/20211101-Geogebra/IsoRightTriangle-Bottema1_4b.smt2,sat,0.0
/20211101-Geogebra/Triangle-Bottema1_12.smt2,sat,0.0
/20211101-Geogebra/Triangle-Area_Perimeter_a.smt2,sat,0.0
/20211101-Geogebra/IsoRightTriangle-Bottema1_17b.smt2,sat,0.0
/20211101-Geogebra/Triangle-2Sides_Medians_a.smt2,sat,0.08957219123840332
/20211101-Geogebra/RegOctagon-ProductDiagonals_CircumRadius.smt2,failed,1200.0
/20211101-Geogebra/IsoRightTriangle-Bottema1_5a.smt2,sat,0.0
/20211101-Geogebra/IsoTriangle-Bottema6_1b.smt2,sat,0.0
/20211101-Geogebra/Triangle-Bottema1_1.smt2,sat,0.0
/20211101-Geogebra/RightTriangle-Bottema6_1a.smt2,sat,0.0
/20211101-Geogebra/IsoTriangle-Median_Perimeter_a1.smt2,sat,0.0
/20211101-Geogebra/IsoTriangle-Bottema4_2b.smt2,sat,0.0
/20211101-Geogebra/Triangle-Bottema1_23.smt2,sat,0.0
/20211101-Geogebra/Triangle-Bottema1_2.smt2,sat,0.0
/20211101-Geogebra/Triangle-SymmHomPoly_3-3-1.smt2,sat,0.0
/20211101-Geogebra/IsoTriangle-Bottema11_20a.smt2,sat,0.0
/20211101-Geogebra/RightTriangle-Bottema11_20.smt2,sat,0.0
/20211101-Geogebra/IsoTriangle-Bottema1_1a.smt2,sat,0.0
/20211101-Geogebra/KochanskiPiApproximation.smt2,sat,0.0
/20211101-Geogebra/RightTriangle-Bottema1_19a.smt2,sat,0.0
/20211101-Geogebra/RightTriangle-Bottema5_3b.smt2,sat,0.0
/20211101-Geogebra/IsoRightTriangle-Bottema1_5b.smt2,sat,0.0
/20211101-Geogebra/IsoRightTriangle-Bottema4_2b.smt2,sat,0.0
/20211101-Geogebra/IsoRightTriangle-Bottema1_8a.smt2,sat,0.0
/20211101-Geogebra/IsoRightTriangle-Bottema1_2b.smt2,sat,0.0
/20211101-Geogebra/IsoRightTriangle-Bottema1_2a.smt2,sat,0.0
/20211101-Geogebra/IsoRightTriangle-Bottema1_7b.smt2,sat,0.0
/20211101-Geogebra/RightTriangle-Bottema4_2a.smt2,sat,0.0
/20211101-Geogebra/IsoRightTriangle-Bottema1_15b.smt2,sat,0.0
/20211101-Geogebra/RegHendecagon-Diagonal_Side.smt2,failed,1200.0
/20211101-Geogebra/IsoTriangle-Bottema6_1a.smt2,sat,0.07180595397949219
/20211101-Geogebra/IsoRightTriangle-Bottema1_1b.smt2,sat,0.0
/20211101-Geogebra/Triangle-SymmHomPoly_3-2-2.smt2,sat,0.0
/20211101-Geogebra/IsoRightTriangle-Bottema1_1a.smt2,sat,0.0
/20211101-Geogebra/IsoTriangle-Bottema8_1b.smt2,sat,0.0
/20211101-Geogebra/RightTriangle-Bottema4_2b.smt2,sat,0.0
/20211101-Geogebra/Triangle-Bottema1_19.smt2,sat,0.0
/20211101-Geogebra/Triangle-Bottema1_7.smt2,sat,0.0
/20200911-Pine/1599121978053526000.smt2,sat,0.0
/20200911-Pine/1599122165438996000.smt2,sat,0.0
/20200911-Pine/1599122161297140000.smt2,sat,0.0
/20200911-Pine/1599121977963106000.smt2,sat,0.0
/20200911-Pine/1599121862442984000.smt2,sat,0.0
/20200911-Pine/1599122165140235000.smt2,sat,0.0
/20200911-Pine/1599122164557720000.smt2,sat,0.0
/20200911-Pine/1599121905159229000.smt2,sat,0.0
/20200911-Pine/1599121979452833000.smt2,sat,0.0
/20200911-Pine/1599122165825193000.smt2,sat,0.0
/20200911-Pine/1599121862802573000.smt2,sat,0.0
/20200911-Pine/1599121863702813000.smt2,sat,0.0
/20200911-Pine/1599121979136435000.smt2,sat,0.0
/20200911-Pine/1599121861204394000.smt2,sat,0.0
/20200911-Pine/1599121977778711000.smt2,sat,0.0
/20200911-Pine/1599121861304140000.smt2,sat,0.0
/20200911-Pine/1599122159553859000.smt2,sat,0.0
/20200911-Pine/1599121977316964000.smt2,sat,0.0
/20200911-Pine/1599122161837024000.smt2,sat,0.0
/20200911-Pine/1599122165966134000.smt2,sat,0.0
/20200911-Pine/1599122160294194000.smt2,sat,0.0
/20200911-Pine/1599121905853387000.smt2,sat,0.0
/20200911-Pine/1599122163190413000.smt2,sat,0.0
/20200911-Pine/1599121899872501000.smt2,sat,0.0
/20200911-Pine/1599121862628259000.smt2,sat,0.0
/20200911-Pine/1599121904699478000.smt2,sat,0.0
/20200911-Pine/1599121978844246000.smt2,sat,0.0
/20200911-Pine/1599121906331969000.smt2,unsat,1.5420215129852295
/20200911-Pine/1599122165750372000.smt2,sat,0.0
/20200911-Pine/1599121862981074000.smt2,sat,0.0
/20200911-Pine/1599121901399108000.smt2,sat,0.0
/20200911-Pine/1599122164470280000.smt2,sat,0.0
/20200911-Pine/1599122162207056000.smt2,sat,0.0
/20200911-Pine/1599122160501179000.smt2,sat,0.0
/20200911-Pine/1599121979540482000.smt2,sat,0.0
/20200911-Pine/1599121902582611000.smt2,sat,0.0
/20200911-Pine/1599121899310413000.smt2,sat,0.0
/20200911-Pine/1599121902194451000.smt2,sat,0.1490492820739746
/20200911-Pine/1599121862350313000.smt2,sat,0.0
/20200911-Pine/1599121905676685000.smt2,sat,0.0
/20200911-Pine/1599122162465867000.smt2,sat,0.0
/20200911-Pine/1599121861773920000.smt2,sat,0.0
/20200911-Pine/1599121862539118000.smt2,sat,0.0
/20200911-Pine/1599121863160493000.smt2,sat,0.0
/20200911-Pine/1599121900501850000.smt2,sat,0.0
/20200911-Pine/1599120907414249000.smt2,sat,0.0
/20200911-Pine/1599121977220088000.smt2,sat,0.0
/20200911-Pine/1599121977409531000.smt2,sat,0.0
/20200911-Pine/1599121906000858000.smt2,sat,0.0
/20200911-Pine/1599121684477306000.smt2,sat,0.0
/20200911-Pine/1599121861868864000.smt2,sat,0.0
/20200911-Pine/1599122166207559000.smt2,sat,0.0
/20200911-Pine/1599122166524024000.smt2,sat,0.0
/20200911-Pine/1599121905756640000.smt2,sat,0.0
/20200911-Pine/1599121863418601000.smt2,sat,0.0
/20200911-Pine/1599120911869156000.smt2,sat,0.06372714042663574
/20200911-Pine/1599122159324430000.smt2,sat,0.0
/20200911-Pine/1599121866548508000.smt2,unsat,4.41197943687439
/20200911-Pine/1599121978937271000.smt2,sat,0.0
/20200911-Pine/1599121902443868000.smt2,sat,0.0
/20200911-Pine/1599121901508910000.smt2,sat,0.042353153228759766
/20200911-Pine/1599122162683190000.smt2,sat,0.0
/20200911-Pine/1599122160430013000.smt2,sat,0.0
/20200911-Pine/1599121899534768000.smt2,sat,0.0
/20200911-Pine/1599122159846134000.smt2,sat,0.0
/20200911-Pine/1599121863243316000.smt2,sat,0.0
/20200911-Pine/1599122158826418000.smt2,sat,0.0
/20200911-Pine/1599122164335538000.smt2,sat,0.0
/20200911-Pine/1599121862060861000.smt2,sat,0.0
/20200911-Pine/1599121863598340000.smt2,sat,0.0
/20200911-Pine/1599121900395156000.smt2,sat,0.0
/20200911-Pine/1599121900178623000.smt2,sat,0.0
/20200911-Pine/1599122164401435000.smt2,sat,0.0
/20200911-Pine/1599122165298104000.smt2,sat,0.0
/20200911-Pine/1599121886550120000.smt2,unsat,0.0
/20200911-Pine/1599122159395516000.smt2,sat,0.0
/20200911-Pine/1599122164112038000.smt2,sat,0.0
/20200911-Pine/1599121684378151000.smt2,sat,0.0
/20200911-Pine/1599122158622723000.smt2,sat,0.0
/20200911-Pine/1599122164185255000.smt2,sat,0.0
/20200911-Pine/1599122159940883000.smt2,sat,0.0
/20200911-Pine/1599121979347401000.smt2,sat,0.0
/20200911-Pine/1599121979753628000.smt2,sat,0.0
/20200911-Pine/1599121903031802000.smt2,sat,0.0
/20200911-Pine/1599122161444977000.smt2,sat,0.0
/20200911-Pine/1599122161528074000.smt2,sat,0.0
/20200911-Pine/1599122161372272000.smt2,sat,0.0
/20200911-Pine/1599121905004413000.smt2,sat,0.0
/20200911-Pine/1599121906174154000.smt2,sat,0.21183300018310547
/20200911-Pine/1599122164712733000.smt2,sat,0.0
/20200911-Pine/1599121977140456000.smt2,sat,0.0
/20200911-Pine/1599122163933833000.smt2,sat,0.0
/20200911-Pine/1599122163478388000.smt2,sat,0.0
/20200911-Pine/1599122162816156000.smt2,sat,0.0
/20200911-Pine/1599121901261336000.smt2,sat,0.0
/20200911-Pine/1599121863820026000.smt2,sat,0.0
/20200911-Pine/1599121979877230000.smt2,sat,0.0
/20200911-Pine/1599122161062257000.smt2,sat,0.0
/20200911-Pine/1599121978503423000.smt2,sat,0.0
/20200911-Pine/1599121904850228000.smt2,sat,0.16521167755126953
/20200911-Pine/1599121979237207000.smt2,sat,0.0
/20200911-Pine/1599122164891799000.smt2,sat,0.0
/20200911-Pine/1599121977871504000.smt2,sat,0.0
/20200911-Pine/1599122163683961000.smt2,sat,0.0
/20200911-Pine/1599121903974444000.smt2,sat,0.052178144454956055
/20200911-Pine/1599122164812235000.smt2,sat,0.0
/20200911-Pine/1599121904275696000.smt2,sat,0.0
/20200911-Pine/1599121861963219000.smt2,sat,0.0
/20200911-Pine/1599122161907569000.smt2,sat,0.0
/20200911-Pine/1599122166687483000.smt2,sat,0.0
/20200911-Pine/1599121904427820000.smt2,sat,0.12969326972961426
/20200911-Pine/1599121903843386000.smt2,sat,0.18682336807250977
/20200911-Pine/1599122163011311000.smt2,sat,0.0
/20200911-Pine/1599120908933292000.smt2,sat,0.0
/20200911-Pine/1599121889458073000.smt2,unsat,1.1590006351470947
/20200911-Pine/1599121684285860000.smt2,sat,0.0
/20200911-Pine/1599121899405522000.smt2,sat,0.0
/20200911-Pine/1599122159103427000.smt2,sat,0.0
/20200911-Pine/1599121900721258000.smt2,sat,0.0
/20200911-Pine/1599121978149819000.smt2,sat,0.0
/20200911-Pine/1599121687424286000.smt2,failed,1200.0
/20200911-Pine/1599121899765670000.smt2,sat,0.0
/20200911-Pine/1599121863332013000.smt2,sat,0.0
/20200911-Pine/1599122161209643000.smt2,sat,0.0
/20200911-Pine/1599120907615225000.smt2,sat,0.0
/20200911-Pine/1599121862252472000.smt2,sat,0.0
/20200911-Pine/1599122161686152000.smt2,sat,0.0
/20200911-Pine/1599121902804243000.smt2,sat,0.0
/20200911-Pine/1599121903380659000.smt2,sat,0.054049015045166016
/20200911-Pine/1599122166607307000.smt2,sat,0.0
/20200911-Pine/1599121900611358000.smt2,sat,0.0
/20200911-Pine/1599122165894911000.smt2,sat,0.0
/20200911-Pine/1599122159700397000.smt2,sat,0.0
/20200911-Pine/1599122164967249000.smt2,sat,0.0
/20200911-Pine/1599121861391903000.smt2,sat,0.0
/20200911-Pine/1599121901164798000.smt2,sat,0.0
/20200911-Pine/1599122158690319000.smt2,sat,0.0
/20200911-Pine/1599122164262540000.smt2,sat,0.0
/20200911-Pine/1599121903519083000.smt2,sat,0.21916484832763672
/20200911-Pine/1599121901058720000.smt2,sat,0.0
/20200911-Pine/1599121862158098000.smt2,sat,0.0
/20200911-Pine/1599121902358391000.smt2,sat,0.11876654624938965
/20200911-Pine/1599122162914439000.smt2,sat,0.0
/20200911-Pine/1599122162052389000.smt2,sat,0.0
/20200911-Pine/1599122164633784000.smt2,sat,0.0
/20200911-Pine/1599121905363582000.smt2,sat,0.16006731986999512
/20200911-Pine/1599122166355347000.smt2,sat,0.0
/20200911-Pine/1599121978587040000.smt2,sat,0.0
/20200911-Pine/1599121902699953000.smt2,sat,0.038767337799072266
/20200911-Pine/1599121901788493000.smt2,sat,0.0
/20200911-Pine/1599122159626470000.smt2,sat,0.0
/20200911-Pine/1599121900863650000.smt2,sat,0.0
/20200911-Pine/1599122158761091000.smt2,sat,0.0
/20200911-Pine/1599122165681283000.smt2,sat,0.0
/20200911-Pine/1599122163787185000.smt2,sat,0.0
/20200911-Pine/1599122161975354000.smt2,sat,0.0
/20200911-Pine/1599122162129885000.smt2,sat,0.0
/20200911-Pine/1599122158964809000.smt2,sat,0.0
/20200911-Pine/1599121980065204000.smt2,sat,0.0
/20200911-Pine/1599122163285767000.smt2,sat,0.0
/20200911-Pine/1599121863507696000.smt2,sat,0.0
/20200911-Pine/1599122166437928000.smt2,sat,0.0
/20200911-Pine/1599122164022027000.smt2,sat,0.0
/20200911-Pine/1599122162374274000.smt2,sat,0.0
/20200911-Pine/1599121861020640000.smt2,sat,0.0
/20200911-Pine/1599121861673275000.smt2,sat,0.0
/20200911-Pine/1599121979969036000.smt2,sat,0.0
/20200911-Pine/1599122160577854000.smt2,sat,0.0
/20200911-Pine/1599121905450496000.smt2,sat,0.0
/20200911-Pine/1599122166284498000.smt2,sat,0.0
/20200911-Pine/1599122166134185000.smt2,sat,0.0
/20200911-Pine/1599121861590419000.smt2,sat,0.0
/20200911-Pine/1599122160908580000.smt2,sat,0.0
/20200911-Pine/1599122159253021000.smt2,sat,0.0
/20200911-Pine/1599121861113116000.smt2,sat,0.0
/20200911-Pine/1599122163859439000.smt2,sat,0.0
/20200911-Pine/1599121900087311000.smt2,sat,0.0
/20200911-Pine/1599122160360713000.smt2,sat,0.0
/20200911-Pine/1599122160984317000.smt2,sat,0.0
/20200911-Pine/1599121900264874000.smt2,sat,0.0
/20200911-Pine/1599121862719873000.smt2,sat,0.0
/20200911-Pine/1599122162569064000.smt2,sat,0.0
/20200911-Pine/1599122159177336000.smt2,sat,0.0
/20200911-Pine/1599122163378198000.smt2,sat,0.0
/20200911-Pine/1599121979036655000.smt2,sat,0.0
/20200911-Pine/1599122161761452000.smt2,sat,0.0
/20200911-Pine/1599121901979464000.smt2,sat,0.15309524536132812
/20200911-Pine/1599121978233493000.smt2,sat,0.0
/20200911-Pine/1599122163603268000.smt2,sat,0.0
/20200911-Pine/1599122160651294000.smt2,sat,0.0
/20200911-Pine/1599121905539672000.smt2,sat,0.0
/20200911-Pine/1599121904575726000.smt2,sat,0.0
/20200911-Pine/1599121978725162000.smt2,sat,0.0
/20200911-Pine/1599120907818508000.smt2,sat,0.0
/20200911-Pine/1599121977688943000.smt2,sat,0.0
/20200911-Pine/1599121978410256000.smt2,sat,0.0
/20200911-Pine/1599121900961647000.smt2,sat,0.0
/20200911-Pine/1599121979634128000.smt2,sat,0.0
/20200911-Pine/1599122165520262000.smt2,sat,0.0
/20200911-Pine/1599121901606581000.smt2,sat,0.042420148849487305
/20200911-Pine/1599122160139220000.smt2,sat,0.0
/20200911-Pine/1599121976786824000.smt2,sat,0.0
/20200911-Pine/1599122165050745000.smt2,sat,0.0
/20200911-Pine/1599121977574768000.smt2,sat,0.0
/20200911-Pine/1599121980156583000.smt2,unsat,0.0
/20200911-Pine/1599121976975720000.smt2,sat,0.0
/20200911-Pine/1599121684653478000.smt2,sat,0.0
/20200911-Pine/1599122160759999000.smt2,sat,0.0
/20200911-Pine/1599122160834023000.smt2,sat,0.0
/20200911-Pine/1599121903168735000.smt2,sat,0.0
/20200911-Pine/1599121977052667000.smt2,sat,0.0
/20200911-Pine/1599121863927725000.smt2,unsat,0.0
/20200911-Pine/1599121684561818000.smt2,sat,0.0
/20200911-Pine/1599121684188100000.smt2,sat,0.0
/20200911-Pine/1599121909151965000.smt2,failed,1200.0
/20200911-Pine/1599121982750472000.smt2,unsat,102.5
/20200911-Pine/1599122159037804000.smt2,sat,0.0
/20200911-Pine/1599122166054343000.smt2,sat,0.0
/20200911-Pine/1599122160065505000.smt2,sat,0.0
/20200911-Pine/1599122165219202000.smt2,sat,0.0
/20200911-Pine/1599122158896018000.smt2,sat,0.0
/20200911-Pine/1599122159776715000.smt2,sat,0.0
/20200911-Pine/1599122163102414000.smt2,sat,0.0
/20200911-Pine/1599121977494004000.smt2,sat,0.0
/20200911-Pine/1599121976876433000.smt2,sat,0.0
/20200911-Pine/1599121862899350000.smt2,sat,0.0
/20200911-Pine/1599122159470027000.smt2,sat,0.0
/20200911-Pine/1599122160216860000.smt2,sat,0.0
/20200911-Pine/1599121904148342000.smt2,sat,0.14716720581054688
/20200911-Pine/1599121902909795000.smt2,sat,0.0
/20200911-Pine/1599121863071862000.smt2,sat,0.0
/20200911-Pine/1599121899996144000.smt2,sat,0.0
/20200911-Pine/1599121903663628000.smt2,sat,0.19548797607421875
/20200911-Pine/1599122161615591000.smt2,sat,0.0
/20200911-Pine/1599120907513630000.smt2,sat,0.0
/20200911-Pine/1599121861496816000.smt2,sat,0.0
/20200911-Pine/1599122161135113000.smt2,sat,0.0
/20200911-Pine/1599121978324635000.smt2,sat,0.0
/20200911-Pine/1599122165608426000.smt2,sat,0.0
/20200911-Pine/1599121684761355000.smt2,unsat,0.043698787689208984
/20200911-Pine/1599121899684865000.smt2,sat,0.0
/20200911-Pine/1599122162288189000.smt2,sat,0.0
/20200911-Pine/1599121886379408000.smt2,sat,0.0
/20200911-Pine/1599121903279162000.smt2,sat,0.0
/20200911-Pine/1599120907722106000.smt2,sat,0.05152702331542969
/LassoRanker/Ultimate/2013POPL-BenAmGen-Ex4.2.bpl_Iteration1_Loop_3-pieceTemplate.smt2,failed,1200.0
/LassoRanker/Ultimate/Benghazi.bpl_Iteration1_Loop_4-pieceTemplate.smt2,failed,1200.0
/LassoRanker/Ultimate/Collatz.bpl_Iteration1_Lasso_2-lexTemplate.smt2,unsat,2.8
/LassoRanker/Ultimate/FourPhase.bpl_Iteration1_Lasso_4-pieceTemplate.smt2,failed,1200.0
/LassoRanker/Ultimate/simple-scaled250.bpl_Iteration1_Lasso_4-pieceTemplate.smt2,failed,1200.0
/LassoRanker/Ultimate/CookSeeZuleger-2013TACAS-Fig7a.bpl_Iteration1_Loop_3-pieceTemplate.smt2,unsat,0.6890192031860352
/LassoRanker/Ultimate/CookSeeZuleger-2013TACAS-Fig7b.bpl_Iteration1_Loop_3-pieceTemplate.smt2,unsat,0.4690124988555908
/LassoRanker/Ultimate/CopenhagenWithTmp.bpl_Iteration1_Loop_3-pieceTemplate.smt2,sat,5.422558307647705
/LassoRanker/Ultimate/SyntaxSupportDisjunction4.bpl_Iteration1_Loop_4-pieceTemplate.smt2,unsat,6.167380094528198
/LassoRanker/Ultimate/Canberra.bpl_Iteration1_Loop_6-phaseTemplate.smt2,failed,1200.0
/LassoRanker/Ultimate/Braverman-2006CAV-Ex1-int.bpl_Iteration1_Lasso_3-pieceTemplate.smt2,failed,1200.0
/LassoRanker/Ultimate/Garmisch.bpl_Iteration1_Loop_3-pieceTemplate.smt2,unsat,0.8315238952636719
/LassoRanker/Ultimate/2013POPL-BenAmGen-Ex4.2.bpl_Iteration1_Lasso_2-pieceTemplate.smt2,unsat,20.50941276550293
/LassoRanker/Ultimate/2013POPL-BenAmGen-Ex3.6.bpl_Iteration1_Loop_3-pieceTemplate.smt2,unsat,37.17169523239136
/LassoRanker/Ultimate/OpposedDisjuncts.bpl_Iteration1_Lasso_3-pieceTemplate.smt2,failed,1200.0
/LassoRanker/Ultimate/2013POPL-BenAmGen-Ex3.20.bpl_Iteration1_Loop_4-pieceTemplate.smt2,failed,1200.0
/LassoRanker/Ultimate/yPositive-SIscaled100.bpl_Iteration1_Loop_7-phaseTemplate.smt2,sat,2.107428550720215
/LassoRanker/Ultimate/MenloPark.bpl_Iteration1_Lasso_4-pieceTemplate.smt2,failed,1200.0
/LassoRanker/Ultimate/Lobnya-Boolean-Reordered.bpl_Iteration1_Lasso_3-pieceTemplate.smt2,unsat,0.3990621566772461
/LassoRanker/Ultimate/SyntaxSupportDivision1.bpl_Iteration1_Lasso_3-pieceTemplate.smt2,sat,141.61956763267517
/LassoRanker/Ultimate/simple-scaled250.bpl_Iteration1_Lasso_5-phaseTemplate.smt2,failed,1200.0
/LassoRanker/Ultimate/DecreasingInvariant.bpl_Iteration1_Loop_4-pieceTemplate.smt2,failed,1200.0
/LassoRanker/Ultimate/bound-scaled600.bpl_Iteration1_Loop_4-pieceTemplate.smt2,sat,6.779047727584839
/LassoRanker/Ultimate/bound-scaled200.bpl_Iteration1_Loop_4-pieceTemplate.smt2,sat,2.5763001441955566
/LassoRanker/Ultimate/Rotation02.bpl_Iteration1_Lasso_4-pieceTemplate.smt2,unsat,75.3559889793396
/LassoRanker/Ultimate/Collatz.bpl_Iteration1_Lasso_4-nestedTemplate.smt2,unsat,3.3796355724334717
/LassoRanker/Ultimate/Gulwani.bpl_Iteration1_Lasso_3-pieceTemplate.smt2,failed,1200.0
/LassoRanker/Ultimate/Collatz.bpl_Iteration1_Loop_4-nestedTemplate.smt2,unsat,3.4
/LassoRanker/Ultimate/Collatz.bpl_Iteration1_Loop_3-lexTemplate.smt2,unsat,5.2
/LassoRanker/Ultimate/ATVA2013-zeno-int.bpl_Iteration1_Lasso_4-pieceTemplate.smt2,failed,1200.0
/LassoRanker/Ultimate/BradleyMannaSipma-2005ICALP-Fig1-deterministic.bpl_Iteration1_Lasso_4-pieceTemplate.smt2,failed,1200.0
/LassoRanker/Ultimate/yPositive-SIscaled75.bpl_Iteration1_Loop_4-pieceTemplate.smt2,failed,1200.0
/LassoRanker/Ultimate/Madrid.bpl_Iteration1_Lasso_3-pieceTemplate.smt2,failed,1200.0
/LassoRanker/Ultimate/Collatz.bpl_Iteration1_Loop_2-pieceTemplate.smt2,unsat,12.1
/LassoRanker/Ultimate/MultiPhase1.bpl_Iteration1_Lasso_3-pieceTemplate.smt2,failed,1200.0
/LassoRanker/Ultimate/ATVA2013-yPositive-real.bpl_Iteration1_Loop_4-pieceTemplate.smt2,unsat,112.3684766292572
/LassoRanker/Ultimate/simple-scaled250.bpl_Iteration1_Lasso_2-pieceTemplate.smt2,failed,1200.0
/LassoRanker/Ultimate/2013POPL-BenAmGen-Ex4.2.bpl_Iteration1_Loop_2-pieceTemplate.smt2,unsat,20.923112630844116
/LassoRanker/Ultimate/Collatz.bpl_Iteration1_Loop_4-lexTemplate.smt2,unsat,12.767139196395874
/LassoRanker/Ultimate/Collatz.bpl_Iteration1_Loop_5-nestedTemplate.smt2,unsat,11.922250270843506
/LassoRanker/Ultimate/Collatz.bpl_Iteration1_Loop_4-phaseTemplate.smt2,unsat,3.9
/LassoRanker/Ultimate/Collatz.bpl_Iteration1_Loop_3-phaseTemplate.smt2,unsat,2.7
/LassoRanker/Ultimate/Braverman-2006CAV-Ex1-int.bpl_Iteration1_Loop_4-phaseTemplate.smt2,failed,1200.0
/LassoRanker/Ultimate/SyntaxSupportDivision1.bpl_Iteration1_Lasso_4-pieceTemplate.smt2,sat,186.319988489151
/LassoRanker/Ultimate/yPositive-SIscaled75.bpl_Iteration1_Loop_2-pieceTemplate.smt2,unsat,417.36060905456543
/LassoRanker/Ultimate/Benghazi.bpl_Iteration1_Loop_6-phaseTemplate.smt2,sat,0.0
/LassoRanker/Ultimate/TelAviv-AmirMinimum.bpl_Iteration1_Loop_4-pieceTemplate.smt2,sat,382.6657178401947
/LassoRanker/Ultimate/simple-scaled250.bpl_Iteration1_Lasso_7-phaseTemplate.smt2,sat,574.9128489494324
/LassoRanker/Ultimate/NoriSharma-2013FSE-Fig7.bpl_Iteration1_Loop_4-phaseTemplate.smt2,sat,0.0
/LassoRanker/Ultimate/Canberra.bpl_Iteration1_Loop_3-pieceTemplate.smt2,unsat,3.4
/LassoRanker/Ultimate/FourPhase.bpl_Iteration1_Lasso_3-pieceTemplate.smt2,failed,1200.0
/LassoRanker/Ultimate/FourPhase.bpl_Iteration1_Lasso_7-phaseTemplate.smt2,sat,0.1
/LassoRanker/Ultimate/NonTerminationDifficult.bpl_Iteration1_Lasso_6-phaseTemplate.smt2,failed,1200.0
/LassoRanker/Ultimate/CookSeeZuleger-2013TACAS-Fig7a.bpl_Iteration1_Loop_2-pieceTemplate.smt2,unsat,0.12720489501953125
/LassoRanker/Ultimate/yPositive-SIscaled50.bpl_Iteration1_Loop_3-pieceTemplate.smt2,failed,1200.0
/LassoRanker/Ultimate/Collatz.bpl_Iteration1_Loop_5-phaseTemplate.smt2,unsat,5.8
/LassoRanker/Ultimate/CookSeeZuleger-2013TACAS-Fig3.bpl_Iteration1_Loop_4-pieceTemplate.smt2,unsat,0.7149646282196045
/LassoRanker/Ultimate/Thun.bpl_Iteration1_Loop_3-pieceTemplate.smt2,unsat,1.0313305854797363
/LassoRanker/Ultimate/yPositive-SIscaled100.bpl_Iteration1_Loop_4-phaseTemplate.smt2,sat,0.6188554763793945
/LassoRanker/Ultimate/CookSeeZuleger-2013TACAS-Fig7a.bpl_Iteration1_Loop_4-pieceTemplate.smt2,unsat,20.633949518203735
/LassoRanker/Ultimate/Benghazi.bpl_Iteration1_Loop_3-pieceTemplate.smt2,unsat,7.5050740242004395
/LassoRanker/Ultimate/Collatz.bpl_Iteration1_Lasso_7-phaseTemplate.smt2,unsat,15.011804342269897
/LassoRanker/Ultimate/Mysore.bpl_Iteration1_Loop_4-pieceTemplate.smt2,unsat,133.10101556777954
/LassoRanker/Ultimate/Lobnya-Boolean-Reordered.bpl_Iteration1_Loop_3-pieceTemplate.smt2,unsat,0.34000086784362793
/LassoRanker/Ultimate/2013POPL-BenAmGen-Ex4.2.bpl_Iteration1_Lasso_3-pieceTemplate.smt2,failed,1200.0
/LassoRanker/Ultimate/Braverman-2006CAV-Ex1-int.bpl_Iteration1_Loop_4-pieceTemplate.smt2,failed,1200.0
/LassoRanker/Ultimate/simple-scaled250.bpl_Iteration1_Lasso_4-lexTemplate.smt2,sat,4.6
/LassoRanker/Ultimate/Mysore2.bpl_Iteration1_Loop_4-pieceTemplate.smt2,unsat,265.99702286720276
/LassoRanker/Ultimate/BradleyMannaSipma-2005ICALP-Fig1-deterministic.bpl_Iteration1_Lasso_6-phaseTemplate.smt2,unsat,0.1
/LassoRanker/Ultimate/Collatz.bpl_Iteration1_Loop_6-nestedTemplate.smt2,unsat,5.895280599594116
/LassoRanker/Ultimate/yPositive-SIscaled50.bpl_Iteration1_Loop_4-pieceTemplate.smt2,failed,1200.0
/LassoRanker/Ultimate/GcdNew.bpl_Iteration1_Lasso_7-phaseTemplate.smt2,sat,3.6
/LassoRanker/Ultimate/Khartoum.bpl_Iteration1_Loop_4-pieceTemplate.smt2,failed,1200.0
/LassoRanker/Ultimate/Collatz.bpl_Iteration1_Loop_7-nestedTemplate.smt2,unsat,11.994957208633423
/LassoRanker/Ultimate/yPositive-SIscaled100.bpl_Iteration1_Loop_6-phaseTemplate.smt2,sat,1.4198732376098633
/LassoRanker/Ultimate/Collatz.bpl_Iteration1_Lasso_4-lexTemplate.smt2,unsat,12.3
/LassoRanker/Ultimate/Canberra.bpl_Iteration1_Lasso_6-phaseTemplate.smt2,failed,1200.0
/LassoRanker/Ultimate/Collatz.bpl_Iteration1_Lasso_6-nestedTemplate.smt2,unsat,5.074972629547119
/LassoRanker/Ultimate/SyntaxSupportDivision1.bpl_Iteration1_Lasso_6-phaseTemplate.smt2,sat,10.3
/LassoRanker/Ultimate/GcdNew.bpl_Iteration1_Lasso_3-pieceTemplate.smt2,sat,13.7
/LassoRanker/Ultimate/BradleyMannaSipma-2005ICALP-Fig1.bpl_Iteration1_Lasso_3-pieceTemplate.smt2,unsat,7.0
/LassoRanker/Ultimate/SantaBarbara02.bpl_Iteration1_Lasso_3-pieceTemplate.smt2,unsat,80.12742495536804
/LassoRanker/Ultimate/Canberra.bpl_Iteration1_Loop_7-phaseTemplate.smt2,unsat,6.3
/LassoRanker/Ultimate/OpposedDisjuncts.bpl_Iteration1_Loop_6-phaseTemplate.smt2,unsat,11.7
/LassoRanker/Ultimate/simple-scaled250.bpl_Iteration1_Lasso_3-pieceTemplate.smt2,failed,1200.0
/LassoRanker/Ultimate/Collatz.bpl_Iteration1_Loop_4-pieceTemplate.smt2,failed,1200.0
/LassoRanker/Ultimate/CookSeeZuleger-2013TACAS-Fig7b.bpl_Iteration1_Loop_4-pieceTemplate.smt2,unsat,1.8798189163208008
/LassoRanker/Ultimate/Canberra.bpl_Iteration1_Lasso_4-pieceTemplate.smt2,unsat,9.886711120605469
/LassoRanker/Ultimate/ThunPower2.bpl_Iteration1_Loop_4-pieceTemplate.smt2,sat,0.3624691963195801
/LassoRanker/Ultimate/Collatz.bpl_Iteration1_Lasso_6-phaseTemplate.smt2,unsat,193.9438991546631
/LassoRanker/Ultimate/MenloPark.bpl_Iteration1_Lasso_3-pieceTemplate.smt2,failed,1200.0
/LassoRanker/Ultimate/SyntaxSupportDivision1.bpl_Iteration1_Lasso_4-lexTemplate.smt2,sat,4.8
/LassoRanker/Ultimate/TelAviv-AmirMinimum.bpl_Iteration1_Loop_3-pieceTemplate.smt2,sat,2.6116867065429688
/LassoRanker/Ultimate/ATVA2013-diff42-int.bpl_Iteration1_Lasso_4-pieceTemplate.smt2,failed,1200.0
/LassoRanker/Ultimate/Boulder.bpl_Iteration1_Loop_4-pieceTemplate.smt2,failed,1200.0
/LassoRanker/Ultimate/SantaBarbara01.bpl_Iteration1_Lasso_2-pieceTemplate.smt2,unsat,26.083073377609253
/LassoRanker/Ultimate/DecreasingInvariant.bpl_Iteration1_Loop_3-pieceTemplate.smt2,unsat,414.8168668746948
/LassoRanker/Ultimate/BradleyMannaSipma-2005ICALP-Fig1-deterministic.bpl_Iteration1_Lasso_7-phaseTemplate.smt2,unsat,0.1
/LassoRanker/Ultimate/2013POPL-BenAmGen-Ex3.6.bpl_Iteration1_Loop_4-pieceTemplate.smt2,unsat,108.43815851211548
/LassoRanker/Ultimate/SyntaxSupportBooleans3.bpl_Iteration1_Loop_4-pieceTemplate.smt2,unsat,0.7974531650543213
/LassoRanker/Ultimate/Collatz.bpl_Iteration1_Loop_2-nestedTemplate.smt2,unsat,1.9
/LassoRanker/Ultimate/Gcd_havoc.bpl_Iteration1_Lasso_3-pieceTemplate.smt2,sat,3.0009605884552
/LassoRanker/Ultimate/simple-scaled200.bpl_Iteration1_Lasso_4-phaseTemplate.smt2,sat,4.175979852676392
/LassoRanker/Ultimate/Khartoum.bpl_Iteration1_Loop_3-pieceTemplate.smt2,unsat,2.2005534172058105
/LassoRanker/Ultimate/Garmisch.bpl_Iteration1_Loop_4-pieceTemplate.smt2,unsat,55.42558288574219
/LassoRanker/Ultimate/Lobnya-Boolean-Reordered.bpl_Iteration1_Lasso_4-pieceTemplate.smt2,unsat,1.1000492572784424
/LassoRanker/Ultimate/OpposedDisjuncts.bpl_Iteration1_Lasso_7-phaseTemplate.smt2,unsat,2.187450408935547
/LassoRanker/Ultimate/OpposedDisjuncts.bpl_Iteration1_Loop_2-pieceTemplate.smt2,unsat,25.435001611709595
/LassoRanker/Ultimate/2013POPL-BenAmGen-Ex4.2.bpl_Iteration1_Loop_4-pieceTemplate.smt2,failed,1200.0
/LassoRanker/Ultimate/OpposedDisjuncts.bpl_Iteration1_Lasso_4-pieceTemplate.smt2,failed,1200.0
/LassoRanker/Ultimate/SyntaxSupportDisjunction4.bpl_Iteration1_Loop_3-pieceTemplate.smt2,unsat,0.9219558238983154
/LassoRanker/Ultimate/BenAmram-2010LMCS-Ex2.3.bpl_Iteration1_Loop_4-pieceTemplate.smt2,failed,1200.0
/LassoRanker/Ultimate/Braverman-2006CAV-Ex1-int.bpl_Iteration1_Lasso_6-phaseTemplate.smt2,failed,1200.0
/LassoRanker/Ultimate/OpposedDisjuncts.bpl_Iteration1_Lasso_6-phaseTemplate.smt2,unsat,0.8
/LassoRanker/Ultimate/simple-scaled200.bpl_Iteration1_Lasso_3-pieceTemplate.smt2,failed,1200.0
/LassoRanker/Ultimate/Boulder.bpl_Iteration1_Loop_3-pieceTemplate.smt2,unsat,16.113301515579224
/LassoRanker/Ultimate/Madrid.bpl_Iteration1_Lasso_4-pieceTemplate.smt2,failed,1200.0
/LassoRanker/Ultimate/Collatz.bpl_Iteration1_Lasso_2-phaseTemplate.smt2,unsat,1.756974458694458
/LassoRanker/Ultimate/yPositive-SIscaled100.bpl_Iteration1_Loop_5-phaseTemplate.smt2,sat,0.9938943386077881
/LassoRanker/Ultimate/Collatz.bpl_Iteration1_Loop_6-phaseTemplate.smt2,unsat,11.47917366027832
/LassoRanker/Ultimate/GcdNew.bpl_Iteration1_Lasso_4-pieceTemplate.smt2,sat,162.66673111915588
/LassoRanker/Ultimate/Collatz.bpl_Iteration1_Lasso_affineTemplate.smt2,unsat,0.9975612163543701
/LassoRanker/Ultimate/simple-scaled200.bpl_Iteration1_Lasso_7-phaseTemplate.smt2,sat,795.6254906654358
/LassoRanker/Ultimate/Nyala-TwoLex.bpl_Iteration1_Loop_4-pieceTemplate.smt2,unsat,161.50809001922607
/LassoRanker/Ultimate/Canberra.bpl_Iteration1_Loop_4-pieceTemplate.smt2,unsat,9.917860746383667
/LassoRanker/Ultimate/Lobnya-Boolean-Reordered.bpl_Iteration1_Loop_4-pieceTemplate.smt2,unsat,1.5362696647644043
/LassoRanker/Ultimate/SantaBarbara01.bpl_Iteration1_Lasso_4-pieceTemplate.smt2,unsat,135.62035012245178
/LassoRanker/Ultimate/NoriSharma-2013FSE-Fig7.bpl_Iteration1_Loop_4-pieceTemplate.smt2,unsat,316.78302574157715
/LassoRanker/Ultimate/BenAmram-2010LMCS-Ex2.3.bpl_Iteration1_Loop_2-pieceTemplate.smt2,unsat,1.5836689472198486
/LassoRanker/Ultimate/ATVA2013-yPositive-real.bpl_Iteration1_Loop_3-pieceTemplate.smt2,unsat,32.51388192176819
/LassoRanker/Ultimate/OpposedDisjuncts.bpl_Iteration1_Loop_5-phaseTemplate.smt2,unsat,6.564208269119263
/LassoRanker/Ultimate/OpposedDisjuncts.bpl_Iteration1_Loop_3-pieceTemplate.smt2,unsat,191.06185507774353
/LassoRanker/Ultimate/SyntaxSupportDivision1.bpl_Iteration1_Lasso_7-nestedTemplate.smt2,sat,10.8
/LassoRanker/Ultimate/SantaBarbara02.bpl_Iteration1_Lasso_2-pieceTemplate.smt2,unsat,39.9442925453186
/LassoRanker/Ultimate/Canberra.bpl_Iteration1_Lasso_7-phaseTemplate.smt2,unsat,6.3
/LassoRanker/Ultimate/CopenhagenWithTmp.bpl_Iteration1_Loop_4-pieceTemplate.smt2,sat,15.192004203796387
/LassoRanker/Ultimate/yPositive-SIscaled75.bpl_Iteration1_Loop_3-pieceTemplate.smt2,failed,1200.0
/LassoRanker/Ultimate/Braverman-2006CAV-Ex1-int.bpl_Iteration1_Lasso_7-phaseTemplate.smt2,failed,1200.0
/LassoRanker/Ultimate/BenAmram-2010LMCS-Ex2.3.bpl_Iteration1_Lasso_4-pieceTemplate.smt2,failed,1200.0
/LassoRanker/Ultimate/Nyala-TwoLex.bpl_Iteration1_Lasso_2-pieceTemplate.smt2,unsat,0.291182279586792
/LassoRanker/Ultimate/Braverman-2006CAV-Ex1-int.bpl_Iteration1_Loop_3-pieceTemplate.smt2,failed,1200.0
/LassoRanker/Ultimate/Collatz.bpl_Iteration1_Lasso_3-pieceTemplate.smt2,failed,1200.0
/LassoRanker/Ultimate/Collatz.bpl_Iteration1_Lasso_3-lexTemplate.smt2,unsat,12.455349922180176
/LassoRanker/Ultimate/simple-scaled200.bpl_Iteration1_Lasso_2-pieceTemplate.smt2,failed,1200.0
/LassoRanker/Ultimate/ZenoWithoutDivision.bpl_Iteration1_Lasso_4-pieceTemplate.smt2,unsat,1.8
/LassoRanker/Ultimate/2013POPL-BenAmGen-Ex4.2.bpl_Iteration1_Lasso_4-pieceTemplate.smt2,failed,1200.0
/LassoRanker/Ultimate/BradleyMannaSipma-2005ICALP-Fig1-deterministic.bpl_Iteration1_Lasso_5-phaseTemplate.smt2,unsat,0.1
/LassoRanker/Ultimate/BenAmram-2010LMCS-Ex2.3.bpl_Iteration1_Lasso_2-pieceTemplate.smt2,unsat,1.5170528888702393
/LassoRanker/Ultimate/Gulwani.bpl_Iteration1_Lasso_5-phaseTemplate.smt2,unsat,1.0
/LassoRanker/Ultimate/Collatz.bpl_Iteration1_Lasso_3-phaseTemplate.smt2,unsat,2.7226665019989014
/LassoRanker/Ultimate/simple-scaled200.bpl_Iteration1_Lasso_4-pieceTemplate.smt2,failed,1200.0
/LassoRanker/Ultimate/simple-scaled250.bpl_Iteration1_Lasso_4-phaseTemplate.smt2,failed,1200.0
/LassoRanker/Ultimate/Collatz.bpl_Iteration1_Lasso_5-phaseTemplate.smt2,unsat,5.9
/LassoRanker/Ultimate/Collatz.bpl_Iteration1_Lasso_2-pieceTemplate.smt2,unsat,11.064089059829712
/LassoRanker/Ultimate/NoriSharma-2013FSE-Fig7.bpl_Iteration1_Loop_7-phaseTemplate.smt2,sat,0.06827211380004883
/LassoRanker/Ultimate/MultiPhase1.bpl_Iteration1_Lasso_4-pieceTemplate.smt2,failed,1200.0
/LassoRanker/Ultimate/ATVA2013-yPositive-int.bpl_Iteration1_Loop_4-pieceTemplate.smt2,unsat,133.7410752773285
/LassoRanker/Ultimate/Thun.bpl_Iteration1_Loop_4-pieceTemplate.smt2,unsat,119.68338370323181
/LassoRanker/Ultimate/CookSeeZuleger-2013TACAS-Fig7b.bpl_Iteration1_Loop_2-pieceTemplate.smt2,unsat,0.14372658729553223
/LassoRanker/Ultimate/SyntaxSupportDivision1.bpl_Iteration1_Lasso_2-pieceTemplate.smt2,sat,10.2
/LassoRanker/Ultimate/Gcd_havoc.bpl_Iteration1_Lasso_4-pieceTemplate.smt2,sat,4.468897819519043
/LassoRanker/Ultimate/ZenoWithoutDivision.bpl_Iteration1_Loop_4-pieceTemplate.smt2,unsat,1.8
/LassoRanker/Ultimate/SyntaxSupportDisjunction1.bpl_Iteration1_Loop_4-pieceTemplate.smt2,sat,0.5654573440551758
/LassoRanker/Ultimate/Gulwani.bpl_Iteration1_Lasso_6-phaseTemplate.smt2,unsat,1.8
/LassoRanker/Ultimate/Gulwani.bpl_Iteration1_Lasso_4-pieceTemplate.smt2,failed,1200.0
/LassoRanker/Ultimate/Collatz.bpl_Iteration1_Loop_2-phaseTemplate.smt2,unsat,2.1
/LassoRanker/Ultimate/NonTerminationDifficult.bpl_Iteration1_Lasso_5-phaseTemplate.smt2,unsat,113.6
/LassoRanker/Ultimate/simple-scaled200.bpl_Iteration1_Lasso_5-phaseTemplate.smt2,failed,1200.0
/LassoRanker/Ultimate/Collatz.bpl_Iteration1_Loop_7-phaseTemplate.smt2,failed,1200.0
/LassoRanker/Ultimate/yPositive-SIscaled100.bpl_Iteration1_Loop_4-pieceTemplate.smt2,failed,1200.0
/LassoRanker/Ultimate/SantaBarbara01.bpl_Iteration1_Lasso_3-pieceTemplate.smt2,unsat,85.2
/LassoRanker/Ultimate/ATVA2013-yPositive-int.bpl_Iteration1_Loop_3-pieceTemplate.smt2,unsat,31.723896980285645
/LassoRanker/Ultimate/yPositive-MixedIntReal.bpl_Iteration1_Loop_3-pieceTemplate.smt2,unsat,133.74774622917175
/LassoRanker/Ultimate/TwoPhase.bpl_Iteration1_Loop_4-pieceTemplate.smt2,unsat,77.41119647026062
/LassoRanker/Ultimate/Nyala-TwoLex.bpl_Iteration1_Lasso_4-pieceTemplate.smt2,failed,1200.0
/LassoRanker/Ultimate/Gothenburg.bpl_Iteration1_Lasso_4-pieceTemplate.smt2,unsat,3.829345226287842
/LassoRanker/Ultimate/Braverman-2006CAV-Ex1-int.bpl_Iteration1_Loop_6-phaseTemplate.smt2,failed,1200.0
/LassoRanker/Ultimate/Braverman-2006CAV-Ex1-int.bpl_Iteration1_Lasso_4-pieceTemplate.smt2,failed,1200.0
/LassoRanker/Ultimate/Collatz.bpl_Iteration1_Lasso_2-nestedTemplate.smt2,unsat,1.9104955196380615
/LassoRanker/Ultimate/bound-scaled600.bpl_Iteration1_Loop_3-pieceTemplate.smt2,sat,1.7267532348632812
/LassoRanker/Ultimate/Gulwani.bpl_Iteration1_Lasso_7-phaseTemplate.smt2,unsat,3.0825164318084717
/LassoRanker/Ultimate/SyntaxSupportDivision1.bpl_Iteration1_Lasso_6-nestedTemplate.smt2,sat,3.776066780090332
/LassoRanker/Ultimate/Braverman-2006CAV-Ex1-int.bpl_Iteration1_Loop_7-phaseTemplate.smt2,failed,1200.0
/LassoRanker/Ultimate/Collatz.bpl_Iteration1_Loop_affineTemplate.smt2,unsat,0.99068284034729
/LassoRanker/Ultimate/CookSeeZuleger-2013TACAS-Fig3.bpl_Iteration1_Loop_3-pieceTemplate.smt2,unsat,0.22635626792907715
/LassoRanker/Ultimate/ChenFlurMukhopadhyay-2012SAS-Fig1.bpl_Iteration1_Loop_3-pieceTemplate.smt2,failed,1200.0
/LassoRanker/Ultimate/Collatz.bpl_Iteration1_Lasso_3-nestedTemplate.smt2,unsat,3.3
/LassoRanker/Ultimate/OpposedDisjuncts.bpl_Iteration1_Loop_4-phaseTemplate.smt2,unsat,2.068506956100464
/LassoRanker/Ultimate/NonTerminationDifficult.bpl_Iteration1_Lasso_7-phaseTemplate.smt2,failed,1200.0
/LassoRanker/Ultimate/Lobnya-Boolean-Reordered.bpl_Iteration1_Loop_7-phaseTemplate.smt2,unsat,1.3
/LassoRanker/Ultimate/2013POPL-BenAmGen-Ex3.20.bpl_Iteration1_Lasso_3-pieceTemplate.smt2,unsat,0.2
/LassoRanker/Ultimate/Braverman-2006CAV-Ex1-int.bpl_Iteration1_Lasso_4-phaseTemplate.smt2,failed,1200.0
/LassoRanker/Ultimate/Canberra.bpl_Iteration1_Lasso_3-pieceTemplate.smt2,unsat,3.3
/LassoRanker/Ultimate/GcdNew.bpl_Iteration1_Lasso_6-phaseTemplate.smt2,sat,2.5
/LassoRanker/Ultimate/SyntaxSupportDivision1.bpl_Iteration1_Lasso_5-phaseTemplate.smt2,sat,3.246345281600952
/LassoRanker/Ultimate/TwoPhase.bpl_Iteration1_Loop_3-pieceTemplate.smt2,unsat,31.486653089523315
/LassoRanker/Ultimate/Collatz.bpl_Iteration1_Loop_3-nestedTemplate.smt2,unsat,2.3
/LassoRanker/Ultimate/BenAmram-2010LMCS-Ex2.3.bpl_Iteration1_Loop_3-pieceTemplate.smt2,failed,1200.0
/LassoRanker/Ultimate/SyntaxSupportDivision1.bpl_Iteration1_Lasso_7-phaseTemplate.smt2,sat,6.595329284667969
/LassoRanker/Ultimate/SanDiego.bpl_Iteration1_Loop_4-pieceTemplate.smt2,sat,1.438779354095459
/LassoRanker/Ultimate/BradleyMannaSipma-2005ICALP-Fig1.bpl_Iteration1_Lasso_4-pieceTemplate.smt2,failed,1200.0
/LassoRanker/Ultimate/2013POPL-BenAmGen-Ex3.20.bpl_Iteration1_Loop_3-pieceTemplate.smt2,unsat,0.2
/LassoRanker/Ultimate/yPositive-MixedIntReal.bpl_Iteration1_Loop_4-pieceTemplate.smt2,failed,1200.0
/LassoRanker/Ultimate/simple-scaled250.bpl_Iteration1_Lasso_6-phaseTemplate.smt2,sat,1081.1817433834076
/LassoRanker/Ultimate/OpposedDisjuncts.bpl_Iteration1_Lasso_2-pieceTemplate.smt2,failed,1200.0
/LassoRanker/Ultimate/Collatz.bpl_Iteration1_Loop_3-pieceTemplate.smt2,failed,1200.0
/LassoRanker/Ultimate/OpposedDisjuncts.bpl_Iteration1_Loop_7-phaseTemplate.smt2,unsat,169.64505815505981
/LassoRanker/Ultimate/Canberra.bpl_Iteration1_Lasso_2-pieceTemplate.smt2,unsat,0.37982773780822754
/LassoRanker/Ultimate/Collatz.bpl_Iteration1_Loop_2-lexTemplate.smt2,unsat,3.2
/LassoRanker/Ultimate/bound-scaled400.bpl_Iteration1_Loop_4-pieceTemplate.smt2,sat,4.201884746551514
/LassoRanker/Ultimate/Canberra.bpl_Iteration1_Loop_2-pieceTemplate.smt2,unsat,0.4
/LassoRanker/Ultimate/Collatz.bpl_Iteration1_Lasso_4-phaseTemplate.smt2,unsat,3.705610752105713
/LassoRanker/Ultimate/yPositive-SIscaled75.bpl_Iteration1_Loop_7-phaseTemplate.smt2,sat,1.5846898555755615
/LassoRanker/Ultimate/Collatz.bpl_Iteration1_Lasso_5-nestedTemplate.smt2,unsat,4.002864122390747
/LassoRanker/Ultimate/BradleyMannaSipma-2005ICALP-Fig1-deterministic.bpl_Iteration1_Lasso_3-pieceTemplate.smt2,failed,1200.0
/LassoRanker/Ultimate/Wellington.bpl_Iteration1_Loop_4-pieceTemplate.smt2,sat,0.1
/LassoRanker/Ultimate/yPositive-SIscaled100.bpl_Iteration1_Loop_3-pieceTemplate.smt2,failed,1200.0
/LassoRanker/Ultimate/NonTerminationDifficult.bpl_Iteration1_Lasso_3-pieceTemplate.smt2,unsat,304.5140860080719
/LassoRanker/Ultimate/ATVA2013-diff42-int.bpl_Iteration1_Lasso_4-lexTemplate.smt2,unsat,0.1
/LassoRanker/Ultimate/Braverman-2006CAV-Ex1-int.bpl_Iteration1_Loop_5-phaseTemplate.smt2,failed,1200.0
/LassoRanker/Ultimate/BenAmram-2010LMCS-Ex2.3.bpl_Iteration1_Lasso_3-pieceTemplate.smt2,failed,1200.0
/LassoRanker/Ultimate/OpposedDisjuncts.bpl_Iteration1_Loop_4-pieceTemplate.smt2,failed,1200.0
/LassoRanker/Ultimate/MenloPark.bpl_Iteration1_Lasso_2-pieceTemplate.smt2,failed,1200.0
/LassoRanker/Ultimate/simple-scaled200.bpl_Iteration1_Lasso_6-phaseTemplate.smt2,failed,1200.0
/LassoRanker/Ultimate/Gcd.bpl_Iteration1_Lasso_4-pieceTemplate.smt2,sat,4.1
/LassoRanker/Ultimate/SantaBarbara02.bpl_Iteration1_Lasso_4-pieceTemplate.smt2,unsat,176.60564184188843
/LassoRanker/Ultimate/Rotation02.bpl_Iteration1_Lasso_3-pieceTemplate.smt2,unsat,16.01746153831482
/LassoRanker/Ultimate/2013POPL-BenAmGen-Ex3.20.bpl_Iteration1_Lasso_4-pieceTemplate.smt2,failed,1200.0
/LassoRanker/Ultimate/Collatz.bpl_Iteration1_Lasso_7-nestedTemplate.smt2,unsat,11.649466037750244
/LassoRanker/Ultimate/piecewise.bpl_Iteration1_Loop_4-pieceTemplate.smt2,sat,0.7628562450408936
/LassoRanker/Ultimate/Braverman-2006CAV-Ex1-int.bpl_Iteration1_Lasso_5-phaseTemplate.smt2,failed,1200.0
/LassoRanker/Ultimate/Mysore2.bpl_Iteration1_Loop_3-pieceTemplate.smt2,unsat,31.918189525604248
/LassoRanker/Ultimate/yPositive-SIscaled100.bpl_Iteration1_Loop_2-pieceTemplate.smt2,failed,1200.0
/LassoRanker/Ultimate/ChenFlurMukhopadhyay-2012SAS-Fig1.bpl_Iteration1_Loop_4-pieceTemplate.smt2,failed,1200.0
/LassoRanker/Ultimate/bound-scaled400.bpl_Iteration1_Loop_3-pieceTemplate.smt2,sat,2.3824310302734375
/LassoRanker/Ultimate/IncreasingSI.bpl_Iteration1_Lasso_4-pieceTemplate.smt2,failed,1200.0
/LassoRanker/SV-COMP/Ben-Amram-2010LMCS-Ex2.3_true-termination.c_Iteration1_Lasso_3-pieceTemplate.smt2,failed,1200.0
/LassoRanker/SV-COMP/CookSeeZuleger-2013TACAS-Fig7a_true-termination.c_Iteration1_Loop_6-phaseTemplate.smt2,unsat,0.5
/LassoRanker/SV-COMP/TelAviv-Amir-Minimum_true-termination.c_Iteration1_Loop_7-phaseTemplate.smt2,unsat,2.4
/LassoRanker/SV-COMP/aviad_true-termination.c_Iteration1_Loop_3-nestedTemplate.smt2,sat,47.82325887680054
/LassoRanker/SV-COMP/NoriSharma-2013FSE-Fig8_true-termination.c_Iteration1_Lasso_3-pieceTemplate.smt2,failed,1200.0
/LassoRanker/SV-COMP/min_rf_true-termination.c_Iteration1_Loop_3-pieceTemplate.smt2,sat,1.2201809883117676
/LassoRanker/SV-COMP/LeeJonesBen-Amram-2001POPL-Ex4_true-termination.c_Iteration3_Loop_4-pieceTemplate.smt2,sat,2.202146530151367
/LassoRanker/SV-COMP/Urban_true-termination.c_Iteration1_Loop_affineTemplate.smt2,failed,1200.0
/LassoRanker/SV-COMP/NoriSharma-2013FSE-Fig8_true-termination.c_Iteration1_Lasso_5-phaseTemplate.smt2,failed,1200.0
/LassoRanker/SV-COMP/aviad_true-termination.c_Iteration1_Loop_6-phaseTemplate.smt2,sat,194.51086735725403
/LassoRanker/SV-COMP/KroeningSharyginaTsitovichWintersteiger-2010CAV-Fig1_true-termination.c_Iteration1_Lasso_2-lexTemplate.smt2,unsat,1.3820319175720215
/LassoRanker/SV-COMP/LeeJonesBen-Amram-2001POPL-Ex3_true-termination.c_Iteration3_Loop_4-pieceTemplate.smt2,sat,0.14660215377807617
/LassoRanker/SV-COMP/Ben-Amram-2010LMCS-Ex2.3_true-termination.c_Iteration1_Lasso_4-pieceTemplate.smt2,failed,1200.0
/LassoRanker/SV-COMP/Toulouse-BranchesToLoop_true-termination.c_Iteration1_Lasso_3-pieceTemplate.smt2,unsat,249.6
/LassoRanker/SV-COMP/LarrazOliverasRodriguez-CarbonellRubio-2013FMCAD-Fig1_true-termination.c_Iteration1_Loop_3-pieceTemplate.smt2,unsat,53.198044538497925
/LassoRanker/SV-COMP/TelAviv-Amir-Minimum_true-termination.c_Iteration1_Lasso_3-pieceTemplate.smt2,failed,1200.0
/LassoRanker/SV-COMP/LeeJonesBen-Amram-2001POPL-Ex5_true-termination.c_Iteration2_Lasso_5-nestedTemplate.smt2,unsat,1.6
/LassoRanker/SV-COMP/Ben-Amram-2010LMCS-Ex2.3_true-termination.c_Iteration1_Loop_4-pieceTemplate.smt2,failed,1200.0
/LassoRanker/SV-COMP/BradleyMannaSipma-2005ICALP-Fig1_true-termination.c_Iteration1_Lasso_6-nestedTemplate.smt2,unsat,0.5
/LassoRanker/SV-COMP/aviad_true-termination.c_Iteration1_Loop_2-phaseTemplate.smt2,sat,16.603836059570312
/LassoRanker/SV-COMP/TelAviv-Amir-Minimum_true-termination.c_Iteration1_Lasso_2-pieceTemplate.smt2,sat,11.60411810874939
/LassoRanker/SV-COMP/aviad_true-termination.c_Iteration1_Loop_3-lexTemplate.smt2,sat,89.87719368934631
/LassoRanker/SV-COMP/TelAviv-Amir-Minimum_true-termination.c_Iteration1_Lasso_7-phaseTemplate.smt2,unsat,2.067289113998413
/LassoRanker/SV-COMP/Ben-Amram-2010LMCS-Ex2.3_true-termination.c_Iteration1_Loop_5-phaseTemplate.smt2,unsat,0.4
/LassoRanker/SV-COMP/LeeJonesBen-Amram-2001POPL-Ex5_true-termination.c_Iteration2_Lasso_7-nestedTemplate.smt2,unsat,3.476276397705078
/LassoRanker/SV-COMP/GulwaniJainKoskinen-2009PLDI-Fig1_true-termination.c_Iteration1_Lasso_2-pieceTemplate.smt2,failed,1200.0
/LassoRanker/SV-COMP/NoriSharma-2013FSE-Fig8_true-termination.c_Iteration1_Loop_3-pieceTemplate.smt2,failed,1200.0
/LassoRanker/SV-COMP/ChenFlurMukhopadhyay-2012SAS-Fig1_true-termination.c_Iteration1_Loop_3-pieceTemplate.smt2,unsat,382.6803386211395
/LassoRanker/SV-COMP/CookSeeZuleger-2013TACAS-Fig3_true-termination.c_Iteration1_Loop_4-pieceTemplate.smt2,failed,1200.0
/LassoRanker/SV-COMP/TelAviv-Amir-Minimum_true-termination.c_Iteration1_Loop_2-pieceTemplate.smt2,sat,11.117613315582275
/LassoRanker/SV-COMP/min_rf_true-termination.c_Iteration1_Loop_2-pieceTemplate.smt2,sat,0.4027068614959717
/LassoRanker/SV-COMP/Ben-Amram-2010LMCS-Ex2.3_true-termination.c_Iteration1_Loop_6-phaseTemplate.smt2,unsat,2.008415699005127
/LassoRanker/SV-COMP/LarrazOliverasRodriguez-CarbonellRubio-2013FMCAD-Fig1_true-termination.c_Iteration2_Loop_2-pieceTemplate.smt2,unsat,0.1105954647064209
/LassoRanker/SV-COMP/NoriSharma-2013FSE-Fig8_true-termination.c_Iteration1_Loop_6-phaseTemplate.smt2,failed,1200.0
/LassoRanker/SV-COMP/LarrazOliverasRodriguez-CarbonellRubio-2013FMCAD-Fig1_true-termination.c_Iteration1_Loop_4-pieceTemplate.smt2,failed,1200.0
/LassoRanker/SV-COMP/aviad_true-termination.c_Iteration1_Loop_5-phaseTemplate.smt2,sat,95.67293047904968
/LassoRanker/SV-COMP/CookSeeZuleger-2013TACAS-Fig3_true-termination.c_Iteration1_Loop_6-phaseTemplate.smt2,unsat,0.4
/LassoRanker/SV-COMP/KroeningSharyginaTsitovichWintersteiger-2010CAV-Fig1_true-termination.c_Iteration1_Lasso_4-lexTemplate.smt2,unsat,3.8808956146240234
/LassoRanker/SV-COMP/BradleyMannaSipma-2005ICALP-Fig1_true-termination.c_Iteration1_Lasso_4-phaseTemplate.smt2,unsat,24.385043144226074
/LassoRanker/SV-COMP/KroeningSharyginaTsitovichWintersteiger-2010CAV-Fig1_true-termination.c_Iteration1_Lasso_2-nestedTemplate.smt2,unsat,1.0
/LassoRanker/SV-COMP/LeeJonesBen-Amram-2001POPL-Ex4_true-termination.c_Iteration6_Loop_4-pieceTemplate.smt2,failed,1200.0
/LassoRanker/SV-COMP/LeeJonesBen-Amram-2001POPL-Ex4_true-termination.c_Iteration1_Loop_4-pieceTemplate.smt2,sat,0.18031096458435059
/LassoRanker/SV-COMP/TelAviv-Amir-Minimum_true-termination.c_Iteration1_Loop_3-pieceTemplate.smt2,failed,1200.0
/LassoRanker/SV-COMP/aviad_true-termination.c_Iteration1_Loop_4-phaseTemplate.smt2,sat,66.1784737110138
/LassoRanker/SV-COMP/Masse_true-termination.c_Iteration1_Lasso_3-pieceTemplate.smt2,unsat,288.7445902824402
/LassoRanker/SV-COMP/BradleyMannaSipma-2005CAV-Fig1_true-termination.c_Iteration1_Lasso_2-pieceTemplate.smt2,sat,2.7
/LassoRanker/SV-COMP/CookSeeZuleger-2013TACAS-Fig7a_true-termination.c_Iteration1_Loop_3-phaseTemplate.smt2,unsat,0.2
/LassoRanker/SV-COMP/aviad_true-termination.c_Iteration1_Loop_2-nestedTemplate.smt2,sat,15.618244886398315
/LassoRanker/SV-COMP/CookSeeZuleger-2013TACAS-Fig7a_true-termination.c_Iteration1_Loop_4-pieceTemplate.smt2,failed,1200.0
/LassoRanker/SV-COMP/NoriSharma-2013FSE-Fig7_true-termination.c_Iteration1_Loop_6-phaseTemplate.smt2,sat,0.0673978328704834
/LassoRanker/SV-COMP/CookSeeZuleger-2013TACAS-Fig3_true-termination.c_Iteration1_Loop_7-phaseTemplate.smt2,unsat,0.5
/LassoRanker/SV-COMP/LeeJonesBen-Amram-2001POPL-Ex5_true-termination.c_Iteration2_Lasso_7-phaseTemplate.smt2,failed,1200.0
/LassoRanker/SV-COMP/LeeJonesBen-Amram-2001POPL-Ex5_true-termination.c_Iteration2_Loop_7-phaseTemplate.smt2,failed,1200.0
/LassoRanker/SV-COMP/CookSeeZuleger-2013TACAS-Fig7a_true-termination.c_Iteration1_Loop_3-lexTemplate.smt2,sat,0.46865200996398926
/LassoRanker/SV-COMP/LeeJonesBen-Amram-2001POPL-Ex5_true-termination.c_Iteration2_Lasso_4-lexTemplate.smt2,failed,1200.0
/LassoRanker/SV-COMP/LeeJonesBen-Amram-2001POPL-Ex4_true-termination.c_Iteration6_Loop_3-pieceTemplate.smt2,unsat,17.43997812271118
/LassoRanker/SV-COMP/min_rf_true-termination.c_Iteration1_Lasso_2-pieceTemplate.smt2,sat,0.714792013168335
/LassoRanker/SV-COMP/LeeJonesBen-Amram-2001POPL-Ex5_true-termination.c_Iteration2_Lasso_6-nestedTemplate.smt2,unsat,2.684451103210449
/LassoRanker/SV-COMP/aviad_true-termination.c_Iteration1_Loop_4-nestedTemplate.smt2,sat,59.66099190711975
/LassoRanker/SV-COMP/CookSeeZuleger-2013TACAS-Fig3_true-termination.c_Iteration1_Loop_3-pieceTemplate.smt2,failed,1200.0
/LassoRanker/SV-COMP/LeeJonesBen-Amram-2001POPL-Ex5_true-termination.c_Iteration2_Loop_2-pieceTemplate.smt2,unsat,0.35474133491516113
/LassoRanker/SV-COMP/joey_false-termination.c_Iteration2_Loop_6-phaseTemplate.smt2,unsat,0.41125941276550293
/LassoRanker/SV-COMP/GulwaniJainKoskinen-2009PLDI-Fig1_true-termination.c_Iteration1_Lasso_5-nestedTemplate.smt2,failed,1200.0
/LassoRanker/SV-COMP/aviad_true-termination.c_Iteration1_Loop_5-nestedTemplate.smt2,sat,74.61363387107849
/LassoRanker/SV-COMP/GulwaniJainKoskinen-2009PLDI-Fig1_true-termination.c_Iteration1_Lasso_3-phaseTemplate.smt2,failed,1200.0
/LassoRanker/SV-COMP/KroeningSharyginaTsitovichWintersteiger-2010CAV-Fig1_true-termination.c_Iteration1_Lasso_3-phaseTemplate.smt2,unsat,1.3404731750488281
/LassoRanker/SV-COMP/gcd1_true-termination.c_Iteration3_Loop_4-pieceTemplate.smt2,sat,0.0
/LassoRanker/SV-COMP/Toulouse-BranchesToLoop_true-termination.c_Iteration1_Lasso_2-pieceTemplate.smt2,unsat,1.8207247257232666
/LassoRanker/SV-COMP/LeeJonesBen-Amram-2001POPL-Ex5_true-termination.c_Iteration2_Lasso_3-pieceTemplate.smt2,failed,1200.0
/LassoRanker/SV-COMP/aviad_true-termination.c_Iteration1_Loop_affineTemplate.smt2,sat,11.6
/LassoRanker/SV-COMP/GulwaniJainKoskinen-2009PLDI-Fig1_true-termination.c_Iteration1_Lasso_7-phaseTemplate.smt2,failed,1200.0
/LassoRanker/SV-COMP/BradleyMannaSipma-2005CAV-Fig1_true-termination.c_Iteration1_Lasso_3-pieceTemplate.smt2,sat,15.765564918518066
/LassoRanker/SV-COMP/LeeJonesBen-Amram-2001POPL-Ex1_true-termination.c_Iteration1_Loop_7-phaseTemplate.smt2,failed,1200.0
/LassoRanker/SV-COMP/LeeJonesBen-Amram-2001POPL-Ex2_true-termination.c_Iteration1_Lasso_4-pieceTemplate.smt2,failed,1200.0
/LassoRanker/SV-COMP/CookSeeZuleger-2013TACAS-Fig7a_true-termination.c_Iteration1_Loop_2-pieceTemplate.smt2,unsat,85.36535167694092
/LassoRanker/SV-COMP/Ben-Amram-2010LMCS-Ex2.3_true-termination.c_Iteration1_Loop_7-phaseTemplate.smt2,unsat,3.954897403717041
/LassoRanker/SV-COMP/LeeJonesBen-Amram-2001POPL-Ex2_true-termination.c_Iteration1_Loop_5-phaseTemplate.smt2,failed,1200.0
/LassoRanker/SV-COMP/KroeningSharyginaTsitovichWintersteiger-2010CAV-Fig1_true-termination.c_Iteration1_Lasso_5-nestedTemplate.smt2,unsat,2.105740547180176
/LassoRanker/SV-COMP/NoriSharma-2013FSE-Fig8_true-termination.c_Iteration1_Loop_5-phaseTemplate.smt2,failed,1200.0
/LassoRanker/SV-COMP/LeeJonesBen-Amram-2001POPL-Ex2_true-termination.c_Iteration1_Loop_7-phaseTemplate.smt2,failed,1200.0
/LassoRanker/SV-COMP/BradleyMannaSipma-2005ICALP-Fig1_true-termination.c_Iteration1_Lasso_3-phaseTemplate.smt2,unsat,33.20049858093262
/LassoRanker/SV-COMP/aviad_true-termination.c_Iteration1_Loop_4-lexTemplate.smt2,sat,223.54842376708984
/LassoRanker/SV-COMP/GulwaniJainKoskinen-2009PLDI-Fig1_true-termination.c_Iteration1_Lasso_7-nestedTemplate.smt2,failed,1200.0
/LassoRanker/SV-COMP/LeeJonesBen-Amram-2001POPL-Ex5_true-termination.c_Iteration2_Lasso_6-phaseTemplate.smt2,failed,1200.0
/LassoRanker/SV-COMP/CookSeeZuleger-2013TACAS-Fig7a_true-termination.c_Iteration1_Loop_4-phaseTemplate.smt2,unsat,0.3
/LassoRanker/SV-COMP/GulwaniJainKoskinen-2009PLDI-Fig1_true-termination.c_Iteration1_Lasso_6-phaseTemplate.smt2,failed,1200.0
/LassoRanker/SV-COMP/ChenFlurMukhopadhyay-2012SAS-Fig1_true-termination.c_Iteration1_Loop_4-pieceTemplate.smt2,failed,1200.0
/LassoRanker/SV-COMP/LeeJonesBen-Amram-2001POPL-Ex5_true-termination.c_Iteration2_Lasso_5-phaseTemplate.smt2,failed,1200.0
/LassoRanker/SV-COMP/CookSeeZuleger-2013TACAS-Fig7a_true-termination.c_Iteration1_Loop_3-pieceTemplate.smt2,failed,1200.0
/LassoRanker/SV-COMP/Ben-Amram-2010LMCS-Ex2.3_true-termination.c_Iteration1_Loop_2-pieceTemplate.smt2,unsat,363.6776909828186
/LassoRanker/SV-COMP/aviad_true-termination.c_Iteration1_Loop_7-phaseTemplate.smt2,sat,255.27463293075562
/LassoRanker/SV-COMP/GulwaniJainKoskinen-2009PLDI-Fig1_true-termination.c_Iteration1_Lasso_affineTemplate.smt2,unsat,3.83046817779541
/LassoRanker/SV-COMP/BradleyMannaSipma-2005ICALP-Fig1_true-termination.c_Iteration1_Lasso_7-phaseTemplate.smt2,unsat,32.79489064216614
/LassoRanker/SV-COMP/NoriSharma-2013FSE-Fig8_true-termination.c_Iteration1_Loop_3-phaseTemplate.smt2,unsat,2.8431224822998047
/LassoRanker/SV-COMP/LeeJonesBen-Amram-2001POPL-Ex2_true-termination.c_Iteration1_Loop_3-pieceTemplate.smt2,failed,1200.0
/LassoRanker/SV-COMP/TelAviv-Amir-Minimum_true-termination.c_Iteration1_Lasso_4-lexTemplate.smt2,unsat,1.9713668823242188
/LassoRanker/SV-COMP/CookSeeZuleger-2013TACAS-Fig7a_true-termination.c_Iteration1_Loop_5-phaseTemplate.smt2,unsat,0.4
/LassoRanker/SV-COMP/GulwaniJainKoskinen-2009PLDI-Fig1_true-termination.c_Iteration1_Lasso_2-nestedTemplate.smt2,unsat,46.07870626449585
/LassoRanker/SV-COMP/NoriSharma-2013FSE-Fig7_true-termination.c_Iteration1_Loop_4-phaseTemplate.smt2,sat,0.0
/LassoRanker/SV-COMP/LarrazOliverasRodriguez-CarbonellRubio-2013FMCAD-Fig1_true-termination.c_Iteration2_Loop_3-pieceTemplate.smt2,unsat,16.86059284210205
/LassoRanker/SV-COMP/NoriSharma-2013FSE-Fig8_true-termination.c_Iteration1_Loop_7-phaseTemplate.smt2,failed,1200.0
/LassoRanker/SV-COMP/GulwaniJainKoskinen-2009PLDI-Fig1_true-termination.c_Iteration1_Lasso_2-lexTemplate.smt2,unsat,1.5
/LassoRanker/SV-COMP/LeeJonesBen-Amram-2001POPL-Ex5_true-termination.c_Iteration2_Lasso_4-pieceTemplate.smt2,failed,1200.0
/LassoRanker/SV-COMP/Masse_true-termination.c_Iteration1_Lasso_4-pieceTemplate.smt2,failed,1200.0
/LassoRanker/SV-COMP/LeeJonesBen-Amram-2001POPL-Ex5_true-termination.c_Iteration2_Lasso_3-lexTemplate.smt2,failed,1200.0
/LassoRanker/SV-COMP/GulwaniJainKoskinen-2009PLDI-Fig1_true-termination.c_Iteration1_Lasso_6-nestedTemplate.smt2,failed,1200.0
/LassoRanker/SV-COMP/min_rf_true-termination.c_Iteration1_Lasso_3-pieceTemplate.smt2,sat,2.2517199516296387
/LassoRanker/SV-COMP/GulwaniJainKoskinen-2009PLDI-Fig1_true-termination.c_Iteration1_Lasso_2-phaseTemplate.smt2,failed,1200.0
/LassoRanker/SV-COMP/CookSeeZuleger-2013TACAS-Fig7b_true-termination.c_Iteration1_Loop_2-nestedTemplate.smt2,unsat,18.292311668395996
/LassoRanker/SV-COMP/KroeningSharyginaTsitovichWintersteiger-2010CAV-Fig1_true-termination.c_Iteration1_Lasso_2-pieceTemplate.smt2,unsat,3.2865452766418457
/LassoRanker/SV-COMP/LarrazOliverasRodriguez-CarbonellRubio-2013FMCAD-Fig1_true-termination.c_Iteration5_Loop_4-pieceTemplate.smt2,failed,1200.0
/LassoRanker/SV-COMP/LarrazOliverasRodriguez-CarbonellRubio-2013FMCAD-Fig1_true-termination.c_Iteration2_Loop_4-pieceTemplate.smt2,failed,1200.0
/LassoRanker/SV-COMP/KroeningSharyginaTsitovichWintersteiger-2010CAV-Fig1_true-termination.c_Iteration1_Lasso_3-nestedTemplate.smt2,unsat,1.2946202754974365
/LassoRanker/SV-COMP/CookSeeZuleger-2013TACAS-Fig3_true-termination.c_Iteration1_Loop_4-phaseTemplate.smt2,unsat,0.2
/LassoRanker/SV-COMP/min_rf_true-termination.c_Iteration1_Loop_4-lexTemplate.smt2,unsat,0.27524733543395996
/LassoRanker/SV-COMP/Toulouse-BranchesToLoop_true-termination.c_Iteration1_Lasso_4-pieceTemplate.smt2,unsat,117.92865085601807
/LassoRanker/SV-COMP/aviad_true-termination.c_Iteration1_Loop_2-pieceTemplate.smt2,sat,105.06875562667847
/LassoRanker/SV-COMP/BrockschmidtCookFuhs-2013CAV-Introduction_true-termination.c_Iteration1_Loop_4-pieceTemplate.smt2,unsat,73.75153517723083
/LassoRanker/SV-COMP/KroeningSharyginaTsitovichWintersteiger-2010CAV-Fig1_true-termination.c_Iteration1_Lasso_6-phaseTemplate.smt2,failed,1200.0
/LassoRanker/SV-COMP/KroeningSharyginaTsitovichWintersteiger-2010CAV-Fig1_true-termination.c_Iteration1_Lasso_4-pieceTemplate.smt2,failed,1200.0
/LassoRanker/SV-COMP/TelAviv-Amir-Minimum_true-termination.c_Iteration1_Loop_3-lexTemplate.smt2,unsat,1.3918092250823975
/LassoRanker/SV-COMP/LeeJonesBen-Amram-2001POPL-Ex2_true-termination.c_Iteration1_Loop_4-pieceTemplate.smt2,failed,1200.0
/LassoRanker/SV-COMP/LeeJonesBen-Amram-2001POPL-Ex4_true-termination.c_Iteration4_Loop_4-pieceTemplate.smt2,sat,3.7390081882476807
/LassoRanker/SV-COMP/Ben-Amram-2010LMCS-Ex2.3_true-termination.c_Iteration1_Lasso_2-pieceTemplate.smt2,unsat,687.3343124389648
/LassoRanker/SV-COMP/CookSeeZuleger-2013TACAS-Fig7b_true-termination.c_Iteration1_Loop_3-nestedTemplate.smt2,unsat,30.201467514038086
/LassoRanker/SV-COMP/joey_false-termination.c_Iteration2_Loop_3-pieceTemplate.smt2,failed,1200.0
/LassoRanker/SV-COMP/min_rf_true-termination.c_Iteration1_Loop_4-pieceTemplate.smt2,sat,24.440921783447266
/LassoRanker/SV-COMP/LeeJonesBen-Amram-2001POPL-Ex5_true-termination.c_Iteration2_Lasso_4-nestedTemplate.smt2,unsat,1.0
/LassoRanker/SV-COMP/GulwaniJainKoskinen-2009PLDI-Fig1_true-termination.c_Iteration1_Lasso_4-pieceTemplate.smt2,failed,1200.0
/LassoRanker/SV-COMP/LeeJonesBen-Amram-2001POPL-Ex5_true-termination.c_Iteration2_Loop_4-pieceTemplate.smt2,failed,1200.0
/LassoRanker/SV-COMP/NoriSharma-2013FSE-Fig8_true-termination.c_Iteration1_Lasso_6-phaseTemplate.smt2,failed,1200.0
/LassoRanker/SV-COMP/NoriSharma-2013FSE-Fig7_true-termination.c_Iteration1_Loop_4-pieceTemplate.smt2,unsat,3.3
/LassoRanker/SV-COMP/KroeningSharyginaTsitovichWintersteiger-2010CAV-Fig1_true-termination.c_Iteration1_Lasso_2-phaseTemplate.smt2,unsat,0.9
/LassoRanker/SV-COMP/GulwaniJainKoskinen-2009PLDI-Fig1_true-termination.c_Iteration1_Lasso_3-pieceTemplate.smt2,failed,1200.0
/LassoRanker/SV-COMP/LeeJonesBen-Amram-2001POPL-Ex4_true-termination.c_Iteration2_Loop_4-pieceTemplate.smt2,failed,1200.0
/LassoRanker/SV-COMP/CookSeeZuleger-2013TACAS-Fig7a_true-termination.c_Iteration1_Loop_4-lexTemplate.smt2,sat,0.8
/LassoRanker/SV-COMP/NoriSharma-2013FSE-Fig7_true-termination.c_Iteration1_Loop_5-phaseTemplate.smt2,sat,0.0
/LassoRanker/SV-COMP/LarrazOliverasRodriguez-CarbonellRubio-2013FMCAD-Fig1_true-termination.c_Iteration4_Loop_4-pieceTemplate.smt2,failed,1200.0
/LassoRanker/SV-COMP/NoriSharma-2013FSE-Fig8_true-termination.c_Iteration1_Lasso_4-pieceTemplate.smt2,failed,1200.0
/LassoRanker/SV-COMP/LeeJonesBen-Amram-2001POPL-Ex5_true-termination.c_Iteration2_Loop_3-pieceTemplate.smt2,failed,1200.0
/LassoRanker/SV-COMP/KroeningSharyginaTsitovichWintersteiger-2010CAV-Fig1_true-termination.c_Iteration1_Lasso_6-nestedTemplate.smt2,unsat,2.694760322570801
/LassoRanker/SV-COMP/PodelskiRybalchenko-2004VMCAI-Ex2_true-termination.c_Iteration1_Loop_3-pieceTemplate.smt2,failed,1200.0
/LassoRanker/SV-COMP/BrockschmidtCookFuhs-2013CAV-Fig1_true-termination.c_Iteration2_Loop_4-pieceTemplate.smt2,sat,0.14258503913879395
/LassoRanker/SV-COMP/PodelskiRybalchenko-2004VMCAI-Ex2_true-termination.c_Iteration1_Loop_4-pieceTemplate.smt2,failed,1200.0
/LassoRanker/SV-COMP/joey_false-termination.c_Iteration2_Loop_7-phaseTemplate.smt2,unsat,1.0399737358093262
/LassoRanker/SV-COMP/min_rf_true-termination.c_Iteration1_Lasso_4-pieceTemplate.smt2,sat,4.639879941940308
/LassoRanker/SV-COMP/GulwaniJainKoskinen-2009PLDI-Fig1_true-termination.c_Iteration1_Lasso_3-lexTemplate.smt2,unsat,4.4684038162231445
/LassoRanker/SV-COMP/Ben-Amram-2010LMCS-Ex2.3_true-termination.c_Iteration1_Lasso_7-phaseTemplate.smt2,unsat,3.9302430152893066
/LassoRanker/SV-COMP/NoriSharma-2013FSE-Fig7_true-termination.c_Iteration1_Loop_3-pieceTemplate.smt2,unsat,0.4
/LassoRanker/SV-COMP/Masse_true-termination.c_Iteration1_Lasso_2-pieceTemplate.smt2,unsat,19.869999885559082
/LassoRanker/SV-COMP/HarrisLalNoriRajamani-2010SAS-Fig1_true-termination.c_Iteration1_Lasso_3-pieceTemplate.smt2,failed,1200.0
/LassoRanker/SV-COMP/KroeningSharyginaTsitovichWintersteiger-2010CAV-Fig1_true-termination.c_Iteration1_Lasso_4-nestedTemplate.smt2,unsat,1.7064564228057861
/LassoRanker/SV-COMP/TelAviv-Amir-Minimum_true-termination.c_Iteration1_Loop_4-pieceTemplate.smt2,failed,1200.0
/LassoRanker/SV-COMP/BradleyMannaSipma-2005CAV-Fig1_true-termination.c_Iteration1_Lasso_7-phaseTemplate.smt2,sat,4.769615173339844
/LassoRanker/SV-COMP/CookSeeZuleger-2013TACAS-Fig3_true-termination.c_Iteration1_Loop_2-pieceTemplate.smt2,unsat,1.7031679153442383
/LassoRanker/SV-COMP/TelAviv-Amir-Minimum_true-termination.c_Iteration1_Lasso_3-lexTemplate.smt2,unsat,1.3
/LassoRanker/SV-COMP/NoriSharma-2013FSE-Fig8_true-termination.c_Iteration1_Loop_4-phaseTemplate.smt2,failed,1200.0
/LassoRanker/SV-COMP/GulwaniJainKoskinen-2009PLDI-Fig1_true-termination.c_Iteration1_Lasso_4-phaseTemplate.smt2,failed,1200.0
/LassoRanker/SV-COMP/NoriSharma-2013FSE-Fig8_true-termination.c_Iteration1_Lasso_7-phaseTemplate.smt2,failed,1200.0
/LassoRanker/SV-COMP/TelAviv-Amir-Minimum_true-termination.c_Iteration1_Lasso_4-pieceTemplate.smt2,failed,1200.0
/LassoRanker/SV-COMP/Masse_true-termination.c_Iteration1_Loop_4-pieceTemplate.smt2,failed,1200.0
/LassoRanker/SV-COMP/NoriSharma-2013FSE-Fig8_true-termination.c_Iteration1_Lasso_4-phaseTemplate.smt2,failed,1200.0
/LassoRanker/SV-COMP/aviad_true-termination.c_Iteration1_Loop_3-phaseTemplate.smt2,sat,52.43443751335144
/LassoRanker/SV-COMP/KroeningSharyginaTsitovichWintersteiger-2010CAV-Fig1_true-termination.c_Iteration1_Lasso_5-phaseTemplate.smt2,unsat,4.0
/LassoRanker/SV-COMP/min_rf_true-termination.c_Iteration1_Lasso_4-lexTemplate.smt2,unsat,0.48497891426086426
/LassoRanker/SV-COMP/CookSeeZuleger-2013TACAS-Fig3_true-termination.c_Iteration1_Loop_5-phaseTemplate.smt2,unsat,0.3
/LassoRanker/SV-COMP/LeeJonesBen-Amram-2001POPL-Ex4_true-termination.c_Iteration2_Loop_3-pieceTemplate.smt2,failed,1200.0
/LassoRanker/SV-COMP/LeeJonesBen-Amram-2001POPL-Ex2_true-termination.c_Iteration1_Loop_6-phaseTemplate.smt2,failed,1200.0
/LassoRanker/SV-COMP/BradleyMannaSipma-2005ICALP-Fig1_true-termination.c_Iteration1_Lasso_5-phaseTemplate.smt2,unsat,25.870463848114014
/LassoRanker/SV-COMP/joey_false-termination.c_Iteration2_Loop_5-phaseTemplate.smt2,unsat,0.23580121994018555
/LassoRanker/SV-COMP/LeeJonesBen-Amram-2001POPL-Ex3_true-termination.c_Iteration6_Loop_4-pieceTemplate.smt2,sat,3.336747169494629
/LassoRanker/SV-COMP/KroeningSharyginaTsitovichWintersteiger-2010CAV-Fig1_true-termination.c_Iteration1_Lasso_7-nestedTemplate.smt2,unsat,3.085716485977173
/LassoRanker/SV-COMP/LeeJonesBen-Amram-2001POPL-Ex4_true-termination.c_Iteration5_Loop_4-pieceTemplate.smt2,sat,19.433953285217285
/LassoRanker/SV-COMP/LeeJonesBen-Amram-2001POPL-Ex5_true-termination.c_Iteration2_Lasso_4-phaseTemplate.smt2,failed,1200.0
/LassoRanker/SV-COMP/TelAviv-Amir-Minimum_true-termination.c_Iteration1_Loop_4-lexTemplate.smt2,unsat,1.8142364025115967
/LassoRanker/SV-COMP/NoriSharma-2013FSE-Fig8_true-termination.c_Iteration1_Loop_4-pieceTemplate.smt2,failed,1200.0
/LassoRanker/SV-COMP/aviad_true-termination.c_Iteration1_Loop_3-pieceTemplate.smt2,sat,456.37838339805603
/LassoRanker/SV-COMP/GulwaniJainKoskinen-2009PLDI-Fig1_true-termination.c_Iteration1_Lasso_3-nestedTemplate.smt2,unsat,91.3329005241394
/LassoRanker/SV-COMP/BradleyMannaSipma-2005ICALP-Fig1_true-termination.c_Iteration1_Lasso_2-pieceTemplate.smt2,failed,1200.0
/LassoRanker/SV-COMP/BrockschmidtCookFuhs-2013CAV-Introduction_true-termination.c_Iteration1_Loop_3-pieceTemplate.smt2,unsat,285.4
/LassoRanker/SV-COMP/Ben-Amram-2010LMCS-Ex2.3_true-termination.c_Iteration1_Loop_4-lexTemplate.smt2,unsat,0.3
/LassoRanker/SV-COMP/LeeJonesBen-Amram-2001POPL-Ex5_true-termination.c_Iteration2_Lasso_3-phaseTemplate.smt2,unsat,13.67430305480957
/LassoRanker/SV-COMP/LeeJonesBen-Amram-2001POPL-Ex5_true-termination.c_Iteration2_Loop_5-phaseTemplate.smt2,unsat,0.1
/LassoRanker/SV-COMP/KroeningSharyginaTsitovichWintersteiger-2010CAV-Fig1_true-termination.c_Iteration1_Lasso_affineTemplate.smt2,unsat,0.6
/LassoRanker/SV-COMP/PodelskiRybalchenko-2004VMCAI-Ex2_true-termination.c_Iteration1_Lasso_4-pieceTemplate.smt2,failed,1200.0
/LassoRanker/SV-COMP/Masse_true-termination.c_Iteration1_Loop_2-pieceTemplate.smt2,unsat,20.394219398498535
/LassoRanker/SV-COMP/LarrazOliverasRodriguez-CarbonellRubio-2013FMCAD-Fig1_true-termination.c_Iteration5_Loop_3-pieceTemplate.smt2,unsat,17.619381427764893
/LassoRanker/SV-COMP/LeeJonesBen-Amram-2001POPL-Ex5_true-termination.c_Iteration2_Loop_6-phaseTemplate.smt2,unsat,0.5
/LassoRanker/SV-COMP/NoriSharma-2013FSE-Fig7_true-termination.c_Iteration1_Loop_7-phaseTemplate.smt2,sat,0.09685373306274414
/LassoRanker/SV-COMP/NoriSharma-2013FSE-Fig8_true-termination.c_Iteration1_Lasso_3-phaseTemplate.smt2,unsat,0.5366334915161133
/LassoRanker/SV-COMP/BradleyMannaSipma-2005ICALP-Fig1_true-termination.c_Iteration1_Lasso_3-pieceTemplate.smt2,failed,1200.0
/LassoRanker/SV-COMP/KroeningSharyginaTsitovichWintersteiger-2010CAV-Fig1_true-termination.c_Iteration1_Lasso_4-phaseTemplate.smt2,unsat,2.168567419052124
/LassoRanker/SV-COMP/KroeningSharyginaTsitovichWintersteiger-2010CAV-Fig1_true-termination.c_Iteration1_Lasso_7-phaseTemplate.smt2,failed,1200.0
/LassoRanker/SV-COMP/GulwaniJainKoskinen-2009PLDI-Fig1_true-termination.c_Iteration1_Lasso_4-lexTemplate.smt2,failed,1200.0
/LassoRanker/SV-COMP/BradleyMannaSipma-2005ICALP-Fig1_true-termination.c_Iteration1_Lasso_4-pieceTemplate.smt2,failed,1200.0
/LassoRanker/SV-COMP/KroeningSharyginaTsitovichWintersteiger-2010CAV-Fig1_true-termination.c_Iteration1_Lasso_3-lexTemplate.smt2,unsat,2.201169729232788
/LassoRanker/SV-COMP/aviad_true-termination.c_Iteration1_Loop_7-nestedTemplate.smt2,sat,218.95843958854675
/LassoRanker/SV-COMP/joey_false-termination.c_Iteration2_Loop_4-pieceTemplate.smt2,failed,1200.0
/LassoRanker/SV-COMP/BradleyMannaSipma-2005CAV-Fig1_true-termination.c_Iteration1_Lasso_4-pieceTemplate.smt2,failed,1200.0
/LassoRanker/SV-COMP/GulwaniJainKoskinen-2009PLDI-Fig1_true-termination.c_Iteration1_Lasso_5-phaseTemplate.smt2,failed,1200.0
/LassoRanker/SV-COMP/Masse_true-termination.c_Iteration1_Loop_3-pieceTemplate.smt2,unsat,282.63386964797974
/LassoRanker/SV-COMP/LeeJonesBen-Amram-2001POPL-Ex5_true-termination.c_Iteration2_Lasso_2-pieceTemplate.smt2,failed,1200.0
/LassoRanker/SV-COMP/GulwaniJainKoskinen-2009PLDI-Fig1_true-termination.c_Iteration1_Lasso_4-nestedTemplate.smt2,failed,1200.0
/LassoRanker/SV-COMP/PodelskiRybalchenko-2004VMCAI-Ex2_true-termination.c_Iteration1_Lasso_3-pieceTemplate.smt2,failed,1200.0
/LassoRanker/SV-COMP/KroeningSharyginaTsitovichWintersteiger-2010CAV-Fig1_true-termination.c_Iteration1_Lasso_3-pieceTemplate.smt2,unsat,14.8
/LassoRanker/SV-COMP/Ben-Amram-2010LMCS-Ex2.3_true-termination.c_Iteration1_Lasso_4-lexTemplate.smt2,unsat,0.38458728790283203
/LassoRanker/SV-COMP/CookSeeZuleger-2013TACAS-Fig7a_true-termination.c_Iteration1_Loop_7-phaseTemplate.smt2,unsat,0.6
/LassoRanker/SV-COMP/aviad_true-termination.c_Iteration1_Loop_2-lexTemplate.smt2,sat,45.10564208030701
/LassoRanker/SV-COMP/LarrazOliverasRodriguez-CarbonellRubio-2013FMCAD-Fig1_true-termination.c_Iteration4_Loop_3-pieceTemplate.smt2,unsat,33.7263925075531
/LassoRanker/SV-COMP/aviad_true-termination.c_Iteration1_Loop_6-nestedTemplate.smt2,sat,94.34212398529053
/LassoRanker/SV-COMP/Ben-Amram-2010LMCS-Ex2.3_true-termination.c_Iteration1_Lasso_6-phaseTemplate.smt2,unsat,2.1380774974823
/LassoRanker/SV-COMP/Ben-Amram-2010LMCS-Ex2.3_true-termination.c_Iteration1_Lasso_5-phaseTemplate.smt2,unsat,0.4
/LassoRanker/SV-COMP/BradleyMannaSipma-2005ICALP-Fig1_true-termination.c_Iteration1_Lasso_6-phaseTemplate.smt2,unsat,28.44489312171936
/LassoRanker/SV-COMP/Ben-Amram-2010LMCS-Ex2.3_true-termination.c_Iteration1_Loop_3-pieceTemplate.smt2,failed,1200.0
/LassoRanker/SV-COMP/HarrisLalNoriRajamani-2010SAS-Fig1_true-termination.c_Iteration1_Lasso_4-pieceTemplate.smt2,failed,1200.0
/LassoRanker/CooperatingT2/afagp-fail.t2.c_Iteration1_Lasso_7-phaseTemplate.smt2,failed,1200.0
/LassoRanker/CooperatingT2/heidy7.t2.c_Iteration2_Lasso_2-pieceTemplate.smt2,unsat,0.28699755668640137
/LassoRanker/CooperatingT2/fun9.t2.c_Iteration1_Loop_4-pieceTemplate.smt2,sat,0.6018092632293701
/LassoRanker/CooperatingT2/toeplz.c.i.toeplz.pl.t2.fixed.t2.c_Iteration10_Loop_3-pieceTemplate.smt2,sat,0.1773359775543213
/LassoRanker/CooperatingT2/collatz.t2.c_Iteration3_Loop_6-phaseTemplate.smt2,failed,1200.0
/LassoRanker/CooperatingT2/polyrank7.t2.c_Iteration1_Loop_7-phaseTemplate.smt2,unsat,49.47727823257446
/LassoRanker/CooperatingT2/jacobi.c.i.jacobi.pl.t2.nor.t2.rlgfixed.t2.c_Iteration5_Loop_4-pieceTemplate.smt2,sat,0.9816627502441406
/LassoRanker/CooperatingT2/bf6.t2.c_Iteration1_Loop_4-pieceTemplate.smt2,sat,7.7
/LassoRanker/CooperatingT2/n_firewire_instrumented-PP.t2.c_Iteration12_Loop_4-pieceTemplate.smt2,sat,0.15496444702148438
/LassoRanker/CooperatingT2/sas2.t2.c_Iteration2_Lasso_4-pieceTemplate.smt2,failed,1200.0
/LassoRanker/CooperatingT2/p-42.t2.c_Iteration2_Loop_4-pieceTemplate.smt2,sat,0.6486694812774658
/LassoRanker/CooperatingT2/elmhes.c.i.elmhes.pl.t2.fixed.t2.c_Iteration6_Loop_4-pieceTemplate.smt2,sat,0.9054453372955322
/LassoRanker/CooperatingT2/p-46.t2.c_Iteration2_Lasso_7-phaseTemplate.smt2,unsat,3.3
/LassoRanker/CooperatingT2/eric.t2.c_Iteration1_Loop_2-pieceTemplate.smt2,unsat,0.6857428550720215
/LassoRanker/CooperatingT2/ex21.t2.c_Iteration2_Loop_4-pieceTemplate.smt2,sat,0.2
/LassoRanker/CooperatingT2/disj_nightmare.t2.c_Iteration1_Lasso_2-pieceTemplate.smt2,sat,1.0449237823486328
/LassoRanker/CooperatingT2/sudoku.t2.c_Iteration2_Loop_4-pieceTemplate.smt2,sat,0.16010642051696777
/LassoRanker/CooperatingT2/queue_1.t2.c_Iteration1_Loop_4-pieceTemplate.smt2,sat,0.3217947483062744
/LassoRanker/CooperatingT2/n-15a.t2.c_Iteration1_Loop_4-pieceTemplate.smt2,sat,0.5081031322479248
/LassoRanker/CooperatingT2/polyrank3.t2.c_Iteration7_Loop_4-pieceTemplate.smt2,failed,1200.0
/LassoRanker/CooperatingT2/rlft3.t2.c_Iteration2_Loop_4-pieceTemplate.smt2,sat,0.6569604873657227
/LassoRanker/CooperatingT2/sas2.t2.c_Iteration7_Lasso_3-pieceTemplate.smt2,sat,13.873634099960327
/LassoRanker/CooperatingT2/seq2.t2.c_Iteration1_Loop_4-pieceTemplate.smt2,sat,0.0
/LassoRanker/CooperatingT2/fun9.t2.c_Iteration4_Loop_3-pieceTemplate.smt2,sat,0.44841504096984863
/LassoRanker/CooperatingT2/collatz.t2.c_Iteration3_Lasso_7-phaseTemplate.smt2,failed,1200.0
/LassoRanker/CooperatingT2/heidy8.t2.c_Iteration1_Loop_4-pieceTemplate.smt2,sat,0.5
/LassoRanker/CooperatingT2/hongyi1.t2.c_Iteration1_Loop_4-pieceTemplate.smt2,failed,1200.0
/LassoRanker/CooperatingT2/slayer-2-filtered.t2.c_Iteration1_Loop_4-pieceTemplate.smt2,sat,0.19292354583740234
/LassoRanker/CooperatingT2/fun9.t2.c_Iteration2_Loop_4-pieceTemplate.smt2,sat,0.14589691162109375
/LassoRanker/CooperatingT2/brp_withassume.t2.c_Iteration8_Loop_4-pieceTemplate.smt2,failed,1200.0
/LassoRanker/CooperatingT2/toeplz.c.i.toeplz.pl.t2.fixed.t2.c_Iteration10_Loop_4-pieceTemplate.smt2,sat,0.5602612495422363
/LassoRanker/CooperatingT2/sas2.t2.c_Iteration6_Loop_3-pieceTemplate.smt2,unsat,43.675718545913696
/LassoRanker/CooperatingT2/polyrank2.t2.c_Iteration1_Loop_3-pieceTemplate.smt2,unsat,56.78217053413391
/LassoRanker/CooperatingT2/ex11.t2.c_Iteration1_Lasso_4-pieceTemplate.smt2,failed,1200.0
/LassoRanker/CooperatingT2/sas2.t2.c_Iteration1_Lasso_7-phaseTemplate.smt2,sat,1.1
/LassoRanker/CooperatingT2/brp_withassume.t2.c_Iteration8_Loop_3-pieceTemplate.smt2,sat,12.284514904022217
/LassoRanker/CooperatingT2/eric.t2.c_Iteration1_Loop_4-pieceTemplate.smt2,failed,1200.0
/LassoRanker/CooperatingT2/afagp-fail.t2.c_Iteration1_Lasso_4-pieceTemplate.smt2,failed,1200.0
/LassoRanker/CooperatingT2/sas2.t2.c_Iteration6_Loop_4-pieceTemplate.smt2,failed,1200.0
/LassoRanker/CooperatingT2/polyrank4.t2.c_Iteration10_Loop_3-pieceTemplate.smt2,unsat,140.26930785179138
/LassoRanker/CooperatingT2/polyrank4.t2.c_Iteration8_Loop_2-pieceTemplate.smt2,unsat,0.20436501502990723
/LassoRanker/CooperatingT2/brp_withassume.t2.c_Iteration8_Loop_2-pieceTemplate.smt2,sat,1.3057496547698975
/LassoRanker/CooperatingT2/polyrank5.t2.c_Iteration3_Loop_4-pieceTemplate.smt2,sat,0.26449155807495117
/LassoRanker/CooperatingT2/mc91test.t2.c_Iteration3_Loop_4-pieceTemplate.smt2,sat,0.18110966682434082
/LassoRanker/CooperatingT2/mc91test.t2.c_Iteration5_Loop_3-pieceTemplate.smt2,sat,0.16447806358337402
/LassoRanker/CooperatingT2/sas2.t2.c_Iteration2_Lasso_3-pieceTemplate.smt2,sat,3.2
/LassoRanker/CooperatingT2/sas2.t2.c_Iteration1_Lasso_3-pieceTemplate.smt2,sat,2.2538089752197266
/LassoRanker/CooperatingT2/fun4.t2.c_Iteration1_Loop_4-pieceTemplate.smt2,failed,1200.0
/LassoRanker/CooperatingT2/polyrank2.t2.c_Iteration1_Loop_4-pieceTemplate.smt2,failed,1200.0
/LassoRanker/CooperatingT2/loop_on_input.t2.c_Iteration1_Loop_4-pieceTemplate.smt2,sat,0.7058253288269043
/LassoRanker/CooperatingT2/ex12.t2.c_Iteration1_Loop_4-pieceTemplate.smt2,sat,0.2276778221130371
/LassoRanker/CooperatingT2/collatz.t2.c_Iteration3_Lasso_3-pieceTemplate.smt2,unsat,4.833313703536987
/LassoRanker/CooperatingT2/sas2.t2.c_Iteration1_Lasso_4-pieceTemplate.smt2,sat,5.704577445983887
/LassoRanker/CooperatingT2/fun4.t2.c_Iteration1_Lasso_7-phaseTemplate.smt2,unsat,0.5
/LassoRanker/CooperatingT2/ex11.t2.c_Iteration1_Lasso_6-phaseTemplate.smt2,unsat,0.5258889198303223
/LassoRanker/CooperatingT2/sas2.t2.c_Iteration7_Lasso_4-pieceTemplate.smt2,failed,1200.0
/LassoRanker/CooperatingT2/afagp-fail.t2.c_Iteration1_Lasso_3-pieceTemplate.smt2,failed,1200.0
/LassoRanker/CooperatingT2/eric.t2.c_Iteration1_Loop_5-phaseTemplate.smt2,unsat,21.21285057067871
/LassoRanker/CooperatingT2/bitcount16.t2.c_Iteration1_Loop_4-pieceTemplate.smt2,sat,1.6583023071289062
/LassoRanker/CooperatingT2/firewire.t2.c_Iteration1_Lasso_5-phaseTemplate.smt2,sat,1.8
/LassoRanker/CooperatingT2/agafp.t2.c_Iteration1_Lasso_6-phaseTemplate.smt2,unsat,47.92615580558777
/LassoRanker/CooperatingT2/sas2.t2.c_Iteration6_Lasso_7-phaseTemplate.smt2,sat,13.7
/LassoRanker/CooperatingT2/eric.t2.c_Iteration1_Lasso_3-pieceTemplate.smt2,failed,1200.0
/LassoRanker/CooperatingT2/toeplz.c.i.toeplz.pl.t2.nor.t2.rlgfixed.t2.c_Iteration3_Loop_4-pieceTemplate.smt2,sat,0.8777668476104736
/LassoRanker/CooperatingT2/p-46.t2.c_Iteration2_Loop_2-pieceTemplate.smt2,failed,1200.0
/LassoRanker/CooperatingT2/eric2.t2.c_Iteration4_Loop_4-pieceTemplate.smt2,failed,1200.0
/LassoRanker/CooperatingT2/smagillb-succeed.t2.c_Iteration1_Loop_4-pieceTemplate.smt2,sat,104.44998288154602
/LassoRanker/CooperatingT2/pentagon.t2.c_Iteration14_Loop_3-pieceTemplate.smt2,sat,0.0
/LassoRanker/CooperatingT2/byron-2.t2.c_Iteration2_Loop_4-pieceTemplate.smt2,sat,201.37486839294434
/LassoRanker/CooperatingT2/firewire.t2.c_Iteration1_Lasso_3-pieceTemplate.smt2,sat,14.8
/LassoRanker/CooperatingT2/sort.t2.c_Iteration15_Loop_3-pieceTemplate.smt2,sat,2.0258588790893555
/LassoRanker/CooperatingT2/polyrank4.t2.c_Iteration1_Loop_3-pieceTemplate.smt2,unsat,55.2689995765686
/LassoRanker/CooperatingT2/eric2.t2.c_Iteration8_Loop_4-pieceTemplate.smt2,failed,1200.0
/LassoRanker/CooperatingT2/spiral.t2.c_Iteration2_Loop_4-pieceTemplate.smt2,sat,1.4996068477630615
/LassoRanker/CooperatingT2/elmhes.c.i.elmhes.pl.t2.fixed.t2.c_Iteration2_Loop_4-pieceTemplate.smt2,sat,0.3
/LassoRanker/CooperatingT2/p-43.t2.c_Iteration5_Loop_3-pieceTemplate.smt2,sat,1.7546119689941406
/LassoRanker/CooperatingT2/loop3.t2.c_Iteration4_Loop_4-pieceTemplate.smt2,sat,0.1
/LassoRanker/CooperatingT2/eric2.t2.c_Iteration4_Loop_3-pieceTemplate.smt2,unsat,19.758461952209473
/LassoRanker/CooperatingT2/wrong_loop.t2.c_Iteration1_Loop_4-pieceTemplate.smt2,sat,3.0
/LassoRanker/CooperatingT2/a.10.c.t2.c_Iteration9_Loop_4-pieceTemplate.smt2,sat,0.2573373317718506
/LassoRanker/CooperatingT2/efegp.t2.c_Iteration1_Lasso_3-pieceTemplate.smt2,failed,1200.0
/LassoRanker/CooperatingT2/dropbuf.t2.c_Iteration2_Loop_4-pieceTemplate.smt2,sat,0.7877147197723389
/LassoRanker/CooperatingT2/nested.t2.c_Iteration2_Loop_4-pieceTemplate.smt2,sat,15.37939977645874
/LassoRanker/CooperatingT2/toeplz.t2.c_Iteration10_Loop_4-pieceTemplate.smt2,sat,0.7427518367767334
/LassoRanker/CooperatingT2/heidy7.t2.c_Iteration1_Loop_3-pieceTemplate.smt2,sat,0.2246074676513672
/LassoRanker/CooperatingT2/disj_nightmare.t2.c_Iteration1_Lasso_3-pieceTemplate.smt2,sat,113.85219955444336
/LassoRanker/CooperatingT2/polyrank1.t2.c_Iteration1_Loop_4-pieceTemplate.smt2,unsat,256.4158525466919
/LassoRanker/CooperatingT2/eric.t2.c_Iteration1_Loop_6-phaseTemplate.smt2,unsat,35.81136155128479
/LassoRanker/CooperatingT2/fun9.t2.c_Iteration4_Loop_4-pieceTemplate.smt2,sat,1.1361854076385498
/LassoRanker/CooperatingT2/efegp.t2.c_Iteration1_Lasso_4-lexTemplate.smt2,unsat,17.634868144989014
/LassoRanker/CooperatingT2/firewire.t2.c_Iteration1_Lasso_6-nestedTemplate.smt2,sat,1.7
/LassoRanker/CooperatingT2/polyrank7.t2.c_Iteration1_Loop_6-phaseTemplate.smt2,unsat,19.75340175628662
/LassoRanker/CooperatingT2/afagp-fail.t2.c_Iteration1_Lasso_6-phaseTemplate.smt2,failed,1200.0
/LassoRanker/CooperatingT2/bubbleSort.t2.c_Iteration6_Loop_4-pieceTemplate.smt2,sat,0.6375985145568848
/LassoRanker/CooperatingT2/fun8.t2.c_Iteration2_Loop_4-pieceTemplate.smt2,sat,0.3419532775878906
/LassoRanker/CooperatingT2/spiral.t2.c_Iteration22_Loop_4-pieceTemplate.smt2,sat,1.2470347881317139
/LassoRanker/CooperatingT2/toeplz.c.i.toeplz.pl.t2.fixed.t2.c_Iteration7_Loop_4-pieceTemplate.smt2,sat,2.0476131439208984
/LassoRanker/CooperatingT2/jacobi.c.i.jacobi.pl.t2.fixed.t2.c_Iteration4_Loop_4-pieceTemplate.smt2,sat,1.1047565937042236
/LassoRanker/CooperatingT2/p-55.t2.c_Iteration2_Loop_4-pieceTemplate.smt2,sat,9.63494324684143
/LassoRanker/CooperatingT2/sas2.t2.c_Iteration6_Loop_7-phaseTemplate.smt2,failed,1200.0
/LassoRanker/CooperatingT2/ex11.t2.c_Iteration1_Lasso_3-pieceTemplate.smt2,failed,1200.0
/LassoRanker/CooperatingT2/heidy7.t2.c_Iteration2_Lasso_4-pieceTemplate.smt2,failed,1200.0
/LassoRanker/CooperatingT2/graycode.t2.c_Iteration3_Loop_4-pieceTemplate.smt2,sat,1.2984135150909424
/LassoRanker/CooperatingT2/pentagon.t2.c_Iteration12_Loop_4-pieceTemplate.smt2,sat,712.8
/LassoRanker/CooperatingT2/ex11.t2.c_Iteration1_Lasso_2-pieceTemplate.smt2,failed,1200.0
/LassoRanker/CooperatingT2/db2.t2.c_Iteration3_Loop_4-pieceTemplate.smt2,sat,2.1910505294799805
/LassoRanker/CooperatingT2/sudoku.t2.c_Iteration4_Loop_4-pieceTemplate.smt2,sat,0.7710869312286377
/LassoRanker/CooperatingT2/sas2.t2.c_Iteration6_Lasso_4-pieceTemplate.smt2,failed,1200.0
/LassoRanker/CooperatingT2/jacobi.t2.c_Iteration5_Loop_4-pieceTemplate.smt2,sat,1.048213243484497
/LassoRanker/CooperatingT2/eric2.t2.c_Iteration1_Loop_4-pieceTemplate.smt2,failed,1200.0
/LassoRanker/CooperatingT2/sumit.t2.c_Iteration2_Loop_3-pieceTemplate.smt2,sat,15.33110499382019
/LassoRanker/CooperatingT2/spiral.t2.c_Iteration5_Loop_4-pieceTemplate.smt2,sat,0.6136205196380615
/LassoRanker/CooperatingT2/eric2.t2.c_Iteration3_Loop_4-pieceTemplate.smt2,failed,1200.0
/LassoRanker/CooperatingT2/polyrank3.t2.c_Iteration2_Loop_4-pieceTemplate.smt2,unsat,279.34841561317444
/LassoRanker/CooperatingT2/curious4.t2.c_Iteration1_Lasso_4-pieceTemplate.smt2,failed,1200.0
/LassoRanker/CooperatingT2/firewire.t2.c_Iteration1_Lasso_4-pieceTemplate.smt2,failed,1200.0
/LassoRanker/CooperatingT2/broydn.c.i.broydn.pl.t2.fixed.t2.c_Iteration1_Loop_4-pieceTemplate.smt2,sat,2.1
/LassoRanker/CooperatingT2/smagillc-fail.t2.c_Iteration1_Loop_4-pieceTemplate.smt2,sat,1.1745686531066895
/LassoRanker/CooperatingT2/ex21.t2.c_Iteration1_Loop_4-pieceTemplate.smt2,sat,5.1
/LassoRanker/CooperatingT2/fun4.t2.c_Iteration1_Lasso_4-pieceTemplate.smt2,failed,1200.0
/LassoRanker/CooperatingT2/brp_withassume.t2.c_Iteration1_Loop_3-pieceTemplate.smt2,sat,935.4155316352844
/LassoRanker/CooperatingT2/polyrank6.t2.c_Iteration1_Loop_3-pieceTemplate.smt2,unsat,120.23947811126709
/LassoRanker/CooperatingT2/byron-1.t2.c_Iteration1_Loop_4-pieceTemplate.smt2,unsat,190.3300700187683
/LassoRanker/CooperatingT2/polyrank5.t2.c_Iteration1_Loop_5-phaseTemplate.smt2,sat,0.09256744384765625
/LassoRanker/CooperatingT2/polyrank3.t2.c_Iteration2_Loop_3-pieceTemplate.smt2,unsat,32.38336491584778
/LassoRanker/CooperatingT2/nested.t2.c_Iteration4_Loop_4-pieceTemplate.smt2,sat,15.31002140045166
/LassoRanker/CooperatingT2/sort.t2.c_Iteration5_Loop_4-pieceTemplate.smt2,sat,1.5
/LassoRanker/CooperatingT2/eric.t2.c_Iteration1_Loop_7-phaseTemplate.smt2,unsat,112.5
/LassoRanker/CooperatingT2/polyrank7.t2.c_Iteration1_Lasso_6-phaseTemplate.smt2,unsat,0.8
/LassoRanker/CooperatingT2/sas2.t2.c_Iteration6_Lasso_2-pieceTemplate.smt2,sat,1.6714506149291992
/LassoRanker/CooperatingT2/p-46.t2.c_Iteration2_Loop_4-pieceTemplate.smt2,failed,1200.0
/LassoRanker/CooperatingT2/flipflop.t2.c_Iteration1_Loop_3-pieceTemplate.smt2,failed,1200.0
/LassoRanker/CooperatingT2/sudoku.t2.c_Iteration24_Loop_4-pieceTemplate.smt2,sat,0.47187018394470215
/LassoRanker/CooperatingT2/fun4.t2.c_Iteration1_Lasso_2-pieceTemplate.smt2,sat,2.8601386547088623
/LassoRanker/CooperatingT2/p-1d.t2.c_Iteration2_Loop_4-pieceTemplate.smt2,sat,0.7101466655731201
/LassoRanker/CooperatingT2/bubblesort_inner_loop.t2.c_Iteration1_Loop_4-pieceTemplate.smt2,sat,0.5848784446716309
/LassoRanker/CooperatingT2/sumit.t2.c_Iteration1_Lasso_4-pieceTemplate.smt2,failed,1200.0
/LassoRanker/CooperatingT2/polyrank4.t2.c_Iteration9_Loop_4-pieceTemplate.smt2,failed,1200.0
/LassoRanker/CooperatingT2/p-46.t2.c_Iteration2_Loop_7-phaseTemplate.smt2,unsat,0.4112865924835205
/LassoRanker/CooperatingT2/elmhes.t2.c_Iteration6_Loop_4-pieceTemplate.smt2,sat,0.9366981983184814
/LassoRanker/CooperatingT2/mc91test.t2.c_Iteration6_Loop_7-phaseTemplate.smt2,sat,0.1
/LassoRanker/CooperatingT2/n_firewire_instrumented-PP.t2.c_Iteration11_Loop_3-pieceTemplate.smt2,sat,0.36501431465148926
/LassoRanker/CooperatingT2/pentagon.t2.c_Iteration14_Loop_4-pieceTemplate.smt2,sat,1106.6
/LassoRanker/CooperatingT2/sas2.t2.c_Iteration7_Loop_4-pieceTemplate.smt2,failed,1200.0
/LassoRanker/CooperatingT2/eric.t2.c_Iteration1_Lasso_7-phaseTemplate.smt2,failed,1200.0
/LassoRanker/CooperatingT2/sort.t2.c_Iteration19_Loop_4-pieceTemplate.smt2,sat,0.0
/LassoRanker/CooperatingT2/p-56.t2.c_Iteration1_Loop_4-pieceTemplate.smt2,sat,1.3469862937927246
/LassoRanker/CooperatingT2/polyrank3.t2.c_Iteration5_Loop_4-pieceTemplate.smt2,unsat,374.24132776260376
/LassoRanker/CooperatingT2/eric2.t2.c_Iteration6_Loop_4-pieceTemplate.smt2,sat,0.6023592948913574
/LassoRanker/CooperatingT2/bf12.t2.c_Iteration1_Loop_4-pieceTemplate.smt2,sat,7.7
/LassoRanker/CooperatingT2/n_firewire_instrumented-PP.t2.c_Iteration11_Loop_4-pieceTemplate.smt2,sat,0.8383839130401611
/LassoRanker/CooperatingT2/eric2.t2.c_Iteration7_Loop_3-pieceTemplate.smt2,failed,1200.0
/LassoRanker/CooperatingT2/collatz.t2.c_Iteration3_Loop_4-pieceTemplate.smt2,failed,1200.0
/LassoRanker/CooperatingT2/firewire.t2.c_Iteration1_Lasso_6-phaseTemplate.smt2,sat,3.1
/LassoRanker/CooperatingT2/eric2.t2.c_Iteration8_Loop_3-pieceTemplate.smt2,unsat,23.10402750968933
/LassoRanker/CooperatingT2/polyrank3.t2.c_Iteration6_Loop_3-pieceTemplate.smt2,unsat,34.957375049591064
/LassoRanker/CooperatingT2/polyrank3.t2.c_Iteration8_Loop_3-pieceTemplate.smt2,unsat,97.2372899055481
/LassoRanker/CooperatingT2/p-46.t2.c_Iteration1_Loop_4-pieceTemplate.smt2,sat,0.16002297401428223
/LassoRanker/CooperatingT2/eric2.t2.c_Iteration7_Loop_4-pieceTemplate.smt2,failed,1200.0
/LassoRanker/CooperatingT2/qrdcmp.t2.c_Iteration6_Loop_4-pieceTemplate.smt2,sat,0.5472331047058105
/LassoRanker/CooperatingT2/firewire.t2.c_Iteration1_Lasso_4-lexTemplate.smt2,sat,1.8037872314453125
/LassoRanker/CooperatingT2/neg-smagilla-fail.t2.c_Iteration1_Loop_4-pieceTemplate.smt2,sat,2.1536805629730225
/LassoRanker/CooperatingT2/polyrank6.t2.c_Iteration1_Loop_4-pieceTemplate.smt2,failed,1200.0
/LassoRanker/CooperatingT2/collatz.t2.c_Iteration3_Loop_3-pieceTemplate.smt2,failed,1200.0
/LassoRanker/CooperatingT2/spiral.t2.c_Iteration6_Loop_4-pieceTemplate.smt2,sat,1.023071050643921
/LassoRanker/CooperatingT2/toeplz.c.i.toeplz.pl.t2.fixed.t2.c_Iteration3_Loop_4-pieceTemplate.smt2,sat,0.8290572166442871
/LassoRanker/CooperatingT2/insertsort.t2.c_Iteration1_Loop_4-pieceTemplate.smt2,sat,5.0
/LassoRanker/CooperatingT2/queue_1000.t2.c_Iteration1_Loop_4-pieceTemplate.smt2,sat,1.6
/LassoRanker/CooperatingT2/eric.t2.c_Iteration1_Loop_3-pieceTemplate.smt2,unsat,128.21436738967896
/LassoRanker/CooperatingT2/byron-1.t2.c_Iteration1_Loop_3-pieceTemplate.smt2,unsat,1.6
/LassoRanker/CooperatingT2/magic.t2.c_Iteration2_Loop_4-pieceTemplate.smt2,sat,0.8206822872161865
/LassoRanker/CooperatingT2/n_firewire_instrumented-PP.t2.c_Iteration1_Loop_4-pieceTemplate.smt2,sat,0.3530004024505615
/LassoRanker/CooperatingT2/polyrank5.t2.c_Iteration1_Loop_4-pieceTemplate.smt2,failed,1200.0
/LassoRanker/CooperatingT2/eric2.t2.c_Iteration9_Loop_4-pieceTemplate.smt2,failed,1200.0
/LassoRanker/CooperatingT2/byron-3.t2.c_Iteration1_Loop_4-pieceTemplate.smt2,failed,1200.0
/LassoRanker/CooperatingT2/agafp.t2.c_Iteration1_Lasso_5-phaseTemplate.smt2,unsat,2.5150439739227295
/LassoRanker/CooperatingT2/dropbuf.t2.c_Iteration3_Loop_4-pieceTemplate.smt2,sat,672.4109961986542
/LassoRanker/CooperatingT2/collatz.t2.c_Iteration3_Lasso_4-pieceTemplate.smt2,failed,1200.0
/LassoRanker/CooperatingT2/bf10.t2.c_Iteration1_Loop_4-pieceTemplate.smt2,sat,1.5
/LassoRanker/CooperatingT2/sas2.t2.c_Iteration6_Lasso_7-nestedTemplate.smt2,sat,3.1298975944519043
/LassoRanker/CooperatingT2/polyrank4.t2.c_Iteration6_Loop_3-pieceTemplate.smt2,unsat,99.8626012802124
/LassoRanker/CooperatingT2/flipflop.t2.c_Iteration1_Loop_2-pieceTemplate.smt2,unsat,0.2219376564025879
/LassoRanker/CooperatingT2/sas2.t2.c_Iteration6_Lasso_6-nestedTemplate.smt2,sat,2.514113426208496
/LassoRanker/CooperatingT2/p-49.t2.c_Iteration1_Loop_4-pieceTemplate.smt2,sat,0.0
/LassoRanker/CooperatingT2/db3.t2.c_Iteration2_Loop_4-pieceTemplate.smt2,sat,1.8676643371582031
/LassoRanker/CooperatingT2/toeplz.t2.c_Iteration10_Loop_3-pieceTemplate.smt2,sat,0.2319350242614746
/LassoRanker/CooperatingT2/fibcall.t2.c_Iteration1_Loop_4-pieceTemplate.smt2,sat,291.8
/LassoRanker/CooperatingT2/p-55.t2.c_Iteration3_Loop_3-pieceTemplate.smt2,sat,1.5364785194396973
/LassoRanker/CooperatingT2/bf20.t2.c_Iteration1_Loop_4-pieceTemplate.smt2,sat,0.4
/LassoRanker/CooperatingT2/polyrank4.t2.c_Iteration9_Loop_2-pieceTemplate.smt2,unsat,0.19976139068603516
/LassoRanker/CooperatingT2/polyrank3.t2.c_Iteration4_Loop_4-pieceTemplate.smt2,failed,1200.0
/LassoRanker/CooperatingT2/broydn.t2.c_Iteration1_Loop_4-pieceTemplate.smt2,sat,2.279313087463379
/LassoRanker/CooperatingT2/polyrank4.t2.c_Iteration3_Loop_3-pieceTemplate.smt2,unsat,373.36676931381226
/LassoRanker/CooperatingT2/polyrank5.t2.c_Iteration1_Loop_7-phaseTemplate.smt2,sat,0.17575383186340332
/LassoRanker/CooperatingT2/bubblesort_inner_loop.t2.c_Iteration1_Loop_3-pieceTemplate.smt2,sat,0.1
/LassoRanker/CooperatingT2/collatz.t2.c_Iteration1_Loop_4-pieceTemplate.smt2,failed,1200.0
/LassoRanker/CooperatingT2/eric.t2.c_Iteration1_Lasso_6-phaseTemplate.smt2,unsat,144.6881558895111
/LassoRanker/CooperatingT2/polyrank3.t2.c_Iteration7_Loop_3-pieceTemplate.smt2,unsat,51.254849910736084
/LassoRanker/CooperatingT2/sas2.t2.c_Iteration6_Lasso_4-lexTemplate.smt2,sat,3.0023441314697266
/LassoRanker/CooperatingT2/toeplz.t2.c_Iteration7_Loop_4-pieceTemplate.smt2,sat,4.848346471786499
/LassoRanker/CooperatingT2/pentagon.t2.c_Iteration8_Loop_4-pieceTemplate.smt2,sat,0.1
/LassoRanker/CooperatingT2/spiral.t2.c_Iteration8_Loop_4-pieceTemplate.smt2,sat,0.5222733020782471
/LassoRanker/CooperatingT2/fun9.t2.c_Iteration3_Loop_4-pieceTemplate.smt2,sat,0.7814078330993652
/LassoRanker/CooperatingT2/sas2.t2.c_Iteration7_Loop_7-phaseTemplate.smt2,failed,1200.0
/LassoRanker/CooperatingT2/heidy7.t2.c_Iteration1_Loop_4-pieceTemplate.smt2,sat,0.5
/LassoRanker/CooperatingT2/sumit.t2.c_Iteration2_Loop_4-pieceTemplate.smt2,sat,911.6141366958618
/LassoRanker/CooperatingT2/mc91test.t2.c_Iteration2_Loop_4-pieceTemplate.smt2,sat,0.1782834529876709
/LassoRanker/CooperatingT2/polyrank4.t2.c_Iteration1_Loop_4-pieceTemplate.smt2,failed,1200.0
/LassoRanker/CooperatingT2/polyrank7.t2.c_Iteration1_Lasso_7-phaseTemplate.smt2,failed,1200.0
/LassoRanker/CooperatingT2/eric2.t2.c_Iteration5_Loop_4-pieceTemplate.smt2,failed,1200.0
/LassoRanker/CooperatingT2/dropbuf.t2.c_Iteration2_Loop_3-pieceTemplate.smt2,sat,0.1
/LassoRanker/CooperatingT2/polyrank4.t2.c_Iteration8_Loop_4-pieceTemplate.smt2,failed,1200.0
/LassoRanker/CooperatingT2/brp_withassume.t2.c_Iteration1_Loop_4-pieceTemplate.smt2,failed,1200.0
/LassoRanker/CooperatingT2/eric2.t2.c_Iteration2_Loop_3-pieceTemplate.smt2,unsat,35.590723276138306
/LassoRanker/CooperatingT2/polyrank4.t2.c_Iteration4_Loop_3-pieceTemplate.smt2,unsat,1001.2
/LassoRanker/CooperatingT2/bsort100.t2.c_Iteration12_Loop_4-pieceTemplate.smt2,sat,0.5269637107849121
/LassoRanker/CooperatingT2/matrixsqrt.t2.c_Iteration12_Loop_3-pieceTemplate.smt2,sat,0.19553422927856445
/LassoRanker/CooperatingT2/spiral.t2.c_Iteration9_Loop_4-pieceTemplate.smt2,sat,0.7976570129394531
/LassoRanker/CooperatingT2/afagp-fail.t2.c_Iteration1_Lasso_5-phaseTemplate.smt2,failed,1200.0
/LassoRanker/CooperatingT2/polyrank3.t2.c_Iteration10_Loop_3-pieceTemplate.smt2,unsat,18.90743350982666
/LassoRanker/CooperatingT2/example.t2.c_Iteration1_Loop_4-pieceTemplate.smt2,sat,0.6614956855773926
/LassoRanker/CooperatingT2/flipflop.t2.c_Iteration1_Lasso_2-pieceTemplate.smt2,unsat,0.18195509910583496
/LassoRanker/CooperatingT2/polyrank4.t2.c_Iteration7_Loop_4-pieceTemplate.smt2,failed,1200.0
/LassoRanker/CooperatingT2/fun4.t2.c_Iteration1_Lasso_6-phaseTemplate.smt2,unsat,0.3
/LassoRanker/CooperatingT2/bf5.t2.c_Iteration1_Loop_4-pieceTemplate.smt2,sat,7.7
/LassoRanker/CooperatingT2/fuhs-inflasso.t2.c_Iteration2_Loop_4-pieceTemplate.smt2,sat,0.12055611610412598
/LassoRanker/CooperatingT2/iecs.t2.c_Iteration1_Loop_4-pieceTemplate.smt2,failed,1200.0
/LassoRanker/CooperatingT2/hongyi1.t2.c_Iteration1_Loop_3-pieceTemplate.smt2,sat,1177.5285596847534
/LassoRanker/CooperatingT2/a.10.c.t2.c_Iteration6_Loop_4-pieceTemplate.smt2,sat,2.1961522102355957
/LassoRanker/CooperatingT2/ex11.t2.c_Iteration1_Lasso_4-lexTemplate.smt2,unsat,0.678114652633667
/LassoRanker/CooperatingT2/flipflop.t2.c_Iteration1_Lasso_3-pieceTemplate.smt2,failed,1200.0
/LassoRanker/CooperatingT2/disj_nightmare.t2.c_Iteration1_Loop_3-pieceTemplate.smt2,sat,114.89424705505371
/LassoRanker/CooperatingT2/p-55.t2.c_Iteration2_Loop_3-pieceTemplate.smt2,sat,1.3137352466583252
/LassoRanker/CooperatingT2/sort.t2.c_Iteration18_Loop_4-pieceTemplate.smt2,failed,1200.0
/LassoRanker/CooperatingT2/loop3.t2.c_Iteration29_Lasso_4-pieceTemplate.smt2,sat,0.6687798500061035
/LassoRanker/CooperatingT2/flipflop.t2.c_Iteration1_Loop_4-pieceTemplate.smt2,failed,1200.0
/LassoRanker/CooperatingT2/collatz.t2.c_Iteration3_Loop_7-phaseTemplate.smt2,failed,1200.0
/LassoRanker/CooperatingT2/agafp.t2.c_Iteration1_Lasso_3-pieceTemplate.smt2,failed,1200.0
/LassoRanker/CooperatingT2/sas2.t2.c_Iteration6_Lasso_3-pieceTemplate.smt2,sat,14.922236680984497
/LassoRanker/CooperatingT2/eric2.t2.c_Iteration11_Loop_4-pieceTemplate.smt2,sat,7.346511125564575
/LassoRanker/CooperatingT2/firewire.t2.c_Iteration3_Loop_3-pieceTemplate.smt2,sat,0.3
/LassoRanker/CooperatingT2/spiral.t2.c_Iteration7_Loop_4-pieceTemplate.smt2,sat,0.5032591819763184
/LassoRanker/CooperatingT2/p-46.t2.c_Iteration2_Lasso_3-pieceTemplate.smt2,failed,1200.0
/LassoRanker/CooperatingT2/p-43.t2.c_Iteration4_Loop_3-pieceTemplate.smt2,sat,1.297356367111206
/LassoRanker/CooperatingT2/curious4.t2.c_Iteration1_Lasso_3-pieceTemplate.smt2,failed,1200.0
/LassoRanker/CooperatingT2/a.10.c.t2.c_Iteration2_Loop_4-pieceTemplate.smt2,sat,5.1
/LassoRanker/CooperatingT2/ex4.t2.c_Iteration2_Loop_4-pieceTemplate.smt2,sat,5.7
/LassoRanker/CooperatingT2/polyrank4.t2.c_Iteration10_Loop_4-pieceTemplate.smt2,failed,1200.0
/LassoRanker/CooperatingT2/wrong_loop.t2.c_Iteration3_Loop_4-pieceTemplate.smt2,sat,4.0
/LassoRanker/CooperatingT2/p-12.t2.c_Iteration1_Loop_4-pieceTemplate.smt2,sat,0.0
/LassoRanker/CooperatingT2/polyrank4.t2.c_Iteration10_Loop_2-pieceTemplate.smt2,unsat,15.329163074493408
/LassoRanker/CooperatingT2/byron-2.t2.c_Iteration3_Loop_4-pieceTemplate.smt2,sat,0.6107778549194336
/LassoRanker/CooperatingT2/qrdcmp.c.i.qrdcmp.pl.t2.fixed.t2.c_Iteration6_Loop_3-pieceTemplate.smt2,sat,0.1
/LassoRanker/CooperatingT2/p-46.t2.c_Iteration2_Loop_3-pieceTemplate.smt2,failed,1200.0
/LassoRanker/CooperatingT2/fun8.t2.c_Iteration2_Loop_3-pieceTemplate.smt2,sat,0.1535489559173584
/LassoRanker/CooperatingT2/graycode.t2.c_Iteration15_Loop_3-pieceTemplate.smt2,sat,0.3
/LassoRanker/CooperatingT2/pentagon.t2.c_Iteration11_Loop_3-pieceTemplate.smt2,sat,0.32878804206848145
/LassoRanker/CooperatingT2/nested.t2.c_Iteration3_Loop_3-pieceTemplate.smt2,sat,0.10333132743835449
/LassoRanker/CooperatingT2/polyrank4.t2.c_Iteration6_Loop_4-pieceTemplate.smt2,failed,1200.0
/LassoRanker/CooperatingT2/polyrank3.t2.c_Iteration10_Loop_4-pieceTemplate.smt2,failed,1200.0
/LassoRanker/CooperatingT2/polyrank5.t2.c_Iteration1_Loop_3-pieceTemplate.smt2,unsat,568.92382645607
/LassoRanker/CooperatingT2/consts1.t2.c_Iteration1_Lasso_4-pieceTemplate.smt2,sat,2.172438383102417
/LassoRanker/CooperatingT2/loop3.t2.c_Iteration32_Lasso_4-pieceTemplate.smt2,sat,0.28678250312805176
/LassoRanker/CooperatingT2/bubbleSort.t2.c_Iteration5_Loop_4-pieceTemplate.smt2,sat,0.8057007789611816
/LassoRanker/CooperatingT2/w1.t2.c_Iteration1_Lasso_4-pieceTemplate.smt2,unsat,312.1294205188751
/LassoRanker/CooperatingT2/toeplz.c.i.toeplz.pl.t2.fixed.t2.c_Iteration2_Loop_4-pieceTemplate.smt2,sat,1.5811266899108887
/LassoRanker/CooperatingT2/eric2.t2.c_Iteration9_Loop_3-pieceTemplate.smt2,failed,1200.0
/LassoRanker/CooperatingT2/sort.t2.c_Iteration15_Loop_4-pieceTemplate.smt2,sat,321.32119941711426
/LassoRanker/CooperatingT2/pentagon.t2.c_Iteration9_Loop_4-pieceTemplate.smt2,sat,116.04454731941223
/LassoRanker/CooperatingT2/polyrank3.t2.c_Iteration3_Loop_4-pieceTemplate.smt2,failed,1200.0
/LassoRanker/CooperatingT2/efegp.t2.c_Iteration1_Lasso_4-pieceTemplate.smt2,failed,1200.0
/LassoRanker/CooperatingT2/polyrank4.t2.c_Iteration2_Loop_4-pieceTemplate.smt2,failed,1200.0
/LassoRanker/CooperatingT2/polyrank3.t2.c_Iteration8_Loop_4-pieceTemplate.smt2,failed,1200.0
/LassoRanker/CooperatingT2/disj_nightmare.t2.c_Iteration1_Lasso_4-pieceTemplate.smt2,failed,1200.0
/LassoRanker/CooperatingT2/polyrank4.t2.c_Iteration5_Loop_4-pieceTemplate.smt2,unsat,346.10030364990234
/LassoRanker/CooperatingT2/sumit.t2.c_Iteration1_Lasso_3-pieceTemplate.smt2,sat,3.888934373855591
/LassoRanker/CooperatingT2/polyrank1.t2.c_Iteration1_Loop_3-pieceTemplate.smt2,unsat,27.061620235443115
/LassoRanker/CooperatingT2/flipflop.t2.c_Iteration1_Lasso_4-pieceTemplate.smt2,failed,1200.0
/LassoRanker/CooperatingT2/selectSort.t2.c_Iteration5_Loop_4-pieceTemplate.smt2,sat,0.7
/LassoRanker/CooperatingT2/polyrank5.t2.c_Iteration1_Loop_6-phaseTemplate.smt2,sat,0.10848236083984375
/LassoRanker/CooperatingT2/polyrank4.t2.c_Iteration8_Loop_3-pieceTemplate.smt2,unsat,135.0071575641632
/LassoRanker/CooperatingT2/collatz.t2.c_Iteration3_Lasso_6-phaseTemplate.smt2,failed,1200.0
/LassoRanker/CooperatingT2/polyrank3.t2.c_Iteration1_Loop_4-pieceTemplate.smt2,unsat,295.144455909729
/LassoRanker/CooperatingT2/wrong_loop.t2.c_Iteration2_Loop_4-pieceTemplate.smt2,sat,4.3
/LassoRanker/CooperatingT2/neg-1394complete-fail.t2.c_Iteration5_Loop_4-pieceTemplate.smt2,sat,0.18460297584533691
/LassoRanker/CooperatingT2/polyrank3.t2.c_Iteration9_Loop_3-pieceTemplate.smt2,unsat,69.6167995929718
/LassoRanker/CooperatingT2/ndes.t2.c_Iteration3_Loop_2-pieceTemplate.smt2,sat,0.5
/LassoRanker/CooperatingT2/ex11.t2.c_Iteration1_Lasso_5-phaseTemplate.smt2,unsat,0.4648725986480713
/LassoRanker/CooperatingT2/p-46.t2.c_Iteration2_Lasso_4-pieceTemplate.smt2,failed,1200.0
/LassoRanker/CooperatingT2/elmhes.t2.c_Iteration2_Loop_4-pieceTemplate.smt2,sat,0.9163987636566162
/LassoRanker/CooperatingT2/matrixsqrt.t2.c_Iteration12_Loop_4-pieceTemplate.smt2,sat,0.8380002975463867
/LassoRanker/CooperatingT2/p-43.t2.c_Iteration4_Loop_4-pieceTemplate.smt2,failed,1200.0
/LassoRanker/CooperatingT2/bsort100.t2.c_Iteration13_Loop_4-pieceTemplate.smt2,sat,0.5638563632965088
/LassoRanker/CooperatingT2/toeplz.t2.c_Iteration3_Loop_4-pieceTemplate.smt2,sat,0.4159107208251953
/LassoRanker/CooperatingT2/p-55.t2.c_Iteration3_Loop_4-pieceTemplate.smt2,sat,3.857234477996826
/LassoRanker/CooperatingT2/ex11.t2.c_Iteration1_Lasso_4-phaseTemplate.smt2,unsat,0.32932186126708984
/LassoRanker/CooperatingT2/rlft3.c.i.rlft3.pl.t2.fixed.t2.c_Iteration2_Loop_4-pieceTemplate.smt2,sat,0.672771692276001
/LassoRanker/CooperatingT2/matrixsqrt.t2.c_Iteration6_Loop_4-pieceTemplate.smt2,sat,0.5170145034790039
/LassoRanker/CooperatingT2/jacobi.t2.c_Iteration4_Loop_4-pieceTemplate.smt2,sat,0.4313530921936035
/LassoRanker/CooperatingT2/fun4.t2.c_Iteration1_Loop_3-pieceTemplate.smt2,unsat,22.968003273010254
/LassoRanker/CooperatingT2/ex4.t2.c_Iteration1_Loop_4-pieceTemplate.smt2,sat,6.34885048866272
/LassoRanker/CooperatingT2/agafp.t2.c_Iteration1_Lasso_7-phaseTemplate.smt2,failed,1200.0
/LassoRanker/CooperatingT2/eric.t2.c_Iteration1_Lasso_2-pieceTemplate.smt2,sat,4.806920051574707
/LassoRanker/CooperatingT2/spiral.t2.c_Iteration4_Loop_4-pieceTemplate.smt2,sat,0.44640374183654785
/LassoRanker/CooperatingT2/polyrank3.t2.c_Iteration6_Loop_4-pieceTemplate.smt2,failed,1200.0
/LassoRanker/CooperatingT2/magic.t2.c_Iteration4_Loop_4-pieceTemplate.smt2,sat,0.0
/LassoRanker/CooperatingT2/nested.t2.c_Iteration4_Loop_3-pieceTemplate.smt2,sat,0.1517200469970703
/LassoRanker/CooperatingT2/ex18.t2.c_Iteration2_Loop_4-pieceTemplate.smt2,sat,0.9263372421264648
/LassoRanker/CooperatingT2/selectSort.t2.c_Iteration3_Loop_4-pieceTemplate.smt2,sat,0.3343338966369629
/LassoRanker/CooperatingT2/mc91test.t2.c_Iteration5_Loop_4-pieceTemplate.smt2,sat,0.561070442199707
/LassoRanker/CooperatingT2/byron-2.t2.c_Iteration2_Loop_3-pieceTemplate.smt2,sat,1.4492130279541016
/LassoRanker/CooperatingT2/queue_10.t2.c_Iteration1_Loop_4-pieceTemplate.smt2,sat,1.6
/LassoRanker/CooperatingT2/qrdcmp.t2.c_Iteration6_Loop_3-pieceTemplate.smt2,sat,0.1
/LassoRanker/CooperatingT2/polyrank4.t2.c_Iteration9_Loop_3-pieceTemplate.smt2,unsat,147.64850211143494
/LassoRanker/CooperatingT2/heidy7-simple.t2.c_Iteration2_Lasso_3-pieceTemplate.smt2,failed,1200.0
/LassoRanker/CooperatingT2/queue_100.t2.c_Iteration1_Loop_4-pieceTemplate.smt2,sat,1.6
/LassoRanker/CooperatingT2/polyrank4.t2.c_Iteration4_Loop_4-pieceTemplate.smt2,unsat,207.58684635162354
/LassoRanker/CooperatingT2/firewire.t2.c_Iteration1_Lasso_7-nestedTemplate.smt2,sat,2.4825351238250732
/LassoRanker/CooperatingT2/pentagon.t2.c_Iteration9_Loop_3-pieceTemplate.smt2,sat,0.18489527702331543
/LassoRanker/CooperatingT2/a.10.c.t2.c_Iteration5_Loop_4-pieceTemplate.smt2,sat,2.1046030521392822
/LassoRanker/CooperatingT2/eric.t2.c_Iteration1_Lasso_4-pieceTemplate.smt2,failed,1200.0
/LassoRanker/CooperatingT2/ex14.t2.c_Iteration1_Loop_4-pieceTemplate.smt2,sat,5.1
/LassoRanker/CooperatingT2/eric.t2.c_Iteration1_Lasso_5-phaseTemplate.smt2,unsat,7.1268134117126465
/LassoRanker/CooperatingT2/sort.t2.c_Iteration5_Loop_3-pieceTemplate.smt2,sat,0.2
/LassoRanker/CooperatingT2/toeplz.t2.c_Iteration2_Loop_4-pieceTemplate.smt2,sat,1.2397027015686035
/LassoRanker/CooperatingT2/ex4.t2.c_Iteration2_Loop_3-pieceTemplate.smt2,sat,0.20624279975891113
/LassoRanker/CooperatingT2/firewire.t2.c_Iteration1_Lasso_7-phaseTemplate.smt2,sat,3.7
/LassoRanker/CooperatingT2/eric2.t2.c_Iteration2_Loop_4-pieceTemplate.smt2,failed,1200.0
/LassoRanker/CooperatingT2/p-46.t2.c_Iteration2_Loop_6-phaseTemplate.smt2,unsat,0.3
/LassoRanker/CooperatingT2/p-43.t2.c_Iteration2_Loop_4-pieceTemplate.smt2,failed,1200.0
/LassoRanker/CooperatingT2/pentagon.t2.c_Iteration10_Loop_4-pieceTemplate.smt2,sat,71.52822995185852
/LassoRanker/CooperatingT2/firewire.t2.c_Iteration3_Loop_4-pieceTemplate.smt2,failed,1200.0
/LassoRanker/CooperatingT2/collatz.t2.c_Iteration1_Loop_3-pieceTemplate.smt2,unsat,20.14253258705139
/LassoRanker/CooperatingT2/polyrank3.t2.c_Iteration9_Loop_4-pieceTemplate.smt2,failed,1200.0
/LassoRanker/CooperatingT2/sas2.t2.c_Iteration6_Lasso_6-phaseTemplate.smt2,sat,10.2
/LassoRanker/CooperatingT2/p-43.t2.c_Iteration2_Loop_3-pieceTemplate.smt2,sat,1.0787601470947266
/LassoRanker/CooperatingT2/eric2.t2.c_Iteration3_Loop_7-phaseTemplate.smt2,sat,0.0
/LassoRanker/CooperatingT2/graycode.t2.c_Iteration22_Loop_4-pieceTemplate.smt2,sat,0.8435502052307129
/LassoRanker/CooperatingT2/bf13.t2.c_Iteration1_Loop_4-pieceTemplate.smt2,sat,7.8
/LassoRanker/CooperatingT2/ex11.t2.c_Iteration1_Lasso_7-phaseTemplate.smt2,unsat,0.6499676704406738
/LassoRanker/CooperatingT2/polyrank4.t2.c_Iteration5_Loop_3-pieceTemplate.smt2,unsat,31.972893953323364
/LassoRanker/CooperatingT2/polyrank3.t2.c_Iteration1_Loop_3-pieceTemplate.smt2,unsat,1046.3
/LassoRanker/CooperatingT2/polyrank4.t2.c_Iteration7_Loop_3-pieceTemplate.smt2,unsat,184.77815556526184
/LassoRanker/CooperatingT2/spiral.t2.c_Iteration1_Loop_4-pieceTemplate.smt2,sat,0.8
/LassoRanker/CooperatingT2/pentagon.t2.c_Iteration12_Loop_3-pieceTemplate.smt2,sat,0.09742927551269531
/LassoRanker/CooperatingT2/pentagon.t2.c_Iteration11_Loop_4-pieceTemplate.smt2,sat,877.7316510677338
/LassoRanker/CooperatingT2/disj_nightmare.t2.c_Iteration1_Loop_4-pieceTemplate.smt2,failed,1200.0
/LassoRanker/CooperatingT2/queens.t2.c_Iteration5_Loop_4-pieceTemplate.smt2,sat,0.414564847946167
/LassoRanker/CooperatingT2/polyrank4.t2.c_Iteration2_Loop_3-pieceTemplate.smt2,failed,1200.0
/LassoRanker/CooperatingT2/heidy7.t2.c_Iteration2_Lasso_3-pieceTemplate.smt2,failed,1200.0
/LassoRanker/CooperatingT2/w1.t2.c_Iteration1_Lasso_3-pieceTemplate.smt2,unsat,19.566874027252197
/LassoRanker/CooperatingT2/heidy7-simple.t2.c_Iteration2_Lasso_4-pieceTemplate.smt2,failed,1200.0
/LassoRanker/CooperatingT2/p-43.t2.c_Iteration5_Loop_4-pieceTemplate.smt2,sat,693.7733354568481
/LassoRanker/CooperatingT2/qrdcmp.c.i.qrdcmp.pl.t2.fixed.t2.c_Iteration6_Loop_4-pieceTemplate.smt2,sat,0.4443626403808594
/LassoRanker/CooperatingT2/n_firewire_instrumented-PP.t2.c_Iteration4_Loop_4-pieceTemplate.smt2,sat,0.19303154945373535
/LassoRanker/CooperatingT2/fun4.t2.c_Iteration1_Lasso_3-pieceTemplate.smt2,failed,1200.0
/LassoRanker/CooperatingT2/disj_nightmare.t2.c_Iteration1_Loop_2-pieceTemplate.smt2,sat,1.1409251689910889
/LassoRanker/CooperatingT2/polyrank4.t2.c_Iteration3_Loop_4-pieceTemplate.smt2,failed,1200.0
/LassoRanker/CooperatingT2/matrixsqrt.t2.c_Iteration4_Loop_4-pieceTemplate.smt2,sat,0.48935961723327637
/LassoRanker/CooperatingT2/ndes.t2.c_Iteration2_Loop_4-pieceTemplate.smt2,sat,110.09879994392395
/LassoRanker/CooperatingT2/ex21.t2.c_Iteration1_Loop_3-pieceTemplate.smt2,sat,308.8
/LassoRanker/CooperatingT2/spiral.t2.c_Iteration3_Loop_4-pieceTemplate.smt2,sat,0.5428810119628906
/LassoRanker/CooperatingT2/matrixsqrt.t2.c_Iteration2_Loop_4-pieceTemplate.smt2,sat,0.10921812057495117
/LassoRanker/CooperatingT2/sas2.t2.c_Iteration7_Loop_3-pieceTemplate.smt2,unsat,189.54704356193542
/LassoRanker/CooperatingT2/agafp.t2.c_Iteration1_Lasso_4-pieceTemplate.smt2,failed,1200.0
/LassoRanker/CooperatingT2/ndes.t2.c_Iteration3_Loop_4-pieceTemplate.smt2,sat,4.321579456329346
/LassoRanker/CooperatingT2/heidy8.t2.c_Iteration1_Loop_3-pieceTemplate.smt2,sat,0.3
/LassoRanker/CooperatingT2/graycode.t2.c_Iteration15_Loop_4-pieceTemplate.smt2,sat,0.6431818008422852
/LassoRanker/CooperatingT2/jacobi.c.i.jacobi.pl.t2.fixed.t2.c_Iteration5_Loop_4-pieceTemplate.smt2,sat,1.0060479640960693
/LassoRanker/CooperatingT2/sumit.t2.c_Iteration2_Loop_4-lexTemplate.smt2,sat,0.38627099990844727
/hong/hong_12.smt2,unsat,0.01991438865661621
/hong/hong_5.smt2,unsat,0.0
/hong/hong_7.smt2,unsat,0.021198034286499023
/hong/hong_4.smt2,unsat,0.0
/hong/hong_20.smt2,unsat,0.01779651641845703
/hong/hong_10.smt2,unsat,0.014426946640014648
/hong/hong_14.smt2,unsat,0.026637792587280273
/hong/hong_3.smt2,unsat,0.0
/hong/hong_11.smt2,unsat,0.019025087356567383
/hong/hong_19.smt2,unsat,0.019364356994628906
/hong/hong_17.smt2,unsat,0.022023439407348633
/hong/hong_2.smt2,unsat,0.0
/hong/hong_13.smt2,unsat,0.011812210083007812
/hong/hong_9.smt2,unsat,0.0522308349609375
/hong/hong_15.smt2,unsat,0.019290447235107422
/hong/hong_18.smt2,unsat,0.025162935256958008
/hong/hong_8.smt2,unsat,0.018290996551513672
/hong/hong_6.smt2,unsat,0.0
/hong/hong_16.smt2,unsat,0.01987290382385254
/hong/hong_1.smt2,unsat,0.0
/20170501-Heizmann-UltimateInvariantSynthesis/standard_password_ground.i_4_2_2.bpl_5.smt2,failed,1200.0
/20170501-Heizmann-UltimateInvariantSynthesis/count_by_k.i_3_3_2.bpl_5.smt2,failed,1200.0
/20170501-Heizmann-UltimateInvariantSynthesis/functions1.i_3_5_2.bpl_9.smt2,failed,1200.0
/20170501-Heizmann-UltimateInvariantSynthesis/array_ptr_single_elem_init.i_4_2_2.bpl_5.smt2,failed,1200.0
/20170501-Heizmann-UltimateInvariantSynthesis/standard_copyInitSum3_ground.i_3_2_2.bpl_3.smt2,unsat,1.297492504119873
/20170501-Heizmann-UltimateInvariantSynthesis/nested.i_4_5_3.bpl_3.smt2,sat,20.188766717910767
/20170501-Heizmann-UltimateInvariantSynthesis/standard_init1_ground.i_3_2_2.bpl_9.smt2,unsat,0.59775710105896
/20170501-Heizmann-UltimateInvariantSynthesis/standard_init9_ground.i_3_2_2.bpl_1.smt2,unsat,0.13837027549743652
/20170501-Heizmann-UltimateInvariantSynthesis/fragtest_simple.i_4_5_4.bpl_3.smt2,failed,1200.0
/20170501-Heizmann-UltimateInvariantSynthesis/afnp2014.c.i_3_5_3.bpl_5.smt2,failed,1200.0
/20170501-Heizmann-UltimateInvariantSynthesis/array1.i_3_2_2.bpl_9.smt2,failed,1200.0
/20170501-Heizmann-UltimateInvariantSynthesis/linear_search.i_7_19_3.bpl_3.smt2,failed,1200.0
/20170501-Heizmann-UltimateInvariantSynthesis/standard_strcmp_ground.i_4_2_2.bpl_5.smt2,failed,1200.0
/20170501-Heizmann-UltimateInvariantSynthesis/array_monotonic.i_3_2_2.bpl_9.smt2,failed,1200.0
/20170501-Heizmann-UltimateInvariantSynthesis/down.i_4_5_5.bpl_3.smt2,failed,1200.0
/20170501-Heizmann-UltimateInvariantSynthesis/linear_search.i_6_24_3.bpl_3.smt2,failed,1200.0
/20170501-Heizmann-UltimateInvariantSynthesis/standard_compareModified_ground.i_4_2_2.bpl_5.smt2,failed,1200.0
/20170501-Heizmann-UltimateInvariantSynthesis/standard_copyInitSum2_ground.i_3_2_2.bpl_5.smt2,failed,1200.0
/20170501-Heizmann-UltimateInvariantSynthesis/sorting_bubblesort_ground.i_4_3_3.bpl_5.smt2,failed,1200.0
/20170501-Heizmann-UltimateInvariantSynthesis/cggmp2005_variant.c.i_3_3_2.bpl_5.smt2,sat,489.74589705467224
/20170501-Heizmann-UltimateInvariantSynthesis/avg60.i_5_5_4.bpl_3.smt2,failed,1200.0
/20170501-Heizmann-UltimateInvariantSynthesis/standard_init9_ground.i_3_2_2.bpl_3.smt2,failed,1200.0
/20170501-Heizmann-UltimateInvariantSynthesis/hhk2008.c.i_3_3_2.bpl_5.smt2,sat,182.1
/20170501-Heizmann-UltimateInvariantSynthesis/standard_two_index_06.i_3_2_2.bpl_5.smt2,failed,1200.0
/20170501-Heizmann-UltimateInvariantSynthesis/simple4.i_3_4_2.bpl_9.smt2,unsat,1.2085988521575928
/20170501-Heizmann-UltimateInvariantSynthesis/standard_two_index_01.i_3_2_2.bpl_5.smt2,failed,1200.0
/20170501-Heizmann-UltimateInvariantSynthesis/MADWiFi-encode_ie_ok.i_3_4_3.bpl_3.smt2,sat,100.93977665901184
/20170501-Heizmann-UltimateInvariantSynthesis/standard_copyInit_ground.i_3_2_2.bpl_9.smt2,failed,1200.0
/20170501-Heizmann-UltimateInvariantSynthesis/standard_allDiff2_ground.i_4_4_3.bpl_3.smt2,unsat,1.037008285522461
/20170501-Heizmann-UltimateInvariantSynthesis/standard_copy4_ground.i_3_2_2.bpl_3.smt2,unsat,1.238330602645874
/20170501-Heizmann-UltimateInvariantSynthesis/const1.i_3_6_2.bpl_5.smt2,failed,1200.0
/20170501-Heizmann-UltimateInvariantSynthesis/standard_strcpy_original.i_3_3_2.bpl_9.smt2,failed,1200.0
/20170501-Heizmann-UltimateInvariantSynthesis/standard_copy4_ground.i_3_2_2.bpl_5.smt2,failed,1200.0
/20170501-Heizmann-UltimateInvariantSynthesis/nested9.i_5_6_6.bpl_3.smt2,failed,1200.0
/20170501-Heizmann-UltimateInvariantSynthesis/overflow1.i_3_8_2.bpl_9.smt2,failed,1200.0
/20170501-Heizmann-UltimateInvariantSynthesis/linear_search.i_7_23_3.bpl_3.smt2,failed,1200.0
/20170501-Heizmann-UltimateInvariantSynthesis/standard_two_index_05.i_3_2_2.bpl_5.smt2,failed,1200.0
/20170501-Heizmann-UltimateInvariantSynthesis/linear_search.i_6_21_3.bpl_3.smt2,failed,1200.0
/20170501-Heizmann-UltimateInvariantSynthesis/standard_copy5_ground.i_3_2_2.bpl_3.smt2,unsat,160.8900008201599
/20170501-Heizmann-UltimateInvariantSynthesis/standard_partial_init_ground.i_3_2_2.bpl_5.smt2,failed,1200.0
/20170501-Heizmann-UltimateInvariantSynthesis/standard_init7_ground.i_3_2_2.bpl_3.smt2,failed,1200.0
/20170501-Heizmann-UltimateInvariantSynthesis/nested.c_4_2_2.bpl_3.smt2,sat,0.3124556541442871
/20170501-Heizmann-UltimateInvariantSynthesis/jain_5.i_2_4_3.bpl_3.smt2,failed,1200.0
/20170501-Heizmann-UltimateInvariantSynthesis/array_single_elem_init.i_4_2_2.bpl_5.smt2,failed,1200.0
/20170501-Heizmann-UltimateInvariantSynthesis/count_by_2.i_3_2_2.bpl_11.smt2,failed,1200.0
/20170501-Heizmann-UltimateInvariantSynthesis/seq.i_4_5_4.bpl_3.smt2,failed,1200.0
/20170501-Heizmann-UltimateInvariantSynthesis/standard_init6_ground.i_3_2_2.bpl_3.smt2,failed,1200.0
/20170501-Heizmann-UltimateInvariantSynthesis/relax.i_11_7_4.bpl_3.smt2,failed,1200.0
/20170501-Heizmann-UltimateInvariantSynthesis/sanfoundry_10_ground.i_6_3_3.bpl_5.smt2,failed,1200.0
/20170501-Heizmann-UltimateInvariantSynthesis/seq.i_5_5_5.bpl_3.smt2,sat,746.1
/20170501-Heizmann-UltimateInvariantSynthesis/standard_copy1_ground.i_3_2_2.bpl_9.smt2,unsat,0.4080688953399658
/20170501-Heizmann-UltimateInvariantSynthesis/simple1.i_3_6_2.bpl_9.smt2,unsat,31.588847875595093
/20170501-Heizmann-UltimateInvariantSynthesis/sum60.i_5_6_5.bpl_3.smt2,failed,1200.0
/20170501-Heizmann-UltimateInvariantSynthesis/jain_4.i_2_3_3.bpl_3.smt2,unsat,32.555153369903564
/20170501-Heizmann-UltimateInvariantSynthesis/standard_init5_ground.i_3_2_2.bpl_3.smt2,unsat,202.83063912391663
/20170501-Heizmann-UltimateInvariantSynthesis/standard_copy7_ground.i_3_2_2.bpl_3.smt2,failed,1200.0
/20170501-Heizmann-UltimateInvariantSynthesis/count_up_down.i_3_11_2.bpl_9.smt2,failed,1200.0
/20170501-Heizmann-UltimateInvariantSynthesis/standard_copy3_ground.i_3_2_2.bpl_5.smt2,failed,1200.0
/20170501-Heizmann-UltimateInvariantSynthesis/gr2006.c.i_4_4_3.bpl_5.smt2,failed,1200.0
/20170501-Heizmann-UltimateInvariantSynthesis/ddlm2013.i_3_6_2.bpl_3.smt2,sat,482.4
/20170501-Heizmann-UltimateInvariantSynthesis/standard_maxInArray_ground.i_3_2_2.bpl_5.smt2,unsat,2.0044496059417725
/20170501-Heizmann-UltimateInvariantSynthesis/ddlm2013.i_3_4_2.bpl_3.smt2,failed,1200.0
/20170501-Heizmann-UltimateInvariantSynthesis/up.i_4_4_5.bpl_3.smt2,failed,1200.0
/20170501-Heizmann-UltimateInvariantSynthesis/standard_running.i_4_2_2.bpl_5.smt2,failed,1200.0
/20170501-Heizmann-UltimateInvariantSynthesis/check_removal_from_set_after_insertion.i_8_6_6.bpl_3.smt2,failed,1200.0
/20170501-Heizmann-UltimateInvariantSynthesis/standard_copyInitSum3_ground.i_3_2_2.bpl_5.smt2,failed,1200.0
/20170501-Heizmann-UltimateInvariantSynthesis/standard_two_index_04.i_3_2_2.bpl_5.smt2,failed,1200.0
/20170501-Heizmann-UltimateInvariantSynthesis/gj2007.c.i_4_3_3.bpl_5.smt2,failed,1200.0
/20170501-Heizmann-UltimateInvariantSynthesis/half_2.i_3_6_2.bpl_3.smt2,unsat,4.128683090209961
