/tropical-matrix/constraint-556101.smt2,failed,1200.0
/tropical-matrix/constraint-269735.smt2,sat,124.23029565811157
/tropical-matrix/constraint-413064.smt2,failed,1200.0
/tropical-matrix/constraint-436218.smt2,sat,545.6367585659027
/tropical-matrix/constraint-223827.smt2,sat,4.968395471572876
/tropical-matrix/constraint-199552.smt2,sat,79.01441812515259
/tropical-matrix/constraint-343414.smt2,failed,1200.0
/tropical-matrix/constraint-1007893.smt2,failed,1200.0
/tropical-matrix/constraint-251380.smt2,sat,635.991
/tropical-matrix/constraint-330061.smt2,sat,199.06424355506897
/spider_benchmarks/reint_to_least.base.smt2,unsat,0.047395944595336914
/spider_benchmarks/fs_no_op_accs.induction.smt2,unsat,0.0638878345489502
/spider_benchmarks/fs_frame_gap.base.smt2,unsat,0.08916497230529785
/spider_benchmarks/good_frame_update.induction.smt2,unsat,0.0438389778137207
/spider_benchmarks/pd_not_fs_seen.induction.smt2,unsat,0.019339323043823242
/spider_benchmarks/frame_prop.base.smt2,unsat,0.020304441452026367
/spider_benchmarks/mode_cntrl.base.smt2,unsat,0.012433528900146484
/spider_benchmarks/pd_not_fs_seen.base.smt2,unsat,0.014361858367919922
/spider_benchmarks/op_seen_less2.induction.smt2,unsat,0.06844258308410645
/spider_benchmarks/current_frame.base.smt2,unsat,0.059380292892456055
/spider_benchmarks/pd_init_op_accs.induction.smt2,unsat,0.019379615783691406
/spider_benchmarks/fs_not_sc_seen.base.smt2,unsat,0.018
/spider_benchmarks/sc_init_frame_gap.induction.smt2,unsat,0.02045607566833496
/spider_benchmarks/good_frame_update.base.smt2,unsat,0.029541969299316406
/spider_benchmarks/synched.induction.smt2,unsat,0.07176566123962402
/spider_benchmarks/no_op_accs.base.smt2,unsat,0.017725706100463867
/spider_benchmarks/bad_echos_ascend.base.smt2,unsat,0.019342660903930664
/spider_benchmarks/fs_not_sc_seen.induction.smt2,unsat,0.019179821014404297
/spider_benchmarks/pd_init_op_accs.base.smt2,unsat,0.01927638053894043
/spider_benchmarks/op_seen_more1.induction.smt2,unsat,0.05620932579040527
/spider_benchmarks/mode_cntrl.induction.smt2,unsat,0.027077913284301758
/spider_benchmarks/fs_window.induction.smt2,unsat,0.07724213600158691
/spider_benchmarks/op_seen_less2.base.smt2,unsat,0.08178114891052246
/spider_benchmarks/op_seen_more1.base.smt2,unsat,0.0741276741027832
/spider_benchmarks/fs_frame_gap.induction.smt2,unsat,0.0656275749206543
/spider_benchmarks/synched.base.smt2,unsat,0.04452157020568848
/spider_benchmarks/pd_finish.base.smt2,unsat,0.01990985870361328
/spider_benchmarks/no_op_accs.induction.smt2,unsat,0.022625207901000977
/spider_benchmarks/pd_finish.induction.smt2,unsat,0.03381657600402832
/spider_benchmarks/pd_not_sc_seen.base.smt2,unsat,0.013152122497558594
/spider_benchmarks/fs_window.base.smt2,unsat,0.07999444007873535
/spider_benchmarks/fs_init_no_op_accs.base.smt2,unsat,0.014037847518920898
/spider_benchmarks/pd_no_op_accs.induction.smt2,unsat,0.017481565475463867
/spider_benchmarks/current_frame.induction.smt2,unsat,0.05696821212768555
/spider_benchmarks/pd_not_sc_seen.induction.smt2,unsat,0.02421259880065918
/spider_benchmarks/pd_no_op_accs.base.smt2,unsat,0.018972158432006836
/spider_benchmarks/bad_echos_ascend.induction.smt2,unsat,0.031
/spider_benchmarks/sc_init_frame_gap.base.smt2,unsat,0.021130800247192383
/spider_benchmarks/fs_init_no_op_accs.induction.smt2,unsat,0.019542217254638672
/spider_benchmarks/reint_to_least.induction.smt2,unsat,0.04532909393310547
/spider_benchmarks/fs_no_op_accs.base.smt2,unsat,0.08652806282043457
/spider_benchmarks/frame_prop.induction.smt2,unsat,0.024630069732666016
/LassoRanker/SV-COMP/BradleyMannaSipma-2005CAV-Fig1_true-termination.c_Iteration1_Lasso_6-phaseTemplate.smt2,sat,103.77905249595642
/LassoRanker/SV-COMP/CookSeeZuleger-2013TACAS-Fig3_true-termination.c_Iteration1_Loop_3-pieceTemplate.smt2,unsat,20.518190145492554
/LassoRanker/SV-COMP/LeeJonesBen-Amram-2001POPL-Ex5_true-termination.c_Iteration2_Lasso_3-pieceTemplate.smt2,unsat,1022.713
/LassoRanker/SV-COMP/CookSeeZuleger-2013TACAS-Fig3_true-termination.c_Iteration1_Loop_7-phaseTemplate.smt2,unsat,20.461
/LassoRanker/SV-COMP/aviad_true-termination.c_Iteration1_Loop_4-nestedTemplate.smt2,sat,178.44726586341858
/LassoRanker/SV-COMP/aviad_true-termination.c_Iteration1_Loop_6-phaseTemplate.smt2,failed,1200.0
/LassoRanker/SV-COMP/TelAviv-Amir-Minimum_true-termination.c_Iteration1_Lasso_4-pieceTemplate.smt2,failed,1200.0
/LassoRanker/SV-COMP/GulwaniJainKoskinen-2009PLDI-Fig1_true-termination.c_Iteration1_Lasso_4-lexTemplate.smt2,unsat,14.162832975387573
/LassoRanker/SV-COMP/NoriSharma-2013FSE-Fig8_true-termination.c_Iteration1_Lasso_3-pieceTemplate.smt2,unsat,34.57045578956604
/LassoRanker/SV-COMP/Masse_true-termination.c_Iteration1_Lasso_3-pieceTemplate.smt2,unsat,16.474
/LassoRanker/SV-COMP/Ben-Amram-2010LMCS-Ex2.3_true-termination.c_Iteration1_Lasso_4-pieceTemplate.smt2,unsat,264.773
/LassoRanker/SV-COMP/NoriSharma-2013FSE-Fig8_true-termination.c_Iteration1_Loop_5-phaseTemplate.smt2,unsat,19.314299821853638
/LassoRanker/SV-COMP/NoriSharma-2013FSE-Fig8_true-termination.c_Iteration1_Lasso_6-phaseTemplate.smt2,unsat,317.027
/LassoRanker/SV-COMP/GulwaniJainKoskinen-2009PLDI-Fig1_true-termination.c_Iteration1_Lasso_5-phaseTemplate.smt2,unsat,275.811
/LassoRanker/SV-COMP/Masse_true-termination.c_Iteration1_Loop_3-pieceTemplate.smt2,unsat,14.87
/LassoRanker/SV-COMP/CookSeeZuleger-2013TACAS-Fig7a_true-termination.c_Iteration1_Loop_4-pieceTemplate.smt2,unsat,224.331
/LassoRanker/SV-COMP/GulwaniJainKoskinen-2009PLDI-Fig1_true-termination.c_Iteration1_Lasso_6-phaseTemplate.smt2,unsat,567.8678257465363
/LassoRanker/SV-COMP/BradleyMannaSipma-2005CAV-Fig1_true-termination.c_Iteration1_Lasso_5-phaseTemplate.smt2,sat,30.824904680252075
/LassoRanker/SV-COMP/KroeningSharyginaTsitovichWintersteiger-2010CAV-Fig1_true-termination.c_Iteration1_Lasso_4-pieceTemplate.smt2,unsat,1118.928
/LassoRanker/SV-COMP/joey_false-termination.c_Iteration1_Loop_7-phaseTemplate.smt2,sat,11.321871757507324
/LassoRanker/SV-COMP/BradleyMannaSipma-2005ICALP-Fig1_true-termination.c_Iteration1_Lasso_2-pieceTemplate.smt2,unsat,13.124
/LassoRanker/SV-COMP/KroeningSharyginaTsitovichWintersteiger-2010CAV-Fig1_true-termination.c_Iteration1_Lasso_5-phaseTemplate.smt2,unsat,197.129
/LassoRanker/SV-COMP/aviad_true-termination.c_Iteration1_Loop_3-nestedTemplate.smt2,sat,112.65829014778137
/LassoRanker/SV-COMP/LeeJonesBen-Amram-2001POPL-Ex5_true-termination.c_Iteration2_Lasso_4-phaseTemplate.smt2,unsat,15.807944774627686
/LassoRanker/SV-COMP/CookSeeZuleger-2013TACAS-Fig7a_true-termination.c_Iteration1_Loop_3-pieceTemplate.smt2,unsat,45.778032064437866
/LassoRanker/SV-COMP/LeeJonesBen-Amram-2001POPL-Ex6_true-termination.c_Iteration2_Lasso_7-phaseTemplate.smt2,sat,15.187618732452393
/LassoRanker/SV-COMP/aviad_true-termination.c_Iteration1_Loop_4-lexTemplate.smt2,sat,1186.574
/LassoRanker/SV-COMP/BradleyMannaSipma-2005ICALP-Fig1_true-termination.c_Iteration1_Lasso_5-phaseTemplate.smt2,unsat,38.797
/LassoRanker/SV-COMP/min_rf_true-termination.c_Iteration1_Loop_6-phaseTemplate.smt2,unsat,1.6683659553527832
/LassoRanker/SV-COMP/GulwaniJainKoskinen-2009PLDI-Fig1_true-termination.c_Iteration1_Lasso_7-phaseTemplate.smt2,failed,1200.0
/LassoRanker/SV-COMP/CookSeeZuleger-2013TACAS-Fig7b_true-termination.c_Iteration1_Loop_3-nestedTemplate.smt2,failed,1200.0
/LassoRanker/SV-COMP/LeeJonesBen-Amram-2001POPL-Ex6_true-termination.c_Iteration2_Lasso_6-phaseTemplate.smt2,sat,10.021
/LassoRanker/SV-COMP/GulwaniJainKoskinen-2009PLDI-Fig1_true-termination.c_Iteration1_Lasso_2-pieceTemplate.smt2,unsat,109.57192659378052
/LassoRanker/SV-COMP/LeeJonesBen-Amram-2001POPL-Ex5_true-termination.c_Iteration2_Lasso_7-phaseTemplate.smt2,failed,1200.0
/LassoRanker/SV-COMP/NoriSharma-2013FSE-Fig7_true-termination.c_Iteration1_Loop_7-phaseTemplate.smt2,sat,14.728
/LassoRanker/SV-COMP/NoriSharma-2013FSE-Fig8_true-termination.c_Iteration1_Lasso_4-pieceTemplate.smt2,unsat,129.808
/LassoRanker/SV-COMP/Ben-Amram-2010LMCS-Ex2.3_true-termination.c_Iteration1_Lasso_3-pieceTemplate.smt2,unsat,36.27105236053467
/LassoRanker/SV-COMP/aviad_true-termination.c_Iteration1_Loop_5-phaseTemplate.smt2,sat,580.8299124240875
/LassoRanker/SV-COMP/aviad_true-termination.c_Iteration1_Loop_2-lexTemplate.smt2,sat,271.27
/LassoRanker/SV-COMP/NoriSharma-2013FSE-Fig8_true-termination.c_Iteration1_Lasso_7-phaseTemplate.smt2,failed,1200.0
/LassoRanker/SV-COMP/LeeJonesBen-Amram-2001POPL-Ex2_true-termination.c_Iteration1_Lasso_4-pieceTemplate.smt2,sat,10.638167381286621
/LassoRanker/SV-COMP/aviad_true-termination.c_Iteration1_Loop_7-phaseTemplate.smt2,failed,1200.0
/LassoRanker/SV-COMP/LeeJonesBen-Amram-2001POPL-Ex5_true-termination.c_Iteration2_Lasso_2-pieceTemplate.smt2,unsat,28.018373489379883
/LassoRanker/SV-COMP/BradleyMannaSipma-2005ICALP-Fig1_true-termination.c_Iteration1_Lasso_6-phaseTemplate.smt2,unsat,147.95
/LassoRanker/SV-COMP/joey_false-termination.c_Iteration2_Loop_4-pieceTemplate.smt2,unsat,28.39645481109619
/LassoRanker/SV-COMP/KroeningSharyginaTsitovichWintersteiger-2010CAV-Fig1_true-termination.c_Iteration1_Lasso_3-pieceTemplate.smt2,unsat,255.66316175460815
/LassoRanker/SV-COMP/NoriSharma-2013FSE-Fig8_true-termination.c_Iteration1_Loop_7-phaseTemplate.smt2,unsat,745.921
/LassoRanker/SV-COMP/TelAviv-Amir-Minimum_true-termination.c_Iteration1_Loop_3-pieceTemplate.smt2,sat,640.8767926692963
/LassoRanker/SV-COMP/BradleyMannaSipma-2005ICALP-Fig1_true-termination.c_Iteration1_Lasso_4-pieceTemplate.smt2,unsat,1191.9962346553802
/LassoRanker/SV-COMP/LeeJonesBen-Amram-2001POPL-Ex5_true-termination.c_Iteration2_Loop_6-phaseTemplate.smt2,unsat,10.638005495071411
/LassoRanker/SV-COMP/LeeJonesBen-Amram-2001POPL-Ex2_true-termination.c_Iteration1_Loop_7-phaseTemplate.smt2,unsat,35.69293022155762
/LassoRanker/SV-COMP/NoriSharma-2013FSE-Fig8_true-termination.c_Iteration1_Loop_6-phaseTemplate.smt2,unsat,201.4932243824005
/LassoRanker/SV-COMP/Masse_true-termination.c_Iteration1_Loop_4-pieceTemplate.smt2,unsat,19.862327337265015
/LassoRanker/SV-COMP/LeeJonesBen-Amram-2001POPL-Ex5_true-termination.c_Iteration2_Loop_4-pieceTemplate.smt2,unsat,145.65844774246216
/LassoRanker/SV-COMP/GulwaniJainKoskinen-2009PLDI-Fig1_true-termination.c_Iteration1_Lasso_3-pieceTemplate.smt2,unsat,1135.911711215973
/LassoRanker/SV-COMP/LeeJonesBen-Amram-2001POPL-Ex5_true-termination.c_Iteration2_Lasso_4-pieceTemplate.smt2,failed,1200.0
/LassoRanker/SV-COMP/joey_false-termination.c_Iteration2_Loop_7-phaseTemplate.smt2,unsat,34.6033661365509
/LassoRanker/SV-COMP/LeeJonesBen-Amram-2001POPL-Ex6_true-termination.c_Iteration1_Lasso_4-pieceTemplate.smt2,sat,6.074469089508057
/LassoRanker/SV-COMP/LeeJonesBen-Amram-2001POPL-Ex5_true-termination.c_Iteration2_Lasso_6-phaseTemplate.smt2,failed,1200.0
/LassoRanker/SV-COMP/min_rf_true-termination.c_Iteration1_Loop_3-pieceTemplate.smt2,sat,35.28716850280762
/LassoRanker/SV-COMP/aviad_true-termination.c_Iteration1_Loop_4-phaseTemplate.smt2,sat,270.2094714641571
/LassoRanker/SV-COMP/KroeningSharyginaTsitovichWintersteiger-2010CAV-Fig1_true-termination.c_Iteration1_Lasso_7-phaseTemplate.smt2,unsat,36.17412614822388
/LassoRanker/SV-COMP/LeeJonesBen-Amram-2001POPL-Ex5_true-termination.c_Iteration2_Loop_7-phaseTemplate.smt2,unsat,328.12620854377747
/LassoRanker/SV-COMP/aviad_true-termination.c_Iteration1_Loop_3-phaseTemplate.smt2,sat,120.87108564376831
/LassoRanker/SV-COMP/Masse_true-termination.c_Iteration1_Lasso_4-pieceTemplate.smt2,unsat,22.01886534690857
/LassoRanker/SV-COMP/TelAviv-Amir-Minimum_true-termination.c_Iteration1_Loop_4-pieceTemplate.smt2,failed,1200.0
/LassoRanker/SV-COMP/TelAviv-Amir-Minimum_true-termination.c_Iteration1_Lasso_3-pieceTemplate.smt2,sat,852.7481219768524
/LassoRanker/SV-COMP/TelAviv-Amir-Minimum_true-termination.c_Iteration1_Loop_2-pieceTemplate.smt2,sat,325.694
/LassoRanker/SV-COMP/GulwaniJainKoskinen-2009PLDI-Fig1_true-termination.c_Iteration1_Lasso_4-pieceTemplate.smt2,failed,1200.0
/LassoRanker/SV-COMP/LeeJonesBen-Amram-2001POPL-Ex6_true-termination.c_Iteration1_Lasso_7-phaseTemplate.smt2,sat,11.202299356460571
/LassoRanker/SV-COMP/CookSeeZuleger-2013TACAS-Fig3_true-termination.c_Iteration1_Loop_4-pieceTemplate.smt2,unsat,220.587
/LassoRanker/SV-COMP/BradleyMannaSipma-2005CAV-Fig1_true-termination.c_Iteration1_Lasso_7-phaseTemplate.smt2,sat,292.0695207118988
/LassoRanker/SV-COMP/HarrisLalNoriRajamani-2010SAS-Fig1_true-termination.c_Iteration1_Lasso_4-pieceTemplate.smt2,unsat,2.385870933532715
/LassoRanker/SV-COMP/Ben-Amram-2010LMCS-Ex2.3_true-termination.c_Iteration1_Loop_4-pieceTemplate.smt2,unsat,296.076
/LassoRanker/SV-COMP/aviad_true-termination.c_Iteration1_Loop_2-pieceTemplate.smt2,sat,430.02496361732483
/LassoRanker/SV-COMP/BradleyMannaSipma-2005ICALP-Fig1_true-termination.c_Iteration1_Lasso_3-pieceTemplate.smt2,unsat,112.367
/LassoRanker/SV-COMP/LeeJonesBen-Amram-2001POPL-Ex5_true-termination.c_Iteration2_Lasso_5-phaseTemplate.smt2,unsat,347.174
/LassoRanker/SV-COMP/GulwaniJainKoskinen-2009PLDI-Fig1_true-termination.c_Iteration1_Lasso_7-nestedTemplate.smt2,unsat,55.938
/LassoRanker/SV-COMP/TelAviv-Amir-Minimum_true-termination.c_Iteration1_Lasso_2-pieceTemplate.smt2,sat,149.3089520931244
/LassoRanker/SV-COMP/Ben-Amram-2010LMCS-Ex2.3_true-termination.c_Iteration1_Loop_3-pieceTemplate.smt2,unsat,35.23416996002197
/LassoRanker/SV-COMP/min_rf_true-termination.c_Iteration1_Loop_4-pieceTemplate.smt2,sat,275.61295461654663
/LassoRanker/SV-COMP/NoriSharma-2013FSE-Fig8_true-termination.c_Iteration1_Loop_4-pieceTemplate.smt2,unsat,71.841
/LassoRanker/SV-COMP/aviad_true-termination.c_Iteration1_Loop_6-nestedTemplate.smt2,sat,326.7974753379822
/LassoRanker/SV-COMP/GulwaniJainKoskinen-2009PLDI-Fig1_true-termination.c_Iteration1_Lasso_6-nestedTemplate.smt2,unsat,36.30238056182861
/LassoRanker/SV-COMP/LeeJonesBen-Amram-2001POPL-Ex1_true-termination.c_Iteration1_Lasso_7-phaseTemplate.smt2,sat,11.799820899963379
/LassoRanker/SV-COMP/BradleyMannaSipma-2005CAV-Fig1_true-termination.c_Iteration1_Lasso_4-pieceTemplate.smt2,sat,405.1711025238037
/LassoRanker/SV-COMP/aviad_true-termination.c_Iteration1_Loop_3-lexTemplate.smt2,sat,305.0812335014343
/LassoRanker/SV-COMP/BradleyMannaSipma-2005ICALP-Fig1_true-termination.c_Iteration1_Lasso_7-phaseTemplate.smt2,unsat,513.792
/LassoRanker/SV-COMP/aviad_true-termination.c_Iteration1_Loop_5-nestedTemplate.smt2,sat,268.25841331481934
/LassoRanker/SV-COMP/GulwaniJainKoskinen-2009PLDI-Fig1_true-termination.c_Iteration1_Lasso_5-nestedTemplate.smt2,unsat,26.017111778259277
/LassoRanker/SV-COMP/aviad_true-termination.c_Iteration1_Loop_7-nestedTemplate.smt2,sat,459.0186445713043
/LassoRanker/SV-COMP/TelAviv-Amir-Minimum_true-termination.c_Iteration1_Loop_7-phaseTemplate.smt2,unsat,17.06421184539795
/LassoRanker/SV-COMP/BradleyMannaSipma-2005CAV-Fig1_true-termination.c_Iteration1_Lasso_3-pieceTemplate.smt2,sat,106.651
/LassoRanker/SV-COMP/NoriSharma-2013FSE-Fig8_true-termination.c_Iteration1_Lasso_5-phaseTemplate.smt2,unsat,49.30578255653381
/LassoRanker/Ultimate/Collatz.bpl_Iteration1_Loop_7-phaseTemplate.smt2,unsat,559.5518398284912
/LassoRanker/Ultimate/Gothenburg.bpl_Iteration1_Lasso_7-phaseTemplate.smt2,sat,13.556
/LassoRanker/Ultimate/Canberra.bpl_Iteration1_Loop_4-pieceTemplate.smt2,unsat,20.016752243041992
/LassoRanker/Ultimate/simple-scaled250.bpl_Iteration1_Lasso_4-phaseTemplate.smt2,sat,136.79722690582275
/LassoRanker/Ultimate/bound-scaled600.bpl_Iteration1_Loop_5-phaseTemplate.smt2,sat,22.817229986190796
/LassoRanker/Ultimate/yPositive-SIscaled50.bpl_Iteration1_Loop_5-phaseTemplate.smt2,sat,16.642
/LassoRanker/Ultimate/Braverman-2006CAV-Ex1-int.bpl_Iteration1_Loop_7-phaseTemplate.smt2,failed,1200.0
/LassoRanker/Ultimate/yPositive-SIscaled100.bpl_Iteration1_Loop_5-phaseTemplate.smt2,sat,18.571228742599487
/LassoRanker/Ultimate/simple-scaled200.bpl_Iteration1_Lasso_4-phaseTemplate.smt2,sat,117.915
/LassoRanker/Ultimate/GcdNew.bpl_Iteration1_Lasso_4-pieceTemplate.smt2,sat,565.8369572162628
/LassoRanker/Ultimate/simple-scaled200.bpl_Iteration1_Lasso_4-pieceTemplate.smt2,failed,1200.0
/LassoRanker/Ultimate/Gcd.bpl_Iteration1_Lasso_7-phaseTemplate.smt2,sat,48.337
/LassoRanker/Ultimate/GulwaniResetBranchOnly.bpl_Iteration1_Lasso_7-phaseTemplate.smt2,sat,215.494
/LassoRanker/Ultimate/OpposedDisjuncts.bpl_Iteration1_Lasso_7-phaseTemplate.smt2,unsat,419.1534581184387
/LassoRanker/Ultimate/simple-scaled100.bpl_Iteration1_Lasso_5-phaseTemplate.smt2,sat,112.415
/LassoRanker/Ultimate/MenloPark.bpl_Iteration1_Lasso_7-phaseTemplate.smt2,sat,35.03
/LassoRanker/Ultimate/simple-scaled200.bpl_Iteration1_Lasso_3-pieceTemplate.smt2,failed,1200.0
/LassoRanker/Ultimate/simple-scaled250.bpl_Iteration1_Lasso_5-phaseTemplate.smt2,sat,353.35131335258484
/LassoRanker/Ultimate/SyntaxSupportDivision1.bpl_Iteration1_Lasso_3-pieceTemplate.smt2,sat,122.37
/LassoRanker/Ultimate/SyntaxSupportDisjunction1.bpl_Iteration1_Loop_7-phaseTemplate.smt2,sat,3.724107503890991
/LassoRanker/Ultimate/GcdNew.bpl_Iteration1_Lasso_6-phaseTemplate.smt2,sat,187.93
/LassoRanker/Ultimate/TelAviv-AmirMinimum.bpl_Iteration1_Loop_3-pieceTemplate.smt2,sat,46.34082365036011
/LassoRanker/Ultimate/Gcd_havoc.bpl_Iteration1_Lasso_3-pieceTemplate.smt2,sat,16.951
/LassoRanker/Ultimate/Collatz.bpl_Iteration1_Loop_3-pieceTemplate.smt2,unsat,74.53892660140991
/LassoRanker/Ultimate/Madrid.bpl_Iteration1_Lasso_4-pieceTemplate.smt2,unsat,28.612
/LassoRanker/Ultimate/yPositive-SIscaled100.bpl_Iteration1_Loop_7-phaseTemplate.smt2,sat,258.01256012916565
/LassoRanker/Ultimate/yPositive-SIscaled100.bpl_Iteration1_Loop_4-pieceTemplate.smt2,unsat,466.049
/LassoRanker/Ultimate/Canberra.bpl_Iteration1_Lasso_6-phaseTemplate.smt2,unsat,25.233402967453003
/LassoRanker/Ultimate/OpposedDisjuncts.bpl_Iteration1_Lasso_4-pieceTemplate.smt2,failed,1200.0
/LassoRanker/Ultimate/GcdNew.bpl_Iteration1_Lasso_3-pieceTemplate.smt2,sat,110.13729810714722
/LassoRanker/Ultimate/Lobnya-Boolean-Reordered.bpl_Iteration1_Lasso_7-phaseTemplate.smt2,unsat,24.255407333374023
/LassoRanker/Ultimate/CooperatingT2_consts1.bpl_Iteration1_Lasso_6-phaseTemplate.smt2,sat,1.2527902126312256
/LassoRanker/Ultimate/bound-scaled200.bpl_Iteration1_Loop_6-phaseTemplate.smt2,sat,227.738
/LassoRanker/Ultimate/Braverman-2006CAV-Ex1-int.bpl_Iteration1_Lasso_4-pieceTemplate.smt2,unsat,10.75994086265564
/LassoRanker/Ultimate/bound-scaled600.bpl_Iteration1_Loop_4-pieceTemplate.smt2,sat,43.4139723777771
/LassoRanker/Ultimate/bound-scaled200.bpl_Iteration1_Loop_7-phaseTemplate.smt2,sat,90.25935006141663
/LassoRanker/Ultimate/bound-scaled600.bpl_Iteration1_Loop_7-phaseTemplate.smt2,sat,433.9401135444641
/LassoRanker/Ultimate/SyntaxSupportBooleans5.bpl_Iteration1_Loop_4-pieceTemplate.smt2,sat,32.055
/LassoRanker/Ultimate/simple-scaled250.bpl_Iteration1_Lasso_6-phaseTemplate.smt2,sat,1079.027
/LassoRanker/Ultimate/Canberra.bpl_Iteration1_Loop_7-phaseTemplate.smt2,unsat,358.94021701812744
/LassoRanker/Ultimate/SyntaxSupportDivision1.bpl_Iteration1_Lasso_6-phaseTemplate.smt2,sat,101.712
/LassoRanker/Ultimate/Braverman-2006CAV-Ex1-int.bpl_Iteration1_Lasso_5-phaseTemplate.smt2,unsat,4.337686777114868
/LassoRanker/Ultimate/BradleyMannaSipma-2005ICALP-Fig1-deterministic.bpl_Iteration1_Lasso_4-pieceTemplate.smt2,unsat,41.221
/LassoRanker/Ultimate/yPositive-SIscaled50.bpl_Iteration1_Loop_4-pieceTemplate.smt2,unsat,182.01205492019653
/LassoRanker/Ultimate/yPositive-SIscaled75.bpl_Iteration1_Loop_6-phaseTemplate.smt2,sat,186.877
/LassoRanker/Ultimate/OpposedDisjuncts.bpl_Iteration1_Lasso_5-phaseTemplate.smt2,unsat,28.804935693740845
/LassoRanker/Ultimate/OpposedDisjuncts.bpl_Iteration1_Lasso_3-pieceTemplate.smt2,unsat,157.03991651535034
/LassoRanker/Ultimate/GulwaniResetBranchOnly.bpl_Iteration1_Lasso_6-phaseTemplate.smt2,sat,1.1007254123687744
/LassoRanker/Ultimate/Lobnya-Boolean-Reordered.bpl_Iteration1_Loop_7-phaseTemplate.smt2,unsat,168.449
/LassoRanker/Ultimate/Gcd_havoc.bpl_Iteration1_Lasso_4-pieceTemplate.smt2,sat,40.591312885284424
/LassoRanker/Ultimate/Damaskus.bpl_Iteration1_Lasso_6-phaseTemplate.smt2,sat,2.055537462234497
/LassoRanker/Ultimate/2013POPL-BenAmGen-Ex4.2.bpl_Iteration1_Lasso_4-pieceTemplate.smt2,unsat,139.9781937599182
/LassoRanker/Ultimate/2013POPL-BenAmGen-Ex3.20.bpl_Iteration1_Loop_4-pieceTemplate.smt2,unsat,44.226115226745605
/LassoRanker/Ultimate/simple-scaled100.bpl_Iteration1_Lasso_3-pieceTemplate.smt2,sat,314.4773180484772
/LassoRanker/Ultimate/simple-scaled250.bpl_Iteration1_Lasso_3-phaseTemplate.smt2,sat,81.63000869750977
/LassoRanker/Ultimate/Gcd.bpl_Iteration1_Lasso_4-pieceTemplate.smt2,sat,40.09365248680115
/LassoRanker/Ultimate/2013POPL-BenAmGen-Ex3.20.bpl_Iteration1_Lasso_4-pieceTemplate.smt2,unsat,44.52152109146118
/LassoRanker/Ultimate/TelAviv-AmirMinimum.bpl_Iteration1_Loop_4-pieceTemplate.smt2,sat,259.6432375907898
/LassoRanker/Ultimate/Collatz.bpl_Iteration1_Loop_2-pieceTemplate.smt2,unsat,28.459850788116455
/LassoRanker/Ultimate/CooperatingT2_consts1.bpl_Iteration1_Lasso_3-pieceTemplate.smt2,sat,0.6128652095794678
/LassoRanker/Ultimate/yPositive-SIscaled75.bpl_Iteration1_Loop_4-phaseTemplate.smt2,sat,22.881
/LassoRanker/Ultimate/Damaskus.bpl_Iteration1_Lasso_7-phaseTemplate.smt2,sat,4.89752721786499
/LassoRanker/Ultimate/2013POPL-BenAmGen-Ex4.2.bpl_Iteration1_Loop_4-pieceTemplate.smt2,unsat,147.84
/LassoRanker/Ultimate/yPositive-SIscaled75.bpl_Iteration1_Loop_4-pieceTemplate.smt2,unsat,172.296
/LassoRanker/Ultimate/yPositive-SIscaled75.bpl_Iteration1_Loop_3-pieceTemplate.smt2,unsat,37.874072313308716
/LassoRanker/Ultimate/simple-scaled250.bpl_Iteration1_Lasso_7-nestedTemplate.smt2,sat,122.53084707260132
/LassoRanker/Ultimate/Gulwani.bpl_Iteration1_Lasso_6-phaseTemplate.smt2,unsat,5.0973546504974365
/LassoRanker/Ultimate/simple-scaled200.bpl_Iteration1_Lasso_5-nestedTemplate.smt2,sat,32.66231966018677
/LassoRanker/Ultimate/SyntaxSupportDivision1.bpl_Iteration1_Lasso_7-phaseTemplate.smt2,sat,237.325
/LassoRanker/Ultimate/Gcd_havoc.bpl_Iteration1_Lasso_7-phaseTemplate.smt2,sat,15.399767875671387
/LassoRanker/Ultimate/simple-scaled200.bpl_Iteration1_Lasso_7-nestedTemplate.smt2,sat,58.73609757423401
/LassoRanker/Ultimate/simple-scaled250.bpl_Iteration1_Lasso_4-nestedTemplate.smt2,sat,34.47868061065674
/LassoRanker/Ultimate/GcdNew.bpl_Iteration1_Lasso_5-phaseTemplate.smt2,sat,32.95866131782532
/LassoRanker/Ultimate/yPositive-SIscaled100.bpl_Iteration1_Loop_6-phaseTemplate.smt2,sat,68.38995838165283
/LassoRanker/Ultimate/BenAmram-2010LMCS-Ex2.3.bpl_Iteration1_Loop_4-pieceTemplate.smt2,unsat,80.12183499336243
/LassoRanker/Ultimate/yPositive-SIscaled50.bpl_Iteration1_Loop_6-phaseTemplate.smt2,sat,19.748385667800903
/LassoRanker/Ultimate/SyntaxSupportDivision1.bpl_Iteration1_Lasso_5-phaseTemplate.smt2,sat,13.568845510482788
/LassoRanker/Ultimate/Collatz.bpl_Iteration1_Loop_5-phaseTemplate.smt2,unsat,138.38527369499207
/LassoRanker/Ultimate/simple-scaled100.bpl_Iteration1_Lasso_7-phaseTemplate.smt2,sat,1185.036
/LassoRanker/Ultimate/yPositive-SIscaled75.bpl_Iteration1_Loop_7-phaseTemplate.smt2,sat,202.01936054229736
/LassoRanker/Ultimate/simple-scaled200.bpl_Iteration1_Lasso_5-phaseTemplate.smt2,sat,363.0927200317383
/LassoRanker/Ultimate/simple-scaled200.bpl_Iteration1_Lasso_4-lexTemplate.smt2,sat,259.8375623226166
/LassoRanker/Ultimate/GcdNew.bpl_Iteration1_Lasso_7-phaseTemplate.smt2,sat,266.62412762641907
/LassoRanker/Ultimate/BradleyMannaSipma-2005ICALP-Fig1-deterministic.bpl_Iteration1_Lasso_7-phaseTemplate.smt2,unsat,48.51032376289368
/LassoRanker/Ultimate/yPositive-SIscaled100.bpl_Iteration1_Loop_3-pieceTemplate.smt2,unsat,122.90017366409302
/LassoRanker/Ultimate/OpposedDisjuncts.bpl_Iteration1_Loop_7-phaseTemplate.smt2,unsat,101.21635675430298
/LassoRanker/Ultimate/Canberra.bpl_Iteration1_Loop_6-phaseTemplate.smt2,unsat,25.73578143119812
/LassoRanker/Ultimate/Braverman-2006CAV-Ex1-int.bpl_Iteration1_Loop_6-phaseTemplate.smt2,unsat,50.208983421325684
/LassoRanker/Ultimate/Gcd_havoc.bpl_Iteration1_Lasso_6-phaseTemplate.smt2,sat,14.913
/LassoRanker/Ultimate/bound-scaled200.bpl_Iteration1_Loop_4-pieceTemplate.smt2,sat,13.581355094909668
/LassoRanker/Ultimate/simple-scaled200.bpl_Iteration1_Lasso_7-phaseTemplate.smt2,failed,1200.0
/LassoRanker/Ultimate/MenloPark.bpl_Iteration1_Lasso_4-pieceTemplate.smt2,unsat,431.017
/LassoRanker/Ultimate/simple-scaled200.bpl_Iteration1_Lasso_6-phaseTemplate.smt2,sat,739.6085186004639
/LassoRanker/Ultimate/simple-scaled200.bpl_Iteration1_Lasso_6-nestedTemplate.smt2,sat,45.70954990386963
/LassoRanker/Ultimate/Cairo2.bpl_Iteration1_Lasso_7-phaseTemplate.smt2,unsat,11.805586814880371
/LassoRanker/Ultimate/simple-scaled200.bpl_Iteration1_Lasso_2-pieceTemplate.smt2,sat,224.9986629486084
/LassoRanker/Ultimate/Canberra.bpl_Iteration1_Lasso_7-phaseTemplate.smt2,unsat,330.7561414241791
/LassoRanker/Ultimate/bound-scaled400.bpl_Iteration1_Loop_7-phaseTemplate.smt2,sat,1053.757
/LassoRanker/Ultimate/NoriSharma-2013FSE-Fig7.bpl_Iteration1_Loop_7-phaseTemplate.smt2,sat,39.743
/LassoRanker/Ultimate/Braverman-2006CAV-Ex1-int.bpl_Iteration1_Loop_4-pieceTemplate.smt2,unsat,10.854
/LassoRanker/Ultimate/SyntaxSupportDivision1.bpl_Iteration1_Lasso_4-pieceTemplate.smt2,sat,251.32358312606812
/LassoRanker/Ultimate/CooperatingT2_consts1.bpl_Iteration1_Lasso_7-phaseTemplate.smt2,sat,4.384507656097412
/LassoRanker/Ultimate/MenloPark.bpl_Iteration1_Lasso_3-pieceTemplate.smt2,unsat,18.201
/LassoRanker/Ultimate/OpposedDisjuncts.bpl_Iteration1_Lasso_2-pieceTemplate.smt2,unsat,11.031553983688354
/LassoRanker/Ultimate/Gulwani.bpl_Iteration1_Lasso_4-pieceTemplate.smt2,unsat,207.36216568946838
/LassoRanker/Ultimate/Braverman-2006CAV-Ex1-int.bpl_Iteration1_Lasso_6-phaseTemplate.smt2,unsat,68.49322605133057
/LassoRanker/Ultimate/Braverman-2006CAV-Ex1-int.bpl_Iteration1_Loop_5-phaseTemplate.smt2,unsat,4.245529413223267
/LassoRanker/Ultimate/simple-scaled250.bpl_Iteration1_Lasso_6-nestedTemplate.smt2,sat,131.066
/LassoRanker/Ultimate/GulwaniResetBranchOnly.bpl_Iteration1_Lasso_4-pieceTemplate.smt2,sat,1.900278091430664
/LassoRanker/Ultimate/NonTerminationDifficult.bpl_Iteration1_Lasso_7-phaseTemplate.smt2,unsat,7.327690839767456
/LassoRanker/Ultimate/simple-scaled100.bpl_Iteration1_Lasso_4-pieceTemplate.smt2,failed,1200.0
/LassoRanker/Ultimate/SanDiego.bpl_Iteration1_Loop_4-pieceTemplate.smt2,sat,1.176483154296875
/LassoRanker/Ultimate/Braverman-2006CAV-Ex1-int.bpl_Iteration1_Lasso_7-phaseTemplate.smt2,unsat,1060.241
/LassoRanker/Ultimate/yPositive-SIscaled50.bpl_Iteration1_Loop_3-pieceTemplate.smt2,unsat,42.014952659606934
/LassoRanker/Ultimate/yPositive-SIscaled50.bpl_Iteration1_Loop_7-phaseTemplate.smt2,sat,75.19666337966919
/LassoRanker/Ultimate/simple-scaled100.bpl_Iteration1_Lasso_6-phaseTemplate.smt2,sat,116.9270408153534
/LassoRanker/Ultimate/bound-scaled400.bpl_Iteration1_Loop_4-pieceTemplate.smt2,sat,166.465
/LassoRanker/Ultimate/simple-scaled200.bpl_Iteration1_Lasso_3-lexTemplate.smt2,sat,42.42332220077515
/LassoRanker/Ultimate/Collatz.bpl_Iteration1_Loop_6-phaseTemplate.smt2,unsat,125.32360100746155
/LassoRanker/Ultimate/simple-scaled250.bpl_Iteration1_Lasso_5-nestedTemplate.smt2,sat,36.569135427474976
/LassoRanker/Ultimate/BenAmram-2010LMCS-Ex2.3.bpl_Iteration1_Lasso_4-pieceTemplate.smt2,unsat,100.24497103691101
/LassoRanker/Ultimate/Canberra.bpl_Iteration1_Lasso_4-pieceTemplate.smt2,unsat,20.98433017730713
/LassoRanker/Ultimate/OpposedDisjuncts.bpl_Iteration1_Lasso_6-phaseTemplate.smt2,unsat,172.19431591033936
/LassoRanker/CooperatingT2/ludcmp.t2.c_Iteration8_Loop_6-phaseTemplate.smt2,sat,14.480592489242554
/LassoRanker/CooperatingT2/firewire.t2.c_Iteration1_Lasso_7-phaseTemplate.smt2,failed,1200.0
/LassoRanker/CooperatingT2/hongyi1.t2.c_Iteration9_Loop_7-phaseTemplate.smt2,failed,1200.0
/LassoRanker/CooperatingT2/sas2.t2.c_Iteration6_Loop_7-phaseTemplate.smt2,unsat,71.416
/LassoRanker/CooperatingT2/efegp.t2.c_Iteration1_Lasso_3-pieceTemplate.smt2,unsat,15.19
/LassoRanker/CooperatingT2/ludcmp.t2.c_Iteration9_Loop_6-phaseTemplate.smt2,sat,14.75058627128601
/LassoRanker/CooperatingT2/polyrank4.t2.c_Iteration10_Loop_7-phaseTemplate.smt2,sat,30.178
/LassoRanker/CooperatingT2/sas2.t2.c_Iteration6_Lasso_4-pieceTemplate.smt2,sat,323.67583298683167
/LassoRanker/CooperatingT2/p-46.t2.c_Iteration2_Lasso_6-phaseTemplate.smt2,unsat,28.132652759552002
/LassoRanker/CooperatingT2/p-43.t2.c_Iteration5_Loop_7-phaseTemplate.smt2,sat,81.569
/LassoRanker/CooperatingT2/sas2.t2.c_Iteration5_Lasso_2-pieceTemplate.smt2,sat,10.120900869369507
/LassoRanker/CooperatingT2/sort.t2.c_Iteration5_Loop_7-phaseTemplate.smt2,sat,11.815
/LassoRanker/CooperatingT2/byron-2.t2.c_Iteration2_Loop_4-pieceTemplate.smt2,sat,26.883
/LassoRanker/CooperatingT2/eric.t2.c_Iteration1_Loop_4-pieceTemplate.smt2,unsat,26.09169602394104
/LassoRanker/CooperatingT2/smagillc-fail.t2.c_Iteration1_Loop_7-phaseTemplate.smt2,sat,26.917
/LassoRanker/CooperatingT2/curious4.t2.c_Iteration1_Lasso_4-pieceTemplate.smt2,unsat,75.05181860923767
/LassoRanker/CooperatingT2/fir.t2.c_Iteration4_Loop_7-phaseTemplate.smt2,sat,188.057
/LassoRanker/CooperatingT2/hongyi1.t2.c_Iteration9_Loop_5-phaseTemplate.smt2,sat,272.4485664367676
/LassoRanker/CooperatingT2/ludcmp.t2.c_Iteration7_Loop_7-phaseTemplate.smt2,sat,14.345
/LassoRanker/CooperatingT2/toeplz.c.i.toeplz.pl.t2.fixed.t2.c_Iteration2_Loop_7-phaseTemplate.smt2,sat,262.63
/LassoRanker/CooperatingT2/firewire.t2.c_Iteration1_Lasso_7-nestedTemplate.smt2,sat,56.95529270172119
/LassoRanker/CooperatingT2/elmhes.c.i.elmhes.pl.t2.fixed.t2.c_Iteration5_Loop_4-pieceTemplate.smt2,sat,39.55255079269409
/LassoRanker/CooperatingT2/brp_withassume.t2.c_Iteration8_Loop_4-lexTemplate.smt2,sat,79.96658110618591
/LassoRanker/CooperatingT2/eric.t2.c_Iteration1_Lasso_2-pieceTemplate.smt2,sat,10.410617351531982
/LassoRanker/CooperatingT2/bsort100.t2.c_Iteration13_Loop_4-pieceTemplate.smt2,sat,3.9369630813598633
/LassoRanker/CooperatingT2/sas2.t2.c_Iteration1_Lasso_4-pieceTemplate.smt2,sat,641.503
/LassoRanker/CooperatingT2/hongyi1.t2.c_Iteration1_Loop_2-pieceTemplate.smt2,sat,54.731836795806885
/LassoRanker/CooperatingT2/hongyi1.t2.c_Iteration1_Loop_6-phaseTemplate.smt2,sat,1005.303
/LassoRanker/CooperatingT2/ludcmp.c.i.ludcmp.pl.t2.fixed.t2.c_Iteration9_Loop_5-phaseTemplate.smt2,sat,10.782
/LassoRanker/CooperatingT2/p-43.t2.c_Iteration5_Loop_4-pieceTemplate.smt2,sat,37.033
/LassoRanker/CooperatingT2/heidy7-simple.t2.c_Iteration2_Lasso_4-pieceTemplate.smt2,unsat,12.12482476234436
/LassoRanker/CooperatingT2/hongyi1.t2.c_Iteration9_Loop_4-phaseTemplate.smt2,sat,53.6046462059021
/LassoRanker/CooperatingT2/sas2.t2.c_Iteration1_Lasso_3-pieceTemplate.smt2,sat,16.458560705184937
/LassoRanker/CooperatingT2/sas2.t2.c_Iteration3_Lasso_7-phaseTemplate.smt2,sat,1174.48
/LassoRanker/CooperatingT2/elmhes.t2.c_Iteration5_Loop_7-phaseTemplate.smt2,sat,252.239
/LassoRanker/CooperatingT2/byron-2.t2.c_Iteration2_Loop_7-phaseTemplate.smt2,sat,10.626670598983765
/LassoRanker/CooperatingT2/hongyi1.t2.c_Iteration1_Loop_7-phaseTemplate.smt2,failed,1200.0
/LassoRanker/CooperatingT2/brp_withassume.t2.c_Iteration8_Loop_4-phaseTemplate.smt2,sat,62.52804088592529
/LassoRanker/CooperatingT2/fir.t2.c_Iteration4_Loop_4-pieceTemplate.smt2,sat,27.572493314743042
/LassoRanker/CooperatingT2/sas2.t2.c_Iteration3_Lasso_6-phaseTemplate.smt2,sat,18.89928436279297
/LassoRanker/CooperatingT2/p-46.t2.c_Iteration2_Loop_4-pieceTemplate.smt2,unsat,111.50723505020142
/LassoRanker/CooperatingT2/ndes.t2.c_Iteration3_Loop_7-phaseTemplate.smt2,sat,253.22
/LassoRanker/CooperatingT2/afagp-fail.t2.c_Iteration1_Lasso_4-pieceTemplate.smt2,unsat,150.474
/LassoRanker/CooperatingT2/brp_withassume.t2.c_Iteration8_Loop_4-pieceTemplate.smt2,failed,1200.0
/LassoRanker/CooperatingT2/brp_withassume.t2.c_Iteration8_Loop_6-phaseTemplate.smt2,sat,1034.211
/LassoRanker/CooperatingT2/p-55.t2.c_Iteration3_Loop_4-pieceTemplate.smt2,sat,28.999
/LassoRanker/CooperatingT2/firewire.t2.c_Iteration1_Lasso_4-phaseTemplate.smt2,sat,110.722
/LassoRanker/CooperatingT2/elmhes.c.i.elmhes.pl.t2.fixed.t2.c_Iteration5_Loop_6-phaseTemplate.smt2,sat,15.470206022262573
/LassoRanker/CooperatingT2/sas2.t2.c_Iteration7_Loop_6-phaseTemplate.smt2,unsat,251.084
/LassoRanker/CooperatingT2/sas2.t2.c_Iteration3_Lasso_3-pieceTemplate.smt2,sat,10.015231370925903
/LassoRanker/CooperatingT2/brp_withassume.t2.c_Iteration8_Loop_3-pieceTemplate.smt2,sat,430.4095187187195
/LassoRanker/CooperatingT2/elmhes.t2.c_Iteration2_Loop_7-phaseTemplate.smt2,sat,20.76
/LassoRanker/CooperatingT2/brp_withassume.t2.c_Iteration1_Loop_7-phaseTemplate.smt2,failed,1200.0
/LassoRanker/CooperatingT2/sumit.t2.c_Iteration1_Lasso_4-pieceTemplate.smt2,sat,282.077
/LassoRanker/CooperatingT2/ludcmp.c.i.ludcmp.pl.t2.fixed.t2.c_Iteration10_Loop_4-pieceTemplate.smt2,sat,19.69561219215393
/LassoRanker/CooperatingT2/firewire.t2.c_Iteration1_Lasso_6-nestedTemplate.smt2,sat,45.768001317977905
/LassoRanker/CooperatingT2/hongyi1.t2.c_Iteration9_Loop_4-lexTemplate.smt2,sat,79.4306697845459
/LassoRanker/CooperatingT2/disj_nightmare.t2.c_Iteration2_Loop_7-phaseTemplate.smt2,unsat,31.571269989013672
/LassoRanker/CooperatingT2/firewire.t2.c_Iteration1_Lasso_2-pieceTemplate.smt2,sat,230.822
/LassoRanker/CooperatingT2/sumit.t2.c_Iteration2_Loop_3-pieceTemplate.smt2,sat,12.254666805267334
/LassoRanker/CooperatingT2/magic.t2.c_Iteration23_Loop_7-phaseTemplate.smt2,sat,10.841304540634155
/LassoRanker/CooperatingT2/sas2.t2.c_Iteration5_Loop_4-pieceTemplate.smt2,unsat,214.873
/LassoRanker/CooperatingT2/eric.t2.c_Iteration1_Lasso_7-phaseTemplate.smt2,unsat,34.188
/LassoRanker/CooperatingT2/sas2.t2.c_Iteration1_Lasso_6-phaseTemplate.smt2,sat,19.621579885482788
/LassoRanker/CooperatingT2/fun4.t2.c_Iteration1_Lasso_3-pieceTemplate.smt2,sat,23.23476243019104
/LassoRanker/CooperatingT2/sas2.t2.c_Iteration5_Lasso_4-lexTemplate.smt2,sat,17.73
/LassoRanker/CooperatingT2/sas2.t2.c_Iteration5_Loop_3-pieceTemplate.smt2,unsat,10.018823385238647
/LassoRanker/CooperatingT2/elmhes.c.i.elmhes.pl.t2.fixed.t2.c_Iteration4_Loop_7-phaseTemplate.smt2,sat,35.425
/LassoRanker/CooperatingT2/disj_nightmare.t2.c_Iteration1_Loop_3-pieceTemplate.smt2,sat,87.67905116081238
/LassoRanker/CooperatingT2/eric.t2.c_Iteration1_Loop_7-phaseTemplate.smt2,unsat,2.1850626468658447
/LassoRanker/CooperatingT2/collatz.t2.c_Iteration1_Loop_4-pieceTemplate.smt2,unsat,13.953200101852417
/LassoRanker/CooperatingT2/sumit.t2.c_Iteration2_Loop_5-phaseTemplate.smt2,sat,29.33
/LassoRanker/CooperatingT2/toeplz.c.i.toeplz.pl.t2.fixed.t2.c_Iteration2_Loop_3-pieceTemplate.smt2,sat,12.396626949310303
/LassoRanker/CooperatingT2/toeplz.c.i.toeplz.pl.t2.fixed.t2.c_Iteration2_Loop_4-pieceTemplate.smt2,sat,216.197
/LassoRanker/CooperatingT2/sas2.t2.c_Iteration7_Loop_5-phaseTemplate.smt2,unsat,27.66584849357605
/LassoRanker/CooperatingT2/disj_nightmare.t2.c_Iteration2_Loop_3-pieceTemplate.smt2,sat,43.44016480445862
/LassoRanker/CooperatingT2/ludcmp.c.i.ludcmp.pl.t2.fixed.t2.c_Iteration9_Loop_4-pieceTemplate.smt2,sat,20.391205310821533
/LassoRanker/CooperatingT2/brp_withassume.t2.c_Iteration8_Loop_2-pieceTemplate.smt2,sat,70.59992980957031
/LassoRanker/CooperatingT2/broydn.c.i.broydn.pl.t2.fixed.t2.c_Iteration8_Loop_7-phaseTemplate.smt2,sat,31.038
/LassoRanker/CooperatingT2/brp_withassume.t2.c_Iteration1_Loop_5-phaseTemplate.smt2,sat,220.2574417591095
/LassoRanker/CooperatingT2/toeplz.t2.c_Iteration9_Loop_7-phaseTemplate.smt2,sat,4.007268905639648
/LassoRanker/CooperatingT2/sas2.t2.c_Iteration6_Lasso_7-phaseTemplate.smt2,sat,174.97276139259338
/LassoRanker/CooperatingT2/brp_withassume.t2.c_Iteration8_Loop_5-phaseTemplate.smt2,sat,171.121
/LassoRanker/CooperatingT2/disj_nightmare.t2.c_Iteration1_Loop_4-pieceTemplate.smt2,sat,903.207
/LassoRanker/CooperatingT2/ludcmp.t2.c_Iteration9_Loop_7-phaseTemplate.smt2,sat,42.625868797302246
/LassoRanker/CooperatingT2/janne_complex.t2.c_Iteration3_Lasso_2-pieceTemplate.smt2,unsat,2.652808666229248
/LassoRanker/CooperatingT2/sas2.t2.c_Iteration5_Loop_7-phaseTemplate.smt2,unsat,153.01400780677795
/LassoRanker/CooperatingT2/sas2.t2.c_Iteration1_Lasso_7-phaseTemplate.smt2,sat,258.647
/LassoRanker/CooperatingT2/toeplz.c.i.toeplz.pl.t2.fixed.t2.c_Iteration9_Loop_7-phaseTemplate.smt2,sat,3.7285354137420654
/LassoRanker/CooperatingT2/janne_complex.t2.c_Iteration3_Lasso_7-phaseTemplate.smt2,unsat,133.33449268341064
/LassoRanker/CooperatingT2/hongyi1.t2.c_Iteration1_Loop_4-lexTemplate.smt2,sat,76.89909195899963
/LassoRanker/CooperatingT2/ludcmp.c.i.ludcmp.pl.t2.fixed.t2.c_Iteration10_Loop_6-phaseTemplate.smt2,sat,16.325635194778442
/LassoRanker/CooperatingT2/ludcmp.c.i.ludcmp.pl.t2.fixed.t2.c_Iteration8_Loop_6-phaseTemplate.smt2,sat,2.007178783416748
/LassoRanker/CooperatingT2/p-43.t2.c_Iteration2_Loop_7-phaseTemplate.smt2,sat,17.527894496917725
/LassoRanker/CooperatingT2/ludcmp.t2.c_Iteration8_Loop_7-phaseTemplate.smt2,sat,68.77292251586914
/LassoRanker/CooperatingT2/eric2.t2.c_Iteration3_Loop_7-phaseTemplate.smt2,sat,4.940575122833252
/LassoRanker/CooperatingT2/elmhes.t2.c_Iteration5_Loop_4-pieceTemplate.smt2,sat,31.82716941833496
/LassoRanker/CooperatingT2/ludcmp.t2.c_Iteration7_Loop_6-phaseTemplate.smt2,sat,2.041476249694824
/LassoRanker/CooperatingT2/elmhes.t2.c_Iteration4_Loop_7-phaseTemplate.smt2,sat,39.9
/LassoRanker/CooperatingT2/bubbleSort.t2.c_Iteration3_Loop_4-pieceTemplate.smt2,sat,5.046911716461182
/LassoRanker/CooperatingT2/wrong_loop.t2.c_Iteration2_Loop_4-pieceTemplate.smt2,sat,13.165
/LassoRanker/CooperatingT2/ndes.t2.c_Iteration3_Loop_4-pieceTemplate.smt2,sat,61.22600197792053
/LassoRanker/CooperatingT2/ludcmp.t2.c_Iteration8_Loop_4-pieceTemplate.smt2,sat,14.515387296676636
/LassoRanker/CooperatingT2/ludcmp.c.i.ludcmp.pl.t2.fixed.t2.c_Iteration8_Loop_7-phaseTemplate.smt2,sat,15.062
/LassoRanker/CooperatingT2/matrixsqrt.t2.c_Iteration12_Loop_7-phaseTemplate.smt2,sat,11.326
/LassoRanker/CooperatingT2/p-43.t2.c_Iteration2_Loop_4-pieceTemplate.smt2,sat,21.285
/LassoRanker/CooperatingT2/ludcmp.c.i.ludcmp.pl.t2.fixed.t2.c_Iteration9_Loop_7-phaseTemplate.smt2,sat,1174.473
/LassoRanker/CooperatingT2/p-55.t2.c_Iteration2_Loop_4-pieceTemplate.smt2,sat,20.52
/LassoRanker/CooperatingT2/hongyi1.t2.c_Iteration1_Loop_4-phaseTemplate.smt2,sat,35.737011194229126
/LassoRanker/CooperatingT2/fun4.t2.c_Iteration1_Lasso_4-pieceTemplate.smt2,sat,73.80891561508179
/LassoRanker/CooperatingT2/sas2.t2.c_Iteration7_Loop_4-pieceTemplate.smt2,unsat,606.5010828971863
/LassoRanker/CooperatingT2/polyrank4.t2.c_Iteration8_Loop_4-pieceTemplate.smt2,unsat,2.3111164569854736
/LassoRanker/CooperatingT2/firewire.t2.c_Iteration3_Loop_4-pieceTemplate.smt2,sat,27.894944667816162
/LassoRanker/CooperatingT2/firewire.t2.c_Iteration1_Lasso_4-pieceTemplate.smt2,failed,1200.0
/LassoRanker/CooperatingT2/efegp.t2.c_Iteration1_Lasso_4-pieceTemplate.smt2,unsat,42.76415014266968
/LassoRanker/CooperatingT2/sas2.t2.c_Iteration5_Lasso_4-pieceTemplate.smt2,sat,509.7450797557831
/LassoRanker/CooperatingT2/p-46.t2.c_Iteration2_Lasso_7-phaseTemplate.smt2,unsat,187.04830837249756
/LassoRanker/CooperatingT2/brp_withassume.t2.c_Iteration1_Loop_3-pieceTemplate.smt2,sat,328.6106297969818
/LassoRanker/CooperatingT2/firewire.t2.c_Iteration1_Lasso_5-phaseTemplate.smt2,sat,306.0657434463501
/LassoRanker/CooperatingT2/magic.t2.c_Iteration12_Loop_4-pieceTemplate.smt2,sat,34.592862606048584
/LassoRanker/CooperatingT2/hongyi1.t2.c_Iteration9_Loop_3-pieceTemplate.smt2,sat,452.70306158065796
/LassoRanker/CooperatingT2/hongyi1.t2.c_Iteration9_Loop_4-pieceTemplate.smt2,failed,1200.0
/LassoRanker/CooperatingT2/brp_withassume.t2.c_Iteration8_Loop_7-phaseTemplate.smt2,failed,1200.0
/LassoRanker/CooperatingT2/firewire.t2.c_Iteration1_Lasso_6-phaseTemplate.smt2,sat,697.2305994033813
/LassoRanker/CooperatingT2/hongyi1.t2.c_Iteration1_Loop_5-phaseTemplate.smt2,sat,240.8046600818634
/LassoRanker/CooperatingT2/sas2.t2.c_Iteration1_Lasso_5-phaseTemplate.smt2,sat,21.097
/LassoRanker/CooperatingT2/queens.t2.c_Iteration19_Loop_7-phaseTemplate.smt2,sat,10.733290195465088
/LassoRanker/CooperatingT2/sumit.t2.c_Iteration1_Lasso_7-phaseTemplate.smt2,sat,103.23
/LassoRanker/CooperatingT2/agafp.t2.c_Iteration1_Lasso_4-pieceTemplate.smt2,unsat,58.78098773956299
/LassoRanker/CooperatingT2/disj_nightmare.t2.c_Iteration2_Loop_4-pieceTemplate.smt2,sat,430.14410495758057
/LassoRanker/CooperatingT2/ex11.t2.c_Iteration1_Lasso_3-pieceTemplate.smt2,failed,1200.0
/LassoRanker/CooperatingT2/ludcmp.c.i.ludcmp.pl.t2.fixed.t2.c_Iteration10_Loop_7-phaseTemplate.smt2,sat,107.729
/LassoRanker/CooperatingT2/janne_complex.t2.c_Iteration3_Lasso_3-pieceTemplate.smt2,unsat,63.27841258049011
/LassoRanker/CooperatingT2/selectSort.t2.c_Iteration3_Loop_4-pieceTemplate.smt2,sat,16.734
/LassoRanker/CooperatingT2/brp_withassume.t2.c_Iteration1_Loop_4-pieceTemplate.smt2,sat,1198.6361684799194
/LassoRanker/CooperatingT2/ndes.t2.c_Iteration2_Loop_7-phaseTemplate.smt2,sat,302.121
/LassoRanker/CooperatingT2/toeplz.t2.c_Iteration2_Loop_3-pieceTemplate.smt2,sat,13.201990127563477
/LassoRanker/CooperatingT2/disj_nightmare.t2.c_Iteration1_Loop_7-phaseTemplate.smt2,unsat,13.378489017486572
/LassoRanker/CooperatingT2/p-46.t2.c_Iteration2_Loop_7-phaseTemplate.smt2,unsat,185.28174543380737
/LassoRanker/CooperatingT2/wrong_loop.t2.c_Iteration3_Loop_7-phaseTemplate.smt2,sat,28.148
/LassoRanker/CooperatingT2/brp_withassume.t2.c_Iteration1_Loop_2-pieceTemplate.smt2,sat,55.80870866775513
/LassoRanker/CooperatingT2/selectSort.t2.c_Iteration3_Loop_7-phaseTemplate.smt2,sat,10.571
/LassoRanker/CooperatingT2/sumit.t2.c_Iteration2_Loop_4-pieceTemplate.smt2,sat,42.217243909835815
/LassoRanker/CooperatingT2/ex11.t2.c_Iteration1_Lasso_4-pieceTemplate.smt2,failed,1200.0
/LassoRanker/CooperatingT2/elmhes.c.i.elmhes.pl.t2.nor.t2.rlgfixed.t2.c_Iteration5_Loop_7-phaseTemplate.smt2,sat,128.546
/LassoRanker/CooperatingT2/sas2.t2.c_Iteration6_Lasso_6-phaseTemplate.smt2,sat,39.83422374725342
/LassoRanker/CooperatingT2/afagp-fail.t2.c_Iteration1_Lasso_7-phaseTemplate.smt2,unsat,19.110637426376343
/LassoRanker/CooperatingT2/ex11.t2.c_Iteration1_Lasso_2-pieceTemplate.smt2,unsat,17.857988595962524
/LassoRanker/CooperatingT2/dropbuf.t2.c_Iteration3_Loop_7-phaseTemplate.smt2,sat,150.761
/LassoRanker/CooperatingT2/sumit.t2.c_Iteration1_Lasso_3-pieceTemplate.smt2,sat,16.271127939224243
/LassoRanker/CooperatingT2/firewire.t2.c_Iteration1_Lasso_4-lexTemplate.smt2,sat,205.873
/LassoRanker/CooperatingT2/sas2.t2.c_Iteration7_Loop_3-pieceTemplate.smt2,unsat,69.329
/LassoRanker/CooperatingT2/loop3.t2.c_Iteration25_Lasso_4-pieceTemplate.smt2,sat,2.392169952392578
/LassoRanker/CooperatingT2/hongyi1.t2.c_Iteration9_Loop_6-phaseTemplate.smt2,sat,1081.855
/LassoRanker/CooperatingT2/janne_complex.t2.c_Iteration3_Lasso_6-phaseTemplate.smt2,unsat,49.919
/LassoRanker/CooperatingT2/brp_withassume.t2.c_Iteration1_Loop_4-lexTemplate.smt2,sat,82.22147917747498
/LassoRanker/CooperatingT2/ex11.t2.c_Iteration1_Lasso_7-phaseTemplate.smt2,unsat,144.904
/LassoRanker/CooperatingT2/sas2.t2.c_Iteration3_Lasso_4-pieceTemplate.smt2,sat,392.239
/LassoRanker/CooperatingT2/eric.t2.c_Iteration1_Lasso_3-pieceTemplate.smt2,sat,214.69707345962524
/LassoRanker/CooperatingT2/sas2.t2.c_Iteration7_Loop_7-phaseTemplate.smt2,unsat,636.3086330890656
/LassoRanker/CooperatingT2/sumit.t2.c_Iteration2_Loop_6-phaseTemplate.smt2,sat,186.733
/LassoRanker/CooperatingT2/consts1.t2.c_Iteration1_Lasso_4-pieceTemplate.smt2,sat,2.9950053691864014
/LassoRanker/CooperatingT2/polyrank6.t2.c_Iteration1_Loop_7-phaseTemplate.smt2,sat,16.128013134002686
/LassoRanker/CooperatingT2/sas2.t2.c_Iteration6_Lasso_3-pieceTemplate.smt2,sat,249.796
/LassoRanker/CooperatingT2/toeplz.t2.c_Iteration2_Loop_4-pieceTemplate.smt2,sat,128.698
/LassoRanker/CooperatingT2/hongyi1.t2.c_Iteration1_Loop_4-pieceTemplate.smt2,failed,1200.0
/LassoRanker/CooperatingT2/ndes.t2.c_Iteration2_Loop_4-pieceTemplate.smt2,sat,78.8105776309967
/LassoRanker/CooperatingT2/heidy7.t2.c_Iteration2_Lasso_4-pieceTemplate.smt2,unsat,51.23877787590027
/LassoRanker/CooperatingT2/collatz.t2.c_Iteration3_Loop_7-phaseTemplate.smt2,unsat,13.211872339248657
/LassoRanker/CooperatingT2/p-43.t2.c_Iteration4_Loop_7-phaseTemplate.smt2,sat,6.991486310958862
/LassoRanker/CooperatingT2/eric.t2.c_Iteration1_Lasso_4-pieceTemplate.smt2,failed,1200.0
/LassoRanker/CooperatingT2/sas2.t2.c_Iteration5_Lasso_7-phaseTemplate.smt2,sat,354.63043904304504
/LassoRanker/CooperatingT2/sas2.t2.c_Iteration5_Lasso_3-pieceTemplate.smt2,sat,273.932
/LassoRanker/CooperatingT2/sumit.t2.c_Iteration2_Loop_7-phaseTemplate.smt2,sat,241.55787897109985
/LassoRanker/CooperatingT2/sumit.t2.c_Iteration1_Lasso_6-phaseTemplate.smt2,sat,15.451420307159424
/LassoRanker/CooperatingT2/sas2.t2.c_Iteration3_Lasso_5-phaseTemplate.smt2,sat,15.973
/LassoRanker/CooperatingT2/elmhes.c.i.elmhes.pl.t2.fixed.t2.c_Iteration4_Loop_4-pieceTemplate.smt2,sat,3.4729926586151123
/LassoRanker/CooperatingT2/toeplz.t2.c_Iteration2_Loop_7-phaseTemplate.smt2,sat,178.975
/LassoRanker/CooperatingT2/hongyi1.t2.c_Iteration1_Loop_3-pieceTemplate.smt2,sat,375.3667404651642
/LassoRanker/CooperatingT2/p-55.t2.c_Iteration2_Loop_7-phaseTemplate.smt2,sat,203.609
/LassoRanker/CooperatingT2/ludcmp.t2.c_Iteration9_Loop_4-pieceTemplate.smt2,sat,111.21
/LassoRanker/CooperatingT2/janne_complex.t2.c_Iteration3_Lasso_4-pieceTemplate.smt2,unsat,430.5136284828186
/LassoRanker/CooperatingT2/mc91test.t2.c_Iteration6_Loop_4-pieceTemplate.smt2,sat,1.7221324443817139
/LassoRanker/CooperatingT2/collatz.t2.c_Iteration3_Lasso_7-phaseTemplate.smt2,unsat,16.775996208190918
/LassoRanker/CooperatingT2/magic.t2.c_Iteration12_Loop_7-phaseTemplate.smt2,sat,195.584
/LassoRanker/CooperatingT2/hongyi1.t2.c_Iteration9_Loop_2-pieceTemplate.smt2,sat,61.33572292327881
/LassoRanker/CooperatingT2/brp_withassume.t2.c_Iteration1_Loop_6-phaseTemplate.smt2,sat,389.71286725997925
/LassoRanker/CooperatingT2/firewire.t2.c_Iteration1_Lasso_3-lexTemplate.smt2,sat,41.67563581466675
/LassoRanker/CooperatingT2/afagp-fail.t2.c_Iteration1_Lasso_3-pieceTemplate.smt2,unsat,8.113754987716675
/LassoRanker/CooperatingT2/sas2.t2.c_Iteration5_Lasso_6-phaseTemplate.smt2,sat,179.173
/LassoRanker/CooperatingT2/p-46.t2.c_Iteration2_Lasso_4-pieceTemplate.smt2,unsat,112.13267016410828
/LassoRanker/CooperatingT2/firewire.t2.c_Iteration3_Loop_7-phaseTemplate.smt2,sat,42.108235597610474
/LassoRanker/CooperatingT2/sas2.t2.c_Iteration6_Lasso_5-phaseTemplate.smt2,sat,12.917502880096436
/LassoRanker/CooperatingT2/sas2.t2.c_Iteration6_Loop_4-pieceTemplate.smt2,unsat,112.907
/LassoRanker/CooperatingT2/firewire.t2.c_Iteration1_Lasso_3-phaseTemplate.smt2,sat,20.86707043647766
/LassoRanker/CooperatingT2/p-43.t2.c_Iteration4_Loop_4-pieceTemplate.smt2,sat,33.742
/LassoRanker/CooperatingT2/p-55.t2.c_Iteration3_Loop_7-phaseTemplate.smt2,sat,24.923975706100464
/LassoRanker/CooperatingT2/matrixsqrt.t2.c_Iteration12_Loop_4-pieceTemplate.smt2,sat,10.781
/LassoRanker/CooperatingT2/sas2.t2.c_Iteration5_Lasso_5-phaseTemplate.smt2,sat,13.605977058410645
/LassoRanker/CooperatingT2/firewire.t2.c_Iteration1_Lasso_3-pieceTemplate.smt2,sat,437.25983715057373
/LassoRanker/CooperatingT2/fir.t2.c_Iteration4_Loop_6-phaseTemplate.smt2,sat,41.189
/LassoRanker/CooperatingT2/dropbuf.t2.c_Iteration3_Loop_4-pieceTemplate.smt2,sat,118.263
/miplib/fixnet-1000.smt2,unsat,6.368936777114868
/miplib/danoint-166.smt2,sat,12.781875848770142
/miplib/opt1217--6.smt2,sat,1.5349791049957275
/miplib/pp08a-3000.smt2,unsat,6.157163381576538
/miplib/danoint-66.smt2,failed,1200.0
/miplib/pk1-20.smt2,failed,1200.0
/miplib/opt1217--37.smt2,failed,1200.0
/miplib/pp08a-2000.smt2,unsat,1.8855345249176025
/miplib/pp08a-11000.smt2,sat,1.1136925220489502
/miplib/danoint-50.smt2,unsat,0.24964451789855957
/miplib/opt1217--1.smt2,sat,1.2211825847625732
/miplib/pp08a-10000.smt2,sat,12.356
/miplib/pp08a-1000.smt2,unsat,0.8999152183532715
/miplib/fixnet-5000.smt2,failed,1200.0
/miplib/danoint-30.smt2,unsat,0.21381163597106934
/miplib/pp08a-9000.smt2,sat,10.874391078948975
/miplib/opt1217--17.smt2,failed,1200.0
/miplib/pp08a-12000.smt2,sat,0.1791849136352539
/miplib/pk1-11.smt2,failed,1200.0
/miplib/fixnet-7000.smt2,sat,447.5533308982849
/miplib/pk1--1.smt2,unsat,0.029284238815307617
/miplib/fixnet-3983.smt2,failed,1200.0
/miplib/opt1217--11.smt2,sat,1.8215501308441162
/miplib/opt1217--16.smt2,sat,39.985761880874634
/miplib/danoint-266.smt2,sat,620.491
/miplib/pp08a-4000.smt2,unsat,52.30770444869995
/miplib/pk1-50.smt2,sat,1.1522479057312012
/miplib/vpm2-30.smt2,sat,1.5914218425750732
/miplib/pp08a-7350.smt2,failed,1200.0
/miplib/pp08a-5000.smt2,unsat,203.149
/miplib/fixnet-3000.smt2,failed,1200.0
/miplib/danoint-65.smt2,failed,1200.0
/miplib/pp08a-7349.smt2,failed,1200.0
/miplib/opt1217--27.smt2,failed,1200.0
/miplib/pk1-100.smt2,sat,0.31975245475769043
/miplib/vpm2-20.smt2,sat,179.08
/miplib/vpm2-5.smt2,unsat,1.668419361114502
/miplib/vpm2-13.75.smt2,sat,518.5300540924072
/miplib/opt1217--57.smt2,failed,1200.0
/miplib/pk1-0.smt2,failed,1200.0
/miplib/vpm2-10.smt2,unsat,12.919426679611206
/miplib/vpm2-0.smt2,unsat,1.4136395454406738
/tta_startup/simple_startup_10nodes.abstract.base.smt2,unsat,0.04572772979736328
/tta_startup/simple_startup_9nodes.synchro.base.smt2,unsat,0.037535905838012695
/tta_startup/simple_startup_14nodes.synchro.induct.smt2,unsat,2.881
/tta_startup/simple_startup_11nodes.abstract.base.smt2,unsat,0.04649686813354492
/tta_startup/simple_startup_14nodes.abstract.base.smt2,unsat,0.06356453895568848
/tta_startup/simple_startup_5nodes.synchro.induct.smt2,unsat,0.1568892002105713
/tta_startup/simple_startup_8nodes.missing.induct.smt2,sat,0.7520689964294434
/tta_startup/simple_startup_15nodes.bug.induct.smt2,sat,10.47707462310791
/tta_startup/simple_startup_7nodes.synchro.base.smt2,unsat,0.03489255905151367
/tta_startup/simple_startup_4nodes.missing.induct.smt2,sat,0.16408276557922363
/tta_startup/simple_startup_9nodes.synchro.induct.smt2,unsat,0.660024881362915
/tta_startup/simple_startup_4nodes.bug.induct.smt2,sat,0.27591586112976074
/tta_startup/simple_startup_6nodes.abstract.induct.smt2,unsat,8.381271362304688
/tta_startup/simple_startup_9nodes.abstract.induct.smt2,unsat,32.148
/tta_startup/simple_startup_9nodes.missing.induct.smt2,sat,1.0671732425689697
/tta_startup/simple_startup_4nodes.synchro.induct.smt2,unsat,0.09118485450744629
/tta_startup/simple_startup_7nodes.bug.induct.smt2,sat,0.5486624240875244
/tta_startup/simple_startup_8nodes.bug.induct.smt2,sat,1.3167805671691895
/tta_startup/simple_startup_3nodes.synchro.induct.smt2,unsat,0.0615999698638916
/tta_startup/simple_startup_6nodes.bug.induct.smt2,sat,0.6378293037414551
/tta_startup/simple_startup_10nodes.missing.induct.smt2,sat,1.0891671180725098
/tta_startup/simple_startup_8nodes.synchro.base.smt2,unsat,0.03802013397216797
/tta_startup/simple_startup_3nodes.bug.induct.smt2,sat,0.2250683307647705
/tta_startup/simple_startup_12nodes.bug.induct.smt2,sat,19.525
/tta_startup/simple_startup_3nodes.missing.induct.smt2,sat,0.10362720489501953
/tta_startup/simple_startup_10nodes.synchro.induct.smt2,unsat,1.1569976806640625
/tta_startup/simple_startup_4nodes.abstract.induct.smt2,unsat,1.896557331085205
/tta_startup/simple_startup_5nodes.synchro.base.smt2,unsat,0.02731013298034668
/tta_startup/simple_startup_10nodes.abstract.induct.smt2,unsat,50.673
/tta_startup/simple_startup_6nodes.synchro.induct.smt2,unsat,0.22465229034423828
/tta_startup/simple_startup_14nodes.synchro.base.smt2,unsat,0.07305645942687988
/tta_startup/simple_startup_3nodes.abstract.induct.smt2,unsat,0.6214277744293213
/tta_startup/simple_startup_12nodes.abstract.base.smt2,unsat,0.06067967414855957
/tta_startup/simple_startup_8nodes.abstract.base.smt2,unsat,0.03632521629333496
/tta_startup/simple_startup_15nodes.synchro.base.smt2,unsat,0.08719944953918457
/tta_startup/simple_startup_9nodes.abstract.base.smt2,unsat,0.05514645576477051
/tta_startup/simple_startup_14nodes.missing.induct.smt2,sat,13.708
/tta_startup/simple_startup_7nodes.abstract.induct.smt2,unsat,12.131502866744995
/tta_startup/simple_startup_12nodes.synchro.base.smt2,unsat,0.06275677680969238
/tta_startup/simple_startup_14nodes.abstract.induct.smt2,unsat,203.44166493415833
/tta_startup/simple_startup_4nodes.abstract.base.smt2,unsat,0.02774667739868164
/tta_startup/simple_startup_14nodes.bug.induct.smt2,sat,4.382025957107544
/tta_startup/simple_startup_9nodes.bug.induct.smt2,sat,1.9918179512023926
/tta_startup/simple_startup_7nodes.abstract.base.smt2,unsat,0.03480267524719238
/tta_startup/simple_startup_11nodes.bug.induct.smt2,sat,11.966
/tta_startup/simple_startup_6nodes.missing.induct.smt2,sat,0.4206273555755615
/tta_startup/simple_startup_8nodes.abstract.induct.smt2,unsat,20.58363652229309
/tta_startup/simple_startup_12nodes.missing.induct.smt2,sat,1.8606936931610107
/tta_startup/simple_startup_5nodes.bug.induct.smt2,sat,0.32202672958374023
/tta_startup/simple_startup_4nodes.synchro.base.smt2,unsat,0.02422332763671875
/tta_startup/simple_startup_7nodes.missing.induct.smt2,sat,0.6060547828674316
/tta_startup/simple_startup_5nodes.abstract.base.smt2,unsat,0.022886037826538086
/tta_startup/simple_startup_5nodes.missing.induct.smt2,sat,0.30841064453125
/tta_startup/simple_startup_6nodes.synchro.base.smt2,unsat,0.04868912696838379
/tta_startup/simple_startup_6nodes.abstract.base.smt2,unsat,0.04146099090576172
/tta_startup/simple_startup_15nodes.synchro.induct.smt2,unsat,3.988
/tta_startup/simple_startup_11nodes.synchro.induct.smt2,unsat,1.15682053565979
/tta_startup/simple_startup_12nodes.abstract.induct.smt2,unsat,115.928
/tta_startup/simple_startup_3nodes.synchro.base.smt2,unsat,0.0230863094329834
/tta_startup/simple_startup_12nodes.synchro.induct.smt2,unsat,1.590543270111084
/tta_startup/simple_startup_7nodes.synchro.induct.smt2,unsat,0.36713147163391113
/tta_startup/simple_startup_8nodes.synchro.induct.smt2,unsat,0.4068882465362549
/tta_startup/simple_startup_15nodes.abstract.base.smt2,unsat,0.07200765609741211
/tta_startup/simple_startup_11nodes.synchro.base.smt2,unsat,0.057909250259399414
/tta_startup/simple_startup_15nodes.abstract.induct.smt2,unsat,254.20911169052124
/tta_startup/simple_startup_3nodes.abstract.base.smt2,unsat,0.021473407745361328
/tta_startup/simple_startup_10nodes.synchro.base.smt2,unsat,0.0498204231262207
/tta_startup/simple_startup_5nodes.abstract.induct.smt2,unsat,4.137132883071899
/tta_startup/simple_startup_10nodes.bug.induct.smt2,sat,24.478
/tta_startup/simple_startup_11nodes.missing.induct.smt2,sat,1.025935173034668
/tta_startup/simple_startup_11nodes.abstract.induct.smt2,unsat,79.486
/tta_startup/simple_startup_15nodes.missing.induct.smt2,sat,2.344331741333008
/keymaera/water_tank-node21443.smt2,unsat,0.004
/keymaera/water_tank-node28604.smt2,unsat,0.003
/keymaera/square_root_zuse-node902.smt2,unsat,0.002
/keymaera/division_dijkstra-node701.smt2,unsat,0.001
/keymaera/water_tank-node23593.smt2,unsat,0.003
/keymaera/intersection-example-simple.proof-node606.smt2,unsat,0.002
/keymaera/intersection-example-simple.proof-node634.smt2,unsat,0.003
/keymaera/bouncing-ball-inv-node1935.smt2,unsat,0.002
/keymaera/water_tank-node17126.smt2,unsat,0.006848573684692383
/keymaera/water_tank-node28718.smt2,unsat,0.003
/keymaera/bouncing-ball-simple-node1628.smt2,unsat,0.002
/keymaera/water_tank-node5964.smt2,unsat,0.003
/keymaera/water_tank-node15243.smt2,unsat,0.003
/keymaera/simple_example_2-node2074.smt2,unsat,0.003
/keymaera/simple_example_1-node2318.smt2,unsat,0.002
/keymaera/bouncing-ball-inv-node1886.smt2,unsat,0.003
/keymaera/integer_cubic_root_knuth-node1362.smt2,unsat,0.002
/keymaera/water_tank-node4029.smt2,unsat,0.002
/keymaera/intersection-example-onelane.proof-node846.smt2,unsat,0.003
/keymaera/simple_example_2-node2406.smt2,unsat,0.005
/keymaera/bouncing-ball-simple-node1629.smt2,unsat,0.002
/uart/uart-10.induction.cvc.smt2,sat,0.15560674667358398
/uart/uart-13.induction.cvc.smt2,sat,0.3140721321105957
/uart/uart-22.induction.cvc.smt2,sat,0.7237279415130615
/uart/uart-14.induction.cvc.smt2,sat,0.48107194900512695
/uart/uart-23.base.cvc.smt2,unsat,14.462
/uart/uart-40.induction.cvc.smt2,sat,2.516176462173462
/uart/uart-16.base.cvc.smt2,unsat,3.157
/uart/uart-9.induction.cvc.smt2,sat,0.14137697219848633
/uart/uart-34.base.cvc.smt2,unsat,56.202627420425415
/uart/uart-32.base.cvc.smt2,unsat,44.14417052268982
/uart/uart-17.base.cvc.smt2,unsat,3.612
/uart/uart-6.induction.cvc.smt2,sat,0.06955528259277344
/uart/uart-36.base.cvc.smt2,unsat,79.461
/uart/uart-14.base.cvc.smt2,unsat,1.7901968955993652
/uart/uart-19.induction.cvc.smt2,sat,0.48822784423828125
/uart/uart-9.base.cvc.smt2,unsat,0.26117682456970215
/uart/uart-40.base.cvc.smt2,unsat,130.23044157028198
/uart/uart-38.base.cvc.smt2,unsat,78.919
/uart/uart-27.base.cvc.smt2,unsat,22.699711799621582
/uart/uart-15.induction.cvc.smt2,sat,0.29860830307006836
/uart/uart-17.induction.cvc.smt2,sat,0.5613138675689697
/uart/uart-29.base.cvc.smt2,unsat,33.383
/uart/uart-28.induction.cvc.smt2,sat,0.9883706569671631
/uart/uart-13.base.cvc.smt2,unsat,1.3404686450958252
/uart/uart-20.base.cvc.smt2,unsat,8.917727708816528
/uart/uart-7.induction.cvc.smt2,sat,0.09261751174926758
/uart/uart-31.induction.cvc.smt2,sat,1.2436697483062744
/uart/uart-25.induction.cvc.smt2,sat,0.919560432434082
/uart/uart-18.base.cvc.smt2,unsat,4.8932859897613525
/uart/uart-19.base.cvc.smt2,unsat,5.744
/uart/uart-25.base.cvc.smt2,unsat,19.366402626037598
/uart/uart-28.base.cvc.smt2,unsat,27.6530282497406
/uart/uart-26.base.cvc.smt2,unsat,21.625327348709106
/uart/uart-29.induction.cvc.smt2,sat,1.1992650032043457
/uart/uart-8.induction.cvc.smt2,sat,0.11286473274230957
/uart/uart-21.base.cvc.smt2,unsat,8.538235664367676
/uart/uart-34.induction.cvc.smt2,sat,1.7639305591583252
/uart/uart-36.induction.cvc.smt2,sat,1.9305319786071777
/uart/uart-11.induction.cvc.smt2,sat,0.18546032905578613
/uart/uart-11.base.cvc.smt2,unsat,0.5347888469696045
/uart/uart-27.induction.cvc.smt2,sat,1.053053379058838
/uart/uart-30.induction.cvc.smt2,sat,1.4439523220062256
/uart/uart-32.induction.cvc.smt2,sat,1.588918924331665
/uart/uart-33.base.cvc.smt2,unsat,55.27546715736389
/uart/uart-24.base.cvc.smt2,unsat,14.92513394355774
/uart/uart-23.induction.cvc.smt2,sat,0.7062883377075195
/uart/uart-21.induction.cvc.smt2,sat,0.46384692192077637
/uart/uart-20.induction.cvc.smt2,sat,0.6561126708984375
/uart/uart-5.induction.cvc.smt2,sat,0.0693519115447998
/uart/uart-10.base.cvc.smt2,unsat,0.4366316795349121
/uart/uart-7.base.cvc.smt2,unsat,0.11800098419189453
/uart/uart-35.base.cvc.smt2,unsat,51.731
/uart/uart-37.base.cvc.smt2,unsat,77.122
/uart/uart-22.base.cvc.smt2,unsat,10.824467897415161
/uart/uart-35.induction.cvc.smt2,sat,1.8246502876281738
/uart/uart-16.induction.cvc.smt2,sat,0.5135014057159424
/uart/uart-31.base.cvc.smt2,unsat,37.84086585044861
/uart/uart-33.induction.cvc.smt2,sat,1.4986636638641357
/uart/uart-30.base.cvc.smt2,unsat,39.75023102760315
/uart/uart-39.base.cvc.smt2,unsat,94.316
/uart/uart-18.induction.cvc.smt2,sat,0.4816775321960449
/uart/uart-12.induction.cvc.smt2,sat,0.2991037368774414
/uart/uart-37.induction.cvc.smt2,sat,1.7602977752685547
/uart/uart-38.induction.cvc.smt2,sat,2.3497302532196045
/uart/uart-39.induction.cvc.smt2,sat,1.742915391921997
/uart/uart-24.induction.cvc.smt2,sat,1.104074478149414
/uart/uart-12.base.cvc.smt2,unsat,0.8939344882965088
/uart/uart-6.base.cvc.smt2,unsat,0.07158398628234863
/uart/uart-26.induction.cvc.smt2,sat,1.099182367324829
/uart/uart-5.base.cvc.smt2,unsat,0.06165719032287598
/uart/uart-20-with-lemmas.induction.cvc.smt2,unsat,0.38725829124450684
/uart/uart-8.base.cvc.smt2,unsat,0.17595887184143066
/uart/uart-15.base.cvc.smt2,unsat,2.164
/DTP-Scheduling/constraints-cooking20.smt2,sat,0.04591631889343262
/DTP-Scheduling/constraints-tempo-width-5.smt2,sat,0.02169203758239746
/DTP-Scheduling/constraints-tempo-matrix1x1.pddl.smt2,sat,0.005
/DTP-Scheduling/constraints-tempo-width-10.smt2,sat,0.09212827682495117
/DTP-Scheduling/constraints-tms-2-3-light-90.smt2,sat,0.1772749423980713
/DTP-Scheduling/constraints-tempo-depth-7.smt2,sat,0.019257068634033203
/DTP-Scheduling/constraints-cooking08.smt2,sat,0.022447824478149414
/DTP-Scheduling/constraints-tempo-width-2.smt2,sat,0.00905609130859375
/DTP-Scheduling/constraints-cooking16.smt2,sat,0.028464317321777344
/DTP-Scheduling/constraints-tms-2-3-light-09.smt2,sat,0.02375936508178711
/DTP-Scheduling/constraints-tempo-depth-40.smt2,sat,0.10189318656921387
/DTP-Scheduling/constraints-cooking06.smt2,sat,0.01758098602294922
/DTP-Scheduling/constraints-temporal-machine-shop-2-3-A04.smt2,sat,0.0171051025390625
/DTP-Scheduling/constraints-temporal-machine-shop-2-3-A60.smt2,sat,0.17521357536315918
/DTP-Scheduling/constraints-tempo-width-8.smt2,sat,0.05411863327026367
/DTP-Scheduling/constraints-tempo-depth-8.smt2,sat,0.018268346786499023
/DTP-Scheduling/constraints-tempo-depth-20.smt2,sat,0.039997100830078125
/DTP-Scheduling/constraints-cooking13.smt2,sat,0.031156539916992188
/DTP-Scheduling/constraints-tms-2-3-light-30.smt2,sat,0.05182600021362305
/DTP-Scheduling/constraints-tempo-depth-100.smt2,sat,0.3266007900238037
/DTP-Scheduling/constraints-cooking04.smt2,sat,0.016145944595336914
/DTP-Scheduling/constraints-temporal-machine-shop-2-3-A05.smt2,sat,0.017254114151000977
/DTP-Scheduling/constraints-tempo-width-9.smt2,sat,0.07873702049255371
/DTP-Scheduling/constraints-temporal-machine-shop-2-3-A70.smt2,sat,0.21478509902954102
/DTP-Scheduling/constraints-tms-2-3-light-03.smt2,sat,0.009
/DTP-Scheduling/constraints-tms-2-3-light-20.smt2,sat,0.04010415077209473
/DTP-Scheduling/constraints-cooking11.smt2,sat,0.0298006534576416
/DTP-Scheduling/constraints-temporal-machine-shop-2-3-A20.smt2,sat,0.05231142044067383
/DTP-Scheduling/constraints-tempo-depth-2.smt2,sat,0.008
/DTP-Scheduling/constraints-tempo-width-30.smt2,sat,1.8916172981262207
/DTP-Scheduling/constraints-tempo-matrix8x8.pddl.smt2,sat,0.7986986637115479
/DTP-Scheduling/constraints-cooking22.smt2,sat,0.0442042350769043
/DTP-Scheduling/constraints-tempo-width-3.smt2,sat,0.01279902458190918
/DTP-Scheduling/constraints-tms-2-3-light-07.smt2,sat,0.026
/DTP-Scheduling/constraints-temporal-machine-shop-2-3-A80.smt2,sat,0.23199677467346191
/DTP-Scheduling/constraints-cooking14.smt2,sat,0.02849292755126953
/DTP-Scheduling/constraints-tms-2-3-light-40.smt2,sat,0.06625008583068848
/DTP-Scheduling/constraints-tempo-depth-4.smt2,sat,0.012645721435546875
/DTP-Scheduling/constraints-tms-2-3-light-06.smt2,sat,0.015427350997924805
/DTP-Scheduling/constraints-tempo-width-60.smt2,sat,15.044080972671509
/DTP-Scheduling/constraints-cooking15.smt2,sat,0.0299530029296875
/DTP-Scheduling/constraints-tempo-width-4.smt2,sat,0.016503095626831055
/DTP-Scheduling/constraints-tms-2-3-light-70.smt2,sat,0.11325550079345703
/DTP-Scheduling/constraints-cooking09.smt2,sat,0.02573871612548828
/DTP-Scheduling/constraints-tempo-depth-6.smt2,sat,0.013123273849487305
/DTP-Scheduling/constraints-tempo-depth-9.smt2,sat,0.0193021297454834
/DTP-Scheduling/constraints-tms-2-3-light-08.smt2,sat,0.01904153823852539
/DTP-Scheduling/constraints-tempo-matrix6x6.pddl.smt2,sat,0.27442407608032227
/DTP-Scheduling/constraints-cooking17.smt2,sat,0.03366971015930176
/DTP-Scheduling/constraints-tempo-width-6.smt2,sat,0.03951668739318848
/DTP-Scheduling/constraints-tempo-width-40.smt2,sat,12.31
/DTP-Scheduling/constraints-cooking19.smt2,sat,0.036773681640625
/DTP-Scheduling/constraints-tempo-depth-5.smt2,sat,0.01144719123840332
/DTP-Scheduling/constraints-tempo-matrix3x3.pddl.smt2,sat,0.03030681610107422
/DTP-Scheduling/constraints-cooking05.smt2,sat,0.013262748718261719
/DTP-Scheduling/constraints-temporal-machine-shop-2-3-A03.smt2,sat,0.01078033447265625
/DTP-Scheduling/constraints-tms-2-3-light-05.smt2,sat,0.014919519424438477
/DTP-Scheduling/constraints-tms-2-3-light-80.smt2,sat,0.13307595252990723
/DTP-Scheduling/constraints-cooking12.smt2,sat,0.02300095558166504
/DTP-Scheduling/constraints-tempo-depth-30.smt2,sat,0.06980156898498535
/DTP-Scheduling/constraints-cooking02.smt2,sat,0.00938272476196289
/DTP-Scheduling/constraints-cooking03.smt2,sat,0.014
/DTP-Scheduling/constraints-tempo-width-70.smt2,sat,103.969
/DTP-Scheduling/constraints-temporal-machine-shop-2-3-A08.smt2,sat,0.023096799850463867
/DTP-Scheduling/constraints-cooking07.smt2,sat,0.02702784538269043
/DTP-Scheduling/constraints-temporal-machine-shop-2-3-A09.smt2,sat,0.02979731559753418
/DTP-Scheduling/constraints-tempo-depth-10.smt2,sat,0.02039337158203125
/DTP-Scheduling/constraints-tempo-width-1.smt2,sat,0.006
/DTP-Scheduling/constraints-temporal-machine-shop-2-3-A30.smt2,sat,0.08857154846191406
/DTP-Scheduling/constraints-tempo-depth-150.smt2,sat,0.5349776744842529
/DTP-Scheduling/constraints-temporal-machine-shop-2-3-A06.smt2,sat,0.022839069366455078
/DTP-Scheduling/constraints-temporal-machine-shop-2-3-A07.smt2,sat,0.035
/DTP-Scheduling/constraints-tempo-matrix5x5.pddl.smt2,sat,0.1636512279510498
/DTP-Scheduling/constraints-tempo-width-50.smt2,sat,28.762
/DTP-Scheduling/constraints-tms-2-3-light-60.smt2,sat,0.1021428108215332
/DTP-Scheduling/constraints-tempo-depth-3.smt2,sat,0.01
/DTP-Scheduling/constraints-tempo-width-20.smt2,sat,0.596747875213623
/DTP-Scheduling/constraints-cooking18.smt2,sat,0.03392982482910156
/DTP-Scheduling/constraints-tempo-matrix2x2.pddl.smt2,sat,0.014802217483520508
/DTP-Scheduling/constraints-tms-2-3-light-04.smt2,sat,0.01441335678100586
/DTP-Scheduling/constraints-tms-2-3-light-10.smt2,sat,0.01811528205871582
/DTP-Scheduling/constraints-cooking23.smt2,sat,0.040464162826538086
/DTP-Scheduling/constraints-cooking01.smt2,sat,0.008211135864257812
/DTP-Scheduling/constraints-cooking10.smt2,sat,0.01879429817199707
/DTP-Scheduling/constraints-tempo-depth-50.smt2,sat,0.13010144233703613
/DTP-Scheduling/constraints-tempo-matrix4x4.pddl.smt2,sat,0.07565474510192871
/DTP-Scheduling/constraints-tempo-matrix7x7.pddl.smt2,sat,0.4752988815307617
/DTP-Scheduling/constraints-temporal-machine-shop-2-3-A40.smt2,sat,0.11792421340942383
/DTP-Scheduling/constraints-temporal-machine-shop-2-3-A10.smt2,sat,0.032422780990600586
/DTP-Scheduling/constraints-tempo-width-7.smt2,sat,0.037763118743896484
/DTP-Scheduling/constraints-cooking21.smt2,sat,0.04177260398864746
/sal/windowreal/windowreal-no_t_deadlock-19.smt2,unsat,0.09789633750915527
/sal/windowreal/windowreal-safe-4.smt2,sat,0.026121139526367188
/sal/windowreal/windowreal-no_t_deadlock-14.smt2,unsat,0.08504676818847656
/sal/windowreal/windowreal-safe2-1.smt2,unsat,0.005
/sal/windowreal/windowreal-no_t_deadlock-3.smt2,unsat,0.015959501266479492
/sal/windowreal/windowreal-no_t_deadlock-6.smt2,unsat,0.030299901962280273
/sal/windowreal/windowreal-safe-3.smt2,sat,0.018213510513305664
/sal/windowreal/windowreal-no_t_deadlock-12.smt2,unsat,0.05965709686279297
/sal/windowreal/windowreal-safe-2.smt2,unsat,0.015051603317260742
/sal/windowreal/windowreal-safe-1.smt2,unsat,0.005
/sal/windowreal/windowreal-safe2-3.smt2,sat,0.016501903533935547
/sal/windowreal/windowreal-no_t_deadlock-15.smt2,unsat,0.07660531997680664
/sal/windowreal/windowreal-no_t_deadlock-7.smt2,unsat,0.03582644462585449
/sal/windowreal/windowreal-safe2-2.smt2,unsat,0.013937234878540039
/sal/windowreal/windowreal-no_t_deadlock-9.smt2,unsat,0.0434567928314209
/sal/windowreal/windowreal-no_t_deadlock-5.smt2,unsat,0.03456544876098633
/sal/windowreal/windowreal-safe2-4.smt2,sat,0.02375316619873047
/sal/windowreal/windowreal-no_t_deadlock-2.smt2,unsat,0.014272689819335938
/sal/windowreal/windowreal-no_t_deadlock-11.smt2,unsat,0.07071805000305176
/sal/windowreal/windowreal-no_t_deadlock-8.smt2,unsat,0.039678096771240234
/sal/windowreal/windowreal-no_t_deadlock-10.smt2,unsat,0.045855045318603516
/sal/windowreal/windowreal-no_t_deadlock-13.smt2,unsat,0.06451869010925293
/sal/windowreal/windowreal-no_t_deadlock-16.smt2,unsat,0.09641599655151367
/sal/windowreal/windowreal-no_t_deadlock-1.smt2,unsat,0.00702667236328125
/sal/windowreal/windowreal-no_t_deadlock-18.smt2,unsat,0.10239148139953613
/sal/windowreal/windowreal-no_t_deadlock-20.smt2,unsat,0.0921483039855957
/sal/windowreal/windowreal-no_t_deadlock-4.smt2,unsat,0.02231574058532715
/sal/windowreal/windowreal-no_t_deadlock-17.smt2,unsat,0.08652424812316895
/sal/carpark/Carpark2-ausgabe-7.smt2,unsat,0.058678388595581055
/sal/carpark/Carpark2-ausgabe-6.smt2,unsat,0.04706430435180664
/sal/carpark/Carpark2-ausgabe-2.smt2,unsat,0.018819093704223633
/sal/carpark/Carpark2-ausgabe-4.smt2,unsat,0.036513328552246094
/sal/carpark/Carpark2-ausgabe-3.smt2,unsat,0.014690399169921875
/sal/carpark/Carpark2-t1-2.smt2,unsat,0.01284933090209961
/sal/carpark/Carpark2-t1-3.smt2,unsat,0.024669647216796875
/sal/carpark/Carpark2-ausgabe-8.smt2,sat,0.07994627952575684
/sal/carpark/Carpark2-ausgabe-5.smt2,unsat,0.04601407051086426
/sal/carpark/Carpark2-ausgabe-1.smt2,unsat,0.007574319839477539
/sal/carpark/Carpark2-t1-1.smt2,unsat,0.01
/sal/carpark/Carpark2-t1-4.smt2,sat,0.035628318786621094
/sal/gasburner/gasburner-prop3-18.smt2,unsat,0.07966732978820801
/sal/gasburner/gasburner-prop3-2.smt2,unsat,0.009
/sal/gasburner/gasburner-prop3-9.smt2,unsat,0.037795305252075195
/sal/gasburner/gasburner-prop3-12.smt2,unsat,0.04268836975097656
/sal/gasburner/gasburner-prop3-11.smt2,unsat,0.041086435317993164
/sal/gasburner/gasburner-prop3-4.smt2,unsat,0.014215230941772461
/sal/gasburner/gasburner-prop3-6.smt2,unsat,0.02398228645324707
/sal/gasburner/gasburner-prop3-14.smt2,unsat,0.0619814395904541
/sal/gasburner/gasburner-prop3-7.smt2,unsat,0.024809837341308594
/sal/gasburner/gasburner-prop3-8.smt2,unsat,0.02938246726989746
/sal/gasburner/gasburner-prop3-13.smt2,unsat,0.0567319393157959
/sal/gasburner/gasburner-prop3-10.smt2,unsat,0.04003477096557617
/sal/gasburner/gasburner-prop3-20.smt2,unsat,0.08429360389709473
/sal/gasburner/gasburner-prop3-1.smt2,unsat,0.005
/sal/gasburner/gasburner-prop3-16.smt2,unsat,0.05948328971862793
/sal/gasburner/gasburner-prop3-5.smt2,unsat,0.021241426467895508
/sal/gasburner/gasburner-prop3-17.smt2,unsat,0.06483721733093262
/sal/gasburner/gasburner-prop3-15.smt2,unsat,0.05765104293823242
/sal/gasburner/gasburner-prop3-3.smt2,unsat,0.012542009353637695
/sal/gasburner/gasburner-prop3-19.smt2,unsat,0.0824289321899414
/sal/pursuit/pursuit-safety-4.smt2,unsat,0.0458979606628418
/sal/pursuit/pursuit-safety-18.smt2,unsat,0.14696288108825684
/sal/pursuit/pursuit-safety-1.smt2,unsat,0.009
/sal/pursuit/pursuit-safety-19.smt2,unsat,0.1439495086669922
/sal/pursuit/pursuit-safety-7.smt2,unsat,0.07715988159179688
/sal/pursuit/pursuit-safety-16.smt2,unsat,0.13460659980773926
/sal/pursuit/pursuit-safety-14.smt2,unsat,0.13846468925476074
/sal/pursuit/pursuit-safety-10.smt2,unsat,0.09284377098083496
/sal/pursuit/pursuit-safety-20.smt2,unsat,0.20388221740722656
/sal/pursuit/pursuit-safety-6.smt2,unsat,0.06069493293762207
/sal/pursuit/pursuit-safety-12.smt2,unsat,0.0994267463684082
/sal/pursuit/pursuit-safety-13.smt2,unsat,0.11005735397338867
/sal/pursuit/pursuit-safety-8.smt2,unsat,0.10354852676391602
/sal/pursuit/pursuit-safety-5.smt2,unsat,0.049132347106933594
/sal/pursuit/pursuit-safety-3.smt2,unsat,0.022176265716552734
/sal/pursuit/pursuit-safety-2.smt2,unsat,0.01694941520690918
/sal/pursuit/pursuit-safety-11.smt2,unsat,0.11275577545166016
/sal/pursuit/pursuit-safety-9.smt2,unsat,0.14961814880371094
/sal/pursuit/pursuit-safety-17.smt2,unsat,0.12660002708435059
/sal/pursuit/pursuit-safety-15.smt2,unsat,0.14226150512695312
/sal/tgc/tgc_io-safe-17.smt2,sat,0.2852029800415039
/sal/tgc/tgc_io-safe-18.smt2,sat,0.14203310012817383
/sal/tgc/tgc_io-safe-2.smt2,unsat,0.014040708541870117
/sal/tgc/tgc_io-safe-3.smt2,unsat,0.019859790802001953
/sal/tgc/tgc_io-safe-9.smt2,unsat,0.06267261505126953
/sal/tgc/tgc_io-safe-5.smt2,unsat,0.027358055114746094
/sal/tgc/tgc_io-safe-20.smt2,sat,0.27974629402160645
/sal/tgc/tgc_io-safe-11.smt2,unsat,0.08535051345825195
/sal/tgc/tgc_io-nosafe-2.smt2,unsat,0.022856473922729492
/sal/tgc/tgc_io-nosafe-7.smt2,sat,0.04408693313598633
/sal/tgc/tgc_io-safe-14.smt2,unsat,0.22332072257995605
/sal/tgc/tgc_io-safe-1.smt2,unsat,0.005
/sal/tgc/tgc_io-safe-7.smt2,unsat,0.043599605560302734
/sal/tgc/tgc_io-nosafe-4.smt2,unsat,0.03072214126586914
/sal/tgc/tgc_io-safe-19.smt2,sat,0.20518946647644043
/sal/tgc/tgc_io-safe-8.smt2,unsat,0.05652332305908203
/sal/tgc/tgc_io-nosafe-1.smt2,unsat,0.005
/sal/tgc/tgc_io-safe-16.smt2,unsat,0.23511338233947754
/sal/tgc/tgc_io-safe-10.smt2,unsat,0.08862090110778809
/sal/tgc/tgc_io-nosafe-3.smt2,unsat,0.018722057342529297
/sal/tgc/tgc_io-safe-12.smt2,unsat,0.13922548294067383
/sal/tgc/tgc_io-safe-15.smt2,unsat,0.2347412109375
/sal/tgc/tgc_io-safe-13.smt2,unsat,0.14090442657470703
/sal/tgc/tgc_io-safe-4.smt2,unsat,0.027408123016357422
/sal/tgc/tgc_io-nosafe-6.smt2,unsat,0.03857612609863281
/sal/tgc/tgc_io-nosafe-5.smt2,unsat,0.030473947525024414
/sal/tgc/tgc_io-safe-6.smt2,unsat,0.03140449523925781
/latendresse/ecoliMILPglycerolYices3-100000.smt2,failed,1200.0
/latendresse/ecoliFBAyicesTest-750.smt2,sat,254.998
/latendresse/ecoliMILPglycerolYices3-60000.smt2,failed,1200.0
/latendresse/ecoliMILPglycerolYices3-50000.smt2,failed,1200.0
/latendresse/ecoliFBAyicesTest-3875-4.smt2,sat,244.525
/latendresse/ecoliFBAyicesTest-15875-16.smt2,sat,258.882
/latendresse/ecoliMILPglycerolYices3-5000.smt2,sat,64.79333806037903
/latendresse/shewanella-compact2.smt2,unsat,13.207920789718628
/latendresse/ecoliMILPglycerolYices3-80000.smt2,failed,1200.0
/latendresse/shewanella-compact2b.smt2,sat,18.193
/latendresse/ecoliFBAyicesTest-63875-64.smt2,sat,260.978
/latendresse/ecoliMILPglycerolYices3-300000.smt2,failed,1200.0
/latendresse/ecoliFBAyicesTest-500.smt2,sat,247.487
/latendresse/ecoliMILPglycerolYices3-90000.smt2,failed,1200.0
/latendresse/ecoliFBAyicesTest-875.smt2,sat,261.781
/latendresse/ecoliFBAyicesTest-31875-32.smt2,sat,233.407
/latendresse/ecoliFBAyicesTest-1875-2.smt2,sat,262.687
/latendresse/ecoliMILPglycerolYices3-70000.smt2,failed,1200.0
/2019-ezsmt/routingMax/SCC_strong/p50.56.smt2,sat,17.988182067871094
/2019-ezsmt/robotics/1_4.smt2,unsat,0.006
/2019-ezsmt/robotics/2_4.smt2,unsat,0.012
/2019-ezsmt/robotics/4_4.smt2,unsat,0.010390758514404297
/2019-ezsmt/robotics/2_1.smt2,unsat,0.012169361114501953
/2019-ezsmt/robotics/1_1.smt2,unsat,0.006
/2019-ezsmt/robotics/3_3.smt2,unsat,0.011
/2019-ezsmt/robotics/4_3.smt2,unsat,0.014
/2019-ezsmt/robotics/2_3.smt2,unsat,0.012714385986328125
/2019-ezsmt/robotics/4_1.smt2,unsat,0.012918949127197266
/2019-ezsmt/robotics/3_4.smt2,unsat,0.011
/2019-ezsmt/robotics/3_1.smt2,unsat,0.012
/2019-ezsmt/robotics/1_3.smt2,unsat,0.006
/2019-ezsmt/routingMin/SCC_strong/d40.5.smt2,sat,0.1208803653717041
/2019-ezsmt/routingMin/SCC_strong/d80.3.smt2,sat,0.18045306205749512
/2019-ezsmt/routingMin/SCC_strong/d90.7.smt2,sat,0.10308456420898438
/2019-ezsmt/routingMin/SCC_strong/d100.3.smt2,sat,0.09103775024414062
/2019-ezsmt/routingMin/SCC_strong/d70.3.smt2,sat,0.0823972225189209
/2019-ezsmt/routingMin/SCC_strong/d130.1.smt2,sat,0.10228967666625977
/2019-ezsmt/routingMin/SCC_strong/d60.2.smt2,sat,0.2970147132873535
/2019-ezsmt/routingMin/SCC_strong/d120.7.smt2,sat,0.10466265678405762
/2019-ezsmt/routingMin/SCC_strong/d50.9.smt2,sat,0.29654574394226074
/2019-ezsmt/routingMin/SCC_strong/d110.6.smt2,sat,0.14984846115112305
/2019-ezsmt/blending/8.smt2,unsat,2.428720474243164
/2019-ezsmt/blending/16.smt2,unsat,2.442958354949951
/2019-ezsmt/blending/2.smt2,sat,0.02557826042175293
/2019-ezsmt/blending/20.smt2,sat,0.036331892013549805
/2019-ezsmt/blending/24.smt2,sat,0.09703254699707031
/2019-ezsmt/blending/12.smt2,sat,1.2871458530426025
/2019-ezsmt/blending/5.smt2,unsat,2.256
/2019-ezsmt/blending/7.smt2,sat,0.15219378471374512
/2019-ezsmt/blending/14.smt2,sat,0.5320332050323486
/2019-ezsmt/blending/18.smt2,sat,0.4039750099182129
/2019-ezsmt/blending/13.smt2,unsat,2.509141445159912
/2019-ezsmt/blending/21.smt2,sat,0.025669574737548828
/2019-ezsmt/blending/3.smt2,sat,0.429
/2019-ezsmt/blending/22.smt2,sat,0.07761669158935547
/2019-ezsmt/blending/19.smt2,sat,0.06452298164367676
/2019-ezsmt/blending/28.smt2,sat,0.06656813621520996
/2019-ezsmt/blending/10.smt2,unsat,3.383
/2019-ezsmt/blending/17.smt2,sat,0.0253143310546875
/2019-ezsmt/blending/11.smt2,sat,0.024501562118530273
/2019-ezsmt/blending/23.smt2,sat,0.045456647872924805
/2019-ezsmt/blending/input01.txt.smt2,sat,0.03208589553833008
/2019-ezsmt/blending/4.smt2,unsat,2.7438318729400635
/2019-ezsmt/blending/27.smt2,sat,0.0688941478729248
/2019-ezsmt/blending/1.smt2,unsat,3.1361513137817383
/2019-ezsmt/blending/15.smt2,sat,0.02594757080078125
/2019-ezsmt/blending/6.smt2,unsat,3.725
/2019-ezsmt/blending/26.smt2,sat,0.027174949645996094
/2019-ezsmt/blending/9.smt2,unsat,2.991
/2019-ezsmt/blending/29.smt2,sat,0.024674415588378906
/2019-ezsmt/blending/25.smt2,sat,0.052544355392456055
/2019-ezsmt/travellingSalesperson/tsp_rand_70_300_1155482584_5.lp.smt2,sat,2.530332088470459
/2019-ezsmt/travellingSalesperson/rand_70_300_1155482584_7.lp.smt2,sat,6.967
/2019-ezsmt/travellingSalesperson/dom_rand_70_300_1155482584_3.lp.smt2,sat,3.075396776199341
/2019-ezsmt/travellingSalesperson/rand_70_300_1155482584_12.lp.smt2,sat,5.199
/2019-ezsmt/travellingSalesperson/rand_70_300_1155482584_3.lp.smt2,sat,22.052
/2019-ezsmt/travellingSalesperson/rand_80_340_1159656267_10.lp.smt2,sat,7.624222040176392
/2019-ezsmt/travellingSalesperson/rand_70_300_1155482584_5.lp.smt2,sat,2.5386505126953125
/2019-ezsmt/travellingSalesperson/rand_80_340_1159656267_11.lp.smt2,sat,3.5037426948547363
/2019-ezsmt/travellingSalesperson/tsp_rand_70_300_1155482584_12.lp.smt2,sat,4.0877275466918945
/2019-ezsmt/travellingSalesperson/rand_70_300_1155482584_4.lp.smt2,sat,12.416
/2019-ezsmt/travellingSalesperson/rand_80_340_1159656267_16.lp.smt2,sat,3.9298980236053467
/2019-ezsmt/travellingSalesperson/rand_80_340_1159656267_13.lp.smt2,sat,10.895
/2019-ezsmt/travellingSalesperson/tsp_rand_70_300_1155482584_0.lp.smt2,sat,22.755
/2019-ezsmt/travellingSalesperson/rand_80_340_1159656267_6.lp.smt2,sat,56.482
/2019-ezsmt/travellingSalesperson/tsp_rand_70_300_1155482584_14.lp.smt2,sat,2.8032469749450684
/2019-ezsmt/travellingSalesperson/rand_80_340_1159656267_15.lp.smt2,sat,3.834507465362549
/2019-ezsmt/travellingSalesperson/tsp_rand_70_300_1155482584_11.lp.smt2,sat,1.2935686111450195
/2019-ezsmt/travellingSalesperson/rand_70_300_1155482584_14.lp.smt2,sat,4.393808603286743
/2019-ezsmt/travellingSalesperson/rand_70_300_1155482584_11.lp.smt2,sat,2.4045674800872803
/2019-ezsmt/travellingSalesperson/tsp_rand_70_300_1155482584_8.lp.smt2,sat,2.3004372119903564
/2019-ezsmt/travellingSalesperson/tsp_rand_70_300_1155482584_7.lp.smt2,sat,2.1255106925964355
/2019-ezsmt/travellingSalesperson/rand_70_300_1155482584_9.lp.smt2,sat,32.962
/2019-ezsmt/travellingSalesperson/tsp_rand_70_300_1155482584_9.lp.smt2,sat,2.7768115997314453
/2019-ezsmt/travellingSalesperson/rand_80_340_1159656267_17.lp.smt2,sat,4.9358720779418945
/2019-ezsmt/travellingSalesperson/rand_70_300_1155482584_0.lp.smt2,sat,19.962
/2019-ezsmt/travellingSalesperson/rand_80_340_1159656267_0.lp.smt2,sat,10.723091840744019
/2019-ezsmt/travellingSalesperson/rand_70_300_1155482584_8.lp.smt2,sat,0.910269021987915
/2019-ezsmt/travellingSalesperson/rand_80_340_1159656267_4.lp.smt2,sat,22.755
/2019-ezsmt/travellingSalesperson/rand_80_340_1159656267_18.lp.smt2,sat,11.45326852798462
/2019-ezsmt/travellingSalesperson/tsp_rand_70_300_1155482584_4.lp.smt2,sat,1.6897556781768799
/2019-ezsmt/Labyrinth/SCC_Strong/0143-labyrinth-14-0.smt2,failed,1200.0
/2019-ezsmt/Labyrinth/SCC_Strong/0051-labyrinth-12-0.smt2,failed,1200.0
/2019-ezsmt/Labyrinth/SCC_Strong/0084-labyrinth-17-0.smt2,failed,1200.0
/2019-ezsmt/Labyrinth/SCC_Strong/0003-labyrinth-11-0.smt2,failed,1200.0
/2019-ezsmt/Labyrinth/SCC_Strong/0092-labyrinth-17-0.smt2,failed,1200.0
/2019-ezsmt/Labyrinth/SCC_Strong/0110-labyrinth-16-0.smt2,failed,1200.0
/2019-ezsmt/Labyrinth/SCC_Strong/0198-labyrinth-19-0.smt2,failed,1200.0
/2019-ezsmt/Labyrinth/SCC_Strong/0075-labyrinth-13-0.smt2,failed,1200.0
/2019-ezsmt/Labyrinth/SCC_Strong/0036-labyrinth-17-0.smt2,failed,1200.0
/2019-ezsmt/Labyrinth/SCC_Strong/0043-labyrinth-13-0.smt2,failed,1200.0
/2019-ezsmt/Labyrinth/SCC_Strong/0100-labyrinth-17-0.smt2,failed,1200.0
/2019-ezsmt/Labyrinth/SCC_Strong/0018-labyrinth-11-0.smt2,failed,1200.0
/2019-ezsmt/Labyrinth/SCC_Strong/0206-labyrinth-20-0.smt2,failed,1200.0
/2019-ezsmt/Labyrinth/SCC_Strong/0150-labyrinth-16-0.smt2,failed,1200.0
/2019-ezsmt/Labyrinth/SCC_Strong/0159-labyrinth-20-0.smt2,failed,1200.0
/2019-ezsmt/Labyrinth/SCC_Strong/0165-labyrinth-13-0.smt2,failed,1200.0
/2019-ezsmt/Labyrinth/SCC_Strong/0011-labyrinth-12-0.smt2,failed,1200.0
/2019-ezsmt/Labyrinth/SCC_Strong/0067-labyrinth-18-0.smt2,failed,1200.0
/2019-ezsmt/Labyrinth/SCC_Strong/0059-labyrinth-13-0.smt2,failed,1200.0
/2019-ezsmt/Labyrinth/SCC_Strong/0028-labyrinth-12-0.smt2,failed,1200.0
/2019-ezsmt/Labyrinth/SCC_Strong/0132-labyrinth-12-0.smt2,failed,1200.0
/2019-ezsmt/Labyrinth/SCC_Strong/0175-labyrinth-15-0.smt2,failed,1200.0
/TM/p-1-bucket_s9.smt2,sat,1.5388388633728027
/TM/p-0-bucket_s10.smt2,sat,0.23381543159484863
/TM/p7-driverlogNumeric_s7.smt2,sat,0.9438290596008301
/TM/p6-zenonumeric_s9.smt2,sat,1.4278509616851807
/TM/p6-zenonumeric_s5.smt2,sat,0.3203113079071045
/TM/p5-driverlogNumeric_s9.smt2,unsat,0.347506046295166
/TM/p5-zenonumeric_s7.smt2,sat,0.7588458061218262
/TM/p7-zenonumeric_s6.smt2,sat,0.688962459564209
/TM/p5-zenonumeric_s5.smt2,sat,0.3523266315460205
/TM/p4-zenonumeric_s5.smt2,sat,0.15888643264770508
/TM/p3-driverlogNumeric_s8.smt2,sat,0.1998453140258789
/TM/p4-driverlogNumeric_s8.smt2,sat,0.3765134811401367
/TM/p-driverlogNumeric_s7.smt2,sat,0.06498312950134277
/TM/p-DepotsNum_s8.msat.smt2,sat,0.43005943298339844
/TM/p-2-bucket_s11.smt2,sat,1.0376863479614258
/TM/p3-zenonumeric_s5.smt2,sat,0.19904613494873047
/TM/p2-zenonumeric_s6.smt2,sat,0.08443021774291992
/TM/p6-driverlogNumeric_s5.smt2,sat,0.11429095268249512
/TM/p-0-bucket_s13.smt2,sat,0.7488901615142822
/TM/p-3-bucket_s10.smt2,sat,23.059
/TM/p-0-bucket_s7.smt2,sat,0.11734652519226074
/TM/p6-zenonumeric_s7.smt2,sat,1.0303082466125488
/TM/p2-driverlogNumeric_s10.smt2,sat,0.3209657669067383
/TM/p5-driverlogNumeric_s8.smt2,sat,0.552478551864624
/TM/p7-driverlogNumeric_s8.smt2,sat,1.295461893081665
/meti-tarski/log/fun-ineq/log-fun-ineq-g-chunk-0038.smt2,unsat,0.003
/meti-tarski/log/fun-ineq/log-fun-ineq-g-chunk-0010.smt2,unsat,0.00655674934387207
/meti-tarski/Arthan/1A/Arthan1A-chunk-0016.smt2,sat,0.003
/meti-tarski/Arthan/1A/Arthan1A-chunk-0015.smt2,sat,0.004
/meti-tarski/sqrt/problem/sqrt-problem-Melquiond2-chunk-0027.smt2,unsat,0.003
/meti-tarski/sqrt/problem/sqrt-problem-Melquiond2-chunk-0051.smt2,unsat,0.003
/meti-tarski/sqrt/problem/sqrt-problem-Melquiond2-chunk-0048.smt2,unsat,0.003
/meti-tarski/sqrt/problem/12vars3/sqrt-problem-12vars3-chunk-0018.smt2,sat,0.002
/meti-tarski/sqrt/1mcosq/7/sqrt-1mcosq-7-chunk-0004.smt2,sat,0.003
/meti-tarski/sqrt/1mcosq/7/sqrt-1mcosq-7-chunk-0014.smt2,sat,0.002
/meti-tarski/sqrt/1mcosq/7/sqrt-1mcosq-7-chunk-0062.smt2,unsat,0.003
/meti-tarski/sqrt/1mcosq/7/sqrt-1mcosq-7-chunk-0103.smt2,sat,0.004
/meti-tarski/sqrt/1mcosq/7/sqrt-1mcosq-7-chunk-0092.smt2,sat,0.004
/meti-tarski/sqrt/1mcosq/7/sqrt-1mcosq-7-chunk-0082.smt2,sat,0.003
/meti-tarski/sqrt/1mcosq/7/sqrt-1mcosq-7-chunk-0069.smt2,sat,0.004
/meti-tarski/sqrt/1mcosq/7/sqrt-1mcosq-7-chunk-0120.smt2,sat,0.003
/meti-tarski/sqrt/1mcosq/7/sqrt-1mcosq-7-chunk-0106.smt2,sat,0.003
/meti-tarski/sqrt/1mcosq/7/sqrt-1mcosq-7-chunk-0016.smt2,unsat,0.003
/meti-tarski/sqrt/1mcosq/7/sqrt-1mcosq-7-chunk-0098.smt2,sat,0.004
/meti-tarski/sqrt/1mcosq/7/sqrt-1mcosq-7-chunk-0105.smt2,sat,0.003
/meti-tarski/sqrt/1mcosq/7/sqrt-1mcosq-7-chunk-0012.smt2,sat,0.003
/meti-tarski/sqrt/1mcosq/7/sqrt-1mcosq-7-chunk-0015.smt2,unsat,0.002
/meti-tarski/sqrt/1mcosq/7/sqrt-1mcosq-7-chunk-0108.smt2,unsat,0.003
/meti-tarski/sqrt/1mcosq/7/sqrt-1mcosq-7-chunk-0100.smt2,sat,0.003
/meti-tarski/sqrt/1mcosq/7/sqrt-1mcosq-7-chunk-0011.smt2,sat,0.003
/meti-tarski/sqrt/1mcosq/7/sqrt-1mcosq-7-chunk-0009.smt2,sat,0.003
/meti-tarski/sqrt/1mcosq/7/sqrt-1mcosq-7-chunk-0067.smt2,sat,0.004
/meti-tarski/sqrt/1mcosq/7/sqrt-1mcosq-7-chunk-0080.smt2,sat,0.002
/meti-tarski/sqrt/1mcosq/7/sqrt-1mcosq-7-chunk-0008.smt2,sat,0.004
/meti-tarski/sqrt/1mcosq/7/sqrt-1mcosq-7-chunk-0006.smt2,sat,0.003
/meti-tarski/sqrt/1mcosq/7/sqrt-1mcosq-7-chunk-0061.smt2,unsat,0.003
/meti-tarski/sqrt/1mcosq/7/sqrt-1mcosq-7-chunk-0126.smt2,unsat,0.003
/meti-tarski/sqrt/1mcosq/7/sqrt-1mcosq-7-chunk-0064.smt2,sat,0.004
/meti-tarski/sqrt/1mcosq/7/sqrt-1mcosq-7-chunk-0122.smt2,sat,0.002
/meti-tarski/sqrt/1mcosq/7/sqrt-1mcosq-7-chunk-0091.smt2,unsat,0.004
/meti-tarski/sqrt/1mcosq/7/sqrt-1mcosq-7-chunk-0065.smt2,sat,0.003
/meti-tarski/sqrt/1mcosq/7/sqrt-1mcosq-7-chunk-0107.smt2,sat,0.003
/meti-tarski/sqrt/1mcosq/7/sqrt-1mcosq-7-chunk-0066.smt2,sat,0.003
/meti-tarski/sqrt/1mcosq/7/sqrt-1mcosq-7-chunk-0059.smt2,sat,0.002
/meti-tarski/sqrt/1mcosq/7/sqrt-1mcosq-7-chunk-0101.smt2,sat,0.003
/meti-tarski/sqrt/1mcosq/7/sqrt-1mcosq-7-chunk-0068.smt2,sat,0.003
/meti-tarski/sqrt/1mcosq/7/sqrt-1mcosq-7-chunk-0058.smt2,sat,0.004
/meti-tarski/sqrt/1mcosq/8/sqrt-1mcosq-8-chunk-0010.smt2,sat,0.002
/meti-tarski/sqrt/1mcosq/8/sqrt-1mcosq-8-chunk-0037.smt2,sat,0.003
/meti-tarski/sqrt/1mcosq/8/sqrt-1mcosq-8-chunk-0415.smt2,unsat,0.004
/meti-tarski/sqrt/1mcosq/8/sqrt-1mcosq-8-chunk-0035.smt2,unsat,0.004
/meti-tarski/sqrt/1mcosq/8/sqrt-1mcosq-8-chunk-0012.smt2,sat,0.003
/meti-tarski/sqrt/1mcosq/8/sqrt-1mcosq-8-chunk-0417.smt2,sat,0.004
/meti-tarski/sqrt/1mcosq/8/sqrt-1mcosq-8-chunk-0011.smt2,sat,0.004
/meti-tarski/sqrt/1mcosq/8/sqrt-1mcosq-8-chunk-0716.smt2,sat,0.003
/meti-tarski/sqrt/1mcosq/8/sqrt-1mcosq-8-chunk-0033.smt2,sat,0.004
/meti-tarski/sqrt/1mcosq/8/sqrt-1mcosq-8-chunk-0029.smt2,unsat,0.006256818771362305
/meti-tarski/sqrt/1mcosq/8/sqrt-1mcosq-8-chunk-0707.smt2,unsat,0.004
/meti-tarski/polypaver/bench-exp-3d/polypaver-bench-exp-3d-chunk-0020.smt2,sat,0.002
/meti-tarski/polypaver/bench-exp-3d/polypaver-bench-exp-3d-chunk-0056.smt2,sat,0.003
/meti-tarski/polypaver/bench-exp-3d/polypaver-bench-exp-3d-chunk-0043.smt2,sat,0.004
/meti-tarski/polypaver/bench-exp-3d/polypaver-bench-exp-3d-chunk-0103.smt2,sat,0.003
/meti-tarski/polypaver/bench-exp-3d/polypaver-bench-exp-3d-chunk-0145.smt2,unsat,0.003
/meti-tarski/polypaver/bench-exp-3d/polypaver-bench-exp-3d-chunk-0054.smt2,sat,0.004
/meti-tarski/polypaver/bench-exp-3d/polypaver-bench-exp-3d-chunk-0037.smt2,sat,0.004
/meti-tarski/polypaver/bench-exp-3d/polypaver-bench-exp-3d-chunk-0051.smt2,sat,0.003
/meti-tarski/polypaver/bench-exp-3d/polypaver-bench-exp-3d-chunk-0018.smt2,sat,0.003
/meti-tarski/polypaver/bench-exp-3d/polypaver-bench-exp-3d-chunk-0096.smt2,sat,0.004
/meti-tarski/polypaver/bench-exp-3d/polypaver-bench-exp-3d-chunk-0090.smt2,unsat,0.005
/meti-tarski/polypaver/bench-exp-3d/polypaver-bench-exp-3d-chunk-0039.smt2,sat,0.003
/meti-tarski/polypaver/bench-exp-3d/polypaver-bench-exp-3d-chunk-0017.smt2,sat,0.00885319709777832
/meti-tarski/polypaver/bench-exp-3d/polypaver-bench-exp-3d-chunk-0088.smt2,unsat,0.002
/meti-tarski/polypaver/bench-exp-3d/polypaver-bench-exp-3d-chunk-0147.smt2,unsat,0.003
/meti-tarski/polypaver/bench-exp-3d/polypaver-bench-exp-3d-chunk-0040.smt2,unsat,0.003
/meti-tarski/polypaver/bench-exp-3d/polypaver-bench-exp-3d-chunk-0052.smt2,unsat,0.002
/meti-tarski/polypaver/bench-exp-3d/polypaver-bench-exp-3d-chunk-0022.smt2,sat,0.003
/meti-tarski/polypaver/bench-exp-3d/polypaver-bench-exp-3d-chunk-0047.smt2,unsat,0.004
/meti-tarski/polypaver/bench-exp-3d/polypaver-bench-exp-3d-chunk-0034.smt2,sat,0.003
/meti-tarski/polypaver/bench-exp-3d/polypaver-bench-exp-3d-chunk-0071.smt2,unsat,0.01001882553100586
/meti-tarski/polypaver/bench-exp-3d/polypaver-bench-exp-3d-chunk-0050.smt2,sat,0.003
/meti-tarski/polypaver/bench-exp-3d/polypaver-bench-exp-3d-chunk-0027.smt2,unsat,0.003
/meti-tarski/polypaver/bench-exp-3d/polypaver-bench-exp-3d-chunk-0041.smt2,sat,0.003
/meti-tarski/polypaver/bench-exp-3d/polypaver-bench-exp-3d-chunk-0042.smt2,sat,0.003
/meti-tarski/polypaver/bench-exp-3d/polypaver-bench-exp-3d-chunk-0057.smt2,sat,0.003
/meti-tarski/polypaver/bench-exp-3d/polypaver-bench-exp-3d-chunk-0060.smt2,sat,0.002
/meti-tarski/polypaver/bench-exp-3d/polypaver-bench-exp-3d-chunk-0114.smt2,sat,0.004
/meti-tarski/polypaver/bench-exp-3d/polypaver-bench-exp-3d-chunk-0045.smt2,sat,0.003
/meti-tarski/polypaver/bench-exp-3d/polypaver-bench-exp-3d-chunk-0021.smt2,sat,0.003
/meti-tarski/polypaver/bench-exp-3d/polypaver-bench-exp-3d-chunk-0019.smt2,unsat,0.002
/meti-tarski/polypaver/bench-exp-3d/polypaver-bench-exp-3d-chunk-0026.smt2,sat,0.002
/meti-tarski/polypaver/bench-exp-3d/polypaver-bench-exp-3d-chunk-0035.smt2,sat,0.003
/meti-tarski/polypaver/bench-exp-3d/polypaver-bench-exp-3d-chunk-0061.smt2,unsat,0.004
/meti-tarski/polypaver/bench-exp-3d/polypaver-bench-exp-3d-chunk-0046.smt2,unsat,0.004
/meti-tarski/polypaver/bench-exp-3d/polypaver-bench-exp-3d-chunk-0117.smt2,unsat,0.003
/meti-tarski/polypaver/bench-exp-3d/polypaver-bench-exp-3d-chunk-0058.smt2,sat,0.003
/meti-tarski/polypaver/bench-exp-3d/polypaver-bench-exp-3d-chunk-0115.smt2,unsat,0.003
/meti-tarski/polypaver/bench-exp-3d/polypaver-bench-exp-3d-chunk-0038.smt2,sat,0.003
/meti-tarski/polypaver/bench-exp-3d/polypaver-bench-exp-3d-chunk-0044.smt2,unsat,0.003
/meti-tarski/polypaver/bench-exp-3d/polypaver-bench-exp-3d-chunk-0095.smt2,sat,0.003
/meti-tarski/polypaver/bench-exp-3d/polypaver-bench-exp-3d-chunk-0099.smt2,unsat,0.004
/meti-tarski/polypaver/bench-exp-3d/polypaver-bench-exp-3d-chunk-0036.smt2,sat,0.003
/meti-tarski/polypaver/bench-exp-3d/polypaver-bench-exp-3d-chunk-0059.smt2,unsat,0.003
/meti-tarski/polypaver/bench-exp-3d/polypaver-bench-exp-3d-chunk-0089.smt2,sat,0.003
/meti-tarski/polypaver/bench-exp-3d/polypaver-bench-exp-3d-chunk-0031.smt2,sat,0.002
/meti-tarski/polypaver/bench-exp-3d/polypaver-bench-exp-3d-chunk-0033.smt2,unsat,0.004
/meti-tarski/polypaver/bench-exp-3d/polypaver-bench-exp-3d-chunk-0032.smt2,sat,0.004
/meti-tarski/polypaver/bench-exp-3d/polypaver-bench-exp-3d-chunk-0144.smt2,sat,0.004
/meti-tarski/polypaver/bench-exp-3d/polypaver-bench-exp-3d-chunk-0097.smt2,unsat,0.004
/meti-tarski/polypaver/bench-exp-3d/polypaver-bench-exp-3d-chunk-0098.smt2,sat,0.003
/meti-tarski/polypaver/bench-exp-3d/polypaver-bench-exp-3d-chunk-0102.smt2,unsat,0.003
/meti-tarski/polypaver/bench-exp-3d/polypaver-bench-exp-3d-chunk-0048.smt2,sat,0.004
/meti-tarski/bottom-plate-mixer/bottom-plate-mixer-chunk-0012.smt2,sat,0.003
/meti-tarski/bottom-plate-mixer/bottom-plate-mixer-chunk-0006.smt2,sat,0.003
/meti-tarski/bottom-plate-mixer/bottom-plate-mixer-chunk-0005.smt2,sat,0.003
/meti-tarski/bottom-plate-mixer/bottom-plate-mixer-chunk-0014.smt2,sat,0.002
/meti-tarski/bottom-plate-mixer/bottom-plate-mixer-chunk-0011.smt2,sat,0.004
/meti-tarski/bottom-plate-mixer/bottom-plate-mixer-chunk-0020.smt2,unsat,0.003
/meti-tarski/bottom-plate-mixer/bottom-plate-mixer-chunk-0010.smt2,sat,0.002
/meti-tarski/bottom-plate-mixer/bottom-plate-mixer-chunk-0017.smt2,sat,0.002
/meti-tarski/bottom-plate-mixer/bottom-plate-mixer-chunk-0023.smt2,unsat,0.005476474761962891
/meti-tarski/bottom-plate-mixer/bottom-plate-mixer-chunk-0018.smt2,unsat,0.003
/meti-tarski/bottom-plate-mixer/bottom-plate-mixer-chunk-0015.smt2,sat,0.00880122184753418
/meti-tarski/bottom-plate-mixer/bottom-plate-mixer-chunk-0024.smt2,unsat,0.003
/meti-tarski/bottom-plate-mixer/bottom-plate-mixer-chunk-0035.smt2,sat,0.003
/meti-tarski/bottom-plate-mixer/bottom-plate-mixer-chunk-0034.smt2,sat,0.004
/meti-tarski/bottom-plate-mixer/bottom-plate-mixer-chunk-0008.smt2,sat,0.002
/meti-tarski/bottom-plate-mixer/bottom-plate-mixer-chunk-0022.smt2,sat,0.003
/meti-tarski/bottom-plate-mixer/bottom-plate-mixer-chunk-0053.smt2,sat,0.005
/meti-tarski/bottom-plate-mixer/bottom-plate-mixer-chunk-0019.smt2,sat,0.003
/meti-tarski/bottom-plate-mixer/bottom-plate-mixer-chunk-0051.smt2,sat,0.003
/meti-tarski/bottom-plate-mixer/bottom-plate-mixer-chunk-0013.smt2,sat,0.003
/meti-tarski/bottom-plate-mixer/bottom-plate-mixer-chunk-0016.smt2,unsat,0.01050710678100586
/meti-tarski/bottom-plate-mixer/bottom-plate-mixer-chunk-0025.smt2,unsat,0.003
/meti-tarski/atan/problem/2/weak/atan-problem-2-weak-chunk-0203.smt2,sat,0.003
/meti-tarski/atan/problem/2/weak/atan-problem-2-weak-chunk-0200.smt2,sat,0.004
/meti-tarski/atan/problem/2/weak2/atan-problem-2-weak2-chunk-0062.smt2,sat,0.003
/meti-tarski/atan/problem/2/weak2/atan-problem-2-weak2-chunk-0038.smt2,sat,0.002
/meti-tarski/atan/problem/2/weak2/atan-problem-2-weak2-chunk-0104.smt2,sat,0.003
/meti-tarski/atan/problem/2/weak2/atan-problem-2-weak2-chunk-0014.smt2,sat,0.004
/meti-tarski/atan/problem/2/weak2/atan-problem-2-weak2-chunk-0051.smt2,sat,0.002
/meti-tarski/atan/problem/2/weak2/atan-problem-2-weak2-chunk-0084.smt2,sat,0.002
/meti-tarski/atan/problem/2/weak2/atan-problem-2-weak2-chunk-0126.smt2,unsat,0.003
/meti-tarski/atan/problem/2/weak2/atan-problem-2-weak2-chunk-0109.smt2,unsat,0.004
/meti-tarski/atan/problem/2/weak2/atan-problem-2-weak2-chunk-0033.smt2,sat,0.003
/meti-tarski/atan/problem/2/weak2/atan-problem-2-weak2-chunk-0017.smt2,sat,0.002
/meti-tarski/atan/problem/2/weak2/atan-problem-2-weak2-chunk-0131.smt2,unsat,0.003
/meti-tarski/atan/problem/2/weak2/atan-problem-2-weak2-chunk-0037.smt2,unsat,0.003
/meti-tarski/atan/problem/2/weak2/atan-problem-2-weak2-chunk-0034.smt2,sat,0.003
/meti-tarski/atan/problem/2/weak2/atan-problem-2-weak2-chunk-0026.smt2,sat,0.003
/meti-tarski/atan/problem/2/weak2/atan-problem-2-weak2-chunk-0132.smt2,unsat,0.002
/meti-tarski/atan/problem/2/weak2/atan-problem-2-weak2-chunk-0107.smt2,sat,0.003
/meti-tarski/atan/problem/2/weak2/atan-problem-2-weak2-chunk-0005.smt2,sat,0.003
/meti-tarski/atan/problem/2/weak2/atan-problem-2-weak2-chunk-0081.smt2,sat,0.003
/meti-tarski/atan/problem/2/weak2/atan-problem-2-weak2-chunk-0059.smt2,unsat,0.003
/meti-tarski/atan/problem/2/weak2/atan-problem-2-weak2-chunk-0106.smt2,unsat,0.003
/meti-tarski/atan/problem/2/weak2/atan-problem-2-weak2-chunk-0118.smt2,unsat,0.004
/meti-tarski/atan/problem/2/weak2/atan-problem-2-weak2-chunk-0129.smt2,sat,0.004
/meti-tarski/atan/problem/2/weak2/atan-problem-2-weak2-chunk-0031.smt2,sat,0.003
/meti-tarski/atan/problem/2/weak2/atan-problem-2-weak2-chunk-0039.smt2,unsat,0.003
/meti-tarski/atan/problem/2/weak2/atan-problem-2-weak2-chunk-0009.smt2,unsat,0.003
/meti-tarski/atan/problem/2/weak2/atan-problem-2-weak2-chunk-0121.smt2,sat,0.003
/meti-tarski/atan/problem/2/weak2/atan-problem-2-weak2-chunk-0032.smt2,unsat,0.002
/meti-tarski/atan/problem/2/weak2/atan-problem-2-weak2-chunk-0016.smt2,unsat,0.002
/meti-tarski/atan/problem/2/weak2/atan-problem-2-weak2-chunk-0054.smt2,sat,0.002
/meti-tarski/atan/problem/2/weak2/atan-problem-2-weak2-chunk-0116.smt2,sat,0.004
/meti-tarski/atan/problem/2/weak2/atan-problem-2-weak2-chunk-0030.smt2,unsat,0.002
/meti-tarski/atan/problem/2/weak2/atan-problem-2-weak2-chunk-0119.smt2,sat,0.003
/meti-tarski/atan/problem/2/weak2/atan-problem-2-weak2-chunk-0060.smt2,sat,0.003
/meti-tarski/atan/problem/2/weak2/atan-problem-2-weak2-chunk-0035.smt2,sat,0.004
/meti-tarski/atan/problem/2/weak2/atan-problem-2-weak2-chunk-0076.smt2,sat,0.002
/meti-tarski/atan/problem/2/weak2/atan-problem-2-weak2-chunk-0004.smt2,sat,0.003
/meti-tarski/atan/problem/2/weak2/atan-problem-2-weak2-chunk-0036.smt2,unsat,0.003
/meti-tarski/atan/problem/2/weak2/atan-problem-2-weak2-chunk-0052.smt2,sat,0.002
/meti-tarski/atan/problem/2/weak2/atan-problem-2-weak2-chunk-0127.smt2,sat,0.003
/meti-tarski/atan/problem/1/weak/atan-problem-1-weak-chunk-0019.smt2,sat,0.002
/meti-tarski/atan/problem/1/weak/atan-problem-1-weak-chunk-0021.smt2,sat,0.003
/meti-tarski/atan/problem/1/atan-problem-1-chunk-0030.smt2,unsat,0.002
/meti-tarski/atan/problem/1/atan-problem-1-chunk-0014.smt2,unsat,0.002
/meti-tarski/atan/problem/1/atan-problem-1-chunk-0031.smt2,sat,0.003
/meti-tarski/atan/problem/1/atan-problem-1-chunk-0015.smt2,sat,0.007300376892089844
/meti-tarski/asin/8/asin-8-chunk-0030.smt2,sat,0.003
/meti-tarski/asin/8/asin-8-chunk-0032.smt2,sat,0.002
/meti-tarski/asin/8/vars4/asin-8-vars4-chunk-0023.smt2,sat,0.002
/meti-tarski/asin/8/vars4/asin-8-vars4-chunk-0022.smt2,unsat,0.006840705871582031
/meti-tarski/cbrt/3/cbrt-problem-3-chunk-0046.smt2,unsat,0.003
/meti-tarski/cbrt/3/cbrt-problem-3-chunk-0043.smt2,sat,0.004
/meti-tarski/cbrt/3/cbrt-problem-3-chunk-0071.smt2,sat,0.003
/meti-tarski/cbrt/3/cbrt-problem-3-chunk-0058.smt2,unsat,0.002
/meti-tarski/cbrt/3/cbrt-problem-3-chunk-0039.smt2,sat,0.003
/meti-tarski/cbrt/3/cbrt-problem-3-chunk-0045.smt2,sat,0.003
/meti-tarski/cbrt/3/cbrt-problem-3-chunk-0035.smt2,sat,0.002
/meti-tarski/cbrt/3/cbrt-problem-3-chunk-0037.smt2,unsat,0.003
/meti-tarski/cbrt/3/cbrt-problem-3-chunk-0006.smt2,unsat,0.002
/meti-tarski/cbrt/3/cbrt-problem-3-chunk-0059.smt2,sat,0.003
/meti-tarski/cbrt/3/cbrt-problem-3-chunk-0074.smt2,unsat,0.004
/meti-tarski/cbrt/3/cbrt-problem-3-chunk-0041.smt2,unsat,0.003
/meti-tarski/cbrt/3/weak/cbrt-problem-3-weak-chunk-0043.smt2,sat,0.004
/meti-tarski/cbrt/3/weak/cbrt-problem-3-weak-chunk-0050.smt2,unsat,0.003
/meti-tarski/cbrt/3/weak/cbrt-problem-3-weak-chunk-0045.smt2,unsat,0.004
/meti-tarski/cbrt/3/weak/cbrt-problem-3-weak-chunk-0056.smt2,unsat,0.007825136184692383
/meti-tarski/cbrt/3/weak/cbrt-problem-3-weak-chunk-0067.smt2,sat,0.004
/meti-tarski/cbrt/3/weak/cbrt-problem-3-weak-chunk-0012.smt2,unsat,0.003
/meti-tarski/cbrt/3/weak/cbrt-problem-3-weak-chunk-0054.smt2,unsat,0.004
/meti-tarski/cbrt/3/weak/cbrt-problem-3-weak-chunk-0066.smt2,unsat,0.004
/meti-tarski/cbrt/3/weak/cbrt-problem-3-weak-chunk-0055.smt2,sat,0.004
/meti-tarski/cbrt/3/weak/cbrt-problem-3-weak-chunk-0048.smt2,unsat,0.004
/meti-tarski/cbrt/3/weak/cbrt-problem-3-weak-chunk-0049.smt2,unsat,0.004
/meti-tarski/cbrt/3/weak/cbrt-problem-3-weak-chunk-0082.smt2,sat,0.004
/meti-tarski/cbrt/3/weak/cbrt-problem-3-weak-chunk-0083.smt2,unsat,0.004
/meti-tarski/cbrt/3/weak/cbrt-problem-3-weak-chunk-0053.smt2,sat,0.003
/meti-tarski/cbrt/3/weak/cbrt-problem-3-weak-chunk-0080.smt2,sat,0.004
/meti-tarski/cbrt/3/weak/cbrt-problem-3-weak-chunk-0047.smt2,sat,0.005
/meti-tarski/cbrt/3/weak/cbrt-problem-3-weak-chunk-0044.smt2,sat,0.004
/meti-tarski/cbrt/3/weak/cbrt-problem-3-weak-chunk-0097.smt2,sat,0.003
/meti-tarski/cbrt/3/weak/cbrt-problem-3-weak-chunk-0100.smt2,sat,0.004
/meti-tarski/cbrt/3/weak/cbrt-problem-3-weak-chunk-0052.smt2,unsat,0.004
/meti-tarski/cbrt/3/weak/cbrt-problem-3-weak-chunk-0051.smt2,sat,0.004
/meti-tarski/cbrt/3/weak/cbrt-problem-3-weak-chunk-0046.smt2,sat,0.003
/meti-tarski/cbrt/3/weak/cbrt-problem-3-weak-chunk-0098.smt2,unsat,0.003
/meti-tarski/cbrt/3/weak/cbrt-problem-3-weak-chunk-0081.smt2,unsat,0.004
/meti-tarski/cbrt/3/weak/cbrt-problem-3-weak-chunk-0065.smt2,sat,0.003
/meti-tarski/cbrt/3/weak/cbrt-problem-3-weak-chunk-0099.smt2,unsat,0.003
/meti-tarski/cbrt/3/weak/cbrt-problem-3-weak-chunk-0068.smt2,unsat,0.004
/meti-tarski/cbrt/3/cbrt-problem-3-chunk-0044.smt2,unsat,0.004
/meti-tarski/cbrt/3/cbrt-problem-3-chunk-0042.smt2,unsat,0.004
/meti-tarski/cbrt/3/cbrt-problem-3-chunk-0072.smt2,unsat,0.003
/meti-tarski/cbrt/3/cbrt-problem-3-chunk-0036.smt2,sat,0.0067975521087646484
/meti-tarski/cbrt/3/cbrt-problem-3-chunk-0040.smt2,unsat,0.004
/meti-tarski/cbrt/3/cbrt-problem-3-chunk-0038.smt2,sat,0.003
/meti-tarski/cbrt/3/cbrt-problem-3-chunk-0048.smt2,unsat,0.002
/meti-tarski/cbrt/3/cbrt-problem-3-chunk-0073.smt2,sat,0.003
/meti-tarski/cbrt/3/cbrt-problem-3-chunk-0060.smt2,unsat,0.003
/meti-tarski/cbrt/3/cbrt-problem-3-chunk-0047.smt2,sat,0.004
/meti-tarski/cbrt/3/cbrt-problem-3-chunk-0057.smt2,sat,0.003
/meti-tarski/sin/344/4/sin-344-4-chunk-0017.smt2,unsat,0.004
/meti-tarski/sin/344/4/sin-344-4-chunk-0020.smt2,unsat,0.003
/meti-tarski/sin/344/4/sin-344-4-chunk-0016.smt2,sat,0.004
/meti-tarski/sin/344/3/sin-344-3-weak-chunk-0013.smt2,unsat,0.003
/meti-tarski/sin/344/3/sin-344-3-weak-chunk-0016.smt2,unsat,0.003
/meti-tarski/sin/344/3/sin-344-3-chunk-0013.smt2,unsat,0.003
/meti-tarski/sin/344/3/sin-344-3-weak-chunk-0029.smt2,sat,0.003
/meti-tarski/sin/344/3/sin-344-3-chunk-0012.smt2,sat,0.003
/meti-tarski/sin/344/3/sin-344-3-chunk-0016.smt2,unsat,0.004
/meti-tarski/sin/344/3/sin-344-3-weak-chunk-0012.smt2,sat,0.004
/meti-tarski/sin/problem/7/sin-problem-7-chunk-0009.smt2,sat,0.003
/meti-tarski/sin/problem/7/sin-problem-7-chunk-0016.smt2,unsat,0.003
/meti-tarski/sin/problem/7/sin-problem-7-chunk-0014.smt2,sat,0.004
/meti-tarski/sin/problem/7/sin-problem-7-chunk-0036.smt2,sat,0.003
/meti-tarski/sin/problem/7/sin-problem-7-chunk-0041.smt2,unsat,0.003
/meti-tarski/sin/problem/7/sin-problem-7-chunk-0065.smt2,sat,0.003
/meti-tarski/sin/problem/7/sin-problem-7-chunk-0026.smt2,sat,0.009447574615478516
/meti-tarski/sin/problem/7/sin-problem-7-chunk-0046.smt2,unsat,0.003
/meti-tarski/sin/problem/7/weak/sin-problem-7-weak-chunk-0036.smt2,sat,0.004
/meti-tarski/sin/problem/7/weak/sin-problem-7-weak-chunk-0070.smt2,sat,0.004
/meti-tarski/sin/problem/7/weak/sin-problem-7-weak-chunk-0013.smt2,sat,0.0061533451080322266
/meti-tarski/sin/problem/7/weak/sin-problem-7-weak-chunk-0065.smt2,sat,0.004
/meti-tarski/sin/problem/7/weak/sin-problem-7-weak-chunk-0049.smt2,sat,0.003
/meti-tarski/sin/problem/7/weak/sin-problem-7-weak-chunk-0094.smt2,sat,0.004
/meti-tarski/sin/problem/7/weak/sin-problem-7-weak-chunk-0082.smt2,sat,0.004
/meti-tarski/sin/problem/7/weak/sin-problem-7-weak-chunk-0029.smt2,sat,0.004
/meti-tarski/sin/problem/7/weak/sin-problem-7-weak-chunk-0066.smt2,unsat,0.004
/meti-tarski/sin/problem/7/weak/sin-problem-7-weak-chunk-0047.smt2,sat,0.003
/meti-tarski/sin/problem/7/weak/sin-problem-7-weak-chunk-0039.smt2,unsat,0.006846427917480469
/meti-tarski/sin/problem/7/weak/sin-problem-7-weak-chunk-0074.smt2,unsat,0.004
/meti-tarski/sin/problem/7/weak/sin-problem-7-weak-chunk-0010.smt2,sat,0.004
/meti-tarski/sin/problem/7/weak/sin-problem-7-weak-chunk-0009.smt2,sat,0.002
/meti-tarski/sin/problem/7/weak/sin-problem-7-weak-chunk-0062.smt2,unsat,0.004
/meti-tarski/sin/problem/7/weak/sin-problem-7-weak-chunk-0014.smt2,unsat,0.00959467887878418
/meti-tarski/sin/problem/7/weak/sin-problem-7-weak-chunk-0089.smt2,unsat,0.003
/meti-tarski/sin/problem/7/weak/sin-problem-7-weak-chunk-0018.smt2,unsat,0.002
/meti-tarski/sin/problem/7/weak/sin-problem-7-weak-chunk-0052.smt2,sat,0.004
/meti-tarski/sin/problem/7/weak/sin-problem-7-weak-chunk-0035.smt2,sat,0.003
/meti-tarski/sin/problem/7/weak/sin-problem-7-weak-chunk-0051.smt2,sat,0.004
/meti-tarski/sin/problem/7/weak/sin-problem-7-weak-chunk-0025.smt2,sat,0.003
/meti-tarski/sin/problem/7/weak/sin-problem-7-weak-chunk-0004.smt2,sat,0.003
/meti-tarski/sin/problem/7/weak/sin-problem-7-weak-chunk-0007.smt2,sat,0.003
/meti-tarski/sin/problem/7/weak/sin-problem-7-weak-chunk-0031.smt2,sat,0.003
/meti-tarski/sin/problem/7/weak/sin-problem-7-weak-chunk-0050.smt2,sat,0.005
/meti-tarski/sin/problem/7/weak/sin-problem-7-weak-chunk-0008.smt2,sat,0.003
/meti-tarski/sin/problem/7/weak/sin-problem-7-weak-chunk-0058.smt2,sat,0.004
/meti-tarski/sin/problem/7/weak/sin-problem-7-weak-chunk-0026.smt2,sat,0.0066318511962890625
/meti-tarski/sin/problem/7/weak/sin-problem-7-weak-chunk-0054.smt2,sat,0.004
/meti-tarski/sin/problem/7/weak/sin-problem-7-weak-chunk-0107.smt2,sat,0.004
/meti-tarski/sin/problem/7/weak/sin-problem-7-weak-chunk-0021.smt2,sat,0.003
/meti-tarski/sin/problem/7/weak/sin-problem-7-weak-chunk-0069.smt2,sat,0.007293224334716797
/meti-tarski/sin/problem/7/weak/sin-problem-7-weak-chunk-0041.smt2,sat,0.002
/meti-tarski/sin/problem/7/weak/sin-problem-7-weak-chunk-0095.smt2,unsat,0.003
/meti-tarski/sin/problem/7/weak/sin-problem-7-weak-chunk-0037.smt2,sat,0.005
/meti-tarski/sin/problem/7/weak/sin-problem-7-weak-chunk-0022.smt2,sat,0.004
/meti-tarski/sin/problem/7/weak/sin-problem-7-weak-chunk-0023.smt2,sat,0.003
/meti-tarski/sin/problem/7/weak/sin-problem-7-weak-chunk-0033.smt2,unsat,0.003
/meti-tarski/sin/problem/7/weak/sin-problem-7-weak-chunk-0038.smt2,unsat,0.004
/meti-tarski/sin/problem/7/weak/sin-problem-7-weak-chunk-0063.smt2,sat,0.003
/meti-tarski/sin/problem/7/weak/sin-problem-7-weak-chunk-0012.smt2,unsat,0.004
/meti-tarski/sin/problem/7/weak/sin-problem-7-weak-chunk-0016.smt2,sat,0.003
/meti-tarski/sin/problem/7/weak/sin-problem-7-weak-chunk-0020.smt2,sat,0.003
/meti-tarski/sin/problem/7/weak/sin-problem-7-weak-chunk-0056.smt2,sat,0.004
/meti-tarski/sin/problem/7/weak/sin-problem-7-weak-chunk-0059.smt2,unsat,0.003
/meti-tarski/sin/problem/7/weak/sin-problem-7-weak-chunk-0092.smt2,sat,0.003
/meti-tarski/sin/problem/7/weak/sin-problem-7-weak-chunk-0005.smt2,sat,0.003
/meti-tarski/sin/problem/7/weak/sin-problem-7-weak-chunk-0064.smt2,sat,0.004
/meti-tarski/sin/problem/7/weak/sin-problem-7-weak-chunk-0045.smt2,unsat,0.004
/meti-tarski/sin/problem/7/weak/sin-problem-7-weak-chunk-0099.smt2,sat,0.003
/meti-tarski/sin/problem/7/weak/sin-problem-7-weak-chunk-0032.smt2,unsat,0.004
/meti-tarski/sin/problem/7/weak/sin-problem-7-weak-chunk-0044.smt2,sat,0.003
/meti-tarski/sin/problem/7/weak/sin-problem-7-weak-chunk-0024.smt2,sat,0.003
/meti-tarski/sin/problem/7/weak/sin-problem-7-weak-chunk-0053.smt2,unsat,0.004
/meti-tarski/sin/problem/7/weak/sin-problem-7-weak-chunk-0046.smt2,sat,0.003
/meti-tarski/sin/problem/7/weak/sin-problem-7-weak-chunk-0043.smt2,sat,0.004
/meti-tarski/sin/problem/7/weak/sin-problem-7-weak-chunk-0011.smt2,unsat,0.004
/meti-tarski/sin/problem/7/weak/sin-problem-7-weak-chunk-0068.smt2,unsat,0.003
/meti-tarski/sin/problem/7/weak/sin-problem-7-weak-chunk-0057.smt2,unsat,0.003
/meti-tarski/sin/problem/7/weak/sin-problem-7-weak-chunk-0034.smt2,sat,0.003
/meti-tarski/sin/problem/7/weak/sin-problem-7-weak-chunk-0067.smt2,unsat,0.004
/meti-tarski/sin/problem/7/weak/sin-problem-7-weak-chunk-0006.smt2,sat,0.003
/meti-tarski/sin/problem/7/weak/sin-problem-7-weak-chunk-0055.smt2,sat,0.004
/meti-tarski/sin/problem/7/weak/sin-problem-7-weak-chunk-0040.smt2,unsat,0.006138324737548828
/meti-tarski/sin/problem/7/sin-problem-7-chunk-0019.smt2,sat,0.003
/meti-tarski/sin/problem/7/sin-problem-7-chunk-0032.smt2,unsat,0.004
/meti-tarski/sin/problem/7/sin-problem-7-chunk-0013.smt2,unsat,0.003
/meti-tarski/sin/problem/7/sin-problem-7-chunk-0012.smt2,sat,0.003
/meti-tarski/sin/problem/7/sin-problem-7-chunk-0004.smt2,sat,0.002
/meti-tarski/sin/problem/7/sin-problem-7-chunk-0061.smt2,sat,0.002
/meti-tarski/sin/problem/7/sin-problem-7-chunk-0011.smt2,sat,0.003
/meti-tarski/sin/problem/7/sin-problem-7-chunk-0049.smt2,unsat,0.002
/meti-tarski/sin/problem/7/sin-problem-7-chunk-0005.smt2,sat,0.003
/meti-tarski/sin/problem/7/sin-problem-7-chunk-0052.smt2,sat,0.004
/meti-tarski/sin/problem/7/sin-problem-7-chunk-0008.smt2,sat,0.003
/meti-tarski/sin/problem/7/sin-problem-7-chunk-0030.smt2,sat,0.004
/meti-tarski/sin/problem/7/sin-problem-7-chunk-0069.smt2,unsat,0.003
/meti-tarski/sin/problem/7/sin-problem-7-chunk-0071.smt2,sat,0.013381242752075195
/meti-tarski/sin/problem/7/sin-problem-7-chunk-0006.smt2,sat,0.002
/meti-tarski/sin/problem/7/sin-problem-7-chunk-0070.smt2,unsat,0.003
/meti-tarski/sin/problem/7/sin-problem-7-chunk-0037.smt2,sat,0.004
/meti-tarski/sin/problem/7/sin-problem-7-chunk-0024.smt2,sat,0.003
/meti-tarski/sin/problem/7/sin-problem-7-chunk-0048.smt2,unsat,0.003
/meti-tarski/sin/problem/7/sin-problem-7-chunk-0063.smt2,sat,0.002
/meti-tarski/sin/problem/7/sin-problem-7-chunk-0040.smt2,sat,0.004
/meti-tarski/sin/problem/7/weak2/sin-problem-7-weak2-chunk-0010.smt2,sat,0.003
/meti-tarski/sin/problem/7/weak2/sin-problem-7-weak2-chunk-0004.smt2,sat,0.002
/meti-tarski/sin/problem/7/weak2/sin-problem-7-weak2-chunk-0018.smt2,unsat,0.003
/meti-tarski/sin/problem/7/weak2/sin-problem-7-weak2-chunk-0047.smt2,sat,0.005
/meti-tarski/sin/problem/7/weak2/sin-problem-7-weak2-chunk-0090.smt2,sat,0.003
/meti-tarski/sin/problem/7/weak2/sin-problem-7-weak2-chunk-0071.smt2,sat,0.002
/meti-tarski/sin/problem/7/weak2/sin-problem-7-weak2-chunk-0026.smt2,unsat,0.003
/meti-tarski/sin/problem/7/weak2/sin-problem-7-weak2-chunk-0006.smt2,sat,0.003
/meti-tarski/sin/problem/7/weak2/sin-problem-7-weak2-chunk-0009.smt2,sat,0.003
/meti-tarski/sin/problem/7/weak2/sin-problem-7-weak2-chunk-0022.smt2,sat,0.003
/meti-tarski/sin/problem/7/weak2/sin-problem-7-weak2-chunk-0037.smt2,sat,0.004
/meti-tarski/sin/problem/7/weak2/sin-problem-7-weak2-chunk-0074.smt2,sat,0.003
/meti-tarski/sin/problem/7/weak2/sin-problem-7-weak2-chunk-0038.smt2,sat,0.005
/meti-tarski/sin/problem/7/weak2/sin-problem-7-weak2-chunk-0005.smt2,sat,0.002
/meti-tarski/sin/problem/7/weak2/sin-problem-7-weak2-chunk-0031.smt2,sat,0.012629508972167969
/meti-tarski/sin/problem/7/weak2/sin-problem-7-weak2-chunk-0013.smt2,sat,0.004
/meti-tarski/sin/problem/7/weak2/sin-problem-7-weak2-chunk-0035.smt2,sat,0.004
/meti-tarski/sin/problem/7/weak2/sin-problem-7-weak2-chunk-0027.smt2,sat,0.003
/meti-tarski/sin/problem/7/weak2/sin-problem-7-weak2-chunk-0020.smt2,sat,0.004
/meti-tarski/sin/problem/7/weak2/sin-problem-7-weak2-chunk-0011.smt2,unsat,0.002
/meti-tarski/sin/problem/7/weak2/sin-problem-7-weak2-chunk-0016.smt2,sat,0.004
/meti-tarski/sin/problem/7/weak2/sin-problem-7-weak2-chunk-0041.smt2,sat,0.004
/meti-tarski/sin/problem/7/weak2/sin-problem-7-weak2-chunk-0067.smt2,sat,0.003
/meti-tarski/sin/problem/7/weak2/sin-problem-7-weak2-chunk-0043.smt2,unsat,0.003
/meti-tarski/sin/problem/7/weak2/sin-problem-7-weak2-chunk-0053.smt2,unsat,0.004
/meti-tarski/sin/problem/7/weak2/sin-problem-7-weak2-chunk-0036.smt2,sat,0.004
/meti-tarski/sin/problem/7/weak2/sin-problem-7-weak2-chunk-0007.smt2,sat,0.003
/meti-tarski/sin/problem/7/weak2/sin-problem-7-weak2-chunk-0012.smt2,unsat,0.003
/meti-tarski/sin/problem/7/weak2/sin-problem-7-weak2-chunk-0008.smt2,sat,0.003
/meti-tarski/sin/problem/7/weak2/sin-problem-7-weak2-chunk-0069.smt2,sat,0.003
/meti-tarski/sin/problem/7/weak2/sin-problem-7-weak2-chunk-0014.smt2,unsat,0.003
/meti-tarski/sin/problem/7/weak2/sin-problem-7-weak2-chunk-0034.smt2,sat,0.009453058242797852
/meti-tarski/sin/problem/7/weak2/sin-problem-7-weak2-chunk-0032.smt2,sat,0.004
/meti-tarski/sin/problem/7/weak2/sin-problem-7-weak2-chunk-0028.smt2,sat,0.003
/meti-tarski/sin/problem/7/weak2/sin-problem-7-weak2-chunk-0042.smt2,sat,0.003
/meti-tarski/sin/problem/7/weak2/sin-problem-7-weak2-chunk-0072.smt2,unsat,0.005
/meti-tarski/sin/problem/7/weak2/sin-problem-7-weak2-chunk-0039.smt2,sat,0.003
/meti-tarski/sin/problem/7/weak2/sin-problem-7-weak2-chunk-0048.smt2,unsat,0.003
/meti-tarski/sin/problem/7/weak2/sin-problem-7-weak2-chunk-0030.smt2,sat,0.003
/meti-tarski/sin/problem/7/weak2/sin-problem-7-weak2-chunk-0021.smt2,sat,0.003
/meti-tarski/sin/problem/7/weak2/sin-problem-7-weak2-chunk-0040.smt2,unsat,0.004
/meti-tarski/sin/problem/7/weak2/sin-problem-7-weak2-chunk-0033.smt2,sat,0.003
/meti-tarski/sin/problem/8/sin-problem-8-chunk-0042.smt2,unsat,0.003
/meti-tarski/sin/problem/8/sin-problem-8-chunk-0036.smt2,unsat,0.003
/meti-tarski/sin/problem/8/sin-problem-8-chunk-0023.smt2,unsat,0.003
/meti-tarski/sin/problem/8/weak/sin-problem-8-weak-chunk-0023.smt2,unsat,0.004
/meti-tarski/sin/problem/8/weak/sin-problem-8-weak-chunk-0030.smt2,sat,0.004
/meti-tarski/sin/problem/8/weak/sin-problem-8-weak-chunk-0009.smt2,sat,0.003
/meti-tarski/sin/problem/8/weak/sin-problem-8-weak-chunk-0042.smt2,unsat,0.004
/meti-tarski/sin/problem/8/weak/sin-problem-8-weak-chunk-0018.smt2,sat,0.004
/meti-tarski/sin/problem/8/weak/sin-problem-8-weak-chunk-0017.smt2,sat,0.004
/meti-tarski/sin/problem/8/weak/sin-problem-8-weak-chunk-0032.smt2,unsat,0.003
/meti-tarski/sin/problem/8/weak/sin-problem-8-weak-chunk-0036.smt2,unsat,0.004
/meti-tarski/sin/problem/8/weak/sin-problem-8-weak-chunk-0012.smt2,unsat,0.004
/meti-tarski/sin/problem/8/weak/sin-problem-8-weak-chunk-0010.smt2,unsat,0.004
/meti-tarski/sin/problem/8/weak/sin-problem-8-weak-chunk-0011.smt2,sat,0.002
/meti-tarski/sin/problem/8/weak/sin-problem-8-weak-chunk-0008.smt2,sat,0.003
/meti-tarski/sin/problem/8/weak/sin-problem-8-weak-chunk-0021.smt2,sat,0.01822066307067871
/meti-tarski/sin/problem/8/weak/sin-problem-8-weak-chunk-0014.smt2,sat,0.003
/meti-tarski/sin/problem/8/weak/sin-problem-8-weak-chunk-0037.smt2,sat,0.003
/meti-tarski/sin/problem/8/sin-problem-8-chunk-0030.smt2,sat,0.003
/meti-tarski/sin/problem/8/sin-problem-8-chunk-0011.smt2,sat,0.003
/meti-tarski/sin/problem/8/sin-problem-8-chunk-0032.smt2,unsat,0.003
/meti-tarski/sin/problem/8/sin-problem-8-chunk-0037.smt2,sat,0.003
/meti-tarski/sin/cos/sin-cos-346-b-chunk-0008.smt2,sat,0.003
/meti-tarski/sin/cos/sin-cos-346-b-chunk-0009.smt2,sat,0.006235837936401367
/meti-tarski/sin/cos/sin-cos-346-b-chunk-0137.smt2,sat,0.003
/meti-tarski/CMOS/CMOS-opamp-chunk-0005.smt2,sat,0.002
/meti-tarski/CMOS/CMOS-opamp-chunk-0024.smt2,unsat,0.003
/meti-tarski/CMOS/CMOS-opamp-chunk-0013.smt2,sat,0.003
/meti-tarski/CMOS/CMOS-opamp-chunk-0008.smt2,sat,0.002
/meti-tarski/CMOS/CMOS-opamp-chunk-0010.smt2,sat,0.004
/meti-tarski/CMOS/CMOS-opamp-chunk-0015.smt2,sat,0.003
/meti-tarski/CMOS/CMOS-opamp-chunk-0012.smt2,sat,0.004
/meti-tarski/CMOS/CMOS-opamp-chunk-0007.smt2,sat,0.004
/meti-tarski/CMOS/CMOS-opamp-chunk-0016.smt2,sat,0.004
/meti-tarski/Chua/2/IL/L/Chua-2-IL-L-chunk-0064.smt2,sat,0.004
/meti-tarski/Chua/2/IL/L/Chua-2-IL-L-chunk-0035.smt2,sat,0.003
/meti-tarski/Chua/2/IL/L/Chua-2-IL-L-chunk-0071.smt2,sat,0.003
/meti-tarski/Chua/2/IL/L/Chua-2-IL-L-chunk-0030.smt2,sat,0.003
/meti-tarski/Chua/2/IL/L/Chua-2-IL-L-chunk-0066.smt2,sat,0.003
/meti-tarski/Chua/2/VC1/L/Chua-2-VC1-L-chunk-0082.smt2,sat,0.003
/meti-tarski/Chua/2/VC1/L/Chua-2-VC1-L-chunk-0080.smt2,sat,0.002
/meti-tarski/Chua/2/VC1/L/Chua-2-VC1-L-chunk-0046.smt2,sat,0.003
/meti-tarski/Chua/2/VC1/L/Chua-2-VC1-L-chunk-0087.smt2,sat,0.002
/meti-tarski/Chua/2/VC1/L/Chua-2-VC1-L-chunk-0051.smt2,sat,0.004
/meti-tarski/Chua/2/VC2/L/Chua-2-VC2-L-chunk-0031.smt2,sat,0.003
/meti-tarski/Chua/2/VC2/L/Chua-2-VC2-L-chunk-0048.smt2,sat,0.003
/meti-tarski/Chua/2/VC2/L/Chua-2-VC2-L-chunk-0026.smt2,sat,0.006711006164550781
/meti-tarski/Chua/1/IL/L/Chua-1-IL-L-chunk-0142.smt2,sat,0.003
/meti-tarski/Chua/1/IL/L/Chua-1-IL-L-chunk-0057.smt2,sat,0.003
/meti-tarski/Chua/1/IL/L/Chua-1-IL-L-chunk-0128.smt2,sat,0.002
/meti-tarski/Chua/1/IL/L/Chua-1-IL-L-chunk-0008.smt2,sat,0.004
/meti-tarski/Chua/1/IL/L/Chua-1-IL-L-chunk-0011.smt2,sat,0.003
/meti-tarski/Chua/1/IL/L/Chua-1-IL-L-chunk-0156.smt2,unsat,0.003
/meti-tarski/Chua/1/IL/L/Chua-1-IL-L-chunk-0012.smt2,sat,0.006139516830444336
/meti-tarski/Chua/1/IL/L/Chua-1-IL-L-chunk-0028.smt2,sat,0.002
/meti-tarski/Chua/1/IL/L/Chua-1-IL-L-chunk-0005.smt2,sat,0.002
/meti-tarski/Chua/1/IL/L/Chua-1-IL-L-chunk-0010.smt2,sat,0.003
/meti-tarski/Chua/1/IL/L/Chua-1-IL-L-chunk-0006.smt2,sat,0.003
/meti-tarski/Chua/1/IL/L/Chua-1-IL-L-chunk-0013.smt2,sat,0.002
/meti-tarski/Chua/1/IL/L/Chua-1-IL-L-chunk-0043.smt2,sat,0.003
/meti-tarski/Chua/1/IL/L/Chua-1-IL-L-chunk-0023.smt2,sat,0.003
/meti-tarski/Chua/1/IL/L/Chua-1-IL-L-chunk-0108.smt2,sat,0.003
/meti-tarski/Chua/1/IL/L/Chua-1-IL-L-chunk-0112.smt2,unsat,0.003
/meti-tarski/Chua/1/IL/L/Chua-1-IL-L-chunk-0155.smt2,unsat,0.003
/meti-tarski/Chua/1/IL/U/Chua-1-IL-U-chunk-0042.smt2,sat,0.004
/meti-tarski/Chua/1/IL/U/Chua-1-IL-U-chunk-0056.smt2,sat,0.004
/meti-tarski/Chua/1/IL/U/Chua-1-IL-U-chunk-0035.smt2,sat,0.004
/meti-tarski/Chua/1/IL/U/Chua-1-IL-U-chunk-0069.smt2,sat,0.003
/meti-tarski/Chua/1/IL/U/Chua-1-IL-U-chunk-0030.smt2,sat,0.003
/meti-tarski/Chua/1/VC1/L/Chua-1-VC1-L-chunk-0010.smt2,sat,0.003
/meti-tarski/Chua/1/VC1/L/Chua-1-VC1-L-chunk-0155.smt2,unsat,0.002
/meti-tarski/Chua/1/VC1/L/Chua-1-VC1-L-chunk-0109.smt2,sat,0.003
/meti-tarski/Chua/1/VC1/L/Chua-1-VC1-L-chunk-0023.smt2,sat,0.002
/meti-tarski/Chua/1/VC1/L/Chua-1-VC1-L-chunk-0005.smt2,sat,0.003
/meti-tarski/Chua/1/VC1/L/Chua-1-VC1-L-chunk-0142.smt2,sat,0.003
/meti-tarski/Chua/1/VC1/L/Chua-1-VC1-L-chunk-0028.smt2,sat,0.002
/meti-tarski/Chua/1/VC1/L/Chua-1-VC1-L-chunk-0113.smt2,unsat,0.004
/meti-tarski/Chua/1/VC1/L/Chua-1-VC1-L-chunk-0058.smt2,sat,0.003
/meti-tarski/Chua/1/VC1/L/Chua-1-VC1-L-chunk-0013.smt2,sat,0.003
/meti-tarski/Chua/1/VC1/L/Chua-1-VC1-L-chunk-0011.smt2,sat,0.003
/meti-tarski/Chua/1/VC1/L/Chua-1-VC1-L-chunk-0008.smt2,sat,0.004
/meti-tarski/Chua/1/VC1/L/Chua-1-VC1-L-chunk-0006.smt2,sat,0.002
/meti-tarski/Chua/1/VC1/L/Chua-1-VC1-L-chunk-0128.smt2,sat,0.002
/meti-tarski/Chua/1/VC1/L/Chua-1-VC1-L-chunk-0156.smt2,unsat,0.002
/meti-tarski/Chua/1/VC1/L/Chua-1-VC1-L-chunk-0042.smt2,sat,0.003
/meti-tarski/Chua/1/VC1/L/Chua-1-VC1-L-chunk-0012.smt2,sat,0.003
/meti-tarski/Chua/1/VC1/U/Chua-1-VC1-U-chunk-0059.smt2,sat,0.003
/meti-tarski/Chua/1/VC1/U/Chua-1-VC1-U-chunk-0045.smt2,sat,0.002
/meti-tarski/Chua/1/VC1/U/Chua-1-VC1-U-chunk-0071.smt2,sat,0.003
/meti-tarski/Chua/1/VC1/U/Chua-1-VC1-U-chunk-0035.smt2,sat,0.003
/meti-tarski/Chua/1/VC1/U/Chua-1-VC1-U-chunk-0037.smt2,sat,0.003
/meti-tarski/Chua/1/VC2/L/Chua-1-VC2-L-chunk-0008.smt2,sat,0.003
/meti-tarski/Chua/1/VC2/L/Chua-1-VC2-L-chunk-0042.smt2,sat,0.002
/meti-tarski/Chua/1/VC2/L/Chua-1-VC2-L-chunk-0035.smt2,sat,0.003
/meti-tarski/Chua/1/VC2/L/Chua-1-VC2-L-chunk-0069.smt2,sat,0.003
/meti-tarski/Chua/1/VC2/L/Chua-1-VC2-L-chunk-0010.smt2,sat,0.003
/meti-tarski/Chua/1/VC2/L/Chua-1-VC2-L-chunk-0011.smt2,sat,0.004
/meti-tarski/Chua/1/VC2/L/Chua-1-VC2-L-chunk-0030.smt2,sat,0.003
/meti-tarski/Chua/1/VC2/L/Chua-1-VC2-L-chunk-0006.smt2,sat,0.00942540168762207
/meti-tarski/Chua/1/VC2/L/Chua-1-VC2-L-chunk-0013.smt2,sat,0.002
/meti-tarski/Chua/1/VC2/L/Chua-1-VC2-L-chunk-0012.smt2,sat,0.006712913513183594
/meti-tarski/Chua/1/VC2/L/Chua-1-VC2-L-chunk-0056.smt2,sat,0.002
/meti-tarski/Chua/1/VC2/L/Chua-1-VC2-L-chunk-0005.smt2,sat,0.003
/meti-tarski/Chua/1/VC2/U/Chua-1-VC2-U-chunk-0043.smt2,sat,0.003
/meti-tarski/Chua/1/VC2/U/Chua-1-VC2-U-chunk-0057.smt2,sat,0.002
/meti-tarski/Chua/1/VC2/U/Chua-1-VC2-U-chunk-0028.smt2,sat,0.003
/meti-tarski/Chua/1/VC2/U/Chua-1-VC2-U-chunk-0155.smt2,unsat,0.003
/meti-tarski/Chua/1/VC2/U/Chua-1-VC2-U-chunk-0142.smt2,sat,0.003
/meti-tarski/Chua/1/VC2/U/Chua-1-VC2-U-chunk-0108.smt2,sat,0.006496429443359375
/meti-tarski/Chua/1/VC2/U/Chua-1-VC2-U-chunk-0128.smt2,sat,0.003
/meti-tarski/Chua/1/VC2/U/Chua-1-VC2-U-chunk-0023.smt2,sat,0.003
/meti-tarski/Chua/1/VC2/U/Chua-1-VC2-U-chunk-0156.smt2,unsat,0.002
/meti-tarski/Chua/1/VC2/U/Chua-1-VC2-U-chunk-0112.smt2,unsat,0.002
/2017-Heizmann-UltimateInvariantSynthesis/_standard_copy7_ground.i_3_2_2.bpl_7.smt2,unsat,261.6017141342163
/2017-Heizmann-UltimateInvariantSynthesis/_standard_strcmp_ground.i_4_2_2.bpl_11.smt2,unsat,194.15578365325928
/2017-Heizmann-UltimateInvariantSynthesis/_const1.i_3_6_2.bpl_11.smt2,unsat,1129.5200662612915
/2017-Heizmann-UltimateInvariantSynthesis/_hhk2008.c.i_3_3_2.bpl_8.smt2,sat,0.4743058681488037
/2017-Heizmann-UltimateInvariantSynthesis/_jain_5.i_2_4_3.bpl_7.smt2,unsat,20.95393967628479
/2017-Heizmann-UltimateInvariantSynthesis/_standard_copy1_ground.i_3_2_2.bpl_11.smt2,unsat,112.272
/2017-Heizmann-UltimateInvariantSynthesis/_standard_partial_init_ground.i_3_2_2.bpl_11.smt2,unsat,179.331
/2017-Heizmann-UltimateInvariantSynthesis/_standard_strcpy_original.i_3_3_2.bpl_11.smt2,unsat,145.29132843017578
/2017-Heizmann-UltimateInvariantSynthesis/_hhk2008.c.i_3_3_2.bpl_7.smt2,sat,0.20328807830810547
/2017-Heizmann-UltimateInvariantSynthesis/_overflow1.i_3_8_2.bpl_11.smt2,failed,1200.0
/2017-Heizmann-UltimateInvariantSynthesis/_gj2007.c.i_4_3_3.bpl_11.smt2,failed,1200.0
/2017-Heizmann-UltimateInvariantSynthesis/_standard_two_index_05.i_3_2_2.bpl_7.smt2,unsat,1.0414965152740479
/2017-Heizmann-UltimateInvariantSynthesis/_count_up_down.i_3_11_2.bpl_13.smt2,unsat,41.139
/2017-Heizmann-UltimateInvariantSynthesis/_standard_copy4_ground.i_3_2_2.bpl_7.smt2,unsat,36.20957136154175
/2017-Heizmann-UltimateInvariantSynthesis/_standard_copyInitSum3_ground.i_3_2_2.bpl_7.smt2,unsat,64.45806527137756
/2017-Heizmann-UltimateInvariantSynthesis/_standard_copyInit_ground.i_3_2_2.bpl_7.smt2,unsat,11.02
/2017-Heizmann-UltimateInvariantSynthesis/_sanfoundry_10_ground.i_6_3_3.bpl_13.smt2,failed,1200.0
/2017-Heizmann-UltimateInvariantSynthesis/_sorting_bubblesort_ground.i_4_3_3.bpl_11.smt2,unsat,566.9237954616547
/2017-Heizmann-UltimateInvariantSynthesis/_avg60.i_5_5_4.bpl_5.smt2,unsat,57.39286208152771
/2017-Heizmann-UltimateInvariantSynthesis/_standard_two_index_06.i_3_2_2.bpl_11.smt2,unsat,337.87063479423523
/2017-Heizmann-UltimateInvariantSynthesis/_standard_init9_ground.i_3_2_2.bpl_7.smt2,unsat,343.38
/2017-Heizmann-UltimateInvariantSynthesis/_standard_two_index_04.i_3_2_2.bpl_11.smt2,unsat,306.15878462791443
/2017-Heizmann-UltimateInvariantSynthesis/_standard_two_index_01.i_3_2_2.bpl_11.smt2,unsat,122.47
/2017-Heizmann-UltimateInvariantSynthesis/_standard_two_index_06.i_3_2_2.bpl_7.smt2,unsat,1.0774078369140625
/2017-Heizmann-UltimateInvariantSynthesis/_half_2.i_3_6_2.bpl_7.smt2,unsat,10.256
/2017-Heizmann-UltimateInvariantSynthesis/_gr2006.c.i_4_4_3.bpl_7.smt2,unsat,2.9071545600891113
/2017-Heizmann-UltimateInvariantSynthesis/_simple1.i_3_6_2.bpl_11.smt2,unsat,251.35
/2017-Heizmann-UltimateInvariantSynthesis/_gr2006.c.i_4_4_3.bpl_11.smt2,unsat,47.191123247146606
/2017-Heizmann-UltimateInvariantSynthesis/_standard_compareModified_ground.i_4_2_2.bpl_11.smt2,unsat,187.223
/2017-Heizmann-UltimateInvariantSynthesis/_standard_copy3_ground.i_3_2_2.bpl_7.smt2,unsat,23.614938497543335
/2017-Heizmann-UltimateInvariantSynthesis/_relax.i_11_7_4.bpl_11.smt2,unsat,104.668
/2017-Heizmann-UltimateInvariantSynthesis/_count_by_2.i_3_2_2.bpl_11.smt2,unsat,115.919
/2017-Heizmann-UltimateInvariantSynthesis/_overflow1.i_3_8_2.bpl_7.smt2,unsat,1.1381309032440186
/2017-Heizmann-UltimateInvariantSynthesis/_standard_running.i_4_2_2.bpl_7.smt2,unsat,832.4859116077423
/2017-Heizmann-UltimateInvariantSynthesis/_functions1.i_3_5_2.bpl_11.smt2,unsat,367.855
/2017-Heizmann-UltimateInvariantSynthesis/_standard_copyInitSum2_ground.i_3_2_2.bpl_7.smt2,unsat,22.930201292037964
/2017-Heizmann-UltimateInvariantSynthesis/_standard_maxInArray_ground.i_3_2_2.bpl_11.smt2,unsat,126.927
/2017-Heizmann-UltimateInvariantSynthesis/_standard_init7_ground.i_3_2_2.bpl_7.smt2,unsat,238.46823453903198
/2017-Heizmann-UltimateInvariantSynthesis/_array1.i_3_2_2.bpl_11.smt2,unsat,134.336
/2017-Heizmann-UltimateInvariantSynthesis/_sum60.i_5_6_5.bpl_5.smt2,unsat,28.400630712509155
/2017-Heizmann-UltimateInvariantSynthesis/_nested9.i_5_6_6.bpl_7.smt2,sat,271.90364265441895
/2017-Heizmann-UltimateInvariantSynthesis/_standard_password_ground.i_4_2_2.bpl_11.smt2,unsat,168.4237802028656
/2017-Heizmann-UltimateInvariantSynthesis/_array_monotonic.i_3_2_2.bpl_11.smt2,unsat,254.115
/2017-Heizmann-UltimateInvariantSynthesis/_simple4.i_3_4_2.bpl_11.smt2,unsat,487.5382282733917
/2017-Heizmann-UltimateInvariantSynthesis/_standard_two_index_05.i_3_2_2.bpl_11.smt2,unsat,347.47831416130066
/2017-Heizmann-UltimateInvariantSynthesis/_array_single_elem_init.i_4_2_2.bpl_7.smt2,failed,1200.0
/2017-Heizmann-UltimateInvariantSynthesis/_fragtest_simple.i_4_5_4.bpl_7.smt2,sat,11.331164360046387
/2017-Heizmann-UltimateInvariantSynthesis/_standard_init5_ground.i_3_2_2.bpl_7.smt2,unsat,125.74713516235352
/2017-Heizmann-UltimateInvariantSynthesis/_gj2007.c.i_4_3_3.bpl_7.smt2,unsat,6.22115159034729
/2017-Heizmann-UltimateInvariantSynthesis/_standard_copy5_ground.i_3_2_2.bpl_7.smt2,unsat,124.272
/2017-Heizmann-UltimateInvariantSynthesis/_standard_init1_ground.i_3_2_2.bpl_11.smt2,unsat,139.666
/2017-Heizmann-UltimateInvariantSynthesis/_standard_init6_ground.i_3_2_2.bpl_7.smt2,unsat,180.801
/2017-Heizmann-UltimateInvariantSynthesis/_standard_allDiff2_ground.i_4_4_3.bpl_7.smt2,unsat,26.595399379730225
/2017-Heizmann-UltimateInvariantSynthesis/_array_ptr_single_elem_init.i_4_2_2.bpl_7.smt2,failed,1200.0
/2017-Heizmann-UltimateInvariantSynthesis/_sorting_bubblesort_ground.i_4_3_3.bpl_7.smt2,unsat,1.2865164279937744
/2017-Heizmann-UltimateInvariantSynthesis/_standard_two_index_04.i_3_2_2.bpl_7.smt2,unsat,0.988793134689331
/2017-Heizmann-UltimateInvariantSynthesis/_count_by_k.i_3_3_2.bpl_7.smt2,unsat,0.8901519775390625
/2017-Heizmann-UltimateInvariantSynthesis/_count_by_k.i_3_3_2.bpl_11.smt2,unsat,194.775
/check/bignum_lra1.smt2,sat,0.008
/check/bignum_lra2.smt2,unsat,0.01
/clock_synchro/clocksynchro_9clocks.main_invar.induct.smt2,unsat,79.95047497749329
/clock_synchro/clocksynchro_6clocks.main_invar.induct.smt2,unsat,15.672
/clock_synchro/clocksynchro_7clocks.main_invar.induct.smt2,unsat,28.829089164733887
/clock_synchro/clocksynchro_3clocks.main_invar.base.smt2,unsat,0.0444638729095459
/clock_synchro/clocksynchro_5clocks.main_invar.induct.smt2,unsat,12.582
/clock_synchro/clocksynchro_4clocks.main_invar.base.smt2,unsat,0.033750057220458984
/clock_synchro/clocksynchro_8clocks.main_invar.base.smt2,unsat,0.06953024864196777
/clock_synchro/clocksynchro_2clocks.worst_case_skew.induct.smt2,unsat,0.03066396713256836
/clock_synchro/clocksynchro_2clocks.main_invar.induct.smt2,unsat,0.4685361385345459
/clock_synchro/clocksynchro_5clocks.main_invar.base.smt2,unsat,0.04388070106506348
/clock_synchro/clocksynchro_10clocks.worst_case_skew.base.smt2,unsat,0.012
/clock_synchro/clocksynchro_4clocks.worst_case_skew.induct.smt2,unsat,0.59128737449646
/clock_synchro/clocksynchro_4clocks.main_invar.induct.smt2,unsat,3.602
/clock_synchro/clocksynchro_3clocks.worst_case_skew.induct.smt2,unsat,0.16941404342651367
/clock_synchro/clocksynchro_4clocks.worst_case_skew.base.smt2,unsat,0.01
/clock_synchro/clocksynchro_3clocks.main_invar.induct.smt2,unsat,1.642566204071045
/clock_synchro/clocksynchro_6clocks.worst_case_skew.induct.smt2,unsat,4.563347578048706
/clock_synchro/clocksynchro_5clocks.worst_case_skew.induct.smt2,unsat,1.7617192268371582
/clock_synchro/clocksynchro_8clocks.main_invar.induct.smt2,unsat,46.572471141815186
/clock_synchro/clocksynchro_9clocks.worst_case_skew.base.smt2,unsat,0.01034688949584961
/clock_synchro/clocksynchro_9clocks.worst_case_skew.induct.smt2,unsat,33.474831104278564
/clock_synchro/clocksynchro_5clocks.worst_case_skew.base.smt2,unsat,0.007353067398071289
/clock_synchro/clocksynchro_3clocks.worst_case_skew.base.smt2,unsat,0.007233619689941406
/clock_synchro/clocksynchro_10clocks.main_invar.base.smt2,unsat,0.07945513725280762
/clock_synchro/clocksynchro_10clocks.worst_case_skew.induct.smt2,unsat,61.08985877037048
/clock_synchro/clocksynchro_7clocks.worst_case_skew.base.smt2,unsat,0.009363174438476562
/clock_synchro/clocksynchro_9clocks.main_invar.base.smt2,unsat,0.06721210479736328
/clock_synchro/clocksynchro_8clocks.worst_case_skew.base.smt2,unsat,0.010806798934936523
/clock_synchro/clocksynchro_8clocks.worst_case_skew.induct.smt2,unsat,17.12044858932495
/clock_synchro/clocksynchro_7clocks.worst_case_skew.induct.smt2,unsat,10.452853441238403
/clock_synchro/clocksynchro_10clocks.main_invar.induct.smt2,unsat,152.93259716033936
/clock_synchro/clocksynchro_6clocks.worst_case_skew.base.smt2,unsat,0.01
/clock_synchro/clocksynchro_7clocks.main_invar.base.smt2,unsat,0.06603336334228516
/clock_synchro/clocksynchro_2clocks.worst_case_skew.base.smt2,unsat,0.007
/clock_synchro/clocksynchro_6clocks.main_invar.base.smt2,unsat,0.04527688026428223
/clock_synchro/clocksynchro_2clocks.main_invar.base.smt2,unsat,0.022095680236816406
/sc/sc-24.base.cvc.smt2,unsat,15.0230553150177
/sc/sc-29.induction3.cvc.smt2,sat,0.7664144039154053
/sc/sc-19.induction2.cvc.smt2,sat,0.47013258934020996
/sc/sc-9.base.cvc.smt2,unsat,0.5614120960235596
/sc/sc-38.induction2.cvc.smt2,sat,1.1387536525726318
/sc/sc-40.induction.cvc.smt2,sat,0.8960435390472412
/sc/sc-10.induction3.cvc.smt2,sat,0.13319706916809082
/sc/sc-38.base.cvc.smt2,unsat,61.530693769454956
/sc/sc-35.induction2.cvc.smt2,sat,1.4793076515197754
/sc/sc-5.base.cvc.smt2,unsat,0.07386255264282227
/sc/sc-40.base.cvc.smt2,unsat,66.27813029289246
/sc/sc-16.base.cvc.smt2,unsat,2.9909753799438477
/sc/sc-23.induction.cvc.smt2,sat,0.24045681953430176
/sc/sc-24.induction2.cvc.smt2,sat,0.7031123638153076
/sc/sc-38.induction.cvc.smt2,sat,0.4713263511657715
/sc/sc-8.induction2.cvc.smt2,sat,0.11885523796081543
/sc/sc-31.induction3.cvc.smt2,sat,0.9940316677093506
/sc/sc-31.induction2.cvc.smt2,sat,0.9778516292572021
/sc/sc-8.base.cvc.smt2,unsat,0.30277562141418457
/sc/sc-34.induction2.cvc.smt2,sat,1.8305387496948242
/sc/sc-35.base.cvc.smt2,unsat,48.49080181121826
/sc/sc-9.induction3.cvc.smt2,sat,0.12001800537109375
/sc/sc-13.induction3.cvc.smt2,sat,0.20233607292175293
/sc/sc-22.induction2.cvc.smt2,sat,0.4164857864379883
/sc/sc-5.induction.cvc.smt2,sat,0.0316622257232666
/sc/sc-37.induction2.cvc.smt2,sat,1.228761911392212
/sc/sc-7.induction2.cvc.smt2,sat,0.08835077285766602
/sc/sc-40.induction2.cvc.smt2,sat,1.3820817470550537
/sc/sc-24.induction.cvc.smt2,sat,0.40047383308410645
/sc/sc-39.induction.cvc.smt2,sat,0.9208478927612305
/sc/sc-36.induction3.cvc.smt2,sat,1.6264972686767578
/sc/sc-7.induction3.cvc.smt2,sat,0.09513711929321289
/sc/sc-25.induction.cvc.smt2,sat,0.3866889476776123
/sc/sc-37.base.cvc.smt2,unsat,112.876
/sc/sc-19.induction.cvc.smt2,sat,0.19226336479187012
/sc/sc-31.induction.cvc.smt2,sat,0.533815860748291
/sc/sc-6.induction3.cvc.smt2,sat,0.07631230354309082
/sc/sc-14.induction3.cvc.smt2,sat,0.23753929138183594
/sc/sc-16.induction3.cvc.smt2,sat,0.24974751472473145
/sc/sc-33.induction.cvc.smt2,sat,0.4111182689666748
/sc/sc-15.base.cvc.smt2,unsat,2.771973133087158
/sc/sc-33.induction2.cvc.smt2,sat,1.1002132892608643
/sc/sc-10.induction.cvc.smt2,sat,0.10569047927856445
/sc/sc-18.induction.cvc.smt2,sat,0.2327578067779541
/sc/sc-17.induction.cvc.smt2,sat,0.1875
/sc/sc-24.induction3.cvc.smt2,sat,0.5685946941375732
/sc/sc-23.induction3.cvc.smt2,sat,0.5901472568511963
/sc/sc-15.induction3.cvc.smt2,sat,0.322479248046875
/sc/sc-28.induction2.cvc.smt2,sat,1.02567458152771
/sc/sc-7.induction.cvc.smt2,sat,0.05648517608642578
/sc/sc-26.induction2.cvc.smt2,sat,0.6871633529663086
/sc/sc-10.base.cvc.smt2,unsat,0.7135629653930664
/sc/sc-38.induction3.cvc.smt2,sat,1.354133129119873
/sc/sc-9.induction.cvc.smt2,sat,0.07188940048217773
/sc/sc-21.induction2.cvc.smt2,sat,0.48523497581481934
/sc/sc-28.base.cvc.smt2,unsat,21.60689353942871
/sc/sc-12.base.cvc.smt2,unsat,1.290802240371704
/sc/sc-29.induction2.cvc.smt2,sat,0.9028713703155518
/sc/sc-28.induction3.cvc.smt2,sat,1.0411248207092285
/sc/sc-39.induction3.cvc.smt2,sat,1.3847296237945557
/sc/sc-12.induction2.cvc.smt2,sat,0.17889642715454102
/sc/sc-37.induction3.cvc.smt2,sat,1.480177879333496
/sc/sc-18.induction3.cvc.smt2,sat,0.3291795253753662
/sc/sc-30.induction3.cvc.smt2,sat,0.974
/sc/sc-18.base.cvc.smt2,unsat,5.500550031661987
/sc/sc-27.induction.cvc.smt2,sat,0.3693711757659912
/sc/sc-20.induction.cvc.smt2,sat,0.231414794921875
/sc/sc-26.induction3.cvc.smt2,sat,0.8110959529876709
/sc/sc-34.base.cvc.smt2,unsat,37.06905198097229
/sc/sc-5.induction2.cvc.smt2,sat,0.05510306358337402
/sc/sc-30.induction.cvc.smt2,sat,0.367290735244751
/sc/sc-8.induction.cvc.smt2,sat,0.05352640151977539
/sc/sc-34.induction.cvc.smt2,sat,0.6911685466766357
/sc/sc-21.induction.cvc.smt2,sat,0.21048259735107422
/sc/sc-37.induction.cvc.smt2,sat,0.723369836807251
/sc/sc-17.induction2.cvc.smt2,sat,0.31299662590026855
/sc/sc-29.base.cvc.smt2,unsat,22.61208963394165
/sc/sc-30.induction2.cvc.smt2,sat,0.871345043182373
/sc/sc-12.induction.cvc.smt2,sat,0.16589903831481934
/sc/sc-25.induction3.cvc.smt2,sat,0.5763206481933594
/sc/sc-32.induction2.cvc.smt2,sat,1.5117712020874023
/sc/sc-19.base.cvc.smt2,unsat,6.793880939483643
/sc/sc-6.induction2.cvc.smt2,sat,0.06767034530639648
/sc/sc-34.induction3.cvc.smt2,sat,1.3077459335327148
/sc/sc-13.base.cvc.smt2,unsat,1.7906436920166016
/sc/sc-30.base.cvc.smt2,unsat,29.938392162322998
/sc/sc-39.base.cvc.smt2,unsat,125.712
/sc/sc-35.induction.cvc.smt2,sat,0.7216103076934814
/sc/sc-11.base.cvc.smt2,unsat,0.8011319637298584
/sc/sc-20.base.cvc.smt2,unsat,8.102722406387329
/sc/sc-32.induction.cvc.smt2,sat,0.6249744892120361
/sc/sc-15.induction.cvc.smt2,sat,0.20403695106506348
/sc/sc-20.induction2.cvc.smt2,sat,0.360576868057251
/sc/sc-8.induction3.cvc.smt2,sat,0.11344528198242188
/sc/sc-31.base.cvc.smt2,unsat,28.729186534881592
/sc/sc-12.induction3.cvc.smt2,sat,0.21311211585998535
/sc/sc-11.induction2.cvc.smt2,sat,0.1637108325958252
/sc/sc-17.induction3.cvc.smt2,sat,0.32318687438964844
/sc/sc-9.induction2.cvc.smt2,sat,0.1402292251586914
/sc/sc-23.base.cvc.smt2,unsat,10.63318681716919
/sc/sc-39.induction2.cvc.smt2,sat,1.86643648147583
/sc/sc-36.base.cvc.smt2,unsat,45.94271779060364
/sc/sc-26.induction.cvc.smt2,sat,0.48136234283447266
/sc/sc-17.base.cvc.smt2,unsat,3.7506296634674072
/sc/sc-16.induction.cvc.smt2,sat,0.17131328582763672
/sc/sc-14.induction2.cvc.smt2,sat,0.20413494110107422
/sc/sc-13.induction2.cvc.smt2,sat,0.21081876754760742
/sc/sc-25.induction2.cvc.smt2,sat,0.8212194442749023
/sc/sc-20.induction3.cvc.smt2,sat,0.47531914710998535
/sc/sc-27.induction3.cvc.smt2,sat,0.6568176746368408
/sc/sc-14.induction.cvc.smt2,sat,0.14399361610412598
/sc/sc-36.induction.cvc.smt2,sat,0.7810947895050049
/sc/sc-35.induction3.cvc.smt2,sat,1.374250888824463
/sc/sc-32.induction3.cvc.smt2,sat,1.2307789325714111
/sc/sc-11.induction3.cvc.smt2,sat,0.16246986389160156
/sc/sc-33.base.cvc.smt2,unsat,37.292619705200195
/sc/sc-15.induction2.cvc.smt2,sat,0.351
/sc/sc-14.base.cvc.smt2,unsat,2.1539463996887207
/sc/sc-7.base.cvc.smt2,unsat,0.19997882843017578
/sc/sc-27.induction2.cvc.smt2,sat,1.1670801639556885
/sc/sc-19.induction3.cvc.smt2,sat,0.4739391803741455
/sc/sc-22.induction.cvc.smt2,sat,0.28173303604125977
/sc/sc-22.base.cvc.smt2,unsat,11.167
/sc/sc-40.induction3.cvc.smt2,sat,1.3975446224212646
/sc/sc-13.induction.cvc.smt2,sat,0.11574983596801758
/sc/sc-5.induction3.cvc.smt2,sat,0.056273698806762695
/sc/sc-27.base.cvc.smt2,unsat,18.34663987159729
/sc/sc-22.induction3.cvc.smt2,sat,0.5099437236785889
/sc/sc-29.induction.cvc.smt2,sat,0.48839545249938965
/sc/sc-23.induction2.cvc.smt2,sat,0.4732842445373535
/sc/sc-32.base.cvc.smt2,unsat,33.95249629020691
/sc/sc-33.induction3.cvc.smt2,sat,1.2516958713531494
/sc/sc-36.induction2.cvc.smt2,sat,1.4425363540649414
/sc/sc-25.base.cvc.smt2,unsat,16.868847846984863
/sc/sc-16.induction2.cvc.smt2,sat,0.3535621166229248
/sc/sc-6.induction.cvc.smt2,sat,0.0428314208984375
/sc/sc-6.base.cvc.smt2,unsat,0.13082289695739746
/sc/sc-10.induction2.cvc.smt2,sat,0.11516189575195312
/sc/sc-21.induction3.cvc.smt2,sat,0.49277615547180176
/sc/sc-21.base.cvc.smt2,unsat,19.804
/sc/sc-26.base.cvc.smt2,unsat,17.379870176315308
/sc/sc-18.induction2.cvc.smt2,sat,0.3253495693206787
/sc/sc-28.induction.cvc.smt2,sat,0.42182064056396484
/sc/sc-11.induction.cvc.smt2,sat,0.0833582878112793
